=====Setting up data=====
Dataset name:mnist28
train_option:mix
augment_option:tvae_dnn
mix_ratio:-1
n_sample:-1
Training dataset size: 154112 samples
Validation dataset size: 6144 samples

=====Setting up parameters for training=====
num_epochs: 100
learning_rate: 0.001
patience: 30
early_stop_criterion: loss
=====Setting up trainer=====
input_size: 784
model: DNN_MNIST28
----------------------------------------------------------------
        Layer (type)               Output Shape         Param #
================================================================
           Dropout-1                  [-1, 784]               0
            Linear-2                  [-1, 512]         401,920
         LeakyReLU-3                  [-1, 512]               0
       BatchNorm1d-4                  [-1, 512]           1,024
           Dropout-5                  [-1, 512]               0
            Linear-6                 [-1, 1024]         525,312
         LeakyReLU-7                 [-1, 1024]               0
       BatchNorm1d-8                 [-1, 1024]           2,048
           Dropout-9                 [-1, 1024]               0
           Linear-10                  [-1, 256]         262,400
        LeakyReLU-11                  [-1, 256]               0
      BatchNorm1d-12                  [-1, 256]             512
          Dropout-13                  [-1, 256]               0
           Linear-14                  [-1, 128]          32,896
        LeakyReLU-15                  [-1, 128]               0
      BatchNorm1d-16                  [-1, 128]             256
          Dropout-17                  [-1, 128]               0
================================================================
Total params: 1,226,368
Trainable params: 1,226,368
Non-trainable params: 0
----------------------------------------------------------------
Input size (MB): 0.00
Forward/backward pass size (MB): 0.06
Params size (MB): 4.68
Estimated Total Size (MB): 4.75
----------------------------------------------------------------
=====Setting up output files=====
weight_dir, weight_file: /home/thuy/Research/minh_data_synth/TabularDA/output/corrected_v2_seed42_mnist28_news/mnist28/weight/, mnist28_seed42_tvae_xonly_dnn_mix.weights.pth
acc_dir, acc_file: /home/thuy/Research/minh_data_synth/TabularDA/output/corrected_v2_seed42_mnist28_news/mnist28/acc/, mnist28_seed42_tvae_xonly_dnn_mix.epochs.csv
report_file: mnist28_seed42_tvae_xonly_dnn_mix.report.txt
==========================================================================================
Start training...
-----------------------
Epoch 1/100
/home/thuy/miniconda3/envs/env/lib/python3.10/site-packages/sklearn/metrics/_classification.py:2480: UserWarning: y_pred contains classes not in y_true
  warnings.warn("y_pred contains classes not in y_true")
/home/thuy/miniconda3/envs/env/lib/python3.10/site-packages/sklearn/metrics/_classification.py:2480: UserWarning: y_pred contains classes not in y_true
  warnings.warn("y_pred contains classes not in y_true")
Training statistic: Loss: 1.3683, train_score: {'accuracy': 0.8531415889002817, 'balanced_accuracy': 0.8561379147309781, 'f1_macro': 0.6113021489914497, 'f1_micro': 0.8531415889002817, 'f1_weighted': 0.8535523058290096, 'precision_macro': 0.6120649340382345, 'precision_micro': 0.8531415889002817, 'precision_weighted': 0.8554596142756108, 'recall_macro': 0.6115270819506986, 'recall_micro': 0.8531415889002817, 'recall_weighted': 0.8531415889002817}
Validation statistic: Loss: 0.9679, dev_score: {'accuracy': 0.9315431791811702, 'balanced_accuracy': 0.9304127876288675, 'f1_macro': 0.8462929875064696, 'f1_micro': 0.9315431791811702, 'f1_weighted': 0.9320331513413679, 'precision_macro': 0.8476160153763449, 'precision_micro': 0.9315431791811702, 'precision_weighted': 0.9334201653937174, 'recall_macro': 0.845829806935334, 'recall_micro': 0.9315431791811702, 'recall_weighted': 0.9315431791811702}
Saving model...
Model saved!
-------------------------------------------
-----------------------
Epoch 2/100
/home/thuy/miniconda3/envs/env/lib/python3.10/site-packages/sklearn/metrics/_classification.py:2480: UserWarning: y_pred contains classes not in y_true
  warnings.warn("y_pred contains classes not in y_true")
/home/thuy/miniconda3/envs/env/lib/python3.10/site-packages/sklearn/metrics/_classification.py:2480: UserWarning: y_pred contains classes not in y_true
  warnings.warn("y_pred contains classes not in y_true")
Training statistic: Loss: 1.0908, train_score: {'accuracy': 0.8730904512829831, 'balanced_accuracy': 0.8744670339217102, 'f1_macro': 0.6256781238398722, 'f1_micro': 0.8730904512829831, 'f1_weighted': 0.8747234432942584, 'precision_macro': 0.6270497710253251, 'precision_micro': 0.8730904512829831, 'precision_weighted': 0.8768352394694481, 'recall_macro': 0.6246193099440787, 'recall_micro': 0.8730904512829831, 'recall_weighted': 0.8730904512829831}
Validation statistic: Loss: 0.7555, dev_score: {'accuracy': 0.9353555445052213, 'balanced_accuracy': 0.9345048571802449, 'f1_macro': 0.7817900884398279, 'f1_micro': 0.9353555445052213, 'f1_weighted': 0.9390985858236117, 'precision_macro': 0.7853818163682473, 'precision_micro': 0.9353555445052213, 'precision_weighted': 0.9434818471396631, 'recall_macro': 0.7787540476502041, 'recall_micro': 0.9353555445052213, 'recall_weighted': 0.9353555445052213}
Saving model...
Model saved!
-------------------------------------------
-----------------------
Epoch 3/100
/home/thuy/miniconda3/envs/env/lib/python3.10/site-packages/sklearn/metrics/_classification.py:2480: UserWarning: y_pred contains classes not in y_true
  warnings.warn("y_pred contains classes not in y_true")
Training statistic: Loss: 0.8877, train_score: {'accuracy': 0.8886523810141862, 'balanced_accuracy': 0.8908545105604413, 'f1_macro': 0.809127388017156, 'f1_micro': 0.8886523810141862, 'f1_weighted': 0.8886401486552967, 'precision_macro': 0.8093041946597257, 'precision_micro': 0.8886523810141862, 'precision_weighted': 0.8896303592759296, 'recall_macro': 0.8098677368731284, 'recall_micro': 0.8886523810141862, 'recall_weighted': 0.8886523810141862}
Validation statistic: Loss: 0.5400, dev_score: {'accuracy': 0.9484501906182662, 'balanced_accuracy': 0.9480073172721658, 'f1_macro': 0.9478429432226492, 'f1_micro': 0.9484501906182662, 'f1_weighted': 0.9484906753480529, 'precision_macro': 0.9477524571141673, 'precision_micro': 0.9484501906182662, 'precision_weighted': 0.9486040799826917, 'recall_macro': 0.9480073172721658, 'recall_micro': 0.9484501906182662, 'recall_weighted': 0.9484501906182662}
Saving model...
Model saved!
-------------------------------------------
-----------------------
Epoch 4/100
Training statistic: Loss: 0.7629, train_score: {'accuracy': 0.8972704972289641, 'balanced_accuracy': 0.8998917576628207, 'f1_macro': 0.8983531380611863, 'f1_micro': 0.8972704972289641, 'f1_weighted': 0.8971966981284297, 'precision_macro': 0.8974937495988271, 'precision_micro': 0.8972704972289641, 'precision_weighted': 0.8977648654566667, 'recall_macro': 0.8998917576628207, 'recall_micro': 0.8972704972289641, 'recall_weighted': 0.8972704972289641}
Validation statistic: Loss: 0.4493, dev_score: {'accuracy': 0.9540858610972982, 'balanced_accuracy': 0.9538238549540669, 'f1_macro': 0.9536260054822965, 'f1_micro': 0.9540858610972982, 'f1_weighted': 0.9541114106643255, 'precision_macro': 0.953538915562208, 'precision_micro': 0.9540858610972982, 'precision_weighted': 0.9542507799724388, 'recall_macro': 0.9538238549540669, 'recall_micro': 0.9540858610972982, 'recall_weighted': 0.9540858610972982}
Saving model...
Model saved!
-------------------------------------------
-----------------------
Epoch 5/100
Training statistic: Loss: 0.6708, train_score: {'accuracy': 0.9018521162407361, 'balanced_accuracy': 0.9039700731258602, 'f1_macro': 0.9030345796680725, 'f1_micro': 0.9018521162407361, 'f1_weighted': 0.9018546884776566, 'precision_macro': 0.9024518555820735, 'precision_micro': 0.9018521162407361, 'precision_weighted': 0.9022373051503475, 'recall_macro': 0.9039700731258602, 'recall_micro': 0.9018521162407361, 'recall_weighted': 0.9018521162407361}
Validation statistic: Loss: 0.3828, dev_score: {'accuracy': 0.9545831261395658, 'balanced_accuracy': 0.9541255776400565, 'f1_macro': 0.9541941339540922, 'f1_micro': 0.9545831261395658, 'f1_weighted': 0.9546240423321338, 'precision_macro': 0.9543895280772532, 'precision_micro': 0.9545831261395658, 'precision_weighted': 0.9547883052849342, 'recall_macro': 0.9541255776400565, 'recall_micro': 0.9545831261395658, 'recall_weighted': 0.9545831261395658}
Saving model...
Model saved!
-------------------------------------------
-----------------------
Epoch 6/100
Training statistic: Loss: 0.5976, train_score: {'accuracy': 0.9064661829792204, 'balanced_accuracy': 0.9087590046665263, 'f1_macro': 0.9075689821523462, 'f1_micro': 0.9064661829792204, 'f1_weighted': 0.9064413934170116, 'precision_macro': 0.9067743294617333, 'precision_micro': 0.9064661829792204, 'precision_weighted': 0.9068155166990255, 'recall_macro': 0.9087590046665263, 'recall_micro': 0.9064661829792204, 'recall_weighted': 0.9064661829792204}
Validation statistic: Loss: 0.3230, dev_score: {'accuracy': 0.9562406762804575, 'balanced_accuracy': 0.9558848461750948, 'f1_macro': 0.9557995848560038, 'f1_micro': 0.9562406762804575, 'f1_weighted': 0.9562731586039399, 'precision_macro': 0.9558134775016921, 'precision_micro': 0.9562406762804575, 'precision_weighted': 0.9564039570056504, 'recall_macro': 0.9558848461750948, 'recall_micro': 0.9562406762804575, 'recall_weighted': 0.9562406762804575}
Saving model...
Model saved!
-------------------------------------------
-----------------------
Epoch 7/100
Training statistic: Loss: 0.5363, train_score: {'accuracy': 0.9111062078990746, 'balanced_accuracy': 0.9133837550579958, 'f1_macro': 0.9119641838136306, 'f1_micro': 0.9111062078990746, 'f1_weighted': 0.9110203680780623, 'precision_macro': 0.9110859305785631, 'precision_micro': 0.9111062078990746, 'precision_weighted': 0.9114471715772965, 'recall_macro': 0.9133837550579958, 'recall_micro': 0.9111062078990746, 'recall_weighted': 0.9111062078990746}
Validation statistic: Loss: 0.2868, dev_score: {'accuracy': 0.9562406762804575, 'balanced_accuracy': 0.9557373316601734, 'f1_macro': 0.9557750428028988, 'f1_micro': 0.9562406762804575, 'f1_weighted': 0.9562639874353401, 'precision_macro': 0.955977532446885, 'precision_micro': 0.9562406762804575, 'precision_weighted': 0.9564507133280451, 'recall_macro': 0.9557373316601734, 'recall_micro': 0.9562406762804575, 'recall_weighted': 0.9562406762804575}
Saving model...
Model saved!
-------------------------------------------
-----------------------
Epoch 8/100
Training statistic: Loss: 0.4962, train_score: {'accuracy': 0.9152724960089296, 'balanced_accuracy': 0.9163611196967756, 'f1_macro': 0.9162282993835476, 'f1_micro': 0.9152724960089296, 'f1_weighted': 0.9153123649872715, 'precision_macro': 0.9164337234997844, 'precision_micro': 0.9152724960089296, 'precision_weighted': 0.9157200972540595, 'recall_macro': 0.9163611196967756, 'recall_micro': 0.9152724960089296, 'recall_weighted': 0.9152724960089296}
Validation statistic: Loss: 0.2590, dev_score: {'accuracy': 0.9603845516326869, 'balanced_accuracy': 0.9601034946335714, 'f1_macro': 0.9599952902498247, 'f1_micro': 0.9603845516326869, 'f1_weighted': 0.9604303309701003, 'precision_macro': 0.9599597885226979, 'precision_micro': 0.9603845516326869, 'precision_weighted': 0.9605466192270141, 'recall_macro': 0.9601034946335714, 'recall_micro': 0.9603845516326869, 'recall_weighted': 0.9603845516326869}
Saving model...
Model saved!
-------------------------------------------
-----------------------
Epoch 9/100
Training statistic: Loss: 0.4480, train_score: {'accuracy': 0.9167586018923515, 'balanced_accuracy': 0.9188053486695645, 'f1_macro': 0.9176405867473081, 'f1_micro': 0.9167586018923515, 'f1_weighted': 0.9167901799528857, 'precision_macro': 0.9168528086248238, 'precision_micro': 0.9167586018923515, 'precision_weighted': 0.917176085984194, 'recall_macro': 0.9188053486695645, 'recall_micro': 0.9167586018923515, 'recall_weighted': 0.9167586018923515}
Validation statistic: Loss: 0.2264, dev_score: {'accuracy': 0.9600530416045086, 'balanced_accuracy': 0.9598035343466087, 'f1_macro': 0.9597613088207302, 'f1_micro': 0.9600530416045086, 'f1_weighted': 0.9600974747179027, 'precision_macro': 0.9598368358759611, 'precision_micro': 0.9600530416045086, 'precision_weighted': 0.9602612222672794, 'recall_macro': 0.9598035343466087, 'recall_micro': 0.9600530416045086, 'recall_weighted': 0.9600530416045086}
Saving model...
Model saved!
-------------------------------------------
-----------------------
Epoch 10/100
Training statistic: Loss: 0.4186, train_score: {'accuracy': 0.9192181395771413, 'balanced_accuracy': 0.9206480962041367, 'f1_macro': 0.920074892157421, 'f1_micro': 0.9192181395771413, 'f1_weighted': 0.9192606497241739, 'precision_macro': 0.9197048136812157, 'precision_micro': 0.9192181395771413, 'precision_weighted': 0.9195006473142676, 'recall_macro': 0.9206480962041367, 'recall_micro': 0.9192181395771413, 'recall_weighted': 0.9192181395771413}
Validation statistic: Loss: 0.2066, dev_score: {'accuracy': 0.9598872865904193, 'balanced_accuracy': 0.9596032083074638, 'f1_macro': 0.9595461178987392, 'f1_micro': 0.9598872865904193, 'f1_weighted': 0.9599257491694266, 'precision_macro': 0.9596368671301179, 'precision_micro': 0.9598872865904193, 'precision_weighted': 0.9601170496697172, 'recall_macro': 0.9596032083074638, 'recall_micro': 0.9598872865904193, 'recall_weighted': 0.9598872865904193}
Saving model...
Model saved!
-------------------------------------------
-----------------------
Epoch 11/100
Training statistic: Loss: 0.3988, train_score: {'accuracy': 0.9199384791101536, 'balanced_accuracy': 0.9216132408082762, 'f1_macro': 0.9208209619905128, 'f1_micro': 0.9199384791101536, 'f1_weighted': 0.9199380193786698, 'precision_macro': 0.9204251096720434, 'precision_micro': 0.9199384791101536, 'precision_weighted': 0.9203753992785233, 'recall_macro': 0.9216132408082762, 'recall_micro': 0.9199384791101536, 'recall_weighted': 0.9199384791101536}
Validation statistic: Loss: 0.1969, dev_score: {'accuracy': 0.9598872865904193, 'balanced_accuracy': 0.9594920407765724, 'f1_macro': 0.9594611016371344, 'f1_micro': 0.9598872865904193, 'f1_weighted': 0.9598940565821426, 'precision_macro': 0.9594821914650463, 'precision_micro': 0.9598872865904193, 'precision_weighted': 0.9599523040721405, 'recall_macro': 0.9594920407765724, 'recall_micro': 0.9598872865904193, 'recall_weighted': 0.9598872865904193}
Saving model...
Model saved!
-------------------------------------------
-----------------------
Epoch 12/100
Training statistic: Loss: 0.3761, train_score: {'accuracy': 0.9241761522187756, 'balanced_accuracy': 0.9257529363676136, 'f1_macro': 0.9248174164325829, 'f1_micro': 0.9241761522187756, 'f1_weighted': 0.9241589209276603, 'precision_macro': 0.9241137812079561, 'precision_micro': 0.9241761522187756, 'precision_weighted': 0.9243737116864182, 'recall_macro': 0.9257529363676136, 'recall_micro': 0.9241761522187756, 'recall_weighted': 0.9241761522187756}
Validation statistic: Loss: 0.1857, dev_score: {'accuracy': 0.9608818166749544, 'balanced_accuracy': 0.9605425802553942, 'f1_macro': 0.9603823015790368, 'f1_micro': 0.9608818166749544, 'f1_weighted': 0.9609026973548398, 'precision_macro': 0.9603131545008031, 'precision_micro': 0.9608818166749544, 'precision_weighted': 0.9610149139390974, 'recall_macro': 0.9605425802553942, 'recall_micro': 0.9608818166749544, 'recall_weighted': 0.9608818166749544}
Saving model...
Model saved!
-------------------------------------------
-----------------------
Epoch 13/100
Training statistic: Loss: 0.3618, train_score: {'accuracy': 0.9243903072150765, 'balanced_accuracy': 0.9263747392561129, 'f1_macro': 0.925090757886669, 'f1_micro': 0.9243903072150765, 'f1_weighted': 0.924329940963964, 'precision_macro': 0.9240126300904519, 'precision_micro': 0.9243903072150765, 'precision_weighted': 0.9244686582745701, 'recall_macro': 0.9263747392561129, 'recall_micro': 0.9243903072150765, 'recall_weighted': 0.9243903072150765}
Validation statistic: Loss: 0.1791, dev_score: {'accuracy': 0.9602187966185977, 'balanced_accuracy': 0.9598520457937717, 'f1_macro': 0.9597507130527652, 'f1_micro': 0.9602187966185977, 'f1_weighted': 0.9602385363683106, 'precision_macro': 0.9597343487314139, 'precision_micro': 0.9602187966185977, 'precision_weighted': 0.9603437407505778, 'recall_macro': 0.9598520457937717, 'recall_micro': 0.9602187966185977, 'recall_weighted': 0.9602187966185977}
Saving model...
Model saved!
-------------------------------------------
-----------------------
Epoch 14/100
Training statistic: Loss: 0.3453, train_score: {'accuracy': 0.9261749321842512, 'balanced_accuracy': 0.927427521673802, 'f1_macro': 0.9271773549984731, 'f1_micro': 0.9261749321842512, 'f1_weighted': 0.9261689818158778, 'precision_macro': 0.9270651166489229, 'precision_micro': 0.9261749321842512, 'precision_weighted': 0.9263070277119245, 'recall_macro': 0.927427521673802, 'recall_micro': 0.9261749321842512, 'recall_weighted': 0.9261749321842512}
Validation statistic: Loss: 0.1685, dev_score: {'accuracy': 0.9603845516326869, 'balanced_accuracy': 0.9600458295988356, 'f1_macro': 0.9599936575960962, 'f1_micro': 0.9603845516326869, 'f1_weighted': 0.9604408903338513, 'precision_macro': 0.9600993259051863, 'precision_micro': 0.9603845516326869, 'precision_weighted': 0.9606562440918316, 'recall_macro': 0.9600458295988356, 'recall_micro': 0.9603845516326869, 'recall_weighted': 0.9603845516326869}
Saving model...
Model saved!
-------------------------------------------
-----------------------
Epoch 15/100
Training statistic: Loss: 0.3361, train_score: {'accuracy': 0.9301205757524628, 'balanced_accuracy': 0.930690962836476, 'f1_macro': 0.9308877728818266, 'f1_micro': 0.9301205757524628, 'f1_weighted': 0.9301022361747623, 'precision_macro': 0.9311549635407281, 'precision_micro': 0.9301205757524628, 'precision_weighted': 0.9301515065892128, 'recall_macro': 0.930690962836476, 'recall_micro': 0.9301205757524628, 'recall_weighted': 0.9301205757524628}
Validation statistic: Loss: 0.1636, dev_score: {'accuracy': 0.9625393668158462, 'balanced_accuracy': 0.9623200370202818, 'f1_macro': 0.9621170025949937, 'f1_micro': 0.9625393668158462, 'f1_weighted': 0.9625748883959017, 'precision_macro': 0.9620482344755186, 'precision_micro': 0.9625393668158462, 'precision_weighted': 0.9627488284730897, 'recall_macro': 0.9623200370202818, 'recall_micro': 0.9625393668158462, 'recall_weighted': 0.9625393668158462}
Saving model...
Model saved!
-------------------------------------------
-----------------------
Epoch 16/100
Training statistic: Loss: 0.3284, train_score: {'accuracy': 0.930295793476709, 'balanced_accuracy': 0.9314846798291232, 'f1_macro': 0.9311170201758475, 'f1_micro': 0.930295793476709, 'f1_weighted': 0.9303413101306676, 'precision_macro': 0.9309427429290918, 'precision_micro': 0.930295793476709, 'precision_weighted': 0.9305881534850691, 'recall_macro': 0.9314846798291232, 'recall_micro': 0.930295793476709, 'recall_weighted': 0.930295793476709}
Validation statistic: Loss: 0.1614, dev_score: {'accuracy': 0.9615448367313111, 'balanced_accuracy': 0.9611389302602309, 'f1_macro': 0.961079189690796, 'f1_micro': 0.9615448367313111, 'f1_weighted': 0.96159622668734, 'precision_macro': 0.9611426978275326, 'precision_micro': 0.9615448367313111, 'precision_weighted': 0.9617720448075836, 'recall_macro': 0.9611389302602309, 'recall_micro': 0.9615448367313111, 'recall_weighted': 0.9615448367313111}
Saving model...
Model saved!
-------------------------------------------
-----------------------
Epoch 17/100
Training statistic: Loss: 0.3161, train_score: {'accuracy': 0.93259958207328, 'balanced_accuracy': 0.9340526825957426, 'f1_macro': 0.9332348000239892, 'f1_micro': 0.93259958207328, 'f1_weighted': 0.9325607681525638, 'precision_macro': 0.9326549785021253, 'precision_micro': 0.93259958207328, 'precision_weighted': 0.9327710672562178, 'recall_macro': 0.9340526825957426, 'recall_micro': 0.93259958207328, 'recall_weighted': 0.93259958207328}
Validation statistic: Loss: 0.1557, dev_score: {'accuracy': 0.963368141886292, 'balanced_accuracy': 0.9629138550622534, 'f1_macro': 0.9629078470525722, 'f1_micro': 0.963368141886292, 'f1_weighted': 0.9633917589635024, 'precision_macro': 0.9629971045886071, 'precision_micro': 0.963368141886292, 'precision_weighted': 0.9635110989652463, 'recall_macro': 0.9629138550622534, 'recall_micro': 0.963368141886292, 'recall_weighted': 0.963368141886292}
Saving model...
Model saved!
-------------------------------------------
-----------------------
Epoch 18/100
Training statistic: Loss: 0.3159, train_score: {'accuracy': 0.9309642166469817, 'balanced_accuracy': 0.9323473219868197, 'f1_macro': 0.931807155987093, 'f1_micro': 0.9309642166469817, 'f1_weighted': 0.9309819119388434, 'precision_macro': 0.9314832437042367, 'precision_micro': 0.9309642166469817, 'precision_weighted': 0.9312186731960419, 'recall_macro': 0.9323473219868197, 'recall_micro': 0.9309642166469817, 'recall_weighted': 0.9309642166469817}
Validation statistic: Loss: 0.1552, dev_score: {'accuracy': 0.9618763467594895, 'balanced_accuracy': 0.9615380712273088, 'f1_macro': 0.9613634889235794, 'f1_micro': 0.9618763467594895, 'f1_weighted': 0.9618971745269901, 'precision_macro': 0.9612903705618667, 'precision_micro': 0.9618763467594895, 'precision_weighted': 0.9620205601136694, 'recall_macro': 0.9615380712273088, 'recall_micro': 0.9618763467594895, 'recall_weighted': 0.9618763467594895}
Saving model...
Model saved!
-------------------------------------------
-----------------------
Epoch 19/100
Training statistic: Loss: 0.3057, train_score: {'accuracy': 0.93259958207328, 'balanced_accuracy': 0.9339568038054991, 'f1_macro': 0.9331764941304808, 'f1_micro': 0.93259958207328, 'f1_weighted': 0.9325673429378261, 'precision_macro': 0.9327199769921222, 'precision_micro': 0.93259958207328, 'precision_weighted': 0.932845378998715, 'recall_macro': 0.9339568038054991, 'recall_micro': 0.93259958207328, 'recall_weighted': 0.93259958207328}
Validation statistic: Loss: 0.1487, dev_score: {'accuracy': 0.9640311619426488, 'balanced_accuracy': 0.9635907285662799, 'f1_macro': 0.9636497908956653, 'f1_micro': 0.9640311619426488, 'f1_weighted': 0.9640566306755262, 'precision_macro': 0.9638190368852184, 'precision_micro': 0.9640311619426488, 'precision_weighted': 0.9641904603133581, 'recall_macro': 0.9635907285662799, 'recall_micro': 0.9640311619426488, 'recall_weighted': 0.9640311619426488}
Saving model...
Model saved!
-------------------------------------------
-----------------------
Epoch 20/100
Training statistic: Loss: 0.2984, train_score: {'accuracy': 0.9348514543071113, 'balanced_accuracy': 0.9359577986633987, 'f1_macro': 0.9354529678425717, 'f1_micro': 0.9348514543071113, 'f1_weighted': 0.9348856832618201, 'precision_macro': 0.9351482921746703, 'precision_micro': 0.9348514543071113, 'precision_weighted': 0.9351269243184093, 'recall_macro': 0.9359577986633987, 'recall_micro': 0.9348514543071113, 'recall_weighted': 0.9348514543071113}
Validation statistic: Loss: 0.1482, dev_score: {'accuracy': 0.9608818166749544, 'balanced_accuracy': 0.9604778550411901, 'f1_macro': 0.9604966411270924, 'f1_micro': 0.9608818166749544, 'f1_weighted': 0.9609262378459152, 'precision_macro': 0.96064069493, 'precision_micro': 0.9608818166749544, 'precision_weighted': 0.9610954342184332, 'recall_macro': 0.9604778550411901, 'recall_micro': 0.9608818166749544, 'recall_weighted': 0.9608818166749544}
Saving model...
Model saved!
-------------------------------------------
-----------------------
Epoch 21/100
Training statistic: Loss: 0.2941, train_score: {'accuracy': 0.9359481874699859, 'balanced_accuracy': 0.936858098267245, 'f1_macro': 0.9363981649447588, 'f1_micro': 0.9359481874699859, 'f1_weighted': 0.9359045028679902, 'precision_macro': 0.9361125768212105, 'precision_micro': 0.9359481874699859, 'precision_weighted': 0.9360334827770981, 'recall_macro': 0.936858098267245, 'recall_micro': 0.9359481874699859, 'recall_weighted': 0.9359481874699859}
Validation statistic: Loss: 0.1448, dev_score: {'accuracy': 0.9640311619426488, 'balanced_accuracy': 0.9637179418093702, 'f1_macro': 0.9635767749221985, 'f1_micro': 0.9640311619426488, 'f1_weighted': 0.964042514086278, 'precision_macro': 0.9635543812565597, 'precision_micro': 0.9640311619426488, 'precision_weighted': 0.9641717465465559, 'recall_macro': 0.9637179418093702, 'recall_micro': 0.9640311619426488, 'recall_weighted': 0.9640311619426488}
Saving model...
Model saved!
-------------------------------------------
-----------------------
Epoch 22/100
Training statistic: Loss: 0.2959, train_score: {'accuracy': 0.9362921333731359, 'balanced_accuracy': 0.9375620577957907, 'f1_macro': 0.9369136340705383, 'f1_micro': 0.9362921333731359, 'f1_weighted': 0.9363098123154391, 'precision_macro': 0.9365210119206326, 'precision_micro': 0.9362921333731359, 'precision_weighted': 0.9365949499402298, 'recall_macro': 0.9375620577957907, 'recall_micro': 0.9362921333731359, 'recall_weighted': 0.9362921333731359}
Validation statistic: Loss: 0.1449, dev_score: {'accuracy': 0.9635338969003813, 'balanced_accuracy': 0.9632390548690715, 'f1_macro': 0.9632281051261316, 'f1_micro': 0.9635338969003813, 'f1_weighted': 0.963545926586349, 'precision_macro': 0.9632827712644312, 'precision_micro': 0.9635338969003813, 'precision_weighted': 0.9636226018336819, 'recall_macro': 0.9632390548690715, 'recall_micro': 0.9635338969003813, 'recall_weighted': 0.9635338969003813}
-----------------------
Epoch 23/100
Training statistic: Loss: 0.2884, train_score: {'accuracy': 0.9370319415421755, 'balanced_accuracy': 0.9381431609862881, 'f1_macro': 0.9376382195645705, 'f1_micro': 0.9370319415421755, 'f1_weighted': 0.9370278674498322, 'precision_macro': 0.9372972800573154, 'precision_micro': 0.9370319415421755, 'precision_weighted': 0.9371894424497236, 'recall_macro': 0.9381431609862881, 'recall_micro': 0.9370319415421755, 'recall_weighted': 0.9370319415421755}
Validation statistic: Loss: 0.1425, dev_score: {'accuracy': 0.9625393668158462, 'balanced_accuracy': 0.96238828942487, 'f1_macro': 0.9622417286594999, 'f1_micro': 0.9625393668158462, 'f1_weighted': 0.9625681005079116, 'precision_macro': 0.962267301646162, 'precision_micro': 0.9625393668158462, 'precision_weighted': 0.9627747035090676, 'recall_macro': 0.96238828942487, 'recall_micro': 0.9625393668158462, 'recall_weighted': 0.9625393668158462}
Saving model...
Model saved!
-------------------------------------------
-----------------------
Epoch 24/100
Training statistic: Loss: 0.2847, train_score: {'accuracy': 0.937181201085052, 'balanced_accuracy': 0.938798738712246, 'f1_macro': 0.9377222883681531, 'f1_micro': 0.937181201085052, 'f1_weighted': 0.9371549353273008, 'precision_macro': 0.9368919648285022, 'precision_micro': 0.937181201085052, 'precision_weighted': 0.9373802157926543, 'recall_macro': 0.938798738712246, 'recall_micro': 0.937181201085052, 'recall_weighted': 0.937181201085052}
Validation statistic: Loss: 0.1427, dev_score: {'accuracy': 0.9632023868722028, 'balanced_accuracy': 0.9628731346603446, 'f1_macro': 0.9628065674479321, 'f1_micro': 0.9632023868722028, 'f1_weighted': 0.9632187932721502, 'precision_macro': 0.9628489656683049, 'precision_micro': 0.9632023868722028, 'precision_weighted': 0.9633447468164401, 'recall_macro': 0.9628731346603446, 'recall_micro': 0.9632023868722028, 'recall_weighted': 0.9632023868722028}
-----------------------
Epoch 25/100
Training statistic: Loss: 0.2864, train_score: {'accuracy': 0.9379923942528586, 'balanced_accuracy': 0.9393232979799159, 'f1_macro': 0.9386106726192651, 'f1_micro': 0.9379923942528586, 'f1_weighted': 0.9379674931297945, 'precision_macro': 0.9381147900981303, 'precision_micro': 0.9379923942528586, 'precision_weighted': 0.9381701334498054, 'recall_macro': 0.9393232979799159, 'recall_micro': 0.9379923942528586, 'recall_weighted': 0.9379923942528586}
Validation statistic: Loss: 0.1435, dev_score: {'accuracy': 0.9625393668158462, 'balanced_accuracy': 0.9621855952011474, 'f1_macro': 0.9621016811675309, 'f1_micro': 0.9625393668158462, 'f1_weighted': 0.9625619504481484, 'precision_macro': 0.9621198079947595, 'precision_micro': 0.9625393668158462, 'precision_weighted': 0.9626859896757595, 'recall_macro': 0.9621855952011474, 'recall_micro': 0.9625393668158462, 'recall_weighted': 0.9625393668158462}
-----------------------
Epoch 26/100
Training statistic: Loss: 0.2789, train_score: {'accuracy': 0.940030111490389, 'balanced_accuracy': 0.9412609581881807, 'f1_macro': 0.9406650172031709, 'f1_micro': 0.940030111490389, 'f1_weighted': 0.9400182543611911, 'precision_macro': 0.9403313751855278, 'precision_micro': 0.940030111490389, 'precision_weighted': 0.9402865632493198, 'recall_macro': 0.9412609581881807, 'recall_micro': 0.940030111490389, 'recall_weighted': 0.940030111490389}
Validation statistic: Loss: 0.1370, dev_score: {'accuracy': 0.9646941819990055, 'balanced_accuracy': 0.9643995424329734, 'f1_macro': 0.9643686706413088, 'f1_micro': 0.9646941819990055, 'f1_weighted': 0.9647353391596135, 'precision_macro': 0.9644174124455882, 'precision_micro': 0.9646941819990055, 'precision_weighted': 0.9648562159798789, 'recall_macro': 0.9643995424329734, 'recall_micro': 0.9646941819990055, 'recall_weighted': 0.9646941819990055}
Saving model...
Model saved!
-------------------------------------------
-----------------------
Epoch 27/100
Training statistic: Loss: 0.2727, train_score: {'accuracy': 0.9423728373590147, 'balanced_accuracy': 0.9432328048988264, 'f1_macro': 0.9429405363483812, 'f1_micro': 0.9423728373590147, 'f1_weighted': 0.9423467257184505, 'precision_macro': 0.9426959865563858, 'precision_micro': 0.9423728373590147, 'precision_weighted': 0.9423650815896483, 'recall_macro': 0.9432328048988264, 'recall_micro': 0.9423728373590147, 'recall_weighted': 0.9423728373590147}
Validation statistic: Loss: 0.1372, dev_score: {'accuracy': 0.963368141886292, 'balanced_accuracy': 0.9630332902781384, 'f1_macro': 0.9629467388472781, 'f1_micro': 0.963368141886292, 'f1_weighted': 0.9633938251333523, 'precision_macro': 0.9629695391463835, 'precision_micro': 0.963368141886292, 'precision_weighted': 0.9635308874894976, 'recall_macro': 0.9630332902781384, 'recall_micro': 0.963368141886292, 'recall_weighted': 0.963368141886292}
-----------------------
Epoch 28/100
Training statistic: Loss: 0.2756, train_score: {'accuracy': 0.94093215829299, 'balanced_accuracy': 0.9423895398918207, 'f1_macro': 0.9414507981729612, 'f1_micro': 0.94093215829299, 'f1_weighted': 0.9409020556375916, 'precision_macro': 0.9408033311776511, 'precision_micro': 0.94093215829299, 'precision_weighted': 0.9411895779157923, 'recall_macro': 0.9423895398918207, 'recall_micro': 0.94093215829299, 'recall_weighted': 0.94093215829299}
Validation statistic: Loss: 0.1385, dev_score: {'accuracy': 0.9632023868722028, 'balanced_accuracy': 0.9628820074080705, 'f1_macro': 0.9628299818859262, 'f1_micro': 0.9632023868722028, 'f1_weighted': 0.9632340151381691, 'precision_macro': 0.9628477436536491, 'precision_micro': 0.9632023868722028, 'precision_weighted': 0.9633342804585063, 'recall_macro': 0.9628820074080705, 'recall_micro': 0.9632023868722028, 'recall_weighted': 0.9632023868722028}
-----------------------
Epoch 29/100
Training statistic: Loss: 0.2716, train_score: {'accuracy': 0.9416005814632626, 'balanced_accuracy': 0.9430915517863253, 'f1_macro': 0.9420284009415021, 'f1_micro': 0.9416005814632626, 'f1_weighted': 0.9415909168555672, 'precision_macro': 0.9411809665042927, 'precision_micro': 0.9416005814632626, 'precision_weighted': 0.9417947397187754, 'recall_macro': 0.9430915517863253, 'recall_micro': 0.9416005814632626, 'recall_weighted': 0.9416005814632626}
Validation statistic: Loss: 0.1386, dev_score: {'accuracy': 0.9632023868722028, 'balanced_accuracy': 0.9628535748106508, 'f1_macro': 0.9627674420914787, 'f1_micro': 0.9632023868722028, 'f1_weighted': 0.9632279327164045, 'precision_macro': 0.9627508881337434, 'precision_micro': 0.9632023868722028, 'precision_weighted': 0.9633237711556358, 'recall_macro': 0.9628535748106508, 'recall_micro': 0.9632023868722028, 'recall_weighted': 0.9632023868722028}
-----------------------
Epoch 30/100
Training statistic: Loss: 0.2705, train_score: {'accuracy': 0.9422949628149052, 'balanced_accuracy': 0.9437477145516018, 'f1_macro': 0.9426833244714021, 'f1_micro': 0.9422949628149052, 'f1_weighted': 0.9422701224998665, 'precision_macro': 0.9419349020811675, 'precision_micro': 0.9422949628149052, 'precision_weighted': 0.9425455904373214, 'recall_macro': 0.9437477145516018, 'recall_micro': 0.9422949628149052, 'recall_weighted': 0.9422949628149052}
Validation statistic: Loss: 0.1376, dev_score: {'accuracy': 0.9628708768440245, 'balanced_accuracy': 0.9624884664421541, 'f1_macro': 0.9624151664906473, 'f1_micro': 0.9628708768440245, 'f1_weighted': 0.9628955659697827, 'precision_macro': 0.9624686513316311, 'precision_micro': 0.9628708768440245, 'precision_weighted': 0.9630468316297928, 'recall_macro': 0.9624884664421541, 'recall_micro': 0.9628708768440245, 'recall_weighted': 0.9628708768440245}
-----------------------
Epoch 31/100
Training statistic: Loss: 0.2693, train_score: {'accuracy': 0.9431450932547666, 'balanced_accuracy': 0.9441553012723238, 'f1_macro': 0.9436883753873987, 'f1_micro': 0.9431450932547666, 'f1_weighted': 0.9431411154395377, 'precision_macro': 0.9434115681779358, 'precision_micro': 0.9431450932547666, 'precision_weighted': 0.9433345248804211, 'recall_macro': 0.9441553012723238, 'recall_micro': 0.9431450932547666, 'recall_weighted': 0.9431450932547666}
Validation statistic: Loss: 0.1367, dev_score: {'accuracy': 0.9635338969003813, 'balanced_accuracy': 0.9631608669149389, 'f1_macro': 0.9630932809470325, 'f1_micro': 0.9635338969003813, 'f1_weighted': 0.9635671101503127, 'precision_macro': 0.9631229375626941, 'precision_micro': 0.9635338969003813, 'precision_weighted': 0.9636997696948165, 'recall_macro': 0.9631608669149389, 'recall_micro': 0.9635338969003813, 'recall_weighted': 0.9635338969003813}
Saving model...
Model saved!
-------------------------------------------
-----------------------
Epoch 32/100
Training statistic: Loss: 0.2674, train_score: {'accuracy': 0.94370968369956, 'balanced_accuracy': 0.9450151012797965, 'f1_macro': 0.9443554821626806, 'f1_micro': 0.94370968369956, 'f1_weighted': 0.9437048222927018, 'precision_macro': 0.9438170166303566, 'precision_micro': 0.94370968369956, 'precision_weighted': 0.9438274282979374, 'recall_macro': 0.9450151012797965, 'recall_micro': 0.94370968369956, 'recall_weighted': 0.94370968369956}
Validation statistic: Loss: 0.1367, dev_score: {'accuracy': 0.9630366318581137, 'balanced_accuracy': 0.9624736940392322, 'f1_macro': 0.9624599216439809, 'f1_micro': 0.9630366318581137, 'f1_weighted': 0.9630679690974434, 'precision_macro': 0.962527492468275, 'precision_micro': 0.9630366318581137, 'precision_weighted': 0.9631819038814017, 'recall_macro': 0.9624736940392322, 'recall_micro': 0.9630366318581137, 'recall_weighted': 0.9630366318581137}
Saving model...
Model saved!
-------------------------------------------
-----------------------
Epoch 33/100
Training statistic: Loss: 0.2633, train_score: {'accuracy': 0.9457344218464054, 'balanced_accuracy': 0.9468953010444918, 'f1_macro': 0.9462660554883117, 'f1_micro': 0.9457344218464054, 'f1_weighted': 0.9457566233604484, 'precision_macro': 0.9457734289647213, 'precision_micro': 0.9457344218464054, 'precision_weighted': 0.9459183870053659, 'recall_macro': 0.9468953010444918, 'recall_micro': 0.9457344218464054, 'recall_weighted': 0.9457344218464054}
Validation statistic: Loss: 0.1347, dev_score: {'accuracy': 0.9648599370130947, 'balanced_accuracy': 0.9644051741081213, 'f1_macro': 0.9644044464521355, 'f1_micro': 0.9648599370130947, 'f1_weighted': 0.9648993787818408, 'precision_macro': 0.9644905815750668, 'precision_micro': 0.9648599370130947, 'precision_weighted': 0.9650276925836637, 'recall_macro': 0.9644051741081213, 'recall_micro': 0.9648599370130947, 'recall_weighted': 0.9648599370130947}
Saving model...
Model saved!
-------------------------------------------
-----------------------
Epoch 34/100
Training statistic: Loss: 0.2635, train_score: {'accuracy': 0.9463379495632536, 'balanced_accuracy': 0.9471474605193999, 'f1_macro': 0.946825616556149, 'f1_micro': 0.9463379495632536, 'f1_weighted': 0.9463630082492881, 'precision_macro': 0.9466336485488496, 'precision_micro': 0.9463379495632536, 'precision_weighted': 0.9465221704205825, 'recall_macro': 0.9471474605193999, 'recall_micro': 0.9463379495632536, 'recall_weighted': 0.9463379495632536}
Validation statistic: Loss: 0.1348, dev_score: {'accuracy': 0.9636996519144704, 'balanced_accuracy': 0.963414597000944, 'f1_macro': 0.9632345018243115, 'f1_micro': 0.9636996519144704, 'f1_weighted': 0.9637438142187446, 'precision_macro': 0.9631512684975455, 'precision_micro': 0.9636996519144704, 'precision_weighted': 0.9638852311858123, 'recall_macro': 0.963414597000944, 'recall_micro': 0.9636996519144704, 'recall_weighted': 0.9636996519144704}
-----------------------
Epoch 35/100
Training statistic: Loss: 0.2573, train_score: {'accuracy': 0.9464417822887329, 'balanced_accuracy': 0.9475683566564144, 'f1_macro': 0.9469310767515016, 'f1_micro': 0.9464417822887329, 'f1_weighted': 0.9464330349723651, 'precision_macro': 0.9464689132865205, 'precision_micro': 0.9464417822887329, 'precision_weighted': 0.9466049813581952, 'recall_macro': 0.9475683566564144, 'recall_micro': 0.9464417822887329, 'recall_weighted': 0.9464417822887329}
Validation statistic: Loss: 0.1311, dev_score: {'accuracy': 0.9645284269849163, 'balanced_accuracy': 0.9642472038965024, 'f1_macro': 0.9641619620312444, 'f1_micro': 0.9645284269849163, 'f1_weighted': 0.964559615128046, 'precision_macro': 0.9641520064648514, 'precision_micro': 0.9645284269849163, 'precision_weighted': 0.9646684174106532, 'recall_macro': 0.9642472038965024, 'recall_micro': 0.9645284269849163, 'recall_weighted': 0.9645284269849163}
Saving model...
Model saved!
-------------------------------------------
-----------------------
Epoch 36/100
Training statistic: Loss: 0.2573, train_score: {'accuracy': 0.9458252754811998, 'balanced_accuracy': 0.9467423446004976, 'f1_macro': 0.9461886982891995, 'f1_micro': 0.9458252754811998, 'f1_weighted': 0.9458160686284557, 'precision_macro': 0.945828825272848, 'precision_micro': 0.9458252754811998, 'precision_weighted': 0.9459924241433151, 'recall_macro': 0.9467423446004976, 'recall_micro': 0.9458252754811998, 'recall_weighted': 0.9458252754811998}
Validation statistic: Loss: 0.1345, dev_score: {'accuracy': 0.9650256920271838, 'balanced_accuracy': 0.9647367189819371, 'f1_macro': 0.9646271715754725, 'f1_micro': 0.9650256920271838, 'f1_weighted': 0.9650557004049735, 'precision_macro': 0.9646068685953539, 'precision_micro': 0.9650256920271838, 'precision_weighted': 0.9651754089077731, 'recall_macro': 0.9647367189819371, 'recall_micro': 0.9650256920271838, 'recall_weighted': 0.9650256920271838}
-----------------------
Epoch 37/100
Training statistic: Loss: 0.2544, train_score: {'accuracy': 0.9470582890962659, 'balanced_accuracy': 0.9484080348020603, 'f1_macro': 0.9474741651212948, 'f1_micro': 0.9470582890962659, 'f1_weighted': 0.9470599930730643, 'precision_macro': 0.946801684438579, 'precision_micro': 0.9470582890962659, 'precision_weighted': 0.94733262992395, 'recall_macro': 0.9484080348020603, 'recall_micro': 0.9470582890962659, 'recall_weighted': 0.9470582890962659}
Validation statistic: Loss: 0.1316, dev_score: {'accuracy': 0.9646941819990055, 'balanced_accuracy': 0.9642816349752585, 'f1_macro': 0.9643325776014077, 'f1_micro': 0.9646941819990055, 'f1_weighted': 0.9647176946396465, 'precision_macro': 0.9644922214809514, 'precision_micro': 0.9646941819990055, 'precision_weighted': 0.964848840847237, 'recall_macro': 0.9642816349752585, 'recall_micro': 0.9646941819990055, 'recall_weighted': 0.9646941819990055}
-----------------------
Epoch 38/100
Training statistic: Loss: 0.2518, train_score: {'accuracy': 0.9486352486144821, 'balanced_accuracy': 0.9497725292425852, 'f1_macro': 0.9488857203641304, 'f1_micro': 0.9486352486144821, 'f1_weighted': 0.9486237229339026, 'precision_macro': 0.9482412519792354, 'precision_micro': 0.9486352486144821, 'precision_weighted': 0.9488392804998224, 'recall_macro': 0.9497725292425852, 'recall_micro': 0.9486352486144821, 'recall_weighted': 0.9486352486144821}
Validation statistic: Loss: 0.1323, dev_score: {'accuracy': 0.9655229570694513, 'balanced_accuracy': 0.9652489753833062, 'f1_macro': 0.9651766709777844, 'f1_micro': 0.9655229570694513, 'f1_weighted': 0.9655371736651945, 'precision_macro': 0.9651902632168271, 'precision_micro': 0.9655229570694513, 'precision_weighted': 0.9656377600953556, 'recall_macro': 0.9652489753833062, 'recall_micro': 0.9655229570694513, 'recall_weighted': 0.9655229570694513}
-----------------------
Epoch 39/100
Training statistic: Loss: 0.2536, train_score: {'accuracy': 0.9473048918192791, 'balanced_accuracy': 0.9482456111897474, 'f1_macro': 0.9476546971638411, 'f1_micro': 0.9473048918192791, 'f1_weighted': 0.9472890412644457, 'precision_macro': 0.9472495728053995, 'precision_micro': 0.9473048918192791, 'precision_weighted': 0.947467007907309, 'recall_macro': 0.9482456111897474, 'recall_micro': 0.9473048918192791, 'recall_weighted': 0.9473048918192791}
Validation statistic: Loss: 0.1338, dev_score: {'accuracy': 0.9656887120835406, 'balanced_accuracy': 0.9654098366917087, 'f1_macro': 0.9653591103330605, 'f1_micro': 0.9656887120835406, 'f1_weighted': 0.9657099749536213, 'precision_macro': 0.9653926059361888, 'precision_micro': 0.9656887120835406, 'precision_weighted': 0.9658149618622219, 'recall_macro': 0.9654098366917087, 'recall_micro': 0.9656887120835406, 'recall_weighted': 0.9656887120835406}
-----------------------
Epoch 40/100
Training statistic: Loss: 0.2518, train_score: {'accuracy': 0.9480057627162641, 'balanced_accuracy': 0.9488885179176727, 'f1_macro': 0.9483043672204714, 'f1_micro': 0.9480057627162641, 'f1_weighted': 0.9479813312747153, 'precision_macro': 0.9479750405943662, 'precision_micro': 0.9480057627162641, 'precision_weighted': 0.9482054756439404, 'recall_macro': 0.9488885179176727, 'recall_micro': 0.9480057627162641, 'recall_weighted': 0.9480057627162641}
Validation statistic: Loss: 0.1302, dev_score: {'accuracy': 0.9663517321398972, 'balanced_accuracy': 0.966174709577756, 'f1_macro': 0.9660634434830921, 'f1_micro': 0.9663517321398972, 'f1_weighted': 0.9663581825485639, 'precision_macro': 0.9660644688106593, 'precision_micro': 0.9663517321398972, 'precision_weighted': 0.9664769992592145, 'recall_macro': 0.966174709577756, 'recall_micro': 0.9663517321398972, 'recall_weighted': 0.9663517321398972}
Saving model...
Model saved!
-------------------------------------------
-----------------------
Epoch 41/100
Training statistic: Loss: 0.2470, train_score: {'accuracy': 0.9496995340506444, 'balanced_accuracy': 0.9506221078114967, 'f1_macro': 0.9501419920384574, 'f1_micro': 0.9496995340506444, 'f1_weighted': 0.94968946192814, 'precision_macro': 0.949836836955491, 'precision_micro': 0.9496995340506444, 'precision_weighted': 0.9498513947787676, 'recall_macro': 0.9506221078114967, 'recall_micro': 0.9496995340506444, 'recall_weighted': 0.9496995340506444}
Validation statistic: Loss: 0.1295, dev_score: {'accuracy': 0.9666832421680756, 'balanced_accuracy': 0.9664094978319421, 'f1_macro': 0.9663067957310311, 'f1_micro': 0.9666832421680756, 'f1_weighted': 0.9666978833934413, 'precision_macro': 0.9662725137041658, 'precision_micro': 0.9666832421680756, 'precision_weighted': 0.9667809562170917, 'recall_macro': 0.9664094978319421, 'recall_micro': 0.9666832421680756, 'recall_weighted': 0.9666832421680756}
Saving model...
Model saved!
-------------------------------------------
-----------------------
Epoch 42/100
Training statistic: Loss: 0.2468, train_score: {'accuracy': 0.9500175217724246, 'balanced_accuracy': 0.9507250576881848, 'f1_macro': 0.9505006807966325, 'f1_micro': 0.9500175217724246, 'f1_weighted': 0.9500174257083024, 'precision_macro': 0.9505073753128752, 'precision_micro': 0.9500175217724246, 'precision_weighted': 0.950257458949009, 'recall_macro': 0.9507250576881848, 'recall_micro': 0.9500175217724246, 'recall_weighted': 0.9500175217724246}
Validation statistic: Loss: 0.1289, dev_score: {'accuracy': 0.9660202221117189, 'balanced_accuracy': 0.9657148299912128, 'f1_macro': 0.9657091503247068, 'f1_micro': 0.9660202221117189, 'f1_weighted': 0.9660616424587143, 'precision_macro': 0.9657814430082612, 'precision_micro': 0.9660202221117189, 'precision_weighted': 0.9661813427153696, 'recall_macro': 0.9657148299912128, 'recall_micro': 0.9660202221117189, 'recall_weighted': 0.9660202221117189}
Saving model...
Model saved!
-------------------------------------------
-----------------------
Epoch 43/100
Training statistic: Loss: 0.2482, train_score: {'accuracy': 0.9502251872233831, 'balanced_accuracy': 0.951371759178979, 'f1_macro': 0.9506699106284003, 'f1_micro': 0.9502251872233831, 'f1_weighted': 0.9502356386732401, 'precision_macro': 0.9502263185273836, 'precision_micro': 0.9502251872233831, 'precision_weighted': 0.9505210299617117, 'recall_macro': 0.951371759178979, 'recall_micro': 0.9502251872233831, 'recall_weighted': 0.9502251872233831}
Validation statistic: Loss: 0.1270, dev_score: {'accuracy': 0.9663517321398972, 'balanced_accuracy': 0.9660159997196782, 'f1_macro': 0.9659574812706774, 'f1_micro': 0.9663517321398972, 'f1_weighted': 0.9663828362238409, 'precision_macro': 0.9659920515664245, 'precision_micro': 0.9663517321398972, 'precision_weighted': 0.9665085686841981, 'recall_macro': 0.9660159997196782, 'recall_micro': 0.9663517321398972, 'recall_weighted': 0.9663517321398972}
Saving model...
Model saved!
-------------------------------------------
-----------------------
Epoch 44/100
Training statistic: Loss: 0.2424, train_score: {'accuracy': 0.9508611626669435, 'balanced_accuracy': 0.9520510554525858, 'f1_macro': 0.9512305226423079, 'f1_micro': 0.9508611626669435, 'f1_weighted': 0.9508532966093134, 'precision_macro': 0.95063069833124, 'precision_micro': 0.9508611626669435, 'precision_weighted': 0.9510688141857552, 'recall_macro': 0.9520510554525858, 'recall_micro': 0.9508611626669435, 'recall_weighted': 0.9508611626669435}
Validation statistic: Loss: 0.1252, dev_score: {'accuracy': 0.9665174871539864, 'balanced_accuracy': 0.966176721606798, 'f1_macro': 0.9660834346909238, 'f1_micro': 0.9665174871539864, 'f1_weighted': 0.9665368646213887, 'precision_macro': 0.9660746814168499, 'precision_micro': 0.9665174871539864, 'precision_weighted': 0.9666406513689415, 'recall_macro': 0.966176721606798, 'recall_micro': 0.9665174871539864, 'recall_weighted': 0.9665174871539864}
Saving model...
Model saved!
-------------------------------------------
-----------------------
Epoch 45/100
Training statistic: Loss: 0.2397, train_score: {'accuracy': 0.9504004049476293, 'balanced_accuracy': 0.9517346545982555, 'f1_macro': 0.9507079438235444, 'f1_micro': 0.9504004049476293, 'f1_weighted': 0.9503767381604422, 'precision_macro': 0.9499239738939161, 'precision_micro': 0.9504004049476293, 'precision_weighted': 0.9505947907153396, 'recall_macro': 0.9517346545982555, 'recall_micro': 0.9504004049476293, 'recall_weighted': 0.9504004049476293}
Validation statistic: Loss: 0.1280, dev_score: {'accuracy': 0.9650256920271838, 'balanced_accuracy': 0.9646830780626253, 'f1_macro': 0.9646607238798366, 'f1_micro': 0.9650256920271838, 'f1_weighted': 0.9650315822994368, 'precision_macro': 0.9647073109601481, 'precision_micro': 0.9650256920271838, 'precision_weighted': 0.9651072037011975, 'recall_macro': 0.9646830780626253, 'recall_micro': 0.9650256920271838, 'recall_weighted': 0.9650256920271838}
-----------------------
Epoch 46/100
Training statistic: Loss: 0.2437, train_score: {'accuracy': 0.9517372512881748, 'balanced_accuracy': 0.9529282707878817, 'f1_macro': 0.9520653998632052, 'f1_micro': 0.9517372512881748, 'f1_weighted': 0.951714301895978, 'precision_macro': 0.9514247514804941, 'precision_micro': 0.9517372512881748, 'precision_weighted': 0.9519159272544364, 'recall_macro': 0.9529282707878817, 'recall_micro': 0.9517372512881748, 'recall_weighted': 0.9517372512881748}
Validation statistic: Loss: 0.1270, dev_score: {'accuracy': 0.9655229570694513, 'balanced_accuracy': 0.9651549062994625, 'f1_macro': 0.9651371042861104, 'f1_micro': 0.9655229570694513, 'f1_weighted': 0.9655269590420774, 'precision_macro': 0.965216640295214, 'precision_micro': 0.9655229570694513, 'precision_weighted': 0.965629919558026, 'recall_macro': 0.9651549062994625, 'recall_micro': 0.9655229570694513, 'recall_weighted': 0.9655229570694513}
-----------------------
Epoch 47/100
Training statistic: Loss: 0.2402, train_score: {'accuracy': 0.9518930003763937, 'balanced_accuracy': 0.9527007485170704, 'f1_macro': 0.9520802433377125, 'f1_micro': 0.9518930003763937, 'f1_weighted': 0.9518651701406065, 'precision_macro': 0.9516095632416764, 'precision_micro': 0.9518930003763937, 'precision_weighted': 0.9519801243735859, 'recall_macro': 0.9527007485170704, 'recall_micro': 0.9518930003763937, 'recall_weighted': 0.9518930003763937}
Validation statistic: Loss: 0.1277, dev_score: {'accuracy': 0.9668489971821648, 'balanced_accuracy': 0.9665582891303762, 'f1_macro': 0.9664632189591966, 'f1_micro': 0.9668489971821648, 'f1_weighted': 0.9668697445421423, 'precision_macro': 0.9664719190022402, 'precision_micro': 0.9668489971821648, 'precision_weighted': 0.9669951887068328, 'recall_macro': 0.9665582891303762, 'recall_micro': 0.9668489971821648, 'recall_weighted': 0.9668489971821648}
-----------------------
Epoch 48/100
Training statistic: Loss: 0.2329, train_score: {'accuracy': 0.95344400171324, 'balanced_accuracy': 0.9543411319768156, 'f1_macro': 0.9537691928583669, 'f1_micro': 0.95344400171324, 'f1_weighted': 0.9534494314269161, 'precision_macro': 0.95339512255624, 'precision_micro': 0.95344400171324, 'precision_weighted': 0.953660108763664, 'recall_macro': 0.9543411319768156, 'recall_micro': 0.95344400171324, 'recall_weighted': 0.95344400171324}
Validation statistic: Loss: 0.1245, dev_score: {'accuracy': 0.965191447041273, 'balanced_accuracy': 0.9649161135870269, 'f1_macro': 0.9648558396258167, 'f1_micro': 0.965191447041273, 'f1_weighted': 0.9652024918419011, 'precision_macro': 0.9648495789895278, 'precision_micro': 0.965191447041273, 'precision_weighted': 0.9652682872117337, 'recall_macro': 0.9649161135870269, 'recall_micro': 0.965191447041273, 'recall_weighted': 0.965191447041273}
Saving model...
Model saved!
-------------------------------------------
-----------------------
Epoch 49/100
Training statistic: Loss: 0.2339, train_score: {'accuracy': 0.9531779303541994, 'balanced_accuracy': 0.954446305670181, 'f1_macro': 0.9535327590347409, 'f1_micro': 0.9531779303541994, 'f1_weighted': 0.9531767207939934, 'precision_macro': 0.9527671170627589, 'precision_micro': 0.9531779303541994, 'precision_weighted': 0.9533197886229668, 'recall_macro': 0.954446305670181, 'recall_micro': 0.9531779303541994, 'recall_weighted': 0.9531779303541994}
Validation statistic: Loss: 0.1261, dev_score: {'accuracy': 0.9648599370130947, 'balanced_accuracy': 0.9645788901698132, 'f1_macro': 0.964539965848199, 'f1_micro': 0.9648599370130947, 'f1_weighted': 0.9648769244058263, 'precision_macro': 0.9645807133204114, 'precision_micro': 0.9648599370130947, 'precision_weighted': 0.964975491489619, 'recall_macro': 0.9645788901698132, 'recall_micro': 0.9648599370130947, 'recall_weighted': 0.9648599370130947}
-----------------------
Epoch 50/100
Training statistic: Loss: 0.2342, train_score: {'accuracy': 0.9535997508014589, 'balanced_accuracy': 0.9544039360234724, 'f1_macro': 0.9539489868949426, 'f1_micro': 0.9535997508014589, 'f1_weighted': 0.9536023749645819, 'precision_macro': 0.9537278850014278, 'precision_micro': 0.9535997508014589, 'precision_weighted': 0.9538439129162112, 'recall_macro': 0.9544039360234724, 'recall_micro': 0.9535997508014589, 'recall_weighted': 0.9535997508014589}
Validation statistic: Loss: 0.1267, dev_score: {'accuracy': 0.9646941819990055, 'balanced_accuracy': 0.9644050435925055, 'f1_macro': 0.9643162449853092, 'f1_micro': 0.9646941819990055, 'f1_weighted': 0.9647146521802955, 'precision_macro': 0.9643107728213623, 'precision_micro': 0.9646941819990055, 'precision_weighted': 0.964817420692475, 'recall_macro': 0.9644050435925055, 'recall_micro': 0.9646941819990055, 'recall_weighted': 0.9646941819990055}
-----------------------
Epoch 51/100
Training statistic: Loss: 0.2369, train_score: {'accuracy': 0.9546575466922788, 'balanced_accuracy': 0.9555256479207614, 'f1_macro': 0.9549627806842818, 'f1_micro': 0.9546575466922788, 'f1_weighted': 0.9546368525877402, 'precision_macro': 0.9545792523204707, 'precision_micro': 0.9546575466922788, 'precision_weighted': 0.9548009040151806, 'recall_macro': 0.9555256479207614, 'recall_micro': 0.9546575466922788, 'recall_weighted': 0.9546575466922788}
Validation statistic: Loss: 0.1267, dev_score: {'accuracy': 0.966185977125808, 'balanced_accuracy': 0.9659555971140007, 'f1_macro': 0.9658236147919856, 'f1_micro': 0.966185977125808, 'f1_weighted': 0.9661963898202779, 'precision_macro': 0.9657988793145271, 'precision_micro': 0.966185977125808, 'precision_weighted': 0.9663142825856513, 'recall_macro': 0.9659555971140007, 'recall_micro': 0.966185977125808, 'recall_weighted': 0.966185977125808}
-----------------------
Epoch 52/100
Training statistic: Loss: 0.2337, train_score: {'accuracy': 0.954832764416525, 'balanced_accuracy': 0.9559348450912794, 'f1_macro': 0.9551348964674176, 'f1_micro': 0.954832764416525, 'f1_weighted': 0.9548025514471912, 'precision_macro': 0.9545004119077143, 'precision_micro': 0.954832764416525, 'precision_weighted': 0.9549322944983188, 'recall_macro': 0.9559348450912794, 'recall_micro': 0.954832764416525, 'recall_weighted': 0.954832764416525}
Validation statistic: Loss: 0.1244, dev_score: {'accuracy': 0.9665174871539864, 'balanced_accuracy': 0.966217784369603, 'f1_macro': 0.9661452314617252, 'f1_micro': 0.9665174871539864, 'f1_weighted': 0.9665106994227417, 'precision_macro': 0.9661929345009016, 'precision_micro': 0.9665174871539864, 'precision_weighted': 0.9666276577444314, 'recall_macro': 0.966217784369603, 'recall_micro': 0.9665174871539864, 'recall_weighted': 0.9665174871539864}
Saving model...
Model saved!
-------------------------------------------
-----------------------
Epoch 53/100
Training statistic: Loss: 0.2330, train_score: {'accuracy': 0.9551247939569354, 'balanced_accuracy': 0.9560169064898512, 'f1_macro': 0.9554816104473037, 'f1_micro': 0.9551247939569354, 'f1_weighted': 0.9551423625225914, 'precision_macro': 0.9550848819796156, 'precision_micro': 0.9551247939569354, 'precision_weighted': 0.9553015664131899, 'recall_macro': 0.9560169064898512, 'recall_micro': 0.9551247939569354, 'recall_weighted': 0.9551247939569354}
Validation statistic: Loss: 0.1248, dev_score: {'accuracy': 0.9656887120835406, 'balanced_accuracy': 0.9653820148175672, 'f1_macro': 0.9653727552090283, 'f1_micro': 0.9656887120835406, 'f1_weighted': 0.9657089527518001, 'precision_macro': 0.96548484130363, 'precision_micro': 0.9656887120835406, 'precision_weighted': 0.9658518905004475, 'recall_macro': 0.9653820148175672, 'recall_micro': 0.9656887120835406, 'recall_weighted': 0.9656887120835406}
-----------------------
Epoch 54/100
Training statistic: Loss: 0.2294, train_score: {'accuracy': 0.9564421716614534, 'balanced_accuracy': 0.957319166946599, 'f1_macro': 0.9567966985165558, 'f1_micro': 0.9564421716614534, 'f1_weighted': 0.9564536945766597, 'precision_macro': 0.9563904853848875, 'precision_micro': 0.9564421716614534, 'precision_weighted': 0.956591391012879, 'recall_macro': 0.957319166946599, 'recall_micro': 0.9564421716614534, 'recall_weighted': 0.9564421716614534}
Validation statistic: Loss: 0.1257, dev_score: {'accuracy': 0.9645284269849163, 'balanced_accuracy': 0.9643294268016062, 'f1_macro': 0.9641971649269678, 'f1_micro': 0.9645284269849163, 'f1_weighted': 0.9645565724748293, 'precision_macro': 0.9641659556355636, 'precision_micro': 0.9645284269849163, 'precision_weighted': 0.9646877586954089, 'recall_macro': 0.9643294268016062, 'recall_micro': 0.9645284269849163, 'recall_weighted': 0.9645284269849163}
-----------------------
Epoch 55/100
Training statistic: Loss: 0.2242, train_score: {'accuracy': 0.9563058912092619, 'balanced_accuracy': 0.957549037128221, 'f1_macro': 0.9566176724060987, 'f1_micro': 0.9563058912092619, 'f1_weighted': 0.9562941617303456, 'precision_macro': 0.955849781068251, 'precision_micro': 0.9563058912092619, 'precision_weighted': 0.9564545440282897, 'recall_macro': 0.957549037128221, 'recall_micro': 0.9563058912092619, 'recall_weighted': 0.9563058912092619}
Validation statistic: Loss: 0.1223, dev_score: {'accuracy': 0.9658544670976297, 'balanced_accuracy': 0.9655657246083418, 'f1_macro': 0.9654543757969458, 'f1_micro': 0.9658544670976297, 'f1_weighted': 0.9658701260931889, 'precision_macro': 0.9654048920819298, 'precision_micro': 0.9658544670976297, 'precision_weighted': 0.9659485868369425, 'recall_macro': 0.9655657246083418, 'recall_micro': 0.9658544670976297, 'recall_weighted': 0.9658544670976297}
Saving model...
Model saved!
-------------------------------------------
-----------------------
Epoch 56/100
Training statistic: Loss: 0.2258, train_score: {'accuracy': 0.9568055862006308, 'balanced_accuracy': 0.9576226738640171, 'f1_macro': 0.9571551001759209, 'f1_micro': 0.9568055862006308, 'f1_weighted': 0.9568124259654116, 'precision_macro': 0.956795499106437, 'precision_micro': 0.9568055862006308, 'precision_weighted': 0.9569303181373238, 'recall_macro': 0.9576226738640171, 'recall_micro': 0.9568055862006308, 'recall_weighted': 0.9568055862006308}
Validation statistic: Loss: 0.1225, dev_score: {'accuracy': 0.9663517321398972, 'balanced_accuracy': 0.966063241218716, 'f1_macro': 0.9660281524276616, 'f1_micro': 0.9663517321398972, 'f1_weighted': 0.9663682047417613, 'precision_macro': 0.966055533391485, 'precision_micro': 0.9663517321398972, 'precision_weighted': 0.966448399885274, 'recall_macro': 0.966063241218716, 'recall_micro': 0.9663517321398972, 'recall_weighted': 0.9663517321398972}
-----------------------
Epoch 57/100
Training statistic: Loss: 0.2276, train_score: {'accuracy': 0.9570197411969318, 'balanced_accuracy': 0.9577644053763554, 'f1_macro': 0.9573066638550399, 'f1_micro': 0.9570197411969318, 'f1_weighted': 0.9570186251496058, 'precision_macro': 0.9569808518560576, 'precision_micro': 0.9570197411969318, 'precision_weighted': 0.9571542152278707, 'recall_macro': 0.9577644053763554, 'recall_micro': 0.9570197411969318, 'recall_weighted': 0.9570197411969318}
Validation statistic: Loss: 0.1230, dev_score: {'accuracy': 0.9665174871539864, 'balanced_accuracy': 0.9662306638855668, 'f1_macro': 0.9661610730749597, 'f1_micro': 0.9665174871539864, 'f1_weighted': 0.9665449937083649, 'precision_macro': 0.9661547751199097, 'precision_micro': 0.9665174871539864, 'precision_weighted': 0.9666359498224842, 'recall_macro': 0.9662306638855668, 'recall_micro': 0.9665174871539864, 'recall_weighted': 0.9665174871539864}
-----------------------
Epoch 58/100
Training statistic: Loss: 0.2185, train_score: {'accuracy': 0.9587459602580243, 'balanced_accuracy': 0.9593462373351489, 'f1_macro': 0.9589955261085417, 'f1_micro': 0.9587459602580243, 'f1_weighted': 0.9587487137423105, 'precision_macro': 0.9587845409259815, 'precision_micro': 0.9587459602580243, 'precision_weighted': 0.9588911088137915, 'recall_macro': 0.9593462373351489, 'recall_micro': 0.9587459602580243, 'recall_weighted': 0.9587459602580243}
Validation statistic: Loss: 0.1207, dev_score: {'accuracy': 0.967014752196254, 'balanced_accuracy': 0.9667537576519878, 'f1_macro': 0.9666604754112328, 'f1_micro': 0.967014752196254, 'f1_weighted': 0.9670416590155547, 'precision_macro': 0.9666490035788554, 'precision_micro': 0.967014752196254, 'precision_weighted': 0.9671528447776883, 'recall_macro': 0.9667537576519878, 'recall_micro': 0.967014752196254, 'recall_weighted': 0.967014752196254}
Saving model...
Model saved!
-------------------------------------------
-----------------------
Epoch 59/100
Training statistic: Loss: 0.2219, train_score: {'accuracy': 0.9572014484665204, 'balanced_accuracy': 0.9583609365628851, 'f1_macro': 0.9575675866416546, 'f1_micro': 0.9572014484665204, 'f1_weighted': 0.9572071280489555, 'precision_macro': 0.956974742890924, 'precision_micro': 0.9572014484665204, 'precision_weighted': 0.957424759316787, 'recall_macro': 0.9583609365628851, 'recall_micro': 0.9572014484665204, 'recall_weighted': 0.9572014484665204}
Validation statistic: Loss: 0.1228, dev_score: {'accuracy': 0.9668489971821648, 'balanced_accuracy': 0.9664469622548951, 'f1_macro': 0.9664494254610274, 'f1_micro': 0.9668489971821648, 'f1_weighted': 0.9668579050264504, 'precision_macro': 0.9665175323507491, 'precision_micro': 0.9668489971821648, 'precision_weighted': 0.9669330501379257, 'recall_macro': 0.9664469622548951, 'recall_micro': 0.9668489971821648, 'recall_weighted': 0.9668489971821648}
-----------------------
Epoch 60/100
Training statistic: Loss: 0.2272, train_score: {'accuracy': 0.9576686957311771, 'balanced_accuracy': 0.9585922628110985, 'f1_macro': 0.9578804782919633, 'f1_micro': 0.9576686957311771, 'f1_weighted': 0.9576372566713997, 'precision_macro': 0.9573485608993069, 'precision_micro': 0.9576686957311771, 'precision_weighted': 0.9577908670351674, 'recall_macro': 0.9585922628110985, 'recall_micro': 0.9576686957311771, 'recall_weighted': 0.9576686957311771}
Validation statistic: Loss: 0.1234, dev_score: {'accuracy': 0.967014752196254, 'balanced_accuracy': 0.96679854673797, 'f1_macro': 0.9667035550833427, 'f1_micro': 0.967014752196254, 'f1_weighted': 0.9670328869369541, 'precision_macro': 0.9667082729544803, 'precision_micro': 0.967014752196254, 'precision_weighted': 0.967153559953911, 'recall_macro': 0.96679854673797, 'recall_micro': 0.967014752196254, 'recall_weighted': 0.967014752196254}
-----------------------
Epoch 61/100
Training statistic: Loss: 0.2201, train_score: {'accuracy': 0.9582722234480252, 'balanced_accuracy': 0.9590353165673913, 'f1_macro': 0.9586054410324802, 'f1_micro': 0.9582722234480252, 'f1_weighted': 0.9582655574808702, 'precision_macro': 0.9582858006110477, 'precision_micro': 0.9582722234480252, 'precision_weighted': 0.9583723759973308, 'recall_macro': 0.9590353165673913, 'recall_micro': 0.9582722234480252, 'recall_weighted': 0.9582722234480252}
Validation statistic: Loss: 0.1209, dev_score: {'accuracy': 0.966185977125808, 'balanced_accuracy': 0.9658931224526199, 'f1_macro': 0.9658458109506374, 'f1_micro': 0.966185977125808, 'f1_weighted': 0.9662055102951456, 'precision_macro': 0.9658713995649093, 'precision_micro': 0.966185977125808, 'precision_weighted': 0.9662994254093781, 'recall_macro': 0.9658931224526199, 'recall_micro': 0.966185977125808, 'recall_weighted': 0.966185977125808}
-----------------------
Epoch 62/100
Training statistic: Loss: 0.2164, train_score: {'accuracy': 0.9582527548119979, 'balanced_accuracy': 0.9592362081343712, 'f1_macro': 0.9585098022344223, 'f1_micro': 0.9582527548119979, 'f1_weighted': 0.9582203175845788, 'precision_macro': 0.9579330465248752, 'precision_micro': 0.9582527548119979, 'precision_weighted': 0.9583393534543344, 'recall_macro': 0.9592362081343712, 'recall_micro': 0.9582527548119979, 'recall_weighted': 0.9582527548119979}
Validation statistic: Loss: 0.1230, dev_score: {'accuracy': 0.9665174871539864, 'balanced_accuracy': 0.9662263175216104, 'f1_macro': 0.9661333733911052, 'f1_micro': 0.9665174871539864, 'f1_weighted': 0.9665176137069992, 'precision_macro': 0.9661149867130201, 'precision_micro': 0.9665174871539864, 'precision_weighted': 0.9665937534121795, 'recall_macro': 0.9662263175216104, 'recall_micro': 0.9665174871539864, 'recall_weighted': 0.9665174871539864}
-----------------------
Epoch 63/100
Training statistic: Loss: 0.2181, train_score: {'accuracy': 0.9596544966059678, 'balanced_accuracy': 0.9604639816857699, 'f1_macro': 0.9598681145361091, 'f1_micro': 0.9596544966059678, 'f1_weighted': 0.9596499793508242, 'precision_macro': 0.9593751685242534, 'precision_micro': 0.9596544966059678, 'precision_weighted': 0.9597429811681545, 'recall_macro': 0.9604639816857699, 'recall_micro': 0.9596544966059678, 'recall_weighted': 0.9596544966059678}
Validation statistic: Loss: 0.1206, dev_score: {'accuracy': 0.9650256920271838, 'balanced_accuracy': 0.9647578174042035, 'f1_macro': 0.9646484378041146, 'f1_micro': 0.9650256920271838, 'f1_weighted': 0.9650270979912051, 'precision_macro': 0.9645940597539516, 'precision_micro': 0.9650256920271838, 'precision_weighted': 0.9650856092308912, 'recall_macro': 0.9647578174042035, 'recall_micro': 0.9650256920271838, 'recall_weighted': 0.9650256920271838}
Saving model...
Model saved!
-------------------------------------------
-----------------------
Epoch 64/100
Training statistic: Loss: 0.2164, train_score: {'accuracy': 0.9593689566108998, 'balanced_accuracy': 0.9602426078925774, 'f1_macro': 0.9597016768731738, 'f1_micro': 0.9593689566108998, 'f1_weighted': 0.9593592269254964, 'precision_macro': 0.9592770238372423, 'precision_micro': 0.9593689566108998, 'precision_weighted': 0.9594721661289883, 'recall_macro': 0.9602426078925774, 'recall_micro': 0.9593689566108998, 'recall_weighted': 0.9593689566108998}
Validation statistic: Loss: 0.1212, dev_score: {'accuracy': 0.9663517321398972, 'balanced_accuracy': 0.9660921395629425, 'f1_macro': 0.9660364573788376, 'f1_micro': 0.9663517321398972, 'f1_weighted': 0.9663708586190218, 'precision_macro': 0.9660595408473179, 'precision_micro': 0.9663517321398972, 'precision_weighted': 0.9664696619017835, 'recall_macro': 0.9660921395629425, 'recall_micro': 0.9663517321398972, 'recall_weighted': 0.9663517321398972}
-----------------------
Epoch 65/100
Training statistic: Loss: 0.2201, train_score: {'accuracy': 0.9591742702506263, 'balanced_accuracy': 0.9600220908790366, 'f1_macro': 0.9595891692270169, 'f1_micro': 0.9591742702506263, 'f1_weighted': 0.9591730679368143, 'precision_macro': 0.9593124564078362, 'precision_micro': 0.9591742702506263, 'precision_weighted': 0.9593346436353706, 'recall_macro': 0.9600220908790366, 'recall_micro': 0.9591742702506263, 'recall_weighted': 0.9591742702506263}
Validation statistic: Loss: 0.1227, dev_score: {'accuracy': 0.9668489971821648, 'balanced_accuracy': 0.9666415954248333, 'f1_macro': 0.9664917376638279, 'f1_micro': 0.9668489971821648, 'f1_weighted': 0.9668722433123628, 'precision_macro': 0.966438011885319, 'precision_micro': 0.9668489971821648, 'precision_weighted': 0.9669921720340904, 'recall_macro': 0.9666415954248333, 'recall_micro': 0.9668489971821648, 'recall_weighted': 0.9668489971821648}
-----------------------
Epoch 66/100
Training statistic: Loss: 0.2122, train_score: {'accuracy': 0.9601217438706244, 'balanced_accuracy': 0.9611442049807938, 'f1_macro': 0.9603507978907736, 'f1_micro': 0.9601217438706244, 'f1_weighted': 0.9601064841604708, 'precision_macro': 0.9596981350029562, 'precision_micro': 0.9601217438706244, 'precision_weighted': 0.960230623869162, 'recall_macro': 0.9611442049807938, 'recall_micro': 0.9601217438706244, 'recall_weighted': 0.9601217438706244}
Validation statistic: Loss: 0.1197, dev_score: {'accuracy': 0.9660202221117189, 'balanced_accuracy': 0.9657979467363834, 'f1_macro': 0.9656924208455562, 'f1_micro': 0.9660202221117189, 'f1_weighted': 0.9660329464110572, 'precision_macro': 0.9656544104269431, 'precision_micro': 0.9660202221117189, 'precision_weighted': 0.9661155091968209, 'recall_macro': 0.9657979467363834, 'recall_micro': 0.9660202221117189, 'recall_weighted': 0.9660202221117189}
Saving model...
Model saved!
-------------------------------------------
-----------------------
Epoch 67/100
Training statistic: Loss: 0.2141, train_score: {'accuracy': 0.9597129025140498, 'balanced_accuracy': 0.9606661516014796, 'f1_macro': 0.9600707830451825, 'f1_micro': 0.9597129025140498, 'f1_weighted': 0.959714041741034, 'precision_macro': 0.959623967885261, 'precision_micro': 0.9597129025140498, 'precision_weighted': 0.9598763933690369, 'recall_macro': 0.9606661516014796, 'recall_micro': 0.9597129025140498, 'recall_weighted': 0.9597129025140498}
Validation statistic: Loss: 0.1220, dev_score: {'accuracy': 0.967014752196254, 'balanced_accuracy': 0.9667162646735937, 'f1_macro': 0.9667221466666159, 'f1_micro': 0.967014752196254, 'f1_weighted': 0.9670532360846905, 'precision_macro': 0.9668437291108187, 'precision_micro': 0.967014752196254, 'precision_weighted': 0.9672081796266312, 'recall_macro': 0.9667162646735937, 'recall_micro': 0.967014752196254, 'recall_weighted': 0.967014752196254}
-----------------------
Epoch 68/100
Training statistic: Loss: 0.2130, train_score: {'accuracy': 0.9599595052370631, 'balanced_accuracy': 0.9607696148895494, 'f1_macro': 0.9601539605572716, 'f1_micro': 0.9599595052370631, 'f1_weighted': 0.9599945782784924, 'precision_macro': 0.9596830509772302, 'precision_micro': 0.9599595052370631, 'precision_weighted': 0.9601792290356279, 'recall_macro': 0.9607696148895494, 'recall_micro': 0.9599595052370631, 'recall_weighted': 0.9599595052370631}
Validation statistic: Loss: 0.1220, dev_score: {'accuracy': 0.9660202221117189, 'balanced_accuracy': 0.9657525385550022, 'f1_macro': 0.9657046460595478, 'f1_micro': 0.9660202221117189, 'f1_weighted': 0.9660632419412529, 'precision_macro': 0.9657345021136303, 'precision_micro': 0.9660202221117189, 'precision_weighted': 0.9661870043954097, 'recall_macro': 0.9657525385550022, 'recall_micro': 0.9660202221117189, 'recall_weighted': 0.9660202221117189}
-----------------------
Epoch 69/100
Training statistic: Loss: 0.2173, train_score: {'accuracy': 0.9596804547873375, 'balanced_accuracy': 0.9607978164113365, 'f1_macro': 0.960052063394477, 'f1_micro': 0.9596804547873375, 'f1_weighted': 0.95967693812572, 'precision_macro': 0.9594404258509132, 'precision_micro': 0.9596804547873375, 'precision_weighted': 0.9598197725784071, 'recall_macro': 0.9607978164113365, 'recall_micro': 0.9596804547873375, 'recall_weighted': 0.9596804547873375}
Validation statistic: Loss: 0.1226, dev_score: {'accuracy': 0.9663517321398972, 'balanced_accuracy': 0.965983703433594, 'f1_macro': 0.9660152393659731, 'f1_micro': 0.9663517321398972, 'f1_weighted': 0.9663678593993837, 'precision_macro': 0.9661496058514297, 'precision_micro': 0.9663517321398972, 'precision_weighted': 0.9664867167887776, 'recall_macro': 0.965983703433594, 'recall_micro': 0.9663517321398972, 'recall_weighted': 0.9663517321398972}
-----------------------
Epoch 70/100
Training statistic: Loss: 0.2127, train_score: {'accuracy': 0.9613223097589783, 'balanced_accuracy': 0.9623580742715786, 'f1_macro': 0.9617338437402522, 'f1_micro': 0.9613223097589783, 'f1_weighted': 0.9613296075826679, 'precision_macro': 0.961240518597162, 'precision_micro': 0.9613223097589783, 'precision_weighted': 0.9614780740413964, 'recall_macro': 0.9623580742715786, 'recall_micro': 0.9613223097589783, 'recall_weighted': 0.9613223097589783}
Validation statistic: Loss: 0.1205, dev_score: {'accuracy': 0.9653572020553621, 'balanced_accuracy': 0.9650696096824903, 'f1_macro': 0.965030216849611, 'f1_micro': 0.9653572020553621, 'f1_weighted': 0.9653827985118455, 'precision_macro': 0.9650861577918173, 'precision_micro': 0.9653572020553621, 'precision_weighted': 0.9655059237769665, 'recall_macro': 0.9650696096824903, 'recall_micro': 0.9653572020553621, 'recall_weighted': 0.9653572020553621}
-----------------------
Epoch 71/100
Training statistic: Loss: 0.2134, train_score: {'accuracy': 0.9603553675029527, 'balanced_accuracy': 0.9612356952708778, 'f1_macro': 0.9605732856647966, 'f1_micro': 0.9603553675029527, 'f1_weighted': 0.9603566524970121, 'precision_macro': 0.960056063009664, 'precision_micro': 0.9603553675029527, 'precision_weighted': 0.960505955628129, 'recall_macro': 0.9612356952708778, 'recall_micro': 0.9603553675029527, 'recall_weighted': 0.9603553675029527}
Validation statistic: Loss: 0.1213, dev_score: {'accuracy': 0.9660202221117189, 'balanced_accuracy': 0.9657566991945641, 'f1_macro': 0.9656801137490307, 'f1_micro': 0.9660202221117189, 'f1_weighted': 0.9660258517247509, 'precision_macro': 0.9656749726823577, 'precision_micro': 0.9660202221117189, 'precision_weighted': 0.966103401007481, 'recall_macro': 0.9657566991945641, 'recall_micro': 0.9660202221117189, 'recall_weighted': 0.9660202221117189}
-----------------------
Epoch 72/100
Training statistic: Loss: 0.2127, train_score: {'accuracy': 0.9616338079354161, 'balanced_accuracy': 0.9622925615372283, 'f1_macro': 0.9618124163571388, 'f1_micro': 0.9616338079354161, 'f1_weighted': 0.9616406227074497, 'precision_macro': 0.9614638595372249, 'precision_micro': 0.9616338079354161, 'precision_weighted': 0.9617771591750288, 'recall_macro': 0.9622925615372283, 'recall_micro': 0.9616338079354161, 'recall_weighted': 0.9616338079354161}
Validation statistic: Loss: 0.1221, dev_score: {'accuracy': 0.9675120172385214, 'balanced_accuracy': 0.96717326973556, 'f1_macro': 0.967126946336338, 'f1_micro': 0.9675120172385214, 'f1_weighted': 0.9675319390277144, 'precision_macro': 0.9671855179547976, 'precision_micro': 0.9675120172385214, 'precision_weighted': 0.967658829387848, 'recall_macro': 0.96717326973556, 'recall_micro': 0.9675120172385214, 'recall_weighted': 0.9675120172385214}
-----------------------
Epoch 73/100
Training statistic: Loss: 0.2090, train_score: {'accuracy': 0.9614066738484301, 'balanced_accuracy': 0.962256139155943, 'f1_macro': 0.9617800027185368, 'f1_micro': 0.9614066738484301, 'f1_weighted': 0.961415444943011, 'precision_macro': 0.9614124050591574, 'precision_micro': 0.9614066738484301, 'precision_weighted': 0.961538410888109, 'recall_macro': 0.962256139155943, 'recall_micro': 0.9614066738484301, 'recall_weighted': 0.9614066738484301}
Validation statistic: Loss: 0.1210, dev_score: {'accuracy': 0.9666832421680756, 'balanced_accuracy': 0.9664592423457675, 'f1_macro': 0.9663460864891787, 'f1_micro': 0.9666832421680756, 'f1_weighted': 0.9666921714264746, 'precision_macro': 0.966315299165456, 'precision_micro': 0.9666832421680756, 'precision_weighted': 0.9667835777683628, 'recall_macro': 0.9664592423457675, 'recall_micro': 0.9666832421680756, 'recall_weighted': 0.9666832421680756}
-----------------------
Epoch 74/100
Training statistic: Loss: 0.2085, train_score: {'accuracy': 0.9604527106830896, 'balanced_accuracy': 0.9616741414026289, 'f1_macro': 0.9606517735535322, 'f1_micro': 0.9604527106830896, 'f1_weighted': 0.9604275392589143, 'precision_macro': 0.9598477667197093, 'precision_micro': 0.9604527106830896, 'precision_weighted': 0.9606267031816833, 'recall_macro': 0.9616741414026289, 'recall_micro': 0.9604527106830896, 'recall_weighted': 0.9604527106830896}
Validation statistic: Loss: 0.1183, dev_score: {'accuracy': 0.9660202221117189, 'balanced_accuracy': 0.9656759132362952, 'f1_macro': 0.9657004161479348, 'f1_micro': 0.9660202221117189, 'f1_weighted': 0.9660306875804529, 'precision_macro': 0.9658154491120815, 'precision_micro': 0.9660202221117189, 'precision_weighted': 0.9661316582087683, 'recall_macro': 0.9656759132362952, 'recall_micro': 0.9660202221117189, 'recall_weighted': 0.9660202221117189}
Saving model...
Model saved!
-------------------------------------------
-----------------------
Epoch 75/100
Training statistic: Loss: 0.2081, train_score: {'accuracy': 0.9612509247602113, 'balanced_accuracy': 0.9623957275028765, 'f1_macro': 0.9615488561502452, 'f1_micro': 0.9612509247602113, 'f1_weighted': 0.9612629468691658, 'precision_macro': 0.9609044344314757, 'precision_micro': 0.9612509247602113, 'precision_weighted': 0.961488878216492, 'recall_macro': 0.9623957275028765, 'recall_micro': 0.9612509247602113, 'recall_weighted': 0.9612509247602113}
Validation statistic: Loss: 0.1174, dev_score: {'accuracy': 0.9675120172385214, 'balanced_accuracy': 0.9671844425199982, 'f1_macro': 0.9671719493053546, 'f1_micro': 0.9675120172385214, 'f1_weighted': 0.9675407749064542, 'precision_macro': 0.9672455897483287, 'precision_micro': 0.9675120172385214, 'precision_weighted': 0.967656776468946, 'recall_macro': 0.9671844425199982, 'recall_micro': 0.9675120172385214, 'recall_weighted': 0.9675120172385214}
Saving model...
Model saved!
-------------------------------------------
-----------------------
Epoch 76/100
Training statistic: Loss: 0.2100, train_score: {'accuracy': 0.9625618129193869, 'balanced_accuracy': 0.9632290826485519, 'f1_macro': 0.9627686688157159, 'f1_micro': 0.9625618129193869, 'f1_weighted': 0.9625531396846356, 'precision_macro': 0.9623948735859281, 'precision_micro': 0.9625618129193869, 'precision_weighted': 0.9626326974554474, 'recall_macro': 0.9632290826485519, 'recall_micro': 0.9625618129193869, 'recall_weighted': 0.9625618129193869}
Validation statistic: Loss: 0.1206, dev_score: {'accuracy': 0.9663517321398972, 'balanced_accuracy': 0.9661350230161613, 'f1_macro': 0.965949579629692, 'f1_micro': 0.9663517321398972, 'f1_weighted': 0.9663633095407796, 'precision_macro': 0.9658527884191244, 'precision_micro': 0.9663517321398972, 'precision_weighted': 0.9664647853299193, 'recall_macro': 0.9661350230161613, 'recall_micro': 0.9663517321398972, 'recall_weighted': 0.9663517321398972}
-----------------------
Epoch 77/100
Training statistic: Loss: 0.2045, train_score: {'accuracy': 0.962678624735551, 'balanced_accuracy': 0.963500087529724, 'f1_macro': 0.962840360886117, 'f1_micro': 0.962678624735551, 'f1_weighted': 0.962668768291192, 'precision_macro': 0.9622777853353381, 'precision_micro': 0.962678624735551, 'precision_weighted': 0.9627586010708035, 'recall_macro': 0.963500087529724, 'recall_micro': 0.962678624735551, 'recall_weighted': 0.962678624735551}
Validation statistic: Loss: 0.1191, dev_score: {'accuracy': 0.9666832421680756, 'balanced_accuracy': 0.9663708045537879, 'f1_macro': 0.9663539797251172, 'f1_micro': 0.9666832421680756, 'f1_weighted': 0.9666958115725794, 'precision_macro': 0.9664377493341275, 'precision_micro': 0.9666832421680756, 'precision_weighted': 0.9668101258823515, 'recall_macro': 0.9663708045537879, 'recall_micro': 0.9666832421680756, 'recall_weighted': 0.9666832421680756}
-----------------------
Epoch 78/100
Training statistic: Loss: 0.2000, train_score: {'accuracy': 0.9641712201643153, 'balanced_accuracy': 0.9648741076848879, 'f1_macro': 0.9643777692843155, 'f1_micro': 0.9641712201643153, 'f1_weighted': 0.9641698644079129, 'precision_macro': 0.9639508355243779, 'precision_micro': 0.9641712201643153, 'precision_weighted': 0.9642380501568979, 'recall_macro': 0.9648741076848879, 'recall_micro': 0.9641712201643153, 'recall_weighted': 0.9641712201643153}
Validation statistic: Loss: 0.1166, dev_score: {'accuracy': 0.9653572020553621, 'balanced_accuracy': 0.9651032364195297, 'f1_macro': 0.9649925156380454, 'f1_micro': 0.9653572020553621, 'f1_weighted': 0.9653667060096132, 'precision_macro': 0.9649680472969482, 'precision_micro': 0.9653572020553621, 'precision_weighted': 0.9654636729339705, 'recall_macro': 0.9651032364195297, 'recall_micro': 0.9653572020553621, 'recall_weighted': 0.9653572020553621}
Saving model...
Model saved!
-------------------------------------------
-----------------------
Epoch 79/100
Training statistic: Loss: 0.2038, train_score: {'accuracy': 0.9631004451828105, 'balanced_accuracy': 0.9639353349254625, 'f1_macro': 0.963329293845411, 'f1_micro': 0.9631004451828105, 'f1_weighted': 0.9631131405221456, 'precision_macro': 0.9628419257368186, 'precision_micro': 0.9631004451828105, 'precision_weighted': 0.9632545474254548, 'recall_macro': 0.9639353349254625, 'recall_micro': 0.9631004451828105, 'recall_weighted': 0.9631004451828105}
Validation statistic: Loss: 0.1179, dev_score: {'accuracy': 0.9671805072103431, 'balanced_accuracy': 0.9668634064678068, 'f1_macro': 0.9668119064604349, 'f1_micro': 0.9671805072103431, 'f1_weighted': 0.9671952432737385, 'precision_macro': 0.966840402643333, 'precision_micro': 0.9671805072103431, 'precision_weighted': 0.967290331841459, 'recall_macro': 0.9668634064678068, 'recall_micro': 0.9671805072103431, 'recall_weighted': 0.9671805072103431}
-----------------------
Epoch 80/100
Training statistic: Loss: 0.2033, train_score: {'accuracy': 0.9636196088102068, 'balanced_accuracy': 0.9644289508049914, 'f1_macro': 0.9638356948638162, 'f1_micro': 0.9636196088102068, 'f1_weighted': 0.9636261678723443, 'precision_macro': 0.9633357783946593, 'precision_micro': 0.9636196088102068, 'precision_weighted': 0.963729755236449, 'recall_macro': 0.9644289508049914, 'recall_micro': 0.9636196088102068, 'recall_weighted': 0.9636196088102068}
Validation statistic: Loss: 0.1194, dev_score: {'accuracy': 0.9665174871539864, 'balanced_accuracy': 0.9661122641905415, 'f1_macro': 0.9661039869820106, 'f1_micro': 0.9665174871539864, 'f1_weighted': 0.9665315722669361, 'precision_macro': 0.9661968927300505, 'precision_micro': 0.9665174871539864, 'precision_weighted': 0.966650073141147, 'recall_macro': 0.9661122641905415, 'recall_micro': 0.9665174871539864, 'recall_weighted': 0.9665174871539864}
-----------------------
Epoch 81/100
Training statistic: Loss: 0.2019, train_score: {'accuracy': 0.9632302360896595, 'balanced_accuracy': 0.9642412175763132, 'f1_macro': 0.9634440786443059, 'f1_micro': 0.9632302360896595, 'f1_weighted': 0.9632292980141491, 'precision_macro': 0.9627891290610133, 'precision_micro': 0.9632302360896595, 'precision_weighted': 0.9633735796848604, 'recall_macro': 0.9642412175763132, 'recall_micro': 0.9632302360896595, 'recall_weighted': 0.9632302360896595}
Validation statistic: Loss: 0.1186, dev_score: {'accuracy': 0.9660202221117189, 'balanced_accuracy': 0.9657314927072411, 'f1_macro': 0.9656450878481712, 'f1_micro': 0.9660202221117189, 'f1_weighted': 0.9660321162066352, 'precision_macro': 0.965639393628333, 'precision_micro': 0.9660202221117189, 'precision_weighted': 0.9661252313905798, 'recall_macro': 0.9657314927072411, 'recall_micro': 0.9660202221117189, 'recall_weighted': 0.9660202221117189}
-----------------------
Epoch 82/100
Training statistic: Loss: 0.2040, train_score: {'accuracy': 0.9639635547133568, 'balanced_accuracy': 0.9644931612396286, 'f1_macro': 0.9642102042557552, 'f1_micro': 0.9639635547133568, 'f1_weighted': 0.9639730125182057, 'precision_macro': 0.9640335313668598, 'precision_micro': 0.9639635547133568, 'precision_weighted': 0.9640906592242846, 'recall_macro': 0.9644931612396286, 'recall_micro': 0.9639635547133568, 'recall_weighted': 0.9639635547133568}
Validation statistic: Loss: 0.1174, dev_score: {'accuracy': 0.9673462622244323, 'balanced_accuracy': 0.9670175490325524, 'f1_macro': 0.9669599104378751, 'f1_micro': 0.9673462622244323, 'f1_weighted': 0.9673663806248911, 'precision_macro': 0.9669750102424619, 'precision_micro': 0.9673462622244323, 'precision_weighted': 0.9674601179132563, 'recall_macro': 0.9670175490325524, 'recall_micro': 0.9673462622244323, 'recall_weighted': 0.9673462622244323}
-----------------------
Epoch 83/100
Training statistic: Loss: 0.2015, train_score: {'accuracy': 0.9653523174166417, 'balanced_accuracy': 0.966027901808389, 'f1_macro': 0.9655378596335116, 'f1_micro': 0.9653523174166417, 'f1_weighted': 0.965341853058105, 'precision_macro': 0.9651158519212458, 'precision_micro': 0.9653523174166417, 'precision_weighted': 0.9654020009307347, 'recall_macro': 0.966027901808389, 'recall_micro': 0.9653523174166417, 'recall_weighted': 0.9653523174166417}
Validation statistic: Loss: 0.1183, dev_score: {'accuracy': 0.9668489971821648, 'balanced_accuracy': 0.9665549626113235, 'f1_macro': 0.9664760411548368, 'f1_micro': 0.9668489971821648, 'f1_weighted': 0.9668504305573589, 'precision_macro': 0.9665000925767233, 'precision_micro': 0.9668489971821648, 'precision_weighted': 0.9669563196517177, 'recall_macro': 0.9665549626113235, 'recall_micro': 0.9668489971821648, 'recall_weighted': 0.9668489971821648}
-----------------------
Epoch 84/100
Training statistic: Loss: 0.2032, train_score: {'accuracy': 0.9641322828922606, 'balanced_accuracy': 0.9649608855990326, 'f1_macro': 0.9644126279261436, 'f1_micro': 0.9641322828922606, 'f1_weighted': 0.9641466820538563, 'precision_macro': 0.9639943393346814, 'precision_micro': 0.9641322828922606, 'precision_weighted': 0.9642952142425432, 'recall_macro': 0.9649608855990326, 'recall_micro': 0.9641322828922606, 'recall_weighted': 0.9641322828922606}
Validation statistic: Loss: 0.1188, dev_score: {'accuracy': 0.9658544670976297, 'balanced_accuracy': 0.9655222134546072, 'f1_macro': 0.9654641271320135, 'f1_micro': 0.9658544670976297, 'f1_weighted': 0.9658645510625611, 'precision_macro': 0.9654513944938199, 'precision_micro': 0.9658544670976297, 'precision_weighted': 0.9659207531316709, 'recall_macro': 0.9655222134546072, 'recall_micro': 0.9658544670976297, 'recall_weighted': 0.9658544670976297}
-----------------------
Epoch 85/100
Training statistic: Loss: 0.2003, train_score: {'accuracy': 0.9643204797071917, 'balanced_accuracy': 0.9654756133654872, 'f1_macro': 0.9645362961640039, 'f1_micro': 0.9643204797071917, 'f1_weighted': 0.9643133629918492, 'precision_macro': 0.9637459452546668, 'precision_micro': 0.9643204797071917, 'precision_weighted': 0.9644583463458233, 'recall_macro': 0.9654756133654872, 'recall_micro': 0.9643204797071917, 'recall_weighted': 0.9643204797071917}
Validation statistic: Loss: 0.1180, dev_score: {'accuracy': 0.9666832421680756, 'balanced_accuracy': 0.9664079579154548, 'f1_macro': 0.9663640542963892, 'f1_micro': 0.9666832421680756, 'f1_weighted': 0.9666890146122837, 'precision_macro': 0.9663942874422412, 'precision_micro': 0.9666832421680756, 'precision_weighted': 0.9667697236430408, 'recall_macro': 0.9664079579154548, 'recall_micro': 0.9666832421680756, 'recall_weighted': 0.9666832421680756}
-----------------------
Epoch 86/100
Training statistic: Loss: 0.1970, train_score: {'accuracy': 0.964138772437603, 'balanced_accuracy': 0.9649446357870619, 'f1_macro': 0.9643604693366669, 'f1_micro': 0.964138772437603, 'f1_weighted': 0.9641587892562146, 'precision_macro': 0.9639335508465017, 'precision_micro': 0.964138772437603, 'precision_weighted': 0.9643312713946035, 'recall_macro': 0.9649446357870619, 'recall_micro': 0.964138772437603, 'recall_weighted': 0.964138772437603}
Validation statistic: Loss: 0.1184, dev_score: {'accuracy': 0.9665174871539864, 'balanced_accuracy': 0.9663929263899418, 'f1_macro': 0.9662245549816653, 'f1_micro': 0.9665174871539864, 'f1_weighted': 0.9665321301665548, 'precision_macro': 0.966154133864576, 'precision_micro': 0.9665174871539864, 'precision_weighted': 0.9666471654703127, 'recall_macro': 0.9663929263899418, 'recall_micro': 0.9665174871539864, 'recall_weighted': 0.9665174871539864}
-----------------------
Epoch 87/100
Training statistic: Loss: 0.1962, train_score: {'accuracy': 0.9646709151556841, 'balanced_accuracy': 0.9653313424440106, 'f1_macro': 0.9649244956477719, 'f1_micro': 0.9646709151556841, 'f1_weighted': 0.9646798876985704, 'precision_macro': 0.9645980923781934, 'precision_micro': 0.9646709151556841, 'precision_weighted': 0.9647767236950545, 'recall_macro': 0.9653313424440106, 'recall_micro': 0.9646709151556841, 'recall_weighted': 0.9646709151556841}
Validation statistic: Loss: 0.1175, dev_score: {'accuracy': 0.9656887120835406, 'balanced_accuracy': 0.9653754244140297, 'f1_macro': 0.9653544591280372, 'f1_micro': 0.9656887120835406, 'f1_weighted': 0.9657046125408663, 'precision_macro': 0.9654166265737029, 'precision_micro': 0.9656887120835406, 'precision_weighted': 0.9658043044021126, 'recall_macro': 0.9653754244140297, 'recall_micro': 0.9656887120835406, 'recall_weighted': 0.9656887120835406}
-----------------------
Epoch 88/100
Training statistic: Loss: 0.1966, train_score: {'accuracy': 0.964755279245136, 'balanced_accuracy': 0.9659443578842201, 'f1_macro': 0.9649116729397889, 'f1_micro': 0.964755279245136, 'f1_weighted': 0.9647698107972245, 'precision_macro': 0.9640401592229152, 'precision_micro': 0.964755279245136, 'precision_weighted': 0.9649494840580594, 'recall_macro': 0.9659443578842201, 'recall_micro': 0.964755279245136, 'recall_weighted': 0.964755279245136}
Validation statistic: Loss: 0.1187, dev_score: {'accuracy': 0.9666832421680756, 'balanced_accuracy': 0.9664670129239745, 'f1_macro': 0.9663309069508064, 'f1_micro': 0.9666832421680756, 'f1_weighted': 0.966702551330582, 'precision_macro': 0.9663052744314913, 'precision_micro': 0.9666832421680756, 'precision_weighted': 0.9668350078735944, 'recall_macro': 0.9664670129239745, 'recall_micro': 0.9666832421680756, 'recall_weighted': 0.9666832421680756}
-----------------------
Epoch 89/100
Training statistic: Loss: 0.1984, train_score: {'accuracy': 0.9642880319804794, 'balanced_accuracy': 0.965355729236585, 'f1_macro': 0.9644683065504619, 'f1_micro': 0.9642880319804794, 'f1_weighted': 0.964295465805715, 'precision_macro': 0.9637860561323656, 'precision_micro': 0.9642880319804794, 'precision_weighted': 0.9645141152165877, 'recall_macro': 0.965355729236585, 'recall_micro': 0.9642880319804794, 'recall_weighted': 0.9642880319804794}
Validation statistic: Loss: 0.1163, dev_score: {'accuracy': 0.9678435272666999, 'balanced_accuracy': 0.9675989222150276, 'f1_macro': 0.9676025672381158, 'f1_micro': 0.9678435272666999, 'f1_weighted': 0.9678657258818711, 'precision_macro': 0.9677166584517722, 'precision_micro': 0.9678435272666999, 'precision_weighted': 0.967999303073349, 'recall_macro': 0.9675989222150276, 'recall_micro': 0.9678435272666999, 'recall_weighted': 0.9678435272666999}
Saving model...
Model saved!
-------------------------------------------
-----------------------
Epoch 90/100
Training statistic: Loss: 0.1939, train_score: {'accuracy': 0.9662413851285578, 'balanced_accuracy': 0.9670671666062425, 'f1_macro': 0.9665165276075616, 'f1_micro': 0.9662413851285578, 'f1_weighted': 0.9662454894182068, 'precision_macro': 0.9660531622960822, 'precision_micro': 0.9662413851285578, 'precision_weighted': 0.9663417912124935, 'recall_macro': 0.9670671666062425, 'recall_micro': 0.9662413851285578, 'recall_weighted': 0.9662413851285578}
Validation statistic: Loss: 0.1173, dev_score: {'accuracy': 0.967014752196254, 'balanced_accuracy': 0.9667832680990962, 'f1_macro': 0.9666964696604656, 'f1_micro': 0.967014752196254, 'f1_weighted': 0.9670229423537446, 'precision_macro': 0.9667059391277342, 'precision_micro': 0.967014752196254, 'precision_weighted': 0.9671313220710708, 'recall_macro': 0.9667832680990962, 'recall_micro': 0.967014752196254, 'recall_weighted': 0.967014752196254}
-----------------------
Epoch 91/100
Training statistic: Loss: 0.1939, train_score: {'accuracy': 0.9658390333173258, 'balanced_accuracy': 0.9668487258207268, 'f1_macro': 0.9659975335522244, 'f1_micro': 0.9658390333173258, 'f1_weighted': 0.965858777265439, 'precision_macro': 0.9652890225372168, 'precision_micro': 0.9658390333173258, 'precision_weighted': 0.9660157310013335, 'recall_macro': 0.9668487258207268, 'recall_micro': 0.9658390333173258, 'recall_weighted': 0.9658390333173258}
Validation statistic: Loss: 0.1181, dev_score: {'accuracy': 0.9668489971821648, 'balanced_accuracy': 0.9666088550982556, 'f1_macro': 0.9665300271873128, 'f1_micro': 0.9668489971821648, 'f1_weighted': 0.9668644241326757, 'precision_macro': 0.9665651572506071, 'precision_micro': 0.9668489971821648, 'precision_weighted': 0.9669962563037401, 'recall_macro': 0.9666088550982556, 'recall_micro': 0.9668489971821648, 'recall_weighted': 0.9668489971821648}
-----------------------
Epoch 92/100
Training statistic: Loss: 0.1915, train_score: {'accuracy': 0.9658455228626682, 'balanced_accuracy': 0.967057075859325, 'f1_macro': 0.9659981487267922, 'f1_micro': 0.9658455228626682, 'f1_weighted': 0.9658330186853153, 'precision_macro': 0.965092312429326, 'precision_micro': 0.9658455228626682, 'precision_weighted': 0.9659688603831277, 'recall_macro': 0.967057075859325, 'recall_micro': 0.9658455228626682, 'recall_weighted': 0.9658455228626682}
Validation statistic: Loss: 0.1160, dev_score: {'accuracy': 0.9671805072103431, 'balanced_accuracy': 0.9669547861483918, 'f1_macro': 0.9668916247690931, 'f1_micro': 0.9671805072103431, 'f1_weighted': 0.9671742236420101, 'precision_macro': 0.9669126458393782, 'precision_micro': 0.9671805072103431, 'precision_weighted': 0.9672536332494797, 'recall_macro': 0.9669547861483918, 'recall_micro': 0.9671805072103431, 'recall_weighted': 0.9671805072103431}
Saving model...
Model saved!
-------------------------------------------
-----------------------
Epoch 93/100
Training statistic: Loss: 0.1947, train_score: {'accuracy': 0.9664814983062286, 'balanced_accuracy': 0.9673680620722426, 'f1_macro': 0.9667299158433937, 'f1_micro': 0.9664814983062286, 'f1_weighted': 0.9664843798101163, 'precision_macro': 0.9662444550614528, 'precision_micro': 0.9664814983062286, 'precision_weighted': 0.9666356764277542, 'recall_macro': 0.9673680620722426, 'recall_micro': 0.9664814983062286, 'recall_weighted': 0.9664814983062286}
Validation statistic: Loss: 0.1181, dev_score: {'accuracy': 0.9675120172385214, 'balanced_accuracy': 0.967190911968987, 'f1_macro': 0.9671733549066517, 'f1_micro': 0.9675120172385214, 'f1_weighted': 0.9675477482497274, 'precision_macro': 0.9672581505196709, 'precision_micro': 0.9675120172385214, 'precision_weighted': 0.9676864313671596, 'recall_macro': 0.967190911968987, 'recall_micro': 0.9675120172385214, 'recall_weighted': 0.9675120172385214}
-----------------------
Epoch 94/100
Training statistic: Loss: 0.1952, train_score: {'accuracy': 0.9652484846911625, 'balanced_accuracy': 0.9662901282198068, 'f1_macro': 0.9654551430881926, 'f1_micro': 0.9652484846911625, 'f1_weighted': 0.9652537865893264, 'precision_macro': 0.9648314217968524, 'precision_micro': 0.9652484846911625, 'precision_weighted': 0.9654769762675267, 'recall_macro': 0.9662901282198068, 'recall_micro': 0.9652484846911625, 'recall_weighted': 0.9652484846911625}
Validation statistic: Loss: 0.1175, dev_score: {'accuracy': 0.9675120172385214, 'balanced_accuracy': 0.9672503033979201, 'f1_macro': 0.9671916946243664, 'f1_micro': 0.9675120172385214, 'f1_weighted': 0.967527043429173, 'precision_macro': 0.9672406578824246, 'precision_micro': 0.9675120172385214, 'precision_weighted': 0.9676498767043815, 'recall_macro': 0.9672503033979201, 'recall_micro': 0.9675120172385214, 'recall_weighted': 0.9675120172385214}
-----------------------
Epoch 95/100
Training statistic: Loss: 0.1960, train_score: {'accuracy': 0.9675912105597881, 'balanced_accuracy': 0.9681509433735584, 'f1_macro': 0.9678477006656131, 'f1_micro': 0.9675912105597881, 'f1_weighted': 0.9675897119476938, 'precision_macro': 0.9676167895632073, 'precision_micro': 0.9675912105597881, 'precision_weighted': 0.9676608191971544, 'recall_macro': 0.9681509433735584, 'recall_micro': 0.9675912105597881, 'recall_weighted': 0.9675912105597881}
Validation statistic: Loss: 0.1198, dev_score: {'accuracy': 0.966185977125808, 'balanced_accuracy': 0.9659880506520574, 'f1_macro': 0.9659159539650306, 'f1_micro': 0.966185977125808, 'f1_weighted': 0.9661951688958921, 'precision_macro': 0.9659093942209307, 'precision_micro': 0.966185977125808, 'precision_weighted': 0.9662705752780215, 'recall_macro': 0.9659880506520574, 'recall_micro': 0.966185977125808, 'recall_weighted': 0.966185977125808}
-----------------------
Epoch 96/100
Training statistic: Loss: 0.1918, train_score: {'accuracy': 0.9681493114592392, 'balanced_accuracy': 0.9686781209116428, 'f1_macro': 0.9684144638267534, 'f1_micro': 0.9681493114592392, 'f1_weighted': 0.9681507258869197, 'precision_macro': 0.9682361224645619, 'precision_micro': 0.9681493114592392, 'precision_weighted': 0.9682464787620982, 'recall_macro': 0.9686781209116428, 'recall_micro': 0.9681493114592392, 'recall_weighted': 0.9681493114592392}
Validation statistic: Loss: 0.1178, dev_score: {'accuracy': 0.9675120172385214, 'balanced_accuracy': 0.9673251403638407, 'f1_macro': 0.9672760563937084, 'f1_micro': 0.9675120172385214, 'f1_weighted': 0.9675301174973354, 'precision_macro': 0.9673052035297312, 'precision_micro': 0.9675120172385214, 'precision_weighted': 0.9676264397681873, 'recall_macro': 0.9673251403638407, 'recall_micro': 0.9675120172385214, 'recall_weighted': 0.9675120172385214}
-----------------------
Epoch 97/100
Training statistic: Loss: 0.1893, train_score: {'accuracy': 0.9660791464949966, 'balanced_accuracy': 0.9670257306280892, 'f1_macro': 0.9663248999400317, 'f1_micro': 0.9660791464949966, 'f1_weighted': 0.9660776509310552, 'precision_macro': 0.9657788431311543, 'precision_micro': 0.9660791464949966, 'precision_weighted': 0.9662378935158781, 'recall_macro': 0.9670257306280892, 'recall_micro': 0.9660791464949966, 'recall_weighted': 0.9660791464949966}
Validation statistic: Loss: 0.1161, dev_score: {'accuracy': 0.968009282280789, 'balanced_accuracy': 0.9676881178869193, 'f1_macro': 0.9677193655453589, 'f1_micro': 0.968009282280789, 'f1_weighted': 0.9680277016469573, 'precision_macro': 0.9678394850087549, 'precision_micro': 0.968009282280789, 'precision_weighted': 0.9681361230013493, 'recall_macro': 0.9676881178869193, 'recall_micro': 0.968009282280789, 'recall_weighted': 0.968009282280789}
-----------------------
Epoch 98/100
Training statistic: Loss: 0.1941, train_score: {'accuracy': 0.9656183887756824, 'balanced_accuracy': 0.966665523489527, 'f1_macro': 0.965988428736198, 'f1_micro': 0.9656183887756824, 'f1_weighted': 0.9656134827123661, 'precision_macro': 0.9654760231176294, 'precision_micro': 0.9656183887756824, 'precision_weighted': 0.9657934479186745, 'recall_macro': 0.966665523489527, 'recall_micro': 0.9656183887756824, 'recall_weighted': 0.9656183887756824}
Validation statistic: Loss: 0.1171, dev_score: {'accuracy': 0.9663517321398972, 'balanced_accuracy': 0.9660140268410224, 'f1_macro': 0.96601772426268, 'f1_micro': 0.9663517321398972, 'f1_weighted': 0.9663619557913314, 'precision_macro': 0.9661157243253232, 'precision_micro': 0.9663517321398972, 'precision_weighted': 0.9664658203831014, 'recall_macro': 0.9660140268410224, 'recall_micro': 0.9663517321398972, 'recall_weighted': 0.9663517321398972}
-----------------------
Epoch 99/100
Training statistic: Loss: 0.1902, train_score: {'accuracy': 0.9676236582865004, 'balanced_accuracy': 0.9684770752322093, 'f1_macro': 0.9677880746587656, 'f1_micro': 0.9676236582865004, 'f1_weighted': 0.9676365778526217, 'precision_macro': 0.9672095900648555, 'precision_micro': 0.9676236582865004, 'precision_weighted': 0.9677633898761232, 'recall_macro': 0.9684770752322093, 'recall_micro': 0.9676236582865004, 'recall_weighted': 0.9676236582865004}
Validation statistic: Loss: 0.1164, dev_score: {'accuracy': 0.968009282280789, 'balanced_accuracy': 0.9678962484094606, 'f1_macro': 0.9677757904565049, 'f1_micro': 0.968009282280789, 'f1_weighted': 0.9680234705698237, 'precision_macro': 0.9677372910560814, 'precision_micro': 0.968009282280789, 'precision_weighted': 0.968121257477104, 'recall_macro': 0.9678962484094606, 'recall_micro': 0.968009282280789, 'recall_weighted': 0.968009282280789}
-----------------------
Epoch 100/100
Training statistic: Loss: 0.1881, train_score: {'accuracy': 0.9665983101223928, 'balanced_accuracy': 0.9676065553114069, 'f1_macro': 0.9667120481347993, 'f1_micro': 0.9665983101223928, 'f1_weighted': 0.9665987870218757, 'precision_macro': 0.9659707247149288, 'precision_micro': 0.9665983101223928, 'precision_weighted': 0.966754821713685, 'recall_macro': 0.9676065553114069, 'recall_micro': 0.9665983101223928, 'recall_weighted': 0.9665983101223928}
Validation statistic: Loss: 0.1163, dev_score: {'accuracy': 0.9668489971821648, 'balanced_accuracy': 0.9666471908866237, 'f1_macro': 0.9665919590662317, 'f1_micro': 0.9668489971821648, 'f1_weighted': 0.9668540470520539, 'precision_macro': 0.9666306298235371, 'precision_micro': 0.9668489971821648, 'precision_weighted': 0.9669546949510379, 'recall_macro': 0.9666471908866237, 'recall_micro': 0.9668489971821648, 'recall_weighted': 0.9668489971821648}
Testing statistic: loss: 0.1195155659200548, scores: {'accuracy': 0.9657652182720551, 'balanced_accuracy': 0.96583852601332, 'f1_macro': 0.9657611722104585, 'f1_micro': 0.9657652182720551, 'f1_weighted': 0.9657481118642409, 'precision_macro': 0.9657169199586285, 'precision_micro': 0.9657652182720551, 'precision_weighted': 0.9657635574817912, 'recall_macro': 0.96583852601332, 'recall_micro': 0.9657652182720551, 'recall_weighted': 0.9657652182720551}
Finish training!
