=====Setting up data=====
Dataset name:mnist28
train_option:mix
augment_option:dnn
mix_ratio:-1
n_sample:-1
Training dataset size: 154112 samples
Validation dataset size: 6144 samples

=====Setting up parameters for training=====
num_epochs: 100
learning_rate: 0.001
patience: 30
early_stop_criterion: loss
=====Setting up trainer=====
input_size: 784
model: DNN_MNIST28
----------------------------------------------------------------
        Layer (type)               Output Shape         Param #
================================================================
           Dropout-1                  [-1, 784]               0
            Linear-2                  [-1, 512]         401,920
         LeakyReLU-3                  [-1, 512]               0
       BatchNorm1d-4                  [-1, 512]           1,024
           Dropout-5                  [-1, 512]               0
            Linear-6                 [-1, 1024]         525,312
         LeakyReLU-7                 [-1, 1024]               0
       BatchNorm1d-8                 [-1, 1024]           2,048
           Dropout-9                 [-1, 1024]               0
           Linear-10                  [-1, 256]         262,400
        LeakyReLU-11                  [-1, 256]               0
      BatchNorm1d-12                  [-1, 256]             512
          Dropout-13                  [-1, 256]               0
           Linear-14                  [-1, 128]          32,896
        LeakyReLU-15                  [-1, 128]               0
      BatchNorm1d-16                  [-1, 128]             256
          Dropout-17                  [-1, 128]               0
================================================================
Total params: 1,226,368
Trainable params: 1,226,368
Non-trainable params: 0
----------------------------------------------------------------
Input size (MB): 0.00
Forward/backward pass size (MB): 0.06
Params size (MB): 4.68
Estimated Total Size (MB): 4.75
----------------------------------------------------------------
=====Setting up output files=====
weight_dir, weight_file: /home/thuy/Research/minh_data_synth/TabularDA/output/corrected_v2_seed42_mnist28_news/mnist28/weight/, mnist28_seed42_ctgan_xonly_dnn_mix.weights.pth
acc_dir, acc_file: /home/thuy/Research/minh_data_synth/TabularDA/output/corrected_v2_seed42_mnist28_news/mnist28/acc/, mnist28_seed42_ctgan_xonly_dnn_mix.epochs.csv
report_file: mnist28_seed42_ctgan_xonly_dnn_mix.report.txt
==========================================================================================
Start training...
-----------------------
Epoch 1/100
/home/thuy/miniconda3/envs/env/lib/python3.10/site-packages/sklearn/metrics/_classification.py:2480: UserWarning: y_pred contains classes not in y_true
  warnings.warn("y_pred contains classes not in y_true")
/home/thuy/miniconda3/envs/env/lib/python3.10/site-packages/sklearn/metrics/_classification.py:2480: UserWarning: y_pred contains classes not in y_true
  warnings.warn("y_pred contains classes not in y_true")
Training statistic: Loss: 1.6504, train_score: {'accuracy': 0.7931003153919036, 'balanced_accuracy': 0.776847217295541, 'f1_macro': 0.5619677761033313, 'f1_micro': 0.7931003153919036, 'f1_weighted': 0.7938664201289682, 'precision_macro': 0.5759777394469852, 'precision_micro': 0.7931003153919036, 'precision_weighted': 0.8019686517232674, 'recall_macro': 0.554890869496815, 'recall_micro': 0.7931003153919036, 'recall_weighted': 0.7931003153919036}
Validation statistic: Loss: 1.3713, dev_score: {'accuracy': 0.8604342781369136, 'balanced_accuracy': 0.8583778427362446, 'f1_macro': 0.6648646177443086, 'f1_micro': 0.8604342781369136, 'f1_weighted': 0.8670447591717904, 'precision_macro': 0.6752325239719409, 'precision_micro': 0.8604342781369136, 'precision_weighted': 0.8808345337166286, 'recall_macro': 0.6602906482586497, 'recall_micro': 0.8604342781369136, 'recall_weighted': 0.8604342781369136}
Saving model...
Model saved!
-------------------------------------------
-----------------------
Epoch 2/100
/home/thuy/miniconda3/envs/env/lib/python3.10/site-packages/sklearn/metrics/_classification.py:2480: UserWarning: y_pred contains classes not in y_true
  warnings.warn("y_pred contains classes not in y_true")
/home/thuy/miniconda3/envs/env/lib/python3.10/site-packages/sklearn/metrics/_classification.py:2480: UserWarning: y_pred contains classes not in y_true
  warnings.warn("y_pred contains classes not in y_true")
Training statistic: Loss: 1.3013, train_score: {'accuracy': 0.8316027879086791, 'balanced_accuracy': 0.8213921981410477, 'f1_macro': 0.5178780612195852, 'f1_micro': 0.8316027879086791, 'f1_weighted': 0.8323606363389829, 'precision_macro': 0.5239537062006396, 'precision_micro': 0.8316027879086791, 'precision_weighted': 0.8351171906206744, 'recall_macro': 0.5133701238381548, 'recall_micro': 0.8316027879086791, 'recall_weighted': 0.8316027879086791}
Validation statistic: Loss: 1.0178, dev_score: {'accuracy': 0.9041936018564561, 'balanced_accuracy': 0.9025201485843232, 'f1_macro': 0.6975783286831488, 'f1_micro': 0.9041936018564561, 'f1_weighted': 0.9085554046315711, 'precision_macro': 0.7023584729131916, 'precision_micro': 0.9041936018564561, 'precision_weighted': 0.9147135467429487, 'recall_macro': 0.694246268141787, 'recall_micro': 0.9041936018564561, 'recall_weighted': 0.9041936018564561}
Saving model...
Model saved!
-------------------------------------------
-----------------------
Epoch 3/100
/home/thuy/miniconda3/envs/env/lib/python3.10/site-packages/sklearn/metrics/_classification.py:2480: UserWarning: y_pred contains classes not in y_true
  warnings.warn("y_pred contains classes not in y_true")
/home/thuy/miniconda3/envs/env/lib/python3.10/site-packages/sklearn/metrics/_classification.py:2480: UserWarning: y_pred contains classes not in y_true
  warnings.warn("y_pred contains classes not in y_true")
Training statistic: Loss: 1.0831, train_score: {'accuracy': 0.8451789167650915, 'balanced_accuracy': 0.8397771352119386, 'f1_macro': 0.6482730352606497, 'f1_micro': 0.8451789167650915, 'f1_weighted': 0.8450131746168122, 'precision_macro': 0.6517682764299673, 'precision_micro': 0.8451789167650915, 'precision_weighted': 0.8463096029026497, 'recall_macro': 0.6459824117014913, 'recall_micro': 0.8451789167650915, 'recall_weighted': 0.8451789167650915}
Validation statistic: Loss: 0.7538, dev_score: {'accuracy': 0.9230896734626223, 'balanced_accuracy': 0.9222156116939149, 'f1_macro': 0.8378441131844924, 'f1_micro': 0.9230896734626223, 'f1_weighted': 0.9228588897264304, 'precision_macro': 0.8395227269057653, 'precision_micro': 0.9230896734626223, 'precision_weighted': 0.9250044799858315, 'recall_macro': 0.8383778288126499, 'recall_micro': 0.9230896734626223, 'recall_weighted': 0.9230896734626223}
Saving model...
Model saved!
-------------------------------------------
-----------------------
Epoch 4/100
Training statistic: Loss: 0.9337, train_score: {'accuracy': 0.8591379287967085, 'balanced_accuracy': 0.8536987042170388, 'f1_macro': 0.8560138960839178, 'f1_micro': 0.8591379287967085, 'f1_weighted': 0.8587518471571481, 'precision_macro': 0.8595872277336664, 'precision_micro': 0.8591379287967085, 'precision_weighted': 0.8593477126048382, 'recall_macro': 0.8536987042170388, 'recall_micro': 0.8591379287967085, 'recall_weighted': 0.8591379287967085}
Validation statistic: Loss: 0.5961, dev_score: {'accuracy': 0.9305486490966351, 'balanced_accuracy': 0.9296913358947334, 'f1_macro': 0.9294365163438613, 'f1_micro': 0.9305486490966351, 'f1_weighted': 0.9303009099513357, 'precision_macro': 0.9303286072078573, 'precision_micro': 0.9305486490966351, 'precision_weighted': 0.9311813285845434, 'recall_macro': 0.9296913358947334, 'recall_micro': 0.9305486490966351, 'recall_weighted': 0.9305486490966351}
Saving model...
Model saved!
-------------------------------------------
-----------------------
Epoch 5/100
Training statistic: Loss: 0.8368, train_score: {'accuracy': 0.8645761677936844, 'balanced_accuracy': 0.8601739060470044, 'f1_macro': 0.8619610336198509, 'f1_micro': 0.8645761677936844, 'f1_weighted': 0.8642825882458087, 'precision_macro': 0.8644959614309853, 'precision_micro': 0.8645761677936844, 'precision_weighted': 0.8646368126837662, 'recall_macro': 0.8601739060470044, 'recall_micro': 0.8645761677936844, 'recall_weighted': 0.8645761677936844}
Validation statistic: Loss: 0.5259, dev_score: {'accuracy': 0.9318746892093486, 'balanced_accuracy': 0.9309869937539478, 'f1_macro': 0.9305905947897364, 'f1_micro': 0.9318746892093486, 'f1_weighted': 0.9316183330698292, 'precision_macro': 0.931545619737804, 'precision_micro': 0.9318746892093486, 'precision_weighted': 0.9326876560650762, 'recall_macro': 0.9309869937539478, 'recall_micro': 0.9318746892093486, 'recall_weighted': 0.9318746892093486}
Saving model...
Model saved!
-------------------------------------------
-----------------------
Epoch 6/100
Training statistic: Loss: 0.7530, train_score: {'accuracy': 0.8701766454242216, 'balanced_accuracy': 0.8643310027128133, 'f1_macro': 0.8677798036078904, 'f1_micro': 0.8701766454242216, 'f1_weighted': 0.8699496219964273, 'precision_macro': 0.8718909718667753, 'precision_micro': 0.8701766454242216, 'precision_weighted': 0.8702614195252195, 'recall_macro': 0.8643310027128133, 'recall_micro': 0.8701766454242216, 'recall_weighted': 0.8701766454242216}
Validation statistic: Loss: 0.4559, dev_score: {'accuracy': 0.9373446046742914, 'balanced_accuracy': 0.936850185680586, 'f1_macro': 0.9364956659113364, 'f1_micro': 0.9373446046742914, 'f1_weighted': 0.9372491471099484, 'precision_macro': 0.937193810122594, 'precision_micro': 0.9373446046742914, 'precision_weighted': 0.9381872067054479, 'recall_macro': 0.936850185680586, 'recall_micro': 0.9373446046742914, 'recall_weighted': 0.9373446046742914}
Saving model...
Model saved!
-------------------------------------------
-----------------------
Epoch 7/100
Training statistic: Loss: 0.6846, train_score: {'accuracy': 0.8777888821109193, 'balanced_accuracy': 0.8728938505336105, 'f1_macro': 0.8757937325111783, 'f1_micro': 0.8777888821109193, 'f1_weighted': 0.8776413095982905, 'precision_macro': 0.8796945879529865, 'precision_micro': 0.8777888821109193, 'precision_weighted': 0.8782617528262324, 'recall_macro': 0.8728938505336105, 'recall_micro': 0.8777888821109193, 'recall_weighted': 0.8777888821109193}
Validation statistic: Loss: 0.3931, dev_score: {'accuracy': 0.9421515000828775, 'balanced_accuracy': 0.9411863835903553, 'f1_macro': 0.941306160434975, 'f1_micro': 0.9421515000828775, 'f1_weighted': 0.9421151866867866, 'precision_macro': 0.9419357477562625, 'precision_micro': 0.9421515000828775, 'precision_weighted': 0.9425709760937981, 'recall_macro': 0.9411863835903553, 'recall_micro': 0.9421515000828775, 'recall_weighted': 0.9421515000828775}
Saving model...
Model saved!
-------------------------------------------
-----------------------
Epoch 8/100
Training statistic: Loss: 0.6196, train_score: {'accuracy': 0.8818448479499527, 'balanced_accuracy': 0.8764771009024246, 'f1_macro': 0.8795962674578179, 'f1_micro': 0.8818448479499527, 'f1_weighted': 0.8817126313820413, 'precision_macro': 0.8838528612801733, 'precision_micro': 0.8818448479499527, 'precision_weighted': 0.8824000406142317, 'recall_macro': 0.8764771009024246, 'recall_micro': 0.8818448479499527, 'recall_weighted': 0.8818448479499527}
Validation statistic: Loss: 0.3474, dev_score: {'accuracy': 0.9419857450687883, 'balanced_accuracy': 0.941275642197812, 'f1_macro': 0.9412562319817951, 'f1_micro': 0.9419857450687883, 'f1_weighted': 0.9418617005552887, 'precision_macro': 0.9422378994052819, 'precision_micro': 0.9419857450687883, 'precision_weighted': 0.9427129061099475, 'recall_macro': 0.941275642197812, 'recall_micro': 0.9419857450687883, 'recall_weighted': 0.9419857450687883}
Saving model...
Model saved!
-------------------------------------------
-----------------------
Epoch 9/100
Training statistic: Loss: 0.5746, train_score: {'accuracy': 0.8845444988124131, 'balanced_accuracy': 0.8803698869227171, 'f1_macro': 0.883052037365166, 'f1_micro': 0.8845444988124131, 'f1_weighted': 0.8844766465439853, 'precision_macro': 0.8866576848237917, 'precision_micro': 0.8845444988124131, 'precision_weighted': 0.8851032190638414, 'recall_macro': 0.8803698869227171, 'recall_micro': 0.8845444988124131, 'recall_weighted': 0.8845444988124131}
Validation statistic: Loss: 0.3051, dev_score: {'accuracy': 0.9459638654069286, 'balanced_accuracy': 0.9452741127607533, 'f1_macro': 0.9451039761577871, 'f1_micro': 0.9459638654069286, 'f1_weighted': 0.9458040776879876, 'precision_macro': 0.9458959233727438, 'precision_micro': 0.9459638654069286, 'precision_weighted': 0.9465957536003505, 'recall_macro': 0.9452741127607533, 'recall_micro': 0.9459638654069286, 'recall_weighted': 0.9459638654069286}
Saving model...
Model saved!
-------------------------------------------
-----------------------
Epoch 10/100
Training statistic: Loss: 0.5419, train_score: {'accuracy': 0.8864199774163822, 'balanced_accuracy': 0.8816593558976902, 'f1_macro': 0.8849292894460301, 'f1_micro': 0.8864199774163822, 'f1_weighted': 0.8863769623268312, 'precision_macro': 0.8891853500430621, 'precision_micro': 0.8864199774163822, 'precision_weighted': 0.8871327970719136, 'recall_macro': 0.8816593558976902, 'recall_micro': 0.8864199774163822, 'recall_weighted': 0.8864199774163822}
Validation statistic: Loss: 0.2787, dev_score: {'accuracy': 0.9494447207028013, 'balanced_accuracy': 0.9488117213586633, 'f1_macro': 0.9486590640471366, 'f1_micro': 0.9494447207028013, 'f1_weighted': 0.9493597170408088, 'precision_macro': 0.9493659827027869, 'precision_micro': 0.9494447207028013, 'precision_weighted': 0.9501067705809967, 'recall_macro': 0.9488117213586633, 'recall_micro': 0.9494447207028013, 'recall_weighted': 0.9494447207028013}
Saving model...
Model saved!
-------------------------------------------
-----------------------
Epoch 11/100
Training statistic: Loss: 0.5157, train_score: {'accuracy': 0.8903461523485665, 'balanced_accuracy': 0.8857361842468524, 'f1_macro': 0.8887868562494479, 'f1_micro': 0.8903461523485665, 'f1_weighted': 0.8903046762580517, 'precision_macro': 0.8924938831431859, 'precision_micro': 0.8903461523485665, 'precision_weighted': 0.8908551767500945, 'recall_macro': 0.8857361842468524, 'recall_micro': 0.8903461523485665, 'recall_weighted': 0.8903461523485665}
Validation statistic: Loss: 0.2685, dev_score: {'accuracy': 0.9444720702801259, 'balanced_accuracy': 0.9435779852285021, 'f1_macro': 0.9435216246750825, 'f1_micro': 0.9444720702801259, 'f1_weighted': 0.9443979130029069, 'precision_macro': 0.9446669574840338, 'precision_micro': 0.9444720702801259, 'precision_weighted': 0.945484392687938, 'recall_macro': 0.9435779852285021, 'recall_micro': 0.9444720702801259, 'recall_weighted': 0.9444720702801259}
Saving model...
Model saved!
-------------------------------------------
-----------------------
Epoch 12/100
Training statistic: Loss: 0.4880, train_score: {'accuracy': 0.8926110036730827, 'balanced_accuracy': 0.888893368977915, 'f1_macro': 0.8910816317728332, 'f1_micro': 0.8926110036730827, 'f1_weighted': 0.8925245383413298, 'precision_macro': 0.8940768519572423, 'precision_micro': 0.8926110036730827, 'precision_weighted': 0.8931408037751651, 'recall_macro': 0.888893368977915, 'recall_micro': 0.8926110036730827, 'recall_weighted': 0.8926110036730827}
Validation statistic: Loss: 0.2379, dev_score: {'accuracy': 0.9506050058014255, 'balanced_accuracy': 0.9498415975159611, 'f1_macro': 0.9499684589054761, 'f1_micro': 0.9506050058014255, 'f1_weighted': 0.9504976927586151, 'precision_macro': 0.9507519615135458, 'precision_micro': 0.9506050058014255, 'precision_weighted': 0.9510406065102117, 'recall_macro': 0.9498415975159611, 'recall_micro': 0.9506050058014255, 'recall_weighted': 0.9506050058014255}
Saving model...
Model saved!
-------------------------------------------
-----------------------
Epoch 13/100
Training statistic: Loss: 0.4693, train_score: {'accuracy': 0.8936298622918478, 'balanced_accuracy': 0.8887717851288619, 'f1_macro': 0.8922430454251236, 'f1_micro': 0.8936298622918478, 'f1_weighted': 0.8935175463301284, 'precision_macro': 0.8963731943111058, 'precision_micro': 0.8936298622918478, 'precision_weighted': 0.8939573987416359, 'recall_macro': 0.8887717851288619, 'recall_micro': 0.8936298622918478, 'recall_weighted': 0.8936298622918478}
Validation statistic: Loss: 0.2312, dev_score: {'accuracy': 0.9496104757168904, 'balanced_accuracy': 0.9488928342315599, 'f1_macro': 0.9488393556595067, 'f1_micro': 0.9496104757168904, 'f1_weighted': 0.9495609476314137, 'precision_macro': 0.9494570167392311, 'precision_micro': 0.9496104757168904, 'precision_weighted': 0.9501620264315559, 'recall_macro': 0.9488928342315599, 'recall_micro': 0.9496104757168904, 'recall_weighted': 0.9496104757168904}
Saving model...
Model saved!
-------------------------------------------
-----------------------
Epoch 14/100
Training statistic: Loss: 0.4480, train_score: {'accuracy': 0.89993121081937, 'balanced_accuracy': 0.8970284407264841, 'f1_macro': 0.898180361390535, 'f1_micro': 0.89993121081937, 'f1_weighted': 0.8998656127477204, 'precision_macro': 0.8997925123685787, 'precision_micro': 0.89993121081937, 'precision_weighted': 0.9001732148434185, 'recall_macro': 0.8970284407264841, 'recall_micro': 0.89993121081937, 'recall_weighted': 0.89993121081937}
Validation statistic: Loss: 0.2257, dev_score: {'accuracy': 0.9481186805900879, 'balanced_accuracy': 0.947319446531109, 'f1_macro': 0.9473942602828418, 'f1_micro': 0.9481186805900879, 'f1_weighted': 0.9481588095725637, 'precision_macro': 0.9482843756870608, 'precision_micro': 0.9481186805900879, 'precision_weighted': 0.9489742709200484, 'recall_macro': 0.947319446531109, 'recall_micro': 0.9481186805900879, 'recall_weighted': 0.9481186805900879}
Saving model...
Model saved!
-------------------------------------------
-----------------------
Epoch 15/100
Training statistic: Loss: 0.4487, train_score: {'accuracy': 0.8996846080963568, 'balanced_accuracy': 0.8959919635513511, 'f1_macro': 0.8980746316946375, 'f1_micro': 0.8996846080963568, 'f1_weighted': 0.8995659291030723, 'precision_macro': 0.9004712638146929, 'precision_micro': 0.8996846080963568, 'precision_weighted': 0.8997184240296138, 'recall_macro': 0.8959919635513511, 'recall_micro': 0.8996846080963568, 'recall_weighted': 0.8996846080963568}
Validation statistic: Loss: 0.2203, dev_score: {'accuracy': 0.9522625559423172, 'balanced_accuracy': 0.9516833291514754, 'f1_macro': 0.9515408763275512, 'f1_micro': 0.9522625559423172, 'f1_weighted': 0.9521859861581992, 'precision_macro': 0.9521803167103251, 'precision_micro': 0.9522625559423172, 'precision_weighted': 0.9528791273036293, 'recall_macro': 0.9516833291514754, 'recall_micro': 0.9522625559423172, 'recall_weighted': 0.9522625559423172}
Saving model...
Model saved!
-------------------------------------------
-----------------------
Epoch 16/100
Training statistic: Loss: 0.4270, train_score: {'accuracy': 0.9024945812296391, 'balanced_accuracy': 0.8990724859672724, 'f1_macro': 0.9009017909511774, 'f1_micro': 0.9024945812296391, 'f1_weighted': 0.9024638503155934, 'precision_macro': 0.9034303523893137, 'precision_micro': 0.9024945812296391, 'precision_weighted': 0.902969009800711, 'recall_macro': 0.8990724859672724, 'recall_micro': 0.9024945812296391, 'recall_weighted': 0.9024945812296391}
Validation statistic: Loss: 0.2021, dev_score: {'accuracy': 0.9542516161113874, 'balanced_accuracy': 0.9537310317200676, 'f1_macro': 0.9535896022068637, 'f1_micro': 0.9542516161113874, 'f1_weighted': 0.9541894005630722, 'precision_macro': 0.954195468650366, 'precision_micro': 0.9542516161113874, 'precision_weighted': 0.9548546308357778, 'recall_macro': 0.9537310317200676, 'recall_micro': 0.9542516161113874, 'recall_weighted': 0.9542516161113874}
Saving model...
Model saved!
-------------------------------------------
-----------------------
Epoch 17/100
Training statistic: Loss: 0.4191, train_score: {'accuracy': 0.9046361311926486, 'balanced_accuracy': 0.9029120269942063, 'f1_macro': 0.9034004617991375, 'f1_micro': 0.9046361311926486, 'f1_weighted': 0.9046504962481845, 'precision_macro': 0.9041882046069531, 'precision_micro': 0.9046361311926486, 'precision_weighted': 0.9049039983437557, 'recall_macro': 0.9029120269942063, 'recall_micro': 0.9046361311926486, 'recall_weighted': 0.9046361311926486}
Validation statistic: Loss: 0.2028, dev_score: {'accuracy': 0.9506050058014255, 'balanced_accuracy': 0.9497325704296686, 'f1_macro': 0.9498790494197712, 'f1_micro': 0.9506050058014255, 'f1_weighted': 0.9504930905826002, 'precision_macro': 0.9508380763572502, 'precision_micro': 0.9506050058014255, 'precision_weighted': 0.9511770023262226, 'recall_macro': 0.9497325704296686, 'recall_micro': 0.9506050058014255, 'recall_weighted': 0.9506050058014255}
-----------------------
Epoch 18/100
Training statistic: Loss: 0.4102, train_score: {'accuracy': 0.9064661829792204, 'balanced_accuracy': 0.9040687382112553, 'f1_macro': 0.9051544024096628, 'f1_micro': 0.9064661829792204, 'f1_weighted': 0.9065555312097172, 'precision_macro': 0.9064691327721082, 'precision_micro': 0.9064661829792204, 'precision_weighted': 0.9068411468469937, 'recall_macro': 0.9040687382112553, 'recall_micro': 0.9064661829792204, 'recall_weighted': 0.9064661829792204}
Validation statistic: Loss: 0.1926, dev_score: {'accuracy': 0.9535885960550307, 'balanced_accuracy': 0.9528999813117318, 'f1_macro': 0.953026537872754, 'f1_micro': 0.9535885960550307, 'f1_weighted': 0.9535996009447253, 'precision_macro': 0.9538247043336081, 'precision_micro': 0.9535885960550307, 'precision_weighted': 0.9542704923917319, 'recall_macro': 0.9528999813117318, 'recall_micro': 0.9535885960550307, 'recall_weighted': 0.9535885960550307}
Saving model...
Model saved!
-------------------------------------------
-----------------------
Epoch 19/100
Training statistic: Loss: 0.3993, train_score: {'accuracy': 0.9093021142938725, 'balanced_accuracy': 0.9066251530653382, 'f1_macro': 0.908182491640134, 'f1_micro': 0.9093021142938725, 'f1_weighted': 0.9093440293206599, 'precision_macro': 0.909935866835178, 'precision_micro': 0.9093021142938725, 'precision_weighted': 0.9095600396350929, 'recall_macro': 0.9066251530653382, 'recall_micro': 0.9093021142938725, 'recall_weighted': 0.9093021142938725}
Validation statistic: Loss: 0.1854, dev_score: {'accuracy': 0.9555776562241007, 'balanced_accuracy': 0.9550012846198437, 'f1_macro': 0.9549310656570336, 'f1_micro': 0.9555776562241007, 'f1_weighted': 0.9554882280118577, 'precision_macro': 0.955420919863629, 'precision_micro': 0.9555776562241007, 'precision_weighted': 0.9559591623960076, 'recall_macro': 0.9550012846198437, 'recall_micro': 0.9555776562241007, 'recall_weighted': 0.9555776562241007}
Saving model...
Model saved!
-------------------------------------------
-----------------------
Epoch 20/100
Training statistic: Loss: 0.3900, train_score: {'accuracy': 0.9109893960829104, 'balanced_accuracy': 0.9062675744137619, 'f1_macro': 0.9093779986993054, 'f1_micro': 0.9109893960829104, 'f1_weighted': 0.910822955299586, 'precision_macro': 0.9130354133512361, 'precision_micro': 0.9109893960829104, 'precision_weighted': 0.911084323105014, 'recall_macro': 0.9062675744137619, 'recall_micro': 0.9109893960829104, 'recall_weighted': 0.9109893960829104}
Validation statistic: Loss: 0.1819, dev_score: {'accuracy': 0.9552461461959224, 'balanced_accuracy': 0.9546537108152504, 'f1_macro': 0.9545924928657833, 'f1_micro': 0.9552461461959224, 'f1_weighted': 0.9552010967697232, 'precision_macro': 0.9549423963704413, 'precision_micro': 0.9552461461959224, 'precision_weighted': 0.955550520361694, 'recall_macro': 0.9546537108152504, 'recall_micro': 0.9552461461959224, 'recall_weighted': 0.9552461461959224}
Saving model...
Model saved!
-------------------------------------------
-----------------------
Epoch 21/100
Training statistic: Loss: 0.3870, train_score: {'accuracy': 0.9105870442716784, 'balanced_accuracy': 0.9061618942063335, 'f1_macro': 0.9088867641762797, 'f1_micro': 0.9105870442716784, 'f1_weighted': 0.9105279827224584, 'precision_macro': 0.9123863509960726, 'precision_micro': 0.9105870442716784, 'precision_weighted': 0.9111206996413526, 'recall_macro': 0.9061618942063335, 'recall_micro': 0.9105870442716784, 'recall_weighted': 0.9105870442716784}
Validation statistic: Loss: 0.1851, dev_score: {'accuracy': 0.9549146361677441, 'balanced_accuracy': 0.9541880647120026, 'f1_macro': 0.9542261105219083, 'f1_micro': 0.9549146361677441, 'f1_weighted': 0.9547980743838157, 'precision_macro': 0.9548905375834582, 'precision_micro': 0.9549146361677441, 'precision_weighted': 0.9552921560148145, 'recall_macro': 0.9541880647120026, 'recall_micro': 0.9549146361677441, 'recall_weighted': 0.9549146361677441}
-----------------------
Epoch 22/100
Training statistic: Loss: 0.3813, train_score: {'accuracy': 0.9118719742494841, 'balanced_accuracy': 0.9100889918820831, 'f1_macro': 0.910622267885081, 'f1_micro': 0.9118719742494841, 'f1_weighted': 0.9118851272950106, 'precision_macro': 0.91138681112832, 'precision_micro': 0.9118719742494841, 'precision_weighted': 0.9121285653652246, 'recall_macro': 0.9100889918820831, 'recall_micro': 0.9118719742494841, 'recall_weighted': 0.9118719742494841}
Validation statistic: Loss: 0.1783, dev_score: {'accuracy': 0.9547488811536549, 'balanced_accuracy': 0.9540814251917263, 'f1_macro': 0.954314958903217, 'f1_micro': 0.9547488811536549, 'f1_weighted': 0.9547055060492463, 'precision_macro': 0.9551436928835374, 'precision_micro': 0.9547488811536549, 'precision_weighted': 0.9552498560962781, 'recall_macro': 0.9540814251917263, 'recall_micro': 0.9547488811536549, 'recall_weighted': 0.9547488811536549}
Saving model...
Model saved!
-------------------------------------------
-----------------------
Epoch 23/100
Training statistic: Loss: 0.3777, train_score: {'accuracy': 0.9137539423987956, 'balanced_accuracy': 0.9090837022189223, 'f1_macro': 0.9119627014912426, 'f1_micro': 0.9137539423987956, 'f1_weighted': 0.9136454432788125, 'precision_macro': 0.9153907384778652, 'precision_micro': 0.9137539423987956, 'precision_weighted': 0.9139269949381015, 'recall_macro': 0.9090837022189223, 'recall_micro': 0.9137539423987956, 'recall_weighted': 0.9137539423987956}
Validation statistic: Loss: 0.1776, dev_score: {'accuracy': 0.9562406762804575, 'balanced_accuracy': 0.9555381509296389, 'f1_macro': 0.9555692184657044, 'f1_micro': 0.9562406762804575, 'f1_weighted': 0.9561906427938832, 'precision_macro': 0.9560027224804006, 'precision_micro': 0.9562406762804575, 'precision_weighted': 0.9565300606327085, 'recall_macro': 0.9555381509296389, 'recall_micro': 0.9562406762804575, 'recall_weighted': 0.9562406762804575}
Saving model...
Model saved!
-------------------------------------------
-----------------------
Epoch 24/100
Training statistic: Loss: 0.3722, train_score: {'accuracy': 0.915006424649889, 'balanced_accuracy': 0.9117719693920154, 'f1_macro': 0.9137886488328097, 'f1_micro': 0.915006424649889, 'f1_weighted': 0.9150009905783195, 'precision_macro': 0.9161322306231929, 'precision_micro': 0.915006424649889, 'precision_weighted': 0.9152479230331204, 'recall_macro': 0.9117719693920154, 'recall_micro': 0.915006424649889, 'recall_weighted': 0.915006424649889}
Validation statistic: Loss: 0.1748, dev_score: {'accuracy': 0.9547488811536549, 'balanced_accuracy': 0.9540196938529087, 'f1_macro': 0.9540856989757327, 'f1_micro': 0.9547488811536549, 'f1_weighted': 0.9546771597077727, 'precision_macro': 0.954782454444309, 'precision_micro': 0.9547488811536549, 'precision_weighted': 0.9552173928854555, 'recall_macro': 0.9540196938529087, 'recall_micro': 0.9547488811536549, 'recall_weighted': 0.9547488811536549}
Saving model...
Model saved!
-------------------------------------------
-----------------------
Epoch 25/100
Training statistic: Loss: 0.3667, train_score: {'accuracy': 0.9164600828065985, 'balanced_accuracy': 0.9139985289201258, 'f1_macro': 0.915278415233861, 'f1_micro': 0.9164600828065985, 'f1_weighted': 0.9163750478460062, 'precision_macro': 0.9168453196183446, 'precision_micro': 0.9164600828065985, 'precision_weighted': 0.9165190950384339, 'recall_macro': 0.9139985289201258, 'recall_micro': 0.9164600828065985, 'recall_weighted': 0.9164600828065985}
Validation statistic: Loss: 0.1741, dev_score: {'accuracy': 0.9550803911818333, 'balanced_accuracy': 0.9543421113393024, 'f1_macro': 0.954418457978395, 'f1_micro': 0.9550803911818333, 'f1_weighted': 0.9550250332428825, 'precision_macro': 0.9550238775599504, 'precision_micro': 0.9550803911818333, 'precision_weighted': 0.9554920873009015, 'recall_macro': 0.9543421113393024, 'recall_micro': 0.9550803911818333, 'recall_weighted': 0.9550803911818333}
Saving model...
Model saved!
-------------------------------------------
-----------------------
Epoch 26/100
Training statistic: Loss: 0.3663, train_score: {'accuracy': 0.9165314678053655, 'balanced_accuracy': 0.9136613803531839, 'f1_macro': 0.9151963625213447, 'f1_micro': 0.9165314678053655, 'f1_weighted': 0.9165141128021498, 'precision_macro': 0.9170117120023267, 'precision_micro': 0.9165314678053655, 'precision_weighted': 0.9167164942728993, 'recall_macro': 0.9136613803531839, 'recall_micro': 0.9165314678053655, 'recall_weighted': 0.9165314678053655}
Validation statistic: Loss: 0.1730, dev_score: {'accuracy': 0.9552461461959224, 'balanced_accuracy': 0.9544624090410416, 'f1_macro': 0.9547299170032773, 'f1_micro': 0.9552461461959224, 'f1_weighted': 0.9552051670247129, 'precision_macro': 0.9555974431095062, 'precision_micro': 0.9552461461959224, 'precision_weighted': 0.9557582498671107, 'recall_macro': 0.9544624090410416, 'recall_micro': 0.9552461461959224, 'recall_weighted': 0.9552461461959224}
Saving model...
Model saved!
-------------------------------------------
-----------------------
Epoch 27/100
Training statistic: Loss: 0.3582, train_score: {'accuracy': 0.9195750645709762, 'balanced_accuracy': 0.9168455331758578, 'f1_macro': 0.9182436135732315, 'f1_micro': 0.9195750645709762, 'f1_weighted': 0.919560517106577, 'precision_macro': 0.9199826225063852, 'precision_micro': 0.9195750645709762, 'precision_weighted': 0.9198021005756247, 'recall_macro': 0.9168455331758578, 'recall_micro': 0.9195750645709762, 'recall_weighted': 0.9195750645709762}
Validation statistic: Loss: 0.1678, dev_score: {'accuracy': 0.9564064312945466, 'balanced_accuracy': 0.9557244092612407, 'f1_macro': 0.955900406605964, 'f1_micro': 0.9564064312945466, 'f1_weighted': 0.9563950662117503, 'precision_macro': 0.9565383071907563, 'precision_micro': 0.9564064312945466, 'precision_weighted': 0.9568388619994967, 'recall_macro': 0.9557244092612407, 'recall_micro': 0.9564064312945466, 'recall_weighted': 0.9564064312945466}
Saving model...
Model saved!
-------------------------------------------
-----------------------
Epoch 28/100
Training statistic: Loss: 0.3586, train_score: {'accuracy': 0.9196529391150856, 'balanced_accuracy': 0.9169214807476948, 'f1_macro': 0.9179622584567854, 'f1_micro': 0.9196529391150856, 'f1_weighted': 0.9196179861316078, 'precision_macro': 0.9192677081623838, 'precision_micro': 0.9196529391150856, 'precision_weighted': 0.9197986924640805, 'recall_macro': 0.9169214807476948, 'recall_micro': 0.9196529391150856, 'recall_weighted': 0.9196529391150856}
Validation statistic: Loss: 0.1707, dev_score: {'accuracy': 0.9578982264213493, 'balanced_accuracy': 0.957390562999963, 'f1_macro': 0.9574171877110359, 'f1_micro': 0.9578982264213493, 'f1_weighted': 0.9578797141403529, 'precision_macro': 0.9579319510727149, 'precision_micro': 0.9578982264213493, 'precision_weighted': 0.9583420892488891, 'recall_macro': 0.957390562999963, 'recall_micro': 0.9578982264213493, 'recall_weighted': 0.9578982264213493}
-----------------------
Epoch 29/100
Training statistic: Loss: 0.3538, train_score: {'accuracy': 0.9204251950108375, 'balanced_accuracy': 0.917016865912972, 'f1_macro': 0.9191783853515295, 'f1_micro': 0.9204251950108375, 'f1_weighted': 0.9204525804764602, 'precision_macro': 0.9215974676265188, 'precision_micro': 0.9204251950108375, 'precision_weighted': 0.9206670825657699, 'recall_macro': 0.917016865912972, 'recall_micro': 0.9204251950108375, 'recall_weighted': 0.9204251950108375}
Validation statistic: Loss: 0.1620, dev_score: {'accuracy': 0.9570694513509034, 'balanced_accuracy': 0.9567157507730266, 'f1_macro': 0.9566114642482633, 'f1_micro': 0.9570694513509034, 'f1_weighted': 0.9570609353605298, 'precision_macro': 0.957157151359557, 'precision_micro': 0.9570694513509034, 'precision_weighted': 0.9576956901546168, 'recall_macro': 0.9567157507730266, 'recall_micro': 0.9570694513509034, 'recall_weighted': 0.9570694513509034}
Saving model...
Model saved!
-------------------------------------------
-----------------------
Epoch 30/100
Training statistic: Loss: 0.3481, train_score: {'accuracy': 0.9226900463353538, 'balanced_accuracy': 0.9195567229239513, 'f1_macro': 0.9211549043387223, 'f1_micro': 0.9226900463353538, 'f1_weighted': 0.9226093408339796, 'precision_macro': 0.923008243304489, 'precision_micro': 0.9226900463353538, 'precision_weighted': 0.9227202399393595, 'recall_macro': 0.9195567229239513, 'recall_micro': 0.9226900463353538, 'recall_weighted': 0.9226900463353538}
Validation statistic: Loss: 0.1612, dev_score: {'accuracy': 0.9572352063649925, 'balanced_accuracy': 0.9565781084733637, 'f1_macro': 0.9565563447841372, 'f1_micro': 0.9572352063649925, 'f1_weighted': 0.9571997446144253, 'precision_macro': 0.9570481194800191, 'precision_micro': 0.9572352063649925, 'precision_weighted': 0.9576668295646976, 'recall_macro': 0.9565781084733637, 'recall_micro': 0.9572352063649925, 'recall_weighted': 0.9572352063649925}
Saving model...
Model saved!
-------------------------------------------
-----------------------
Epoch 31/100
Training statistic: Loss: 0.3452, train_score: {'accuracy': 0.9237153944994614, 'balanced_accuracy': 0.9206164046780329, 'f1_macro': 0.9224471055681107, 'f1_micro': 0.9237153944994614, 'f1_weighted': 0.9237441350977472, 'precision_macro': 0.9245185620346085, 'precision_micro': 0.9237153944994614, 'precision_weighted': 0.923972073449727, 'recall_macro': 0.9206164046780329, 'recall_micro': 0.9237153944994614, 'recall_weighted': 0.9237153944994614}
Validation statistic: Loss: 0.1637, dev_score: {'accuracy': 0.9565721863086358, 'balanced_accuracy': 0.9559046732173524, 'f1_macro': 0.955995177378241, 'f1_micro': 0.9565721863086358, 'f1_weighted': 0.9565890489040365, 'precision_macro': 0.9568518443985626, 'precision_micro': 0.9565721863086358, 'precision_weighted': 0.9573550006531965, 'recall_macro': 0.9559046732173524, 'recall_micro': 0.9565721863086358, 'recall_weighted': 0.9565721863086358}
-----------------------
Epoch 32/100
Training statistic: Loss: 0.3437, train_score: {'accuracy': 0.9252663958363077, 'balanced_accuracy': 0.9220835560449079, 'f1_macro': 0.9239049469534034, 'f1_micro': 0.9252663958363077, 'f1_weighted': 0.9252583072735746, 'precision_macro': 0.9261415026488633, 'precision_micro': 0.9252663958363077, 'precision_weighted': 0.9255792355236959, 'recall_macro': 0.9220835560449079, 'recall_micro': 0.9252663958363077, 'recall_weighted': 0.9252663958363077}
Validation statistic: Loss: 0.1578, dev_score: {'accuracy': 0.9575667163931709, 'balanced_accuracy': 0.957100932309847, 'f1_macro': 0.9570226422845771, 'f1_micro': 0.9575667163931709, 'f1_weighted': 0.9575362038079949, 'precision_macro': 0.9575027022925724, 'precision_micro': 0.9575667163931709, 'precision_weighted': 0.9580494092480619, 'recall_macro': 0.957100932309847, 'recall_micro': 0.9575667163931709, 'recall_weighted': 0.9575667163931709}
Saving model...
Model saved!
-------------------------------------------
-----------------------
Epoch 33/100
Training statistic: Loss: 0.3450, train_score: {'accuracy': 0.9233584695056264, 'balanced_accuracy': 0.920981007992412, 'f1_macro': 0.9221820956466467, 'f1_micro': 0.9233584695056264, 'f1_weighted': 0.92344476626188, 'precision_macro': 0.9236606803583955, 'precision_micro': 0.9233584695056264, 'precision_weighted': 0.9237571466436089, 'recall_macro': 0.920981007992412, 'recall_micro': 0.9233584695056264, 'recall_weighted': 0.9233584695056264}
Validation statistic: Loss: 0.1611, dev_score: {'accuracy': 0.9572352063649925, 'balanced_accuracy': 0.9566340893428711, 'f1_macro': 0.9566586652378414, 'f1_micro': 0.9572352063649925, 'f1_weighted': 0.9571899166073619, 'precision_macro': 0.9572203407121791, 'precision_micro': 0.9572352063649925, 'precision_weighted': 0.9576719300746156, 'recall_macro': 0.9566340893428711, 'recall_micro': 0.9572352063649925, 'recall_weighted': 0.9572352063649925}
-----------------------
Epoch 34/100
Training statistic: Loss: 0.3356, train_score: {'accuracy': 0.9267265435383597, 'balanced_accuracy': 0.9237307174289159, 'f1_macro': 0.9254070508065062, 'f1_micro': 0.9267265435383597, 'f1_weighted': 0.9267036643027708, 'precision_macro': 0.9273063417085172, 'precision_micro': 0.9267265435383597, 'precision_weighted': 0.926882351493817, 'recall_macro': 0.9237307174289159, 'recall_micro': 0.9267265435383597, 'recall_weighted': 0.9267265435383597}
Validation statistic: Loss: 0.1564, dev_score: {'accuracy': 0.9570694513509034, 'balanced_accuracy': 0.9565292988199726, 'f1_macro': 0.9567114792671882, 'f1_micro': 0.9570694513509034, 'f1_weighted': 0.9570118151106989, 'precision_macro': 0.9575058073643964, 'precision_micro': 0.9570694513509034, 'precision_weighted': 0.9575743004907306, 'recall_macro': 0.9565292988199726, 'recall_micro': 0.9570694513509034, 'recall_weighted': 0.9570694513509034}
Saving model...
Model saved!
-------------------------------------------
-----------------------
Epoch 35/100
Training statistic: Loss: 0.3360, train_score: {'accuracy': 0.926058120368087, 'balanced_accuracy': 0.9234963730427633, 'f1_macro': 0.9248562567177372, 'f1_micro': 0.926058120368087, 'f1_weighted': 0.9261137132281284, 'precision_macro': 0.9266340400524588, 'precision_micro': 0.926058120368087, 'precision_weighted': 0.9265249547140961, 'recall_macro': 0.9234963730427633, 'recall_micro': 0.926058120368087, 'recall_weighted': 0.926058120368087}
Validation statistic: Loss: 0.1537, dev_score: {'accuracy': 0.9593900215481518, 'balanced_accuracy': 0.9589128411195414, 'f1_macro': 0.9589510691897896, 'f1_micro': 0.9593900215481518, 'f1_weighted': 0.959348852652383, 'precision_macro': 0.9593867303571832, 'precision_micro': 0.9593900215481518, 'precision_weighted': 0.9597025149753324, 'recall_macro': 0.9589128411195414, 'recall_micro': 0.9593900215481518, 'recall_weighted': 0.9593900215481518}
Saving model...
Model saved!
-------------------------------------------
-----------------------
Epoch 36/100
Training statistic: Loss: 0.3295, train_score: {'accuracy': 0.9297506716679429, 'balanced_accuracy': 0.9273720026344117, 'f1_macro': 0.9285041630691125, 'f1_micro': 0.9297506716679429, 'f1_weighted': 0.9297158496456863, 'precision_macro': 0.9298117876311256, 'precision_micro': 0.9297506716679429, 'precision_weighted': 0.9298199323078897, 'recall_macro': 0.9273720026344117, 'recall_micro': 0.9297506716679429, 'recall_weighted': 0.9297506716679429}
Validation statistic: Loss: 0.1492, dev_score: {'accuracy': 0.9607160616608652, 'balanced_accuracy': 0.9600696142793872, 'f1_macro': 0.9601272575234588, 'f1_micro': 0.9607160616608652, 'f1_weighted': 0.9606465631336015, 'precision_macro': 0.9605941115282095, 'precision_micro': 0.9607160616608652, 'precision_weighted': 0.9609801509272483, 'recall_macro': 0.9600696142793872, 'recall_micro': 0.9607160616608652, 'recall_weighted': 0.9607160616608652}
Saving model...
Model saved!
-------------------------------------------
-----------------------
Epoch 37/100
Training statistic: Loss: 0.3250, train_score: {'accuracy': 0.9303996262021883, 'balanced_accuracy': 0.9272149866183541, 'f1_macro': 0.9292320838396588, 'f1_micro': 0.9303996262021883, 'f1_weighted': 0.9303629374045478, 'precision_macro': 0.9316117185148574, 'precision_micro': 0.9303996262021883, 'precision_weighted': 0.9306238284594816, 'recall_macro': 0.9272149866183541, 'recall_micro': 0.9303996262021883, 'recall_weighted': 0.9303996262021883}
Validation statistic: Loss: 0.1565, dev_score: {'accuracy': 0.9597215315763302, 'balanced_accuracy': 0.9591441475206096, 'f1_macro': 0.9591505437560975, 'f1_micro': 0.9597215315763302, 'f1_weighted': 0.959644312929731, 'precision_macro': 0.9596932878131568, 'precision_micro': 0.9597215315763302, 'precision_weighted': 0.9600966954105958, 'recall_macro': 0.9591441475206096, 'recall_micro': 0.9597215315763302, 'recall_weighted': 0.9597215315763302}
-----------------------
Epoch 38/100
Training statistic: Loss: 0.3233, train_score: {'accuracy': 0.9306072916531468, 'balanced_accuracy': 0.9276437504194233, 'f1_macro': 0.9290262657344537, 'f1_micro': 0.9306072916531468, 'f1_weighted': 0.9305360073639449, 'precision_macro': 0.930867890893466, 'precision_micro': 0.9306072916531468, 'precision_weighted': 0.9308023269464363, 'recall_macro': 0.9276437504194233, 'recall_micro': 0.9306072916531468, 'recall_weighted': 0.9306072916531468}
Validation statistic: Loss: 0.1513, dev_score: {'accuracy': 0.9583954914636168, 'balanced_accuracy': 0.9579373581514741, 'f1_macro': 0.957860356149579, 'f1_micro': 0.9583954914636168, 'f1_weighted': 0.9583016650586013, 'precision_macro': 0.9582215798366857, 'precision_micro': 0.9583954914636168, 'precision_weighted': 0.9586411064591414, 'recall_macro': 0.9579373581514741, 'recall_micro': 0.9583954914636168, 'recall_weighted': 0.9583954914636168}
-----------------------
Epoch 39/100
Training statistic: Loss: 0.3212, train_score: {'accuracy': 0.9312237984606798, 'balanced_accuracy': 0.9285174511920413, 'f1_macro': 0.9300807730706662, 'f1_micro': 0.9312237984606798, 'f1_weighted': 0.9312675021699063, 'precision_macro': 0.9319061259535028, 'precision_micro': 0.9312237984606798, 'precision_weighted': 0.9315414133543611, 'recall_macro': 0.9285174511920413, 'recall_micro': 0.9312237984606798, 'recall_weighted': 0.9312237984606798}
Validation statistic: Loss: 0.1498, dev_score: {'accuracy': 0.9592242665340627, 'balanced_accuracy': 0.9586136376718427, 'f1_macro': 0.9587040296520988, 'f1_micro': 0.9592242665340627, 'f1_weighted': 0.9591713100124655, 'precision_macro': 0.9593346570334136, 'precision_micro': 0.9592242665340627, 'precision_weighted': 0.9596492684629744, 'recall_macro': 0.9586136376718427, 'recall_micro': 0.9592242665340627, 'recall_weighted': 0.9592242665340627}
-----------------------
Epoch 40/100
Training statistic: Loss: 0.3188, train_score: {'accuracy': 0.9327942684335535, 'balanced_accuracy': 0.9309218024222599, 'f1_macro': 0.9314358272951052, 'f1_micro': 0.9327942684335535, 'f1_weighted': 0.9327379247353006, 'precision_macro': 0.9321434514718675, 'precision_micro': 0.9327942684335535, 'precision_weighted': 0.9328721656503309, 'recall_macro': 0.9309218024222599, 'recall_micro': 0.9327942684335535, 'recall_weighted': 0.9327942684335535}
Validation statistic: Loss: 0.1475, dev_score: {'accuracy': 0.9603845516326869, 'balanced_accuracy': 0.95994730765504, 'f1_macro': 0.9599810040851832, 'f1_micro': 0.9603845516326869, 'f1_weighted': 0.9602992865997848, 'precision_macro': 0.9605066317022342, 'precision_micro': 0.9603845516326869, 'precision_weighted': 0.9607201365759306, 'recall_macro': 0.95994730765504, 'recall_micro': 0.9603845516326869, 'recall_weighted': 0.9603845516326869}
Saving model...
Model saved!
-------------------------------------------
-----------------------
Epoch 41/100
Training statistic: Loss: 0.3136, train_score: {'accuracy': 0.9337287629628668, 'balanced_accuracy': 0.9318556242370415, 'f1_macro': 0.932723836338269, 'f1_micro': 0.9337287629628668, 'f1_weighted': 0.9338027793055108, 'precision_macro': 0.9337680785893635, 'precision_micro': 0.9337287629628668, 'precision_weighted': 0.93402862338651, 'recall_macro': 0.9318556242370415, 'recall_micro': 0.9337287629628668, 'recall_weighted': 0.9337287629628668}
Validation statistic: Loss: 0.1463, dev_score: {'accuracy': 0.9620421017735786, 'balanced_accuracy': 0.9615236424465021, 'f1_macro': 0.9616054750859948, 'f1_micro': 0.9620421017735786, 'f1_weighted': 0.961956810665452, 'precision_macro': 0.9621620084903094, 'precision_micro': 0.9620421017735786, 'precision_weighted': 0.9623523987002396, 'recall_macro': 0.9615236424465021, 'recall_micro': 0.9620421017735786, 'recall_weighted': 0.9620421017735786}
Saving model...
Model saved!
-------------------------------------------
-----------------------
Epoch 42/100
Training statistic: Loss: 0.3130, train_score: {'accuracy': 0.9331057666099913, 'balanced_accuracy': 0.929488262850046, 'f1_macro': 0.931763122586785, 'f1_micro': 0.9331057666099913, 'f1_weighted': 0.9330927408163537, 'precision_macro': 0.9345902433131734, 'precision_micro': 0.9331057666099913, 'precision_weighted': 0.9334974313838209, 'recall_macro': 0.929488262850046, 'recall_micro': 0.9331057666099913, 'recall_weighted': 0.9331057666099913}
Validation statistic: Loss: 0.1476, dev_score: {'accuracy': 0.9603845516326869, 'balanced_accuracy': 0.9600345501776374, 'f1_macro': 0.9600067231068186, 'f1_micro': 0.9603845516326869, 'f1_weighted': 0.9603394950740386, 'precision_macro': 0.9603913454128232, 'precision_micro': 0.9603845516326869, 'precision_weighted': 0.9607070904829095, 'recall_macro': 0.9600345501776374, 'recall_micro': 0.9603845516326869, 'recall_weighted': 0.9603845516326869}
-----------------------
Epoch 43/100
Training statistic: Loss: 0.3121, train_score: {'accuracy': 0.9353771074798499, 'balanced_accuracy': 0.9340428609075255, 'f1_macro': 0.9343144400358796, 'f1_micro': 0.9353771074798499, 'f1_weighted': 0.9354155627136387, 'precision_macro': 0.9348240562651133, 'precision_micro': 0.9353771074798499, 'precision_weighted': 0.9356818527253358, 'recall_macro': 0.9340428609075255, 'recall_micro': 0.9353771074798499, 'recall_weighted': 0.9353771074798499}
Validation statistic: Loss: 0.1500, dev_score: {'accuracy': 0.9598872865904193, 'balanced_accuracy': 0.9593299039243183, 'f1_macro': 0.9594271059245726, 'f1_micro': 0.9598872865904193, 'f1_weighted': 0.9598440139580177, 'precision_macro': 0.9601298757391877, 'precision_micro': 0.9598872865904193, 'precision_weighted': 0.9604034932883307, 'recall_macro': 0.9593299039243183, 'recall_micro': 0.9598872865904193, 'recall_weighted': 0.9598872865904193}
-----------------------
Epoch 44/100
Training statistic: Loss: 0.3121, train_score: {'accuracy': 0.935578283385466, 'balanced_accuracy': 0.9324806954605629, 'f1_macro': 0.934279153311769, 'f1_micro': 0.935578283385466, 'f1_weighted': 0.9355797144657299, 'precision_macro': 0.9363123056431691, 'precision_micro': 0.935578283385466, 'precision_weighted': 0.9357840252694517, 'recall_macro': 0.9324806954605629, 'recall_micro': 0.935578283385466, 'recall_weighted': 0.935578283385466}
Validation statistic: Loss: 0.1490, dev_score: {'accuracy': 0.9597215315763302, 'balanced_accuracy': 0.959210315459389, 'f1_macro': 0.9591624297865093, 'f1_micro': 0.9597215315763302, 'f1_weighted': 0.9596655772699856, 'precision_macro': 0.9596889744619157, 'precision_micro': 0.9597215315763302, 'precision_weighted': 0.9601776622563719, 'recall_macro': 0.959210315459389, 'recall_micro': 0.9597215315763302, 'recall_weighted': 0.9597215315763302}
-----------------------
Epoch 45/100
Training statistic: Loss: 0.3058, train_score: {'accuracy': 0.9379664360714889, 'balanced_accuracy': 0.9359174406289282, 'f1_macro': 0.9368187090373213, 'f1_micro': 0.9379664360714889, 'f1_weighted': 0.9379557887599845, 'precision_macro': 0.9378664767326199, 'precision_micro': 0.9379664360714889, 'precision_weighted': 0.9380764513998949, 'recall_macro': 0.9359174406289282, 'recall_micro': 0.9379664360714889, 'recall_weighted': 0.9379664360714889}
Validation statistic: Loss: 0.1494, dev_score: {'accuracy': 0.9605503066467761, 'balanced_accuracy': 0.9599845249169352, 'f1_macro': 0.9600331741405496, 'f1_micro': 0.9605503066467761, 'f1_weighted': 0.9604705243531226, 'precision_macro': 0.9607373276162591, 'precision_micro': 0.9605503066467761, 'precision_weighted': 0.961035343386351, 'recall_macro': 0.9599845249169352, 'recall_micro': 0.9605503066467761, 'recall_weighted': 0.9605503066467761}
-----------------------
Epoch 46/100
Training statistic: Loss: 0.3063, train_score: {'accuracy': 0.9367269329110802, 'balanced_accuracy': 0.9344894427361499, 'f1_macro': 0.9355785756313659, 'f1_micro': 0.9367269329110802, 'f1_weighted': 0.9367539352631521, 'precision_macro': 0.9367677105514913, 'precision_micro': 0.9367269329110802, 'precision_weighted': 0.9368715045214995, 'recall_macro': 0.9344894427361499, 'recall_micro': 0.9367269329110802, 'recall_weighted': 0.9367269329110802}
Validation statistic: Loss: 0.1480, dev_score: {'accuracy': 0.9597215315763302, 'balanced_accuracy': 0.9592068710846025, 'f1_macro': 0.9592871058710968, 'f1_micro': 0.9597215315763302, 'f1_weighted': 0.9596722540277581, 'precision_macro': 0.9599094833076304, 'precision_micro': 0.9597215315763302, 'precision_weighted': 0.9601615184366833, 'recall_macro': 0.9592068710846025, 'recall_micro': 0.9597215315763302, 'recall_weighted': 0.9597215315763302}
-----------------------
Epoch 47/100
Training statistic: Loss: 0.3016, train_score: {'accuracy': 0.9377003647124482, 'balanced_accuracy': 0.9355429431694683, 'f1_macro': 0.9365083701165438, 'f1_micro': 0.9377003647124482, 'f1_weighted': 0.9377284983476474, 'precision_macro': 0.9376790707037314, 'precision_micro': 0.9377003647124482, 'precision_weighted': 0.9379394035897193, 'recall_macro': 0.9355429431694683, 'recall_micro': 0.9377003647124482, 'recall_weighted': 0.9377003647124482}
Validation statistic: Loss: 0.1476, dev_score: {'accuracy': 0.9587270014917951, 'balanced_accuracy': 0.9582405050126696, 'f1_macro': 0.958196160759296, 'f1_micro': 0.9587270014917951, 'f1_weighted': 0.9587017495025814, 'precision_macro': 0.9586362620929648, 'precision_micro': 0.9587270014917951, 'precision_weighted': 0.9591566404458438, 'recall_macro': 0.9582405050126696, 'recall_micro': 0.9587270014917951, 'recall_weighted': 0.9587270014917951}
-----------------------
Epoch 48/100
Training statistic: Loss: 0.2970, train_score: {'accuracy': 0.9373758874453256, 'balanced_accuracy': 0.9339358984196424, 'f1_macro': 0.9361646615414261, 'f1_micro': 0.9373758874453256, 'f1_weighted': 0.9373721250199133, 'precision_macro': 0.9386522614050961, 'precision_micro': 0.9373758874453256, 'precision_weighted': 0.9375654603408202, 'recall_macro': 0.9339358984196424, 'recall_micro': 0.9373758874453256, 'recall_weighted': 0.9373758874453256}
Validation statistic: Loss: 0.1427, dev_score: {'accuracy': 0.9610475716890436, 'balanced_accuracy': 0.9604382295106106, 'f1_macro': 0.9606201912953676, 'f1_micro': 0.9610475716890436, 'f1_weighted': 0.9610360677652929, 'precision_macro': 0.9610610856720209, 'precision_micro': 0.9610475716890436, 'precision_weighted': 0.9612774797342426, 'recall_macro': 0.9604382295106106, 'recall_micro': 0.9610475716890436, 'recall_weighted': 0.9610475716890436}
Saving model...
Model saved!
-------------------------------------------
-----------------------
Epoch 49/100
Training statistic: Loss: 0.2945, train_score: {'accuracy': 0.939958726491622, 'balanced_accuracy': 0.9377117925628798, 'f1_macro': 0.9387827181320485, 'f1_micro': 0.939958726491622, 'f1_weighted': 0.9399132692329852, 'precision_macro': 0.9400122499303709, 'precision_micro': 0.939958726491622, 'precision_weighted': 0.9400143625266342, 'recall_macro': 0.9377117925628798, 'recall_micro': 0.939958726491622, 'recall_weighted': 0.939958726491622}
Validation statistic: Loss: 0.1434, dev_score: {'accuracy': 0.9587270014917951, 'balanced_accuracy': 0.9581444885270012, 'f1_macro': 0.9582171435962572, 'f1_micro': 0.9587270014917951, 'f1_weighted': 0.9586691665500527, 'precision_macro': 0.958863693147937, 'precision_micro': 0.9587270014917951, 'precision_weighted': 0.9591783364708389, 'recall_macro': 0.9581444885270012, 'recall_micro': 0.9587270014917951, 'recall_weighted': 0.9587270014917951}
-----------------------
Epoch 50/100
Training statistic: Loss: 0.2988, train_score: {'accuracy': 0.9392189183225823, 'balanced_accuracy': 0.9362071963802224, 'f1_macro': 0.9380131211749987, 'f1_micro': 0.9392189183225823, 'f1_weighted': 0.9391719828838537, 'precision_macro': 0.9401987524440182, 'precision_micro': 0.9392189183225823, 'precision_weighted': 0.9394094301758201, 'recall_macro': 0.9362071963802224, 'recall_micro': 0.9392189183225823, 'recall_weighted': 0.9392189183225823}
Validation statistic: Loss: 0.1463, dev_score: {'accuracy': 0.961379081717222, 'balanced_accuracy': 0.9607888857123529, 'f1_macro': 0.9608522672119765, 'f1_micro': 0.961379081717222, 'f1_weighted': 0.9613261905670867, 'precision_macro': 0.9613410202247307, 'precision_micro': 0.961379081717222, 'precision_weighted': 0.9616907591799777, 'recall_macro': 0.9607888857123529, 'recall_micro': 0.961379081717222, 'recall_weighted': 0.961379081717222}
-----------------------
Epoch 51/100
Training statistic: Loss: 0.2917, train_score: {'accuracy': 0.9424896491751787, 'balanced_accuracy': 0.9392740663357134, 'f1_macro': 0.9412181227894939, 'f1_micro': 0.9424896491751787, 'f1_weighted': 0.9424316648011891, 'precision_macro': 0.9433569006876196, 'precision_micro': 0.9424896491751787, 'precision_weighted': 0.9425427908905682, 'recall_macro': 0.9392740663357134, 'recall_micro': 0.9424896491751787, 'recall_weighted': 0.9424896491751787}
Validation statistic: Loss: 0.1422, dev_score: {'accuracy': 0.9615448367313111, 'balanced_accuracy': 0.9610239467394749, 'f1_macro': 0.9610736043058988, 'f1_micro': 0.9615448367313111, 'f1_weighted': 0.9615145253442569, 'precision_macro': 0.9616085748309798, 'precision_micro': 0.9615448367313111, 'precision_weighted': 0.9619667554785908, 'recall_macro': 0.9610239467394749, 'recall_micro': 0.9615448367313111, 'recall_weighted': 0.9615448367313111}
Saving model...
Model saved!
-------------------------------------------
-----------------------
Epoch 52/100
Training statistic: Loss: 0.2935, train_score: {'accuracy': 0.94093215829299, 'balanced_accuracy': 0.9391462452914541, 'f1_macro': 0.9399666614714681, 'f1_micro': 0.94093215829299, 'f1_weighted': 0.9409474898720362, 'precision_macro': 0.940961242835653, 'precision_micro': 0.94093215829299, 'precision_weighted': 0.941117592432335, 'recall_macro': 0.9391462452914541, 'recall_micro': 0.94093215829299, 'recall_weighted': 0.94093215829299}
Validation statistic: Loss: 0.1453, dev_score: {'accuracy': 0.9587270014917951, 'balanced_accuracy': 0.9581574531184996, 'f1_macro': 0.9582533239734536, 'f1_micro': 0.9587270014917951, 'f1_weighted': 0.9586583357446108, 'precision_macro': 0.958788954153108, 'precision_micro': 0.9587270014917951, 'precision_weighted': 0.9590198131902, 'recall_macro': 0.9581574531184996, 'recall_micro': 0.9587270014917951, 'recall_weighted': 0.9587270014917951}
-----------------------
Epoch 53/100
Training statistic: Loss: 0.2904, train_score: {'accuracy': 0.9414643010110711, 'balanced_accuracy': 0.9392247548886623, 'f1_macro': 0.9403837531763377, 'f1_micro': 0.9414643010110711, 'f1_weighted': 0.9415542801158645, 'precision_macro': 0.9417389718699338, 'precision_micro': 0.9414643010110711, 'precision_weighted': 0.941824899992596, 'recall_macro': 0.9392247548886623, 'recall_micro': 0.9414643010110711, 'recall_weighted': 0.9414643010110711}
Validation statistic: Loss: 0.1375, dev_score: {'accuracy': 0.9603845516326869, 'balanced_accuracy': 0.9599093086301627, 'f1_macro': 0.9598717780168929, 'f1_micro': 0.9603845516326869, 'f1_weighted': 0.9603498476282712, 'precision_macro': 0.9603318161707671, 'precision_micro': 0.9603845516326869, 'precision_weighted': 0.9608042777428278, 'recall_macro': 0.9599093086301627, 'recall_micro': 0.9603845516326869, 'recall_weighted': 0.9603845516326869}
Saving model...
Model saved!
-------------------------------------------
-----------------------
Epoch 54/100
Training statistic: Loss: 0.2883, train_score: {'accuracy': 0.943222967798876, 'balanced_accuracy': 0.9421338544470693, 'f1_macro': 0.9423003116100676, 'f1_micro': 0.943222967798876, 'f1_weighted': 0.9432632881657954, 'precision_macro': 0.9425063518586774, 'precision_micro': 0.943222967798876, 'precision_weighted': 0.9433474802425388, 'recall_macro': 0.9421338544470693, 'recall_micro': 0.943222967798876, 'recall_weighted': 0.943222967798876}
Validation statistic: Loss: 0.1404, dev_score: {'accuracy': 0.9598872865904193, 'balanced_accuracy': 0.9591127514726558, 'f1_macro': 0.9592842643592443, 'f1_micro': 0.9598872865904193, 'f1_weighted': 0.9597898686021882, 'precision_macro': 0.9599433258696681, 'precision_micro': 0.9598872865904193, 'precision_weighted': 0.960175715177899, 'recall_macro': 0.9591127514726558, 'recall_micro': 0.9598872865904193, 'recall_weighted': 0.9598872865904193}
-----------------------
Epoch 55/100
Training statistic: Loss: 0.2865, train_score: {'accuracy': 0.9425610341739458, 'balanced_accuracy': 0.9400528327741217, 'f1_macro': 0.941607208195918, 'f1_micro': 0.9425610341739458, 'f1_weighted': 0.9426007432211072, 'precision_macro': 0.9434221508719027, 'precision_micro': 0.9425610341739458, 'precision_weighted': 0.9428869346944413, 'recall_macro': 0.9400528327741217, 'recall_micro': 0.9425610341739458, 'recall_weighted': 0.9425610341739458}
Validation statistic: Loss: 0.1450, dev_score: {'accuracy': 0.9597215315763302, 'balanced_accuracy': 0.9592822894289984, 'f1_macro': 0.9592835696931795, 'f1_micro': 0.9597215315763302, 'f1_weighted': 0.959653942290591, 'precision_macro': 0.9598207468989924, 'precision_micro': 0.9597215315763302, 'precision_weighted': 0.9601146732839572, 'recall_macro': 0.9592822894289984, 'recall_micro': 0.9597215315763302, 'recall_weighted': 0.9597215315763302}
-----------------------
Epoch 56/100
Training statistic: Loss: 0.2867, train_score: {'accuracy': 0.9438654327877789, 'balanced_accuracy': 0.9431973520693132, 'f1_macro': 0.9430116550449522, 'f1_micro': 0.9438654327877789, 'f1_weighted': 0.9439238783716609, 'precision_macro': 0.9429158127707572, 'precision_micro': 0.9438654327877789, 'precision_weighted': 0.9440819130620962, 'recall_macro': 0.9431973520693132, 'recall_micro': 0.9438654327877789, 'recall_weighted': 0.9438654327877789}
Validation statistic: Loss: 0.1410, dev_score: {'accuracy': 0.9592242665340627, 'balanced_accuracy': 0.9586543586976999, 'f1_macro': 0.9588238255778199, 'f1_micro': 0.9592242665340627, 'f1_weighted': 0.9591855901865193, 'precision_macro': 0.9595992328847618, 'precision_micro': 0.9592242665340627, 'precision_weighted': 0.9597531443668558, 'recall_macro': 0.9586543586976999, 'recall_micro': 0.9592242665340627, 'recall_weighted': 0.9592242665340627}
-----------------------
Epoch 57/100
Training statistic: Loss: 0.2834, train_score: {'accuracy': 0.9434111646138071, 'balanced_accuracy': 0.9415585614698877, 'f1_macro': 0.9427202149466083, 'f1_micro': 0.9434111646138071, 'f1_weighted': 0.9434299989719507, 'precision_macro': 0.9440222241205122, 'precision_micro': 0.9434111646138071, 'precision_weighted': 0.9435905190232227, 'recall_macro': 0.9415585614698877, 'recall_micro': 0.9434111646138071, 'recall_weighted': 0.9434111646138071}
Validation statistic: Loss: 0.1417, dev_score: {'accuracy': 0.9600530416045086, 'balanced_accuracy': 0.9594792511168304, 'f1_macro': 0.9595823051224665, 'f1_micro': 0.9600530416045086, 'f1_weighted': 0.9599900776141564, 'precision_macro': 0.9603516927816088, 'precision_micro': 0.9600530416045086, 'precision_weighted': 0.9605872573410298, 'recall_macro': 0.9594792511168304, 'recall_micro': 0.9600530416045086, 'recall_weighted': 0.9600530416045086}
-----------------------
Epoch 58/100
Training statistic: Loss: 0.2789, train_score: {'accuracy': 0.9432359468895609, 'balanced_accuracy': 0.9401750549292716, 'f1_macro': 0.9421731359012295, 'f1_micro': 0.9432359468895609, 'f1_weighted': 0.9431877819534297, 'precision_macro': 0.944420213462616, 'precision_micro': 0.9432359468895609, 'precision_weighted': 0.9433617064661259, 'recall_macro': 0.9401750549292716, 'recall_micro': 0.9432359468895609, 'recall_weighted': 0.9432359468895609}
Validation statistic: Loss: 0.1383, dev_score: {'accuracy': 0.9600530416045086, 'balanced_accuracy': 0.9595028238118759, 'f1_macro': 0.9595145397375097, 'f1_micro': 0.9600530416045086, 'f1_weighted': 0.9599731596055968, 'precision_macro': 0.960114736532025, 'precision_micro': 0.9600530416045086, 'precision_weighted': 0.9604709589736705, 'recall_macro': 0.9595028238118759, 'recall_micro': 0.9600530416045086, 'recall_weighted': 0.9600530416045086}
-----------------------
Epoch 59/100
Training statistic: Loss: 0.2771, train_score: {'accuracy': 0.9455462250314743, 'balanced_accuracy': 0.9431165197034774, 'f1_macro': 0.9444013137266107, 'f1_micro': 0.9455462250314743, 'f1_weighted': 0.9455623562701071, 'precision_macro': 0.9457787584952919, 'precision_micro': 0.9455462250314743, 'precision_weighted': 0.9456681563219173, 'recall_macro': 0.9431165197034774, 'recall_micro': 0.9455462250314743, 'recall_weighted': 0.9455462250314743}
Validation statistic: Loss: 0.1423, dev_score: {'accuracy': 0.9585612464777059, 'balanced_accuracy': 0.9578787708275446, 'f1_macro': 0.9580487106017481, 'f1_micro': 0.9585612464777059, 'f1_weighted': 0.9584782051458639, 'precision_macro': 0.9587904618781119, 'precision_micro': 0.9585612464777059, 'precision_weighted': 0.9589543112367378, 'recall_macro': 0.9578787708275446, 'recall_micro': 0.9585612464777059, 'recall_weighted': 0.9585612464777059}
-----------------------
Epoch 60/100
Training statistic: Loss: 0.2799, train_score: {'accuracy': 0.9457928277544875, 'balanced_accuracy': 0.9449210116880622, 'f1_macro': 0.9447879288303296, 'f1_micro': 0.9457928277544875, 'f1_weighted': 0.9458181524715734, 'precision_macro': 0.9446888765441704, 'precision_micro': 0.9457928277544875, 'precision_weighted': 0.9458803693326339, 'recall_macro': 0.9449210116880622, 'recall_micro': 0.9457928277544875, 'recall_weighted': 0.9457928277544875}
Validation statistic: Loss: 0.1393, dev_score: {'accuracy': 0.9590585115199735, 'balanced_accuracy': 0.9583780695201775, 'f1_macro': 0.958469406147717, 'f1_micro': 0.9590585115199735, 'f1_weighted': 0.9589776850477723, 'precision_macro': 0.9591899200963605, 'precision_micro': 0.9590585115199735, 'precision_weighted': 0.9595158009247499, 'recall_macro': 0.9583780695201775, 'recall_micro': 0.9590585115199735, 'recall_weighted': 0.9590585115199735}
-----------------------
Epoch 61/100
Training statistic: Loss: 0.2764, train_score: {'accuracy': 0.9454294132153102, 'balanced_accuracy': 0.9428834726617261, 'f1_macro': 0.9444385722021298, 'f1_micro': 0.9454294132153102, 'f1_weighted': 0.945462286038748, 'precision_macro': 0.9462846284801735, 'precision_micro': 0.9454294132153102, 'precision_weighted': 0.9457537448350262, 'recall_macro': 0.9428834726617261, 'recall_micro': 0.9454294132153102, 'recall_weighted': 0.9454294132153102}
Validation statistic: Loss: 0.1386, dev_score: {'accuracy': 0.9600530416045086, 'balanced_accuracy': 0.9595322840967333, 'f1_macro': 0.959626863752779, 'f1_micro': 0.9600530416045086, 'f1_weighted': 0.9600097557301762, 'precision_macro': 0.9601396581333776, 'precision_micro': 0.9600530416045086, 'precision_weighted': 0.9603709883032314, 'recall_macro': 0.9595322840967333, 'recall_micro': 0.9600530416045086, 'recall_weighted': 0.9600530416045086}
-----------------------
Epoch 62/100
Training statistic: Loss: 0.2702, train_score: {'accuracy': 0.9471751009124301, 'balanced_accuracy': 0.9462136605954914, 'f1_macro': 0.9462083287659183, 'f1_micro': 0.9471751009124301, 'f1_weighted': 0.9472345952693787, 'precision_macro': 0.9463012756042861, 'precision_micro': 0.9471751009124301, 'precision_weighted': 0.9473941901079769, 'recall_macro': 0.9462136605954914, 'recall_micro': 0.9471751009124301, 'recall_weighted': 0.9471751009124301}
Validation statistic: Loss: 0.1373, dev_score: {'accuracy': 0.9608818166749544, 'balanced_accuracy': 0.960272250084573, 'f1_macro': 0.9604091340869655, 'f1_micro': 0.9608818166749544, 'f1_weighted': 0.9608126951117723, 'precision_macro': 0.9610439566687079, 'precision_micro': 0.9608818166749544, 'precision_weighted': 0.9612295629553371, 'recall_macro': 0.960272250084573, 'recall_micro': 0.9608818166749544, 'recall_weighted': 0.9608818166749544}
Saving model...
Model saved!
-------------------------------------------
-----------------------
Epoch 63/100
Training statistic: Loss: 0.2688, train_score: {'accuracy': 0.948090126805716, 'balanced_accuracy': 0.9471721168593839, 'f1_macro': 0.9470522672970138, 'f1_micro': 0.948090126805716, 'f1_weighted': 0.9481342304919662, 'precision_macro': 0.9470267579497245, 'precision_micro': 0.948090126805716, 'precision_weighted': 0.948261555059238, 'recall_macro': 0.9471721168593839, 'recall_micro': 0.948090126805716, 'recall_weighted': 0.948090126805716}
Validation statistic: Loss: 0.1340, dev_score: {'accuracy': 0.9603845516326869, 'balanced_accuracy': 0.9598674117799229, 'f1_macro': 0.960032306008543, 'f1_micro': 0.9603845516326869, 'f1_weighted': 0.9603379328113649, 'precision_macro': 0.9607027076578044, 'precision_micro': 0.9603845516326869, 'precision_weighted': 0.9607887968737663, 'recall_macro': 0.9598674117799229, 'recall_micro': 0.9603845516326869, 'recall_weighted': 0.9603845516326869}
Saving model...
Model saved!
-------------------------------------------
-----------------------
Epoch 64/100
Training statistic: Loss: 0.2701, train_score: {'accuracy': 0.9478435240827028, 'balanced_accuracy': 0.9461569538033391, 'f1_macro': 0.9468313137780611, 'f1_micro': 0.9478435240827028, 'f1_weighted': 0.9478847827641164, 'precision_macro': 0.9477760768803831, 'precision_micro': 0.9478435240827028, 'precision_weighted': 0.9481862197959707, 'recall_macro': 0.9461569538033391, 'recall_micro': 0.9478435240827028, 'recall_weighted': 0.9478435240827028}
Validation statistic: Loss: 0.1356, dev_score: {'accuracy': 0.9618763467594895, 'balanced_accuracy': 0.9613810072186355, 'f1_macro': 0.9614551817699756, 'f1_micro': 0.9618763467594895, 'f1_weighted': 0.961853877207116, 'precision_macro': 0.9620003239648914, 'precision_micro': 0.9618763467594895, 'precision_weighted': 0.9622888374223327, 'recall_macro': 0.9613810072186355, 'recall_micro': 0.9618763467594895, 'recall_weighted': 0.9618763467594895}
-----------------------
Epoch 65/100
Training statistic: Loss: 0.2684, train_score: {'accuracy': 0.9487390813399613, 'balanced_accuracy': 0.9473863088095221, 'f1_macro': 0.9475951155510469, 'f1_micro': 0.9487390813399613, 'f1_weighted': 0.948780316426623, 'precision_macro': 0.9478885279261107, 'precision_micro': 0.9487390813399613, 'precision_weighted': 0.9488971125954355, 'recall_macro': 0.9473863088095221, 'recall_micro': 0.9487390813399613, 'recall_weighted': 0.9487390813399613}
Validation statistic: Loss: 0.1344, dev_score: {'accuracy': 0.9612133267031328, 'balanced_accuracy': 0.9606160362533306, 'f1_macro': 0.960762700426943, 'f1_micro': 0.9612133267031328, 'f1_weighted': 0.9611819646707217, 'precision_macro': 0.9612865669858358, 'precision_micro': 0.9612133267031328, 'precision_weighted': 0.9615241493606456, 'recall_macro': 0.9606160362533306, 'recall_micro': 0.9612133267031328, 'recall_weighted': 0.9612133267031328}
-----------------------
Epoch 66/100
Training statistic: Loss: 0.2646, train_score: {'accuracy': 0.9499136890469454, 'balanced_accuracy': 0.9471966705993999, 'f1_macro': 0.9488843900508785, 'f1_micro': 0.9499136890469454, 'f1_weighted': 0.9499066916940591, 'precision_macro': 0.9507044346035162, 'precision_micro': 0.9499136890469454, 'precision_weighted': 0.9500019309420819, 'recall_macro': 0.9471966705993999, 'recall_micro': 0.9499136890469454, 'recall_weighted': 0.9499136890469454}
Validation statistic: Loss: 0.1367, dev_score: {'accuracy': 0.9598872865904193, 'balanced_accuracy': 0.9592497082839945, 'f1_macro': 0.9592940243377888, 'f1_micro': 0.9598872865904193, 'f1_weighted': 0.9598807035981958, 'precision_macro': 0.9598055284431846, 'precision_micro': 0.9598872865904193, 'precision_weighted': 0.9603282858727716, 'recall_macro': 0.9592497082839945, 'recall_micro': 0.9598872865904193, 'recall_weighted': 0.9598872865904193}
-----------------------
Epoch 67/100
Training statistic: Loss: 0.2667, train_score: {'accuracy': 0.9492452658766727, 'balanced_accuracy': 0.9471982911249348, 'f1_macro': 0.9482381037195564, 'f1_micro': 0.9492452658766727, 'f1_weighted': 0.9492519540736937, 'precision_macro': 0.9494385813482473, 'precision_micro': 0.9492452658766727, 'precision_weighted': 0.9493861798235091, 'recall_macro': 0.9471982911249348, 'recall_micro': 0.9492452658766727, 'recall_weighted': 0.9492452658766727}
Validation statistic: Loss: 0.1382, dev_score: {'accuracy': 0.9608818166749544, 'balanced_accuracy': 0.9603209882537704, 'f1_macro': 0.9602812852518253, 'f1_micro': 0.9608818166749544, 'f1_weighted': 0.9608171071531278, 'precision_macro': 0.9608194765121612, 'precision_micro': 0.9608818166749544, 'precision_weighted': 0.9613131344540702, 'recall_macro': 0.9603209882537704, 'recall_micro': 0.9608818166749544, 'recall_weighted': 0.9608818166749544}
-----------------------
Epoch 68/100
Training statistic: Loss: 0.2657, train_score: {'accuracy': 0.949621659506535, 'balanced_accuracy': 0.9473760875614392, 'f1_macro': 0.9485662817865155, 'f1_micro': 0.949621659506535, 'f1_weighted': 0.9496489652361911, 'precision_macro': 0.949933404016222, 'precision_micro': 0.949621659506535, 'precision_weighted': 0.9498407062335552, 'recall_macro': 0.9473760875614392, 'recall_micro': 0.949621659506535, 'recall_weighted': 0.949621659506535}
Validation statistic: Loss: 0.1358, dev_score: {'accuracy': 0.9598872865904193, 'balanced_accuracy': 0.9592103144643958, 'f1_macro': 0.9592829525922584, 'f1_micro': 0.9598872865904193, 'f1_weighted': 0.9598645501766404, 'precision_macro': 0.9599019337184218, 'precision_micro': 0.9598872865904193, 'precision_weighted': 0.9603756163569364, 'recall_macro': 0.9592103144643958, 'recall_micro': 0.9598872865904193, 'recall_weighted': 0.9598872865904193}
-----------------------
Epoch 69/100
Training statistic: Loss: 0.2644, train_score: {'accuracy': 0.9496151699611926, 'balanced_accuracy': 0.9483020879010777, 'f1_macro': 0.9485748737392523, 'f1_micro': 0.9496151699611926, 'f1_weighted': 0.9496670748176053, 'precision_macro': 0.9490326324077107, 'precision_micro': 0.9496151699611926, 'precision_weighted': 0.9498985181876674, 'recall_macro': 0.9483020879010777, 'recall_micro': 0.9496151699611926, 'recall_weighted': 0.9496151699611926}
Validation statistic: Loss: 0.1394, dev_score: {'accuracy': 0.9600530416045086, 'balanced_accuracy': 0.9593355836979253, 'f1_macro': 0.959496715539711, 'f1_micro': 0.9600530416045086, 'f1_weighted': 0.9599892599484269, 'precision_macro': 0.9604404409515432, 'precision_micro': 0.9600530416045086, 'precision_weighted': 0.9606856678016511, 'recall_macro': 0.9593355836979253, 'recall_micro': 0.9600530416045086, 'recall_weighted': 0.9600530416045086}
-----------------------
Epoch 70/100
Training statistic: Loss: 0.2639, train_score: {'accuracy': 0.9501018858618765, 'balanced_accuracy': 0.9489748937071896, 'f1_macro': 0.9491965108960055, 'f1_micro': 0.9501018858618765, 'f1_weighted': 0.9501661464565714, 'precision_macro': 0.9495494643976892, 'precision_micro': 0.9501018858618765, 'precision_weighted': 0.9503725950614884, 'recall_macro': 0.9489748937071896, 'recall_micro': 0.9501018858618765, 'recall_weighted': 0.9501018858618765}
Validation statistic: Loss: 0.1385, dev_score: {'accuracy': 0.9607160616608652, 'balanced_accuracy': 0.9601177171115995, 'f1_macro': 0.9602149231800494, 'f1_micro': 0.9607160616608652, 'f1_weighted': 0.9606937896449276, 'precision_macro': 0.9609180166198621, 'precision_micro': 0.9607160616608652, 'precision_weighted': 0.9612561158027175, 'recall_macro': 0.9601177171115995, 'recall_micro': 0.9607160616608652, 'recall_weighted': 0.9607160616608652}
-----------------------
Epoch 71/100
Training statistic: Loss: 0.2606, train_score: {'accuracy': 0.9528534530870767, 'balanced_accuracy': 0.9522376656340434, 'f1_macro': 0.9520604941129953, 'f1_micro': 0.9528534530870767, 'f1_weighted': 0.9528742085611077, 'precision_macro': 0.9519690517772416, 'precision_micro': 0.9528534530870767, 'precision_weighted': 0.9529846737086748, 'recall_macro': 0.9522376656340434, 'recall_micro': 0.9528534530870767, 'recall_weighted': 0.9528534530870767}
Validation statistic: Loss: 0.1344, dev_score: {'accuracy': 0.9598872865904193, 'balanced_accuracy': 0.9592397179128156, 'f1_macro': 0.9593898167825328, 'f1_micro': 0.9598872865904193, 'f1_weighted': 0.9598529138109927, 'precision_macro': 0.9600841544353417, 'precision_micro': 0.9598872865904193, 'precision_weighted': 0.9603555576227514, 'recall_macro': 0.9592397179128156, 'recall_micro': 0.9598872865904193, 'recall_weighted': 0.9598872865904193}
-----------------------
Epoch 72/100
Training statistic: Loss: 0.2543, train_score: {'accuracy': 0.9528923903591314, 'balanced_accuracy': 0.9515916702432257, 'f1_macro': 0.9521113104604284, 'f1_micro': 0.9528923903591314, 'f1_weighted': 0.9529279531212574, 'precision_macro': 0.952739196321545, 'precision_micro': 0.9528923903591314, 'precision_weighted': 0.9530696703513218, 'recall_macro': 0.9515916702432257, 'recall_micro': 0.9528923903591314, 'recall_weighted': 0.9528923903591314}
Validation statistic: Loss: 0.1292, dev_score: {'accuracy': 0.962373611801757, 'balanced_accuracy': 0.9617614495561517, 'f1_macro': 0.9619407955514285, 'f1_micro': 0.962373611801757, 'f1_weighted': 0.9623378226532944, 'precision_macro': 0.9624934246123968, 'precision_micro': 0.962373611801757, 'precision_weighted': 0.9626695350105533, 'recall_macro': 0.9617614495561517, 'recall_micro': 0.962373611801757, 'recall_weighted': 0.962373611801757}
Saving model...
Model saved!
-------------------------------------------
-----------------------
Epoch 73/100
Training statistic: Loss: 0.2511, train_score: {'accuracy': 0.9537554998896778, 'balanced_accuracy': 0.9523187081670039, 'f1_macro': 0.9527740714655583, 'f1_micro': 0.9537554998896778, 'f1_weighted': 0.9537756131337213, 'precision_macro': 0.9533172217137169, 'precision_micro': 0.9537554998896778, 'precision_weighted': 0.9538849963942734, 'recall_macro': 0.9523187081670039, 'recall_micro': 0.9537554998896778, 'recall_weighted': 0.9537554998896778}
Validation statistic: Loss: 0.1335, dev_score: {'accuracy': 0.9608818166749544, 'balanced_accuracy': 0.9602082998627178, 'f1_macro': 0.960456455339958, 'f1_micro': 0.9608818166749544, 'f1_weighted': 0.9608372350604617, 'precision_macro': 0.9611630401595024, 'precision_micro': 0.9608818166749544, 'precision_weighted': 0.9612446175234077, 'recall_macro': 0.9602082998627178, 'recall_micro': 0.9608818166749544, 'recall_weighted': 0.9608818166749544}
-----------------------
Epoch 74/100
Training statistic: Loss: 0.2507, train_score: {'accuracy': 0.9541708307915947, 'balanced_accuracy': 0.9525756164419498, 'f1_macro': 0.953301898767321, 'f1_micro': 0.9541708307915947, 'f1_weighted': 0.9542293917906001, 'precision_macro': 0.9541893378757443, 'precision_micro': 0.9541708307915947, 'precision_weighted': 0.9544477270393036, 'recall_macro': 0.9525756164419498, 'recall_micro': 0.9541708307915947, 'recall_weighted': 0.9541708307915947}
Validation statistic: Loss: 0.1292, dev_score: {'accuracy': 0.9622078567876678, 'balanced_accuracy': 0.9615849171349502, 'f1_macro': 0.9617682269841181, 'f1_micro': 0.9622078567876678, 'f1_weighted': 0.9621602102708647, 'precision_macro': 0.9624812092339468, 'precision_micro': 0.9622078567876678, 'precision_weighted': 0.9626370148053374, 'recall_macro': 0.9615849171349502, 'recall_micro': 0.9622078567876678, 'recall_weighted': 0.9622078567876678}
-----------------------
Epoch 75/100
Training statistic: Loss: 0.2521, train_score: {'accuracy': 0.9548587225978948, 'balanced_accuracy': 0.9530668614542481, 'f1_macro': 0.953969254960645, 'f1_micro': 0.9548587225978948, 'f1_weighted': 0.9548640014898448, 'precision_macro': 0.9549785546372632, 'precision_micro': 0.9548587225978948, 'precision_weighted': 0.9549556207361429, 'recall_macro': 0.9530668614542481, 'recall_micro': 0.9548587225978948, 'recall_weighted': 0.9548587225978948}
Validation statistic: Loss: 0.1322, dev_score: {'accuracy': 0.9625393668158462, 'balanced_accuracy': 0.9619258274856364, 'f1_macro': 0.9619847340949861, 'f1_micro': 0.9625393668158462, 'f1_weighted': 0.9625026126550035, 'precision_macro': 0.9624514110301226, 'precision_micro': 0.9625393668158462, 'precision_weighted': 0.9628634193777935, 'recall_macro': 0.9619258274856364, 'recall_micro': 0.9625393668158462, 'recall_weighted': 0.9625393668158462}
-----------------------
Epoch 76/100
Training statistic: Loss: 0.2527, train_score: {'accuracy': 0.9539696548859787, 'balanced_accuracy': 0.9533645956361763, 'f1_macro': 0.9531669860144986, 'f1_micro': 0.9539696548859787, 'f1_weighted': 0.9539860324609916, 'precision_macro': 0.9530567612651707, 'precision_micro': 0.9539696548859787, 'precision_weighted': 0.9541064310654095, 'recall_macro': 0.9533645956361763, 'recall_micro': 0.9539696548859787, 'recall_weighted': 0.9539696548859787}
Validation statistic: Loss: 0.1337, dev_score: {'accuracy': 0.9630366318581137, 'balanced_accuracy': 0.9623822620960313, 'f1_macro': 0.9626631751606949, 'f1_micro': 0.9630366318581137, 'f1_weighted': 0.9629847581856301, 'precision_macro': 0.9633270132314529, 'precision_micro': 0.9630366318581137, 'precision_weighted': 0.9633077876484897, 'recall_macro': 0.9623822620960313, 'recall_micro': 0.9630366318581137, 'recall_weighted': 0.9630366318581137}
-----------------------
Epoch 77/100
Training statistic: Loss: 0.2477, train_score: {'accuracy': 0.9553000116811816, 'balanced_accuracy': 0.9541932230219109, 'f1_macro': 0.9544504601913758, 'f1_micro': 0.9553000116811816, 'f1_weighted': 0.9552951148640932, 'precision_macro': 0.9548689300760786, 'precision_micro': 0.9553000116811816, 'precision_weighted': 0.9554421385386117, 'recall_macro': 0.9541932230219109, 'recall_micro': 0.9553000116811816, 'recall_weighted': 0.9553000116811816}
Validation statistic: Loss: 0.1331, dev_score: {'accuracy': 0.9607160616608652, 'balanced_accuracy': 0.9600981273775628, 'f1_macro': 0.9603013925770234, 'f1_micro': 0.9607160616608652, 'f1_weighted': 0.9606717572012649, 'precision_macro': 0.961010639778196, 'precision_micro': 0.9607160616608652, 'precision_weighted': 0.9611230660336846, 'recall_macro': 0.9600981273775628, 'recall_micro': 0.9607160616608652, 'recall_weighted': 0.9607160616608652}
-----------------------
Epoch 78/100
Training statistic: Loss: 0.2460, train_score: {'accuracy': 0.9549820239594013, 'balanced_accuracy': 0.9538643639473768, 'f1_macro': 0.9543030149570342, 'f1_micro': 0.9549820239594013, 'f1_weighted': 0.9550397378737207, 'precision_macro': 0.9548958645157848, 'precision_micro': 0.9549820239594013, 'precision_weighted': 0.9552554682885455, 'recall_macro': 0.9538643639473768, 'recall_micro': 0.9549820239594013, 'recall_weighted': 0.9549820239594013}
Validation statistic: Loss: 0.1278, dev_score: {'accuracy': 0.9615448367313111, 'balanced_accuracy': 0.9609158070815578, 'f1_macro': 0.9610859034814163, 'f1_micro': 0.9615448367313111, 'f1_weighted': 0.9615022175564097, 'precision_macro': 0.9617269466183019, 'precision_micro': 0.9615448367313111, 'precision_weighted': 0.9619244197810315, 'recall_macro': 0.9609158070815578, 'recall_micro': 0.9615448367313111, 'recall_weighted': 0.9615448367313111}
Saving model...
Model saved!
-------------------------------------------
-----------------------
Epoch 79/100
Training statistic: Loss: 0.2421, train_score: {'accuracy': 0.9576751852765195, 'balanced_accuracy': 0.9564050455547543, 'f1_macro': 0.9567526853802895, 'f1_micro': 0.9576751852765195, 'f1_weighted': 0.9576955414705134, 'precision_macro': 0.9571789794734749, 'precision_micro': 0.9576751852765195, 'precision_weighted': 0.9577875460108725, 'recall_macro': 0.9564050455547543, 'recall_micro': 0.9576751852765195, 'recall_weighted': 0.9576751852765195}
Validation statistic: Loss: 0.1309, dev_score: {'accuracy': 0.9630366318581137, 'balanced_accuracy': 0.9624075235162056, 'f1_macro': 0.9625905370188403, 'f1_micro': 0.9630366318581137, 'f1_weighted': 0.9629573137856251, 'precision_macro': 0.9632933105830327, 'precision_micro': 0.9630366318581137, 'precision_weighted': 0.963389407308679, 'recall_macro': 0.9624075235162056, 'recall_micro': 0.9630366318581137, 'recall_weighted': 0.9630366318581137}
-----------------------
Epoch 80/100
Training statistic: Loss: 0.2439, train_score: {'accuracy': 0.9551961789557024, 'balanced_accuracy': 0.9536738605018034, 'f1_macro': 0.9542119710745647, 'f1_micro': 0.9551961789557024, 'f1_weighted': 0.9552245374115772, 'precision_macro': 0.9548799504581664, 'precision_micro': 0.9551961789557024, 'precision_weighted': 0.9553667317536225, 'recall_macro': 0.9536738605018034, 'recall_micro': 0.9551961789557024, 'recall_weighted': 0.9551961789557024}
Validation statistic: Loss: 0.1295, dev_score: {'accuracy': 0.962373611801757, 'balanced_accuracy': 0.9617459584373295, 'f1_macro': 0.9619222609219816, 'f1_micro': 0.962373611801757, 'f1_weighted': 0.9623163458705325, 'precision_macro': 0.9625644231060748, 'precision_micro': 0.962373611801757, 'precision_weighted': 0.9627173320942745, 'recall_macro': 0.9617459584373295, 'recall_micro': 0.962373611801757, 'recall_weighted': 0.962373611801757}
-----------------------
Epoch 81/100
Training statistic: Loss: 0.2400, train_score: {'accuracy': 0.9571041052863837, 'balanced_accuracy': 0.9545567128635619, 'f1_macro': 0.9560165213095244, 'f1_micro': 0.9571041052863837, 'f1_weighted': 0.957106887812679, 'precision_macro': 0.9576446752118797, 'precision_micro': 0.9571041052863837, 'precision_weighted': 0.957263996466165, 'recall_macro': 0.9545567128635619, 'recall_micro': 0.9571041052863837, 'recall_weighted': 0.9571041052863837}
Validation statistic: Loss: 0.1300, dev_score: {'accuracy': 0.9618763467594895, 'balanced_accuracy': 0.9612653410247939, 'f1_macro': 0.9614264885697995, 'f1_micro': 0.9618763467594895, 'f1_weighted': 0.9618527669149471, 'precision_macro': 0.9619396457019805, 'precision_micro': 0.9618763467594895, 'precision_weighted': 0.9621761918322345, 'recall_macro': 0.9612653410247939, 'recall_micro': 0.9618763467594895, 'recall_weighted': 0.9618763467594895}
-----------------------
Epoch 82/100
Training statistic: Loss: 0.2421, train_score: {'accuracy': 0.9578309343647384, 'balanced_accuracy': 0.9562393077580011, 'f1_macro': 0.957077594422844, 'f1_micro': 0.9578309343647384, 'f1_weighted': 0.9578503993759853, 'precision_macro': 0.9579858574043236, 'precision_micro': 0.9578309343647384, 'precision_weighted': 0.957931215691439, 'recall_macro': 0.9562393077580011, 'recall_micro': 0.9578309343647384, 'recall_weighted': 0.9578309343647384}
Validation statistic: Loss: 0.1319, dev_score: {'accuracy': 0.961379081717222, 'balanced_accuracy': 0.9606591378148922, 'f1_macro': 0.9608680178521745, 'f1_micro': 0.961379081717222, 'f1_weighted': 0.9613092375190795, 'precision_macro': 0.9616075023669628, 'precision_micro': 0.961379081717222, 'precision_weighted': 0.9617629615462056, 'recall_macro': 0.9606591378148922, 'recall_micro': 0.961379081717222, 'recall_weighted': 0.961379081717222}
-----------------------
Epoch 83/100
Training statistic: Loss: 0.2405, train_score: {'accuracy': 0.9577206120939167, 'balanced_accuracy': 0.9564158867869477, 'f1_macro': 0.9568636725972579, 'f1_micro': 0.9577206120939167, 'f1_weighted': 0.957726139927019, 'precision_macro': 0.9574348522326529, 'precision_micro': 0.9577206120939167, 'precision_weighted': 0.9578438626820892, 'recall_macro': 0.9564158867869477, 'recall_micro': 0.9577206120939167, 'recall_weighted': 0.9577206120939167}
Validation statistic: Loss: 0.1306, dev_score: {'accuracy': 0.961379081717222, 'balanced_accuracy': 0.960754285991699, 'f1_macro': 0.9610045857459202, 'f1_micro': 0.961379081717222, 'f1_weighted': 0.9613382719126304, 'precision_macro': 0.9617238374259651, 'precision_micro': 0.961379081717222, 'precision_weighted': 0.9617599200765048, 'recall_macro': 0.960754285991699, 'recall_micro': 0.961379081717222, 'recall_weighted': 0.961379081717222}
-----------------------
Epoch 84/100
Training statistic: Loss: 0.2403, train_score: {'accuracy': 0.957681674821862, 'balanced_accuracy': 0.9562131017830499, 'f1_macro': 0.9568392427613942, 'f1_micro': 0.957681674821862, 'f1_weighted': 0.9577100672411616, 'precision_macro': 0.9575365844416325, 'precision_micro': 0.957681674821862, 'precision_weighted': 0.9578031303330917, 'recall_macro': 0.9562131017830499, 'recall_micro': 0.957681674821862, 'recall_weighted': 0.957681674821862}
Validation statistic: Loss: 0.1311, dev_score: {'accuracy': 0.9620421017735786, 'balanced_accuracy': 0.9610973145834226, 'f1_macro': 0.961541920522947, 'f1_micro': 0.9620421017735786, 'f1_weighted': 0.9619749480976816, 'precision_macro': 0.9625050389810765, 'precision_micro': 0.9620421017735786, 'precision_weighted': 0.9624208769351082, 'recall_macro': 0.9610973145834226, 'recall_micro': 0.9620421017735786, 'recall_weighted': 0.9620421017735786}
-----------------------
Epoch 85/100
Training statistic: Loss: 0.2374, train_score: {'accuracy': 0.9581748802678884, 'balanced_accuracy': 0.9563693321238554, 'f1_macro': 0.9573203112680174, 'f1_micro': 0.9581748802678884, 'f1_weighted': 0.9581725820017488, 'precision_macro': 0.9583681860227806, 'precision_micro': 0.9581748802678884, 'precision_weighted': 0.9582602485135839, 'recall_macro': 0.9563693321238554, 'recall_micro': 0.9581748802678884, 'recall_weighted': 0.9581748802678884}
Validation statistic: Loss: 0.1306, dev_score: {'accuracy': 0.961379081717222, 'balanced_accuracy': 0.9606153195438812, 'f1_macro': 0.9608022690394407, 'f1_micro': 0.961379081717222, 'f1_weighted': 0.9612784931972367, 'precision_macro': 0.9615818379940922, 'precision_micro': 0.961379081717222, 'precision_weighted': 0.9617640247287785, 'recall_macro': 0.9606153195438812, 'recall_micro': 0.961379081717222, 'recall_weighted': 0.961379081717222}
-----------------------
Epoch 86/100
Training statistic: Loss: 0.2324, train_score: {'accuracy': 0.9586810648045998, 'balanced_accuracy': 0.9576995627278089, 'f1_macro': 0.9577773668727666, 'f1_micro': 0.9586810648045998, 'f1_weighted': 0.9586874612087297, 'precision_macro': 0.9578742430978743, 'precision_micro': 0.9586810648045998, 'precision_weighted': 0.9587139639351393, 'recall_macro': 0.9576995627278089, 'recall_micro': 0.9586810648045998, 'recall_weighted': 0.9586810648045998}
Validation statistic: Loss: 0.1318, dev_score: {'accuracy': 0.961379081717222, 'balanced_accuracy': 0.9605180294501767, 'f1_macro': 0.9608695678417248, 'f1_micro': 0.961379081717222, 'f1_weighted': 0.9613027169788699, 'precision_macro': 0.9617150414628147, 'precision_micro': 0.961379081717222, 'precision_weighted': 0.9617155656979941, 'recall_macro': 0.9605180294501767, 'recall_micro': 0.961379081717222, 'recall_weighted': 0.961379081717222}
-----------------------
Epoch 87/100
Training statistic: Loss: 0.2320, train_score: {'accuracy': 0.958382545718847, 'balanced_accuracy': 0.9568459695633138, 'f1_macro': 0.9575187003569876, 'f1_micro': 0.958382545718847, 'f1_weighted': 0.9583847453610984, 'precision_macro': 0.9583375644944944, 'precision_micro': 0.958382545718847, 'precision_weighted': 0.9585137613669132, 'recall_macro': 0.9568459695633138, 'recall_micro': 0.958382545718847, 'recall_weighted': 0.958382545718847}
Validation statistic: Loss: 0.1322, dev_score: {'accuracy': 0.9607160616608652, 'balanced_accuracy': 0.9598902559430762, 'f1_macro': 0.9602058103357104, 'f1_micro': 0.9607160616608652, 'f1_weighted': 0.9606534834688696, 'precision_macro': 0.9609719540837866, 'precision_micro': 0.9607160616608652, 'precision_weighted': 0.9610400206924529, 'recall_macro': 0.9598902559430762, 'recall_micro': 0.9607160616608652, 'recall_weighted': 0.9607160616608652}
-----------------------
Epoch 88/100
Training statistic: Loss: 0.2309, train_score: {'accuracy': 0.9612963515776085, 'balanced_accuracy': 0.9597185102529917, 'f1_macro': 0.9604466325515008, 'f1_micro': 0.9612963515776085, 'f1_weighted': 0.9612920043159211, 'precision_macro': 0.961238131462966, 'precision_micro': 0.9612963515776085, 'precision_weighted': 0.9613453441645535, 'recall_macro': 0.9597185102529917, 'recall_micro': 0.9612963515776085, 'recall_weighted': 0.9612963515776085}
Validation statistic: Loss: 0.1290, dev_score: {'accuracy': 0.9627051218299354, 'balanced_accuracy': 0.9620131354263606, 'f1_macro': 0.9622532353844278, 'f1_micro': 0.9627051218299354, 'f1_weighted': 0.9626469784216448, 'precision_macro': 0.9629227708458782, 'precision_micro': 0.9627051218299354, 'precision_weighted': 0.9630152379279809, 'recall_macro': 0.9620131354263606, 'recall_micro': 0.9627051218299354, 'recall_weighted': 0.9627051218299354}
-----------------------
Epoch 89/100
Training statistic: Loss: 0.2357, train_score: {'accuracy': 0.9586810648045998, 'balanced_accuracy': 0.9569537355256166, 'f1_macro': 0.9578311971614214, 'f1_micro': 0.9586810648045998, 'f1_weighted': 0.9587401569094991, 'precision_macro': 0.9588743857988646, 'precision_micro': 0.9586810648045998, 'precision_weighted': 0.9589587535313395, 'recall_macro': 0.9569537355256166, 'recall_micro': 0.9586810648045998, 'recall_weighted': 0.9586810648045998}
Validation statistic: Loss: 0.1277, dev_score: {'accuracy': 0.9638654069285596, 'balanced_accuracy': 0.9631597561632714, 'f1_macro': 0.9633933766138304, 'f1_micro': 0.9638654069285596, 'f1_weighted': 0.9638252484477442, 'precision_macro': 0.9640440761496878, 'precision_micro': 0.9638654069285596, 'precision_weighted': 0.9641987240860351, 'recall_macro': 0.9631597561632714, 'recall_micro': 0.9638654069285596, 'recall_weighted': 0.9638654069285596}
Saving model...
Model saved!
-------------------------------------------
-----------------------
Epoch 90/100
Training statistic: Loss: 0.2308, train_score: {'accuracy': 0.9599919529637754, 'balanced_accuracy': 0.9584682673611489, 'f1_macro': 0.9590218864986919, 'f1_micro': 0.9599919529637754, 'f1_weighted': 0.9600372656883668, 'precision_macro': 0.9596967534167196, 'precision_micro': 0.9599919529637754, 'precision_weighted': 0.9601917280785202, 'recall_macro': 0.9584682673611489, 'recall_micro': 0.9599919529637754, 'recall_weighted': 0.9599919529637754}
Validation statistic: Loss: 0.1303, dev_score: {'accuracy': 0.9627051218299354, 'balanced_accuracy': 0.9619608636701521, 'f1_macro': 0.962163677818627, 'f1_micro': 0.9627051218299354, 'f1_weighted': 0.9626563057098854, 'precision_macro': 0.9628326954275698, 'precision_micro': 0.9627051218299354, 'precision_weighted': 0.963068558108648, 'recall_macro': 0.9619608636701521, 'recall_micro': 0.9627051218299354, 'recall_weighted': 0.9627051218299354}
-----------------------
Epoch 91/100
Training statistic: Loss: 0.2276, train_score: {'accuracy': 0.9611016652173349, 'balanced_accuracy': 0.9595630799706856, 'f1_macro': 0.9602127041751196, 'f1_micro': 0.9611016652173349, 'f1_weighted': 0.9611180140202464, 'precision_macro': 0.9609269987638951, 'precision_micro': 0.9611016652173349, 'precision_weighted': 0.9611909572004429, 'recall_macro': 0.9595630799706856, 'recall_micro': 0.9611016652173349, 'recall_weighted': 0.9611016652173349}
Validation statistic: Loss: 0.1338, dev_score: {'accuracy': 0.9608818166749544, 'balanced_accuracy': 0.9601139408958863, 'f1_macro': 0.9603280248980169, 'f1_micro': 0.9608818166749544, 'f1_weighted': 0.9607605038210961, 'precision_macro': 0.9611904121773239, 'precision_micro': 0.9608818166749544, 'precision_weighted': 0.961278018023886, 'recall_macro': 0.9601139408958863, 'recall_micro': 0.9608818166749544, 'recall_weighted': 0.9608818166749544}
-----------------------
Epoch 92/100
Training statistic: Loss: 0.2279, train_score: {'accuracy': 0.9611730502161019, 'balanced_accuracy': 0.9597696162794028, 'f1_macro': 0.9603108649776008, 'f1_micro': 0.9611730502161019, 'f1_weighted': 0.9611684342513372, 'precision_macro': 0.9609377066236355, 'precision_micro': 0.9611730502161019, 'precision_weighted': 0.9612317932557857, 'recall_macro': 0.9597696162794028, 'recall_micro': 0.9611730502161019, 'recall_weighted': 0.9611730502161019}
Validation statistic: Loss: 0.1335, dev_score: {'accuracy': 0.9607160616608652, 'balanced_accuracy': 0.9598636750590875, 'f1_macro': 0.9600730194337925, 'f1_micro': 0.9607160616608652, 'f1_weighted': 0.9606434765449333, 'precision_macro': 0.9607753629084911, 'precision_micro': 0.9607160616608652, 'precision_weighted': 0.961050570756071, 'recall_macro': 0.9598636750590875, 'recall_micro': 0.9607160616608652, 'recall_weighted': 0.9607160616608652}
-----------------------
Epoch 93/100
Training statistic: Loss: 0.2271, train_score: {'accuracy': 0.9610692174906226, 'balanced_accuracy': 0.9589554834774608, 'f1_macro': 0.9603430227560775, 'f1_micro': 0.9610692174906226, 'f1_weighted': 0.9610733100243561, 'precision_macro': 0.9619603698690706, 'precision_micro': 0.9610692174906226, 'precision_weighted': 0.961263828498825, 'recall_macro': 0.9589554834774608, 'recall_micro': 0.9610692174906226, 'recall_weighted': 0.9610692174906226}
Validation statistic: Loss: 0.1341, dev_score: {'accuracy': 0.9592242665340627, 'balanced_accuracy': 0.9583907649569327, 'f1_macro': 0.9585616154389573, 'f1_micro': 0.9592242665340627, 'f1_weighted': 0.959131496311899, 'precision_macro': 0.9592791570781287, 'precision_micro': 0.9592242665340627, 'precision_weighted': 0.9595745821285778, 'recall_macro': 0.9583907649569327, 'recall_micro': 0.9592242665340627, 'recall_weighted': 0.9592242665340627}
-----------------------
Epoch 94/100
Training statistic: Loss: 0.2257, train_score: {'accuracy': 0.9617960465689773, 'balanced_accuracy': 0.9611170125955437, 'f1_macro': 0.9610821190070865, 'f1_micro': 0.9617960465689773, 'f1_weighted': 0.9618237759174397, 'precision_macro': 0.9610915626270178, 'precision_micro': 0.9617960465689773, 'precision_weighted': 0.9618996012084041, 'recall_macro': 0.9611170125955437, 'recall_micro': 0.9617960465689773, 'recall_weighted': 0.9617960465689773}
Validation statistic: Loss: 0.1291, dev_score: {'accuracy': 0.9607160616608652, 'balanced_accuracy': 0.9599959846987064, 'f1_macro': 0.9601661702164712, 'f1_micro': 0.9607160616608652, 'f1_weighted': 0.960637122888616, 'precision_macro': 0.9608745255441109, 'precision_micro': 0.9607160616608652, 'precision_weighted': 0.9610919978449664, 'recall_macro': 0.9599959846987064, 'recall_micro': 0.9607160616608652, 'recall_weighted': 0.9607160616608652}
-----------------------
Epoch 95/100
Training statistic: Loss: 0.2307, train_score: {'accuracy': 0.9605954806806235, 'balanced_accuracy': 0.9589104968811191, 'f1_macro': 0.9597293724098181, 'f1_micro': 0.9605954806806235, 'f1_weighted': 0.9606044118217579, 'precision_macro': 0.9606480835281687, 'precision_micro': 0.9605954806806235, 'precision_weighted': 0.9606917597047339, 'recall_macro': 0.9589104968811191, 'recall_micro': 0.9605954806806235, 'recall_weighted': 0.9605954806806235}
Validation statistic: Loss: 0.1309, dev_score: {'accuracy': 0.9610475716890436, 'balanced_accuracy': 0.960266733841944, 'f1_macro': 0.9605267708796298, 'f1_micro': 0.9610475716890436, 'f1_weighted': 0.9609603048689558, 'precision_macro': 0.9613701360474828, 'precision_micro': 0.9610475716890436, 'precision_weighted': 0.9614423571405342, 'recall_macro': 0.960266733841944, 'recall_micro': 0.9610475716890436, 'recall_weighted': 0.9610475716890436}
-----------------------
Epoch 96/100
Training statistic: Loss: 0.2240, train_score: {'accuracy': 0.96108868612665, 'balanced_accuracy': 0.9603344405273919, 'f1_macro': 0.9602397675708968, 'f1_micro': 0.96108868612665, 'f1_weighted': 0.961122679473504, 'precision_macro': 0.960205913910588, 'precision_micro': 0.96108868612665, 'precision_weighted': 0.9612233085454372, 'recall_macro': 0.9603344405273919, 'recall_micro': 0.96108868612665, 'recall_weighted': 0.96108868612665}
Validation statistic: Loss: 0.1342, dev_score: {'accuracy': 0.9600530416045086, 'balanced_accuracy': 0.9592739574636109, 'f1_macro': 0.9595028443513574, 'f1_micro': 0.9600530416045086, 'f1_weighted': 0.9599631324755649, 'precision_macro': 0.9602828070772299, 'precision_micro': 0.9600530416045086, 'precision_weighted': 0.9604158909591027, 'recall_macro': 0.9592739574636109, 'recall_micro': 0.9600530416045086, 'recall_weighted': 0.9600530416045086}
-----------------------
Epoch 97/100
Training statistic: Loss: 0.2245, train_score: {'accuracy': 0.9622113774708944, 'balanced_accuracy': 0.9611600457476449, 'f1_macro': 0.9615826682215717, 'f1_micro': 0.9622113774708944, 'f1_weighted': 0.9622391091507975, 'precision_macro': 0.9621197644631236, 'precision_micro': 0.9622113774708944, 'precision_weighted': 0.9623859949391587, 'recall_macro': 0.9611600457476449, 'recall_micro': 0.9622113774708944, 'recall_weighted': 0.9622113774708944}
Validation statistic: Loss: 0.1296, dev_score: {'accuracy': 0.961379081717222, 'balanced_accuracy': 0.9607373038329087, 'f1_macro': 0.9609031591292595, 'f1_micro': 0.961379081717222, 'f1_weighted': 0.9613119486882654, 'precision_macro': 0.9615791142595593, 'precision_micro': 0.961379081717222, 'precision_weighted': 0.961746021670535, 'recall_macro': 0.9607373038329087, 'recall_micro': 0.961379081717222, 'recall_weighted': 0.961379081717222}
-----------------------
Epoch 98/100
Training statistic: Loss: 0.2267, train_score: {'accuracy': 0.962191908834867, 'balanced_accuracy': 0.9611941660022731, 'f1_macro': 0.9614582671131074, 'f1_micro': 0.962191908834867, 'f1_weighted': 0.9622353782090503, 'precision_macro': 0.9618208539582522, 'precision_micro': 0.962191908834867, 'precision_weighted': 0.9623733921312629, 'recall_macro': 0.9611941660022731, 'recall_micro': 0.962191908834867, 'recall_weighted': 0.962191908834867}
Validation statistic: Loss: 0.1308, dev_score: {'accuracy': 0.9617105917454003, 'balanced_accuracy': 0.9609476405354249, 'f1_macro': 0.9611765505805213, 'f1_micro': 0.9617105917454003, 'f1_weighted': 0.9616844326361457, 'precision_macro': 0.961814716923206, 'precision_micro': 0.9617105917454003, 'precision_weighted': 0.962058311924276, 'recall_macro': 0.9609476405354249, 'recall_micro': 0.9617105917454003, 'recall_weighted': 0.9617105917454003}
-----------------------
Epoch 99/100
Training statistic: Loss: 0.2225, train_score: {'accuracy': 0.9637493997170559, 'balanced_accuracy': 0.9625165344130389, 'f1_macro': 0.9630010492225184, 'f1_micro': 0.9637493997170559, 'f1_weighted': 0.9637624232093441, 'precision_macro': 0.9635576214550587, 'precision_micro': 0.9637493997170559, 'precision_weighted': 0.9638337334660838, 'recall_macro': 0.9625165344130389, 'recall_micro': 0.9637493997170559, 'recall_weighted': 0.9637493997170559}
Validation statistic: Loss: 0.1319, dev_score: {'accuracy': 0.9617105917454003, 'balanced_accuracy': 0.9610302529613197, 'f1_macro': 0.9612537040014228, 'f1_micro': 0.9617105917454003, 'f1_weighted': 0.9616544316485424, 'precision_macro': 0.9619532692487077, 'precision_micro': 0.9617105917454003, 'precision_weighted': 0.9620667322915644, 'recall_macro': 0.9610302529613197, 'recall_micro': 0.9617105917454003, 'recall_weighted': 0.9617105917454003}
-----------------------
Epoch 100/100
Training statistic: Loss: 0.2187, train_score: {'accuracy': 0.9634443910859605, 'balanced_accuracy': 0.9623824043532725, 'f1_macro': 0.9626738537941282, 'f1_micro': 0.9634443910859605, 'f1_weighted': 0.9634700269224356, 'precision_macro': 0.9630474583433323, 'precision_micro': 0.9634443910859605, 'precision_weighted': 0.9635783627657574, 'recall_macro': 0.9623824043532725, 'recall_micro': 0.9634443910859605, 'recall_weighted': 0.9634443910859605}
Validation statistic: Loss: 0.1267, dev_score: {'accuracy': 0.9625393668158462, 'balanced_accuracy': 0.9618668028284787, 'f1_macro': 0.9619354096317643, 'f1_micro': 0.9625393668158462, 'f1_weighted': 0.9624830202319188, 'precision_macro': 0.9626247190792959, 'precision_micro': 0.9625393668158462, 'precision_weighted': 0.9630306393788912, 'recall_macro': 0.9618668028284787, 'recall_micro': 0.9625393668158462, 'recall_weighted': 0.9625393668158462}
Saving model...
Model saved!
-------------------------------------------
Testing statistic: loss: 0.133537077365235, scores: {'accuracy': 0.9617137648131268, 'balanced_accuracy': 0.9619430330084165, 'f1_macro': 0.9616897502826296, 'f1_micro': 0.9617137648131268, 'f1_weighted': 0.9616903226347637, 'precision_macro': 0.961861381342227, 'precision_micro': 0.9617137648131268, 'precision_weighted': 0.9620893488426547, 'recall_macro': 0.9619430330084165, 'recall_micro': 0.9617137648131268, 'recall_weighted': 0.9617137648131268}
Finish training!
