=====Setting up data=====
Dataset name:mnist28
train_option:mix
augment_option:tvae_compare_rf
mix_ratio:-1
n_sample:-1
Training dataset size: 154112 samples
Validation dataset size: 6144 samples

=====Setting up parameters for training=====
num_epochs: 100
learning_rate: 0.001
patience: 30
early_stop_criterion: loss
=====Setting up trainer=====
input_size: 784
model: DNN_MNIST28
----------------------------------------------------------------
        Layer (type)               Output Shape         Param #
================================================================
           Dropout-1                  [-1, 784]               0
            Linear-2                  [-1, 512]         401,920
         LeakyReLU-3                  [-1, 512]               0
       BatchNorm1d-4                  [-1, 512]           1,024
           Dropout-5                  [-1, 512]               0
            Linear-6                 [-1, 1024]         525,312
         LeakyReLU-7                 [-1, 1024]               0
       BatchNorm1d-8                 [-1, 1024]           2,048
           Dropout-9                 [-1, 1024]               0
           Linear-10                  [-1, 256]         262,400
        LeakyReLU-11                  [-1, 256]               0
      BatchNorm1d-12                  [-1, 256]             512
          Dropout-13                  [-1, 256]               0
           Linear-14                  [-1, 128]          32,896
        LeakyReLU-15                  [-1, 128]               0
      BatchNorm1d-16                  [-1, 128]             256
          Dropout-17                  [-1, 128]               0
================================================================
Total params: 1,226,368
Trainable params: 1,226,368
Non-trainable params: 0
----------------------------------------------------------------
Input size (MB): 0.00
Forward/backward pass size (MB): 0.06
Params size (MB): 4.68
Estimated Total Size (MB): 4.75
----------------------------------------------------------------
=====Setting up output files=====
weight_dir, weight_file: /home/thuy/Research/minh_data_synth/TabularDA/output/corrected_v2_seed42_mnist28_news/mnist28/weight/, mnist28_seed42_tvae_full_rf_mix.weights.pth
acc_dir, acc_file: /home/thuy/Research/minh_data_synth/TabularDA/output/corrected_v2_seed42_mnist28_news/mnist28/acc/, mnist28_seed42_tvae_full_rf_mix.epochs.csv
report_file: mnist28_seed42_tvae_full_rf_mix.report.txt
==========================================================================================
Start training...
-----------------------
Epoch 1/100
/home/thuy/miniconda3/envs/env/lib/python3.10/site-packages/sklearn/metrics/_classification.py:2480: UserWarning: y_pred contains classes not in y_true
  warnings.warn("y_pred contains classes not in y_true")
Training statistic: Loss: 1.3091, train_score: {'accuracy': 0.8495723389619323, 'balanced_accuracy': 0.8501507796506553, 'f1_macro': 0.7096326214830208, 'f1_micro': 0.8495723389619323, 'f1_weighted': 0.8503408083785337, 'precision_macro': 0.7124047182750428, 'precision_micro': 0.8495723389619323, 'precision_weighted': 0.853114523593817, 'recall_macro': 0.7084589830422128, 'recall_micro': 0.8495723389619323, 'recall_weighted': 0.8495723389619323}
Validation statistic: Loss: 0.9455, dev_score: {'accuracy': 0.9128128625890933, 'balanced_accuracy': 0.9112187340154518, 'f1_macro': 0.9116258718464527, 'f1_micro': 0.9128128625890933, 'f1_weighted': 0.9131415386372344, 'precision_macro': 0.9132432871307972, 'precision_micro': 0.9128128625890933, 'precision_weighted': 0.9146833186471403, 'recall_macro': 0.9112187340154518, 'recall_micro': 0.9128128625890933, 'recall_weighted': 0.9128128625890933}
Saving model...
Model saved!
-------------------------------------------
-----------------------
Epoch 2/100
/home/thuy/miniconda3/envs/env/lib/python3.10/site-packages/sklearn/metrics/_classification.py:2480: UserWarning: y_pred contains classes not in y_true
  warnings.warn("y_pred contains classes not in y_true")
Training statistic: Loss: 1.0320, train_score: {'accuracy': 0.8690344854439498, 'balanced_accuracy': 0.8689306449477666, 'f1_macro': 0.7909542214988151, 'f1_micro': 0.8690344854439498, 'f1_weighted': 0.8692702794090611, 'precision_macro': 0.7933544096734141, 'precision_micro': 0.8690344854439498, 'precision_weighted': 0.8709547540923186, 'recall_macro': 0.7899369499525151, 'recall_micro': 0.8690344854439498, 'recall_weighted': 0.8690344854439498}
Validation statistic: Loss: 0.6946, dev_score: {'accuracy': 0.922923918448533, 'balanced_accuracy': 0.9219886626425764, 'f1_macro': 0.9219551473501856, 'f1_micro': 0.922923918448533, 'f1_weighted': 0.923099200475565, 'precision_macro': 0.9223476835186858, 'precision_micro': 0.922923918448533, 'precision_weighted': 0.9237162903390559, 'recall_macro': 0.9219886626425764, 'recall_micro': 0.922923918448533, 'recall_weighted': 0.922923918448533}
Saving model...
Model saved!
-------------------------------------------
-----------------------
Epoch 3/100
/home/thuy/miniconda3/envs/env/lib/python3.10/site-packages/sklearn/metrics/_classification.py:2480: UserWarning: y_pred contains classes not in y_true
  warnings.warn("y_pred contains classes not in y_true")
Training statistic: Loss: 0.8590, train_score: {'accuracy': 0.8809947175100913, 'balanced_accuracy': 0.8814679493962888, 'f1_macro': 0.7350266922980221, 'f1_micro': 0.8809947175100913, 'f1_weighted': 0.881260052303122, 'precision_macro': 0.7358896843820095, 'precision_micro': 0.8809947175100913, 'precision_weighted': 0.8820342525159942, 'recall_macro': 0.7345566244969074, 'recall_micro': 0.8809947175100913, 'recall_weighted': 0.8809947175100913}
Validation statistic: Loss: 0.5508, dev_score: {'accuracy': 0.9343610144206862, 'balanced_accuracy': 0.9334725705234751, 'f1_macro': 0.9334395040192935, 'f1_micro': 0.9343610144206862, 'f1_weighted': 0.9344204871388003, 'precision_macro': 0.9335723741728786, 'precision_micro': 0.9343610144206862, 'precision_weighted': 0.9346508570147642, 'recall_macro': 0.9334725705234751, 'recall_micro': 0.9343610144206862, 'recall_weighted': 0.9343610144206862}
Saving model...
Model saved!
-------------------------------------------
-----------------------
Epoch 4/100
Training statistic: Loss: 0.7469, train_score: {'accuracy': 0.8886523810141862, 'balanced_accuracy': 0.8889534284976189, 'f1_macro': 0.8898127375064103, 'f1_micro': 0.8886523810141862, 'f1_weighted': 0.8889454638010085, 'precision_macro': 0.891190526563471, 'precision_micro': 0.8886523810141862, 'precision_weighted': 0.8897710243464719, 'recall_macro': 0.8889534284976189, 'recall_micro': 0.8886523810141862, 'recall_weighted': 0.8886523810141862}
Validation statistic: Loss: 0.4551, dev_score: {'accuracy': 0.9381733797447372, 'balanced_accuracy': 0.9372828141014921, 'f1_macro': 0.9373291193040053, 'f1_micro': 0.9381733797447372, 'f1_weighted': 0.9382302413884769, 'precision_macro': 0.9377459818480298, 'precision_micro': 0.9381733797447372, 'precision_weighted': 0.9386525846710123, 'recall_macro': 0.9372828141014921, 'recall_micro': 0.9381733797447372, 'recall_weighted': 0.9381733797447372}
Saving model...
Model saved!
-------------------------------------------
-----------------------
Epoch 5/100
Training statistic: Loss: 0.6457, train_score: {'accuracy': 0.8934806027489715, 'balanced_accuracy': 0.8935166642483333, 'f1_macro': 0.8944539628238246, 'f1_micro': 0.8934806027489715, 'f1_weighted': 0.8937194415600529, 'precision_macro': 0.8957845535682928, 'precision_micro': 0.8934806027489715, 'precision_weighted': 0.8943334336028373, 'recall_macro': 0.8935166642483333, 'recall_micro': 0.8934806027489715, 'recall_weighted': 0.8934806027489715}
Validation statistic: Loss: 0.3810, dev_score: {'accuracy': 0.9403281949278965, 'balanced_accuracy': 0.9394127430377376, 'f1_macro': 0.9394867742525175, 'f1_micro': 0.9403281949278965, 'f1_weighted': 0.9403587785098254, 'precision_macro': 0.9397548320615423, 'precision_micro': 0.9403281949278965, 'precision_weighted': 0.9405816613064122, 'recall_macro': 0.9394127430377376, 'recall_micro': 0.9403281949278965, 'recall_weighted': 0.9403281949278965}
Saving model...
Model saved!
-------------------------------------------
-----------------------
Epoch 6/100
Training statistic: Loss: 0.5858, train_score: {'accuracy': 0.8958622658896518, 'balanced_accuracy': 0.8967645841017431, 'f1_macro': 0.8969687949114269, 'f1_micro': 0.8958622658896518, 'f1_weighted': 0.8961190232441926, 'precision_macro': 0.8978204402781278, 'precision_micro': 0.8958622658896518, 'precision_weighted': 0.8970550373710001, 'recall_macro': 0.8967645841017431, 'recall_micro': 0.8958622658896518, 'recall_weighted': 0.8958622658896518}
Validation statistic: Loss: 0.3381, dev_score: {'accuracy': 0.9394994198574507, 'balanced_accuracy': 0.9386085154025101, 'f1_macro': 0.9387434888385287, 'f1_micro': 0.9394994198574507, 'f1_weighted': 0.9395983760476366, 'precision_macro': 0.9392077832336756, 'precision_micro': 0.9394994198574507, 'precision_weighted': 0.940029985139771, 'recall_macro': 0.9386085154025101, 'recall_micro': 0.9394994198574507, 'recall_weighted': 0.9394994198574507}
Saving model...
Model saved!
-------------------------------------------
-----------------------
Epoch 7/100
Training statistic: Loss: 0.5366, train_score: {'accuracy': 0.8986917076589614, 'balanced_accuracy': 0.899333893918476, 'f1_macro': 0.8997638633575908, 'f1_micro': 0.8986917076589614, 'f1_weighted': 0.898849637691902, 'precision_macro': 0.9007095015269616, 'precision_micro': 0.8986917076589614, 'precision_weighted': 0.8995583325330171, 'recall_macro': 0.899333893918476, 'recall_micro': 0.8986917076589614, 'recall_weighted': 0.8986917076589614}
Validation statistic: Loss: 0.3037, dev_score: {'accuracy': 0.9431460301674126, 'balanced_accuracy': 0.942441961700138, 'f1_macro': 0.9424661206157371, 'f1_micro': 0.9431460301674126, 'f1_weighted': 0.9432531981073001, 'precision_macro': 0.9428441755429455, 'precision_micro': 0.9431460301674126, 'precision_weighted': 0.9437155221434066, 'recall_macro': 0.942441961700138, 'recall_micro': 0.9431460301674126, 'recall_weighted': 0.9431460301674126}
Saving model...
Model saved!
-------------------------------------------
-----------------------
Epoch 8/100
Training statistic: Loss: 0.4903, train_score: {'accuracy': 0.9021960621438861, 'balanced_accuracy': 0.9023962579053197, 'f1_macro': 0.9031739421707405, 'f1_micro': 0.9021960621438861, 'f1_weighted': 0.9024962629561788, 'precision_macro': 0.904481745901563, 'precision_micro': 0.9021960621438861, 'precision_weighted': 0.903341927224185, 'recall_macro': 0.9023962579053197, 'recall_micro': 0.9021960621438861, 'recall_weighted': 0.9021960621438861}
Validation statistic: Loss: 0.2723, dev_score: {'accuracy': 0.9449693353223935, 'balanced_accuracy': 0.9443075992889757, 'f1_macro': 0.9442942639137527, 'f1_micro': 0.9449693353223935, 'f1_weighted': 0.9450681090044418, 'precision_macro': 0.94451970881355, 'precision_micro': 0.9449693353223935, 'precision_weighted': 0.9454107116651432, 'recall_macro': 0.9443075992889757, 'recall_micro': 0.9449693353223935, 'recall_weighted': 0.9449693353223935}
Saving model...
Model saved!
-------------------------------------------
-----------------------
Epoch 9/100
Training statistic: Loss: 0.4487, train_score: {'accuracy': 0.9059599984425091, 'balanced_accuracy': 0.9064722283536442, 'f1_macro': 0.9067575994090463, 'f1_micro': 0.9059599984425091, 'f1_weighted': 0.9060738129227583, 'precision_macro': 0.9074386238883159, 'precision_micro': 0.9059599984425091, 'precision_weighted': 0.9065981905470374, 'recall_macro': 0.9064722283536442, 'recall_micro': 0.9059599984425091, 'recall_weighted': 0.9059599984425091}
Validation statistic: Loss: 0.2497, dev_score: {'accuracy': 0.9464611304491961, 'balanced_accuracy': 0.945559400097441, 'f1_macro': 0.94574480192536, 'f1_micro': 0.9464611304491961, 'f1_weighted': 0.946484702874057, 'precision_macro': 0.946119901248065, 'precision_micro': 0.9464611304491961, 'precision_weighted': 0.9466971801441703, 'recall_macro': 0.945559400097441, 'recall_micro': 0.9464611304491961, 'recall_weighted': 0.9464611304491961}
Saving model...
Model saved!
-------------------------------------------
-----------------------
Epoch 10/100
Training statistic: Loss: 0.4307, train_score: {'accuracy': 0.9068490661544252, 'balanced_accuracy': 0.907032551390939, 'f1_macro': 0.9078539948390922, 'f1_micro': 0.9068490661544252, 'f1_weighted': 0.9071171569568394, 'precision_macro': 0.9092581174393732, 'precision_micro': 0.9068490661544252, 'precision_weighted': 0.9079987849221723, 'recall_macro': 0.907032551390939, 'recall_micro': 0.9068490661544252, 'recall_weighted': 0.9068490661544252}
Validation statistic: Loss: 0.2372, dev_score: {'accuracy': 0.9464611304491961, 'balanced_accuracy': 0.9458944386293686, 'f1_macro': 0.9458678208000058, 'f1_micro': 0.9464611304491961, 'f1_weighted': 0.9465634551508578, 'precision_macro': 0.9459805486884345, 'precision_micro': 0.9464611304491961, 'precision_weighted': 0.9468070990631534, 'recall_macro': 0.9458944386293686, 'recall_micro': 0.9464611304491961, 'recall_weighted': 0.9464611304491961}
Saving model...
Model saved!
-------------------------------------------
-----------------------
Epoch 11/100
Training statistic: Loss: 0.4076, train_score: {'accuracy': 0.9076927070489441, 'balanced_accuracy': 0.9075863847358298, 'f1_macro': 0.9085801632674674, 'f1_micro': 0.9076927070489441, 'f1_weighted': 0.9079465424526488, 'precision_macro': 0.9101130814750326, 'precision_micro': 0.9076927070489441, 'precision_weighted': 0.9087203571602106, 'recall_macro': 0.9075863847358298, 'recall_micro': 0.9076927070489441, 'recall_weighted': 0.9076927070489441}
Validation statistic: Loss: 0.2216, dev_score: {'accuracy': 0.9464611304491961, 'balanced_accuracy': 0.945651588038702, 'f1_macro': 0.9457524884956487, 'f1_micro': 0.9464611304491961, 'f1_weighted': 0.9465430611460388, 'precision_macro': 0.9461109557989268, 'precision_micro': 0.9464611304491961, 'precision_weighted': 0.9468842528917585, 'recall_macro': 0.945651588038702, 'recall_micro': 0.9464611304491961, 'recall_weighted': 0.9464611304491961}
Saving model...
Model saved!
-------------------------------------------
-----------------------
Epoch 12/100
Training statistic: Loss: 0.3872, train_score: {'accuracy': 0.9115345178916765, 'balanced_accuracy': 0.91224963671196, 'f1_macro': 0.9120761691515561, 'f1_micro': 0.9115345178916765, 'f1_weighted': 0.911653780583857, 'precision_macro': 0.9122970634127828, 'precision_micro': 0.9115345178916765, 'precision_weighted': 0.9121519734245546, 'recall_macro': 0.91224963671196, 'recall_micro': 0.9115345178916765, 'recall_weighted': 0.9115345178916765}
Validation statistic: Loss: 0.2089, dev_score: {'accuracy': 0.9494447207028013, 'balanced_accuracy': 0.9486286377954887, 'f1_macro': 0.9488673811832522, 'f1_micro': 0.9494447207028013, 'f1_weighted': 0.9494716958344961, 'precision_macro': 0.9493796813605719, 'precision_micro': 0.9494447207028013, 'precision_weighted': 0.9497748734115871, 'recall_macro': 0.9486286377954887, 'recall_micro': 0.9494447207028013, 'recall_weighted': 0.9494447207028013}
Saving model...
Model saved!
-------------------------------------------
-----------------------
Epoch 13/100
Training statistic: Loss: 0.3732, train_score: {'accuracy': 0.9132542474074267, 'balanced_accuracy': 0.9135882709604182, 'f1_macro': 0.9138684318226534, 'f1_micro': 0.9132542474074267, 'f1_weighted': 0.9133280441133302, 'precision_macro': 0.9143465424979235, 'precision_micro': 0.9132542474074267, 'precision_weighted': 0.91359335457399, 'recall_macro': 0.9135882709604182, 'recall_micro': 0.9132542474074267, 'recall_weighted': 0.9132542474074267}
Validation statistic: Loss: 0.2020, dev_score: {'accuracy': 0.9496104757168904, 'balanced_accuracy': 0.9491083601054916, 'f1_macro': 0.9490470207317923, 'f1_micro': 0.9496104757168904, 'f1_weighted': 0.9496688611631716, 'precision_macro': 0.9491875497952147, 'precision_micro': 0.9496104757168904, 'precision_weighted': 0.949930842872799, 'recall_macro': 0.9491083601054916, 'recall_micro': 0.9496104757168904, 'recall_weighted': 0.9496104757168904}
Saving model...
Model saved!
-------------------------------------------
-----------------------
Epoch 14/100
Training statistic: Loss: 0.3597, train_score: {'accuracy': 0.91522057964619, 'balanced_accuracy': 0.9155285857812248, 'f1_macro': 0.9158571451441608, 'f1_micro': 0.91522057964619, 'f1_weighted': 0.9153668026796057, 'precision_macro': 0.9163775949727011, 'precision_micro': 0.91522057964619, 'precision_weighted': 0.915716129965707, 'recall_macro': 0.9155285857812248, 'recall_micro': 0.91522057964619, 'recall_weighted': 0.91522057964619}
Validation statistic: Loss: 0.1937, dev_score: {'accuracy': 0.949113210674623, 'balanced_accuracy': 0.9483859184580643, 'f1_macro': 0.9485385400900304, 'f1_micro': 0.949113210674623, 'f1_weighted': 0.9491592213768332, 'precision_macro': 0.9489582420865876, 'precision_micro': 0.949113210674623, 'precision_weighted': 0.9494673306906061, 'recall_macro': 0.9483859184580643, 'recall_micro': 0.949113210674623, 'recall_weighted': 0.949113210674623}
Saving model...
Model saved!
-------------------------------------------
-----------------------
Epoch 15/100
Training statistic: Loss: 0.3545, train_score: {'accuracy': 0.9156229314574221, 'balanced_accuracy': 0.9158278992472871, 'f1_macro': 0.9163934515839415, 'f1_micro': 0.9156229314574221, 'f1_weighted': 0.9158444705307692, 'precision_macro': 0.9173513618189689, 'precision_micro': 0.9156229314574221, 'precision_weighted': 0.9164667534941068, 'recall_macro': 0.9158278992472871, 'recall_micro': 0.9156229314574221, 'recall_weighted': 0.9156229314574221}
Validation statistic: Loss: 0.1925, dev_score: {'accuracy': 0.9497762307309796, 'balanced_accuracy': 0.9491237119052514, 'f1_macro': 0.9492763825741104, 'f1_micro': 0.9497762307309796, 'f1_weighted': 0.9498485498738993, 'precision_macro': 0.9496884537763639, 'precision_micro': 0.9497762307309796, 'precision_weighted': 0.950174244042834, 'recall_macro': 0.9491237119052514, 'recall_micro': 0.9497762307309796, 'recall_weighted': 0.9497762307309796}
Saving model...
Model saved!
-------------------------------------------
-----------------------
Epoch 16/100
Training statistic: Loss: 0.3412, train_score: {'accuracy': 0.9171934014302958, 'balanced_accuracy': 0.9178971753440965, 'f1_macro': 0.9177223674582526, 'f1_micro': 0.9171934014302958, 'f1_weighted': 0.9173283126457683, 'precision_macro': 0.9177974638404225, 'precision_micro': 0.9171934014302958, 'precision_weighted': 0.917710643723143, 'recall_macro': 0.9178971753440965, 'recall_micro': 0.9171934014302958, 'recall_weighted': 0.9171934014302958}
Validation statistic: Loss: 0.1837, dev_score: {'accuracy': 0.9509365158296038, 'balanced_accuracy': 0.9503526374976319, 'f1_macro': 0.9503678076710628, 'f1_micro': 0.9509365158296038, 'f1_weighted': 0.9509565131178789, 'precision_macro': 0.950521538563423, 'precision_micro': 0.9509365158296038, 'precision_weighted': 0.9511130843078714, 'recall_macro': 0.9503526374976319, 'recall_micro': 0.9509365158296038, 'recall_weighted': 0.9509365158296038}
Saving model...
Model saved!
-------------------------------------------
-----------------------
Epoch 17/100
Training statistic: Loss: 0.3318, train_score: {'accuracy': 0.92043168455618, 'balanced_accuracy': 0.9206840858649379, 'f1_macro': 0.9209953233770195, 'f1_micro': 0.92043168455618, 'f1_weighted': 0.9205462352451764, 'precision_macro': 0.9215751348744284, 'precision_micro': 0.92043168455618, 'precision_weighted': 0.9209385955575742, 'recall_macro': 0.9206840858649379, 'recall_micro': 0.92043168455618, 'recall_weighted': 0.92043168455618}
Validation statistic: Loss: 0.1828, dev_score: {'accuracy': 0.9517652909000497, 'balanced_accuracy': 0.9511389994321922, 'f1_macro': 0.9512845252626153, 'f1_micro': 0.9517652909000497, 'f1_weighted': 0.9518255163476129, 'precision_macro': 0.9516728539030384, 'precision_micro': 0.9517652909000497, 'precision_weighted': 0.9521209013878587, 'recall_macro': 0.9511389994321922, 'recall_micro': 0.9517652909000497, 'recall_weighted': 0.9517652909000497}
Saving model...
Model saved!
-------------------------------------------
-----------------------
Epoch 18/100
Training statistic: Loss: 0.3270, train_score: {'accuracy': 0.9203992368294678, 'balanced_accuracy': 0.920422240079845, 'f1_macro': 0.9209264474721334, 'f1_micro': 0.9203992368294678, 'f1_weighted': 0.9205450836639949, 'precision_macro': 0.9217165371596275, 'precision_micro': 0.9203992368294678, 'precision_weighted': 0.9209737554976315, 'recall_macro': 0.920422240079845, 'recall_micro': 0.9203992368294678, 'recall_weighted': 0.9203992368294678}
Validation statistic: Loss: 0.1802, dev_score: {'accuracy': 0.9512680258577823, 'balanced_accuracy': 0.9506064098892543, 'f1_macro': 0.9507393953312342, 'f1_micro': 0.9512680258577823, 'f1_weighted': 0.9513304908498914, 'precision_macro': 0.9511200948872242, 'precision_micro': 0.9512680258577823, 'precision_weighted': 0.9516330348408267, 'recall_macro': 0.9506064098892543, 'recall_micro': 0.9512680258577823, 'recall_weighted': 0.9512680258577823}
Saving model...
Model saved!
-------------------------------------------
-----------------------
Epoch 19/100
Training statistic: Loss: 0.3231, train_score: {'accuracy': 0.920847015458097, 'balanced_accuracy': 0.9212173052358545, 'f1_macro': 0.9216051041048987, 'f1_micro': 0.920847015458097, 'f1_weighted': 0.9210480115149422, 'precision_macro': 0.922332826870748, 'precision_micro': 0.920847015458097, 'precision_weighted': 0.9215985009680052, 'recall_macro': 0.9212173052358545, 'recall_micro': 0.920847015458097, 'recall_weighted': 0.920847015458097}
Validation statistic: Loss: 0.1763, dev_score: {'accuracy': 0.9506050058014255, 'balanced_accuracy': 0.950037152144574, 'f1_macro': 0.9501120999358396, 'f1_micro': 0.9506050058014255, 'f1_weighted': 0.9506756882192543, 'precision_macro': 0.9504176803381611, 'precision_micro': 0.9506050058014255, 'precision_weighted': 0.9509729549729692, 'recall_macro': 0.950037152144574, 'recall_micro': 0.9506050058014255, 'recall_weighted': 0.9506050058014255}
Saving model...
Model saved!
-------------------------------------------
-----------------------
Epoch 20/100
Training statistic: Loss: 0.3177, train_score: {'accuracy': 0.9229171804223396, 'balanced_accuracy': 0.9228120156364819, 'f1_macro': 0.9234988006330875, 'f1_micro': 0.9229171804223396, 'f1_weighted': 0.9230498238699529, 'precision_macro': 0.9244375409125306, 'precision_micro': 0.9229171804223396, 'precision_weighted': 0.923427223144473, 'recall_macro': 0.9228120156364819, 'recall_micro': 0.9229171804223396, 'recall_weighted': 0.9229171804223396}
Validation statistic: Loss: 0.1720, dev_score: {'accuracy': 0.9540858610972982, 'balanced_accuracy': 0.9535360284731624, 'f1_macro': 0.9536151573604016, 'f1_micro': 0.9540858610972982, 'f1_weighted': 0.9541481799907771, 'precision_macro': 0.9538920751753011, 'precision_micro': 0.9540858610972982, 'precision_weighted': 0.9544050261568225, 'recall_macro': 0.9535360284731624, 'recall_micro': 0.9540858610972982, 'recall_weighted': 0.9540858610972982}
Saving model...
Model saved!
-------------------------------------------
-----------------------
Epoch 21/100
Training statistic: Loss: 0.3123, train_score: {'accuracy': 0.924669357664802, 'balanced_accuracy': 0.9251184205665078, 'f1_macro': 0.9250662791156111, 'f1_micro': 0.924669357664802, 'f1_weighted': 0.9247536005660221, 'precision_macro': 0.9251329526054078, 'precision_micro': 0.924669357664802, 'precision_weighted': 0.9249636119454037, 'recall_macro': 0.9251184205665078, 'recall_micro': 0.924669357664802, 'recall_weighted': 0.924669357664802}
Validation statistic: Loss: 0.1710, dev_score: {'accuracy': 0.952925575998674, 'balanced_accuracy': 0.9522364991094365, 'f1_macro': 0.9523593747822048, 'f1_micro': 0.952925575998674, 'f1_weighted': 0.9529434294389888, 'precision_macro': 0.952617850694779, 'precision_micro': 0.952925575998674, 'precision_weighted': 0.9530935498010542, 'recall_macro': 0.9522364991094365, 'recall_micro': 0.952925575998674, 'recall_weighted': 0.952925575998674}
Saving model...
Model saved!
-------------------------------------------
-----------------------
Epoch 22/100
Training statistic: Loss: 0.3094, train_score: {'accuracy': 0.9250781990213766, 'balanced_accuracy': 0.925266804960825, 'f1_macro': 0.9257276346998065, 'f1_micro': 0.9250781990213766, 'f1_weighted': 0.925200813092602, 'precision_macro': 0.9264159583232766, 'precision_micro': 0.9250781990213766, 'precision_weighted': 0.9255444156272082, 'recall_macro': 0.925266804960825, 'recall_micro': 0.9250781990213766, 'recall_weighted': 0.9250781990213766}
Validation statistic: Loss: 0.1697, dev_score: {'accuracy': 0.9532570860268523, 'balanced_accuracy': 0.9524092591145104, 'f1_macro': 0.9526506977325978, 'f1_micro': 0.9532570860268523, 'f1_weighted': 0.9532815762502979, 'precision_macro': 0.953074191894, 'precision_micro': 0.9532570860268523, 'precision_weighted': 0.953484321616703, 'recall_macro': 0.9524092591145104, 'recall_micro': 0.9532570860268523, 'recall_weighted': 0.9532570860268523}
Saving model...
Model saved!
-------------------------------------------
-----------------------
Epoch 23/100
Training statistic: Loss: 0.3020, train_score: {'accuracy': 0.926058120368087, 'balanced_accuracy': 0.9263910242096512, 'f1_macro': 0.9265343691908245, 'f1_micro': 0.926058120368087, 'f1_weighted': 0.9261244400301323, 'precision_macro': 0.926849852345244, 'precision_micro': 0.926058120368087, 'precision_weighted': 0.926357696168105, 'recall_macro': 0.9263910242096512, 'recall_micro': 0.926058120368087, 'recall_weighted': 0.926058120368087}
Validation statistic: Loss: 0.1660, dev_score: {'accuracy': 0.9545831261395658, 'balanced_accuracy': 0.9539126299973051, 'f1_macro': 0.9541377717366142, 'f1_micro': 0.9545831261395658, 'f1_weighted': 0.9546159943985854, 'precision_macro': 0.954541373693236, 'precision_micro': 0.9545831261395658, 'precision_weighted': 0.9548235614995388, 'recall_macro': 0.9539126299973051, 'recall_micro': 0.9545831261395658, 'recall_weighted': 0.9545831261395658}
Saving model...
Model saved!
-------------------------------------------
-----------------------
Epoch 24/100
Training statistic: Loss: 0.3010, train_score: {'accuracy': 0.9262528067283606, 'balanced_accuracy': 0.9268019110861054, 'f1_macro': 0.9267118955756244, 'f1_micro': 0.9262528067283606, 'f1_weighted': 0.9263456908519576, 'precision_macro': 0.9268501871773482, 'precision_micro': 0.9262528067283606, 'precision_weighted': 0.9266624183636233, 'recall_macro': 0.9268019110861054, 'recall_micro': 0.9262528067283606, 'recall_weighted': 0.9262528067283606}
Validation statistic: Loss: 0.1657, dev_score: {'accuracy': 0.9545831261395658, 'balanced_accuracy': 0.9539008722950978, 'f1_macro': 0.9540519575250113, 'f1_micro': 0.9545831261395658, 'f1_weighted': 0.9545959124917819, 'precision_macro': 0.9543504014783366, 'precision_micro': 0.9545831261395658, 'precision_weighted': 0.9547551336679956, 'recall_macro': 0.9539008722950978, 'recall_micro': 0.9545831261395658, 'recall_weighted': 0.9545831261395658}
Saving model...
Model saved!
-------------------------------------------
-----------------------
Epoch 25/100
Training statistic: Loss: 0.2961, train_score: {'accuracy': 0.9271937908030163, 'balanced_accuracy': 0.9276904532815704, 'f1_macro': 0.927789680273239, 'f1_micro': 0.9271937908030163, 'f1_weighted': 0.9272890235277773, 'precision_macro': 0.9281418385484208, 'precision_micro': 0.9271937908030163, 'precision_weighted': 0.9276371801898244, 'recall_macro': 0.9276904532815704, 'recall_micro': 0.9271937908030163, 'recall_weighted': 0.9271937908030163}
Validation statistic: Loss: 0.1659, dev_score: {'accuracy': 0.9532570860268523, 'balanced_accuracy': 0.9525124979063884, 'f1_macro': 0.9527336366906385, 'f1_micro': 0.9532570860268523, 'f1_weighted': 0.9532724457423692, 'precision_macro': 0.9531500570153456, 'precision_micro': 0.9532570860268523, 'precision_weighted': 0.953480996215159, 'recall_macro': 0.9525124979063884, 'recall_micro': 0.9532570860268523, 'recall_weighted': 0.9532570860268523}
-----------------------
Epoch 26/100
Training statistic: Loss: 0.2934, train_score: {'accuracy': 0.9286085116876711, 'balanced_accuracy': 0.9283274544494782, 'f1_macro': 0.9291080706186644, 'f1_micro': 0.9286085116876711, 'f1_weighted': 0.9287072963946023, 'precision_macro': 0.9301320947578523, 'precision_micro': 0.9286085116876711, 'precision_weighted': 0.9290453118159195, 'recall_macro': 0.9283274544494782, 'recall_micro': 0.9286085116876711, 'recall_weighted': 0.9286085116876711}
Validation statistic: Loss: 0.1613, dev_score: {'accuracy': 0.95574341123819, 'balanced_accuracy': 0.9550924344954703, 'f1_macro': 0.9552859269064335, 'f1_micro': 0.95574341123819, 'f1_weighted': 0.9557814203002872, 'precision_macro': 0.9555704662733124, 'precision_micro': 0.95574341123819, 'precision_weighted': 0.95590927832401, 'recall_macro': 0.9550924344954703, 'recall_micro': 0.95574341123819, 'recall_weighted': 0.95574341123819}
Saving model...
Model saved!
-------------------------------------------
-----------------------
Epoch 27/100
Training statistic: Loss: 0.2886, train_score: {'accuracy': 0.9296727971238335, 'balanced_accuracy': 0.9299851272067882, 'f1_macro': 0.9303047704805133, 'f1_micro': 0.9296727971238335, 'f1_weighted': 0.9297611847750114, 'precision_macro': 0.9307687928337918, 'precision_micro': 0.9296727971238335, 'precision_weighted': 0.9299948999492796, 'recall_macro': 0.9299851272067882, 'recall_micro': 0.9296727971238335, 'recall_weighted': 0.9296727971238335}
Validation statistic: Loss: 0.1637, dev_score: {'accuracy': 0.9527598209845848, 'balanced_accuracy': 0.9520488122317108, 'f1_macro': 0.9522643498983265, 'f1_micro': 0.9527598209845848, 'f1_weighted': 0.9527945848808078, 'precision_macro': 0.9526894399760204, 'precision_micro': 0.9527598209845848, 'precision_weighted': 0.9530364634825992, 'recall_macro': 0.9520488122317108, 'recall_micro': 0.9527598209845848, 'recall_weighted': 0.9527598209845848}
-----------------------
Epoch 28/100
Training statistic: Loss: 0.2904, train_score: {'accuracy': 0.9301724921152024, 'balanced_accuracy': 0.9299478201466267, 'f1_macro': 0.9306512608614558, 'f1_micro': 0.9301724921152024, 'f1_weighted': 0.930257142078763, 'precision_macro': 0.931527682610383, 'precision_micro': 0.9301724921152024, 'precision_weighted': 0.9305024684418415, 'recall_macro': 0.9299478201466267, 'recall_micro': 0.9301724921152024, 'recall_weighted': 0.9301724921152024}
Validation statistic: Loss: 0.1588, dev_score: {'accuracy': 0.9550803911818333, 'balanced_accuracy': 0.9543559710872594, 'f1_macro': 0.9546472193764911, 'f1_micro': 0.9550803911818333, 'f1_weighted': 0.9551198653859235, 'precision_macro': 0.9551344837724816, 'precision_micro': 0.9550803911818333, 'precision_weighted': 0.9553502520406012, 'recall_macro': 0.9543559710872594, 'recall_micro': 0.9550803911818333, 'recall_weighted': 0.9550803911818333}
Saving model...
Model saved!
-------------------------------------------
-----------------------
Epoch 29/100
Training statistic: Loss: 0.2853, train_score: {'accuracy': 0.9315417861824601, 'balanced_accuracy': 0.9321717585266794, 'f1_macro': 0.9320529151367554, 'f1_micro': 0.9315417861824601, 'f1_weighted': 0.9316054855883444, 'precision_macro': 0.9320817304847984, 'precision_micro': 0.9315417861824601, 'precision_weighted': 0.9318224206055153, 'recall_macro': 0.9321717585266794, 'recall_micro': 0.9315417861824601, 'recall_weighted': 0.9315417861824601}
Validation statistic: Loss: 0.1575, dev_score: {'accuracy': 0.9565721863086358, 'balanced_accuracy': 0.9560311649491069, 'f1_macro': 0.9562114471276064, 'f1_micro': 0.9565721863086358, 'f1_weighted': 0.9565864443450645, 'precision_macro': 0.9565506421230051, 'precision_micro': 0.9565721863086358, 'precision_weighted': 0.9567595162640772, 'recall_macro': 0.9560311649491069, 'recall_micro': 0.9565721863086358, 'recall_weighted': 0.9565721863086358}
Saving model...
Model saved!
-------------------------------------------
-----------------------
Epoch 30/100
Training statistic: Loss: 0.2809, train_score: {'accuracy': 0.932372447986294, 'balanced_accuracy': 0.9329482048941784, 'f1_macro': 0.9328543395018822, 'f1_micro': 0.932372447986294, 'f1_weighted': 0.9324524206519071, 'precision_macro': 0.9328923791977829, 'precision_micro': 0.932372447986294, 'precision_weighted': 0.9326684078270757, 'recall_macro': 0.9329482048941784, 'recall_micro': 0.932372447986294, 'recall_weighted': 0.932372447986294}
Validation statistic: Loss: 0.1558, dev_score: {'accuracy': 0.9564064312945466, 'balanced_accuracy': 0.9557752377826001, 'f1_macro': 0.9558827850279485, 'f1_micro': 0.9564064312945466, 'f1_weighted': 0.9564494746961069, 'precision_macro': 0.9562156089948385, 'precision_micro': 0.9564064312945466, 'precision_weighted': 0.9567141199229333, 'recall_macro': 0.9557752377826001, 'recall_micro': 0.9564064312945466, 'recall_weighted': 0.9564064312945466}
Saving model...
Model saved!
-------------------------------------------
-----------------------
Epoch 31/100
Training statistic: Loss: 0.2792, train_score: {'accuracy': 0.9335665243293055, 'balanced_accuracy': 0.9336511957559607, 'f1_macro': 0.9340128622283203, 'f1_micro': 0.9335665243293055, 'f1_weighted': 0.933622664234215, 'precision_macro': 0.934495515705871, 'precision_micro': 0.9335665243293055, 'precision_weighted': 0.9337895977599967, 'recall_macro': 0.9336511957559607, 'recall_micro': 0.9335665243293055, 'recall_weighted': 0.9335665243293055}
Validation statistic: Loss: 0.1560, dev_score: {'accuracy': 0.9560749212663683, 'balanced_accuracy': 0.9555309444488864, 'f1_macro': 0.9556477381294979, 'f1_micro': 0.9560749212663683, 'f1_weighted': 0.9560990579541744, 'precision_macro': 0.9559564722875716, 'precision_micro': 0.9560749212663683, 'precision_weighted': 0.9563111562138146, 'recall_macro': 0.9555309444488864, 'recall_micro': 0.9560749212663683, 'recall_weighted': 0.9560749212663683}
-----------------------
Epoch 32/100
Training statistic: Loss: 0.2800, train_score: {'accuracy': 0.9327228834347866, 'balanced_accuracy': 0.9331734799819076, 'f1_macro': 0.9332760726033632, 'f1_micro': 0.9327228834347866, 'f1_weighted': 0.9328247887939769, 'precision_macro': 0.9336122518723332, 'precision_micro': 0.9327228834347866, 'precision_weighted': 0.9331646421020348, 'recall_macro': 0.9331734799819076, 'recall_micro': 0.9327228834347866, 'recall_weighted': 0.9327228834347866}
Validation statistic: Loss: 0.1557, dev_score: {'accuracy': 0.9572352063649925, 'balanced_accuracy': 0.9566444921473612, 'f1_macro': 0.956776900757095, 'f1_micro': 0.9572352063649925, 'f1_weighted': 0.9572584733602544, 'precision_macro': 0.9570966827944567, 'precision_micro': 0.9572352063649925, 'precision_weighted': 0.9574679766765507, 'recall_macro': 0.9566444921473612, 'recall_micro': 0.9572352063649925, 'recall_weighted': 0.9572352063649925}
Saving model...
Model saved!
-------------------------------------------
-----------------------
Epoch 33/100
Training statistic: Loss: 0.2736, train_score: {'accuracy': 0.9345010188586188, 'balanced_accuracy': 0.9348292628535362, 'f1_macro': 0.9350108740181942, 'f1_micro': 0.9345010188586188, 'f1_weighted': 0.9345988090846026, 'precision_macro': 0.935343536525723, 'precision_micro': 0.9345010188586188, 'precision_weighted': 0.9348558975546669, 'recall_macro': 0.9348292628535362, 'recall_micro': 0.9345010188586188, 'recall_weighted': 0.9345010188586188}
Validation statistic: Loss: 0.1555, dev_score: {'accuracy': 0.9565721863086358, 'balanced_accuracy': 0.9560097055387082, 'f1_macro': 0.9561455906324274, 'f1_micro': 0.9565721863086358, 'f1_weighted': 0.9566013168163794, 'precision_macro': 0.9564884674167242, 'precision_micro': 0.9565721863086358, 'precision_weighted': 0.9568352351213217, 'recall_macro': 0.9560097055387082, 'recall_micro': 0.9565721863086358, 'recall_weighted': 0.9565721863086358}
Saving model...
Model saved!
-------------------------------------------
-----------------------
Epoch 34/100
Training statistic: Loss: 0.2764, train_score: {'accuracy': 0.9338845120510857, 'balanced_accuracy': 0.9342683328509397, 'f1_macro': 0.9343780292475197, 'f1_micro': 0.9338845120510857, 'f1_weighted': 0.9339722527911797, 'precision_macro': 0.9346470342504075, 'precision_micro': 0.9338845120510857, 'precision_weighted': 0.9342210998244276, 'recall_macro': 0.9342683328509397, 'recall_micro': 0.9338845120510857, 'recall_weighted': 0.9338845120510857}
Validation statistic: Loss: 0.1540, dev_score: {'accuracy': 0.9575667163931709, 'balanced_accuracy': 0.9569441266665628, 'f1_macro': 0.9571327827456766, 'f1_micro': 0.9575667163931709, 'f1_weighted': 0.9576196963233867, 'precision_macro': 0.9575781662618773, 'precision_micro': 0.9575667163931709, 'precision_weighted': 0.9579263964476069, 'recall_macro': 0.9569441266665628, 'recall_micro': 0.9575667163931709, 'recall_weighted': 0.9575667163931709}
Saving model...
Model saved!
-------------------------------------------
-----------------------
Epoch 35/100
Training statistic: Loss: 0.2716, train_score: {'accuracy': 0.9344945293132763, 'balanced_accuracy': 0.934687023803946, 'f1_macro': 0.9351483917905631, 'f1_micro': 0.9344945293132763, 'f1_weighted': 0.9346235478141386, 'precision_macro': 0.9358494703331486, 'precision_micro': 0.9344945293132763, 'precision_weighted': 0.9349945514305348, 'recall_macro': 0.934687023803946, 'recall_micro': 0.9344945293132763, 'recall_weighted': 0.9344945293132763}
Validation statistic: Loss: 0.1535, dev_score: {'accuracy': 0.9572352063649925, 'balanced_accuracy': 0.9565690754392527, 'f1_macro': 0.9567648402488504, 'f1_micro': 0.9572352063649925, 'f1_weighted': 0.9572860287127108, 'precision_macro': 0.9571338504762466, 'precision_micro': 0.9572352063649925, 'precision_weighted': 0.9575059548869379, 'recall_macro': 0.9565690754392527, 'recall_micro': 0.9572352063649925, 'recall_weighted': 0.9572352063649925}
Saving model...
Model saved!
-------------------------------------------
-----------------------
Epoch 36/100
Training statistic: Loss: 0.2696, train_score: {'accuracy': 0.9352797642997132, 'balanced_accuracy': 0.9349285894777566, 'f1_macro': 0.9356816877450429, 'f1_micro': 0.9352797642997132, 'f1_weighted': 0.9353954408204564, 'precision_macro': 0.9367218865296218, 'precision_micro': 0.9352797642997132, 'precision_weighted': 0.9357761145523322, 'recall_macro': 0.9349285894777566, 'recall_micro': 0.9352797642997132, 'recall_weighted': 0.9352797642997132}
Validation statistic: Loss: 0.1524, dev_score: {'accuracy': 0.9583954914636168, 'balanced_accuracy': 0.9578279858519494, 'f1_macro': 0.9580036961150876, 'f1_micro': 0.9583954914636168, 'f1_weighted': 0.9584458320044752, 'precision_macro': 0.9583815436404661, 'precision_micro': 0.9583954914636168, 'precision_weighted': 0.9586946719380818, 'recall_macro': 0.9578279858519494, 'recall_micro': 0.9583954914636168, 'recall_weighted': 0.9583954914636168}
Saving model...
Model saved!
-------------------------------------------
-----------------------
Epoch 37/100
Training statistic: Loss: 0.2680, train_score: {'accuracy': 0.9370578997235454, 'balanced_accuracy': 0.9376611082671411, 'f1_macro': 0.9375161176009132, 'f1_micro': 0.9370578997235454, 'f1_weighted': 0.9371371181987971, 'precision_macro': 0.9374802731436136, 'precision_micro': 0.9370578997235454, 'precision_weighted': 0.9373272880486679, 'recall_macro': 0.9376611082671411, 'recall_micro': 0.9370578997235454, 'recall_weighted': 0.9370578997235454}
Validation statistic: Loss: 0.1503, dev_score: {'accuracy': 0.9582297364495276, 'balanced_accuracy': 0.9575682136177187, 'f1_macro': 0.9577311536351593, 'f1_micro': 0.9582297364495276, 'f1_weighted': 0.9582463835443352, 'precision_macro': 0.9580572549786777, 'precision_micro': 0.9582297364495276, 'precision_weighted': 0.9584230257059377, 'recall_macro': 0.9575682136177187, 'recall_micro': 0.9582297364495276, 'recall_weighted': 0.9582297364495276}
Saving model...
Model saved!
-------------------------------------------
-----------------------
Epoch 38/100
Training statistic: Loss: 0.2665, train_score: {'accuracy': 0.936967046088751, 'balanced_accuracy': 0.9370368113408079, 'f1_macro': 0.937419082243867, 'f1_micro': 0.936967046088751, 'f1_weighted': 0.9370610286792956, 'precision_macro': 0.937980891070094, 'precision_micro': 0.936967046088751, 'precision_weighted': 0.9373310945911753, 'recall_macro': 0.9370368113408079, 'recall_micro': 0.936967046088751, 'recall_weighted': 0.936967046088751}
Validation statistic: Loss: 0.1499, dev_score: {'accuracy': 0.956737941322725, 'balanced_accuracy': 0.9559372674144001, 'f1_macro': 0.9561766930702902, 'f1_micro': 0.956737941322725, 'f1_weighted': 0.9567899582594518, 'precision_macro': 0.9566701095875654, 'precision_micro': 0.956737941322725, 'precision_weighted': 0.957089924048389, 'recall_macro': 0.9559372674144001, 'recall_micro': 0.956737941322725, 'recall_weighted': 0.956737941322725}
Saving model...
Model saved!
-------------------------------------------
-----------------------
Epoch 39/100
Training statistic: Loss: 0.2645, train_score: {'accuracy': 0.9379923942528586, 'balanced_accuracy': 0.9379668426914565, 'f1_macro': 0.938371282735455, 'f1_micro': 0.9379923942528586, 'f1_weighted': 0.9380496219901345, 'precision_macro': 0.9388806219962833, 'precision_micro': 0.9379923942528586, 'precision_weighted': 0.9382106896657462, 'recall_macro': 0.9379668426914565, 'recall_micro': 0.9379923942528586, 'recall_weighted': 0.9379923942528586}
Validation statistic: Loss: 0.1474, dev_score: {'accuracy': 0.9580639814354385, 'balanced_accuracy': 0.9574376130821772, 'f1_macro': 0.9576106993142597, 'f1_micro': 0.9580639814354385, 'f1_weighted': 0.958092160783831, 'precision_macro': 0.9579251567682503, 'precision_micro': 0.9580639814354385, 'precision_weighted': 0.9582587269881839, 'recall_macro': 0.9574376130821772, 'recall_micro': 0.9580639814354385, 'recall_weighted': 0.9580639814354385}
Saving model...
Model saved!
-------------------------------------------
-----------------------
Epoch 40/100
Training statistic: Loss: 0.2607, train_score: {'accuracy': 0.9379015406180643, 'balanced_accuracy': 0.9379785194061876, 'f1_macro': 0.938325948558927, 'f1_micro': 0.9379015406180643, 'f1_weighted': 0.9379952046106078, 'precision_macro': 0.9388472204850686, 'precision_micro': 0.9379015406180643, 'precision_weighted': 0.938267209609674, 'recall_macro': 0.9379785194061876, 'recall_micro': 0.9379015406180643, 'recall_weighted': 0.9379015406180643}
Validation statistic: Loss: 0.1473, dev_score: {'accuracy': 0.9593900215481518, 'balanced_accuracy': 0.9589277887986845, 'f1_macro': 0.9590223349428293, 'f1_micro': 0.9593900215481518, 'f1_weighted': 0.959427114780707, 'precision_macro': 0.9592599432250042, 'precision_micro': 0.9593900215481518, 'precision_weighted': 0.9596073522498668, 'recall_macro': 0.9589277887986845, 'recall_micro': 0.9593900215481518, 'recall_weighted': 0.9593900215481518}
Saving model...
Model saved!
-------------------------------------------
-----------------------
Epoch 41/100
Training statistic: Loss: 0.2603, train_score: {'accuracy': 0.9392773242306643, 'balanced_accuracy': 0.9391127498370675, 'f1_macro': 0.9396635716659263, 'f1_micro': 0.9392773242306643, 'f1_weighted': 0.9393356158296324, 'precision_macro': 0.940369057478246, 'precision_micro': 0.9392773242306643, 'precision_weighted': 0.9395412361138334, 'recall_macro': 0.9391127498370675, 'recall_micro': 0.9392773242306643, 'recall_weighted': 0.9392773242306643}
Validation statistic: Loss: 0.1477, dev_score: {'accuracy': 0.9592242665340627, 'balanced_accuracy': 0.9587382451622526, 'f1_macro': 0.9588010942314813, 'f1_micro': 0.9592242665340627, 'f1_weighted': 0.9592338844587315, 'precision_macro': 0.9590198485441352, 'precision_micro': 0.9592242665340627, 'precision_weighted': 0.9593985171982945, 'recall_macro': 0.9587382451622526, 'recall_micro': 0.9592242665340627, 'recall_weighted': 0.9592242665340627}
-----------------------
Epoch 42/100
Training statistic: Loss: 0.2555, train_score: {'accuracy': 0.9394265837735408, 'balanced_accuracy': 0.9391299601195471, 'f1_macro': 0.9397302123044378, 'f1_micro': 0.9394265837735408, 'f1_weighted': 0.9394646143848002, 'precision_macro': 0.9404201998275035, 'precision_micro': 0.9394265837735408, 'precision_weighted': 0.93958662612433, 'recall_macro': 0.9391299601195471, 'recall_micro': 0.9394265837735408, 'recall_weighted': 0.9394265837735408}
Validation statistic: Loss: 0.1466, dev_score: {'accuracy': 0.9590585115199735, 'balanced_accuracy': 0.9585275057668603, 'f1_macro': 0.9586267253983021, 'f1_micro': 0.9590585115199735, 'f1_weighted': 0.9590579922132827, 'precision_macro': 0.9588618074285196, 'precision_micro': 0.9590585115199735, 'precision_weighted': 0.959192833378882, 'recall_macro': 0.9585275057668603, 'recall_micro': 0.9590585115199735, 'recall_weighted': 0.9590585115199735}
Saving model...
Model saved!
-------------------------------------------
-----------------------
Epoch 43/100
Training statistic: Loss: 0.2619, train_score: {'accuracy': 0.9388944410554596, 'balanced_accuracy': 0.9390586982521463, 'f1_macro': 0.9393717247855999, 'f1_micro': 0.9388944410554596, 'f1_weighted': 0.9389859296165752, 'precision_macro': 0.9398831091650919, 'precision_micro': 0.9388944410554596, 'precision_weighted': 0.9392716005609953, 'recall_macro': 0.9390586982521463, 'recall_micro': 0.9388944410554596, 'recall_weighted': 0.9388944410554596}
Validation statistic: Loss: 0.1499, dev_score: {'accuracy': 0.9575667163931709, 'balanced_accuracy': 0.9568673191028948, 'f1_macro': 0.9570327390314486, 'f1_micro': 0.9575667163931709, 'f1_weighted': 0.9575868355194187, 'precision_macro': 0.9574018116686036, 'precision_micro': 0.9575667163931709, 'precision_weighted': 0.9578083690572421, 'recall_macro': 0.9568673191028948, 'recall_micro': 0.9575667163931709, 'recall_weighted': 0.9575667163931709}
-----------------------
Epoch 44/100
Training statistic: Loss: 0.2575, train_score: {'accuracy': 0.9391345542331304, 'balanced_accuracy': 0.9389364685526138, 'f1_macro': 0.9395760526666374, 'f1_micro': 0.9391345542331304, 'f1_weighted': 0.9392547526385971, 'precision_macro': 0.9404662320353857, 'precision_micro': 0.9391345542331304, 'precision_weighted': 0.9396130716815632, 'recall_macro': 0.9389364685526138, 'recall_micro': 0.9391345542331304, 'recall_weighted': 0.9391345542331304}
Validation statistic: Loss: 0.1479, dev_score: {'accuracy': 0.9580639814354385, 'balanced_accuracy': 0.9575412272654369, 'f1_macro': 0.9577042184530982, 'f1_micro': 0.9580639814354385, 'f1_weighted': 0.9580973397759213, 'precision_macro': 0.9580456120782213, 'precision_micro': 0.9580639814354385, 'precision_weighted': 0.9583092148415769, 'recall_macro': 0.9575412272654369, 'recall_micro': 0.9580639814354385, 'recall_weighted': 0.9580639814354385}
-----------------------
Epoch 45/100
Training statistic: Loss: 0.2541, train_score: {'accuracy': 0.9406336392072372, 'balanced_accuracy': 0.9406497431899682, 'f1_macro': 0.9410262883885171, 'f1_micro': 0.9406336392072372, 'f1_weighted': 0.9407091024904397, 'precision_macro': 0.9416164255905681, 'precision_micro': 0.9406336392072372, 'precision_weighted': 0.9409975984513879, 'recall_macro': 0.9406497431899682, 'recall_micro': 0.9406336392072372, 'recall_weighted': 0.9406336392072372}
Validation statistic: Loss: 0.1464, dev_score: {'accuracy': 0.9578982264213493, 'balanced_accuracy': 0.9572222868353244, 'f1_macro': 0.9574693595191348, 'f1_micro': 0.9578982264213493, 'f1_weighted': 0.9579475327856515, 'precision_macro': 0.9579508830760259, 'precision_micro': 0.9578982264213493, 'precision_weighted': 0.9582258764603923, 'recall_macro': 0.9572222868353244, 'recall_micro': 0.9578982264213493, 'recall_weighted': 0.9578982264213493}
Saving model...
Model saved!
-------------------------------------------
-----------------------
Epoch 46/100
Training statistic: Loss: 0.2597, train_score: {'accuracy': 0.9407634301140863, 'balanced_accuracy': 0.9411440769424612, 'f1_macro': 0.9411313205099023, 'f1_micro': 0.9407634301140863, 'f1_weighted': 0.9408227012626774, 'precision_macro': 0.9412380692234846, 'precision_micro': 0.9407634301140863, 'precision_weighted': 0.941008389932741, 'recall_macro': 0.9411440769424612, 'recall_micro': 0.9407634301140863, 'recall_weighted': 0.9407634301140863}
Validation statistic: Loss: 0.1482, dev_score: {'accuracy': 0.9587270014917951, 'balanced_accuracy': 0.9582000886643989, 'f1_macro': 0.9582488496932706, 'f1_micro': 0.9587270014917951, 'f1_weighted': 0.9587350957493815, 'precision_macro': 0.9583798518252851, 'precision_micro': 0.9587270014917951, 'precision_weighted': 0.9588268710881711, 'recall_macro': 0.9582000886643989, 'recall_micro': 0.9587270014917951, 'recall_weighted': 0.9587270014917951}
-----------------------
Epoch 47/100
Training statistic: Loss: 0.2534, train_score: {'accuracy': 0.9427881682609316, 'balanced_accuracy': 0.9427611776137379, 'f1_macro': 0.9431528102339175, 'f1_micro': 0.9427881682609316, 'f1_weighted': 0.9428465267685937, 'precision_macro': 0.9436712151844462, 'precision_micro': 0.9427881682609316, 'precision_weighted': 0.9430268226886674, 'recall_macro': 0.9427611776137379, 'recall_micro': 0.9427881682609316, 'recall_weighted': 0.9427881682609316}
Validation statistic: Loss: 0.1457, dev_score: {'accuracy': 0.9592242665340627, 'balanced_accuracy': 0.9584908892790178, 'f1_macro': 0.9586751813274486, 'f1_micro': 0.9592242665340627, 'f1_weighted': 0.9592487352202397, 'precision_macro': 0.9590226508312292, 'precision_micro': 0.9592242665340627, 'precision_weighted': 0.959433039573709, 'recall_macro': 0.9584908892790178, 'recall_micro': 0.9592242665340627, 'recall_weighted': 0.9592242665340627}
Saving model...
Model saved!
-------------------------------------------
-----------------------
Epoch 48/100
Training statistic: Loss: 0.2523, train_score: {'accuracy': 0.9426389087180552, 'balanced_accuracy': 0.9429875336172142, 'f1_macro': 0.9430574879525693, 'f1_micro': 0.9426389087180552, 'f1_weighted': 0.9427158735400857, 'precision_macro': 0.9432676514763616, 'precision_micro': 0.9426389087180552, 'precision_weighted': 0.9429341656661555, 'recall_macro': 0.9429875336172142, 'recall_micro': 0.9426389087180552, 'recall_weighted': 0.9426389087180552}
Validation statistic: Loss: 0.1455, dev_score: {'accuracy': 0.9598872865904193, 'balanced_accuracy': 0.9592284724637873, 'f1_macro': 0.9594738299663611, 'f1_micro': 0.9598872865904193, 'f1_weighted': 0.9599171487077939, 'precision_macro': 0.9599219949795172, 'precision_micro': 0.9598872865904193, 'precision_weighted': 0.9601444071660039, 'recall_macro': 0.9592284724637873, 'recall_micro': 0.9598872865904193, 'recall_weighted': 0.9598872865904193}
Saving model...
Model saved!
-------------------------------------------
-----------------------
Epoch 49/100
Training statistic: Loss: 0.2496, train_score: {'accuracy': 0.9427881682609316, 'balanced_accuracy': 0.9430089137977931, 'f1_macro': 0.9432028703311357, 'f1_micro': 0.9427881682609316, 'f1_weighted': 0.9428450965309355, 'precision_macro': 0.9435415339999891, 'precision_micro': 0.9427881682609316, 'precision_weighted': 0.9430383155493245, 'recall_macro': 0.9430089137977931, 'recall_micro': 0.9427881682609316, 'recall_weighted': 0.9427881682609316}
Validation statistic: Loss: 0.1449, dev_score: {'accuracy': 0.9580639814354385, 'balanced_accuracy': 0.9574646593079414, 'f1_macro': 0.9575788011589028, 'f1_micro': 0.9580639814354385, 'f1_weighted': 0.9580580602614858, 'precision_macro': 0.9578303582117709, 'precision_micro': 0.9580639814354385, 'precision_weighted': 0.9581895323108104, 'recall_macro': 0.9574646593079414, 'recall_micro': 0.9580639814354385, 'recall_weighted': 0.9580639814354385}
Saving model...
Model saved!
-------------------------------------------
-----------------------
Epoch 50/100
Training statistic: Loss: 0.2489, train_score: {'accuracy': 0.9437356418809298, 'balanced_accuracy': 0.9434942633649606, 'f1_macro': 0.9440710657419314, 'f1_micro': 0.9437356418809298, 'f1_weighted': 0.943804837067973, 'precision_macro': 0.9447820435796427, 'precision_micro': 0.9437356418809298, 'precision_weighted': 0.9440019433189558, 'recall_macro': 0.9434942633649606, 'recall_micro': 0.9437356418809298, 'recall_weighted': 0.9437356418809298}
Validation statistic: Loss: 0.1448, dev_score: {'accuracy': 0.9602187966185977, 'balanced_accuracy': 0.9596552907426066, 'f1_macro': 0.9597344313051162, 'f1_micro': 0.9602187966185977, 'f1_weighted': 0.960252271520632, 'precision_macro': 0.9599178563758264, 'precision_micro': 0.9602187966185977, 'precision_weighted': 0.960387343038181, 'recall_macro': 0.9596552907426066, 'recall_micro': 0.9602187966185977, 'recall_weighted': 0.9602187966185977}
Saving model...
Model saved!
-------------------------------------------
-----------------------
Epoch 51/100
Training statistic: Loss: 0.2476, train_score: {'accuracy': 0.94370968369956, 'balanced_accuracy': 0.9435030570626737, 'f1_macro': 0.9441041141443958, 'f1_micro': 0.94370968369956, 'f1_weighted': 0.9437855381030119, 'precision_macro': 0.9448894251670537, 'precision_micro': 0.94370968369956, 'precision_weighted': 0.9440437837901354, 'recall_macro': 0.9435030570626737, 'recall_micro': 0.94370968369956, 'recall_weighted': 0.94370968369956}
Validation statistic: Loss: 0.1429, dev_score: {'accuracy': 0.9597215315763302, 'balanced_accuracy': 0.959013280656993, 'f1_macro': 0.9591864114650412, 'f1_micro': 0.9597215315763302, 'f1_weighted': 0.9597439154756553, 'precision_macro': 0.95946388975475, 'precision_micro': 0.9597215315763302, 'precision_weighted': 0.9598684568537171, 'recall_macro': 0.959013280656993, 'recall_micro': 0.9597215315763302, 'recall_weighted': 0.9597215315763302}
Saving model...
Model saved!
-------------------------------------------
-----------------------
Epoch 52/100
Training statistic: Loss: 0.2453, train_score: {'accuracy': 0.9444170441418874, 'balanced_accuracy': 0.9444891595471878, 'f1_macro': 0.9447135833910453, 'f1_micro': 0.9444170441418874, 'f1_weighted': 0.944506120260308, 'precision_macro': 0.9451984296685462, 'precision_micro': 0.9444170441418874, 'precision_weighted': 0.9448550340107411, 'recall_macro': 0.9444891595471878, 'recall_micro': 0.9444170441418874, 'recall_weighted': 0.9444170441418874}
Validation statistic: Loss: 0.1426, dev_score: {'accuracy': 0.9578982264213493, 'balanced_accuracy': 0.9573026751161702, 'f1_macro': 0.9574824656520656, 'f1_micro': 0.9578982264213493, 'f1_weighted': 0.9579435978546215, 'precision_macro': 0.9579052646051395, 'precision_micro': 0.9578982264213493, 'precision_weighted': 0.9582306229756926, 'recall_macro': 0.9573026751161702, 'recall_micro': 0.9578982264213493, 'recall_weighted': 0.9578982264213493}
Saving model...
Model saved!
-------------------------------------------
-----------------------
Epoch 53/100
Training statistic: Loss: 0.2415, train_score: {'accuracy': 0.9450465300401054, 'balanced_accuracy': 0.9452275742006027, 'f1_macro': 0.9453358956742454, 'f1_micro': 0.9450465300401054, 'f1_weighted': 0.9450920308687574, 'precision_macro': 0.94555852784153, 'precision_micro': 0.9450465300401054, 'precision_weighted': 0.9452503389882744, 'recall_macro': 0.9452275742006027, 'recall_micro': 0.9450465300401054, 'recall_weighted': 0.9450465300401054}
Validation statistic: Loss: 0.1431, dev_score: {'accuracy': 0.9590585115199735, 'balanced_accuracy': 0.9584687062228066, 'f1_macro': 0.9586321507133932, 'f1_micro': 0.9590585115199735, 'f1_weighted': 0.9590849199785348, 'precision_macro': 0.9589646990189138, 'precision_micro': 0.9590585115199735, 'precision_weighted': 0.9592764536832712, 'recall_macro': 0.9584687062228066, 'recall_micro': 0.9590585115199735, 'recall_weighted': 0.9590585115199735}
-----------------------
Epoch 54/100
Training statistic: Loss: 0.2444, train_score: {'accuracy': 0.9442612950536685, 'balanced_accuracy': 0.9445675517153121, 'f1_macro': 0.9447217639320596, 'f1_micro': 0.9442612950536685, 'f1_weighted': 0.9443194118395127, 'precision_macro': 0.9449926355103457, 'precision_micro': 0.9442612950536685, 'precision_weighted': 0.9444971904306126, 'recall_macro': 0.9445675517153121, 'recall_micro': 0.9442612950536685, 'recall_weighted': 0.9442612950536685}
Validation statistic: Loss: 0.1450, dev_score: {'accuracy': 0.9578982264213493, 'balanced_accuracy': 0.957296811934339, 'f1_macro': 0.9574513896122194, 'f1_micro': 0.9578982264213493, 'f1_weighted': 0.9579114321320898, 'precision_macro': 0.9577271704619165, 'precision_micro': 0.9578982264213493, 'precision_weighted': 0.9580441822934044, 'recall_macro': 0.957296811934339, 'recall_micro': 0.9578982264213493, 'recall_weighted': 0.9578982264213493}
-----------------------
Epoch 55/100
Training statistic: Loss: 0.2426, train_score: {'accuracy': 0.9458966604799668, 'balanced_accuracy': 0.9459455541108894, 'f1_macro': 0.9463028532525406, 'f1_micro': 0.9458966604799668, 'f1_weighted': 0.9459613435910529, 'precision_macro': 0.9467829204897329, 'precision_micro': 0.9458966604799668, 'precision_weighted': 0.9461504522207115, 'recall_macro': 0.9459455541108894, 'recall_micro': 0.9458966604799668, 'recall_weighted': 0.9458966604799668}
Validation statistic: Loss: 0.1452, dev_score: {'accuracy': 0.9583954914636168, 'balanced_accuracy': 0.9578030471734035, 'f1_macro': 0.9580010090333341, 'f1_micro': 0.9583954914636168, 'f1_weighted': 0.9584205434631453, 'precision_macro': 0.9584157859663265, 'precision_micro': 0.9583954914636168, 'precision_weighted': 0.9586569044163116, 'recall_macro': 0.9578030471734035, 'recall_micro': 0.9583954914636168, 'recall_weighted': 0.9583954914636168}
-----------------------
Epoch 56/100
Training statistic: Loss: 0.2425, train_score: {'accuracy': 0.9457409113917479, 'balanced_accuracy': 0.9459775742698607, 'f1_macro': 0.946046920754901, 'f1_micro': 0.9457409113917479, 'f1_weighted': 0.9458088994632458, 'precision_macro': 0.9462300258375779, 'precision_micro': 0.9457409113917479, 'precision_weighted': 0.9459910402726298, 'recall_macro': 0.9459775742698607, 'recall_micro': 0.9457409113917479, 'recall_weighted': 0.9457409113917479}
Validation statistic: Loss: 0.1412, dev_score: {'accuracy': 0.9603845516326869, 'balanced_accuracy': 0.9598092331329161, 'f1_macro': 0.9600332164356933, 'f1_micro': 0.9603845516326869, 'f1_weighted': 0.9603823830924635, 'precision_macro': 0.9603748742374316, 'precision_micro': 0.9603845516326869, 'precision_weighted': 0.9604959650296377, 'recall_macro': 0.9598092331329161, 'recall_micro': 0.9603845516326869, 'recall_weighted': 0.9603845516326869}
Saving model...
Model saved!
-------------------------------------------
-----------------------
Epoch 57/100
Training statistic: Loss: 0.2429, train_score: {'accuracy': 0.9452931327631187, 'balanced_accuracy': 0.9453886308962021, 'f1_macro': 0.9457598142472783, 'f1_micro': 0.9452931327631187, 'f1_weighted': 0.9453836490326174, 'precision_macro': 0.9464353660447216, 'precision_micro': 0.9452931327631187, 'precision_weighted': 0.9457811871335465, 'recall_macro': 0.9453886308962021, 'recall_micro': 0.9452931327631187, 'recall_weighted': 0.9452931327631187}
Validation statistic: Loss: 0.1446, dev_score: {'accuracy': 0.9590585115199735, 'balanced_accuracy': 0.9583993037862321, 'f1_macro': 0.958701124816424, 'f1_micro': 0.9590585115199735, 'f1_weighted': 0.9590953714370907, 'precision_macro': 0.9592417241503354, 'precision_micro': 0.9590585115199735, 'precision_weighted': 0.9593652246293541, 'recall_macro': 0.9583993037862321, 'recall_micro': 0.9590585115199735, 'recall_weighted': 0.9590585115199735}
-----------------------
Epoch 58/100
Training statistic: Loss: 0.2385, train_score: {'accuracy': 0.9467208327384583, 'balanced_accuracy': 0.9466101970316221, 'f1_macro': 0.9470579574160565, 'f1_micro': 0.9467208327384583, 'f1_weighted': 0.9467809955486992, 'precision_macro': 0.9476389907208087, 'precision_micro': 0.9467208327384583, 'precision_weighted': 0.9469688902630917, 'recall_macro': 0.9466101970316221, 'recall_micro': 0.9467208327384583, 'recall_weighted': 0.9467208327384583}
Validation statistic: Loss: 0.1435, dev_score: {'accuracy': 0.9593900215481518, 'balanced_accuracy': 0.958770122483194, 'f1_macro': 0.9590045873641438, 'f1_micro': 0.9593900215481518, 'f1_weighted': 0.9594200616667566, 'precision_macro': 0.9594351426693984, 'precision_micro': 0.9593900215481518, 'precision_weighted': 0.9596425136914621, 'recall_macro': 0.958770122483194, 'recall_micro': 0.9593900215481518, 'recall_weighted': 0.9593900215481518}
-----------------------
Epoch 59/100
Training statistic: Loss: 0.2333, train_score: {'accuracy': 0.9479149090814698, 'balanced_accuracy': 0.9478686148623835, 'f1_macro': 0.9482525647175504, 'f1_micro': 0.9479149090814698, 'f1_weighted': 0.9479624982221809, 'precision_macro': 0.9487454180675525, 'precision_micro': 0.9479149090814698, 'precision_weighted': 0.9481171912507468, 'recall_macro': 0.9478686148623835, 'recall_micro': 0.9479149090814698, 'recall_weighted': 0.9479149090814698}
Validation statistic: Loss: 0.1407, dev_score: {'accuracy': 0.9607160616608652, 'balanced_accuracy': 0.9602053792507785, 'f1_macro': 0.9603634559097609, 'f1_micro': 0.9607160616608652, 'f1_weighted': 0.9607446023904767, 'precision_macro': 0.9606765640962935, 'precision_micro': 0.9607160616608652, 'precision_weighted': 0.9609254250457943, 'recall_macro': 0.9602053792507785, 'recall_micro': 0.9607160616608652, 'recall_weighted': 0.9607160616608652}
Saving model...
Model saved!
-------------------------------------------
-----------------------
Epoch 60/100
Training statistic: Loss: 0.2336, train_score: {'accuracy': 0.9478175659013329, 'balanced_accuracy': 0.9479766384105016, 'f1_macro': 0.9481225210947418, 'f1_micro': 0.9478175659013329, 'f1_weighted': 0.9478725672496336, 'precision_macro': 0.9483925089528963, 'precision_micro': 0.9478175659013329, 'precision_weighted': 0.94804868158837, 'recall_macro': 0.9479766384105016, 'recall_micro': 0.9478175659013329, 'recall_weighted': 0.9478175659013329}
Validation statistic: Loss: 0.1405, dev_score: {'accuracy': 0.9593900215481518, 'balanced_accuracy': 0.9587116313930804, 'f1_macro': 0.9589695300545971, 'f1_micro': 0.9593900215481518, 'f1_weighted': 0.9594037474046213, 'precision_macro': 0.9594167718761915, 'precision_micro': 0.9593900215481518, 'precision_weighted': 0.9596035926333528, 'recall_macro': 0.9587116313930804, 'recall_micro': 0.9593900215481518, 'recall_weighted': 0.9593900215481518}
Saving model...
Model saved!
-------------------------------------------
-----------------------
Epoch 61/100
Training statistic: Loss: 0.2370, train_score: {'accuracy': 0.9473568081820187, 'balanced_accuracy': 0.9472403299259771, 'f1_macro': 0.9477556734516555, 'f1_micro': 0.9473568081820187, 'f1_weighted': 0.9473995230440873, 'precision_macro': 0.9484484707321978, 'precision_micro': 0.9473568081820187, 'precision_weighted': 0.947610316884485, 'recall_macro': 0.9472403299259771, 'recall_micro': 0.9473568081820187, 'recall_weighted': 0.9473568081820187}
Validation statistic: Loss: 0.1402, dev_score: {'accuracy': 0.9582297364495276, 'balanced_accuracy': 0.9576055528280125, 'f1_macro': 0.9578108781592913, 'f1_micro': 0.9582297364495276, 'f1_weighted': 0.9582492307447976, 'precision_macro': 0.9582057959646114, 'precision_micro': 0.9582297364495276, 'precision_weighted': 0.9584543539961479, 'recall_macro': 0.9576055528280125, 'recall_micro': 0.9582297364495276, 'recall_weighted': 0.9582297364495276}
Saving model...
Model saved!
-------------------------------------------
-----------------------
Epoch 62/100
Training statistic: Loss: 0.2342, train_score: {'accuracy': 0.9478240554466754, 'balanced_accuracy': 0.9478780516197738, 'f1_macro': 0.9481720293606839, 'f1_micro': 0.9478240554466754, 'f1_weighted': 0.9479043824799738, 'precision_macro': 0.9486412855256013, 'precision_micro': 0.9478240554466754, 'precision_weighted': 0.948157828276353, 'recall_macro': 0.9478780516197738, 'recall_micro': 0.9478240554466754, 'recall_weighted': 0.9478240554466754}
Validation statistic: Loss: 0.1432, dev_score: {'accuracy': 0.9585612464777059, 'balanced_accuracy': 0.9578965168941446, 'f1_macro': 0.9581324957986078, 'f1_micro': 0.9585612464777059, 'f1_weighted': 0.9586089329982804, 'precision_macro': 0.9585449291775424, 'precision_micro': 0.9585612464777059, 'precision_weighted': 0.9588300899741846, 'recall_macro': 0.9578965168941446, 'recall_micro': 0.9585612464777059, 'recall_weighted': 0.9585612464777059}
-----------------------
Epoch 63/100
Training statistic: Loss: 0.2358, train_score: {'accuracy': 0.9476163899957168, 'balanced_accuracy': 0.9474500416320486, 'f1_macro': 0.9479887828360539, 'f1_micro': 0.9476163899957168, 'f1_weighted': 0.9476979884908928, 'precision_macro': 0.9487344994627683, 'precision_micro': 0.9476163899957168, 'precision_weighted': 0.9479795129634067, 'recall_macro': 0.9474500416320486, 'recall_micro': 0.9476163899957168, 'recall_weighted': 0.9476163899957168}
Validation statistic: Loss: 0.1418, dev_score: {'accuracy': 0.9587270014917951, 'balanced_accuracy': 0.9581098813868081, 'f1_macro': 0.9582185005479424, 'f1_micro': 0.9587270014917951, 'f1_weighted': 0.9587551408060923, 'precision_macro': 0.9585231092222906, 'precision_micro': 0.9587270014917951, 'precision_weighted': 0.9589755821736888, 'recall_macro': 0.9581098813868081, 'recall_micro': 0.9587270014917951, 'recall_weighted': 0.9587270014917951}
-----------------------
Epoch 64/100
Training statistic: Loss: 0.2285, train_score: {'accuracy': 0.9496995340506444, 'balanced_accuracy': 0.9496755202565426, 'f1_macro': 0.94994314551702, 'f1_micro': 0.9496995340506444, 'f1_weighted': 0.9497548003009466, 'precision_macro': 0.9503961916771164, 'precision_micro': 0.9496995340506444, 'precision_weighted': 0.9499833029594515, 'recall_macro': 0.9496755202565426, 'recall_micro': 0.9496995340506444, 'recall_weighted': 0.9496995340506444}
Validation statistic: Loss: 0.1398, dev_score: {'accuracy': 0.9580639814354385, 'balanced_accuracy': 0.9574704562039752, 'f1_macro': 0.9576321600364175, 'f1_micro': 0.9580639814354385, 'f1_weighted': 0.9580667339610426, 'precision_macro': 0.9579610779102821, 'precision_micro': 0.9580639814354385, 'precision_weighted': 0.9582347246637161, 'recall_macro': 0.9574704562039752, 'recall_micro': 0.9580639814354385, 'recall_weighted': 0.9580639814354385}
Saving model...
Model saved!
-------------------------------------------
-----------------------
Epoch 65/100
Training statistic: Loss: 0.2267, train_score: {'accuracy': 0.9492517554220151, 'balanced_accuracy': 0.9491430355699922, 'f1_macro': 0.9495867326421156, 'f1_micro': 0.9492517554220151, 'f1_weighted': 0.9493102014744754, 'precision_macro': 0.9502064243215802, 'precision_micro': 0.9492517554220151, 'precision_weighted': 0.9495380064067327, 'recall_macro': 0.9491430355699922, 'recall_micro': 0.9492517554220151, 'recall_weighted': 0.9492517554220151}
Validation statistic: Loss: 0.1380, dev_score: {'accuracy': 0.9585612464777059, 'balanced_accuracy': 0.9578626544181326, 'f1_macro': 0.9581201748711292, 'f1_micro': 0.9585612464777059, 'f1_weighted': 0.9585852610495753, 'precision_macro': 0.9585621976187761, 'precision_micro': 0.9585612464777059, 'precision_weighted': 0.9587897921211497, 'recall_macro': 0.9578626544181326, 'recall_micro': 0.9585612464777059, 'recall_weighted': 0.9585612464777059}
Saving model...
Model saved!
-------------------------------------------
-----------------------
Epoch 66/100
Training statistic: Loss: 0.2300, train_score: {'accuracy': 0.9491284540605085, 'balanced_accuracy': 0.9488795890462491, 'f1_macro': 0.949497134809493, 'f1_micro': 0.9491284540605085, 'f1_weighted': 0.9492028747634903, 'precision_macro': 0.9503168088829451, 'precision_micro': 0.9491284540605085, 'precision_weighted': 0.9494723474982849, 'recall_macro': 0.9488795890462491, 'recall_micro': 0.9491284540605085, 'recall_weighted': 0.9491284540605085}
Validation statistic: Loss: 0.1391, dev_score: {'accuracy': 0.959555776562241, 'balanced_accuracy': 0.958863407740395, 'f1_macro': 0.9591140719964221, 'f1_micro': 0.959555776562241, 'f1_weighted': 0.9595778699243583, 'precision_macro': 0.9595283825034595, 'precision_micro': 0.959555776562241, 'precision_weighted': 0.9597595771247744, 'recall_macro': 0.958863407740395, 'recall_micro': 0.959555776562241, 'recall_weighted': 0.959555776562241}
-----------------------
Epoch 67/100
Training statistic: Loss: 0.2288, train_score: {'accuracy': 0.949894220410918, 'balanced_accuracy': 0.9501768115755065, 'f1_macro': 0.9501557796817265, 'f1_micro': 0.949894220410918, 'f1_weighted': 0.9499353061345729, 'precision_macro': 0.9503186242575599, 'precision_micro': 0.949894220410918, 'precision_weighted': 0.9501636882298296, 'recall_macro': 0.9501768115755065, 'recall_micro': 0.949894220410918, 'recall_weighted': 0.949894220410918}
Validation statistic: Loss: 0.1382, dev_score: {'accuracy': 0.9598872865904193, 'balanced_accuracy': 0.9592653736206793, 'f1_macro': 0.9595038431286923, 'f1_micro': 0.9598872865904193, 'f1_weighted': 0.959893596814404, 'precision_macro': 0.9599054620481258, 'precision_micro': 0.9598872865904193, 'precision_weighted': 0.960061202359508, 'recall_macro': 0.9592653736206793, 'recall_micro': 0.9598872865904193, 'recall_weighted': 0.9598872865904193}
-----------------------
Epoch 68/100
Training statistic: Loss: 0.2277, train_score: {'accuracy': 0.9497838981400963, 'balanced_accuracy': 0.9498817139719525, 'f1_macro': 0.9501370439182752, 'f1_micro': 0.9497838981400963, 'f1_weighted': 0.9498415830666569, 'precision_macro': 0.9505074251689056, 'precision_micro': 0.9497838981400963, 'precision_weighted': 0.9500160711414094, 'recall_macro': 0.9498817139719525, 'recall_micro': 0.9497838981400963, 'recall_weighted': 0.9497838981400963}
Validation statistic: Loss: 0.1408, dev_score: {'accuracy': 0.9597215315763302, 'balanced_accuracy': 0.9592161518237304, 'f1_macro': 0.9593317649234503, 'f1_micro': 0.9597215315763302, 'f1_weighted': 0.9597392141067412, 'precision_macro': 0.9595623011770387, 'precision_micro': 0.9597215315763302, 'precision_weighted': 0.9598714572809172, 'recall_macro': 0.9592161518237304, 'recall_micro': 0.9597215315763302, 'recall_weighted': 0.9597215315763302}
-----------------------
Epoch 69/100
Training statistic: Loss: 0.2292, train_score: {'accuracy': 0.9500759276805067, 'balanced_accuracy': 0.950152837261468, 'f1_macro': 0.9504296379394755, 'f1_micro': 0.9500759276805067, 'f1_weighted': 0.9501336305342514, 'precision_macro': 0.9508657296293382, 'precision_micro': 0.9500759276805067, 'precision_weighted': 0.9503496265366397, 'recall_macro': 0.950152837261468, 'recall_micro': 0.9500759276805067, 'recall_weighted': 0.9500759276805067}
Validation statistic: Loss: 0.1412, dev_score: {'accuracy': 0.9597215315763302, 'balanced_accuracy': 0.9589319225468671, 'f1_macro': 0.9592023289212908, 'f1_micro': 0.9597215315763302, 'f1_weighted': 0.9597434263124072, 'precision_macro': 0.9596667726544951, 'precision_micro': 0.9597215315763302, 'precision_weighted': 0.9599545041573575, 'recall_macro': 0.9589319225468671, 'recall_micro': 0.9597215315763302, 'recall_weighted': 0.9597215315763302}
-----------------------
Epoch 70/100
Training statistic: Loss: 0.2256, train_score: {'accuracy': 0.9506015808532454, 'balanced_accuracy': 0.9505409644443553, 'f1_macro': 0.9508614486998314, 'f1_micro': 0.9506015808532454, 'f1_weighted': 0.9506661583711032, 'precision_macro': 0.9512984092503778, 'precision_micro': 0.9506015808532454, 'precision_weighted': 0.9508457300501227, 'recall_macro': 0.9505409644443553, 'recall_micro': 0.9506015808532454, 'recall_weighted': 0.9506015808532454}
Validation statistic: Loss: 0.1384, dev_score: {'accuracy': 0.9612133267031328, 'balanced_accuracy': 0.9605991975600823, 'f1_macro': 0.9607551646282164, 'f1_micro': 0.9612133267031328, 'f1_weighted': 0.9612226723412304, 'precision_macro': 0.9609880881584821, 'precision_micro': 0.9612133267031328, 'precision_weighted': 0.9613068170254868, 'recall_macro': 0.9605991975600823, 'recall_micro': 0.9612133267031328, 'recall_weighted': 0.9612133267031328}
-----------------------
Epoch 71/100
Training statistic: Loss: 0.2262, train_score: {'accuracy': 0.9511142549352992, 'balanced_accuracy': 0.9512898559233467, 'f1_macro': 0.9514169291622965, 'f1_micro': 0.9511142549352992, 'f1_weighted': 0.9511717294772424, 'precision_macro': 0.9516757529583628, 'precision_micro': 0.9511142549352992, 'precision_weighted': 0.9513651772052464, 'recall_macro': 0.9512898559233467, 'recall_micro': 0.9511142549352992, 'recall_weighted': 0.9511142549352992}
Validation statistic: Loss: 0.1378, dev_score: {'accuracy': 0.9585612464777059, 'balanced_accuracy': 0.95799208788876, 'f1_macro': 0.9581377282440009, 'f1_micro': 0.9585612464777059, 'f1_weighted': 0.9585880032933488, 'precision_macro': 0.9584617896887723, 'precision_micro': 0.9585612464777059, 'precision_weighted': 0.9587885688106512, 'recall_macro': 0.95799208788876, 'recall_micro': 0.9585612464777059, 'recall_weighted': 0.9585612464777059}
Saving model...
Model saved!
-------------------------------------------
-----------------------
Epoch 72/100
Training statistic: Loss: 0.2212, train_score: {'accuracy': 0.9520941762820097, 'balanced_accuracy': 0.9523489594819662, 'f1_macro': 0.9524036490561919, 'f1_micro': 0.9520941762820097, 'f1_weighted': 0.9521503438297038, 'precision_macro': 0.9525778693041962, 'precision_micro': 0.9520941762820097, 'precision_weighted': 0.9523242388424751, 'recall_macro': 0.9523489594819662, 'recall_micro': 0.9520941762820097, 'recall_weighted': 0.9520941762820097}
Validation statistic: Loss: 0.1376, dev_score: {'accuracy': 0.9605503066467761, 'balanced_accuracy': 0.959908454327534, 'f1_macro': 0.9600603590913745, 'f1_micro': 0.9605503066467761, 'f1_weighted': 0.9605489245081397, 'precision_macro': 0.9603535010580254, 'precision_micro': 0.9605503066467761, 'precision_weighted': 0.9606868382027669, 'recall_macro': 0.959908454327534, 'recall_micro': 0.9605503066467761, 'recall_weighted': 0.9605503066467761}
Saving model...
Model saved!
-------------------------------------------
-----------------------
Epoch 73/100
Training statistic: Loss: 0.2241, train_score: {'accuracy': 0.9506470076706426, 'balanced_accuracy': 0.9501811696206683, 'f1_macro': 0.9509996869726667, 'f1_micro': 0.9506470076706426, 'f1_weighted': 0.9507176233724188, 'precision_macro': 0.9520692864392434, 'precision_micro': 0.9506470076706426, 'precision_weighted': 0.9510231617018319, 'recall_macro': 0.9501811696206683, 'recall_micro': 0.9506470076706426, 'recall_weighted': 0.9506470076706426}
Validation statistic: Loss: 0.1368, dev_score: {'accuracy': 0.9587270014917951, 'balanced_accuracy': 0.9580375931564988, 'f1_macro': 0.9582513796421448, 'f1_micro': 0.9587270014917951, 'f1_weighted': 0.9587513453270645, 'precision_macro': 0.958679272777396, 'precision_micro': 0.9587270014917951, 'precision_weighted': 0.958981455260377, 'recall_macro': 0.9580375931564988, 'recall_micro': 0.9587270014917951, 'recall_weighted': 0.9587270014917951}
Saving model...
Model saved!
-------------------------------------------
-----------------------
Epoch 74/100
Training statistic: Loss: 0.2194, train_score: {'accuracy': 0.9525744026373513, 'balanced_accuracy': 0.9524235517233723, 'f1_macro': 0.9529336948778013, 'f1_micro': 0.9525744026373513, 'f1_weighted': 0.9526043940440388, 'precision_macro': 0.9535611164380475, 'precision_micro': 0.9525744026373513, 'precision_weighted': 0.9527497147168364, 'recall_macro': 0.9524235517233723, 'recall_micro': 0.9525744026373513, 'recall_weighted': 0.9525744026373513}
Validation statistic: Loss: 0.1378, dev_score: {'accuracy': 0.959555776562241, 'balanced_accuracy': 0.958821100977357, 'f1_macro': 0.9590376608208138, 'f1_micro': 0.959555776562241, 'f1_weighted': 0.9595557206118113, 'precision_macro': 0.9594322198322367, 'precision_micro': 0.959555776562241, 'precision_weighted': 0.9597275247025513, 'recall_macro': 0.958821100977357, 'recall_micro': 0.959555776562241, 'recall_weighted': 0.959555776562241}
-----------------------
Epoch 75/100
Training statistic: Loss: 0.2182, train_score: {'accuracy': 0.9524575908211871, 'balanced_accuracy': 0.95249657287238, 'f1_macro': 0.9527873400557205, 'f1_micro': 0.9524575908211871, 'f1_weighted': 0.9525223753947564, 'precision_macro': 0.9532371021734709, 'precision_micro': 0.9524575908211871, 'precision_weighted': 0.9527424180879268, 'recall_macro': 0.95249657287238, 'recall_micro': 0.9524575908211871, 'recall_weighted': 0.9524575908211871}
Validation statistic: Loss: 0.1382, dev_score: {'accuracy': 0.959555776562241, 'balanced_accuracy': 0.9587806196361075, 'f1_macro': 0.959071778652616, 'f1_micro': 0.959555776562241, 'f1_weighted': 0.959575403972644, 'precision_macro': 0.9595325417024648, 'precision_micro': 0.959555776562241, 'precision_weighted': 0.9597595714343709, 'recall_macro': 0.9587806196361075, 'recall_micro': 0.959555776562241, 'recall_weighted': 0.959555776562241}
-----------------------
Epoch 76/100
Training statistic: Loss: 0.2183, train_score: {'accuracy': 0.9525549340013238, 'balanced_accuracy': 0.9525362489854896, 'f1_macro': 0.9529331316241366, 'f1_micro': 0.9525549340013238, 'f1_weighted': 0.9526386192161089, 'precision_macro': 0.9535329176240783, 'precision_micro': 0.9525549340013238, 'precision_weighted': 0.9529235696310079, 'recall_macro': 0.9525362489854896, 'recall_micro': 0.9525549340013238, 'recall_weighted': 0.9525549340013238}
Validation statistic: Loss: 0.1377, dev_score: {'accuracy': 0.959555776562241, 'balanced_accuracy': 0.9587802069462246, 'f1_macro': 0.959009528365182, 'f1_micro': 0.959555776562241, 'f1_weighted': 0.9595964380608573, 'precision_macro': 0.959450212651959, 'precision_micro': 0.959555776562241, 'precision_weighted': 0.9598413532097472, 'recall_macro': 0.9587802069462246, 'recall_micro': 0.959555776562241, 'recall_weighted': 0.959555776562241}
-----------------------
Epoch 77/100
Training statistic: Loss: 0.2136, train_score: {'accuracy': 0.9528080262696795, 'balanced_accuracy': 0.9529216213331756, 'f1_macro': 0.9530970811377324, 'f1_micro': 0.9528080262696795, 'f1_weighted': 0.9528654069537481, 'precision_macro': 0.9534373832687713, 'precision_micro': 0.9528080262696795, 'precision_weighted': 0.9530864730288234, 'recall_macro': 0.9529216213331756, 'recall_micro': 0.9528080262696795, 'recall_weighted': 0.9528080262696795}
Validation statistic: Loss: 0.1355, dev_score: {'accuracy': 0.959555776562241, 'balanced_accuracy': 0.9589554844576348, 'f1_macro': 0.959087550375715, 'f1_micro': 0.959555776562241, 'f1_weighted': 0.9595771479754416, 'precision_macro': 0.9593409863360952, 'precision_micro': 0.959555776562241, 'precision_weighted': 0.959718285541153, 'recall_macro': 0.9589554844576348, 'recall_micro': 0.959555776562241, 'recall_weighted': 0.959555776562241}
Saving model...
Model saved!
-------------------------------------------
-----------------------
Epoch 78/100
Training statistic: Loss: 0.2168, train_score: {'accuracy': 0.9539436967046089, 'balanced_accuracy': 0.9539767833180182, 'f1_macro': 0.9542178707267727, 'f1_micro': 0.9539436967046089, 'f1_weighted': 0.9539759650939494, 'precision_macro': 0.954535247263804, 'precision_micro': 0.9539436967046089, 'precision_weighted': 0.9540863496137378, 'recall_macro': 0.9539767833180182, 'recall_micro': 0.9539436967046089, 'recall_weighted': 0.9539436967046089}
Validation statistic: Loss: 0.1344, dev_score: {'accuracy': 0.9600530416045086, 'balanced_accuracy': 0.9594251374447296, 'f1_macro': 0.9595980490842655, 'f1_micro': 0.9600530416045086, 'f1_weighted': 0.9600825456134725, 'precision_macro': 0.959967037492073, 'precision_micro': 0.9600530416045086, 'precision_weighted': 0.9603021413573196, 'recall_macro': 0.9594251374447296, 'recall_micro': 0.9600530416045086, 'recall_weighted': 0.9600530416045086}
Saving model...
Model saved!
-------------------------------------------
-----------------------
Epoch 79/100
Training statistic: Loss: 0.2181, train_score: {'accuracy': 0.953158461718172, 'balanced_accuracy': 0.9529566131640479, 'f1_macro': 0.9535349808818265, 'f1_micro': 0.953158461718172, 'f1_weighted': 0.9532260873159002, 'precision_macro': 0.9543618082929417, 'precision_micro': 0.953158461718172, 'precision_weighted': 0.9535302793986273, 'recall_macro': 0.9529566131640479, 'recall_micro': 0.953158461718172, 'recall_weighted': 0.953158461718172}
Validation statistic: Loss: 0.1385, dev_score: {'accuracy': 0.9588927565058843, 'balanced_accuracy': 0.9582029090793972, 'f1_macro': 0.9584253850042075, 'f1_micro': 0.9588927565058843, 'f1_weighted': 0.9589387169240022, 'precision_macro': 0.9588678918995457, 'precision_micro': 0.9588927565058843, 'precision_weighted': 0.9592002583304281, 'recall_macro': 0.9582029090793972, 'recall_micro': 0.9588927565058843, 'recall_weighted': 0.9588927565058843}
-----------------------
Epoch 80/100
Training statistic: Loss: 0.2134, train_score: {'accuracy': 0.9546640362376212, 'balanced_accuracy': 0.9543045196437483, 'f1_macro': 0.9549091995835657, 'f1_micro': 0.9546640362376212, 'f1_weighted': 0.9547192582866545, 'precision_macro': 0.9556560372796099, 'precision_micro': 0.9546640362376212, 'precision_weighted': 0.9549055104948818, 'recall_macro': 0.9543045196437483, 'recall_micro': 0.9546640362376212, 'recall_weighted': 0.9546640362376212}
Validation statistic: Loss: 0.1345, dev_score: {'accuracy': 0.9603845516326869, 'balanced_accuracy': 0.9596850302033249, 'f1_macro': 0.9598456784072665, 'f1_micro': 0.9603845516326869, 'f1_weighted': 0.9604092640846498, 'precision_macro': 0.9601274359160911, 'precision_micro': 0.9603845516326869, 'precision_weighted': 0.9605527767605131, 'recall_macro': 0.9596850302033249, 'recall_micro': 0.9603845516326869, 'recall_weighted': 0.9603845516326869}
-----------------------
Epoch 81/100
Training statistic: Loss: 0.2153, train_score: {'accuracy': 0.9542487053357042, 'balanced_accuracy': 0.9544364268820379, 'f1_macro': 0.9544307413462642, 'f1_micro': 0.9542487053357042, 'f1_weighted': 0.95427475553069, 'precision_macro': 0.9545193288601036, 'precision_micro': 0.9542487053357042, 'precision_weighted': 0.9543902907310077, 'recall_macro': 0.9544364268820379, 'recall_micro': 0.9542487053357042, 'recall_weighted': 0.9542487053357042}
Validation statistic: Loss: 0.1351, dev_score: {'accuracy': 0.9592242665340627, 'balanced_accuracy': 0.9584425318568133, 'f1_macro': 0.9586737903850364, 'f1_micro': 0.9592242665340627, 'f1_weighted': 0.9592511446399142, 'precision_macro': 0.9591017040920414, 'precision_micro': 0.9592242665340627, 'precision_weighted': 0.959470807891416, 'recall_macro': 0.9584425318568133, 'recall_micro': 0.9592242665340627, 'recall_weighted': 0.9592242665340627}
-----------------------
Epoch 82/100
Training statistic: Loss: 0.2150, train_score: {'accuracy': 0.9541059353381702, 'balanced_accuracy': 0.9538529616031457, 'f1_macro': 0.9543938945324497, 'f1_micro': 0.9541059353381702, 'f1_weighted': 0.9541588290515328, 'precision_macro': 0.9550760083360282, 'precision_micro': 0.9541059353381702, 'precision_weighted': 0.9543486456780435, 'recall_macro': 0.9538529616031457, 'recall_micro': 0.9541059353381702, 'recall_weighted': 0.9541059353381702}
Validation statistic: Loss: 0.1351, dev_score: {'accuracy': 0.9605503066467761, 'balanced_accuracy': 0.9599384930307366, 'f1_macro': 0.9600456438674335, 'f1_micro': 0.9605503066467761, 'f1_weighted': 0.9605776010956758, 'precision_macro': 0.9602571512036242, 'precision_micro': 0.9605503066467761, 'precision_weighted': 0.9607074186410511, 'recall_macro': 0.9599384930307366, 'recall_micro': 0.9605503066467761, 'recall_weighted': 0.9605503066467761}
-----------------------
Epoch 83/100
Training statistic: Loss: 0.2146, train_score: {'accuracy': 0.9548132957804977, 'balanced_accuracy': 0.954748182680552, 'f1_macro': 0.9550144052552738, 'f1_micro': 0.9548132957804977, 'f1_weighted': 0.9548364067462907, 'precision_macro': 0.9553866265500245, 'precision_micro': 0.9548132957804977, 'precision_weighted': 0.9549596695821233, 'recall_macro': 0.954748182680552, 'recall_micro': 0.9548132957804977, 'recall_weighted': 0.9548132957804977}
Validation statistic: Loss: 0.1358, dev_score: {'accuracy': 0.9605503066467761, 'balanced_accuracy': 0.959863870166615, 'f1_macro': 0.9600828943740389, 'f1_micro': 0.9605503066467761, 'f1_weighted': 0.9605636250826743, 'precision_macro': 0.96041771547773, 'precision_micro': 0.9605503066467761, 'precision_weighted': 0.960689612863002, 'recall_macro': 0.959863870166615, 'recall_micro': 0.9605503066467761, 'recall_weighted': 0.9605503066467761}
-----------------------
Epoch 84/100
Training statistic: Loss: 0.2121, train_score: {'accuracy': 0.9550858566848807, 'balanced_accuracy': 0.9549936479500415, 'f1_macro': 0.9553850405067165, 'f1_micro': 0.9550858566848807, 'f1_weighted': 0.9551380157978328, 'precision_macro': 0.9558830427253729, 'precision_micro': 0.9550858566848807, 'precision_weighted': 0.9552938336638327, 'recall_macro': 0.9549936479500415, 'recall_micro': 0.9550858566848807, 'recall_weighted': 0.9550858566848807}
Validation statistic: Loss: 0.1361, dev_score: {'accuracy': 0.9602187966185977, 'balanced_accuracy': 0.9596744816927256, 'f1_macro': 0.9597724717628772, 'f1_micro': 0.9602187966185977, 'f1_weighted': 0.9602563908538914, 'precision_macro': 0.9600192506169891, 'precision_micro': 0.9602187966185977, 'precision_weighted': 0.9604410188334483, 'recall_macro': 0.9596744816927256, 'recall_micro': 0.9602187966185977, 'recall_weighted': 0.9602187966185977}
-----------------------
Epoch 85/100
Training statistic: Loss: 0.2135, train_score: {'accuracy': 0.9546770153283061, 'balanced_accuracy': 0.9550114633554653, 'f1_macro': 0.9549867074069175, 'f1_micro': 0.9546770153283061, 'f1_weighted': 0.9547326843174531, 'precision_macro': 0.9550943566771467, 'precision_micro': 0.9546770153283061, 'precision_weighted': 0.9549240410299475, 'recall_macro': 0.9550114633554653, 'recall_micro': 0.9546770153283061, 'recall_weighted': 0.9546770153283061}
Validation statistic: Loss: 0.1350, dev_score: {'accuracy': 0.959555776562241, 'balanced_accuracy': 0.9589204623655114, 'f1_macro': 0.9590815011418113, 'f1_micro': 0.959555776562241, 'f1_weighted': 0.9595742931402885, 'precision_macro': 0.9594025712100576, 'precision_micro': 0.959555776562241, 'precision_weighted': 0.9597519675323596, 'recall_macro': 0.9589204623655114, 'recall_micro': 0.959555776562241, 'recall_weighted': 0.959555776562241}
-----------------------
Epoch 86/100
Training statistic: Loss: 0.2106, train_score: {'accuracy': 0.9552091580463873, 'balanced_accuracy': 0.9553307196959716, 'f1_macro': 0.9554541078871047, 'f1_micro': 0.9552091580463873, 'f1_weighted': 0.955261951480258, 'precision_macro': 0.9557287929900218, 'precision_micro': 0.9552091580463873, 'precision_weighted': 0.9554663268736043, 'recall_macro': 0.9553307196959716, 'recall_micro': 0.9552091580463873, 'recall_weighted': 0.9552091580463873}
Validation statistic: Loss: 0.1355, dev_score: {'accuracy': 0.9588927565058843, 'balanced_accuracy': 0.9582748165186408, 'f1_macro': 0.9583923348975096, 'f1_micro': 0.9588927565058843, 'f1_weighted': 0.9589209117894557, 'precision_macro': 0.9586596660131887, 'precision_micro': 0.9588927565058843, 'precision_weighted': 0.9590976878848857, 'recall_macro': 0.9582748165186408, 'recall_micro': 0.9588927565058843, 'recall_weighted': 0.9588927565058843}
-----------------------
Epoch 87/100
Training statistic: Loss: 0.2101, train_score: {'accuracy': 0.9557477903098109, 'balanced_accuracy': 0.9558082956818676, 'f1_macro': 0.9560827055183836, 'f1_micro': 0.9557477903098109, 'f1_weighted': 0.9557807645753889, 'precision_macro': 0.9564799387336755, 'precision_micro': 0.9557477903098109, 'precision_weighted': 0.9559315922091408, 'recall_macro': 0.9558082956818676, 'recall_micro': 0.9557477903098109, 'recall_weighted': 0.9557477903098109}
Validation statistic: Loss: 0.1326, dev_score: {'accuracy': 0.9600530416045086, 'balanced_accuracy': 0.9593817130947848, 'f1_macro': 0.959603358574068, 'f1_micro': 0.9600530416045086, 'f1_weighted': 0.9600638286768937, 'precision_macro': 0.9599962862968756, 'precision_micro': 0.9600530416045086, 'precision_weighted': 0.9602438631396736, 'recall_macro': 0.9593817130947848, 'recall_micro': 0.9600530416045086, 'recall_weighted': 0.9600530416045086}
Saving model...
Model saved!
-------------------------------------------
-----------------------
Epoch 88/100
Training statistic: Loss: 0.2118, train_score: {'accuracy': 0.9545082871494023, 'balanced_accuracy': 0.9546381822499667, 'f1_macro': 0.9548499998050175, 'f1_micro': 0.9545082871494023, 'f1_weighted': 0.9545486045564443, 'precision_macro': 0.9552374453656347, 'precision_micro': 0.9545082871494023, 'precision_weighted': 0.9547663866995852, 'recall_macro': 0.9546381822499667, 'recall_micro': 0.9545082871494023, 'recall_weighted': 0.9545082871494023}
Validation statistic: Loss: 0.1362, dev_score: {'accuracy': 0.9598872865904193, 'balanced_accuracy': 0.9593008965192421, 'f1_macro': 0.9594411626842, 'f1_micro': 0.9598872865904193, 'f1_weighted': 0.959899086657216, 'precision_macro': 0.9597398152708573, 'precision_micro': 0.9598872865904193, 'precision_weighted': 0.9600675077724662, 'recall_macro': 0.9593008965192421, 'recall_micro': 0.9598872865904193, 'recall_weighted': 0.9598872865904193}
-----------------------
Epoch 89/100
Training statistic: Loss: 0.2083, train_score: {'accuracy': 0.957123573922411, 'balanced_accuracy': 0.9571278054362594, 'f1_macro': 0.9573828013617088, 'f1_micro': 0.957123573922411, 'f1_weighted': 0.9571456947131082, 'precision_macro': 0.9577147972824651, 'precision_micro': 0.957123573922411, 'precision_weighted': 0.9572447658558529, 'recall_macro': 0.9571278054362594, 'recall_micro': 0.957123573922411, 'recall_weighted': 0.957123573922411}
Validation statistic: Loss: 0.1356, dev_score: {'accuracy': 0.9605503066467761, 'balanced_accuracy': 0.9599616776534552, 'f1_macro': 0.9600949396244696, 'f1_micro': 0.9605503066467761, 'f1_weighted': 0.9605643005401208, 'precision_macro': 0.960359736536357, 'precision_micro': 0.9605503066467761, 'precision_weighted': 0.9607057875189807, 'recall_macro': 0.9599616776534552, 'recall_micro': 0.9605503066467761, 'recall_weighted': 0.9605503066467761}
-----------------------
Epoch 90/100
Training statistic: Loss: 0.2069, train_score: {'accuracy': 0.9566563266577544, 'balanced_accuracy': 0.956611940747895, 'f1_macro': 0.9568855956322174, 'f1_micro': 0.9566563266577544, 'f1_weighted': 0.956682945648928, 'precision_macro': 0.9572316508650826, 'precision_micro': 0.9566563266577544, 'precision_weighted': 0.9567801873106089, 'recall_macro': 0.956611940747895, 'recall_micro': 0.9566563266577544, 'recall_weighted': 0.9566563266577544}
Validation statistic: Loss: 0.1326, dev_score: {'accuracy': 0.9612133267031328, 'balanced_accuracy': 0.9606771175216867, 'f1_macro': 0.9607918559711204, 'f1_micro': 0.9612133267031328, 'f1_weighted': 0.9612219497376958, 'precision_macro': 0.961003396177498, 'precision_micro': 0.9612133267031328, 'precision_weighted': 0.9613260451821045, 'recall_macro': 0.9606771175216867, 'recall_micro': 0.9612133267031328, 'recall_weighted': 0.9612133267031328}
-----------------------
Epoch 91/100
Training statistic: Loss: 0.2096, train_score: {'accuracy': 0.9570586784689865, 'balanced_accuracy': 0.9569134227003382, 'f1_macro': 0.9573001961906537, 'f1_micro': 0.9570586784689865, 'f1_weighted': 0.9570849048708372, 'precision_macro': 0.9578110547236663, 'precision_micro': 0.9570586784689865, 'precision_weighted': 0.9572325495926575, 'recall_macro': 0.9569134227003382, 'recall_micro': 0.9570586784689865, 'recall_weighted': 0.9570586784689865}
Validation statistic: Loss: 0.1347, dev_score: {'accuracy': 0.9608818166749544, 'balanced_accuracy': 0.9602413405031532, 'f1_macro': 0.9604440435330186, 'f1_micro': 0.9608818166749544, 'f1_weighted': 0.9608984768212863, 'precision_macro': 0.9607719606271481, 'precision_micro': 0.9608818166749544, 'precision_weighted': 0.9610379059022173, 'recall_macro': 0.9602413405031532, 'recall_micro': 0.9608818166749544, 'recall_weighted': 0.9608818166749544}
-----------------------
Epoch 92/100
Training statistic: Loss: 0.2091, train_score: {'accuracy': 0.9567990966552883, 'balanced_accuracy': 0.9570547805353167, 'f1_macro': 0.9571429265080834, 'f1_micro': 0.9567990966552883, 'f1_weighted': 0.9568471687497893, 'precision_macro': 0.9573475218434131, 'precision_micro': 0.9567990966552883, 'precision_weighted': 0.9570123392895972, 'recall_macro': 0.9570547805353167, 'recall_micro': 0.9567990966552883, 'recall_weighted': 0.9567990966552883}
Validation statistic: Loss: 0.1338, dev_score: {'accuracy': 0.9610475716890436, 'balanced_accuracy': 0.9604426121873771, 'f1_macro': 0.9606566949628512, 'f1_micro': 0.9610475716890436, 'f1_weighted': 0.9610469735612276, 'precision_macro': 0.9609812979654186, 'precision_micro': 0.9610475716890436, 'precision_weighted': 0.9611559923098966, 'recall_macro': 0.9604426121873771, 'recall_micro': 0.9610475716890436, 'recall_weighted': 0.9610475716890436}
-----------------------
Epoch 93/100
Training statistic: Loss: 0.2102, train_score: {'accuracy': 0.956435682116111, 'balanced_accuracy': 0.9563660928815011, 'f1_macro': 0.956689988593643, 'f1_micro': 0.956435682116111, 'f1_weighted': 0.9564785169409497, 'precision_macro': 0.9571751611187251, 'precision_micro': 0.956435682116111, 'precision_weighted': 0.9566805792821558, 'recall_macro': 0.9563660928815011, 'recall_micro': 0.956435682116111, 'recall_weighted': 0.956435682116111}
Validation statistic: Loss: 0.1326, dev_score: {'accuracy': 0.9617105917454003, 'balanced_accuracy': 0.961078554067543, 'f1_macro': 0.9613155288815847, 'f1_micro': 0.9617105917454003, 'f1_weighted': 0.9617329654779664, 'precision_macro': 0.9617099829118517, 'precision_micro': 0.9617105917454003, 'precision_weighted': 0.9619089104130983, 'recall_macro': 0.961078554067543, 'recall_micro': 0.9617105917454003, 'recall_weighted': 0.9617105917454003}
Saving model...
Model saved!
-------------------------------------------
-----------------------
Epoch 94/100
Training statistic: Loss: 0.2058, train_score: {'accuracy': 0.9572663439199449, 'balanced_accuracy': 0.9574822387710858, 'f1_macro': 0.9575634041031732, 'f1_micro': 0.9572663439199449, 'f1_weighted': 0.9573073565019091, 'precision_macro': 0.9577688437751481, 'precision_micro': 0.9572663439199449, 'precision_weighted': 0.9574696597016046, 'recall_macro': 0.9574822387710858, 'recall_micro': 0.9572663439199449, 'recall_weighted': 0.9572663439199449}
Validation statistic: Loss: 0.1350, dev_score: {'accuracy': 0.9600530416045086, 'balanced_accuracy': 0.9592740430729911, 'f1_macro': 0.9595165903533415, 'f1_micro': 0.9600530416045086, 'f1_weighted': 0.9600543314758959, 'precision_macro': 0.9599222456050078, 'precision_micro': 0.9600530416045086, 'precision_weighted': 0.9602138560762142, 'recall_macro': 0.9592740430729911, 'recall_micro': 0.9600530416045086, 'recall_weighted': 0.9600530416045086}
-----------------------
Epoch 95/100
Training statistic: Loss: 0.2075, train_score: {'accuracy': 0.9568704816540553, 'balanced_accuracy': 0.9567595162939091, 'f1_macro': 0.9571787411631822, 'f1_micro': 0.9568704816540553, 'f1_weighted': 0.9569201378931175, 'precision_macro': 0.9577317372717834, 'precision_micro': 0.9568704816540553, 'precision_weighted': 0.9570994921818996, 'recall_macro': 0.9567595162939091, 'recall_micro': 0.9568704816540553, 'recall_weighted': 0.9568704816540553}
Validation statistic: Loss: 0.1360, dev_score: {'accuracy': 0.9603845516326869, 'balanced_accuracy': 0.9598640078615063, 'f1_macro': 0.9599913744707049, 'f1_micro': 0.9603845516326869, 'f1_weighted': 0.9604113487359327, 'precision_macro': 0.9602652079889566, 'precision_micro': 0.9603845516326869, 'precision_weighted': 0.9605817477972, 'recall_macro': 0.9598640078615063, 'recall_micro': 0.9603845516326869, 'recall_weighted': 0.9603845516326869}
-----------------------
Epoch 96/100
Training statistic: Loss: 0.2049, train_score: {'accuracy': 0.9581489220865186, 'balanced_accuracy': 0.9581180728495141, 'f1_macro': 0.9583236762827644, 'f1_micro': 0.9581489220865186, 'f1_weighted': 0.9581919142378051, 'precision_macro': 0.9586695646891876, 'precision_micro': 0.9581489220865186, 'precision_weighted': 0.958366254294132, 'recall_macro': 0.9581180728495141, 'recall_micro': 0.9581489220865186, 'recall_weighted': 0.9581489220865186}
Validation statistic: Loss: 0.1332, dev_score: {'accuracy': 0.9607160616608652, 'balanced_accuracy': 0.960150141859431, 'f1_macro': 0.9603297670405355, 'f1_micro': 0.9607160616608652, 'f1_weighted': 0.9607304858225709, 'precision_macro': 0.9606562475537427, 'precision_micro': 0.9607160616608652, 'precision_weighted': 0.9608896485923288, 'recall_macro': 0.960150141859431, 'recall_micro': 0.9607160616608652, 'recall_weighted': 0.9607160616608652}
-----------------------
Epoch 97/100
Training statistic: Loss: 0.2011, train_score: {'accuracy': 0.9586226588965178, 'balanced_accuracy': 0.958481385762519, 'f1_macro': 0.958780370958487, 'f1_micro': 0.9586226588965178, 'f1_weighted': 0.9586544087672572, 'precision_macro': 0.9591580618922781, 'precision_micro': 0.9586226588965178, 'precision_weighted': 0.958756783755885, 'recall_macro': 0.958481385762519, 'recall_micro': 0.9586226588965178, 'recall_weighted': 0.9586226588965178}
Validation statistic: Loss: 0.1332, dev_score: {'accuracy': 0.9605503066467761, 'balanced_accuracy': 0.9599158883458866, 'f1_macro': 0.9601481521871442, 'f1_micro': 0.9605503066467761, 'f1_weighted': 0.9605688268605693, 'precision_macro': 0.9605247087432287, 'precision_micro': 0.9605503066467761, 'precision_weighted': 0.9607264490866564, 'recall_macro': 0.9599158883458866, 'recall_micro': 0.9605503066467761, 'recall_weighted': 0.9605503066467761}
-----------------------
Epoch 98/100
Training statistic: Loss: 0.2057, train_score: {'accuracy': 0.9588692616195309, 'balanced_accuracy': 0.9588453583508402, 'f1_macro': 0.9591274975956436, 'f1_micro': 0.9588692616195309, 'f1_weighted': 0.95891056669052, 'precision_macro': 0.9595182221246941, 'precision_micro': 0.9588692616195309, 'precision_weighted': 0.9590603047462339, 'recall_macro': 0.9588453583508402, 'recall_micro': 0.9588692616195309, 'recall_weighted': 0.9588692616195309}
Validation statistic: Loss: 0.1345, dev_score: {'accuracy': 0.9610475716890436, 'balanced_accuracy': 0.9603152692878918, 'f1_macro': 0.9605880775805978, 'f1_micro': 0.9610475716890436, 'f1_weighted': 0.9610661865445597, 'precision_macro': 0.9610739670682993, 'precision_micro': 0.9610475716890436, 'precision_weighted': 0.9612891150871218, 'recall_macro': 0.9603152692878918, 'recall_micro': 0.9610475716890436, 'recall_weighted': 0.9610475716890436}
-----------------------
Epoch 99/100
Training statistic: Loss: 0.2044, train_score: {'accuracy': 0.958784897530079, 'balanced_accuracy': 0.9588245179008883, 'f1_macro': 0.9590430542437032, 'f1_micro': 0.958784897530079, 'f1_weighted': 0.9588224444774385, 'precision_macro': 0.9593962141258008, 'precision_micro': 0.958784897530079, 'precision_weighted': 0.9589842394201873, 'recall_macro': 0.9588245179008883, 'recall_micro': 0.958784897530079, 'recall_weighted': 0.958784897530079}
Validation statistic: Loss: 0.1322, dev_score: {'accuracy': 0.961379081717222, 'balanced_accuracy': 0.9608240270419234, 'f1_macro': 0.9610226698665556, 'f1_micro': 0.961379081717222, 'f1_weighted': 0.9613833669278964, 'precision_macro': 0.9612976614244635, 'precision_micro': 0.961379081717222, 'precision_weighted': 0.9614633780799133, 'recall_macro': 0.9608240270419234, 'recall_micro': 0.961379081717222, 'recall_weighted': 0.961379081717222}
Saving model...
Model saved!
-------------------------------------------
-----------------------
Epoch 100/100
Training statistic: Loss: 0.2003, train_score: {'accuracy': 0.9580775370877517, 'balanced_accuracy': 0.9580227287160481, 'f1_macro': 0.9584356669184537, 'f1_micro': 0.9580775370877517, 'f1_weighted': 0.95813779234667, 'precision_macro': 0.9590105501261696, 'precision_micro': 0.9580775370877517, 'precision_weighted': 0.9583593643647458, 'recall_macro': 0.9580227287160481, 'recall_micro': 0.9580775370877517, 'recall_weighted': 0.9580775370877517}
Validation statistic: Loss: 0.1310, dev_score: {'accuracy': 0.9605503066467761, 'balanced_accuracy': 0.9598761732640273, 'f1_macro': 0.9600770523256583, 'f1_micro': 0.9605503066467761, 'f1_weighted': 0.9605788600120299, 'precision_macro': 0.9604141111898225, 'precision_micro': 0.9605503066467761, 'precision_weighted': 0.960738080113742, 'recall_macro': 0.9598761732640273, 'recall_micro': 0.9605503066467761, 'recall_weighted': 0.9605503066467761}
Saving model...
Model saved!
-------------------------------------------
Testing statistic: loss: 0.13551959263799063, scores: {'accuracy': 0.9611060467942875, 'balanced_accuracy': 0.9611406841959761, 'f1_macro': 0.9612484075298016, 'f1_micro': 0.9611060467942875, 'f1_weighted': 0.9611613133695653, 'precision_macro': 0.9614488228361763, 'precision_micro': 0.9611060467942875, 'precision_weighted': 0.9613096511133834, 'recall_macro': 0.9611406841959761, 'recall_micro': 0.9611060467942875, 'recall_weighted': 0.9611060467942875}
Finish training!
