namespace,dataset,seed,train_option,augment_option,record,generator_model_path,predictor_model_path,implementation_defects,collapsed_binary_columns,categorical_indicators_in_numeric_pca,mnist_returned_width,mnist_prefix_replay_matches,news_catastrophic_batchnorm_confirmed,census_fixed_threshold_positive_impossible,ctgan_log_frequency,metrics_match,test_ids_match,true_targets_match,saved_labeler_prefix_matches,record_sha256
census_kdd_weighted_macro_f1_20261005,census_kdd,42,mix,compare_categorical,/home/thuy/Research/minh_data_synth/TabularDA/output/census_kdd_weighted_macro_f1_20261005/census_kdd/acc/census_kdd_seed42_ctgan_full_categorical_mix.run.json,/home/thuy/Research/minh_data_synth/TabularDA/sdv trained model/corrected_v2/census_kdd/seed_42/census_kdd_seed42_ctgan_full.pkl,/home/thuy/Research/minh_data_synth/TabularDA/data/corrected_v2/census_kdd/seed_42/census_kdd_seed42_ctgan_full_categorical_100k.predictor.pkl,,0,0,,,False,False,True,True,True,True,True,04ccd7a46628848e38a3eb4bd3f3f709b15c829c44261f1e1e7c424d7248e579
census_kdd_weighted_macro_f1_20261005,census_kdd,42,synthetic,compare_categorical,/home/thuy/Research/minh_data_synth/TabularDA/output/census_kdd_weighted_macro_f1_20261005/census_kdd/acc/census_kdd_seed42_ctgan_full_categorical_synthetic.run.json,/home/thuy/Research/minh_data_synth/TabularDA/sdv trained model/corrected_v2/census_kdd/seed_42/census_kdd_seed42_ctgan_full.pkl,/home/thuy/Research/minh_data_synth/TabularDA/data/corrected_v2/census_kdd/seed_42/census_kdd_seed42_ctgan_full_categorical_100k.predictor.pkl,,0,0,,,False,False,True,True,True,True,True,d49c0fb699636b1c20a303716ad6e4932f783ee6ce5d060c719c9f2e8259ec24
census_kdd_weighted_macro_f1_20261005,census_kdd,42,mix,compare_dnn,/home/thuy/Research/minh_data_synth/TabularDA/output/census_kdd_weighted_macro_f1_20261005/census_kdd/acc/census_kdd_seed42_ctgan_full_dnn_mix.run.json,/home/thuy/Research/minh_data_synth/TabularDA/sdv trained model/corrected_v2/census_kdd/seed_42/census_kdd_seed42_ctgan_full.pkl,/home/thuy/Research/minh_data_synth/TabularDA/data/corrected_v2/census_kdd/seed_42/census_kdd_seed42_ctgan_full_dnn_100k.predictor.pt,,0,0,,,False,False,True,True,True,True,True,9f3b3df10bdcb772aeba12ee3830019464aa975c4853e59d38ecf3ba95b3af10
census_kdd_weighted_macro_f1_20261005,census_kdd,42,synthetic,compare_dnn,/home/thuy/Research/minh_data_synth/TabularDA/output/census_kdd_weighted_macro_f1_20261005/census_kdd/acc/census_kdd_seed42_ctgan_full_dnn_synthetic.run.json,/home/thuy/Research/minh_data_synth/TabularDA/sdv trained model/corrected_v2/census_kdd/seed_42/census_kdd_seed42_ctgan_full.pkl,/home/thuy/Research/minh_data_synth/TabularDA/data/corrected_v2/census_kdd/seed_42/census_kdd_seed42_ctgan_full_dnn_100k.predictor.pt,,0,0,,,False,False,True,True,True,True,True,b39229593c101837c856579522e65b1bffe3491dc80d86f11c14651aa11ff3bf
census_kdd_weighted_macro_f1_20261005,census_kdd,42,mix,compare_gaussian,/home/thuy/Research/minh_data_synth/TabularDA/output/census_kdd_weighted_macro_f1_20261005/census_kdd/acc/census_kdd_seed42_ctgan_full_gaussian_mix.run.json,/home/thuy/Research/minh_data_synth/TabularDA/sdv trained model/corrected_v2/census_kdd/seed_42/census_kdd_seed42_ctgan_full.pkl,/home/thuy/Research/minh_data_synth/TabularDA/data/corrected_v2/census_kdd/seed_42/census_kdd_seed42_ctgan_full_gaussian_100k.predictor.pkl,,0,0,,,False,False,True,True,True,True,True,83845e066be7462ba2cc16948a6089be9452d46d7fdd47aace38d837dd7fec7b
census_kdd_weighted_macro_f1_20261005,census_kdd,42,synthetic,compare_gaussian,/home/thuy/Research/minh_data_synth/TabularDA/output/census_kdd_weighted_macro_f1_20261005/census_kdd/acc/census_kdd_seed42_ctgan_full_gaussian_synthetic.run.json,/home/thuy/Research/minh_data_synth/TabularDA/sdv trained model/corrected_v2/census_kdd/seed_42/census_kdd_seed42_ctgan_full.pkl,/home/thuy/Research/minh_data_synth/TabularDA/data/corrected_v2/census_kdd/seed_42/census_kdd_seed42_ctgan_full_gaussian_100k.predictor.pkl,,0,0,,,False,False,True,True,True,True,True,edbd39d21b4f631ec1ab7281e94e059e6e05151206f205b21a8bc0aa21a8bbf6
census_kdd_weighted_macro_f1_20261005,census_kdd,42,mix,ctgan,/home/thuy/Research/minh_data_synth/TabularDA/output/census_kdd_weighted_macro_f1_20261005/census_kdd/acc/census_kdd_seed42_ctgan_full_generated_mix.run.json,/home/thuy/Research/minh_data_synth/TabularDA/sdv trained model/corrected_v2/census_kdd/seed_42/census_kdd_seed42_ctgan_full.pkl,,,0,0,,,False,False,True,True,True,True,,c6ec3213c12f52ba453b8fde8e8bad8892254818857807e5b9c56255b8575663
census_kdd_weighted_macro_f1_20261005,census_kdd,42,synthetic,ctgan,/home/thuy/Research/minh_data_synth/TabularDA/output/census_kdd_weighted_macro_f1_20261005/census_kdd/acc/census_kdd_seed42_ctgan_full_generated_synthetic.run.json,/home/thuy/Research/minh_data_synth/TabularDA/sdv trained model/corrected_v2/census_kdd/seed_42/census_kdd_seed42_ctgan_full.pkl,,,0,0,,,False,False,True,True,True,True,,ad88b88e5cae35859c950cce03b699a429c44576c244a596b0a3d7a91f0d3391
census_kdd_weighted_macro_f1_20261005,census_kdd,42,mix,compare_pca_gmm,/home/thuy/Research/minh_data_synth/TabularDA/output/census_kdd_weighted_macro_f1_20261005/census_kdd/acc/census_kdd_seed42_ctgan_full_pca_gmm_mix.run.json,/home/thuy/Research/minh_data_synth/TabularDA/sdv trained model/corrected_v2/census_kdd/seed_42/census_kdd_seed42_ctgan_full.pkl,/home/thuy/Research/minh_data_synth/TabularDA/data/corrected_v2/census_kdd/seed_42/census_kdd_seed42_ctgan_full_pca_gmm_100k.predictor.pkl,,0,0,,,False,False,True,True,True,True,True,8fe62aeb22e6a0dc228fcd138bddeec2ae5d9568bfa8d04e604c0dc554bf8afa
census_kdd_weighted_macro_f1_20261005,census_kdd,42,synthetic,compare_pca_gmm,/home/thuy/Research/minh_data_synth/TabularDA/output/census_kdd_weighted_macro_f1_20261005/census_kdd/acc/census_kdd_seed42_ctgan_full_pca_gmm_synthetic.run.json,/home/thuy/Research/minh_data_synth/TabularDA/sdv trained model/corrected_v2/census_kdd/seed_42/census_kdd_seed42_ctgan_full.pkl,/home/thuy/Research/minh_data_synth/TabularDA/data/corrected_v2/census_kdd/seed_42/census_kdd_seed42_ctgan_full_pca_gmm_100k.predictor.pkl,,0,0,,,False,False,True,True,True,True,True,ba4252ca4064932f5d8ab018c0b265adea084ae583a389ce137ccd6e9954097f
census_kdd_weighted_macro_f1_20261005,census_kdd,42,mix,compare_rf,/home/thuy/Research/minh_data_synth/TabularDA/output/census_kdd_weighted_macro_f1_20261005/census_kdd/acc/census_kdd_seed42_ctgan_full_rf_mix.run.json,/home/thuy/Research/minh_data_synth/TabularDA/sdv trained model/corrected_v2/census_kdd/seed_42/census_kdd_seed42_ctgan_full.pkl,/home/thuy/Research/minh_data_synth/TabularDA/data/corrected_v2/census_kdd/seed_42/census_kdd_seed42_ctgan_full_rf_100k.predictor.pkl,,0,0,,,False,False,True,True,True,True,True,c8faa57efd96fb89c696c6dfc42074955b62f7a1250df605977c502e0b77171a
census_kdd_weighted_macro_f1_20261005,census_kdd,42,synthetic,compare_rf,/home/thuy/Research/minh_data_synth/TabularDA/output/census_kdd_weighted_macro_f1_20261005/census_kdd/acc/census_kdd_seed42_ctgan_full_rf_synthetic.run.json,/home/thuy/Research/minh_data_synth/TabularDA/sdv trained model/corrected_v2/census_kdd/seed_42/census_kdd_seed42_ctgan_full.pkl,/home/thuy/Research/minh_data_synth/TabularDA/data/corrected_v2/census_kdd/seed_42/census_kdd_seed42_ctgan_full_rf_100k.predictor.pkl,,0,0,,,False,False,True,True,True,True,True,ad5d25d98625fd2e632b885a0517bbdf06a1a951bf9257312c00757e4a9db705
census_kdd_weighted_macro_f1_20261005,census_kdd,42,mix,compare_xgb,/home/thuy/Research/minh_data_synth/TabularDA/output/census_kdd_weighted_macro_f1_20261005/census_kdd/acc/census_kdd_seed42_ctgan_full_xgb_mix.run.json,/home/thuy/Research/minh_data_synth/TabularDA/sdv trained model/corrected_v2/census_kdd/seed_42/census_kdd_seed42_ctgan_full.pkl,/home/thuy/Research/minh_data_synth/TabularDA/data/corrected_v2/census_kdd/seed_42/census_kdd_seed42_ctgan_full_xgb_100k.predictor.pkl,,0,0,,,False,False,True,True,True,True,True,a8b552ecf30514350f4a0252d4e8ea5b3a4ca0ad7f919db819af5b65cb11df8c
census_kdd_weighted_macro_f1_20261005,census_kdd,42,synthetic,compare_xgb,/home/thuy/Research/minh_data_synth/TabularDA/output/census_kdd_weighted_macro_f1_20261005/census_kdd/acc/census_kdd_seed42_ctgan_full_xgb_synthetic.run.json,/home/thuy/Research/minh_data_synth/TabularDA/sdv trained model/corrected_v2/census_kdd/seed_42/census_kdd_seed42_ctgan_full.pkl,/home/thuy/Research/minh_data_synth/TabularDA/data/corrected_v2/census_kdd/seed_42/census_kdd_seed42_ctgan_full_xgb_100k.predictor.pkl,,0,0,,,False,False,True,True,True,True,True,46ae42477544bf34d21176a3eb0c1a024ee6df20e61ddd79d6be5a8eaa547a7e
census_kdd_weighted_macro_f1_20261005,census_kdd,42,mix,categorical,/home/thuy/Research/minh_data_synth/TabularDA/output/census_kdd_weighted_macro_f1_20261005/census_kdd/acc/census_kdd_seed42_ctgan_xonly_categorical_mix.run.json,/home/thuy/Research/minh_data_synth/TabularDA/sdv trained model/corrected_v2/census_kdd/seed_42/census_kdd_seed42_ctgan_xonly.pkl,/home/thuy/Research/minh_data_synth/TabularDA/data/corrected_v2/census_kdd/seed_42/census_kdd_seed42_ctgan_xonly_categorical_100k.predictor.pkl,categorical_nb_erased_binary_features,318,0,,,False,False,True,True,True,True,True,5ccb60d6a2c88e047baf6d1311e21ae6c250c3c7c9d4c915e6d6cffb95c31007
census_kdd_weighted_macro_f1_20261005,census_kdd,42,synthetic,categorical,/home/thuy/Research/minh_data_synth/TabularDA/output/census_kdd_weighted_macro_f1_20261005/census_kdd/acc/census_kdd_seed42_ctgan_xonly_categorical_synthetic.run.json,/home/thuy/Research/minh_data_synth/TabularDA/sdv trained model/corrected_v2/census_kdd/seed_42/census_kdd_seed42_ctgan_xonly.pkl,/home/thuy/Research/minh_data_synth/TabularDA/data/corrected_v2/census_kdd/seed_42/census_kdd_seed42_ctgan_xonly_categorical_100k.predictor.pkl,categorical_nb_erased_binary_features,318,0,,,False,False,True,True,True,True,True,2449e5b7264226f46dc443798308ae0442683f3429c553affb6f7b3c99de0aac
census_kdd_weighted_macro_f1_20261005,census_kdd,42,mix,dnn,/home/thuy/Research/minh_data_synth/TabularDA/output/census_kdd_weighted_macro_f1_20261005/census_kdd/acc/census_kdd_seed42_ctgan_xonly_dnn_mix.run.json,/home/thuy/Research/minh_data_synth/TabularDA/sdv trained model/corrected_v2/census_kdd/seed_42/census_kdd_seed42_ctgan_xonly.pkl,/home/thuy/Research/minh_data_synth/TabularDA/data/corrected_v2/census_kdd/seed_42/census_kdd_seed42_ctgan_xonly_dnn_100k.predictor.pt,,0,0,,,False,False,True,True,True,True,True,b1fb70a2958892d0d42479fda121ba9aea00f64717a947657dde7f54e7d2debb
census_kdd_weighted_macro_f1_20261005,census_kdd,42,synthetic,dnn,/home/thuy/Research/minh_data_synth/TabularDA/output/census_kdd_weighted_macro_f1_20261005/census_kdd/acc/census_kdd_seed42_ctgan_xonly_dnn_synthetic.run.json,/home/thuy/Research/minh_data_synth/TabularDA/sdv trained model/corrected_v2/census_kdd/seed_42/census_kdd_seed42_ctgan_xonly.pkl,/home/thuy/Research/minh_data_synth/TabularDA/data/corrected_v2/census_kdd/seed_42/census_kdd_seed42_ctgan_xonly_dnn_100k.predictor.pt,,0,0,,,False,False,True,True,True,True,True,abbb30d0ee095d0e60b336b8ac841a7b8c7913130ed9d68fbad52d096cef2914
census_kdd_weighted_macro_f1_20261005,census_kdd,42,mix,gaussian,/home/thuy/Research/minh_data_synth/TabularDA/output/census_kdd_weighted_macro_f1_20261005/census_kdd/acc/census_kdd_seed42_ctgan_xonly_gaussian_mix.run.json,/home/thuy/Research/minh_data_synth/TabularDA/sdv trained model/corrected_v2/census_kdd/seed_42/census_kdd_seed42_ctgan_xonly.pkl,/home/thuy/Research/minh_data_synth/TabularDA/data/corrected_v2/census_kdd/seed_42/census_kdd_seed42_ctgan_xonly_gaussian_100k.predictor.pkl,,0,0,,,False,False,True,True,True,True,True,246a3fc546611504263db7b04b787452c7a301662b89328663b2df80a53acb3c
census_kdd_weighted_macro_f1_20261005,census_kdd,42,synthetic,gaussian,/home/thuy/Research/minh_data_synth/TabularDA/output/census_kdd_weighted_macro_f1_20261005/census_kdd/acc/census_kdd_seed42_ctgan_xonly_gaussian_synthetic.run.json,/home/thuy/Research/minh_data_synth/TabularDA/sdv trained model/corrected_v2/census_kdd/seed_42/census_kdd_seed42_ctgan_xonly.pkl,/home/thuy/Research/minh_data_synth/TabularDA/data/corrected_v2/census_kdd/seed_42/census_kdd_seed42_ctgan_xonly_gaussian_100k.predictor.pkl,,0,0,,,False,False,True,True,True,True,True,0a8b8f668fdeeeddcedea599861e1a69c17e89691b5416aac9e7fea1cf2fc1da
census_kdd_weighted_macro_f1_20261005,census_kdd,42,mix,pca_gmm,/home/thuy/Research/minh_data_synth/TabularDA/output/census_kdd_weighted_macro_f1_20261005/census_kdd/acc/census_kdd_seed42_ctgan_xonly_pca_gmm_mix.run.json,/home/thuy/Research/minh_data_synth/TabularDA/sdv trained model/corrected_v2/census_kdd/seed_42/census_kdd_seed42_ctgan_xonly.pkl,/home/thuy/Research/minh_data_synth/TabularDA/data/corrected_v2/census_kdd/seed_42/census_kdd_seed42_ctgan_xonly_pca_gmm_100k.predictor.pkl,,0,0,,,False,False,True,True,True,True,True,a8dff56d585e4b4c83e3058ad10b55403d44395b086a5edc6488c950e464ff38
census_kdd_weighted_macro_f1_20261005,census_kdd,42,synthetic,pca_gmm,/home/thuy/Research/minh_data_synth/TabularDA/output/census_kdd_weighted_macro_f1_20261005/census_kdd/acc/census_kdd_seed42_ctgan_xonly_pca_gmm_synthetic.run.json,/home/thuy/Research/minh_data_synth/TabularDA/sdv trained model/corrected_v2/census_kdd/seed_42/census_kdd_seed42_ctgan_xonly.pkl,/home/thuy/Research/minh_data_synth/TabularDA/data/corrected_v2/census_kdd/seed_42/census_kdd_seed42_ctgan_xonly_pca_gmm_100k.predictor.pkl,,0,0,,,False,False,True,True,True,True,True,1e97eb5ccad4ab55506f55498bd92763d4517161caa8836a0ab74d446771a88b
census_kdd_weighted_macro_f1_20261005,census_kdd,42,mix,rf,/home/thuy/Research/minh_data_synth/TabularDA/output/census_kdd_weighted_macro_f1_20261005/census_kdd/acc/census_kdd_seed42_ctgan_xonly_rf_mix.run.json,/home/thuy/Research/minh_data_synth/TabularDA/sdv trained model/corrected_v2/census_kdd/seed_42/census_kdd_seed42_ctgan_xonly.pkl,/home/thuy/Research/minh_data_synth/TabularDA/data/corrected_v2/census_kdd/seed_42/census_kdd_seed42_ctgan_xonly_rf_100k.predictor.pkl,,0,0,,,False,False,True,True,True,True,True,69b3f5043dc6495e1a93a6039c53220a50c7d1293e934584c0523f739c9645c7
census_kdd_weighted_macro_f1_20261005,census_kdd,42,synthetic,rf,/home/thuy/Research/minh_data_synth/TabularDA/output/census_kdd_weighted_macro_f1_20261005/census_kdd/acc/census_kdd_seed42_ctgan_xonly_rf_synthetic.run.json,/home/thuy/Research/minh_data_synth/TabularDA/sdv trained model/corrected_v2/census_kdd/seed_42/census_kdd_seed42_ctgan_xonly.pkl,/home/thuy/Research/minh_data_synth/TabularDA/data/corrected_v2/census_kdd/seed_42/census_kdd_seed42_ctgan_xonly_rf_100k.predictor.pkl,,0,0,,,False,False,True,True,True,True,True,26c5ceaec134242519de0e860f53c0dd76dae9652896624a6ab4efcebdc5101b
census_kdd_weighted_macro_f1_20261005,census_kdd,42,mix,xgb,/home/thuy/Research/minh_data_synth/TabularDA/output/census_kdd_weighted_macro_f1_20261005/census_kdd/acc/census_kdd_seed42_ctgan_xonly_xgb_mix.run.json,/home/thuy/Research/minh_data_synth/TabularDA/sdv trained model/corrected_v2/census_kdd/seed_42/census_kdd_seed42_ctgan_xonly.pkl,/home/thuy/Research/minh_data_synth/TabularDA/data/corrected_v2/census_kdd/seed_42/census_kdd_seed42_ctgan_xonly_xgb_100k.predictor.pkl,,0,0,,,False,False,True,True,True,True,True,ad4e047f190f1125781e0c10e6abbc94f4939b11e7ca084cff83118ad6b91f6b
census_kdd_weighted_macro_f1_20261005,census_kdd,42,synthetic,xgb,/home/thuy/Research/minh_data_synth/TabularDA/output/census_kdd_weighted_macro_f1_20261005/census_kdd/acc/census_kdd_seed42_ctgan_xonly_xgb_synthetic.run.json,/home/thuy/Research/minh_data_synth/TabularDA/sdv trained model/corrected_v2/census_kdd/seed_42/census_kdd_seed42_ctgan_xonly.pkl,/home/thuy/Research/minh_data_synth/TabularDA/data/corrected_v2/census_kdd/seed_42/census_kdd_seed42_ctgan_xonly_xgb_100k.predictor.pkl,,0,0,,,False,False,True,True,True,True,True,75e2de6b0a399d16e016d516f42c916e4556ea314e12f0bc4c40436b3b407be8
census_kdd_weighted_macro_f1_20261005,census_kdd,42,original,,/home/thuy/Research/minh_data_synth/TabularDA/output/census_kdd_weighted_macro_f1_20261005/census_kdd/acc/census_kdd_seed42_real_original.run.json,,,,0,0,,,False,False,False,True,True,True,,c6f284c2fe4344905156fa35d328a59dc17fcd549dc4dc9c36bd7d607b484016
census_kdd_weighted_macro_f1_20261005,census_kdd,42,mix,tvae_compare_dnn,/home/thuy/Research/minh_data_synth/TabularDA/output/census_kdd_weighted_macro_f1_20261005/census_kdd/acc/census_kdd_seed42_tvae_full_dnn_mix.run.json,/home/thuy/Research/minh_data_synth/TabularDA/sdv trained model/corrected_v2/census_kdd/seed_42/census_kdd_seed42_tvae_full.pkl,/home/thuy/Research/minh_data_synth/TabularDA/data/corrected_v2/census_kdd/seed_42/census_kdd_seed42_tvae_full_dnn_100k.predictor.pt,,0,0,,,False,False,False,True,True,True,True,f00ba24e3e8af6488df5c42488bd8498342de02637e79daecb1bf68e0522fdf0
census_kdd_weighted_macro_f1_20261005,census_kdd,42,synthetic,tvae_compare_dnn,/home/thuy/Research/minh_data_synth/TabularDA/output/census_kdd_weighted_macro_f1_20261005/census_kdd/acc/census_kdd_seed42_tvae_full_dnn_synthetic.run.json,/home/thuy/Research/minh_data_synth/TabularDA/sdv trained model/corrected_v2/census_kdd/seed_42/census_kdd_seed42_tvae_full.pkl,/home/thuy/Research/minh_data_synth/TabularDA/data/corrected_v2/census_kdd/seed_42/census_kdd_seed42_tvae_full_dnn_100k.predictor.pt,,0,0,,,False,False,False,True,True,True,True,1906f3115f661c100d358ae13e559b38ce28397488b099699faf14870c29b87c
census_kdd_weighted_macro_f1_20261005,census_kdd,42,mix,tvae,/home/thuy/Research/minh_data_synth/TabularDA/output/census_kdd_weighted_macro_f1_20261005/census_kdd/acc/census_kdd_seed42_tvae_full_generated_mix.run.json,/home/thuy/Research/minh_data_synth/TabularDA/sdv trained model/corrected_v2/census_kdd/seed_42/census_kdd_seed42_tvae_full.pkl,,,0,0,,,False,False,False,True,True,True,,09aa3e4a6c0c93a7d6078d395cea9b2c5eacc9ffff6a7bdbe0681f86c2fbe9ce
census_kdd_weighted_macro_f1_20261005,census_kdd,42,synthetic,tvae,/home/thuy/Research/minh_data_synth/TabularDA/output/census_kdd_weighted_macro_f1_20261005/census_kdd/acc/census_kdd_seed42_tvae_full_generated_synthetic.run.json,/home/thuy/Research/minh_data_synth/TabularDA/sdv trained model/corrected_v2/census_kdd/seed_42/census_kdd_seed42_tvae_full.pkl,,,0,0,,,False,False,False,True,True,True,,f629cd5104ebf73c9262a12c83fa08f5f8234bdf6d6816b438be921d21142d5d
census_kdd_weighted_macro_f1_20261005,census_kdd,42,mix,tvae_compare_rf,/home/thuy/Research/minh_data_synth/TabularDA/output/census_kdd_weighted_macro_f1_20261005/census_kdd/acc/census_kdd_seed42_tvae_full_rf_mix.run.json,/home/thuy/Research/minh_data_synth/TabularDA/sdv trained model/corrected_v2/census_kdd/seed_42/census_kdd_seed42_tvae_full.pkl,/home/thuy/Research/minh_data_synth/TabularDA/data/corrected_v2/census_kdd/seed_42/census_kdd_seed42_tvae_full_rf_100k.predictor.pkl,,0,0,,,False,False,False,True,True,True,True,e670804e0a173f52c5518085f96dade14469c4c6445c72e4623bfd34cef05a47
census_kdd_weighted_macro_f1_20261005,census_kdd,42,synthetic,tvae_compare_rf,/home/thuy/Research/minh_data_synth/TabularDA/output/census_kdd_weighted_macro_f1_20261005/census_kdd/acc/census_kdd_seed42_tvae_full_rf_synthetic.run.json,/home/thuy/Research/minh_data_synth/TabularDA/sdv trained model/corrected_v2/census_kdd/seed_42/census_kdd_seed42_tvae_full.pkl,/home/thuy/Research/minh_data_synth/TabularDA/data/corrected_v2/census_kdd/seed_42/census_kdd_seed42_tvae_full_rf_100k.predictor.pkl,,0,0,,,False,False,False,True,True,True,True,ed900ac3cef99d235922282719df2d7a7da2171efe8dd16b274becf5155c4013
census_kdd_weighted_macro_f1_20261005,census_kdd,42,mix,tvae_compare_xgb,/home/thuy/Research/minh_data_synth/TabularDA/output/census_kdd_weighted_macro_f1_20261005/census_kdd/acc/census_kdd_seed42_tvae_full_xgb_mix.run.json,/home/thuy/Research/minh_data_synth/TabularDA/sdv trained model/corrected_v2/census_kdd/seed_42/census_kdd_seed42_tvae_full.pkl,/home/thuy/Research/minh_data_synth/TabularDA/data/corrected_v2/census_kdd/seed_42/census_kdd_seed42_tvae_full_xgb_100k.predictor.pkl,,0,0,,,False,False,False,True,True,True,True,eda3558d17762b4924e889935ea4e9a57a991723d0513508b2b00754cc096ed1
census_kdd_weighted_macro_f1_20261005,census_kdd,42,synthetic,tvae_compare_xgb,/home/thuy/Research/minh_data_synth/TabularDA/output/census_kdd_weighted_macro_f1_20261005/census_kdd/acc/census_kdd_seed42_tvae_full_xgb_synthetic.run.json,/home/thuy/Research/minh_data_synth/TabularDA/sdv trained model/corrected_v2/census_kdd/seed_42/census_kdd_seed42_tvae_full.pkl,/home/thuy/Research/minh_data_synth/TabularDA/data/corrected_v2/census_kdd/seed_42/census_kdd_seed42_tvae_full_xgb_100k.predictor.pkl,,0,0,,,False,False,False,True,True,True,True,961bdf0827f9ae9a28d7158012902a90fc98e32488e39c624f9c75694eb9a23e
census_kdd_weighted_macro_f1_20261005,census_kdd,42,mix,tvae_categorical,/home/thuy/Research/minh_data_synth/TabularDA/output/census_kdd_weighted_macro_f1_20261005/census_kdd/acc/census_kdd_seed42_tvae_xonly_categorical_mix.run.json,/home/thuy/Research/minh_data_synth/TabularDA/sdv trained model/corrected_v2/census_kdd/seed_42/census_kdd_seed42_tvae_xonly.pkl,/home/thuy/Research/minh_data_synth/TabularDA/data/corrected_v2/census_kdd/seed_42/census_kdd_seed42_tvae_xonly_categorical_100k.predictor.pkl,categorical_nb_erased_binary_features,318,0,,,False,False,False,True,True,True,True,df0f753ebdbfa9f6b33a2e68326aa4bf4faf62d7e0aadde9584e58e6a38196df
census_kdd_weighted_macro_f1_20261005,census_kdd,42,synthetic,tvae_categorical,/home/thuy/Research/minh_data_synth/TabularDA/output/census_kdd_weighted_macro_f1_20261005/census_kdd/acc/census_kdd_seed42_tvae_xonly_categorical_synthetic.run.json,/home/thuy/Research/minh_data_synth/TabularDA/sdv trained model/corrected_v2/census_kdd/seed_42/census_kdd_seed42_tvae_xonly.pkl,/home/thuy/Research/minh_data_synth/TabularDA/data/corrected_v2/census_kdd/seed_42/census_kdd_seed42_tvae_xonly_categorical_100k.predictor.pkl,categorical_nb_erased_binary_features,318,0,,,False,False,False,True,True,True,True,a2c8c73e49b35dfa635b7d81a236aa25711968a995b32009478fd3abed0b4297
census_kdd_weighted_macro_f1_20261005,census_kdd,42,mix,tvae_dnn,/home/thuy/Research/minh_data_synth/TabularDA/output/census_kdd_weighted_macro_f1_20261005/census_kdd/acc/census_kdd_seed42_tvae_xonly_dnn_mix.run.json,/home/thuy/Research/minh_data_synth/TabularDA/sdv trained model/corrected_v2/census_kdd/seed_42/census_kdd_seed42_tvae_xonly.pkl,/home/thuy/Research/minh_data_synth/TabularDA/data/corrected_v2/census_kdd/seed_42/census_kdd_seed42_tvae_xonly_dnn_100k.predictor.pt,,0,0,,,False,False,False,True,True,True,True,707a70823fc155f2904da70b7fb1825884cf4e81782d9edfc6247177261e51ba
census_kdd_weighted_macro_f1_20261005,census_kdd,42,synthetic,tvae_dnn,/home/thuy/Research/minh_data_synth/TabularDA/output/census_kdd_weighted_macro_f1_20261005/census_kdd/acc/census_kdd_seed42_tvae_xonly_dnn_synthetic.run.json,/home/thuy/Research/minh_data_synth/TabularDA/sdv trained model/corrected_v2/census_kdd/seed_42/census_kdd_seed42_tvae_xonly.pkl,/home/thuy/Research/minh_data_synth/TabularDA/data/corrected_v2/census_kdd/seed_42/census_kdd_seed42_tvae_xonly_dnn_100k.predictor.pt,,0,0,,,False,False,False,True,True,True,True,71a685ad6f5e146a0a5d01559df0f08c91125a26eb0281fcc61004fbadd2fd3b
census_kdd_weighted_macro_f1_20261005,census_kdd,42,mix,tvae_gaussian,/home/thuy/Research/minh_data_synth/TabularDA/output/census_kdd_weighted_macro_f1_20261005/census_kdd/acc/census_kdd_seed42_tvae_xonly_gaussian_mix.run.json,/home/thuy/Research/minh_data_synth/TabularDA/sdv trained model/corrected_v2/census_kdd/seed_42/census_kdd_seed42_tvae_xonly.pkl,/home/thuy/Research/minh_data_synth/TabularDA/data/corrected_v2/census_kdd/seed_42/census_kdd_seed42_tvae_xonly_gaussian_100k.predictor.pkl,,0,0,,,False,False,False,True,True,True,True,30cc92895dfdf96d2040074165e87e31afb6b2ff47706bedf900ca80a7ebabb8
census_kdd_weighted_macro_f1_20261005,census_kdd,42,synthetic,tvae_gaussian,/home/thuy/Research/minh_data_synth/TabularDA/output/census_kdd_weighted_macro_f1_20261005/census_kdd/acc/census_kdd_seed42_tvae_xonly_gaussian_synthetic.run.json,/home/thuy/Research/minh_data_synth/TabularDA/sdv trained model/corrected_v2/census_kdd/seed_42/census_kdd_seed42_tvae_xonly.pkl,/home/thuy/Research/minh_data_synth/TabularDA/data/corrected_v2/census_kdd/seed_42/census_kdd_seed42_tvae_xonly_gaussian_100k.predictor.pkl,,0,0,,,False,False,False,True,True,True,True,359bc1923650ec7e1e2268c9bdf2559452a9c74d31b7062a5ae3c8a3deaafde4
census_kdd_weighted_macro_f1_20261005,census_kdd,42,mix,tvae_pca_gmm,/home/thuy/Research/minh_data_synth/TabularDA/output/census_kdd_weighted_macro_f1_20261005/census_kdd/acc/census_kdd_seed42_tvae_xonly_pca_gmm_mix.run.json,/home/thuy/Research/minh_data_synth/TabularDA/sdv trained model/corrected_v2/census_kdd/seed_42/census_kdd_seed42_tvae_xonly.pkl,/home/thuy/Research/minh_data_synth/TabularDA/data/corrected_v2/census_kdd/seed_42/census_kdd_seed42_tvae_xonly_pca_gmm_100k.predictor.pkl,,0,0,,,False,False,False,True,True,True,True,b409c55a68b898b6dd049a0eb993d0ea6ee7237b2489688b4fb3e55e7e4c1832
census_kdd_weighted_macro_f1_20261005,census_kdd,42,synthetic,tvae_pca_gmm,/home/thuy/Research/minh_data_synth/TabularDA/output/census_kdd_weighted_macro_f1_20261005/census_kdd/acc/census_kdd_seed42_tvae_xonly_pca_gmm_synthetic.run.json,/home/thuy/Research/minh_data_synth/TabularDA/sdv trained model/corrected_v2/census_kdd/seed_42/census_kdd_seed42_tvae_xonly.pkl,/home/thuy/Research/minh_data_synth/TabularDA/data/corrected_v2/census_kdd/seed_42/census_kdd_seed42_tvae_xonly_pca_gmm_100k.predictor.pkl,,0,0,,,False,False,False,True,True,True,True,ccc3f1a2b2cd2a332d6e799b0628e3a944e01969efff1fd7979a0dde241715d4
census_kdd_weighted_macro_f1_20261005,census_kdd,42,mix,tvae_rf,/home/thuy/Research/minh_data_synth/TabularDA/output/census_kdd_weighted_macro_f1_20261005/census_kdd/acc/census_kdd_seed42_tvae_xonly_rf_mix.run.json,/home/thuy/Research/minh_data_synth/TabularDA/sdv trained model/corrected_v2/census_kdd/seed_42/census_kdd_seed42_tvae_xonly.pkl,/home/thuy/Research/minh_data_synth/TabularDA/data/corrected_v2/census_kdd/seed_42/census_kdd_seed42_tvae_xonly_rf_100k.predictor.pkl,,0,0,,,False,False,False,True,True,True,True,dff7e13fdd1b9bbba8da822e2e557fcb1a3159c167c8f210332c6e2e71ca97d1
census_kdd_weighted_macro_f1_20261005,census_kdd,42,synthetic,tvae_rf,/home/thuy/Research/minh_data_synth/TabularDA/output/census_kdd_weighted_macro_f1_20261005/census_kdd/acc/census_kdd_seed42_tvae_xonly_rf_synthetic.run.json,/home/thuy/Research/minh_data_synth/TabularDA/sdv trained model/corrected_v2/census_kdd/seed_42/census_kdd_seed42_tvae_xonly.pkl,/home/thuy/Research/minh_data_synth/TabularDA/data/corrected_v2/census_kdd/seed_42/census_kdd_seed42_tvae_xonly_rf_100k.predictor.pkl,,0,0,,,False,False,False,True,True,True,True,2d33471fba9952a02495aa45fc5a6120b32b3ed18c3ac3093ecff8957cb0b288
census_kdd_weighted_macro_f1_20261005,census_kdd,42,mix,tvae_xgb,/home/thuy/Research/minh_data_synth/TabularDA/output/census_kdd_weighted_macro_f1_20261005/census_kdd/acc/census_kdd_seed42_tvae_xonly_xgb_mix.run.json,/home/thuy/Research/minh_data_synth/TabularDA/sdv trained model/corrected_v2/census_kdd/seed_42/census_kdd_seed42_tvae_xonly.pkl,/home/thuy/Research/minh_data_synth/TabularDA/data/corrected_v2/census_kdd/seed_42/census_kdd_seed42_tvae_xonly_xgb_100k.predictor.pkl,,0,0,,,False,False,False,True,True,True,True,dbd3c2af5400f8c0cf54f51ee621fc6dee3066ac1a197fb08cd0d5fa0530c3ee
census_kdd_weighted_macro_f1_20261005,census_kdd,42,synthetic,tvae_xgb,/home/thuy/Research/minh_data_synth/TabularDA/output/census_kdd_weighted_macro_f1_20261005/census_kdd/acc/census_kdd_seed42_tvae_xonly_xgb_synthetic.run.json,/home/thuy/Research/minh_data_synth/TabularDA/sdv trained model/corrected_v2/census_kdd/seed_42/census_kdd_seed42_tvae_xonly.pkl,/home/thuy/Research/minh_data_synth/TabularDA/data/corrected_v2/census_kdd/seed_42/census_kdd_seed42_tvae_xonly_xgb_100k.predictor.pkl,,0,0,,,False,False,False,True,True,True,True,1fd88db8e9701eb116fda2082be83e44a23af4558e10ad0a6928d4cc0bd001a1
census_kdd_weighted_macro_f1_20261005,census_kdd,43,mix,compare_dnn,/home/thuy/Research/minh_data_synth/TabularDA/output/census_kdd_weighted_macro_f1_20261005/census_kdd/acc/census_kdd_seed43_ctgan_full_dnn_mix.run.json,/home/thuy/Research/minh_data_synth/TabularDA/sdv trained model/corrected_v2/census_kdd/seed_43/census_kdd_seed43_ctgan_full.pkl,/home/thuy/Research/minh_data_synth/TabularDA/data/corrected_v2/census_kdd/seed_43/census_kdd_seed43_ctgan_full_dnn_100k.predictor.pt,,0,0,,,False,False,True,True,True,True,True,24fd5157f2be0896483b793401aeea7426031a547f24791cfad15adcc4262250
census_kdd_weighted_macro_f1_20261005,census_kdd,43,synthetic,compare_dnn,/home/thuy/Research/minh_data_synth/TabularDA/output/census_kdd_weighted_macro_f1_20261005/census_kdd/acc/census_kdd_seed43_ctgan_full_dnn_synthetic.run.json,/home/thuy/Research/minh_data_synth/TabularDA/sdv trained model/corrected_v2/census_kdd/seed_43/census_kdd_seed43_ctgan_full.pkl,/home/thuy/Research/minh_data_synth/TabularDA/data/corrected_v2/census_kdd/seed_43/census_kdd_seed43_ctgan_full_dnn_100k.predictor.pt,,0,0,,,False,False,True,True,True,True,True,f3616585b26f45659278af788025d119663d033341740fb74e5036dd172c7c7c
census_kdd_weighted_macro_f1_20261005,census_kdd,43,mix,ctgan,/home/thuy/Research/minh_data_synth/TabularDA/output/census_kdd_weighted_macro_f1_20261005/census_kdd/acc/census_kdd_seed43_ctgan_full_generated_mix.run.json,/home/thuy/Research/minh_data_synth/TabularDA/sdv trained model/corrected_v2/census_kdd/seed_43/census_kdd_seed43_ctgan_full.pkl,,,0,0,,,False,False,True,True,True,True,,f72743e16c97ca1698df4cca237d9b7736ff02c4eb6f27a9f3a9d2c0259dfbd8
census_kdd_weighted_macro_f1_20261005,census_kdd,43,synthetic,ctgan,/home/thuy/Research/minh_data_synth/TabularDA/output/census_kdd_weighted_macro_f1_20261005/census_kdd/acc/census_kdd_seed43_ctgan_full_generated_synthetic.run.json,/home/thuy/Research/minh_data_synth/TabularDA/sdv trained model/corrected_v2/census_kdd/seed_43/census_kdd_seed43_ctgan_full.pkl,,,0,0,,,False,False,True,True,True,True,,b0af71f16b89cfe7d4955a3e15da7bcf6e09a804fad5bfd5ad5ae0d302227ffa
census_kdd_weighted_macro_f1_20261005,census_kdd,43,mix,compare_rf,/home/thuy/Research/minh_data_synth/TabularDA/output/census_kdd_weighted_macro_f1_20261005/census_kdd/acc/census_kdd_seed43_ctgan_full_rf_mix.run.json,/home/thuy/Research/minh_data_synth/TabularDA/sdv trained model/corrected_v2/census_kdd/seed_43/census_kdd_seed43_ctgan_full.pkl,/home/thuy/Research/minh_data_synth/TabularDA/data/corrected_v2/census_kdd/seed_43/census_kdd_seed43_ctgan_full_rf_100k.predictor.pkl,,0,0,,,False,False,True,True,True,True,True,7b04a30078884b2cea62b16de64d15a982760e6d84078e9cc6bfa6a5fc680ec2
census_kdd_weighted_macro_f1_20261005,census_kdd,43,synthetic,compare_rf,/home/thuy/Research/minh_data_synth/TabularDA/output/census_kdd_weighted_macro_f1_20261005/census_kdd/acc/census_kdd_seed43_ctgan_full_rf_synthetic.run.json,/home/thuy/Research/minh_data_synth/TabularDA/sdv trained model/corrected_v2/census_kdd/seed_43/census_kdd_seed43_ctgan_full.pkl,/home/thuy/Research/minh_data_synth/TabularDA/data/corrected_v2/census_kdd/seed_43/census_kdd_seed43_ctgan_full_rf_100k.predictor.pkl,,0,0,,,False,False,True,True,True,True,True,6fc673acf00318785598e758f5417ac8a7318024aa347d761262558cde3418c1
census_kdd_weighted_macro_f1_20261005,census_kdd,43,mix,compare_xgb,/home/thuy/Research/minh_data_synth/TabularDA/output/census_kdd_weighted_macro_f1_20261005/census_kdd/acc/census_kdd_seed43_ctgan_full_xgb_mix.run.json,/home/thuy/Research/minh_data_synth/TabularDA/sdv trained model/corrected_v2/census_kdd/seed_43/census_kdd_seed43_ctgan_full.pkl,/home/thuy/Research/minh_data_synth/TabularDA/data/corrected_v2/census_kdd/seed_43/census_kdd_seed43_ctgan_full_xgb_100k.predictor.pkl,,0,0,,,False,False,True,True,True,True,True,03cf2ba437c6890ffb02aa57c868a0eb01f65340d4e631f898ca95e843f1ddec
census_kdd_weighted_macro_f1_20261005,census_kdd,43,synthetic,compare_xgb,/home/thuy/Research/minh_data_synth/TabularDA/output/census_kdd_weighted_macro_f1_20261005/census_kdd/acc/census_kdd_seed43_ctgan_full_xgb_synthetic.run.json,/home/thuy/Research/minh_data_synth/TabularDA/sdv trained model/corrected_v2/census_kdd/seed_43/census_kdd_seed43_ctgan_full.pkl,/home/thuy/Research/minh_data_synth/TabularDA/data/corrected_v2/census_kdd/seed_43/census_kdd_seed43_ctgan_full_xgb_100k.predictor.pkl,,0,0,,,False,False,True,True,True,True,True,4f48994c4ab834dde990443e4e286ea7de744c24562a3d819128dc510208247b
census_kdd_weighted_macro_f1_20261005,census_kdd,43,mix,dnn,/home/thuy/Research/minh_data_synth/TabularDA/output/census_kdd_weighted_macro_f1_20261005/census_kdd/acc/census_kdd_seed43_ctgan_xonly_dnn_mix.run.json,/home/thuy/Research/minh_data_synth/TabularDA/sdv trained model/corrected_v2/census_kdd/seed_43/census_kdd_seed43_ctgan_xonly.pkl,/home/thuy/Research/minh_data_synth/TabularDA/data/corrected_v2/census_kdd/seed_43/census_kdd_seed43_ctgan_xonly_dnn_100k.predictor.pt,,0,0,,,False,False,True,True,True,True,True,56a2f49348c410b7db1641cc5e9879913265bb24b869481fab31c226e72d9673
census_kdd_weighted_macro_f1_20261005,census_kdd,43,synthetic,dnn,/home/thuy/Research/minh_data_synth/TabularDA/output/census_kdd_weighted_macro_f1_20261005/census_kdd/acc/census_kdd_seed43_ctgan_xonly_dnn_synthetic.run.json,/home/thuy/Research/minh_data_synth/TabularDA/sdv trained model/corrected_v2/census_kdd/seed_43/census_kdd_seed43_ctgan_xonly.pkl,/home/thuy/Research/minh_data_synth/TabularDA/data/corrected_v2/census_kdd/seed_43/census_kdd_seed43_ctgan_xonly_dnn_100k.predictor.pt,,0,0,,,False,False,True,True,True,True,True,57ef881f9fa1761da4de37931cb1346d1a7bad5e23961ef029211464759611d5
census_kdd_weighted_macro_f1_20261005,census_kdd,43,mix,rf,/home/thuy/Research/minh_data_synth/TabularDA/output/census_kdd_weighted_macro_f1_20261005/census_kdd/acc/census_kdd_seed43_ctgan_xonly_rf_mix.run.json,/home/thuy/Research/minh_data_synth/TabularDA/sdv trained model/corrected_v2/census_kdd/seed_43/census_kdd_seed43_ctgan_xonly.pkl,/home/thuy/Research/minh_data_synth/TabularDA/data/corrected_v2/census_kdd/seed_43/census_kdd_seed43_ctgan_xonly_rf_100k.predictor.pkl,,0,0,,,False,False,True,True,True,True,True,1b8beffa7a193092e15714f854a66149db56ae38fa5d01fe6af292a161265936
census_kdd_weighted_macro_f1_20261005,census_kdd,43,synthetic,rf,/home/thuy/Research/minh_data_synth/TabularDA/output/census_kdd_weighted_macro_f1_20261005/census_kdd/acc/census_kdd_seed43_ctgan_xonly_rf_synthetic.run.json,/home/thuy/Research/minh_data_synth/TabularDA/sdv trained model/corrected_v2/census_kdd/seed_43/census_kdd_seed43_ctgan_xonly.pkl,/home/thuy/Research/minh_data_synth/TabularDA/data/corrected_v2/census_kdd/seed_43/census_kdd_seed43_ctgan_xonly_rf_100k.predictor.pkl,,0,0,,,False,False,True,True,True,True,True,5de5c3a1e29ab0f3f3a4e64ffd518816495c1c7de939d40481d2eee977f7ceb8
census_kdd_weighted_macro_f1_20261005,census_kdd,43,mix,xgb,/home/thuy/Research/minh_data_synth/TabularDA/output/census_kdd_weighted_macro_f1_20261005/census_kdd/acc/census_kdd_seed43_ctgan_xonly_xgb_mix.run.json,/home/thuy/Research/minh_data_synth/TabularDA/sdv trained model/corrected_v2/census_kdd/seed_43/census_kdd_seed43_ctgan_xonly.pkl,/home/thuy/Research/minh_data_synth/TabularDA/data/corrected_v2/census_kdd/seed_43/census_kdd_seed43_ctgan_xonly_xgb_100k.predictor.pkl,,0,0,,,False,False,True,True,True,True,True,3a6bb3c4752c2f49472f94ff054d9411aa520aaa5bfd398bb69cbffad46ae574
census_kdd_weighted_macro_f1_20261005,census_kdd,43,synthetic,xgb,/home/thuy/Research/minh_data_synth/TabularDA/output/census_kdd_weighted_macro_f1_20261005/census_kdd/acc/census_kdd_seed43_ctgan_xonly_xgb_synthetic.run.json,/home/thuy/Research/minh_data_synth/TabularDA/sdv trained model/corrected_v2/census_kdd/seed_43/census_kdd_seed43_ctgan_xonly.pkl,/home/thuy/Research/minh_data_synth/TabularDA/data/corrected_v2/census_kdd/seed_43/census_kdd_seed43_ctgan_xonly_xgb_100k.predictor.pkl,,0,0,,,False,False,True,True,True,True,True,cee76839e86a42c1fbe881c5e2cbf830986572e5fc79ace18e2a2beb4267f36f
census_kdd_weighted_macro_f1_20261005,census_kdd,43,original,,/home/thuy/Research/minh_data_synth/TabularDA/output/census_kdd_weighted_macro_f1_20261005/census_kdd/acc/census_kdd_seed43_real_original.run.json,,,,0,0,,,False,False,False,True,True,True,,f727638cf4a82c90531b24f7d5dc77933742d7ef288e31d62a7241f1ce295b9b
census_kdd_weighted_macro_f1_20261005,census_kdd,43,mix,tvae_compare_dnn,/home/thuy/Research/minh_data_synth/TabularDA/output/census_kdd_weighted_macro_f1_20261005/census_kdd/acc/census_kdd_seed43_tvae_full_dnn_mix.run.json,/home/thuy/Research/minh_data_synth/TabularDA/sdv trained model/corrected_v2/census_kdd/seed_43/census_kdd_seed43_tvae_full.pkl,/home/thuy/Research/minh_data_synth/TabularDA/data/corrected_v2/census_kdd/seed_43/census_kdd_seed43_tvae_full_dnn_100k.predictor.pt,,0,0,,,False,False,False,True,True,True,True,26df8022d11d036193970d9e3f72a66271fbb69d0151623ce8860d5df1aa4f3c
census_kdd_weighted_macro_f1_20261005,census_kdd,43,synthetic,tvae_compare_dnn,/home/thuy/Research/minh_data_synth/TabularDA/output/census_kdd_weighted_macro_f1_20261005/census_kdd/acc/census_kdd_seed43_tvae_full_dnn_synthetic.run.json,/home/thuy/Research/minh_data_synth/TabularDA/sdv trained model/corrected_v2/census_kdd/seed_43/census_kdd_seed43_tvae_full.pkl,/home/thuy/Research/minh_data_synth/TabularDA/data/corrected_v2/census_kdd/seed_43/census_kdd_seed43_tvae_full_dnn_100k.predictor.pt,,0,0,,,False,False,False,True,True,True,True,dc1390e2c42b3222c6e3519ea1ff0bd060fb8f220f2e2f11f52bd2e934860b41
census_kdd_weighted_macro_f1_20261005,census_kdd,43,mix,tvae,/home/thuy/Research/minh_data_synth/TabularDA/output/census_kdd_weighted_macro_f1_20261005/census_kdd/acc/census_kdd_seed43_tvae_full_generated_mix.run.json,/home/thuy/Research/minh_data_synth/TabularDA/sdv trained model/corrected_v2/census_kdd/seed_43/census_kdd_seed43_tvae_full.pkl,,,0,0,,,False,False,False,True,True,True,,30d761d25e0a18ae72a24589006f0db6a743a4b312cc4745c5b18b544a15db33
census_kdd_weighted_macro_f1_20261005,census_kdd,43,synthetic,tvae,/home/thuy/Research/minh_data_synth/TabularDA/output/census_kdd_weighted_macro_f1_20261005/census_kdd/acc/census_kdd_seed43_tvae_full_generated_synthetic.run.json,/home/thuy/Research/minh_data_synth/TabularDA/sdv trained model/corrected_v2/census_kdd/seed_43/census_kdd_seed43_tvae_full.pkl,,,0,0,,,False,False,False,True,True,True,,11b604cd9b45d307576c18f55e43b6ce048429469aea19fa4ae1fc46a8a007a3
census_kdd_weighted_macro_f1_20261005,census_kdd,43,mix,tvae_compare_rf,/home/thuy/Research/minh_data_synth/TabularDA/output/census_kdd_weighted_macro_f1_20261005/census_kdd/acc/census_kdd_seed43_tvae_full_rf_mix.run.json,/home/thuy/Research/minh_data_synth/TabularDA/sdv trained model/corrected_v2/census_kdd/seed_43/census_kdd_seed43_tvae_full.pkl,/home/thuy/Research/minh_data_synth/TabularDA/data/corrected_v2/census_kdd/seed_43/census_kdd_seed43_tvae_full_rf_100k.predictor.pkl,,0,0,,,False,False,False,True,True,True,True,975975f2d11625046d5555d52e7d5f638e3b721c7233db2e78d3f6c58caaba24
census_kdd_weighted_macro_f1_20261005,census_kdd,43,synthetic,tvae_compare_rf,/home/thuy/Research/minh_data_synth/TabularDA/output/census_kdd_weighted_macro_f1_20261005/census_kdd/acc/census_kdd_seed43_tvae_full_rf_synthetic.run.json,/home/thuy/Research/minh_data_synth/TabularDA/sdv trained model/corrected_v2/census_kdd/seed_43/census_kdd_seed43_tvae_full.pkl,/home/thuy/Research/minh_data_synth/TabularDA/data/corrected_v2/census_kdd/seed_43/census_kdd_seed43_tvae_full_rf_100k.predictor.pkl,,0,0,,,False,False,False,True,True,True,True,505636684353bd1e0ef9008c5486861ed06e9417cbfab6ab669324b190af9c76
census_kdd_weighted_macro_f1_20261005,census_kdd,43,mix,tvae_compare_xgb,/home/thuy/Research/minh_data_synth/TabularDA/output/census_kdd_weighted_macro_f1_20261005/census_kdd/acc/census_kdd_seed43_tvae_full_xgb_mix.run.json,/home/thuy/Research/minh_data_synth/TabularDA/sdv trained model/corrected_v2/census_kdd/seed_43/census_kdd_seed43_tvae_full.pkl,/home/thuy/Research/minh_data_synth/TabularDA/data/corrected_v2/census_kdd/seed_43/census_kdd_seed43_tvae_full_xgb_100k.predictor.pkl,,0,0,,,False,False,False,True,True,True,True,96a885984d7a154fa9dccd012227839a5ae85aa146f6f291d08273e68ad73303
census_kdd_weighted_macro_f1_20261005,census_kdd,43,synthetic,tvae_compare_xgb,/home/thuy/Research/minh_data_synth/TabularDA/output/census_kdd_weighted_macro_f1_20261005/census_kdd/acc/census_kdd_seed43_tvae_full_xgb_synthetic.run.json,/home/thuy/Research/minh_data_synth/TabularDA/sdv trained model/corrected_v2/census_kdd/seed_43/census_kdd_seed43_tvae_full.pkl,/home/thuy/Research/minh_data_synth/TabularDA/data/corrected_v2/census_kdd/seed_43/census_kdd_seed43_tvae_full_xgb_100k.predictor.pkl,,0,0,,,False,False,False,True,True,True,True,e4c5c6978b8f27efc1595c427e072b98f592c4ed471e801ef4561fd667c491cf
census_kdd_weighted_macro_f1_20261005,census_kdd,43,mix,tvae_dnn,/home/thuy/Research/minh_data_synth/TabularDA/output/census_kdd_weighted_macro_f1_20261005/census_kdd/acc/census_kdd_seed43_tvae_xonly_dnn_mix.run.json,/home/thuy/Research/minh_data_synth/TabularDA/sdv trained model/corrected_v2/census_kdd/seed_43/census_kdd_seed43_tvae_xonly.pkl,/home/thuy/Research/minh_data_synth/TabularDA/data/corrected_v2/census_kdd/seed_43/census_kdd_seed43_tvae_xonly_dnn_100k.predictor.pt,,0,0,,,False,False,False,True,True,True,True,8da82d488daca57cf138795c279ac6ac432bdb60389308f98d9d1213eca2f865
census_kdd_weighted_macro_f1_20261005,census_kdd,43,synthetic,tvae_dnn,/home/thuy/Research/minh_data_synth/TabularDA/output/census_kdd_weighted_macro_f1_20261005/census_kdd/acc/census_kdd_seed43_tvae_xonly_dnn_synthetic.run.json,/home/thuy/Research/minh_data_synth/TabularDA/sdv trained model/corrected_v2/census_kdd/seed_43/census_kdd_seed43_tvae_xonly.pkl,/home/thuy/Research/minh_data_synth/TabularDA/data/corrected_v2/census_kdd/seed_43/census_kdd_seed43_tvae_xonly_dnn_100k.predictor.pt,,0,0,,,False,False,False,True,True,True,True,98c6913af037505b454eaaa2d85c981291dccf6276f115197c5888d1a0d71386
census_kdd_weighted_macro_f1_20261005,census_kdd,43,mix,tvae_rf,/home/thuy/Research/minh_data_synth/TabularDA/output/census_kdd_weighted_macro_f1_20261005/census_kdd/acc/census_kdd_seed43_tvae_xonly_rf_mix.run.json,/home/thuy/Research/minh_data_synth/TabularDA/sdv trained model/corrected_v2/census_kdd/seed_43/census_kdd_seed43_tvae_xonly.pkl,/home/thuy/Research/minh_data_synth/TabularDA/data/corrected_v2/census_kdd/seed_43/census_kdd_seed43_tvae_xonly_rf_100k.predictor.pkl,,0,0,,,False,False,False,True,True,True,True,c7d0832f0ee16bae436881a598e36c8213749c2ba0d87da7600554c690d5bad0
census_kdd_weighted_macro_f1_20261005,census_kdd,43,synthetic,tvae_rf,/home/thuy/Research/minh_data_synth/TabularDA/output/census_kdd_weighted_macro_f1_20261005/census_kdd/acc/census_kdd_seed43_tvae_xonly_rf_synthetic.run.json,/home/thuy/Research/minh_data_synth/TabularDA/sdv trained model/corrected_v2/census_kdd/seed_43/census_kdd_seed43_tvae_xonly.pkl,/home/thuy/Research/minh_data_synth/TabularDA/data/corrected_v2/census_kdd/seed_43/census_kdd_seed43_tvae_xonly_rf_100k.predictor.pkl,,0,0,,,False,False,False,True,True,True,True,9648f2a0e0ce0195b7a6867ee8af2b6412590161bba8c179c8e925db2cc01d5d
census_kdd_weighted_macro_f1_20261005,census_kdd,43,mix,tvae_xgb,/home/thuy/Research/minh_data_synth/TabularDA/output/census_kdd_weighted_macro_f1_20261005/census_kdd/acc/census_kdd_seed43_tvae_xonly_xgb_mix.run.json,/home/thuy/Research/minh_data_synth/TabularDA/sdv trained model/corrected_v2/census_kdd/seed_43/census_kdd_seed43_tvae_xonly.pkl,/home/thuy/Research/minh_data_synth/TabularDA/data/corrected_v2/census_kdd/seed_43/census_kdd_seed43_tvae_xonly_xgb_100k.predictor.pkl,,0,0,,,False,False,False,True,True,True,True,994eea2187a12d0a7567ed78e8c748ed049bf415c4d21625b78dfc218653d39d
census_kdd_weighted_macro_f1_20261005,census_kdd,43,synthetic,tvae_xgb,/home/thuy/Research/minh_data_synth/TabularDA/output/census_kdd_weighted_macro_f1_20261005/census_kdd/acc/census_kdd_seed43_tvae_xonly_xgb_synthetic.run.json,/home/thuy/Research/minh_data_synth/TabularDA/sdv trained model/corrected_v2/census_kdd/seed_43/census_kdd_seed43_tvae_xonly.pkl,/home/thuy/Research/minh_data_synth/TabularDA/data/corrected_v2/census_kdd/seed_43/census_kdd_seed43_tvae_xonly_xgb_100k.predictor.pkl,,0,0,,,False,False,False,True,True,True,True,2bdcef055cf97b01eadfbacecc9272bd75582fabc3ed2549ecbd2aa285bf59cc
census_weighted_pilot_20261004,census_kdd,42,synthetic,compare_dnn,/home/thuy/Research/minh_data_synth/TabularDA/output/census_weighted_pilot_20261004/census_kdd/acc/census_kdd_seed42_ctgan_full_dnn_synthetic.run.json,/home/thuy/Research/minh_data_synth/TabularDA/sdv trained model/corrected_v2/census_kdd/seed_42/census_kdd_seed42_ctgan_full.pkl,/home/thuy/Research/minh_data_synth/TabularDA/data/corrected_v2/census_kdd/seed_42/census_kdd_seed42_ctgan_full_dnn_100k.predictor.pt,,0,0,,,False,False,True,True,True,True,True,48b0b75a1e85cddc80c1ec4952af10b09e0bc2153e0275f42fc71e7b4efb2532
census_weighted_pilot_20261004,census_kdd,42,synthetic,dnn,/home/thuy/Research/minh_data_synth/TabularDA/output/census_weighted_pilot_20261004/census_kdd/acc/census_kdd_seed42_ctgan_xonly_dnn_synthetic.run.json,/home/thuy/Research/minh_data_synth/TabularDA/sdv trained model/corrected_v2/census_kdd/seed_42/census_kdd_seed42_ctgan_xonly.pkl,/home/thuy/Research/minh_data_synth/TabularDA/data/corrected_v2/census_kdd/seed_42/census_kdd_seed42_ctgan_xonly_dnn_100k.predictor.pt,,0,0,,,False,False,True,True,True,True,True,1e7fda2ba4a993a0649e46cb619c74e9f812ce59f33cb6e84fb489ceae962e82
census_weighted_pilot_20261004,census_kdd,42,original,,/home/thuy/Research/minh_data_synth/TabularDA/output/census_weighted_pilot_20261004/census_kdd/acc/census_kdd_seed42_real_original.run.json,,,,0,0,,,False,False,False,True,True,True,,f15d94d847ee1ad307509327662a6d48ea1d361b1fcf1ec1554ef3e6144ed2f6
corrected_v2,adult,42,mix,compare_categorical,/home/thuy/Research/minh_data_synth/TabularDA/output/corrected_v2/adult/acc/adult_seed42_ctgan_full_categorical_mix.run.json,/home/thuy/Research/minh_data_synth/TabularDA/sdv trained model/corrected_v2/adult/seed_42/adult_seed42_ctgan_full.pkl,/home/thuy/Research/minh_data_synth/TabularDA/data/corrected_v2/adult/seed_42/adult_seed42_ctgan_full_categorical_100k.predictor.pkl,categorical_nb_erased_binary_features,80,0,,,False,False,True,True,True,True,True,8c32d3ebdfef60cdb0ac78d1414f1f6deca07ab7a1bfffaaed3e0998f1dae9d3
corrected_v2,adult,42,synthetic,compare_categorical,/home/thuy/Research/minh_data_synth/TabularDA/output/corrected_v2/adult/acc/adult_seed42_ctgan_full_categorical_synthetic.run.json,/home/thuy/Research/minh_data_synth/TabularDA/sdv trained model/corrected_v2/adult/seed_42/adult_seed42_ctgan_full.pkl,/home/thuy/Research/minh_data_synth/TabularDA/data/corrected_v2/adult/seed_42/adult_seed42_ctgan_full_categorical_100k.predictor.pkl,categorical_nb_erased_binary_features,80,0,,,False,False,True,True,True,True,True,f7dcdd329c739dc49101581bf9b782466bd02bc20d62027e188613c30ae92802
corrected_v2,adult,42,mix,compare_dnn,/home/thuy/Research/minh_data_synth/TabularDA/output/corrected_v2/adult/acc/adult_seed42_ctgan_full_dnn_mix.run.json,/home/thuy/Research/minh_data_synth/TabularDA/sdv trained model/corrected_v2/adult/seed_42/adult_seed42_ctgan_full.pkl,/home/thuy/Research/minh_data_synth/TabularDA/data/corrected_v2/adult/seed_42/adult_seed42_ctgan_full_dnn_100k.predictor.pt,,0,0,,,False,False,True,True,True,True,True,3327d264cd2da3ebe138100575e5c8eb4c6041c7fcd863ed52d31f2b3c39d9fc
corrected_v2,adult,42,synthetic,compare_dnn,/home/thuy/Research/minh_data_synth/TabularDA/output/corrected_v2/adult/acc/adult_seed42_ctgan_full_dnn_synthetic.run.json,/home/thuy/Research/minh_data_synth/TabularDA/sdv trained model/corrected_v2/adult/seed_42/adult_seed42_ctgan_full.pkl,/home/thuy/Research/minh_data_synth/TabularDA/data/corrected_v2/adult/seed_42/adult_seed42_ctgan_full_dnn_100k.predictor.pt,,0,0,,,False,False,True,True,True,True,True,0a571455ec18c46c3ff514fd78e707cbcd3852883bbceae34db59f9f87f4cfb2
corrected_v2,adult,42,mix,compare_gaussian,/home/thuy/Research/minh_data_synth/TabularDA/output/corrected_v2/adult/acc/adult_seed42_ctgan_full_gaussian_mix.run.json,/home/thuy/Research/minh_data_synth/TabularDA/sdv trained model/corrected_v2/adult/seed_42/adult_seed42_ctgan_full.pkl,/home/thuy/Research/minh_data_synth/TabularDA/data/corrected_v2/adult/seed_42/adult_seed42_ctgan_full_gaussian_100k.predictor.pkl,,0,0,,,False,False,True,True,True,True,True,1ba6d198235477c0407ee83e58b9e3ecb8badaa0932282b0afec141c2b507f6e
corrected_v2,adult,42,synthetic,compare_gaussian,/home/thuy/Research/minh_data_synth/TabularDA/output/corrected_v2/adult/acc/adult_seed42_ctgan_full_gaussian_synthetic.run.json,/home/thuy/Research/minh_data_synth/TabularDA/sdv trained model/corrected_v2/adult/seed_42/adult_seed42_ctgan_full.pkl,/home/thuy/Research/minh_data_synth/TabularDA/data/corrected_v2/adult/seed_42/adult_seed42_ctgan_full_gaussian_100k.predictor.pkl,,0,0,,,False,False,True,True,True,True,True,870c7a0fb2303b45d52773e71781ae9c2227faab4952d94f784bd81d819622b3
corrected_v2,adult,42,mix,ctgan,/home/thuy/Research/minh_data_synth/TabularDA/output/corrected_v2/adult/acc/adult_seed42_ctgan_full_generated_mix.run.json,/home/thuy/Research/minh_data_synth/TabularDA/sdv trained model/corrected_v2/adult/seed_42/adult_seed42_ctgan_full.pkl,,,0,0,,,False,False,True,True,True,True,,50bbd5b32aedbd577dcd6f766140d58dde05513d20c2f16de763e6547f5a5e11
corrected_v2,adult,42,synthetic,ctgan,/home/thuy/Research/minh_data_synth/TabularDA/output/corrected_v2/adult/acc/adult_seed42_ctgan_full_generated_synthetic.run.json,/home/thuy/Research/minh_data_synth/TabularDA/sdv trained model/corrected_v2/adult/seed_42/adult_seed42_ctgan_full.pkl,,,0,0,,,False,False,True,True,True,True,,45defa23e2308a2dae3d2bc4623240c07883b3e32cc70a7a34597c82a40f6d1a
corrected_v2,adult,42,mix,compare_pca_gmm,/home/thuy/Research/minh_data_synth/TabularDA/output/corrected_v2/adult/acc/adult_seed42_ctgan_full_pca_gmm_mix.run.json,/home/thuy/Research/minh_data_synth/TabularDA/sdv trained model/corrected_v2/adult/seed_42/adult_seed42_ctgan_full.pkl,/home/thuy/Research/minh_data_synth/TabularDA/data/corrected_v2/adult/seed_42/adult_seed42_ctgan_full_pca_gmm_100k.predictor.pkl,pca_categorical_indicators_as_numeric,0,101,,,False,False,True,True,True,True,True,755aa4fe5e7232246c68d7e9a8f2f8459dd07bcfd4731987f66342095644ee4b
corrected_v2,adult,42,synthetic,compare_pca_gmm,/home/thuy/Research/minh_data_synth/TabularDA/output/corrected_v2/adult/acc/adult_seed42_ctgan_full_pca_gmm_synthetic.run.json,/home/thuy/Research/minh_data_synth/TabularDA/sdv trained model/corrected_v2/adult/seed_42/adult_seed42_ctgan_full.pkl,/home/thuy/Research/minh_data_synth/TabularDA/data/corrected_v2/adult/seed_42/adult_seed42_ctgan_full_pca_gmm_100k.predictor.pkl,pca_categorical_indicators_as_numeric,0,101,,,False,False,True,True,True,True,True,42640b79a0beabf5089995e54b486ab388ba36c31cd373bec3a043cd3ad46d10
corrected_v2,adult,42,mix,compare_rf,/home/thuy/Research/minh_data_synth/TabularDA/output/corrected_v2/adult/acc/adult_seed42_ctgan_full_rf_mix.run.json,/home/thuy/Research/minh_data_synth/TabularDA/sdv trained model/corrected_v2/adult/seed_42/adult_seed42_ctgan_full.pkl,/home/thuy/Research/minh_data_synth/TabularDA/data/corrected_v2/adult/seed_42/adult_seed42_ctgan_full_rf_100k.predictor.pkl,,0,0,,,False,False,True,True,True,True,True,322c3adbc21b5d1e830b2a20f77f628246537bcb5e87fa52edd0d7a8117b73d6
corrected_v2,adult,42,synthetic,compare_rf,/home/thuy/Research/minh_data_synth/TabularDA/output/corrected_v2/adult/acc/adult_seed42_ctgan_full_rf_synthetic.run.json,/home/thuy/Research/minh_data_synth/TabularDA/sdv trained model/corrected_v2/adult/seed_42/adult_seed42_ctgan_full.pkl,/home/thuy/Research/minh_data_synth/TabularDA/data/corrected_v2/adult/seed_42/adult_seed42_ctgan_full_rf_100k.predictor.pkl,,0,0,,,False,False,True,True,True,True,True,dcd79799c1553b1e86c4872a366282e38f34cd7e98c2991778c7dcf43ade14b1
corrected_v2,adult,42,mix,compare_xgb,/home/thuy/Research/minh_data_synth/TabularDA/output/corrected_v2/adult/acc/adult_seed42_ctgan_full_xgb_mix.run.json,/home/thuy/Research/minh_data_synth/TabularDA/sdv trained model/corrected_v2/adult/seed_42/adult_seed42_ctgan_full.pkl,/home/thuy/Research/minh_data_synth/TabularDA/data/corrected_v2/adult/seed_42/adult_seed42_ctgan_full_xgb_100k.predictor.pkl,,0,0,,,False,False,True,True,True,True,True,e3a2f428d2e9396ab44560687f776a7621bf0872ebb62150c75956366ce11692
corrected_v2,adult,42,synthetic,compare_xgb,/home/thuy/Research/minh_data_synth/TabularDA/output/corrected_v2/adult/acc/adult_seed42_ctgan_full_xgb_synthetic.run.json,/home/thuy/Research/minh_data_synth/TabularDA/sdv trained model/corrected_v2/adult/seed_42/adult_seed42_ctgan_full.pkl,/home/thuy/Research/minh_data_synth/TabularDA/data/corrected_v2/adult/seed_42/adult_seed42_ctgan_full_xgb_100k.predictor.pkl,,0,0,,,False,False,True,True,True,True,True,c88ea4adf7058ee448f59099a27ee40c92fe35e15a7c8490b7d98528a78431f1
corrected_v2,adult,42,mix,categorical,/home/thuy/Research/minh_data_synth/TabularDA/output/corrected_v2/adult/acc/adult_seed42_ctgan_xonly_categorical_mix.run.json,/home/thuy/Research/minh_data_synth/TabularDA/sdv trained model/corrected_v2/adult/seed_42/adult_seed42_ctgan_xonly.pkl,/home/thuy/Research/minh_data_synth/TabularDA/data/corrected_v2/adult/seed_42/adult_seed42_ctgan_xonly_categorical_100k.predictor.pkl,categorical_nb_erased_binary_features,80,0,,,False,False,True,True,True,True,True,4ee69eac0dea72f933d59c3b5d3a5718f0d3a0e9dfcc3ec16c7abeba43ef035f
corrected_v2,adult,42,synthetic,categorical,/home/thuy/Research/minh_data_synth/TabularDA/output/corrected_v2/adult/acc/adult_seed42_ctgan_xonly_categorical_synthetic.run.json,/home/thuy/Research/minh_data_synth/TabularDA/sdv trained model/corrected_v2/adult/seed_42/adult_seed42_ctgan_xonly.pkl,/home/thuy/Research/minh_data_synth/TabularDA/data/corrected_v2/adult/seed_42/adult_seed42_ctgan_xonly_categorical_100k.predictor.pkl,categorical_nb_erased_binary_features,80,0,,,False,False,True,True,True,True,True,05cd910541720fedc8cc6d9e2bf8ca04e2906f4f0cf2f0b52ba721ab8e900976
corrected_v2,adult,42,mix,dnn,/home/thuy/Research/minh_data_synth/TabularDA/output/corrected_v2/adult/acc/adult_seed42_ctgan_xonly_dnn_mix.run.json,/home/thuy/Research/minh_data_synth/TabularDA/sdv trained model/corrected_v2/adult/seed_42/adult_seed42_ctgan_xonly.pkl,/home/thuy/Research/minh_data_synth/TabularDA/data/corrected_v2/adult/seed_42/adult_seed42_ctgan_xonly_dnn_100k.predictor.pt,,0,0,,,False,False,True,True,True,True,True,03c4b4def42d890b5971807eaa70cbf53f91b379cac2678c3abbe5d48a039ccf
corrected_v2,adult,42,synthetic,dnn,/home/thuy/Research/minh_data_synth/TabularDA/output/corrected_v2/adult/acc/adult_seed42_ctgan_xonly_dnn_synthetic.run.json,/home/thuy/Research/minh_data_synth/TabularDA/sdv trained model/corrected_v2/adult/seed_42/adult_seed42_ctgan_xonly.pkl,/home/thuy/Research/minh_data_synth/TabularDA/data/corrected_v2/adult/seed_42/adult_seed42_ctgan_xonly_dnn_100k.predictor.pt,,0,0,,,False,False,True,True,True,True,True,c5d9bcbb39471c38b14b9318d5ada36e376cfc1eea500b1feace27334d6d8c58
corrected_v2,adult,42,mix,gaussian,/home/thuy/Research/minh_data_synth/TabularDA/output/corrected_v2/adult/acc/adult_seed42_ctgan_xonly_gaussian_mix.run.json,/home/thuy/Research/minh_data_synth/TabularDA/sdv trained model/corrected_v2/adult/seed_42/adult_seed42_ctgan_xonly.pkl,/home/thuy/Research/minh_data_synth/TabularDA/data/corrected_v2/adult/seed_42/adult_seed42_ctgan_xonly_gaussian_100k.predictor.pkl,,0,0,,,False,False,True,True,True,True,True,6a94412b6aea7b8919ac487c66d45b63366c80a9f8eea09435ed4fbfc150e7f7
corrected_v2,adult,42,synthetic,gaussian,/home/thuy/Research/minh_data_synth/TabularDA/output/corrected_v2/adult/acc/adult_seed42_ctgan_xonly_gaussian_synthetic.run.json,/home/thuy/Research/minh_data_synth/TabularDA/sdv trained model/corrected_v2/adult/seed_42/adult_seed42_ctgan_xonly.pkl,/home/thuy/Research/minh_data_synth/TabularDA/data/corrected_v2/adult/seed_42/adult_seed42_ctgan_xonly_gaussian_100k.predictor.pkl,,0,0,,,False,False,True,True,True,True,True,b819368665015b2572a86df4e2609e8c3ef35434ae008e32a4d9e25c35cd01fd
corrected_v2,adult,42,mix,pca_gmm,/home/thuy/Research/minh_data_synth/TabularDA/output/corrected_v2/adult/acc/adult_seed42_ctgan_xonly_pca_gmm_mix.run.json,/home/thuy/Research/minh_data_synth/TabularDA/sdv trained model/corrected_v2/adult/seed_42/adult_seed42_ctgan_xonly.pkl,/home/thuy/Research/minh_data_synth/TabularDA/data/corrected_v2/adult/seed_42/adult_seed42_ctgan_xonly_pca_gmm_100k.predictor.pkl,,0,0,,,False,False,True,True,True,True,True,6246858d10e9fd8b8b43a5fcc6aea50e7a8d30ba8d836c5e0f352bed1815fc89
corrected_v2,adult,42,synthetic,pca_gmm,/home/thuy/Research/minh_data_synth/TabularDA/output/corrected_v2/adult/acc/adult_seed42_ctgan_xonly_pca_gmm_synthetic.run.json,/home/thuy/Research/minh_data_synth/TabularDA/sdv trained model/corrected_v2/adult/seed_42/adult_seed42_ctgan_xonly.pkl,/home/thuy/Research/minh_data_synth/TabularDA/data/corrected_v2/adult/seed_42/adult_seed42_ctgan_xonly_pca_gmm_100k.predictor.pkl,,0,0,,,False,False,True,True,True,True,True,832ef8fc7e764874bbf4eddd4613b60360902064724dd350e511680c043b2be6
corrected_v2,adult,42,mix,rf,/home/thuy/Research/minh_data_synth/TabularDA/output/corrected_v2/adult/acc/adult_seed42_ctgan_xonly_rf_mix.run.json,/home/thuy/Research/minh_data_synth/TabularDA/sdv trained model/corrected_v2/adult/seed_42/adult_seed42_ctgan_xonly.pkl,/home/thuy/Research/minh_data_synth/TabularDA/data/corrected_v2/adult/seed_42/adult_seed42_ctgan_xonly_rf_100k.predictor.pkl,,0,0,,,False,False,True,True,True,True,True,8165aafb4a44b557eff4fee06164d5d7da49bea8ff91697af22fdf28d6dab5fb
corrected_v2,adult,42,synthetic,rf,/home/thuy/Research/minh_data_synth/TabularDA/output/corrected_v2/adult/acc/adult_seed42_ctgan_xonly_rf_synthetic.run.json,/home/thuy/Research/minh_data_synth/TabularDA/sdv trained model/corrected_v2/adult/seed_42/adult_seed42_ctgan_xonly.pkl,/home/thuy/Research/minh_data_synth/TabularDA/data/corrected_v2/adult/seed_42/adult_seed42_ctgan_xonly_rf_100k.predictor.pkl,,0,0,,,False,False,True,True,True,True,True,4e1c557f81bcc4932022c92c0ba87be7ccf01782d278394129eb9bb14ff5f12e
corrected_v2,adult,42,mix,xgb,/home/thuy/Research/minh_data_synth/TabularDA/output/corrected_v2/adult/acc/adult_seed42_ctgan_xonly_xgb_mix.run.json,/home/thuy/Research/minh_data_synth/TabularDA/sdv trained model/corrected_v2/adult/seed_42/adult_seed42_ctgan_xonly.pkl,/home/thuy/Research/minh_data_synth/TabularDA/data/corrected_v2/adult/seed_42/adult_seed42_ctgan_xonly_xgb_100k.predictor.pkl,,0,0,,,False,False,True,True,True,True,True,ee18fce76685d4725b606d8167d1c9958b1b708f88719d7f638ebe09d1bf7ea5
corrected_v2,adult,42,synthetic,xgb,/home/thuy/Research/minh_data_synth/TabularDA/output/corrected_v2/adult/acc/adult_seed42_ctgan_xonly_xgb_synthetic.run.json,/home/thuy/Research/minh_data_synth/TabularDA/sdv trained model/corrected_v2/adult/seed_42/adult_seed42_ctgan_xonly.pkl,/home/thuy/Research/minh_data_synth/TabularDA/data/corrected_v2/adult/seed_42/adult_seed42_ctgan_xonly_xgb_100k.predictor.pkl,,0,0,,,False,False,True,True,True,True,True,a6c06f1981e98182b10384843c7726bb74d91cee6e6269cfcfdb527e04759b6d
corrected_v2,adult,42,original,,/home/thuy/Research/minh_data_synth/TabularDA/output/corrected_v2/adult/acc/adult_seed42_real_original.run.json,,,,0,0,,,False,False,False,True,True,True,,dc6ede513a9517532a3bd63e2516e31c3f8413a3727c58d1c1c2aef9c9c92fff
corrected_v2,adult,42,mix,tvae_compare_categorical,/home/thuy/Research/minh_data_synth/TabularDA/output/corrected_v2/adult/acc/adult_seed42_tvae_full_categorical_mix.run.json,/home/thuy/Research/minh_data_synth/TabularDA/sdv trained model/corrected_v2/adult/seed_42/adult_seed42_tvae_full.pkl,/home/thuy/Research/minh_data_synth/TabularDA/data/corrected_v2/adult/seed_42/adult_seed42_tvae_full_categorical_100k.predictor.pkl,categorical_nb_erased_binary_features,80,0,,,False,False,False,True,True,True,True,35365d8070edd161bf9bf0b44558842f290d1a4e3a58806a65577f9ba92429f1
corrected_v2,adult,42,synthetic,tvae_compare_categorical,/home/thuy/Research/minh_data_synth/TabularDA/output/corrected_v2/adult/acc/adult_seed42_tvae_full_categorical_synthetic.run.json,/home/thuy/Research/minh_data_synth/TabularDA/sdv trained model/corrected_v2/adult/seed_42/adult_seed42_tvae_full.pkl,/home/thuy/Research/minh_data_synth/TabularDA/data/corrected_v2/adult/seed_42/adult_seed42_tvae_full_categorical_100k.predictor.pkl,categorical_nb_erased_binary_features,80,0,,,False,False,False,True,True,True,True,78b5097a901f8435fa898f38147f7568be0a308f1e05841593b6fdbb280f5ced
corrected_v2,adult,42,mix,tvae_compare_dnn,/home/thuy/Research/minh_data_synth/TabularDA/output/corrected_v2/adult/acc/adult_seed42_tvae_full_dnn_mix.run.json,/home/thuy/Research/minh_data_synth/TabularDA/sdv trained model/corrected_v2/adult/seed_42/adult_seed42_tvae_full.pkl,/home/thuy/Research/minh_data_synth/TabularDA/data/corrected_v2/adult/seed_42/adult_seed42_tvae_full_dnn_100k.predictor.pt,,0,0,,,False,False,False,True,True,True,True,d1d968a7db4000cb957bafe02f7654a58dcf2860b03780989b2d2d4a71e720d3
corrected_v2,adult,42,synthetic,tvae_compare_dnn,/home/thuy/Research/minh_data_synth/TabularDA/output/corrected_v2/adult/acc/adult_seed42_tvae_full_dnn_synthetic.run.json,/home/thuy/Research/minh_data_synth/TabularDA/sdv trained model/corrected_v2/adult/seed_42/adult_seed42_tvae_full.pkl,/home/thuy/Research/minh_data_synth/TabularDA/data/corrected_v2/adult/seed_42/adult_seed42_tvae_full_dnn_100k.predictor.pt,,0,0,,,False,False,False,True,True,True,True,8624457d597f8c83c7dca68ed5a2b3c0dfe878225a79f9786c1af5a195652326
corrected_v2,adult,42,mix,tvae_compare_gaussian,/home/thuy/Research/minh_data_synth/TabularDA/output/corrected_v2/adult/acc/adult_seed42_tvae_full_gaussian_mix.run.json,/home/thuy/Research/minh_data_synth/TabularDA/sdv trained model/corrected_v2/adult/seed_42/adult_seed42_tvae_full.pkl,/home/thuy/Research/minh_data_synth/TabularDA/data/corrected_v2/adult/seed_42/adult_seed42_tvae_full_gaussian_100k.predictor.pkl,,0,0,,,False,False,False,True,True,True,True,485e24a8e8f4ef5896db7ce88d4a2fb0dd4c3c4b56e6d005cb388070eb033fa0
corrected_v2,adult,42,synthetic,tvae_compare_gaussian,/home/thuy/Research/minh_data_synth/TabularDA/output/corrected_v2/adult/acc/adult_seed42_tvae_full_gaussian_synthetic.run.json,/home/thuy/Research/minh_data_synth/TabularDA/sdv trained model/corrected_v2/adult/seed_42/adult_seed42_tvae_full.pkl,/home/thuy/Research/minh_data_synth/TabularDA/data/corrected_v2/adult/seed_42/adult_seed42_tvae_full_gaussian_100k.predictor.pkl,,0,0,,,False,False,False,True,True,True,True,5ffc4d6492dfdec1354b98a9e0d973268bbbf05b2fa4602ee18bb4b8e909eefd
corrected_v2,adult,42,mix,tvae,/home/thuy/Research/minh_data_synth/TabularDA/output/corrected_v2/adult/acc/adult_seed42_tvae_full_generated_mix.run.json,/home/thuy/Research/minh_data_synth/TabularDA/sdv trained model/corrected_v2/adult/seed_42/adult_seed42_tvae_full.pkl,,,0,0,,,False,False,False,True,True,True,,9da164e8cc1f7f33cc94a1db987e157af903c7c8c86cf72579f3532e3b9c0f28
corrected_v2,adult,42,synthetic,tvae,/home/thuy/Research/minh_data_synth/TabularDA/output/corrected_v2/adult/acc/adult_seed42_tvae_full_generated_synthetic.run.json,/home/thuy/Research/minh_data_synth/TabularDA/sdv trained model/corrected_v2/adult/seed_42/adult_seed42_tvae_full.pkl,,,0,0,,,False,False,False,True,True,True,,6aea398d729c8ded1f67c18cb0c6c1082e558443a563777391be5bcf5d63a0b0
corrected_v2,adult,42,mix,tvae_compare_pca_gmm,/home/thuy/Research/minh_data_synth/TabularDA/output/corrected_v2/adult/acc/adult_seed42_tvae_full_pca_gmm_mix.run.json,/home/thuy/Research/minh_data_synth/TabularDA/sdv trained model/corrected_v2/adult/seed_42/adult_seed42_tvae_full.pkl,/home/thuy/Research/minh_data_synth/TabularDA/data/corrected_v2/adult/seed_42/adult_seed42_tvae_full_pca_gmm_100k.predictor.pkl,pca_categorical_indicators_as_numeric,0,101,,,False,False,False,True,True,True,True,d81553939be7e9aa5e8d21e495c5b5ec8f04fe93f2bc0eacf6e26db79aa8d405
corrected_v2,adult,42,synthetic,tvae_compare_pca_gmm,/home/thuy/Research/minh_data_synth/TabularDA/output/corrected_v2/adult/acc/adult_seed42_tvae_full_pca_gmm_synthetic.run.json,/home/thuy/Research/minh_data_synth/TabularDA/sdv trained model/corrected_v2/adult/seed_42/adult_seed42_tvae_full.pkl,/home/thuy/Research/minh_data_synth/TabularDA/data/corrected_v2/adult/seed_42/adult_seed42_tvae_full_pca_gmm_100k.predictor.pkl,pca_categorical_indicators_as_numeric,0,101,,,False,False,False,True,True,True,True,a3e4bad300e3ffb9eee397d045f75972d961b27abd2ff9264403ead199a6d302
corrected_v2,adult,42,mix,tvae_compare_rf,/home/thuy/Research/minh_data_synth/TabularDA/output/corrected_v2/adult/acc/adult_seed42_tvae_full_rf_mix.run.json,/home/thuy/Research/minh_data_synth/TabularDA/sdv trained model/corrected_v2/adult/seed_42/adult_seed42_tvae_full.pkl,/home/thuy/Research/minh_data_synth/TabularDA/data/corrected_v2/adult/seed_42/adult_seed42_tvae_full_rf_100k.predictor.pkl,,0,0,,,False,False,False,True,True,True,True,f278983a7f759a11f9166cc796353494fc3aa8aefdecdbd39edf262b0f99257e
corrected_v2,adult,42,synthetic,tvae_compare_rf,/home/thuy/Research/minh_data_synth/TabularDA/output/corrected_v2/adult/acc/adult_seed42_tvae_full_rf_synthetic.run.json,/home/thuy/Research/minh_data_synth/TabularDA/sdv trained model/corrected_v2/adult/seed_42/adult_seed42_tvae_full.pkl,/home/thuy/Research/minh_data_synth/TabularDA/data/corrected_v2/adult/seed_42/adult_seed42_tvae_full_rf_100k.predictor.pkl,,0,0,,,False,False,False,True,True,True,True,9b6de1373ebd1287c288feb3fd0eb195758101c95322f6071886d1c1584e70e9
corrected_v2,adult,42,mix,tvae_compare_xgb,/home/thuy/Research/minh_data_synth/TabularDA/output/corrected_v2/adult/acc/adult_seed42_tvae_full_xgb_mix.run.json,/home/thuy/Research/minh_data_synth/TabularDA/sdv trained model/corrected_v2/adult/seed_42/adult_seed42_tvae_full.pkl,/home/thuy/Research/minh_data_synth/TabularDA/data/corrected_v2/adult/seed_42/adult_seed42_tvae_full_xgb_100k.predictor.pkl,,0,0,,,False,False,False,True,True,True,True,996d91e478f652dd7d2dd717f0fd7e274b0894346f249075c9aec778fdf89502
corrected_v2,adult,42,synthetic,tvae_compare_xgb,/home/thuy/Research/minh_data_synth/TabularDA/output/corrected_v2/adult/acc/adult_seed42_tvae_full_xgb_synthetic.run.json,/home/thuy/Research/minh_data_synth/TabularDA/sdv trained model/corrected_v2/adult/seed_42/adult_seed42_tvae_full.pkl,/home/thuy/Research/minh_data_synth/TabularDA/data/corrected_v2/adult/seed_42/adult_seed42_tvae_full_xgb_100k.predictor.pkl,,0,0,,,False,False,False,True,True,True,True,ac40673bdf16b6ba60ce68bec39c207fc0c484ed62ca13329c8675f082e7dd71
corrected_v2,adult,42,mix,tvae_categorical,/home/thuy/Research/minh_data_synth/TabularDA/output/corrected_v2/adult/acc/adult_seed42_tvae_xonly_categorical_mix.run.json,/home/thuy/Research/minh_data_synth/TabularDA/sdv trained model/corrected_v2/adult/seed_42/adult_seed42_tvae_xonly.pkl,/home/thuy/Research/minh_data_synth/TabularDA/data/corrected_v2/adult/seed_42/adult_seed42_tvae_xonly_categorical_100k.predictor.pkl,categorical_nb_erased_binary_features,80,0,,,False,False,False,True,True,True,True,58158e71507f8a19887c24068f33bfbcd830371614fba5e1b49035ea2544afa5
corrected_v2,adult,42,synthetic,tvae_categorical,/home/thuy/Research/minh_data_synth/TabularDA/output/corrected_v2/adult/acc/adult_seed42_tvae_xonly_categorical_synthetic.run.json,/home/thuy/Research/minh_data_synth/TabularDA/sdv trained model/corrected_v2/adult/seed_42/adult_seed42_tvae_xonly.pkl,/home/thuy/Research/minh_data_synth/TabularDA/data/corrected_v2/adult/seed_42/adult_seed42_tvae_xonly_categorical_100k.predictor.pkl,categorical_nb_erased_binary_features,80,0,,,False,False,False,True,True,True,True,e2b18dadf0cc7d93e5f9bf3eeb2b4441692a9cbb7e4abc0f6918e1f454884908
corrected_v2,adult,42,mix,tvae_dnn,/home/thuy/Research/minh_data_synth/TabularDA/output/corrected_v2/adult/acc/adult_seed42_tvae_xonly_dnn_mix.run.json,/home/thuy/Research/minh_data_synth/TabularDA/sdv trained model/corrected_v2/adult/seed_42/adult_seed42_tvae_xonly.pkl,/home/thuy/Research/minh_data_synth/TabularDA/data/corrected_v2/adult/seed_42/adult_seed42_tvae_xonly_dnn_100k.predictor.pt,,0,0,,,False,False,False,True,True,True,True,60544c16494f841d47dc9abc3869e825408c2f578aea152d9f3103a1be8d8729
corrected_v2,adult,42,synthetic,tvae_dnn,/home/thuy/Research/minh_data_synth/TabularDA/output/corrected_v2/adult/acc/adult_seed42_tvae_xonly_dnn_synthetic.run.json,/home/thuy/Research/minh_data_synth/TabularDA/sdv trained model/corrected_v2/adult/seed_42/adult_seed42_tvae_xonly.pkl,/home/thuy/Research/minh_data_synth/TabularDA/data/corrected_v2/adult/seed_42/adult_seed42_tvae_xonly_dnn_100k.predictor.pt,,0,0,,,False,False,False,True,True,True,True,1aaa0bf7a2cc65f1553ebd36e74a20aee7223133765a26c5dde10105a5b872cd
corrected_v2,adult,42,mix,tvae_gaussian,/home/thuy/Research/minh_data_synth/TabularDA/output/corrected_v2/adult/acc/adult_seed42_tvae_xonly_gaussian_mix.run.json,/home/thuy/Research/minh_data_synth/TabularDA/sdv trained model/corrected_v2/adult/seed_42/adult_seed42_tvae_xonly.pkl,/home/thuy/Research/minh_data_synth/TabularDA/data/corrected_v2/adult/seed_42/adult_seed42_tvae_xonly_gaussian_100k.predictor.pkl,,0,0,,,False,False,False,True,True,True,True,eab47d8c0a342e4f5c496e5fffd21c8a35fd617e11bded39fc09fc1852975dde
corrected_v2,adult,42,synthetic,tvae_gaussian,/home/thuy/Research/minh_data_synth/TabularDA/output/corrected_v2/adult/acc/adult_seed42_tvae_xonly_gaussian_synthetic.run.json,/home/thuy/Research/minh_data_synth/TabularDA/sdv trained model/corrected_v2/adult/seed_42/adult_seed42_tvae_xonly.pkl,/home/thuy/Research/minh_data_synth/TabularDA/data/corrected_v2/adult/seed_42/adult_seed42_tvae_xonly_gaussian_100k.predictor.pkl,,0,0,,,False,False,False,True,True,True,True,1c425da545b399c2eb9aa08b77464306a6f6c7ae5d51fb6b6b2a1ad2c5d65e6d
corrected_v2,adult,42,mix,tvae_pca_gmm,/home/thuy/Research/minh_data_synth/TabularDA/output/corrected_v2/adult/acc/adult_seed42_tvae_xonly_pca_gmm_mix.run.json,/home/thuy/Research/minh_data_synth/TabularDA/sdv trained model/corrected_v2/adult/seed_42/adult_seed42_tvae_xonly.pkl,/home/thuy/Research/minh_data_synth/TabularDA/data/corrected_v2/adult/seed_42/adult_seed42_tvae_xonly_pca_gmm_100k.predictor.pkl,,0,0,,,False,False,False,True,True,True,True,014fc1baf99d419f491a3bc6aac23fd29b21ff72625d80bebf427ef449bf2490
corrected_v2,adult,42,synthetic,tvae_pca_gmm,/home/thuy/Research/minh_data_synth/TabularDA/output/corrected_v2/adult/acc/adult_seed42_tvae_xonly_pca_gmm_synthetic.run.json,/home/thuy/Research/minh_data_synth/TabularDA/sdv trained model/corrected_v2/adult/seed_42/adult_seed42_tvae_xonly.pkl,/home/thuy/Research/minh_data_synth/TabularDA/data/corrected_v2/adult/seed_42/adult_seed42_tvae_xonly_pca_gmm_100k.predictor.pkl,,0,0,,,False,False,False,True,True,True,True,83f8244778b3650aac1dc404a2808e9346407096dbde3a4c9a4d8537f7c3ba35
corrected_v2,adult,42,mix,tvae_rf,/home/thuy/Research/minh_data_synth/TabularDA/output/corrected_v2/adult/acc/adult_seed42_tvae_xonly_rf_mix.run.json,/home/thuy/Research/minh_data_synth/TabularDA/sdv trained model/corrected_v2/adult/seed_42/adult_seed42_tvae_xonly.pkl,/home/thuy/Research/minh_data_synth/TabularDA/data/corrected_v2/adult/seed_42/adult_seed42_tvae_xonly_rf_100k.predictor.pkl,,0,0,,,False,False,False,True,True,True,True,1becca6ed41b6888595075d967f0b6fae52bdc60a9b8d35ebd47f2ff1ba16d4d
corrected_v2,adult,42,synthetic,tvae_rf,/home/thuy/Research/minh_data_synth/TabularDA/output/corrected_v2/adult/acc/adult_seed42_tvae_xonly_rf_synthetic.run.json,/home/thuy/Research/minh_data_synth/TabularDA/sdv trained model/corrected_v2/adult/seed_42/adult_seed42_tvae_xonly.pkl,/home/thuy/Research/minh_data_synth/TabularDA/data/corrected_v2/adult/seed_42/adult_seed42_tvae_xonly_rf_100k.predictor.pkl,,0,0,,,False,False,False,True,True,True,True,3da3c13ef6c403eeb60ca7cf35f5cc18dbc0a3eeb843512583dcc1fdd5ae17c1
corrected_v2,adult,42,mix,tvae_xgb,/home/thuy/Research/minh_data_synth/TabularDA/output/corrected_v2/adult/acc/adult_seed42_tvae_xonly_xgb_mix.run.json,/home/thuy/Research/minh_data_synth/TabularDA/sdv trained model/corrected_v2/adult/seed_42/adult_seed42_tvae_xonly.pkl,/home/thuy/Research/minh_data_synth/TabularDA/data/corrected_v2/adult/seed_42/adult_seed42_tvae_xonly_xgb_100k.predictor.pkl,,0,0,,,False,False,False,True,True,True,True,410f033ac743b7e13ec0b3de10b343fc2735fd5a7bcac182ee11a87c24f68c12
corrected_v2,adult,42,synthetic,tvae_xgb,/home/thuy/Research/minh_data_synth/TabularDA/output/corrected_v2/adult/acc/adult_seed42_tvae_xonly_xgb_synthetic.run.json,/home/thuy/Research/minh_data_synth/TabularDA/sdv trained model/corrected_v2/adult/seed_42/adult_seed42_tvae_xonly.pkl,/home/thuy/Research/minh_data_synth/TabularDA/data/corrected_v2/adult/seed_42/adult_seed42_tvae_xonly_xgb_100k.predictor.pkl,,0,0,,,False,False,False,True,True,True,True,4e41c691ca2844d3695b3b97de1b9e37436f96a96c978387517bbcea253e5da8
corrected_v2,adult,43,mix,compare_categorical,/home/thuy/Research/minh_data_synth/TabularDA/output/corrected_v2/adult/acc/adult_seed43_ctgan_full_categorical_mix.run.json,/home/thuy/Research/minh_data_synth/TabularDA/sdv trained model/corrected_v2/adult/seed_43/adult_seed43_ctgan_full.pkl,/home/thuy/Research/minh_data_synth/TabularDA/data/corrected_v2/adult/seed_43/adult_seed43_ctgan_full_categorical_100k.predictor.pkl,categorical_nb_erased_binary_features,80,0,,,False,False,True,True,True,True,True,7bcc89893ab05ba5516fe7d2baa67f6ac2cc9669374cca01b7db60faaea44609
corrected_v2,adult,43,synthetic,compare_categorical,/home/thuy/Research/minh_data_synth/TabularDA/output/corrected_v2/adult/acc/adult_seed43_ctgan_full_categorical_synthetic.run.json,/home/thuy/Research/minh_data_synth/TabularDA/sdv trained model/corrected_v2/adult/seed_43/adult_seed43_ctgan_full.pkl,/home/thuy/Research/minh_data_synth/TabularDA/data/corrected_v2/adult/seed_43/adult_seed43_ctgan_full_categorical_100k.predictor.pkl,categorical_nb_erased_binary_features,80,0,,,False,False,True,True,True,True,True,bab84e1c3d371339051407ddb8c65596e7fd319b9966dd993a57f86fc158ffee
corrected_v2,adult,43,mix,compare_dnn,/home/thuy/Research/minh_data_synth/TabularDA/output/corrected_v2/adult/acc/adult_seed43_ctgan_full_dnn_mix.run.json,/home/thuy/Research/minh_data_synth/TabularDA/sdv trained model/corrected_v2/adult/seed_43/adult_seed43_ctgan_full.pkl,/home/thuy/Research/minh_data_synth/TabularDA/data/corrected_v2/adult/seed_43/adult_seed43_ctgan_full_dnn_100k.predictor.pt,,0,0,,,False,False,True,True,True,True,True,ff06ba4a8099b3fad61c22554b0d2fc011ab56b4d30be256902696f8f256dc98
corrected_v2,adult,43,synthetic,compare_dnn,/home/thuy/Research/minh_data_synth/TabularDA/output/corrected_v2/adult/acc/adult_seed43_ctgan_full_dnn_synthetic.run.json,/home/thuy/Research/minh_data_synth/TabularDA/sdv trained model/corrected_v2/adult/seed_43/adult_seed43_ctgan_full.pkl,/home/thuy/Research/minh_data_synth/TabularDA/data/corrected_v2/adult/seed_43/adult_seed43_ctgan_full_dnn_100k.predictor.pt,,0,0,,,False,False,True,True,True,True,True,12410e6062de00f5cedc6b1fdf8ff25120d66102540dbcca7679cec8ff06038e
corrected_v2,adult,43,mix,compare_gaussian,/home/thuy/Research/minh_data_synth/TabularDA/output/corrected_v2/adult/acc/adult_seed43_ctgan_full_gaussian_mix.run.json,/home/thuy/Research/minh_data_synth/TabularDA/sdv trained model/corrected_v2/adult/seed_43/adult_seed43_ctgan_full.pkl,/home/thuy/Research/minh_data_synth/TabularDA/data/corrected_v2/adult/seed_43/adult_seed43_ctgan_full_gaussian_100k.predictor.pkl,,0,0,,,False,False,True,True,True,True,True,f706c191215aa9639cae59764046bb7256a2a5df1f931d5289fc3cec6ff7fd6d
corrected_v2,adult,43,synthetic,compare_gaussian,/home/thuy/Research/minh_data_synth/TabularDA/output/corrected_v2/adult/acc/adult_seed43_ctgan_full_gaussian_synthetic.run.json,/home/thuy/Research/minh_data_synth/TabularDA/sdv trained model/corrected_v2/adult/seed_43/adult_seed43_ctgan_full.pkl,/home/thuy/Research/minh_data_synth/TabularDA/data/corrected_v2/adult/seed_43/adult_seed43_ctgan_full_gaussian_100k.predictor.pkl,,0,0,,,False,False,True,True,True,True,True,ed90a56f1a90464fbccd0a3874d9f81ab4f68647b1fce1b9042cb5c878593f4e
corrected_v2,adult,43,mix,ctgan,/home/thuy/Research/minh_data_synth/TabularDA/output/corrected_v2/adult/acc/adult_seed43_ctgan_full_generated_mix.run.json,/home/thuy/Research/minh_data_synth/TabularDA/sdv trained model/corrected_v2/adult/seed_43/adult_seed43_ctgan_full.pkl,,,0,0,,,False,False,True,True,True,True,,ce91a40cc75b18c25430a79f69b9e09b83aaa321e8c759666229aad06e130ee3
corrected_v2,adult,43,synthetic,ctgan,/home/thuy/Research/minh_data_synth/TabularDA/output/corrected_v2/adult/acc/adult_seed43_ctgan_full_generated_synthetic.run.json,/home/thuy/Research/minh_data_synth/TabularDA/sdv trained model/corrected_v2/adult/seed_43/adult_seed43_ctgan_full.pkl,,,0,0,,,False,False,True,True,True,True,,761e067826e7c8f170bae9b748ae3c8f339621fa086d49703476d83fb7be9ffd
corrected_v2,adult,43,mix,compare_pca_gmm,/home/thuy/Research/minh_data_synth/TabularDA/output/corrected_v2/adult/acc/adult_seed43_ctgan_full_pca_gmm_mix.run.json,/home/thuy/Research/minh_data_synth/TabularDA/sdv trained model/corrected_v2/adult/seed_43/adult_seed43_ctgan_full.pkl,/home/thuy/Research/minh_data_synth/TabularDA/data/corrected_v2/adult/seed_43/adult_seed43_ctgan_full_pca_gmm_100k.predictor.pkl,pca_categorical_indicators_as_numeric,0,101,,,False,False,True,True,True,True,True,495cb54bab664a9bd346cd92b92d56ff297f06c3ecf2446027948e2320fe887f
corrected_v2,adult,43,synthetic,compare_pca_gmm,/home/thuy/Research/minh_data_synth/TabularDA/output/corrected_v2/adult/acc/adult_seed43_ctgan_full_pca_gmm_synthetic.run.json,/home/thuy/Research/minh_data_synth/TabularDA/sdv trained model/corrected_v2/adult/seed_43/adult_seed43_ctgan_full.pkl,/home/thuy/Research/minh_data_synth/TabularDA/data/corrected_v2/adult/seed_43/adult_seed43_ctgan_full_pca_gmm_100k.predictor.pkl,pca_categorical_indicators_as_numeric,0,101,,,False,False,True,True,True,True,True,f8630721b232350c9114b1131a07934f23a425b4e2ffa8e1515c2c378b6eb9d6
corrected_v2,adult,43,mix,compare_rf,/home/thuy/Research/minh_data_synth/TabularDA/output/corrected_v2/adult/acc/adult_seed43_ctgan_full_rf_mix.run.json,/home/thuy/Research/minh_data_synth/TabularDA/sdv trained model/corrected_v2/adult/seed_43/adult_seed43_ctgan_full.pkl,/home/thuy/Research/minh_data_synth/TabularDA/data/corrected_v2/adult/seed_43/adult_seed43_ctgan_full_rf_100k.predictor.pkl,,0,0,,,False,False,True,True,True,True,True,97a62892eb02e748090dff456c12ab9135235ce4814dad22ccf50dbe36776ad5
corrected_v2,adult,43,synthetic,compare_rf,/home/thuy/Research/minh_data_synth/TabularDA/output/corrected_v2/adult/acc/adult_seed43_ctgan_full_rf_synthetic.run.json,/home/thuy/Research/minh_data_synth/TabularDA/sdv trained model/corrected_v2/adult/seed_43/adult_seed43_ctgan_full.pkl,/home/thuy/Research/minh_data_synth/TabularDA/data/corrected_v2/adult/seed_43/adult_seed43_ctgan_full_rf_100k.predictor.pkl,,0,0,,,False,False,True,True,True,True,True,b72c1bb9a4a3121669e9909ab7ce35a3ca30c79440345365ea9498f3bc02fd44
corrected_v2,adult,43,mix,compare_xgb,/home/thuy/Research/minh_data_synth/TabularDA/output/corrected_v2/adult/acc/adult_seed43_ctgan_full_xgb_mix.run.json,/home/thuy/Research/minh_data_synth/TabularDA/sdv trained model/corrected_v2/adult/seed_43/adult_seed43_ctgan_full.pkl,/home/thuy/Research/minh_data_synth/TabularDA/data/corrected_v2/adult/seed_43/adult_seed43_ctgan_full_xgb_100k.predictor.pkl,,0,0,,,False,False,True,True,True,True,True,39201b7adeaa373251abe8c7c00f3061d810b047624de74b5b0763408165cbb2
corrected_v2,adult,43,synthetic,compare_xgb,/home/thuy/Research/minh_data_synth/TabularDA/output/corrected_v2/adult/acc/adult_seed43_ctgan_full_xgb_synthetic.run.json,/home/thuy/Research/minh_data_synth/TabularDA/sdv trained model/corrected_v2/adult/seed_43/adult_seed43_ctgan_full.pkl,/home/thuy/Research/minh_data_synth/TabularDA/data/corrected_v2/adult/seed_43/adult_seed43_ctgan_full_xgb_100k.predictor.pkl,,0,0,,,False,False,True,True,True,True,True,54e4abdce44aa535835726b6c2f30cb0acdfbfd7248ac89d0b812bb74ac5ffb5
corrected_v2,adult,43,mix,categorical,/home/thuy/Research/minh_data_synth/TabularDA/output/corrected_v2/adult/acc/adult_seed43_ctgan_xonly_categorical_mix.run.json,/home/thuy/Research/minh_data_synth/TabularDA/sdv trained model/corrected_v2/adult/seed_43/adult_seed43_ctgan_xonly.pkl,/home/thuy/Research/minh_data_synth/TabularDA/data/corrected_v2/adult/seed_43/adult_seed43_ctgan_xonly_categorical_100k.predictor.pkl,categorical_nb_erased_binary_features,80,0,,,False,False,True,True,True,True,True,4cb5d89c96819bdabb9f657b793175cd1be2ebccf969f1cf8cc33637d2e202fe
corrected_v2,adult,43,synthetic,categorical,/home/thuy/Research/minh_data_synth/TabularDA/output/corrected_v2/adult/acc/adult_seed43_ctgan_xonly_categorical_synthetic.run.json,/home/thuy/Research/minh_data_synth/TabularDA/sdv trained model/corrected_v2/adult/seed_43/adult_seed43_ctgan_xonly.pkl,/home/thuy/Research/minh_data_synth/TabularDA/data/corrected_v2/adult/seed_43/adult_seed43_ctgan_xonly_categorical_100k.predictor.pkl,categorical_nb_erased_binary_features,80,0,,,False,False,True,True,True,True,True,8ca6f9c4828ab29b0c4a6cd9a2a9ed80d5721795eadd633099183f7602f7cf59
corrected_v2,adult,43,mix,dnn,/home/thuy/Research/minh_data_synth/TabularDA/output/corrected_v2/adult/acc/adult_seed43_ctgan_xonly_dnn_mix.run.json,/home/thuy/Research/minh_data_synth/TabularDA/sdv trained model/corrected_v2/adult/seed_43/adult_seed43_ctgan_xonly.pkl,/home/thuy/Research/minh_data_synth/TabularDA/data/corrected_v2/adult/seed_43/adult_seed43_ctgan_xonly_dnn_100k.predictor.pt,,0,0,,,False,False,True,True,True,True,True,e12e0be18b9eb843c86a4f450cb64baaee5c7a4c00263e3df747cc03133a3f4e
corrected_v2,adult,43,synthetic,dnn,/home/thuy/Research/minh_data_synth/TabularDA/output/corrected_v2/adult/acc/adult_seed43_ctgan_xonly_dnn_synthetic.run.json,/home/thuy/Research/minh_data_synth/TabularDA/sdv trained model/corrected_v2/adult/seed_43/adult_seed43_ctgan_xonly.pkl,/home/thuy/Research/minh_data_synth/TabularDA/data/corrected_v2/adult/seed_43/adult_seed43_ctgan_xonly_dnn_100k.predictor.pt,,0,0,,,False,False,True,True,True,True,True,360b50a3acb027203d1e1102cb6aa0c229f96eb15baca16a9d709d57e86fa3ea
corrected_v2,adult,43,mix,gaussian,/home/thuy/Research/minh_data_synth/TabularDA/output/corrected_v2/adult/acc/adult_seed43_ctgan_xonly_gaussian_mix.run.json,/home/thuy/Research/minh_data_synth/TabularDA/sdv trained model/corrected_v2/adult/seed_43/adult_seed43_ctgan_xonly.pkl,/home/thuy/Research/minh_data_synth/TabularDA/data/corrected_v2/adult/seed_43/adult_seed43_ctgan_xonly_gaussian_100k.predictor.pkl,,0,0,,,False,False,True,True,True,True,True,f09b2868da5f7cceb6a942714c400446688c266b66403a0ca9daa1f6beafd395
corrected_v2,adult,43,synthetic,gaussian,/home/thuy/Research/minh_data_synth/TabularDA/output/corrected_v2/adult/acc/adult_seed43_ctgan_xonly_gaussian_synthetic.run.json,/home/thuy/Research/minh_data_synth/TabularDA/sdv trained model/corrected_v2/adult/seed_43/adult_seed43_ctgan_xonly.pkl,/home/thuy/Research/minh_data_synth/TabularDA/data/corrected_v2/adult/seed_43/adult_seed43_ctgan_xonly_gaussian_100k.predictor.pkl,,0,0,,,False,False,True,True,True,True,True,f7977353a0ef529f198d304aace95f61ea614fad8321b7f115d9c217085ed810
corrected_v2,adult,43,mix,pca_gmm,/home/thuy/Research/minh_data_synth/TabularDA/output/corrected_v2/adult/acc/adult_seed43_ctgan_xonly_pca_gmm_mix.run.json,/home/thuy/Research/minh_data_synth/TabularDA/sdv trained model/corrected_v2/adult/seed_43/adult_seed43_ctgan_xonly.pkl,/home/thuy/Research/minh_data_synth/TabularDA/data/corrected_v2/adult/seed_43/adult_seed43_ctgan_xonly_pca_gmm_100k.predictor.pkl,,0,0,,,False,False,True,True,True,True,True,d7398b2bc646af91435deef97732d59f928f62f9bd2a06d59bb2701e4bdc6494
corrected_v2,adult,43,synthetic,pca_gmm,/home/thuy/Research/minh_data_synth/TabularDA/output/corrected_v2/adult/acc/adult_seed43_ctgan_xonly_pca_gmm_synthetic.run.json,/home/thuy/Research/minh_data_synth/TabularDA/sdv trained model/corrected_v2/adult/seed_43/adult_seed43_ctgan_xonly.pkl,/home/thuy/Research/minh_data_synth/TabularDA/data/corrected_v2/adult/seed_43/adult_seed43_ctgan_xonly_pca_gmm_100k.predictor.pkl,,0,0,,,False,False,True,True,True,True,True,6861666eef66f5cefa25cb76492523af371c208b2baef954f10d79920a655860
corrected_v2,adult,43,mix,rf,/home/thuy/Research/minh_data_synth/TabularDA/output/corrected_v2/adult/acc/adult_seed43_ctgan_xonly_rf_mix.run.json,/home/thuy/Research/minh_data_synth/TabularDA/sdv trained model/corrected_v2/adult/seed_43/adult_seed43_ctgan_xonly.pkl,/home/thuy/Research/minh_data_synth/TabularDA/data/corrected_v2/adult/seed_43/adult_seed43_ctgan_xonly_rf_100k.predictor.pkl,,0,0,,,False,False,True,True,True,True,True,a9ecccd95dc2682a9684538b0f0a5f17f9624b4c4da7a05c60aa967c236a4c6b
corrected_v2,adult,43,synthetic,rf,/home/thuy/Research/minh_data_synth/TabularDA/output/corrected_v2/adult/acc/adult_seed43_ctgan_xonly_rf_synthetic.run.json,/home/thuy/Research/minh_data_synth/TabularDA/sdv trained model/corrected_v2/adult/seed_43/adult_seed43_ctgan_xonly.pkl,/home/thuy/Research/minh_data_synth/TabularDA/data/corrected_v2/adult/seed_43/adult_seed43_ctgan_xonly_rf_100k.predictor.pkl,,0,0,,,False,False,True,True,True,True,True,eec089232b2741b3ee559da26d9dc12551487e9b4e4ee5b7062b8a7b8dd9dee3
corrected_v2,adult,43,mix,xgb,/home/thuy/Research/minh_data_synth/TabularDA/output/corrected_v2/adult/acc/adult_seed43_ctgan_xonly_xgb_mix.run.json,/home/thuy/Research/minh_data_synth/TabularDA/sdv trained model/corrected_v2/adult/seed_43/adult_seed43_ctgan_xonly.pkl,/home/thuy/Research/minh_data_synth/TabularDA/data/corrected_v2/adult/seed_43/adult_seed43_ctgan_xonly_xgb_100k.predictor.pkl,,0,0,,,False,False,True,True,True,True,True,571db1769276067cffb8d1ae5469f613b8acd610919a2c98872f5f3fcce20e79
corrected_v2,adult,43,synthetic,xgb,/home/thuy/Research/minh_data_synth/TabularDA/output/corrected_v2/adult/acc/adult_seed43_ctgan_xonly_xgb_synthetic.run.json,/home/thuy/Research/minh_data_synth/TabularDA/sdv trained model/corrected_v2/adult/seed_43/adult_seed43_ctgan_xonly.pkl,/home/thuy/Research/minh_data_synth/TabularDA/data/corrected_v2/adult/seed_43/adult_seed43_ctgan_xonly_xgb_100k.predictor.pkl,,0,0,,,False,False,True,True,True,True,True,8faad7d3657537c3ff1d6cbde8355333bab749a8f5822abf2c393d687df760a5
corrected_v2,adult,43,original,,/home/thuy/Research/minh_data_synth/TabularDA/output/corrected_v2/adult/acc/adult_seed43_real_original.run.json,,,,0,0,,,False,False,False,True,True,True,,513eb8b4545748b3f123d6a682b6835882c0179f908541e08ead8678eeedf25f
corrected_v2,adult,43,mix,tvae_compare_categorical,/home/thuy/Research/minh_data_synth/TabularDA/output/corrected_v2/adult/acc/adult_seed43_tvae_full_categorical_mix.run.json,/home/thuy/Research/minh_data_synth/TabularDA/sdv trained model/corrected_v2/adult/seed_43/adult_seed43_tvae_full.pkl,/home/thuy/Research/minh_data_synth/TabularDA/data/corrected_v2/adult/seed_43/adult_seed43_tvae_full_categorical_100k.predictor.pkl,categorical_nb_erased_binary_features,80,0,,,False,False,False,True,True,True,True,c8757be59a56417e26a07ec5dab435c84d113f0d9b0807d9226b5a3eaf362623
corrected_v2,adult,43,synthetic,tvae_compare_categorical,/home/thuy/Research/minh_data_synth/TabularDA/output/corrected_v2/adult/acc/adult_seed43_tvae_full_categorical_synthetic.run.json,/home/thuy/Research/minh_data_synth/TabularDA/sdv trained model/corrected_v2/adult/seed_43/adult_seed43_tvae_full.pkl,/home/thuy/Research/minh_data_synth/TabularDA/data/corrected_v2/adult/seed_43/adult_seed43_tvae_full_categorical_100k.predictor.pkl,categorical_nb_erased_binary_features,80,0,,,False,False,False,True,True,True,True,e03e23bb5eccc025535f26a96973d0072fd333246b101d8e8364c9239792583d
corrected_v2,adult,43,mix,tvae_compare_dnn,/home/thuy/Research/minh_data_synth/TabularDA/output/corrected_v2/adult/acc/adult_seed43_tvae_full_dnn_mix.run.json,/home/thuy/Research/minh_data_synth/TabularDA/sdv trained model/corrected_v2/adult/seed_43/adult_seed43_tvae_full.pkl,/home/thuy/Research/minh_data_synth/TabularDA/data/corrected_v2/adult/seed_43/adult_seed43_tvae_full_dnn_100k.predictor.pt,,0,0,,,False,False,False,True,True,True,True,18cbe32c65420a6d0b2c29c18eade438dd0a3d98b458e218ca69b9832380f95a
corrected_v2,adult,43,synthetic,tvae_compare_dnn,/home/thuy/Research/minh_data_synth/TabularDA/output/corrected_v2/adult/acc/adult_seed43_tvae_full_dnn_synthetic.run.json,/home/thuy/Research/minh_data_synth/TabularDA/sdv trained model/corrected_v2/adult/seed_43/adult_seed43_tvae_full.pkl,/home/thuy/Research/minh_data_synth/TabularDA/data/corrected_v2/adult/seed_43/adult_seed43_tvae_full_dnn_100k.predictor.pt,,0,0,,,False,False,False,True,True,True,True,af94843b9ee8c66936fd9bb4b9a8c65c80f95e8a34d649af7147b0a21b247e77
corrected_v2,adult,43,mix,tvae_compare_gaussian,/home/thuy/Research/minh_data_synth/TabularDA/output/corrected_v2/adult/acc/adult_seed43_tvae_full_gaussian_mix.run.json,/home/thuy/Research/minh_data_synth/TabularDA/sdv trained model/corrected_v2/adult/seed_43/adult_seed43_tvae_full.pkl,/home/thuy/Research/minh_data_synth/TabularDA/data/corrected_v2/adult/seed_43/adult_seed43_tvae_full_gaussian_100k.predictor.pkl,,0,0,,,False,False,False,True,True,True,True,946eb03c00759fa1b90c0da36dc35c69355fa3d796e7ec823798062b37c43d41
corrected_v2,adult,43,synthetic,tvae_compare_gaussian,/home/thuy/Research/minh_data_synth/TabularDA/output/corrected_v2/adult/acc/adult_seed43_tvae_full_gaussian_synthetic.run.json,/home/thuy/Research/minh_data_synth/TabularDA/sdv trained model/corrected_v2/adult/seed_43/adult_seed43_tvae_full.pkl,/home/thuy/Research/minh_data_synth/TabularDA/data/corrected_v2/adult/seed_43/adult_seed43_tvae_full_gaussian_100k.predictor.pkl,,0,0,,,False,False,False,True,True,True,True,4cd6fa91918dd485da6ac3b9bb153858efa90b2af569ca37ff5c5d5046ba32d8
corrected_v2,adult,43,mix,tvae,/home/thuy/Research/minh_data_synth/TabularDA/output/corrected_v2/adult/acc/adult_seed43_tvae_full_generated_mix.run.json,/home/thuy/Research/minh_data_synth/TabularDA/sdv trained model/corrected_v2/adult/seed_43/adult_seed43_tvae_full.pkl,,,0,0,,,False,False,False,True,True,True,,b45b2a6e24864057d9109473e704c1279e9fcc2948d53a35f0c38cd22d971fea
corrected_v2,adult,43,synthetic,tvae,/home/thuy/Research/minh_data_synth/TabularDA/output/corrected_v2/adult/acc/adult_seed43_tvae_full_generated_synthetic.run.json,/home/thuy/Research/minh_data_synth/TabularDA/sdv trained model/corrected_v2/adult/seed_43/adult_seed43_tvae_full.pkl,,,0,0,,,False,False,False,True,True,True,,9f239f21631e855c658eebb446f206ca73a07242063657892bdedb210e1fd87a
corrected_v2,adult,43,mix,tvae_compare_pca_gmm,/home/thuy/Research/minh_data_synth/TabularDA/output/corrected_v2/adult/acc/adult_seed43_tvae_full_pca_gmm_mix.run.json,/home/thuy/Research/minh_data_synth/TabularDA/sdv trained model/corrected_v2/adult/seed_43/adult_seed43_tvae_full.pkl,/home/thuy/Research/minh_data_synth/TabularDA/data/corrected_v2/adult/seed_43/adult_seed43_tvae_full_pca_gmm_100k.predictor.pkl,pca_categorical_indicators_as_numeric,0,101,,,False,False,False,True,True,True,True,9cc889dc9b18da4d8ed9d57a3e8f271c7ddad8d6249f033f8f4ffad724abfb58
corrected_v2,adult,43,synthetic,tvae_compare_pca_gmm,/home/thuy/Research/minh_data_synth/TabularDA/output/corrected_v2/adult/acc/adult_seed43_tvae_full_pca_gmm_synthetic.run.json,/home/thuy/Research/minh_data_synth/TabularDA/sdv trained model/corrected_v2/adult/seed_43/adult_seed43_tvae_full.pkl,/home/thuy/Research/minh_data_synth/TabularDA/data/corrected_v2/adult/seed_43/adult_seed43_tvae_full_pca_gmm_100k.predictor.pkl,pca_categorical_indicators_as_numeric,0,101,,,False,False,False,True,True,True,True,074b9c78c4917918832549fb7d1ce7770a67711ec4804cd771de8592aad79110
corrected_v2,adult,43,mix,tvae_compare_rf,/home/thuy/Research/minh_data_synth/TabularDA/output/corrected_v2/adult/acc/adult_seed43_tvae_full_rf_mix.run.json,/home/thuy/Research/minh_data_synth/TabularDA/sdv trained model/corrected_v2/adult/seed_43/adult_seed43_tvae_full.pkl,/home/thuy/Research/minh_data_synth/TabularDA/data/corrected_v2/adult/seed_43/adult_seed43_tvae_full_rf_100k.predictor.pkl,,0,0,,,False,False,False,True,True,True,True,61aa1303bd06879a7f29dd83c98b232b04e819df42cdc5dda89a028cd4d4e070
corrected_v2,adult,43,synthetic,tvae_compare_rf,/home/thuy/Research/minh_data_synth/TabularDA/output/corrected_v2/adult/acc/adult_seed43_tvae_full_rf_synthetic.run.json,/home/thuy/Research/minh_data_synth/TabularDA/sdv trained model/corrected_v2/adult/seed_43/adult_seed43_tvae_full.pkl,/home/thuy/Research/minh_data_synth/TabularDA/data/corrected_v2/adult/seed_43/adult_seed43_tvae_full_rf_100k.predictor.pkl,,0,0,,,False,False,False,True,True,True,True,d14b845a8fde726d7e0b361405b230374504f29abd01ae85e1c98867dd35d1b8
corrected_v2,adult,43,mix,tvae_compare_xgb,/home/thuy/Research/minh_data_synth/TabularDA/output/corrected_v2/adult/acc/adult_seed43_tvae_full_xgb_mix.run.json,/home/thuy/Research/minh_data_synth/TabularDA/sdv trained model/corrected_v2/adult/seed_43/adult_seed43_tvae_full.pkl,/home/thuy/Research/minh_data_synth/TabularDA/data/corrected_v2/adult/seed_43/adult_seed43_tvae_full_xgb_100k.predictor.pkl,,0,0,,,False,False,False,True,True,True,True,338178ecb14ed8136fffb1097d3f68e7c24dd3ae00fb2dcceab31a6c7ed4e1b3
corrected_v2,adult,43,synthetic,tvae_compare_xgb,/home/thuy/Research/minh_data_synth/TabularDA/output/corrected_v2/adult/acc/adult_seed43_tvae_full_xgb_synthetic.run.json,/home/thuy/Research/minh_data_synth/TabularDA/sdv trained model/corrected_v2/adult/seed_43/adult_seed43_tvae_full.pkl,/home/thuy/Research/minh_data_synth/TabularDA/data/corrected_v2/adult/seed_43/adult_seed43_tvae_full_xgb_100k.predictor.pkl,,0,0,,,False,False,False,True,True,True,True,9285d4168654d753638aebe67578b152d2c064e2067aacf056d47db0b132f455
corrected_v2,adult,43,mix,tvae_categorical,/home/thuy/Research/minh_data_synth/TabularDA/output/corrected_v2/adult/acc/adult_seed43_tvae_xonly_categorical_mix.run.json,/home/thuy/Research/minh_data_synth/TabularDA/sdv trained model/corrected_v2/adult/seed_43/adult_seed43_tvae_xonly.pkl,/home/thuy/Research/minh_data_synth/TabularDA/data/corrected_v2/adult/seed_43/adult_seed43_tvae_xonly_categorical_100k.predictor.pkl,categorical_nb_erased_binary_features,80,0,,,False,False,False,True,True,True,True,59704225033d12541c579123790db70de2ab70940d01eea4a234550ae33c8657
corrected_v2,adult,43,synthetic,tvae_categorical,/home/thuy/Research/minh_data_synth/TabularDA/output/corrected_v2/adult/acc/adult_seed43_tvae_xonly_categorical_synthetic.run.json,/home/thuy/Research/minh_data_synth/TabularDA/sdv trained model/corrected_v2/adult/seed_43/adult_seed43_tvae_xonly.pkl,/home/thuy/Research/minh_data_synth/TabularDA/data/corrected_v2/adult/seed_43/adult_seed43_tvae_xonly_categorical_100k.predictor.pkl,categorical_nb_erased_binary_features,80,0,,,False,False,False,True,True,True,True,7d695133fe238be2e60a07856e10ae475daa5cfef0e1951e589654c43b711a04
corrected_v2,adult,43,mix,tvae_dnn,/home/thuy/Research/minh_data_synth/TabularDA/output/corrected_v2/adult/acc/adult_seed43_tvae_xonly_dnn_mix.run.json,/home/thuy/Research/minh_data_synth/TabularDA/sdv trained model/corrected_v2/adult/seed_43/adult_seed43_tvae_xonly.pkl,/home/thuy/Research/minh_data_synth/TabularDA/data/corrected_v2/adult/seed_43/adult_seed43_tvae_xonly_dnn_100k.predictor.pt,,0,0,,,False,False,False,True,True,True,True,f7ed4945b066cfe3fcad83956b797215210765b41dc1561220ff2183a4bbbd38
corrected_v2,adult,43,synthetic,tvae_dnn,/home/thuy/Research/minh_data_synth/TabularDA/output/corrected_v2/adult/acc/adult_seed43_tvae_xonly_dnn_synthetic.run.json,/home/thuy/Research/minh_data_synth/TabularDA/sdv trained model/corrected_v2/adult/seed_43/adult_seed43_tvae_xonly.pkl,/home/thuy/Research/minh_data_synth/TabularDA/data/corrected_v2/adult/seed_43/adult_seed43_tvae_xonly_dnn_100k.predictor.pt,,0,0,,,False,False,False,True,True,True,True,66bfc795b259a1b8147b5559a3a1e20d466559e2c632797bbd3b207596a9bd25
corrected_v2,adult,43,mix,tvae_gaussian,/home/thuy/Research/minh_data_synth/TabularDA/output/corrected_v2/adult/acc/adult_seed43_tvae_xonly_gaussian_mix.run.json,/home/thuy/Research/minh_data_synth/TabularDA/sdv trained model/corrected_v2/adult/seed_43/adult_seed43_tvae_xonly.pkl,/home/thuy/Research/minh_data_synth/TabularDA/data/corrected_v2/adult/seed_43/adult_seed43_tvae_xonly_gaussian_100k.predictor.pkl,,0,0,,,False,False,False,True,True,True,True,3a4ba83a2662c39975875c8948549d38764b5f74e73ac52827d638b410fbb47c
corrected_v2,adult,43,synthetic,tvae_gaussian,/home/thuy/Research/minh_data_synth/TabularDA/output/corrected_v2/adult/acc/adult_seed43_tvae_xonly_gaussian_synthetic.run.json,/home/thuy/Research/minh_data_synth/TabularDA/sdv trained model/corrected_v2/adult/seed_43/adult_seed43_tvae_xonly.pkl,/home/thuy/Research/minh_data_synth/TabularDA/data/corrected_v2/adult/seed_43/adult_seed43_tvae_xonly_gaussian_100k.predictor.pkl,,0,0,,,False,False,False,True,True,True,True,0debf623cc605ef50772e1175f72d6fde7f558550cf8df0308bc5ff95c4ac2cf
corrected_v2,adult,43,mix,tvae_pca_gmm,/home/thuy/Research/minh_data_synth/TabularDA/output/corrected_v2/adult/acc/adult_seed43_tvae_xonly_pca_gmm_mix.run.json,/home/thuy/Research/minh_data_synth/TabularDA/sdv trained model/corrected_v2/adult/seed_43/adult_seed43_tvae_xonly.pkl,/home/thuy/Research/minh_data_synth/TabularDA/data/corrected_v2/adult/seed_43/adult_seed43_tvae_xonly_pca_gmm_100k.predictor.pkl,,0,0,,,False,False,False,True,True,True,True,c23996ae179e2f96abe4d49cac939987e916581f1f22a9fa25b20365280b607a
corrected_v2,adult,43,synthetic,tvae_pca_gmm,/home/thuy/Research/minh_data_synth/TabularDA/output/corrected_v2/adult/acc/adult_seed43_tvae_xonly_pca_gmm_synthetic.run.json,/home/thuy/Research/minh_data_synth/TabularDA/sdv trained model/corrected_v2/adult/seed_43/adult_seed43_tvae_xonly.pkl,/home/thuy/Research/minh_data_synth/TabularDA/data/corrected_v2/adult/seed_43/adult_seed43_tvae_xonly_pca_gmm_100k.predictor.pkl,,0,0,,,False,False,False,True,True,True,True,17c2289a48573d6411d5e27545e6b2ec5b2d3c1922b751f02f45a7a56a449aee
corrected_v2,adult,43,mix,tvae_rf,/home/thuy/Research/minh_data_synth/TabularDA/output/corrected_v2/adult/acc/adult_seed43_tvae_xonly_rf_mix.run.json,/home/thuy/Research/minh_data_synth/TabularDA/sdv trained model/corrected_v2/adult/seed_43/adult_seed43_tvae_xonly.pkl,/home/thuy/Research/minh_data_synth/TabularDA/data/corrected_v2/adult/seed_43/adult_seed43_tvae_xonly_rf_100k.predictor.pkl,,0,0,,,False,False,False,True,True,True,True,4b0667ac68f34c654a6b09bfdea47edaee95e6bd82cd74645acdab04a0fba2ca
corrected_v2,adult,43,synthetic,tvae_rf,/home/thuy/Research/minh_data_synth/TabularDA/output/corrected_v2/adult/acc/adult_seed43_tvae_xonly_rf_synthetic.run.json,/home/thuy/Research/minh_data_synth/TabularDA/sdv trained model/corrected_v2/adult/seed_43/adult_seed43_tvae_xonly.pkl,/home/thuy/Research/minh_data_synth/TabularDA/data/corrected_v2/adult/seed_43/adult_seed43_tvae_xonly_rf_100k.predictor.pkl,,0,0,,,False,False,False,True,True,True,True,aa85ccd55e7a22b34888686a0bf055e686069d629f1a5bb96b02feaa19bb4b61
corrected_v2,adult,43,mix,tvae_xgb,/home/thuy/Research/minh_data_synth/TabularDA/output/corrected_v2/adult/acc/adult_seed43_tvae_xonly_xgb_mix.run.json,/home/thuy/Research/minh_data_synth/TabularDA/sdv trained model/corrected_v2/adult/seed_43/adult_seed43_tvae_xonly.pkl,/home/thuy/Research/minh_data_synth/TabularDA/data/corrected_v2/adult/seed_43/adult_seed43_tvae_xonly_xgb_100k.predictor.pkl,,0,0,,,False,False,False,True,True,True,True,c0630c9edbc47f86898fa4fd997c865cc50444234722c92dcc14910be3a59e4e
corrected_v2,adult,43,synthetic,tvae_xgb,/home/thuy/Research/minh_data_synth/TabularDA/output/corrected_v2/adult/acc/adult_seed43_tvae_xonly_xgb_synthetic.run.json,/home/thuy/Research/minh_data_synth/TabularDA/sdv trained model/corrected_v2/adult/seed_43/adult_seed43_tvae_xonly.pkl,/home/thuy/Research/minh_data_synth/TabularDA/data/corrected_v2/adult/seed_43/adult_seed43_tvae_xonly_xgb_100k.predictor.pkl,,0,0,,,False,False,False,True,True,True,True,5da1d9fd32f124b1e317b06b5591c4642ff88f9bfc07101f09814307e6eb2dbf
corrected_v2,census_kdd,42,mix,compare_categorical,/home/thuy/Research/minh_data_synth/TabularDA/output/corrected_v2/census_kdd/acc/census_kdd_seed42_ctgan_full_categorical_mix.run.json,/home/thuy/Research/minh_data_synth/TabularDA/sdv trained model/corrected_v2/census_kdd/seed_42/census_kdd_seed42_ctgan_full.pkl,/home/thuy/Research/minh_data_synth/TabularDA/data/corrected_v2/census_kdd/seed_42/census_kdd_seed42_ctgan_full_categorical_100k.predictor.pkl,,0,0,,,False,False,True,True,True,True,True,60fc653fcdbe72feca2445856efab28a55cab99d1241daeeeaf458fbeb21568d
corrected_v2,census_kdd,42,synthetic,compare_categorical,/home/thuy/Research/minh_data_synth/TabularDA/output/corrected_v2/census_kdd/acc/census_kdd_seed42_ctgan_full_categorical_synthetic.run.json,/home/thuy/Research/minh_data_synth/TabularDA/sdv trained model/corrected_v2/census_kdd/seed_42/census_kdd_seed42_ctgan_full.pkl,/home/thuy/Research/minh_data_synth/TabularDA/data/corrected_v2/census_kdd/seed_42/census_kdd_seed42_ctgan_full_categorical_100k.predictor.pkl,,0,0,,,False,False,True,True,True,True,True,5b878c6001989b0575f96b1661f0dacc87aa3e30a39471e235e08b3e40d9fbc1
corrected_v2,census_kdd,42,mix,compare_dnn,/home/thuy/Research/minh_data_synth/TabularDA/output/corrected_v2/census_kdd/acc/census_kdd_seed42_ctgan_full_dnn_mix.run.json,/home/thuy/Research/minh_data_synth/TabularDA/sdv trained model/corrected_v2/census_kdd/seed_42/census_kdd_seed42_ctgan_full.pkl,/home/thuy/Research/minh_data_synth/TabularDA/data/corrected_v2/census_kdd/seed_42/census_kdd_seed42_ctgan_full_dnn_100k.predictor.pt,,0,0,,,False,False,True,True,True,True,True,02ca668df0ed2187c6c6a4e52fb0d62ca3075a9cd27fb1225eadceecf6bfe0bc
corrected_v2,census_kdd,42,synthetic,compare_dnn,/home/thuy/Research/minh_data_synth/TabularDA/output/corrected_v2/census_kdd/acc/census_kdd_seed42_ctgan_full_dnn_synthetic.run.json,/home/thuy/Research/minh_data_synth/TabularDA/sdv trained model/corrected_v2/census_kdd/seed_42/census_kdd_seed42_ctgan_full.pkl,/home/thuy/Research/minh_data_synth/TabularDA/data/corrected_v2/census_kdd/seed_42/census_kdd_seed42_ctgan_full_dnn_100k.predictor.pt,,0,0,,,False,True,True,True,True,True,True,bfaddb634e6959a3348259e796c466dee007e2163b88eba85eeabd4117e55aa4
corrected_v2,census_kdd,42,mix,compare_gaussian,/home/thuy/Research/minh_data_synth/TabularDA/output/corrected_v2/census_kdd/acc/census_kdd_seed42_ctgan_full_gaussian_mix.run.json,/home/thuy/Research/minh_data_synth/TabularDA/sdv trained model/corrected_v2/census_kdd/seed_42/census_kdd_seed42_ctgan_full.pkl,/home/thuy/Research/minh_data_synth/TabularDA/data/corrected_v2/census_kdd/seed_42/census_kdd_seed42_ctgan_full_gaussian_100k.predictor.pkl,,0,0,,,False,False,True,True,True,True,True,9207a472ebcd1b27029115a41b53b92bf812fe4a42e938905a96746c766209f4
corrected_v2,census_kdd,42,synthetic,compare_gaussian,/home/thuy/Research/minh_data_synth/TabularDA/output/corrected_v2/census_kdd/acc/census_kdd_seed42_ctgan_full_gaussian_synthetic.run.json,/home/thuy/Research/minh_data_synth/TabularDA/sdv trained model/corrected_v2/census_kdd/seed_42/census_kdd_seed42_ctgan_full.pkl,/home/thuy/Research/minh_data_synth/TabularDA/data/corrected_v2/census_kdd/seed_42/census_kdd_seed42_ctgan_full_gaussian_100k.predictor.pkl,,0,0,,,False,False,True,True,True,True,True,75e84a4dd2079d04a73fe5c178cdda84bab716c9e45d4bf6699711ba65595016
corrected_v2,census_kdd,42,mix,ctgan,/home/thuy/Research/minh_data_synth/TabularDA/output/corrected_v2/census_kdd/acc/census_kdd_seed42_ctgan_full_generated_mix.run.json,/home/thuy/Research/minh_data_synth/TabularDA/sdv trained model/corrected_v2/census_kdd/seed_42/census_kdd_seed42_ctgan_full.pkl,,,0,0,,,False,False,True,True,True,True,,7c0c8f9acd43cf33bedffdcd7665b479dbc95fb231efb9f1b8c21e1c1b01aea2
corrected_v2,census_kdd,42,synthetic,ctgan,/home/thuy/Research/minh_data_synth/TabularDA/output/corrected_v2/census_kdd/acc/census_kdd_seed42_ctgan_full_generated_synthetic.run.json,/home/thuy/Research/minh_data_synth/TabularDA/sdv trained model/corrected_v2/census_kdd/seed_42/census_kdd_seed42_ctgan_full.pkl,,,0,0,,,False,False,True,True,True,True,,5a161a773826aed11dd0930fb7a68bbec3cba46795050fc238caeebb3c326f96
corrected_v2,census_kdd,42,mix,compare_pca_gmm,/home/thuy/Research/minh_data_synth/TabularDA/output/corrected_v2/census_kdd/acc/census_kdd_seed42_ctgan_full_pca_gmm_mix.run.json,/home/thuy/Research/minh_data_synth/TabularDA/sdv trained model/corrected_v2/census_kdd/seed_42/census_kdd_seed42_ctgan_full.pkl,/home/thuy/Research/minh_data_synth/TabularDA/data/corrected_v2/census_kdd/seed_42/census_kdd_seed42_ctgan_full_pca_gmm_100k.predictor.pkl,,0,0,,,False,False,True,True,True,True,True,681820a2e8759959d72d9c9c566246b56b466cafd53d55747b8be91d68906de6
corrected_v2,census_kdd,42,synthetic,compare_pca_gmm,/home/thuy/Research/minh_data_synth/TabularDA/output/corrected_v2/census_kdd/acc/census_kdd_seed42_ctgan_full_pca_gmm_synthetic.run.json,/home/thuy/Research/minh_data_synth/TabularDA/sdv trained model/corrected_v2/census_kdd/seed_42/census_kdd_seed42_ctgan_full.pkl,/home/thuy/Research/minh_data_synth/TabularDA/data/corrected_v2/census_kdd/seed_42/census_kdd_seed42_ctgan_full_pca_gmm_100k.predictor.pkl,,0,0,,,False,False,True,True,True,True,True,63d66fd5385180a04e805b1de5ff4403f18fe531dddcf13b90a5de12e0657b79
corrected_v2,census_kdd,42,mix,compare_rf,/home/thuy/Research/minh_data_synth/TabularDA/output/corrected_v2/census_kdd/acc/census_kdd_seed42_ctgan_full_rf_mix.run.json,/home/thuy/Research/minh_data_synth/TabularDA/sdv trained model/corrected_v2/census_kdd/seed_42/census_kdd_seed42_ctgan_full.pkl,/home/thuy/Research/minh_data_synth/TabularDA/data/corrected_v2/census_kdd/seed_42/census_kdd_seed42_ctgan_full_rf_100k.predictor.pkl,,0,0,,,False,False,True,True,True,True,True,bf16253becb4a8bd305bb52f573666da61133ffd1d10918cdd6de5d7063a24d2
corrected_v2,census_kdd,42,synthetic,compare_rf,/home/thuy/Research/minh_data_synth/TabularDA/output/corrected_v2/census_kdd/acc/census_kdd_seed42_ctgan_full_rf_synthetic.run.json,/home/thuy/Research/minh_data_synth/TabularDA/sdv trained model/corrected_v2/census_kdd/seed_42/census_kdd_seed42_ctgan_full.pkl,/home/thuy/Research/minh_data_synth/TabularDA/data/corrected_v2/census_kdd/seed_42/census_kdd_seed42_ctgan_full_rf_100k.predictor.pkl,,0,0,,,False,True,True,True,True,True,True,3c18d7e1182cbc8c6fdaa7d94d9d52e47ee1d2fe613cf632711c80e6ec60b109
corrected_v2,census_kdd,42,mix,compare_xgb,/home/thuy/Research/minh_data_synth/TabularDA/output/corrected_v2/census_kdd/acc/census_kdd_seed42_ctgan_full_xgb_mix.run.json,/home/thuy/Research/minh_data_synth/TabularDA/sdv trained model/corrected_v2/census_kdd/seed_42/census_kdd_seed42_ctgan_full.pkl,/home/thuy/Research/minh_data_synth/TabularDA/data/corrected_v2/census_kdd/seed_42/census_kdd_seed42_ctgan_full_xgb_100k.predictor.pkl,,0,0,,,False,False,True,True,True,True,True,7e61fd63e1e6d01fa742bd5e795bf2b2d9686a2c7eb2f9b65ff4fb41c29dad47
corrected_v2,census_kdd,42,synthetic,compare_xgb,/home/thuy/Research/minh_data_synth/TabularDA/output/corrected_v2/census_kdd/acc/census_kdd_seed42_ctgan_full_xgb_synthetic.run.json,/home/thuy/Research/minh_data_synth/TabularDA/sdv trained model/corrected_v2/census_kdd/seed_42/census_kdd_seed42_ctgan_full.pkl,/home/thuy/Research/minh_data_synth/TabularDA/data/corrected_v2/census_kdd/seed_42/census_kdd_seed42_ctgan_full_xgb_100k.predictor.pkl,,0,0,,,False,True,True,True,True,True,True,a2c3334931c6efd78b4d24fe47a4e071ac980d6b30b75360136da5a5fcae4f38
corrected_v2,census_kdd,42,mix,categorical,/home/thuy/Research/minh_data_synth/TabularDA/output/corrected_v2/census_kdd/acc/census_kdd_seed42_ctgan_xonly_categorical_mix.run.json,/home/thuy/Research/minh_data_synth/TabularDA/sdv trained model/corrected_v2/census_kdd/seed_42/census_kdd_seed42_ctgan_xonly.pkl,/home/thuy/Research/minh_data_synth/TabularDA/data/corrected_v2/census_kdd/seed_42/census_kdd_seed42_ctgan_xonly_categorical_100k.predictor.pkl,categorical_nb_erased_binary_features,318,0,,,False,False,True,True,True,True,True,858f010d07c5924c1d2b9695a219bf2bc902a4f9573072ecdb0585e1c7aec345
corrected_v2,census_kdd,42,synthetic,categorical,/home/thuy/Research/minh_data_synth/TabularDA/output/corrected_v2/census_kdd/acc/census_kdd_seed42_ctgan_xonly_categorical_synthetic.run.json,/home/thuy/Research/minh_data_synth/TabularDA/sdv trained model/corrected_v2/census_kdd/seed_42/census_kdd_seed42_ctgan_xonly.pkl,/home/thuy/Research/minh_data_synth/TabularDA/data/corrected_v2/census_kdd/seed_42/census_kdd_seed42_ctgan_xonly_categorical_100k.predictor.pkl,categorical_nb_erased_binary_features,318,0,,,False,False,True,True,True,True,True,462ed6dbcacbe9a0c9299629d20cb92ae7a7bc1258cf4df94ca42ccdc10787a2
corrected_v2,census_kdd,42,mix,dnn,/home/thuy/Research/minh_data_synth/TabularDA/output/corrected_v2/census_kdd/acc/census_kdd_seed42_ctgan_xonly_dnn_mix.run.json,/home/thuy/Research/minh_data_synth/TabularDA/sdv trained model/corrected_v2/census_kdd/seed_42/census_kdd_seed42_ctgan_xonly.pkl,/home/thuy/Research/minh_data_synth/TabularDA/data/corrected_v2/census_kdd/seed_42/census_kdd_seed42_ctgan_xonly_dnn_100k.predictor.pt,,0,0,,,False,False,True,True,True,True,True,053ce085863a1f893353aacc6087484dd6e65b59e0b849f3d3cadcad7fa76aa8
corrected_v2,census_kdd,42,synthetic,dnn,/home/thuy/Research/minh_data_synth/TabularDA/output/corrected_v2/census_kdd/acc/census_kdd_seed42_ctgan_xonly_dnn_synthetic.run.json,/home/thuy/Research/minh_data_synth/TabularDA/sdv trained model/corrected_v2/census_kdd/seed_42/census_kdd_seed42_ctgan_xonly.pkl,/home/thuy/Research/minh_data_synth/TabularDA/data/corrected_v2/census_kdd/seed_42/census_kdd_seed42_ctgan_xonly_dnn_100k.predictor.pt,,0,0,,,False,False,True,True,True,True,True,c50740a68665dc0444444760ed32897003dd03925be8a446d6d9c68f8a91d880
corrected_v2,census_kdd,42,mix,gaussian,/home/thuy/Research/minh_data_synth/TabularDA/output/corrected_v2/census_kdd/acc/census_kdd_seed42_ctgan_xonly_gaussian_mix.run.json,/home/thuy/Research/minh_data_synth/TabularDA/sdv trained model/corrected_v2/census_kdd/seed_42/census_kdd_seed42_ctgan_xonly.pkl,/home/thuy/Research/minh_data_synth/TabularDA/data/corrected_v2/census_kdd/seed_42/census_kdd_seed42_ctgan_xonly_gaussian_100k.predictor.pkl,,0,0,,,False,False,True,True,True,True,True,1c5901eece8660538f7fc54b585cc1d8421ba425c6c599c02636497dc98dc1fe
corrected_v2,census_kdd,42,synthetic,gaussian,/home/thuy/Research/minh_data_synth/TabularDA/output/corrected_v2/census_kdd/acc/census_kdd_seed42_ctgan_xonly_gaussian_synthetic.run.json,/home/thuy/Research/minh_data_synth/TabularDA/sdv trained model/corrected_v2/census_kdd/seed_42/census_kdd_seed42_ctgan_xonly.pkl,/home/thuy/Research/minh_data_synth/TabularDA/data/corrected_v2/census_kdd/seed_42/census_kdd_seed42_ctgan_xonly_gaussian_100k.predictor.pkl,,0,0,,,False,False,True,True,True,True,True,f08e1d848a4820bfc5634212c0815dbe6bd893d6f9fd57b22a81792666802059
corrected_v2,census_kdd,42,mix,pca_gmm,/home/thuy/Research/minh_data_synth/TabularDA/output/corrected_v2/census_kdd/acc/census_kdd_seed42_ctgan_xonly_pca_gmm_mix.run.json,/home/thuy/Research/minh_data_synth/TabularDA/sdv trained model/corrected_v2/census_kdd/seed_42/census_kdd_seed42_ctgan_xonly.pkl,/home/thuy/Research/minh_data_synth/TabularDA/data/corrected_v2/census_kdd/seed_42/census_kdd_seed42_ctgan_xonly_pca_gmm_100k.predictor.pkl,,0,0,,,False,False,True,True,True,True,True,6e8228445bab171193c2532def3f37a40ff2448bb9f79d032982bbd96bd185df
corrected_v2,census_kdd,42,synthetic,pca_gmm,/home/thuy/Research/minh_data_synth/TabularDA/output/corrected_v2/census_kdd/acc/census_kdd_seed42_ctgan_xonly_pca_gmm_synthetic.run.json,/home/thuy/Research/minh_data_synth/TabularDA/sdv trained model/corrected_v2/census_kdd/seed_42/census_kdd_seed42_ctgan_xonly.pkl,/home/thuy/Research/minh_data_synth/TabularDA/data/corrected_v2/census_kdd/seed_42/census_kdd_seed42_ctgan_xonly_pca_gmm_100k.predictor.pkl,,0,0,,,False,False,True,True,True,True,True,d7f3a31081bfcb6beafd8c15ca8e755adf8a3bd263f029347d2fb6539036c3c6
corrected_v2,census_kdd,42,mix,rf,/home/thuy/Research/minh_data_synth/TabularDA/output/corrected_v2/census_kdd/acc/census_kdd_seed42_ctgan_xonly_rf_mix.run.json,/home/thuy/Research/minh_data_synth/TabularDA/sdv trained model/corrected_v2/census_kdd/seed_42/census_kdd_seed42_ctgan_xonly.pkl,/home/thuy/Research/minh_data_synth/TabularDA/data/corrected_v2/census_kdd/seed_42/census_kdd_seed42_ctgan_xonly_rf_100k.predictor.pkl,,0,0,,,False,False,True,True,True,True,True,fab31e18d2d7679f8af3b01a58b04a83eaf05d009d1cc3a6c599d34672a13bd1
corrected_v2,census_kdd,42,synthetic,rf,/home/thuy/Research/minh_data_synth/TabularDA/output/corrected_v2/census_kdd/acc/census_kdd_seed42_ctgan_xonly_rf_synthetic.run.json,/home/thuy/Research/minh_data_synth/TabularDA/sdv trained model/corrected_v2/census_kdd/seed_42/census_kdd_seed42_ctgan_xonly.pkl,/home/thuy/Research/minh_data_synth/TabularDA/data/corrected_v2/census_kdd/seed_42/census_kdd_seed42_ctgan_xonly_rf_100k.predictor.pkl,,0,0,,,False,True,True,True,True,True,True,8faea29874190ab1cbce6ebf9f4ae2913ea8d1785f09c6a8cf098d27dac31af4
corrected_v2,census_kdd,42,mix,xgb,/home/thuy/Research/minh_data_synth/TabularDA/output/corrected_v2/census_kdd/acc/census_kdd_seed42_ctgan_xonly_xgb_mix.run.json,/home/thuy/Research/minh_data_synth/TabularDA/sdv trained model/corrected_v2/census_kdd/seed_42/census_kdd_seed42_ctgan_xonly.pkl,/home/thuy/Research/minh_data_synth/TabularDA/data/corrected_v2/census_kdd/seed_42/census_kdd_seed42_ctgan_xonly_xgb_100k.predictor.pkl,,0,0,,,False,False,True,True,True,True,True,765e4579c31dc3c929fcfff6497fdb1408679592c65f77f744428735cdebb286
corrected_v2,census_kdd,42,synthetic,xgb,/home/thuy/Research/minh_data_synth/TabularDA/output/corrected_v2/census_kdd/acc/census_kdd_seed42_ctgan_xonly_xgb_synthetic.run.json,/home/thuy/Research/minh_data_synth/TabularDA/sdv trained model/corrected_v2/census_kdd/seed_42/census_kdd_seed42_ctgan_xonly.pkl,/home/thuy/Research/minh_data_synth/TabularDA/data/corrected_v2/census_kdd/seed_42/census_kdd_seed42_ctgan_xonly_xgb_100k.predictor.pkl,,0,0,,,False,True,True,True,True,True,True,d78c5c7dc52a1eff86e8855efb3299f642aa7ec84100456dadd47ef6506d9862
corrected_v2,census_kdd,42,original,,/home/thuy/Research/minh_data_synth/TabularDA/output/corrected_v2/census_kdd/acc/census_kdd_seed42_real_original.run.json,,,,0,0,,,False,False,False,True,True,True,,f385e4f1b60d11a50a2c80c0317cebbb2e73b24cd41401775bce948719311591
corrected_v2,census_kdd,42,mix,tvae_compare_categorical,/home/thuy/Research/minh_data_synth/TabularDA/output/corrected_v2/census_kdd/acc/census_kdd_seed42_tvae_full_categorical_mix.run.json,/home/thuy/Research/minh_data_synth/TabularDA/sdv trained model/corrected_v2/census_kdd/seed_42/census_kdd_seed42_tvae_full.pkl,/home/thuy/Research/minh_data_synth/TabularDA/data/corrected_v2/census_kdd/seed_42/census_kdd_seed42_tvae_full_categorical_100k.predictor.pkl,,0,0,,,False,False,False,True,True,True,True,ebda7403684613e654c77e29061f32757a56520aa7dbf08293899300ea867a6e
corrected_v2,census_kdd,42,synthetic,tvae_compare_categorical,/home/thuy/Research/minh_data_synth/TabularDA/output/corrected_v2/census_kdd/acc/census_kdd_seed42_tvae_full_categorical_synthetic.run.json,/home/thuy/Research/minh_data_synth/TabularDA/sdv trained model/corrected_v2/census_kdd/seed_42/census_kdd_seed42_tvae_full.pkl,/home/thuy/Research/minh_data_synth/TabularDA/data/corrected_v2/census_kdd/seed_42/census_kdd_seed42_tvae_full_categorical_100k.predictor.pkl,,0,0,,,False,False,False,True,True,True,True,8ccce0bc2d09d9c8f9549635a555abfdf32a3faa4efd871d815fc56901de6592
corrected_v2,census_kdd,42,mix,tvae_compare_dnn,/home/thuy/Research/minh_data_synth/TabularDA/output/corrected_v2/census_kdd/acc/census_kdd_seed42_tvae_full_dnn_mix.run.json,/home/thuy/Research/minh_data_synth/TabularDA/sdv trained model/corrected_v2/census_kdd/seed_42/census_kdd_seed42_tvae_full.pkl,/home/thuy/Research/minh_data_synth/TabularDA/data/corrected_v2/census_kdd/seed_42/census_kdd_seed42_tvae_full_dnn_100k.predictor.pt,,0,0,,,False,False,False,True,True,True,True,3d39258d523dbea7d5117e785f5e5bcd4399e77c6efe9490e87f7bd47bf14f2e
corrected_v2,census_kdd,42,synthetic,tvae_compare_dnn,/home/thuy/Research/minh_data_synth/TabularDA/output/corrected_v2/census_kdd/acc/census_kdd_seed42_tvae_full_dnn_synthetic.run.json,/home/thuy/Research/minh_data_synth/TabularDA/sdv trained model/corrected_v2/census_kdd/seed_42/census_kdd_seed42_tvae_full.pkl,/home/thuy/Research/minh_data_synth/TabularDA/data/corrected_v2/census_kdd/seed_42/census_kdd_seed42_tvae_full_dnn_100k.predictor.pt,,0,0,,,False,True,False,True,True,True,True,dc1972f3ea67e89c1d899b88db72f3dc663dcc8f7af568d087882fed3444703b
corrected_v2,census_kdd,42,mix,tvae_compare_gaussian,/home/thuy/Research/minh_data_synth/TabularDA/output/corrected_v2/census_kdd/acc/census_kdd_seed42_tvae_full_gaussian_mix.run.json,/home/thuy/Research/minh_data_synth/TabularDA/sdv trained model/corrected_v2/census_kdd/seed_42/census_kdd_seed42_tvae_full.pkl,/home/thuy/Research/minh_data_synth/TabularDA/data/corrected_v2/census_kdd/seed_42/census_kdd_seed42_tvae_full_gaussian_100k.predictor.pkl,,0,0,,,False,False,False,True,True,True,True,86f8319d9da8622b88307eebdb1767ab78f4dcfdf721bee977cd57160e59ab4b
corrected_v2,census_kdd,42,synthetic,tvae_compare_gaussian,/home/thuy/Research/minh_data_synth/TabularDA/output/corrected_v2/census_kdd/acc/census_kdd_seed42_tvae_full_gaussian_synthetic.run.json,/home/thuy/Research/minh_data_synth/TabularDA/sdv trained model/corrected_v2/census_kdd/seed_42/census_kdd_seed42_tvae_full.pkl,/home/thuy/Research/minh_data_synth/TabularDA/data/corrected_v2/census_kdd/seed_42/census_kdd_seed42_tvae_full_gaussian_100k.predictor.pkl,,0,0,,,False,False,False,True,True,True,True,a2b47032a71d0b14138e1f3d3af387e9a90e257b5d25ccedc17bb007abdd69b7
corrected_v2,census_kdd,42,mix,tvae,/home/thuy/Research/minh_data_synth/TabularDA/output/corrected_v2/census_kdd/acc/census_kdd_seed42_tvae_full_generated_mix.run.json,/home/thuy/Research/minh_data_synth/TabularDA/sdv trained model/corrected_v2/census_kdd/seed_42/census_kdd_seed42_tvae_full.pkl,,,0,0,,,False,False,False,True,True,True,,99198e94b65f5d164d709e9aafa0b758ffe243b9d4b788190a71c9112d74b22a
corrected_v2,census_kdd,42,synthetic,tvae,/home/thuy/Research/minh_data_synth/TabularDA/output/corrected_v2/census_kdd/acc/census_kdd_seed42_tvae_full_generated_synthetic.run.json,/home/thuy/Research/minh_data_synth/TabularDA/sdv trained model/corrected_v2/census_kdd/seed_42/census_kdd_seed42_tvae_full.pkl,,,0,0,,,False,True,False,True,True,True,,3414ed0396e0079887dde9c5d5057b678c7e4d8db887d4715fe5b054d3803b2b
corrected_v2,census_kdd,42,mix,tvae_compare_pca_gmm,/home/thuy/Research/minh_data_synth/TabularDA/output/corrected_v2/census_kdd/acc/census_kdd_seed42_tvae_full_pca_gmm_mix.run.json,/home/thuy/Research/minh_data_synth/TabularDA/sdv trained model/corrected_v2/census_kdd/seed_42/census_kdd_seed42_tvae_full.pkl,/home/thuy/Research/minh_data_synth/TabularDA/data/corrected_v2/census_kdd/seed_42/census_kdd_seed42_tvae_full_pca_gmm_100k.predictor.pkl,,0,0,,,False,False,False,True,True,True,True,56157b50a857145924c085c218697483cb29684624b64275f0ec61cb8ed06f75
corrected_v2,census_kdd,42,synthetic,tvae_compare_pca_gmm,/home/thuy/Research/minh_data_synth/TabularDA/output/corrected_v2/census_kdd/acc/census_kdd_seed42_tvae_full_pca_gmm_synthetic.run.json,/home/thuy/Research/minh_data_synth/TabularDA/sdv trained model/corrected_v2/census_kdd/seed_42/census_kdd_seed42_tvae_full.pkl,/home/thuy/Research/minh_data_synth/TabularDA/data/corrected_v2/census_kdd/seed_42/census_kdd_seed42_tvae_full_pca_gmm_100k.predictor.pkl,,0,0,,,False,False,False,True,True,True,True,e63923c9a6f70b0188500ad37e9b5dfd9be4fdeb4379541d9d1fe512a91321b8
corrected_v2,census_kdd,42,mix,tvae_compare_rf,/home/thuy/Research/minh_data_synth/TabularDA/output/corrected_v2/census_kdd/acc/census_kdd_seed42_tvae_full_rf_mix.run.json,/home/thuy/Research/minh_data_synth/TabularDA/sdv trained model/corrected_v2/census_kdd/seed_42/census_kdd_seed42_tvae_full.pkl,/home/thuy/Research/minh_data_synth/TabularDA/data/corrected_v2/census_kdd/seed_42/census_kdd_seed42_tvae_full_rf_100k.predictor.pkl,,0,0,,,False,True,False,True,True,True,True,bae7d90149355e4b2f05cfb6618f80f337fab8840c4ca3af7326e866dd52f88c
corrected_v2,census_kdd,42,synthetic,tvae_compare_rf,/home/thuy/Research/minh_data_synth/TabularDA/output/corrected_v2/census_kdd/acc/census_kdd_seed42_tvae_full_rf_synthetic.run.json,/home/thuy/Research/minh_data_synth/TabularDA/sdv trained model/corrected_v2/census_kdd/seed_42/census_kdd_seed42_tvae_full.pkl,/home/thuy/Research/minh_data_synth/TabularDA/data/corrected_v2/census_kdd/seed_42/census_kdd_seed42_tvae_full_rf_100k.predictor.pkl,,0,0,,,False,True,False,True,True,True,True,7a6042dbd832064e6d591c2a4fa6ccba3f020ab442ecdd9d988e0abae5c55eae
corrected_v2,census_kdd,42,mix,tvae_compare_xgb,/home/thuy/Research/minh_data_synth/TabularDA/output/corrected_v2/census_kdd/acc/census_kdd_seed42_tvae_full_xgb_mix.run.json,/home/thuy/Research/minh_data_synth/TabularDA/sdv trained model/corrected_v2/census_kdd/seed_42/census_kdd_seed42_tvae_full.pkl,/home/thuy/Research/minh_data_synth/TabularDA/data/corrected_v2/census_kdd/seed_42/census_kdd_seed42_tvae_full_xgb_100k.predictor.pkl,,0,0,,,False,True,False,True,True,True,True,41b14d036bb273c9e710e4aa1851c59bc865e40a6721f8db12ef4f13bdde55c6
corrected_v2,census_kdd,42,synthetic,tvae_compare_xgb,/home/thuy/Research/minh_data_synth/TabularDA/output/corrected_v2/census_kdd/acc/census_kdd_seed42_tvae_full_xgb_synthetic.run.json,/home/thuy/Research/minh_data_synth/TabularDA/sdv trained model/corrected_v2/census_kdd/seed_42/census_kdd_seed42_tvae_full.pkl,/home/thuy/Research/minh_data_synth/TabularDA/data/corrected_v2/census_kdd/seed_42/census_kdd_seed42_tvae_full_xgb_100k.predictor.pkl,,0,0,,,False,True,False,True,True,True,True,89030e4302c71bf0b8553c9812977a1c495d4d897e206db7f86a6753eea7b97b
corrected_v2,census_kdd,42,mix,tvae_categorical,/home/thuy/Research/minh_data_synth/TabularDA/output/corrected_v2/census_kdd/acc/census_kdd_seed42_tvae_xonly_categorical_mix.run.json,/home/thuy/Research/minh_data_synth/TabularDA/sdv trained model/corrected_v2/census_kdd/seed_42/census_kdd_seed42_tvae_xonly.pkl,/home/thuy/Research/minh_data_synth/TabularDA/data/corrected_v2/census_kdd/seed_42/census_kdd_seed42_tvae_xonly_categorical_100k.predictor.pkl,categorical_nb_erased_binary_features,318,0,,,False,False,False,True,True,True,True,d415ed2d203f4126f8390d8db447de95015c0af3a44d0d0eb9905c389af5750e
corrected_v2,census_kdd,42,synthetic,tvae_categorical,/home/thuy/Research/minh_data_synth/TabularDA/output/corrected_v2/census_kdd/acc/census_kdd_seed42_tvae_xonly_categorical_synthetic.run.json,/home/thuy/Research/minh_data_synth/TabularDA/sdv trained model/corrected_v2/census_kdd/seed_42/census_kdd_seed42_tvae_xonly.pkl,/home/thuy/Research/minh_data_synth/TabularDA/data/corrected_v2/census_kdd/seed_42/census_kdd_seed42_tvae_xonly_categorical_100k.predictor.pkl,categorical_nb_erased_binary_features,318,0,,,False,False,False,True,True,True,True,c09cd3de2a805c53cd54392e87b9e7ffa9898f76be7f608d085f9ab114bbc7e8
corrected_v2,census_kdd,42,mix,tvae_dnn,/home/thuy/Research/minh_data_synth/TabularDA/output/corrected_v2/census_kdd/acc/census_kdd_seed42_tvae_xonly_dnn_mix.run.json,/home/thuy/Research/minh_data_synth/TabularDA/sdv trained model/corrected_v2/census_kdd/seed_42/census_kdd_seed42_tvae_xonly.pkl,/home/thuy/Research/minh_data_synth/TabularDA/data/corrected_v2/census_kdd/seed_42/census_kdd_seed42_tvae_xonly_dnn_100k.predictor.pt,,0,0,,,False,True,False,True,True,True,True,e6214a200acb5fd4cd3ba2f30b52fcd2365b51020eb9aa6254aa862c29edb400
corrected_v2,census_kdd,42,synthetic,tvae_dnn,/home/thuy/Research/minh_data_synth/TabularDA/output/corrected_v2/census_kdd/acc/census_kdd_seed42_tvae_xonly_dnn_synthetic.run.json,/home/thuy/Research/minh_data_synth/TabularDA/sdv trained model/corrected_v2/census_kdd/seed_42/census_kdd_seed42_tvae_xonly.pkl,/home/thuy/Research/minh_data_synth/TabularDA/data/corrected_v2/census_kdd/seed_42/census_kdd_seed42_tvae_xonly_dnn_100k.predictor.pt,,0,0,,,False,True,False,True,True,True,True,26a3a9bdaa2b46797fef6356af181ea52b5df23d2af3629b4b14abcf1175c3d7
corrected_v2,census_kdd,42,mix,tvae_gaussian,/home/thuy/Research/minh_data_synth/TabularDA/output/corrected_v2/census_kdd/acc/census_kdd_seed42_tvae_xonly_gaussian_mix.run.json,/home/thuy/Research/minh_data_synth/TabularDA/sdv trained model/corrected_v2/census_kdd/seed_42/census_kdd_seed42_tvae_xonly.pkl,/home/thuy/Research/minh_data_synth/TabularDA/data/corrected_v2/census_kdd/seed_42/census_kdd_seed42_tvae_xonly_gaussian_100k.predictor.pkl,,0,0,,,False,False,False,True,True,True,True,851c7b224babb43c42f891ae50741862d6bdce5e50fa6403b0773519ce3552d9
corrected_v2,census_kdd,42,synthetic,tvae_gaussian,/home/thuy/Research/minh_data_synth/TabularDA/output/corrected_v2/census_kdd/acc/census_kdd_seed42_tvae_xonly_gaussian_synthetic.run.json,/home/thuy/Research/minh_data_synth/TabularDA/sdv trained model/corrected_v2/census_kdd/seed_42/census_kdd_seed42_tvae_xonly.pkl,/home/thuy/Research/minh_data_synth/TabularDA/data/corrected_v2/census_kdd/seed_42/census_kdd_seed42_tvae_xonly_gaussian_100k.predictor.pkl,,0,0,,,False,False,False,True,True,True,True,ad93457088664b919f2a232c95bc9e2c05d52446a75284c215704f47c4e20896
corrected_v2,census_kdd,42,mix,tvae_pca_gmm,/home/thuy/Research/minh_data_synth/TabularDA/output/corrected_v2/census_kdd/acc/census_kdd_seed42_tvae_xonly_pca_gmm_mix.run.json,/home/thuy/Research/minh_data_synth/TabularDA/sdv trained model/corrected_v2/census_kdd/seed_42/census_kdd_seed42_tvae_xonly.pkl,/home/thuy/Research/minh_data_synth/TabularDA/data/corrected_v2/census_kdd/seed_42/census_kdd_seed42_tvae_xonly_pca_gmm_100k.predictor.pkl,,0,0,,,False,False,False,True,True,True,True,883c13e0396c1ebec2ade9cce41a54be31ee2efead5815a6721a86a7d6ac2140
corrected_v2,census_kdd,42,synthetic,tvae_pca_gmm,/home/thuy/Research/minh_data_synth/TabularDA/output/corrected_v2/census_kdd/acc/census_kdd_seed42_tvae_xonly_pca_gmm_synthetic.run.json,/home/thuy/Research/minh_data_synth/TabularDA/sdv trained model/corrected_v2/census_kdd/seed_42/census_kdd_seed42_tvae_xonly.pkl,/home/thuy/Research/minh_data_synth/TabularDA/data/corrected_v2/census_kdd/seed_42/census_kdd_seed42_tvae_xonly_pca_gmm_100k.predictor.pkl,,0,0,,,False,False,False,True,True,True,True,d049971a919219b324161214332a929c5228b5c6953576316fedeffefe723240
corrected_v2,census_kdd,42,mix,tvae_rf,/home/thuy/Research/minh_data_synth/TabularDA/output/corrected_v2/census_kdd/acc/census_kdd_seed42_tvae_xonly_rf_mix.run.json,/home/thuy/Research/minh_data_synth/TabularDA/sdv trained model/corrected_v2/census_kdd/seed_42/census_kdd_seed42_tvae_xonly.pkl,/home/thuy/Research/minh_data_synth/TabularDA/data/corrected_v2/census_kdd/seed_42/census_kdd_seed42_tvae_xonly_rf_100k.predictor.pkl,,0,0,,,False,True,False,True,True,True,True,78571cb5b46b4e910c126f78ffeec50e586a46a70f32105705f7840e7e91c807
corrected_v2,census_kdd,42,synthetic,tvae_rf,/home/thuy/Research/minh_data_synth/TabularDA/output/corrected_v2/census_kdd/acc/census_kdd_seed42_tvae_xonly_rf_synthetic.run.json,/home/thuy/Research/minh_data_synth/TabularDA/sdv trained model/corrected_v2/census_kdd/seed_42/census_kdd_seed42_tvae_xonly.pkl,/home/thuy/Research/minh_data_synth/TabularDA/data/corrected_v2/census_kdd/seed_42/census_kdd_seed42_tvae_xonly_rf_100k.predictor.pkl,,0,0,,,False,True,False,True,True,True,True,3800437b19cfe004176cf73eacfa3f4a69bbab5ddd054aea1b931b678c4b35b4
corrected_v2,census_kdd,42,mix,tvae_xgb,/home/thuy/Research/minh_data_synth/TabularDA/output/corrected_v2/census_kdd/acc/census_kdd_seed42_tvae_xonly_xgb_mix.run.json,/home/thuy/Research/minh_data_synth/TabularDA/sdv trained model/corrected_v2/census_kdd/seed_42/census_kdd_seed42_tvae_xonly.pkl,/home/thuy/Research/minh_data_synth/TabularDA/data/corrected_v2/census_kdd/seed_42/census_kdd_seed42_tvae_xonly_xgb_100k.predictor.pkl,,0,0,,,False,True,False,True,True,True,True,bee06fdd8c11cb020074df23890e71e290a3ffc739a9707c33123c8f10e63c6d
corrected_v2,census_kdd,42,synthetic,tvae_xgb,/home/thuy/Research/minh_data_synth/TabularDA/output/corrected_v2/census_kdd/acc/census_kdd_seed42_tvae_xonly_xgb_synthetic.run.json,/home/thuy/Research/minh_data_synth/TabularDA/sdv trained model/corrected_v2/census_kdd/seed_42/census_kdd_seed42_tvae_xonly.pkl,/home/thuy/Research/minh_data_synth/TabularDA/data/corrected_v2/census_kdd/seed_42/census_kdd_seed42_tvae_xonly_xgb_100k.predictor.pkl,,0,0,,,False,True,False,True,True,True,True,d1f1b3eae9e9dfcad3f99f5a4d281b8dba0b0d38bdd44a6123e859f2c75abd15
corrected_v2,census_kdd,43,mix,compare_categorical,/home/thuy/Research/minh_data_synth/TabularDA/output/corrected_v2/census_kdd/acc/census_kdd_seed43_ctgan_full_categorical_mix.run.json,/home/thuy/Research/minh_data_synth/TabularDA/sdv trained model/corrected_v2/census_kdd/seed_43/census_kdd_seed43_ctgan_full.pkl,/home/thuy/Research/minh_data_synth/TabularDA/data/corrected_v2/census_kdd/seed_43/census_kdd_seed43_ctgan_full_categorical_100k.predictor.pkl,,0,0,,,False,False,True,True,True,True,True,7a3d1befd22249c342f1af850fb28686e352b333488011b06e769d217e7d4fd8
corrected_v2,census_kdd,43,synthetic,compare_categorical,/home/thuy/Research/minh_data_synth/TabularDA/output/corrected_v2/census_kdd/acc/census_kdd_seed43_ctgan_full_categorical_synthetic.run.json,/home/thuy/Research/minh_data_synth/TabularDA/sdv trained model/corrected_v2/census_kdd/seed_43/census_kdd_seed43_ctgan_full.pkl,/home/thuy/Research/minh_data_synth/TabularDA/data/corrected_v2/census_kdd/seed_43/census_kdd_seed43_ctgan_full_categorical_100k.predictor.pkl,,0,0,,,False,False,True,True,True,True,True,83c186388ebf73aac6dfdd36365113e5fb7efd219476acb81477e3b9b9219d1a
corrected_v2,census_kdd,43,mix,compare_dnn,/home/thuy/Research/minh_data_synth/TabularDA/output/corrected_v2/census_kdd/acc/census_kdd_seed43_ctgan_full_dnn_mix.run.json,/home/thuy/Research/minh_data_synth/TabularDA/sdv trained model/corrected_v2/census_kdd/seed_43/census_kdd_seed43_ctgan_full.pkl,/home/thuy/Research/minh_data_synth/TabularDA/data/corrected_v2/census_kdd/seed_43/census_kdd_seed43_ctgan_full_dnn_100k.predictor.pt,,0,0,,,False,False,True,True,True,True,True,3d4abdb2a7289c499b373cb25e47c0615081c79912e4c5dd89f02a4a8b0d9d24
corrected_v2,census_kdd,43,synthetic,compare_dnn,/home/thuy/Research/minh_data_synth/TabularDA/output/corrected_v2/census_kdd/acc/census_kdd_seed43_ctgan_full_dnn_synthetic.run.json,/home/thuy/Research/minh_data_synth/TabularDA/sdv trained model/corrected_v2/census_kdd/seed_43/census_kdd_seed43_ctgan_full.pkl,/home/thuy/Research/minh_data_synth/TabularDA/data/corrected_v2/census_kdd/seed_43/census_kdd_seed43_ctgan_full_dnn_100k.predictor.pt,,0,0,,,False,False,True,True,True,True,True,cc776e8d497c92efde60db2c34e10e4877ae096e18c6847999dda0d225a67563
corrected_v2,census_kdd,43,mix,compare_gaussian,/home/thuy/Research/minh_data_synth/TabularDA/output/corrected_v2/census_kdd/acc/census_kdd_seed43_ctgan_full_gaussian_mix.run.json,/home/thuy/Research/minh_data_synth/TabularDA/sdv trained model/corrected_v2/census_kdd/seed_43/census_kdd_seed43_ctgan_full.pkl,/home/thuy/Research/minh_data_synth/TabularDA/data/corrected_v2/census_kdd/seed_43/census_kdd_seed43_ctgan_full_gaussian_100k.predictor.pkl,,0,0,,,False,False,True,True,True,True,True,a9e07b1859201aa43657834c9274058fb86bf05a8a9f7e2cc13a39f60fc6a3cd
corrected_v2,census_kdd,43,synthetic,compare_gaussian,/home/thuy/Research/minh_data_synth/TabularDA/output/corrected_v2/census_kdd/acc/census_kdd_seed43_ctgan_full_gaussian_synthetic.run.json,/home/thuy/Research/minh_data_synth/TabularDA/sdv trained model/corrected_v2/census_kdd/seed_43/census_kdd_seed43_ctgan_full.pkl,/home/thuy/Research/minh_data_synth/TabularDA/data/corrected_v2/census_kdd/seed_43/census_kdd_seed43_ctgan_full_gaussian_100k.predictor.pkl,,0,0,,,False,False,True,True,True,True,True,03df4047bd7e6062f074911099ff8c97cf83189b32df3f29b57355bbca7420bb
corrected_v2,census_kdd,43,mix,ctgan,/home/thuy/Research/minh_data_synth/TabularDA/output/corrected_v2/census_kdd/acc/census_kdd_seed43_ctgan_full_generated_mix.run.json,/home/thuy/Research/minh_data_synth/TabularDA/sdv trained model/corrected_v2/census_kdd/seed_43/census_kdd_seed43_ctgan_full.pkl,,,0,0,,,False,False,True,True,True,True,,f00f480b7060d9fc59ba4f9358a538587fab5fe7cf8a4fc344605907813b9e37
corrected_v2,census_kdd,43,synthetic,ctgan,/home/thuy/Research/minh_data_synth/TabularDA/output/corrected_v2/census_kdd/acc/census_kdd_seed43_ctgan_full_generated_synthetic.run.json,/home/thuy/Research/minh_data_synth/TabularDA/sdv trained model/corrected_v2/census_kdd/seed_43/census_kdd_seed43_ctgan_full.pkl,,,0,0,,,False,True,True,True,True,True,,9fc92f290f6607864a99b4344f58a2b868b9f634c68d25851d57caa15e0fd80f
corrected_v2,census_kdd,43,mix,compare_pca_gmm,/home/thuy/Research/minh_data_synth/TabularDA/output/corrected_v2/census_kdd/acc/census_kdd_seed43_ctgan_full_pca_gmm_mix.run.json,/home/thuy/Research/minh_data_synth/TabularDA/sdv trained model/corrected_v2/census_kdd/seed_43/census_kdd_seed43_ctgan_full.pkl,/home/thuy/Research/minh_data_synth/TabularDA/data/corrected_v2/census_kdd/seed_43/census_kdd_seed43_ctgan_full_pca_gmm_100k.predictor.pkl,,0,0,,,False,False,True,True,True,True,True,4f9508dfa36546c45daaf940f9206fd4e396263bdc8d2f470bfd0849b1cef5b0
corrected_v2,census_kdd,43,synthetic,compare_pca_gmm,/home/thuy/Research/minh_data_synth/TabularDA/output/corrected_v2/census_kdd/acc/census_kdd_seed43_ctgan_full_pca_gmm_synthetic.run.json,/home/thuy/Research/minh_data_synth/TabularDA/sdv trained model/corrected_v2/census_kdd/seed_43/census_kdd_seed43_ctgan_full.pkl,/home/thuy/Research/minh_data_synth/TabularDA/data/corrected_v2/census_kdd/seed_43/census_kdd_seed43_ctgan_full_pca_gmm_100k.predictor.pkl,,0,0,,,False,False,True,True,True,True,True,45805bca82b134b8814cf43861c13215df10257cf2e9c2c38897b94519078225
corrected_v2,census_kdd,43,mix,compare_rf,/home/thuy/Research/minh_data_synth/TabularDA/output/corrected_v2/census_kdd/acc/census_kdd_seed43_ctgan_full_rf_mix.run.json,/home/thuy/Research/minh_data_synth/TabularDA/sdv trained model/corrected_v2/census_kdd/seed_43/census_kdd_seed43_ctgan_full.pkl,/home/thuy/Research/minh_data_synth/TabularDA/data/corrected_v2/census_kdd/seed_43/census_kdd_seed43_ctgan_full_rf_100k.predictor.pkl,,0,0,,,False,True,True,True,True,True,True,eabf60c0367f49ac56683d1aef4f797c9b340341b67ff10076198e2f63e9f357
corrected_v2,census_kdd,43,synthetic,compare_rf,/home/thuy/Research/minh_data_synth/TabularDA/output/corrected_v2/census_kdd/acc/census_kdd_seed43_ctgan_full_rf_synthetic.run.json,/home/thuy/Research/minh_data_synth/TabularDA/sdv trained model/corrected_v2/census_kdd/seed_43/census_kdd_seed43_ctgan_full.pkl,/home/thuy/Research/minh_data_synth/TabularDA/data/corrected_v2/census_kdd/seed_43/census_kdd_seed43_ctgan_full_rf_100k.predictor.pkl,,0,0,,,False,True,True,True,True,True,True,8551b6be7a89eb8552e3b9f70f49ff9a0ccd4d761a214355e775c48317440eb3
corrected_v2,census_kdd,43,mix,compare_xgb,/home/thuy/Research/minh_data_synth/TabularDA/output/corrected_v2/census_kdd/acc/census_kdd_seed43_ctgan_full_xgb_mix.run.json,/home/thuy/Research/minh_data_synth/TabularDA/sdv trained model/corrected_v2/census_kdd/seed_43/census_kdd_seed43_ctgan_full.pkl,/home/thuy/Research/minh_data_synth/TabularDA/data/corrected_v2/census_kdd/seed_43/census_kdd_seed43_ctgan_full_xgb_100k.predictor.pkl,,0,0,,,False,False,True,True,True,True,True,17debc6aefeff261d343b6f36e76b03a96d46d8b45da369834d7a951c1d397d4
corrected_v2,census_kdd,43,synthetic,compare_xgb,/home/thuy/Research/minh_data_synth/TabularDA/output/corrected_v2/census_kdd/acc/census_kdd_seed43_ctgan_full_xgb_synthetic.run.json,/home/thuy/Research/minh_data_synth/TabularDA/sdv trained model/corrected_v2/census_kdd/seed_43/census_kdd_seed43_ctgan_full.pkl,/home/thuy/Research/minh_data_synth/TabularDA/data/corrected_v2/census_kdd/seed_43/census_kdd_seed43_ctgan_full_xgb_100k.predictor.pkl,,0,0,,,False,True,True,True,True,True,True,855643b5421058909afe3be28749d43cbcd0b3ec43a330fb84b4d4406aa9f204
corrected_v2,census_kdd,43,mix,categorical,/home/thuy/Research/minh_data_synth/TabularDA/output/corrected_v2/census_kdd/acc/census_kdd_seed43_ctgan_xonly_categorical_mix.run.json,/home/thuy/Research/minh_data_synth/TabularDA/sdv trained model/corrected_v2/census_kdd/seed_43/census_kdd_seed43_ctgan_xonly.pkl,/home/thuy/Research/minh_data_synth/TabularDA/data/corrected_v2/census_kdd/seed_43/census_kdd_seed43_ctgan_xonly_categorical_100k.predictor.pkl,categorical_nb_erased_binary_features,318,0,,,False,False,True,True,True,True,True,8ed7f1128eba180812dab85c9f7aad0c9f1c5718bb9ee72dda6ccee9d965e61a
corrected_v2,census_kdd,43,synthetic,categorical,/home/thuy/Research/minh_data_synth/TabularDA/output/corrected_v2/census_kdd/acc/census_kdd_seed43_ctgan_xonly_categorical_synthetic.run.json,/home/thuy/Research/minh_data_synth/TabularDA/sdv trained model/corrected_v2/census_kdd/seed_43/census_kdd_seed43_ctgan_xonly.pkl,/home/thuy/Research/minh_data_synth/TabularDA/data/corrected_v2/census_kdd/seed_43/census_kdd_seed43_ctgan_xonly_categorical_100k.predictor.pkl,categorical_nb_erased_binary_features,318,0,,,False,False,True,True,True,True,True,388d0659f084e6fed084172b99bc2c4a4e54170b32f9a8ab17b4e018a570e09b
corrected_v2,census_kdd,43,mix,dnn,/home/thuy/Research/minh_data_synth/TabularDA/output/corrected_v2/census_kdd/acc/census_kdd_seed43_ctgan_xonly_dnn_mix.run.json,/home/thuy/Research/minh_data_synth/TabularDA/sdv trained model/corrected_v2/census_kdd/seed_43/census_kdd_seed43_ctgan_xonly.pkl,/home/thuy/Research/minh_data_synth/TabularDA/data/corrected_v2/census_kdd/seed_43/census_kdd_seed43_ctgan_xonly_dnn_100k.predictor.pt,,0,0,,,False,False,True,True,True,True,True,20bf5ae87e86b68ccbf6aa5b2ac4c5be5cef2e0501aca8d089eb2a62f23daa31
corrected_v2,census_kdd,43,synthetic,dnn,/home/thuy/Research/minh_data_synth/TabularDA/output/corrected_v2/census_kdd/acc/census_kdd_seed43_ctgan_xonly_dnn_synthetic.run.json,/home/thuy/Research/minh_data_synth/TabularDA/sdv trained model/corrected_v2/census_kdd/seed_43/census_kdd_seed43_ctgan_xonly.pkl,/home/thuy/Research/minh_data_synth/TabularDA/data/corrected_v2/census_kdd/seed_43/census_kdd_seed43_ctgan_xonly_dnn_100k.predictor.pt,,0,0,,,False,True,True,True,True,True,True,f8c5b8f673f9a3d3c28ef7166cff3067ab631c66252f706cd88f051124224ed5
corrected_v2,census_kdd,43,mix,gaussian,/home/thuy/Research/minh_data_synth/TabularDA/output/corrected_v2/census_kdd/acc/census_kdd_seed43_ctgan_xonly_gaussian_mix.run.json,/home/thuy/Research/minh_data_synth/TabularDA/sdv trained model/corrected_v2/census_kdd/seed_43/census_kdd_seed43_ctgan_xonly.pkl,/home/thuy/Research/minh_data_synth/TabularDA/data/corrected_v2/census_kdd/seed_43/census_kdd_seed43_ctgan_xonly_gaussian_100k.predictor.pkl,,0,0,,,False,False,True,True,True,True,True,f00c94056625f8791e05fd7846c3ba193041211db844e1cfcd0eb29eab3ff265
corrected_v2,census_kdd,43,synthetic,gaussian,/home/thuy/Research/minh_data_synth/TabularDA/output/corrected_v2/census_kdd/acc/census_kdd_seed43_ctgan_xonly_gaussian_synthetic.run.json,/home/thuy/Research/minh_data_synth/TabularDA/sdv trained model/corrected_v2/census_kdd/seed_43/census_kdd_seed43_ctgan_xonly.pkl,/home/thuy/Research/minh_data_synth/TabularDA/data/corrected_v2/census_kdd/seed_43/census_kdd_seed43_ctgan_xonly_gaussian_100k.predictor.pkl,,0,0,,,False,False,True,True,True,True,True,10039957ab25803fab69e02492816e7b1437f05ec98869d3a835dfc597378456
corrected_v2,census_kdd,43,mix,pca_gmm,/home/thuy/Research/minh_data_synth/TabularDA/output/corrected_v2/census_kdd/acc/census_kdd_seed43_ctgan_xonly_pca_gmm_mix.run.json,/home/thuy/Research/minh_data_synth/TabularDA/sdv trained model/corrected_v2/census_kdd/seed_43/census_kdd_seed43_ctgan_xonly.pkl,/home/thuy/Research/minh_data_synth/TabularDA/data/corrected_v2/census_kdd/seed_43/census_kdd_seed43_ctgan_xonly_pca_gmm_100k.predictor.pkl,,0,0,,,False,False,True,True,True,True,True,cdf21e7a6a4bbcbf474fe2bc77ced387dcdc2f0cb03b2a2f8370fc43e7421abe
corrected_v2,census_kdd,43,synthetic,pca_gmm,/home/thuy/Research/minh_data_synth/TabularDA/output/corrected_v2/census_kdd/acc/census_kdd_seed43_ctgan_xonly_pca_gmm_synthetic.run.json,/home/thuy/Research/minh_data_synth/TabularDA/sdv trained model/corrected_v2/census_kdd/seed_43/census_kdd_seed43_ctgan_xonly.pkl,/home/thuy/Research/minh_data_synth/TabularDA/data/corrected_v2/census_kdd/seed_43/census_kdd_seed43_ctgan_xonly_pca_gmm_100k.predictor.pkl,,0,0,,,False,False,True,True,True,True,True,d224bc57d8a53b71043d872116493e1c5890c6dd3c7b433671b328e22b68ae1f
corrected_v2,census_kdd,43,mix,rf,/home/thuy/Research/minh_data_synth/TabularDA/output/corrected_v2/census_kdd/acc/census_kdd_seed43_ctgan_xonly_rf_mix.run.json,/home/thuy/Research/minh_data_synth/TabularDA/sdv trained model/corrected_v2/census_kdd/seed_43/census_kdd_seed43_ctgan_xonly.pkl,/home/thuy/Research/minh_data_synth/TabularDA/data/corrected_v2/census_kdd/seed_43/census_kdd_seed43_ctgan_xonly_rf_100k.predictor.pkl,,0,0,,,False,True,True,True,True,True,True,44fb1fcaec82d3e612e9aacfff38f69c32a7f21debf374f115ad5acec82a3b29
corrected_v2,census_kdd,43,synthetic,rf,/home/thuy/Research/minh_data_synth/TabularDA/output/corrected_v2/census_kdd/acc/census_kdd_seed43_ctgan_xonly_rf_synthetic.run.json,/home/thuy/Research/minh_data_synth/TabularDA/sdv trained model/corrected_v2/census_kdd/seed_43/census_kdd_seed43_ctgan_xonly.pkl,/home/thuy/Research/minh_data_synth/TabularDA/data/corrected_v2/census_kdd/seed_43/census_kdd_seed43_ctgan_xonly_rf_100k.predictor.pkl,,0,0,,,False,True,True,True,True,True,True,277147a46ab0d8aa68d66a67abda1c41b95b18c4b83301de26d0ac76466b2506
corrected_v2,census_kdd,43,mix,xgb,/home/thuy/Research/minh_data_synth/TabularDA/output/corrected_v2/census_kdd/acc/census_kdd_seed43_ctgan_xonly_xgb_mix.run.json,/home/thuy/Research/minh_data_synth/TabularDA/sdv trained model/corrected_v2/census_kdd/seed_43/census_kdd_seed43_ctgan_xonly.pkl,/home/thuy/Research/minh_data_synth/TabularDA/data/corrected_v2/census_kdd/seed_43/census_kdd_seed43_ctgan_xonly_xgb_100k.predictor.pkl,,0,0,,,False,False,True,True,True,True,True,ed3f00251da12279746831802e06a102b15b1d1a5e7d7ab714fb57630bbe87d6
corrected_v2,census_kdd,43,synthetic,xgb,/home/thuy/Research/minh_data_synth/TabularDA/output/corrected_v2/census_kdd/acc/census_kdd_seed43_ctgan_xonly_xgb_synthetic.run.json,/home/thuy/Research/minh_data_synth/TabularDA/sdv trained model/corrected_v2/census_kdd/seed_43/census_kdd_seed43_ctgan_xonly.pkl,/home/thuy/Research/minh_data_synth/TabularDA/data/corrected_v2/census_kdd/seed_43/census_kdd_seed43_ctgan_xonly_xgb_100k.predictor.pkl,,0,0,,,False,True,True,True,True,True,True,d326c609f6db360afe8be383c70eda154133ebf4b17a81af1beb89e3b453b25d
corrected_v2,census_kdd,43,original,,/home/thuy/Research/minh_data_synth/TabularDA/output/corrected_v2/census_kdd/acc/census_kdd_seed43_real_original.run.json,,,,0,0,,,False,False,False,True,True,True,,6c029aceb6b5bb8dc6d1bb0e718b8c8a85e55db5e448835587f88675d349fe17
corrected_v2,census_kdd,43,mix,tvae_compare_categorical,/home/thuy/Research/minh_data_synth/TabularDA/output/corrected_v2/census_kdd/acc/census_kdd_seed43_tvae_full_categorical_mix.run.json,/home/thuy/Research/minh_data_synth/TabularDA/sdv trained model/corrected_v2/census_kdd/seed_43/census_kdd_seed43_tvae_full.pkl,/home/thuy/Research/minh_data_synth/TabularDA/data/corrected_v2/census_kdd/seed_43/census_kdd_seed43_tvae_full_categorical_100k.predictor.pkl,,0,0,,,False,False,False,True,True,True,True,ddd9eaa5bb0239cd267bb2beb7c9e7b67bb1ed65ed36a0f0a1543bf1347a383e
corrected_v2,census_kdd,43,synthetic,tvae_compare_categorical,/home/thuy/Research/minh_data_synth/TabularDA/output/corrected_v2/census_kdd/acc/census_kdd_seed43_tvae_full_categorical_synthetic.run.json,/home/thuy/Research/minh_data_synth/TabularDA/sdv trained model/corrected_v2/census_kdd/seed_43/census_kdd_seed43_tvae_full.pkl,/home/thuy/Research/minh_data_synth/TabularDA/data/corrected_v2/census_kdd/seed_43/census_kdd_seed43_tvae_full_categorical_100k.predictor.pkl,,0,0,,,False,False,False,True,True,True,True,5b3cc394b5d0278873e5f59bd318253cdc3fc3114ce23bafd2868d68507fa8f3
corrected_v2,census_kdd,43,mix,tvae_compare_dnn,/home/thuy/Research/minh_data_synth/TabularDA/output/corrected_v2/census_kdd/acc/census_kdd_seed43_tvae_full_dnn_mix.run.json,/home/thuy/Research/minh_data_synth/TabularDA/sdv trained model/corrected_v2/census_kdd/seed_43/census_kdd_seed43_tvae_full.pkl,/home/thuy/Research/minh_data_synth/TabularDA/data/corrected_v2/census_kdd/seed_43/census_kdd_seed43_tvae_full_dnn_100k.predictor.pt,,0,0,,,False,True,False,True,True,True,True,c61018801b794bec9a4dc8e74237d4e23c575b1f33cd4a76c7314ac68f8aa056
corrected_v2,census_kdd,43,synthetic,tvae_compare_dnn,/home/thuy/Research/minh_data_synth/TabularDA/output/corrected_v2/census_kdd/acc/census_kdd_seed43_tvae_full_dnn_synthetic.run.json,/home/thuy/Research/minh_data_synth/TabularDA/sdv trained model/corrected_v2/census_kdd/seed_43/census_kdd_seed43_tvae_full.pkl,/home/thuy/Research/minh_data_synth/TabularDA/data/corrected_v2/census_kdd/seed_43/census_kdd_seed43_tvae_full_dnn_100k.predictor.pt,,0,0,,,False,True,False,True,True,True,True,6cb8c0826b960f91bc147e9043c9ea2cbd974b62d252ca41ee531f2289d32182
corrected_v2,census_kdd,43,mix,tvae_compare_gaussian,/home/thuy/Research/minh_data_synth/TabularDA/output/corrected_v2/census_kdd/acc/census_kdd_seed43_tvae_full_gaussian_mix.run.json,/home/thuy/Research/minh_data_synth/TabularDA/sdv trained model/corrected_v2/census_kdd/seed_43/census_kdd_seed43_tvae_full.pkl,/home/thuy/Research/minh_data_synth/TabularDA/data/corrected_v2/census_kdd/seed_43/census_kdd_seed43_tvae_full_gaussian_100k.predictor.pkl,,0,0,,,False,False,False,True,True,True,True,0883e6ce347407345113dfb7f4548e46ad98dd21928d74fb15a671322d260e0a
corrected_v2,census_kdd,43,synthetic,tvae_compare_gaussian,/home/thuy/Research/minh_data_synth/TabularDA/output/corrected_v2/census_kdd/acc/census_kdd_seed43_tvae_full_gaussian_synthetic.run.json,/home/thuy/Research/minh_data_synth/TabularDA/sdv trained model/corrected_v2/census_kdd/seed_43/census_kdd_seed43_tvae_full.pkl,/home/thuy/Research/minh_data_synth/TabularDA/data/corrected_v2/census_kdd/seed_43/census_kdd_seed43_tvae_full_gaussian_100k.predictor.pkl,,0,0,,,False,False,False,True,True,True,True,2b688de5d530eb51953727ad6c28011ca2d0bd2f929804b45c415267556d46f1
corrected_v2,census_kdd,43,mix,tvae,/home/thuy/Research/minh_data_synth/TabularDA/output/corrected_v2/census_kdd/acc/census_kdd_seed43_tvae_full_generated_mix.run.json,/home/thuy/Research/minh_data_synth/TabularDA/sdv trained model/corrected_v2/census_kdd/seed_43/census_kdd_seed43_tvae_full.pkl,,,0,0,,,False,False,False,True,True,True,,267c8677f6d9fe9195d201654bfdac5263cae4ff7fc2b0fae3046210424a6077
corrected_v2,census_kdd,43,synthetic,tvae,/home/thuy/Research/minh_data_synth/TabularDA/output/corrected_v2/census_kdd/acc/census_kdd_seed43_tvae_full_generated_synthetic.run.json,/home/thuy/Research/minh_data_synth/TabularDA/sdv trained model/corrected_v2/census_kdd/seed_43/census_kdd_seed43_tvae_full.pkl,,,0,0,,,False,True,False,True,True,True,,d0fbc655d30b5250b3f1fce6c9462ad3804c3a85a44954064963a64866897ecc
corrected_v2,census_kdd,43,mix,tvae_compare_pca_gmm,/home/thuy/Research/minh_data_synth/TabularDA/output/corrected_v2/census_kdd/acc/census_kdd_seed43_tvae_full_pca_gmm_mix.run.json,/home/thuy/Research/minh_data_synth/TabularDA/sdv trained model/corrected_v2/census_kdd/seed_43/census_kdd_seed43_tvae_full.pkl,/home/thuy/Research/minh_data_synth/TabularDA/data/corrected_v2/census_kdd/seed_43/census_kdd_seed43_tvae_full_pca_gmm_100k.predictor.pkl,,0,0,,,False,False,False,True,True,True,True,88b160818a19d0a33fe6f436fc436a43128df3f8be9f4c1a97eebcac1219fa73
corrected_v2,census_kdd,43,synthetic,tvae_compare_pca_gmm,/home/thuy/Research/minh_data_synth/TabularDA/output/corrected_v2/census_kdd/acc/census_kdd_seed43_tvae_full_pca_gmm_synthetic.run.json,/home/thuy/Research/minh_data_synth/TabularDA/sdv trained model/corrected_v2/census_kdd/seed_43/census_kdd_seed43_tvae_full.pkl,/home/thuy/Research/minh_data_synth/TabularDA/data/corrected_v2/census_kdd/seed_43/census_kdd_seed43_tvae_full_pca_gmm_100k.predictor.pkl,,0,0,,,False,False,False,True,True,True,True,23397a321d7a7662fdd2025995e37cf5ab9da57faacadd92ad678824078550e2
corrected_v2,census_kdd,43,mix,tvae_compare_rf,/home/thuy/Research/minh_data_synth/TabularDA/output/corrected_v2/census_kdd/acc/census_kdd_seed43_tvae_full_rf_mix.run.json,/home/thuy/Research/minh_data_synth/TabularDA/sdv trained model/corrected_v2/census_kdd/seed_43/census_kdd_seed43_tvae_full.pkl,/home/thuy/Research/minh_data_synth/TabularDA/data/corrected_v2/census_kdd/seed_43/census_kdd_seed43_tvae_full_rf_100k.predictor.pkl,,0,0,,,False,True,False,True,True,True,True,93b7fff236c5e6bf034407f189d79f332ed42f0e93dda7abb055ed927a4f0b6d
corrected_v2,census_kdd,43,synthetic,tvae_compare_rf,/home/thuy/Research/minh_data_synth/TabularDA/output/corrected_v2/census_kdd/acc/census_kdd_seed43_tvae_full_rf_synthetic.run.json,/home/thuy/Research/minh_data_synth/TabularDA/sdv trained model/corrected_v2/census_kdd/seed_43/census_kdd_seed43_tvae_full.pkl,/home/thuy/Research/minh_data_synth/TabularDA/data/corrected_v2/census_kdd/seed_43/census_kdd_seed43_tvae_full_rf_100k.predictor.pkl,,0,0,,,False,True,False,True,True,True,True,b430a811393066864de6838c370c4a34c6bbc00c0a23ee93f397254f66750738
corrected_v2,census_kdd,43,mix,tvae_compare_xgb,/home/thuy/Research/minh_data_synth/TabularDA/output/corrected_v2/census_kdd/acc/census_kdd_seed43_tvae_full_xgb_mix.run.json,/home/thuy/Research/minh_data_synth/TabularDA/sdv trained model/corrected_v2/census_kdd/seed_43/census_kdd_seed43_tvae_full.pkl,/home/thuy/Research/minh_data_synth/TabularDA/data/corrected_v2/census_kdd/seed_43/census_kdd_seed43_tvae_full_xgb_100k.predictor.pkl,,0,0,,,False,True,False,True,True,True,True,6255b79bf2b7d73327509564c4e252ff894872d33885c18a6177053598ff5e0c
corrected_v2,census_kdd,43,synthetic,tvae_compare_xgb,/home/thuy/Research/minh_data_synth/TabularDA/output/corrected_v2/census_kdd/acc/census_kdd_seed43_tvae_full_xgb_synthetic.run.json,/home/thuy/Research/minh_data_synth/TabularDA/sdv trained model/corrected_v2/census_kdd/seed_43/census_kdd_seed43_tvae_full.pkl,/home/thuy/Research/minh_data_synth/TabularDA/data/corrected_v2/census_kdd/seed_43/census_kdd_seed43_tvae_full_xgb_100k.predictor.pkl,,0,0,,,False,True,False,True,True,True,True,b51ab84b189be63d84be7ab69acb68bbc343f2441ae7928bbdaf0cc2aaa406bb
corrected_v2,census_kdd,43,mix,tvae_categorical,/home/thuy/Research/minh_data_synth/TabularDA/output/corrected_v2/census_kdd/acc/census_kdd_seed43_tvae_xonly_categorical_mix.run.json,/home/thuy/Research/minh_data_synth/TabularDA/sdv trained model/corrected_v2/census_kdd/seed_43/census_kdd_seed43_tvae_xonly.pkl,/home/thuy/Research/minh_data_synth/TabularDA/data/corrected_v2/census_kdd/seed_43/census_kdd_seed43_tvae_xonly_categorical_100k.predictor.pkl,categorical_nb_erased_binary_features,318,0,,,False,False,False,True,True,True,True,d5ea4dae9b5e92dfc2080c45e3bc76b0742d7c25e9738f172ff76e2f108f24dc
corrected_v2,census_kdd,43,synthetic,tvae_categorical,/home/thuy/Research/minh_data_synth/TabularDA/output/corrected_v2/census_kdd/acc/census_kdd_seed43_tvae_xonly_categorical_synthetic.run.json,/home/thuy/Research/minh_data_synth/TabularDA/sdv trained model/corrected_v2/census_kdd/seed_43/census_kdd_seed43_tvae_xonly.pkl,/home/thuy/Research/minh_data_synth/TabularDA/data/corrected_v2/census_kdd/seed_43/census_kdd_seed43_tvae_xonly_categorical_100k.predictor.pkl,categorical_nb_erased_binary_features,318,0,,,False,False,False,True,True,True,True,efedf6d41d6fd681d2cce83365b879ae9abcf72264b38131a733de9c39c8d773
corrected_v2,census_kdd,43,mix,tvae_dnn,/home/thuy/Research/minh_data_synth/TabularDA/output/corrected_v2/census_kdd/acc/census_kdd_seed43_tvae_xonly_dnn_mix.run.json,/home/thuy/Research/minh_data_synth/TabularDA/sdv trained model/corrected_v2/census_kdd/seed_43/census_kdd_seed43_tvae_xonly.pkl,/home/thuy/Research/minh_data_synth/TabularDA/data/corrected_v2/census_kdd/seed_43/census_kdd_seed43_tvae_xonly_dnn_100k.predictor.pt,,0,0,,,False,True,False,True,True,True,True,0f06ff7c7df86321928ad67bd1e0ce74be86a38018a71e8282911d3344376a03
corrected_v2,census_kdd,43,synthetic,tvae_dnn,/home/thuy/Research/minh_data_synth/TabularDA/output/corrected_v2/census_kdd/acc/census_kdd_seed43_tvae_xonly_dnn_synthetic.run.json,/home/thuy/Research/minh_data_synth/TabularDA/sdv trained model/corrected_v2/census_kdd/seed_43/census_kdd_seed43_tvae_xonly.pkl,/home/thuy/Research/minh_data_synth/TabularDA/data/corrected_v2/census_kdd/seed_43/census_kdd_seed43_tvae_xonly_dnn_100k.predictor.pt,,0,0,,,False,True,False,True,True,True,True,5f1c8f1851ddf3572e5b088ef6136d8a3314bc9f25971099dbd1f441e754508d
corrected_v2,census_kdd,43,mix,tvae_gaussian,/home/thuy/Research/minh_data_synth/TabularDA/output/corrected_v2/census_kdd/acc/census_kdd_seed43_tvae_xonly_gaussian_mix.run.json,/home/thuy/Research/minh_data_synth/TabularDA/sdv trained model/corrected_v2/census_kdd/seed_43/census_kdd_seed43_tvae_xonly.pkl,/home/thuy/Research/minh_data_synth/TabularDA/data/corrected_v2/census_kdd/seed_43/census_kdd_seed43_tvae_xonly_gaussian_100k.predictor.pkl,,0,0,,,False,False,False,True,True,True,True,96908448b872b2e895b68b792e1be6e737eb1a3bd3838b1bc4bae8bc706fdd97
corrected_v2,census_kdd,43,synthetic,tvae_gaussian,/home/thuy/Research/minh_data_synth/TabularDA/output/corrected_v2/census_kdd/acc/census_kdd_seed43_tvae_xonly_gaussian_synthetic.run.json,/home/thuy/Research/minh_data_synth/TabularDA/sdv trained model/corrected_v2/census_kdd/seed_43/census_kdd_seed43_tvae_xonly.pkl,/home/thuy/Research/minh_data_synth/TabularDA/data/corrected_v2/census_kdd/seed_43/census_kdd_seed43_tvae_xonly_gaussian_100k.predictor.pkl,,0,0,,,False,False,False,True,True,True,True,e0d54061c20c601f881a133ddcf79fb4dc1b9794a1e9233e5b5cc7cbceea78a0
corrected_v2,census_kdd,43,mix,tvae_pca_gmm,/home/thuy/Research/minh_data_synth/TabularDA/output/corrected_v2/census_kdd/acc/census_kdd_seed43_tvae_xonly_pca_gmm_mix.run.json,/home/thuy/Research/minh_data_synth/TabularDA/sdv trained model/corrected_v2/census_kdd/seed_43/census_kdd_seed43_tvae_xonly.pkl,/home/thuy/Research/minh_data_synth/TabularDA/data/corrected_v2/census_kdd/seed_43/census_kdd_seed43_tvae_xonly_pca_gmm_100k.predictor.pkl,,0,0,,,False,False,False,True,True,True,True,e0e267d08b431af40e7a74db19ffc61a703479262b9ec05bcb6d573026331821
corrected_v2,census_kdd,43,synthetic,tvae_pca_gmm,/home/thuy/Research/minh_data_synth/TabularDA/output/corrected_v2/census_kdd/acc/census_kdd_seed43_tvae_xonly_pca_gmm_synthetic.run.json,/home/thuy/Research/minh_data_synth/TabularDA/sdv trained model/corrected_v2/census_kdd/seed_43/census_kdd_seed43_tvae_xonly.pkl,/home/thuy/Research/minh_data_synth/TabularDA/data/corrected_v2/census_kdd/seed_43/census_kdd_seed43_tvae_xonly_pca_gmm_100k.predictor.pkl,,0,0,,,False,False,False,True,True,True,True,2e618cd0c38f1663ac82a76412a8e33355e5db832d38c8c408861ebb7f012e7d
corrected_v2,census_kdd,43,mix,tvae_rf,/home/thuy/Research/minh_data_synth/TabularDA/output/corrected_v2/census_kdd/acc/census_kdd_seed43_tvae_xonly_rf_mix.run.json,/home/thuy/Research/minh_data_synth/TabularDA/sdv trained model/corrected_v2/census_kdd/seed_43/census_kdd_seed43_tvae_xonly.pkl,/home/thuy/Research/minh_data_synth/TabularDA/data/corrected_v2/census_kdd/seed_43/census_kdd_seed43_tvae_xonly_rf_100k.predictor.pkl,,0,0,,,False,True,False,True,True,True,True,135bce68fcb4b7eb810246a89d5c03644bd256f17a6aa448e7449939dbb60a49
corrected_v2,census_kdd,43,synthetic,tvae_rf,/home/thuy/Research/minh_data_synth/TabularDA/output/corrected_v2/census_kdd/acc/census_kdd_seed43_tvae_xonly_rf_synthetic.run.json,/home/thuy/Research/minh_data_synth/TabularDA/sdv trained model/corrected_v2/census_kdd/seed_43/census_kdd_seed43_tvae_xonly.pkl,/home/thuy/Research/minh_data_synth/TabularDA/data/corrected_v2/census_kdd/seed_43/census_kdd_seed43_tvae_xonly_rf_100k.predictor.pkl,,0,0,,,False,True,False,True,True,True,True,49023842cb2770ab9516f5c16cca8fbb0315e82ad5cf3353037f8208d4d3b5a1
corrected_v2,census_kdd,43,mix,tvae_xgb,/home/thuy/Research/minh_data_synth/TabularDA/output/corrected_v2/census_kdd/acc/census_kdd_seed43_tvae_xonly_xgb_mix.run.json,/home/thuy/Research/minh_data_synth/TabularDA/sdv trained model/corrected_v2/census_kdd/seed_43/census_kdd_seed43_tvae_xonly.pkl,/home/thuy/Research/minh_data_synth/TabularDA/data/corrected_v2/census_kdd/seed_43/census_kdd_seed43_tvae_xonly_xgb_100k.predictor.pkl,,0,0,,,False,True,False,True,True,True,True,1774f5bc74afa605d1af7bcfa26ef566d7488768d6467cc42ecc77344aa57e53
corrected_v2,census_kdd,43,synthetic,tvae_xgb,/home/thuy/Research/minh_data_synth/TabularDA/output/corrected_v2/census_kdd/acc/census_kdd_seed43_tvae_xonly_xgb_synthetic.run.json,/home/thuy/Research/minh_data_synth/TabularDA/sdv trained model/corrected_v2/census_kdd/seed_43/census_kdd_seed43_tvae_xonly.pkl,/home/thuy/Research/minh_data_synth/TabularDA/data/corrected_v2/census_kdd/seed_43/census_kdd_seed43_tvae_xonly_xgb_100k.predictor.pkl,,0,0,,,False,True,False,True,True,True,True,b8642218fbdb3bb032f98f0391307d477f18b759085c449d142e369e1163c629
corrected_v2,covertype,42,mix,compare_categorical,/home/thuy/Research/minh_data_synth/TabularDA/output/corrected_v2/covertype/acc/covertype_seed42_ctgan_full_categorical_mix.run.json,/home/thuy/Research/minh_data_synth/TabularDA/sdv trained model/corrected_v2/covertype/seed_42/covertype_seed42_ctgan_full.pkl,/home/thuy/Research/minh_data_synth/TabularDA/data/corrected_v2/covertype/seed_42/covertype_seed42_ctgan_full_categorical_100k.predictor.pkl,categorical_nb_erased_binary_features,41,0,,,False,False,True,True,True,True,True,7dfb6d0fab8794294a741202ee2c4eac2580a1d257327a5bf02330775e263301
corrected_v2,covertype,42,synthetic,compare_categorical,/home/thuy/Research/minh_data_synth/TabularDA/output/corrected_v2/covertype/acc/covertype_seed42_ctgan_full_categorical_synthetic.run.json,/home/thuy/Research/minh_data_synth/TabularDA/sdv trained model/corrected_v2/covertype/seed_42/covertype_seed42_ctgan_full.pkl,/home/thuy/Research/minh_data_synth/TabularDA/data/corrected_v2/covertype/seed_42/covertype_seed42_ctgan_full_categorical_100k.predictor.pkl,categorical_nb_erased_binary_features,41,0,,,False,False,True,True,True,True,True,0897b6d933f09b8655c07aab82932c46e6ef549bd8f86f4f6ca5d401409f3453
corrected_v2,covertype,42,mix,compare_dnn,/home/thuy/Research/minh_data_synth/TabularDA/output/corrected_v2/covertype/acc/covertype_seed42_ctgan_full_dnn_mix.run.json,/home/thuy/Research/minh_data_synth/TabularDA/sdv trained model/corrected_v2/covertype/seed_42/covertype_seed42_ctgan_full.pkl,/home/thuy/Research/minh_data_synth/TabularDA/data/corrected_v2/covertype/seed_42/covertype_seed42_ctgan_full_dnn_100k.predictor.pt,,0,0,,,False,False,True,True,True,True,True,30e70e232fa993a24cbe4e09153c74dc9099dac3b994c416c5ba69b0d5d43328
corrected_v2,covertype,42,synthetic,compare_dnn,/home/thuy/Research/minh_data_synth/TabularDA/output/corrected_v2/covertype/acc/covertype_seed42_ctgan_full_dnn_synthetic.run.json,/home/thuy/Research/minh_data_synth/TabularDA/sdv trained model/corrected_v2/covertype/seed_42/covertype_seed42_ctgan_full.pkl,/home/thuy/Research/minh_data_synth/TabularDA/data/corrected_v2/covertype/seed_42/covertype_seed42_ctgan_full_dnn_100k.predictor.pt,,0,0,,,False,False,True,True,True,True,True,16237b864177d2f82457f9bcf3ec6d04c8fa6fdf2f4c3b4d9e51eccd574e159e
corrected_v2,covertype,42,mix,compare_gaussian,/home/thuy/Research/minh_data_synth/TabularDA/output/corrected_v2/covertype/acc/covertype_seed42_ctgan_full_gaussian_mix.run.json,/home/thuy/Research/minh_data_synth/TabularDA/sdv trained model/corrected_v2/covertype/seed_42/covertype_seed42_ctgan_full.pkl,/home/thuy/Research/minh_data_synth/TabularDA/data/corrected_v2/covertype/seed_42/covertype_seed42_ctgan_full_gaussian_100k.predictor.pkl,,0,0,,,False,False,True,True,True,True,True,ea167dc1b8410b6790a12bb1c81b1168b1ef97c184b9283c6a21a6d67a80d36c
corrected_v2,covertype,42,synthetic,compare_gaussian,/home/thuy/Research/minh_data_synth/TabularDA/output/corrected_v2/covertype/acc/covertype_seed42_ctgan_full_gaussian_synthetic.run.json,/home/thuy/Research/minh_data_synth/TabularDA/sdv trained model/corrected_v2/covertype/seed_42/covertype_seed42_ctgan_full.pkl,/home/thuy/Research/minh_data_synth/TabularDA/data/corrected_v2/covertype/seed_42/covertype_seed42_ctgan_full_gaussian_100k.predictor.pkl,,0,0,,,False,False,True,True,True,True,True,8df7318025544c7f07586653d4fca2383a247a1cb3a57febadf075d035e5687a
corrected_v2,covertype,42,mix,ctgan,/home/thuy/Research/minh_data_synth/TabularDA/output/corrected_v2/covertype/acc/covertype_seed42_ctgan_full_generated_mix.run.json,/home/thuy/Research/minh_data_synth/TabularDA/sdv trained model/corrected_v2/covertype/seed_42/covertype_seed42_ctgan_full.pkl,,,0,0,,,False,False,True,True,True,True,,2bee5b296420a56f871be280ecca628a4286d33baebeaf8e33cad45bcf52a7a4
corrected_v2,covertype,42,synthetic,ctgan,/home/thuy/Research/minh_data_synth/TabularDA/output/corrected_v2/covertype/acc/covertype_seed42_ctgan_full_generated_synthetic.run.json,/home/thuy/Research/minh_data_synth/TabularDA/sdv trained model/corrected_v2/covertype/seed_42/covertype_seed42_ctgan_full.pkl,,,0,0,,,False,False,True,True,True,True,,4f26f50eef3db2e94f7b2b887fba686df0b1365578d7d128f8642ef9b636efd1
corrected_v2,covertype,42,mix,compare_pca_gmm,/home/thuy/Research/minh_data_synth/TabularDA/output/corrected_v2/covertype/acc/covertype_seed42_ctgan_full_pca_gmm_mix.run.json,/home/thuy/Research/minh_data_synth/TabularDA/sdv trained model/corrected_v2/covertype/seed_42/covertype_seed42_ctgan_full.pkl,/home/thuy/Research/minh_data_synth/TabularDA/data/corrected_v2/covertype/seed_42/covertype_seed42_ctgan_full_pca_gmm_100k.predictor.pkl,,0,0,,,False,False,True,True,True,True,True,73456aec48295e81f97faef871940760bf87e8037c36646abb48d57a8dfcf16b
corrected_v2,covertype,42,synthetic,compare_pca_gmm,/home/thuy/Research/minh_data_synth/TabularDA/output/corrected_v2/covertype/acc/covertype_seed42_ctgan_full_pca_gmm_synthetic.run.json,/home/thuy/Research/minh_data_synth/TabularDA/sdv trained model/corrected_v2/covertype/seed_42/covertype_seed42_ctgan_full.pkl,/home/thuy/Research/minh_data_synth/TabularDA/data/corrected_v2/covertype/seed_42/covertype_seed42_ctgan_full_pca_gmm_100k.predictor.pkl,,0,0,,,False,False,True,True,True,True,True,c91c0d132bb38d2734433b75698511c35c740f5a8692398334fd6a43739be3bb
corrected_v2,covertype,42,mix,compare_rf,/home/thuy/Research/minh_data_synth/TabularDA/output/corrected_v2/covertype/acc/covertype_seed42_ctgan_full_rf_mix.run.json,/home/thuy/Research/minh_data_synth/TabularDA/sdv trained model/corrected_v2/covertype/seed_42/covertype_seed42_ctgan_full.pkl,/home/thuy/Research/minh_data_synth/TabularDA/data/corrected_v2/covertype/seed_42/covertype_seed42_ctgan_full_rf_100k.predictor.pkl,,0,0,,,False,False,True,True,True,True,True,6fb6d8e73fd1b5956c73ebaa3ffb6af7493f6d711188ca7126ca9d5ff708f0c0
corrected_v2,covertype,42,synthetic,compare_rf,/home/thuy/Research/minh_data_synth/TabularDA/output/corrected_v2/covertype/acc/covertype_seed42_ctgan_full_rf_synthetic.run.json,/home/thuy/Research/minh_data_synth/TabularDA/sdv trained model/corrected_v2/covertype/seed_42/covertype_seed42_ctgan_full.pkl,/home/thuy/Research/minh_data_synth/TabularDA/data/corrected_v2/covertype/seed_42/covertype_seed42_ctgan_full_rf_100k.predictor.pkl,,0,0,,,False,False,True,True,True,True,True,f8e7afca762bbcd7c3786b8ffceaf815e3ea4bae1b525b85561edfda38b76882
corrected_v2,covertype,42,mix,compare_xgb,/home/thuy/Research/minh_data_synth/TabularDA/output/corrected_v2/covertype/acc/covertype_seed42_ctgan_full_xgb_mix.run.json,/home/thuy/Research/minh_data_synth/TabularDA/sdv trained model/corrected_v2/covertype/seed_42/covertype_seed42_ctgan_full.pkl,/home/thuy/Research/minh_data_synth/TabularDA/data/corrected_v2/covertype/seed_42/covertype_seed42_ctgan_full_xgb_100k.predictor.pkl,,0,0,,,False,False,True,True,True,True,True,1f93426a9163e2dd23f6b85c569a44639556006329f1bfe727148fc638766b5d
corrected_v2,covertype,42,synthetic,compare_xgb,/home/thuy/Research/minh_data_synth/TabularDA/output/corrected_v2/covertype/acc/covertype_seed42_ctgan_full_xgb_synthetic.run.json,/home/thuy/Research/minh_data_synth/TabularDA/sdv trained model/corrected_v2/covertype/seed_42/covertype_seed42_ctgan_full.pkl,/home/thuy/Research/minh_data_synth/TabularDA/data/corrected_v2/covertype/seed_42/covertype_seed42_ctgan_full_xgb_100k.predictor.pkl,,0,0,,,False,False,True,True,True,True,True,8cb132a823d12e4dfe0bbda02c916b219523cd6f3437e43ec1a61b7d4f5786da
corrected_v2,covertype,42,mix,categorical,/home/thuy/Research/minh_data_synth/TabularDA/output/corrected_v2/covertype/acc/covertype_seed42_ctgan_xonly_categorical_mix.run.json,/home/thuy/Research/minh_data_synth/TabularDA/sdv trained model/corrected_v2/covertype/seed_42/covertype_seed42_ctgan_xonly.pkl,/home/thuy/Research/minh_data_synth/TabularDA/data/corrected_v2/covertype/seed_42/covertype_seed42_ctgan_xonly_categorical_100k.predictor.pkl,categorical_nb_erased_binary_features,41,0,,,False,False,True,True,True,True,True,57d6a5e9bd5497d710c21b4450d43259a582a24dda2894d1927ae624ef8eba22
corrected_v2,covertype,42,synthetic,categorical,/home/thuy/Research/minh_data_synth/TabularDA/output/corrected_v2/covertype/acc/covertype_seed42_ctgan_xonly_categorical_synthetic.run.json,/home/thuy/Research/minh_data_synth/TabularDA/sdv trained model/corrected_v2/covertype/seed_42/covertype_seed42_ctgan_xonly.pkl,/home/thuy/Research/minh_data_synth/TabularDA/data/corrected_v2/covertype/seed_42/covertype_seed42_ctgan_xonly_categorical_100k.predictor.pkl,categorical_nb_erased_binary_features,41,0,,,False,False,True,True,True,True,True,8d849cbb7bac755d89539e3cac887af456588be71fc3b3f9db9a46e69d2983d1
corrected_v2,covertype,42,mix,dnn,/home/thuy/Research/minh_data_synth/TabularDA/output/corrected_v2/covertype/acc/covertype_seed42_ctgan_xonly_dnn_mix.run.json,/home/thuy/Research/minh_data_synth/TabularDA/sdv trained model/corrected_v2/covertype/seed_42/covertype_seed42_ctgan_xonly.pkl,/home/thuy/Research/minh_data_synth/TabularDA/data/corrected_v2/covertype/seed_42/covertype_seed42_ctgan_xonly_dnn_100k.predictor.pt,,0,0,,,False,False,True,True,True,True,True,02d5979c4a7bd9719046fde3c762fbdb24ae0680dae993f8fac9aff183cd84fb
corrected_v2,covertype,42,synthetic,dnn,/home/thuy/Research/minh_data_synth/TabularDA/output/corrected_v2/covertype/acc/covertype_seed42_ctgan_xonly_dnn_synthetic.run.json,/home/thuy/Research/minh_data_synth/TabularDA/sdv trained model/corrected_v2/covertype/seed_42/covertype_seed42_ctgan_xonly.pkl,/home/thuy/Research/minh_data_synth/TabularDA/data/corrected_v2/covertype/seed_42/covertype_seed42_ctgan_xonly_dnn_100k.predictor.pt,,0,0,,,False,False,True,True,True,True,True,062a10998bfe894263cfc9ef28e9dda5735029e1d785fb90f25d570742ab128b
corrected_v2,covertype,42,mix,gaussian,/home/thuy/Research/minh_data_synth/TabularDA/output/corrected_v2/covertype/acc/covertype_seed42_ctgan_xonly_gaussian_mix.run.json,/home/thuy/Research/minh_data_synth/TabularDA/sdv trained model/corrected_v2/covertype/seed_42/covertype_seed42_ctgan_xonly.pkl,/home/thuy/Research/minh_data_synth/TabularDA/data/corrected_v2/covertype/seed_42/covertype_seed42_ctgan_xonly_gaussian_100k.predictor.pkl,,0,0,,,False,False,True,True,True,True,True,2b9246ccdae1d0f3266a3da627c7ed28abfc54d3f2fd2d235100642906b12260
corrected_v2,covertype,42,synthetic,gaussian,/home/thuy/Research/minh_data_synth/TabularDA/output/corrected_v2/covertype/acc/covertype_seed42_ctgan_xonly_gaussian_synthetic.run.json,/home/thuy/Research/minh_data_synth/TabularDA/sdv trained model/corrected_v2/covertype/seed_42/covertype_seed42_ctgan_xonly.pkl,/home/thuy/Research/minh_data_synth/TabularDA/data/corrected_v2/covertype/seed_42/covertype_seed42_ctgan_xonly_gaussian_100k.predictor.pkl,,0,0,,,False,False,True,True,True,True,True,4322ff3b6ad3fca9f78fd0afa7188de94d4f9b60c053c20026b19ebaf9936acd
corrected_v2,covertype,42,mix,pca_gmm,/home/thuy/Research/minh_data_synth/TabularDA/output/corrected_v2/covertype/acc/covertype_seed42_ctgan_xonly_pca_gmm_mix.run.json,/home/thuy/Research/minh_data_synth/TabularDA/sdv trained model/corrected_v2/covertype/seed_42/covertype_seed42_ctgan_xonly.pkl,/home/thuy/Research/minh_data_synth/TabularDA/data/corrected_v2/covertype/seed_42/covertype_seed42_ctgan_xonly_pca_gmm_100k.predictor.pkl,,0,0,,,False,False,True,True,True,True,True,f10fea8a6411d1253923e309c7def338c7b2bad5507aad21b4be90a924ec05b7
corrected_v2,covertype,42,synthetic,pca_gmm,/home/thuy/Research/minh_data_synth/TabularDA/output/corrected_v2/covertype/acc/covertype_seed42_ctgan_xonly_pca_gmm_synthetic.run.json,/home/thuy/Research/minh_data_synth/TabularDA/sdv trained model/corrected_v2/covertype/seed_42/covertype_seed42_ctgan_xonly.pkl,/home/thuy/Research/minh_data_synth/TabularDA/data/corrected_v2/covertype/seed_42/covertype_seed42_ctgan_xonly_pca_gmm_100k.predictor.pkl,,0,0,,,False,False,True,True,True,True,True,302fd048c9bfecd511f12f17e7959de5047cca1a945bc4f50e9be5983a6144ea
corrected_v2,covertype,42,mix,rf,/home/thuy/Research/minh_data_synth/TabularDA/output/corrected_v2/covertype/acc/covertype_seed42_ctgan_xonly_rf_mix.run.json,/home/thuy/Research/minh_data_synth/TabularDA/sdv trained model/corrected_v2/covertype/seed_42/covertype_seed42_ctgan_xonly.pkl,/home/thuy/Research/minh_data_synth/TabularDA/data/corrected_v2/covertype/seed_42/covertype_seed42_ctgan_xonly_rf_100k.predictor.pkl,,0,0,,,False,False,True,True,True,True,True,a3e9b91adaaed720146ec1c6d33982e02816f69cc3c30ba41344b12bf8df7b90
corrected_v2,covertype,42,synthetic,rf,/home/thuy/Research/minh_data_synth/TabularDA/output/corrected_v2/covertype/acc/covertype_seed42_ctgan_xonly_rf_synthetic.run.json,/home/thuy/Research/minh_data_synth/TabularDA/sdv trained model/corrected_v2/covertype/seed_42/covertype_seed42_ctgan_xonly.pkl,/home/thuy/Research/minh_data_synth/TabularDA/data/corrected_v2/covertype/seed_42/covertype_seed42_ctgan_xonly_rf_100k.predictor.pkl,,0,0,,,False,False,True,True,True,True,True,2200cab558a6e8cda3dc4afa3004850744d959a3ff74d7ee6529fb010412e479
corrected_v2,covertype,42,mix,xgb,/home/thuy/Research/minh_data_synth/TabularDA/output/corrected_v2/covertype/acc/covertype_seed42_ctgan_xonly_xgb_mix.run.json,/home/thuy/Research/minh_data_synth/TabularDA/sdv trained model/corrected_v2/covertype/seed_42/covertype_seed42_ctgan_xonly.pkl,/home/thuy/Research/minh_data_synth/TabularDA/data/corrected_v2/covertype/seed_42/covertype_seed42_ctgan_xonly_xgb_100k.predictor.pkl,,0,0,,,False,False,True,True,True,True,True,5853ce206967848e4fc072749558a5a6b58d2d69d3cb6e4903debfbc560465ab
corrected_v2,covertype,42,synthetic,xgb,/home/thuy/Research/minh_data_synth/TabularDA/output/corrected_v2/covertype/acc/covertype_seed42_ctgan_xonly_xgb_synthetic.run.json,/home/thuy/Research/minh_data_synth/TabularDA/sdv trained model/corrected_v2/covertype/seed_42/covertype_seed42_ctgan_xonly.pkl,/home/thuy/Research/minh_data_synth/TabularDA/data/corrected_v2/covertype/seed_42/covertype_seed42_ctgan_xonly_xgb_100k.predictor.pkl,,0,0,,,False,False,True,True,True,True,True,8d451d58c1d282f9ad49ec160ed4958b2db22e19033a1498577706c277ebc132
corrected_v2,covertype,42,original,,/home/thuy/Research/minh_data_synth/TabularDA/output/corrected_v2/covertype/acc/covertype_seed42_real_original.run.json,,,,0,0,,,False,False,False,True,True,True,,5299ffe0f44ce8a5c1774b84ea9e2f3b6817e7978c2bceb81b5bdda0110b65a8
corrected_v2,covertype,42,mix,tvae_compare_categorical,/home/thuy/Research/minh_data_synth/TabularDA/output/corrected_v2/covertype/acc/covertype_seed42_tvae_full_categorical_mix.run.json,/home/thuy/Research/minh_data_synth/TabularDA/sdv trained model/corrected_v2/covertype/seed_42/covertype_seed42_tvae_full.pkl,/home/thuy/Research/minh_data_synth/TabularDA/data/corrected_v2/covertype/seed_42/covertype_seed42_tvae_full_categorical_100k.predictor.pkl,categorical_nb_erased_binary_features,41,0,,,False,False,False,True,True,True,True,8b549989d068f43ca350e6451b03c3cbf95b0f7bbf63a2d4171490f81b7be211
corrected_v2,covertype,42,synthetic,tvae_compare_categorical,/home/thuy/Research/minh_data_synth/TabularDA/output/corrected_v2/covertype/acc/covertype_seed42_tvae_full_categorical_synthetic.run.json,/home/thuy/Research/minh_data_synth/TabularDA/sdv trained model/corrected_v2/covertype/seed_42/covertype_seed42_tvae_full.pkl,/home/thuy/Research/minh_data_synth/TabularDA/data/corrected_v2/covertype/seed_42/covertype_seed42_tvae_full_categorical_100k.predictor.pkl,categorical_nb_erased_binary_features,41,0,,,False,False,False,True,True,True,True,fcce3e37567c864587c0cb45b478870b79d67e09599b43af609d10602cf9a6f2
corrected_v2,covertype,42,mix,tvae_compare_dnn,/home/thuy/Research/minh_data_synth/TabularDA/output/corrected_v2/covertype/acc/covertype_seed42_tvae_full_dnn_mix.run.json,/home/thuy/Research/minh_data_synth/TabularDA/sdv trained model/corrected_v2/covertype/seed_42/covertype_seed42_tvae_full.pkl,/home/thuy/Research/minh_data_synth/TabularDA/data/corrected_v2/covertype/seed_42/covertype_seed42_tvae_full_dnn_100k.predictor.pt,,0,0,,,False,False,False,True,True,True,True,3881788ad7b541c55a20cb26559ab7dd6dcc73c2ea8ff2ae4c4bc824bcd62f55
corrected_v2,covertype,42,synthetic,tvae_compare_dnn,/home/thuy/Research/minh_data_synth/TabularDA/output/corrected_v2/covertype/acc/covertype_seed42_tvae_full_dnn_synthetic.run.json,/home/thuy/Research/minh_data_synth/TabularDA/sdv trained model/corrected_v2/covertype/seed_42/covertype_seed42_tvae_full.pkl,/home/thuy/Research/minh_data_synth/TabularDA/data/corrected_v2/covertype/seed_42/covertype_seed42_tvae_full_dnn_100k.predictor.pt,,0,0,,,False,False,False,True,True,True,True,f811253d1365d23d84d2c1ebd55962a80fd34ebb6eebbe3d5164212c808dd13a
corrected_v2,covertype,42,mix,tvae_compare_gaussian,/home/thuy/Research/minh_data_synth/TabularDA/output/corrected_v2/covertype/acc/covertype_seed42_tvae_full_gaussian_mix.run.json,/home/thuy/Research/minh_data_synth/TabularDA/sdv trained model/corrected_v2/covertype/seed_42/covertype_seed42_tvae_full.pkl,/home/thuy/Research/minh_data_synth/TabularDA/data/corrected_v2/covertype/seed_42/covertype_seed42_tvae_full_gaussian_100k.predictor.pkl,,0,0,,,False,False,False,True,True,True,True,a827ca8ec87bc2a045edb5ff7a198b0fb73d2f0fe3f14883b4dfd5bb1e974794
corrected_v2,covertype,42,synthetic,tvae_compare_gaussian,/home/thuy/Research/minh_data_synth/TabularDA/output/corrected_v2/covertype/acc/covertype_seed42_tvae_full_gaussian_synthetic.run.json,/home/thuy/Research/minh_data_synth/TabularDA/sdv trained model/corrected_v2/covertype/seed_42/covertype_seed42_tvae_full.pkl,/home/thuy/Research/minh_data_synth/TabularDA/data/corrected_v2/covertype/seed_42/covertype_seed42_tvae_full_gaussian_100k.predictor.pkl,,0,0,,,False,False,False,True,True,True,True,14d462143e2d13b354a5ca1eca4268df4add9fb5b5a199077e511ea12b37e78a
corrected_v2,covertype,42,mix,tvae,/home/thuy/Research/minh_data_synth/TabularDA/output/corrected_v2/covertype/acc/covertype_seed42_tvae_full_generated_mix.run.json,/home/thuy/Research/minh_data_synth/TabularDA/sdv trained model/corrected_v2/covertype/seed_42/covertype_seed42_tvae_full.pkl,,,0,0,,,False,False,False,True,True,True,,0316a33175d06920c64073df3e85590701b9d3c8922466debe999e233b87f8be
corrected_v2,covertype,42,synthetic,tvae,/home/thuy/Research/minh_data_synth/TabularDA/output/corrected_v2/covertype/acc/covertype_seed42_tvae_full_generated_synthetic.run.json,/home/thuy/Research/minh_data_synth/TabularDA/sdv trained model/corrected_v2/covertype/seed_42/covertype_seed42_tvae_full.pkl,,,0,0,,,False,False,False,True,True,True,,b02a83c56c632e000cec966ecbf479a7616494da10890d32549ad6ce94901f4e
corrected_v2,covertype,42,mix,tvae_compare_pca_gmm,/home/thuy/Research/minh_data_synth/TabularDA/output/corrected_v2/covertype/acc/covertype_seed42_tvae_full_pca_gmm_mix.run.json,/home/thuy/Research/minh_data_synth/TabularDA/sdv trained model/corrected_v2/covertype/seed_42/covertype_seed42_tvae_full.pkl,/home/thuy/Research/minh_data_synth/TabularDA/data/corrected_v2/covertype/seed_42/covertype_seed42_tvae_full_pca_gmm_100k.predictor.pkl,,0,0,,,False,False,False,True,True,True,True,b6189a6fca8321eed1e73f2bd3672168aa1bbf544f8f5ddabd00ed922cff0de7
corrected_v2,covertype,42,synthetic,tvae_compare_pca_gmm,/home/thuy/Research/minh_data_synth/TabularDA/output/corrected_v2/covertype/acc/covertype_seed42_tvae_full_pca_gmm_synthetic.run.json,/home/thuy/Research/minh_data_synth/TabularDA/sdv trained model/corrected_v2/covertype/seed_42/covertype_seed42_tvae_full.pkl,/home/thuy/Research/minh_data_synth/TabularDA/data/corrected_v2/covertype/seed_42/covertype_seed42_tvae_full_pca_gmm_100k.predictor.pkl,,0,0,,,False,False,False,True,True,True,True,f20c08dfd1204e402256596669f84f7d0aaabec2b2ab5fe1ef45bed7154a90e3
corrected_v2,covertype,42,mix,tvae_compare_rf,/home/thuy/Research/minh_data_synth/TabularDA/output/corrected_v2/covertype/acc/covertype_seed42_tvae_full_rf_mix.run.json,/home/thuy/Research/minh_data_synth/TabularDA/sdv trained model/corrected_v2/covertype/seed_42/covertype_seed42_tvae_full.pkl,/home/thuy/Research/minh_data_synth/TabularDA/data/corrected_v2/covertype/seed_42/covertype_seed42_tvae_full_rf_100k.predictor.pkl,,0,0,,,False,False,False,True,True,True,True,61a5ad349ec45013bd4366cb52703e2badf892d25281a9edcefb58ba10534722
corrected_v2,covertype,42,synthetic,tvae_compare_rf,/home/thuy/Research/minh_data_synth/TabularDA/output/corrected_v2/covertype/acc/covertype_seed42_tvae_full_rf_synthetic.run.json,/home/thuy/Research/minh_data_synth/TabularDA/sdv trained model/corrected_v2/covertype/seed_42/covertype_seed42_tvae_full.pkl,/home/thuy/Research/minh_data_synth/TabularDA/data/corrected_v2/covertype/seed_42/covertype_seed42_tvae_full_rf_100k.predictor.pkl,,0,0,,,False,False,False,True,True,True,True,3c012f07bacd08d45c7f8ca879bbe52de68cdf0af02455606fb8bdbc8167d7b0
corrected_v2,covertype,42,mix,tvae_compare_xgb,/home/thuy/Research/minh_data_synth/TabularDA/output/corrected_v2/covertype/acc/covertype_seed42_tvae_full_xgb_mix.run.json,/home/thuy/Research/minh_data_synth/TabularDA/sdv trained model/corrected_v2/covertype/seed_42/covertype_seed42_tvae_full.pkl,/home/thuy/Research/minh_data_synth/TabularDA/data/corrected_v2/covertype/seed_42/covertype_seed42_tvae_full_xgb_100k.predictor.pkl,,0,0,,,False,False,False,True,True,True,True,dbdba65a169d32624c69f89956670159d14890299286b94189f11960dc787274
corrected_v2,covertype,42,synthetic,tvae_compare_xgb,/home/thuy/Research/minh_data_synth/TabularDA/output/corrected_v2/covertype/acc/covertype_seed42_tvae_full_xgb_synthetic.run.json,/home/thuy/Research/minh_data_synth/TabularDA/sdv trained model/corrected_v2/covertype/seed_42/covertype_seed42_tvae_full.pkl,/home/thuy/Research/minh_data_synth/TabularDA/data/corrected_v2/covertype/seed_42/covertype_seed42_tvae_full_xgb_100k.predictor.pkl,,0,0,,,False,False,False,True,True,True,True,316ecc2d269d65ce51d8fc606c0fb998d579369726ab14f50fab59f2c6f741dc
corrected_v2,covertype,42,mix,tvae_categorical,/home/thuy/Research/minh_data_synth/TabularDA/output/corrected_v2/covertype/acc/covertype_seed42_tvae_xonly_categorical_mix.run.json,/home/thuy/Research/minh_data_synth/TabularDA/sdv trained model/corrected_v2/covertype/seed_42/covertype_seed42_tvae_xonly.pkl,/home/thuy/Research/minh_data_synth/TabularDA/data/corrected_v2/covertype/seed_42/covertype_seed42_tvae_xonly_categorical_100k.predictor.pkl,categorical_nb_erased_binary_features,41,0,,,False,False,False,True,True,True,True,b1092228414b2a93c7655975c62e518c874f1c38a618a60cffea169bfed5e741
corrected_v2,covertype,42,synthetic,tvae_categorical,/home/thuy/Research/minh_data_synth/TabularDA/output/corrected_v2/covertype/acc/covertype_seed42_tvae_xonly_categorical_synthetic.run.json,/home/thuy/Research/minh_data_synth/TabularDA/sdv trained model/corrected_v2/covertype/seed_42/covertype_seed42_tvae_xonly.pkl,/home/thuy/Research/minh_data_synth/TabularDA/data/corrected_v2/covertype/seed_42/covertype_seed42_tvae_xonly_categorical_100k.predictor.pkl,categorical_nb_erased_binary_features,41,0,,,False,False,False,True,True,True,True,486aa1371831b56c2917a06dfb2984f7e5496fdaa9688b4c345ef14183650666
corrected_v2,covertype,42,mix,tvae_dnn,/home/thuy/Research/minh_data_synth/TabularDA/output/corrected_v2/covertype/acc/covertype_seed42_tvae_xonly_dnn_mix.run.json,/home/thuy/Research/minh_data_synth/TabularDA/sdv trained model/corrected_v2/covertype/seed_42/covertype_seed42_tvae_xonly.pkl,/home/thuy/Research/minh_data_synth/TabularDA/data/corrected_v2/covertype/seed_42/covertype_seed42_tvae_xonly_dnn_100k.predictor.pt,,0,0,,,False,False,False,True,True,True,True,ad88fa45f826deb9bc309ce40cf320412ab75fc65d17a051624011f4437d398b
corrected_v2,covertype,42,synthetic,tvae_dnn,/home/thuy/Research/minh_data_synth/TabularDA/output/corrected_v2/covertype/acc/covertype_seed42_tvae_xonly_dnn_synthetic.run.json,/home/thuy/Research/minh_data_synth/TabularDA/sdv trained model/corrected_v2/covertype/seed_42/covertype_seed42_tvae_xonly.pkl,/home/thuy/Research/minh_data_synth/TabularDA/data/corrected_v2/covertype/seed_42/covertype_seed42_tvae_xonly_dnn_100k.predictor.pt,,0,0,,,False,False,False,True,True,True,True,9b18ebb12e3986746618447adb2bb18d9948ef313321b1980ebe494614d16e41
corrected_v2,covertype,42,mix,tvae_gaussian,/home/thuy/Research/minh_data_synth/TabularDA/output/corrected_v2/covertype/acc/covertype_seed42_tvae_xonly_gaussian_mix.run.json,/home/thuy/Research/minh_data_synth/TabularDA/sdv trained model/corrected_v2/covertype/seed_42/covertype_seed42_tvae_xonly.pkl,/home/thuy/Research/minh_data_synth/TabularDA/data/corrected_v2/covertype/seed_42/covertype_seed42_tvae_xonly_gaussian_100k.predictor.pkl,,0,0,,,False,False,False,True,True,True,True,b7c283f9640452fcb410e31e39fad2fcc071b95c5c602905359a4c98cc94e414
corrected_v2,covertype,42,synthetic,tvae_gaussian,/home/thuy/Research/minh_data_synth/TabularDA/output/corrected_v2/covertype/acc/covertype_seed42_tvae_xonly_gaussian_synthetic.run.json,/home/thuy/Research/minh_data_synth/TabularDA/sdv trained model/corrected_v2/covertype/seed_42/covertype_seed42_tvae_xonly.pkl,/home/thuy/Research/minh_data_synth/TabularDA/data/corrected_v2/covertype/seed_42/covertype_seed42_tvae_xonly_gaussian_100k.predictor.pkl,,0,0,,,False,False,False,True,True,True,True,3d6e59c559cc5e4d24d357c0e0ebc317d8f328543b5048788eb1e38aa60aaec9
corrected_v2,covertype,42,mix,tvae_pca_gmm,/home/thuy/Research/minh_data_synth/TabularDA/output/corrected_v2/covertype/acc/covertype_seed42_tvae_xonly_pca_gmm_mix.run.json,/home/thuy/Research/minh_data_synth/TabularDA/sdv trained model/corrected_v2/covertype/seed_42/covertype_seed42_tvae_xonly.pkl,/home/thuy/Research/minh_data_synth/TabularDA/data/corrected_v2/covertype/seed_42/covertype_seed42_tvae_xonly_pca_gmm_100k.predictor.pkl,,0,0,,,False,False,False,True,True,True,True,83f2aaf1d87491486f22b195cd65bb30f7549d503940f9ba73d63d1dd1a8ece6
corrected_v2,covertype,42,synthetic,tvae_pca_gmm,/home/thuy/Research/minh_data_synth/TabularDA/output/corrected_v2/covertype/acc/covertype_seed42_tvae_xonly_pca_gmm_synthetic.run.json,/home/thuy/Research/minh_data_synth/TabularDA/sdv trained model/corrected_v2/covertype/seed_42/covertype_seed42_tvae_xonly.pkl,/home/thuy/Research/minh_data_synth/TabularDA/data/corrected_v2/covertype/seed_42/covertype_seed42_tvae_xonly_pca_gmm_100k.predictor.pkl,,0,0,,,False,False,False,True,True,True,True,f7961b94fd00be12b49f7b6bd554d0f7e1d9691885e821f2f6a251322ccdec0a
corrected_v2,covertype,42,mix,tvae_rf,/home/thuy/Research/minh_data_synth/TabularDA/output/corrected_v2/covertype/acc/covertype_seed42_tvae_xonly_rf_mix.run.json,/home/thuy/Research/minh_data_synth/TabularDA/sdv trained model/corrected_v2/covertype/seed_42/covertype_seed42_tvae_xonly.pkl,/home/thuy/Research/minh_data_synth/TabularDA/data/corrected_v2/covertype/seed_42/covertype_seed42_tvae_xonly_rf_100k.predictor.pkl,,0,0,,,False,False,False,True,True,True,True,3d211359731b7a2ffa36e1cca788664379ec4d6a69d4ea187fac7cd4a950a984
corrected_v2,covertype,42,synthetic,tvae_rf,/home/thuy/Research/minh_data_synth/TabularDA/output/corrected_v2/covertype/acc/covertype_seed42_tvae_xonly_rf_synthetic.run.json,/home/thuy/Research/minh_data_synth/TabularDA/sdv trained model/corrected_v2/covertype/seed_42/covertype_seed42_tvae_xonly.pkl,/home/thuy/Research/minh_data_synth/TabularDA/data/corrected_v2/covertype/seed_42/covertype_seed42_tvae_xonly_rf_100k.predictor.pkl,,0,0,,,False,False,False,True,True,True,True,de9d9bd2813ce80fdfa0aeb2b8c9871cbb6e67433c782219dee22422a0969e93
corrected_v2,covertype,42,mix,tvae_xgb,/home/thuy/Research/minh_data_synth/TabularDA/output/corrected_v2/covertype/acc/covertype_seed42_tvae_xonly_xgb_mix.run.json,/home/thuy/Research/minh_data_synth/TabularDA/sdv trained model/corrected_v2/covertype/seed_42/covertype_seed42_tvae_xonly.pkl,/home/thuy/Research/minh_data_synth/TabularDA/data/corrected_v2/covertype/seed_42/covertype_seed42_tvae_xonly_xgb_100k.predictor.pkl,,0,0,,,False,False,False,True,True,True,True,d7fca64507aaf4ef70fc80978c2f9fd5225700a82e350a2d0612287d8c542c44
corrected_v2,covertype,42,synthetic,tvae_xgb,/home/thuy/Research/minh_data_synth/TabularDA/output/corrected_v2/covertype/acc/covertype_seed42_tvae_xonly_xgb_synthetic.run.json,/home/thuy/Research/minh_data_synth/TabularDA/sdv trained model/corrected_v2/covertype/seed_42/covertype_seed42_tvae_xonly.pkl,/home/thuy/Research/minh_data_synth/TabularDA/data/corrected_v2/covertype/seed_42/covertype_seed42_tvae_xonly_xgb_100k.predictor.pkl,,0,0,,,False,False,False,True,True,True,True,88feae40656b8050aed0968eb62de684f8c723fbc097445e0adff49157b4dcd7
corrected_v2,covertype,43,mix,compare_categorical,/home/thuy/Research/minh_data_synth/TabularDA/output/corrected_v2/covertype/acc/covertype_seed43_ctgan_full_categorical_mix.run.json,/home/thuy/Research/minh_data_synth/TabularDA/sdv trained model/corrected_v2/covertype/seed_43/covertype_seed43_ctgan_full.pkl,/home/thuy/Research/minh_data_synth/TabularDA/data/corrected_v2/covertype/seed_43/covertype_seed43_ctgan_full_categorical_100k.predictor.pkl,,0,0,,,False,False,True,True,True,True,True,b665cb5471751cd6b43b7e1499f38bf1c5c56810485402ac2eab91d83076e975
corrected_v2,covertype,43,synthetic,compare_categorical,/home/thuy/Research/minh_data_synth/TabularDA/output/corrected_v2/covertype/acc/covertype_seed43_ctgan_full_categorical_synthetic.run.json,/home/thuy/Research/minh_data_synth/TabularDA/sdv trained model/corrected_v2/covertype/seed_43/covertype_seed43_ctgan_full.pkl,/home/thuy/Research/minh_data_synth/TabularDA/data/corrected_v2/covertype/seed_43/covertype_seed43_ctgan_full_categorical_100k.predictor.pkl,,0,0,,,False,False,True,True,True,True,True,0d617be6aeb97db25f0ba6be2b33bc6d0c4b3d81cd6f92ac17caafcdf4789c88
corrected_v2,covertype,43,mix,compare_dnn,/home/thuy/Research/minh_data_synth/TabularDA/output/corrected_v2/covertype/acc/covertype_seed43_ctgan_full_dnn_mix.run.json,/home/thuy/Research/minh_data_synth/TabularDA/sdv trained model/corrected_v2/covertype/seed_43/covertype_seed43_ctgan_full.pkl,/home/thuy/Research/minh_data_synth/TabularDA/data/corrected_v2/covertype/seed_43/covertype_seed43_ctgan_full_dnn_100k.predictor.pt,,0,0,,,False,False,True,True,True,True,True,c9bab6ccb97c27657de080fe04093bd40474b2b6bc73206c14e7303c0ce0085f
corrected_v2,covertype,43,synthetic,compare_dnn,/home/thuy/Research/minh_data_synth/TabularDA/output/corrected_v2/covertype/acc/covertype_seed43_ctgan_full_dnn_synthetic.run.json,/home/thuy/Research/minh_data_synth/TabularDA/sdv trained model/corrected_v2/covertype/seed_43/covertype_seed43_ctgan_full.pkl,/home/thuy/Research/minh_data_synth/TabularDA/data/corrected_v2/covertype/seed_43/covertype_seed43_ctgan_full_dnn_100k.predictor.pt,,0,0,,,False,False,True,True,True,True,True,12a3bb21d055e473e2e9f7f2c34dd1940b7c68cacd6e8999d007fa8b54cb96cc
corrected_v2,covertype,43,mix,compare_gaussian,/home/thuy/Research/minh_data_synth/TabularDA/output/corrected_v2/covertype/acc/covertype_seed43_ctgan_full_gaussian_mix.run.json,/home/thuy/Research/minh_data_synth/TabularDA/sdv trained model/corrected_v2/covertype/seed_43/covertype_seed43_ctgan_full.pkl,/home/thuy/Research/minh_data_synth/TabularDA/data/corrected_v2/covertype/seed_43/covertype_seed43_ctgan_full_gaussian_100k.predictor.pkl,,0,0,,,False,False,True,True,True,True,True,5b2717f03fbe17032e8fbcce6468fb4fea9a2cce3ee8b336aa3012b513550796
corrected_v2,covertype,43,synthetic,compare_gaussian,/home/thuy/Research/minh_data_synth/TabularDA/output/corrected_v2/covertype/acc/covertype_seed43_ctgan_full_gaussian_synthetic.run.json,/home/thuy/Research/minh_data_synth/TabularDA/sdv trained model/corrected_v2/covertype/seed_43/covertype_seed43_ctgan_full.pkl,/home/thuy/Research/minh_data_synth/TabularDA/data/corrected_v2/covertype/seed_43/covertype_seed43_ctgan_full_gaussian_100k.predictor.pkl,,0,0,,,False,False,True,True,True,True,True,de8c79e3bddb1fa75e64339c049817f0a8d384f78df946de3ecd91727774c03a
corrected_v2,covertype,43,mix,ctgan,/home/thuy/Research/minh_data_synth/TabularDA/output/corrected_v2/covertype/acc/covertype_seed43_ctgan_full_generated_mix.run.json,/home/thuy/Research/minh_data_synth/TabularDA/sdv trained model/corrected_v2/covertype/seed_43/covertype_seed43_ctgan_full.pkl,,,0,0,,,False,False,True,True,True,True,,b189d7aa989ac44609d4541f29d04d980897e3551ae1d3e97932394fe342463e
corrected_v2,covertype,43,synthetic,ctgan,/home/thuy/Research/minh_data_synth/TabularDA/output/corrected_v2/covertype/acc/covertype_seed43_ctgan_full_generated_synthetic.run.json,/home/thuy/Research/minh_data_synth/TabularDA/sdv trained model/corrected_v2/covertype/seed_43/covertype_seed43_ctgan_full.pkl,,,0,0,,,False,False,True,True,True,True,,f536776d2e37043f4e3e25b5ae0bbac3fb9164e75ab91a145b7f40f518001aae
corrected_v2,covertype,43,mix,compare_pca_gmm,/home/thuy/Research/minh_data_synth/TabularDA/output/corrected_v2/covertype/acc/covertype_seed43_ctgan_full_pca_gmm_mix.run.json,/home/thuy/Research/minh_data_synth/TabularDA/sdv trained model/corrected_v2/covertype/seed_43/covertype_seed43_ctgan_full.pkl,/home/thuy/Research/minh_data_synth/TabularDA/data/corrected_v2/covertype/seed_43/covertype_seed43_ctgan_full_pca_gmm_100k.predictor.pkl,,0,0,,,False,False,True,True,True,True,True,1dbb4f45f4a556f4e3564b90a039a996180f326c72d3395712d1200a10f1dd46
corrected_v2,covertype,43,synthetic,compare_pca_gmm,/home/thuy/Research/minh_data_synth/TabularDA/output/corrected_v2/covertype/acc/covertype_seed43_ctgan_full_pca_gmm_synthetic.run.json,/home/thuy/Research/minh_data_synth/TabularDA/sdv trained model/corrected_v2/covertype/seed_43/covertype_seed43_ctgan_full.pkl,/home/thuy/Research/minh_data_synth/TabularDA/data/corrected_v2/covertype/seed_43/covertype_seed43_ctgan_full_pca_gmm_100k.predictor.pkl,,0,0,,,False,False,True,True,True,True,True,bd6c08632fd72794397769cc4c1b2efcdf40313d48965a7d1dddcaaa345b319f
corrected_v2,covertype,43,mix,compare_rf,/home/thuy/Research/minh_data_synth/TabularDA/output/corrected_v2/covertype/acc/covertype_seed43_ctgan_full_rf_mix.run.json,/home/thuy/Research/minh_data_synth/TabularDA/sdv trained model/corrected_v2/covertype/seed_43/covertype_seed43_ctgan_full.pkl,/home/thuy/Research/minh_data_synth/TabularDA/data/corrected_v2/covertype/seed_43/covertype_seed43_ctgan_full_rf_100k.predictor.pkl,,0,0,,,False,False,True,True,True,True,True,89d9852083905022d274ef8f014c7dce8d6a93c84587b4aedd9382c4bf3327bd
corrected_v2,covertype,43,synthetic,compare_rf,/home/thuy/Research/minh_data_synth/TabularDA/output/corrected_v2/covertype/acc/covertype_seed43_ctgan_full_rf_synthetic.run.json,/home/thuy/Research/minh_data_synth/TabularDA/sdv trained model/corrected_v2/covertype/seed_43/covertype_seed43_ctgan_full.pkl,/home/thuy/Research/minh_data_synth/TabularDA/data/corrected_v2/covertype/seed_43/covertype_seed43_ctgan_full_rf_100k.predictor.pkl,,0,0,,,False,False,True,True,True,True,True,15a3c30f78a9fae4a9ac6ecd42dfcbba3167fb946b9c2a8795ace10ecad6f26c
corrected_v2,covertype,43,mix,compare_xgb,/home/thuy/Research/minh_data_synth/TabularDA/output/corrected_v2/covertype/acc/covertype_seed43_ctgan_full_xgb_mix.run.json,/home/thuy/Research/minh_data_synth/TabularDA/sdv trained model/corrected_v2/covertype/seed_43/covertype_seed43_ctgan_full.pkl,/home/thuy/Research/minh_data_synth/TabularDA/data/corrected_v2/covertype/seed_43/covertype_seed43_ctgan_full_xgb_100k.predictor.pkl,,0,0,,,False,False,True,True,True,True,True,34cc00c6eef933a980398b1e62f31784c75a16ad6b1852447abbcdc7c918fde8
corrected_v2,covertype,43,synthetic,compare_xgb,/home/thuy/Research/minh_data_synth/TabularDA/output/corrected_v2/covertype/acc/covertype_seed43_ctgan_full_xgb_synthetic.run.json,/home/thuy/Research/minh_data_synth/TabularDA/sdv trained model/corrected_v2/covertype/seed_43/covertype_seed43_ctgan_full.pkl,/home/thuy/Research/minh_data_synth/TabularDA/data/corrected_v2/covertype/seed_43/covertype_seed43_ctgan_full_xgb_100k.predictor.pkl,,0,0,,,False,False,True,True,True,True,True,5e38d6aeb5496fbe7fdfaccb87e5f42de7ee4daa16c2c4a0bdee1e910b3c6fe4
corrected_v2,covertype,43,mix,categorical,/home/thuy/Research/minh_data_synth/TabularDA/output/corrected_v2/covertype/acc/covertype_seed43_ctgan_xonly_categorical_mix.run.json,/home/thuy/Research/minh_data_synth/TabularDA/sdv trained model/corrected_v2/covertype/seed_43/covertype_seed43_ctgan_xonly.pkl,/home/thuy/Research/minh_data_synth/TabularDA/data/corrected_v2/covertype/seed_43/covertype_seed43_ctgan_xonly_categorical_100k.predictor.pkl,,0,0,,,False,False,True,True,True,True,True,2b8bf69841932b4248ec97fbd4cab0053f85aee00a2e62df90aeefb4f54f17f7
corrected_v2,covertype,43,synthetic,categorical,/home/thuy/Research/minh_data_synth/TabularDA/output/corrected_v2/covertype/acc/covertype_seed43_ctgan_xonly_categorical_synthetic.run.json,/home/thuy/Research/minh_data_synth/TabularDA/sdv trained model/corrected_v2/covertype/seed_43/covertype_seed43_ctgan_xonly.pkl,/home/thuy/Research/minh_data_synth/TabularDA/data/corrected_v2/covertype/seed_43/covertype_seed43_ctgan_xonly_categorical_100k.predictor.pkl,,0,0,,,False,False,True,True,True,True,True,c0f8d3782f12677b85ab732f1418810e6ce8109c33eae288d821073124a018ed
corrected_v2,covertype,43,mix,dnn,/home/thuy/Research/minh_data_synth/TabularDA/output/corrected_v2/covertype/acc/covertype_seed43_ctgan_xonly_dnn_mix.run.json,/home/thuy/Research/minh_data_synth/TabularDA/sdv trained model/corrected_v2/covertype/seed_43/covertype_seed43_ctgan_xonly.pkl,/home/thuy/Research/minh_data_synth/TabularDA/data/corrected_v2/covertype/seed_43/covertype_seed43_ctgan_xonly_dnn_100k.predictor.pt,,0,0,,,False,False,True,True,True,True,True,2db42357ecd9c9b44b0afad65e7b5df26fc072ca74698bed52c735e70f226504
corrected_v2,covertype,43,synthetic,dnn,/home/thuy/Research/minh_data_synth/TabularDA/output/corrected_v2/covertype/acc/covertype_seed43_ctgan_xonly_dnn_synthetic.run.json,/home/thuy/Research/minh_data_synth/TabularDA/sdv trained model/corrected_v2/covertype/seed_43/covertype_seed43_ctgan_xonly.pkl,/home/thuy/Research/minh_data_synth/TabularDA/data/corrected_v2/covertype/seed_43/covertype_seed43_ctgan_xonly_dnn_100k.predictor.pt,,0,0,,,False,False,True,True,True,True,True,59aed105c9d02f39d4678b9eb85e0b6812da56d1bbecec2f917a77e01abbb6b2
corrected_v2,covertype,43,mix,gaussian,/home/thuy/Research/minh_data_synth/TabularDA/output/corrected_v2/covertype/acc/covertype_seed43_ctgan_xonly_gaussian_mix.run.json,/home/thuy/Research/minh_data_synth/TabularDA/sdv trained model/corrected_v2/covertype/seed_43/covertype_seed43_ctgan_xonly.pkl,/home/thuy/Research/minh_data_synth/TabularDA/data/corrected_v2/covertype/seed_43/covertype_seed43_ctgan_xonly_gaussian_100k.predictor.pkl,,0,0,,,False,False,True,True,True,True,True,4f870b1050e9672fc59193764336c44c45dff126f82bdbc8c8743fed520a0872
corrected_v2,covertype,43,synthetic,gaussian,/home/thuy/Research/minh_data_synth/TabularDA/output/corrected_v2/covertype/acc/covertype_seed43_ctgan_xonly_gaussian_synthetic.run.json,/home/thuy/Research/minh_data_synth/TabularDA/sdv trained model/corrected_v2/covertype/seed_43/covertype_seed43_ctgan_xonly.pkl,/home/thuy/Research/minh_data_synth/TabularDA/data/corrected_v2/covertype/seed_43/covertype_seed43_ctgan_xonly_gaussian_100k.predictor.pkl,,0,0,,,False,False,True,True,True,True,True,b8f5e0a16eb96fbe10aaecd229ae8a9059ed7baa9227f449d4ccf1b74e99b69e
corrected_v2,covertype,43,mix,pca_gmm,/home/thuy/Research/minh_data_synth/TabularDA/output/corrected_v2/covertype/acc/covertype_seed43_ctgan_xonly_pca_gmm_mix.run.json,/home/thuy/Research/minh_data_synth/TabularDA/sdv trained model/corrected_v2/covertype/seed_43/covertype_seed43_ctgan_xonly.pkl,/home/thuy/Research/minh_data_synth/TabularDA/data/corrected_v2/covertype/seed_43/covertype_seed43_ctgan_xonly_pca_gmm_100k.predictor.pkl,,0,0,,,False,False,True,True,True,True,True,c9df6ae344cb23294b211e55ad00fc211e6243c790beaaa9392c829340cab2ed
corrected_v2,covertype,43,synthetic,pca_gmm,/home/thuy/Research/minh_data_synth/TabularDA/output/corrected_v2/covertype/acc/covertype_seed43_ctgan_xonly_pca_gmm_synthetic.run.json,/home/thuy/Research/minh_data_synth/TabularDA/sdv trained model/corrected_v2/covertype/seed_43/covertype_seed43_ctgan_xonly.pkl,/home/thuy/Research/minh_data_synth/TabularDA/data/corrected_v2/covertype/seed_43/covertype_seed43_ctgan_xonly_pca_gmm_100k.predictor.pkl,,0,0,,,False,False,True,True,True,True,True,6528f876aa6ef274aa26c96a4541a7b81d95e6d94f9ca4f5e82d51a1c74931e5
corrected_v2,covertype,43,mix,rf,/home/thuy/Research/minh_data_synth/TabularDA/output/corrected_v2/covertype/acc/covertype_seed43_ctgan_xonly_rf_mix.run.json,/home/thuy/Research/minh_data_synth/TabularDA/sdv trained model/corrected_v2/covertype/seed_43/covertype_seed43_ctgan_xonly.pkl,/home/thuy/Research/minh_data_synth/TabularDA/data/corrected_v2/covertype/seed_43/covertype_seed43_ctgan_xonly_rf_100k.predictor.pkl,,0,0,,,False,False,True,True,True,True,True,a3c6108d96e335e28b93c8151af49f5818ef9c77991e651b8f986c94eba5717e
corrected_v2,covertype,43,synthetic,rf,/home/thuy/Research/minh_data_synth/TabularDA/output/corrected_v2/covertype/acc/covertype_seed43_ctgan_xonly_rf_synthetic.run.json,/home/thuy/Research/minh_data_synth/TabularDA/sdv trained model/corrected_v2/covertype/seed_43/covertype_seed43_ctgan_xonly.pkl,/home/thuy/Research/minh_data_synth/TabularDA/data/corrected_v2/covertype/seed_43/covertype_seed43_ctgan_xonly_rf_100k.predictor.pkl,,0,0,,,False,False,True,True,True,True,True,63a3be65cbdddbd717bcb5edcdbda576790f23c5b63ca9b2345969d8c5bd62aa
corrected_v2,covertype,43,mix,xgb,/home/thuy/Research/minh_data_synth/TabularDA/output/corrected_v2/covertype/acc/covertype_seed43_ctgan_xonly_xgb_mix.run.json,/home/thuy/Research/minh_data_synth/TabularDA/sdv trained model/corrected_v2/covertype/seed_43/covertype_seed43_ctgan_xonly.pkl,/home/thuy/Research/minh_data_synth/TabularDA/data/corrected_v2/covertype/seed_43/covertype_seed43_ctgan_xonly_xgb_100k.predictor.pkl,,0,0,,,False,False,True,True,True,True,True,e00b579024ed28aa3bab62f186cc772cd273ca5a0b0e81ec0f7a9f6435575478
corrected_v2,covertype,43,synthetic,xgb,/home/thuy/Research/minh_data_synth/TabularDA/output/corrected_v2/covertype/acc/covertype_seed43_ctgan_xonly_xgb_synthetic.run.json,/home/thuy/Research/minh_data_synth/TabularDA/sdv trained model/corrected_v2/covertype/seed_43/covertype_seed43_ctgan_xonly.pkl,/home/thuy/Research/minh_data_synth/TabularDA/data/corrected_v2/covertype/seed_43/covertype_seed43_ctgan_xonly_xgb_100k.predictor.pkl,,0,0,,,False,False,True,True,True,True,True,cc8bb5525015d7d224a57c572462a936b25fd52ebd18889aeaf966ad61a9aa52
corrected_v2,covertype,43,original,,/home/thuy/Research/minh_data_synth/TabularDA/output/corrected_v2/covertype/acc/covertype_seed43_real_original.run.json,,,,0,0,,,False,False,False,True,True,True,,15b2fb955b6bb7a8ae71a3b05468170e6a17e1686a8c1f23c4bf44ee701a71c6
corrected_v2,covertype,43,mix,tvae_compare_categorical,/home/thuy/Research/minh_data_synth/TabularDA/output/corrected_v2/covertype/acc/covertype_seed43_tvae_full_categorical_mix.run.json,/home/thuy/Research/minh_data_synth/TabularDA/sdv trained model/corrected_v2/covertype/seed_43/covertype_seed43_tvae_full.pkl,/home/thuy/Research/minh_data_synth/TabularDA/data/corrected_v2/covertype/seed_43/covertype_seed43_tvae_full_categorical_100k.predictor.pkl,,0,0,,,False,False,False,True,True,True,True,ef5c8e5e1ba9bd5cfaaa9fbaa08e98d89f82ac70000c7cfea5990cde689abbc4
corrected_v2,covertype,43,synthetic,tvae_compare_categorical,/home/thuy/Research/minh_data_synth/TabularDA/output/corrected_v2/covertype/acc/covertype_seed43_tvae_full_categorical_synthetic.run.json,/home/thuy/Research/minh_data_synth/TabularDA/sdv trained model/corrected_v2/covertype/seed_43/covertype_seed43_tvae_full.pkl,/home/thuy/Research/minh_data_synth/TabularDA/data/corrected_v2/covertype/seed_43/covertype_seed43_tvae_full_categorical_100k.predictor.pkl,,0,0,,,False,False,False,True,True,True,True,49ac47c204bf0a3ba34d95939ac199224fff60eff6d453871b4800a98ccafae8
corrected_v2,covertype,43,mix,tvae_compare_dnn,/home/thuy/Research/minh_data_synth/TabularDA/output/corrected_v2/covertype/acc/covertype_seed43_tvae_full_dnn_mix.run.json,/home/thuy/Research/minh_data_synth/TabularDA/sdv trained model/corrected_v2/covertype/seed_43/covertype_seed43_tvae_full.pkl,/home/thuy/Research/minh_data_synth/TabularDA/data/corrected_v2/covertype/seed_43/covertype_seed43_tvae_full_dnn_100k.predictor.pt,,0,0,,,False,False,False,True,True,True,True,0e7e8174b9e567ae680042142889ae0d4a973c432121fe3c7036785bc528656d
corrected_v2,covertype,43,synthetic,tvae_compare_dnn,/home/thuy/Research/minh_data_synth/TabularDA/output/corrected_v2/covertype/acc/covertype_seed43_tvae_full_dnn_synthetic.run.json,/home/thuy/Research/minh_data_synth/TabularDA/sdv trained model/corrected_v2/covertype/seed_43/covertype_seed43_tvae_full.pkl,/home/thuy/Research/minh_data_synth/TabularDA/data/corrected_v2/covertype/seed_43/covertype_seed43_tvae_full_dnn_100k.predictor.pt,,0,0,,,False,False,False,True,True,True,True,8ed0a095b14e0f56f6eafaa49a1cdb429d1dbd50a87bd0716001c6c687247e99
corrected_v2,covertype,43,mix,tvae_compare_gaussian,/home/thuy/Research/minh_data_synth/TabularDA/output/corrected_v2/covertype/acc/covertype_seed43_tvae_full_gaussian_mix.run.json,/home/thuy/Research/minh_data_synth/TabularDA/sdv trained model/corrected_v2/covertype/seed_43/covertype_seed43_tvae_full.pkl,/home/thuy/Research/minh_data_synth/TabularDA/data/corrected_v2/covertype/seed_43/covertype_seed43_tvae_full_gaussian_100k.predictor.pkl,,0,0,,,False,False,False,True,True,True,True,f1029d184250de856a845ff16e97a687f9358af1435da84c1b75192d9724aff5
corrected_v2,covertype,43,synthetic,tvae_compare_gaussian,/home/thuy/Research/minh_data_synth/TabularDA/output/corrected_v2/covertype/acc/covertype_seed43_tvae_full_gaussian_synthetic.run.json,/home/thuy/Research/minh_data_synth/TabularDA/sdv trained model/corrected_v2/covertype/seed_43/covertype_seed43_tvae_full.pkl,/home/thuy/Research/minh_data_synth/TabularDA/data/corrected_v2/covertype/seed_43/covertype_seed43_tvae_full_gaussian_100k.predictor.pkl,,0,0,,,False,False,False,True,True,True,True,9c6d7cbd80680f59a879a1bce9e71b4966e831426dbb040ad7d2662428b9c12d
corrected_v2,covertype,43,mix,tvae,/home/thuy/Research/minh_data_synth/TabularDA/output/corrected_v2/covertype/acc/covertype_seed43_tvae_full_generated_mix.run.json,/home/thuy/Research/minh_data_synth/TabularDA/sdv trained model/corrected_v2/covertype/seed_43/covertype_seed43_tvae_full.pkl,,,0,0,,,False,False,False,True,True,True,,1ffa137382287eb84b431cca1381d0f6f5b1a9e4881de1a80ec468ab5f1bede3
corrected_v2,covertype,43,synthetic,tvae,/home/thuy/Research/minh_data_synth/TabularDA/output/corrected_v2/covertype/acc/covertype_seed43_tvae_full_generated_synthetic.run.json,/home/thuy/Research/minh_data_synth/TabularDA/sdv trained model/corrected_v2/covertype/seed_43/covertype_seed43_tvae_full.pkl,,,0,0,,,False,False,False,True,True,True,,4b123a5d3c2efb71a998987ff0242bf06d83d2f3d4bb77c6bc4ea79174d67275
corrected_v2,covertype,43,mix,tvae_compare_pca_gmm,/home/thuy/Research/minh_data_synth/TabularDA/output/corrected_v2/covertype/acc/covertype_seed43_tvae_full_pca_gmm_mix.run.json,/home/thuy/Research/minh_data_synth/TabularDA/sdv trained model/corrected_v2/covertype/seed_43/covertype_seed43_tvae_full.pkl,/home/thuy/Research/minh_data_synth/TabularDA/data/corrected_v2/covertype/seed_43/covertype_seed43_tvae_full_pca_gmm_100k.predictor.pkl,,0,0,,,False,False,False,True,True,True,True,947c575d42adc3a9edddcf75321c56214520aaa892f65dbe77795e7a4976ccfc
corrected_v2,covertype,43,synthetic,tvae_compare_pca_gmm,/home/thuy/Research/minh_data_synth/TabularDA/output/corrected_v2/covertype/acc/covertype_seed43_tvae_full_pca_gmm_synthetic.run.json,/home/thuy/Research/minh_data_synth/TabularDA/sdv trained model/corrected_v2/covertype/seed_43/covertype_seed43_tvae_full.pkl,/home/thuy/Research/minh_data_synth/TabularDA/data/corrected_v2/covertype/seed_43/covertype_seed43_tvae_full_pca_gmm_100k.predictor.pkl,,0,0,,,False,False,False,True,True,True,True,116cb950937ed0a7cbaa47b0bb7d2f81530f6557ec69e70e211b60bae589bbab
corrected_v2,covertype,43,mix,tvae_compare_rf,/home/thuy/Research/minh_data_synth/TabularDA/output/corrected_v2/covertype/acc/covertype_seed43_tvae_full_rf_mix.run.json,/home/thuy/Research/minh_data_synth/TabularDA/sdv trained model/corrected_v2/covertype/seed_43/covertype_seed43_tvae_full.pkl,/home/thuy/Research/minh_data_synth/TabularDA/data/corrected_v2/covertype/seed_43/covertype_seed43_tvae_full_rf_100k.predictor.pkl,,0,0,,,False,False,False,True,True,True,True,3fe9356f2c714896db76b799af96d5b394bf0bf75e3a8d375a79baed9bb3e973
corrected_v2,covertype,43,synthetic,tvae_compare_rf,/home/thuy/Research/minh_data_synth/TabularDA/output/corrected_v2/covertype/acc/covertype_seed43_tvae_full_rf_synthetic.run.json,/home/thuy/Research/minh_data_synth/TabularDA/sdv trained model/corrected_v2/covertype/seed_43/covertype_seed43_tvae_full.pkl,/home/thuy/Research/minh_data_synth/TabularDA/data/corrected_v2/covertype/seed_43/covertype_seed43_tvae_full_rf_100k.predictor.pkl,,0,0,,,False,False,False,True,True,True,True,66c9936203ae5643922dcba825473198bb96f283733663418092913f869ced17
corrected_v2,covertype,43,mix,tvae_compare_xgb,/home/thuy/Research/minh_data_synth/TabularDA/output/corrected_v2/covertype/acc/covertype_seed43_tvae_full_xgb_mix.run.json,/home/thuy/Research/minh_data_synth/TabularDA/sdv trained model/corrected_v2/covertype/seed_43/covertype_seed43_tvae_full.pkl,/home/thuy/Research/minh_data_synth/TabularDA/data/corrected_v2/covertype/seed_43/covertype_seed43_tvae_full_xgb_100k.predictor.pkl,,0,0,,,False,False,False,True,True,True,True,904f8fb8c1bfced553fa213af7d8cc7031ad4df63c7db229b24e158912037681
corrected_v2,covertype,43,synthetic,tvae_compare_xgb,/home/thuy/Research/minh_data_synth/TabularDA/output/corrected_v2/covertype/acc/covertype_seed43_tvae_full_xgb_synthetic.run.json,/home/thuy/Research/minh_data_synth/TabularDA/sdv trained model/corrected_v2/covertype/seed_43/covertype_seed43_tvae_full.pkl,/home/thuy/Research/minh_data_synth/TabularDA/data/corrected_v2/covertype/seed_43/covertype_seed43_tvae_full_xgb_100k.predictor.pkl,,0,0,,,False,False,False,True,True,True,True,79a2bf3d5c1bec69d150bb56af3bbfbfd245cca5aaab49469bee9ea45c8581d0
corrected_v2,covertype,43,mix,tvae_categorical,/home/thuy/Research/minh_data_synth/TabularDA/output/corrected_v2/covertype/acc/covertype_seed43_tvae_xonly_categorical_mix.run.json,/home/thuy/Research/minh_data_synth/TabularDA/sdv trained model/corrected_v2/covertype/seed_43/covertype_seed43_tvae_xonly.pkl,/home/thuy/Research/minh_data_synth/TabularDA/data/corrected_v2/covertype/seed_43/covertype_seed43_tvae_xonly_categorical_100k.predictor.pkl,,0,0,,,False,False,False,True,True,True,True,da220250aee6132e2525c6ef72708c0dc40c8d582cde2dc93964232c07ae0cdb
corrected_v2,covertype,43,synthetic,tvae_categorical,/home/thuy/Research/minh_data_synth/TabularDA/output/corrected_v2/covertype/acc/covertype_seed43_tvae_xonly_categorical_synthetic.run.json,/home/thuy/Research/minh_data_synth/TabularDA/sdv trained model/corrected_v2/covertype/seed_43/covertype_seed43_tvae_xonly.pkl,/home/thuy/Research/minh_data_synth/TabularDA/data/corrected_v2/covertype/seed_43/covertype_seed43_tvae_xonly_categorical_100k.predictor.pkl,,0,0,,,False,False,False,True,True,True,True,e572d29cdc1dff41319aaf0d93a2d1978bfa770c9b65504e8f44a4b9495105ee
corrected_v2,covertype,43,mix,tvae_dnn,/home/thuy/Research/minh_data_synth/TabularDA/output/corrected_v2/covertype/acc/covertype_seed43_tvae_xonly_dnn_mix.run.json,/home/thuy/Research/minh_data_synth/TabularDA/sdv trained model/corrected_v2/covertype/seed_43/covertype_seed43_tvae_xonly.pkl,/home/thuy/Research/minh_data_synth/TabularDA/data/corrected_v2/covertype/seed_43/covertype_seed43_tvae_xonly_dnn_100k.predictor.pt,,0,0,,,False,False,False,True,True,True,True,9aff0e11e913a58ff68704bec5dec91bce70d6b63eb812558342bb6b39282818
corrected_v2,covertype,43,synthetic,tvae_dnn,/home/thuy/Research/minh_data_synth/TabularDA/output/corrected_v2/covertype/acc/covertype_seed43_tvae_xonly_dnn_synthetic.run.json,/home/thuy/Research/minh_data_synth/TabularDA/sdv trained model/corrected_v2/covertype/seed_43/covertype_seed43_tvae_xonly.pkl,/home/thuy/Research/minh_data_synth/TabularDA/data/corrected_v2/covertype/seed_43/covertype_seed43_tvae_xonly_dnn_100k.predictor.pt,,0,0,,,False,False,False,True,True,True,True,138baa7832ef323c18245f913f13ea2666d030f4120e4fe9b8b267cfbfa42d9e
corrected_v2,covertype,43,mix,tvae_gaussian,/home/thuy/Research/minh_data_synth/TabularDA/output/corrected_v2/covertype/acc/covertype_seed43_tvae_xonly_gaussian_mix.run.json,/home/thuy/Research/minh_data_synth/TabularDA/sdv trained model/corrected_v2/covertype/seed_43/covertype_seed43_tvae_xonly.pkl,/home/thuy/Research/minh_data_synth/TabularDA/data/corrected_v2/covertype/seed_43/covertype_seed43_tvae_xonly_gaussian_100k.predictor.pkl,,0,0,,,False,False,False,True,True,True,True,002426fc6675341366d70b08252ed65166a0d216a21e00b140c72fcaa6c01daa
corrected_v2,covertype,43,synthetic,tvae_gaussian,/home/thuy/Research/minh_data_synth/TabularDA/output/corrected_v2/covertype/acc/covertype_seed43_tvae_xonly_gaussian_synthetic.run.json,/home/thuy/Research/minh_data_synth/TabularDA/sdv trained model/corrected_v2/covertype/seed_43/covertype_seed43_tvae_xonly.pkl,/home/thuy/Research/minh_data_synth/TabularDA/data/corrected_v2/covertype/seed_43/covertype_seed43_tvae_xonly_gaussian_100k.predictor.pkl,,0,0,,,False,False,False,True,True,True,True,5e8cc3902bbf02c5a7b25423f8bbbce11cf86c43edaceb65c150690c57486985
corrected_v2,covertype,43,mix,tvae_pca_gmm,/home/thuy/Research/minh_data_synth/TabularDA/output/corrected_v2/covertype/acc/covertype_seed43_tvae_xonly_pca_gmm_mix.run.json,/home/thuy/Research/minh_data_synth/TabularDA/sdv trained model/corrected_v2/covertype/seed_43/covertype_seed43_tvae_xonly.pkl,/home/thuy/Research/minh_data_synth/TabularDA/data/corrected_v2/covertype/seed_43/covertype_seed43_tvae_xonly_pca_gmm_100k.predictor.pkl,,0,0,,,False,False,False,True,True,True,True,a4f7786334d8a964a8843616c8a09107e2538e7f5f422da685a73c9c413718f8
corrected_v2,covertype,43,synthetic,tvae_pca_gmm,/home/thuy/Research/minh_data_synth/TabularDA/output/corrected_v2/covertype/acc/covertype_seed43_tvae_xonly_pca_gmm_synthetic.run.json,/home/thuy/Research/minh_data_synth/TabularDA/sdv trained model/corrected_v2/covertype/seed_43/covertype_seed43_tvae_xonly.pkl,/home/thuy/Research/minh_data_synth/TabularDA/data/corrected_v2/covertype/seed_43/covertype_seed43_tvae_xonly_pca_gmm_100k.predictor.pkl,,0,0,,,False,False,False,True,True,True,True,58265bb2d618a1bf8512f186f0246bb41995d455a70aa8d0302a543d2f83b421
corrected_v2,covertype,43,mix,tvae_rf,/home/thuy/Research/minh_data_synth/TabularDA/output/corrected_v2/covertype/acc/covertype_seed43_tvae_xonly_rf_mix.run.json,/home/thuy/Research/minh_data_synth/TabularDA/sdv trained model/corrected_v2/covertype/seed_43/covertype_seed43_tvae_xonly.pkl,/home/thuy/Research/minh_data_synth/TabularDA/data/corrected_v2/covertype/seed_43/covertype_seed43_tvae_xonly_rf_100k.predictor.pkl,,0,0,,,False,False,False,True,True,True,True,0ac17974b908beffc9e0fddf90b00ac77cee5bae2447555dfd9a7a43a5cc8d1c
corrected_v2,covertype,43,synthetic,tvae_rf,/home/thuy/Research/minh_data_synth/TabularDA/output/corrected_v2/covertype/acc/covertype_seed43_tvae_xonly_rf_synthetic.run.json,/home/thuy/Research/minh_data_synth/TabularDA/sdv trained model/corrected_v2/covertype/seed_43/covertype_seed43_tvae_xonly.pkl,/home/thuy/Research/minh_data_synth/TabularDA/data/corrected_v2/covertype/seed_43/covertype_seed43_tvae_xonly_rf_100k.predictor.pkl,,0,0,,,False,False,False,True,True,True,True,c155b1b9fddc62b7ef090e1e50c533d8af036ecbeb9bf405a05e45725d3aef19
corrected_v2,covertype,43,mix,tvae_xgb,/home/thuy/Research/minh_data_synth/TabularDA/output/corrected_v2/covertype/acc/covertype_seed43_tvae_xonly_xgb_mix.run.json,/home/thuy/Research/minh_data_synth/TabularDA/sdv trained model/corrected_v2/covertype/seed_43/covertype_seed43_tvae_xonly.pkl,/home/thuy/Research/minh_data_synth/TabularDA/data/corrected_v2/covertype/seed_43/covertype_seed43_tvae_xonly_xgb_100k.predictor.pkl,,0,0,,,False,False,False,True,True,True,True,5cd2cd125e4a718e91be361839f476a33ff8bbf4f0b2e1c91e41dfbab60b53a6
corrected_v2,covertype,43,synthetic,tvae_xgb,/home/thuy/Research/minh_data_synth/TabularDA/output/corrected_v2/covertype/acc/covertype_seed43_tvae_xonly_xgb_synthetic.run.json,/home/thuy/Research/minh_data_synth/TabularDA/sdv trained model/corrected_v2/covertype/seed_43/covertype_seed43_tvae_xonly.pkl,/home/thuy/Research/minh_data_synth/TabularDA/data/corrected_v2/covertype/seed_43/covertype_seed43_tvae_xonly_xgb_100k.predictor.pkl,,0,0,,,False,False,False,True,True,True,True,5fe95f372347dd224ee3859cc6bdba44b2af744c3bf005801066426d902fd8fd
corrected_v2,credit,42,mix,compare_categorical,/home/thuy/Research/minh_data_synth/TabularDA/output/corrected_v2/credit/acc/credit_seed42_ctgan_full_categorical_mix.run.json,/home/thuy/Research/minh_data_synth/TabularDA/sdv trained model/corrected_v2/credit/seed_42/credit_seed42_ctgan_full.pkl,/home/thuy/Research/minh_data_synth/TabularDA/data/corrected_v2/credit/seed_42/credit_seed42_ctgan_full_categorical_100k.predictor.pkl,,0,0,,,False,False,True,True,True,True,True,d589e62e8773657fe392b4287cf5ccc1d6124864a1a88ec482174380b57f70a9
corrected_v2,credit,42,synthetic,compare_categorical,/home/thuy/Research/minh_data_synth/TabularDA/output/corrected_v2/credit/acc/credit_seed42_ctgan_full_categorical_synthetic.run.json,/home/thuy/Research/minh_data_synth/TabularDA/sdv trained model/corrected_v2/credit/seed_42/credit_seed42_ctgan_full.pkl,/home/thuy/Research/minh_data_synth/TabularDA/data/corrected_v2/credit/seed_42/credit_seed42_ctgan_full_categorical_100k.predictor.pkl,,0,0,,,False,False,True,True,True,True,True,cfc4800e96dcfe11b2027544164d4a22867733a05a866588a592dbb7a40831db
corrected_v2,credit,42,mix,compare_dnn,/home/thuy/Research/minh_data_synth/TabularDA/output/corrected_v2/credit/acc/credit_seed42_ctgan_full_dnn_mix.run.json,/home/thuy/Research/minh_data_synth/TabularDA/sdv trained model/corrected_v2/credit/seed_42/credit_seed42_ctgan_full.pkl,/home/thuy/Research/minh_data_synth/TabularDA/data/corrected_v2/credit/seed_42/credit_seed42_ctgan_full_dnn_100k.predictor.pt,,0,0,,,False,False,True,True,True,True,True,6248bd2f28c54dccf414ff996a4cd6ec5a46e4d277c457e69fa349d1b787be3e
corrected_v2,credit,42,synthetic,compare_dnn,/home/thuy/Research/minh_data_synth/TabularDA/output/corrected_v2/credit/acc/credit_seed42_ctgan_full_dnn_synthetic.run.json,/home/thuy/Research/minh_data_synth/TabularDA/sdv trained model/corrected_v2/credit/seed_42/credit_seed42_ctgan_full.pkl,/home/thuy/Research/minh_data_synth/TabularDA/data/corrected_v2/credit/seed_42/credit_seed42_ctgan_full_dnn_100k.predictor.pt,,0,0,,,False,False,True,True,True,True,True,5187617762f772b2c646977b569f7603e60329e9b50d548a9e0bf3b7c2a5eb1c
corrected_v2,credit,42,mix,compare_gaussian,/home/thuy/Research/minh_data_synth/TabularDA/output/corrected_v2/credit/acc/credit_seed42_ctgan_full_gaussian_mix.run.json,/home/thuy/Research/minh_data_synth/TabularDA/sdv trained model/corrected_v2/credit/seed_42/credit_seed42_ctgan_full.pkl,/home/thuy/Research/minh_data_synth/TabularDA/data/corrected_v2/credit/seed_42/credit_seed42_ctgan_full_gaussian_100k.predictor.pkl,,0,0,,,False,False,True,True,True,True,True,c12529886d7d043669714ba2dca4ae73511eb8b4b2125eefffd372f913a8af8f
corrected_v2,credit,42,synthetic,compare_gaussian,/home/thuy/Research/minh_data_synth/TabularDA/output/corrected_v2/credit/acc/credit_seed42_ctgan_full_gaussian_synthetic.run.json,/home/thuy/Research/minh_data_synth/TabularDA/sdv trained model/corrected_v2/credit/seed_42/credit_seed42_ctgan_full.pkl,/home/thuy/Research/minh_data_synth/TabularDA/data/corrected_v2/credit/seed_42/credit_seed42_ctgan_full_gaussian_100k.predictor.pkl,,0,0,,,False,False,True,True,True,True,True,ceba36beaf20180e82c49f9bf6a65f0f184248532d6ae492b5b64e77533dc16e
corrected_v2,credit,42,mix,ctgan,/home/thuy/Research/minh_data_synth/TabularDA/output/corrected_v2/credit/acc/credit_seed42_ctgan_full_generated_mix.run.json,/home/thuy/Research/minh_data_synth/TabularDA/sdv trained model/corrected_v2/credit/seed_42/credit_seed42_ctgan_full.pkl,,,0,0,,,False,False,True,True,True,True,,f72a4fcb1083653b2b5dd4df2267771c29b66a8e84b9f3b088d24908f77d140c
corrected_v2,credit,42,synthetic,ctgan,/home/thuy/Research/minh_data_synth/TabularDA/output/corrected_v2/credit/acc/credit_seed42_ctgan_full_generated_synthetic.run.json,/home/thuy/Research/minh_data_synth/TabularDA/sdv trained model/corrected_v2/credit/seed_42/credit_seed42_ctgan_full.pkl,,,0,0,,,False,False,True,True,True,True,,ae7cd66285bbc18817e231030f9e601378a5d496c70189b74b55526111e3a05e
corrected_v2,credit,42,mix,compare_pca_gmm,/home/thuy/Research/minh_data_synth/TabularDA/output/corrected_v2/credit/acc/credit_seed42_ctgan_full_pca_gmm_mix.run.json,/home/thuy/Research/minh_data_synth/TabularDA/sdv trained model/corrected_v2/credit/seed_42/credit_seed42_ctgan_full.pkl,/home/thuy/Research/minh_data_synth/TabularDA/data/corrected_v2/credit/seed_42/credit_seed42_ctgan_full_pca_gmm_100k.predictor.pkl,,0,0,,,False,False,True,True,True,True,True,05e675a470f741ce51de39eeaf03e4757983e72f5c0d749961163a60cc17f988
corrected_v2,credit,42,synthetic,compare_pca_gmm,/home/thuy/Research/minh_data_synth/TabularDA/output/corrected_v2/credit/acc/credit_seed42_ctgan_full_pca_gmm_synthetic.run.json,/home/thuy/Research/minh_data_synth/TabularDA/sdv trained model/corrected_v2/credit/seed_42/credit_seed42_ctgan_full.pkl,/home/thuy/Research/minh_data_synth/TabularDA/data/corrected_v2/credit/seed_42/credit_seed42_ctgan_full_pca_gmm_100k.predictor.pkl,,0,0,,,False,False,True,True,True,True,True,c8ad063424a31cfeddb91a0169d6fe5134c26205f8bfd0ccf96e9783c1a84dc4
corrected_v2,credit,42,mix,compare_rf,/home/thuy/Research/minh_data_synth/TabularDA/output/corrected_v2/credit/acc/credit_seed42_ctgan_full_rf_mix.run.json,/home/thuy/Research/minh_data_synth/TabularDA/sdv trained model/corrected_v2/credit/seed_42/credit_seed42_ctgan_full.pkl,/home/thuy/Research/minh_data_synth/TabularDA/data/corrected_v2/credit/seed_42/credit_seed42_ctgan_full_rf_100k.predictor.pkl,,0,0,,,False,False,True,True,True,True,True,31eaf11e41a0e877544dad21487972716f71bb1eaf4951bce46185e55966a44a
corrected_v2,credit,42,synthetic,compare_rf,/home/thuy/Research/minh_data_synth/TabularDA/output/corrected_v2/credit/acc/credit_seed42_ctgan_full_rf_synthetic.run.json,/home/thuy/Research/minh_data_synth/TabularDA/sdv trained model/corrected_v2/credit/seed_42/credit_seed42_ctgan_full.pkl,/home/thuy/Research/minh_data_synth/TabularDA/data/corrected_v2/credit/seed_42/credit_seed42_ctgan_full_rf_100k.predictor.pkl,,0,0,,,False,False,True,True,True,True,True,5e7bd10e06b9fd28f537ec356c77627041f885d50fc4d939fa859dc41cfe8ca2
corrected_v2,credit,42,mix,compare_xgb,/home/thuy/Research/minh_data_synth/TabularDA/output/corrected_v2/credit/acc/credit_seed42_ctgan_full_xgb_mix.run.json,/home/thuy/Research/minh_data_synth/TabularDA/sdv trained model/corrected_v2/credit/seed_42/credit_seed42_ctgan_full.pkl,/home/thuy/Research/minh_data_synth/TabularDA/data/corrected_v2/credit/seed_42/credit_seed42_ctgan_full_xgb_100k.predictor.pkl,,0,0,,,False,False,True,True,True,True,True,234e9991547d527acdf90f4ee8dba27ace7cebb1f40909ba2f79292988fe6748
corrected_v2,credit,42,synthetic,compare_xgb,/home/thuy/Research/minh_data_synth/TabularDA/output/corrected_v2/credit/acc/credit_seed42_ctgan_full_xgb_synthetic.run.json,/home/thuy/Research/minh_data_synth/TabularDA/sdv trained model/corrected_v2/credit/seed_42/credit_seed42_ctgan_full.pkl,/home/thuy/Research/minh_data_synth/TabularDA/data/corrected_v2/credit/seed_42/credit_seed42_ctgan_full_xgb_100k.predictor.pkl,,0,0,,,False,False,True,True,True,True,True,c353693d54bee9d45f1bb44338bf8eff5144d999b86487076e2528b54b572440
corrected_v2,credit,42,mix,categorical,/home/thuy/Research/minh_data_synth/TabularDA/output/corrected_v2/credit/acc/credit_seed42_ctgan_xonly_categorical_mix.run.json,/home/thuy/Research/minh_data_synth/TabularDA/sdv trained model/corrected_v2/credit/seed_42/credit_seed42_ctgan_xonly.pkl,/home/thuy/Research/minh_data_synth/TabularDA/data/corrected_v2/credit/seed_42/credit_seed42_ctgan_xonly_categorical_100k.predictor.pkl,,0,0,,,False,False,True,True,True,True,True,99ae78351a95a3abb3fb9d72517800aee924a7d1bc8cab456d1dcd44dcec9bfe
corrected_v2,credit,42,synthetic,categorical,/home/thuy/Research/minh_data_synth/TabularDA/output/corrected_v2/credit/acc/credit_seed42_ctgan_xonly_categorical_synthetic.run.json,/home/thuy/Research/minh_data_synth/TabularDA/sdv trained model/corrected_v2/credit/seed_42/credit_seed42_ctgan_xonly.pkl,/home/thuy/Research/minh_data_synth/TabularDA/data/corrected_v2/credit/seed_42/credit_seed42_ctgan_xonly_categorical_100k.predictor.pkl,,0,0,,,False,False,True,True,True,True,True,f8e41671a526b8fecc7bdb4fa01e035db57513455bf8bc28ab1b3de2d350e57f
corrected_v2,credit,42,mix,dnn,/home/thuy/Research/minh_data_synth/TabularDA/output/corrected_v2/credit/acc/credit_seed42_ctgan_xonly_dnn_mix.run.json,/home/thuy/Research/minh_data_synth/TabularDA/sdv trained model/corrected_v2/credit/seed_42/credit_seed42_ctgan_xonly.pkl,/home/thuy/Research/minh_data_synth/TabularDA/data/corrected_v2/credit/seed_42/credit_seed42_ctgan_xonly_dnn_100k.predictor.pt,,0,0,,,False,False,True,True,True,True,True,e57c879156c7d16ba7899479901816c8de73f63394a4f04e374a4aeeb0686e16
corrected_v2,credit,42,synthetic,dnn,/home/thuy/Research/minh_data_synth/TabularDA/output/corrected_v2/credit/acc/credit_seed42_ctgan_xonly_dnn_synthetic.run.json,/home/thuy/Research/minh_data_synth/TabularDA/sdv trained model/corrected_v2/credit/seed_42/credit_seed42_ctgan_xonly.pkl,/home/thuy/Research/minh_data_synth/TabularDA/data/corrected_v2/credit/seed_42/credit_seed42_ctgan_xonly_dnn_100k.predictor.pt,,0,0,,,False,False,True,True,True,True,True,351ebfe103f415610fc5bf5791c9fbaa4032fe82e300b8cdc896617b55f72c8b
corrected_v2,credit,42,mix,gaussian,/home/thuy/Research/minh_data_synth/TabularDA/output/corrected_v2/credit/acc/credit_seed42_ctgan_xonly_gaussian_mix.run.json,/home/thuy/Research/minh_data_synth/TabularDA/sdv trained model/corrected_v2/credit/seed_42/credit_seed42_ctgan_xonly.pkl,/home/thuy/Research/minh_data_synth/TabularDA/data/corrected_v2/credit/seed_42/credit_seed42_ctgan_xonly_gaussian_100k.predictor.pkl,,0,0,,,False,False,True,True,True,True,True,187638b1b4c0a5cab2205e71fa3d19351fea649bb122f152ffe5b48278726925
corrected_v2,credit,42,synthetic,gaussian,/home/thuy/Research/minh_data_synth/TabularDA/output/corrected_v2/credit/acc/credit_seed42_ctgan_xonly_gaussian_synthetic.run.json,/home/thuy/Research/minh_data_synth/TabularDA/sdv trained model/corrected_v2/credit/seed_42/credit_seed42_ctgan_xonly.pkl,/home/thuy/Research/minh_data_synth/TabularDA/data/corrected_v2/credit/seed_42/credit_seed42_ctgan_xonly_gaussian_100k.predictor.pkl,,0,0,,,False,False,True,True,True,True,True,a9117b75811fbdf6c2046c3e5e0e9ec8126d80e2faaa84bd5b88ddb854a36b7c
corrected_v2,credit,42,mix,pca_gmm,/home/thuy/Research/minh_data_synth/TabularDA/output/corrected_v2/credit/acc/credit_seed42_ctgan_xonly_pca_gmm_mix.run.json,/home/thuy/Research/minh_data_synth/TabularDA/sdv trained model/corrected_v2/credit/seed_42/credit_seed42_ctgan_xonly.pkl,/home/thuy/Research/minh_data_synth/TabularDA/data/corrected_v2/credit/seed_42/credit_seed42_ctgan_xonly_pca_gmm_100k.predictor.pkl,,0,0,,,False,False,True,True,True,True,True,452d22bc855575ad59d90cad6f8067bd1b9f788cfacdbcb3910f293912ed0015
corrected_v2,credit,42,synthetic,pca_gmm,/home/thuy/Research/minh_data_synth/TabularDA/output/corrected_v2/credit/acc/credit_seed42_ctgan_xonly_pca_gmm_synthetic.run.json,/home/thuy/Research/minh_data_synth/TabularDA/sdv trained model/corrected_v2/credit/seed_42/credit_seed42_ctgan_xonly.pkl,/home/thuy/Research/minh_data_synth/TabularDA/data/corrected_v2/credit/seed_42/credit_seed42_ctgan_xonly_pca_gmm_100k.predictor.pkl,,0,0,,,False,False,True,True,True,True,True,c89147cc17d7699cfbdfee3b26370d337e57ae0aa2736dfa004e907833a1e306
corrected_v2,credit,42,mix,rf,/home/thuy/Research/minh_data_synth/TabularDA/output/corrected_v2/credit/acc/credit_seed42_ctgan_xonly_rf_mix.run.json,/home/thuy/Research/minh_data_synth/TabularDA/sdv trained model/corrected_v2/credit/seed_42/credit_seed42_ctgan_xonly.pkl,/home/thuy/Research/minh_data_synth/TabularDA/data/corrected_v2/credit/seed_42/credit_seed42_ctgan_xonly_rf_100k.predictor.pkl,,0,0,,,False,False,True,True,True,True,True,066ab79093e260b96ebe2bb0c4bbad5c9bc7f4bdc2918ae352c524531d1e9cb7
corrected_v2,credit,42,synthetic,rf,/home/thuy/Research/minh_data_synth/TabularDA/output/corrected_v2/credit/acc/credit_seed42_ctgan_xonly_rf_synthetic.run.json,/home/thuy/Research/minh_data_synth/TabularDA/sdv trained model/corrected_v2/credit/seed_42/credit_seed42_ctgan_xonly.pkl,/home/thuy/Research/minh_data_synth/TabularDA/data/corrected_v2/credit/seed_42/credit_seed42_ctgan_xonly_rf_100k.predictor.pkl,,0,0,,,False,False,True,True,True,True,True,e23ec27e52790b71478c3bd15ee7406cc2b812ff19fcbc8540f2f2e62722c787
corrected_v2,credit,42,mix,xgb,/home/thuy/Research/minh_data_synth/TabularDA/output/corrected_v2/credit/acc/credit_seed42_ctgan_xonly_xgb_mix.run.json,/home/thuy/Research/minh_data_synth/TabularDA/sdv trained model/corrected_v2/credit/seed_42/credit_seed42_ctgan_xonly.pkl,/home/thuy/Research/minh_data_synth/TabularDA/data/corrected_v2/credit/seed_42/credit_seed42_ctgan_xonly_xgb_100k.predictor.pkl,,0,0,,,False,False,True,True,True,True,True,0b1ef35a0d8296246c2197ced22e4aab074b986c25223b13719ca12b70a00ac8
corrected_v2,credit,42,synthetic,xgb,/home/thuy/Research/minh_data_synth/TabularDA/output/corrected_v2/credit/acc/credit_seed42_ctgan_xonly_xgb_synthetic.run.json,/home/thuy/Research/minh_data_synth/TabularDA/sdv trained model/corrected_v2/credit/seed_42/credit_seed42_ctgan_xonly.pkl,/home/thuy/Research/minh_data_synth/TabularDA/data/corrected_v2/credit/seed_42/credit_seed42_ctgan_xonly_xgb_100k.predictor.pkl,,0,0,,,False,False,True,True,True,True,True,4566c506d52f7b1068dd7774d109acd1dc52f5f8a90a1b8b688a71e8ee5696ed
corrected_v2,credit,42,original,,/home/thuy/Research/minh_data_synth/TabularDA/output/corrected_v2/credit/acc/credit_seed42_real_original.run.json,,,,0,0,,,False,False,False,True,True,True,,34f5f11cda339640afe5175ee46e0479c035d29e9a54cddad1e58e01d2e602e2
corrected_v2,credit,42,mix,tvae_compare_categorical,/home/thuy/Research/minh_data_synth/TabularDA/output/corrected_v2/credit/acc/credit_seed42_tvae_full_categorical_mix.run.json,/home/thuy/Research/minh_data_synth/TabularDA/sdv trained model/corrected_v2/credit/seed_42/credit_seed42_tvae_full.pkl,/home/thuy/Research/minh_data_synth/TabularDA/data/corrected_v2/credit/seed_42/credit_seed42_tvae_full_categorical_100k.predictor.pkl,,0,0,,,False,False,False,True,True,True,True,8c2714239f41b333a0cc32f19b247f1a7c99f7dc53dc1012dc908390d7b9ee7e
corrected_v2,credit,42,synthetic,tvae_compare_categorical,/home/thuy/Research/minh_data_synth/TabularDA/output/corrected_v2/credit/acc/credit_seed42_tvae_full_categorical_synthetic.run.json,/home/thuy/Research/minh_data_synth/TabularDA/sdv trained model/corrected_v2/credit/seed_42/credit_seed42_tvae_full.pkl,/home/thuy/Research/minh_data_synth/TabularDA/data/corrected_v2/credit/seed_42/credit_seed42_tvae_full_categorical_100k.predictor.pkl,,0,0,,,False,False,False,True,True,True,True,31ca27555e3f7f5895a6e811f26d462b78cace192b7e6b35155d68a3eb4865f5
corrected_v2,credit,42,mix,tvae_compare_dnn,/home/thuy/Research/minh_data_synth/TabularDA/output/corrected_v2/credit/acc/credit_seed42_tvae_full_dnn_mix.run.json,/home/thuy/Research/minh_data_synth/TabularDA/sdv trained model/corrected_v2/credit/seed_42/credit_seed42_tvae_full.pkl,/home/thuy/Research/minh_data_synth/TabularDA/data/corrected_v2/credit/seed_42/credit_seed42_tvae_full_dnn_100k.predictor.pt,,0,0,,,False,False,False,True,True,True,True,22358ffe3f8765c0bac2f2a1241c4dacaf1567f9be33af55a2535f2c1d4d83bd
corrected_v2,credit,42,synthetic,tvae_compare_dnn,/home/thuy/Research/minh_data_synth/TabularDA/output/corrected_v2/credit/acc/credit_seed42_tvae_full_dnn_synthetic.run.json,/home/thuy/Research/minh_data_synth/TabularDA/sdv trained model/corrected_v2/credit/seed_42/credit_seed42_tvae_full.pkl,/home/thuy/Research/minh_data_synth/TabularDA/data/corrected_v2/credit/seed_42/credit_seed42_tvae_full_dnn_100k.predictor.pt,,0,0,,,False,False,False,True,True,True,True,d1caddca65a7a45b83565b7cdea170ff8f644a2cbd8cfd7a943f0fb72f312722
corrected_v2,credit,42,mix,tvae_compare_gaussian,/home/thuy/Research/minh_data_synth/TabularDA/output/corrected_v2/credit/acc/credit_seed42_tvae_full_gaussian_mix.run.json,/home/thuy/Research/minh_data_synth/TabularDA/sdv trained model/corrected_v2/credit/seed_42/credit_seed42_tvae_full.pkl,/home/thuy/Research/minh_data_synth/TabularDA/data/corrected_v2/credit/seed_42/credit_seed42_tvae_full_gaussian_100k.predictor.pkl,,0,0,,,False,False,False,True,True,True,True,5b3613c5603eb20bd13989197fff9211e4873a0697a1f7364eb39fb1edc64e5a
corrected_v2,credit,42,synthetic,tvae_compare_gaussian,/home/thuy/Research/minh_data_synth/TabularDA/output/corrected_v2/credit/acc/credit_seed42_tvae_full_gaussian_synthetic.run.json,/home/thuy/Research/minh_data_synth/TabularDA/sdv trained model/corrected_v2/credit/seed_42/credit_seed42_tvae_full.pkl,/home/thuy/Research/minh_data_synth/TabularDA/data/corrected_v2/credit/seed_42/credit_seed42_tvae_full_gaussian_100k.predictor.pkl,,0,0,,,False,False,False,True,True,True,True,e6673ce4bd5b04bef3c0f80d3d4594fb9adc3f20c756e76622593df5e873fd8d
corrected_v2,credit,42,mix,tvae,/home/thuy/Research/minh_data_synth/TabularDA/output/corrected_v2/credit/acc/credit_seed42_tvae_full_generated_mix.run.json,/home/thuy/Research/minh_data_synth/TabularDA/sdv trained model/corrected_v2/credit/seed_42/credit_seed42_tvae_full.pkl,,,0,0,,,False,False,False,True,True,True,,cef986c58d6409b10c703105797913b0b0823dfffa804b6db51bacec65fd25a5
corrected_v2,credit,42,synthetic,tvae,/home/thuy/Research/minh_data_synth/TabularDA/output/corrected_v2/credit/acc/credit_seed42_tvae_full_generated_synthetic.run.json,/home/thuy/Research/minh_data_synth/TabularDA/sdv trained model/corrected_v2/credit/seed_42/credit_seed42_tvae_full.pkl,,,0,0,,,False,False,False,True,True,True,,bbbbf20f0562a0b0b350589d5f7db86a291ee6617ab3b9fad3bb2fc0f3479368
corrected_v2,credit,42,mix,tvae_compare_pca_gmm,/home/thuy/Research/minh_data_synth/TabularDA/output/corrected_v2/credit/acc/credit_seed42_tvae_full_pca_gmm_mix.run.json,/home/thuy/Research/minh_data_synth/TabularDA/sdv trained model/corrected_v2/credit/seed_42/credit_seed42_tvae_full.pkl,/home/thuy/Research/minh_data_synth/TabularDA/data/corrected_v2/credit/seed_42/credit_seed42_tvae_full_pca_gmm_100k.predictor.pkl,,0,0,,,False,False,False,True,True,True,True,f603a36fa0d3095e6bdeb66403e227099cce513a1663ba2ca7d5fe478e866269
corrected_v2,credit,42,synthetic,tvae_compare_pca_gmm,/home/thuy/Research/minh_data_synth/TabularDA/output/corrected_v2/credit/acc/credit_seed42_tvae_full_pca_gmm_synthetic.run.json,/home/thuy/Research/minh_data_synth/TabularDA/sdv trained model/corrected_v2/credit/seed_42/credit_seed42_tvae_full.pkl,/home/thuy/Research/minh_data_synth/TabularDA/data/corrected_v2/credit/seed_42/credit_seed42_tvae_full_pca_gmm_100k.predictor.pkl,,0,0,,,False,False,False,True,True,True,True,66b478f3a258b6a0cad008f5f7610fe28e574acd22668d8e602aa1c8deea2d45
corrected_v2,credit,42,mix,tvae_compare_rf,/home/thuy/Research/minh_data_synth/TabularDA/output/corrected_v2/credit/acc/credit_seed42_tvae_full_rf_mix.run.json,/home/thuy/Research/minh_data_synth/TabularDA/sdv trained model/corrected_v2/credit/seed_42/credit_seed42_tvae_full.pkl,/home/thuy/Research/minh_data_synth/TabularDA/data/corrected_v2/credit/seed_42/credit_seed42_tvae_full_rf_100k.predictor.pkl,,0,0,,,False,False,False,True,True,True,True,f7eb432c3ab5f37cd335061dd312eddfcaf25aaed0a3a39ed55f131a3071046c
corrected_v2,credit,42,synthetic,tvae_compare_rf,/home/thuy/Research/minh_data_synth/TabularDA/output/corrected_v2/credit/acc/credit_seed42_tvae_full_rf_synthetic.run.json,/home/thuy/Research/minh_data_synth/TabularDA/sdv trained model/corrected_v2/credit/seed_42/credit_seed42_tvae_full.pkl,/home/thuy/Research/minh_data_synth/TabularDA/data/corrected_v2/credit/seed_42/credit_seed42_tvae_full_rf_100k.predictor.pkl,,0,0,,,False,False,False,True,True,True,True,314408e31e704f7e88290459cc81d34f640ea17d39d3578d80b252ff7afcb734
corrected_v2,credit,42,mix,tvae_compare_xgb,/home/thuy/Research/minh_data_synth/TabularDA/output/corrected_v2/credit/acc/credit_seed42_tvae_full_xgb_mix.run.json,/home/thuy/Research/minh_data_synth/TabularDA/sdv trained model/corrected_v2/credit/seed_42/credit_seed42_tvae_full.pkl,/home/thuy/Research/minh_data_synth/TabularDA/data/corrected_v2/credit/seed_42/credit_seed42_tvae_full_xgb_100k.predictor.pkl,,0,0,,,False,False,False,True,True,True,True,195210aae93aa83738698debc37e21b570cdd6909127dcd060f5de40d50366a5
corrected_v2,credit,42,synthetic,tvae_compare_xgb,/home/thuy/Research/minh_data_synth/TabularDA/output/corrected_v2/credit/acc/credit_seed42_tvae_full_xgb_synthetic.run.json,/home/thuy/Research/minh_data_synth/TabularDA/sdv trained model/corrected_v2/credit/seed_42/credit_seed42_tvae_full.pkl,/home/thuy/Research/minh_data_synth/TabularDA/data/corrected_v2/credit/seed_42/credit_seed42_tvae_full_xgb_100k.predictor.pkl,,0,0,,,False,False,False,True,True,True,True,5625cb4925cb807942d020d919355eeae918d5aa722b9f9fe6860da380bdfbbf
corrected_v2,credit,42,mix,tvae_categorical,/home/thuy/Research/minh_data_synth/TabularDA/output/corrected_v2/credit/acc/credit_seed42_tvae_xonly_categorical_mix.run.json,/home/thuy/Research/minh_data_synth/TabularDA/sdv trained model/corrected_v2/credit/seed_42/credit_seed42_tvae_xonly.pkl,/home/thuy/Research/minh_data_synth/TabularDA/data/corrected_v2/credit/seed_42/credit_seed42_tvae_xonly_categorical_100k.predictor.pkl,,0,0,,,False,False,False,True,True,True,True,ec1b584143243e55877cdca3d54278e5ddfff9d89d8897469a4cdafc3f681668
corrected_v2,credit,42,synthetic,tvae_categorical,/home/thuy/Research/minh_data_synth/TabularDA/output/corrected_v2/credit/acc/credit_seed42_tvae_xonly_categorical_synthetic.run.json,/home/thuy/Research/minh_data_synth/TabularDA/sdv trained model/corrected_v2/credit/seed_42/credit_seed42_tvae_xonly.pkl,/home/thuy/Research/minh_data_synth/TabularDA/data/corrected_v2/credit/seed_42/credit_seed42_tvae_xonly_categorical_100k.predictor.pkl,,0,0,,,False,False,False,True,True,True,True,fce24c898409535b502237c652e5d522978b6e01bcea4011e0bbb122021dd174
corrected_v2,credit,42,mix,tvae_dnn,/home/thuy/Research/minh_data_synth/TabularDA/output/corrected_v2/credit/acc/credit_seed42_tvae_xonly_dnn_mix.run.json,/home/thuy/Research/minh_data_synth/TabularDA/sdv trained model/corrected_v2/credit/seed_42/credit_seed42_tvae_xonly.pkl,/home/thuy/Research/minh_data_synth/TabularDA/data/corrected_v2/credit/seed_42/credit_seed42_tvae_xonly_dnn_100k.predictor.pt,,0,0,,,False,False,False,True,True,True,True,54ac706151ae05ea9eddc739c2eca985c3f9f63af25f89e623b4bcc1d0fee609
corrected_v2,credit,42,synthetic,tvae_dnn,/home/thuy/Research/minh_data_synth/TabularDA/output/corrected_v2/credit/acc/credit_seed42_tvae_xonly_dnn_synthetic.run.json,/home/thuy/Research/minh_data_synth/TabularDA/sdv trained model/corrected_v2/credit/seed_42/credit_seed42_tvae_xonly.pkl,/home/thuy/Research/minh_data_synth/TabularDA/data/corrected_v2/credit/seed_42/credit_seed42_tvae_xonly_dnn_100k.predictor.pt,,0,0,,,False,False,False,True,True,True,True,c51b6b958b048518521a853815bf2f2dc2fcbdbe8905e2fcc77fe2464f5a8d31
corrected_v2,credit,42,mix,tvae_gaussian,/home/thuy/Research/minh_data_synth/TabularDA/output/corrected_v2/credit/acc/credit_seed42_tvae_xonly_gaussian_mix.run.json,/home/thuy/Research/minh_data_synth/TabularDA/sdv trained model/corrected_v2/credit/seed_42/credit_seed42_tvae_xonly.pkl,/home/thuy/Research/minh_data_synth/TabularDA/data/corrected_v2/credit/seed_42/credit_seed42_tvae_xonly_gaussian_100k.predictor.pkl,,0,0,,,False,False,False,True,True,True,True,82cece89bc9c6bafa590bfe0c7539d231b7d8302d6b3eab359785bd2d8db215e
corrected_v2,credit,42,synthetic,tvae_gaussian,/home/thuy/Research/minh_data_synth/TabularDA/output/corrected_v2/credit/acc/credit_seed42_tvae_xonly_gaussian_synthetic.run.json,/home/thuy/Research/minh_data_synth/TabularDA/sdv trained model/corrected_v2/credit/seed_42/credit_seed42_tvae_xonly.pkl,/home/thuy/Research/minh_data_synth/TabularDA/data/corrected_v2/credit/seed_42/credit_seed42_tvae_xonly_gaussian_100k.predictor.pkl,,0,0,,,False,False,False,True,True,True,True,57aa54fb3012668e049558b7ce6e1e27b7d0427c6e5c3322bba20076034e3939
corrected_v2,credit,42,mix,tvae_pca_gmm,/home/thuy/Research/minh_data_synth/TabularDA/output/corrected_v2/credit/acc/credit_seed42_tvae_xonly_pca_gmm_mix.run.json,/home/thuy/Research/minh_data_synth/TabularDA/sdv trained model/corrected_v2/credit/seed_42/credit_seed42_tvae_xonly.pkl,/home/thuy/Research/minh_data_synth/TabularDA/data/corrected_v2/credit/seed_42/credit_seed42_tvae_xonly_pca_gmm_100k.predictor.pkl,,0,0,,,False,False,False,True,True,True,True,795f64aec5bccf9d022ac23d03d454a3b0820b710a40d9a781d1f876e89faf7c
corrected_v2,credit,42,synthetic,tvae_pca_gmm,/home/thuy/Research/minh_data_synth/TabularDA/output/corrected_v2/credit/acc/credit_seed42_tvae_xonly_pca_gmm_synthetic.run.json,/home/thuy/Research/minh_data_synth/TabularDA/sdv trained model/corrected_v2/credit/seed_42/credit_seed42_tvae_xonly.pkl,/home/thuy/Research/minh_data_synth/TabularDA/data/corrected_v2/credit/seed_42/credit_seed42_tvae_xonly_pca_gmm_100k.predictor.pkl,,0,0,,,False,False,False,True,True,True,True,cf2228379b9c32a1c3b3e9ce72dd09124dcdc7096c8fc21aae30c871efbb7dad
corrected_v2,credit,42,mix,tvae_rf,/home/thuy/Research/minh_data_synth/TabularDA/output/corrected_v2/credit/acc/credit_seed42_tvae_xonly_rf_mix.run.json,/home/thuy/Research/minh_data_synth/TabularDA/sdv trained model/corrected_v2/credit/seed_42/credit_seed42_tvae_xonly.pkl,/home/thuy/Research/minh_data_synth/TabularDA/data/corrected_v2/credit/seed_42/credit_seed42_tvae_xonly_rf_100k.predictor.pkl,,0,0,,,False,False,False,True,True,True,True,9b1e93567947bdea95be7916534311cd75d5db84ae4ab89c98a1afae108f420f
corrected_v2,credit,42,synthetic,tvae_rf,/home/thuy/Research/minh_data_synth/TabularDA/output/corrected_v2/credit/acc/credit_seed42_tvae_xonly_rf_synthetic.run.json,/home/thuy/Research/minh_data_synth/TabularDA/sdv trained model/corrected_v2/credit/seed_42/credit_seed42_tvae_xonly.pkl,/home/thuy/Research/minh_data_synth/TabularDA/data/corrected_v2/credit/seed_42/credit_seed42_tvae_xonly_rf_100k.predictor.pkl,,0,0,,,False,False,False,True,True,True,True,361352c0b3813b5edfab4b33bdff5ca53faf282623fed56529b52f5e65fdcf97
corrected_v2,credit,42,mix,tvae_xgb,/home/thuy/Research/minh_data_synth/TabularDA/output/corrected_v2/credit/acc/credit_seed42_tvae_xonly_xgb_mix.run.json,/home/thuy/Research/minh_data_synth/TabularDA/sdv trained model/corrected_v2/credit/seed_42/credit_seed42_tvae_xonly.pkl,/home/thuy/Research/minh_data_synth/TabularDA/data/corrected_v2/credit/seed_42/credit_seed42_tvae_xonly_xgb_100k.predictor.pkl,,0,0,,,False,False,False,True,True,True,True,f31c85b50a9d12254ac425c645f435eb5eace77a23ca22fb2a864e95eb2dc709
corrected_v2,credit,42,synthetic,tvae_xgb,/home/thuy/Research/minh_data_synth/TabularDA/output/corrected_v2/credit/acc/credit_seed42_tvae_xonly_xgb_synthetic.run.json,/home/thuy/Research/minh_data_synth/TabularDA/sdv trained model/corrected_v2/credit/seed_42/credit_seed42_tvae_xonly.pkl,/home/thuy/Research/minh_data_synth/TabularDA/data/corrected_v2/credit/seed_42/credit_seed42_tvae_xonly_xgb_100k.predictor.pkl,,0,0,,,False,False,False,True,True,True,True,1043af6df0243de7b8c53bb75e1850c6b5e52fc8f8e40f1528f50a960bfcca99
corrected_v2,credit,43,mix,compare_categorical,/home/thuy/Research/minh_data_synth/TabularDA/output/corrected_v2/credit/acc/credit_seed43_ctgan_full_categorical_mix.run.json,/home/thuy/Research/minh_data_synth/TabularDA/sdv trained model/corrected_v2/credit/seed_43/credit_seed43_ctgan_full.pkl,/home/thuy/Research/minh_data_synth/TabularDA/data/corrected_v2/credit/seed_43/credit_seed43_ctgan_full_categorical_100k.predictor.pkl,,0,0,,,False,False,True,True,True,True,True,505b8872051324eafd573581ea983926db0f581cf7a57314481b513b94749fc6
corrected_v2,credit,43,synthetic,compare_categorical,/home/thuy/Research/minh_data_synth/TabularDA/output/corrected_v2/credit/acc/credit_seed43_ctgan_full_categorical_synthetic.run.json,/home/thuy/Research/minh_data_synth/TabularDA/sdv trained model/corrected_v2/credit/seed_43/credit_seed43_ctgan_full.pkl,/home/thuy/Research/minh_data_synth/TabularDA/data/corrected_v2/credit/seed_43/credit_seed43_ctgan_full_categorical_100k.predictor.pkl,,0,0,,,False,False,True,True,True,True,True,f6fb08454355cc82a158387948a95aabeee53c5919e9bd652f3725316a5d1d82
corrected_v2,credit,43,mix,compare_dnn,/home/thuy/Research/minh_data_synth/TabularDA/output/corrected_v2/credit/acc/credit_seed43_ctgan_full_dnn_mix.run.json,/home/thuy/Research/minh_data_synth/TabularDA/sdv trained model/corrected_v2/credit/seed_43/credit_seed43_ctgan_full.pkl,/home/thuy/Research/minh_data_synth/TabularDA/data/corrected_v2/credit/seed_43/credit_seed43_ctgan_full_dnn_100k.predictor.pt,,0,0,,,False,False,True,True,True,True,True,d4871cf46bc2e9425a50168930cee703d02bfff3a7055d302462e850114b4368
corrected_v2,credit,43,synthetic,compare_dnn,/home/thuy/Research/minh_data_synth/TabularDA/output/corrected_v2/credit/acc/credit_seed43_ctgan_full_dnn_synthetic.run.json,/home/thuy/Research/minh_data_synth/TabularDA/sdv trained model/corrected_v2/credit/seed_43/credit_seed43_ctgan_full.pkl,/home/thuy/Research/minh_data_synth/TabularDA/data/corrected_v2/credit/seed_43/credit_seed43_ctgan_full_dnn_100k.predictor.pt,,0,0,,,False,False,True,True,True,True,True,ff1aedfbd7f22212fa3f4281f310543e85e98dbd5b1e45bbe0387fa9acf94dd6
corrected_v2,credit,43,mix,compare_gaussian,/home/thuy/Research/minh_data_synth/TabularDA/output/corrected_v2/credit/acc/credit_seed43_ctgan_full_gaussian_mix.run.json,/home/thuy/Research/minh_data_synth/TabularDA/sdv trained model/corrected_v2/credit/seed_43/credit_seed43_ctgan_full.pkl,/home/thuy/Research/minh_data_synth/TabularDA/data/corrected_v2/credit/seed_43/credit_seed43_ctgan_full_gaussian_100k.predictor.pkl,,0,0,,,False,False,True,True,True,True,True,1803ec5b68c6b4cce32bd91f70aa2d29c2d3ea88e92282be80685a1bf421e2df
corrected_v2,credit,43,synthetic,compare_gaussian,/home/thuy/Research/minh_data_synth/TabularDA/output/corrected_v2/credit/acc/credit_seed43_ctgan_full_gaussian_synthetic.run.json,/home/thuy/Research/minh_data_synth/TabularDA/sdv trained model/corrected_v2/credit/seed_43/credit_seed43_ctgan_full.pkl,/home/thuy/Research/minh_data_synth/TabularDA/data/corrected_v2/credit/seed_43/credit_seed43_ctgan_full_gaussian_100k.predictor.pkl,,0,0,,,False,False,True,True,True,True,True,88bc0980d32186145caf596d999af9a87c152dcb3706f5945dd8afe2910352e4
corrected_v2,credit,43,mix,ctgan,/home/thuy/Research/minh_data_synth/TabularDA/output/corrected_v2/credit/acc/credit_seed43_ctgan_full_generated_mix.run.json,/home/thuy/Research/minh_data_synth/TabularDA/sdv trained model/corrected_v2/credit/seed_43/credit_seed43_ctgan_full.pkl,,,0,0,,,False,False,True,True,True,True,,6a7b8a779b3d6e66698b0086886b71b4d5987f2aaeecf73035ce3a759f5718fd
corrected_v2,credit,43,synthetic,ctgan,/home/thuy/Research/minh_data_synth/TabularDA/output/corrected_v2/credit/acc/credit_seed43_ctgan_full_generated_synthetic.run.json,/home/thuy/Research/minh_data_synth/TabularDA/sdv trained model/corrected_v2/credit/seed_43/credit_seed43_ctgan_full.pkl,,,0,0,,,False,False,True,True,True,True,,f56dd44a66ae7aee7cf3e8d64a4d3361d99322d48ddb7f60a3ab957bd6519f33
corrected_v2,credit,43,mix,compare_pca_gmm,/home/thuy/Research/minh_data_synth/TabularDA/output/corrected_v2/credit/acc/credit_seed43_ctgan_full_pca_gmm_mix.run.json,/home/thuy/Research/minh_data_synth/TabularDA/sdv trained model/corrected_v2/credit/seed_43/credit_seed43_ctgan_full.pkl,/home/thuy/Research/minh_data_synth/TabularDA/data/corrected_v2/credit/seed_43/credit_seed43_ctgan_full_pca_gmm_100k.predictor.pkl,,0,0,,,False,False,True,True,True,True,True,51ffc23293931061284a8e4200cc6f88587e1ff259faecfbc7d814adea090521
corrected_v2,credit,43,synthetic,compare_pca_gmm,/home/thuy/Research/minh_data_synth/TabularDA/output/corrected_v2/credit/acc/credit_seed43_ctgan_full_pca_gmm_synthetic.run.json,/home/thuy/Research/minh_data_synth/TabularDA/sdv trained model/corrected_v2/credit/seed_43/credit_seed43_ctgan_full.pkl,/home/thuy/Research/minh_data_synth/TabularDA/data/corrected_v2/credit/seed_43/credit_seed43_ctgan_full_pca_gmm_100k.predictor.pkl,,0,0,,,False,False,True,True,True,True,True,255e3a80d6f651c7b051ef86a0ad2f55f5f6e1e2606b7bb833a30d63c95989a3
corrected_v2,credit,43,mix,compare_rf,/home/thuy/Research/minh_data_synth/TabularDA/output/corrected_v2/credit/acc/credit_seed43_ctgan_full_rf_mix.run.json,/home/thuy/Research/minh_data_synth/TabularDA/sdv trained model/corrected_v2/credit/seed_43/credit_seed43_ctgan_full.pkl,/home/thuy/Research/minh_data_synth/TabularDA/data/corrected_v2/credit/seed_43/credit_seed43_ctgan_full_rf_100k.predictor.pkl,,0,0,,,False,False,True,True,True,True,True,68510f6b76ff78f1616128983e9327fc6abc84f83904bc9d4817181e8f1fe033
corrected_v2,credit,43,synthetic,compare_rf,/home/thuy/Research/minh_data_synth/TabularDA/output/corrected_v2/credit/acc/credit_seed43_ctgan_full_rf_synthetic.run.json,/home/thuy/Research/minh_data_synth/TabularDA/sdv trained model/corrected_v2/credit/seed_43/credit_seed43_ctgan_full.pkl,/home/thuy/Research/minh_data_synth/TabularDA/data/corrected_v2/credit/seed_43/credit_seed43_ctgan_full_rf_100k.predictor.pkl,,0,0,,,False,False,True,True,True,True,True,268f4e5b147221c7862a15f23f12696b83701714470f72b5455664ec1abcaa54
corrected_v2,credit,43,mix,compare_xgb,/home/thuy/Research/minh_data_synth/TabularDA/output/corrected_v2/credit/acc/credit_seed43_ctgan_full_xgb_mix.run.json,/home/thuy/Research/minh_data_synth/TabularDA/sdv trained model/corrected_v2/credit/seed_43/credit_seed43_ctgan_full.pkl,/home/thuy/Research/minh_data_synth/TabularDA/data/corrected_v2/credit/seed_43/credit_seed43_ctgan_full_xgb_100k.predictor.pkl,,0,0,,,False,False,True,True,True,True,True,3afb82f22c431f68878bb1d3182af231a1ae06e40248858360d04c2b15a16438
corrected_v2,credit,43,synthetic,compare_xgb,/home/thuy/Research/minh_data_synth/TabularDA/output/corrected_v2/credit/acc/credit_seed43_ctgan_full_xgb_synthetic.run.json,/home/thuy/Research/minh_data_synth/TabularDA/sdv trained model/corrected_v2/credit/seed_43/credit_seed43_ctgan_full.pkl,/home/thuy/Research/minh_data_synth/TabularDA/data/corrected_v2/credit/seed_43/credit_seed43_ctgan_full_xgb_100k.predictor.pkl,,0,0,,,False,False,True,True,True,True,True,f747f0147defb5eefa36250fb430870c59db095a3afaea23913098a075e79aba
corrected_v2,credit,43,mix,categorical,/home/thuy/Research/minh_data_synth/TabularDA/output/corrected_v2/credit/acc/credit_seed43_ctgan_xonly_categorical_mix.run.json,/home/thuy/Research/minh_data_synth/TabularDA/sdv trained model/corrected_v2/credit/seed_43/credit_seed43_ctgan_xonly.pkl,/home/thuy/Research/minh_data_synth/TabularDA/data/corrected_v2/credit/seed_43/credit_seed43_ctgan_xonly_categorical_100k.predictor.pkl,,0,0,,,False,False,True,True,True,True,True,b6ba5fda398317ab55c19fcee5ad44b0e84caa511771e10b17a92c16ba4f12e9
corrected_v2,credit,43,synthetic,categorical,/home/thuy/Research/minh_data_synth/TabularDA/output/corrected_v2/credit/acc/credit_seed43_ctgan_xonly_categorical_synthetic.run.json,/home/thuy/Research/minh_data_synth/TabularDA/sdv trained model/corrected_v2/credit/seed_43/credit_seed43_ctgan_xonly.pkl,/home/thuy/Research/minh_data_synth/TabularDA/data/corrected_v2/credit/seed_43/credit_seed43_ctgan_xonly_categorical_100k.predictor.pkl,,0,0,,,False,False,True,True,True,True,True,9151eacee49881ff4b4126f71fa0175f1225d8bd90b8b89b0619ae02274b6b73
corrected_v2,credit,43,mix,dnn,/home/thuy/Research/minh_data_synth/TabularDA/output/corrected_v2/credit/acc/credit_seed43_ctgan_xonly_dnn_mix.run.json,/home/thuy/Research/minh_data_synth/TabularDA/sdv trained model/corrected_v2/credit/seed_43/credit_seed43_ctgan_xonly.pkl,/home/thuy/Research/minh_data_synth/TabularDA/data/corrected_v2/credit/seed_43/credit_seed43_ctgan_xonly_dnn_100k.predictor.pt,,0,0,,,False,False,True,True,True,True,True,765733076bd78f1b2a28a8414d4a8bd9018047a6d33120986d3517a0e2c948b8
corrected_v2,credit,43,synthetic,dnn,/home/thuy/Research/minh_data_synth/TabularDA/output/corrected_v2/credit/acc/credit_seed43_ctgan_xonly_dnn_synthetic.run.json,/home/thuy/Research/minh_data_synth/TabularDA/sdv trained model/corrected_v2/credit/seed_43/credit_seed43_ctgan_xonly.pkl,/home/thuy/Research/minh_data_synth/TabularDA/data/corrected_v2/credit/seed_43/credit_seed43_ctgan_xonly_dnn_100k.predictor.pt,,0,0,,,False,False,True,True,True,True,True,f1dc4c34949e0875ba33f7db789bbe8e58367eb751dc23873cb10566589feed9
corrected_v2,credit,43,mix,gaussian,/home/thuy/Research/minh_data_synth/TabularDA/output/corrected_v2/credit/acc/credit_seed43_ctgan_xonly_gaussian_mix.run.json,/home/thuy/Research/minh_data_synth/TabularDA/sdv trained model/corrected_v2/credit/seed_43/credit_seed43_ctgan_xonly.pkl,/home/thuy/Research/minh_data_synth/TabularDA/data/corrected_v2/credit/seed_43/credit_seed43_ctgan_xonly_gaussian_100k.predictor.pkl,,0,0,,,False,False,True,True,True,True,True,31bf2c764450dfba6cd3d58698c54314a6163476ffa0798a702e086d47b7b7d8
corrected_v2,credit,43,synthetic,gaussian,/home/thuy/Research/minh_data_synth/TabularDA/output/corrected_v2/credit/acc/credit_seed43_ctgan_xonly_gaussian_synthetic.run.json,/home/thuy/Research/minh_data_synth/TabularDA/sdv trained model/corrected_v2/credit/seed_43/credit_seed43_ctgan_xonly.pkl,/home/thuy/Research/minh_data_synth/TabularDA/data/corrected_v2/credit/seed_43/credit_seed43_ctgan_xonly_gaussian_100k.predictor.pkl,,0,0,,,False,False,True,True,True,True,True,ab8dd3dfc0038e2505dfefa0252bb39f4e833b2ed2d1cebc7f61c382bf35fe00
corrected_v2,credit,43,mix,pca_gmm,/home/thuy/Research/minh_data_synth/TabularDA/output/corrected_v2/credit/acc/credit_seed43_ctgan_xonly_pca_gmm_mix.run.json,/home/thuy/Research/minh_data_synth/TabularDA/sdv trained model/corrected_v2/credit/seed_43/credit_seed43_ctgan_xonly.pkl,/home/thuy/Research/minh_data_synth/TabularDA/data/corrected_v2/credit/seed_43/credit_seed43_ctgan_xonly_pca_gmm_100k.predictor.pkl,,0,0,,,False,False,True,True,True,True,True,a868a535e40a60badb27371e9cfd957e5a7b12251ce10de7112ff51b14a1b4a1
corrected_v2,credit,43,synthetic,pca_gmm,/home/thuy/Research/minh_data_synth/TabularDA/output/corrected_v2/credit/acc/credit_seed43_ctgan_xonly_pca_gmm_synthetic.run.json,/home/thuy/Research/minh_data_synth/TabularDA/sdv trained model/corrected_v2/credit/seed_43/credit_seed43_ctgan_xonly.pkl,/home/thuy/Research/minh_data_synth/TabularDA/data/corrected_v2/credit/seed_43/credit_seed43_ctgan_xonly_pca_gmm_100k.predictor.pkl,,0,0,,,False,False,True,True,True,True,True,01aa29aa3841355b18b43c590ab0d65488d147949921e1d6fbde26cafb5f4c71
corrected_v2,credit,43,mix,rf,/home/thuy/Research/minh_data_synth/TabularDA/output/corrected_v2/credit/acc/credit_seed43_ctgan_xonly_rf_mix.run.json,/home/thuy/Research/minh_data_synth/TabularDA/sdv trained model/corrected_v2/credit/seed_43/credit_seed43_ctgan_xonly.pkl,/home/thuy/Research/minh_data_synth/TabularDA/data/corrected_v2/credit/seed_43/credit_seed43_ctgan_xonly_rf_100k.predictor.pkl,,0,0,,,False,False,True,True,True,True,True,4ac11bdc5fdf29da3caf2be2cac7e5ab6346d35b846db77f534e30af885353b9
corrected_v2,credit,43,synthetic,rf,/home/thuy/Research/minh_data_synth/TabularDA/output/corrected_v2/credit/acc/credit_seed43_ctgan_xonly_rf_synthetic.run.json,/home/thuy/Research/minh_data_synth/TabularDA/sdv trained model/corrected_v2/credit/seed_43/credit_seed43_ctgan_xonly.pkl,/home/thuy/Research/minh_data_synth/TabularDA/data/corrected_v2/credit/seed_43/credit_seed43_ctgan_xonly_rf_100k.predictor.pkl,,0,0,,,False,False,True,True,True,True,True,9c9389bad132c59ec99e6a8e93d493de0831eb074825871d4ab70b75e8a8112e
corrected_v2,credit,43,mix,xgb,/home/thuy/Research/minh_data_synth/TabularDA/output/corrected_v2/credit/acc/credit_seed43_ctgan_xonly_xgb_mix.run.json,/home/thuy/Research/minh_data_synth/TabularDA/sdv trained model/corrected_v2/credit/seed_43/credit_seed43_ctgan_xonly.pkl,/home/thuy/Research/minh_data_synth/TabularDA/data/corrected_v2/credit/seed_43/credit_seed43_ctgan_xonly_xgb_100k.predictor.pkl,,0,0,,,False,False,True,True,True,True,True,5cde89724b920407ddd4f69c6eade2a0eb33c6b7ef93baf74f81682492ac7dd6
corrected_v2,credit,43,synthetic,xgb,/home/thuy/Research/minh_data_synth/TabularDA/output/corrected_v2/credit/acc/credit_seed43_ctgan_xonly_xgb_synthetic.run.json,/home/thuy/Research/minh_data_synth/TabularDA/sdv trained model/corrected_v2/credit/seed_43/credit_seed43_ctgan_xonly.pkl,/home/thuy/Research/minh_data_synth/TabularDA/data/corrected_v2/credit/seed_43/credit_seed43_ctgan_xonly_xgb_100k.predictor.pkl,,0,0,,,False,False,True,True,True,True,True,ca9587b0c0c9b4b365c0942d8124cb63ef40c352eb6f991efc18c86c84266ad7
corrected_v2,credit,43,original,,/home/thuy/Research/minh_data_synth/TabularDA/output/corrected_v2/credit/acc/credit_seed43_real_original.run.json,,,,0,0,,,False,False,False,True,True,True,,4f8b3b426502906fa25ff5d65a58ab75afd5da09af451a59c1f48e5b910eeeb6
corrected_v2,credit,43,mix,tvae_compare_categorical,/home/thuy/Research/minh_data_synth/TabularDA/output/corrected_v2/credit/acc/credit_seed43_tvae_full_categorical_mix.run.json,/home/thuy/Research/minh_data_synth/TabularDA/sdv trained model/corrected_v2/credit/seed_43/credit_seed43_tvae_full.pkl,/home/thuy/Research/minh_data_synth/TabularDA/data/corrected_v2/credit/seed_43/credit_seed43_tvae_full_categorical_100k.predictor.pkl,,0,0,,,False,False,False,True,True,True,True,183592d542275df4db76e825795fab56958f969ebb768ea2b567a3d004c9eb5c
corrected_v2,credit,43,synthetic,tvae_compare_categorical,/home/thuy/Research/minh_data_synth/TabularDA/output/corrected_v2/credit/acc/credit_seed43_tvae_full_categorical_synthetic.run.json,/home/thuy/Research/minh_data_synth/TabularDA/sdv trained model/corrected_v2/credit/seed_43/credit_seed43_tvae_full.pkl,/home/thuy/Research/minh_data_synth/TabularDA/data/corrected_v2/credit/seed_43/credit_seed43_tvae_full_categorical_100k.predictor.pkl,,0,0,,,False,False,False,True,True,True,True,45be93f23edb3f61b81b73b7615327a6ebe40833ea0faf3df2b4598a263672bf
corrected_v2,credit,43,mix,tvae_compare_dnn,/home/thuy/Research/minh_data_synth/TabularDA/output/corrected_v2/credit/acc/credit_seed43_tvae_full_dnn_mix.run.json,/home/thuy/Research/minh_data_synth/TabularDA/sdv trained model/corrected_v2/credit/seed_43/credit_seed43_tvae_full.pkl,/home/thuy/Research/minh_data_synth/TabularDA/data/corrected_v2/credit/seed_43/credit_seed43_tvae_full_dnn_100k.predictor.pt,,0,0,,,False,False,False,True,True,True,True,b09903a0c268c7f1f83def4e93648a6736cf84a6b14bdfd3c30a25869c5d3472
corrected_v2,credit,43,synthetic,tvae_compare_dnn,/home/thuy/Research/minh_data_synth/TabularDA/output/corrected_v2/credit/acc/credit_seed43_tvae_full_dnn_synthetic.run.json,/home/thuy/Research/minh_data_synth/TabularDA/sdv trained model/corrected_v2/credit/seed_43/credit_seed43_tvae_full.pkl,/home/thuy/Research/minh_data_synth/TabularDA/data/corrected_v2/credit/seed_43/credit_seed43_tvae_full_dnn_100k.predictor.pt,,0,0,,,False,False,False,True,True,True,True,14ef934ed605b5cf753f56ce54b26efafbfeecd0b3c92c89950bbb20ad67b662
corrected_v2,credit,43,mix,tvae_compare_gaussian,/home/thuy/Research/minh_data_synth/TabularDA/output/corrected_v2/credit/acc/credit_seed43_tvae_full_gaussian_mix.run.json,/home/thuy/Research/minh_data_synth/TabularDA/sdv trained model/corrected_v2/credit/seed_43/credit_seed43_tvae_full.pkl,/home/thuy/Research/minh_data_synth/TabularDA/data/corrected_v2/credit/seed_43/credit_seed43_tvae_full_gaussian_100k.predictor.pkl,,0,0,,,False,False,False,True,True,True,True,105c5e3ca06a4fe0c8719869805f064d1363aff2ecfcce7c8367f1930a5bb76d
corrected_v2,credit,43,synthetic,tvae_compare_gaussian,/home/thuy/Research/minh_data_synth/TabularDA/output/corrected_v2/credit/acc/credit_seed43_tvae_full_gaussian_synthetic.run.json,/home/thuy/Research/minh_data_synth/TabularDA/sdv trained model/corrected_v2/credit/seed_43/credit_seed43_tvae_full.pkl,/home/thuy/Research/minh_data_synth/TabularDA/data/corrected_v2/credit/seed_43/credit_seed43_tvae_full_gaussian_100k.predictor.pkl,,0,0,,,False,False,False,True,True,True,True,6ea4146ee4d9dc2cb3fbdcc9484d488281d8447510abc4ecfe050a8501f6b501
corrected_v2,credit,43,mix,tvae,/home/thuy/Research/minh_data_synth/TabularDA/output/corrected_v2/credit/acc/credit_seed43_tvae_full_generated_mix.run.json,/home/thuy/Research/minh_data_synth/TabularDA/sdv trained model/corrected_v2/credit/seed_43/credit_seed43_tvae_full.pkl,,,0,0,,,False,False,False,True,True,True,,16eaf8e2f651392cb93c4548dcf286d3deafe7f3ed941a8bed3d6551c7291664
corrected_v2,credit,43,synthetic,tvae,/home/thuy/Research/minh_data_synth/TabularDA/output/corrected_v2/credit/acc/credit_seed43_tvae_full_generated_synthetic.run.json,/home/thuy/Research/minh_data_synth/TabularDA/sdv trained model/corrected_v2/credit/seed_43/credit_seed43_tvae_full.pkl,,,0,0,,,False,False,False,True,True,True,,d5efd806632709cae55011b147b67ad5e47c01bbd3bfe9f937a071e9b8f348f8
corrected_v2,credit,43,mix,tvae_compare_pca_gmm,/home/thuy/Research/minh_data_synth/TabularDA/output/corrected_v2/credit/acc/credit_seed43_tvae_full_pca_gmm_mix.run.json,/home/thuy/Research/minh_data_synth/TabularDA/sdv trained model/corrected_v2/credit/seed_43/credit_seed43_tvae_full.pkl,/home/thuy/Research/minh_data_synth/TabularDA/data/corrected_v2/credit/seed_43/credit_seed43_tvae_full_pca_gmm_100k.predictor.pkl,,0,0,,,False,False,False,True,True,True,True,f1eb0ae9408af357ec813cd571e0a02649bee9ab897a4bbcd201521c442e95f9
corrected_v2,credit,43,synthetic,tvae_compare_pca_gmm,/home/thuy/Research/minh_data_synth/TabularDA/output/corrected_v2/credit/acc/credit_seed43_tvae_full_pca_gmm_synthetic.run.json,/home/thuy/Research/minh_data_synth/TabularDA/sdv trained model/corrected_v2/credit/seed_43/credit_seed43_tvae_full.pkl,/home/thuy/Research/minh_data_synth/TabularDA/data/corrected_v2/credit/seed_43/credit_seed43_tvae_full_pca_gmm_100k.predictor.pkl,,0,0,,,False,False,False,True,True,True,True,e69d8d8174bfbc23fa1ff1f3f791dd7f8698f6960283f33ce3dbbdb0e0673999
corrected_v2,credit,43,mix,tvae_compare_rf,/home/thuy/Research/minh_data_synth/TabularDA/output/corrected_v2/credit/acc/credit_seed43_tvae_full_rf_mix.run.json,/home/thuy/Research/minh_data_synth/TabularDA/sdv trained model/corrected_v2/credit/seed_43/credit_seed43_tvae_full.pkl,/home/thuy/Research/minh_data_synth/TabularDA/data/corrected_v2/credit/seed_43/credit_seed43_tvae_full_rf_100k.predictor.pkl,,0,0,,,False,False,False,True,True,True,True,0e94de2c633c04f06e21934a9be7320eb57ffab8a3cfaf5c9b778d42a2b9eb5a
corrected_v2,credit,43,synthetic,tvae_compare_rf,/home/thuy/Research/minh_data_synth/TabularDA/output/corrected_v2/credit/acc/credit_seed43_tvae_full_rf_synthetic.run.json,/home/thuy/Research/minh_data_synth/TabularDA/sdv trained model/corrected_v2/credit/seed_43/credit_seed43_tvae_full.pkl,/home/thuy/Research/minh_data_synth/TabularDA/data/corrected_v2/credit/seed_43/credit_seed43_tvae_full_rf_100k.predictor.pkl,,0,0,,,False,False,False,True,True,True,True,dc6068acc810e8fbfb352baf40a9bf1f6027ba68644d832583cc6b0a2e6b891e
corrected_v2,credit,43,mix,tvae_compare_xgb,/home/thuy/Research/minh_data_synth/TabularDA/output/corrected_v2/credit/acc/credit_seed43_tvae_full_xgb_mix.run.json,/home/thuy/Research/minh_data_synth/TabularDA/sdv trained model/corrected_v2/credit/seed_43/credit_seed43_tvae_full.pkl,/home/thuy/Research/minh_data_synth/TabularDA/data/corrected_v2/credit/seed_43/credit_seed43_tvae_full_xgb_100k.predictor.pkl,,0,0,,,False,False,False,True,True,True,True,c8a6a77ebad050688f04f3f8ac7288514f2baea182236fecc3168bdaaee6d0f2
corrected_v2,credit,43,synthetic,tvae_compare_xgb,/home/thuy/Research/minh_data_synth/TabularDA/output/corrected_v2/credit/acc/credit_seed43_tvae_full_xgb_synthetic.run.json,/home/thuy/Research/minh_data_synth/TabularDA/sdv trained model/corrected_v2/credit/seed_43/credit_seed43_tvae_full.pkl,/home/thuy/Research/minh_data_synth/TabularDA/data/corrected_v2/credit/seed_43/credit_seed43_tvae_full_xgb_100k.predictor.pkl,,0,0,,,False,False,False,True,True,True,True,34155716f9d3bce730b4a1fe29187e0d95bae4f590691095c1299cb1b6ea4ccf
corrected_v2,credit,43,mix,tvae_categorical,/home/thuy/Research/minh_data_synth/TabularDA/output/corrected_v2/credit/acc/credit_seed43_tvae_xonly_categorical_mix.run.json,/home/thuy/Research/minh_data_synth/TabularDA/sdv trained model/corrected_v2/credit/seed_43/credit_seed43_tvae_xonly.pkl,/home/thuy/Research/minh_data_synth/TabularDA/data/corrected_v2/credit/seed_43/credit_seed43_tvae_xonly_categorical_100k.predictor.pkl,,0,0,,,False,False,False,True,True,True,True,a7bfeff03faf7fe716c6a5f699de4355d1bedc949d469202e4a9480565f833aa
corrected_v2,credit,43,synthetic,tvae_categorical,/home/thuy/Research/minh_data_synth/TabularDA/output/corrected_v2/credit/acc/credit_seed43_tvae_xonly_categorical_synthetic.run.json,/home/thuy/Research/minh_data_synth/TabularDA/sdv trained model/corrected_v2/credit/seed_43/credit_seed43_tvae_xonly.pkl,/home/thuy/Research/minh_data_synth/TabularDA/data/corrected_v2/credit/seed_43/credit_seed43_tvae_xonly_categorical_100k.predictor.pkl,,0,0,,,False,False,False,True,True,True,True,53fd764a5cd6c9e6795aeec1c3353e0569245af1f36fcaff877965c4517e131a
corrected_v2,credit,43,mix,tvae_dnn,/home/thuy/Research/minh_data_synth/TabularDA/output/corrected_v2/credit/acc/credit_seed43_tvae_xonly_dnn_mix.run.json,/home/thuy/Research/minh_data_synth/TabularDA/sdv trained model/corrected_v2/credit/seed_43/credit_seed43_tvae_xonly.pkl,/home/thuy/Research/minh_data_synth/TabularDA/data/corrected_v2/credit/seed_43/credit_seed43_tvae_xonly_dnn_100k.predictor.pt,,0,0,,,False,False,False,True,True,True,True,e81c945d35606e0b31a48892cbb6944a787e4768db6c4ae0a943ee15b46ed9b6
corrected_v2,credit,43,synthetic,tvae_dnn,/home/thuy/Research/minh_data_synth/TabularDA/output/corrected_v2/credit/acc/credit_seed43_tvae_xonly_dnn_synthetic.run.json,/home/thuy/Research/minh_data_synth/TabularDA/sdv trained model/corrected_v2/credit/seed_43/credit_seed43_tvae_xonly.pkl,/home/thuy/Research/minh_data_synth/TabularDA/data/corrected_v2/credit/seed_43/credit_seed43_tvae_xonly_dnn_100k.predictor.pt,,0,0,,,False,False,False,True,True,True,True,f1c8b43d40b1721cdc26ad9dd3170c42978c00628fb7d3319582cdf48e41f1e7
corrected_v2,credit,43,mix,tvae_gaussian,/home/thuy/Research/minh_data_synth/TabularDA/output/corrected_v2/credit/acc/credit_seed43_tvae_xonly_gaussian_mix.run.json,/home/thuy/Research/minh_data_synth/TabularDA/sdv trained model/corrected_v2/credit/seed_43/credit_seed43_tvae_xonly.pkl,/home/thuy/Research/minh_data_synth/TabularDA/data/corrected_v2/credit/seed_43/credit_seed43_tvae_xonly_gaussian_100k.predictor.pkl,,0,0,,,False,False,False,True,True,True,True,e88a298cfeccb460a17ceadd9bc82b3f39497dd0d259a902e4481cd40835794c
corrected_v2,credit,43,synthetic,tvae_gaussian,/home/thuy/Research/minh_data_synth/TabularDA/output/corrected_v2/credit/acc/credit_seed43_tvae_xonly_gaussian_synthetic.run.json,/home/thuy/Research/minh_data_synth/TabularDA/sdv trained model/corrected_v2/credit/seed_43/credit_seed43_tvae_xonly.pkl,/home/thuy/Research/minh_data_synth/TabularDA/data/corrected_v2/credit/seed_43/credit_seed43_tvae_xonly_gaussian_100k.predictor.pkl,,0,0,,,False,False,False,True,True,True,True,15775992745d77943c3e9a3a2698b73a5494836fb333f58ca587bbf7606b0c12
corrected_v2,credit,43,mix,tvae_pca_gmm,/home/thuy/Research/minh_data_synth/TabularDA/output/corrected_v2/credit/acc/credit_seed43_tvae_xonly_pca_gmm_mix.run.json,/home/thuy/Research/minh_data_synth/TabularDA/sdv trained model/corrected_v2/credit/seed_43/credit_seed43_tvae_xonly.pkl,/home/thuy/Research/minh_data_synth/TabularDA/data/corrected_v2/credit/seed_43/credit_seed43_tvae_xonly_pca_gmm_100k.predictor.pkl,,0,0,,,False,False,False,True,True,True,True,85dbdda698f9c258da529a38e10188cd2cd5af776a96e10fdc619c9f30dad50c
corrected_v2,credit,43,synthetic,tvae_pca_gmm,/home/thuy/Research/minh_data_synth/TabularDA/output/corrected_v2/credit/acc/credit_seed43_tvae_xonly_pca_gmm_synthetic.run.json,/home/thuy/Research/minh_data_synth/TabularDA/sdv trained model/corrected_v2/credit/seed_43/credit_seed43_tvae_xonly.pkl,/home/thuy/Research/minh_data_synth/TabularDA/data/corrected_v2/credit/seed_43/credit_seed43_tvae_xonly_pca_gmm_100k.predictor.pkl,,0,0,,,False,False,False,True,True,True,True,887a6283aa93dfd2a1a950b94510829843bf7a99bc17df1305c967c93cbdd922
corrected_v2,credit,43,mix,tvae_rf,/home/thuy/Research/minh_data_synth/TabularDA/output/corrected_v2/credit/acc/credit_seed43_tvae_xonly_rf_mix.run.json,/home/thuy/Research/minh_data_synth/TabularDA/sdv trained model/corrected_v2/credit/seed_43/credit_seed43_tvae_xonly.pkl,/home/thuy/Research/minh_data_synth/TabularDA/data/corrected_v2/credit/seed_43/credit_seed43_tvae_xonly_rf_100k.predictor.pkl,,0,0,,,False,False,False,True,True,True,True,87844630f02d21187c7d7b1191d4723646b698dd386515e606734f52ae35057b
corrected_v2,credit,43,synthetic,tvae_rf,/home/thuy/Research/minh_data_synth/TabularDA/output/corrected_v2/credit/acc/credit_seed43_tvae_xonly_rf_synthetic.run.json,/home/thuy/Research/minh_data_synth/TabularDA/sdv trained model/corrected_v2/credit/seed_43/credit_seed43_tvae_xonly.pkl,/home/thuy/Research/minh_data_synth/TabularDA/data/corrected_v2/credit/seed_43/credit_seed43_tvae_xonly_rf_100k.predictor.pkl,,0,0,,,False,False,False,True,True,True,True,a07df1afcecb075a214386dd4e0f5c72465c7cd3a464d156f976d7cf2e8b61e8
corrected_v2,credit,43,mix,tvae_xgb,/home/thuy/Research/minh_data_synth/TabularDA/output/corrected_v2/credit/acc/credit_seed43_tvae_xonly_xgb_mix.run.json,/home/thuy/Research/minh_data_synth/TabularDA/sdv trained model/corrected_v2/credit/seed_43/credit_seed43_tvae_xonly.pkl,/home/thuy/Research/minh_data_synth/TabularDA/data/corrected_v2/credit/seed_43/credit_seed43_tvae_xonly_xgb_100k.predictor.pkl,,0,0,,,False,False,False,True,True,True,True,c2e59feef4b692ed8375e416d75b031955b7fc26140ac2dbf89535e01adeb7ac
corrected_v2,credit,43,synthetic,tvae_xgb,/home/thuy/Research/minh_data_synth/TabularDA/output/corrected_v2/credit/acc/credit_seed43_tvae_xonly_xgb_synthetic.run.json,/home/thuy/Research/minh_data_synth/TabularDA/sdv trained model/corrected_v2/credit/seed_43/credit_seed43_tvae_xonly.pkl,/home/thuy/Research/minh_data_synth/TabularDA/data/corrected_v2/credit/seed_43/credit_seed43_tvae_xonly_xgb_100k.predictor.pkl,,0,0,,,False,False,False,True,True,True,True,d7dd11d12a091c37c044c8189a47d8bad24200bc5bde1b41e9cfbb7c72055a4f
corrected_v2,intrusion,43,original,,/home/thuy/Research/minh_data_synth/TabularDA/output/corrected_v2/intrusion/acc/intrusion_seed43_real_original.run.json,,,,0,0,,,False,False,False,True,True,True,,d662fc0a6300a9b0831daa97a17ac3f9832de3f0aad3853cb8aef055f27d99ed
corrected_v2,mnist12,42,mix,compare_categorical,/home/thuy/Research/minh_data_synth/TabularDA/output/corrected_v2/mnist12/acc/mnist12_seed42_ctgan_full_categorical_mix.run.json,/home/thuy/Research/minh_data_synth/TabularDA/sdv trained model/corrected_v2/mnist12/seed_42/mnist12_seed42_ctgan_full.pkl,/home/thuy/Research/minh_data_synth/TabularDA/data/corrected_v2/mnist12/seed_42/mnist12_seed42_ctgan_full_categorical_100k.predictor.pkl,mnist_unused_class_output;categorical_nb_erased_binary_features,74,0,256,True,False,False,True,True,True,True,True,4b39e6d91520ea1dfdc35d92d6f89330360d7d8eea3f80cc84cfe82f7bc4278a
corrected_v2,mnist12,42,synthetic,compare_categorical,/home/thuy/Research/minh_data_synth/TabularDA/output/corrected_v2/mnist12/acc/mnist12_seed42_ctgan_full_categorical_synthetic.run.json,/home/thuy/Research/minh_data_synth/TabularDA/sdv trained model/corrected_v2/mnist12/seed_42/mnist12_seed42_ctgan_full.pkl,/home/thuy/Research/minh_data_synth/TabularDA/data/corrected_v2/mnist12/seed_42/mnist12_seed42_ctgan_full_categorical_100k.predictor.pkl,mnist_unused_class_output;categorical_nb_erased_binary_features,74,0,256,True,False,False,True,True,True,True,True,419b0135f8a42550c97b393a85fb692880d0a196c488a35321df6972694d23b1
corrected_v2,mnist12,42,mix,compare_dnn,/home/thuy/Research/minh_data_synth/TabularDA/output/corrected_v2/mnist12/acc/mnist12_seed42_ctgan_full_dnn_mix.run.json,/home/thuy/Research/minh_data_synth/TabularDA/sdv trained model/corrected_v2/mnist12/seed_42/mnist12_seed42_ctgan_full.pkl,/home/thuy/Research/minh_data_synth/TabularDA/data/corrected_v2/mnist12/seed_42/mnist12_seed42_ctgan_full_dnn_100k.predictor.pt,mnist_unused_class_output,0,0,256,True,False,False,True,True,True,True,True,d85e19db21af58ee87167c43ad0b8d9e4c079b23a5582de195f86a255fdc2b22
corrected_v2,mnist12,42,synthetic,compare_dnn,/home/thuy/Research/minh_data_synth/TabularDA/output/corrected_v2/mnist12/acc/mnist12_seed42_ctgan_full_dnn_synthetic.run.json,/home/thuy/Research/minh_data_synth/TabularDA/sdv trained model/corrected_v2/mnist12/seed_42/mnist12_seed42_ctgan_full.pkl,/home/thuy/Research/minh_data_synth/TabularDA/data/corrected_v2/mnist12/seed_42/mnist12_seed42_ctgan_full_dnn_100k.predictor.pt,mnist_unused_class_output,0,0,256,True,False,False,True,True,True,True,True,9ef3c1acd9ed69b216a9e64f015645239dfc7c8a856935021887550bf45d244f
corrected_v2,mnist12,42,mix,compare_gaussian,/home/thuy/Research/minh_data_synth/TabularDA/output/corrected_v2/mnist12/acc/mnist12_seed42_ctgan_full_gaussian_mix.run.json,/home/thuy/Research/minh_data_synth/TabularDA/sdv trained model/corrected_v2/mnist12/seed_42/mnist12_seed42_ctgan_full.pkl,/home/thuy/Research/minh_data_synth/TabularDA/data/corrected_v2/mnist12/seed_42/mnist12_seed42_ctgan_full_gaussian_100k.predictor.pkl,mnist_unused_class_output,0,0,256,True,False,False,True,True,True,True,True,e106568cc1ce541f4ba38718ee37a8d40e6b2c3e2a6d813a9a8d1c2850e3e5f2
corrected_v2,mnist12,42,synthetic,compare_gaussian,/home/thuy/Research/minh_data_synth/TabularDA/output/corrected_v2/mnist12/acc/mnist12_seed42_ctgan_full_gaussian_synthetic.run.json,/home/thuy/Research/minh_data_synth/TabularDA/sdv trained model/corrected_v2/mnist12/seed_42/mnist12_seed42_ctgan_full.pkl,/home/thuy/Research/minh_data_synth/TabularDA/data/corrected_v2/mnist12/seed_42/mnist12_seed42_ctgan_full_gaussian_100k.predictor.pkl,mnist_unused_class_output,0,0,256,True,False,False,True,True,True,True,True,c33d647b28803c6761a0f72a30902dae2794be325f36aef5239903e28e358eb2
corrected_v2,mnist12,42,mix,ctgan,/home/thuy/Research/minh_data_synth/TabularDA/output/corrected_v2/mnist12/acc/mnist12_seed42_ctgan_full_generated_mix.run.json,/home/thuy/Research/minh_data_synth/TabularDA/sdv trained model/corrected_v2/mnist12/seed_42/mnist12_seed42_ctgan_full.pkl,,mnist_unused_class_output,0,0,256,True,False,False,True,True,True,True,,717a4acf4eb47e9b9b7c9ddb07fa1091af1332298ce482ba9da48663c87a17c1
corrected_v2,mnist12,42,synthetic,ctgan,/home/thuy/Research/minh_data_synth/TabularDA/output/corrected_v2/mnist12/acc/mnist12_seed42_ctgan_full_generated_synthetic.run.json,/home/thuy/Research/minh_data_synth/TabularDA/sdv trained model/corrected_v2/mnist12/seed_42/mnist12_seed42_ctgan_full.pkl,,mnist_unused_class_output,0,0,256,True,False,False,True,True,True,True,,02c149ec8276f6815f83ecd0fdf0a9f053452785a8e1394b4b4e12f7ea6d8c30
corrected_v2,mnist12,42,mix,compare_pca_gmm,/home/thuy/Research/minh_data_synth/TabularDA/output/corrected_v2/mnist12/acc/mnist12_seed42_ctgan_full_pca_gmm_mix.run.json,/home/thuy/Research/minh_data_synth/TabularDA/sdv trained model/corrected_v2/mnist12/seed_42/mnist12_seed42_ctgan_full.pkl,/home/thuy/Research/minh_data_synth/TabularDA/data/corrected_v2/mnist12/seed_42/mnist12_seed42_ctgan_full_pca_gmm_100k.predictor.pkl,mnist_unused_class_output,0,0,256,True,False,False,True,True,True,True,True,7decf5cfe5703b4b8e9f52da52aebc1e10f64ad1ce5cd0ac737ebd675141c111
corrected_v2,mnist12,42,synthetic,compare_pca_gmm,/home/thuy/Research/minh_data_synth/TabularDA/output/corrected_v2/mnist12/acc/mnist12_seed42_ctgan_full_pca_gmm_synthetic.run.json,/home/thuy/Research/minh_data_synth/TabularDA/sdv trained model/corrected_v2/mnist12/seed_42/mnist12_seed42_ctgan_full.pkl,/home/thuy/Research/minh_data_synth/TabularDA/data/corrected_v2/mnist12/seed_42/mnist12_seed42_ctgan_full_pca_gmm_100k.predictor.pkl,mnist_unused_class_output,0,0,256,True,False,False,True,True,True,True,True,8954e7f5da81778b325a11880075cf97394a4f831bd73141d9d37e3279481d6b
corrected_v2,mnist12,42,mix,compare_rf,/home/thuy/Research/minh_data_synth/TabularDA/output/corrected_v2/mnist12/acc/mnist12_seed42_ctgan_full_rf_mix.run.json,/home/thuy/Research/minh_data_synth/TabularDA/sdv trained model/corrected_v2/mnist12/seed_42/mnist12_seed42_ctgan_full.pkl,/home/thuy/Research/minh_data_synth/TabularDA/data/corrected_v2/mnist12/seed_42/mnist12_seed42_ctgan_full_rf_100k.predictor.pkl,mnist_unused_class_output,0,0,256,True,False,False,True,True,True,True,True,18bbdac5d35c1f7318452ec68c04993cc82e106166be057b8086d8ed473bce26
corrected_v2,mnist12,42,synthetic,compare_rf,/home/thuy/Research/minh_data_synth/TabularDA/output/corrected_v2/mnist12/acc/mnist12_seed42_ctgan_full_rf_synthetic.run.json,/home/thuy/Research/minh_data_synth/TabularDA/sdv trained model/corrected_v2/mnist12/seed_42/mnist12_seed42_ctgan_full.pkl,/home/thuy/Research/minh_data_synth/TabularDA/data/corrected_v2/mnist12/seed_42/mnist12_seed42_ctgan_full_rf_100k.predictor.pkl,mnist_unused_class_output,0,0,256,True,False,False,True,True,True,True,True,a1223d255d9204fc1ca8f47a861b926d8e89f52ee2436d2106a9653c6052ca15
corrected_v2,mnist12,42,mix,compare_xgb,/home/thuy/Research/minh_data_synth/TabularDA/output/corrected_v2/mnist12/acc/mnist12_seed42_ctgan_full_xgb_mix.run.json,/home/thuy/Research/minh_data_synth/TabularDA/sdv trained model/corrected_v2/mnist12/seed_42/mnist12_seed42_ctgan_full.pkl,/home/thuy/Research/minh_data_synth/TabularDA/data/corrected_v2/mnist12/seed_42/mnist12_seed42_ctgan_full_xgb_100k.predictor.pkl,mnist_unused_class_output,0,0,256,True,False,False,True,True,True,True,True,9adbacea32d21f22642be0bad116d3348e26ee2f18d86123c4e0ecedf9254db8
corrected_v2,mnist12,42,synthetic,compare_xgb,/home/thuy/Research/minh_data_synth/TabularDA/output/corrected_v2/mnist12/acc/mnist12_seed42_ctgan_full_xgb_synthetic.run.json,/home/thuy/Research/minh_data_synth/TabularDA/sdv trained model/corrected_v2/mnist12/seed_42/mnist12_seed42_ctgan_full.pkl,/home/thuy/Research/minh_data_synth/TabularDA/data/corrected_v2/mnist12/seed_42/mnist12_seed42_ctgan_full_xgb_100k.predictor.pkl,mnist_unused_class_output,0,0,256,True,False,False,True,True,True,True,True,145b1162d6f2f8e508cfe2f34f5f83840216a15dc8d55587a5205def2eaaf863
corrected_v2,mnist12,42,mix,categorical,/home/thuy/Research/minh_data_synth/TabularDA/output/corrected_v2/mnist12/acc/mnist12_seed42_ctgan_xonly_categorical_mix.run.json,/home/thuy/Research/minh_data_synth/TabularDA/sdv trained model/corrected_v2/mnist12/seed_42/mnist12_seed42_ctgan_xonly.pkl,/home/thuy/Research/minh_data_synth/TabularDA/data/corrected_v2/mnist12/seed_42/mnist12_seed42_ctgan_xonly_categorical_100k.predictor.pkl,mnist_unused_class_output;categorical_nb_erased_binary_features,74,0,256,True,False,False,True,True,True,True,True,eebb5e19f134198306397d712955fa49c28faeb4b794e944d0df37140a5c69a5
corrected_v2,mnist12,42,synthetic,categorical,/home/thuy/Research/minh_data_synth/TabularDA/output/corrected_v2/mnist12/acc/mnist12_seed42_ctgan_xonly_categorical_synthetic.run.json,/home/thuy/Research/minh_data_synth/TabularDA/sdv trained model/corrected_v2/mnist12/seed_42/mnist12_seed42_ctgan_xonly.pkl,/home/thuy/Research/minh_data_synth/TabularDA/data/corrected_v2/mnist12/seed_42/mnist12_seed42_ctgan_xonly_categorical_100k.predictor.pkl,mnist_unused_class_output;categorical_nb_erased_binary_features,74,0,256,True,False,False,True,True,True,True,True,e5e50cc6a98e7dfee876a8229754c54bcee66d09d385084281884ce7f8af386a
corrected_v2,mnist12,42,mix,dnn,/home/thuy/Research/minh_data_synth/TabularDA/output/corrected_v2/mnist12/acc/mnist12_seed42_ctgan_xonly_dnn_mix.run.json,/home/thuy/Research/minh_data_synth/TabularDA/sdv trained model/corrected_v2/mnist12/seed_42/mnist12_seed42_ctgan_xonly.pkl,/home/thuy/Research/minh_data_synth/TabularDA/data/corrected_v2/mnist12/seed_42/mnist12_seed42_ctgan_xonly_dnn_100k.predictor.pt,mnist_unused_class_output,0,0,256,True,False,False,True,True,True,True,True,10876ec8f88f699d9a14efeef52115cab791ebd5cfef5cec5ee5e4cc6523c01c
corrected_v2,mnist12,42,synthetic,dnn,/home/thuy/Research/minh_data_synth/TabularDA/output/corrected_v2/mnist12/acc/mnist12_seed42_ctgan_xonly_dnn_synthetic.run.json,/home/thuy/Research/minh_data_synth/TabularDA/sdv trained model/corrected_v2/mnist12/seed_42/mnist12_seed42_ctgan_xonly.pkl,/home/thuy/Research/minh_data_synth/TabularDA/data/corrected_v2/mnist12/seed_42/mnist12_seed42_ctgan_xonly_dnn_100k.predictor.pt,mnist_unused_class_output,0,0,256,True,False,False,True,True,True,True,True,9b1253c337a5b6797925ed2e78f8c670c04d832e0724a501006d941b0561f6f7
corrected_v2,mnist12,42,mix,gaussian,/home/thuy/Research/minh_data_synth/TabularDA/output/corrected_v2/mnist12/acc/mnist12_seed42_ctgan_xonly_gaussian_mix.run.json,/home/thuy/Research/minh_data_synth/TabularDA/sdv trained model/corrected_v2/mnist12/seed_42/mnist12_seed42_ctgan_xonly.pkl,/home/thuy/Research/minh_data_synth/TabularDA/data/corrected_v2/mnist12/seed_42/mnist12_seed42_ctgan_xonly_gaussian_100k.predictor.pkl,mnist_unused_class_output,0,0,256,True,False,False,True,True,True,True,True,883ef90a7a350a94c4eed054f304031657ffe5629bce3b7f5e0e5cf903ec3c96
corrected_v2,mnist12,42,synthetic,gaussian,/home/thuy/Research/minh_data_synth/TabularDA/output/corrected_v2/mnist12/acc/mnist12_seed42_ctgan_xonly_gaussian_synthetic.run.json,/home/thuy/Research/minh_data_synth/TabularDA/sdv trained model/corrected_v2/mnist12/seed_42/mnist12_seed42_ctgan_xonly.pkl,/home/thuy/Research/minh_data_synth/TabularDA/data/corrected_v2/mnist12/seed_42/mnist12_seed42_ctgan_xonly_gaussian_100k.predictor.pkl,mnist_unused_class_output,0,0,256,True,False,False,True,True,True,True,True,f751d47daea7838401d56f4be9ce8474b17ab6128d30f7766cd9edcd27576ce8
corrected_v2,mnist12,42,mix,pca_gmm,/home/thuy/Research/minh_data_synth/TabularDA/output/corrected_v2/mnist12/acc/mnist12_seed42_ctgan_xonly_pca_gmm_mix.run.json,/home/thuy/Research/minh_data_synth/TabularDA/sdv trained model/corrected_v2/mnist12/seed_42/mnist12_seed42_ctgan_xonly.pkl,/home/thuy/Research/minh_data_synth/TabularDA/data/corrected_v2/mnist12/seed_42/mnist12_seed42_ctgan_xonly_pca_gmm_100k.predictor.pkl,mnist_unused_class_output,0,0,256,True,False,False,True,True,True,True,True,6812b73cbe01616c25572b6bd804fdb7ba0f8e528692cb389921977a2093a172
corrected_v2,mnist12,42,synthetic,pca_gmm,/home/thuy/Research/minh_data_synth/TabularDA/output/corrected_v2/mnist12/acc/mnist12_seed42_ctgan_xonly_pca_gmm_synthetic.run.json,/home/thuy/Research/minh_data_synth/TabularDA/sdv trained model/corrected_v2/mnist12/seed_42/mnist12_seed42_ctgan_xonly.pkl,/home/thuy/Research/minh_data_synth/TabularDA/data/corrected_v2/mnist12/seed_42/mnist12_seed42_ctgan_xonly_pca_gmm_100k.predictor.pkl,mnist_unused_class_output,0,0,256,True,False,False,True,True,True,True,True,9606cf89cebd979509e106d6a0bcb60b4e4d15c4569f4e69d5c9ad911b085a24
corrected_v2,mnist12,42,mix,rf,/home/thuy/Research/minh_data_synth/TabularDA/output/corrected_v2/mnist12/acc/mnist12_seed42_ctgan_xonly_rf_mix.run.json,/home/thuy/Research/minh_data_synth/TabularDA/sdv trained model/corrected_v2/mnist12/seed_42/mnist12_seed42_ctgan_xonly.pkl,/home/thuy/Research/minh_data_synth/TabularDA/data/corrected_v2/mnist12/seed_42/mnist12_seed42_ctgan_xonly_rf_100k.predictor.pkl,mnist_unused_class_output,0,0,256,True,False,False,True,True,True,True,True,2ced5f31cc046df8136f67d54fc16a3d8eb3b8d3b7510d50d00cc5225369734a
corrected_v2,mnist12,42,synthetic,rf,/home/thuy/Research/minh_data_synth/TabularDA/output/corrected_v2/mnist12/acc/mnist12_seed42_ctgan_xonly_rf_synthetic.run.json,/home/thuy/Research/minh_data_synth/TabularDA/sdv trained model/corrected_v2/mnist12/seed_42/mnist12_seed42_ctgan_xonly.pkl,/home/thuy/Research/minh_data_synth/TabularDA/data/corrected_v2/mnist12/seed_42/mnist12_seed42_ctgan_xonly_rf_100k.predictor.pkl,mnist_unused_class_output,0,0,256,True,False,False,True,True,True,True,True,e7a06635c45461df85fad9f6f0ffe91814d9ed5a46fcf3120c33b2639fd0fa3b
corrected_v2,mnist12,42,mix,xgb,/home/thuy/Research/minh_data_synth/TabularDA/output/corrected_v2/mnist12/acc/mnist12_seed42_ctgan_xonly_xgb_mix.run.json,/home/thuy/Research/minh_data_synth/TabularDA/sdv trained model/corrected_v2/mnist12/seed_42/mnist12_seed42_ctgan_xonly.pkl,/home/thuy/Research/minh_data_synth/TabularDA/data/corrected_v2/mnist12/seed_42/mnist12_seed42_ctgan_xonly_xgb_100k.predictor.pkl,mnist_unused_class_output,0,0,256,True,False,False,True,True,True,True,True,76e9d3400324e9fbcdb405a8ca8fc9807f30a58dc497602c7ce4179be1f26d3a
corrected_v2,mnist12,42,synthetic,xgb,/home/thuy/Research/minh_data_synth/TabularDA/output/corrected_v2/mnist12/acc/mnist12_seed42_ctgan_xonly_xgb_synthetic.run.json,/home/thuy/Research/minh_data_synth/TabularDA/sdv trained model/corrected_v2/mnist12/seed_42/mnist12_seed42_ctgan_xonly.pkl,/home/thuy/Research/minh_data_synth/TabularDA/data/corrected_v2/mnist12/seed_42/mnist12_seed42_ctgan_xonly_xgb_100k.predictor.pkl,mnist_unused_class_output,0,0,256,True,False,False,True,True,True,True,True,fe2475eb5d27d05092d8f9d7f00fb635a52abf52141e397b43cf8253298fa9c6
corrected_v2,mnist12,42,original,,/home/thuy/Research/minh_data_synth/TabularDA/output/corrected_v2/mnist12/acc/mnist12_seed42_real_original.run.json,,,mnist_unused_class_output,0,0,256,True,False,False,False,True,True,True,,0af928df453004cfdd6cbf2e8b57fbcb8bbbd6128bc16ed0baa76da4cc934cce
corrected_v2,mnist12,42,mix,tvae_compare_categorical,/home/thuy/Research/minh_data_synth/TabularDA/output/corrected_v2/mnist12/acc/mnist12_seed42_tvae_full_categorical_mix.run.json,/home/thuy/Research/minh_data_synth/TabularDA/sdv trained model/corrected_v2/mnist12/seed_42/mnist12_seed42_tvae_full.pkl,/home/thuy/Research/minh_data_synth/TabularDA/data/corrected_v2/mnist12/seed_42/mnist12_seed42_tvae_full_categorical_100k.predictor.pkl,mnist_unused_class_output;categorical_nb_erased_binary_features,74,0,256,True,False,False,False,True,True,True,True,af217e742c8d07aa08f06b9d27832d3d08c790074d4cbd36744540c7f5010660
corrected_v2,mnist12,42,synthetic,tvae_compare_categorical,/home/thuy/Research/minh_data_synth/TabularDA/output/corrected_v2/mnist12/acc/mnist12_seed42_tvae_full_categorical_synthetic.run.json,/home/thuy/Research/minh_data_synth/TabularDA/sdv trained model/corrected_v2/mnist12/seed_42/mnist12_seed42_tvae_full.pkl,/home/thuy/Research/minh_data_synth/TabularDA/data/corrected_v2/mnist12/seed_42/mnist12_seed42_tvae_full_categorical_100k.predictor.pkl,mnist_unused_class_output;categorical_nb_erased_binary_features,74,0,256,True,False,False,False,True,True,True,True,754abb0ed542991254f16b008bd0fa7e51a97be86e9586942c80dc4cf2f7818a
corrected_v2,mnist12,42,mix,tvae_compare_dnn,/home/thuy/Research/minh_data_synth/TabularDA/output/corrected_v2/mnist12/acc/mnist12_seed42_tvae_full_dnn_mix.run.json,/home/thuy/Research/minh_data_synth/TabularDA/sdv trained model/corrected_v2/mnist12/seed_42/mnist12_seed42_tvae_full.pkl,/home/thuy/Research/minh_data_synth/TabularDA/data/corrected_v2/mnist12/seed_42/mnist12_seed42_tvae_full_dnn_100k.predictor.pt,mnist_unused_class_output,0,0,256,True,False,False,False,True,True,True,True,aeba2ab1847742f29b339677b5e13b1049b56c84e2a05212639bf32644ee62e9
corrected_v2,mnist12,42,synthetic,tvae_compare_dnn,/home/thuy/Research/minh_data_synth/TabularDA/output/corrected_v2/mnist12/acc/mnist12_seed42_tvae_full_dnn_synthetic.run.json,/home/thuy/Research/minh_data_synth/TabularDA/sdv trained model/corrected_v2/mnist12/seed_42/mnist12_seed42_tvae_full.pkl,/home/thuy/Research/minh_data_synth/TabularDA/data/corrected_v2/mnist12/seed_42/mnist12_seed42_tvae_full_dnn_100k.predictor.pt,mnist_unused_class_output,0,0,256,True,False,False,False,True,True,True,True,e1763dea7904639a919d28688dbba3df06ddfd09bd99ce8fdd8502472b4f6c9c
corrected_v2,mnist12,42,mix,tvae_compare_gaussian,/home/thuy/Research/minh_data_synth/TabularDA/output/corrected_v2/mnist12/acc/mnist12_seed42_tvae_full_gaussian_mix.run.json,/home/thuy/Research/minh_data_synth/TabularDA/sdv trained model/corrected_v2/mnist12/seed_42/mnist12_seed42_tvae_full.pkl,/home/thuy/Research/minh_data_synth/TabularDA/data/corrected_v2/mnist12/seed_42/mnist12_seed42_tvae_full_gaussian_100k.predictor.pkl,mnist_unused_class_output,0,0,256,True,False,False,False,True,True,True,True,69765d9245b09ae83936981d8c02c24966f3d78a1c636ea538cad030dcbd8c44
corrected_v2,mnist12,42,synthetic,tvae_compare_gaussian,/home/thuy/Research/minh_data_synth/TabularDA/output/corrected_v2/mnist12/acc/mnist12_seed42_tvae_full_gaussian_synthetic.run.json,/home/thuy/Research/minh_data_synth/TabularDA/sdv trained model/corrected_v2/mnist12/seed_42/mnist12_seed42_tvae_full.pkl,/home/thuy/Research/minh_data_synth/TabularDA/data/corrected_v2/mnist12/seed_42/mnist12_seed42_tvae_full_gaussian_100k.predictor.pkl,mnist_unused_class_output,0,0,256,True,False,False,False,True,True,True,True,8a781797f5067aa503481f7c271b42d906ab05a5e6cdf24da6502fd83a6e2e17
corrected_v2,mnist12,42,mix,tvae,/home/thuy/Research/minh_data_synth/TabularDA/output/corrected_v2/mnist12/acc/mnist12_seed42_tvae_full_generated_mix.run.json,/home/thuy/Research/minh_data_synth/TabularDA/sdv trained model/corrected_v2/mnist12/seed_42/mnist12_seed42_tvae_full.pkl,,mnist_unused_class_output,0,0,256,True,False,False,False,True,True,True,,b6e236fecc1d36840868d8cf2e7b4346bb9955b24fa00f451045e92bfacc8c6f
corrected_v2,mnist12,42,synthetic,tvae,/home/thuy/Research/minh_data_synth/TabularDA/output/corrected_v2/mnist12/acc/mnist12_seed42_tvae_full_generated_synthetic.run.json,/home/thuy/Research/minh_data_synth/TabularDA/sdv trained model/corrected_v2/mnist12/seed_42/mnist12_seed42_tvae_full.pkl,,mnist_unused_class_output,0,0,256,True,False,False,False,True,True,True,,de06e3ee280504f4ada13f7162558a5f4d5ef0aefd068fc5f91cdba7bc197d32
corrected_v2,mnist12,42,mix,tvae_compare_pca_gmm,/home/thuy/Research/minh_data_synth/TabularDA/output/corrected_v2/mnist12/acc/mnist12_seed42_tvae_full_pca_gmm_mix.run.json,/home/thuy/Research/minh_data_synth/TabularDA/sdv trained model/corrected_v2/mnist12/seed_42/mnist12_seed42_tvae_full.pkl,/home/thuy/Research/minh_data_synth/TabularDA/data/corrected_v2/mnist12/seed_42/mnist12_seed42_tvae_full_pca_gmm_100k.predictor.pkl,mnist_unused_class_output,0,0,256,True,False,False,False,True,True,True,True,b844fbc79cd848eb21e35fece61dff508cabaabe0e6749ba5cb690ffac9b211c
corrected_v2,mnist12,42,synthetic,tvae_compare_pca_gmm,/home/thuy/Research/minh_data_synth/TabularDA/output/corrected_v2/mnist12/acc/mnist12_seed42_tvae_full_pca_gmm_synthetic.run.json,/home/thuy/Research/minh_data_synth/TabularDA/sdv trained model/corrected_v2/mnist12/seed_42/mnist12_seed42_tvae_full.pkl,/home/thuy/Research/minh_data_synth/TabularDA/data/corrected_v2/mnist12/seed_42/mnist12_seed42_tvae_full_pca_gmm_100k.predictor.pkl,mnist_unused_class_output,0,0,256,True,False,False,False,True,True,True,True,626fe391a321d759cbaa8cecd40d7dbb09a143255d898969c21ee05a115612c1
corrected_v2,mnist12,42,mix,tvae_compare_rf,/home/thuy/Research/minh_data_synth/TabularDA/output/corrected_v2/mnist12/acc/mnist12_seed42_tvae_full_rf_mix.run.json,/home/thuy/Research/minh_data_synth/TabularDA/sdv trained model/corrected_v2/mnist12/seed_42/mnist12_seed42_tvae_full.pkl,/home/thuy/Research/minh_data_synth/TabularDA/data/corrected_v2/mnist12/seed_42/mnist12_seed42_tvae_full_rf_100k.predictor.pkl,mnist_unused_class_output,0,0,256,True,False,False,False,True,True,True,True,357bbb155409723142ee2810549a45114aa084c170554bc8ffa823f4f7d3e7d7
corrected_v2,mnist12,42,synthetic,tvae_compare_rf,/home/thuy/Research/minh_data_synth/TabularDA/output/corrected_v2/mnist12/acc/mnist12_seed42_tvae_full_rf_synthetic.run.json,/home/thuy/Research/minh_data_synth/TabularDA/sdv trained model/corrected_v2/mnist12/seed_42/mnist12_seed42_tvae_full.pkl,/home/thuy/Research/minh_data_synth/TabularDA/data/corrected_v2/mnist12/seed_42/mnist12_seed42_tvae_full_rf_100k.predictor.pkl,mnist_unused_class_output,0,0,256,True,False,False,False,True,True,True,True,ef41188b0b92c4f305fff1792a47476279a9ace8e7599f36a4dca83d162a32c7
corrected_v2,mnist12,42,mix,tvae_compare_xgb,/home/thuy/Research/minh_data_synth/TabularDA/output/corrected_v2/mnist12/acc/mnist12_seed42_tvae_full_xgb_mix.run.json,/home/thuy/Research/minh_data_synth/TabularDA/sdv trained model/corrected_v2/mnist12/seed_42/mnist12_seed42_tvae_full.pkl,/home/thuy/Research/minh_data_synth/TabularDA/data/corrected_v2/mnist12/seed_42/mnist12_seed42_tvae_full_xgb_100k.predictor.pkl,mnist_unused_class_output,0,0,256,True,False,False,False,True,True,True,True,e093d8d7089a6f200df2a0f982a14d0e3b93ac0fa432d6ce5042fcf365f6d7e7
corrected_v2,mnist12,42,synthetic,tvae_compare_xgb,/home/thuy/Research/minh_data_synth/TabularDA/output/corrected_v2/mnist12/acc/mnist12_seed42_tvae_full_xgb_synthetic.run.json,/home/thuy/Research/minh_data_synth/TabularDA/sdv trained model/corrected_v2/mnist12/seed_42/mnist12_seed42_tvae_full.pkl,/home/thuy/Research/minh_data_synth/TabularDA/data/corrected_v2/mnist12/seed_42/mnist12_seed42_tvae_full_xgb_100k.predictor.pkl,mnist_unused_class_output,0,0,256,True,False,False,False,True,True,True,True,649a866c751f1731829a2c27bba3ef90a67b59122b4b283a3bc4fff08226b966
corrected_v2,mnist12,42,mix,tvae_categorical,/home/thuy/Research/minh_data_synth/TabularDA/output/corrected_v2/mnist12/acc/mnist12_seed42_tvae_xonly_categorical_mix.run.json,/home/thuy/Research/minh_data_synth/TabularDA/sdv trained model/corrected_v2/mnist12/seed_42/mnist12_seed42_tvae_xonly.pkl,/home/thuy/Research/minh_data_synth/TabularDA/data/corrected_v2/mnist12/seed_42/mnist12_seed42_tvae_xonly_categorical_100k.predictor.pkl,mnist_unused_class_output;categorical_nb_erased_binary_features,74,0,256,True,False,False,False,True,True,True,True,a87c9aa3c5ebd1f57a153ead80504e1213db1f03b478939888ba865db0ebf927
corrected_v2,mnist12,42,synthetic,tvae_categorical,/home/thuy/Research/minh_data_synth/TabularDA/output/corrected_v2/mnist12/acc/mnist12_seed42_tvae_xonly_categorical_synthetic.run.json,/home/thuy/Research/minh_data_synth/TabularDA/sdv trained model/corrected_v2/mnist12/seed_42/mnist12_seed42_tvae_xonly.pkl,/home/thuy/Research/minh_data_synth/TabularDA/data/corrected_v2/mnist12/seed_42/mnist12_seed42_tvae_xonly_categorical_100k.predictor.pkl,mnist_unused_class_output;categorical_nb_erased_binary_features,74,0,256,True,False,False,False,True,True,True,True,82a772b2cf362ff89b4a2858c9e64b9e9098ed03428421def7bafba646da9b6e
corrected_v2,mnist12,42,mix,tvae_dnn,/home/thuy/Research/minh_data_synth/TabularDA/output/corrected_v2/mnist12/acc/mnist12_seed42_tvae_xonly_dnn_mix.run.json,/home/thuy/Research/minh_data_synth/TabularDA/sdv trained model/corrected_v2/mnist12/seed_42/mnist12_seed42_tvae_xonly.pkl,/home/thuy/Research/minh_data_synth/TabularDA/data/corrected_v2/mnist12/seed_42/mnist12_seed42_tvae_xonly_dnn_100k.predictor.pt,mnist_unused_class_output,0,0,256,True,False,False,False,True,True,True,True,e452ba283e498006a630b40b11f32076cee5e3ff3f0bfd34ae70590fce3e26cb
corrected_v2,mnist12,42,synthetic,tvae_dnn,/home/thuy/Research/minh_data_synth/TabularDA/output/corrected_v2/mnist12/acc/mnist12_seed42_tvae_xonly_dnn_synthetic.run.json,/home/thuy/Research/minh_data_synth/TabularDA/sdv trained model/corrected_v2/mnist12/seed_42/mnist12_seed42_tvae_xonly.pkl,/home/thuy/Research/minh_data_synth/TabularDA/data/corrected_v2/mnist12/seed_42/mnist12_seed42_tvae_xonly_dnn_100k.predictor.pt,mnist_unused_class_output,0,0,256,True,False,False,False,True,True,True,True,3c11b2ab1cc637f37d8d7a6d17234678db986d6c53a543bd5c28c0b642aa7af1
corrected_v2,mnist12,42,mix,tvae_gaussian,/home/thuy/Research/minh_data_synth/TabularDA/output/corrected_v2/mnist12/acc/mnist12_seed42_tvae_xonly_gaussian_mix.run.json,/home/thuy/Research/minh_data_synth/TabularDA/sdv trained model/corrected_v2/mnist12/seed_42/mnist12_seed42_tvae_xonly.pkl,/home/thuy/Research/minh_data_synth/TabularDA/data/corrected_v2/mnist12/seed_42/mnist12_seed42_tvae_xonly_gaussian_100k.predictor.pkl,mnist_unused_class_output,0,0,256,True,False,False,False,True,True,True,True,4c7b5f95ab86b57a64d8003a25a49da44d62cddd9926724892ffe4b00bc658d5
corrected_v2,mnist12,42,synthetic,tvae_gaussian,/home/thuy/Research/minh_data_synth/TabularDA/output/corrected_v2/mnist12/acc/mnist12_seed42_tvae_xonly_gaussian_synthetic.run.json,/home/thuy/Research/minh_data_synth/TabularDA/sdv trained model/corrected_v2/mnist12/seed_42/mnist12_seed42_tvae_xonly.pkl,/home/thuy/Research/minh_data_synth/TabularDA/data/corrected_v2/mnist12/seed_42/mnist12_seed42_tvae_xonly_gaussian_100k.predictor.pkl,mnist_unused_class_output,0,0,256,True,False,False,False,True,True,True,True,3bdea1368590251610567fed1906cfc848b8a6d23f05f3e6e09ee736fcdfc4c4
corrected_v2,mnist12,42,mix,tvae_pca_gmm,/home/thuy/Research/minh_data_synth/TabularDA/output/corrected_v2/mnist12/acc/mnist12_seed42_tvae_xonly_pca_gmm_mix.run.json,/home/thuy/Research/minh_data_synth/TabularDA/sdv trained model/corrected_v2/mnist12/seed_42/mnist12_seed42_tvae_xonly.pkl,/home/thuy/Research/minh_data_synth/TabularDA/data/corrected_v2/mnist12/seed_42/mnist12_seed42_tvae_xonly_pca_gmm_100k.predictor.pkl,mnist_unused_class_output,0,0,256,True,False,False,False,True,True,True,True,99c7af3179f6687c818623194d9cb62f0c0df5e1116d83b9ea36c69226cce198
corrected_v2,mnist12,42,synthetic,tvae_pca_gmm,/home/thuy/Research/minh_data_synth/TabularDA/output/corrected_v2/mnist12/acc/mnist12_seed42_tvae_xonly_pca_gmm_synthetic.run.json,/home/thuy/Research/minh_data_synth/TabularDA/sdv trained model/corrected_v2/mnist12/seed_42/mnist12_seed42_tvae_xonly.pkl,/home/thuy/Research/minh_data_synth/TabularDA/data/corrected_v2/mnist12/seed_42/mnist12_seed42_tvae_xonly_pca_gmm_100k.predictor.pkl,mnist_unused_class_output,0,0,256,True,False,False,False,True,True,True,True,e1ec5b7729b1e67cd7a1543bf47e89a143ca3e7b2e5a6217ce9da2bdc91e1af7
corrected_v2,mnist12,42,mix,tvae_rf,/home/thuy/Research/minh_data_synth/TabularDA/output/corrected_v2/mnist12/acc/mnist12_seed42_tvae_xonly_rf_mix.run.json,/home/thuy/Research/minh_data_synth/TabularDA/sdv trained model/corrected_v2/mnist12/seed_42/mnist12_seed42_tvae_xonly.pkl,/home/thuy/Research/minh_data_synth/TabularDA/data/corrected_v2/mnist12/seed_42/mnist12_seed42_tvae_xonly_rf_100k.predictor.pkl,mnist_unused_class_output,0,0,256,True,False,False,False,True,True,True,True,028888a385eb224e6bbfdf770e921f6ef772b7c93a60a6a822e88627e84413c0
corrected_v2,mnist12,42,synthetic,tvae_rf,/home/thuy/Research/minh_data_synth/TabularDA/output/corrected_v2/mnist12/acc/mnist12_seed42_tvae_xonly_rf_synthetic.run.json,/home/thuy/Research/minh_data_synth/TabularDA/sdv trained model/corrected_v2/mnist12/seed_42/mnist12_seed42_tvae_xonly.pkl,/home/thuy/Research/minh_data_synth/TabularDA/data/corrected_v2/mnist12/seed_42/mnist12_seed42_tvae_xonly_rf_100k.predictor.pkl,mnist_unused_class_output,0,0,256,True,False,False,False,True,True,True,True,a14b615ff3fc167714fc897e3a6cfaf0409a45ced289f86d3689fb2afe399d0e
corrected_v2,mnist12,42,mix,tvae_xgb,/home/thuy/Research/minh_data_synth/TabularDA/output/corrected_v2/mnist12/acc/mnist12_seed42_tvae_xonly_xgb_mix.run.json,/home/thuy/Research/minh_data_synth/TabularDA/sdv trained model/corrected_v2/mnist12/seed_42/mnist12_seed42_tvae_xonly.pkl,/home/thuy/Research/minh_data_synth/TabularDA/data/corrected_v2/mnist12/seed_42/mnist12_seed42_tvae_xonly_xgb_100k.predictor.pkl,mnist_unused_class_output,0,0,256,True,False,False,False,True,True,True,True,fc24a09798e50acbed351fc12c9eb5b820f96f10ab25a03089ccf5111e6e8f63
corrected_v2,mnist12,42,synthetic,tvae_xgb,/home/thuy/Research/minh_data_synth/TabularDA/output/corrected_v2/mnist12/acc/mnist12_seed42_tvae_xonly_xgb_synthetic.run.json,/home/thuy/Research/minh_data_synth/TabularDA/sdv trained model/corrected_v2/mnist12/seed_42/mnist12_seed42_tvae_xonly.pkl,/home/thuy/Research/minh_data_synth/TabularDA/data/corrected_v2/mnist12/seed_42/mnist12_seed42_tvae_xonly_xgb_100k.predictor.pkl,mnist_unused_class_output,0,0,256,True,False,False,False,True,True,True,True,4a7502d045adc80dbb612451bb0079d302afbb506807078f15979fe9b88cea84
corrected_v2,mnist12,43,mix,compare_categorical,/home/thuy/Research/minh_data_synth/TabularDA/output/corrected_v2/mnist12/acc/mnist12_seed43_ctgan_full_categorical_mix.run.json,/home/thuy/Research/minh_data_synth/TabularDA/sdv trained model/corrected_v2/mnist12/seed_43/mnist12_seed43_ctgan_full.pkl,/home/thuy/Research/minh_data_synth/TabularDA/data/corrected_v2/mnist12/seed_43/mnist12_seed43_ctgan_full_categorical_100k.predictor.pkl,mnist_unused_class_output,0,0,256,True,False,False,True,True,True,True,True,8eb2cd4af3db72961653a184e04058469d7e53dbb51fcbeab385d79af9a54dd3
corrected_v2,mnist12,43,synthetic,compare_categorical,/home/thuy/Research/minh_data_synth/TabularDA/output/corrected_v2/mnist12/acc/mnist12_seed43_ctgan_full_categorical_synthetic.run.json,/home/thuy/Research/minh_data_synth/TabularDA/sdv trained model/corrected_v2/mnist12/seed_43/mnist12_seed43_ctgan_full.pkl,/home/thuy/Research/minh_data_synth/TabularDA/data/corrected_v2/mnist12/seed_43/mnist12_seed43_ctgan_full_categorical_100k.predictor.pkl,mnist_unused_class_output,0,0,256,True,False,False,True,True,True,True,True,d227e9d1d04b3232f373bb4820d3aa317adf2f57609b1a0d7cd0bd1152ddfd7a
corrected_v2,mnist12,43,mix,compare_dnn,/home/thuy/Research/minh_data_synth/TabularDA/output/corrected_v2/mnist12/acc/mnist12_seed43_ctgan_full_dnn_mix.run.json,/home/thuy/Research/minh_data_synth/TabularDA/sdv trained model/corrected_v2/mnist12/seed_43/mnist12_seed43_ctgan_full.pkl,/home/thuy/Research/minh_data_synth/TabularDA/data/corrected_v2/mnist12/seed_43/mnist12_seed43_ctgan_full_dnn_100k.predictor.pt,mnist_unused_class_output,0,0,256,True,False,False,True,True,True,True,True,259b0127a140082d2ddcfcee08f8306dc6ff21d8db4fdc1319354455edf37da7
corrected_v2,mnist12,43,synthetic,compare_dnn,/home/thuy/Research/minh_data_synth/TabularDA/output/corrected_v2/mnist12/acc/mnist12_seed43_ctgan_full_dnn_synthetic.run.json,/home/thuy/Research/minh_data_synth/TabularDA/sdv trained model/corrected_v2/mnist12/seed_43/mnist12_seed43_ctgan_full.pkl,/home/thuy/Research/minh_data_synth/TabularDA/data/corrected_v2/mnist12/seed_43/mnist12_seed43_ctgan_full_dnn_100k.predictor.pt,mnist_unused_class_output,0,0,256,True,False,False,True,True,True,True,True,cc950170484535effb238cb35bff2df899db8877788cfad79e1dcac7e460daf5
corrected_v2,mnist12,43,mix,compare_gaussian,/home/thuy/Research/minh_data_synth/TabularDA/output/corrected_v2/mnist12/acc/mnist12_seed43_ctgan_full_gaussian_mix.run.json,/home/thuy/Research/minh_data_synth/TabularDA/sdv trained model/corrected_v2/mnist12/seed_43/mnist12_seed43_ctgan_full.pkl,/home/thuy/Research/minh_data_synth/TabularDA/data/corrected_v2/mnist12/seed_43/mnist12_seed43_ctgan_full_gaussian_100k.predictor.pkl,mnist_unused_class_output,0,0,256,True,False,False,True,True,True,True,True,da36606f5fec58528dae66c4baf10073771b7f7e0ac5a53fd1bff67fa05658a2
corrected_v2,mnist12,43,synthetic,compare_gaussian,/home/thuy/Research/minh_data_synth/TabularDA/output/corrected_v2/mnist12/acc/mnist12_seed43_ctgan_full_gaussian_synthetic.run.json,/home/thuy/Research/minh_data_synth/TabularDA/sdv trained model/corrected_v2/mnist12/seed_43/mnist12_seed43_ctgan_full.pkl,/home/thuy/Research/minh_data_synth/TabularDA/data/corrected_v2/mnist12/seed_43/mnist12_seed43_ctgan_full_gaussian_100k.predictor.pkl,mnist_unused_class_output,0,0,256,True,False,False,True,True,True,True,True,79736b568aad9cf043e08180829105fe93a9a5bf07266351687be1de016b8d3f
corrected_v2,mnist12,43,mix,ctgan,/home/thuy/Research/minh_data_synth/TabularDA/output/corrected_v2/mnist12/acc/mnist12_seed43_ctgan_full_generated_mix.run.json,/home/thuy/Research/minh_data_synth/TabularDA/sdv trained model/corrected_v2/mnist12/seed_43/mnist12_seed43_ctgan_full.pkl,,mnist_unused_class_output,0,0,256,True,False,False,True,True,True,True,,5022011d9d3afc2f4ded1b56234c72b4a8155a9a5ecf99eb19c4f2befe0ab922
corrected_v2,mnist12,43,synthetic,ctgan,/home/thuy/Research/minh_data_synth/TabularDA/output/corrected_v2/mnist12/acc/mnist12_seed43_ctgan_full_generated_synthetic.run.json,/home/thuy/Research/minh_data_synth/TabularDA/sdv trained model/corrected_v2/mnist12/seed_43/mnist12_seed43_ctgan_full.pkl,,mnist_unused_class_output,0,0,256,True,False,False,True,True,True,True,,74ca7698ccf68d4b349e4f863f74584a3acb82a0b8c6117c5380c816a5ab7e9a
corrected_v2,mnist12,43,mix,compare_pca_gmm,/home/thuy/Research/minh_data_synth/TabularDA/output/corrected_v2/mnist12/acc/mnist12_seed43_ctgan_full_pca_gmm_mix.run.json,/home/thuy/Research/minh_data_synth/TabularDA/sdv trained model/corrected_v2/mnist12/seed_43/mnist12_seed43_ctgan_full.pkl,/home/thuy/Research/minh_data_synth/TabularDA/data/corrected_v2/mnist12/seed_43/mnist12_seed43_ctgan_full_pca_gmm_100k.predictor.pkl,mnist_unused_class_output,0,0,256,True,False,False,True,True,True,True,True,fabd4d1001c6310c46f6c32bf0fa3ac13d6727831042e9e0c7a67e45e279ffa4
corrected_v2,mnist12,43,synthetic,compare_pca_gmm,/home/thuy/Research/minh_data_synth/TabularDA/output/corrected_v2/mnist12/acc/mnist12_seed43_ctgan_full_pca_gmm_synthetic.run.json,/home/thuy/Research/minh_data_synth/TabularDA/sdv trained model/corrected_v2/mnist12/seed_43/mnist12_seed43_ctgan_full.pkl,/home/thuy/Research/minh_data_synth/TabularDA/data/corrected_v2/mnist12/seed_43/mnist12_seed43_ctgan_full_pca_gmm_100k.predictor.pkl,mnist_unused_class_output,0,0,256,True,False,False,True,True,True,True,True,264dd0aaed9bb07ac8d1fed019847cc3eb93fd2e9f92c2d5e79f831d6c604fb5
corrected_v2,mnist12,43,mix,compare_rf,/home/thuy/Research/minh_data_synth/TabularDA/output/corrected_v2/mnist12/acc/mnist12_seed43_ctgan_full_rf_mix.run.json,/home/thuy/Research/minh_data_synth/TabularDA/sdv trained model/corrected_v2/mnist12/seed_43/mnist12_seed43_ctgan_full.pkl,/home/thuy/Research/minh_data_synth/TabularDA/data/corrected_v2/mnist12/seed_43/mnist12_seed43_ctgan_full_rf_100k.predictor.pkl,mnist_unused_class_output,0,0,256,True,False,False,True,True,True,True,True,11bb9cbc42fc2a891606f6df58c320b29778ec10f7af14eb109458cc6c2ca02c
corrected_v2,mnist12,43,synthetic,compare_rf,/home/thuy/Research/minh_data_synth/TabularDA/output/corrected_v2/mnist12/acc/mnist12_seed43_ctgan_full_rf_synthetic.run.json,/home/thuy/Research/minh_data_synth/TabularDA/sdv trained model/corrected_v2/mnist12/seed_43/mnist12_seed43_ctgan_full.pkl,/home/thuy/Research/minh_data_synth/TabularDA/data/corrected_v2/mnist12/seed_43/mnist12_seed43_ctgan_full_rf_100k.predictor.pkl,mnist_unused_class_output,0,0,256,True,False,False,True,True,True,True,True,81a094645c2807560c4cfabb0bd2e0d6189be36370d417b4c5cdcc7e98add1d7
corrected_v2,mnist12,43,mix,compare_xgb,/home/thuy/Research/minh_data_synth/TabularDA/output/corrected_v2/mnist12/acc/mnist12_seed43_ctgan_full_xgb_mix.run.json,/home/thuy/Research/minh_data_synth/TabularDA/sdv trained model/corrected_v2/mnist12/seed_43/mnist12_seed43_ctgan_full.pkl,/home/thuy/Research/minh_data_synth/TabularDA/data/corrected_v2/mnist12/seed_43/mnist12_seed43_ctgan_full_xgb_100k.predictor.pkl,mnist_unused_class_output,0,0,256,True,False,False,True,True,True,True,True,2fa20b7c69ead376433ac2a0b129aa751e36c3f1e6db4020c477c9ac5fa3bd74
corrected_v2,mnist12,43,synthetic,compare_xgb,/home/thuy/Research/minh_data_synth/TabularDA/output/corrected_v2/mnist12/acc/mnist12_seed43_ctgan_full_xgb_synthetic.run.json,/home/thuy/Research/minh_data_synth/TabularDA/sdv trained model/corrected_v2/mnist12/seed_43/mnist12_seed43_ctgan_full.pkl,/home/thuy/Research/minh_data_synth/TabularDA/data/corrected_v2/mnist12/seed_43/mnist12_seed43_ctgan_full_xgb_100k.predictor.pkl,mnist_unused_class_output,0,0,256,True,False,False,True,True,True,True,True,c33a2e6fb12724031f5caa53a5bdd08eef8eb5acc011e4016a82895418728019
corrected_v2,mnist12,43,mix,categorical,/home/thuy/Research/minh_data_synth/TabularDA/output/corrected_v2/mnist12/acc/mnist12_seed43_ctgan_xonly_categorical_mix.run.json,/home/thuy/Research/minh_data_synth/TabularDA/sdv trained model/corrected_v2/mnist12/seed_43/mnist12_seed43_ctgan_xonly.pkl,/home/thuy/Research/minh_data_synth/TabularDA/data/corrected_v2/mnist12/seed_43/mnist12_seed43_ctgan_xonly_categorical_100k.predictor.pkl,mnist_unused_class_output,0,0,256,True,False,False,True,True,True,True,True,d98223bda8ebe93fbcf3b82f6cd78c9df20a55164490a8033c3cd00d4c49d461
corrected_v2,mnist12,43,synthetic,categorical,/home/thuy/Research/minh_data_synth/TabularDA/output/corrected_v2/mnist12/acc/mnist12_seed43_ctgan_xonly_categorical_synthetic.run.json,/home/thuy/Research/minh_data_synth/TabularDA/sdv trained model/corrected_v2/mnist12/seed_43/mnist12_seed43_ctgan_xonly.pkl,/home/thuy/Research/minh_data_synth/TabularDA/data/corrected_v2/mnist12/seed_43/mnist12_seed43_ctgan_xonly_categorical_100k.predictor.pkl,mnist_unused_class_output,0,0,256,True,False,False,True,True,True,True,True,077c0ee68350f4bebd664ac2f05f0f136e61e8c4f57b1defb2dc40cde4ab4ac4
corrected_v2,mnist12,43,mix,dnn,/home/thuy/Research/minh_data_synth/TabularDA/output/corrected_v2/mnist12/acc/mnist12_seed43_ctgan_xonly_dnn_mix.run.json,/home/thuy/Research/minh_data_synth/TabularDA/sdv trained model/corrected_v2/mnist12/seed_43/mnist12_seed43_ctgan_xonly.pkl,/home/thuy/Research/minh_data_synth/TabularDA/data/corrected_v2/mnist12/seed_43/mnist12_seed43_ctgan_xonly_dnn_100k.predictor.pt,mnist_unused_class_output,0,0,256,True,False,False,True,True,True,True,True,8677998ce1ef746f4b7cd06a67bc82d0a4fd86e15c6eb657d9d0d830fd00e1a3
corrected_v2,mnist12,43,synthetic,dnn,/home/thuy/Research/minh_data_synth/TabularDA/output/corrected_v2/mnist12/acc/mnist12_seed43_ctgan_xonly_dnn_synthetic.run.json,/home/thuy/Research/minh_data_synth/TabularDA/sdv trained model/corrected_v2/mnist12/seed_43/mnist12_seed43_ctgan_xonly.pkl,/home/thuy/Research/minh_data_synth/TabularDA/data/corrected_v2/mnist12/seed_43/mnist12_seed43_ctgan_xonly_dnn_100k.predictor.pt,mnist_unused_class_output,0,0,256,True,False,False,True,True,True,True,True,cf06c205eb9b9ae7086891ef3d22c10e11a4c50f7a4affb30d856bce10de9490
corrected_v2,mnist12,43,mix,gaussian,/home/thuy/Research/minh_data_synth/TabularDA/output/corrected_v2/mnist12/acc/mnist12_seed43_ctgan_xonly_gaussian_mix.run.json,/home/thuy/Research/minh_data_synth/TabularDA/sdv trained model/corrected_v2/mnist12/seed_43/mnist12_seed43_ctgan_xonly.pkl,/home/thuy/Research/minh_data_synth/TabularDA/data/corrected_v2/mnist12/seed_43/mnist12_seed43_ctgan_xonly_gaussian_100k.predictor.pkl,mnist_unused_class_output,0,0,256,True,False,False,True,True,True,True,True,e31ef34e2e4d05a98f596c59a12f290fae700c8e5ff5dd22d8f3af772971a532
corrected_v2,mnist12,43,synthetic,gaussian,/home/thuy/Research/minh_data_synth/TabularDA/output/corrected_v2/mnist12/acc/mnist12_seed43_ctgan_xonly_gaussian_synthetic.run.json,/home/thuy/Research/minh_data_synth/TabularDA/sdv trained model/corrected_v2/mnist12/seed_43/mnist12_seed43_ctgan_xonly.pkl,/home/thuy/Research/minh_data_synth/TabularDA/data/corrected_v2/mnist12/seed_43/mnist12_seed43_ctgan_xonly_gaussian_100k.predictor.pkl,mnist_unused_class_output,0,0,256,True,False,False,True,True,True,True,True,3c4291b95dce758e3e404aad3072f1e94f792988786d813f3b5359bb663d8d67
corrected_v2,mnist12,43,mix,pca_gmm,/home/thuy/Research/minh_data_synth/TabularDA/output/corrected_v2/mnist12/acc/mnist12_seed43_ctgan_xonly_pca_gmm_mix.run.json,/home/thuy/Research/minh_data_synth/TabularDA/sdv trained model/corrected_v2/mnist12/seed_43/mnist12_seed43_ctgan_xonly.pkl,/home/thuy/Research/minh_data_synth/TabularDA/data/corrected_v2/mnist12/seed_43/mnist12_seed43_ctgan_xonly_pca_gmm_100k.predictor.pkl,mnist_unused_class_output,0,0,256,True,False,False,True,True,True,True,True,8f2b042198bed26030edd676f6d4ae058980d6d6b1bff96d8f422c39553b2fce
corrected_v2,mnist12,43,synthetic,pca_gmm,/home/thuy/Research/minh_data_synth/TabularDA/output/corrected_v2/mnist12/acc/mnist12_seed43_ctgan_xonly_pca_gmm_synthetic.run.json,/home/thuy/Research/minh_data_synth/TabularDA/sdv trained model/corrected_v2/mnist12/seed_43/mnist12_seed43_ctgan_xonly.pkl,/home/thuy/Research/minh_data_synth/TabularDA/data/corrected_v2/mnist12/seed_43/mnist12_seed43_ctgan_xonly_pca_gmm_100k.predictor.pkl,mnist_unused_class_output,0,0,256,True,False,False,True,True,True,True,True,ac47e969e148496016f80f73a6ed49ea4ee52f6aa9dcd85065868cef96228b9f
corrected_v2,mnist12,43,mix,rf,/home/thuy/Research/minh_data_synth/TabularDA/output/corrected_v2/mnist12/acc/mnist12_seed43_ctgan_xonly_rf_mix.run.json,/home/thuy/Research/minh_data_synth/TabularDA/sdv trained model/corrected_v2/mnist12/seed_43/mnist12_seed43_ctgan_xonly.pkl,/home/thuy/Research/minh_data_synth/TabularDA/data/corrected_v2/mnist12/seed_43/mnist12_seed43_ctgan_xonly_rf_100k.predictor.pkl,mnist_unused_class_output,0,0,256,True,False,False,True,True,True,True,True,9d8ea5fe5503c0d1fdf013432d58b280f96ef2bea5b2df501a8191a4609a2278
corrected_v2,mnist12,43,synthetic,rf,/home/thuy/Research/minh_data_synth/TabularDA/output/corrected_v2/mnist12/acc/mnist12_seed43_ctgan_xonly_rf_synthetic.run.json,/home/thuy/Research/minh_data_synth/TabularDA/sdv trained model/corrected_v2/mnist12/seed_43/mnist12_seed43_ctgan_xonly.pkl,/home/thuy/Research/minh_data_synth/TabularDA/data/corrected_v2/mnist12/seed_43/mnist12_seed43_ctgan_xonly_rf_100k.predictor.pkl,mnist_unused_class_output,0,0,256,True,False,False,True,True,True,True,True,ed49fd673a3155931b1d1accdcc43621a75c0dff48b9f6e55fa483e8db281c9c
corrected_v2,mnist12,43,mix,xgb,/home/thuy/Research/minh_data_synth/TabularDA/output/corrected_v2/mnist12/acc/mnist12_seed43_ctgan_xonly_xgb_mix.run.json,/home/thuy/Research/minh_data_synth/TabularDA/sdv trained model/corrected_v2/mnist12/seed_43/mnist12_seed43_ctgan_xonly.pkl,/home/thuy/Research/minh_data_synth/TabularDA/data/corrected_v2/mnist12/seed_43/mnist12_seed43_ctgan_xonly_xgb_100k.predictor.pkl,mnist_unused_class_output,0,0,256,True,False,False,True,True,True,True,True,58aca4e7db670259fdba24c1664f9b18d94d33facfa46848039a261295769af7
corrected_v2,mnist12,43,synthetic,xgb,/home/thuy/Research/minh_data_synth/TabularDA/output/corrected_v2/mnist12/acc/mnist12_seed43_ctgan_xonly_xgb_synthetic.run.json,/home/thuy/Research/minh_data_synth/TabularDA/sdv trained model/corrected_v2/mnist12/seed_43/mnist12_seed43_ctgan_xonly.pkl,/home/thuy/Research/minh_data_synth/TabularDA/data/corrected_v2/mnist12/seed_43/mnist12_seed43_ctgan_xonly_xgb_100k.predictor.pkl,mnist_unused_class_output,0,0,256,True,False,False,True,True,True,True,True,4211cf6521bc52c64b9f8cb4ea274417b4f34eff956984fe9f0354c523f65a0c
corrected_v2,mnist12,43,original,,/home/thuy/Research/minh_data_synth/TabularDA/output/corrected_v2/mnist12/acc/mnist12_seed43_real_original.run.json,,,mnist_unused_class_output,0,0,256,True,False,False,False,True,True,True,,1b32ea3fef223f6b2f34cae4c33253967e70c410074a8e1dff83836ee2bb870c
corrected_v2,mnist12,43,mix,tvae_compare_dnn,/home/thuy/Research/minh_data_synth/TabularDA/output/corrected_v2/mnist12/acc/mnist12_seed43_tvae_full_dnn_mix.run.json,/home/thuy/Research/minh_data_synth/TabularDA/sdv trained model/corrected_v2/mnist12/seed_43/mnist12_seed43_tvae_full.pkl,/home/thuy/Research/minh_data_synth/TabularDA/data/corrected_v2/mnist12/seed_43/mnist12_seed43_tvae_full_dnn_100k.predictor.pt,mnist_unused_class_output,0,0,256,True,False,False,False,True,True,True,True,2142b024d26e6bf95157babcf0bf15998ba2d09aece4b719edee6f4227bfadf3
corrected_v2,mnist12,43,synthetic,tvae_compare_dnn,/home/thuy/Research/minh_data_synth/TabularDA/output/corrected_v2/mnist12/acc/mnist12_seed43_tvae_full_dnn_synthetic.run.json,/home/thuy/Research/minh_data_synth/TabularDA/sdv trained model/corrected_v2/mnist12/seed_43/mnist12_seed43_tvae_full.pkl,/home/thuy/Research/minh_data_synth/TabularDA/data/corrected_v2/mnist12/seed_43/mnist12_seed43_tvae_full_dnn_100k.predictor.pt,mnist_unused_class_output,0,0,256,True,False,False,False,True,True,True,True,7048ce887c2d8b1cf9b180105ccb9aeed2ca894db31348f6da198fa82525e563
corrected_v2,mnist12,43,mix,tvae,/home/thuy/Research/minh_data_synth/TabularDA/output/corrected_v2/mnist12/acc/mnist12_seed43_tvae_full_generated_mix.run.json,/home/thuy/Research/minh_data_synth/TabularDA/sdv trained model/corrected_v2/mnist12/seed_43/mnist12_seed43_tvae_full.pkl,,mnist_unused_class_output,0,0,256,True,False,False,False,True,True,True,,2cf0699eac17b361fec558618e7f4a715601c57ea466813a8ceb1697a18c9d0a
corrected_v2,mnist12,43,synthetic,tvae,/home/thuy/Research/minh_data_synth/TabularDA/output/corrected_v2/mnist12/acc/mnist12_seed43_tvae_full_generated_synthetic.run.json,/home/thuy/Research/minh_data_synth/TabularDA/sdv trained model/corrected_v2/mnist12/seed_43/mnist12_seed43_tvae_full.pkl,,mnist_unused_class_output,0,0,256,True,False,False,False,True,True,True,,5c31628bdea3df6b4bc41de204f4cfdbcf7da0c4b33f0ee32ddef505c3d3c19a
corrected_v2,mnist12,43,mix,tvae_compare_rf,/home/thuy/Research/minh_data_synth/TabularDA/output/corrected_v2/mnist12/acc/mnist12_seed43_tvae_full_rf_mix.run.json,/home/thuy/Research/minh_data_synth/TabularDA/sdv trained model/corrected_v2/mnist12/seed_43/mnist12_seed43_tvae_full.pkl,/home/thuy/Research/minh_data_synth/TabularDA/data/corrected_v2/mnist12/seed_43/mnist12_seed43_tvae_full_rf_100k.predictor.pkl,mnist_unused_class_output,0,0,256,True,False,False,False,True,True,True,True,b332a47be84be4e00deece9047f10ee00a9cc73d5437624c8e0555915978cfc9
corrected_v2,mnist12,43,synthetic,tvae_compare_rf,/home/thuy/Research/minh_data_synth/TabularDA/output/corrected_v2/mnist12/acc/mnist12_seed43_tvae_full_rf_synthetic.run.json,/home/thuy/Research/minh_data_synth/TabularDA/sdv trained model/corrected_v2/mnist12/seed_43/mnist12_seed43_tvae_full.pkl,/home/thuy/Research/minh_data_synth/TabularDA/data/corrected_v2/mnist12/seed_43/mnist12_seed43_tvae_full_rf_100k.predictor.pkl,mnist_unused_class_output,0,0,256,True,False,False,False,True,True,True,True,a6fbc2646c5a80bfdb2644671b8c95e6c98d8b9660710d30c1afa34b0cc5d349
corrected_v2,mnist12,43,mix,tvae_compare_xgb,/home/thuy/Research/minh_data_synth/TabularDA/output/corrected_v2/mnist12/acc/mnist12_seed43_tvae_full_xgb_mix.run.json,/home/thuy/Research/minh_data_synth/TabularDA/sdv trained model/corrected_v2/mnist12/seed_43/mnist12_seed43_tvae_full.pkl,/home/thuy/Research/minh_data_synth/TabularDA/data/corrected_v2/mnist12/seed_43/mnist12_seed43_tvae_full_xgb_100k.predictor.pkl,mnist_unused_class_output,0,0,256,True,False,False,False,True,True,True,True,34eb072e960246f03baba3cdbd279670a72ad03c0a4b74ffbb847a329a815f1d
corrected_v2,mnist12,43,synthetic,tvae_compare_xgb,/home/thuy/Research/minh_data_synth/TabularDA/output/corrected_v2/mnist12/acc/mnist12_seed43_tvae_full_xgb_synthetic.run.json,/home/thuy/Research/minh_data_synth/TabularDA/sdv trained model/corrected_v2/mnist12/seed_43/mnist12_seed43_tvae_full.pkl,/home/thuy/Research/minh_data_synth/TabularDA/data/corrected_v2/mnist12/seed_43/mnist12_seed43_tvae_full_xgb_100k.predictor.pkl,mnist_unused_class_output,0,0,256,True,False,False,False,True,True,True,True,bc06a5d0b93fa9351d6347d0b827d6ea8b825a11cbb39e9d1b311729bc14ff68
corrected_v2,mnist12,43,mix,tvae_dnn,/home/thuy/Research/minh_data_synth/TabularDA/output/corrected_v2/mnist12/acc/mnist12_seed43_tvae_xonly_dnn_mix.run.json,/home/thuy/Research/minh_data_synth/TabularDA/sdv trained model/corrected_v2/mnist12/seed_43/mnist12_seed43_tvae_xonly.pkl,/home/thuy/Research/minh_data_synth/TabularDA/data/corrected_v2/mnist12/seed_43/mnist12_seed43_tvae_xonly_dnn_100k.predictor.pt,mnist_unused_class_output,0,0,256,True,False,False,False,True,True,True,True,01fb900d09c99ff42b410e5c1e0f562a81d8f605361744c8926674f2dab1545f
corrected_v2,mnist12,43,synthetic,tvae_dnn,/home/thuy/Research/minh_data_synth/TabularDA/output/corrected_v2/mnist12/acc/mnist12_seed43_tvae_xonly_dnn_synthetic.run.json,/home/thuy/Research/minh_data_synth/TabularDA/sdv trained model/corrected_v2/mnist12/seed_43/mnist12_seed43_tvae_xonly.pkl,/home/thuy/Research/minh_data_synth/TabularDA/data/corrected_v2/mnist12/seed_43/mnist12_seed43_tvae_xonly_dnn_100k.predictor.pt,mnist_unused_class_output,0,0,256,True,False,False,False,True,True,True,True,10d3af389fc02ce36fc54a15cea7609668726bbd9cee657b7b45878444798de3
corrected_v2,mnist12,43,mix,tvae_rf,/home/thuy/Research/minh_data_synth/TabularDA/output/corrected_v2/mnist12/acc/mnist12_seed43_tvae_xonly_rf_mix.run.json,/home/thuy/Research/minh_data_synth/TabularDA/sdv trained model/corrected_v2/mnist12/seed_43/mnist12_seed43_tvae_xonly.pkl,/home/thuy/Research/minh_data_synth/TabularDA/data/corrected_v2/mnist12/seed_43/mnist12_seed43_tvae_xonly_rf_100k.predictor.pkl,mnist_unused_class_output,0,0,256,True,False,False,False,True,True,True,True,793be9cc72f9942e61b6eafc0600fc18f8cd9e0c99179cc849529e95b71f648e
corrected_v2,mnist12,43,synthetic,tvae_rf,/home/thuy/Research/minh_data_synth/TabularDA/output/corrected_v2/mnist12/acc/mnist12_seed43_tvae_xonly_rf_synthetic.run.json,/home/thuy/Research/minh_data_synth/TabularDA/sdv trained model/corrected_v2/mnist12/seed_43/mnist12_seed43_tvae_xonly.pkl,/home/thuy/Research/minh_data_synth/TabularDA/data/corrected_v2/mnist12/seed_43/mnist12_seed43_tvae_xonly_rf_100k.predictor.pkl,mnist_unused_class_output,0,0,256,True,False,False,False,True,True,True,True,840a89d6d4782649d5f5c56a7cb34d76bbcb73f5ccc99612c281d17cdcc25ddd
corrected_v2,mnist12,43,mix,tvae_xgb,/home/thuy/Research/minh_data_synth/TabularDA/output/corrected_v2/mnist12/acc/mnist12_seed43_tvae_xonly_xgb_mix.run.json,/home/thuy/Research/minh_data_synth/TabularDA/sdv trained model/corrected_v2/mnist12/seed_43/mnist12_seed43_tvae_xonly.pkl,/home/thuy/Research/minh_data_synth/TabularDA/data/corrected_v2/mnist12/seed_43/mnist12_seed43_tvae_xonly_xgb_100k.predictor.pkl,mnist_unused_class_output,0,0,256,True,False,False,False,True,True,True,True,f288386e77db32cf2dff3cd3fc6a9d2c832a9572ca340f7cfdbc7c47aeea5362
corrected_v2,mnist12,43,synthetic,tvae_xgb,/home/thuy/Research/minh_data_synth/TabularDA/output/corrected_v2/mnist12/acc/mnist12_seed43_tvae_xonly_xgb_synthetic.run.json,/home/thuy/Research/minh_data_synth/TabularDA/sdv trained model/corrected_v2/mnist12/seed_43/mnist12_seed43_tvae_xonly.pkl,/home/thuy/Research/minh_data_synth/TabularDA/data/corrected_v2/mnist12/seed_43/mnist12_seed43_tvae_xonly_xgb_100k.predictor.pkl,mnist_unused_class_output,0,0,256,True,False,False,False,True,True,True,True,bf15036ec0109c2de913a16863522a63516f7c941d97ef4d12e47da31604478a
corrected_v2,mnist28,43,mix,compare_dnn,/home/thuy/Research/minh_data_synth/TabularDA/output/corrected_v2/mnist28/acc/mnist28_seed43_ctgan_full_dnn_mix.run.json,/home/thuy/Research/minh_data_synth/TabularDA/sdv trained model/corrected_v2/mnist28/seed_43/mnist28_seed43_ctgan_full.pkl,/home/thuy/Research/minh_data_synth/TabularDA/data/corrected_v2/mnist28/seed_43/mnist28_seed43_ctgan_full_dnn_100k.predictor.pt,mnist_unused_class_output,0,0,128,True,False,False,True,True,True,True,True,031aa8a65803364828824a96d572d59973e9bafcbf08a2c67158ee82053cf014
corrected_v2,mnist28,43,synthetic,compare_dnn,/home/thuy/Research/minh_data_synth/TabularDA/output/corrected_v2/mnist28/acc/mnist28_seed43_ctgan_full_dnn_synthetic.run.json,/home/thuy/Research/minh_data_synth/TabularDA/sdv trained model/corrected_v2/mnist28/seed_43/mnist28_seed43_ctgan_full.pkl,/home/thuy/Research/minh_data_synth/TabularDA/data/corrected_v2/mnist28/seed_43/mnist28_seed43_ctgan_full_dnn_100k.predictor.pt,mnist_unused_class_output,0,0,128,True,False,False,True,True,True,True,True,a5724b2544d8ff8d453dcb65b7fbcb3c6de8876bb5e00e794038b7c415b1e83a
corrected_v2,mnist28,43,mix,ctgan,/home/thuy/Research/minh_data_synth/TabularDA/output/corrected_v2/mnist28/acc/mnist28_seed43_ctgan_full_generated_mix.run.json,/home/thuy/Research/minh_data_synth/TabularDA/sdv trained model/corrected_v2/mnist28/seed_43/mnist28_seed43_ctgan_full.pkl,,mnist_unused_class_output,0,0,128,True,False,False,True,True,True,True,,c25a3224b1e0cf55fcb08efb4f14478707f0eab05ce642c5b17b6c7ec649d079
corrected_v2,mnist28,43,synthetic,ctgan,/home/thuy/Research/minh_data_synth/TabularDA/output/corrected_v2/mnist28/acc/mnist28_seed43_ctgan_full_generated_synthetic.run.json,/home/thuy/Research/minh_data_synth/TabularDA/sdv trained model/corrected_v2/mnist28/seed_43/mnist28_seed43_ctgan_full.pkl,,mnist_unused_class_output,0,0,128,True,False,False,True,True,True,True,,08dfcd8fe78d9456b6ad0b5d9652125fc7dd74433726cc49c5b0b05b82d00bb4
corrected_v2,mnist28,43,mix,compare_rf,/home/thuy/Research/minh_data_synth/TabularDA/output/corrected_v2/mnist28/acc/mnist28_seed43_ctgan_full_rf_mix.run.json,/home/thuy/Research/minh_data_synth/TabularDA/sdv trained model/corrected_v2/mnist28/seed_43/mnist28_seed43_ctgan_full.pkl,/home/thuy/Research/minh_data_synth/TabularDA/data/corrected_v2/mnist28/seed_43/mnist28_seed43_ctgan_full_rf_100k.predictor.pkl,mnist_unused_class_output,0,0,128,True,False,False,True,True,True,True,True,92e77d8632c41421c188c098fa03c8c97cf1672c5583b7a8dda59379bd4e5684
corrected_v2,mnist28,43,synthetic,compare_rf,/home/thuy/Research/minh_data_synth/TabularDA/output/corrected_v2/mnist28/acc/mnist28_seed43_ctgan_full_rf_synthetic.run.json,/home/thuy/Research/minh_data_synth/TabularDA/sdv trained model/corrected_v2/mnist28/seed_43/mnist28_seed43_ctgan_full.pkl,/home/thuy/Research/minh_data_synth/TabularDA/data/corrected_v2/mnist28/seed_43/mnist28_seed43_ctgan_full_rf_100k.predictor.pkl,mnist_unused_class_output,0,0,128,True,False,False,True,True,True,True,True,e6ca62834d9822eba71223625ba1866f102eabddd0fa35e1b9eb087252d9b62d
corrected_v2,mnist28,43,mix,compare_xgb,/home/thuy/Research/minh_data_synth/TabularDA/output/corrected_v2/mnist28/acc/mnist28_seed43_ctgan_full_xgb_mix.run.json,/home/thuy/Research/minh_data_synth/TabularDA/sdv trained model/corrected_v2/mnist28/seed_43/mnist28_seed43_ctgan_full.pkl,/home/thuy/Research/minh_data_synth/TabularDA/data/corrected_v2/mnist28/seed_43/mnist28_seed43_ctgan_full_xgb_100k.predictor.pkl,mnist_unused_class_output,0,0,128,True,False,False,True,True,True,True,True,90a0e9b452ade0ae619e76e72527f44cab28e8b766fa7c010d8473f5982f6d69
corrected_v2,mnist28,43,synthetic,compare_xgb,/home/thuy/Research/minh_data_synth/TabularDA/output/corrected_v2/mnist28/acc/mnist28_seed43_ctgan_full_xgb_synthetic.run.json,/home/thuy/Research/minh_data_synth/TabularDA/sdv trained model/corrected_v2/mnist28/seed_43/mnist28_seed43_ctgan_full.pkl,/home/thuy/Research/minh_data_synth/TabularDA/data/corrected_v2/mnist28/seed_43/mnist28_seed43_ctgan_full_xgb_100k.predictor.pkl,mnist_unused_class_output,0,0,128,True,False,False,True,True,True,True,True,8444dbb13b5e2799f022b32f5e762ca113d15b7e6c7bc59c9bb86d9e1f377fa0
corrected_v2,mnist28,43,mix,dnn,/home/thuy/Research/minh_data_synth/TabularDA/output/corrected_v2/mnist28/acc/mnist28_seed43_ctgan_xonly_dnn_mix.run.json,/home/thuy/Research/minh_data_synth/TabularDA/sdv trained model/corrected_v2/mnist28/seed_43/mnist28_seed43_ctgan_xonly.pkl,/home/thuy/Research/minh_data_synth/TabularDA/data/corrected_v2/mnist28/seed_43/mnist28_seed43_ctgan_xonly_dnn_100k.predictor.pt,mnist_unused_class_output,0,0,128,True,False,False,True,True,True,True,True,243bdac3ca33fbd59a116e68d8385a8c337bbefe1840a1fff6d88b6ad09d7c3b
corrected_v2,mnist28,43,synthetic,dnn,/home/thuy/Research/minh_data_synth/TabularDA/output/corrected_v2/mnist28/acc/mnist28_seed43_ctgan_xonly_dnn_synthetic.run.json,/home/thuy/Research/minh_data_synth/TabularDA/sdv trained model/corrected_v2/mnist28/seed_43/mnist28_seed43_ctgan_xonly.pkl,/home/thuy/Research/minh_data_synth/TabularDA/data/corrected_v2/mnist28/seed_43/mnist28_seed43_ctgan_xonly_dnn_100k.predictor.pt,mnist_unused_class_output,0,0,128,True,False,False,True,True,True,True,True,e4449794414fb900943c953c1f54d5e8b67571ce18d228b334b1c4eeb54bb278
corrected_v2,mnist28,43,mix,rf,/home/thuy/Research/minh_data_synth/TabularDA/output/corrected_v2/mnist28/acc/mnist28_seed43_ctgan_xonly_rf_mix.run.json,/home/thuy/Research/minh_data_synth/TabularDA/sdv trained model/corrected_v2/mnist28/seed_43/mnist28_seed43_ctgan_xonly.pkl,/home/thuy/Research/minh_data_synth/TabularDA/data/corrected_v2/mnist28/seed_43/mnist28_seed43_ctgan_xonly_rf_100k.predictor.pkl,mnist_unused_class_output,0,0,128,True,False,False,True,True,True,True,True,4c6a51977b68878c8af31765a96200d78d863395a164cfbc895cd44d4ca0fe82
corrected_v2,mnist28,43,synthetic,rf,/home/thuy/Research/minh_data_synth/TabularDA/output/corrected_v2/mnist28/acc/mnist28_seed43_ctgan_xonly_rf_synthetic.run.json,/home/thuy/Research/minh_data_synth/TabularDA/sdv trained model/corrected_v2/mnist28/seed_43/mnist28_seed43_ctgan_xonly.pkl,/home/thuy/Research/minh_data_synth/TabularDA/data/corrected_v2/mnist28/seed_43/mnist28_seed43_ctgan_xonly_rf_100k.predictor.pkl,mnist_unused_class_output,0,0,128,True,False,False,True,True,True,True,True,173896462faaa272246aa0574fe2ae4d7456e431ae3716140cc6f641ae945fb3
corrected_v2,mnist28,43,mix,xgb,/home/thuy/Research/minh_data_synth/TabularDA/output/corrected_v2/mnist28/acc/mnist28_seed43_ctgan_xonly_xgb_mix.run.json,/home/thuy/Research/minh_data_synth/TabularDA/sdv trained model/corrected_v2/mnist28/seed_43/mnist28_seed43_ctgan_xonly.pkl,/home/thuy/Research/minh_data_synth/TabularDA/data/corrected_v2/mnist28/seed_43/mnist28_seed43_ctgan_xonly_xgb_100k.predictor.pkl,mnist_unused_class_output,0,0,128,True,False,False,True,True,True,True,True,094462b6a91aaf49c186cd209b6e2988df2bfdd0e29256b20bfdc43a331b7ae5
corrected_v2,mnist28,43,synthetic,xgb,/home/thuy/Research/minh_data_synth/TabularDA/output/corrected_v2/mnist28/acc/mnist28_seed43_ctgan_xonly_xgb_synthetic.run.json,/home/thuy/Research/minh_data_synth/TabularDA/sdv trained model/corrected_v2/mnist28/seed_43/mnist28_seed43_ctgan_xonly.pkl,/home/thuy/Research/minh_data_synth/TabularDA/data/corrected_v2/mnist28/seed_43/mnist28_seed43_ctgan_xonly_xgb_100k.predictor.pkl,mnist_unused_class_output,0,0,128,True,False,False,True,True,True,True,True,6dab5dc6a89cf46a173beed855f86896261b5a29c8a643dd4952efe7253c40b4
corrected_v2,mnist28,43,original,,/home/thuy/Research/minh_data_synth/TabularDA/output/corrected_v2/mnist28/acc/mnist28_seed43_real_original.run.json,,,mnist_unused_class_output,0,0,128,True,False,False,False,True,True,True,,4f1f231ee5110d92579df2fd49020690ac7771427ed3b57a410bf7607a5cce36
corrected_v2,mnist28,43,mix,tvae_compare_dnn,/home/thuy/Research/minh_data_synth/TabularDA/output/corrected_v2/mnist28/acc/mnist28_seed43_tvae_full_dnn_mix.run.json,/home/thuy/Research/minh_data_synth/TabularDA/sdv trained model/corrected_v2/mnist28/seed_43/mnist28_seed43_tvae_full.pkl,/home/thuy/Research/minh_data_synth/TabularDA/data/corrected_v2/mnist28/seed_43/mnist28_seed43_tvae_full_dnn_100k.predictor.pt,mnist_unused_class_output,0,0,128,True,False,False,False,True,True,True,True,9fc2b805a12a4be3ba26336804a3df041c110356c92a32aeb793bc4a8fa233dc
corrected_v2,mnist28,43,synthetic,tvae_compare_dnn,/home/thuy/Research/minh_data_synth/TabularDA/output/corrected_v2/mnist28/acc/mnist28_seed43_tvae_full_dnn_synthetic.run.json,/home/thuy/Research/minh_data_synth/TabularDA/sdv trained model/corrected_v2/mnist28/seed_43/mnist28_seed43_tvae_full.pkl,/home/thuy/Research/minh_data_synth/TabularDA/data/corrected_v2/mnist28/seed_43/mnist28_seed43_tvae_full_dnn_100k.predictor.pt,mnist_unused_class_output,0,0,128,True,False,False,False,True,True,True,True,f5c78e9bb7c45aa0383c7af8037fa9b68869b6488549e1ddc59756ead04c1703
corrected_v2,mnist28,43,mix,tvae,/home/thuy/Research/minh_data_synth/TabularDA/output/corrected_v2/mnist28/acc/mnist28_seed43_tvae_full_generated_mix.run.json,/home/thuy/Research/minh_data_synth/TabularDA/sdv trained model/corrected_v2/mnist28/seed_43/mnist28_seed43_tvae_full.pkl,,mnist_unused_class_output,0,0,128,True,False,False,False,True,True,True,,7703a12c8bf17baaed00a7e8d056f22bdf9dc4b5fdc3522f87d2758e7e59ca86
corrected_v2,mnist28,43,synthetic,tvae,/home/thuy/Research/minh_data_synth/TabularDA/output/corrected_v2/mnist28/acc/mnist28_seed43_tvae_full_generated_synthetic.run.json,/home/thuy/Research/minh_data_synth/TabularDA/sdv trained model/corrected_v2/mnist28/seed_43/mnist28_seed43_tvae_full.pkl,,mnist_unused_class_output,0,0,128,True,False,False,False,True,True,True,,7f63b9702aeee8248f04fce052f43b2d6c37b0060b41e446fcdb32c8c53e6cf9
corrected_v2,mnist28,43,mix,tvae_compare_rf,/home/thuy/Research/minh_data_synth/TabularDA/output/corrected_v2/mnist28/acc/mnist28_seed43_tvae_full_rf_mix.run.json,/home/thuy/Research/minh_data_synth/TabularDA/sdv trained model/corrected_v2/mnist28/seed_43/mnist28_seed43_tvae_full.pkl,/home/thuy/Research/minh_data_synth/TabularDA/data/corrected_v2/mnist28/seed_43/mnist28_seed43_tvae_full_rf_100k.predictor.pkl,mnist_unused_class_output,0,0,128,True,False,False,False,True,True,True,True,17ae9bee8c4894bffe6a16a2a69f3e69ebcd9c39adc509bba7d6b447c735b8e4
corrected_v2,mnist28,43,synthetic,tvae_compare_rf,/home/thuy/Research/minh_data_synth/TabularDA/output/corrected_v2/mnist28/acc/mnist28_seed43_tvae_full_rf_synthetic.run.json,/home/thuy/Research/minh_data_synth/TabularDA/sdv trained model/corrected_v2/mnist28/seed_43/mnist28_seed43_tvae_full.pkl,/home/thuy/Research/minh_data_synth/TabularDA/data/corrected_v2/mnist28/seed_43/mnist28_seed43_tvae_full_rf_100k.predictor.pkl,mnist_unused_class_output,0,0,128,True,False,False,False,True,True,True,True,3c4f3ff3c23b43844933319baa26a47e946aa777527fd9e51a286fca5924e819
corrected_v2,mnist28,43,mix,tvae_compare_xgb,/home/thuy/Research/minh_data_synth/TabularDA/output/corrected_v2/mnist28/acc/mnist28_seed43_tvae_full_xgb_mix.run.json,/home/thuy/Research/minh_data_synth/TabularDA/sdv trained model/corrected_v2/mnist28/seed_43/mnist28_seed43_tvae_full.pkl,/home/thuy/Research/minh_data_synth/TabularDA/data/corrected_v2/mnist28/seed_43/mnist28_seed43_tvae_full_xgb_100k.predictor.pkl,mnist_unused_class_output,0,0,128,True,False,False,False,True,True,True,True,bd0f7db8831d414af3b9ab37eefacdf4a101b4db28939af7670bf585acfbc950
corrected_v2,mnist28,43,synthetic,tvae_compare_xgb,/home/thuy/Research/minh_data_synth/TabularDA/output/corrected_v2/mnist28/acc/mnist28_seed43_tvae_full_xgb_synthetic.run.json,/home/thuy/Research/minh_data_synth/TabularDA/sdv trained model/corrected_v2/mnist28/seed_43/mnist28_seed43_tvae_full.pkl,/home/thuy/Research/minh_data_synth/TabularDA/data/corrected_v2/mnist28/seed_43/mnist28_seed43_tvae_full_xgb_100k.predictor.pkl,mnist_unused_class_output,0,0,128,True,False,False,False,True,True,True,True,8b7d40779756a7a7e0b088ea1f2e2707406172c4f007c5c057f0fcd21d1941cb
corrected_v2,mnist28,43,mix,tvae_dnn,/home/thuy/Research/minh_data_synth/TabularDA/output/corrected_v2/mnist28/acc/mnist28_seed43_tvae_xonly_dnn_mix.run.json,/home/thuy/Research/minh_data_synth/TabularDA/sdv trained model/corrected_v2/mnist28/seed_43/mnist28_seed43_tvae_xonly.pkl,/home/thuy/Research/minh_data_synth/TabularDA/data/corrected_v2/mnist28/seed_43/mnist28_seed43_tvae_xonly_dnn_100k.predictor.pt,mnist_unused_class_output,0,0,128,True,False,False,False,True,True,True,True,6853af99916ccd9efb60d5bd752db7b190c49dcc339ff3c5d61dcb656d6d957f
corrected_v2,mnist28,43,synthetic,tvae_dnn,/home/thuy/Research/minh_data_synth/TabularDA/output/corrected_v2/mnist28/acc/mnist28_seed43_tvae_xonly_dnn_synthetic.run.json,/home/thuy/Research/minh_data_synth/TabularDA/sdv trained model/corrected_v2/mnist28/seed_43/mnist28_seed43_tvae_xonly.pkl,/home/thuy/Research/minh_data_synth/TabularDA/data/corrected_v2/mnist28/seed_43/mnist28_seed43_tvae_xonly_dnn_100k.predictor.pt,mnist_unused_class_output,0,0,128,True,False,False,False,True,True,True,True,a6d2f24a84be57aac55f0a8eb92836de78ac987235656ccba27fa086901e76ad
corrected_v2,mnist28,43,mix,tvae_rf,/home/thuy/Research/minh_data_synth/TabularDA/output/corrected_v2/mnist28/acc/mnist28_seed43_tvae_xonly_rf_mix.run.json,/home/thuy/Research/minh_data_synth/TabularDA/sdv trained model/corrected_v2/mnist28/seed_43/mnist28_seed43_tvae_xonly.pkl,/home/thuy/Research/minh_data_synth/TabularDA/data/corrected_v2/mnist28/seed_43/mnist28_seed43_tvae_xonly_rf_100k.predictor.pkl,mnist_unused_class_output,0,0,128,True,False,False,False,True,True,True,True,081b3d64f00d5b4675d96fd57cd82acd8add7803214b46ee3d59f53369a7f89f
corrected_v2,mnist28,43,synthetic,tvae_rf,/home/thuy/Research/minh_data_synth/TabularDA/output/corrected_v2/mnist28/acc/mnist28_seed43_tvae_xonly_rf_synthetic.run.json,/home/thuy/Research/minh_data_synth/TabularDA/sdv trained model/corrected_v2/mnist28/seed_43/mnist28_seed43_tvae_xonly.pkl,/home/thuy/Research/minh_data_synth/TabularDA/data/corrected_v2/mnist28/seed_43/mnist28_seed43_tvae_xonly_rf_100k.predictor.pkl,mnist_unused_class_output,0,0,128,True,False,False,False,True,True,True,True,31cfb0f529e6372576188cb12d7eec75b880eaa253a487a4ef6d29e9edc53e19
corrected_v2,mnist28,43,mix,tvae_xgb,/home/thuy/Research/minh_data_synth/TabularDA/output/corrected_v2/mnist28/acc/mnist28_seed43_tvae_xonly_xgb_mix.run.json,/home/thuy/Research/minh_data_synth/TabularDA/sdv trained model/corrected_v2/mnist28/seed_43/mnist28_seed43_tvae_xonly.pkl,/home/thuy/Research/minh_data_synth/TabularDA/data/corrected_v2/mnist28/seed_43/mnist28_seed43_tvae_xonly_xgb_100k.predictor.pkl,mnist_unused_class_output,0,0,128,True,False,False,False,True,True,True,True,45ed779e40b16970048de7038cfae9753f905731dec52cb02532d5248c1ae061
corrected_v2,mnist28,43,synthetic,tvae_xgb,/home/thuy/Research/minh_data_synth/TabularDA/output/corrected_v2/mnist28/acc/mnist28_seed43_tvae_xonly_xgb_synthetic.run.json,/home/thuy/Research/minh_data_synth/TabularDA/sdv trained model/corrected_v2/mnist28/seed_43/mnist28_seed43_tvae_xonly.pkl,/home/thuy/Research/minh_data_synth/TabularDA/data/corrected_v2/mnist28/seed_43/mnist28_seed43_tvae_xonly_xgb_100k.predictor.pkl,mnist_unused_class_output,0,0,128,True,False,False,False,True,True,True,True,f6d6ba008aec6dc61da8c37059ced7194c6b42cf25eac97d25b9f0d0a2b9d0c0
corrected_v2,news,43,mix,compare_dnn,/home/thuy/Research/minh_data_synth/TabularDA/output/corrected_v2/news/acc/news_seed43_ctgan_full_dnn_mix.run.json,/home/thuy/Research/minh_data_synth/TabularDA/sdv trained model/corrected_v2/news/seed_43/news_seed43_ctgan_full.pkl,/home/thuy/Research/minh_data_synth/TabularDA/data/corrected_v2/news/seed_43/news_seed43_ctgan_full_dnn_100k.predictor.pt,,0,0,,,True,False,True,True,True,True,True,d38061fb9613e4dbcd2490b2d7771df90d7aacfef9771b90de9ca6d8bf5a6cbf
corrected_v2,news,43,synthetic,compare_dnn,/home/thuy/Research/minh_data_synth/TabularDA/output/corrected_v2/news/acc/news_seed43_ctgan_full_dnn_synthetic.run.json,/home/thuy/Research/minh_data_synth/TabularDA/sdv trained model/corrected_v2/news/seed_43/news_seed43_ctgan_full.pkl,/home/thuy/Research/minh_data_synth/TabularDA/data/corrected_v2/news/seed_43/news_seed43_ctgan_full_dnn_100k.predictor.pt,,0,0,,,False,False,True,True,True,True,True,e46887e8b594175826924cdf5045610b21c076ee5bf8455238da9b2107279148
corrected_v2,news,43,mix,ctgan,/home/thuy/Research/minh_data_synth/TabularDA/output/corrected_v2/news/acc/news_seed43_ctgan_full_generated_mix.run.json,/home/thuy/Research/minh_data_synth/TabularDA/sdv trained model/corrected_v2/news/seed_43/news_seed43_ctgan_full.pkl,,,0,0,,,False,False,True,True,True,True,,747a93202795c11164c9ccf28631659915e06ad7fd206facf193f8d8ae041b42
corrected_v2,news,43,synthetic,ctgan,/home/thuy/Research/minh_data_synth/TabularDA/output/corrected_v2/news/acc/news_seed43_ctgan_full_generated_synthetic.run.json,/home/thuy/Research/minh_data_synth/TabularDA/sdv trained model/corrected_v2/news/seed_43/news_seed43_ctgan_full.pkl,,,0,0,,,True,False,True,True,True,True,,eae4b74f21868a036452ebee16db99db19507389b7a68bcbbec47b09dfad3c92
corrected_v2,news,43,mix,compare_rf,/home/thuy/Research/minh_data_synth/TabularDA/output/corrected_v2/news/acc/news_seed43_ctgan_full_rf_mix.run.json,/home/thuy/Research/minh_data_synth/TabularDA/sdv trained model/corrected_v2/news/seed_43/news_seed43_ctgan_full.pkl,/home/thuy/Research/minh_data_synth/TabularDA/data/corrected_v2/news/seed_43/news_seed43_ctgan_full_rf_100k.predictor.pkl,,0,0,,,False,False,True,True,True,True,True,381a250e6ccbd84ed7411f291bdc3d00a41efb156cf76c5dc62ce3af042837fe
corrected_v2,news,43,synthetic,compare_rf,/home/thuy/Research/minh_data_synth/TabularDA/output/corrected_v2/news/acc/news_seed43_ctgan_full_rf_synthetic.run.json,/home/thuy/Research/minh_data_synth/TabularDA/sdv trained model/corrected_v2/news/seed_43/news_seed43_ctgan_full.pkl,/home/thuy/Research/minh_data_synth/TabularDA/data/corrected_v2/news/seed_43/news_seed43_ctgan_full_rf_100k.predictor.pkl,,0,0,,,False,False,True,True,True,True,True,7f96cf54670cf0d1a18b44638721b2874de9b0871d89309b1fa464c90df33564
corrected_v2,news,43,mix,compare_xgb,/home/thuy/Research/minh_data_synth/TabularDA/output/corrected_v2/news/acc/news_seed43_ctgan_full_xgb_mix.run.json,/home/thuy/Research/minh_data_synth/TabularDA/sdv trained model/corrected_v2/news/seed_43/news_seed43_ctgan_full.pkl,/home/thuy/Research/minh_data_synth/TabularDA/data/corrected_v2/news/seed_43/news_seed43_ctgan_full_xgb_100k.predictor.pkl,,0,0,,,False,False,True,True,True,True,True,d8acef7752b086a84a2246be97c08ed45deeb75c5614ea8859cc4b4f5ff3c6d4
corrected_v2,news,43,synthetic,compare_xgb,/home/thuy/Research/minh_data_synth/TabularDA/output/corrected_v2/news/acc/news_seed43_ctgan_full_xgb_synthetic.run.json,/home/thuy/Research/minh_data_synth/TabularDA/sdv trained model/corrected_v2/news/seed_43/news_seed43_ctgan_full.pkl,/home/thuy/Research/minh_data_synth/TabularDA/data/corrected_v2/news/seed_43/news_seed43_ctgan_full_xgb_100k.predictor.pkl,,0,0,,,False,False,True,True,True,True,True,ef4a042bebc5315dd8748a4f7396de9a924ad9b999f4def7d694b8b4e66d7a30
corrected_v2,news,43,mix,dnn,/home/thuy/Research/minh_data_synth/TabularDA/output/corrected_v2/news/acc/news_seed43_ctgan_xonly_dnn_mix.run.json,/home/thuy/Research/minh_data_synth/TabularDA/sdv trained model/corrected_v2/news/seed_43/news_seed43_ctgan_xonly.pkl,/home/thuy/Research/minh_data_synth/TabularDA/data/corrected_v2/news/seed_43/news_seed43_ctgan_xonly_dnn_100k.predictor.pt,,0,0,,,False,False,True,True,True,True,True,58201a048b3a497920d344daee772b9f8c9a9efb6ea662e86aeb276e798eb88a
corrected_v2,news,43,synthetic,dnn,/home/thuy/Research/minh_data_synth/TabularDA/output/corrected_v2/news/acc/news_seed43_ctgan_xonly_dnn_synthetic.run.json,/home/thuy/Research/minh_data_synth/TabularDA/sdv trained model/corrected_v2/news/seed_43/news_seed43_ctgan_xonly.pkl,/home/thuy/Research/minh_data_synth/TabularDA/data/corrected_v2/news/seed_43/news_seed43_ctgan_xonly_dnn_100k.predictor.pt,,0,0,,,False,False,True,True,True,True,True,2a9ffbb3f73b899e8a772606f7d15a4a6686b66ba023d058b8f52c270675efe9
corrected_v2,news,43,mix,rf,/home/thuy/Research/minh_data_synth/TabularDA/output/corrected_v2/news/acc/news_seed43_ctgan_xonly_rf_mix.run.json,/home/thuy/Research/minh_data_synth/TabularDA/sdv trained model/corrected_v2/news/seed_43/news_seed43_ctgan_xonly.pkl,/home/thuy/Research/minh_data_synth/TabularDA/data/corrected_v2/news/seed_43/news_seed43_ctgan_xonly_rf_100k.predictor.pkl,,0,0,,,False,False,True,True,True,True,True,5eadfd7efbdaef73147972c2a664c151b120b2eee384cf0e8d6d640c30b5fdac
corrected_v2,news,43,synthetic,rf,/home/thuy/Research/minh_data_synth/TabularDA/output/corrected_v2/news/acc/news_seed43_ctgan_xonly_rf_synthetic.run.json,/home/thuy/Research/minh_data_synth/TabularDA/sdv trained model/corrected_v2/news/seed_43/news_seed43_ctgan_xonly.pkl,/home/thuy/Research/minh_data_synth/TabularDA/data/corrected_v2/news/seed_43/news_seed43_ctgan_xonly_rf_100k.predictor.pkl,,0,0,,,False,False,True,True,True,True,True,c6e7050f7484068957a39a7c984bc30a15e02127fe2023ce5cd0067415418eca
corrected_v2,news,43,mix,xgb,/home/thuy/Research/minh_data_synth/TabularDA/output/corrected_v2/news/acc/news_seed43_ctgan_xonly_xgb_mix.run.json,/home/thuy/Research/minh_data_synth/TabularDA/sdv trained model/corrected_v2/news/seed_43/news_seed43_ctgan_xonly.pkl,/home/thuy/Research/minh_data_synth/TabularDA/data/corrected_v2/news/seed_43/news_seed43_ctgan_xonly_xgb_100k.predictor.pkl,,0,0,,,False,False,True,True,True,True,True,e966c5677f8720490cef0759a7801ed48a884787096cb166e78edc855205600e
corrected_v2,news,43,synthetic,xgb,/home/thuy/Research/minh_data_synth/TabularDA/output/corrected_v2/news/acc/news_seed43_ctgan_xonly_xgb_synthetic.run.json,/home/thuy/Research/minh_data_synth/TabularDA/sdv trained model/corrected_v2/news/seed_43/news_seed43_ctgan_xonly.pkl,/home/thuy/Research/minh_data_synth/TabularDA/data/corrected_v2/news/seed_43/news_seed43_ctgan_xonly_xgb_100k.predictor.pkl,,0,0,,,False,False,True,True,True,True,True,401435fffc1eb8ab1fdb4dfbb7be6e1fddb5001bc64ce5b3f10eb89f5b5c525b
corrected_v2,news,43,original,,/home/thuy/Research/minh_data_synth/TabularDA/output/corrected_v2/news/acc/news_seed43_real_original.run.json,,,,0,0,,,False,False,False,True,True,True,,a655c8f4901dcc05f16dd108866d0d0114d52a09b6693719ae4a0283a0838b61
corrected_v2,news,43,mix,tvae_compare_dnn,/home/thuy/Research/minh_data_synth/TabularDA/output/corrected_v2/news/acc/news_seed43_tvae_full_dnn_mix.run.json,/home/thuy/Research/minh_data_synth/TabularDA/sdv trained model/corrected_v2/news/seed_43/news_seed43_tvae_full.pkl,/home/thuy/Research/minh_data_synth/TabularDA/data/corrected_v2/news/seed_43/news_seed43_tvae_full_dnn_100k.predictor.pt,,0,0,,,False,False,False,True,True,True,True,8da23a64ebd2b68dc946a5d74a6225a6f79670cf5e7911594c8ef0637c3ed322
corrected_v2,news,43,synthetic,tvae_compare_dnn,/home/thuy/Research/minh_data_synth/TabularDA/output/corrected_v2/news/acc/news_seed43_tvae_full_dnn_synthetic.run.json,/home/thuy/Research/minh_data_synth/TabularDA/sdv trained model/corrected_v2/news/seed_43/news_seed43_tvae_full.pkl,/home/thuy/Research/minh_data_synth/TabularDA/data/corrected_v2/news/seed_43/news_seed43_tvae_full_dnn_100k.predictor.pt,,0,0,,,False,False,False,True,True,True,True,08f242d8bbf52db41e7c02036a4f10b40435e555622aaa878f188ffc5b7d17ac
corrected_v2,news,43,mix,tvae,/home/thuy/Research/minh_data_synth/TabularDA/output/corrected_v2/news/acc/news_seed43_tvae_full_generated_mix.run.json,/home/thuy/Research/minh_data_synth/TabularDA/sdv trained model/corrected_v2/news/seed_43/news_seed43_tvae_full.pkl,,,0,0,,,True,False,False,True,True,True,,fad8cf613ee5b7a43a4279f6078cf99ddcdc697aafcae8a52f3448baf0902df7
corrected_v2,news,43,synthetic,tvae,/home/thuy/Research/minh_data_synth/TabularDA/output/corrected_v2/news/acc/news_seed43_tvae_full_generated_synthetic.run.json,/home/thuy/Research/minh_data_synth/TabularDA/sdv trained model/corrected_v2/news/seed_43/news_seed43_tvae_full.pkl,,,0,0,,,False,False,False,True,True,True,,064f21120b845c8bdcada21221992d364073dd7bcfee0881387a0f12d91a53b6
corrected_v2,news,43,mix,tvae_compare_rf,/home/thuy/Research/minh_data_synth/TabularDA/output/corrected_v2/news/acc/news_seed43_tvae_full_rf_mix.run.json,/home/thuy/Research/minh_data_synth/TabularDA/sdv trained model/corrected_v2/news/seed_43/news_seed43_tvae_full.pkl,/home/thuy/Research/minh_data_synth/TabularDA/data/corrected_v2/news/seed_43/news_seed43_tvae_full_rf_100k.predictor.pkl,,0,0,,,False,False,False,True,True,True,True,d94c303fb4026927d724154b48a5f59e258006b0402248bfca7d8443f03fe197
corrected_v2,news,43,synthetic,tvae_compare_rf,/home/thuy/Research/minh_data_synth/TabularDA/output/corrected_v2/news/acc/news_seed43_tvae_full_rf_synthetic.run.json,/home/thuy/Research/minh_data_synth/TabularDA/sdv trained model/corrected_v2/news/seed_43/news_seed43_tvae_full.pkl,/home/thuy/Research/minh_data_synth/TabularDA/data/corrected_v2/news/seed_43/news_seed43_tvae_full_rf_100k.predictor.pkl,,0,0,,,False,False,False,True,True,True,True,624e66b26888ce9cc3f87776159af2d92933c2b08c93c98db75a1d6c0b2aff36
corrected_v2,news,43,mix,tvae_compare_xgb,/home/thuy/Research/minh_data_synth/TabularDA/output/corrected_v2/news/acc/news_seed43_tvae_full_xgb_mix.run.json,/home/thuy/Research/minh_data_synth/TabularDA/sdv trained model/corrected_v2/news/seed_43/news_seed43_tvae_full.pkl,/home/thuy/Research/minh_data_synth/TabularDA/data/corrected_v2/news/seed_43/news_seed43_tvae_full_xgb_100k.predictor.pkl,,0,0,,,False,False,False,True,True,True,True,f4b53cbd2c67679dd1cac44a5b8977dc1a01d0135dfa7d10f61101084b0202d6
corrected_v2,news,43,synthetic,tvae_compare_xgb,/home/thuy/Research/minh_data_synth/TabularDA/output/corrected_v2/news/acc/news_seed43_tvae_full_xgb_synthetic.run.json,/home/thuy/Research/minh_data_synth/TabularDA/sdv trained model/corrected_v2/news/seed_43/news_seed43_tvae_full.pkl,/home/thuy/Research/minh_data_synth/TabularDA/data/corrected_v2/news/seed_43/news_seed43_tvae_full_xgb_100k.predictor.pkl,,0,0,,,False,False,False,True,True,True,True,82b769f4947cb19907860a85a49cd316e836e4630a9eb4f2d4884f99e10a47f9
corrected_v2,news,43,mix,tvae_dnn,/home/thuy/Research/minh_data_synth/TabularDA/output/corrected_v2/news/acc/news_seed43_tvae_xonly_dnn_mix.run.json,/home/thuy/Research/minh_data_synth/TabularDA/sdv trained model/corrected_v2/news/seed_43/news_seed43_tvae_xonly.pkl,/home/thuy/Research/minh_data_synth/TabularDA/data/corrected_v2/news/seed_43/news_seed43_tvae_xonly_dnn_100k.predictor.pt,,0,0,,,False,False,False,True,True,True,True,2d8f88c8a723d27a2a7924089696f7e94474e83f97b1511546328d7a65ad505a
corrected_v2,news,43,synthetic,tvae_dnn,/home/thuy/Research/minh_data_synth/TabularDA/output/corrected_v2/news/acc/news_seed43_tvae_xonly_dnn_synthetic.run.json,/home/thuy/Research/minh_data_synth/TabularDA/sdv trained model/corrected_v2/news/seed_43/news_seed43_tvae_xonly.pkl,/home/thuy/Research/minh_data_synth/TabularDA/data/corrected_v2/news/seed_43/news_seed43_tvae_xonly_dnn_100k.predictor.pt,,0,0,,,False,False,False,True,True,True,True,84e11724ae944f33d93ee46d05d6a1d31bec9b731556c1236a8c8572a5ac2721
corrected_v2,news,43,mix,tvae_rf,/home/thuy/Research/minh_data_synth/TabularDA/output/corrected_v2/news/acc/news_seed43_tvae_xonly_rf_mix.run.json,/home/thuy/Research/minh_data_synth/TabularDA/sdv trained model/corrected_v2/news/seed_43/news_seed43_tvae_xonly.pkl,/home/thuy/Research/minh_data_synth/TabularDA/data/corrected_v2/news/seed_43/news_seed43_tvae_xonly_rf_100k.predictor.pkl,,0,0,,,False,False,False,True,True,True,True,89c6ab124fda172f0128d971d8ff15b29a4dedcfc64571b99da3027b9599c89f
corrected_v2,news,43,synthetic,tvae_rf,/home/thuy/Research/minh_data_synth/TabularDA/output/corrected_v2/news/acc/news_seed43_tvae_xonly_rf_synthetic.run.json,/home/thuy/Research/minh_data_synth/TabularDA/sdv trained model/corrected_v2/news/seed_43/news_seed43_tvae_xonly.pkl,/home/thuy/Research/minh_data_synth/TabularDA/data/corrected_v2/news/seed_43/news_seed43_tvae_xonly_rf_100k.predictor.pkl,,0,0,,,False,False,False,True,True,True,True,bce478334198ea2326d14536932bb8ababc4cf8d1d10a9b0a350b2c37a6a3aea
corrected_v2,news,43,mix,tvae_xgb,/home/thuy/Research/minh_data_synth/TabularDA/output/corrected_v2/news/acc/news_seed43_tvae_xonly_xgb_mix.run.json,/home/thuy/Research/minh_data_synth/TabularDA/sdv trained model/corrected_v2/news/seed_43/news_seed43_tvae_xonly.pkl,/home/thuy/Research/minh_data_synth/TabularDA/data/corrected_v2/news/seed_43/news_seed43_tvae_xonly_xgb_100k.predictor.pkl,,0,0,,,False,False,False,True,True,True,True,4553e72b50592ccde03ccc837104131d0494167337969c6a442eef972329cc18
corrected_v2,news,43,synthetic,tvae_xgb,/home/thuy/Research/minh_data_synth/TabularDA/output/corrected_v2/news/acc/news_seed43_tvae_xonly_xgb_synthetic.run.json,/home/thuy/Research/minh_data_synth/TabularDA/sdv trained model/corrected_v2/news/seed_43/news_seed43_tvae_xonly.pkl,/home/thuy/Research/minh_data_synth/TabularDA/data/corrected_v2/news/seed_43/news_seed43_tvae_xonly_xgb_100k.predictor.pkl,,0,0,,,False,False,False,True,True,True,True,8db829ff2ef2e023acc78c9a1eb115c07632885f10dfaad1133698d89a6a382e
corrected_v2_seed42_mnist28_news,mnist28,42,mix,compare_categorical,/home/thuy/Research/minh_data_synth/TabularDA/output/corrected_v2_seed42_mnist28_news/mnist28/acc/mnist28_seed42_ctgan_full_categorical_mix.run.json,/home/thuy/Research/minh_data_synth/TabularDA/sdv trained model/corrected_v2_seed42_mnist28_news/mnist28/seed_42/mnist28_seed42_ctgan_full.pkl,/home/thuy/Research/minh_data_synth/TabularDA/data/corrected_v2_seed42_mnist28_news/mnist28/seed_42/mnist28_seed42_ctgan_full_categorical_100k.predictor.pkl,mnist_unused_class_output,0,0,128,True,False,False,True,True,True,True,True,db9ff949a352f45f254e2a246b16d8e23fb061f1cd7566680fab417baa601af5
corrected_v2_seed42_mnist28_news,mnist28,42,synthetic,compare_categorical,/home/thuy/Research/minh_data_synth/TabularDA/output/corrected_v2_seed42_mnist28_news/mnist28/acc/mnist28_seed42_ctgan_full_categorical_synthetic.run.json,/home/thuy/Research/minh_data_synth/TabularDA/sdv trained model/corrected_v2_seed42_mnist28_news/mnist28/seed_42/mnist28_seed42_ctgan_full.pkl,/home/thuy/Research/minh_data_synth/TabularDA/data/corrected_v2_seed42_mnist28_news/mnist28/seed_42/mnist28_seed42_ctgan_full_categorical_100k.predictor.pkl,mnist_unused_class_output,0,0,128,True,False,False,True,True,True,True,True,ed8a5656b0cd2d1e8ffda2d20e7aef44822477d57bb7adf19e3e0eae3c5cc015
corrected_v2_seed42_mnist28_news,mnist28,42,mix,compare_dnn,/home/thuy/Research/minh_data_synth/TabularDA/output/corrected_v2_seed42_mnist28_news/mnist28/acc/mnist28_seed42_ctgan_full_dnn_mix.run.json,/home/thuy/Research/minh_data_synth/TabularDA/sdv trained model/corrected_v2_seed42_mnist28_news/mnist28/seed_42/mnist28_seed42_ctgan_full.pkl,/home/thuy/Research/minh_data_synth/TabularDA/data/corrected_v2_seed42_mnist28_news/mnist28/seed_42/mnist28_seed42_ctgan_full_dnn_100k.predictor.pt,mnist_unused_class_output,0,0,128,True,False,False,True,True,True,True,True,4bbec40f479de1f97db7dc5ba66127e4c5fc899af5cf4f474071d9848ef002e8
corrected_v2_seed42_mnist28_news,mnist28,42,synthetic,compare_dnn,/home/thuy/Research/minh_data_synth/TabularDA/output/corrected_v2_seed42_mnist28_news/mnist28/acc/mnist28_seed42_ctgan_full_dnn_synthetic.run.json,/home/thuy/Research/minh_data_synth/TabularDA/sdv trained model/corrected_v2_seed42_mnist28_news/mnist28/seed_42/mnist28_seed42_ctgan_full.pkl,/home/thuy/Research/minh_data_synth/TabularDA/data/corrected_v2_seed42_mnist28_news/mnist28/seed_42/mnist28_seed42_ctgan_full_dnn_100k.predictor.pt,mnist_unused_class_output,0,0,128,True,False,False,True,True,True,True,True,c75fd31f48e8a7e0cf18ebaaebaff9bb181a2cac2358ff12ca24b550b4e76366
corrected_v2_seed42_mnist28_news,mnist28,42,mix,compare_gaussian,/home/thuy/Research/minh_data_synth/TabularDA/output/corrected_v2_seed42_mnist28_news/mnist28/acc/mnist28_seed42_ctgan_full_gaussian_mix.run.json,/home/thuy/Research/minh_data_synth/TabularDA/sdv trained model/corrected_v2_seed42_mnist28_news/mnist28/seed_42/mnist28_seed42_ctgan_full.pkl,/home/thuy/Research/minh_data_synth/TabularDA/data/corrected_v2_seed42_mnist28_news/mnist28/seed_42/mnist28_seed42_ctgan_full_gaussian_100k.predictor.pkl,mnist_unused_class_output,0,0,128,True,False,False,True,True,True,True,True,a54db7f6b478402eb8f320aa8339fdbbe342425734c09c06b9b62d4f994ece68
corrected_v2_seed42_mnist28_news,mnist28,42,synthetic,compare_gaussian,/home/thuy/Research/minh_data_synth/TabularDA/output/corrected_v2_seed42_mnist28_news/mnist28/acc/mnist28_seed42_ctgan_full_gaussian_synthetic.run.json,/home/thuy/Research/minh_data_synth/TabularDA/sdv trained model/corrected_v2_seed42_mnist28_news/mnist28/seed_42/mnist28_seed42_ctgan_full.pkl,/home/thuy/Research/minh_data_synth/TabularDA/data/corrected_v2_seed42_mnist28_news/mnist28/seed_42/mnist28_seed42_ctgan_full_gaussian_100k.predictor.pkl,mnist_unused_class_output,0,0,128,True,False,False,True,True,True,True,True,00c2d587aa290adb72b8a3258fc0ecee6a02a02f6811479040647631c472a37f
corrected_v2_seed42_mnist28_news,mnist28,42,mix,ctgan,/home/thuy/Research/minh_data_synth/TabularDA/output/corrected_v2_seed42_mnist28_news/mnist28/acc/mnist28_seed42_ctgan_full_generated_mix.run.json,/home/thuy/Research/minh_data_synth/TabularDA/sdv trained model/corrected_v2_seed42_mnist28_news/mnist28/seed_42/mnist28_seed42_ctgan_full.pkl,,mnist_unused_class_output,0,0,128,True,False,False,True,True,True,True,,ad1cb426ae7ee8916886322ba5d30de58ed668e4b040077505f3e74272b78387
corrected_v2_seed42_mnist28_news,mnist28,42,synthetic,ctgan,/home/thuy/Research/minh_data_synth/TabularDA/output/corrected_v2_seed42_mnist28_news/mnist28/acc/mnist28_seed42_ctgan_full_generated_synthetic.run.json,/home/thuy/Research/minh_data_synth/TabularDA/sdv trained model/corrected_v2_seed42_mnist28_news/mnist28/seed_42/mnist28_seed42_ctgan_full.pkl,,mnist_unused_class_output,0,0,128,True,False,False,True,True,True,True,,99ad07f72af3002a071c2f790f13483d7d97a0e0025406c28ea8ed32de85bd6a
corrected_v2_seed42_mnist28_news,mnist28,42,mix,compare_pca_gmm,/home/thuy/Research/minh_data_synth/TabularDA/output/corrected_v2_seed42_mnist28_news/mnist28/acc/mnist28_seed42_ctgan_full_pca_gmm_mix.run.json,/home/thuy/Research/minh_data_synth/TabularDA/sdv trained model/corrected_v2_seed42_mnist28_news/mnist28/seed_42/mnist28_seed42_ctgan_full.pkl,/home/thuy/Research/minh_data_synth/TabularDA/data/corrected_v2_seed42_mnist28_news/mnist28/seed_42/mnist28_seed42_ctgan_full_pca_gmm_100k.predictor.pkl,mnist_unused_class_output,0,0,128,True,False,False,True,True,True,True,True,b4d4703114d87ada14a3ca04e064fc0eb8daef4732ca7b728b3d5965d1dccf26
corrected_v2_seed42_mnist28_news,mnist28,42,synthetic,compare_pca_gmm,/home/thuy/Research/minh_data_synth/TabularDA/output/corrected_v2_seed42_mnist28_news/mnist28/acc/mnist28_seed42_ctgan_full_pca_gmm_synthetic.run.json,/home/thuy/Research/minh_data_synth/TabularDA/sdv trained model/corrected_v2_seed42_mnist28_news/mnist28/seed_42/mnist28_seed42_ctgan_full.pkl,/home/thuy/Research/minh_data_synth/TabularDA/data/corrected_v2_seed42_mnist28_news/mnist28/seed_42/mnist28_seed42_ctgan_full_pca_gmm_100k.predictor.pkl,mnist_unused_class_output,0,0,128,True,False,False,True,True,True,True,True,6744296139fcbadc8c124fe30446f7a3ee8e358fd723c66b1ad9c2b1db7a83f9
corrected_v2_seed42_mnist28_news,mnist28,42,mix,compare_rf,/home/thuy/Research/minh_data_synth/TabularDA/output/corrected_v2_seed42_mnist28_news/mnist28/acc/mnist28_seed42_ctgan_full_rf_mix.run.json,/home/thuy/Research/minh_data_synth/TabularDA/sdv trained model/corrected_v2_seed42_mnist28_news/mnist28/seed_42/mnist28_seed42_ctgan_full.pkl,/home/thuy/Research/minh_data_synth/TabularDA/data/corrected_v2_seed42_mnist28_news/mnist28/seed_42/mnist28_seed42_ctgan_full_rf_100k.predictor.pkl,mnist_unused_class_output,0,0,128,True,False,False,True,True,True,True,True,2d658b6e3f62852df15d5f43ad13a5b858e3f85d5a4cde0a80f0a863af4e1c97
corrected_v2_seed42_mnist28_news,mnist28,42,synthetic,compare_rf,/home/thuy/Research/minh_data_synth/TabularDA/output/corrected_v2_seed42_mnist28_news/mnist28/acc/mnist28_seed42_ctgan_full_rf_synthetic.run.json,/home/thuy/Research/minh_data_synth/TabularDA/sdv trained model/corrected_v2_seed42_mnist28_news/mnist28/seed_42/mnist28_seed42_ctgan_full.pkl,/home/thuy/Research/minh_data_synth/TabularDA/data/corrected_v2_seed42_mnist28_news/mnist28/seed_42/mnist28_seed42_ctgan_full_rf_100k.predictor.pkl,mnist_unused_class_output,0,0,128,True,False,False,True,True,True,True,True,5ad2e8994a12708bee8d00c12fb32952bb94026f6cba9a568a364586f4977161
corrected_v2_seed42_mnist28_news,mnist28,42,mix,compare_xgb,/home/thuy/Research/minh_data_synth/TabularDA/output/corrected_v2_seed42_mnist28_news/mnist28/acc/mnist28_seed42_ctgan_full_xgb_mix.run.json,/home/thuy/Research/minh_data_synth/TabularDA/sdv trained model/corrected_v2_seed42_mnist28_news/mnist28/seed_42/mnist28_seed42_ctgan_full.pkl,/home/thuy/Research/minh_data_synth/TabularDA/data/corrected_v2_seed42_mnist28_news/mnist28/seed_42/mnist28_seed42_ctgan_full_xgb_100k.predictor.pkl,mnist_unused_class_output,0,0,128,True,False,False,True,True,True,True,True,5b6b2472231af640d184598703263cc8696f0ba7b718d146163ed1416b53a883
corrected_v2_seed42_mnist28_news,mnist28,42,synthetic,compare_xgb,/home/thuy/Research/minh_data_synth/TabularDA/output/corrected_v2_seed42_mnist28_news/mnist28/acc/mnist28_seed42_ctgan_full_xgb_synthetic.run.json,/home/thuy/Research/minh_data_synth/TabularDA/sdv trained model/corrected_v2_seed42_mnist28_news/mnist28/seed_42/mnist28_seed42_ctgan_full.pkl,/home/thuy/Research/minh_data_synth/TabularDA/data/corrected_v2_seed42_mnist28_news/mnist28/seed_42/mnist28_seed42_ctgan_full_xgb_100k.predictor.pkl,mnist_unused_class_output,0,0,128,True,False,False,True,True,True,True,True,0b9914ab2bd077169a5d6b916125159d5a389224238c479368d23e8be4958e38
corrected_v2_seed42_mnist28_news,mnist28,42,mix,categorical,/home/thuy/Research/minh_data_synth/TabularDA/output/corrected_v2_seed42_mnist28_news/mnist28/acc/mnist28_seed42_ctgan_xonly_categorical_mix.run.json,/home/thuy/Research/minh_data_synth/TabularDA/sdv trained model/corrected_v2_seed42_mnist28_news/mnist28/seed_42/mnist28_seed42_ctgan_xonly.pkl,/home/thuy/Research/minh_data_synth/TabularDA/data/corrected_v2_seed42_mnist28_news/mnist28/seed_42/mnist28_seed42_ctgan_xonly_categorical_100k.predictor.pkl,mnist_unused_class_output,0,0,128,True,False,False,True,True,True,True,True,ce68f153bee9bd1e06fa15ae8585c810b4cc5f2e23925eb40a739f76898ad555
corrected_v2_seed42_mnist28_news,mnist28,42,synthetic,categorical,/home/thuy/Research/minh_data_synth/TabularDA/output/corrected_v2_seed42_mnist28_news/mnist28/acc/mnist28_seed42_ctgan_xonly_categorical_synthetic.run.json,/home/thuy/Research/minh_data_synth/TabularDA/sdv trained model/corrected_v2_seed42_mnist28_news/mnist28/seed_42/mnist28_seed42_ctgan_xonly.pkl,/home/thuy/Research/minh_data_synth/TabularDA/data/corrected_v2_seed42_mnist28_news/mnist28/seed_42/mnist28_seed42_ctgan_xonly_categorical_100k.predictor.pkl,mnist_unused_class_output,0,0,128,True,False,False,True,True,True,True,True,4afb6ee8fd2cb3f9bd8822b64b961bc25e3822ac91b97d1bebaa2366d703469f
corrected_v2_seed42_mnist28_news,mnist28,42,mix,dnn,/home/thuy/Research/minh_data_synth/TabularDA/output/corrected_v2_seed42_mnist28_news/mnist28/acc/mnist28_seed42_ctgan_xonly_dnn_mix.run.json,/home/thuy/Research/minh_data_synth/TabularDA/sdv trained model/corrected_v2_seed42_mnist28_news/mnist28/seed_42/mnist28_seed42_ctgan_xonly.pkl,/home/thuy/Research/minh_data_synth/TabularDA/data/corrected_v2_seed42_mnist28_news/mnist28/seed_42/mnist28_seed42_ctgan_xonly_dnn_100k.predictor.pt,mnist_unused_class_output,0,0,128,True,False,False,True,True,True,True,True,57e581a524ba0da825b36dd1806a1555b5ba91e4c572f13e1af32c8ce3e582ad
corrected_v2_seed42_mnist28_news,mnist28,42,synthetic,dnn,/home/thuy/Research/minh_data_synth/TabularDA/output/corrected_v2_seed42_mnist28_news/mnist28/acc/mnist28_seed42_ctgan_xonly_dnn_synthetic.run.json,/home/thuy/Research/minh_data_synth/TabularDA/sdv trained model/corrected_v2_seed42_mnist28_news/mnist28/seed_42/mnist28_seed42_ctgan_xonly.pkl,/home/thuy/Research/minh_data_synth/TabularDA/data/corrected_v2_seed42_mnist28_news/mnist28/seed_42/mnist28_seed42_ctgan_xonly_dnn_100k.predictor.pt,mnist_unused_class_output,0,0,128,True,False,False,True,True,True,True,True,d3a0cc4759426212bbe2685dfebad12551d34db5ed99509ad60b0d6654f627d4
corrected_v2_seed42_mnist28_news,mnist28,42,mix,gaussian,/home/thuy/Research/minh_data_synth/TabularDA/output/corrected_v2_seed42_mnist28_news/mnist28/acc/mnist28_seed42_ctgan_xonly_gaussian_mix.run.json,/home/thuy/Research/minh_data_synth/TabularDA/sdv trained model/corrected_v2_seed42_mnist28_news/mnist28/seed_42/mnist28_seed42_ctgan_xonly.pkl,/home/thuy/Research/minh_data_synth/TabularDA/data/corrected_v2_seed42_mnist28_news/mnist28/seed_42/mnist28_seed42_ctgan_xonly_gaussian_100k.predictor.pkl,mnist_unused_class_output,0,0,128,True,False,False,True,True,True,True,True,9b3c3ba498b77ab283c91bfa5393b11278459ce29a62dc0a493d6d3b41e3536c
corrected_v2_seed42_mnist28_news,mnist28,42,synthetic,gaussian,/home/thuy/Research/minh_data_synth/TabularDA/output/corrected_v2_seed42_mnist28_news/mnist28/acc/mnist28_seed42_ctgan_xonly_gaussian_synthetic.run.json,/home/thuy/Research/minh_data_synth/TabularDA/sdv trained model/corrected_v2_seed42_mnist28_news/mnist28/seed_42/mnist28_seed42_ctgan_xonly.pkl,/home/thuy/Research/minh_data_synth/TabularDA/data/corrected_v2_seed42_mnist28_news/mnist28/seed_42/mnist28_seed42_ctgan_xonly_gaussian_100k.predictor.pkl,mnist_unused_class_output,0,0,128,True,False,False,True,True,True,True,True,16e1e6e8035e292114ac9dd82974c4827f5acc249e8ab220e4761aede9d0a0cd
corrected_v2_seed42_mnist28_news,mnist28,42,mix,pca_gmm,/home/thuy/Research/minh_data_synth/TabularDA/output/corrected_v2_seed42_mnist28_news/mnist28/acc/mnist28_seed42_ctgan_xonly_pca_gmm_mix.run.json,/home/thuy/Research/minh_data_synth/TabularDA/sdv trained model/corrected_v2_seed42_mnist28_news/mnist28/seed_42/mnist28_seed42_ctgan_xonly.pkl,/home/thuy/Research/minh_data_synth/TabularDA/data/corrected_v2_seed42_mnist28_news/mnist28/seed_42/mnist28_seed42_ctgan_xonly_pca_gmm_100k.predictor.pkl,mnist_unused_class_output,0,0,128,True,False,False,True,True,True,True,True,3e00dee2f75b2b0471cc542ffa91f9bd6c52784206bcc9c6b315a29573b20db0
corrected_v2_seed42_mnist28_news,mnist28,42,synthetic,pca_gmm,/home/thuy/Research/minh_data_synth/TabularDA/output/corrected_v2_seed42_mnist28_news/mnist28/acc/mnist28_seed42_ctgan_xonly_pca_gmm_synthetic.run.json,/home/thuy/Research/minh_data_synth/TabularDA/sdv trained model/corrected_v2_seed42_mnist28_news/mnist28/seed_42/mnist28_seed42_ctgan_xonly.pkl,/home/thuy/Research/minh_data_synth/TabularDA/data/corrected_v2_seed42_mnist28_news/mnist28/seed_42/mnist28_seed42_ctgan_xonly_pca_gmm_100k.predictor.pkl,mnist_unused_class_output,0,0,128,True,False,False,True,True,True,True,True,2ca7d98d4dbb6952345a7b4f5ba3de3caed22f9dffeea0cf61df48410cc2b261
corrected_v2_seed42_mnist28_news,mnist28,42,mix,rf,/home/thuy/Research/minh_data_synth/TabularDA/output/corrected_v2_seed42_mnist28_news/mnist28/acc/mnist28_seed42_ctgan_xonly_rf_mix.run.json,/home/thuy/Research/minh_data_synth/TabularDA/sdv trained model/corrected_v2_seed42_mnist28_news/mnist28/seed_42/mnist28_seed42_ctgan_xonly.pkl,/home/thuy/Research/minh_data_synth/TabularDA/data/corrected_v2_seed42_mnist28_news/mnist28/seed_42/mnist28_seed42_ctgan_xonly_rf_100k.predictor.pkl,mnist_unused_class_output,0,0,128,True,False,False,True,True,True,True,True,af9443dea2e9a664644cf619a2fad24eb5d4e6df903064fd623a445786f657e7
corrected_v2_seed42_mnist28_news,mnist28,42,synthetic,rf,/home/thuy/Research/minh_data_synth/TabularDA/output/corrected_v2_seed42_mnist28_news/mnist28/acc/mnist28_seed42_ctgan_xonly_rf_synthetic.run.json,/home/thuy/Research/minh_data_synth/TabularDA/sdv trained model/corrected_v2_seed42_mnist28_news/mnist28/seed_42/mnist28_seed42_ctgan_xonly.pkl,/home/thuy/Research/minh_data_synth/TabularDA/data/corrected_v2_seed42_mnist28_news/mnist28/seed_42/mnist28_seed42_ctgan_xonly_rf_100k.predictor.pkl,mnist_unused_class_output,0,0,128,True,False,False,True,True,True,True,True,55f50650501bbfb070a9e0b5e802f239fbd88435dbf9504a2ce4fd3c24b37b01
corrected_v2_seed42_mnist28_news,mnist28,42,mix,xgb,/home/thuy/Research/minh_data_synth/TabularDA/output/corrected_v2_seed42_mnist28_news/mnist28/acc/mnist28_seed42_ctgan_xonly_xgb_mix.run.json,/home/thuy/Research/minh_data_synth/TabularDA/sdv trained model/corrected_v2_seed42_mnist28_news/mnist28/seed_42/mnist28_seed42_ctgan_xonly.pkl,/home/thuy/Research/minh_data_synth/TabularDA/data/corrected_v2_seed42_mnist28_news/mnist28/seed_42/mnist28_seed42_ctgan_xonly_xgb_100k.predictor.pkl,mnist_unused_class_output,0,0,128,True,False,False,True,True,True,True,True,fdbf32dfea7162802784de819e55796bd8068754461f07a8c49d3bbc542590b9
corrected_v2_seed42_mnist28_news,mnist28,42,synthetic,xgb,/home/thuy/Research/minh_data_synth/TabularDA/output/corrected_v2_seed42_mnist28_news/mnist28/acc/mnist28_seed42_ctgan_xonly_xgb_synthetic.run.json,/home/thuy/Research/minh_data_synth/TabularDA/sdv trained model/corrected_v2_seed42_mnist28_news/mnist28/seed_42/mnist28_seed42_ctgan_xonly.pkl,/home/thuy/Research/minh_data_synth/TabularDA/data/corrected_v2_seed42_mnist28_news/mnist28/seed_42/mnist28_seed42_ctgan_xonly_xgb_100k.predictor.pkl,mnist_unused_class_output,0,0,128,True,False,False,True,True,True,True,True,4bb2852fd5d2d839562875c0bb79bedba23e8a3cdfd2c557d80d83f3654d019b
corrected_v2_seed42_mnist28_news,mnist28,42,original,,/home/thuy/Research/minh_data_synth/TabularDA/output/corrected_v2_seed42_mnist28_news/mnist28/acc/mnist28_seed42_real_original.run.json,,,mnist_unused_class_output,0,0,128,True,False,False,False,True,True,True,,8937e7bc60de2501042c1f0ff882c4e619a2b7d8b7797384dbe013ad151bbdda
corrected_v2_seed42_mnist28_news,mnist28,42,mix,tvae_compare_categorical,/home/thuy/Research/minh_data_synth/TabularDA/output/corrected_v2_seed42_mnist28_news/mnist28/acc/mnist28_seed42_tvae_full_categorical_mix.run.json,/home/thuy/Research/minh_data_synth/TabularDA/sdv trained model/corrected_v2_seed42_mnist28_news/mnist28/seed_42/mnist28_seed42_tvae_full.pkl,/home/thuy/Research/minh_data_synth/TabularDA/data/corrected_v2_seed42_mnist28_news/mnist28/seed_42/mnist28_seed42_tvae_full_categorical_100k.predictor.pkl,mnist_unused_class_output,0,0,128,True,False,False,False,True,True,True,True,c41b078e0ee9caccaf57897e183629ecad7a21da719dd2863c1b6dbbda0cc1dd
corrected_v2_seed42_mnist28_news,mnist28,42,synthetic,tvae_compare_categorical,/home/thuy/Research/minh_data_synth/TabularDA/output/corrected_v2_seed42_mnist28_news/mnist28/acc/mnist28_seed42_tvae_full_categorical_synthetic.run.json,/home/thuy/Research/minh_data_synth/TabularDA/sdv trained model/corrected_v2_seed42_mnist28_news/mnist28/seed_42/mnist28_seed42_tvae_full.pkl,/home/thuy/Research/minh_data_synth/TabularDA/data/corrected_v2_seed42_mnist28_news/mnist28/seed_42/mnist28_seed42_tvae_full_categorical_100k.predictor.pkl,mnist_unused_class_output,0,0,128,True,False,False,False,True,True,True,True,3f07b31b1471fd1929399244216e01995b8c1b235382254ebb9514fa54e6c4c9
corrected_v2_seed42_mnist28_news,mnist28,42,mix,tvae_compare_dnn,/home/thuy/Research/minh_data_synth/TabularDA/output/corrected_v2_seed42_mnist28_news/mnist28/acc/mnist28_seed42_tvae_full_dnn_mix.run.json,/home/thuy/Research/minh_data_synth/TabularDA/sdv trained model/corrected_v2_seed42_mnist28_news/mnist28/seed_42/mnist28_seed42_tvae_full.pkl,/home/thuy/Research/minh_data_synth/TabularDA/data/corrected_v2_seed42_mnist28_news/mnist28/seed_42/mnist28_seed42_tvae_full_dnn_100k.predictor.pt,mnist_unused_class_output,0,0,128,True,False,False,False,True,True,True,True,0383a1b791c6d91f910c0789a6714592f1d2614da3f6abafb6b6c5e03618124e
corrected_v2_seed42_mnist28_news,mnist28,42,synthetic,tvae_compare_dnn,/home/thuy/Research/minh_data_synth/TabularDA/output/corrected_v2_seed42_mnist28_news/mnist28/acc/mnist28_seed42_tvae_full_dnn_synthetic.run.json,/home/thuy/Research/minh_data_synth/TabularDA/sdv trained model/corrected_v2_seed42_mnist28_news/mnist28/seed_42/mnist28_seed42_tvae_full.pkl,/home/thuy/Research/minh_data_synth/TabularDA/data/corrected_v2_seed42_mnist28_news/mnist28/seed_42/mnist28_seed42_tvae_full_dnn_100k.predictor.pt,mnist_unused_class_output,0,0,128,True,False,False,False,True,True,True,True,b0f04031745a9a44a1940ed52399298c810a79fdf17bfa6d6a965f706e50144f
corrected_v2_seed42_mnist28_news,mnist28,42,mix,tvae_compare_gaussian,/home/thuy/Research/minh_data_synth/TabularDA/output/corrected_v2_seed42_mnist28_news/mnist28/acc/mnist28_seed42_tvae_full_gaussian_mix.run.json,/home/thuy/Research/minh_data_synth/TabularDA/sdv trained model/corrected_v2_seed42_mnist28_news/mnist28/seed_42/mnist28_seed42_tvae_full.pkl,/home/thuy/Research/minh_data_synth/TabularDA/data/corrected_v2_seed42_mnist28_news/mnist28/seed_42/mnist28_seed42_tvae_full_gaussian_100k.predictor.pkl,mnist_unused_class_output,0,0,128,True,False,False,False,True,True,True,True,e2f043d7bc664ab441ac9c5c8fda2178b6108766e91abd1839f2b4fbcf595031
corrected_v2_seed42_mnist28_news,mnist28,42,synthetic,tvae_compare_gaussian,/home/thuy/Research/minh_data_synth/TabularDA/output/corrected_v2_seed42_mnist28_news/mnist28/acc/mnist28_seed42_tvae_full_gaussian_synthetic.run.json,/home/thuy/Research/minh_data_synth/TabularDA/sdv trained model/corrected_v2_seed42_mnist28_news/mnist28/seed_42/mnist28_seed42_tvae_full.pkl,/home/thuy/Research/minh_data_synth/TabularDA/data/corrected_v2_seed42_mnist28_news/mnist28/seed_42/mnist28_seed42_tvae_full_gaussian_100k.predictor.pkl,mnist_unused_class_output,0,0,128,True,False,False,False,True,True,True,True,876574833888d0643a34c5928fed19e11605def16e47b9206f9a1c88761e7031
corrected_v2_seed42_mnist28_news,mnist28,42,mix,tvae,/home/thuy/Research/minh_data_synth/TabularDA/output/corrected_v2_seed42_mnist28_news/mnist28/acc/mnist28_seed42_tvae_full_generated_mix.run.json,/home/thuy/Research/minh_data_synth/TabularDA/sdv trained model/corrected_v2_seed42_mnist28_news/mnist28/seed_42/mnist28_seed42_tvae_full.pkl,,mnist_unused_class_output,0,0,128,True,False,False,False,True,True,True,,612d7cce7a6d51d933904e556d1453177be259855b0ac34744003fa5da391a83
corrected_v2_seed42_mnist28_news,mnist28,42,synthetic,tvae,/home/thuy/Research/minh_data_synth/TabularDA/output/corrected_v2_seed42_mnist28_news/mnist28/acc/mnist28_seed42_tvae_full_generated_synthetic.run.json,/home/thuy/Research/minh_data_synth/TabularDA/sdv trained model/corrected_v2_seed42_mnist28_news/mnist28/seed_42/mnist28_seed42_tvae_full.pkl,,mnist_unused_class_output,0,0,128,True,False,False,False,True,True,True,,298332690742f42b4231229c9c97a1065a54bb7f41bdf31fac7d4de10aa39ca3
corrected_v2_seed42_mnist28_news,mnist28,42,mix,tvae_compare_pca_gmm,/home/thuy/Research/minh_data_synth/TabularDA/output/corrected_v2_seed42_mnist28_news/mnist28/acc/mnist28_seed42_tvae_full_pca_gmm_mix.run.json,/home/thuy/Research/minh_data_synth/TabularDA/sdv trained model/corrected_v2_seed42_mnist28_news/mnist28/seed_42/mnist28_seed42_tvae_full.pkl,/home/thuy/Research/minh_data_synth/TabularDA/data/corrected_v2_seed42_mnist28_news/mnist28/seed_42/mnist28_seed42_tvae_full_pca_gmm_100k.predictor.pkl,mnist_unused_class_output,0,0,128,True,False,False,False,True,True,True,True,8e2cfb69589328c91f61c857ac37ce19581f12ac93484e1f19879249741b6b3a
corrected_v2_seed42_mnist28_news,mnist28,42,synthetic,tvae_compare_pca_gmm,/home/thuy/Research/minh_data_synth/TabularDA/output/corrected_v2_seed42_mnist28_news/mnist28/acc/mnist28_seed42_tvae_full_pca_gmm_synthetic.run.json,/home/thuy/Research/minh_data_synth/TabularDA/sdv trained model/corrected_v2_seed42_mnist28_news/mnist28/seed_42/mnist28_seed42_tvae_full.pkl,/home/thuy/Research/minh_data_synth/TabularDA/data/corrected_v2_seed42_mnist28_news/mnist28/seed_42/mnist28_seed42_tvae_full_pca_gmm_100k.predictor.pkl,mnist_unused_class_output,0,0,128,True,False,False,False,True,True,True,True,d5b352aa94e34609b81b9b9eb273d3140bf691436cdec1b0ea1158605ba3e091
corrected_v2_seed42_mnist28_news,mnist28,42,mix,tvae_compare_rf,/home/thuy/Research/minh_data_synth/TabularDA/output/corrected_v2_seed42_mnist28_news/mnist28/acc/mnist28_seed42_tvae_full_rf_mix.run.json,/home/thuy/Research/minh_data_synth/TabularDA/sdv trained model/corrected_v2_seed42_mnist28_news/mnist28/seed_42/mnist28_seed42_tvae_full.pkl,/home/thuy/Research/minh_data_synth/TabularDA/data/corrected_v2_seed42_mnist28_news/mnist28/seed_42/mnist28_seed42_tvae_full_rf_100k.predictor.pkl,mnist_unused_class_output,0,0,128,True,False,False,False,True,True,True,True,534d27dbc98aa4b395c04a7fcbfe71f829a84841641dea739dbebe910a612ebd
corrected_v2_seed42_mnist28_news,mnist28,42,synthetic,tvae_compare_rf,/home/thuy/Research/minh_data_synth/TabularDA/output/corrected_v2_seed42_mnist28_news/mnist28/acc/mnist28_seed42_tvae_full_rf_synthetic.run.json,/home/thuy/Research/minh_data_synth/TabularDA/sdv trained model/corrected_v2_seed42_mnist28_news/mnist28/seed_42/mnist28_seed42_tvae_full.pkl,/home/thuy/Research/minh_data_synth/TabularDA/data/corrected_v2_seed42_mnist28_news/mnist28/seed_42/mnist28_seed42_tvae_full_rf_100k.predictor.pkl,mnist_unused_class_output,0,0,128,True,False,False,False,True,True,True,True,c06207ebb877a392ced179e35e07e1e243e7464931edd63358ba9c43b487d922
corrected_v2_seed42_mnist28_news,mnist28,42,mix,tvae_compare_xgb,/home/thuy/Research/minh_data_synth/TabularDA/output/corrected_v2_seed42_mnist28_news/mnist28/acc/mnist28_seed42_tvae_full_xgb_mix.run.json,/home/thuy/Research/minh_data_synth/TabularDA/sdv trained model/corrected_v2_seed42_mnist28_news/mnist28/seed_42/mnist28_seed42_tvae_full.pkl,/home/thuy/Research/minh_data_synth/TabularDA/data/corrected_v2_seed42_mnist28_news/mnist28/seed_42/mnist28_seed42_tvae_full_xgb_100k.predictor.pkl,mnist_unused_class_output,0,0,128,True,False,False,False,True,True,True,True,0ccb3e3d07e421f96191a83108280493a285b82541cd8eea21734740be825abe
corrected_v2_seed42_mnist28_news,mnist28,42,synthetic,tvae_compare_xgb,/home/thuy/Research/minh_data_synth/TabularDA/output/corrected_v2_seed42_mnist28_news/mnist28/acc/mnist28_seed42_tvae_full_xgb_synthetic.run.json,/home/thuy/Research/minh_data_synth/TabularDA/sdv trained model/corrected_v2_seed42_mnist28_news/mnist28/seed_42/mnist28_seed42_tvae_full.pkl,/home/thuy/Research/minh_data_synth/TabularDA/data/corrected_v2_seed42_mnist28_news/mnist28/seed_42/mnist28_seed42_tvae_full_xgb_100k.predictor.pkl,mnist_unused_class_output,0,0,128,True,False,False,False,True,True,True,True,dd2ccd6929a7d525e10693baf381ae79a71f0dbc6c5a16e4361de5e229fd56d6
corrected_v2_seed42_mnist28_news,mnist28,42,mix,tvae_categorical,/home/thuy/Research/minh_data_synth/TabularDA/output/corrected_v2_seed42_mnist28_news/mnist28/acc/mnist28_seed42_tvae_xonly_categorical_mix.run.json,/home/thuy/Research/minh_data_synth/TabularDA/sdv trained model/corrected_v2_seed42_mnist28_news/mnist28/seed_42/mnist28_seed42_tvae_xonly.pkl,/home/thuy/Research/minh_data_synth/TabularDA/data/corrected_v2_seed42_mnist28_news/mnist28/seed_42/mnist28_seed42_tvae_xonly_categorical_100k.predictor.pkl,mnist_unused_class_output,0,0,128,True,False,False,False,True,True,True,True,4489322c4ff92713ae5f50e7df6aeed7d65b863b43e7ed0168eb2968622c5434
corrected_v2_seed42_mnist28_news,mnist28,42,synthetic,tvae_categorical,/home/thuy/Research/minh_data_synth/TabularDA/output/corrected_v2_seed42_mnist28_news/mnist28/acc/mnist28_seed42_tvae_xonly_categorical_synthetic.run.json,/home/thuy/Research/minh_data_synth/TabularDA/sdv trained model/corrected_v2_seed42_mnist28_news/mnist28/seed_42/mnist28_seed42_tvae_xonly.pkl,/home/thuy/Research/minh_data_synth/TabularDA/data/corrected_v2_seed42_mnist28_news/mnist28/seed_42/mnist28_seed42_tvae_xonly_categorical_100k.predictor.pkl,mnist_unused_class_output,0,0,128,True,False,False,False,True,True,True,True,8e307f61f19b9b39a1826721f07ea6e8417e7f5b91fffd024e58ab1dee9acc4d
corrected_v2_seed42_mnist28_news,mnist28,42,mix,tvae_dnn,/home/thuy/Research/minh_data_synth/TabularDA/output/corrected_v2_seed42_mnist28_news/mnist28/acc/mnist28_seed42_tvae_xonly_dnn_mix.run.json,/home/thuy/Research/minh_data_synth/TabularDA/sdv trained model/corrected_v2_seed42_mnist28_news/mnist28/seed_42/mnist28_seed42_tvae_xonly.pkl,/home/thuy/Research/minh_data_synth/TabularDA/data/corrected_v2_seed42_mnist28_news/mnist28/seed_42/mnist28_seed42_tvae_xonly_dnn_100k.predictor.pt,mnist_unused_class_output,0,0,128,True,False,False,False,True,True,True,True,dd717ca131f57ccb34ce442091f776f655b8add8b8a2c86ac95961d0da1ffb29
corrected_v2_seed42_mnist28_news,mnist28,42,synthetic,tvae_dnn,/home/thuy/Research/minh_data_synth/TabularDA/output/corrected_v2_seed42_mnist28_news/mnist28/acc/mnist28_seed42_tvae_xonly_dnn_synthetic.run.json,/home/thuy/Research/minh_data_synth/TabularDA/sdv trained model/corrected_v2_seed42_mnist28_news/mnist28/seed_42/mnist28_seed42_tvae_xonly.pkl,/home/thuy/Research/minh_data_synth/TabularDA/data/corrected_v2_seed42_mnist28_news/mnist28/seed_42/mnist28_seed42_tvae_xonly_dnn_100k.predictor.pt,mnist_unused_class_output,0,0,128,True,False,False,False,True,True,True,True,eb95671146f712743ee4e9398180a2262175b2ad08bf199f801302ee574c9c9f
corrected_v2_seed42_mnist28_news,mnist28,42,mix,tvae_gaussian,/home/thuy/Research/minh_data_synth/TabularDA/output/corrected_v2_seed42_mnist28_news/mnist28/acc/mnist28_seed42_tvae_xonly_gaussian_mix.run.json,/home/thuy/Research/minh_data_synth/TabularDA/sdv trained model/corrected_v2_seed42_mnist28_news/mnist28/seed_42/mnist28_seed42_tvae_xonly.pkl,/home/thuy/Research/minh_data_synth/TabularDA/data/corrected_v2_seed42_mnist28_news/mnist28/seed_42/mnist28_seed42_tvae_xonly_gaussian_100k.predictor.pkl,mnist_unused_class_output,0,0,128,True,False,False,False,True,True,True,True,5d620edbee1edbd7fe19f33f33cc9083f0fdd57b0b701eeb652bc675e942c7a5
corrected_v2_seed42_mnist28_news,mnist28,42,synthetic,tvae_gaussian,/home/thuy/Research/minh_data_synth/TabularDA/output/corrected_v2_seed42_mnist28_news/mnist28/acc/mnist28_seed42_tvae_xonly_gaussian_synthetic.run.json,/home/thuy/Research/minh_data_synth/TabularDA/sdv trained model/corrected_v2_seed42_mnist28_news/mnist28/seed_42/mnist28_seed42_tvae_xonly.pkl,/home/thuy/Research/minh_data_synth/TabularDA/data/corrected_v2_seed42_mnist28_news/mnist28/seed_42/mnist28_seed42_tvae_xonly_gaussian_100k.predictor.pkl,mnist_unused_class_output,0,0,128,True,False,False,False,True,True,True,True,d3728b2863ef6a349cadd50b41e2c00eb6bc32ef5dbbdb62355e0b119801beb8
corrected_v2_seed42_mnist28_news,mnist28,42,mix,tvae_pca_gmm,/home/thuy/Research/minh_data_synth/TabularDA/output/corrected_v2_seed42_mnist28_news/mnist28/acc/mnist28_seed42_tvae_xonly_pca_gmm_mix.run.json,/home/thuy/Research/minh_data_synth/TabularDA/sdv trained model/corrected_v2_seed42_mnist28_news/mnist28/seed_42/mnist28_seed42_tvae_xonly.pkl,/home/thuy/Research/minh_data_synth/TabularDA/data/corrected_v2_seed42_mnist28_news/mnist28/seed_42/mnist28_seed42_tvae_xonly_pca_gmm_100k.predictor.pkl,mnist_unused_class_output,0,0,128,True,False,False,False,True,True,True,True,8a0e92de8bd2d7a7fb2688ec41d1340032b42f3d4fa19cddb2609e3b81bbff75
corrected_v2_seed42_mnist28_news,mnist28,42,synthetic,tvae_pca_gmm,/home/thuy/Research/minh_data_synth/TabularDA/output/corrected_v2_seed42_mnist28_news/mnist28/acc/mnist28_seed42_tvae_xonly_pca_gmm_synthetic.run.json,/home/thuy/Research/minh_data_synth/TabularDA/sdv trained model/corrected_v2_seed42_mnist28_news/mnist28/seed_42/mnist28_seed42_tvae_xonly.pkl,/home/thuy/Research/minh_data_synth/TabularDA/data/corrected_v2_seed42_mnist28_news/mnist28/seed_42/mnist28_seed42_tvae_xonly_pca_gmm_100k.predictor.pkl,mnist_unused_class_output,0,0,128,True,False,False,False,True,True,True,True,73396ee6b2f8ddd69198646c9c672faa67643c501610664ecf80688ae90e99fa
corrected_v2_seed42_mnist28_news,mnist28,42,mix,tvae_rf,/home/thuy/Research/minh_data_synth/TabularDA/output/corrected_v2_seed42_mnist28_news/mnist28/acc/mnist28_seed42_tvae_xonly_rf_mix.run.json,/home/thuy/Research/minh_data_synth/TabularDA/sdv trained model/corrected_v2_seed42_mnist28_news/mnist28/seed_42/mnist28_seed42_tvae_xonly.pkl,/home/thuy/Research/minh_data_synth/TabularDA/data/corrected_v2_seed42_mnist28_news/mnist28/seed_42/mnist28_seed42_tvae_xonly_rf_100k.predictor.pkl,mnist_unused_class_output,0,0,128,True,False,False,False,True,True,True,True,3c7dfe07a7baccf5670168b51b854bee707564593e7d0e462205cc4b63d2de4d
corrected_v2_seed42_mnist28_news,mnist28,42,synthetic,tvae_rf,/home/thuy/Research/minh_data_synth/TabularDA/output/corrected_v2_seed42_mnist28_news/mnist28/acc/mnist28_seed42_tvae_xonly_rf_synthetic.run.json,/home/thuy/Research/minh_data_synth/TabularDA/sdv trained model/corrected_v2_seed42_mnist28_news/mnist28/seed_42/mnist28_seed42_tvae_xonly.pkl,/home/thuy/Research/minh_data_synth/TabularDA/data/corrected_v2_seed42_mnist28_news/mnist28/seed_42/mnist28_seed42_tvae_xonly_rf_100k.predictor.pkl,mnist_unused_class_output,0,0,128,True,False,False,False,True,True,True,True,bf2beb2d8679f93169bf2bf66837012fe7330a1b16fba16abe14a0cb54748691
corrected_v2_seed42_mnist28_news,mnist28,42,mix,tvae_xgb,/home/thuy/Research/minh_data_synth/TabularDA/output/corrected_v2_seed42_mnist28_news/mnist28/acc/mnist28_seed42_tvae_xonly_xgb_mix.run.json,/home/thuy/Research/minh_data_synth/TabularDA/sdv trained model/corrected_v2_seed42_mnist28_news/mnist28/seed_42/mnist28_seed42_tvae_xonly.pkl,/home/thuy/Research/minh_data_synth/TabularDA/data/corrected_v2_seed42_mnist28_news/mnist28/seed_42/mnist28_seed42_tvae_xonly_xgb_100k.predictor.pkl,mnist_unused_class_output,0,0,128,True,False,False,False,True,True,True,True,28088796fad9d4e22255d0cbc1921d5008369eb613ebb67083a3e5acbef5b6f9
corrected_v2_seed42_mnist28_news,mnist28,42,synthetic,tvae_xgb,/home/thuy/Research/minh_data_synth/TabularDA/output/corrected_v2_seed42_mnist28_news/mnist28/acc/mnist28_seed42_tvae_xonly_xgb_synthetic.run.json,/home/thuy/Research/minh_data_synth/TabularDA/sdv trained model/corrected_v2_seed42_mnist28_news/mnist28/seed_42/mnist28_seed42_tvae_xonly.pkl,/home/thuy/Research/minh_data_synth/TabularDA/data/corrected_v2_seed42_mnist28_news/mnist28/seed_42/mnist28_seed42_tvae_xonly_xgb_100k.predictor.pkl,mnist_unused_class_output,0,0,128,True,False,False,False,True,True,True,True,2f4b8d8f90ea18389d72b6146c12e25f52f87f0afd7e4b07017f6fb9cb5989cb
corrected_v2_seed42_mnist28_news,news,42,mix,compare_dnn,/home/thuy/Research/minh_data_synth/TabularDA/output/corrected_v2_seed42_mnist28_news/news/acc/news_seed42_ctgan_full_dnn_mix.run.json,/home/thuy/Research/minh_data_synth/TabularDA/sdv trained model/corrected_v2_seed42_mnist28_news/news/seed_42/news_seed42_ctgan_full.pkl,/home/thuy/Research/minh_data_synth/TabularDA/data/corrected_v2_seed42_mnist28_news/news/seed_42/news_seed42_ctgan_full_dnn_100k.predictor.pt,,0,0,,,False,False,True,True,True,True,True,c73cd187255b87d54d65144c7bb53fa4ebe6c357657f21e43971f1b5554bd26c
corrected_v2_seed42_mnist28_news,news,42,synthetic,compare_dnn,/home/thuy/Research/minh_data_synth/TabularDA/output/corrected_v2_seed42_mnist28_news/news/acc/news_seed42_ctgan_full_dnn_synthetic.run.json,/home/thuy/Research/minh_data_synth/TabularDA/sdv trained model/corrected_v2_seed42_mnist28_news/news/seed_42/news_seed42_ctgan_full.pkl,/home/thuy/Research/minh_data_synth/TabularDA/data/corrected_v2_seed42_mnist28_news/news/seed_42/news_seed42_ctgan_full_dnn_100k.predictor.pt,,0,0,,,False,False,True,True,True,True,True,14fae937179aa58465e6e8b82d0fc77de0a63b7fc2afb92763eb0ca269fd6135
corrected_v2_seed42_mnist28_news,news,42,mix,ctgan,/home/thuy/Research/minh_data_synth/TabularDA/output/corrected_v2_seed42_mnist28_news/news/acc/news_seed42_ctgan_full_generated_mix.run.json,/home/thuy/Research/minh_data_synth/TabularDA/sdv trained model/corrected_v2_seed42_mnist28_news/news/seed_42/news_seed42_ctgan_full.pkl,,,0,0,,,False,False,True,True,True,True,,fc5ae3bf1d05174de38f4e3192c2ac60eb5b75cec28b5122f68a76586dfca214
corrected_v2_seed42_mnist28_news,news,42,synthetic,ctgan,/home/thuy/Research/minh_data_synth/TabularDA/output/corrected_v2_seed42_mnist28_news/news/acc/news_seed42_ctgan_full_generated_synthetic.run.json,/home/thuy/Research/minh_data_synth/TabularDA/sdv trained model/corrected_v2_seed42_mnist28_news/news/seed_42/news_seed42_ctgan_full.pkl,,,0,0,,,False,False,True,True,True,True,,4c4d6209950e1ac140049bed553ce06e12aad3968689fa16a2e6a8009c2a5b0c
corrected_v2_seed42_mnist28_news,news,42,mix,compare_pca_gmm,/home/thuy/Research/minh_data_synth/TabularDA/output/corrected_v2_seed42_mnist28_news/news/acc/news_seed42_ctgan_full_pca_gmm_mix.run.json,/home/thuy/Research/minh_data_synth/TabularDA/sdv trained model/corrected_v2_seed42_mnist28_news/news/seed_42/news_seed42_ctgan_full.pkl,/home/thuy/Research/minh_data_synth/TabularDA/data/corrected_v2_seed42_mnist28_news/news/seed_42/news_seed42_ctgan_full_pca_gmm_100k.predictor.pkl,,0,0,,,False,False,True,True,True,True,True,9c6e324f7f08484d86315282ae73994a5504af32a9b67ef64e9b018c26945cca
corrected_v2_seed42_mnist28_news,news,42,synthetic,compare_pca_gmm,/home/thuy/Research/minh_data_synth/TabularDA/output/corrected_v2_seed42_mnist28_news/news/acc/news_seed42_ctgan_full_pca_gmm_synthetic.run.json,/home/thuy/Research/minh_data_synth/TabularDA/sdv trained model/corrected_v2_seed42_mnist28_news/news/seed_42/news_seed42_ctgan_full.pkl,/home/thuy/Research/minh_data_synth/TabularDA/data/corrected_v2_seed42_mnist28_news/news/seed_42/news_seed42_ctgan_full_pca_gmm_100k.predictor.pkl,,0,0,,,False,False,True,True,True,True,True,4427290042510475c04defef44721996b6da17b6ebceea25f3d74ca8d3f12599
corrected_v2_seed42_mnist28_news,news,42,mix,compare_rf,/home/thuy/Research/minh_data_synth/TabularDA/output/corrected_v2_seed42_mnist28_news/news/acc/news_seed42_ctgan_full_rf_mix.run.json,/home/thuy/Research/minh_data_synth/TabularDA/sdv trained model/corrected_v2_seed42_mnist28_news/news/seed_42/news_seed42_ctgan_full.pkl,/home/thuy/Research/minh_data_synth/TabularDA/data/corrected_v2_seed42_mnist28_news/news/seed_42/news_seed42_ctgan_full_rf_100k.predictor.pkl,,0,0,,,False,False,True,True,True,True,True,3f4b839e291e7021b69b33b06ca697d440c72e12b4cbb837dcf4d5dcae3f8c1a
corrected_v2_seed42_mnist28_news,news,42,synthetic,compare_rf,/home/thuy/Research/minh_data_synth/TabularDA/output/corrected_v2_seed42_mnist28_news/news/acc/news_seed42_ctgan_full_rf_synthetic.run.json,/home/thuy/Research/minh_data_synth/TabularDA/sdv trained model/corrected_v2_seed42_mnist28_news/news/seed_42/news_seed42_ctgan_full.pkl,/home/thuy/Research/minh_data_synth/TabularDA/data/corrected_v2_seed42_mnist28_news/news/seed_42/news_seed42_ctgan_full_rf_100k.predictor.pkl,,0,0,,,False,False,True,True,True,True,True,03decebb834ba731d912455f01becf7676c04173b0b1879b98c0ca48a19f9b49
corrected_v2_seed42_mnist28_news,news,42,mix,compare_xgb,/home/thuy/Research/minh_data_synth/TabularDA/output/corrected_v2_seed42_mnist28_news/news/acc/news_seed42_ctgan_full_xgb_mix.run.json,/home/thuy/Research/minh_data_synth/TabularDA/sdv trained model/corrected_v2_seed42_mnist28_news/news/seed_42/news_seed42_ctgan_full.pkl,/home/thuy/Research/minh_data_synth/TabularDA/data/corrected_v2_seed42_mnist28_news/news/seed_42/news_seed42_ctgan_full_xgb_100k.predictor.pkl,,0,0,,,False,False,True,True,True,True,True,c595fa65334d73433fcfe2a59f8a54f235a4df768d2986f13abbf65452c31fc5
corrected_v2_seed42_mnist28_news,news,42,synthetic,compare_xgb,/home/thuy/Research/minh_data_synth/TabularDA/output/corrected_v2_seed42_mnist28_news/news/acc/news_seed42_ctgan_full_xgb_synthetic.run.json,/home/thuy/Research/minh_data_synth/TabularDA/sdv trained model/corrected_v2_seed42_mnist28_news/news/seed_42/news_seed42_ctgan_full.pkl,/home/thuy/Research/minh_data_synth/TabularDA/data/corrected_v2_seed42_mnist28_news/news/seed_42/news_seed42_ctgan_full_xgb_100k.predictor.pkl,,0,0,,,False,False,True,True,True,True,True,4f183925b89d3e5f9d389411038c15b753a3d7df99e93d29592f7b71af9fdecb
corrected_v2_seed42_mnist28_news,news,42,mix,dnn,/home/thuy/Research/minh_data_synth/TabularDA/output/corrected_v2_seed42_mnist28_news/news/acc/news_seed42_ctgan_xonly_dnn_mix.run.json,/home/thuy/Research/minh_data_synth/TabularDA/sdv trained model/corrected_v2_seed42_mnist28_news/news/seed_42/news_seed42_ctgan_xonly.pkl,/home/thuy/Research/minh_data_synth/TabularDA/data/corrected_v2_seed42_mnist28_news/news/seed_42/news_seed42_ctgan_xonly_dnn_100k.predictor.pt,,0,0,,,False,False,True,True,True,True,True,2b92eddce89e986cfc8ef1e3530962a674498e33cd01c77259a7484ff5d73c87
corrected_v2_seed42_mnist28_news,news,42,synthetic,dnn,/home/thuy/Research/minh_data_synth/TabularDA/output/corrected_v2_seed42_mnist28_news/news/acc/news_seed42_ctgan_xonly_dnn_synthetic.run.json,/home/thuy/Research/minh_data_synth/TabularDA/sdv trained model/corrected_v2_seed42_mnist28_news/news/seed_42/news_seed42_ctgan_xonly.pkl,/home/thuy/Research/minh_data_synth/TabularDA/data/corrected_v2_seed42_mnist28_news/news/seed_42/news_seed42_ctgan_xonly_dnn_100k.predictor.pt,,0,0,,,False,False,True,True,True,True,True,2915d7cf286b29a4cb9e412dcce0eb651b00674b3da0aaa0dc859ac1235c7937
corrected_v2_seed42_mnist28_news,news,42,mix,pca_gmm,/home/thuy/Research/minh_data_synth/TabularDA/output/corrected_v2_seed42_mnist28_news/news/acc/news_seed42_ctgan_xonly_pca_gmm_mix.run.json,/home/thuy/Research/minh_data_synth/TabularDA/sdv trained model/corrected_v2_seed42_mnist28_news/news/seed_42/news_seed42_ctgan_xonly.pkl,/home/thuy/Research/minh_data_synth/TabularDA/data/corrected_v2_seed42_mnist28_news/news/seed_42/news_seed42_ctgan_xonly_pca_gmm_100k.predictor.pkl,,0,0,,,False,False,True,True,True,True,True,c49510cf336b063b5838b1fd196d36e14b452ba452b6d23f12a8a71902c6c1b3
corrected_v2_seed42_mnist28_news,news,42,synthetic,pca_gmm,/home/thuy/Research/minh_data_synth/TabularDA/output/corrected_v2_seed42_mnist28_news/news/acc/news_seed42_ctgan_xonly_pca_gmm_synthetic.run.json,/home/thuy/Research/minh_data_synth/TabularDA/sdv trained model/corrected_v2_seed42_mnist28_news/news/seed_42/news_seed42_ctgan_xonly.pkl,/home/thuy/Research/minh_data_synth/TabularDA/data/corrected_v2_seed42_mnist28_news/news/seed_42/news_seed42_ctgan_xonly_pca_gmm_100k.predictor.pkl,,0,0,,,False,False,True,True,True,True,True,b8172e87f0815a5838fdd7e8df2bca07e32ee56307acc93026346514445d5e77
corrected_v2_seed42_mnist28_news,news,42,mix,rf,/home/thuy/Research/minh_data_synth/TabularDA/output/corrected_v2_seed42_mnist28_news/news/acc/news_seed42_ctgan_xonly_rf_mix.run.json,/home/thuy/Research/minh_data_synth/TabularDA/sdv trained model/corrected_v2_seed42_mnist28_news/news/seed_42/news_seed42_ctgan_xonly.pkl,/home/thuy/Research/minh_data_synth/TabularDA/data/corrected_v2_seed42_mnist28_news/news/seed_42/news_seed42_ctgan_xonly_rf_100k.predictor.pkl,,0,0,,,False,False,True,True,True,True,True,cb5c28540a6b155f479ea96ca6758ed0795b82a483ef1c551705749193830cb2
corrected_v2_seed42_mnist28_news,news,42,synthetic,rf,/home/thuy/Research/minh_data_synth/TabularDA/output/corrected_v2_seed42_mnist28_news/news/acc/news_seed42_ctgan_xonly_rf_synthetic.run.json,/home/thuy/Research/minh_data_synth/TabularDA/sdv trained model/corrected_v2_seed42_mnist28_news/news/seed_42/news_seed42_ctgan_xonly.pkl,/home/thuy/Research/minh_data_synth/TabularDA/data/corrected_v2_seed42_mnist28_news/news/seed_42/news_seed42_ctgan_xonly_rf_100k.predictor.pkl,,0,0,,,False,False,True,True,True,True,True,b33ae15af6c01299dc4680985771537828555a83d31d8deb5286f188b20704b6
corrected_v2_seed42_mnist28_news,news,42,mix,xgb,/home/thuy/Research/minh_data_synth/TabularDA/output/corrected_v2_seed42_mnist28_news/news/acc/news_seed42_ctgan_xonly_xgb_mix.run.json,/home/thuy/Research/minh_data_synth/TabularDA/sdv trained model/corrected_v2_seed42_mnist28_news/news/seed_42/news_seed42_ctgan_xonly.pkl,/home/thuy/Research/minh_data_synth/TabularDA/data/corrected_v2_seed42_mnist28_news/news/seed_42/news_seed42_ctgan_xonly_xgb_100k.predictor.pkl,,0,0,,,False,False,True,True,True,True,True,5e17afc26b22a838ff5a4ce3175b17732c3216a304981a95ad31071c9b3c9c21
corrected_v2_seed42_mnist28_news,news,42,synthetic,xgb,/home/thuy/Research/minh_data_synth/TabularDA/output/corrected_v2_seed42_mnist28_news/news/acc/news_seed42_ctgan_xonly_xgb_synthetic.run.json,/home/thuy/Research/minh_data_synth/TabularDA/sdv trained model/corrected_v2_seed42_mnist28_news/news/seed_42/news_seed42_ctgan_xonly.pkl,/home/thuy/Research/minh_data_synth/TabularDA/data/corrected_v2_seed42_mnist28_news/news/seed_42/news_seed42_ctgan_xonly_xgb_100k.predictor.pkl,,0,0,,,False,False,True,True,True,True,True,6a11bcc7ff1354fe86b04960f34315431b633a214d6c472456c9cfcc3b45e4d3
corrected_v2_seed42_mnist28_news,news,42,original,,/home/thuy/Research/minh_data_synth/TabularDA/output/corrected_v2_seed42_mnist28_news/news/acc/news_seed42_real_original.run.json,,,,0,0,,,False,False,False,True,True,True,,7e1a871bc5799dca54750c964b4ac2e1d450e899d0ef7055d9f7e08808e97ca3
corrected_v2_seed42_mnist28_news,news,42,mix,tvae_compare_dnn,/home/thuy/Research/minh_data_synth/TabularDA/output/corrected_v2_seed42_mnist28_news/news/acc/news_seed42_tvae_full_dnn_mix.run.json,/home/thuy/Research/minh_data_synth/TabularDA/sdv trained model/corrected_v2_seed42_mnist28_news/news/seed_42/news_seed42_tvae_full.pkl,/home/thuy/Research/minh_data_synth/TabularDA/data/corrected_v2_seed42_mnist28_news/news/seed_42/news_seed42_tvae_full_dnn_100k.predictor.pt,,0,0,,,False,False,False,True,True,True,True,a4ac3ad6211d0b3f864365435efc85e1145b21f708d104849e0d94ebb11be73b
corrected_v2_seed42_mnist28_news,news,42,synthetic,tvae_compare_dnn,/home/thuy/Research/minh_data_synth/TabularDA/output/corrected_v2_seed42_mnist28_news/news/acc/news_seed42_tvae_full_dnn_synthetic.run.json,/home/thuy/Research/minh_data_synth/TabularDA/sdv trained model/corrected_v2_seed42_mnist28_news/news/seed_42/news_seed42_tvae_full.pkl,/home/thuy/Research/minh_data_synth/TabularDA/data/corrected_v2_seed42_mnist28_news/news/seed_42/news_seed42_tvae_full_dnn_100k.predictor.pt,,0,0,,,False,False,False,True,True,True,True,2135bf32a860c1cf8e1694c6ee25fe301ad06334ea18aba7d2f239bcf4855cf0
corrected_v2_seed42_mnist28_news,news,42,mix,tvae,/home/thuy/Research/minh_data_synth/TabularDA/output/corrected_v2_seed42_mnist28_news/news/acc/news_seed42_tvae_full_generated_mix.run.json,/home/thuy/Research/minh_data_synth/TabularDA/sdv trained model/corrected_v2_seed42_mnist28_news/news/seed_42/news_seed42_tvae_full.pkl,,,0,0,,,False,False,False,True,True,True,,436f29948f245a8fdfe51d7ad33081b8b9eb579bcc99df3fe55c03fb8ee01ee8
corrected_v2_seed42_mnist28_news,news,42,synthetic,tvae,/home/thuy/Research/minh_data_synth/TabularDA/output/corrected_v2_seed42_mnist28_news/news/acc/news_seed42_tvae_full_generated_synthetic.run.json,/home/thuy/Research/minh_data_synth/TabularDA/sdv trained model/corrected_v2_seed42_mnist28_news/news/seed_42/news_seed42_tvae_full.pkl,,,0,0,,,False,False,False,True,True,True,,121d80fbdcfdf108dad8295d36c9bd03ac8c1aabf53f698af38c88666ab22a0e
corrected_v2_seed42_mnist28_news,news,42,mix,tvae_compare_pca_gmm,/home/thuy/Research/minh_data_synth/TabularDA/output/corrected_v2_seed42_mnist28_news/news/acc/news_seed42_tvae_full_pca_gmm_mix.run.json,/home/thuy/Research/minh_data_synth/TabularDA/sdv trained model/corrected_v2_seed42_mnist28_news/news/seed_42/news_seed42_tvae_full.pkl,/home/thuy/Research/minh_data_synth/TabularDA/data/corrected_v2_seed42_mnist28_news/news/seed_42/news_seed42_tvae_full_pca_gmm_100k.predictor.pkl,,0,0,,,False,False,False,True,True,True,True,beba73f8cb5ed2c4e397ab0867cde98da4665083b638c633109cc6e87fd12d6f
corrected_v2_seed42_mnist28_news,news,42,synthetic,tvae_compare_pca_gmm,/home/thuy/Research/minh_data_synth/TabularDA/output/corrected_v2_seed42_mnist28_news/news/acc/news_seed42_tvae_full_pca_gmm_synthetic.run.json,/home/thuy/Research/minh_data_synth/TabularDA/sdv trained model/corrected_v2_seed42_mnist28_news/news/seed_42/news_seed42_tvae_full.pkl,/home/thuy/Research/minh_data_synth/TabularDA/data/corrected_v2_seed42_mnist28_news/news/seed_42/news_seed42_tvae_full_pca_gmm_100k.predictor.pkl,,0,0,,,False,False,False,True,True,True,True,2805c395857795d4bc00118889378fc94f76c92c3884b49371678b53c2c202a7
corrected_v2_seed42_mnist28_news,news,42,mix,tvae_compare_rf,/home/thuy/Research/minh_data_synth/TabularDA/output/corrected_v2_seed42_mnist28_news/news/acc/news_seed42_tvae_full_rf_mix.run.json,/home/thuy/Research/minh_data_synth/TabularDA/sdv trained model/corrected_v2_seed42_mnist28_news/news/seed_42/news_seed42_tvae_full.pkl,/home/thuy/Research/minh_data_synth/TabularDA/data/corrected_v2_seed42_mnist28_news/news/seed_42/news_seed42_tvae_full_rf_100k.predictor.pkl,,0,0,,,False,False,False,True,True,True,True,bf51d20aba2331342c7d91b264b3b3e8a8c85e0ec3d14074b4ce452cfcb52214
corrected_v2_seed42_mnist28_news,news,42,synthetic,tvae_compare_rf,/home/thuy/Research/minh_data_synth/TabularDA/output/corrected_v2_seed42_mnist28_news/news/acc/news_seed42_tvae_full_rf_synthetic.run.json,/home/thuy/Research/minh_data_synth/TabularDA/sdv trained model/corrected_v2_seed42_mnist28_news/news/seed_42/news_seed42_tvae_full.pkl,/home/thuy/Research/minh_data_synth/TabularDA/data/corrected_v2_seed42_mnist28_news/news/seed_42/news_seed42_tvae_full_rf_100k.predictor.pkl,,0,0,,,False,False,False,True,True,True,True,66b8fceb2098e36d190b642d12ca8a03acc31de1b43ce3673f1f4ec892bf6206
corrected_v2_seed42_mnist28_news,news,42,mix,tvae_compare_xgb,/home/thuy/Research/minh_data_synth/TabularDA/output/corrected_v2_seed42_mnist28_news/news/acc/news_seed42_tvae_full_xgb_mix.run.json,/home/thuy/Research/minh_data_synth/TabularDA/sdv trained model/corrected_v2_seed42_mnist28_news/news/seed_42/news_seed42_tvae_full.pkl,/home/thuy/Research/minh_data_synth/TabularDA/data/corrected_v2_seed42_mnist28_news/news/seed_42/news_seed42_tvae_full_xgb_100k.predictor.pkl,,0,0,,,False,False,False,True,True,True,True,2b525f9fa95e39e9b845fd4fcb11deacc97b107f4108a7e735ee915f5cca347e
corrected_v2_seed42_mnist28_news,news,42,synthetic,tvae_compare_xgb,/home/thuy/Research/minh_data_synth/TabularDA/output/corrected_v2_seed42_mnist28_news/news/acc/news_seed42_tvae_full_xgb_synthetic.run.json,/home/thuy/Research/minh_data_synth/TabularDA/sdv trained model/corrected_v2_seed42_mnist28_news/news/seed_42/news_seed42_tvae_full.pkl,/home/thuy/Research/minh_data_synth/TabularDA/data/corrected_v2_seed42_mnist28_news/news/seed_42/news_seed42_tvae_full_xgb_100k.predictor.pkl,,0,0,,,False,False,False,True,True,True,True,1af6ad762c6081543829be59de348ab6db773c05e43c97d58398e022d36faaac
corrected_v2_seed42_mnist28_news,news,42,mix,tvae_dnn,/home/thuy/Research/minh_data_synth/TabularDA/output/corrected_v2_seed42_mnist28_news/news/acc/news_seed42_tvae_xonly_dnn_mix.run.json,/home/thuy/Research/minh_data_synth/TabularDA/sdv trained model/corrected_v2_seed42_mnist28_news/news/seed_42/news_seed42_tvae_xonly.pkl,/home/thuy/Research/minh_data_synth/TabularDA/data/corrected_v2_seed42_mnist28_news/news/seed_42/news_seed42_tvae_xonly_dnn_100k.predictor.pt,,0,0,,,False,False,False,True,True,True,True,885017b497e13ea92fca7c3f2094b4f7948ad939785a5c8e3fbbb5c000ba0e9d
corrected_v2_seed42_mnist28_news,news,42,synthetic,tvae_dnn,/home/thuy/Research/minh_data_synth/TabularDA/output/corrected_v2_seed42_mnist28_news/news/acc/news_seed42_tvae_xonly_dnn_synthetic.run.json,/home/thuy/Research/minh_data_synth/TabularDA/sdv trained model/corrected_v2_seed42_mnist28_news/news/seed_42/news_seed42_tvae_xonly.pkl,/home/thuy/Research/minh_data_synth/TabularDA/data/corrected_v2_seed42_mnist28_news/news/seed_42/news_seed42_tvae_xonly_dnn_100k.predictor.pt,,0,0,,,False,False,False,True,True,True,True,d1e353727ece6ac17f69755001e4207efa74e4448136c05a104bd7a0bc9de3f7
corrected_v2_seed42_mnist28_news,news,42,mix,tvae_pca_gmm,/home/thuy/Research/minh_data_synth/TabularDA/output/corrected_v2_seed42_mnist28_news/news/acc/news_seed42_tvae_xonly_pca_gmm_mix.run.json,/home/thuy/Research/minh_data_synth/TabularDA/sdv trained model/corrected_v2_seed42_mnist28_news/news/seed_42/news_seed42_tvae_xonly.pkl,/home/thuy/Research/minh_data_synth/TabularDA/data/corrected_v2_seed42_mnist28_news/news/seed_42/news_seed42_tvae_xonly_pca_gmm_100k.predictor.pkl,,0,0,,,False,False,False,True,True,True,True,badc4486361f5dee46cb52609312ace44ffde94ec78275ca979491263142745c
corrected_v2_seed42_mnist28_news,news,42,synthetic,tvae_pca_gmm,/home/thuy/Research/minh_data_synth/TabularDA/output/corrected_v2_seed42_mnist28_news/news/acc/news_seed42_tvae_xonly_pca_gmm_synthetic.run.json,/home/thuy/Research/minh_data_synth/TabularDA/sdv trained model/corrected_v2_seed42_mnist28_news/news/seed_42/news_seed42_tvae_xonly.pkl,/home/thuy/Research/minh_data_synth/TabularDA/data/corrected_v2_seed42_mnist28_news/news/seed_42/news_seed42_tvae_xonly_pca_gmm_100k.predictor.pkl,,0,0,,,False,False,False,True,True,True,True,b6ae4af1ea194036f0ce255e7c619b6e003b36ed9a908bab58fa24eaea64815d
corrected_v2_seed42_mnist28_news,news,42,mix,tvae_rf,/home/thuy/Research/minh_data_synth/TabularDA/output/corrected_v2_seed42_mnist28_news/news/acc/news_seed42_tvae_xonly_rf_mix.run.json,/home/thuy/Research/minh_data_synth/TabularDA/sdv trained model/corrected_v2_seed42_mnist28_news/news/seed_42/news_seed42_tvae_xonly.pkl,/home/thuy/Research/minh_data_synth/TabularDA/data/corrected_v2_seed42_mnist28_news/news/seed_42/news_seed42_tvae_xonly_rf_100k.predictor.pkl,,0,0,,,False,False,False,True,True,True,True,6b4ed81d5488072c08e8bc5d6caed536294c762afcc6426a2528f3cafe5d5e96
corrected_v2_seed42_mnist28_news,news,42,synthetic,tvae_rf,/home/thuy/Research/minh_data_synth/TabularDA/output/corrected_v2_seed42_mnist28_news/news/acc/news_seed42_tvae_xonly_rf_synthetic.run.json,/home/thuy/Research/minh_data_synth/TabularDA/sdv trained model/corrected_v2_seed42_mnist28_news/news/seed_42/news_seed42_tvae_xonly.pkl,/home/thuy/Research/minh_data_synth/TabularDA/data/corrected_v2_seed42_mnist28_news/news/seed_42/news_seed42_tvae_xonly_rf_100k.predictor.pkl,,0,0,,,False,False,False,True,True,True,True,8be5a2fc24ff1364b50e12bd75138ca61c5f194a4a9d2893187e69479706399d
corrected_v2_seed42_mnist28_news,news,42,mix,tvae_xgb,/home/thuy/Research/minh_data_synth/TabularDA/output/corrected_v2_seed42_mnist28_news/news/acc/news_seed42_tvae_xonly_xgb_mix.run.json,/home/thuy/Research/minh_data_synth/TabularDA/sdv trained model/corrected_v2_seed42_mnist28_news/news/seed_42/news_seed42_tvae_xonly.pkl,/home/thuy/Research/minh_data_synth/TabularDA/data/corrected_v2_seed42_mnist28_news/news/seed_42/news_seed42_tvae_xonly_xgb_100k.predictor.pkl,,0,0,,,False,False,False,True,True,True,True,92ec19a7d40ac04a5460d2feed2e667ec87e30a87ca1f81c0ffba4acd10f5a81
corrected_v2_seed42_mnist28_news,news,42,synthetic,tvae_xgb,/home/thuy/Research/minh_data_synth/TabularDA/output/corrected_v2_seed42_mnist28_news/news/acc/news_seed42_tvae_xonly_xgb_synthetic.run.json,/home/thuy/Research/minh_data_synth/TabularDA/sdv trained model/corrected_v2_seed42_mnist28_news/news/seed_42/news_seed42_tvae_xonly.pkl,/home/thuy/Research/minh_data_synth/TabularDA/data/corrected_v2_seed42_mnist28_news/news/seed_42/news_seed42_tvae_xonly_xgb_100k.predictor.pkl,,0,0,,,False,False,False,True,True,True,True,345776603ac213859439b86245f63821a5ede10f9f553cd5d4d554f46a17624a
credit_weighted_macro_f1_pilot_20261006,credit,42,synthetic,compare_dnn,/home/thuy/Research/minh_data_synth/TabularDA/output/credit_weighted_macro_f1_pilot_20261006/credit/acc/credit_seed42_ctgan_full_dnn_synthetic.run.json,/home/thuy/Research/minh_data_synth/TabularDA/sdv trained model/corrected_v2/credit/seed_42/credit_seed42_ctgan_full.pkl,/home/thuy/Research/minh_data_synth/TabularDA/data/corrected_v2/credit/seed_42/credit_seed42_ctgan_full_dnn_100k.predictor.pt,,0,0,,,False,False,True,True,True,True,True,a22f0bb012cb79d46ad40d8de7c73d4b52f2bca7b3b55ba7a3d46e2f8f51c196
credit_weighted_macro_f1_pilot_20261006,credit,42,synthetic,dnn,/home/thuy/Research/minh_data_synth/TabularDA/output/credit_weighted_macro_f1_pilot_20261006/credit/acc/credit_seed42_ctgan_xonly_dnn_synthetic.run.json,/home/thuy/Research/minh_data_synth/TabularDA/sdv trained model/corrected_v2/credit/seed_42/credit_seed42_ctgan_xonly.pkl,/home/thuy/Research/minh_data_synth/TabularDA/data/corrected_v2/credit/seed_42/credit_seed42_ctgan_xonly_dnn_100k.predictor.pt,,0,0,,,False,False,True,True,True,True,True,98b3c30be11dc81fb73acafe38ec65b5ebefe9ff39d279c8ef75dadf3b1db11f
credit_weighted_macro_f1_pilot_20261006,credit,42,original,,/home/thuy/Research/minh_data_synth/TabularDA/output/credit_weighted_macro_f1_pilot_20261006/credit/acc/credit_seed42_real_original.run.json,,,,0,0,,,False,False,False,True,True,True,,fbf22a7c7eba6850faa1547e85caa6a56b2cc55a8bb2636d8e6e201131b2d334
news_log_pilot_20261008_0048,news,43,synthetic,ctgan,/home/thuy/Research/minh_data_synth/TabularDA/output/news_log_pilot_20261008_0048/log/news/acc/news_seed43_ctgan_full_generated_synthetic.run.json,/home/thuy/Research/minh_data_synth/TabularDA/sdv trained model/corrected_v2/news/seed_43/news_seed43_ctgan_full.pkl,,,0,0,,,False,False,True,True,True,True,,5f8b494ce3a0510c5a03dc5d616fac0fd11280de3772336c3e359d9e915aa7d4
news_log_pilot_20261008_0048,news,43,original,,/home/thuy/Research/minh_data_synth/TabularDA/output/news_log_pilot_20261008_0048/log/news/acc/news_seed43_real_original.run.json,,,,0,0,,,False,False,False,True,True,True,,1bd91e47099819a80d6d6c95e52b7e6fe52ab44a59a914a22a702aa5d22324fb
news_log_pilot_20261008_0048,news,43,synthetic,tvae,/home/thuy/Research/minh_data_synth/TabularDA/output/news_log_pilot_20261008_0048/log/news/acc/news_seed43_tvae_full_generated_synthetic.run.json,/home/thuy/Research/minh_data_synth/TabularDA/sdv trained model/corrected_v2/news/seed_43/news_seed43_tvae_full.pkl,,,0,0,,,False,False,False,True,True,True,,22543c76566b3cfd6432fb5a7679079c405f3a70f77e60ab3cc9b8409ee54d11
news_log_v1,news,42,mix,compare_dnn,/home/thuy/Research/minh_data_synth/TabularDA/output/news_log_v1/news/acc/news_seed42_ctgan_full_dnn_mix.run.json,/home/thuy/Research/minh_data_synth/TabularDA/.cache/news_log_runtime_20261008/sdv trained model/news_log_v1/news/seed_42/news_seed42_ctgan_full.pkl,/home/thuy/Research/minh_data_synth/TabularDA/.cache/news_log_runtime_20261008/data/news_log_v1/news/seed_42/news_seed42_ctgan_full_dnn_100k.predictor.pt,,0,0,,,False,False,True,True,True,True,True,de34de16d88cc0ea4fd97a7f33a0a8fecaa7b5819f19e3259c93ed527cd9f3ab
news_log_v1,news,42,synthetic,compare_dnn,/home/thuy/Research/minh_data_synth/TabularDA/output/news_log_v1/news/acc/news_seed42_ctgan_full_dnn_synthetic.run.json,/home/thuy/Research/minh_data_synth/TabularDA/.cache/news_log_runtime_20261008/sdv trained model/news_log_v1/news/seed_42/news_seed42_ctgan_full.pkl,/home/thuy/Research/minh_data_synth/TabularDA/.cache/news_log_runtime_20261008/data/news_log_v1/news/seed_42/news_seed42_ctgan_full_dnn_100k.predictor.pt,,0,0,,,False,False,True,True,True,True,True,2608d458e8dca0f73f0e36161505ae16c7a4fd93b0f70f2af887f1507c1be7dc
news_log_v1,news,42,mix,ctgan,/home/thuy/Research/minh_data_synth/TabularDA/output/news_log_v1/news/acc/news_seed42_ctgan_full_generated_mix.run.json,/home/thuy/Research/minh_data_synth/TabularDA/.cache/news_log_runtime_20261008/sdv trained model/news_log_v1/news/seed_42/news_seed42_ctgan_full.pkl,,,0,0,,,False,False,True,True,True,True,,f0be16f524145360de1dc8f212c3557e602f0f03db1b8417998cbbfce2b5dbb9
news_log_v1,news,42,synthetic,ctgan,/home/thuy/Research/minh_data_synth/TabularDA/output/news_log_v1/news/acc/news_seed42_ctgan_full_generated_synthetic.run.json,/home/thuy/Research/minh_data_synth/TabularDA/.cache/news_log_runtime_20261008/sdv trained model/news_log_v1/news/seed_42/news_seed42_ctgan_full.pkl,,,0,0,,,False,False,True,True,True,True,,3ae654bdc1844e545d2251343f952815d6ad4af8682cc4e598a34665d973e0ac
news_log_v1,news,42,mix,compare_pca_gmm,/home/thuy/Research/minh_data_synth/TabularDA/output/news_log_v1/news/acc/news_seed42_ctgan_full_pca_gmm_mix.run.json,/home/thuy/Research/minh_data_synth/TabularDA/.cache/news_log_runtime_20261008/sdv trained model/news_log_v1/news/seed_42/news_seed42_ctgan_full.pkl,/home/thuy/Research/minh_data_synth/TabularDA/.cache/news_log_runtime_20261008/data/news_log_v1/news/seed_42/news_seed42_ctgan_full_pca_gmm_100k.predictor.pkl,,0,0,,,False,False,True,True,True,True,True,72ede999b3415e85485e04d83e90e4a279e4b9f41163ceffbb59d7a94c5d42f9
news_log_v1,news,42,synthetic,compare_pca_gmm,/home/thuy/Research/minh_data_synth/TabularDA/output/news_log_v1/news/acc/news_seed42_ctgan_full_pca_gmm_synthetic.run.json,/home/thuy/Research/minh_data_synth/TabularDA/.cache/news_log_runtime_20261008/sdv trained model/news_log_v1/news/seed_42/news_seed42_ctgan_full.pkl,/home/thuy/Research/minh_data_synth/TabularDA/.cache/news_log_runtime_20261008/data/news_log_v1/news/seed_42/news_seed42_ctgan_full_pca_gmm_100k.predictor.pkl,,0,0,,,False,False,True,True,True,True,True,4d040d296c251ab7f863f9c27003ac0bd67c83c39b4eabf9710b06fa682eaf74
news_log_v1,news,42,mix,compare_rf,/home/thuy/Research/minh_data_synth/TabularDA/output/news_log_v1/news/acc/news_seed42_ctgan_full_rf_mix.run.json,/home/thuy/Research/minh_data_synth/TabularDA/.cache/news_log_runtime_20261008/sdv trained model/news_log_v1/news/seed_42/news_seed42_ctgan_full.pkl,/home/thuy/Research/minh_data_synth/TabularDA/.cache/news_log_runtime_20261008/data/news_log_v1/news/seed_42/news_seed42_ctgan_full_rf_100k.predictor.pkl,,0,0,,,False,False,True,True,True,True,True,a2ae56e605ddbcf15d18ee920e1939ecc24ad230ddd0706fc740c29fb3d6a427
news_log_v1,news,42,synthetic,compare_rf,/home/thuy/Research/minh_data_synth/TabularDA/output/news_log_v1/news/acc/news_seed42_ctgan_full_rf_synthetic.run.json,/home/thuy/Research/minh_data_synth/TabularDA/.cache/news_log_runtime_20261008/sdv trained model/news_log_v1/news/seed_42/news_seed42_ctgan_full.pkl,/home/thuy/Research/minh_data_synth/TabularDA/.cache/news_log_runtime_20261008/data/news_log_v1/news/seed_42/news_seed42_ctgan_full_rf_100k.predictor.pkl,,0,0,,,False,False,True,True,True,True,True,29f55f9740f70fcde7c0eef2ed71dd322f9536dd1dc78c9720aa04c5a012d8ca
news_log_v1,news,42,mix,compare_xgb,/home/thuy/Research/minh_data_synth/TabularDA/output/news_log_v1/news/acc/news_seed42_ctgan_full_xgb_mix.run.json,/home/thuy/Research/minh_data_synth/TabularDA/.cache/news_log_runtime_20261008/sdv trained model/news_log_v1/news/seed_42/news_seed42_ctgan_full.pkl,/home/thuy/Research/minh_data_synth/TabularDA/.cache/news_log_runtime_20261008/data/news_log_v1/news/seed_42/news_seed42_ctgan_full_xgb_100k.predictor.pkl,,0,0,,,False,False,True,True,True,True,True,12779f44d32dc5f981f3534e3e4c9ca5dc408d1ec7721122d476555d467cf910
news_log_v1,news,42,synthetic,compare_xgb,/home/thuy/Research/minh_data_synth/TabularDA/output/news_log_v1/news/acc/news_seed42_ctgan_full_xgb_synthetic.run.json,/home/thuy/Research/minh_data_synth/TabularDA/.cache/news_log_runtime_20261008/sdv trained model/news_log_v1/news/seed_42/news_seed42_ctgan_full.pkl,/home/thuy/Research/minh_data_synth/TabularDA/.cache/news_log_runtime_20261008/data/news_log_v1/news/seed_42/news_seed42_ctgan_full_xgb_100k.predictor.pkl,,0,0,,,False,False,True,True,True,True,True,31f202f98a81ac2854857e8baab410a441a9d46934921fc9b3c7eb5d600e38dc
news_log_v1,news,42,mix,dnn,/home/thuy/Research/minh_data_synth/TabularDA/output/news_log_v1/news/acc/news_seed42_ctgan_xonly_dnn_mix.run.json,/home/thuy/Research/minh_data_synth/TabularDA/.cache/news_log_runtime_20261008/sdv trained model/news_log_v1/news/seed_42/news_seed42_ctgan_xonly.pkl,/home/thuy/Research/minh_data_synth/TabularDA/.cache/news_log_runtime_20261008/data/news_log_v1/news/seed_42/news_seed42_ctgan_xonly_dnn_100k.predictor.pt,,0,0,,,False,False,True,True,True,True,True,b27a054c27fbf3477d90adda54909579bc1f18b0c91a8a2f882f81e42e0bf294
news_log_v1,news,42,synthetic,dnn,/home/thuy/Research/minh_data_synth/TabularDA/output/news_log_v1/news/acc/news_seed42_ctgan_xonly_dnn_synthetic.run.json,/home/thuy/Research/minh_data_synth/TabularDA/.cache/news_log_runtime_20261008/sdv trained model/news_log_v1/news/seed_42/news_seed42_ctgan_xonly.pkl,/home/thuy/Research/minh_data_synth/TabularDA/.cache/news_log_runtime_20261008/data/news_log_v1/news/seed_42/news_seed42_ctgan_xonly_dnn_100k.predictor.pt,,0,0,,,False,False,True,True,True,True,True,5b95f0ec682aff0cf5297ee83224cd7fb34ca831dcdd670892a7e290340ceee0
news_log_v1,news,42,mix,pca_gmm,/home/thuy/Research/minh_data_synth/TabularDA/output/news_log_v1/news/acc/news_seed42_ctgan_xonly_pca_gmm_mix.run.json,/home/thuy/Research/minh_data_synth/TabularDA/.cache/news_log_runtime_20261008/sdv trained model/news_log_v1/news/seed_42/news_seed42_ctgan_xonly.pkl,/home/thuy/Research/minh_data_synth/TabularDA/.cache/news_log_runtime_20261008/data/news_log_v1/news/seed_42/news_seed42_ctgan_xonly_pca_gmm_100k.predictor.pkl,,0,0,,,False,False,True,True,True,True,True,7b9bba3543e7519ebc6876edca5711f30d9af3e7ffde509c7fc1b349a279c204
news_log_v1,news,42,synthetic,pca_gmm,/home/thuy/Research/minh_data_synth/TabularDA/output/news_log_v1/news/acc/news_seed42_ctgan_xonly_pca_gmm_synthetic.run.json,/home/thuy/Research/minh_data_synth/TabularDA/.cache/news_log_runtime_20261008/sdv trained model/news_log_v1/news/seed_42/news_seed42_ctgan_xonly.pkl,/home/thuy/Research/minh_data_synth/TabularDA/.cache/news_log_runtime_20261008/data/news_log_v1/news/seed_42/news_seed42_ctgan_xonly_pca_gmm_100k.predictor.pkl,,0,0,,,False,False,True,True,True,True,True,c22df15539b28a7adb9a129e23cdda171968d810b732b0df950c63c9edd4177b
news_log_v1,news,42,mix,rf,/home/thuy/Research/minh_data_synth/TabularDA/output/news_log_v1/news/acc/news_seed42_ctgan_xonly_rf_mix.run.json,/home/thuy/Research/minh_data_synth/TabularDA/.cache/news_log_runtime_20261008/sdv trained model/news_log_v1/news/seed_42/news_seed42_ctgan_xonly.pkl,/home/thuy/Research/minh_data_synth/TabularDA/.cache/news_log_runtime_20261008/data/news_log_v1/news/seed_42/news_seed42_ctgan_xonly_rf_100k.predictor.pkl,,0,0,,,False,False,True,True,True,True,True,542a0dafed9e215bd975ba39a1c841e165aa2cc23d2f291db71f16f936ddae08
news_log_v1,news,42,synthetic,rf,/home/thuy/Research/minh_data_synth/TabularDA/output/news_log_v1/news/acc/news_seed42_ctgan_xonly_rf_synthetic.run.json,/home/thuy/Research/minh_data_synth/TabularDA/.cache/news_log_runtime_20261008/sdv trained model/news_log_v1/news/seed_42/news_seed42_ctgan_xonly.pkl,/home/thuy/Research/minh_data_synth/TabularDA/.cache/news_log_runtime_20261008/data/news_log_v1/news/seed_42/news_seed42_ctgan_xonly_rf_100k.predictor.pkl,,0,0,,,False,False,True,True,True,True,True,8dcb436e6cb835a8f9c05dbd0d5d6af53380a5c916198e0b4dda2c8e4d3d3509
news_log_v1,news,42,mix,xgb,/home/thuy/Research/minh_data_synth/TabularDA/output/news_log_v1/news/acc/news_seed42_ctgan_xonly_xgb_mix.run.json,/home/thuy/Research/minh_data_synth/TabularDA/.cache/news_log_runtime_20261008/sdv trained model/news_log_v1/news/seed_42/news_seed42_ctgan_xonly.pkl,/home/thuy/Research/minh_data_synth/TabularDA/.cache/news_log_runtime_20261008/data/news_log_v1/news/seed_42/news_seed42_ctgan_xonly_xgb_100k.predictor.pkl,,0,0,,,False,False,True,True,True,True,True,6c25911faecec6b81b9d2623394f7ca78a65e250a2d4aa0d38fc53d2d4ee3a08
news_log_v1,news,42,synthetic,xgb,/home/thuy/Research/minh_data_synth/TabularDA/output/news_log_v1/news/acc/news_seed42_ctgan_xonly_xgb_synthetic.run.json,/home/thuy/Research/minh_data_synth/TabularDA/.cache/news_log_runtime_20261008/sdv trained model/news_log_v1/news/seed_42/news_seed42_ctgan_xonly.pkl,/home/thuy/Research/minh_data_synth/TabularDA/.cache/news_log_runtime_20261008/data/news_log_v1/news/seed_42/news_seed42_ctgan_xonly_xgb_100k.predictor.pkl,,0,0,,,False,False,True,True,True,True,True,e8ef2bd2a07a036b8aff6a0f9ec65592dbab611bb84c311739fb59b04f026aaa
news_log_v1,news,42,original,,/home/thuy/Research/minh_data_synth/TabularDA/output/news_log_v1/news/acc/news_seed42_real_original.run.json,,,,0,0,,,False,False,False,True,True,True,,347a4bfcfbcd0a7f63e8f2cf95608d3c6ebbc372d525223bd442d2712cb190d7
news_log_v1,news,42,mix,tvae_compare_dnn,/home/thuy/Research/minh_data_synth/TabularDA/output/news_log_v1/news/acc/news_seed42_tvae_full_dnn_mix.run.json,/home/thuy/Research/minh_data_synth/TabularDA/.cache/news_log_runtime_20261008/sdv trained model/news_log_v1/news/seed_42/news_seed42_tvae_full.pkl,/home/thuy/Research/minh_data_synth/TabularDA/.cache/news_log_runtime_20261008/data/news_log_v1/news/seed_42/news_seed42_tvae_full_dnn_100k.predictor.pt,,0,0,,,False,False,False,True,True,True,True,1315adbac790167e29cd583eb538736ab2f7e81310bb581002e902694af3eee3
news_log_v1,news,42,synthetic,tvae_compare_dnn,/home/thuy/Research/minh_data_synth/TabularDA/output/news_log_v1/news/acc/news_seed42_tvae_full_dnn_synthetic.run.json,/home/thuy/Research/minh_data_synth/TabularDA/.cache/news_log_runtime_20261008/sdv trained model/news_log_v1/news/seed_42/news_seed42_tvae_full.pkl,/home/thuy/Research/minh_data_synth/TabularDA/.cache/news_log_runtime_20261008/data/news_log_v1/news/seed_42/news_seed42_tvae_full_dnn_100k.predictor.pt,,0,0,,,False,False,False,True,True,True,True,3948f158f962c992c9778d13caa89503e8fce4bd38539b5989e94e0120a3a74e
news_log_v1,news,42,mix,tvae,/home/thuy/Research/minh_data_synth/TabularDA/output/news_log_v1/news/acc/news_seed42_tvae_full_generated_mix.run.json,/home/thuy/Research/minh_data_synth/TabularDA/.cache/news_log_runtime_20261008/sdv trained model/news_log_v1/news/seed_42/news_seed42_tvae_full.pkl,,,0,0,,,False,False,False,True,True,True,,e2b835415c971956286bcc58c85f9b7f544143942095096eb709e2b47c3cec8b
news_log_v1,news,42,synthetic,tvae,/home/thuy/Research/minh_data_synth/TabularDA/output/news_log_v1/news/acc/news_seed42_tvae_full_generated_synthetic.run.json,/home/thuy/Research/minh_data_synth/TabularDA/.cache/news_log_runtime_20261008/sdv trained model/news_log_v1/news/seed_42/news_seed42_tvae_full.pkl,,,0,0,,,False,False,False,True,True,True,,fd9c6ab29a77504d5e888d241b517dc62dab6b398958524423d42d6b768b2e48
news_log_v1,news,42,mix,tvae_compare_pca_gmm,/home/thuy/Research/minh_data_synth/TabularDA/output/news_log_v1/news/acc/news_seed42_tvae_full_pca_gmm_mix.run.json,/home/thuy/Research/minh_data_synth/TabularDA/.cache/news_log_runtime_20261008/sdv trained model/news_log_v1/news/seed_42/news_seed42_tvae_full.pkl,/home/thuy/Research/minh_data_synth/TabularDA/.cache/news_log_runtime_20261008/data/news_log_v1/news/seed_42/news_seed42_tvae_full_pca_gmm_100k.predictor.pkl,,0,0,,,False,False,False,True,True,True,True,ad8314f30de689d96ee1a449d1f9de665b3fca3f448bf208e4626b9e05d6fbbb
news_log_v1,news,42,synthetic,tvae_compare_pca_gmm,/home/thuy/Research/minh_data_synth/TabularDA/output/news_log_v1/news/acc/news_seed42_tvae_full_pca_gmm_synthetic.run.json,/home/thuy/Research/minh_data_synth/TabularDA/.cache/news_log_runtime_20261008/sdv trained model/news_log_v1/news/seed_42/news_seed42_tvae_full.pkl,/home/thuy/Research/minh_data_synth/TabularDA/.cache/news_log_runtime_20261008/data/news_log_v1/news/seed_42/news_seed42_tvae_full_pca_gmm_100k.predictor.pkl,,0,0,,,False,False,False,True,True,True,True,bc5c3cf160d755086950983a1ad6139b21cff8a2827b0ba19b10b638b66fd010
news_log_v1,news,42,mix,tvae_compare_rf,/home/thuy/Research/minh_data_synth/TabularDA/output/news_log_v1/news/acc/news_seed42_tvae_full_rf_mix.run.json,/home/thuy/Research/minh_data_synth/TabularDA/.cache/news_log_runtime_20261008/sdv trained model/news_log_v1/news/seed_42/news_seed42_tvae_full.pkl,/home/thuy/Research/minh_data_synth/TabularDA/.cache/news_log_runtime_20261008/data/news_log_v1/news/seed_42/news_seed42_tvae_full_rf_100k.predictor.pkl,,0,0,,,False,False,False,True,True,True,True,058175a99dfe699d6985a1c50b662aa1ff020725e7895b5709b59504a7ac1f8e
news_log_v1,news,42,synthetic,tvae_compare_rf,/home/thuy/Research/minh_data_synth/TabularDA/output/news_log_v1/news/acc/news_seed42_tvae_full_rf_synthetic.run.json,/home/thuy/Research/minh_data_synth/TabularDA/.cache/news_log_runtime_20261008/sdv trained model/news_log_v1/news/seed_42/news_seed42_tvae_full.pkl,/home/thuy/Research/minh_data_synth/TabularDA/.cache/news_log_runtime_20261008/data/news_log_v1/news/seed_42/news_seed42_tvae_full_rf_100k.predictor.pkl,,0,0,,,False,False,False,True,True,True,True,4d43722ba1a754efd784d74ae00c0b8863cb13edaae5fbef5fb8091a6be220dc
news_log_v1,news,42,mix,tvae_compare_xgb,/home/thuy/Research/minh_data_synth/TabularDA/output/news_log_v1/news/acc/news_seed42_tvae_full_xgb_mix.run.json,/home/thuy/Research/minh_data_synth/TabularDA/.cache/news_log_runtime_20261008/sdv trained model/news_log_v1/news/seed_42/news_seed42_tvae_full.pkl,/home/thuy/Research/minh_data_synth/TabularDA/.cache/news_log_runtime_20261008/data/news_log_v1/news/seed_42/news_seed42_tvae_full_xgb_100k.predictor.pkl,,0,0,,,False,False,False,True,True,True,True,0581f671f7f73b3c1c8ab5ffe763a3a0d112786ba6167a2de05e1e10de6a230b
news_log_v1,news,42,synthetic,tvae_compare_xgb,/home/thuy/Research/minh_data_synth/TabularDA/output/news_log_v1/news/acc/news_seed42_tvae_full_xgb_synthetic.run.json,/home/thuy/Research/minh_data_synth/TabularDA/.cache/news_log_runtime_20261008/sdv trained model/news_log_v1/news/seed_42/news_seed42_tvae_full.pkl,/home/thuy/Research/minh_data_synth/TabularDA/.cache/news_log_runtime_20261008/data/news_log_v1/news/seed_42/news_seed42_tvae_full_xgb_100k.predictor.pkl,,0,0,,,False,False,False,True,True,True,True,49c49a54924149188754670f9d0f641aa0687cd87ead6df395b0b212c7607531
news_log_v1,news,42,mix,tvae_dnn,/home/thuy/Research/minh_data_synth/TabularDA/output/news_log_v1/news/acc/news_seed42_tvae_xonly_dnn_mix.run.json,/home/thuy/Research/minh_data_synth/TabularDA/.cache/news_log_runtime_20261008/sdv trained model/news_log_v1/news/seed_42/news_seed42_tvae_xonly.pkl,/home/thuy/Research/minh_data_synth/TabularDA/.cache/news_log_runtime_20261008/data/news_log_v1/news/seed_42/news_seed42_tvae_xonly_dnn_100k.predictor.pt,,0,0,,,False,False,False,True,True,True,True,3bd7508a01509f832d7321bd1be3a845b1690cbba2f45fc2730fa75939e1ab3a
news_log_v1,news,42,synthetic,tvae_dnn,/home/thuy/Research/minh_data_synth/TabularDA/output/news_log_v1/news/acc/news_seed42_tvae_xonly_dnn_synthetic.run.json,/home/thuy/Research/minh_data_synth/TabularDA/.cache/news_log_runtime_20261008/sdv trained model/news_log_v1/news/seed_42/news_seed42_tvae_xonly.pkl,/home/thuy/Research/minh_data_synth/TabularDA/.cache/news_log_runtime_20261008/data/news_log_v1/news/seed_42/news_seed42_tvae_xonly_dnn_100k.predictor.pt,,0,0,,,False,False,False,True,True,True,True,c8f90b1b837c609685ca0bd6bffe83e3f4db91b650f46e1e265fb4f1fc0550ee
news_log_v1,news,42,mix,tvae_pca_gmm,/home/thuy/Research/minh_data_synth/TabularDA/output/news_log_v1/news/acc/news_seed42_tvae_xonly_pca_gmm_mix.run.json,/home/thuy/Research/minh_data_synth/TabularDA/.cache/news_log_runtime_20261008/sdv trained model/news_log_v1/news/seed_42/news_seed42_tvae_xonly.pkl,/home/thuy/Research/minh_data_synth/TabularDA/.cache/news_log_runtime_20261008/data/news_log_v1/news/seed_42/news_seed42_tvae_xonly_pca_gmm_100k.predictor.pkl,,0,0,,,False,False,False,True,True,True,True,9a8815f44f37a2ea728eff67a6884b4fb2fed48d7158301450ba4140b06e6fa4
news_log_v1,news,42,synthetic,tvae_pca_gmm,/home/thuy/Research/minh_data_synth/TabularDA/output/news_log_v1/news/acc/news_seed42_tvae_xonly_pca_gmm_synthetic.run.json,/home/thuy/Research/minh_data_synth/TabularDA/.cache/news_log_runtime_20261008/sdv trained model/news_log_v1/news/seed_42/news_seed42_tvae_xonly.pkl,/home/thuy/Research/minh_data_synth/TabularDA/.cache/news_log_runtime_20261008/data/news_log_v1/news/seed_42/news_seed42_tvae_xonly_pca_gmm_100k.predictor.pkl,,0,0,,,False,False,False,True,True,True,True,1bdd540369b062476b7131ddb1ad09ea4cd8a669534f7804d2a7235f209d77db
news_log_v1,news,42,mix,tvae_rf,/home/thuy/Research/minh_data_synth/TabularDA/output/news_log_v1/news/acc/news_seed42_tvae_xonly_rf_mix.run.json,/home/thuy/Research/minh_data_synth/TabularDA/.cache/news_log_runtime_20261008/sdv trained model/news_log_v1/news/seed_42/news_seed42_tvae_xonly.pkl,/home/thuy/Research/minh_data_synth/TabularDA/.cache/news_log_runtime_20261008/data/news_log_v1/news/seed_42/news_seed42_tvae_xonly_rf_100k.predictor.pkl,,0,0,,,False,False,False,True,True,True,True,d5469f1f65faeabe0774d6c5e5f725260135281bfd0bf87921be718cb9eab230
news_log_v1,news,42,synthetic,tvae_rf,/home/thuy/Research/minh_data_synth/TabularDA/output/news_log_v1/news/acc/news_seed42_tvae_xonly_rf_synthetic.run.json,/home/thuy/Research/minh_data_synth/TabularDA/.cache/news_log_runtime_20261008/sdv trained model/news_log_v1/news/seed_42/news_seed42_tvae_xonly.pkl,/home/thuy/Research/minh_data_synth/TabularDA/.cache/news_log_runtime_20261008/data/news_log_v1/news/seed_42/news_seed42_tvae_xonly_rf_100k.predictor.pkl,,0,0,,,False,False,False,True,True,True,True,eb91b5297b84a3faa70dd7d2ca4b0f83b0d6133b474b6e30aabfb9d2b3f0ee55
news_log_v1,news,42,mix,tvae_xgb,/home/thuy/Research/minh_data_synth/TabularDA/output/news_log_v1/news/acc/news_seed42_tvae_xonly_xgb_mix.run.json,/home/thuy/Research/minh_data_synth/TabularDA/.cache/news_log_runtime_20261008/sdv trained model/news_log_v1/news/seed_42/news_seed42_tvae_xonly.pkl,/home/thuy/Research/minh_data_synth/TabularDA/.cache/news_log_runtime_20261008/data/news_log_v1/news/seed_42/news_seed42_tvae_xonly_xgb_100k.predictor.pkl,,0,0,,,False,False,False,True,True,True,True,547192ac8591d4748d7ae9abf854804e862bdf6bc620675e2a324227c66aa5a9
news_log_v1,news,42,synthetic,tvae_xgb,/home/thuy/Research/minh_data_synth/TabularDA/output/news_log_v1/news/acc/news_seed42_tvae_xonly_xgb_synthetic.run.json,/home/thuy/Research/minh_data_synth/TabularDA/.cache/news_log_runtime_20261008/sdv trained model/news_log_v1/news/seed_42/news_seed42_tvae_xonly.pkl,/home/thuy/Research/minh_data_synth/TabularDA/.cache/news_log_runtime_20261008/data/news_log_v1/news/seed_42/news_seed42_tvae_xonly_xgb_100k.predictor.pkl,,0,0,,,False,False,False,True,True,True,True,fbd7071423d8e16268f5c189a80ea3f9a3694a62307dedb7a5f1b6ad961d8e5a
news_log_v1,news,43,mix,compare_dnn,/home/thuy/Research/minh_data_synth/TabularDA/output/news_log_v1/news/acc/news_seed43_ctgan_full_dnn_mix.run.json,/home/thuy/Research/minh_data_synth/TabularDA/.cache/news_log_runtime_20261008/sdv trained model/news_log_v1/news/seed_43/news_seed43_ctgan_full.pkl,/home/thuy/Research/minh_data_synth/TabularDA/.cache/news_log_runtime_20261008/data/news_log_v1/news/seed_43/news_seed43_ctgan_full_dnn_100k.predictor.pt,,0,0,,,False,False,True,True,True,True,True,0c092d8e2fb56c2aeca4470f3b236282bca61695c7bcba1ee22bb1b9a98911d3
news_log_v1,news,43,synthetic,compare_dnn,/home/thuy/Research/minh_data_synth/TabularDA/output/news_log_v1/news/acc/news_seed43_ctgan_full_dnn_synthetic.run.json,/home/thuy/Research/minh_data_synth/TabularDA/.cache/news_log_runtime_20261008/sdv trained model/news_log_v1/news/seed_43/news_seed43_ctgan_full.pkl,/home/thuy/Research/minh_data_synth/TabularDA/.cache/news_log_runtime_20261008/data/news_log_v1/news/seed_43/news_seed43_ctgan_full_dnn_100k.predictor.pt,,0,0,,,False,False,True,True,True,True,True,82a239475a02c4ed34ac27963f3160f6cdf47c41af0328ef3ebb37ab241790e0
news_log_v1,news,43,mix,ctgan,/home/thuy/Research/minh_data_synth/TabularDA/output/news_log_v1/news/acc/news_seed43_ctgan_full_generated_mix.run.json,/home/thuy/Research/minh_data_synth/TabularDA/.cache/news_log_runtime_20261008/sdv trained model/news_log_v1/news/seed_43/news_seed43_ctgan_full.pkl,,,0,0,,,False,False,True,True,True,True,,b09bfa014a5758ed57be06ee46917ca51c2eada086a61a520ecb761a99f1ef31
news_log_v1,news,43,synthetic,ctgan,/home/thuy/Research/minh_data_synth/TabularDA/output/news_log_v1/news/acc/news_seed43_ctgan_full_generated_synthetic.run.json,/home/thuy/Research/minh_data_synth/TabularDA/.cache/news_log_runtime_20261008/sdv trained model/news_log_v1/news/seed_43/news_seed43_ctgan_full.pkl,,,0,0,,,False,False,True,True,True,True,,505f9df973cc4a57a75dbe487641ebd47686978fcefd59ec142346bb4b3d4828
news_log_v1,news,43,mix,compare_pca_gmm,/home/thuy/Research/minh_data_synth/TabularDA/output/news_log_v1/news/acc/news_seed43_ctgan_full_pca_gmm_mix.run.json,/home/thuy/Research/minh_data_synth/TabularDA/.cache/news_log_runtime_20261008/sdv trained model/news_log_v1/news/seed_43/news_seed43_ctgan_full.pkl,/home/thuy/Research/minh_data_synth/TabularDA/.cache/news_log_runtime_20261008/data/news_log_v1/news/seed_43/news_seed43_ctgan_full_pca_gmm_100k.predictor.pkl,,0,0,,,False,False,True,True,True,True,True,8888789d6f5a99dbd6428f8c7bccda44b30ef3b5c0554d0f293800a8dee89438
news_log_v1,news,43,synthetic,compare_pca_gmm,/home/thuy/Research/minh_data_synth/TabularDA/output/news_log_v1/news/acc/news_seed43_ctgan_full_pca_gmm_synthetic.run.json,/home/thuy/Research/minh_data_synth/TabularDA/.cache/news_log_runtime_20261008/sdv trained model/news_log_v1/news/seed_43/news_seed43_ctgan_full.pkl,/home/thuy/Research/minh_data_synth/TabularDA/.cache/news_log_runtime_20261008/data/news_log_v1/news/seed_43/news_seed43_ctgan_full_pca_gmm_100k.predictor.pkl,,0,0,,,False,False,True,True,True,True,True,ef2d8810642b25e5f35e1f2ba9e968579cc7e94db21eeca02e1c92feda0643db
news_log_v1,news,43,mix,compare_rf,/home/thuy/Research/minh_data_synth/TabularDA/output/news_log_v1/news/acc/news_seed43_ctgan_full_rf_mix.run.json,/home/thuy/Research/minh_data_synth/TabularDA/.cache/news_log_runtime_20261008/sdv trained model/news_log_v1/news/seed_43/news_seed43_ctgan_full.pkl,/home/thuy/Research/minh_data_synth/TabularDA/.cache/news_log_runtime_20261008/data/news_log_v1/news/seed_43/news_seed43_ctgan_full_rf_100k.predictor.pkl,,0,0,,,False,False,True,True,True,True,True,4183913d0a01c355eedca3f1a1680369ce40d029523c361385e0938624490bc8
news_log_v1,news,43,synthetic,compare_rf,/home/thuy/Research/minh_data_synth/TabularDA/output/news_log_v1/news/acc/news_seed43_ctgan_full_rf_synthetic.run.json,/home/thuy/Research/minh_data_synth/TabularDA/.cache/news_log_runtime_20261008/sdv trained model/news_log_v1/news/seed_43/news_seed43_ctgan_full.pkl,/home/thuy/Research/minh_data_synth/TabularDA/.cache/news_log_runtime_20261008/data/news_log_v1/news/seed_43/news_seed43_ctgan_full_rf_100k.predictor.pkl,,0,0,,,False,False,True,True,True,True,True,2fd764738703bc129dcb22d4358942e98dde73461918f3c8235f1480e3a9a91f
news_log_v1,news,43,mix,compare_xgb,/home/thuy/Research/minh_data_synth/TabularDA/output/news_log_v1/news/acc/news_seed43_ctgan_full_xgb_mix.run.json,/home/thuy/Research/minh_data_synth/TabularDA/.cache/news_log_runtime_20261008/sdv trained model/news_log_v1/news/seed_43/news_seed43_ctgan_full.pkl,/home/thuy/Research/minh_data_synth/TabularDA/.cache/news_log_runtime_20261008/data/news_log_v1/news/seed_43/news_seed43_ctgan_full_xgb_100k.predictor.pkl,,0,0,,,False,False,True,True,True,True,True,f7268ef80af045712e63190557c625095a8db43175dbb9c48e3f3f4064cd6151
news_log_v1,news,43,synthetic,compare_xgb,/home/thuy/Research/minh_data_synth/TabularDA/output/news_log_v1/news/acc/news_seed43_ctgan_full_xgb_synthetic.run.json,/home/thuy/Research/minh_data_synth/TabularDA/.cache/news_log_runtime_20261008/sdv trained model/news_log_v1/news/seed_43/news_seed43_ctgan_full.pkl,/home/thuy/Research/minh_data_synth/TabularDA/.cache/news_log_runtime_20261008/data/news_log_v1/news/seed_43/news_seed43_ctgan_full_xgb_100k.predictor.pkl,,0,0,,,False,False,True,True,True,True,True,4cbd436dabf0e1d67e5381e1f7c3f2a8e335261698f858dff0034e55fcfd6f20
news_log_v1,news,43,mix,dnn,/home/thuy/Research/minh_data_synth/TabularDA/output/news_log_v1/news/acc/news_seed43_ctgan_xonly_dnn_mix.run.json,/home/thuy/Research/minh_data_synth/TabularDA/.cache/news_log_runtime_20261008/sdv trained model/news_log_v1/news/seed_43/news_seed43_ctgan_xonly.pkl,/home/thuy/Research/minh_data_synth/TabularDA/.cache/news_log_runtime_20261008/data/news_log_v1/news/seed_43/news_seed43_ctgan_xonly_dnn_100k.predictor.pt,,0,0,,,False,False,True,True,True,True,True,b4af6e34a2f6e32bfddff7cd55f9cf7303280019170fa363ae142933360f3f78
news_log_v1,news,43,synthetic,dnn,/home/thuy/Research/minh_data_synth/TabularDA/output/news_log_v1/news/acc/news_seed43_ctgan_xonly_dnn_synthetic.run.json,/home/thuy/Research/minh_data_synth/TabularDA/.cache/news_log_runtime_20261008/sdv trained model/news_log_v1/news/seed_43/news_seed43_ctgan_xonly.pkl,/home/thuy/Research/minh_data_synth/TabularDA/.cache/news_log_runtime_20261008/data/news_log_v1/news/seed_43/news_seed43_ctgan_xonly_dnn_100k.predictor.pt,,0,0,,,False,False,True,True,True,True,True,69e4c3abcf727341fba04127d0b5fbbabb143b76d257b96e47e0e9a250233aeb
news_log_v1,news,43,mix,pca_gmm,/home/thuy/Research/minh_data_synth/TabularDA/output/news_log_v1/news/acc/news_seed43_ctgan_xonly_pca_gmm_mix.run.json,/home/thuy/Research/minh_data_synth/TabularDA/.cache/news_log_runtime_20261008/sdv trained model/news_log_v1/news/seed_43/news_seed43_ctgan_xonly.pkl,/home/thuy/Research/minh_data_synth/TabularDA/.cache/news_log_runtime_20261008/data/news_log_v1/news/seed_43/news_seed43_ctgan_xonly_pca_gmm_100k.predictor.pkl,,0,0,,,False,False,True,True,True,True,True,30158da83e0d48db3d5853ac2424b1d30332d0097e2f76964af7043d7995c45e
news_log_v1,news,43,synthetic,pca_gmm,/home/thuy/Research/minh_data_synth/TabularDA/output/news_log_v1/news/acc/news_seed43_ctgan_xonly_pca_gmm_synthetic.run.json,/home/thuy/Research/minh_data_synth/TabularDA/.cache/news_log_runtime_20261008/sdv trained model/news_log_v1/news/seed_43/news_seed43_ctgan_xonly.pkl,/home/thuy/Research/minh_data_synth/TabularDA/.cache/news_log_runtime_20261008/data/news_log_v1/news/seed_43/news_seed43_ctgan_xonly_pca_gmm_100k.predictor.pkl,,0,0,,,False,False,True,True,True,True,True,450581d9049427c1b054222c28e13ee0b8464be4bb362a50d2f21245daf11fe8
news_log_v1,news,43,mix,rf,/home/thuy/Research/minh_data_synth/TabularDA/output/news_log_v1/news/acc/news_seed43_ctgan_xonly_rf_mix.run.json,/home/thuy/Research/minh_data_synth/TabularDA/.cache/news_log_runtime_20261008/sdv trained model/news_log_v1/news/seed_43/news_seed43_ctgan_xonly.pkl,/home/thuy/Research/minh_data_synth/TabularDA/.cache/news_log_runtime_20261008/data/news_log_v1/news/seed_43/news_seed43_ctgan_xonly_rf_100k.predictor.pkl,,0,0,,,False,False,True,True,True,True,True,588c191ef66e5ce69f58a9830ad115195169c89cd0f92a2ef91c0bc7e612e559
news_log_v1,news,43,synthetic,rf,/home/thuy/Research/minh_data_synth/TabularDA/output/news_log_v1/news/acc/news_seed43_ctgan_xonly_rf_synthetic.run.json,/home/thuy/Research/minh_data_synth/TabularDA/.cache/news_log_runtime_20261008/sdv trained model/news_log_v1/news/seed_43/news_seed43_ctgan_xonly.pkl,/home/thuy/Research/minh_data_synth/TabularDA/.cache/news_log_runtime_20261008/data/news_log_v1/news/seed_43/news_seed43_ctgan_xonly_rf_100k.predictor.pkl,,0,0,,,False,False,True,True,True,True,True,6748ded04f2ddc848f12122786eb8fc55b8486c4c549cb9f529be1e3886f2cb3
news_log_v1,news,43,mix,xgb,/home/thuy/Research/minh_data_synth/TabularDA/output/news_log_v1/news/acc/news_seed43_ctgan_xonly_xgb_mix.run.json,/home/thuy/Research/minh_data_synth/TabularDA/.cache/news_log_runtime_20261008/sdv trained model/news_log_v1/news/seed_43/news_seed43_ctgan_xonly.pkl,/home/thuy/Research/minh_data_synth/TabularDA/.cache/news_log_runtime_20261008/data/news_log_v1/news/seed_43/news_seed43_ctgan_xonly_xgb_100k.predictor.pkl,,0,0,,,False,False,True,True,True,True,True,a48a5db8d0ecc9d832fbfc8f0c6725976717759b9fa62d691eabe43c2bc71143
news_log_v1,news,43,synthetic,xgb,/home/thuy/Research/minh_data_synth/TabularDA/output/news_log_v1/news/acc/news_seed43_ctgan_xonly_xgb_synthetic.run.json,/home/thuy/Research/minh_data_synth/TabularDA/.cache/news_log_runtime_20261008/sdv trained model/news_log_v1/news/seed_43/news_seed43_ctgan_xonly.pkl,/home/thuy/Research/minh_data_synth/TabularDA/.cache/news_log_runtime_20261008/data/news_log_v1/news/seed_43/news_seed43_ctgan_xonly_xgb_100k.predictor.pkl,,0,0,,,False,False,True,True,True,True,True,28aeae4609b1cb42a32fd61f5123fb7e89e09abbb993e90230057556d424e0e1
news_log_v1,news,43,original,,/home/thuy/Research/minh_data_synth/TabularDA/output/news_log_v1/news/acc/news_seed43_real_original.run.json,,,,0,0,,,False,False,False,True,True,True,,3ca8754cd82a46ea30bf09ecaf08a52cdb405a29e9f506eeced871e349cae7a7
news_log_v1,news,43,mix,tvae_compare_dnn,/home/thuy/Research/minh_data_synth/TabularDA/output/news_log_v1/news/acc/news_seed43_tvae_full_dnn_mix.run.json,/home/thuy/Research/minh_data_synth/TabularDA/.cache/news_log_runtime_20261008/sdv trained model/news_log_v1/news/seed_43/news_seed43_tvae_full.pkl,/home/thuy/Research/minh_data_synth/TabularDA/.cache/news_log_runtime_20261008/data/news_log_v1/news/seed_43/news_seed43_tvae_full_dnn_100k.predictor.pt,,0,0,,,False,False,False,True,True,True,True,eb9558b398bdfbe1ab916121ac2105c80454f21494dd5602139771be1ebaf92c
news_log_v1,news,43,synthetic,tvae_compare_dnn,/home/thuy/Research/minh_data_synth/TabularDA/output/news_log_v1/news/acc/news_seed43_tvae_full_dnn_synthetic.run.json,/home/thuy/Research/minh_data_synth/TabularDA/.cache/news_log_runtime_20261008/sdv trained model/news_log_v1/news/seed_43/news_seed43_tvae_full.pkl,/home/thuy/Research/minh_data_synth/TabularDA/.cache/news_log_runtime_20261008/data/news_log_v1/news/seed_43/news_seed43_tvae_full_dnn_100k.predictor.pt,,0,0,,,False,False,False,True,True,True,True,0d194d55615e5170d5cfe74a88b69d7014db3f90e11387820602fc60f0feb494
news_log_v1,news,43,mix,tvae,/home/thuy/Research/minh_data_synth/TabularDA/output/news_log_v1/news/acc/news_seed43_tvae_full_generated_mix.run.json,/home/thuy/Research/minh_data_synth/TabularDA/.cache/news_log_runtime_20261008/sdv trained model/news_log_v1/news/seed_43/news_seed43_tvae_full.pkl,,,0,0,,,False,False,False,True,True,True,,33e9a99069a27814f06a2d941d950c82177bb5b35b04fb328b78ac0c55a44a97
news_log_v1,news,43,synthetic,tvae,/home/thuy/Research/minh_data_synth/TabularDA/output/news_log_v1/news/acc/news_seed43_tvae_full_generated_synthetic.run.json,/home/thuy/Research/minh_data_synth/TabularDA/.cache/news_log_runtime_20261008/sdv trained model/news_log_v1/news/seed_43/news_seed43_tvae_full.pkl,,,0,0,,,False,False,False,True,True,True,,ba7b36d7067bad050f8fe246ceab0015b5dd51a7959fa4734f7f3fb2f38ae953
news_log_v1,news,43,mix,tvae_compare_pca_gmm,/home/thuy/Research/minh_data_synth/TabularDA/output/news_log_v1/news/acc/news_seed43_tvae_full_pca_gmm_mix.run.json,/home/thuy/Research/minh_data_synth/TabularDA/.cache/news_log_runtime_20261008/sdv trained model/news_log_v1/news/seed_43/news_seed43_tvae_full.pkl,/home/thuy/Research/minh_data_synth/TabularDA/.cache/news_log_runtime_20261008/data/news_log_v1/news/seed_43/news_seed43_tvae_full_pca_gmm_100k.predictor.pkl,,0,0,,,False,False,False,True,True,True,True,19a9f082cbb58f933facd89092279d3797ee0d23d620275d12c1042c0125defb
news_log_v1,news,43,synthetic,tvae_compare_pca_gmm,/home/thuy/Research/minh_data_synth/TabularDA/output/news_log_v1/news/acc/news_seed43_tvae_full_pca_gmm_synthetic.run.json,/home/thuy/Research/minh_data_synth/TabularDA/.cache/news_log_runtime_20261008/sdv trained model/news_log_v1/news/seed_43/news_seed43_tvae_full.pkl,/home/thuy/Research/minh_data_synth/TabularDA/.cache/news_log_runtime_20261008/data/news_log_v1/news/seed_43/news_seed43_tvae_full_pca_gmm_100k.predictor.pkl,,0,0,,,False,False,False,True,True,True,True,c063f20795557af6baa8aa32b8f25624acf8ea29ab2a91b6944094af4884184c
news_log_v1,news,43,mix,tvae_compare_rf,/home/thuy/Research/minh_data_synth/TabularDA/output/news_log_v1/news/acc/news_seed43_tvae_full_rf_mix.run.json,/home/thuy/Research/minh_data_synth/TabularDA/.cache/news_log_runtime_20261008/sdv trained model/news_log_v1/news/seed_43/news_seed43_tvae_full.pkl,/home/thuy/Research/minh_data_synth/TabularDA/.cache/news_log_runtime_20261008/data/news_log_v1/news/seed_43/news_seed43_tvae_full_rf_100k.predictor.pkl,,0,0,,,False,False,False,True,True,True,True,bb1fa571f8e0c946c7be38c3cac97e95c38157bab167f23ae7dd89ca7cb73602
news_log_v1,news,43,synthetic,tvae_compare_rf,/home/thuy/Research/minh_data_synth/TabularDA/output/news_log_v1/news/acc/news_seed43_tvae_full_rf_synthetic.run.json,/home/thuy/Research/minh_data_synth/TabularDA/.cache/news_log_runtime_20261008/sdv trained model/news_log_v1/news/seed_43/news_seed43_tvae_full.pkl,/home/thuy/Research/minh_data_synth/TabularDA/.cache/news_log_runtime_20261008/data/news_log_v1/news/seed_43/news_seed43_tvae_full_rf_100k.predictor.pkl,,0,0,,,False,False,False,True,True,True,True,6d895b984e3cec779c9fc08b241e976bfb39e25da9c1dee3a0074deaf1d5119b
news_log_v1,news,43,mix,tvae_compare_xgb,/home/thuy/Research/minh_data_synth/TabularDA/output/news_log_v1/news/acc/news_seed43_tvae_full_xgb_mix.run.json,/home/thuy/Research/minh_data_synth/TabularDA/.cache/news_log_runtime_20261008/sdv trained model/news_log_v1/news/seed_43/news_seed43_tvae_full.pkl,/home/thuy/Research/minh_data_synth/TabularDA/.cache/news_log_runtime_20261008/data/news_log_v1/news/seed_43/news_seed43_tvae_full_xgb_100k.predictor.pkl,,0,0,,,False,False,False,True,True,True,True,a5316a875621687db4a1a1c8e3fa95e6ecb5b22088e4628a474b3209bb647850
news_log_v1,news,43,synthetic,tvae_compare_xgb,/home/thuy/Research/minh_data_synth/TabularDA/output/news_log_v1/news/acc/news_seed43_tvae_full_xgb_synthetic.run.json,/home/thuy/Research/minh_data_synth/TabularDA/.cache/news_log_runtime_20261008/sdv trained model/news_log_v1/news/seed_43/news_seed43_tvae_full.pkl,/home/thuy/Research/minh_data_synth/TabularDA/.cache/news_log_runtime_20261008/data/news_log_v1/news/seed_43/news_seed43_tvae_full_xgb_100k.predictor.pkl,,0,0,,,False,False,False,True,True,True,True,aa0364d9d2aa2bb0c67e1adc902dc925b7959463944e643ba696937ea5062d66
news_log_v1,news,43,mix,tvae_dnn,/home/thuy/Research/minh_data_synth/TabularDA/output/news_log_v1/news/acc/news_seed43_tvae_xonly_dnn_mix.run.json,/home/thuy/Research/minh_data_synth/TabularDA/.cache/news_log_runtime_20261008/sdv trained model/news_log_v1/news/seed_43/news_seed43_tvae_xonly.pkl,/home/thuy/Research/minh_data_synth/TabularDA/.cache/news_log_runtime_20261008/data/news_log_v1/news/seed_43/news_seed43_tvae_xonly_dnn_100k.predictor.pt,,0,0,,,False,False,False,True,True,True,True,ca8aa6207b8f8b6a766767af19a4fa72ce2bbce8e84efda8d35e6401fe69b860
news_log_v1,news,43,synthetic,tvae_dnn,/home/thuy/Research/minh_data_synth/TabularDA/output/news_log_v1/news/acc/news_seed43_tvae_xonly_dnn_synthetic.run.json,/home/thuy/Research/minh_data_synth/TabularDA/.cache/news_log_runtime_20261008/sdv trained model/news_log_v1/news/seed_43/news_seed43_tvae_xonly.pkl,/home/thuy/Research/minh_data_synth/TabularDA/.cache/news_log_runtime_20261008/data/news_log_v1/news/seed_43/news_seed43_tvae_xonly_dnn_100k.predictor.pt,,0,0,,,False,False,False,True,True,True,True,c641293574ca5f364fd010d783c72e2024d0bf162333715a2dd114df6550da3f
news_log_v1,news,43,mix,tvae_pca_gmm,/home/thuy/Research/minh_data_synth/TabularDA/output/news_log_v1/news/acc/news_seed43_tvae_xonly_pca_gmm_mix.run.json,/home/thuy/Research/minh_data_synth/TabularDA/.cache/news_log_runtime_20261008/sdv trained model/news_log_v1/news/seed_43/news_seed43_tvae_xonly.pkl,/home/thuy/Research/minh_data_synth/TabularDA/.cache/news_log_runtime_20261008/data/news_log_v1/news/seed_43/news_seed43_tvae_xonly_pca_gmm_100k.predictor.pkl,,0,0,,,False,False,False,True,True,True,True,dc67a615da6e50fe46129ff2b8ae4b0e8f60e90577e38b43853f83b7ea9ec3e6
news_log_v1,news,43,synthetic,tvae_pca_gmm,/home/thuy/Research/minh_data_synth/TabularDA/output/news_log_v1/news/acc/news_seed43_tvae_xonly_pca_gmm_synthetic.run.json,/home/thuy/Research/minh_data_synth/TabularDA/.cache/news_log_runtime_20261008/sdv trained model/news_log_v1/news/seed_43/news_seed43_tvae_xonly.pkl,/home/thuy/Research/minh_data_synth/TabularDA/.cache/news_log_runtime_20261008/data/news_log_v1/news/seed_43/news_seed43_tvae_xonly_pca_gmm_100k.predictor.pkl,,0,0,,,False,False,False,True,True,True,True,8d797719aff3a2d1240dae629f0efb102e11196821cc3ff9874eacb858266ff2
news_log_v1,news,43,mix,tvae_rf,/home/thuy/Research/minh_data_synth/TabularDA/output/news_log_v1/news/acc/news_seed43_tvae_xonly_rf_mix.run.json,/home/thuy/Research/minh_data_synth/TabularDA/.cache/news_log_runtime_20261008/sdv trained model/news_log_v1/news/seed_43/news_seed43_tvae_xonly.pkl,/home/thuy/Research/minh_data_synth/TabularDA/.cache/news_log_runtime_20261008/data/news_log_v1/news/seed_43/news_seed43_tvae_xonly_rf_100k.predictor.pkl,,0,0,,,False,False,False,True,True,True,True,e77aa1842e689cf66906c87d2d061bc294fa749b4e3ba437cdf37462ce91ea42
news_log_v1,news,43,synthetic,tvae_rf,/home/thuy/Research/minh_data_synth/TabularDA/output/news_log_v1/news/acc/news_seed43_tvae_xonly_rf_synthetic.run.json,/home/thuy/Research/minh_data_synth/TabularDA/.cache/news_log_runtime_20261008/sdv trained model/news_log_v1/news/seed_43/news_seed43_tvae_xonly.pkl,/home/thuy/Research/minh_data_synth/TabularDA/.cache/news_log_runtime_20261008/data/news_log_v1/news/seed_43/news_seed43_tvae_xonly_rf_100k.predictor.pkl,,0,0,,,False,False,False,True,True,True,True,f402d28c0fb58dff18b7a97a727c1b3bcaa7d8623520c57e46582aa568c6b564
news_log_v1,news,43,mix,tvae_xgb,/home/thuy/Research/minh_data_synth/TabularDA/output/news_log_v1/news/acc/news_seed43_tvae_xonly_xgb_mix.run.json,/home/thuy/Research/minh_data_synth/TabularDA/.cache/news_log_runtime_20261008/sdv trained model/news_log_v1/news/seed_43/news_seed43_tvae_xonly.pkl,/home/thuy/Research/minh_data_synth/TabularDA/.cache/news_log_runtime_20261008/data/news_log_v1/news/seed_43/news_seed43_tvae_xonly_xgb_100k.predictor.pkl,,0,0,,,False,False,False,True,True,True,True,db1153b31ad01244647d4eb2a2babf6673b5ae9c21e80dd80ebc073cb27dc961
news_log_v1,news,43,synthetic,tvae_xgb,/home/thuy/Research/minh_data_synth/TabularDA/output/news_log_v1/news/acc/news_seed43_tvae_xonly_xgb_synthetic.run.json,/home/thuy/Research/minh_data_synth/TabularDA/.cache/news_log_runtime_20261008/sdv trained model/news_log_v1/news/seed_43/news_seed43_tvae_xonly.pkl,/home/thuy/Research/minh_data_synth/TabularDA/.cache/news_log_runtime_20261008/data/news_log_v1/news/seed_43/news_seed43_tvae_xonly_xgb_100k.predictor.pkl,,0,0,,,False,False,False,True,True,True,True,995bbe7dabc84074456a6511e69e372a2276314a6cc95e1955a796bcc86b0fb0
pilot_ctgan_v1,adult,42,mix,compare_dnn,/home/thuy/Research/minh_data_synth/TabularDA/output/pilot_ctgan_v1/adult/acc/adult_seed42_ctgan_full_dnn_mix.run.json,/home/thuy/Research/minh_data_synth/TabularDA/sdv trained model/pilot_ctgan_v1/adult/seed_42/adult_seed42_ctgan_full.pkl,/home/thuy/Research/minh_data_synth/TabularDA/data/pilot_ctgan_v1/adult/seed_42/adult_seed42_ctgan_full_dnn_100k.predictor.pt,,0,0,,,False,False,True,True,True,True,True,1032827babc3dd0591ad72152b6f09388ff843e474e2e47190072dbc2879f420
pilot_ctgan_v1,adult,42,synthetic,compare_dnn,/home/thuy/Research/minh_data_synth/TabularDA/output/pilot_ctgan_v1/adult/acc/adult_seed42_ctgan_full_dnn_synthetic.run.json,/home/thuy/Research/minh_data_synth/TabularDA/sdv trained model/pilot_ctgan_v1/adult/seed_42/adult_seed42_ctgan_full.pkl,/home/thuy/Research/minh_data_synth/TabularDA/data/pilot_ctgan_v1/adult/seed_42/adult_seed42_ctgan_full_dnn_100k.predictor.pt,,0,0,,,False,False,True,True,True,True,True,efe5d8206cb00f7e1eca51f2f6fe3ce2d4964fdb064e27e5d2199b453ee6ebe2
pilot_ctgan_v1,adult,42,mix,ctgan,/home/thuy/Research/minh_data_synth/TabularDA/output/pilot_ctgan_v1/adult/acc/adult_seed42_ctgan_full_generated_mix.run.json,/home/thuy/Research/minh_data_synth/TabularDA/sdv trained model/pilot_ctgan_v1/adult/seed_42/adult_seed42_ctgan_full.pkl,,,0,0,,,False,False,True,True,True,True,,af7881bfa7729011efa137dd59e47ed58d9932d0f5fb18b2cbe40e9db7df6df9
pilot_ctgan_v1,adult,42,synthetic,ctgan,/home/thuy/Research/minh_data_synth/TabularDA/output/pilot_ctgan_v1/adult/acc/adult_seed42_ctgan_full_generated_synthetic.run.json,/home/thuy/Research/minh_data_synth/TabularDA/sdv trained model/pilot_ctgan_v1/adult/seed_42/adult_seed42_ctgan_full.pkl,,,0,0,,,False,False,True,True,True,True,,a229b4366cf6c08a681affba35b33249e6a1566bfd6bd18443fd96e30f26e5df
pilot_ctgan_v1,adult,42,mix,compare_rf,/home/thuy/Research/minh_data_synth/TabularDA/output/pilot_ctgan_v1/adult/acc/adult_seed42_ctgan_full_rf_mix.run.json,/home/thuy/Research/minh_data_synth/TabularDA/sdv trained model/pilot_ctgan_v1/adult/seed_42/adult_seed42_ctgan_full.pkl,/home/thuy/Research/minh_data_synth/TabularDA/data/pilot_ctgan_v1/adult/seed_42/adult_seed42_ctgan_full_rf_100k.predictor.pkl,,0,0,,,False,False,True,True,True,True,True,f8ebb259b177e6193007ff00e8de1037176f26a56ffafbc216ad199bec9b9b1c
pilot_ctgan_v1,adult,42,synthetic,compare_rf,/home/thuy/Research/minh_data_synth/TabularDA/output/pilot_ctgan_v1/adult/acc/adult_seed42_ctgan_full_rf_synthetic.run.json,/home/thuy/Research/minh_data_synth/TabularDA/sdv trained model/pilot_ctgan_v1/adult/seed_42/adult_seed42_ctgan_full.pkl,/home/thuy/Research/minh_data_synth/TabularDA/data/pilot_ctgan_v1/adult/seed_42/adult_seed42_ctgan_full_rf_100k.predictor.pkl,,0,0,,,False,False,True,True,True,True,True,1239b54d25f9068adb6983f4ae80cde2d236abaccaf55bcfccc58c0803730dc7
pilot_ctgan_v1,adult,42,mix,compare_xgb,/home/thuy/Research/minh_data_synth/TabularDA/output/pilot_ctgan_v1/adult/acc/adult_seed42_ctgan_full_xgb_mix.run.json,/home/thuy/Research/minh_data_synth/TabularDA/sdv trained model/pilot_ctgan_v1/adult/seed_42/adult_seed42_ctgan_full.pkl,/home/thuy/Research/minh_data_synth/TabularDA/data/pilot_ctgan_v1/adult/seed_42/adult_seed42_ctgan_full_xgb_100k.predictor.pkl,,0,0,,,False,False,True,True,True,True,True,f954da9efab56fa798eb717b6c9d412922e8251d3c449e6fb44859be2429b4cd
pilot_ctgan_v1,adult,42,synthetic,compare_xgb,/home/thuy/Research/minh_data_synth/TabularDA/output/pilot_ctgan_v1/adult/acc/adult_seed42_ctgan_full_xgb_synthetic.run.json,/home/thuy/Research/minh_data_synth/TabularDA/sdv trained model/pilot_ctgan_v1/adult/seed_42/adult_seed42_ctgan_full.pkl,/home/thuy/Research/minh_data_synth/TabularDA/data/pilot_ctgan_v1/adult/seed_42/adult_seed42_ctgan_full_xgb_100k.predictor.pkl,,0,0,,,False,False,True,True,True,True,True,04072397fbb1c6a11c5bb0a541f2af4c287c0dbf403b6bbeaa9505d148c592ab
pilot_ctgan_v1,adult,42,mix,dnn,/home/thuy/Research/minh_data_synth/TabularDA/output/pilot_ctgan_v1/adult/acc/adult_seed42_ctgan_xonly_dnn_mix.run.json,/home/thuy/Research/minh_data_synth/TabularDA/sdv trained model/pilot_ctgan_v1/adult/seed_42/adult_seed42_ctgan_xonly.pkl,/home/thuy/Research/minh_data_synth/TabularDA/data/pilot_ctgan_v1/adult/seed_42/adult_seed42_ctgan_xonly_dnn_100k.predictor.pt,,0,0,,,False,False,True,True,True,True,True,1e4dc43699500220050118e6252d2aeb58fcba3610477d4ff38ec2deb51c83a7
pilot_ctgan_v1,adult,42,synthetic,dnn,/home/thuy/Research/minh_data_synth/TabularDA/output/pilot_ctgan_v1/adult/acc/adult_seed42_ctgan_xonly_dnn_synthetic.run.json,/home/thuy/Research/minh_data_synth/TabularDA/sdv trained model/pilot_ctgan_v1/adult/seed_42/adult_seed42_ctgan_xonly.pkl,/home/thuy/Research/minh_data_synth/TabularDA/data/pilot_ctgan_v1/adult/seed_42/adult_seed42_ctgan_xonly_dnn_100k.predictor.pt,,0,0,,,False,False,True,True,True,True,True,6223c07ec0936330255d505620b8004803c193e59f10a38680bd409a502979f3
pilot_ctgan_v1,adult,42,mix,rf,/home/thuy/Research/minh_data_synth/TabularDA/output/pilot_ctgan_v1/adult/acc/adult_seed42_ctgan_xonly_rf_mix.run.json,/home/thuy/Research/minh_data_synth/TabularDA/sdv trained model/pilot_ctgan_v1/adult/seed_42/adult_seed42_ctgan_xonly.pkl,/home/thuy/Research/minh_data_synth/TabularDA/data/pilot_ctgan_v1/adult/seed_42/adult_seed42_ctgan_xonly_rf_100k.predictor.pkl,,0,0,,,False,False,True,True,True,True,True,f5afbbcbcd907b9f741df886ad2b8f80c0f99d5a40e2b58b1b4defc402ed8984
pilot_ctgan_v1,adult,42,synthetic,rf,/home/thuy/Research/minh_data_synth/TabularDA/output/pilot_ctgan_v1/adult/acc/adult_seed42_ctgan_xonly_rf_synthetic.run.json,/home/thuy/Research/minh_data_synth/TabularDA/sdv trained model/pilot_ctgan_v1/adult/seed_42/adult_seed42_ctgan_xonly.pkl,/home/thuy/Research/minh_data_synth/TabularDA/data/pilot_ctgan_v1/adult/seed_42/adult_seed42_ctgan_xonly_rf_100k.predictor.pkl,,0,0,,,False,False,True,True,True,True,True,c459285eab643d2d2fb6a2fa0b2e8fb4e1067370f4cd528a4312b4ff559e1e45
pilot_ctgan_v1,adult,42,mix,xgb,/home/thuy/Research/minh_data_synth/TabularDA/output/pilot_ctgan_v1/adult/acc/adult_seed42_ctgan_xonly_xgb_mix.run.json,/home/thuy/Research/minh_data_synth/TabularDA/sdv trained model/pilot_ctgan_v1/adult/seed_42/adult_seed42_ctgan_xonly.pkl,/home/thuy/Research/minh_data_synth/TabularDA/data/pilot_ctgan_v1/adult/seed_42/adult_seed42_ctgan_xonly_xgb_100k.predictor.pkl,,0,0,,,False,False,True,True,True,True,True,8c9f793247af16fbc31bcae840783fa997e205b9477d54c36dc8a754415fab40
pilot_ctgan_v1,adult,42,synthetic,xgb,/home/thuy/Research/minh_data_synth/TabularDA/output/pilot_ctgan_v1/adult/acc/adult_seed42_ctgan_xonly_xgb_synthetic.run.json,/home/thuy/Research/minh_data_synth/TabularDA/sdv trained model/pilot_ctgan_v1/adult/seed_42/adult_seed42_ctgan_xonly.pkl,/home/thuy/Research/minh_data_synth/TabularDA/data/pilot_ctgan_v1/adult/seed_42/adult_seed42_ctgan_xonly_xgb_100k.predictor.pkl,,0,0,,,False,False,True,True,True,True,True,419152e32ea941aaeb60fbef1b8bcb2b692a79f845e87db9fa19310b1b045e71
pilot_ctgan_v1,adult,42,original,,/home/thuy/Research/minh_data_synth/TabularDA/output/pilot_ctgan_v1/adult/acc/adult_seed42_real_original.run.json,,,,0,0,,,False,False,False,True,True,True,,1b3a8d782c7f3a24ca111c39baba65dd1bbd9fd21d475ffdb430186538978cbf
pilot_ctgan_v1,covertype,42,mix,compare_dnn,/home/thuy/Research/minh_data_synth/TabularDA/output/pilot_ctgan_v1/covertype/acc/covertype_seed42_ctgan_full_dnn_mix.run.json,/home/thuy/Research/minh_data_synth/TabularDA/sdv trained model/pilot_ctgan_v1/covertype/seed_42/covertype_seed42_ctgan_full.pkl,/home/thuy/Research/minh_data_synth/TabularDA/data/pilot_ctgan_v1/covertype/seed_42/covertype_seed42_ctgan_full_dnn_100k.predictor.pt,,0,0,,,False,False,True,True,True,True,True,fe73aacd058d210e7bf3098cb6d77d88868e736d2f8781e54597081ce753dcd8
pilot_ctgan_v1,covertype,42,synthetic,compare_dnn,/home/thuy/Research/minh_data_synth/TabularDA/output/pilot_ctgan_v1/covertype/acc/covertype_seed42_ctgan_full_dnn_synthetic.run.json,/home/thuy/Research/minh_data_synth/TabularDA/sdv trained model/pilot_ctgan_v1/covertype/seed_42/covertype_seed42_ctgan_full.pkl,/home/thuy/Research/minh_data_synth/TabularDA/data/pilot_ctgan_v1/covertype/seed_42/covertype_seed42_ctgan_full_dnn_100k.predictor.pt,,0,0,,,False,False,True,True,True,True,True,93a67b2fa235efb24a9b4429a695c349e25ef70fe64f14cadf69f1a65b1531d8
pilot_ctgan_v1,covertype,42,mix,ctgan,/home/thuy/Research/minh_data_synth/TabularDA/output/pilot_ctgan_v1/covertype/acc/covertype_seed42_ctgan_full_generated_mix.run.json,/home/thuy/Research/minh_data_synth/TabularDA/sdv trained model/pilot_ctgan_v1/covertype/seed_42/covertype_seed42_ctgan_full.pkl,,,0,0,,,False,False,True,True,True,True,,b14b9376915db9fcd15804177c35129d008b1b2db24b56dd2d2ddd9e2fb84500
pilot_ctgan_v1,covertype,42,synthetic,ctgan,/home/thuy/Research/minh_data_synth/TabularDA/output/pilot_ctgan_v1/covertype/acc/covertype_seed42_ctgan_full_generated_synthetic.run.json,/home/thuy/Research/minh_data_synth/TabularDA/sdv trained model/pilot_ctgan_v1/covertype/seed_42/covertype_seed42_ctgan_full.pkl,,,0,0,,,False,False,True,True,True,True,,ba40f829376cd420fa4199116f7267ce118975a5c6582dcea8045ee21a0ac78e
pilot_ctgan_v1,covertype,42,mix,compare_rf,/home/thuy/Research/minh_data_synth/TabularDA/output/pilot_ctgan_v1/covertype/acc/covertype_seed42_ctgan_full_rf_mix.run.json,/home/thuy/Research/minh_data_synth/TabularDA/sdv trained model/pilot_ctgan_v1/covertype/seed_42/covertype_seed42_ctgan_full.pkl,/home/thuy/Research/minh_data_synth/TabularDA/data/pilot_ctgan_v1/covertype/seed_42/covertype_seed42_ctgan_full_rf_100k.predictor.pkl,,0,0,,,False,False,True,True,True,True,True,241433e3764145fb9689c3439fc7badb1b411a90f96007572523e548033ca982
pilot_ctgan_v1,covertype,42,synthetic,compare_rf,/home/thuy/Research/minh_data_synth/TabularDA/output/pilot_ctgan_v1/covertype/acc/covertype_seed42_ctgan_full_rf_synthetic.run.json,/home/thuy/Research/minh_data_synth/TabularDA/sdv trained model/pilot_ctgan_v1/covertype/seed_42/covertype_seed42_ctgan_full.pkl,/home/thuy/Research/minh_data_synth/TabularDA/data/pilot_ctgan_v1/covertype/seed_42/covertype_seed42_ctgan_full_rf_100k.predictor.pkl,,0,0,,,False,False,True,True,True,True,True,35364888b3a747165271800b48a6af686d8918a169bdbe46ae2bcbb0a9ea4465
pilot_ctgan_v1,covertype,42,mix,compare_xgb,/home/thuy/Research/minh_data_synth/TabularDA/output/pilot_ctgan_v1/covertype/acc/covertype_seed42_ctgan_full_xgb_mix.run.json,/home/thuy/Research/minh_data_synth/TabularDA/sdv trained model/pilot_ctgan_v1/covertype/seed_42/covertype_seed42_ctgan_full.pkl,/home/thuy/Research/minh_data_synth/TabularDA/data/pilot_ctgan_v1/covertype/seed_42/covertype_seed42_ctgan_full_xgb_100k.predictor.pkl,,0,0,,,False,False,True,True,True,True,True,f0e6069d82bed84a4128a1534cb0bf244f7a646b5d6ce90123b42501ce75cfa7
pilot_ctgan_v1,covertype,42,synthetic,compare_xgb,/home/thuy/Research/minh_data_synth/TabularDA/output/pilot_ctgan_v1/covertype/acc/covertype_seed42_ctgan_full_xgb_synthetic.run.json,/home/thuy/Research/minh_data_synth/TabularDA/sdv trained model/pilot_ctgan_v1/covertype/seed_42/covertype_seed42_ctgan_full.pkl,/home/thuy/Research/minh_data_synth/TabularDA/data/pilot_ctgan_v1/covertype/seed_42/covertype_seed42_ctgan_full_xgb_100k.predictor.pkl,,0,0,,,False,False,True,True,True,True,True,86a0ac165e370f3dc030b629e6801b3cf0fc32e8232cd04429ea41e757264342
pilot_ctgan_v1,covertype,42,mix,dnn,/home/thuy/Research/minh_data_synth/TabularDA/output/pilot_ctgan_v1/covertype/acc/covertype_seed42_ctgan_xonly_dnn_mix.run.json,/home/thuy/Research/minh_data_synth/TabularDA/sdv trained model/pilot_ctgan_v1/covertype/seed_42/covertype_seed42_ctgan_xonly.pkl,/home/thuy/Research/minh_data_synth/TabularDA/data/pilot_ctgan_v1/covertype/seed_42/covertype_seed42_ctgan_xonly_dnn_100k.predictor.pt,,0,0,,,False,False,True,True,True,True,True,831991bb524866e3d106538096c7f20a4ca7fcf26745f096412d1cf29e780eba
pilot_ctgan_v1,covertype,42,synthetic,dnn,/home/thuy/Research/minh_data_synth/TabularDA/output/pilot_ctgan_v1/covertype/acc/covertype_seed42_ctgan_xonly_dnn_synthetic.run.json,/home/thuy/Research/minh_data_synth/TabularDA/sdv trained model/pilot_ctgan_v1/covertype/seed_42/covertype_seed42_ctgan_xonly.pkl,/home/thuy/Research/minh_data_synth/TabularDA/data/pilot_ctgan_v1/covertype/seed_42/covertype_seed42_ctgan_xonly_dnn_100k.predictor.pt,,0,0,,,False,False,True,True,True,True,True,5f0deaa9b21bc0e25ef3c9cb97c83c092a8eebf06ac125ba0a67d2d3a556997d
pilot_ctgan_v1,covertype,42,mix,rf,/home/thuy/Research/minh_data_synth/TabularDA/output/pilot_ctgan_v1/covertype/acc/covertype_seed42_ctgan_xonly_rf_mix.run.json,/home/thuy/Research/minh_data_synth/TabularDA/sdv trained model/pilot_ctgan_v1/covertype/seed_42/covertype_seed42_ctgan_xonly.pkl,/home/thuy/Research/minh_data_synth/TabularDA/data/pilot_ctgan_v1/covertype/seed_42/covertype_seed42_ctgan_xonly_rf_100k.predictor.pkl,,0,0,,,False,False,True,True,True,True,True,438f56949e3cf00ca5004e2d6d48f80197ded3bf4c7e93039f7638ef1c7e70ea
pilot_ctgan_v1,covertype,42,synthetic,rf,/home/thuy/Research/minh_data_synth/TabularDA/output/pilot_ctgan_v1/covertype/acc/covertype_seed42_ctgan_xonly_rf_synthetic.run.json,/home/thuy/Research/minh_data_synth/TabularDA/sdv trained model/pilot_ctgan_v1/covertype/seed_42/covertype_seed42_ctgan_xonly.pkl,/home/thuy/Research/minh_data_synth/TabularDA/data/pilot_ctgan_v1/covertype/seed_42/covertype_seed42_ctgan_xonly_rf_100k.predictor.pkl,,0,0,,,False,False,True,True,True,True,True,375eb04c7e1bc52cb3e0a29009d9f01f115d9a9eb5b847d1495011ae8c1f9e14
pilot_ctgan_v1,covertype,42,mix,xgb,/home/thuy/Research/minh_data_synth/TabularDA/output/pilot_ctgan_v1/covertype/acc/covertype_seed42_ctgan_xonly_xgb_mix.run.json,/home/thuy/Research/minh_data_synth/TabularDA/sdv trained model/pilot_ctgan_v1/covertype/seed_42/covertype_seed42_ctgan_xonly.pkl,/home/thuy/Research/minh_data_synth/TabularDA/data/pilot_ctgan_v1/covertype/seed_42/covertype_seed42_ctgan_xonly_xgb_100k.predictor.pkl,,0,0,,,False,False,True,True,True,True,True,323355cd569e25d7f3a0ef8a69e4f298c1ce10052a37c5a3625e0172e2f34601
pilot_ctgan_v1,covertype,42,synthetic,xgb,/home/thuy/Research/minh_data_synth/TabularDA/output/pilot_ctgan_v1/covertype/acc/covertype_seed42_ctgan_xonly_xgb_synthetic.run.json,/home/thuy/Research/minh_data_synth/TabularDA/sdv trained model/pilot_ctgan_v1/covertype/seed_42/covertype_seed42_ctgan_xonly.pkl,/home/thuy/Research/minh_data_synth/TabularDA/data/pilot_ctgan_v1/covertype/seed_42/covertype_seed42_ctgan_xonly_xgb_100k.predictor.pkl,,0,0,,,False,False,True,True,True,True,True,2ef9d6f64955a47c65bb5cb29e9ee4c48323048583becf4c8a059560be496cc4
pilot_ctgan_v1,covertype,42,original,,/home/thuy/Research/minh_data_synth/TabularDA/output/pilot_ctgan_v1/covertype/acc/covertype_seed42_real_original.run.json,,,,0,0,,,False,False,False,True,True,True,,5c5fc131d8bdb18020742607887c7d118a6f24c3df066c14abf8b1e63158505f
pilot_ctgan_v1,mnist28,42,mix,compare_dnn,/home/thuy/Research/minh_data_synth/TabularDA/output/pilot_ctgan_v1/mnist28/acc/mnist28_seed42_ctgan_full_dnn_mix.run.json,/home/thuy/Research/minh_data_synth/TabularDA/sdv trained model/pilot_ctgan_v1/mnist28/seed_42/mnist28_seed42_ctgan_full.pkl,/home/thuy/Research/minh_data_synth/TabularDA/data/pilot_ctgan_v1/mnist28/seed_42/mnist28_seed42_ctgan_full_dnn_100k.predictor.pt,mnist_unused_class_output,0,0,128,True,False,False,True,True,True,True,True,4996ba0d390555a4ebf44a47a06c7cf2f200da518c6d40ead3d15b04f79e109c
pilot_ctgan_v1,mnist28,42,synthetic,compare_dnn,/home/thuy/Research/minh_data_synth/TabularDA/output/pilot_ctgan_v1/mnist28/acc/mnist28_seed42_ctgan_full_dnn_synthetic.run.json,/home/thuy/Research/minh_data_synth/TabularDA/sdv trained model/pilot_ctgan_v1/mnist28/seed_42/mnist28_seed42_ctgan_full.pkl,/home/thuy/Research/minh_data_synth/TabularDA/data/pilot_ctgan_v1/mnist28/seed_42/mnist28_seed42_ctgan_full_dnn_100k.predictor.pt,mnist_unused_class_output,0,0,128,True,False,False,True,True,True,True,True,105cdf56e0e7527b82ab67c95285b98dbd93fdd9ffc4d98f89235f54e05f8f9b
pilot_ctgan_v1,mnist28,42,mix,ctgan,/home/thuy/Research/minh_data_synth/TabularDA/output/pilot_ctgan_v1/mnist28/acc/mnist28_seed42_ctgan_full_generated_mix.run.json,/home/thuy/Research/minh_data_synth/TabularDA/sdv trained model/pilot_ctgan_v1/mnist28/seed_42/mnist28_seed42_ctgan_full.pkl,,mnist_unused_class_output,0,0,128,True,False,False,True,True,True,True,,cf5c1bfbee52c8d05807c7cf0f9406e6d53eb69fa9afa5eef250f95e1c84c40f
pilot_ctgan_v1,mnist28,42,synthetic,ctgan,/home/thuy/Research/minh_data_synth/TabularDA/output/pilot_ctgan_v1/mnist28/acc/mnist28_seed42_ctgan_full_generated_synthetic.run.json,/home/thuy/Research/minh_data_synth/TabularDA/sdv trained model/pilot_ctgan_v1/mnist28/seed_42/mnist28_seed42_ctgan_full.pkl,,mnist_unused_class_output,0,0,128,True,False,False,True,True,True,True,,de6e7b7bce534974b5c249d406ecdac1d5e9e4f6dda76bb25ed47cb006fc7adf
pilot_ctgan_v1,mnist28,42,mix,compare_rf,/home/thuy/Research/minh_data_synth/TabularDA/output/pilot_ctgan_v1/mnist28/acc/mnist28_seed42_ctgan_full_rf_mix.run.json,/home/thuy/Research/minh_data_synth/TabularDA/sdv trained model/pilot_ctgan_v1/mnist28/seed_42/mnist28_seed42_ctgan_full.pkl,/home/thuy/Research/minh_data_synth/TabularDA/data/pilot_ctgan_v1/mnist28/seed_42/mnist28_seed42_ctgan_full_rf_100k.predictor.pkl,mnist_unused_class_output,0,0,128,True,False,False,True,True,True,True,True,bc810c8f3337d0965513d6e098e8c9c929ea3a7dd4c57a11a4e5270a99e4f323
pilot_ctgan_v1,mnist28,42,synthetic,compare_rf,/home/thuy/Research/minh_data_synth/TabularDA/output/pilot_ctgan_v1/mnist28/acc/mnist28_seed42_ctgan_full_rf_synthetic.run.json,/home/thuy/Research/minh_data_synth/TabularDA/sdv trained model/pilot_ctgan_v1/mnist28/seed_42/mnist28_seed42_ctgan_full.pkl,/home/thuy/Research/minh_data_synth/TabularDA/data/pilot_ctgan_v1/mnist28/seed_42/mnist28_seed42_ctgan_full_rf_100k.predictor.pkl,mnist_unused_class_output,0,0,128,True,False,False,True,True,True,True,True,e219bd30c507d6273bb39830eb517119ba0bd50e0d5e91b4623c1f88410769e9
pilot_ctgan_v1,mnist28,42,mix,compare_xgb,/home/thuy/Research/minh_data_synth/TabularDA/output/pilot_ctgan_v1/mnist28/acc/mnist28_seed42_ctgan_full_xgb_mix.run.json,/home/thuy/Research/minh_data_synth/TabularDA/sdv trained model/pilot_ctgan_v1/mnist28/seed_42/mnist28_seed42_ctgan_full.pkl,/home/thuy/Research/minh_data_synth/TabularDA/data/pilot_ctgan_v1/mnist28/seed_42/mnist28_seed42_ctgan_full_xgb_100k.predictor.pkl,mnist_unused_class_output,0,0,128,True,False,False,True,True,True,True,True,c238f1576144d659d18b1742751bb7372f25ae96885f6026aefc42b452ec5175
pilot_ctgan_v1,mnist28,42,synthetic,compare_xgb,/home/thuy/Research/minh_data_synth/TabularDA/output/pilot_ctgan_v1/mnist28/acc/mnist28_seed42_ctgan_full_xgb_synthetic.run.json,/home/thuy/Research/minh_data_synth/TabularDA/sdv trained model/pilot_ctgan_v1/mnist28/seed_42/mnist28_seed42_ctgan_full.pkl,/home/thuy/Research/minh_data_synth/TabularDA/data/pilot_ctgan_v1/mnist28/seed_42/mnist28_seed42_ctgan_full_xgb_100k.predictor.pkl,mnist_unused_class_output,0,0,128,True,False,False,True,True,True,True,True,5103f3702baef33635813ca2ff5084907a165eabff0eb9ed9b8b11398e159377
pilot_ctgan_v1,mnist28,42,mix,dnn,/home/thuy/Research/minh_data_synth/TabularDA/output/pilot_ctgan_v1/mnist28/acc/mnist28_seed42_ctgan_xonly_dnn_mix.run.json,/home/thuy/Research/minh_data_synth/TabularDA/sdv trained model/pilot_ctgan_v1/mnist28/seed_42/mnist28_seed42_ctgan_xonly.pkl,/home/thuy/Research/minh_data_synth/TabularDA/data/pilot_ctgan_v1/mnist28/seed_42/mnist28_seed42_ctgan_xonly_dnn_100k.predictor.pt,mnist_unused_class_output,0,0,128,True,False,False,True,True,True,True,True,16e9a8ec2f19f96b7468cb1eea3ff95ffc832e2b03df807733ca2eaee543f59d
pilot_ctgan_v1,mnist28,42,synthetic,dnn,/home/thuy/Research/minh_data_synth/TabularDA/output/pilot_ctgan_v1/mnist28/acc/mnist28_seed42_ctgan_xonly_dnn_synthetic.run.json,/home/thuy/Research/minh_data_synth/TabularDA/sdv trained model/pilot_ctgan_v1/mnist28/seed_42/mnist28_seed42_ctgan_xonly.pkl,/home/thuy/Research/minh_data_synth/TabularDA/data/pilot_ctgan_v1/mnist28/seed_42/mnist28_seed42_ctgan_xonly_dnn_100k.predictor.pt,mnist_unused_class_output,0,0,128,True,False,False,True,True,True,True,True,b54e0b7833a5f84cbc3f0dc3edbc44145e9424175df918cae7a48fe4b127ae30
pilot_ctgan_v1,mnist28,42,mix,rf,/home/thuy/Research/minh_data_synth/TabularDA/output/pilot_ctgan_v1/mnist28/acc/mnist28_seed42_ctgan_xonly_rf_mix.run.json,/home/thuy/Research/minh_data_synth/TabularDA/sdv trained model/pilot_ctgan_v1/mnist28/seed_42/mnist28_seed42_ctgan_xonly.pkl,/home/thuy/Research/minh_data_synth/TabularDA/data/pilot_ctgan_v1/mnist28/seed_42/mnist28_seed42_ctgan_xonly_rf_100k.predictor.pkl,mnist_unused_class_output,0,0,128,True,False,False,True,True,True,True,True,733d39872cd6ea90e44e50ab01ada5598753cd97d55118d46e3f2ca341165f9a
pilot_ctgan_v1,mnist28,42,synthetic,rf,/home/thuy/Research/minh_data_synth/TabularDA/output/pilot_ctgan_v1/mnist28/acc/mnist28_seed42_ctgan_xonly_rf_synthetic.run.json,/home/thuy/Research/minh_data_synth/TabularDA/sdv trained model/pilot_ctgan_v1/mnist28/seed_42/mnist28_seed42_ctgan_xonly.pkl,/home/thuy/Research/minh_data_synth/TabularDA/data/pilot_ctgan_v1/mnist28/seed_42/mnist28_seed42_ctgan_xonly_rf_100k.predictor.pkl,mnist_unused_class_output,0,0,128,True,False,False,True,True,True,True,True,45bdf417391e8da8f8f6259fefc2b40f99f792ed9e34111b6b3736281d50604b
pilot_ctgan_v1,mnist28,42,mix,xgb,/home/thuy/Research/minh_data_synth/TabularDA/output/pilot_ctgan_v1/mnist28/acc/mnist28_seed42_ctgan_xonly_xgb_mix.run.json,/home/thuy/Research/minh_data_synth/TabularDA/sdv trained model/pilot_ctgan_v1/mnist28/seed_42/mnist28_seed42_ctgan_xonly.pkl,/home/thuy/Research/minh_data_synth/TabularDA/data/pilot_ctgan_v1/mnist28/seed_42/mnist28_seed42_ctgan_xonly_xgb_100k.predictor.pkl,mnist_unused_class_output,0,0,128,True,False,False,True,True,True,True,True,540739a698065d688dfc187e750c8f8b9defccce5ae8e8844d89b0688f19d567
pilot_ctgan_v1,mnist28,42,synthetic,xgb,/home/thuy/Research/minh_data_synth/TabularDA/output/pilot_ctgan_v1/mnist28/acc/mnist28_seed42_ctgan_xonly_xgb_synthetic.run.json,/home/thuy/Research/minh_data_synth/TabularDA/sdv trained model/pilot_ctgan_v1/mnist28/seed_42/mnist28_seed42_ctgan_xonly.pkl,/home/thuy/Research/minh_data_synth/TabularDA/data/pilot_ctgan_v1/mnist28/seed_42/mnist28_seed42_ctgan_xonly_xgb_100k.predictor.pkl,mnist_unused_class_output,0,0,128,True,False,False,True,True,True,True,True,5c51d128ccbcbf10e1cfa4218d3890900df600a6a6d832564bde6822ab3ae8e5
pilot_ctgan_v1,mnist28,42,original,,/home/thuy/Research/minh_data_synth/TabularDA/output/pilot_ctgan_v1/mnist28/acc/mnist28_seed42_real_original.run.json,,,mnist_unused_class_output,0,0,128,True,False,False,False,True,True,True,,834c1294ea9df7f3a352ec809cafdb69352023404b1c70f560b06f1b1e0f0bd7
