host,path,bytes,decision,namespace,reason,literal_reference_count
remote,\home\thuy\Research\minh_data_synth\TabularDA\output\census_weighted_pilot_20261004\completed.json,71,KEEP,census_weighted_pilot_20261004,Three verified imports cite original pilot records/hashes; preserve import and historical analysis evidence.,1
remote,\home\thuy\Research\minh_data_synth\TabularDA\output\census_weighted_pilot_20261004\resume_preflight.json,4183,KEEP,census_weighted_pilot_20261004,Three verified imports cite original pilot records/hashes; preserve import and historical analysis evidence.,0
remote,\home\thuy\Research\minh_data_synth\TabularDA\output\census_weighted_pilot_20261004\preflight.json,4183,KEEP,census_weighted_pilot_20261004,Three verified imports cite original pilot records/hashes; preserve import and historical analysis evidence.,0
remote,\home\thuy\Research\minh_data_synth\TabularDA\output\census_weighted_pilot_20261004\census_kdd\weight\census_kdd_seed42_real_original.weights.pth,573564,KEEP,census_weighted_pilot_20261004,Three verified imports cite original pilot records/hashes; preserve import and historical analysis evidence.,4
remote,\home\thuy\Research\minh_data_synth\TabularDA\output\census_weighted_pilot_20261004\census_kdd\weight\census_kdd_seed42_ctgan_full_dnn_synthetic.weights.pth,573938,KEEP,census_weighted_pilot_20261004,Three verified imports cite original pilot records/hashes; preserve import and historical analysis evidence.,3
remote,\home\thuy\Research\minh_data_synth\TabularDA\output\census_weighted_pilot_20261004\census_kdd\weight\census_kdd_seed42_ctgan_xonly_dnn_synthetic.weights.pth,573972,KEEP,census_weighted_pilot_20261004,Three verified imports cite original pilot records/hashes; preserve import and historical analysis evidence.,3
remote,\home\thuy\Research\minh_data_synth\TabularDA\output\census_weighted_pilot_20261004\census_kdd\acc\census_kdd_seed42_ctgan_xonly_dnn_synthetic.predictions.csv,346389,KEEP,census_weighted_pilot_20261004,Three verified imports cite original pilot records/hashes; preserve import and historical analysis evidence.,3
remote,\home\thuy\Research\minh_data_synth\TabularDA\output\census_weighted_pilot_20261004\census_kdd\acc\census_kdd_seed42_ctgan_xonly_dnn_synthetic.loss_curve.png,43387,KEEP,census_weighted_pilot_20261004,Three verified imports cite original pilot records/hashes; preserve import and historical analysis evidence.,2
remote,\home\thuy\Research\minh_data_synth\TabularDA\output\census_weighted_pilot_20261004\census_kdd\acc\census_kdd_seed42_ctgan_xonly_dnn_synthetic.report.txt,326,KEEP,census_weighted_pilot_20261004,Three verified imports cite original pilot records/hashes; preserve import and historical analysis evidence.,2
remote,\home\thuy\Research\minh_data_synth\TabularDA\output\census_weighted_pilot_20261004\census_kdd\acc\census_kdd_seed42_ctgan_xonly_dnn_synthetic.f1_macro_curve.png,50958,KEEP,census_weighted_pilot_20261004,Three verified imports cite original pilot records/hashes; preserve import and historical analysis evidence.,2
remote,\home\thuy\Research\minh_data_synth\TabularDA\output\census_weighted_pilot_20261004\census_kdd\acc\census_kdd_seed42_ctgan_full_dnn_synthetic.f1_macro_curve.png,54213,KEEP,census_weighted_pilot_20261004,Three verified imports cite original pilot records/hashes; preserve import and historical analysis evidence.,2
remote,\home\thuy\Research\minh_data_synth\TabularDA\output\census_weighted_pilot_20261004\census_kdd\acc\census_kdd_seed42_real_original.predictions.csv,340095,KEEP,census_weighted_pilot_20261004,Three verified imports cite original pilot records/hashes; preserve import and historical analysis evidence.,4
remote,\home\thuy\Research\minh_data_synth\TabularDA\output\census_weighted_pilot_20261004\census_kdd\acc\census_kdd_seed42_real_original.run.json,2997052,KEEP,census_weighted_pilot_20261004,Three verified imports cite original pilot records/hashes; preserve import and historical analysis evidence.,5
remote,\home\thuy\Research\minh_data_synth\TabularDA\output\census_weighted_pilot_20261004\census_kdd\acc\census_kdd_seed42_ctgan_full_dnn_synthetic.report.txt,326,KEEP,census_weighted_pilot_20261004,Three verified imports cite original pilot records/hashes; preserve import and historical analysis evidence.,2
remote,\home\thuy\Research\minh_data_synth\TabularDA\output\census_weighted_pilot_20261004\census_kdd\acc\census_kdd_seed42_ctgan_full_dnn_synthetic.loss_curve.png,48560,KEEP,census_weighted_pilot_20261004,Three verified imports cite original pilot records/hashes; preserve import and historical analysis evidence.,2
remote,\home\thuy\Research\minh_data_synth\TabularDA\output\census_weighted_pilot_20261004\census_kdd\acc\census_kdd_seed42_real_original.report.txt,330,KEEP,census_weighted_pilot_20261004,Three verified imports cite original pilot records/hashes; preserve import and historical analysis evidence.,2
remote,\home\thuy\Research\minh_data_synth\TabularDA\output\census_weighted_pilot_20261004\census_kdd\acc\census_kdd_seed42_ctgan_xonly_dnn_synthetic.epochs.csv,22543,KEEP,census_weighted_pilot_20261004,Three verified imports cite original pilot records/hashes; preserve import and historical analysis evidence.,2
remote,\home\thuy\Research\minh_data_synth\TabularDA\output\census_weighted_pilot_20261004\census_kdd\acc\census_kdd_seed42_real_original.f1_macro_curve.png,67164,KEEP,census_weighted_pilot_20261004,Three verified imports cite original pilot records/hashes; preserve import and historical analysis evidence.,2
remote,\home\thuy\Research\minh_data_synth\TabularDA\output\census_weighted_pilot_20261004\census_kdd\acc\census_kdd_seed42_ctgan_full_dnn_synthetic.run.json,3016251,KEEP,census_weighted_pilot_20261004,Three verified imports cite original pilot records/hashes; preserve import and historical analysis evidence.,5
remote,\home\thuy\Research\minh_data_synth\TabularDA\output\census_weighted_pilot_20261004\census_kdd\acc\census_kdd_seed42_real_original.loss_curve.png,58601,KEEP,census_weighted_pilot_20261004,Three verified imports cite original pilot records/hashes; preserve import and historical analysis evidence.,2
remote,\home\thuy\Research\minh_data_synth\TabularDA\output\census_weighted_pilot_20261004\census_kdd\acc\census_kdd_seed42_ctgan_xonly_dnn_synthetic.run.json,3016175,KEEP,census_weighted_pilot_20261004,Three verified imports cite original pilot records/hashes; preserve import and historical analysis evidence.,5
remote,\home\thuy\Research\minh_data_synth\TabularDA\output\census_weighted_pilot_20261004\census_kdd\acc\census_kdd_seed42_ctgan_full_dnn_synthetic.epochs.csv,24161,KEEP,census_weighted_pilot_20261004,Three verified imports cite original pilot records/hashes; preserve import and historical analysis evidence.,2
remote,\home\thuy\Research\minh_data_synth\TabularDA\output\census_weighted_pilot_20261004\census_kdd\acc\census_kdd_seed42_ctgan_full_dnn_synthetic.predictions.csv,348659,KEEP,census_weighted_pilot_20261004,Three verified imports cite original pilot records/hashes; preserve import and historical analysis evidence.,3
remote,\home\thuy\Research\minh_data_synth\TabularDA\output\census_weighted_pilot_20261004\census_kdd\acc\census_kdd_seed42_real_original.epochs.csv,34672,KEEP,census_weighted_pilot_20261004,Three verified imports cite original pilot records/hashes; preserve import and historical analysis evidence.,2
remote,\home\thuy\Research\minh_data_synth\TabularDA\output\census_weighted_pilot_20261004\logs\seed42_ctgan_xonly_dnn.log,80772,KEEP,census_weighted_pilot_20261004,Three verified imports cite original pilot records/hashes; preserve import and historical analysis evidence.,0
remote,\home\thuy\Research\minh_data_synth\TabularDA\output\census_weighted_pilot_20261004\logs\seed42_ctgan_full_dnn.log,86415,KEEP,census_weighted_pilot_20261004,Three verified imports cite original pilot records/hashes; preserve import and historical analysis evidence.,0
remote,\home\thuy\Research\minh_data_synth\TabularDA\output\census_weighted_pilot_20261004\logs\seed42_original.log,121893,KEEP,census_weighted_pilot_20261004,Three verified imports cite original pilot records/hashes; preserve import and historical analysis evidence.,0
remote,\home\thuy\Research\minh_data_synth\TabularDA\output\credit_weighted_macro_f1_pilot_20261006\README.md,962,KEEP,credit_weighted_macro_f1_pilot_20261006,Three completed weighted diagnostic runs; preserve the distinct procedure and findings.,0
remote,\home\thuy\Research\minh_data_synth\TabularDA\output\credit_weighted_macro_f1_pilot_20261006\completed.json,71,KEEP,credit_weighted_macro_f1_pilot_20261006,Three completed weighted diagnostic runs; preserve the distinct procedure and findings.,0
remote,\home\thuy\Research\minh_data_synth\TabularDA\output\credit_weighted_macro_f1_pilot_20261006\manifest.json,5345,KEEP,credit_weighted_macro_f1_pilot_20261006,Three completed weighted diagnostic runs; preserve the distinct procedure and findings.,3
remote,\home\thuy\Research\minh_data_synth\TabularDA\output\credit_weighted_macro_f1_pilot_20261006\logs\original.log,88835,KEEP,credit_weighted_macro_f1_pilot_20261006,Three completed weighted diagnostic runs; preserve the distinct procedure and findings.,0
remote,\home\thuy\Research\minh_data_synth\TabularDA\output\credit_weighted_macro_f1_pilot_20261006\logs\ctgan_xonly_dnn.log,116778,KEEP,credit_weighted_macro_f1_pilot_20261006,Three completed weighted diagnostic runs; preserve the distinct procedure and findings.,0
remote,\home\thuy\Research\minh_data_synth\TabularDA\output\credit_weighted_macro_f1_pilot_20261006\logs\ctgan_full_dnn.log,68377,KEEP,credit_weighted_macro_f1_pilot_20261006,Three completed weighted diagnostic runs; preserve the distinct procedure and findings.,0
remote,\home\thuy\Research\minh_data_synth\TabularDA\output\credit_weighted_macro_f1_pilot_20261006\credit\weight\credit_seed42_ctgan_xonly_dnn_synthetic.weights.pth,73868,KEEP,credit_weighted_macro_f1_pilot_20261006,Three completed weighted diagnostic runs; preserve the distinct procedure and findings.,1
remote,\home\thuy\Research\minh_data_synth\TabularDA\output\credit_weighted_macro_f1_pilot_20261006\credit\weight\credit_seed42_real_original.weights.pth,73460,KEEP,credit_weighted_macro_f1_pilot_20261006,Three completed weighted diagnostic runs; preserve the distinct procedure and findings.,1
remote,\home\thuy\Research\minh_data_synth\TabularDA\output\credit_weighted_macro_f1_pilot_20261006\credit\weight\credit_seed42_ctgan_full_dnn_synthetic.weights.pth,73834,KEEP,credit_weighted_macro_f1_pilot_20261006,Three completed weighted diagnostic runs; preserve the distinct procedure and findings.,1
remote,\home\thuy\Research\minh_data_synth\TabularDA\output\credit_weighted_macro_f1_pilot_20261006\credit\acc\credit_seed42_real_original.predictions.csv,358074,KEEP,credit_weighted_macro_f1_pilot_20261006,Three completed weighted diagnostic runs; preserve the distinct procedure and findings.,1
remote,\home\thuy\Research\minh_data_synth\TabularDA\output\credit_weighted_macro_f1_pilot_20261006\credit\acc\credit_seed42_real_original.report.txt,316,KEEP,credit_weighted_macro_f1_pilot_20261006,Three completed weighted diagnostic runs; preserve the distinct procedure and findings.,0
remote,\home\thuy\Research\minh_data_synth\TabularDA\output\credit_weighted_macro_f1_pilot_20261006\credit\acc\credit_seed42_ctgan_xonly_dnn_synthetic.run.json,4463104,KEEP,credit_weighted_macro_f1_pilot_20261006,Three completed weighted diagnostic runs; preserve the distinct procedure and findings.,0
remote,\home\thuy\Research\minh_data_synth\TabularDA\output\credit_weighted_macro_f1_pilot_20261006\credit\acc\credit_seed42_real_original.loss_curve.png,53066,KEEP,credit_weighted_macro_f1_pilot_20261006,Three completed weighted diagnostic runs; preserve the distinct procedure and findings.,0
remote,\home\thuy\Research\minh_data_synth\TabularDA\output\credit_weighted_macro_f1_pilot_20261006\credit\acc\credit_seed42_ctgan_full_dnn_synthetic.loss_curve.png,58709,KEEP,credit_weighted_macro_f1_pilot_20261006,Three completed weighted diagnostic runs; preserve the distinct procedure and findings.,0
remote,\home\thuy\Research\minh_data_synth\TabularDA\output\credit_weighted_macro_f1_pilot_20261006\credit\acc\credit_seed42_ctgan_xonly_dnn_synthetic.report.txt,316,KEEP,credit_weighted_macro_f1_pilot_20261006,Three completed weighted diagnostic runs; preserve the distinct procedure and findings.,0
remote,\home\thuy\Research\minh_data_synth\TabularDA\output\credit_weighted_macro_f1_pilot_20261006\credit\acc\credit_seed42_real_original.epochs.csv,25582,KEEP,credit_weighted_macro_f1_pilot_20261006,Three completed weighted diagnostic runs; preserve the distinct procedure and findings.,0
remote,\home\thuy\Research\minh_data_synth\TabularDA\output\credit_weighted_macro_f1_pilot_20261006\credit\acc\credit_seed42_ctgan_xonly_dnn_synthetic.loss_curve.png,48226,KEEP,credit_weighted_macro_f1_pilot_20261006,Three completed weighted diagnostic runs; preserve the distinct procedure and findings.,0
remote,\home\thuy\Research\minh_data_synth\TabularDA\output\credit_weighted_macro_f1_pilot_20261006\credit\acc\credit_seed42_ctgan_full_dnn_synthetic.predictions.csv,369454,KEEP,credit_weighted_macro_f1_pilot_20261006,Three completed weighted diagnostic runs; preserve the distinct procedure and findings.,1
remote,\home\thuy\Research\minh_data_synth\TabularDA\output\credit_weighted_macro_f1_pilot_20261006\credit\acc\credit_seed42_real_original.f1_macro_curve.png,73237,KEEP,credit_weighted_macro_f1_pilot_20261006,Three completed weighted diagnostic runs; preserve the distinct procedure and findings.,0
remote,\home\thuy\Research\minh_data_synth\TabularDA\output\credit_weighted_macro_f1_pilot_20261006\credit\acc\credit_seed42_real_original.run.json,4456826,KEEP,credit_weighted_macro_f1_pilot_20261006,Three completed weighted diagnostic runs; preserve the distinct procedure and findings.,0
remote,\home\thuy\Research\minh_data_synth\TabularDA\output\credit_weighted_macro_f1_pilot_20261006\credit\acc\credit_seed42_ctgan_full_dnn_synthetic.run.json,4463152,KEEP,credit_weighted_macro_f1_pilot_20261006,Three completed weighted diagnostic runs; preserve the distinct procedure and findings.,0
remote,\home\thuy\Research\minh_data_synth\TabularDA\output\credit_weighted_macro_f1_pilot_20261006\credit\acc\credit_seed42_ctgan_xonly_dnn_synthetic.epochs.csv,32313,KEEP,credit_weighted_macro_f1_pilot_20261006,Three completed weighted diagnostic runs; preserve the distinct procedure and findings.,0
remote,\home\thuy\Research\minh_data_synth\TabularDA\output\credit_weighted_macro_f1_pilot_20261006\credit\acc\credit_seed42_ctgan_xonly_dnn_synthetic.f1_macro_curve.png,74337,KEEP,credit_weighted_macro_f1_pilot_20261006,Three completed weighted diagnostic runs; preserve the distinct procedure and findings.,0
remote,\home\thuy\Research\minh_data_synth\TabularDA\output\credit_weighted_macro_f1_pilot_20261006\credit\acc\credit_seed42_ctgan_xonly_dnn_synthetic.predictions.csv,366613,KEEP,credit_weighted_macro_f1_pilot_20261006,Three completed weighted diagnostic runs; preserve the distinct procedure and findings.,1
remote,\home\thuy\Research\minh_data_synth\TabularDA\output\credit_weighted_macro_f1_pilot_20261006\credit\acc\credit_seed42_ctgan_full_dnn_synthetic.f1_macro_curve.png,50675,KEEP,credit_weighted_macro_f1_pilot_20261006,Three completed weighted diagnostic runs; preserve the distinct procedure and findings.,0
remote,\home\thuy\Research\minh_data_synth\TabularDA\output\credit_weighted_macro_f1_pilot_20261006\credit\acc\credit_seed42_ctgan_full_dnn_synthetic.report.txt,304,KEEP,credit_weighted_macro_f1_pilot_20261006,Three completed weighted diagnostic runs; preserve the distinct procedure and findings.,0
remote,\home\thuy\Research\minh_data_synth\TabularDA\output\credit_weighted_macro_f1_pilot_20261006\credit\acc\credit_seed42_ctgan_full_dnn_synthetic.epochs.csv,19021,KEEP,credit_weighted_macro_f1_pilot_20261006,Three completed weighted diagnostic runs; preserve the distinct procedure and findings.,0
remote,\home\thuy\Research\minh_data_synth\TabularDA\output\new_simulated_smoke\comparison.png,607324,KEEP,new_simulated_smoke,"Smoke evidence, not production. No scientific deletion justification; tiny collection retained separately.",0
remote,\home\thuy\Research\minh_data_synth\TabularDA\output\new_simulated_smoke\comparison.svg,301157,KEEP,new_simulated_smoke,"Smoke evidence, not production. No scientific deletion justification; tiny collection retained separately.",0
remote,\home\thuy\Research\minh_data_synth\TabularDA\output\new_simulated_smoke\config.json,707,KEEP,new_simulated_smoke,"Smoke evidence, not production. No scientific deletion justification; tiny collection retained separately.",0
remote,\home\thuy\Research\minh_data_synth\TabularDA\output\news_log_pilot_20261008_0048\reporting_repair.log,2411,KEEP,news_log_pilot_20261008_0048,Three distinct log-target diagnostic runs and historical report snapshots; superseded main-panel scores do not retire evidence.,0
remote,\home\thuy\Research\minh_data_synth\TabularDA\output\news_log_pilot_20261008_0048\pilot_comparison.csv,400,KEEP,news_log_pilot_20261008_0048,Three distinct log-target diagnostic runs and historical report snapshots; superseded main-panel scores do not retire evidence.,0
remote,\home\thuy\Research\minh_data_synth\TabularDA\output\news_log_pilot_20261008_0048\worker.log,3755,KEEP,news_log_pilot_20261008_0048,Three distinct log-target diagnostic runs and historical report snapshots; superseded main-panel scores do not retire evidence.,0
remote,\home\thuy\Research\minh_data_synth\TabularDA\output\news_log_pilot_20261008_0048\pilot_status.json,2981,KEEP,news_log_pilot_20261008_0048,Three distinct log-target diagnostic runs and historical report snapshots; superseded main-panel scores do not retire evidence.,0
remote,\home\thuy\Research\minh_data_synth\TabularDA\output\news_log_pilot_20261008_0048\preflight.json,2962,KEEP,news_log_pilot_20261008_0048,Three distinct log-target diagnostic runs and historical report snapshots; superseded main-panel scores do not retire evidence.,0
remote,\home\thuy\Research\minh_data_synth\TabularDA\output\news_log_pilot_20261008_0048\log\news\model\news_seed43_ctgan_full_generated_synthetic.weights.pth,1833362,KEEP,news_log_pilot_20261008_0048,Three distinct log-target diagnostic runs and historical report snapshots; superseded main-panel scores do not retire evidence.,1
remote,\home\thuy\Research\minh_data_synth\TabularDA\output\news_log_pilot_20261008_0048\log\news\model\news_seed43_tvae_full_generated_synthetic.weights.pth,1833348,KEEP,news_log_pilot_20261008_0048,Three distinct log-target diagnostic runs and historical report snapshots; superseded main-panel scores do not retire evidence.,1
remote,\home\thuy\Research\minh_data_synth\TabularDA\output\news_log_pilot_20261008_0048\log\news\model\news_seed43_real_original.weights.pth,1833060,KEEP,news_log_pilot_20261008_0048,Three distinct log-target diagnostic runs and historical report snapshots; superseded main-panel scores do not retire evidence.,1
remote,\home\thuy\Research\minh_data_synth\TabularDA\output\news_log_pilot_20261008_0048\log\news\acc\news_seed43_ctgan_full_generated_synthetic.predictions.csv,246710,KEEP,news_log_pilot_20261008_0048,Three distinct log-target diagnostic runs and historical report snapshots; superseded main-panel scores do not retire evidence.,2
remote,\home\thuy\Research\minh_data_synth\TabularDA\output\news_log_pilot_20261008_0048\log\news\acc\news_seed43_ctgan_full_generated_synthetic.run.json,614516,KEEP,news_log_pilot_20261008_0048,Three distinct log-target diagnostic runs and historical report snapshots; superseded main-panel scores do not retire evidence.,1
remote,\home\thuy\Research\minh_data_synth\TabularDA\output\news_log_pilot_20261008_0048\log\news\acc\news_seed43_tvae_full_generated_synthetic.run.json,614298,KEEP,news_log_pilot_20261008_0048,Three distinct log-target diagnostic runs and historical report snapshots; superseded main-panel scores do not retire evidence.,1
remote,\home\thuy\Research\minh_data_synth\TabularDA\output\news_log_pilot_20261008_0048\log\news\acc\news_seed43_tvae_full_generated_synthetic.predictions.csv,245070,KEEP,news_log_pilot_20261008_0048,Three distinct log-target diagnostic runs and historical report snapshots; superseded main-panel scores do not retire evidence.,2
remote,\home\thuy\Research\minh_data_synth\TabularDA\output\news_log_pilot_20261008_0048\log\news\acc\news_seed43_real_original.run.json,604370,KEEP,news_log_pilot_20261008_0048,Three distinct log-target diagnostic runs and historical report snapshots; superseded main-panel scores do not retire evidence.,1
remote,\home\thuy\Research\minh_data_synth\TabularDA\output\news_log_pilot_20261008_0048\log\news\acc\news_seed43_real_original.epochs.csv,4478,KEEP,news_log_pilot_20261008_0048,Three distinct log-target diagnostic runs and historical report snapshots; superseded main-panel scores do not retire evidence.,0
remote,\home\thuy\Research\minh_data_synth\TabularDA\output\news_log_pilot_20261008_0048\log\news\acc\news_seed43_tvae_full_generated_synthetic.epochs.csv,4814,KEEP,news_log_pilot_20261008_0048,Three distinct log-target diagnostic runs and historical report snapshots; superseded main-panel scores do not retire evidence.,0
remote,\home\thuy\Research\minh_data_synth\TabularDA\output\news_log_pilot_20261008_0048\log\news\acc\news_seed43_ctgan_full_generated_synthetic.epochs.csv,6197,KEEP,news_log_pilot_20261008_0048,Three distinct log-target diagnostic runs and historical report snapshots; superseded main-panel scores do not retire evidence.,0
remote,\home\thuy\Research\minh_data_synth\TabularDA\output\news_log_pilot_20261008_0048\log\news\acc\news_seed43_real_original.predictions.csv,246586,KEEP,news_log_pilot_20261008_0048,Three distinct log-target diagnostic runs and historical report snapshots; superseded main-panel scores do not retire evidence.,2
remote,\home\thuy\Research\minh_data_synth\TabularDA\output\news_log_pilot_20261008_0048\log\results\summary.csv,596,KEEP,news_log_pilot_20261008_0048,Three distinct log-target diagnostic runs and historical report snapshots; superseded main-panel scores do not retire evidence.,0
remote,\home\thuy\Research\minh_data_synth\TabularDA\output\news_log_pilot_20261008_0048\log\results\per_run.csv,1344,KEEP,news_log_pilot_20261008_0048,Three distinct log-target diagnostic runs and historical report snapshots; superseded main-panel scores do not retire evidence.,0
remote,\home\thuy\Research\minh_data_synth\TabularDA\output\news_log_pilot_20261008_0048\log\results\news_r2.png,22458,KEEP,news_log_pilot_20261008_0048,Three distinct log-target diagnostic runs and historical report snapshots; superseded main-panel scores do not retire evidence.,0
remote,\home\thuy\Research\minh_data_synth\TabularDA\output\news_log_pilot_20261008_0048\logs\seed43_real_original_log.log,8221,KEEP,news_log_pilot_20261008_0048,Three distinct log-target diagnostic runs and historical report snapshots; superseded main-panel scores do not retire evidence.,2
remote,\home\thuy\Research\minh_data_synth\TabularDA\output\news_log_pilot_20261008_0048\logs\seed43_ctgan_synthetic_log.log,11332,KEEP,news_log_pilot_20261008_0048,Three distinct log-target diagnostic runs and historical report snapshots; superseded main-panel scores do not retire evidence.,2
remote,\home\thuy\Research\minh_data_synth\TabularDA\output\news_log_pilot_20261008_0048\logs\seed43_tvae_synthetic_log.log,8814,KEEP,news_log_pilot_20261008_0048,Three distinct log-target diagnostic runs and historical report snapshots; superseded main-panel scores do not retire evidence.,2
remote,\home\thuy\Research\minh_data_synth\TabularDA\data\pilot_ctgan_v1\mnist28\seed_42\mnist28_seed42_ctgan_xonly_xgb_100k.quality.json,8868,KEEP,pilot_ctgan_v1,45 full-budget historical runs; saved dependencies and leakage-audit consumers remain.,2
remote,\home\thuy\Research\minh_data_synth\TabularDA\data\pilot_ctgan_v1\mnist28\seed_42\mnist28_seed42_ctgan_xonly_xgb_100k.predictor.pkl,3320995,KEEP,pilot_ctgan_v1,45 full-budget historical runs; saved dependencies and leakage-audit consumers remain.,2
remote,\home\thuy\Research\minh_data_synth\TabularDA\data\pilot_ctgan_v1\mnist28\seed_42\mnist28_seed42_ctgan_full_dnn_100k.dnn.json,1338,KEEP,pilot_ctgan_v1,45 full-budget historical runs; saved dependencies and leakage-audit consumers remain.,2
remote,\home\thuy\Research\minh_data_synth\TabularDA\data\pilot_ctgan_v1\mnist28\seed_42\mnist28_seed42_ctgan_full_xgb_100k.csv,157003032,KEEP,pilot_ctgan_v1,45 full-budget historical runs; saved dependencies and leakage-audit consumers remain.,2
remote,\home\thuy\Research\minh_data_synth\TabularDA\data\pilot_ctgan_v1\mnist28\seed_42\mnist28_seed42_ctgan_full_rf_100k.quality.json,8866,KEEP,pilot_ctgan_v1,45 full-budget historical runs; saved dependencies and leakage-audit consumers remain.,2
remote,\home\thuy\Research\minh_data_synth\TabularDA\data\pilot_ctgan_v1\mnist28\seed_42\mnist28_seed42_ctgan_full_dnn_100k.quality.json,8867,KEEP,pilot_ctgan_v1,45 full-budget historical runs; saved dependencies and leakage-audit consumers remain.,2
remote,\home\thuy\Research\minh_data_synth\TabularDA\data\pilot_ctgan_v1\mnist28\seed_42\mnist28_seed42_ctgan_xonly_dnn_100k.dnn.json,1292,KEEP,pilot_ctgan_v1,45 full-budget historical runs; saved dependencies and leakage-audit consumers remain.,2
remote,\home\thuy\Research\minh_data_synth\TabularDA\data\pilot_ctgan_v1\mnist28\seed_42\mnist28_seed42_ctgan_xonly_dnn_100k.csv,157003032,KEEP,pilot_ctgan_v1,45 full-budget historical runs; saved dependencies and leakage-audit consumers remain.,2
remote,\home\thuy\Research\minh_data_synth\TabularDA\data\pilot_ctgan_v1\mnist28\seed_42\mnist28_seed42_ctgan_full_rf_100k.predictor.pkl,168404463,KEEP,pilot_ctgan_v1,45 full-budget historical runs; saved dependencies and leakage-audit consumers remain.,2
remote,\home\thuy\Research\minh_data_synth\TabularDA\data\pilot_ctgan_v1\mnist28\seed_42\mnist28_seed42_ctgan_xonly_rf_100k.predictor.pkl,168377967,KEEP,pilot_ctgan_v1,45 full-budget historical runs; saved dependencies and leakage-audit consumers remain.,2
remote,\home\thuy\Research\minh_data_synth\TabularDA\data\pilot_ctgan_v1\mnist28\seed_42\mnist28_seed42_ctgan_full_generated_100k.csv,157003032,KEEP,pilot_ctgan_v1,45 full-budget historical runs; saved dependencies and leakage-audit consumers remain.,2
remote,\home\thuy\Research\minh_data_synth\TabularDA\data\pilot_ctgan_v1\mnist28\seed_42\mnist28_seed42_real_test_onehot.csv,15503642,KEEP,pilot_ctgan_v1,45 full-budget historical runs; saved dependencies and leakage-audit consumers remain.,15
remote,\home\thuy\Research\minh_data_synth\TabularDA\data\pilot_ctgan_v1\mnist28\seed_42\mnist28_seed42_ctgan_full_xgb_100k.predictor.pkl,3326769,KEEP,pilot_ctgan_v1,45 full-budget historical runs; saved dependencies and leakage-audit consumers remain.,2
remote,\home\thuy\Research\minh_data_synth\TabularDA\data\pilot_ctgan_v1\mnist28\seed_42\mnist28_seed42_ctgan_xonly_rf_100k.quality.json,8868,KEEP,pilot_ctgan_v1,45 full-budget historical runs; saved dependencies and leakage-audit consumers remain.,2
remote,\home\thuy\Research\minh_data_synth\TabularDA\data\pilot_ctgan_v1\mnist28\seed_42\mnist28_seed42_real_test_raw.csv,15503642,KEEP,pilot_ctgan_v1,45 full-budget historical runs; saved dependencies and leakage-audit consumers remain.,15
remote,\home\thuy\Research\minh_data_synth\TabularDA\data\pilot_ctgan_v1\mnist28\seed_42\split_manifest.json,981574,KEEP,pilot_ctgan_v1,45 full-budget historical runs; saved dependencies and leakage-audit consumers remain.,15
remote,\home\thuy\Research\minh_data_synth\TabularDA\data\pilot_ctgan_v1\mnist28\seed_42\mnist28_seed42_real_dev_raw.csv,9474842,KEEP,pilot_ctgan_v1,45 full-budget historical runs; saved dependencies and leakage-audit consumers remain.,15
remote,\home\thuy\Research\minh_data_synth\TabularDA\data\pilot_ctgan_v1\mnist28\seed_42\mnist28_seed42_real_dev_onehot.csv,9474842,KEEP,pilot_ctgan_v1,45 full-budget historical runs; saved dependencies and leakage-audit consumers remain.,15
remote,\home\thuy\Research\minh_data_synth\TabularDA\data\pilot_ctgan_v1\mnist28\seed_42\mnist28_seed42_real_train_onehot.csv,84930612,KEEP,pilot_ctgan_v1,45 full-budget historical runs; saved dependencies and leakage-audit consumers remain.,15
remote,\home\thuy\Research\minh_data_synth\TabularDA\data\pilot_ctgan_v1\mnist28\seed_42\mnist28_seed42_ctgan_full_dnn_100k.predictor.pt,464378,KEEP,pilot_ctgan_v1,45 full-budget historical runs; saved dependencies and leakage-audit consumers remain.,2
remote,\home\thuy\Research\minh_data_synth\TabularDA\data\pilot_ctgan_v1\mnist28\seed_42\mnist28_seed42_ctgan_full_generated_100k.quality.json,8867,KEEP,pilot_ctgan_v1,45 full-budget historical runs; saved dependencies and leakage-audit consumers remain.,2
remote,\home\thuy\Research\minh_data_synth\TabularDA\data\pilot_ctgan_v1\mnist28\seed_42\mnist28_seed42_ctgan_full_xgb_100k.quality.json,8866,KEEP,pilot_ctgan_v1,45 full-budget historical runs; saved dependencies and leakage-audit consumers remain.,2
remote,\home\thuy\Research\minh_data_synth\TabularDA\data\pilot_ctgan_v1\mnist28\seed_42\mnist28_seed42_ctgan_xonly_dnn_100k.predictor.pt,464388,KEEP,pilot_ctgan_v1,45 full-budget historical runs; saved dependencies and leakage-audit consumers remain.,2
remote,\home\thuy\Research\minh_data_synth\TabularDA\data\pilot_ctgan_v1\mnist28\seed_42\mnist28_seed42_ctgan_xonly_rf_100k.csv,157003032,KEEP,pilot_ctgan_v1,45 full-budget historical runs; saved dependencies and leakage-audit consumers remain.,2
remote,\home\thuy\Research\minh_data_synth\TabularDA\data\pilot_ctgan_v1\mnist28\seed_42\mnist28_seed42_ctgan_full_dnn_100k.csv,157003032,KEEP,pilot_ctgan_v1,45 full-budget historical runs; saved dependencies and leakage-audit consumers remain.,2
remote,\home\thuy\Research\minh_data_synth\TabularDA\data\pilot_ctgan_v1\mnist28\seed_42\mnist28_seed42_ctgan_xonly_dnn_100k.quality.json,8866,KEEP,pilot_ctgan_v1,45 full-budget historical runs; saved dependencies and leakage-audit consumers remain.,2
remote,\home\thuy\Research\minh_data_synth\TabularDA\data\pilot_ctgan_v1\mnist28\seed_42\mnist28_seed42_ctgan_xonly_xgb_100k.csv,157003032,KEEP,pilot_ctgan_v1,45 full-budget historical runs; saved dependencies and leakage-audit consumers remain.,2
remote,\home\thuy\Research\minh_data_synth\TabularDA\data\pilot_ctgan_v1\mnist28\seed_42\mnist28_seed42_ctgan_full_rf_100k.csv,157003032,KEEP,pilot_ctgan_v1,45 full-budget historical runs; saved dependencies and leakage-audit consumers remain.,2
remote,\home\thuy\Research\minh_data_synth\TabularDA\data\pilot_ctgan_v1\mnist28\seed_42\mnist28_seed42_real_train_raw.csv,84930612,KEEP,pilot_ctgan_v1,45 full-budget historical runs; saved dependencies and leakage-audit consumers remain.,15
remote,\home\thuy\Research\minh_data_synth\TabularDA\data\pilot_ctgan_v1\adult\seed_42\adult_seed42_ctgan_xonly_xgb_100k.quality.json,3319,KEEP,pilot_ctgan_v1,45 full-budget historical runs; saved dependencies and leakage-audit consumers remain.,2
remote,\home\thuy\Research\minh_data_synth\TabularDA\data\pilot_ctgan_v1\adult\seed_42\adult_seed42_ctgan_xonly_xgb_100k.predictor.pkl,280111,KEEP,pilot_ctgan_v1,45 full-budget historical runs; saved dependencies and leakage-audit consumers remain.,2
remote,\home\thuy\Research\minh_data_synth\TabularDA\data\pilot_ctgan_v1\adult\seed_42\adult_seed42_real_train_onehot.csv,14598082,KEEP,pilot_ctgan_v1,45 full-budget historical runs; saved dependencies and leakage-audit consumers remain.,15
remote,\home\thuy\Research\minh_data_synth\TabularDA\data\pilot_ctgan_v1\adult\seed_42\adult_seed42_ctgan_xonly_rf_100k.predictor.pkl,96104131,KEEP,pilot_ctgan_v1,45 full-budget historical runs; saved dependencies and leakage-audit consumers remain.,2
remote,\home\thuy\Research\minh_data_synth\TabularDA\data\pilot_ctgan_v1\adult\seed_42\adult_seed42_real_test_onehot.csv,4055881,KEEP,pilot_ctgan_v1,45 full-budget historical runs; saved dependencies and leakage-audit consumers remain.,15
remote,\home\thuy\Research\minh_data_synth\TabularDA\data\pilot_ctgan_v1\adult\seed_42\adult_seed42_ctgan_xonly_rf_100k.csv,42574152,KEEP,pilot_ctgan_v1,45 full-budget historical runs; saved dependencies and leakage-audit consumers remain.,2
remote,\home\thuy\Research\minh_data_synth\TabularDA\data\pilot_ctgan_v1\adult\seed_42\adult_seed42_real_train_raw.csv,3588226,KEEP,pilot_ctgan_v1,45 full-budget historical runs; saved dependencies and leakage-audit consumers remain.,15
remote,\home\thuy\Research\minh_data_synth\TabularDA\data\pilot_ctgan_v1\adult\seed_42\adult_seed42_ctgan_xonly_rf_100k.quality.json,3319,KEEP,pilot_ctgan_v1,45 full-budget historical runs; saved dependencies and leakage-audit consumers remain.,2
remote,\home\thuy\Research\minh_data_synth\TabularDA\data\pilot_ctgan_v1\adult\seed_42\adult_seed42_real_dev_raw.csv,400214,KEEP,pilot_ctgan_v1,45 full-budget historical runs; saved dependencies and leakage-audit consumers remain.,15
remote,\home\thuy\Research\minh_data_synth\TabularDA\data\pilot_ctgan_v1\adult\seed_42\adult_seed42_real_test_raw.csv,998041,KEEP,pilot_ctgan_v1,45 full-budget historical runs; saved dependencies and leakage-audit consumers remain.,15
remote,\home\thuy\Research\minh_data_synth\TabularDA\data\pilot_ctgan_v1\adult\seed_42\adult_seed42_ctgan_full_xgb_100k.quality.json,3319,KEEP,pilot_ctgan_v1,45 full-budget historical runs; saved dependencies and leakage-audit consumers remain.,2
remote,\home\thuy\Research\minh_data_synth\TabularDA\data\pilot_ctgan_v1\adult\seed_42\split_manifest.json,622547,KEEP,pilot_ctgan_v1,45 full-budget historical runs; saved dependencies and leakage-audit consumers remain.,15
remote,\home\thuy\Research\minh_data_synth\TabularDA\data\pilot_ctgan_v1\adult\seed_42\adult_seed42_ctgan_xonly_dnn_100k.csv,42575162,KEEP,pilot_ctgan_v1,45 full-budget historical runs; saved dependencies and leakage-audit consumers remain.,2
remote,\home\thuy\Research\minh_data_synth\TabularDA\data\pilot_ctgan_v1\adult\seed_42\adult_seed42_ctgan_full_xgb_100k.predictor.pkl,280111,KEEP,pilot_ctgan_v1,45 full-budget historical runs; saved dependencies and leakage-audit consumers remain.,2
remote,\home\thuy\Research\minh_data_synth\TabularDA\data\pilot_ctgan_v1\adult\seed_42\adult_seed42_ctgan_full_xgb_100k.csv,42622743,KEEP,pilot_ctgan_v1,45 full-budget historical runs; saved dependencies and leakage-audit consumers remain.,2
remote,\home\thuy\Research\minh_data_synth\TabularDA\data\pilot_ctgan_v1\adult\seed_42\adult_seed42_ctgan_xonly_xgb_100k.csv,42575162,KEEP,pilot_ctgan_v1,45 full-budget historical runs; saved dependencies and leakage-audit consumers remain.,2
remote,\home\thuy\Research\minh_data_synth\TabularDA\data\pilot_ctgan_v1\adult\seed_42\adult_seed42_real_dev_onehot.csv,1628669,KEEP,pilot_ctgan_v1,45 full-budget historical runs; saved dependencies and leakage-audit consumers remain.,15
remote,\home\thuy\Research\minh_data_synth\TabularDA\data\pilot_ctgan_v1\adult\seed_42\adult_seed42_ctgan_xonly_dnn_100k.quality.json,3319,KEEP,pilot_ctgan_v1,45 full-budget historical runs; saved dependencies and leakage-audit consumers remain.,2
remote,\home\thuy\Research\minh_data_synth\TabularDA\data\pilot_ctgan_v1\adult\seed_42\adult_seed42_ctgan_full_dnn_100k.quality.json,3319,KEEP,pilot_ctgan_v1,45 full-budget historical runs; saved dependencies and leakage-audit consumers remain.,2
remote,\home\thuy\Research\minh_data_synth\TabularDA\data\pilot_ctgan_v1\adult\seed_42\adult_seed42_ctgan_full_generated_100k.quality.json,3319,KEEP,pilot_ctgan_v1,45 full-budget historical runs; saved dependencies and leakage-audit consumers remain.,2
remote,\home\thuy\Research\minh_data_synth\TabularDA\data\pilot_ctgan_v1\adult\seed_42\adult_seed42_ctgan_full_dnn_100k.predictor.pt,96870,KEEP,pilot_ctgan_v1,45 full-budget historical runs; saved dependencies and leakage-audit consumers remain.,2
remote,\home\thuy\Research\minh_data_synth\TabularDA\data\pilot_ctgan_v1\adult\seed_42\adult_seed42_ctgan_xonly_dnn_100k.dnn.json,1254,KEEP,pilot_ctgan_v1,45 full-budget historical runs; saved dependencies and leakage-audit consumers remain.,2
remote,\home\thuy\Research\minh_data_synth\TabularDA\data\pilot_ctgan_v1\adult\seed_42\adult_seed42_ctgan_full_rf_100k.csv,42622743,KEEP,pilot_ctgan_v1,45 full-budget historical runs; saved dependencies and leakage-audit consumers remain.,2
remote,\home\thuy\Research\minh_data_synth\TabularDA\data\pilot_ctgan_v1\adult\seed_42\adult_seed42_ctgan_full_dnn_100k.csv,42622743,KEEP,pilot_ctgan_v1,45 full-budget historical runs; saved dependencies and leakage-audit consumers remain.,2
remote,\home\thuy\Research\minh_data_synth\TabularDA\data\pilot_ctgan_v1\adult\seed_42\adult_seed42_ctgan_full_rf_100k.quality.json,3319,KEEP,pilot_ctgan_v1,45 full-budget historical runs; saved dependencies and leakage-audit consumers remain.,2
remote,\home\thuy\Research\minh_data_synth\TabularDA\data\pilot_ctgan_v1\adult\seed_42\adult_seed42_ctgan_full_rf_100k.predictor.pkl,95837731,KEEP,pilot_ctgan_v1,45 full-budget historical runs; saved dependencies and leakage-audit consumers remain.,2
remote,\home\thuy\Research\minh_data_synth\TabularDA\data\pilot_ctgan_v1\adult\seed_42\adult_seed42_ctgan_full_generated_100k.csv,42622743,KEEP,pilot_ctgan_v1,45 full-budget historical runs; saved dependencies and leakage-audit consumers remain.,2
remote,\home\thuy\Research\minh_data_synth\TabularDA\data\pilot_ctgan_v1\adult\seed_42\adult_seed42_ctgan_xonly_dnn_100k.predictor.pt,96880,KEEP,pilot_ctgan_v1,45 full-budget historical runs; saved dependencies and leakage-audit consumers remain.,2
remote,\home\thuy\Research\minh_data_synth\TabularDA\data\pilot_ctgan_v1\adult\seed_42\adult_seed42_ctgan_full_dnn_100k.dnn.json,1224,KEEP,pilot_ctgan_v1,45 full-budget historical runs; saved dependencies and leakage-audit consumers remain.,2
remote,\home\thuy\Research\minh_data_synth\TabularDA\data\pilot_ctgan_v1\covertype\seed_42\covertype_seed42_ctgan_xonly_xgb_100k.predictor.pkl,2348518,KEEP,pilot_ctgan_v1,45 full-budget historical runs; saved dependencies and leakage-audit consumers remain.,2
remote,\home\thuy\Research\minh_data_synth\TabularDA\data\pilot_ctgan_v1\covertype\seed_42\covertype_seed42_real_test_onehot.csv,3935189,KEEP,pilot_ctgan_v1,45 full-budget historical runs; saved dependencies and leakage-audit consumers remain.,15
remote,\home\thuy\Research\minh_data_synth\TabularDA\data\pilot_ctgan_v1\covertype\seed_42\covertype_seed42_ctgan_xonly_rf_100k.quality.json,2447,KEEP,pilot_ctgan_v1,45 full-budget historical runs; saved dependencies and leakage-audit consumers remain.,2
remote,\home\thuy\Research\minh_data_synth\TabularDA\data\pilot_ctgan_v1\covertype\seed_42\covertype_seed42_ctgan_full_generated_100k.csv,39338756,KEEP,pilot_ctgan_v1,45 full-budget historical runs; saved dependencies and leakage-audit consumers remain.,2
remote,\home\thuy\Research\minh_data_synth\TabularDA\data\pilot_ctgan_v1\covertype\seed_42\covertype_seed42_ctgan_full_rf_100k.quality.json,2446,KEEP,pilot_ctgan_v1,45 full-budget historical runs; saved dependencies and leakage-audit consumers remain.,2
remote,\home\thuy\Research\minh_data_synth\TabularDA\data\pilot_ctgan_v1\covertype\seed_42\covertype_seed42_real_train_raw.csv,66488969,KEEP,pilot_ctgan_v1,45 full-budget historical runs; saved dependencies and leakage-audit consumers remain.,15
remote,\home\thuy\Research\minh_data_synth\TabularDA\data\pilot_ctgan_v1\covertype\seed_42\covertype_seed42_real_test_raw.csv,1294474,KEEP,pilot_ctgan_v1,45 full-budget historical runs; saved dependencies and leakage-audit consumers remain.,15
remote,\home\thuy\Research\minh_data_synth\TabularDA\data\pilot_ctgan_v1\covertype\seed_42\covertype_seed42_ctgan_full_rf_100k.predictor.pkl,1253606217,KEEP,pilot_ctgan_v1,45 full-budget historical runs; saved dependencies and leakage-audit consumers remain.,2
remote,\home\thuy\Research\minh_data_synth\TabularDA\data\pilot_ctgan_v1\covertype\seed_42\covertype_seed42_ctgan_full_generated_100k.quality.json,2448,KEEP,pilot_ctgan_v1,45 full-budget historical runs; saved dependencies and leakage-audit consumers remain.,2
remote,\home\thuy\Research\minh_data_synth\TabularDA\data\pilot_ctgan_v1\covertype\seed_42\split_manifest.json,8038618,KEEP,pilot_ctgan_v1,45 full-budget historical runs; saved dependencies and leakage-audit consumers remain.,15
remote,\home\thuy\Research\minh_data_synth\TabularDA\data\pilot_ctgan_v1\covertype\seed_42\covertype_seed42_ctgan_xonly_xgb_100k.quality.json,2446,KEEP,pilot_ctgan_v1,45 full-budget historical runs; saved dependencies and leakage-audit consumers remain.,2
remote,\home\thuy\Research\minh_data_synth\TabularDA\data\pilot_ctgan_v1\covertype\seed_42\covertype_seed42_real_dev_onehot.csv,22463494,KEEP,pilot_ctgan_v1,45 full-budget historical runs; saved dependencies and leakage-audit consumers remain.,15
remote,\home\thuy\Research\minh_data_synth\TabularDA\data\pilot_ctgan_v1\covertype\seed_42\covertype_seed42_ctgan_full_xgb_100k.csv,39338756,KEEP,pilot_ctgan_v1,45 full-budget historical runs; saved dependencies and leakage-audit consumers remain.,2
remote,\home\thuy\Research\minh_data_synth\TabularDA\data\pilot_ctgan_v1\covertype\seed_42\covertype_seed42_real_train_onehot.csv,202162188,KEEP,pilot_ctgan_v1,45 full-budget historical runs; saved dependencies and leakage-audit consumers remain.,15
remote,\home\thuy\Research\minh_data_synth\TabularDA\data\pilot_ctgan_v1\covertype\seed_42\covertype_seed42_ctgan_full_dnn_100k.predictor.pt,92558,KEEP,pilot_ctgan_v1,45 full-budget historical runs; saved dependencies and leakage-audit consumers remain.,2
remote,\home\thuy\Research\minh_data_synth\TabularDA\data\pilot_ctgan_v1\covertype\seed_42\covertype_seed42_ctgan_xonly_dnn_100k.csv,39330386,KEEP,pilot_ctgan_v1,45 full-budget historical runs; saved dependencies and leakage-audit consumers remain.,2
remote,\home\thuy\Research\minh_data_synth\TabularDA\data\pilot_ctgan_v1\covertype\seed_42\covertype_seed42_ctgan_full_dnn_100k.csv,39338756,KEEP,pilot_ctgan_v1,45 full-budget historical runs; saved dependencies and leakage-audit consumers remain.,2
remote,\home\thuy\Research\minh_data_synth\TabularDA\data\pilot_ctgan_v1\covertype\seed_42\covertype_seed42_ctgan_full_dnn_100k.dnn.json,5124,KEEP,pilot_ctgan_v1,45 full-budget historical runs; saved dependencies and leakage-audit consumers remain.,2
remote,\home\thuy\Research\minh_data_synth\TabularDA\data\pilot_ctgan_v1\covertype\seed_42\covertype_seed42_ctgan_xonly_rf_100k.predictor.pkl,1259343417,KEEP,pilot_ctgan_v1,45 full-budget historical runs; saved dependencies and leakage-audit consumers remain.,2
remote,\home\thuy\Research\minh_data_synth\TabularDA\data\pilot_ctgan_v1\covertype\seed_42\covertype_seed42_ctgan_full_rf_100k.csv,39338756,KEEP,pilot_ctgan_v1,45 full-budget historical runs; saved dependencies and leakage-audit consumers remain.,2
remote,\home\thuy\Research\minh_data_synth\TabularDA\data\pilot_ctgan_v1\covertype\seed_42\covertype_seed42_ctgan_xonly_rf_100k.csv,39329936,KEEP,pilot_ctgan_v1,45 full-budget historical runs; saved dependencies and leakage-audit consumers remain.,2
remote,\home\thuy\Research\minh_data_synth\TabularDA\data\pilot_ctgan_v1\covertype\seed_42\covertype_seed42_real_dev_raw.csv,7388115,KEEP,pilot_ctgan_v1,45 full-budget historical runs; saved dependencies and leakage-audit consumers remain.,15
remote,\home\thuy\Research\minh_data_synth\TabularDA\data\pilot_ctgan_v1\covertype\seed_42\covertype_seed42_ctgan_xonly_dnn_100k.quality.json,2448,KEEP,pilot_ctgan_v1,45 full-budget historical runs; saved dependencies and leakage-audit consumers remain.,2
remote,\home\thuy\Research\minh_data_synth\TabularDA\data\pilot_ctgan_v1\covertype\seed_42\covertype_seed42_ctgan_full_dnn_100k.quality.json,2448,KEEP,pilot_ctgan_v1,45 full-budget historical runs; saved dependencies and leakage-audit consumers remain.,2
remote,\home\thuy\Research\minh_data_synth\TabularDA\data\pilot_ctgan_v1\covertype\seed_42\covertype_seed42_ctgan_xonly_xgb_100k.csv,39330386,KEEP,pilot_ctgan_v1,45 full-budget historical runs; saved dependencies and leakage-audit consumers remain.,2
remote,\home\thuy\Research\minh_data_synth\TabularDA\data\pilot_ctgan_v1\covertype\seed_42\covertype_seed42_ctgan_full_xgb_100k.predictor.pkl,2348518,KEEP,pilot_ctgan_v1,45 full-budget historical runs; saved dependencies and leakage-audit consumers remain.,2
remote,\home\thuy\Research\minh_data_synth\TabularDA\data\pilot_ctgan_v1\covertype\seed_42\covertype_seed42_ctgan_xonly_dnn_100k.predictor.pt,92568,KEEP,pilot_ctgan_v1,45 full-budget historical runs; saved dependencies and leakage-audit consumers remain.,2
remote,\home\thuy\Research\minh_data_synth\TabularDA\data\pilot_ctgan_v1\covertype\seed_42\covertype_seed42_ctgan_full_xgb_100k.quality.json,2446,KEEP,pilot_ctgan_v1,45 full-budget historical runs; saved dependencies and leakage-audit consumers remain.,2
remote,\home\thuy\Research\minh_data_synth\TabularDA\data\pilot_ctgan_v1\covertype\seed_42\covertype_seed42_ctgan_xonly_dnn_100k.dnn.json,7083,KEEP,pilot_ctgan_v1,45 full-budget historical runs; saved dependencies and leakage-audit consumers remain.,2
remote,\home\thuy\Research\minh_data_synth\TabularDA\sdv trained model\pilot_ctgan_v1\mnist28\seed_42\mnist28_seed42_ctgan_full.provenance.json,62704,KEEP,pilot_ctgan_v1,45 full-budget historical runs; saved dependencies and leakage-audit consumers remain.,8
remote,\home\thuy\Research\minh_data_synth\TabularDA\sdv trained model\pilot_ctgan_v1\mnist28\seed_42\mnist28_seed42_ctgan_xonly.provenance.json,62621,KEEP,pilot_ctgan_v1,45 full-budget historical runs; saved dependencies and leakage-audit consumers remain.,6
remote,\home\thuy\Research\minh_data_synth\TabularDA\sdv trained model\pilot_ctgan_v1\mnist28\seed_42\mnist28_seed42_ctgan_full.pkl,362935743,KEEP,pilot_ctgan_v1,45 full-budget historical runs; saved dependencies and leakage-audit consumers remain.,8
remote,\home\thuy\Research\minh_data_synth\TabularDA\sdv trained model\pilot_ctgan_v1\mnist28\seed_42\mnist28_seed42_ctgan_xonly.pkl,362277269,KEEP,pilot_ctgan_v1,45 full-budget historical runs; saved dependencies and leakage-audit consumers remain.,6
remote,\home\thuy\Research\minh_data_synth\TabularDA\sdv trained model\pilot_ctgan_v1\adult\seed_42\adult_seed42_ctgan_full.pkl,3920829,KEEP,pilot_ctgan_v1,45 full-budget historical runs; saved dependencies and leakage-audit consumers remain.,8
remote,\home\thuy\Research\minh_data_synth\TabularDA\sdv trained model\pilot_ctgan_v1\adult\seed_42\adult_seed42_ctgan_xonly.provenance.json,2185,KEEP,pilot_ctgan_v1,45 full-budget historical runs; saved dependencies and leakage-audit consumers remain.,6
remote,\home\thuy\Research\minh_data_synth\TabularDA\sdv trained model\pilot_ctgan_v1\adult\seed_42\adult_seed42_ctgan_full.provenance.json,2270,KEEP,pilot_ctgan_v1,45 full-budget historical runs; saved dependencies and leakage-audit consumers remain.,8
remote,\home\thuy\Research\minh_data_synth\TabularDA\sdv trained model\pilot_ctgan_v1\adult\seed_42\adult_seed42_ctgan_xonly.pkl,3626772,KEEP,pilot_ctgan_v1,45 full-budget historical runs; saved dependencies and leakage-audit consumers remain.,6
remote,\home\thuy\Research\minh_data_synth\TabularDA\sdv trained model\pilot_ctgan_v1\covertype\seed_42\covertype_seed42_ctgan_full.provenance.json,6285,KEEP,pilot_ctgan_v1,45 full-budget historical runs; saved dependencies and leakage-audit consumers remain.,8
remote,\home\thuy\Research\minh_data_synth\TabularDA\sdv trained model\pilot_ctgan_v1\covertype\seed_42\covertype_seed42_ctgan_xonly.provenance.json,6192,KEEP,pilot_ctgan_v1,45 full-budget historical runs; saved dependencies and leakage-audit consumers remain.,6
remote,\home\thuy\Research\minh_data_synth\TabularDA\sdv trained model\pilot_ctgan_v1\covertype\seed_42\covertype_seed42_ctgan_xonly.pkl,182768662,KEEP,pilot_ctgan_v1,45 full-budget historical runs; saved dependencies and leakage-audit consumers remain.,6
remote,\home\thuy\Research\minh_data_synth\TabularDA\sdv trained model\pilot_ctgan_v1\covertype\seed_42\covertype_seed42_ctgan_full.pkl,186931002,KEEP,pilot_ctgan_v1,45 full-budget historical runs; saved dependencies and leakage-audit consumers remain.,8
remote,\home\thuy\Research\minh_data_synth\TabularDA\output\pilot_ctgan_v1\mnist28\weight\mnist28_seed42_ctgan_full_rf_synthetic.weights.pth,4937194,KEEP,pilot_ctgan_v1,45 full-budget historical runs; saved dependencies and leakage-audit consumers remain.,1
remote,\home\thuy\Research\minh_data_synth\TabularDA\output\pilot_ctgan_v1\mnist28\weight\mnist28_seed42_ctgan_full_rf_mix.weights.pth,4936926,KEEP,pilot_ctgan_v1,45 full-budget historical runs; saved dependencies and leakage-audit consumers remain.,1
remote,\home\thuy\Research\minh_data_synth\TabularDA\output\pilot_ctgan_v1\mnist28\weight\mnist28_seed42_ctgan_full_generated_mix.weights.pth,4937228,KEEP,pilot_ctgan_v1,45 full-budget historical runs; saved dependencies and leakage-audit consumers remain.,1
remote,\home\thuy\Research\minh_data_synth\TabularDA\output\pilot_ctgan_v1\mnist28\weight\mnist28_seed42_ctgan_xonly_dnn_synthetic.weights.pth,4937262,KEEP,pilot_ctgan_v1,45 full-budget historical runs; saved dependencies and leakage-audit consumers remain.,1
remote,\home\thuy\Research\minh_data_synth\TabularDA\output\pilot_ctgan_v1\mnist28\weight\mnist28_seed42_ctgan_full_dnn_mix.weights.pth,4937024,KEEP,pilot_ctgan_v1,45 full-budget historical runs; saved dependencies and leakage-audit consumers remain.,1
remote,\home\thuy\Research\minh_data_synth\TabularDA\output\pilot_ctgan_v1\mnist28\weight\mnist28_seed42_ctgan_xonly_rf_synthetic.weights.pth,4937228,KEEP,pilot_ctgan_v1,45 full-budget historical runs; saved dependencies and leakage-audit consumers remain.,1
remote,\home\thuy\Research\minh_data_synth\TabularDA\output\pilot_ctgan_v1\mnist28\weight\mnist28_seed42_ctgan_xonly_xgb_mix.weights.pth,4937058,KEEP,pilot_ctgan_v1,45 full-budget historical runs; saved dependencies and leakage-audit consumers remain.,1
remote,\home\thuy\Research\minh_data_synth\TabularDA\output\pilot_ctgan_v1\mnist28\weight\mnist28_seed42_ctgan_full_xgb_mix.weights.pth,4937024,KEEP,pilot_ctgan_v1,45 full-budget historical runs; saved dependencies and leakage-audit consumers remain.,1
remote,\home\thuy\Research\minh_data_synth\TabularDA\output\pilot_ctgan_v1\mnist28\weight\mnist28_seed42_ctgan_full_dnn_synthetic.weights.pth,4937228,KEEP,pilot_ctgan_v1,45 full-budget historical runs; saved dependencies and leakage-audit consumers remain.,1
remote,\home\thuy\Research\minh_data_synth\TabularDA\output\pilot_ctgan_v1\mnist28\weight\mnist28_seed42_ctgan_xonly_xgb_synthetic.weights.pth,4937262,KEEP,pilot_ctgan_v1,45 full-budget historical runs; saved dependencies and leakage-audit consumers remain.,1
remote,\home\thuy\Research\minh_data_synth\TabularDA\output\pilot_ctgan_v1\mnist28\weight\mnist28_seed42_ctgan_xonly_dnn_mix.weights.pth,4937058,KEEP,pilot_ctgan_v1,45 full-budget historical runs; saved dependencies and leakage-audit consumers remain.,1
remote,\home\thuy\Research\minh_data_synth\TabularDA\output\pilot_ctgan_v1\mnist28\weight\mnist28_seed42_real_original.weights.pth,4936790,KEEP,pilot_ctgan_v1,45 full-budget historical runs; saved dependencies and leakage-audit consumers remain.,1
remote,\home\thuy\Research\minh_data_synth\TabularDA\output\pilot_ctgan_v1\mnist28\weight\mnist28_seed42_ctgan_xonly_rf_mix.weights.pth,4937024,KEEP,pilot_ctgan_v1,45 full-budget historical runs; saved dependencies and leakage-audit consumers remain.,1
remote,\home\thuy\Research\minh_data_synth\TabularDA\output\pilot_ctgan_v1\mnist28\weight\mnist28_seed42_ctgan_full_generated_synthetic.weights.pth,4937432,KEEP,pilot_ctgan_v1,45 full-budget historical runs; saved dependencies and leakage-audit consumers remain.,1
remote,\home\thuy\Research\minh_data_synth\TabularDA\output\pilot_ctgan_v1\mnist28\weight\mnist28_seed42_ctgan_full_xgb_synthetic.weights.pth,4937228,KEEP,pilot_ctgan_v1,45 full-budget historical runs; saved dependencies and leakage-audit consumers remain.,1
remote,\home\thuy\Research\minh_data_synth\TabularDA\output\pilot_ctgan_v1\mnist28\acc\mnist28_seed42_ctgan_xonly_dnn_synthetic.predictions.csv,97138,KEEP,pilot_ctgan_v1,45 full-budget historical runs; saved dependencies and leakage-audit consumers remain.,2
remote,\home\thuy\Research\minh_data_synth\TabularDA\output\pilot_ctgan_v1\mnist28\acc\mnist28_seed42_ctgan_full_dnn_synthetic.f1_micro_curve.png,46858,KEEP,pilot_ctgan_v1,45 full-budget historical runs; saved dependencies and leakage-audit consumers remain.,0
remote,\home\thuy\Research\minh_data_synth\TabularDA\output\pilot_ctgan_v1\mnist28\acc\mnist28_seed42_ctgan_full_xgb_mix.run.json,1214401,KEEP,pilot_ctgan_v1,45 full-budget historical runs; saved dependencies and leakage-audit consumers remain.,1
remote,\home\thuy\Research\minh_data_synth\TabularDA\output\pilot_ctgan_v1\mnist28\acc\mnist28_seed42_real_original.report.txt,456,KEEP,pilot_ctgan_v1,45 full-budget historical runs; saved dependencies and leakage-audit consumers remain.,0
remote,\home\thuy\Research\minh_data_synth\TabularDA\output\pilot_ctgan_v1\mnist28\acc\mnist28_seed42_ctgan_xonly_rf_mix.run.json,1214305,KEEP,pilot_ctgan_v1,45 full-budget historical runs; saved dependencies and leakage-audit consumers remain.,1
remote,\home\thuy\Research\minh_data_synth\TabularDA\output\pilot_ctgan_v1\mnist28\acc\mnist28_seed42_ctgan_xonly_rf_mix.report.txt,455,KEEP,pilot_ctgan_v1,45 full-budget historical runs; saved dependencies and leakage-audit consumers remain.,0
remote,\home\thuy\Research\minh_data_synth\TabularDA\output\pilot_ctgan_v1\mnist28\acc\mnist28_seed42_ctgan_xonly_rf_synthetic.run.json,1214325,KEEP,pilot_ctgan_v1,45 full-budget historical runs; saved dependencies and leakage-audit consumers remain.,1
remote,\home\thuy\Research\minh_data_synth\TabularDA\output\pilot_ctgan_v1\mnist28\acc\mnist28_seed42_ctgan_full_dnn_mix.report.txt,456,KEEP,pilot_ctgan_v1,45 full-budget historical runs; saved dependencies and leakage-audit consumers remain.,0
remote,\home\thuy\Research\minh_data_synth\TabularDA\output\pilot_ctgan_v1\mnist28\acc\mnist28_seed42_ctgan_full_dnn_synthetic.epochs.csv,40620,KEEP,pilot_ctgan_v1,45 full-budget historical runs; saved dependencies and leakage-audit consumers remain.,0
remote,\home\thuy\Research\minh_data_synth\TabularDA\output\pilot_ctgan_v1\mnist28\acc\mnist28_seed42_ctgan_full_xgb_synthetic.loss_curve.png,45498,KEEP,pilot_ctgan_v1,45 full-budget historical runs; saved dependencies and leakage-audit consumers remain.,0
remote,\home\thuy\Research\minh_data_synth\TabularDA\output\pilot_ctgan_v1\mnist28\acc\mnist28_seed42_ctgan_xonly_rf_mix.predictions.csv,97138,KEEP,pilot_ctgan_v1,45 full-budget historical runs; saved dependencies and leakage-audit consumers remain.,2
remote,\home\thuy\Research\minh_data_synth\TabularDA\output\pilot_ctgan_v1\mnist28\acc\mnist28_seed42_ctgan_full_rf_mix.report.txt,456,KEEP,pilot_ctgan_v1,45 full-budget historical runs; saved dependencies and leakage-audit consumers remain.,0
remote,\home\thuy\Research\minh_data_synth\TabularDA\output\pilot_ctgan_v1\mnist28\acc\mnist28_seed42_ctgan_xonly_dnn_synthetic.epochs.csv,40618,KEEP,pilot_ctgan_v1,45 full-budget historical runs; saved dependencies and leakage-audit consumers remain.,0
remote,\home\thuy\Research\minh_data_synth\TabularDA\output\pilot_ctgan_v1\mnist28\acc\mnist28_seed42_ctgan_xonly_rf_synthetic.f1_micro_curve.png,49864,KEEP,pilot_ctgan_v1,45 full-budget historical runs; saved dependencies and leakage-audit consumers remain.,0
remote,\home\thuy\Research\minh_data_synth\TabularDA\output\pilot_ctgan_v1\mnist28\acc\mnist28_seed42_ctgan_full_rf_mix.loss_curve.png,45316,KEEP,pilot_ctgan_v1,45 full-budget historical runs; saved dependencies and leakage-audit consumers remain.,0
remote,\home\thuy\Research\minh_data_synth\TabularDA\output\pilot_ctgan_v1\mnist28\acc\mnist28_seed42_ctgan_xonly_rf_synthetic.loss_curve.png,44351,KEEP,pilot_ctgan_v1,45 full-budget historical runs; saved dependencies and leakage-audit consumers remain.,0
remote,\home\thuy\Research\minh_data_synth\TabularDA\output\pilot_ctgan_v1\mnist28\acc\mnist28_seed42_ctgan_full_dnn_mix.run.json,1215964,KEEP,pilot_ctgan_v1,45 full-budget historical runs; saved dependencies and leakage-audit consumers remain.,1
remote,\home\thuy\Research\minh_data_synth\TabularDA\output\pilot_ctgan_v1\mnist28\acc\mnist28_seed42_ctgan_full_rf_synthetic.predictions.csv,97138,KEEP,pilot_ctgan_v1,45 full-budget historical runs; saved dependencies and leakage-audit consumers remain.,2
remote,\home\thuy\Research\minh_data_synth\TabularDA\output\pilot_ctgan_v1\mnist28\acc\mnist28_seed42_real_original.predictions.csv,97138,KEEP,pilot_ctgan_v1,45 full-budget historical runs; saved dependencies and leakage-audit consumers remain.,2
remote,\home\thuy\Research\minh_data_synth\TabularDA\output\pilot_ctgan_v1\mnist28\acc\mnist28_seed42_ctgan_xonly_xgb_synthetic.epochs.csv,40582,KEEP,pilot_ctgan_v1,45 full-budget historical runs; saved dependencies and leakage-audit consumers remain.,0
remote,\home\thuy\Research\minh_data_synth\TabularDA\output\pilot_ctgan_v1\mnist28\acc\mnist28_seed42_ctgan_full_rf_mix.epochs.csv,46149,KEEP,pilot_ctgan_v1,45 full-budget historical runs; saved dependencies and leakage-audit consumers remain.,0
remote,\home\thuy\Research\minh_data_synth\TabularDA\output\pilot_ctgan_v1\mnist28\acc\mnist28_seed42_ctgan_full_rf_synthetic.f1_micro_curve.png,52825,KEEP,pilot_ctgan_v1,45 full-budget historical runs; saved dependencies and leakage-audit consumers remain.,0
remote,\home\thuy\Research\minh_data_synth\TabularDA\output\pilot_ctgan_v1\mnist28\acc\mnist28_seed42_ctgan_xonly_rf_synthetic.predictions.csv,97138,KEEP,pilot_ctgan_v1,45 full-budget historical runs; saved dependencies and leakage-audit consumers remain.,2
remote,\home\thuy\Research\minh_data_synth\TabularDA\output\pilot_ctgan_v1\mnist28\acc\mnist28_seed42_ctgan_xonly_xgb_synthetic.f1_micro_curve.png,44848,KEEP,pilot_ctgan_v1,45 full-budget historical runs; saved dependencies and leakage-audit consumers remain.,0
remote,\home\thuy\Research\minh_data_synth\TabularDA\output\pilot_ctgan_v1\mnist28\acc\mnist28_seed42_ctgan_xonly_dnn_mix.predictions.csv,97138,KEEP,pilot_ctgan_v1,45 full-budget historical runs; saved dependencies and leakage-audit consumers remain.,2
remote,\home\thuy\Research\minh_data_synth\TabularDA\output\pilot_ctgan_v1\mnist28\acc\mnist28_seed42_ctgan_full_xgb_synthetic.report.txt,455,KEEP,pilot_ctgan_v1,45 full-budget historical runs; saved dependencies and leakage-audit consumers remain.,0
remote,\home\thuy\Research\minh_data_synth\TabularDA\output\pilot_ctgan_v1\mnist28\acc\mnist28_seed42_ctgan_full_generated_synthetic.run.json,1214311,KEEP,pilot_ctgan_v1,45 full-budget historical runs; saved dependencies and leakage-audit consumers remain.,1
remote,\home\thuy\Research\minh_data_synth\TabularDA\output\pilot_ctgan_v1\mnist28\acc\mnist28_seed42_ctgan_full_generated_synthetic.loss_curve.png,46556,KEEP,pilot_ctgan_v1,45 full-budget historical runs; saved dependencies and leakage-audit consumers remain.,0
remote,\home\thuy\Research\minh_data_synth\TabularDA\output\pilot_ctgan_v1\mnist28\acc\mnist28_seed42_ctgan_full_rf_mix.f1_micro_curve.png,51683,KEEP,pilot_ctgan_v1,45 full-budget historical runs; saved dependencies and leakage-audit consumers remain.,0
remote,\home\thuy\Research\minh_data_synth\TabularDA\output\pilot_ctgan_v1\mnist28\acc\mnist28_seed42_ctgan_xonly_rf_synthetic.epochs.csv,40638,KEEP,pilot_ctgan_v1,45 full-budget historical runs; saved dependencies and leakage-audit consumers remain.,0
remote,\home\thuy\Research\minh_data_synth\TabularDA\output\pilot_ctgan_v1\mnist28\acc\mnist28_seed42_ctgan_full_generated_mix.loss_curve.png,43182,KEEP,pilot_ctgan_v1,45 full-budget historical runs; saved dependencies and leakage-audit consumers remain.,0
remote,\home\thuy\Research\minh_data_synth\TabularDA\output\pilot_ctgan_v1\mnist28\acc\mnist28_seed42_ctgan_full_rf_synthetic.loss_curve.png,45170,KEEP,pilot_ctgan_v1,45 full-budget historical runs; saved dependencies and leakage-audit consumers remain.,0
remote,\home\thuy\Research\minh_data_synth\TabularDA\output\pilot_ctgan_v1\mnist28\acc\mnist28_seed42_ctgan_xonly_xgb_mix.epochs.csv,46161,KEEP,pilot_ctgan_v1,45 full-budget historical runs; saved dependencies and leakage-audit consumers remain.,0
remote,\home\thuy\Research\minh_data_synth\TabularDA\output\pilot_ctgan_v1\mnist28\acc\mnist28_seed42_ctgan_full_generated_mix.f1_micro_curve.png,50063,KEEP,pilot_ctgan_v1,45 full-budget historical runs; saved dependencies and leakage-audit consumers remain.,0
remote,\home\thuy\Research\minh_data_synth\TabularDA\output\pilot_ctgan_v1\mnist28\acc\mnist28_seed42_ctgan_xonly_xgb_synthetic.report.txt,455,KEEP,pilot_ctgan_v1,45 full-budget historical runs; saved dependencies and leakage-audit consumers remain.,0
remote,\home\thuy\Research\minh_data_synth\TabularDA\output\pilot_ctgan_v1\mnist28\acc\mnist28_seed42_ctgan_xonly_rf_mix.loss_curve.png,42861,KEEP,pilot_ctgan_v1,45 full-budget historical runs; saved dependencies and leakage-audit consumers remain.,0
remote,\home\thuy\Research\minh_data_synth\TabularDA\output\pilot_ctgan_v1\mnist28\acc\mnist28_seed42_ctgan_full_rf_synthetic.report.txt,454,KEEP,pilot_ctgan_v1,45 full-budget historical runs; saved dependencies and leakage-audit consumers remain.,0
remote,\home\thuy\Research\minh_data_synth\TabularDA\output\pilot_ctgan_v1\mnist28\acc\mnist28_seed42_ctgan_full_xgb_mix.predictions.csv,97138,KEEP,pilot_ctgan_v1,45 full-budget historical runs; saved dependencies and leakage-audit consumers remain.,2
remote,\home\thuy\Research\minh_data_synth\TabularDA\output\pilot_ctgan_v1\mnist28\acc\mnist28_seed42_ctgan_full_generated_mix.run.json,1214291,KEEP,pilot_ctgan_v1,45 full-budget historical runs; saved dependencies and leakage-audit consumers remain.,1
remote,\home\thuy\Research\minh_data_synth\TabularDA\output\pilot_ctgan_v1\mnist28\acc\mnist28_seed42_ctgan_full_xgb_mix.loss_curve.png,45600,KEEP,pilot_ctgan_v1,45 full-budget historical runs; saved dependencies and leakage-audit consumers remain.,0
remote,\home\thuy\Research\minh_data_synth\TabularDA\output\pilot_ctgan_v1\mnist28\acc\mnist28_seed42_ctgan_xonly_xgb_synthetic.predictions.csv,97138,KEEP,pilot_ctgan_v1,45 full-budget historical runs; saved dependencies and leakage-audit consumers remain.,2
remote,\home\thuy\Research\minh_data_synth\TabularDA\output\pilot_ctgan_v1\mnist28\acc\mnist28_seed42_ctgan_full_generated_synthetic.f1_micro_curve.png,59167,KEEP,pilot_ctgan_v1,45 full-budget historical runs; saved dependencies and leakage-audit consumers remain.,0
remote,\home\thuy\Research\minh_data_synth\TabularDA\output\pilot_ctgan_v1\mnist28\acc\mnist28_seed42_ctgan_xonly_xgb_mix.loss_curve.png,42978,KEEP,pilot_ctgan_v1,45 full-budget historical runs; saved dependencies and leakage-audit consumers remain.,0
remote,\home\thuy\Research\minh_data_synth\TabularDA\output\pilot_ctgan_v1\mnist28\acc\mnist28_seed42_ctgan_full_rf_synthetic.run.json,1214411,KEEP,pilot_ctgan_v1,45 full-budget historical runs; saved dependencies and leakage-audit consumers remain.,1
remote,\home\thuy\Research\minh_data_synth\TabularDA\output\pilot_ctgan_v1\mnist28\acc\mnist28_seed42_real_original.run.json,1134064,KEEP,pilot_ctgan_v1,45 full-budget historical runs; saved dependencies and leakage-audit consumers remain.,1
remote,\home\thuy\Research\minh_data_synth\TabularDA\output\pilot_ctgan_v1\mnist28\acc\mnist28_seed42_ctgan_full_xgb_mix.f1_micro_curve.png,50812,KEEP,pilot_ctgan_v1,45 full-budget historical runs; saved dependencies and leakage-audit consumers remain.,0
remote,\home\thuy\Research\minh_data_synth\TabularDA\output\pilot_ctgan_v1\mnist28\acc\mnist28_seed42_ctgan_full_generated_mix.epochs.csv,46082,KEEP,pilot_ctgan_v1,45 full-budget historical runs; saved dependencies and leakage-audit consumers remain.,0
remote,\home\thuy\Research\minh_data_synth\TabularDA\output\pilot_ctgan_v1\mnist28\acc\mnist28_seed42_ctgan_full_dnn_mix.epochs.csv,46146,KEEP,pilot_ctgan_v1,45 full-budget historical runs; saved dependencies and leakage-audit consumers remain.,0
remote,\home\thuy\Research\minh_data_synth\TabularDA\output\pilot_ctgan_v1\mnist28\acc\mnist28_seed42_ctgan_xonly_rf_synthetic.report.txt,457,KEEP,pilot_ctgan_v1,45 full-budget historical runs; saved dependencies and leakage-audit consumers remain.,0
remote,\home\thuy\Research\minh_data_synth\TabularDA\output\pilot_ctgan_v1\mnist28\acc\mnist28_seed42_ctgan_full_xgb_synthetic.predictions.csv,97138,KEEP,pilot_ctgan_v1,45 full-budget historical runs; saved dependencies and leakage-audit consumers remain.,2
remote,\home\thuy\Research\minh_data_synth\TabularDA\output\pilot_ctgan_v1\mnist28\acc\mnist28_seed42_ctgan_xonly_dnn_synthetic.loss_curve.png,45564,KEEP,pilot_ctgan_v1,45 full-budget historical runs; saved dependencies and leakage-audit consumers remain.,0
remote,\home\thuy\Research\minh_data_synth\TabularDA\output\pilot_ctgan_v1\mnist28\acc\mnist28_seed42_ctgan_full_dnn_synthetic.report.txt,457,KEEP,pilot_ctgan_v1,45 full-budget historical runs; saved dependencies and leakage-audit consumers remain.,0
remote,\home\thuy\Research\minh_data_synth\TabularDA\output\pilot_ctgan_v1\mnist28\acc\mnist28_seed42_ctgan_xonly_dnn_mix.run.json,1215822,KEEP,pilot_ctgan_v1,45 full-budget historical runs; saved dependencies and leakage-audit consumers remain.,1
remote,\home\thuy\Research\minh_data_synth\TabularDA\output\pilot_ctgan_v1\mnist28\acc\mnist28_seed42_ctgan_xonly_dnn_mix.f1_micro_curve.png,46430,KEEP,pilot_ctgan_v1,45 full-budget historical runs; saved dependencies and leakage-audit consumers remain.,0
remote,\home\thuy\Research\minh_data_synth\TabularDA\output\pilot_ctgan_v1\mnist28\acc\mnist28_seed42_ctgan_xonly_xgb_mix.f1_micro_curve.png,48037,KEEP,pilot_ctgan_v1,45 full-budget historical runs; saved dependencies and leakage-audit consumers remain.,0
remote,\home\thuy\Research\minh_data_synth\TabularDA\output\pilot_ctgan_v1\mnist28\acc\mnist28_seed42_ctgan_full_dnn_synthetic.run.json,1215983,KEEP,pilot_ctgan_v1,45 full-budget historical runs; saved dependencies and leakage-audit consumers remain.,1
remote,\home\thuy\Research\minh_data_synth\TabularDA\output\pilot_ctgan_v1\mnist28\acc\mnist28_seed42_ctgan_full_generated_mix.predictions.csv,97138,KEEP,pilot_ctgan_v1,45 full-budget historical runs; saved dependencies and leakage-audit consumers remain.,2
remote,\home\thuy\Research\minh_data_synth\TabularDA\output\pilot_ctgan_v1\mnist28\acc\mnist28_seed42_ctgan_full_dnn_synthetic.predictions.csv,97138,KEEP,pilot_ctgan_v1,45 full-budget historical runs; saved dependencies and leakage-audit consumers remain.,2
remote,\home\thuy\Research\minh_data_synth\TabularDA\output\pilot_ctgan_v1\mnist28\acc\mnist28_seed42_ctgan_xonly_rf_mix.epochs.csv,46125,KEEP,pilot_ctgan_v1,45 full-budget historical runs; saved dependencies and leakage-audit consumers remain.,0
remote,\home\thuy\Research\minh_data_synth\TabularDA\output\pilot_ctgan_v1\mnist28\acc\mnist28_seed42_ctgan_full_generated_synthetic.report.txt,457,KEEP,pilot_ctgan_v1,45 full-budget historical runs; saved dependencies and leakage-audit consumers remain.,0
remote,\home\thuy\Research\minh_data_synth\TabularDA\output\pilot_ctgan_v1\mnist28\acc\mnist28_seed42_ctgan_xonly_rf_mix.f1_micro_curve.png,47916,KEEP,pilot_ctgan_v1,45 full-budget historical runs; saved dependencies and leakage-audit consumers remain.,0
remote,\home\thuy\Research\minh_data_synth\TabularDA\output\pilot_ctgan_v1\mnist28\acc\mnist28_seed42_ctgan_xonly_xgb_mix.run.json,1214312,KEEP,pilot_ctgan_v1,45 full-budget historical runs; saved dependencies and leakage-audit consumers remain.,1
remote,\home\thuy\Research\minh_data_synth\TabularDA\output\pilot_ctgan_v1\mnist28\acc\mnist28_seed42_ctgan_xonly_xgb_mix.report.txt,456,KEEP,pilot_ctgan_v1,45 full-budget historical runs; saved dependencies and leakage-audit consumers remain.,0
remote,\home\thuy\Research\minh_data_synth\TabularDA\output\pilot_ctgan_v1\mnist28\acc\mnist28_seed42_ctgan_xonly_dnn_mix.report.txt,457,KEEP,pilot_ctgan_v1,45 full-budget historical runs; saved dependencies and leakage-audit consumers remain.,0
remote,\home\thuy\Research\minh_data_synth\TabularDA\output\pilot_ctgan_v1\mnist28\acc\mnist28_seed42_ctgan_full_dnn_mix.loss_curve.png,45525,KEEP,pilot_ctgan_v1,45 full-budget historical runs; saved dependencies and leakage-audit consumers remain.,0
remote,\home\thuy\Research\minh_data_synth\TabularDA\output\pilot_ctgan_v1\mnist28\acc\mnist28_seed42_ctgan_xonly_xgb_synthetic.run.json,1214329,KEEP,pilot_ctgan_v1,45 full-budget historical runs; saved dependencies and leakage-audit consumers remain.,1
remote,\home\thuy\Research\minh_data_synth\TabularDA\output\pilot_ctgan_v1\mnist28\acc\mnist28_seed42_ctgan_full_rf_mix.run.json,1214394,KEEP,pilot_ctgan_v1,45 full-budget historical runs; saved dependencies and leakage-audit consumers remain.,1
remote,\home\thuy\Research\minh_data_synth\TabularDA\output\pilot_ctgan_v1\mnist28\acc\mnist28_seed42_ctgan_full_xgb_mix.report.txt,457,KEEP,pilot_ctgan_v1,45 full-budget historical runs; saved dependencies and leakage-audit consumers remain.,0
remote,\home\thuy\Research\minh_data_synth\TabularDA\output\pilot_ctgan_v1\mnist28\acc\mnist28_seed42_ctgan_xonly_dnn_synthetic.report.txt,451,KEEP,pilot_ctgan_v1,45 full-budget historical runs; saved dependencies and leakage-audit consumers remain.,0
remote,\home\thuy\Research\minh_data_synth\TabularDA\output\pilot_ctgan_v1\mnist28\acc\mnist28_seed42_ctgan_xonly_xgb_synthetic.loss_curve.png,43962,KEEP,pilot_ctgan_v1,45 full-budget historical runs; saved dependencies and leakage-audit consumers remain.,0
remote,\home\thuy\Research\minh_data_synth\TabularDA\output\pilot_ctgan_v1\mnist28\acc\mnist28_seed42_real_original.f1_micro_curve.png,49489,KEEP,pilot_ctgan_v1,45 full-budget historical runs; saved dependencies and leakage-audit consumers remain.,0
remote,\home\thuy\Research\minh_data_synth\TabularDA\output\pilot_ctgan_v1\mnist28\acc\mnist28_seed42_ctgan_xonly_dnn_synthetic.run.json,1215834,KEEP,pilot_ctgan_v1,45 full-budget historical runs; saved dependencies and leakage-audit consumers remain.,1
remote,\home\thuy\Research\minh_data_synth\TabularDA\output\pilot_ctgan_v1\mnist28\acc\mnist28_seed42_ctgan_full_dnn_mix.f1_micro_curve.png,52014,KEEP,pilot_ctgan_v1,45 full-budget historical runs; saved dependencies and leakage-audit consumers remain.,0
remote,\home\thuy\Research\minh_data_synth\TabularDA\output\pilot_ctgan_v1\mnist28\acc\mnist28_seed42_ctgan_full_xgb_mix.epochs.csv,46142,KEEP,pilot_ctgan_v1,45 full-budget historical runs; saved dependencies and leakage-audit consumers remain.,0
remote,\home\thuy\Research\minh_data_synth\TabularDA\output\pilot_ctgan_v1\mnist28\acc\mnist28_seed42_ctgan_full_dnn_mix.predictions.csv,97138,KEEP,pilot_ctgan_v1,45 full-budget historical runs; saved dependencies and leakage-audit consumers remain.,2
remote,\home\thuy\Research\minh_data_synth\TabularDA\output\pilot_ctgan_v1\mnist28\acc\mnist28_seed42_ctgan_xonly_dnn_mix.loss_curve.png,43132,KEEP,pilot_ctgan_v1,45 full-budget historical runs; saved dependencies and leakage-audit consumers remain.,0
remote,\home\thuy\Research\minh_data_synth\TabularDA\output\pilot_ctgan_v1\mnist28\acc\mnist28_seed42_ctgan_full_generated_synthetic.epochs.csv,37761,KEEP,pilot_ctgan_v1,45 full-budget historical runs; saved dependencies and leakage-audit consumers remain.,0
remote,\home\thuy\Research\minh_data_synth\TabularDA\output\pilot_ctgan_v1\mnist28\acc\mnist28_seed42_ctgan_full_xgb_synthetic.epochs.csv,40601,KEEP,pilot_ctgan_v1,45 full-budget historical runs; saved dependencies and leakage-audit consumers remain.,0
remote,\home\thuy\Research\minh_data_synth\TabularDA\output\pilot_ctgan_v1\mnist28\acc\mnist28_seed42_ctgan_xonly_dnn_mix.epochs.csv,46215,KEEP,pilot_ctgan_v1,45 full-budget historical runs; saved dependencies and leakage-audit consumers remain.,0
remote,\home\thuy\Research\minh_data_synth\TabularDA\output\pilot_ctgan_v1\mnist28\acc\mnist28_seed42_ctgan_full_generated_synthetic.predictions.csv,97138,KEEP,pilot_ctgan_v1,45 full-budget historical runs; saved dependencies and leakage-audit consumers remain.,2
remote,\home\thuy\Research\minh_data_synth\TabularDA\output\pilot_ctgan_v1\mnist28\acc\mnist28_seed42_ctgan_full_xgb_synthetic.f1_micro_curve.png,53682,KEEP,pilot_ctgan_v1,45 full-budget historical runs; saved dependencies and leakage-audit consumers remain.,0
remote,\home\thuy\Research\minh_data_synth\TabularDA\output\pilot_ctgan_v1\mnist28\acc\mnist28_seed42_ctgan_xonly_xgb_mix.predictions.csv,97138,KEEP,pilot_ctgan_v1,45 full-budget historical runs; saved dependencies and leakage-audit consumers remain.,2
remote,\home\thuy\Research\minh_data_synth\TabularDA\output\pilot_ctgan_v1\mnist28\acc\mnist28_seed42_ctgan_full_dnn_synthetic.loss_curve.png,45642,KEEP,pilot_ctgan_v1,45 full-budget historical runs; saved dependencies and leakage-audit consumers remain.,0
remote,\home\thuy\Research\minh_data_synth\TabularDA\output\pilot_ctgan_v1\mnist28\acc\mnist28_seed42_ctgan_xonly_dnn_synthetic.f1_micro_curve.png,46314,KEEP,pilot_ctgan_v1,45 full-budget historical runs; saved dependencies and leakage-audit consumers remain.,0
remote,\home\thuy\Research\minh_data_synth\TabularDA\output\pilot_ctgan_v1\mnist28\acc\mnist28_seed42_ctgan_full_rf_mix.predictions.csv,97138,KEEP,pilot_ctgan_v1,45 full-budget historical runs; saved dependencies and leakage-audit consumers remain.,2
remote,\home\thuy\Research\minh_data_synth\TabularDA\output\pilot_ctgan_v1\mnist28\acc\mnist28_seed42_real_original.loss_curve.png,40529,KEEP,pilot_ctgan_v1,45 full-budget historical runs; saved dependencies and leakage-audit consumers remain.,0
remote,\home\thuy\Research\minh_data_synth\TabularDA\output\pilot_ctgan_v1\mnist28\acc\mnist28_seed42_ctgan_full_rf_synthetic.epochs.csv,40623,KEEP,pilot_ctgan_v1,45 full-budget historical runs; saved dependencies and leakage-audit consumers remain.,0
remote,\home\thuy\Research\minh_data_synth\TabularDA\output\pilot_ctgan_v1\mnist28\acc\mnist28_seed42_real_original.epochs.csv,46260,KEEP,pilot_ctgan_v1,45 full-budget historical runs; saved dependencies and leakage-audit consumers remain.,0
remote,\home\thuy\Research\minh_data_synth\TabularDA\output\pilot_ctgan_v1\mnist28\acc\mnist28_seed42_ctgan_full_xgb_synthetic.run.json,1214417,KEEP,pilot_ctgan_v1,45 full-budget historical runs; saved dependencies and leakage-audit consumers remain.,1
remote,\home\thuy\Research\minh_data_synth\TabularDA\output\pilot_ctgan_v1\mnist28\acc\mnist28_seed42_ctgan_full_generated_mix.report.txt,454,KEEP,pilot_ctgan_v1,45 full-budget historical runs; saved dependencies and leakage-audit consumers remain.,0
remote,\home\thuy\Research\minh_data_synth\TabularDA\output\pilot_ctgan_v1\logs\mnist28_seed42_ctgan_xonly_rf_mix.log,101161,KEEP,pilot_ctgan_v1,45 full-budget historical runs; saved dependencies and leakage-audit consumers remain.,0
remote,\home\thuy\Research\minh_data_synth\TabularDA\output\pilot_ctgan_v1\logs\covertype_seed42_ctgan_xonly_dnn_mix.log,100706,KEEP,pilot_ctgan_v1,45 full-budget historical runs; saved dependencies and leakage-audit consumers remain.,0
remote,\home\thuy\Research\minh_data_synth\TabularDA\output\pilot_ctgan_v1\logs\covertype_seed42_ctgan_generate.log,201514,KEEP,pilot_ctgan_v1,45 full-budget historical runs; saved dependencies and leakage-audit consumers remain.,0
remote,\home\thuy\Research\minh_data_synth\TabularDA\output\pilot_ctgan_v1\logs\covertype_seed42_ctgan_xonly_xgb_mix.log,99304,KEEP,pilot_ctgan_v1,45 full-budget historical runs; saved dependencies and leakage-audit consumers remain.,0
remote,\home\thuy\Research\minh_data_synth\TabularDA\output\pilot_ctgan_v1\logs\adult_seed42_ctgan_xonly_dnn_mix.log,44181,KEEP,pilot_ctgan_v1,45 full-budget historical runs; saved dependencies and leakage-audit consumers remain.,0
remote,\home\thuy\Research\minh_data_synth\TabularDA\output\pilot_ctgan_v1\logs\covertype_seed42_ctgan_full_rf_mix.log,99669,KEEP,pilot_ctgan_v1,45 full-budget historical runs; saved dependencies and leakage-audit consumers remain.,0
remote,\home\thuy\Research\minh_data_synth\TabularDA\output\pilot_ctgan_v1\logs\mnist28_seed42_real_original.log,101722,KEEP,pilot_ctgan_v1,45 full-budget historical runs; saved dependencies and leakage-audit consumers remain.,0
remote,\home\thuy\Research\minh_data_synth\TabularDA\output\pilot_ctgan_v1\logs\adult_seed42_ctgan_full_generated_mix.log,86094,KEEP,pilot_ctgan_v1,45 full-budget historical runs; saved dependencies and leakage-audit consumers remain.,0
remote,\home\thuy\Research\minh_data_synth\TabularDA\output\pilot_ctgan_v1\logs\mnist28_seed42_ctgan_full_generated_mix.log,101818,KEEP,pilot_ctgan_v1,45 full-budget historical runs; saved dependencies and leakage-audit consumers remain.,0
remote,\home\thuy\Research\minh_data_synth\TabularDA\output\pilot_ctgan_v1\logs\adult_seed42_ctgan_xonly_rf_mix.log,49529,KEEP,pilot_ctgan_v1,45 full-budget historical runs; saved dependencies and leakage-audit consumers remain.,0
remote,\home\thuy\Research\minh_data_synth\TabularDA\output\pilot_ctgan_v1\logs\mnist28_seed42_ctgan_full_dnn_synthetic.log,96059,KEEP,pilot_ctgan_v1,45 full-budget historical runs; saved dependencies and leakage-audit consumers remain.,0
remote,\home\thuy\Research\minh_data_synth\TabularDA\output\pilot_ctgan_v1\logs\mnist28_seed42_ctgan_generate.log,243284,KEEP,pilot_ctgan_v1,45 full-budget historical runs; saved dependencies and leakage-audit consumers remain.,0
remote,\home\thuy\Research\minh_data_synth\TabularDA\output\pilot_ctgan_v1\logs\covertype_seed42_ctgan_full_dnn_synthetic.log,69372,KEEP,pilot_ctgan_v1,45 full-budget historical runs; saved dependencies and leakage-audit consumers remain.,0
remote,\home\thuy\Research\minh_data_synth\TabularDA\output\pilot_ctgan_v1\logs\adult_seed42_ctgan_full_rf_mix.log,44097,KEEP,pilot_ctgan_v1,45 full-budget historical runs; saved dependencies and leakage-audit consumers remain.,0
remote,\home\thuy\Research\minh_data_synth\TabularDA\output\pilot_ctgan_v1\logs\adult_seed42_ctgan_full_rf_synthetic.log,42440,KEEP,pilot_ctgan_v1,45 full-budget historical runs; saved dependencies and leakage-audit consumers remain.,0
remote,\home\thuy\Research\minh_data_synth\TabularDA\output\pilot_ctgan_v1\logs\adult_seed42_ctgan_xonly_rf_synthetic.log,42390,KEEP,pilot_ctgan_v1,45 full-budget historical runs; saved dependencies and leakage-audit consumers remain.,0
remote,\home\thuy\Research\minh_data_synth\TabularDA\output\pilot_ctgan_v1\logs\covertype_seed42_ctgan_full_generated_synthetic.log,39546,KEEP,pilot_ctgan_v1,45 full-budget historical runs; saved dependencies and leakage-audit consumers remain.,0
remote,\home\thuy\Research\minh_data_synth\TabularDA\output\pilot_ctgan_v1\logs\adult_seed42_ctgan_xonly_dnn_synthetic.log,42411,KEEP,pilot_ctgan_v1,45 full-budget historical runs; saved dependencies and leakage-audit consumers remain.,0
remote,\home\thuy\Research\minh_data_synth\TabularDA\output\pilot_ctgan_v1\logs\covertype_seed42_ctgan_xonly_dnn_synthetic.log,79095,KEEP,pilot_ctgan_v1,45 full-budget historical runs; saved dependencies and leakage-audit consumers remain.,0
remote,\home\thuy\Research\minh_data_synth\TabularDA\output\pilot_ctgan_v1\logs\mnist28_seed42_ctgan_full_xgb_synthetic.log,95355,KEEP,pilot_ctgan_v1,45 full-budget historical runs; saved dependencies and leakage-audit consumers remain.,0
remote,\home\thuy\Research\minh_data_synth\TabularDA\output\pilot_ctgan_v1\logs\adult_seed42_ctgan_xonly_xgb_synthetic.log,42416,KEEP,pilot_ctgan_v1,45 full-budget historical runs; saved dependencies and leakage-audit consumers remain.,0
remote,\home\thuy\Research\minh_data_synth\TabularDA\output\pilot_ctgan_v1\logs\mnist28_seed42_ctgan_xonly_xgb_mix.log,101564,KEEP,pilot_ctgan_v1,45 full-budget historical runs; saved dependencies and leakage-audit consumers remain.,0
remote,\home\thuy\Research\minh_data_synth\TabularDA\output\pilot_ctgan_v1\logs\covertype_seed42_ctgan_full_generated_mix.log,99410,KEEP,pilot_ctgan_v1,45 full-budget historical runs; saved dependencies and leakage-audit consumers remain.,0
remote,\home\thuy\Research\minh_data_synth\TabularDA\output\pilot_ctgan_v1\logs\covertype_seed42_ctgan_xonly_rf_synthetic.log,35779,KEEP,pilot_ctgan_v1,45 full-budget historical runs; saved dependencies and leakage-audit consumers remain.,0
remote,\home\thuy\Research\minh_data_synth\TabularDA\output\pilot_ctgan_v1\logs\mnist28_seed42_ctgan_xonly_xgb_synthetic.log,96007,KEEP,pilot_ctgan_v1,45 full-budget historical runs; saved dependencies and leakage-audit consumers remain.,0
remote,\home\thuy\Research\minh_data_synth\TabularDA\output\pilot_ctgan_v1\logs\adult_seed42_ctgan_full_xgb_synthetic.log,42369,KEEP,pilot_ctgan_v1,45 full-budget historical runs; saved dependencies and leakage-audit consumers remain.,0
remote,\home\thuy\Research\minh_data_synth\TabularDA\output\pilot_ctgan_v1\logs\mnist28_seed42_ctgan_full_rf_mix.log,99529,KEEP,pilot_ctgan_v1,45 full-budget historical runs; saved dependencies and leakage-audit consumers remain.,0
remote,\home\thuy\Research\minh_data_synth\TabularDA\output\pilot_ctgan_v1\logs\covertype_seed42_ctgan_xonly_rf_mix.log,99798,KEEP,pilot_ctgan_v1,45 full-budget historical runs; saved dependencies and leakage-audit consumers remain.,0
remote,\home\thuy\Research\minh_data_synth\TabularDA\output\pilot_ctgan_v1\logs\mnist28_seed42_ctgan_full_generated_synthetic.log,88079,KEEP,pilot_ctgan_v1,45 full-budget historical runs; saved dependencies and leakage-audit consumers remain.,0
remote,\home\thuy\Research\minh_data_synth\TabularDA\output\pilot_ctgan_v1\logs\adult_seed42_ctgan_full_generated_synthetic.log,83833,KEEP,pilot_ctgan_v1,45 full-budget historical runs; saved dependencies and leakage-audit consumers remain.,0
remote,\home\thuy\Research\minh_data_synth\TabularDA\output\pilot_ctgan_v1\logs\mnist28_seed42_ctgan_full_dnn_mix.log,100075,KEEP,pilot_ctgan_v1,45 full-budget historical runs; saved dependencies and leakage-audit consumers remain.,0
remote,\home\thuy\Research\minh_data_synth\TabularDA\output\pilot_ctgan_v1\logs\mnist28_seed42_ctgan_full_xgb_mix.log,100291,KEEP,pilot_ctgan_v1,45 full-budget historical runs; saved dependencies and leakage-audit consumers remain.,0
remote,\home\thuy\Research\minh_data_synth\TabularDA\output\pilot_ctgan_v1\logs\covertype_seed42_ctgan_full_dnn_mix.log,100976,KEEP,pilot_ctgan_v1,45 full-budget historical runs; saved dependencies and leakage-audit consumers remain.,0
remote,\home\thuy\Research\minh_data_synth\TabularDA\output\pilot_ctgan_v1\logs\mnist28_seed42_ctgan_full_rf_synthetic.log,95624,KEEP,pilot_ctgan_v1,45 full-budget historical runs; saved dependencies and leakage-audit consumers remain.,0
remote,\home\thuy\Research\minh_data_synth\TabularDA\output\pilot_ctgan_v1\logs\mnist28_seed42_ctgan_xonly_dnn_mix.log,101054,KEEP,pilot_ctgan_v1,45 full-budget historical runs; saved dependencies and leakage-audit consumers remain.,0
remote,\home\thuy\Research\minh_data_synth\TabularDA\output\pilot_ctgan_v1\logs\sdv_smoke.log,297,KEEP,pilot_ctgan_v1,45 full-budget historical runs; saved dependencies and leakage-audit consumers remain.,0
remote,\home\thuy\Research\minh_data_synth\TabularDA\output\pilot_ctgan_v1\logs\mnist28_seed42_ctgan_xonly_dnn_synthetic.log,95883,KEEP,pilot_ctgan_v1,45 full-budget historical runs; saved dependencies and leakage-audit consumers remain.,0
remote,\home\thuy\Research\minh_data_synth\TabularDA\output\pilot_ctgan_v1\logs\covertype_seed42_ctgan_full_rf_synthetic.log,42784,KEEP,pilot_ctgan_v1,45 full-budget historical runs; saved dependencies and leakage-audit consumers remain.,0
remote,\home\thuy\Research\minh_data_synth\TabularDA\output\pilot_ctgan_v1\logs\adult_seed42_ctgan_full_dnn_synthetic.log,42481,KEEP,pilot_ctgan_v1,45 full-budget historical runs; saved dependencies and leakage-audit consumers remain.,0
remote,\home\thuy\Research\minh_data_synth\TabularDA\output\pilot_ctgan_v1\logs\adult_seed42_ctgan_xonly_xgb_mix.log,44194,KEEP,pilot_ctgan_v1,45 full-budget historical runs; saved dependencies and leakage-audit consumers remain.,0
remote,\home\thuy\Research\minh_data_synth\TabularDA\output\pilot_ctgan_v1\logs\mnist28_seed42_ctgan_xonly_rf_synthetic.log,96299,KEEP,pilot_ctgan_v1,45 full-budget historical runs; saved dependencies and leakage-audit consumers remain.,0
remote,\home\thuy\Research\minh_data_synth\TabularDA\output\pilot_ctgan_v1\logs\covertype_seed42_ctgan_full_xgb_mix.log,99596,KEEP,pilot_ctgan_v1,45 full-budget historical runs; saved dependencies and leakage-audit consumers remain.,0
remote,\home\thuy\Research\minh_data_synth\TabularDA\output\pilot_ctgan_v1\logs\adult_seed42_real_original.log,106683,KEEP,pilot_ctgan_v1,45 full-budget historical runs; saved dependencies and leakage-audit consumers remain.,0
remote,\home\thuy\Research\minh_data_synth\TabularDA\output\pilot_ctgan_v1\logs\adult_seed42_ctgan_full_xgb_mix.log,44183,KEEP,pilot_ctgan_v1,45 full-budget historical runs; saved dependencies and leakage-audit consumers remain.,0
remote,\home\thuy\Research\minh_data_synth\TabularDA\output\pilot_ctgan_v1\logs\covertype_seed42_ctgan_xonly_xgb_synthetic.log,41224,KEEP,pilot_ctgan_v1,45 full-budget historical runs; saved dependencies and leakage-audit consumers remain.,0
remote,\home\thuy\Research\minh_data_synth\TabularDA\output\pilot_ctgan_v1\logs\adult_seed42_ctgan_full_dnn_mix.log,44219,KEEP,pilot_ctgan_v1,45 full-budget historical runs; saved dependencies and leakage-audit consumers remain.,0
remote,\home\thuy\Research\minh_data_synth\TabularDA\output\pilot_ctgan_v1\logs\adult_seed42_ctgan_generate.log,191412,KEEP,pilot_ctgan_v1,45 full-budget historical runs; saved dependencies and leakage-audit consumers remain.,0
remote,\home\thuy\Research\minh_data_synth\TabularDA\output\pilot_ctgan_v1\logs\covertype_seed42_ctgan_full_xgb_synthetic.log,36677,KEEP,pilot_ctgan_v1,45 full-budget historical runs; saved dependencies and leakage-audit consumers remain.,0
remote,\home\thuy\Research\minh_data_synth\TabularDA\output\pilot_ctgan_v1\logs\covertype_seed42_real_original.log,85096,KEEP,pilot_ctgan_v1,45 full-budget historical runs; saved dependencies and leakage-audit consumers remain.,0
remote,\home\thuy\Research\minh_data_synth\TabularDA\output\pilot_ctgan_v1\adult\weight\adult_seed42_ctgan_full_rf_mix.weights.pth,113498,KEEP,pilot_ctgan_v1,45 full-budget historical runs; saved dependencies and leakage-audit consumers remain.,1
remote,\home\thuy\Research\minh_data_synth\TabularDA\output\pilot_ctgan_v1\adult\weight\adult_seed42_ctgan_xonly_dnn_synthetic.weights.pth,113770,KEEP,pilot_ctgan_v1,45 full-budget historical runs; saved dependencies and leakage-audit consumers remain.,1
remote,\home\thuy\Research\minh_data_synth\TabularDA\output\pilot_ctgan_v1\adult\weight\adult_seed42_real_original.weights.pth,113362,KEEP,pilot_ctgan_v1,45 full-budget historical runs; saved dependencies and leakage-audit consumers remain.,1
remote,\home\thuy\Research\minh_data_synth\TabularDA\output\pilot_ctgan_v1\adult\weight\adult_seed42_ctgan_full_dnn_synthetic.weights.pth,113736,KEEP,pilot_ctgan_v1,45 full-budget historical runs; saved dependencies and leakage-audit consumers remain.,1
remote,\home\thuy\Research\minh_data_synth\TabularDA\output\pilot_ctgan_v1\adult\weight\adult_seed42_ctgan_full_xgb_mix.weights.pth,113532,KEEP,pilot_ctgan_v1,45 full-budget historical runs; saved dependencies and leakage-audit consumers remain.,1
remote,\home\thuy\Research\minh_data_synth\TabularDA\output\pilot_ctgan_v1\adult\weight\adult_seed42_ctgan_xonly_rf_mix.weights.pth,113532,KEEP,pilot_ctgan_v1,45 full-budget historical runs; saved dependencies and leakage-audit consumers remain.,1
remote,\home\thuy\Research\minh_data_synth\TabularDA\output\pilot_ctgan_v1\adult\weight\adult_seed42_ctgan_full_generated_synthetic.weights.pth,113940,KEEP,pilot_ctgan_v1,45 full-budget historical runs; saved dependencies and leakage-audit consumers remain.,1
remote,\home\thuy\Research\minh_data_synth\TabularDA\output\pilot_ctgan_v1\adult\weight\adult_seed42_ctgan_full_xgb_synthetic.weights.pth,113736,KEEP,pilot_ctgan_v1,45 full-budget historical runs; saved dependencies and leakage-audit consumers remain.,1
remote,\home\thuy\Research\minh_data_synth\TabularDA\output\pilot_ctgan_v1\adult\weight\adult_seed42_ctgan_xonly_xgb_mix.weights.pth,113566,KEEP,pilot_ctgan_v1,45 full-budget historical runs; saved dependencies and leakage-audit consumers remain.,1
remote,\home\thuy\Research\minh_data_synth\TabularDA\output\pilot_ctgan_v1\adult\weight\adult_seed42_ctgan_full_dnn_mix.weights.pth,113532,KEEP,pilot_ctgan_v1,45 full-budget historical runs; saved dependencies and leakage-audit consumers remain.,1
remote,\home\thuy\Research\minh_data_synth\TabularDA\output\pilot_ctgan_v1\adult\weight\adult_seed42_ctgan_full_generated_mix.weights.pth,113736,KEEP,pilot_ctgan_v1,45 full-budget historical runs; saved dependencies and leakage-audit consumers remain.,1
remote,\home\thuy\Research\minh_data_synth\TabularDA\output\pilot_ctgan_v1\adult\weight\adult_seed42_ctgan_xonly_rf_synthetic.weights.pth,113736,KEEP,pilot_ctgan_v1,45 full-budget historical runs; saved dependencies and leakage-audit consumers remain.,1
remote,\home\thuy\Research\minh_data_synth\TabularDA\output\pilot_ctgan_v1\adult\weight\adult_seed42_ctgan_xonly_xgb_synthetic.weights.pth,113770,KEEP,pilot_ctgan_v1,45 full-budget historical runs; saved dependencies and leakage-audit consumers remain.,1
remote,\home\thuy\Research\minh_data_synth\TabularDA\output\pilot_ctgan_v1\adult\weight\adult_seed42_ctgan_xonly_dnn_mix.weights.pth,113566,KEEP,pilot_ctgan_v1,45 full-budget historical runs; saved dependencies and leakage-audit consumers remain.,1
remote,\home\thuy\Research\minh_data_synth\TabularDA\output\pilot_ctgan_v1\adult\weight\adult_seed42_ctgan_full_rf_synthetic.weights.pth,113702,KEEP,pilot_ctgan_v1,45 full-budget historical runs; saved dependencies and leakage-audit consumers remain.,1
remote,\home\thuy\Research\minh_data_synth\TabularDA\output\pilot_ctgan_v1\adult\acc\adult_seed42_ctgan_full_dnn_synthetic.epochs.csv,19523,KEEP,pilot_ctgan_v1,45 full-budget historical runs; saved dependencies and leakage-audit consumers remain.,0
remote,\home\thuy\Research\minh_data_synth\TabularDA\output\pilot_ctgan_v1\adult\acc\adult_seed42_ctgan_xonly_rf_synthetic.epochs.csv,19453,KEEP,pilot_ctgan_v1,45 full-budget historical runs; saved dependencies and leakage-audit consumers remain.,0
remote,\home\thuy\Research\minh_data_synth\TabularDA\output\pilot_ctgan_v1\adult\acc\adult_seed42_ctgan_full_xgb_mix.report.txt,626,KEEP,pilot_ctgan_v1,45 full-budget historical runs; saved dependencies and leakage-audit consumers remain.,0
remote,\home\thuy\Research\minh_data_synth\TabularDA\output\pilot_ctgan_v1\adult\acc\adult_seed42_ctgan_full_rf_mix.run.json,728328,KEEP,pilot_ctgan_v1,45 full-budget historical runs; saved dependencies and leakage-audit consumers remain.,1
remote,\home\thuy\Research\minh_data_synth\TabularDA\output\pilot_ctgan_v1\adult\acc\adult_seed42_real_original.epochs.csv,52300,KEEP,pilot_ctgan_v1,45 full-budget historical runs; saved dependencies and leakage-audit consumers remain.,0
remote,\home\thuy\Research\minh_data_synth\TabularDA\output\pilot_ctgan_v1\adult\acc\adult_seed42_ctgan_xonly_rf_synthetic.loss_curve.png,43460,KEEP,pilot_ctgan_v1,45 full-budget historical runs; saved dependencies and leakage-audit consumers remain.,0
remote,\home\thuy\Research\minh_data_synth\TabularDA\output\pilot_ctgan_v1\adult\acc\adult_seed42_ctgan_full_generated_synthetic.predictions.csv,238524,KEEP,pilot_ctgan_v1,45 full-budget historical runs; saved dependencies and leakage-audit consumers remain.,2
remote,\home\thuy\Research\minh_data_synth\TabularDA\output\pilot_ctgan_v1\adult\acc\adult_seed42_ctgan_full_rf_synthetic.epochs.csv,19490,KEEP,pilot_ctgan_v1,45 full-budget historical runs; saved dependencies and leakage-audit consumers remain.,0
remote,\home\thuy\Research\minh_data_synth\TabularDA\output\pilot_ctgan_v1\adult\acc\adult_seed42_ctgan_full_rf_synthetic.run.json,728347,KEEP,pilot_ctgan_v1,45 full-budget historical runs; saved dependencies and leakage-audit consumers remain.,1
remote,\home\thuy\Research\minh_data_synth\TabularDA\output\pilot_ctgan_v1\adult\acc\adult_seed42_ctgan_full_xgb_synthetic.loss_curve.png,41599,KEEP,pilot_ctgan_v1,45 full-budget historical runs; saved dependencies and leakage-audit consumers remain.,0
remote,\home\thuy\Research\minh_data_synth\TabularDA\output\pilot_ctgan_v1\adult\acc\adult_seed42_ctgan_full_generated_mix.run.json,728231,KEEP,pilot_ctgan_v1,45 full-budget historical runs; saved dependencies and leakage-audit consumers remain.,1
remote,\home\thuy\Research\minh_data_synth\TabularDA\output\pilot_ctgan_v1\adult\acc\adult_seed42_ctgan_xonly_xgb_synthetic.run.json,728258,KEEP,pilot_ctgan_v1,45 full-budget historical runs; saved dependencies and leakage-audit consumers remain.,1
remote,\home\thuy\Research\minh_data_synth\TabularDA\output\pilot_ctgan_v1\adult\acc\adult_seed42_ctgan_full_dnn_synthetic.f1_micro_curve.png,41064,KEEP,pilot_ctgan_v1,45 full-budget historical runs; saved dependencies and leakage-audit consumers remain.,0
remote,\home\thuy\Research\minh_data_synth\TabularDA\output\pilot_ctgan_v1\adult\acc\adult_seed42_ctgan_full_xgb_synthetic.f1_micro_curve.png,40098,KEEP,pilot_ctgan_v1,45 full-budget historical runs; saved dependencies and leakage-audit consumers remain.,0
remote,\home\thuy\Research\minh_data_synth\TabularDA\output\pilot_ctgan_v1\adult\acc\adult_seed42_real_original.f1_micro_curve.png,59506,KEEP,pilot_ctgan_v1,45 full-budget historical runs; saved dependencies and leakage-audit consumers remain.,0
remote,\home\thuy\Research\minh_data_synth\TabularDA\output\pilot_ctgan_v1\adult\acc\adult_seed42_ctgan_xonly_rf_synthetic.predictions.csv,239037,KEEP,pilot_ctgan_v1,45 full-budget historical runs; saved dependencies and leakage-audit consumers remain.,2
remote,\home\thuy\Research\minh_data_synth\TabularDA\output\pilot_ctgan_v1\adult\acc\adult_seed42_ctgan_xonly_rf_mix.run.json,728238,KEEP,pilot_ctgan_v1,45 full-budget historical runs; saved dependencies and leakage-audit consumers remain.,1
remote,\home\thuy\Research\minh_data_synth\TabularDA\output\pilot_ctgan_v1\adult\acc\adult_seed42_ctgan_xonly_xgb_mix.f1_micro_curve.png,38678,KEEP,pilot_ctgan_v1,45 full-budget historical runs; saved dependencies and leakage-audit consumers remain.,0
remote,\home\thuy\Research\minh_data_synth\TabularDA\output\pilot_ctgan_v1\adult\acc\adult_seed42_ctgan_full_dnn_mix.predictions.csv,241795,KEEP,pilot_ctgan_v1,45 full-budget historical runs; saved dependencies and leakage-audit consumers remain.,2
remote,\home\thuy\Research\minh_data_synth\TabularDA\output\pilot_ctgan_v1\adult\acc\adult_seed42_ctgan_full_dnn_synthetic.predictions.csv,240108,KEEP,pilot_ctgan_v1,45 full-budget historical runs; saved dependencies and leakage-audit consumers remain.,2
remote,\home\thuy\Research\minh_data_synth\TabularDA\output\pilot_ctgan_v1\adult\acc\adult_seed42_ctgan_full_xgb_mix.predictions.csv,242142,KEEP,pilot_ctgan_v1,45 full-budget historical runs; saved dependencies and leakage-audit consumers remain.,2
remote,\home\thuy\Research\minh_data_synth\TabularDA\output\pilot_ctgan_v1\adult\acc\adult_seed42_ctgan_full_generated_mix.epochs.csv,41693,KEEP,pilot_ctgan_v1,45 full-budget historical runs; saved dependencies and leakage-audit consumers remain.,0
remote,\home\thuy\Research\minh_data_synth\TabularDA\output\pilot_ctgan_v1\adult\acc\adult_seed42_ctgan_xonly_xgb_mix.predictions.csv,241908,KEEP,pilot_ctgan_v1,45 full-budget historical runs; saved dependencies and leakage-audit consumers remain.,2
remote,\home\thuy\Research\minh_data_synth\TabularDA\output\pilot_ctgan_v1\adult\acc\adult_seed42_ctgan_xonly_rf_mix.predictions.csv,245978,KEEP,pilot_ctgan_v1,45 full-budget historical runs; saved dependencies and leakage-audit consumers remain.,2
remote,\home\thuy\Research\minh_data_synth\TabularDA\output\pilot_ctgan_v1\adult\acc\adult_seed42_ctgan_full_generated_synthetic.report.txt,620,KEEP,pilot_ctgan_v1,45 full-budget historical runs; saved dependencies and leakage-audit consumers remain.,0
remote,\home\thuy\Research\minh_data_synth\TabularDA\output\pilot_ctgan_v1\adult\acc\adult_seed42_ctgan_xonly_xgb_synthetic.predictions.csv,239729,KEEP,pilot_ctgan_v1,45 full-budget historical runs; saved dependencies and leakage-audit consumers remain.,2
remote,\home\thuy\Research\minh_data_synth\TabularDA\output\pilot_ctgan_v1\adult\acc\adult_seed42_ctgan_full_rf_synthetic.f1_micro_curve.png,40199,KEEP,pilot_ctgan_v1,45 full-budget historical runs; saved dependencies and leakage-audit consumers remain.,0
remote,\home\thuy\Research\minh_data_synth\TabularDA\output\pilot_ctgan_v1\adult\acc\adult_seed42_ctgan_full_generated_synthetic.run.json,728243,KEEP,pilot_ctgan_v1,45 full-budget historical runs; saved dependencies and leakage-audit consumers remain.,1
remote,\home\thuy\Research\minh_data_synth\TabularDA\output\pilot_ctgan_v1\adult\acc\adult_seed42_ctgan_full_dnn_synthetic.run.json,729791,KEEP,pilot_ctgan_v1,45 full-budget historical runs; saved dependencies and leakage-audit consumers remain.,1
remote,\home\thuy\Research\minh_data_synth\TabularDA\output\pilot_ctgan_v1\adult\acc\adult_seed42_ctgan_full_generated_synthetic.f1_micro_curve.png,64080,KEEP,pilot_ctgan_v1,45 full-budget historical runs; saved dependencies and leakage-audit consumers remain.,0
remote,\home\thuy\Research\minh_data_synth\TabularDA\output\pilot_ctgan_v1\adult\acc\adult_seed42_ctgan_full_dnn_mix.report.txt,627,KEEP,pilot_ctgan_v1,45 full-budget historical runs; saved dependencies and leakage-audit consumers remain.,0
remote,\home\thuy\Research\minh_data_synth\TabularDA\output\pilot_ctgan_v1\adult\acc\adult_seed42_ctgan_full_xgb_synthetic.report.txt,628,KEEP,pilot_ctgan_v1,45 full-budget historical runs; saved dependencies and leakage-audit consumers remain.,0
remote,\home\thuy\Research\minh_data_synth\TabularDA\output\pilot_ctgan_v1\adult\acc\adult_seed42_ctgan_xonly_rf_synthetic.run.json,728253,KEEP,pilot_ctgan_v1,45 full-budget historical runs; saved dependencies and leakage-audit consumers remain.,1
remote,\home\thuy\Research\minh_data_synth\TabularDA\output\pilot_ctgan_v1\adult\acc\adult_seed42_ctgan_xonly_xgb_synthetic.epochs.csv,19461,KEEP,pilot_ctgan_v1,45 full-budget historical runs; saved dependencies and leakage-audit consumers remain.,0
remote,\home\thuy\Research\minh_data_synth\TabularDA\output\pilot_ctgan_v1\adult\acc\adult_seed42_ctgan_full_dnn_mix.f1_micro_curve.png,39533,KEEP,pilot_ctgan_v1,45 full-budget historical runs; saved dependencies and leakage-audit consumers remain.,0
remote,\home\thuy\Research\minh_data_synth\TabularDA\output\pilot_ctgan_v1\adult\acc\adult_seed42_ctgan_full_xgb_synthetic.epochs.csv,19403,KEEP,pilot_ctgan_v1,45 full-budget historical runs; saved dependencies and leakage-audit consumers remain.,0
remote,\home\thuy\Research\minh_data_synth\TabularDA\output\pilot_ctgan_v1\adult\acc\adult_seed42_ctgan_full_xgb_mix.loss_curve.png,48644,KEEP,pilot_ctgan_v1,45 full-budget historical runs; saved dependencies and leakage-audit consumers remain.,0
remote,\home\thuy\Research\minh_data_synth\TabularDA\output\pilot_ctgan_v1\adult\acc\adult_seed42_ctgan_xonly_rf_synthetic.f1_micro_curve.png,39729,KEEP,pilot_ctgan_v1,45 full-budget historical runs; saved dependencies and leakage-audit consumers remain.,0
remote,\home\thuy\Research\minh_data_synth\TabularDA\output\pilot_ctgan_v1\adult\acc\adult_seed42_ctgan_xonly_xgb_mix.epochs.csv,21271,KEEP,pilot_ctgan_v1,45 full-budget historical runs; saved dependencies and leakage-audit consumers remain.,0
remote,\home\thuy\Research\minh_data_synth\TabularDA\output\pilot_ctgan_v1\adult\acc\adult_seed42_real_original.loss_curve.png,48005,KEEP,pilot_ctgan_v1,45 full-budget historical runs; saved dependencies and leakage-audit consumers remain.,0
remote,\home\thuy\Research\minh_data_synth\TabularDA\output\pilot_ctgan_v1\adult\acc\adult_seed42_ctgan_xonly_dnn_synthetic.run.json,729729,KEEP,pilot_ctgan_v1,45 full-budget historical runs; saved dependencies and leakage-audit consumers remain.,1
remote,\home\thuy\Research\minh_data_synth\TabularDA\output\pilot_ctgan_v1\adult\acc\adult_seed42_ctgan_full_rf_mix.loss_curve.png,45451,KEEP,pilot_ctgan_v1,45 full-budget historical runs; saved dependencies and leakage-audit consumers remain.,0
remote,\home\thuy\Research\minh_data_synth\TabularDA\output\pilot_ctgan_v1\adult\acc\adult_seed42_ctgan_full_generated_synthetic.loss_curve.png,49211,KEEP,pilot_ctgan_v1,45 full-budget historical runs; saved dependencies and leakage-audit consumers remain.,0
remote,\home\thuy\Research\minh_data_synth\TabularDA\output\pilot_ctgan_v1\adult\acc\adult_seed42_ctgan_xonly_dnn_mix.loss_curve.png,42897,KEEP,pilot_ctgan_v1,45 full-budget historical runs; saved dependencies and leakage-audit consumers remain.,0
remote,\home\thuy\Research\minh_data_synth\TabularDA\output\pilot_ctgan_v1\adult\acc\adult_seed42_ctgan_xonly_xgb_mix.loss_curve.png,46265,KEEP,pilot_ctgan_v1,45 full-budget historical runs; saved dependencies and leakage-audit consumers remain.,0
remote,\home\thuy\Research\minh_data_synth\TabularDA\output\pilot_ctgan_v1\adult\acc\adult_seed42_ctgan_full_dnn_synthetic.report.txt,627,KEEP,pilot_ctgan_v1,45 full-budget historical runs; saved dependencies and leakage-audit consumers remain.,0
remote,\home\thuy\Research\minh_data_synth\TabularDA\output\pilot_ctgan_v1\adult\acc\adult_seed42_ctgan_xonly_rf_mix.report.txt,628,KEEP,pilot_ctgan_v1,45 full-budget historical runs; saved dependencies and leakage-audit consumers remain.,0
remote,\home\thuy\Research\minh_data_synth\TabularDA\output\pilot_ctgan_v1\adult\acc\adult_seed42_ctgan_full_generated_mix.predictions.csv,238758,KEEP,pilot_ctgan_v1,45 full-budget historical runs; saved dependencies and leakage-audit consumers remain.,2
remote,\home\thuy\Research\minh_data_synth\TabularDA\output\pilot_ctgan_v1\adult\acc\adult_seed42_ctgan_xonly_dnn_mix.epochs.csv,21244,KEEP,pilot_ctgan_v1,45 full-budget historical runs; saved dependencies and leakage-audit consumers remain.,0
remote,\home\thuy\Research\minh_data_synth\TabularDA\output\pilot_ctgan_v1\adult\acc\adult_seed42_ctgan_full_dnn_synthetic.loss_curve.png,41709,KEEP,pilot_ctgan_v1,45 full-budget historical runs; saved dependencies and leakage-audit consumers remain.,0
remote,\home\thuy\Research\minh_data_synth\TabularDA\output\pilot_ctgan_v1\adult\acc\adult_seed42_ctgan_full_xgb_mix.epochs.csv,21252,KEEP,pilot_ctgan_v1,45 full-budget historical runs; saved dependencies and leakage-audit consumers remain.,0
remote,\home\thuy\Research\minh_data_synth\TabularDA\output\pilot_ctgan_v1\adult\acc\adult_seed42_ctgan_xonly_xgb_synthetic.f1_micro_curve.png,38918,KEEP,pilot_ctgan_v1,45 full-budget historical runs; saved dependencies and leakage-audit consumers remain.,0
remote,\home\thuy\Research\minh_data_synth\TabularDA\output\pilot_ctgan_v1\adult\acc\adult_seed42_ctgan_xonly_rf_mix.loss_curve.png,49548,KEEP,pilot_ctgan_v1,45 full-budget historical runs; saved dependencies and leakage-audit consumers remain.,0
remote,\home\thuy\Research\minh_data_synth\TabularDA\output\pilot_ctgan_v1\adult\acc\adult_seed42_ctgan_full_rf_mix.predictions.csv,241935,KEEP,pilot_ctgan_v1,45 full-budget historical runs; saved dependencies and leakage-audit consumers remain.,2
remote,\home\thuy\Research\minh_data_synth\TabularDA\output\pilot_ctgan_v1\adult\acc\adult_seed42_ctgan_xonly_rf_synthetic.report.txt,625,KEEP,pilot_ctgan_v1,45 full-budget historical runs; saved dependencies and leakage-audit consumers remain.,0
remote,\home\thuy\Research\minh_data_synth\TabularDA\output\pilot_ctgan_v1\adult\acc\adult_seed42_ctgan_xonly_dnn_synthetic.loss_curve.png,39634,KEEP,pilot_ctgan_v1,45 full-budget historical runs; saved dependencies and leakage-audit consumers remain.,0
remote,\home\thuy\Research\minh_data_synth\TabularDA\output\pilot_ctgan_v1\adult\acc\adult_seed42_ctgan_full_generated_synthetic.epochs.csv,39016,KEEP,pilot_ctgan_v1,45 full-budget historical runs; saved dependencies and leakage-audit consumers remain.,0
remote,\home\thuy\Research\minh_data_synth\TabularDA\output\pilot_ctgan_v1\adult\acc\adult_seed42_ctgan_full_generated_mix.f1_micro_curve.png,67339,KEEP,pilot_ctgan_v1,45 full-budget historical runs; saved dependencies and leakage-audit consumers remain.,0
remote,\home\thuy\Research\minh_data_synth\TabularDA\output\pilot_ctgan_v1\adult\acc\adult_seed42_ctgan_full_xgb_synthetic.run.json,728356,KEEP,pilot_ctgan_v1,45 full-budget historical runs; saved dependencies and leakage-audit consumers remain.,1
remote,\home\thuy\Research\minh_data_synth\TabularDA\output\pilot_ctgan_v1\adult\acc\adult_seed42_ctgan_full_rf_synthetic.predictions.csv,239666,KEEP,pilot_ctgan_v1,45 full-budget historical runs; saved dependencies and leakage-audit consumers remain.,2
remote,\home\thuy\Research\minh_data_synth\TabularDA\output\pilot_ctgan_v1\adult\acc\adult_seed42_ctgan_xonly_dnn_mix.f1_micro_curve.png,40958,KEEP,pilot_ctgan_v1,45 full-budget historical runs; saved dependencies and leakage-audit consumers remain.,0
remote,\home\thuy\Research\minh_data_synth\TabularDA\output\pilot_ctgan_v1\adult\acc\adult_seed42_real_original.run.json,721653,KEEP,pilot_ctgan_v1,45 full-budget historical runs; saved dependencies and leakage-audit consumers remain.,1
remote,\home\thuy\Research\minh_data_synth\TabularDA\output\pilot_ctgan_v1\adult\acc\adult_seed42_ctgan_full_rf_mix.epochs.csv,21178,KEEP,pilot_ctgan_v1,45 full-budget historical runs; saved dependencies and leakage-audit consumers remain.,0
remote,\home\thuy\Research\minh_data_synth\TabularDA\output\pilot_ctgan_v1\adult\acc\adult_seed42_ctgan_xonly_xgb_synthetic.report.txt,624,KEEP,pilot_ctgan_v1,45 full-budget historical runs; saved dependencies and leakage-audit consumers remain.,0
remote,\home\thuy\Research\minh_data_synth\TabularDA\output\pilot_ctgan_v1\adult\acc\adult_seed42_ctgan_xonly_dnn_mix.predictions.csv,241541,KEEP,pilot_ctgan_v1,45 full-budget historical runs; saved dependencies and leakage-audit consumers remain.,2
remote,\home\thuy\Research\minh_data_synth\TabularDA\output\pilot_ctgan_v1\adult\acc\adult_seed42_ctgan_full_dnn_mix.run.json,729773,KEEP,pilot_ctgan_v1,45 full-budget historical runs; saved dependencies and leakage-audit consumers remain.,1
remote,\home\thuy\Research\minh_data_synth\TabularDA\output\pilot_ctgan_v1\adult\acc\adult_seed42_real_original.report.txt,626,KEEP,pilot_ctgan_v1,45 full-budget historical runs; saved dependencies and leakage-audit consumers remain.,0
remote,\home\thuy\Research\minh_data_synth\TabularDA\output\pilot_ctgan_v1\adult\acc\adult_seed42_ctgan_xonly_dnn_mix.run.json,729713,KEEP,pilot_ctgan_v1,45 full-budget historical runs; saved dependencies and leakage-audit consumers remain.,1
remote,\home\thuy\Research\minh_data_synth\TabularDA\output\pilot_ctgan_v1\adult\acc\adult_seed42_ctgan_full_rf_mix.report.txt,624,KEEP,pilot_ctgan_v1,45 full-budget historical runs; saved dependencies and leakage-audit consumers remain.,0
remote,\home\thuy\Research\minh_data_synth\TabularDA\output\pilot_ctgan_v1\adult\acc\adult_seed42_ctgan_full_rf_mix.f1_micro_curve.png,46030,KEEP,pilot_ctgan_v1,45 full-budget historical runs; saved dependencies and leakage-audit consumers remain.,0
remote,\home\thuy\Research\minh_data_synth\TabularDA\output\pilot_ctgan_v1\adult\acc\adult_seed42_ctgan_full_xgb_mix.f1_micro_curve.png,38182,KEEP,pilot_ctgan_v1,45 full-budget historical runs; saved dependencies and leakage-audit consumers remain.,0
remote,\home\thuy\Research\minh_data_synth\TabularDA\output\pilot_ctgan_v1\adult\acc\adult_seed42_ctgan_xonly_dnn_mix.report.txt,628,KEEP,pilot_ctgan_v1,45 full-budget historical runs; saved dependencies and leakage-audit consumers remain.,0
remote,\home\thuy\Research\minh_data_synth\TabularDA\output\pilot_ctgan_v1\adult\acc\adult_seed42_ctgan_full_rf_synthetic.report.txt,625,KEEP,pilot_ctgan_v1,45 full-budget historical runs; saved dependencies and leakage-audit consumers remain.,0
remote,\home\thuy\Research\minh_data_synth\TabularDA\output\pilot_ctgan_v1\adult\acc\adult_seed42_ctgan_xonly_dnn_synthetic.f1_micro_curve.png,40496,KEEP,pilot_ctgan_v1,45 full-budget historical runs; saved dependencies and leakage-audit consumers remain.,0
remote,\home\thuy\Research\minh_data_synth\TabularDA\output\pilot_ctgan_v1\adult\acc\adult_seed42_ctgan_xonly_dnn_synthetic.report.txt,626,KEEP,pilot_ctgan_v1,45 full-budget historical runs; saved dependencies and leakage-audit consumers remain.,0
remote,\home\thuy\Research\minh_data_synth\TabularDA\output\pilot_ctgan_v1\adult\acc\adult_seed42_ctgan_xonly_dnn_synthetic.epochs.csv,19466,KEEP,pilot_ctgan_v1,45 full-budget historical runs; saved dependencies and leakage-audit consumers remain.,0
remote,\home\thuy\Research\minh_data_synth\TabularDA\output\pilot_ctgan_v1\adult\acc\adult_seed42_ctgan_xonly_dnn_synthetic.predictions.csv,239767,KEEP,pilot_ctgan_v1,45 full-budget historical runs; saved dependencies and leakage-audit consumers remain.,2
remote,\home\thuy\Research\minh_data_synth\TabularDA\output\pilot_ctgan_v1\adult\acc\adult_seed42_ctgan_xonly_xgb_synthetic.loss_curve.png,39524,KEEP,pilot_ctgan_v1,45 full-budget historical runs; saved dependencies and leakage-audit consumers remain.,0
remote,\home\thuy\Research\minh_data_synth\TabularDA\output\pilot_ctgan_v1\adult\acc\adult_seed42_ctgan_full_dnn_mix.epochs.csv,21271,KEEP,pilot_ctgan_v1,45 full-budget historical runs; saved dependencies and leakage-audit consumers remain.,0
remote,\home\thuy\Research\minh_data_synth\TabularDA\output\pilot_ctgan_v1\adult\acc\adult_seed42_ctgan_xonly_xgb_mix.report.txt,628,KEEP,pilot_ctgan_v1,45 full-budget historical runs; saved dependencies and leakage-audit consumers remain.,0
remote,\home\thuy\Research\minh_data_synth\TabularDA\output\pilot_ctgan_v1\adult\acc\adult_seed42_ctgan_full_dnn_mix.loss_curve.png,42470,KEEP,pilot_ctgan_v1,45 full-budget historical runs; saved dependencies and leakage-audit consumers remain.,0
remote,\home\thuy\Research\minh_data_synth\TabularDA\output\pilot_ctgan_v1\adult\acc\adult_seed42_ctgan_xonly_rf_mix.f1_micro_curve.png,43539,KEEP,pilot_ctgan_v1,45 full-budget historical runs; saved dependencies and leakage-audit consumers remain.,0
remote,\home\thuy\Research\minh_data_synth\TabularDA\output\pilot_ctgan_v1\adult\acc\adult_seed42_ctgan_full_rf_synthetic.loss_curve.png,44379,KEEP,pilot_ctgan_v1,45 full-budget historical runs; saved dependencies and leakage-audit consumers remain.,0
remote,\home\thuy\Research\minh_data_synth\TabularDA\output\pilot_ctgan_v1\adult\acc\adult_seed42_ctgan_xonly_rf_mix.epochs.csv,23867,KEEP,pilot_ctgan_v1,45 full-budget historical runs; saved dependencies and leakage-audit consumers remain.,0
remote,\home\thuy\Research\minh_data_synth\TabularDA\output\pilot_ctgan_v1\adult\acc\adult_seed42_ctgan_full_xgb_mix.run.json,728336,KEEP,pilot_ctgan_v1,45 full-budget historical runs; saved dependencies and leakage-audit consumers remain.,1
remote,\home\thuy\Research\minh_data_synth\TabularDA\output\pilot_ctgan_v1\adult\acc\adult_seed42_ctgan_full_generated_mix.report.txt,626,KEEP,pilot_ctgan_v1,45 full-budget historical runs; saved dependencies and leakage-audit consumers remain.,0
remote,\home\thuy\Research\minh_data_synth\TabularDA\output\pilot_ctgan_v1\adult\acc\adult_seed42_ctgan_xonly_xgb_mix.run.json,728244,KEEP,pilot_ctgan_v1,45 full-budget historical runs; saved dependencies and leakage-audit consumers remain.,1
remote,\home\thuy\Research\minh_data_synth\TabularDA\output\pilot_ctgan_v1\adult\acc\adult_seed42_ctgan_full_xgb_synthetic.predictions.csv,240109,KEEP,pilot_ctgan_v1,45 full-budget historical runs; saved dependencies and leakage-audit consumers remain.,2
remote,\home\thuy\Research\minh_data_synth\TabularDA\output\pilot_ctgan_v1\adult\acc\adult_seed42_real_original.predictions.csv,242336,KEEP,pilot_ctgan_v1,45 full-budget historical runs; saved dependencies and leakage-audit consumers remain.,2
remote,\home\thuy\Research\minh_data_synth\TabularDA\output\pilot_ctgan_v1\adult\acc\adult_seed42_ctgan_full_generated_mix.loss_curve.png,61913,KEEP,pilot_ctgan_v1,45 full-budget historical runs; saved dependencies and leakage-audit consumers remain.,0
remote,\home\thuy\Research\minh_data_synth\TabularDA\output\pilot_ctgan_v1\results\summary.csv,15156,KEEP,pilot_ctgan_v1,45 full-budget historical runs; saved dependencies and leakage-audit consumers remain.,0
remote,\home\thuy\Research\minh_data_synth\TabularDA\output\pilot_ctgan_v1\results\per_run.csv,24172,KEEP,pilot_ctgan_v1,45 full-budget historical runs; saved dependencies and leakage-audit consumers remain.,1
remote,\home\thuy\Research\minh_data_synth\TabularDA\output\pilot_ctgan_v1\results\mnist28_accuracy.png,48319,KEEP,pilot_ctgan_v1,45 full-budget historical runs; saved dependencies and leakage-audit consumers remain.,0
remote,\home\thuy\Research\minh_data_synth\TabularDA\output\pilot_ctgan_v1\results\adult_f1_macro.png,49002,KEEP,pilot_ctgan_v1,45 full-budget historical runs; saved dependencies and leakage-audit consumers remain.,0
remote,\home\thuy\Research\minh_data_synth\TabularDA\output\pilot_ctgan_v1\results\covertype_f1_macro.png,50069,KEEP,pilot_ctgan_v1,45 full-budget historical runs; saved dependencies and leakage-audit consumers remain.,0
remote,\home\thuy\Research\minh_data_synth\TabularDA\output\pilot_ctgan_v1\covertype\weight\covertype_seed42_ctgan_xonly_rf_mix.weights.pth,972786,KEEP,pilot_ctgan_v1,45 full-budget historical runs; saved dependencies and leakage-audit consumers remain.,1
remote,\home\thuy\Research\minh_data_synth\TabularDA\output\pilot_ctgan_v1\covertype\weight\covertype_seed42_ctgan_full_xgb_mix.weights.pth,972786,KEEP,pilot_ctgan_v1,45 full-budget historical runs; saved dependencies and leakage-audit consumers remain.,1
remote,\home\thuy\Research\minh_data_synth\TabularDA\output\pilot_ctgan_v1\covertype\weight\covertype_seed42_ctgan_full_generated_mix.weights.pth,973074,KEEP,pilot_ctgan_v1,45 full-budget historical runs; saved dependencies and leakage-audit consumers remain.,1
remote,\home\thuy\Research\minh_data_synth\TabularDA\output\pilot_ctgan_v1\covertype\weight\covertype_seed42_real_original.weights.pth,972578,KEEP,pilot_ctgan_v1,45 full-budget historical runs; saved dependencies and leakage-audit consumers remain.,1
remote,\home\thuy\Research\minh_data_synth\TabularDA\output\pilot_ctgan_v1\covertype\weight\covertype_seed42_ctgan_xonly_dnn_mix.weights.pth,972866,KEEP,pilot_ctgan_v1,45 full-budget historical runs; saved dependencies and leakage-audit consumers remain.,1
remote,\home\thuy\Research\minh_data_synth\TabularDA\output\pilot_ctgan_v1\covertype\weight\covertype_seed42_ctgan_full_generated_synthetic.weights.pth,973234,KEEP,pilot_ctgan_v1,45 full-budget historical runs; saved dependencies and leakage-audit consumers remain.,1
remote,\home\thuy\Research\minh_data_synth\TabularDA\output\pilot_ctgan_v1\covertype\weight\covertype_seed42_ctgan_full_xgb_synthetic.weights.pth,973074,KEEP,pilot_ctgan_v1,45 full-budget historical runs; saved dependencies and leakage-audit consumers remain.,1
remote,\home\thuy\Research\minh_data_synth\TabularDA\output\pilot_ctgan_v1\covertype\weight\covertype_seed42_ctgan_xonly_xgb_synthetic.weights.pth,973090,KEEP,pilot_ctgan_v1,45 full-budget historical runs; saved dependencies and leakage-audit consumers remain.,1
remote,\home\thuy\Research\minh_data_synth\TabularDA\output\pilot_ctgan_v1\covertype\weight\covertype_seed42_ctgan_full_dnn_synthetic.weights.pth,973074,KEEP,pilot_ctgan_v1,45 full-budget historical runs; saved dependencies and leakage-audit consumers remain.,1
remote,\home\thuy\Research\minh_data_synth\TabularDA\output\pilot_ctgan_v1\covertype\weight\covertype_seed42_ctgan_full_rf_mix.weights.pth,972770,KEEP,pilot_ctgan_v1,45 full-budget historical runs; saved dependencies and leakage-audit consumers remain.,1
remote,\home\thuy\Research\minh_data_synth\TabularDA\output\pilot_ctgan_v1\covertype\weight\covertype_seed42_ctgan_xonly_dnn_synthetic.weights.pth,973090,KEEP,pilot_ctgan_v1,45 full-budget historical runs; saved dependencies and leakage-audit consumers remain.,1
remote,\home\thuy\Research\minh_data_synth\TabularDA\output\pilot_ctgan_v1\covertype\weight\covertype_seed42_ctgan_xonly_rf_synthetic.weights.pth,973074,KEEP,pilot_ctgan_v1,45 full-budget historical runs; saved dependencies and leakage-audit consumers remain.,1
remote,\home\thuy\Research\minh_data_synth\TabularDA\output\pilot_ctgan_v1\covertype\weight\covertype_seed42_ctgan_full_dnn_mix.weights.pth,972786,KEEP,pilot_ctgan_v1,45 full-budget historical runs; saved dependencies and leakage-audit consumers remain.,1
remote,\home\thuy\Research\minh_data_synth\TabularDA\output\pilot_ctgan_v1\covertype\weight\covertype_seed42_ctgan_full_rf_synthetic.weights.pth,973058,KEEP,pilot_ctgan_v1,45 full-budget historical runs; saved dependencies and leakage-audit consumers remain.,1
remote,\home\thuy\Research\minh_data_synth\TabularDA\output\pilot_ctgan_v1\covertype\weight\covertype_seed42_ctgan_xonly_xgb_mix.weights.pth,972866,KEEP,pilot_ctgan_v1,45 full-budget historical runs; saved dependencies and leakage-audit consumers remain.,1
remote,\home\thuy\Research\minh_data_synth\TabularDA\output\pilot_ctgan_v1\covertype\acc\covertype_seed42_ctgan_full_rf_synthetic.f1_micro_curve.png,38744,KEEP,pilot_ctgan_v1,45 full-budget historical runs; saved dependencies and leakage-audit consumers remain.,0
remote,\home\thuy\Research\minh_data_synth\TabularDA\output\pilot_ctgan_v1\covertype\acc\covertype_seed42_ctgan_full_rf_mix.loss_curve.png,57940,KEEP,pilot_ctgan_v1,45 full-budget historical runs; saved dependencies and leakage-audit consumers remain.,0
remote,\home\thuy\Research\minh_data_synth\TabularDA\output\pilot_ctgan_v1\covertype\acc\covertype_seed42_ctgan_full_xgb_synthetic.run.json,9214846,KEEP,pilot_ctgan_v1,45 full-budget historical runs; saved dependencies and leakage-audit consumers remain.,1
remote,\home\thuy\Research\minh_data_synth\TabularDA\output\pilot_ctgan_v1\covertype\acc\covertype_seed42_ctgan_full_xgb_mix.report.txt,395,KEEP,pilot_ctgan_v1,45 full-budget historical runs; saved dependencies and leakage-audit consumers remain.,0
remote,\home\thuy\Research\minh_data_synth\TabularDA\output\pilot_ctgan_v1\covertype\acc\covertype_seed42_ctgan_xonly_xgb_mix.run.json,9214729,KEEP,pilot_ctgan_v1,45 full-budget historical runs; saved dependencies and leakage-audit consumers remain.,1
remote,\home\thuy\Research\minh_data_synth\TabularDA\output\pilot_ctgan_v1\covertype\acc\covertype_seed42_ctgan_full_rf_synthetic.loss_curve.png,46102,KEEP,pilot_ctgan_v1,45 full-budget historical runs; saved dependencies and leakage-audit consumers remain.,0
remote,\home\thuy\Research\minh_data_synth\TabularDA\output\pilot_ctgan_v1\covertype\acc\covertype_seed42_ctgan_xonly_dnn_mix.predictions.csv,108077,KEEP,pilot_ctgan_v1,45 full-budget historical runs; saved dependencies and leakage-audit consumers remain.,2
remote,\home\thuy\Research\minh_data_synth\TabularDA\output\pilot_ctgan_v1\covertype\acc\covertype_seed42_ctgan_full_rf_mix.run.json,9214825,KEEP,pilot_ctgan_v1,45 full-budget historical runs; saved dependencies and leakage-audit consumers remain.,1
remote,\home\thuy\Research\minh_data_synth\TabularDA\output\pilot_ctgan_v1\covertype\acc\covertype_seed42_ctgan_full_generated_synthetic.loss_curve.png,51130,KEEP,pilot_ctgan_v1,45 full-budget historical runs; saved dependencies and leakage-audit consumers remain.,0
remote,\home\thuy\Research\minh_data_synth\TabularDA\output\pilot_ctgan_v1\covertype\acc\covertype_seed42_real_original.predictions.csv,108077,KEEP,pilot_ctgan_v1,45 full-budget historical runs; saved dependencies and leakage-audit consumers remain.,2
remote,\home\thuy\Research\minh_data_synth\TabularDA\output\pilot_ctgan_v1\covertype\acc\covertype_seed42_real_original.report.txt,399,KEEP,pilot_ctgan_v1,45 full-budget historical runs; saved dependencies and leakage-audit consumers remain.,0
remote,\home\thuy\Research\minh_data_synth\TabularDA\output\pilot_ctgan_v1\covertype\acc\covertype_seed42_ctgan_full_rf_synthetic.run.json,9214841,KEEP,pilot_ctgan_v1,45 full-budget historical runs; saved dependencies and leakage-audit consumers remain.,1
remote,\home\thuy\Research\minh_data_synth\TabularDA\output\pilot_ctgan_v1\covertype\acc\covertype_seed42_ctgan_xonly_xgb_mix.loss_curve.png,59894,KEEP,pilot_ctgan_v1,45 full-budget historical runs; saved dependencies and leakage-audit consumers remain.,0
remote,\home\thuy\Research\minh_data_synth\TabularDA\output\pilot_ctgan_v1\covertype\acc\covertype_seed42_ctgan_full_dnn_synthetic.predictions.csv,108077,KEEP,pilot_ctgan_v1,45 full-budget historical runs; saved dependencies and leakage-audit consumers remain.,2
remote,\home\thuy\Research\minh_data_synth\TabularDA\output\pilot_ctgan_v1\covertype\acc\covertype_seed42_ctgan_xonly_dnn_synthetic.f1_micro_curve.png,44395,KEEP,pilot_ctgan_v1,45 full-budget historical runs; saved dependencies and leakage-audit consumers remain.,0
remote,\home\thuy\Research\minh_data_synth\TabularDA\output\pilot_ctgan_v1\covertype\acc\covertype_seed42_ctgan_full_xgb_mix.epochs.csv,46160,KEEP,pilot_ctgan_v1,45 full-budget historical runs; saved dependencies and leakage-audit consumers remain.,0
remote,\home\thuy\Research\minh_data_synth\TabularDA\output\pilot_ctgan_v1\covertype\acc\covertype_seed42_ctgan_xonly_dnn_synthetic.predictions.csv,108077,KEEP,pilot_ctgan_v1,45 full-budget historical runs; saved dependencies and leakage-audit consumers remain.,2
remote,\home\thuy\Research\minh_data_synth\TabularDA\output\pilot_ctgan_v1\covertype\acc\covertype_seed42_real_original.epochs.csv,39964,KEEP,pilot_ctgan_v1,45 full-budget historical runs; saved dependencies and leakage-audit consumers remain.,0
remote,\home\thuy\Research\minh_data_synth\TabularDA\output\pilot_ctgan_v1\covertype\acc\covertype_seed42_ctgan_full_dnn_mix.predictions.csv,108077,KEEP,pilot_ctgan_v1,45 full-budget historical runs; saved dependencies and leakage-audit consumers remain.,2
remote,\home\thuy\Research\minh_data_synth\TabularDA\output\pilot_ctgan_v1\covertype\acc\covertype_seed42_ctgan_xonly_rf_synthetic.run.json,9214735,KEEP,pilot_ctgan_v1,45 full-budget historical runs; saved dependencies and leakage-audit consumers remain.,1
remote,\home\thuy\Research\minh_data_synth\TabularDA\output\pilot_ctgan_v1\covertype\acc\covertype_seed42_ctgan_full_dnn_mix.loss_curve.png,50576,KEEP,pilot_ctgan_v1,45 full-budget historical runs; saved dependencies and leakage-audit consumers remain.,0
remote,\home\thuy\Research\minh_data_synth\TabularDA\output\pilot_ctgan_v1\covertype\acc\covertype_seed42_ctgan_xonly_xgb_synthetic.loss_curve.png,47328,KEEP,pilot_ctgan_v1,45 full-budget historical runs; saved dependencies and leakage-audit consumers remain.,0
remote,\home\thuy\Research\minh_data_synth\TabularDA\output\pilot_ctgan_v1\covertype\acc\covertype_seed42_real_original.run.json,9204581,KEEP,pilot_ctgan_v1,45 full-budget historical runs; saved dependencies and leakage-audit consumers remain.,1
remote,\home\thuy\Research\minh_data_synth\TabularDA\output\pilot_ctgan_v1\covertype\acc\covertype_seed42_ctgan_full_xgb_synthetic.loss_curve.png,45170,KEEP,pilot_ctgan_v1,45 full-budget historical runs; saved dependencies and leakage-audit consumers remain.,0
remote,\home\thuy\Research\minh_data_synth\TabularDA\output\pilot_ctgan_v1\covertype\acc\covertype_seed42_ctgan_xonly_dnn_mix.loss_curve.png,51235,KEEP,pilot_ctgan_v1,45 full-budget historical runs; saved dependencies and leakage-audit consumers remain.,0
remote,\home\thuy\Research\minh_data_synth\TabularDA\output\pilot_ctgan_v1\covertype\acc\covertype_seed42_ctgan_full_xgb_mix.predictions.csv,108077,KEEP,pilot_ctgan_v1,45 full-budget historical runs; saved dependencies and leakage-audit consumers remain.,2
remote,\home\thuy\Research\minh_data_synth\TabularDA\output\pilot_ctgan_v1\covertype\acc\covertype_seed42_ctgan_full_rf_synthetic.report.txt,396,KEEP,pilot_ctgan_v1,45 full-budget historical runs; saved dependencies and leakage-audit consumers remain.,0
remote,\home\thuy\Research\minh_data_synth\TabularDA\output\pilot_ctgan_v1\covertype\acc\covertype_seed42_ctgan_full_rf_synthetic.epochs.csv,18542,KEEP,pilot_ctgan_v1,45 full-budget historical runs; saved dependencies and leakage-audit consumers remain.,0
remote,\home\thuy\Research\minh_data_synth\TabularDA\output\pilot_ctgan_v1\covertype\acc\covertype_seed42_ctgan_xonly_xgb_synthetic.predictions.csv,108077,KEEP,pilot_ctgan_v1,45 full-budget historical runs; saved dependencies and leakage-audit consumers remain.,2
remote,\home\thuy\Research\minh_data_synth\TabularDA\output\pilot_ctgan_v1\covertype\acc\covertype_seed42_ctgan_full_dnn_synthetic.f1_micro_curve.png,43510,KEEP,pilot_ctgan_v1,45 full-budget historical runs; saved dependencies and leakage-audit consumers remain.,0
remote,\home\thuy\Research\minh_data_synth\TabularDA\output\pilot_ctgan_v1\covertype\acc\covertype_seed42_ctgan_full_xgb_mix.run.json,9214828,KEEP,pilot_ctgan_v1,45 full-budget historical runs; saved dependencies and leakage-audit consumers remain.,1
remote,\home\thuy\Research\minh_data_synth\TabularDA\output\pilot_ctgan_v1\covertype\acc\covertype_seed42_ctgan_xonly_rf_mix.loss_curve.png,57883,KEEP,pilot_ctgan_v1,45 full-budget historical runs; saved dependencies and leakage-audit consumers remain.,0
remote,\home\thuy\Research\minh_data_synth\TabularDA\output\pilot_ctgan_v1\covertype\acc\covertype_seed42_ctgan_xonly_rf_synthetic.epochs.csv,15307,KEEP,pilot_ctgan_v1,45 full-budget historical runs; saved dependencies and leakage-audit consumers remain.,0
remote,\home\thuy\Research\minh_data_synth\TabularDA\output\pilot_ctgan_v1\covertype\acc\covertype_seed42_ctgan_full_rf_mix.epochs.csv,46220,KEEP,pilot_ctgan_v1,45 full-budget historical runs; saved dependencies and leakage-audit consumers remain.,0
remote,\home\thuy\Research\minh_data_synth\TabularDA\output\pilot_ctgan_v1\covertype\acc\covertype_seed42_real_original.loss_curve.png,51899,KEEP,pilot_ctgan_v1,45 full-budget historical runs; saved dependencies and leakage-audit consumers remain.,0
remote,\home\thuy\Research\minh_data_synth\TabularDA\output\pilot_ctgan_v1\covertype\acc\covertype_seed42_ctgan_xonly_dnn_synthetic.run.json,9222528,KEEP,pilot_ctgan_v1,45 full-budget historical runs; saved dependencies and leakage-audit consumers remain.,1
remote,\home\thuy\Research\minh_data_synth\TabularDA\output\pilot_ctgan_v1\covertype\acc\covertype_seed42_ctgan_full_generated_mix.run.json,9214721,KEEP,pilot_ctgan_v1,45 full-budget historical runs; saved dependencies and leakage-audit consumers remain.,1
remote,\home\thuy\Research\minh_data_synth\TabularDA\output\pilot_ctgan_v1\covertype\acc\covertype_seed42_ctgan_xonly_xgb_mix.predictions.csv,108077,KEEP,pilot_ctgan_v1,45 full-budget historical runs; saved dependencies and leakage-audit consumers remain.,2
remote,\home\thuy\Research\minh_data_synth\TabularDA\output\pilot_ctgan_v1\covertype\acc\covertype_seed42_ctgan_full_xgb_synthetic.report.txt,396,KEEP,pilot_ctgan_v1,45 full-budget historical runs; saved dependencies and leakage-audit consumers remain.,0
remote,\home\thuy\Research\minh_data_synth\TabularDA\output\pilot_ctgan_v1\covertype\acc\covertype_seed42_ctgan_xonly_xgb_mix.epochs.csv,46279,KEEP,pilot_ctgan_v1,45 full-budget historical runs; saved dependencies and leakage-audit consumers remain.,0
remote,\home\thuy\Research\minh_data_synth\TabularDA\output\pilot_ctgan_v1\covertype\acc\covertype_seed42_ctgan_xonly_dnn_mix.report.txt,396,KEEP,pilot_ctgan_v1,45 full-budget historical runs; saved dependencies and leakage-audit consumers remain.,0
remote,\home\thuy\Research\minh_data_synth\TabularDA\output\pilot_ctgan_v1\covertype\acc\covertype_seed42_ctgan_full_xgb_mix.loss_curve.png,56767,KEEP,pilot_ctgan_v1,45 full-budget historical runs; saved dependencies and leakage-audit consumers remain.,0
remote,\home\thuy\Research\minh_data_synth\TabularDA\output\pilot_ctgan_v1\covertype\acc\covertype_seed42_ctgan_xonly_rf_synthetic.f1_micro_curve.png,37444,KEEP,pilot_ctgan_v1,45 full-budget historical runs; saved dependencies and leakage-audit consumers remain.,0
remote,\home\thuy\Research\minh_data_synth\TabularDA\output\pilot_ctgan_v1\covertype\acc\covertype_seed42_ctgan_full_generated_synthetic.f1_micro_curve.png,49599,KEEP,pilot_ctgan_v1,45 full-budget historical runs; saved dependencies and leakage-audit consumers remain.,0
remote,\home\thuy\Research\minh_data_synth\TabularDA\output\pilot_ctgan_v1\covertype\acc\covertype_seed42_ctgan_full_generated_mix.f1_micro_curve.png,69245,KEEP,pilot_ctgan_v1,45 full-budget historical runs; saved dependencies and leakage-audit consumers remain.,0
remote,\home\thuy\Research\minh_data_synth\TabularDA\output\pilot_ctgan_v1\covertype\acc\covertype_seed42_ctgan_full_xgb_mix.f1_micro_curve.png,52007,KEEP,pilot_ctgan_v1,45 full-budget historical runs; saved dependencies and leakage-audit consumers remain.,0
remote,\home\thuy\Research\minh_data_synth\TabularDA\output\pilot_ctgan_v1\covertype\acc\covertype_seed42_ctgan_full_generated_synthetic.run.json,9214740,KEEP,pilot_ctgan_v1,45 full-budget historical runs; saved dependencies and leakage-audit consumers remain.,1
remote,\home\thuy\Research\minh_data_synth\TabularDA\output\pilot_ctgan_v1\covertype\acc\covertype_seed42_ctgan_xonly_dnn_synthetic.loss_curve.png,47822,KEEP,pilot_ctgan_v1,45 full-budget historical runs; saved dependencies and leakage-audit consumers remain.,0
remote,\home\thuy\Research\minh_data_synth\TabularDA\output\pilot_ctgan_v1\covertype\acc\covertype_seed42_ctgan_xonly_dnn_mix.run.json,9222511,KEEP,pilot_ctgan_v1,45 full-budget historical runs; saved dependencies and leakage-audit consumers remain.,1
remote,\home\thuy\Research\minh_data_synth\TabularDA\output\pilot_ctgan_v1\covertype\acc\covertype_seed42_ctgan_full_xgb_synthetic.predictions.csv,108077,KEEP,pilot_ctgan_v1,45 full-budget historical runs; saved dependencies and leakage-audit consumers remain.,2
remote,\home\thuy\Research\minh_data_synth\TabularDA\output\pilot_ctgan_v1\covertype\acc\covertype_seed42_ctgan_full_rf_mix.f1_micro_curve.png,51077,KEEP,pilot_ctgan_v1,45 full-budget historical runs; saved dependencies and leakage-audit consumers remain.,0
remote,\home\thuy\Research\minh_data_synth\TabularDA\output\pilot_ctgan_v1\covertype\acc\covertype_seed42_ctgan_full_dnn_synthetic.run.json,9220513,KEEP,pilot_ctgan_v1,45 full-budget historical runs; saved dependencies and leakage-audit consumers remain.,1
remote,\home\thuy\Research\minh_data_synth\TabularDA\output\pilot_ctgan_v1\covertype\acc\covertype_seed42_ctgan_xonly_rf_mix.f1_micro_curve.png,53741,KEEP,pilot_ctgan_v1,45 full-budget historical runs; saved dependencies and leakage-audit consumers remain.,0
remote,\home\thuy\Research\minh_data_synth\TabularDA\output\pilot_ctgan_v1\covertype\acc\covertype_seed42_ctgan_xonly_rf_mix.run.json,9214722,KEEP,pilot_ctgan_v1,45 full-budget historical runs; saved dependencies and leakage-audit consumers remain.,1
remote,\home\thuy\Research\minh_data_synth\TabularDA\output\pilot_ctgan_v1\covertype\acc\covertype_seed42_ctgan_full_generated_mix.predictions.csv,108077,KEEP,pilot_ctgan_v1,45 full-budget historical runs; saved dependencies and leakage-audit consumers remain.,2
remote,\home\thuy\Research\minh_data_synth\TabularDA\output\pilot_ctgan_v1\covertype\acc\covertype_seed42_ctgan_xonly_rf_mix.epochs.csv,46345,KEEP,pilot_ctgan_v1,45 full-budget historical runs; saved dependencies and leakage-audit consumers remain.,0
remote,\home\thuy\Research\minh_data_synth\TabularDA\output\pilot_ctgan_v1\covertype\acc\covertype_seed42_ctgan_full_generated_synthetic.report.txt,399,KEEP,pilot_ctgan_v1,45 full-budget historical runs; saved dependencies and leakage-audit consumers remain.,0
remote,\home\thuy\Research\minh_data_synth\TabularDA\output\pilot_ctgan_v1\covertype\acc\covertype_seed42_ctgan_xonly_rf_mix.report.txt,395,KEEP,pilot_ctgan_v1,45 full-budget historical runs; saved dependencies and leakage-audit consumers remain.,0
remote,\home\thuy\Research\minh_data_synth\TabularDA\output\pilot_ctgan_v1\covertype\acc\covertype_seed42_ctgan_full_dnn_synthetic.report.txt,396,KEEP,pilot_ctgan_v1,45 full-budget historical runs; saved dependencies and leakage-audit consumers remain.,0
remote,\home\thuy\Research\minh_data_synth\TabularDA\output\pilot_ctgan_v1\covertype\acc\covertype_seed42_ctgan_xonly_rf_synthetic.loss_curve.png,43519,KEEP,pilot_ctgan_v1,45 full-budget historical runs; saved dependencies and leakage-audit consumers remain.,0
remote,\home\thuy\Research\minh_data_synth\TabularDA\output\pilot_ctgan_v1\covertype\acc\covertype_seed42_ctgan_full_generated_mix.loss_curve.png,63506,KEEP,pilot_ctgan_v1,45 full-budget historical runs; saved dependencies and leakage-audit consumers remain.,0
remote,\home\thuy\Research\minh_data_synth\TabularDA\output\pilot_ctgan_v1\covertype\acc\covertype_seed42_ctgan_xonly_xgb_mix.f1_micro_curve.png,54792,KEEP,pilot_ctgan_v1,45 full-budget historical runs; saved dependencies and leakage-audit consumers remain.,0
remote,\home\thuy\Research\minh_data_synth\TabularDA\output\pilot_ctgan_v1\covertype\acc\covertype_seed42_ctgan_xonly_xgb_synthetic.run.json,9214745,KEEP,pilot_ctgan_v1,45 full-budget historical runs; saved dependencies and leakage-audit consumers remain.,1
remote,\home\thuy\Research\minh_data_synth\TabularDA\output\pilot_ctgan_v1\covertype\acc\covertype_seed42_ctgan_full_rf_mix.predictions.csv,108077,KEEP,pilot_ctgan_v1,45 full-budget historical runs; saved dependencies and leakage-audit consumers remain.,2
remote,\home\thuy\Research\minh_data_synth\TabularDA\output\pilot_ctgan_v1\covertype\acc\covertype_seed42_ctgan_xonly_xgb_synthetic.f1_micro_curve.png,46770,KEEP,pilot_ctgan_v1,45 full-budget historical runs; saved dependencies and leakage-audit consumers remain.,0
remote,\home\thuy\Research\minh_data_synth\TabularDA\output\pilot_ctgan_v1\covertype\acc\covertype_seed42_ctgan_full_rf_synthetic.predictions.csv,108077,KEEP,pilot_ctgan_v1,45 full-budget historical runs; saved dependencies and leakage-audit consumers remain.,2
remote,\home\thuy\Research\minh_data_synth\TabularDA\output\pilot_ctgan_v1\covertype\acc\covertype_seed42_ctgan_xonly_xgb_mix.report.txt,397,KEEP,pilot_ctgan_v1,45 full-budget historical runs; saved dependencies and leakage-audit consumers remain.,0
remote,\home\thuy\Research\minh_data_synth\TabularDA\output\pilot_ctgan_v1\covertype\acc\covertype_seed42_ctgan_xonly_rf_mix.predictions.csv,108077,KEEP,pilot_ctgan_v1,45 full-budget historical runs; saved dependencies and leakage-audit consumers remain.,2
remote,\home\thuy\Research\minh_data_synth\TabularDA\output\pilot_ctgan_v1\covertype\acc\covertype_seed42_ctgan_full_rf_mix.report.txt,397,KEEP,pilot_ctgan_v1,45 full-budget historical runs; saved dependencies and leakage-audit consumers remain.,0
remote,\home\thuy\Research\minh_data_synth\TabularDA\output\pilot_ctgan_v1\covertype\acc\covertype_seed42_real_original.f1_micro_curve.png,50031,KEEP,pilot_ctgan_v1,45 full-budget historical runs; saved dependencies and leakage-audit consumers remain.,0
remote,\home\thuy\Research\minh_data_synth\TabularDA\output\pilot_ctgan_v1\covertype\acc\covertype_seed42_ctgan_xonly_xgb_synthetic.epochs.csv,17716,KEEP,pilot_ctgan_v1,45 full-budget historical runs; saved dependencies and leakage-audit consumers remain.,0
remote,\home\thuy\Research\minh_data_synth\TabularDA\output\pilot_ctgan_v1\covertype\acc\covertype_seed42_ctgan_xonly_rf_synthetic.report.txt,391,KEEP,pilot_ctgan_v1,45 full-budget historical runs; saved dependencies and leakage-audit consumers remain.,0
remote,\home\thuy\Research\minh_data_synth\TabularDA\output\pilot_ctgan_v1\covertype\acc\covertype_seed42_ctgan_xonly_dnn_mix.epochs.csv,46129,KEEP,pilot_ctgan_v1,45 full-budget historical runs; saved dependencies and leakage-audit consumers remain.,0
remote,\home\thuy\Research\minh_data_synth\TabularDA\output\pilot_ctgan_v1\covertype\acc\covertype_seed42_ctgan_full_dnn_mix.f1_micro_curve.png,49412,KEEP,pilot_ctgan_v1,45 full-budget historical runs; saved dependencies and leakage-audit consumers remain.,0
remote,\home\thuy\Research\minh_data_synth\TabularDA\output\pilot_ctgan_v1\covertype\acc\covertype_seed42_ctgan_xonly_xgb_synthetic.report.txt,396,KEEP,pilot_ctgan_v1,45 full-budget historical runs; saved dependencies and leakage-audit consumers remain.,0
remote,\home\thuy\Research\minh_data_synth\TabularDA\output\pilot_ctgan_v1\covertype\acc\covertype_seed42_ctgan_xonly_dnn_mix.f1_micro_curve.png,49516,KEEP,pilot_ctgan_v1,45 full-budget historical runs; saved dependencies and leakage-audit consumers remain.,0
remote,\home\thuy\Research\minh_data_synth\TabularDA\output\pilot_ctgan_v1\covertype\acc\covertype_seed42_ctgan_xonly_rf_synthetic.predictions.csv,108077,KEEP,pilot_ctgan_v1,45 full-budget historical runs; saved dependencies and leakage-audit consumers remain.,2
remote,\home\thuy\Research\minh_data_synth\TabularDA\output\pilot_ctgan_v1\covertype\acc\covertype_seed42_ctgan_xonly_dnn_synthetic.report.txt,395,KEEP,pilot_ctgan_v1,45 full-budget historical runs; saved dependencies and leakage-audit consumers remain.,0
remote,\home\thuy\Research\minh_data_synth\TabularDA\output\pilot_ctgan_v1\covertype\acc\covertype_seed42_ctgan_full_dnn_mix.epochs.csv,46115,KEEP,pilot_ctgan_v1,45 full-budget historical runs; saved dependencies and leakage-audit consumers remain.,0
remote,\home\thuy\Research\minh_data_synth\TabularDA\output\pilot_ctgan_v1\covertype\acc\covertype_seed42_ctgan_full_generated_mix.epochs.csv,46344,KEEP,pilot_ctgan_v1,45 full-budget historical runs; saved dependencies and leakage-audit consumers remain.,0
remote,\home\thuy\Research\minh_data_synth\TabularDA\output\pilot_ctgan_v1\covertype\acc\covertype_seed42_ctgan_full_xgb_synthetic.epochs.csv,15708,KEEP,pilot_ctgan_v1,45 full-budget historical runs; saved dependencies and leakage-audit consumers remain.,0
remote,\home\thuy\Research\minh_data_synth\TabularDA\output\pilot_ctgan_v1\covertype\acc\covertype_seed42_ctgan_full_generated_mix.report.txt,398,KEEP,pilot_ctgan_v1,45 full-budget historical runs; saved dependencies and leakage-audit consumers remain.,0
remote,\home\thuy\Research\minh_data_synth\TabularDA\output\pilot_ctgan_v1\covertype\acc\covertype_seed42_ctgan_full_xgb_synthetic.f1_micro_curve.png,44536,KEEP,pilot_ctgan_v1,45 full-budget historical runs; saved dependencies and leakage-audit consumers remain.,0
remote,\home\thuy\Research\minh_data_synth\TabularDA\output\pilot_ctgan_v1\covertype\acc\covertype_seed42_ctgan_full_generated_synthetic.epochs.csv,16954,KEEP,pilot_ctgan_v1,45 full-budget historical runs; saved dependencies and leakage-audit consumers remain.,0
remote,\home\thuy\Research\minh_data_synth\TabularDA\output\pilot_ctgan_v1\covertype\acc\covertype_seed42_ctgan_full_generated_synthetic.predictions.csv,108077,KEEP,pilot_ctgan_v1,45 full-budget historical runs; saved dependencies and leakage-audit consumers remain.,2
remote,\home\thuy\Research\minh_data_synth\TabularDA\output\pilot_ctgan_v1\covertype\acc\covertype_seed42_ctgan_full_dnn_synthetic.loss_curve.png,47796,KEEP,pilot_ctgan_v1,45 full-budget historical runs; saved dependencies and leakage-audit consumers remain.,0
remote,\home\thuy\Research\minh_data_synth\TabularDA\output\pilot_ctgan_v1\covertype\acc\covertype_seed42_ctgan_full_dnn_mix.run.json,9220496,KEEP,pilot_ctgan_v1,45 full-budget historical runs; saved dependencies and leakage-audit consumers remain.,1
remote,\home\thuy\Research\minh_data_synth\TabularDA\output\pilot_ctgan_v1\covertype\acc\covertype_seed42_ctgan_full_dnn_mix.report.txt,397,KEEP,pilot_ctgan_v1,45 full-budget historical runs; saved dependencies and leakage-audit consumers remain.,0
remote,\home\thuy\Research\minh_data_synth\TabularDA\output\pilot_ctgan_v1\covertype\acc\covertype_seed42_ctgan_full_dnn_synthetic.epochs.csv,30185,KEEP,pilot_ctgan_v1,45 full-budget historical runs; saved dependencies and leakage-audit consumers remain.,0
remote,\home\thuy\Research\minh_data_synth\TabularDA\output\pilot_ctgan_v1\covertype\acc\covertype_seed42_ctgan_xonly_dnn_synthetic.epochs.csv,34558,KEEP,pilot_ctgan_v1,45 full-budget historical runs; saved dependencies and leakage-audit consumers remain.,0
remote,\home\thuy\Research\minh_data_synth\TabularDA\output\simulated_all_smoke\config.json,840,KEEP,simulated_all_smoke,"Smoke evidence, not production. No scientific deletion justification; tiny collection retained separately.",0
remote,\home\thuy\Research\minh_data_synth\TabularDA\output\simulated_insurance_smoke\config.json,768,KEEP,simulated_insurance_smoke,"Smoke evidence, not production. No scientific deletion justification; tiny collection retained separately.",0
remote,\home\thuy\Research\minh_data_synth\TabularDA\output\simulated_insurance_smoke\insurance\comparison.png,789141,KEEP,simulated_insurance_smoke,"Smoke evidence, not production. No scientific deletion justification; tiny collection retained separately.",0
remote,\home\thuy\Research\minh_data_synth\TabularDA\output\simulated_insurance_smoke\insurance\comparison.svg,371291,KEEP,simulated_insurance_smoke,"Smoke evidence, not production. No scientific deletion justification; tiny collection retained separately.",0
