dataset,seed,method,model_epochs,batch_size,device,train_rows,test_rows,synthetic_rows,l_syn,l_test,synthetic_path,synthetic_sha256,oracle_sha256,train_sha256,test_sha256,package_versions,benchmark,family,target,test_accuracy,test_macro_f1,oracle_label_consistency,likelihood_scope,source_path,source_sha256,epochs
grid,42,identity,,,,10000.0,10000.0,10000,-3.064694247873719,-3.0772239971697113,/home/thuy/Research/minh_data_synth/TabularDA/SDGym-research/data/simulated_paper/seed_42/grid/train.csv,8263ddb702e6dc781b5a701deb8ff7ae66f43e1fe4c83c284fc9406cc711cbad,33faf662a867ae6d08b959a38d7d6dc8d2b5f93a2786e2aebcfed5415a6ccb46,8263ddb702e6dc781b5a701deb8ff7ae66f43e1fe4c83c284fc9406cc711cbad,8c7e586e1f9d9723620e5c7d0a217dbe5ac60e06160513923942ee8ca8848388,"{'numpy': '1.26.4', 'pandas': '2.2.3', 'scikit-learn': '1.5.2'}",paper,GM,,,,,,,,
grid,42,ctgan,300.0,500.0,cuda,10000.0,10000.0,10000,-3.203146755700075,-3.3222013353065574,/home/thuy/Research/minh_data_synth/TabularDA/SDGym-research/data/simulated_paper/seed_42/grid/ctgan_paper_sample.csv,544fcdb5a085a52eae3e2f7aa793a3cb0d438822a588bf65767265f699d4a4a8,33faf662a867ae6d08b959a38d7d6dc8d2b5f93a2786e2aebcfed5415a6ccb46,8263ddb702e6dc781b5a701deb8ff7ae66f43e1fe4c83c284fc9406cc711cbad,8c7e586e1f9d9723620e5c7d0a217dbe5ac60e06160513923942ee8ca8848388,"{'numpy': '1.26.4', 'pandas': '2.2.3', 'scikit-learn': '1.5.2', 'ctgan': '0.10.2', 'torch': '2.5.1'}",paper,GM,,,,,,,,
grid,42,tvae,300.0,500.0,cuda,10000.0,10000.0,10000,-2.8961233081986446,-5.044415634580129,/home/thuy/Research/minh_data_synth/TabularDA/SDGym-research/data/simulated_paper/seed_42/grid/tvae_paper_sample.csv,6b788b4cb0e861df26216ef892ab7396d007e01374d94cb67a6736dba61c0378,33faf662a867ae6d08b959a38d7d6dc8d2b5f93a2786e2aebcfed5415a6ccb46,8263ddb702e6dc781b5a701deb8ff7ae66f43e1fe4c83c284fc9406cc711cbad,8c7e586e1f9d9723620e5c7d0a217dbe5ac60e06160513923942ee8ca8848388,"{'numpy': '1.26.4', 'pandas': '2.2.3', 'scikit-learn': '1.5.2', 'ctgan': '0.10.2', 'torch': '2.5.1'}",paper,GM,,,,,,,,
grid,42,ctgan-full,,,cuda,,,10000,-3.064986994604072,-3.6471904228161263,/home/thuy/Research/minh_data_synth/TabularDA/SDGym-research/data/simulated_paper/seed_42/grid/ctgan-full_labeled.csv,11f96be0eada8a62dd8ab1b589c7fca3401fb9e60fcda8b36217e4e63bdb8761,,8263ddb702e6dc781b5a701deb8ff7ae66f43e1fe4c83c284fc9406cc711cbad,8c7e586e1f9d9723620e5c7d0a217dbe5ac60e06160513923942ee8ca8848388,,labeled_extension,GM,label,0.84,0.8392523239793859,0.9078,features,/home/thuy/Research/minh_data_synth/TabularDA/SDGym-research/data/simulated_paper/seed_42/grid/ctgan_full_sample.csv,11f96be0eada8a62dd8ab1b589c7fca3401fb9e60fcda8b36217e4e63bdb8761,300.0
grid,42,ctgan-gaussian,,,cuda,,,10000,-3.203146755700075,-3.3222013353065565,/home/thuy/Research/minh_data_synth/TabularDA/SDGym-research/data/simulated_paper/seed_42/grid/ctgan-gaussian_labeled.csv,188fe86f4b697d99a882d8b426569486897835fdd12bff36c99d3e2147145585,,8263ddb702e6dc781b5a701deb8ff7ae66f43e1fe4c83c284fc9406cc711cbad,8c7e586e1f9d9723620e5c7d0a217dbe5ac60e06160513923942ee8ca8848388,,labeled_extension,GM,label,0.9061,0.9055843764525262,0.9104,features,/home/thuy/Research/minh_data_synth/TabularDA/SDGym-research/data/simulated_paper/seed_42/grid/ctgan_paper_sample.csv,544fcdb5a085a52eae3e2f7aa793a3cb0d438822a588bf65767265f699d4a4a8,300.0
grid,42,ctgan-categorical,,,cuda,,,10000,-3.203146755700075,-3.3222013353065565,/home/thuy/Research/minh_data_synth/TabularDA/SDGym-research/data/simulated_paper/seed_42/grid/ctgan-categorical_labeled.csv,a15a02314e7979ef05e7151f681690ded6950d83f6987fec7d7110e977f70d06,,8263ddb702e6dc781b5a701deb8ff7ae66f43e1fe4c83c284fc9406cc711cbad,8c7e586e1f9d9723620e5c7d0a217dbe5ac60e06160513923942ee8ca8848388,,labeled_extension,GM,label,0.9477,0.9472327560808724,0.9659,features,/home/thuy/Research/minh_data_synth/TabularDA/SDGym-research/data/simulated_paper/seed_42/grid/ctgan_paper_sample.csv,544fcdb5a085a52eae3e2f7aa793a3cb0d438822a588bf65767265f699d4a4a8,300.0
grid,42,ctgan-pca_gmm,,,cuda,,,10000,-3.203146755700075,-3.3222013353065565,/home/thuy/Research/minh_data_synth/TabularDA/SDGym-research/data/simulated_paper/seed_42/grid/ctgan-pca_gmm_labeled.csv,959fe0ec5dbb71c2ca79c90611d9a6f067f853596809db9a2b12421362bd15bc,,8263ddb702e6dc781b5a701deb8ff7ae66f43e1fe4c83c284fc9406cc711cbad,8c7e586e1f9d9723620e5c7d0a217dbe5ac60e06160513923942ee8ca8848388,,labeled_extension,GM,label,0.9827,0.9825970859534653,0.9887,features,/home/thuy/Research/minh_data_synth/TabularDA/SDGym-research/data/simulated_paper/seed_42/grid/ctgan_paper_sample.csv,544fcdb5a085a52eae3e2f7aa793a3cb0d438822a588bf65767265f699d4a4a8,300.0
grid,42,ctgan-rf,,,cuda,,,10000,-3.203146755700075,-3.3222013353065565,/home/thuy/Research/minh_data_synth/TabularDA/SDGym-research/data/simulated_paper/seed_42/grid/ctgan-rf_labeled.csv,2de63a642f921b987ea9cd60b7231a241e431f82766dc9e8431711211ba443bb,,8263ddb702e6dc781b5a701deb8ff7ae66f43e1fe4c83c284fc9406cc711cbad,8c7e586e1f9d9723620e5c7d0a217dbe5ac60e06160513923942ee8ca8848388,,labeled_extension,GM,label,0.9951,0.9950628882742397,0.9987,features,/home/thuy/Research/minh_data_synth/TabularDA/SDGym-research/data/simulated_paper/seed_42/grid/ctgan_paper_sample.csv,544fcdb5a085a52eae3e2f7aa793a3cb0d438822a588bf65767265f699d4a4a8,300.0
grid,42,ctgan-xgb,,,cuda,,,10000,-3.203146755700075,-3.3222013353065565,/home/thuy/Research/minh_data_synth/TabularDA/SDGym-research/data/simulated_paper/seed_42/grid/ctgan-xgb_labeled.csv,146eade0df674b4bc46ab22ad962e20505abfee82f2276ee9a1629016af2a2be,,8263ddb702e6dc781b5a701deb8ff7ae66f43e1fe4c83c284fc9406cc711cbad,8c7e586e1f9d9723620e5c7d0a217dbe5ac60e06160513923942ee8ca8848388,,labeled_extension,GM,label,0.994,0.9939548733715236,0.9981,features,/home/thuy/Research/minh_data_synth/TabularDA/SDGym-research/data/simulated_paper/seed_42/grid/ctgan_paper_sample.csv,544fcdb5a085a52eae3e2f7aa793a3cb0d438822a588bf65767265f699d4a4a8,300.0
grid,42,ctgan-dnn,,,cuda,,,10000,-3.203146755700075,-3.3222013353065565,/home/thuy/Research/minh_data_synth/TabularDA/SDGym-research/data/simulated_paper/seed_42/grid/ctgan-dnn_labeled.csv,6cabce8c59ea6c1d6153dac984c49a6a06a6b096782eb07e4528c13316cef322,,8263ddb702e6dc781b5a701deb8ff7ae66f43e1fe4c83c284fc9406cc711cbad,8c7e586e1f9d9723620e5c7d0a217dbe5ac60e06160513923942ee8ca8848388,,labeled_extension,GM,label,0.9961,0.9960697714726298,0.9998,features,/home/thuy/Research/minh_data_synth/TabularDA/SDGym-research/data/simulated_paper/seed_42/grid/ctgan_paper_sample.csv,544fcdb5a085a52eae3e2f7aa793a3cb0d438822a588bf65767265f699d4a4a8,300.0
grid,42,ctgan-full-gaussian,,,cuda,,,10000,-3.064986994604072,-3.647190422816125,/home/thuy/Research/minh_data_synth/TabularDA/SDGym-research/data/simulated_paper/seed_42/grid/ctgan-full-gaussian_labeled.csv,ec156ce89aa5cc72edf4af9fc4dfcb806df7211d51af198ab7833ff873254651,,8263ddb702e6dc781b5a701deb8ff7ae66f43e1fe4c83c284fc9406cc711cbad,8c7e586e1f9d9723620e5c7d0a217dbe5ac60e06160513923942ee8ca8848388,,labeled_extension,GM,label,0.9073,0.9067992425824789,0.9326,features,/home/thuy/Research/minh_data_synth/TabularDA/SDGym-research/data/simulated_paper/seed_42/grid/ctgan_full_sample.csv,11f96be0eada8a62dd8ab1b589c7fca3401fb9e60fcda8b36217e4e63bdb8761,300.0
grid,42,ctgan-full-categorical,,,cuda,,,10000,-3.064986994604072,-3.647190422816125,/home/thuy/Research/minh_data_synth/TabularDA/SDGym-research/data/simulated_paper/seed_42/grid/ctgan-full-categorical_labeled.csv,a6b0d5a5a0d137e5de06f983136e1b541e14dc7fc438f6568ec5abd7836d2aca,,8263ddb702e6dc781b5a701deb8ff7ae66f43e1fe4c83c284fc9406cc711cbad,8c7e586e1f9d9723620e5c7d0a217dbe5ac60e06160513923942ee8ca8848388,,labeled_extension,GM,label,0.9469,0.94643371134959,0.9747,features,/home/thuy/Research/minh_data_synth/TabularDA/SDGym-research/data/simulated_paper/seed_42/grid/ctgan_full_sample.csv,11f96be0eada8a62dd8ab1b589c7fca3401fb9e60fcda8b36217e4e63bdb8761,300.0
grid,42,ctgan-full-pca_gmm,,,cuda,,,10000,-3.064986994604072,-3.647190422816125,/home/thuy/Research/minh_data_synth/TabularDA/SDGym-research/data/simulated_paper/seed_42/grid/ctgan-full-pca_gmm_labeled.csv,6d0d7217f3354388c1d2a6a35f15cdd11d34246db5e3de73e8e56914ae4295e1,,8263ddb702e6dc781b5a701deb8ff7ae66f43e1fe4c83c284fc9406cc711cbad,8c7e586e1f9d9723620e5c7d0a217dbe5ac60e06160513923942ee8ca8848388,,labeled_extension,GM,label,0.9836,0.9835082206090044,0.9922,features,/home/thuy/Research/minh_data_synth/TabularDA/SDGym-research/data/simulated_paper/seed_42/grid/ctgan_full_sample.csv,11f96be0eada8a62dd8ab1b589c7fca3401fb9e60fcda8b36217e4e63bdb8761,300.0
grid,42,ctgan-full-rf,,,cuda,,,10000,-3.064986994604072,-3.647190422816125,/home/thuy/Research/minh_data_synth/TabularDA/SDGym-research/data/simulated_paper/seed_42/grid/ctgan-full-rf_labeled.csv,d5b67ad82d1939c121ca808aa40e4d030436364f8ee428c38dc60d81f3f26914,,8263ddb702e6dc781b5a701deb8ff7ae66f43e1fe4c83c284fc9406cc711cbad,8c7e586e1f9d9723620e5c7d0a217dbe5ac60e06160513923942ee8ca8848388,,labeled_extension,GM,label,0.9937,0.9936507193598909,0.9976,features,/home/thuy/Research/minh_data_synth/TabularDA/SDGym-research/data/simulated_paper/seed_42/grid/ctgan_full_sample.csv,11f96be0eada8a62dd8ab1b589c7fca3401fb9e60fcda8b36217e4e63bdb8761,300.0
grid,42,ctgan-full-xgb,,,cuda,,,10000,-3.064986994604072,-3.647190422816125,/home/thuy/Research/minh_data_synth/TabularDA/SDGym-research/data/simulated_paper/seed_42/grid/ctgan-full-xgb_labeled.csv,9bf41ca3e5a767677116d23771f23a09efdcdf2f43211683edf5c5609bfcf4b4,,8263ddb702e6dc781b5a701deb8ff7ae66f43e1fe4c83c284fc9406cc711cbad,8c7e586e1f9d9723620e5c7d0a217dbe5ac60e06160513923942ee8ca8848388,,labeled_extension,GM,label,0.9931,0.9930455308590709,0.9974,features,/home/thuy/Research/minh_data_synth/TabularDA/SDGym-research/data/simulated_paper/seed_42/grid/ctgan_full_sample.csv,11f96be0eada8a62dd8ab1b589c7fca3401fb9e60fcda8b36217e4e63bdb8761,300.0
grid,42,ctgan-full-dnn,,,cuda,,,10000,-3.064986994604072,-3.647190422816125,/home/thuy/Research/minh_data_synth/TabularDA/SDGym-research/data/simulated_paper/seed_42/grid/ctgan-full-dnn_labeled.csv,08dfb3b1d44a84a9173b3ca3a12acd70e6c7e5efa502a12779f5baa92fd81dc8,,8263ddb702e6dc781b5a701deb8ff7ae66f43e1fe4c83c284fc9406cc711cbad,8c7e586e1f9d9723620e5c7d0a217dbe5ac60e06160513923942ee8ca8848388,,labeled_extension,GM,label,0.9948,0.994757154628771,0.9993,features,/home/thuy/Research/minh_data_synth/TabularDA/SDGym-research/data/simulated_paper/seed_42/grid/ctgan_full_sample.csv,11f96be0eada8a62dd8ab1b589c7fca3401fb9e60fcda8b36217e4e63bdb8761,300.0
grid,42,tvae-full,,,cuda,,,10000,-2.8613262676503366,-3.88727089938948,/home/thuy/Research/minh_data_synth/TabularDA/SDGym-research/data/simulated_paper/seed_42/grid/tvae-full_labeled.csv,2ba9c9b419a593eecd7b17ed69a06171448646825327aae79ce5d97b4647eaf2,,8263ddb702e6dc781b5a701deb8ff7ae66f43e1fe4c83c284fc9406cc711cbad,8c7e586e1f9d9723620e5c7d0a217dbe5ac60e06160513923942ee8ca8848388,,labeled_extension,GM,label,0.9398,0.9394594594594594,0.8874,features,/home/thuy/Research/minh_data_synth/TabularDA/SDGym-research/data/simulated_paper/seed_42/grid/tvae_full_sample.csv,2ba9c9b419a593eecd7b17ed69a06171448646825327aae79ce5d97b4647eaf2,300.0
grid,42,tvae-gaussian,,,cuda,,,10000,-2.8961233081986446,-5.044415634580271,/home/thuy/Research/minh_data_synth/TabularDA/SDGym-research/data/simulated_paper/seed_42/grid/tvae-gaussian_labeled.csv,90196f4812436bd76495c395c5b7a05fb28db232109449f82d17d1c4a696784a,,8263ddb702e6dc781b5a701deb8ff7ae66f43e1fe4c83c284fc9406cc711cbad,8c7e586e1f9d9723620e5c7d0a217dbe5ac60e06160513923942ee8ca8848388,,labeled_extension,GM,label,0.9076,0.9071049623443329,0.8576,features,/home/thuy/Research/minh_data_synth/TabularDA/SDGym-research/data/simulated_paper/seed_42/grid/tvae_paper_sample.csv,6b788b4cb0e861df26216ef892ab7396d007e01374d94cb67a6736dba61c0378,300.0
grid,42,tvae-categorical,,,cuda,,,10000,-2.8961233081986446,-5.044415634580271,/home/thuy/Research/minh_data_synth/TabularDA/SDGym-research/data/simulated_paper/seed_42/grid/tvae-categorical_labeled.csv,785d9ed268da84dc7ffcbd48a004e7d4cf5c8832779e58d04bd1d73e38a16a88,,8263ddb702e6dc781b5a701deb8ff7ae66f43e1fe4c83c284fc9406cc711cbad,8c7e586e1f9d9723620e5c7d0a217dbe5ac60e06160513923942ee8ca8848388,,labeled_extension,GM,label,0.9454,0.9449298240546206,0.9228,features,/home/thuy/Research/minh_data_synth/TabularDA/SDGym-research/data/simulated_paper/seed_42/grid/tvae_paper_sample.csv,6b788b4cb0e861df26216ef892ab7396d007e01374d94cb67a6736dba61c0378,300.0
grid,42,tvae-pca_gmm,,,cuda,,,10000,-2.8961233081986446,-5.044415634580271,/home/thuy/Research/minh_data_synth/TabularDA/SDGym-research/data/simulated_paper/seed_42/grid/tvae-pca_gmm_labeled.csv,c108b1c3168b00cd6fd9d3c122973f65be29b40176fa7e7dafd8c35924bac0ca,,8263ddb702e6dc781b5a701deb8ff7ae66f43e1fe4c83c284fc9406cc711cbad,8c7e586e1f9d9723620e5c7d0a217dbe5ac60e06160513923942ee8ca8848388,,labeled_extension,GM,label,0.9837,0.9836070505009751,0.9775,features,/home/thuy/Research/minh_data_synth/TabularDA/SDGym-research/data/simulated_paper/seed_42/grid/tvae_paper_sample.csv,6b788b4cb0e861df26216ef892ab7396d007e01374d94cb67a6736dba61c0378,300.0
grid,42,tvae-rf,,,cuda,,,10000,-2.8961233081986446,-5.044415634580271,/home/thuy/Research/minh_data_synth/TabularDA/SDGym-research/data/simulated_paper/seed_42/grid/tvae-rf_labeled.csv,f5f02227322f3994a057e8f871f7eb36b761982dc5baee43a9caf31dc3710cbd,,8263ddb702e6dc781b5a701deb8ff7ae66f43e1fe4c83c284fc9406cc711cbad,8c7e586e1f9d9723620e5c7d0a217dbe5ac60e06160513923942ee8ca8848388,,labeled_extension,GM,label,0.9932,0.9931488564877267,0.9957,features,/home/thuy/Research/minh_data_synth/TabularDA/SDGym-research/data/simulated_paper/seed_42/grid/tvae_paper_sample.csv,6b788b4cb0e861df26216ef892ab7396d007e01374d94cb67a6736dba61c0378,300.0
grid,42,tvae-xgb,,,cuda,,,10000,-2.8961233081986446,-5.044415634580271,/home/thuy/Research/minh_data_synth/TabularDA/SDGym-research/data/simulated_paper/seed_42/grid/tvae-xgb_labeled.csv,e93082658769710d649b188d58144d3185d9ffae2658751c5947ae659201f5ea,,8263ddb702e6dc781b5a701deb8ff7ae66f43e1fe4c83c284fc9406cc711cbad,8c7e586e1f9d9723620e5c7d0a217dbe5ac60e06160513923942ee8ca8848388,,labeled_extension,GM,label,0.9931,0.993048707735123,0.9949,features,/home/thuy/Research/minh_data_synth/TabularDA/SDGym-research/data/simulated_paper/seed_42/grid/tvae_paper_sample.csv,6b788b4cb0e861df26216ef892ab7396d007e01374d94cb67a6736dba61c0378,300.0
grid,42,tvae-dnn,,,cuda,,,10000,-2.8961233081986446,-5.044415634580271,/home/thuy/Research/minh_data_synth/TabularDA/SDGym-research/data/simulated_paper/seed_42/grid/tvae-dnn_labeled.csv,5ffcf3619e512d9fa49dbe37c6aa1f5c39bd6a86aa41a88d4c00ce9bf7d278d3,,8263ddb702e6dc781b5a701deb8ff7ae66f43e1fe4c83c284fc9406cc711cbad,8c7e586e1f9d9723620e5c7d0a217dbe5ac60e06160513923942ee8ca8848388,,labeled_extension,GM,label,0.9926,0.9925373844766948,0.9993,features,/home/thuy/Research/minh_data_synth/TabularDA/SDGym-research/data/simulated_paper/seed_42/grid/tvae_paper_sample.csv,6b788b4cb0e861df26216ef892ab7396d007e01374d94cb67a6736dba61c0378,300.0
grid,42,tvae-full-gaussian,,,cuda,,,10000,-2.8613262676503366,-3.887270899389456,/home/thuy/Research/minh_data_synth/TabularDA/SDGym-research/data/simulated_paper/seed_42/grid/tvae-full-gaussian_labeled.csv,b2b77b4ec42159267b484aa5a46a2f9f3befd7a4b14ff5d5ffc2e89f0647cf02,,8263ddb702e6dc781b5a701deb8ff7ae66f43e1fe4c83c284fc9406cc711cbad,8c7e586e1f9d9723620e5c7d0a217dbe5ac60e06160513923942ee8ca8848388,,labeled_extension,GM,label,0.9076,0.907102231460702,0.8456,features,/home/thuy/Research/minh_data_synth/TabularDA/SDGym-research/data/simulated_paper/seed_42/grid/tvae_full_sample.csv,2ba9c9b419a593eecd7b17ed69a06171448646825327aae79ce5d97b4647eaf2,300.0
grid,42,tvae-full-categorical,,,cuda,,,10000,-2.8613262676503366,-3.887270899389456,/home/thuy/Research/minh_data_synth/TabularDA/SDGym-research/data/simulated_paper/seed_42/grid/tvae-full-categorical_labeled.csv,0bef3143322b693e9970950be4e23cd80be738cc9290e9ffe63b2c7bf619d772,,8263ddb702e6dc781b5a701deb8ff7ae66f43e1fe4c83c284fc9406cc711cbad,8c7e586e1f9d9723620e5c7d0a217dbe5ac60e06160513923942ee8ca8848388,,labeled_extension,GM,label,0.9258,0.9248055534443009,0.9186,features,/home/thuy/Research/minh_data_synth/TabularDA/SDGym-research/data/simulated_paper/seed_42/grid/tvae_full_sample.csv,2ba9c9b419a593eecd7b17ed69a06171448646825327aae79ce5d97b4647eaf2,300.0
grid,42,tvae-full-pca_gmm,,,cuda,,,10000,-2.8613262676503366,-3.887270899389456,/home/thuy/Research/minh_data_synth/TabularDA/SDGym-research/data/simulated_paper/seed_42/grid/tvae-full-pca_gmm_labeled.csv,0858fef6a367c15f19757321c70a613b7bc48c2b4c3051f3ed4f55bee4605ad6,,8263ddb702e6dc781b5a701deb8ff7ae66f43e1fe4c83c284fc9406cc711cbad,8c7e586e1f9d9723620e5c7d0a217dbe5ac60e06160513923942ee8ca8848388,,labeled_extension,GM,label,0.9844,0.984309850046823,0.9749,features,/home/thuy/Research/minh_data_synth/TabularDA/SDGym-research/data/simulated_paper/seed_42/grid/tvae_full_sample.csv,2ba9c9b419a593eecd7b17ed69a06171448646825327aae79ce5d97b4647eaf2,300.0
grid,42,tvae-full-rf,,,cuda,,,10000,-2.8613262676503366,-3.887270899389456,/home/thuy/Research/minh_data_synth/TabularDA/SDGym-research/data/simulated_paper/seed_42/grid/tvae-full-rf_labeled.csv,a3b28b72806dd17cb45df55846d1f82a18f92d8367402ede68c917e2ad7e6aed,,8263ddb702e6dc781b5a701deb8ff7ae66f43e1fe4c83c284fc9406cc711cbad,8c7e586e1f9d9723620e5c7d0a217dbe5ac60e06160513923942ee8ca8848388,,labeled_extension,GM,label,0.9963,0.9962724954521673,0.9958,features,/home/thuy/Research/minh_data_synth/TabularDA/SDGym-research/data/simulated_paper/seed_42/grid/tvae_full_sample.csv,2ba9c9b419a593eecd7b17ed69a06171448646825327aae79ce5d97b4647eaf2,300.0
grid,42,tvae-full-xgb,,,cuda,,,10000,-2.8613262676503366,-3.887270899389456,/home/thuy/Research/minh_data_synth/TabularDA/SDGym-research/data/simulated_paper/seed_42/grid/tvae-full-xgb_labeled.csv,15e26c8678eddc5d0a6d7a73cfd18eb253ae65cebc13fb153474adf6e8bf6ce7,,8263ddb702e6dc781b5a701deb8ff7ae66f43e1fe4c83c284fc9406cc711cbad,8c7e586e1f9d9723620e5c7d0a217dbe5ac60e06160513923942ee8ca8848388,,labeled_extension,GM,label,0.9745,0.9741996214143507,0.9951,features,/home/thuy/Research/minh_data_synth/TabularDA/SDGym-research/data/simulated_paper/seed_42/grid/tvae_full_sample.csv,2ba9c9b419a593eecd7b17ed69a06171448646825327aae79ce5d97b4647eaf2,300.0
grid,42,tvae-full-dnn,,,cuda,,,10000,-2.8613262676503366,-3.887270899389456,/home/thuy/Research/minh_data_synth/TabularDA/SDGym-research/data/simulated_paper/seed_42/grid/tvae-full-dnn_labeled.csv,049e03431ca378e258b17622481718739d7fb477314972dc20903606dda374f2,,8263ddb702e6dc781b5a701deb8ff7ae66f43e1fe4c83c284fc9406cc711cbad,8c7e586e1f9d9723620e5c7d0a217dbe5ac60e06160513923942ee8ca8848388,,labeled_extension,GM,label,0.9656,0.965099100900082,0.9993,features,/home/thuy/Research/minh_data_synth/TabularDA/SDGym-research/data/simulated_paper/seed_42/grid/tvae_full_sample.csv,2ba9c9b419a593eecd7b17ed69a06171448646825327aae79ce5d97b4647eaf2,300.0
gridr,42,identity,,,,10000.0,10000.0,10000,-3.06318678112551,-3.0761989903824722,/home/thuy/Research/minh_data_synth/TabularDA/SDGym-research/data/simulated_paper/seed_42/gridr/train.csv,038b6c1e1051a5f19c5319b2b5b9d8866d6517771efaff2c7bc9f2312b4dcd0e,56701075620cf17b63106e1b768ffe33449be54d6db60100322876b0c8162a9d,038b6c1e1051a5f19c5319b2b5b9d8866d6517771efaff2c7bc9f2312b4dcd0e,ece14c91614154b0dc1b6eff96252c6826170e175975739fc498277144a9a555,"{'numpy': '1.26.4', 'pandas': '2.2.3', 'scikit-learn': '1.5.2'}",paper,GM,,,,,,,,
gridr,42,ctgan,300.0,500.0,cuda,10000.0,10000.0,10000,-5.201810146662913,-3.938774617372646,/home/thuy/Research/minh_data_synth/TabularDA/SDGym-research/data/simulated_paper/seed_42/gridr/ctgan_paper_sample.csv,91dcbdede8dbfe4fc952982010da1b8935bbbbc8179527ddba5b316735ac71e6,56701075620cf17b63106e1b768ffe33449be54d6db60100322876b0c8162a9d,038b6c1e1051a5f19c5319b2b5b9d8866d6517771efaff2c7bc9f2312b4dcd0e,ece14c91614154b0dc1b6eff96252c6826170e175975739fc498277144a9a555,"{'numpy': '1.26.4', 'pandas': '2.2.3', 'scikit-learn': '1.5.2', 'ctgan': '0.10.2', 'torch': '2.5.1'}",paper,GM,,,,,,,,
gridr,42,tvae,300.0,500.0,cuda,10000.0,10000.0,10000,-3.4450304093207307,-3.2234298111220143,/home/thuy/Research/minh_data_synth/TabularDA/SDGym-research/data/simulated_paper/seed_42/gridr/tvae_paper_sample.csv,68859c7bf41bff68364cea447f5de6781111f371f07d729e38d8903c2701ee64,56701075620cf17b63106e1b768ffe33449be54d6db60100322876b0c8162a9d,038b6c1e1051a5f19c5319b2b5b9d8866d6517771efaff2c7bc9f2312b4dcd0e,ece14c91614154b0dc1b6eff96252c6826170e175975739fc498277144a9a555,"{'numpy': '1.26.4', 'pandas': '2.2.3', 'scikit-learn': '1.5.2', 'ctgan': '0.10.2', 'torch': '2.5.1'}",paper,GM,,,,,,,,
gridr,42,ctgan-full,,,cuda,,,10000,-5.153833269577,-3.9724419319855615,/home/thuy/Research/minh_data_synth/TabularDA/SDGym-research/data/simulated_paper/seed_42/gridr/ctgan-full_labeled.csv,7f76f97528819a88b4ed5fa7f216c9c8441dc98dbcf18568883a99380b8ffe17,,038b6c1e1051a5f19c5319b2b5b9d8866d6517771efaff2c7bc9f2312b4dcd0e,ece14c91614154b0dc1b6eff96252c6826170e175975739fc498277144a9a555,,labeled_extension,GM,label,0.8656,0.8642697074022494,0.8791,features,/home/thuy/Research/minh_data_synth/TabularDA/SDGym-research/data/simulated_paper/seed_42/gridr/ctgan_full_sample.csv,7f76f97528819a88b4ed5fa7f216c9c8441dc98dbcf18568883a99380b8ffe17,300.0
gridr,42,ctgan-gaussian,,,cuda,,,10000,-5.201810146662913,-3.9387746173726477,/home/thuy/Research/minh_data_synth/TabularDA/SDGym-research/data/simulated_paper/seed_42/gridr/ctgan-gaussian_labeled.csv,880651afd6d48e9130ec873066f38cbcee0d6e1dec1b85a06749229e82ecabad,,038b6c1e1051a5f19c5319b2b5b9d8866d6517771efaff2c7bc9f2312b4dcd0e,ece14c91614154b0dc1b6eff96252c6826170e175975739fc498277144a9a555,,labeled_extension,GM,label,0.9055,0.9051732564379757,0.881,features,/home/thuy/Research/minh_data_synth/TabularDA/SDGym-research/data/simulated_paper/seed_42/gridr/ctgan_paper_sample.csv,91dcbdede8dbfe4fc952982010da1b8935bbbbc8179527ddba5b316735ac71e6,300.0
gridr,42,ctgan-categorical,,,cuda,,,10000,-5.201810146662913,-3.9387746173726477,/home/thuy/Research/minh_data_synth/TabularDA/SDGym-research/data/simulated_paper/seed_42/gridr/ctgan-categorical_labeled.csv,91f5ba30e69087dea9c93dd066a71f199a6c1c4a5e382419b02421cdc637285d,,038b6c1e1051a5f19c5319b2b5b9d8866d6517771efaff2c7bc9f2312b4dcd0e,ece14c91614154b0dc1b6eff96252c6826170e175975739fc498277144a9a555,,labeled_extension,GM,label,0.9295,0.9294110402634921,0.8664,features,/home/thuy/Research/minh_data_synth/TabularDA/SDGym-research/data/simulated_paper/seed_42/gridr/ctgan_paper_sample.csv,91dcbdede8dbfe4fc952982010da1b8935bbbbc8179527ddba5b316735ac71e6,300.0
gridr,42,ctgan-pca_gmm,,,cuda,,,10000,-5.201810146662913,-3.9387746173726477,/home/thuy/Research/minh_data_synth/TabularDA/SDGym-research/data/simulated_paper/seed_42/gridr/ctgan-pca_gmm_labeled.csv,59066b9d02dd9744615ad43a29fae2c3800be762c150f83a69de1e35c72395a2,,038b6c1e1051a5f19c5319b2b5b9d8866d6517771efaff2c7bc9f2312b4dcd0e,ece14c91614154b0dc1b6eff96252c6826170e175975739fc498277144a9a555,,labeled_extension,GM,label,0.9902,0.9901687271142012,0.9812,features,/home/thuy/Research/minh_data_synth/TabularDA/SDGym-research/data/simulated_paper/seed_42/gridr/ctgan_paper_sample.csv,91dcbdede8dbfe4fc952982010da1b8935bbbbc8179527ddba5b316735ac71e6,300.0
gridr,42,ctgan-rf,,,cuda,,,10000,-5.201810146662913,-3.9387746173726477,/home/thuy/Research/minh_data_synth/TabularDA/SDGym-research/data/simulated_paper/seed_42/gridr/ctgan-rf_labeled.csv,0369c5d7ff5d3c39a6f760121471f483d78b63e3dacf9bb2dec8fb95e05f2b1e,,038b6c1e1051a5f19c5319b2b5b9d8866d6517771efaff2c7bc9f2312b4dcd0e,ece14c91614154b0dc1b6eff96252c6826170e175975739fc498277144a9a555,,labeled_extension,GM,label,0.9964,0.9963851937536148,0.9896,features,/home/thuy/Research/minh_data_synth/TabularDA/SDGym-research/data/simulated_paper/seed_42/gridr/ctgan_paper_sample.csv,91dcbdede8dbfe4fc952982010da1b8935bbbbc8179527ddba5b316735ac71e6,300.0
gridr,42,ctgan-xgb,,,cuda,,,10000,-5.201810146662913,-3.9387746173726477,/home/thuy/Research/minh_data_synth/TabularDA/SDGym-research/data/simulated_paper/seed_42/gridr/ctgan-xgb_labeled.csv,f2d557431cbce256aa56218f830ec986126bca6823ba61796c11e8462fe046bc,,038b6c1e1051a5f19c5319b2b5b9d8866d6517771efaff2c7bc9f2312b4dcd0e,ece14c91614154b0dc1b6eff96252c6826170e175975739fc498277144a9a555,,labeled_extension,GM,label,0.9955,0.9954816660013168,0.9856,features,/home/thuy/Research/minh_data_synth/TabularDA/SDGym-research/data/simulated_paper/seed_42/gridr/ctgan_paper_sample.csv,91dcbdede8dbfe4fc952982010da1b8935bbbbc8179527ddba5b316735ac71e6,300.0
gridr,42,ctgan-dnn,,,cuda,,,10000,-5.201810146662913,-3.9387746173726477,/home/thuy/Research/minh_data_synth/TabularDA/SDGym-research/data/simulated_paper/seed_42/gridr/ctgan-dnn_labeled.csv,94b9b268a37209dafb8008bc0574f948717873697e365577474b937f98bad2e4,,038b6c1e1051a5f19c5319b2b5b9d8866d6517771efaff2c7bc9f2312b4dcd0e,ece14c91614154b0dc1b6eff96252c6826170e175975739fc498277144a9a555,,labeled_extension,GM,label,0.9966,0.9965853053395861,0.9984,features,/home/thuy/Research/minh_data_synth/TabularDA/SDGym-research/data/simulated_paper/seed_42/gridr/ctgan_paper_sample.csv,91dcbdede8dbfe4fc952982010da1b8935bbbbc8179527ddba5b316735ac71e6,300.0
gridr,42,ctgan-full-gaussian,,,cuda,,,10000,-5.153833269577,-3.9724419319855695,/home/thuy/Research/minh_data_synth/TabularDA/SDGym-research/data/simulated_paper/seed_42/gridr/ctgan-full-gaussian_labeled.csv,756b1db93dfce182839faf9e24fe2cdb6d4731cf39915808b6fbbbd597989faf,,038b6c1e1051a5f19c5319b2b5b9d8866d6517771efaff2c7bc9f2312b4dcd0e,ece14c91614154b0dc1b6eff96252c6826170e175975739fc498277144a9a555,,labeled_extension,GM,label,0.9046,0.9042622025851133,0.9067,features,/home/thuy/Research/minh_data_synth/TabularDA/SDGym-research/data/simulated_paper/seed_42/gridr/ctgan_full_sample.csv,7f76f97528819a88b4ed5fa7f216c9c8441dc98dbcf18568883a99380b8ffe17,300.0
gridr,42,ctgan-full-categorical,,,cuda,,,10000,-5.153833269577,-3.9724419319855695,/home/thuy/Research/minh_data_synth/TabularDA/SDGym-research/data/simulated_paper/seed_42/gridr/ctgan-full-categorical_labeled.csv,077a908332dfa9429d561e5e78ac76c693dc941952878e41774bdb9f7ce941e4,,038b6c1e1051a5f19c5319b2b5b9d8866d6517771efaff2c7bc9f2312b4dcd0e,ece14c91614154b0dc1b6eff96252c6826170e175975739fc498277144a9a555,,labeled_extension,GM,label,0.9295,0.9294100337939701,0.8869,features,/home/thuy/Research/minh_data_synth/TabularDA/SDGym-research/data/simulated_paper/seed_42/gridr/ctgan_full_sample.csv,7f76f97528819a88b4ed5fa7f216c9c8441dc98dbcf18568883a99380b8ffe17,300.0
gridr,42,ctgan-full-pca_gmm,,,cuda,,,10000,-5.153833269577,-3.9724419319855695,/home/thuy/Research/minh_data_synth/TabularDA/SDGym-research/data/simulated_paper/seed_42/gridr/ctgan-full-pca_gmm_labeled.csv,32a8f2c0d0be17184f34cec33c63a9f0be9404e025eb268f5a2add62975004cd,,038b6c1e1051a5f19c5319b2b5b9d8866d6517771efaff2c7bc9f2312b4dcd0e,ece14c91614154b0dc1b6eff96252c6826170e175975739fc498277144a9a555,,labeled_extension,GM,label,0.99,0.989968088892042,0.9825,features,/home/thuy/Research/minh_data_synth/TabularDA/SDGym-research/data/simulated_paper/seed_42/gridr/ctgan_full_sample.csv,7f76f97528819a88b4ed5fa7f216c9c8441dc98dbcf18568883a99380b8ffe17,300.0
gridr,42,ctgan-full-rf,,,cuda,,,10000,-5.153833269577,-3.9724419319855695,/home/thuy/Research/minh_data_synth/TabularDA/SDGym-research/data/simulated_paper/seed_42/gridr/ctgan-full-rf_labeled.csv,6988276fa53cc10722e06b3570b92be717d8ee12272e93bb4cb807736c72bfc9,,038b6c1e1051a5f19c5319b2b5b9d8866d6517771efaff2c7bc9f2312b4dcd0e,ece14c91614154b0dc1b6eff96252c6826170e175975739fc498277144a9a555,,labeled_extension,GM,label,0.9954,0.9953810809073966,0.9965,features,/home/thuy/Research/minh_data_synth/TabularDA/SDGym-research/data/simulated_paper/seed_42/gridr/ctgan_full_sample.csv,7f76f97528819a88b4ed5fa7f216c9c8441dc98dbcf18568883a99380b8ffe17,300.0
gridr,42,ctgan-full-xgb,,,cuda,,,10000,-5.153833269577,-3.9724419319855695,/home/thuy/Research/minh_data_synth/TabularDA/SDGym-research/data/simulated_paper/seed_42/gridr/ctgan-full-xgb_labeled.csv,610988fb7e9fb04b47e6a9263b65a645ce717b70f79e3ba3f923d3d0927e972b,,038b6c1e1051a5f19c5319b2b5b9d8866d6517771efaff2c7bc9f2312b4dcd0e,ece14c91614154b0dc1b6eff96252c6826170e175975739fc498277144a9a555,,labeled_extension,GM,label,0.9949,0.9948796126143815,0.9933,features,/home/thuy/Research/minh_data_synth/TabularDA/SDGym-research/data/simulated_paper/seed_42/gridr/ctgan_full_sample.csv,7f76f97528819a88b4ed5fa7f216c9c8441dc98dbcf18568883a99380b8ffe17,300.0
gridr,42,ctgan-full-dnn,,,cuda,,,10000,-5.153833269577,-3.9724419319855695,/home/thuy/Research/minh_data_synth/TabularDA/SDGym-research/data/simulated_paper/seed_42/gridr/ctgan-full-dnn_labeled.csv,c73fd53d530e9b3b1f6126683bfb4c895d04dba2373328943bea2944499e9044,,038b6c1e1051a5f19c5319b2b5b9d8866d6517771efaff2c7bc9f2312b4dcd0e,ece14c91614154b0dc1b6eff96252c6826170e175975739fc498277144a9a555,,labeled_extension,GM,label,0.9964,0.9963850073239752,0.9995,features,/home/thuy/Research/minh_data_synth/TabularDA/SDGym-research/data/simulated_paper/seed_42/gridr/ctgan_full_sample.csv,7f76f97528819a88b4ed5fa7f216c9c8441dc98dbcf18568883a99380b8ffe17,300.0
gridr,42,tvae-full,,,cuda,,,10000,-3.3964539954865076,-3.213003148964568,/home/thuy/Research/minh_data_synth/TabularDA/SDGym-research/data/simulated_paper/seed_42/gridr/tvae-full_labeled.csv,e2a854565c67a41d176311703aba269d0851409fec346e5ed604999bd7cfa7d3,,038b6c1e1051a5f19c5319b2b5b9d8866d6517771efaff2c7bc9f2312b4dcd0e,ece14c91614154b0dc1b6eff96252c6826170e175975739fc498277144a9a555,,labeled_extension,GM,label,0.98,0.9799213164580833,0.937,features,/home/thuy/Research/minh_data_synth/TabularDA/SDGym-research/data/simulated_paper/seed_42/gridr/tvae_full_sample.csv,e2a854565c67a41d176311703aba269d0851409fec346e5ed604999bd7cfa7d3,300.0
gridr,42,tvae-gaussian,,,cuda,,,10000,-3.4450304093207307,-3.2234298111220143,/home/thuy/Research/minh_data_synth/TabularDA/SDGym-research/data/simulated_paper/seed_42/gridr/tvae-gaussian_labeled.csv,114fe0852f17d65e1dc293515cc8371b9f7263e760d7d3cd0f6cef2a91c917a3,,038b6c1e1051a5f19c5319b2b5b9d8866d6517771efaff2c7bc9f2312b4dcd0e,ece14c91614154b0dc1b6eff96252c6826170e175975739fc498277144a9a555,,labeled_extension,GM,label,0.9058,0.9054776257713508,0.8989,features,/home/thuy/Research/minh_data_synth/TabularDA/SDGym-research/data/simulated_paper/seed_42/gridr/tvae_paper_sample.csv,68859c7bf41bff68364cea447f5de6781111f371f07d729e38d8903c2701ee64,300.0
gridr,42,tvae-categorical,,,cuda,,,10000,-3.4450304093207307,-3.2234298111220143,/home/thuy/Research/minh_data_synth/TabularDA/SDGym-research/data/simulated_paper/seed_42/gridr/tvae-categorical_labeled.csv,30ef9445ef9bcda5f822706632a78516e7f8c9e7f2301592fecdd6eee8793b77,,038b6c1e1051a5f19c5319b2b5b9d8866d6517771efaff2c7bc9f2312b4dcd0e,ece14c91614154b0dc1b6eff96252c6826170e175975739fc498277144a9a555,,labeled_extension,GM,label,0.9296,0.9295126633704225,0.9164,features,/home/thuy/Research/minh_data_synth/TabularDA/SDGym-research/data/simulated_paper/seed_42/gridr/tvae_paper_sample.csv,68859c7bf41bff68364cea447f5de6781111f371f07d729e38d8903c2701ee64,300.0
gridr,42,tvae-pca_gmm,,,cuda,,,10000,-3.4450304093207307,-3.2234298111220143,/home/thuy/Research/minh_data_synth/TabularDA/SDGym-research/data/simulated_paper/seed_42/gridr/tvae-pca_gmm_labeled.csv,6e8bb258cf442fe312da72a3ec830046927a8807862b1c7926b908bdeade4fc7,,038b6c1e1051a5f19c5319b2b5b9d8866d6517771efaff2c7bc9f2312b4dcd0e,ece14c91614154b0dc1b6eff96252c6826170e175975739fc498277144a9a555,,labeled_extension,GM,label,0.9899,0.9898678843342956,0.9845,features,/home/thuy/Research/minh_data_synth/TabularDA/SDGym-research/data/simulated_paper/seed_42/gridr/tvae_paper_sample.csv,68859c7bf41bff68364cea447f5de6781111f371f07d729e38d8903c2701ee64,300.0
gridr,42,tvae-rf,,,cuda,,,10000,-3.4450304093207307,-3.2234298111220143,/home/thuy/Research/minh_data_synth/TabularDA/SDGym-research/data/simulated_paper/seed_42/gridr/tvae-rf_labeled.csv,77eaf7745eb5d92799cd63d0ec1e907284acbe4e390d08f26825e2de34d78db6,,038b6c1e1051a5f19c5319b2b5b9d8866d6517771efaff2c7bc9f2312b4dcd0e,ece14c91614154b0dc1b6eff96252c6826170e175975739fc498277144a9a555,,labeled_extension,GM,label,0.9964,0.9963848197133691,0.9957,features,/home/thuy/Research/minh_data_synth/TabularDA/SDGym-research/data/simulated_paper/seed_42/gridr/tvae_paper_sample.csv,68859c7bf41bff68364cea447f5de6781111f371f07d729e38d8903c2701ee64,300.0
gridr,42,tvae-xgb,,,cuda,,,10000,-3.4450304093207307,-3.2234298111220143,/home/thuy/Research/minh_data_synth/TabularDA/SDGym-research/data/simulated_paper/seed_42/gridr/tvae-xgb_labeled.csv,dc92ab56ee5e2937fd5fb633134846e4534aa7c6b01ceede2698e07a3161c94b,,038b6c1e1051a5f19c5319b2b5b9d8866d6517771efaff2c7bc9f2312b4dcd0e,ece14c91614154b0dc1b6eff96252c6826170e175975739fc498277144a9a555,,labeled_extension,GM,label,0.9955,0.9954816660013168,0.9945,features,/home/thuy/Research/minh_data_synth/TabularDA/SDGym-research/data/simulated_paper/seed_42/gridr/tvae_paper_sample.csv,68859c7bf41bff68364cea447f5de6781111f371f07d729e38d8903c2701ee64,300.0
gridr,42,tvae-dnn,,,cuda,,,10000,-3.4450304093207307,-3.2234298111220143,/home/thuy/Research/minh_data_synth/TabularDA/SDGym-research/data/simulated_paper/seed_42/gridr/tvae-dnn_labeled.csv,7b275f08cbfe9be47e2b366abd6f193a3bc5b787a6d889e9575e230842906ca8,,038b6c1e1051a5f19c5319b2b5b9d8866d6517771efaff2c7bc9f2312b4dcd0e,ece14c91614154b0dc1b6eff96252c6826170e175975739fc498277144a9a555,,labeled_extension,GM,label,0.9968,0.996786589925614,0.9986,features,/home/thuy/Research/minh_data_synth/TabularDA/SDGym-research/data/simulated_paper/seed_42/gridr/tvae_paper_sample.csv,68859c7bf41bff68364cea447f5de6781111f371f07d729e38d8903c2701ee64,300.0
gridr,42,tvae-full-gaussian,,,cuda,,,10000,-3.3964539954865076,-3.2130031489645647,/home/thuy/Research/minh_data_synth/TabularDA/SDGym-research/data/simulated_paper/seed_42/gridr/tvae-full-gaussian_labeled.csv,9d77a85435aa3edcad69d41bd0c9928b7e22ef2f9de786a65c3c0a4b65497bcb,,038b6c1e1051a5f19c5319b2b5b9d8866d6517771efaff2c7bc9f2312b4dcd0e,ece14c91614154b0dc1b6eff96252c6826170e175975739fc498277144a9a555,,labeled_extension,GM,label,0.9051,0.9047696258336384,0.9084,features,/home/thuy/Research/minh_data_synth/TabularDA/SDGym-research/data/simulated_paper/seed_42/gridr/tvae_full_sample.csv,e2a854565c67a41d176311703aba269d0851409fec346e5ed604999bd7cfa7d3,300.0
gridr,42,tvae-full-categorical,,,cuda,,,10000,-3.3964539954865076,-3.2130031489645647,/home/thuy/Research/minh_data_synth/TabularDA/SDGym-research/data/simulated_paper/seed_42/gridr/tvae-full-categorical_labeled.csv,90beab4abbe068cc12b17cbf6d4525e05a44b91dd9738aaaa2c265d4f541d2a2,,038b6c1e1051a5f19c5319b2b5b9d8866d6517771efaff2c7bc9f2312b4dcd0e,ece14c91614154b0dc1b6eff96252c6826170e175975739fc498277144a9a555,,labeled_extension,GM,label,0.93,0.9299081488345587,0.911,features,/home/thuy/Research/minh_data_synth/TabularDA/SDGym-research/data/simulated_paper/seed_42/gridr/tvae_full_sample.csv,e2a854565c67a41d176311703aba269d0851409fec346e5ed604999bd7cfa7d3,300.0
gridr,42,tvae-full-pca_gmm,,,cuda,,,10000,-3.3964539954865076,-3.2130031489645647,/home/thuy/Research/minh_data_synth/TabularDA/SDGym-research/data/simulated_paper/seed_42/gridr/tvae-full-pca_gmm_labeled.csv,1d2e12ad356407a3e12399705a3722f6c644d81b3fed35a94c53575c5ff6624f,,038b6c1e1051a5f19c5319b2b5b9d8866d6517771efaff2c7bc9f2312b4dcd0e,ece14c91614154b0dc1b6eff96252c6826170e175975739fc498277144a9a555,,labeled_extension,GM,label,0.9896,0.9895675170036433,0.9836,features,/home/thuy/Research/minh_data_synth/TabularDA/SDGym-research/data/simulated_paper/seed_42/gridr/tvae_full_sample.csv,e2a854565c67a41d176311703aba269d0851409fec346e5ed604999bd7cfa7d3,300.0
gridr,42,tvae-full-rf,,,cuda,,,10000,-3.3964539954865076,-3.2130031489645647,/home/thuy/Research/minh_data_synth/TabularDA/SDGym-research/data/simulated_paper/seed_42/gridr/tvae-full-rf_labeled.csv,4e572b7877b8df68c0efd09b9354f4ed8f72eecea9a6ab176628b239f38a23f1,,038b6c1e1051a5f19c5319b2b5b9d8866d6517771efaff2c7bc9f2312b4dcd0e,ece14c91614154b0dc1b6eff96252c6826170e175975739fc498277144a9a555,,labeled_extension,GM,label,0.996,0.9959829232460358,0.9951,features,/home/thuy/Research/minh_data_synth/TabularDA/SDGym-research/data/simulated_paper/seed_42/gridr/tvae_full_sample.csv,e2a854565c67a41d176311703aba269d0851409fec346e5ed604999bd7cfa7d3,300.0
gridr,42,tvae-full-xgb,,,cuda,,,10000,-3.3964539954865076,-3.2130031489645647,/home/thuy/Research/minh_data_synth/TabularDA/SDGym-research/data/simulated_paper/seed_42/gridr/tvae-full-xgb_labeled.csv,cd19aa13808a27872d2bb577ea06c9183726674bffd829a5b2b8529372dec86c,,038b6c1e1051a5f19c5319b2b5b9d8866d6517771efaff2c7bc9f2312b4dcd0e,ece14c91614154b0dc1b6eff96252c6826170e175975739fc498277144a9a555,,labeled_extension,GM,label,0.996,0.9959836516952063,0.9938,features,/home/thuy/Research/minh_data_synth/TabularDA/SDGym-research/data/simulated_paper/seed_42/gridr/tvae_full_sample.csv,e2a854565c67a41d176311703aba269d0851409fec346e5ed604999bd7cfa7d3,300.0
gridr,42,tvae-full-dnn,,,cuda,,,10000,-3.3964539954865076,-3.2130031489645647,/home/thuy/Research/minh_data_synth/TabularDA/SDGym-research/data/simulated_paper/seed_42/gridr/tvae-full-dnn_labeled.csv,6fa7584023520c9b3ee2e8554821a39de9a094062d32460408d5581ebc346f46,,038b6c1e1051a5f19c5319b2b5b9d8866d6517771efaff2c7bc9f2312b4dcd0e,ece14c91614154b0dc1b6eff96252c6826170e175975739fc498277144a9a555,,labeled_extension,GM,label,0.9978,0.9977906077853197,0.9988,features,/home/thuy/Research/minh_data_synth/TabularDA/SDGym-research/data/simulated_paper/seed_42/gridr/tvae_full_sample.csv,e2a854565c67a41d176311703aba269d0851409fec346e5ed604999bd7cfa7d3,300.0
ring,42,identity,,,,10000.0,10000.0,10000,-1.7039924758613547,-1.7087929260055266,/home/thuy/Research/minh_data_synth/TabularDA/SDGym-research/data/simulated_paper/seed_42/ring/train.csv,87629c437e563f098631a6a677dd087ad9e61b6591919b597df2ae19175b9aef,b06bd9de4ff274681e185442b3be28a0738d13efcb297bd5dcd7cea43066ff2e,87629c437e563f098631a6a677dd087ad9e61b6591919b597df2ae19175b9aef,7d37f56e1bae9f49d50630f82ec477df9fd718cbc6bb1ee9c746bba1148f7005,"{'numpy': '1.26.4', 'pandas': '2.2.3', 'scikit-learn': '1.5.2'}",paper,GM,,,,,,,,
ring,42,ctgan,300.0,500.0,cuda,10000.0,10000.0,10000,-2.1024541590134618,-1.908328805693223,/home/thuy/Research/minh_data_synth/TabularDA/SDGym-research/data/simulated_paper/seed_42/ring/ctgan_paper_sample.csv,b75abf2dc641bb3d34c5cb6f58a2891047fe4d455b884c5b3eb8efbed6e01993,b06bd9de4ff274681e185442b3be28a0738d13efcb297bd5dcd7cea43066ff2e,87629c437e563f098631a6a677dd087ad9e61b6591919b597df2ae19175b9aef,7d37f56e1bae9f49d50630f82ec477df9fd718cbc6bb1ee9c746bba1148f7005,"{'numpy': '1.26.4', 'pandas': '2.2.3', 'scikit-learn': '1.5.2', 'ctgan': '0.10.2', 'torch': '2.5.1'}",paper,GM,,,,,,,,
ring,42,tvae,300.0,500.0,cuda,10000.0,10000.0,10000,-1.8252599187407923,-1.7732341606358855,/home/thuy/Research/minh_data_synth/TabularDA/SDGym-research/data/simulated_paper/seed_42/ring/tvae_paper_sample.csv,b412021cd0f1f889294fdc31139d4711d652082bb46fa05c8eb9c949d4253b46,b06bd9de4ff274681e185442b3be28a0738d13efcb297bd5dcd7cea43066ff2e,87629c437e563f098631a6a677dd087ad9e61b6591919b597df2ae19175b9aef,7d37f56e1bae9f49d50630f82ec477df9fd718cbc6bb1ee9c746bba1148f7005,"{'numpy': '1.26.4', 'pandas': '2.2.3', 'scikit-learn': '1.5.2', 'ctgan': '0.10.2', 'torch': '2.5.1'}",paper,GM,,,,,,,,
ring,42,ctgan-full,,,cuda,,,10000,-2.3227900811939004,-1.9574937372866574,/home/thuy/Research/minh_data_synth/TabularDA/SDGym-research/data/simulated_paper/seed_42/ring/ctgan-full_labeled.csv,9f9faff8a417f281a2a03610f81a08d408cc46022e429a35f3428309f4cb7e24,,87629c437e563f098631a6a677dd087ad9e61b6591919b597df2ae19175b9aef,7d37f56e1bae9f49d50630f82ec477df9fd718cbc6bb1ee9c746bba1148f7005,,labeled_extension,GM,label,0.9423,0.9378601519781294,0.8756,features,/home/thuy/Research/minh_data_synth/TabularDA/SDGym-research/data/simulated_paper/seed_42/ring/ctgan_full_sample.csv,9f9faff8a417f281a2a03610f81a08d408cc46022e429a35f3428309f4cb7e24,300.0
ring,42,ctgan-gaussian,,,cuda,,,10000,-2.1024541590134618,-1.908328805693223,/home/thuy/Research/minh_data_synth/TabularDA/SDGym-research/data/simulated_paper/seed_42/ring/ctgan-gaussian_labeled.csv,3726eb0f04b3bea1cc756fc53bf670a4dfb6fb9ac67ea6a58bafb782229648f7,,87629c437e563f098631a6a677dd087ad9e61b6591919b597df2ae19175b9aef,7d37f56e1bae9f49d50630f82ec477df9fd718cbc6bb1ee9c746bba1148f7005,,labeled_extension,GM,label,0.9637,0.9597881239574614,0.9511,features,/home/thuy/Research/minh_data_synth/TabularDA/SDGym-research/data/simulated_paper/seed_42/ring/ctgan_paper_sample.csv,b75abf2dc641bb3d34c5cb6f58a2891047fe4d455b884c5b3eb8efbed6e01993,300.0
ring,42,ctgan-categorical,,,cuda,,,10000,-2.1024541590134618,-1.908328805693223,/home/thuy/Research/minh_data_synth/TabularDA/SDGym-research/data/simulated_paper/seed_42/ring/ctgan-categorical_labeled.csv,2b95efda99cff187c1e3847e39183376eb651e8a8bd84fa2ad53d1cd6b839cc2,,87629c437e563f098631a6a677dd087ad9e61b6591919b597df2ae19175b9aef,7d37f56e1bae9f49d50630f82ec477df9fd718cbc6bb1ee9c746bba1148f7005,,labeled_extension,GM,label,0.9763,0.9741254508844888,0.9445,features,/home/thuy/Research/minh_data_synth/TabularDA/SDGym-research/data/simulated_paper/seed_42/ring/ctgan_paper_sample.csv,b75abf2dc641bb3d34c5cb6f58a2891047fe4d455b884c5b3eb8efbed6e01993,300.0
ring,42,ctgan-pca_gmm,,,cuda,,,10000,-2.1024541590134618,-1.908328805693223,/home/thuy/Research/minh_data_synth/TabularDA/SDGym-research/data/simulated_paper/seed_42/ring/ctgan-pca_gmm_labeled.csv,37de0bc78479b688ecb6d6fe3b67cea9e65f20618902653ae386bb13760bdb84,,87629c437e563f098631a6a677dd087ad9e61b6591919b597df2ae19175b9aef,7d37f56e1bae9f49d50630f82ec477df9fd718cbc6bb1ee9c746bba1148f7005,,labeled_extension,GM,label,0.9941,0.9935160559324356,0.9887,features,/home/thuy/Research/minh_data_synth/TabularDA/SDGym-research/data/simulated_paper/seed_42/ring/ctgan_paper_sample.csv,b75abf2dc641bb3d34c5cb6f58a2891047fe4d455b884c5b3eb8efbed6e01993,300.0
ring,42,ctgan-rf,,,cuda,,,10000,-2.1024541590134618,-1.908328805693223,/home/thuy/Research/minh_data_synth/TabularDA/SDGym-research/data/simulated_paper/seed_42/ring/ctgan-rf_labeled.csv,c6ae71d30618f8b778088f94919f1767399620d164d4c9823792b5be590615d8,,87629c437e563f098631a6a677dd087ad9e61b6591919b597df2ae19175b9aef,7d37f56e1bae9f49d50630f82ec477df9fd718cbc6bb1ee9c746bba1148f7005,,labeled_extension,GM,label,0.9956,0.9951718130092339,0.988,features,/home/thuy/Research/minh_data_synth/TabularDA/SDGym-research/data/simulated_paper/seed_42/ring/ctgan_paper_sample.csv,b75abf2dc641bb3d34c5cb6f58a2891047fe4d455b884c5b3eb8efbed6e01993,300.0
ring,42,ctgan-xgb,,,cuda,,,10000,-2.1024541590134618,-1.908328805693223,/home/thuy/Research/minh_data_synth/TabularDA/SDGym-research/data/simulated_paper/seed_42/ring/ctgan-xgb_labeled.csv,29a9505ad1118024da70f40b2dca577e4d92da3ccbcfc1e74e98b6f87a1dc5a2,,87629c437e563f098631a6a677dd087ad9e61b6591919b597df2ae19175b9aef,7d37f56e1bae9f49d50630f82ec477df9fd718cbc6bb1ee9c746bba1148f7005,,labeled_extension,GM,label,0.9953,0.99484160653489,0.9878,features,/home/thuy/Research/minh_data_synth/TabularDA/SDGym-research/data/simulated_paper/seed_42/ring/ctgan_paper_sample.csv,b75abf2dc641bb3d34c5cb6f58a2891047fe4d455b884c5b3eb8efbed6e01993,300.0
ring,42,ctgan-dnn,,,cuda,,,10000,-2.1024541590134618,-1.908328805693223,/home/thuy/Research/minh_data_synth/TabularDA/SDGym-research/data/simulated_paper/seed_42/ring/ctgan-dnn_labeled.csv,f67cf90c22527c441f90bd90cbe0d6edccab01211f6f07838423beab383968df,,87629c437e563f098631a6a677dd087ad9e61b6591919b597df2ae19175b9aef,7d37f56e1bae9f49d50630f82ec477df9fd718cbc6bb1ee9c746bba1148f7005,,labeled_extension,GM,label,0.9964,0.9960512120936105,0.9983,features,/home/thuy/Research/minh_data_synth/TabularDA/SDGym-research/data/simulated_paper/seed_42/ring/ctgan_paper_sample.csv,b75abf2dc641bb3d34c5cb6f58a2891047fe4d455b884c5b3eb8efbed6e01993,300.0
ring,42,ctgan-full-gaussian,,,cuda,,,10000,-2.3227900811939004,-1.9574937372866574,/home/thuy/Research/minh_data_synth/TabularDA/SDGym-research/data/simulated_paper/seed_42/ring/ctgan-full-gaussian_labeled.csv,c846ad7b27415ead25b38b01680dfc4f45159c4929eda4647b2ff3faa133639c,,87629c437e563f098631a6a677dd087ad9e61b6591919b597df2ae19175b9aef,7d37f56e1bae9f49d50630f82ec477df9fd718cbc6bb1ee9c746bba1148f7005,,labeled_extension,GM,label,0.9657,0.9620193864788861,0.9511,features,/home/thuy/Research/minh_data_synth/TabularDA/SDGym-research/data/simulated_paper/seed_42/ring/ctgan_full_sample.csv,9f9faff8a417f281a2a03610f81a08d408cc46022e429a35f3428309f4cb7e24,300.0
ring,42,ctgan-full-categorical,,,cuda,,,10000,-2.3227900811939004,-1.9574937372866574,/home/thuy/Research/minh_data_synth/TabularDA/SDGym-research/data/simulated_paper/seed_42/ring/ctgan-full-categorical_labeled.csv,04e87c18f98d45777a65c2892345bfe2e338cc3e53b5d875b7340300a3822833,,87629c437e563f098631a6a677dd087ad9e61b6591919b597df2ae19175b9aef,7d37f56e1bae9f49d50630f82ec477df9fd718cbc6bb1ee9c746bba1148f7005,,labeled_extension,GM,label,0.9772,0.9751284495585977,0.9551,features,/home/thuy/Research/minh_data_synth/TabularDA/SDGym-research/data/simulated_paper/seed_42/ring/ctgan_full_sample.csv,9f9faff8a417f281a2a03610f81a08d408cc46022e429a35f3428309f4cb7e24,300.0
ring,42,ctgan-full-pca_gmm,,,cuda,,,10000,-2.3227900811939004,-1.9574937372866574,/home/thuy/Research/minh_data_synth/TabularDA/SDGym-research/data/simulated_paper/seed_42/ring/ctgan-full-pca_gmm_labeled.csv,52d95da86df77ae6f80f07e66b623e7df9352108e8224835c565b07e85544e7c,,87629c437e563f098631a6a677dd087ad9e61b6591919b597df2ae19175b9aef,7d37f56e1bae9f49d50630f82ec477df9fd718cbc6bb1ee9c746bba1148f7005,,labeled_extension,GM,label,0.9949,0.9943981868314751,0.993,features,/home/thuy/Research/minh_data_synth/TabularDA/SDGym-research/data/simulated_paper/seed_42/ring/ctgan_full_sample.csv,9f9faff8a417f281a2a03610f81a08d408cc46022e429a35f3428309f4cb7e24,300.0
ring,42,ctgan-full-rf,,,cuda,,,10000,-2.3227900811939004,-1.9574937372866574,/home/thuy/Research/minh_data_synth/TabularDA/SDGym-research/data/simulated_paper/seed_42/ring/ctgan-full-rf_labeled.csv,a168d6122cf174033762896797e6f41e670ee5911c450a1950743011fd19d261,,87629c437e563f098631a6a677dd087ad9e61b6591919b597df2ae19175b9aef,7d37f56e1bae9f49d50630f82ec477df9fd718cbc6bb1ee9c746bba1148f7005,,labeled_extension,GM,label,0.9941,0.9935186184550748,0.9931,features,/home/thuy/Research/minh_data_synth/TabularDA/SDGym-research/data/simulated_paper/seed_42/ring/ctgan_full_sample.csv,9f9faff8a417f281a2a03610f81a08d408cc46022e429a35f3428309f4cb7e24,300.0
ring,42,ctgan-full-xgb,,,cuda,,,10000,-2.3227900811939004,-1.9574937372866574,/home/thuy/Research/minh_data_synth/TabularDA/SDGym-research/data/simulated_paper/seed_42/ring/ctgan-full-xgb_labeled.csv,2dde0f7ff7f16103cceae12241af7ba97cc0b87bb08c76f09e25d5260dfea7a9,,87629c437e563f098631a6a677dd087ad9e61b6591919b597df2ae19175b9aef,7d37f56e1bae9f49d50630f82ec477df9fd718cbc6bb1ee9c746bba1148f7005,,labeled_extension,GM,label,0.9948,0.9942939608290945,0.9915,features,/home/thuy/Research/minh_data_synth/TabularDA/SDGym-research/data/simulated_paper/seed_42/ring/ctgan_full_sample.csv,9f9faff8a417f281a2a03610f81a08d408cc46022e429a35f3428309f4cb7e24,300.0
ring,42,ctgan-full-dnn,,,cuda,,,10000,-2.3227900811939004,-1.9574937372866574,/home/thuy/Research/minh_data_synth/TabularDA/SDGym-research/data/simulated_paper/seed_42/ring/ctgan-full-dnn_labeled.csv,6d18f17a0596453af95f2e077d977f1b3760369e72559ce9b3692802cde08e74,,87629c437e563f098631a6a677dd087ad9e61b6591919b597df2ae19175b9aef,7d37f56e1bae9f49d50630f82ec477df9fd718cbc6bb1ee9c746bba1148f7005,,labeled_extension,GM,label,0.997,0.9967097723052761,0.9988,features,/home/thuy/Research/minh_data_synth/TabularDA/SDGym-research/data/simulated_paper/seed_42/ring/ctgan_full_sample.csv,9f9faff8a417f281a2a03610f81a08d408cc46022e429a35f3428309f4cb7e24,300.0
ring,42,tvae-full,,,cuda,,,10000,-1.826262460567418,-1.776230774178273,/home/thuy/Research/minh_data_synth/TabularDA/SDGym-research/data/simulated_paper/seed_42/ring/tvae-full_labeled.csv,e7916699aa46df7fb5fbd4342aefcb15fd84ebea225670f165fca7f0de7b506d,,87629c437e563f098631a6a677dd087ad9e61b6591919b597df2ae19175b9aef,7d37f56e1bae9f49d50630f82ec477df9fd718cbc6bb1ee9c746bba1148f7005,,labeled_extension,GM,label,0.9647,0.9611959880169254,0.9301,features,/home/thuy/Research/minh_data_synth/TabularDA/SDGym-research/data/simulated_paper/seed_42/ring/tvae_full_sample.csv,e7916699aa46df7fb5fbd4342aefcb15fd84ebea225670f165fca7f0de7b506d,300.0
ring,42,tvae-gaussian,,,cuda,,,10000,-1.8252599187407923,-1.7732341606358855,/home/thuy/Research/minh_data_synth/TabularDA/SDGym-research/data/simulated_paper/seed_42/ring/tvae-gaussian_labeled.csv,3cdb9519c3b719d9fb7353e56f7f95314d354057a358c7caee640d39147f4aa8,,87629c437e563f098631a6a677dd087ad9e61b6591919b597df2ae19175b9aef,7d37f56e1bae9f49d50630f82ec477df9fd718cbc6bb1ee9c746bba1148f7005,,labeled_extension,GM,label,0.9635,0.9595721564514127,0.9634,features,/home/thuy/Research/minh_data_synth/TabularDA/SDGym-research/data/simulated_paper/seed_42/ring/tvae_paper_sample.csv,b412021cd0f1f889294fdc31139d4711d652082bb46fa05c8eb9c949d4253b46,300.0
ring,42,tvae-categorical,,,cuda,,,10000,-1.8252599187407923,-1.7732341606358855,/home/thuy/Research/minh_data_synth/TabularDA/SDGym-research/data/simulated_paper/seed_42/ring/tvae-categorical_labeled.csv,8916430b320fc542b8151d9bfa1a12864c62ae5e5f7d514cac6b1e201e4c8e6b,,87629c437e563f098631a6a677dd087ad9e61b6591919b597df2ae19175b9aef,7d37f56e1bae9f49d50630f82ec477df9fd718cbc6bb1ee9c746bba1148f7005,,labeled_extension,GM,label,0.9765,0.974347048045501,0.9715,features,/home/thuy/Research/minh_data_synth/TabularDA/SDGym-research/data/simulated_paper/seed_42/ring/tvae_paper_sample.csv,b412021cd0f1f889294fdc31139d4711d652082bb46fa05c8eb9c949d4253b46,300.0
ring,42,tvae-pca_gmm,,,cuda,,,10000,-1.8252599187407923,-1.7732341606358855,/home/thuy/Research/minh_data_synth/TabularDA/SDGym-research/data/simulated_paper/seed_42/ring/tvae-pca_gmm_labeled.csv,3d5793ee07e43ecc47176fdee6f9d992a0c5364f7f29444a730237574a88df98,,87629c437e563f098631a6a677dd087ad9e61b6591919b597df2ae19175b9aef,7d37f56e1bae9f49d50630f82ec477df9fd718cbc6bb1ee9c746bba1148f7005,,labeled_extension,GM,label,0.9943,0.9937383263040553,0.9955,features,/home/thuy/Research/minh_data_synth/TabularDA/SDGym-research/data/simulated_paper/seed_42/ring/tvae_paper_sample.csv,b412021cd0f1f889294fdc31139d4711d652082bb46fa05c8eb9c949d4253b46,300.0
ring,42,tvae-rf,,,cuda,,,10000,-1.8252599187407923,-1.7732341606358855,/home/thuy/Research/minh_data_synth/TabularDA/SDGym-research/data/simulated_paper/seed_42/ring/tvae-rf_labeled.csv,9d92122e0fc04690124d47e857264384d52dee1f3ed9819b0f56f657092c69bd,,87629c437e563f098631a6a677dd087ad9e61b6591919b597df2ae19175b9aef,7d37f56e1bae9f49d50630f82ec477df9fd718cbc6bb1ee9c746bba1148f7005,,labeled_extension,GM,label,0.9956,0.9951711816118596,0.9957,features,/home/thuy/Research/minh_data_synth/TabularDA/SDGym-research/data/simulated_paper/seed_42/ring/tvae_paper_sample.csv,b412021cd0f1f889294fdc31139d4711d652082bb46fa05c8eb9c949d4253b46,300.0
ring,42,tvae-xgb,,,cuda,,,10000,-1.8252599187407923,-1.7732341606358855,/home/thuy/Research/minh_data_synth/TabularDA/SDGym-research/data/simulated_paper/seed_42/ring/tvae-xgb_labeled.csv,1ba4b63d5bc20715fe5bfd7d5027e480690e4eddc916bb5a7e8e6187f815fc15,,87629c437e563f098631a6a677dd087ad9e61b6591919b597df2ae19175b9aef,7d37f56e1bae9f49d50630f82ec477df9fd718cbc6bb1ee9c746bba1148f7005,,labeled_extension,GM,label,0.9953,0.9948436289332758,0.9949,features,/home/thuy/Research/minh_data_synth/TabularDA/SDGym-research/data/simulated_paper/seed_42/ring/tvae_paper_sample.csv,b412021cd0f1f889294fdc31139d4711d652082bb46fa05c8eb9c949d4253b46,300.0
ring,42,tvae-dnn,,,cuda,,,10000,-1.8252599187407923,-1.7732341606358855,/home/thuy/Research/minh_data_synth/TabularDA/SDGym-research/data/simulated_paper/seed_42/ring/tvae-dnn_labeled.csv,7bf7ce508e0b6f67092a65c7a584b3321700199f7e54848b44e29f4ecad07b24,,87629c437e563f098631a6a677dd087ad9e61b6591919b597df2ae19175b9aef,7d37f56e1bae9f49d50630f82ec477df9fd718cbc6bb1ee9c746bba1148f7005,,labeled_extension,GM,label,0.9963,0.9959396682548746,0.9992,features,/home/thuy/Research/minh_data_synth/TabularDA/SDGym-research/data/simulated_paper/seed_42/ring/tvae_paper_sample.csv,b412021cd0f1f889294fdc31139d4711d652082bb46fa05c8eb9c949d4253b46,300.0
ring,42,tvae-full-gaussian,,,cuda,,,10000,-1.826262460567418,-1.776230774178273,/home/thuy/Research/minh_data_synth/TabularDA/SDGym-research/data/simulated_paper/seed_42/ring/tvae-full-gaussian_labeled.csv,392c3ef8b8e8200c53d1010e5f5c437e965e804ceca71e07c3be45073c50ffe4,,87629c437e563f098631a6a677dd087ad9e61b6591919b597df2ae19175b9aef,7d37f56e1bae9f49d50630f82ec477df9fd718cbc6bb1ee9c746bba1148f7005,,labeled_extension,GM,label,0.9636,0.9596857008636475,0.9642,features,/home/thuy/Research/minh_data_synth/TabularDA/SDGym-research/data/simulated_paper/seed_42/ring/tvae_full_sample.csv,e7916699aa46df7fb5fbd4342aefcb15fd84ebea225670f165fca7f0de7b506d,300.0
ring,42,tvae-full-categorical,,,cuda,,,10000,-1.826262460567418,-1.776230774178273,/home/thuy/Research/minh_data_synth/TabularDA/SDGym-research/data/simulated_paper/seed_42/ring/tvae-full-categorical_labeled.csv,79139b727687dec5269405db527636d6430b8267f8beeea81023c245cb6a8afe,,87629c437e563f098631a6a677dd087ad9e61b6591919b597df2ae19175b9aef,7d37f56e1bae9f49d50630f82ec477df9fd718cbc6bb1ee9c746bba1148f7005,,labeled_extension,GM,label,0.9763,0.9741319961285313,0.9653,features,/home/thuy/Research/minh_data_synth/TabularDA/SDGym-research/data/simulated_paper/seed_42/ring/tvae_full_sample.csv,e7916699aa46df7fb5fbd4342aefcb15fd84ebea225670f165fca7f0de7b506d,300.0
ring,42,tvae-full-pca_gmm,,,cuda,,,10000,-1.826262460567418,-1.776230774178273,/home/thuy/Research/minh_data_synth/TabularDA/SDGym-research/data/simulated_paper/seed_42/ring/tvae-full-pca_gmm_labeled.csv,d7304be0fe6934c160e4f8c72a3e9109b4cb87122c5676e016445a66a64d087c,,87629c437e563f098631a6a677dd087ad9e61b6591919b597df2ae19175b9aef,7d37f56e1bae9f49d50630f82ec477df9fd718cbc6bb1ee9c746bba1148f7005,,labeled_extension,GM,label,0.9943,0.9937391499881192,0.994,features,/home/thuy/Research/minh_data_synth/TabularDA/SDGym-research/data/simulated_paper/seed_42/ring/tvae_full_sample.csv,e7916699aa46df7fb5fbd4342aefcb15fd84ebea225670f165fca7f0de7b506d,300.0
ring,42,tvae-full-rf,,,cuda,,,10000,-1.826262460567418,-1.776230774178273,/home/thuy/Research/minh_data_synth/TabularDA/SDGym-research/data/simulated_paper/seed_42/ring/tvae-full-rf_labeled.csv,0ee711a101939cd5fc3d041ab7e5b8193ecb91b20d7e58e6287e4fbfdc717bfa,,87629c437e563f098631a6a677dd087ad9e61b6591919b597df2ae19175b9aef,7d37f56e1bae9f49d50630f82ec477df9fd718cbc6bb1ee9c746bba1148f7005,,labeled_extension,GM,label,0.9954,0.9949497058774577,0.9943,features,/home/thuy/Research/minh_data_synth/TabularDA/SDGym-research/data/simulated_paper/seed_42/ring/tvae_full_sample.csv,e7916699aa46df7fb5fbd4342aefcb15fd84ebea225670f165fca7f0de7b506d,300.0
ring,42,tvae-full-xgb,,,cuda,,,10000,-1.826262460567418,-1.776230774178273,/home/thuy/Research/minh_data_synth/TabularDA/SDGym-research/data/simulated_paper/seed_42/ring/tvae-full-xgb_labeled.csv,632ea5b887eb4930848919d0bdaa1c5fedbc5b6d66e5084b4f6078e0b4854ae3,,87629c437e563f098631a6a677dd087ad9e61b6591919b597df2ae19175b9aef,7d37f56e1bae9f49d50630f82ec477df9fd718cbc6bb1ee9c746bba1148f7005,,labeled_extension,GM,label,0.9951,0.9946178657792604,0.9946,features,/home/thuy/Research/minh_data_synth/TabularDA/SDGym-research/data/simulated_paper/seed_42/ring/tvae_full_sample.csv,e7916699aa46df7fb5fbd4342aefcb15fd84ebea225670f165fca7f0de7b506d,300.0
ring,42,tvae-full-dnn,,,cuda,,,10000,-1.826262460567418,-1.776230774178273,/home/thuy/Research/minh_data_synth/TabularDA/SDGym-research/data/simulated_paper/seed_42/ring/tvae-full-dnn_labeled.csv,3a6a9afa08e3d6d35fbf1090a562dd9f1311d240dbd944f618054f45eea4306b,,87629c437e563f098631a6a677dd087ad9e61b6591919b597df2ae19175b9aef,7d37f56e1bae9f49d50630f82ec477df9fd718cbc6bb1ee9c746bba1148f7005,,labeled_extension,GM,label,0.9964,0.9960444774774525,0.9993,features,/home/thuy/Research/minh_data_synth/TabularDA/SDGym-research/data/simulated_paper/seed_42/ring/tvae_full_sample.csv,e7916699aa46df7fb5fbd4342aefcb15fd84ebea225670f165fca7f0de7b506d,300.0
asia,42,identity,,,,10000.0,10000.0,10000,-2.2309546244695695,-2.2349135340350377,/home/thuy/Research/minh_data_synth/TabularDA/SDGym-research/data/simulated_paper/seed_42/asia/train.csv,20e9dc1f4aea00606c21a406d3795ffe5d3eb9d282197e58dd96c5bca0e10072,9f770c96940dc4d860b581602120790ac538983b30b28d38631b8184dc7b5f89,20e9dc1f4aea00606c21a406d3795ffe5d3eb9d282197e58dd96c5bca0e10072,5bdc0d6ce0715ac412c07064c72d6feac9473d9d7782890c1d4997aa723ac516,"{'numpy': '1.26.4', 'pandas': '2.2.3', 'scikit-learn': '1.5.2', 'pgmpy': '0.1.26'}",paper,BN,,,,,,,,
asia,42,ctgan,300.0,500.0,cuda,10000.0,10000.0,10000,-3.4610391203521904,-2.4001042072667826,/home/thuy/Research/minh_data_synth/TabularDA/SDGym-research/data/simulated_paper/seed_42/asia/ctgan_paper_sample.csv,724b451a4dd9843af08db1e7414e69b5a9fb049455c0cd5a96f032f3ced19744,9f770c96940dc4d860b581602120790ac538983b30b28d38631b8184dc7b5f89,20e9dc1f4aea00606c21a406d3795ffe5d3eb9d282197e58dd96c5bca0e10072,5bdc0d6ce0715ac412c07064c72d6feac9473d9d7782890c1d4997aa723ac516,"{'numpy': '1.26.4', 'pandas': '2.2.3', 'scikit-learn': '1.5.2', 'pgmpy': '0.1.26', 'ctgan': '0.10.2', 'torch': '2.5.1'}",paper,BN,,,,,,,,
asia,42,tvae,300.0,500.0,cuda,10000.0,10000.0,10000,-2.321287090608137,-2.255833468198516,/home/thuy/Research/minh_data_synth/TabularDA/SDGym-research/data/simulated_paper/seed_42/asia/tvae_paper_sample.csv,b9a56b9537d5322615fcfe8d1c10a2125d960c35df3e2ea3df7c0717619a14a9,9f770c96940dc4d860b581602120790ac538983b30b28d38631b8184dc7b5f89,20e9dc1f4aea00606c21a406d3795ffe5d3eb9d282197e58dd96c5bca0e10072,5bdc0d6ce0715ac412c07064c72d6feac9473d9d7782890c1d4997aa723ac516,"{'numpy': '1.26.4', 'pandas': '2.2.3', 'scikit-learn': '1.5.2', 'pgmpy': '0.1.26', 'ctgan': '0.10.2', 'torch': '2.5.1'}",paper,BN,,,,,,,,
asia,42,ctgan-full,,,cuda,,,10000,-3.4610391203521904,-2.4001042072667826,/home/thuy/Research/minh_data_synth/TabularDA/SDGym-research/data/simulated_paper/seed_42/asia/ctgan-full_labeled.csv,724b451a4dd9843af08db1e7414e69b5a9fb049455c0cd5a96f032f3ced19744,,20e9dc1f4aea00606c21a406d3795ffe5d3eb9d282197e58dd96c5bca0e10072,5bdc0d6ce0715ac412c07064c72d6feac9473d9d7782890c1d4997aa723ac516,,labeled_extension,BN,dysp,0.8527,0.8514398519142762,,joint,/home/thuy/Research/minh_data_synth/TabularDA/SDGym-research/data/simulated_paper/seed_42/asia/ctgan_paper_sample.csv,724b451a4dd9843af08db1e7414e69b5a9fb049455c0cd5a96f032f3ced19744,300.0
asia,42,ctgan-gaussian,,,cuda,,,10000,-3.8309976342441057,-2.675549668885478,/home/thuy/Research/minh_data_synth/TabularDA/SDGym-research/data/simulated_paper/seed_42/asia/ctgan-gaussian_labeled.csv,6689f3e152540ec52d777b767b3b15848f55d426d52b89db0257163cd0b0b515,,20e9dc1f4aea00606c21a406d3795ffe5d3eb9d282197e58dd96c5bca0e10072,5bdc0d6ce0715ac412c07064c72d6feac9473d9d7782890c1d4997aa723ac516,,labeled_extension,BN,dysp,0.7678,0.7561696430911624,,joint,/home/thuy/Research/minh_data_synth/TabularDA/SDGym-research/data/simulated_paper/seed_42/asia/ctgan_xonly_sample.csv,ead8f613eacc6df27078bbf341dea5bcae2e8e00beeba89ce685856d2a10cdf3,300.0
asia,42,ctgan-categorical,,,cuda,,,10000,-3.6285205599332078,-3.842584309273536,/home/thuy/Research/minh_data_synth/TabularDA/SDGym-research/data/simulated_paper/seed_42/asia/ctgan-categorical_labeled.csv,5e08cbda475e2655b103738a3425f42d080355cc42d50f9d5c6a577bd8db9e48,,20e9dc1f4aea00606c21a406d3795ffe5d3eb9d282197e58dd96c5bca0e10072,5bdc0d6ce0715ac412c07064c72d6feac9473d9d7782890c1d4997aa723ac516,,labeled_extension,BN,dysp,0.8537,0.8525079679218238,,joint,/home/thuy/Research/minh_data_synth/TabularDA/SDGym-research/data/simulated_paper/seed_42/asia/ctgan_xonly_sample.csv,ead8f613eacc6df27078bbf341dea5bcae2e8e00beeba89ce685856d2a10cdf3,300.0
asia,42,ctgan-pca_gmm,,,cuda,,,10000,-3.617082254476397,-3.80158048643631,/home/thuy/Research/minh_data_synth/TabularDA/SDGym-research/data/simulated_paper/seed_42/asia/ctgan-pca_gmm_labeled.csv,c0a14f853bd58bd16c58eae3a967cbe86d3c0f1395ef284f9ed054e095079fd3,,20e9dc1f4aea00606c21a406d3795ffe5d3eb9d282197e58dd96c5bca0e10072,5bdc0d6ce0715ac412c07064c72d6feac9473d9d7782890c1d4997aa723ac516,,labeled_extension,BN,dysp,0.8551,0.8539974456505491,,joint,/home/thuy/Research/minh_data_synth/TabularDA/SDGym-research/data/simulated_paper/seed_42/asia/ctgan_xonly_sample.csv,ead8f613eacc6df27078bbf341dea5bcae2e8e00beeba89ce685856d2a10cdf3,300.0
asia,42,ctgan-rf,,,cuda,,,10000,-3.6214024577475152,-3.8601929125901027,/home/thuy/Research/minh_data_synth/TabularDA/SDGym-research/data/simulated_paper/seed_42/asia/ctgan-rf_labeled.csv,6cbdaee754bf54c5feee0b00f4e137155421699c1c5d82ee77ce35859d9973e3,,20e9dc1f4aea00606c21a406d3795ffe5d3eb9d282197e58dd96c5bca0e10072,5bdc0d6ce0715ac412c07064c72d6feac9473d9d7782890c1d4997aa723ac516,,labeled_extension,BN,dysp,0.8546,0.8534807748033367,,joint,/home/thuy/Research/minh_data_synth/TabularDA/SDGym-research/data/simulated_paper/seed_42/asia/ctgan_xonly_sample.csv,ead8f613eacc6df27078bbf341dea5bcae2e8e00beeba89ce685856d2a10cdf3,300.0
asia,42,ctgan-xgb,,,cuda,,,10000,-3.6214862446763028,-4.352137965551772,/home/thuy/Research/minh_data_synth/TabularDA/SDGym-research/data/simulated_paper/seed_42/asia/ctgan-xgb_labeled.csv,f936a919fbf05f04bf329f257c91afb30e1cac8e5a51b69ded04a2132c5a58c1,,20e9dc1f4aea00606c21a406d3795ffe5d3eb9d282197e58dd96c5bca0e10072,5bdc0d6ce0715ac412c07064c72d6feac9473d9d7782890c1d4997aa723ac516,,labeled_extension,BN,dysp,0.8547,0.85358412213418,,joint,/home/thuy/Research/minh_data_synth/TabularDA/SDGym-research/data/simulated_paper/seed_42/asia/ctgan_xonly_sample.csv,ead8f613eacc6df27078bbf341dea5bcae2e8e00beeba89ce685856d2a10cdf3,300.0
asia,42,ctgan-dnn,,,cuda,,,10000,-3.617082254476397,-3.7567418860008592,/home/thuy/Research/minh_data_synth/TabularDA/SDGym-research/data/simulated_paper/seed_42/asia/ctgan-dnn_labeled.csv,4aa058d7ea6929e4c36402a34382641ce4c608c3938825f7ad7d8f6729bb0333,,20e9dc1f4aea00606c21a406d3795ffe5d3eb9d282197e58dd96c5bca0e10072,5bdc0d6ce0715ac412c07064c72d6feac9473d9d7782890c1d4997aa723ac516,,labeled_extension,BN,dysp,0.8551,0.8539974456505491,,joint,/home/thuy/Research/minh_data_synth/TabularDA/SDGym-research/data/simulated_paper/seed_42/asia/ctgan_xonly_sample.csv,ead8f613eacc6df27078bbf341dea5bcae2e8e00beeba89ce685856d2a10cdf3,300.0
asia,42,ctgan-full-gaussian,,,cuda,,,10000,-3.424996115929931,-2.5674616691247554,/home/thuy/Research/minh_data_synth/TabularDA/SDGym-research/data/simulated_paper/seed_42/asia/ctgan-full-gaussian_labeled.csv,8247006865d0d281290666e98be1bbe0f3578f95521c7421cf4dcc339e25b15c,,20e9dc1f4aea00606c21a406d3795ffe5d3eb9d282197e58dd96c5bca0e10072,5bdc0d6ce0715ac412c07064c72d6feac9473d9d7782890c1d4997aa723ac516,,labeled_extension,BN,dysp,0.7678,0.7561696430911624,,joint,/home/thuy/Research/minh_data_synth/TabularDA/SDGym-research/data/simulated_paper/seed_42/asia/ctgan_paper_sample.csv,724b451a4dd9843af08db1e7414e69b5a9fb049455c0cd5a96f032f3ced19744,300.0
asia,42,ctgan-full-categorical,,,cuda,,,10000,-3.2595002835280016,-3.712406892992121,/home/thuy/Research/minh_data_synth/TabularDA/SDGym-research/data/simulated_paper/seed_42/asia/ctgan-full-categorical_labeled.csv,f08717aa6935fae5e04e812b1047ab4f8a08da914341feca051fbc0577fe1366,,20e9dc1f4aea00606c21a406d3795ffe5d3eb9d282197e58dd96c5bca0e10072,5bdc0d6ce0715ac412c07064c72d6feac9473d9d7782890c1d4997aa723ac516,,labeled_extension,BN,dysp,0.8538,0.8526114528603237,,joint,/home/thuy/Research/minh_data_synth/TabularDA/SDGym-research/data/simulated_paper/seed_42/asia/ctgan_paper_sample.csv,724b451a4dd9843af08db1e7414e69b5a9fb049455c0cd5a96f032f3ced19744,300.0
asia,42,ctgan-full-pca_gmm,,,cuda,,,10000,-3.252298384669055,-3.6858519078607084,/home/thuy/Research/minh_data_synth/TabularDA/SDGym-research/data/simulated_paper/seed_42/asia/ctgan-full-pca_gmm_labeled.csv,ae0a5cf76984676c6f8689f8eea58ab39a8078166cb737ba59d28bf64378fa32,,20e9dc1f4aea00606c21a406d3795ffe5d3eb9d282197e58dd96c5bca0e10072,5bdc0d6ce0715ac412c07064c72d6feac9473d9d7782890c1d4997aa723ac516,,labeled_extension,BN,dysp,0.8551,0.8539974456505491,,joint,/home/thuy/Research/minh_data_synth/TabularDA/SDGym-research/data/simulated_paper/seed_42/asia/ctgan_paper_sample.csv,724b451a4dd9843af08db1e7414e69b5a9fb049455c0cd5a96f032f3ced19744,300.0
asia,42,ctgan-full-rf,,,cuda,,,10000,-3.255686662413077,-4.258146564054474,/home/thuy/Research/minh_data_synth/TabularDA/SDGym-research/data/simulated_paper/seed_42/asia/ctgan-full-rf_labeled.csv,065c4e34f18a69bddafcd5a168631f142e4edd7a79f76c44849762c85c6d4592,,20e9dc1f4aea00606c21a406d3795ffe5d3eb9d282197e58dd96c5bca0e10072,5bdc0d6ce0715ac412c07064c72d6feac9473d9d7782890c1d4997aa723ac516,,labeled_extension,BN,dysp,0.8547,0.85358412213418,,joint,/home/thuy/Research/minh_data_synth/TabularDA/SDGym-research/data/simulated_paper/seed_42/asia/ctgan_paper_sample.csv,724b451a4dd9843af08db1e7414e69b5a9fb049455c0cd5a96f032f3ced19744,300.0
asia,42,ctgan-full-xgb,,,cuda,,,10000,-3.255686662413077,-4.263584611899134,/home/thuy/Research/minh_data_synth/TabularDA/SDGym-research/data/simulated_paper/seed_42/asia/ctgan-full-xgb_labeled.csv,35dcba3651fa48b7e42289a4224e6f9c9c8c57ea1bad3784816d0948e790d2cb,,20e9dc1f4aea00606c21a406d3795ffe5d3eb9d282197e58dd96c5bca0e10072,5bdc0d6ce0715ac412c07064c72d6feac9473d9d7782890c1d4997aa723ac516,,labeled_extension,BN,dysp,0.8547,0.85358412213418,,joint,/home/thuy/Research/minh_data_synth/TabularDA/SDGym-research/data/simulated_paper/seed_42/asia/ctgan_paper_sample.csv,724b451a4dd9843af08db1e7414e69b5a9fb049455c0cd5a96f032f3ced19744,300.0
asia,42,ctgan-full-dnn,,,cuda,,,10000,-3.252298384669055,-3.7202417405026376,/home/thuy/Research/minh_data_synth/TabularDA/SDGym-research/data/simulated_paper/seed_42/asia/ctgan-full-dnn_labeled.csv,69b50c6f32fe505e3c1ddc91a4499df3f18da06039498bb4af9d4f39ad7f4b85,,20e9dc1f4aea00606c21a406d3795ffe5d3eb9d282197e58dd96c5bca0e10072,5bdc0d6ce0715ac412c07064c72d6feac9473d9d7782890c1d4997aa723ac516,,labeled_extension,BN,dysp,0.8551,0.8539974456505491,,joint,/home/thuy/Research/minh_data_synth/TabularDA/SDGym-research/data/simulated_paper/seed_42/asia/ctgan_paper_sample.csv,724b451a4dd9843af08db1e7414e69b5a9fb049455c0cd5a96f032f3ced19744,300.0
asia,42,tvae-full,,,cuda,,,10000,-2.321287090608137,-2.255833468198516,/home/thuy/Research/minh_data_synth/TabularDA/SDGym-research/data/simulated_paper/seed_42/asia/tvae-full_labeled.csv,b9a56b9537d5322615fcfe8d1c10a2125d960c35df3e2ea3df7c0717619a14a9,,20e9dc1f4aea00606c21a406d3795ffe5d3eb9d282197e58dd96c5bca0e10072,5bdc0d6ce0715ac412c07064c72d6feac9473d9d7782890c1d4997aa723ac516,,labeled_extension,BN,dysp,0.8535,0.8523223460251541,,joint,/home/thuy/Research/minh_data_synth/TabularDA/SDGym-research/data/simulated_paper/seed_42/asia/tvae_paper_sample.csv,b9a56b9537d5322615fcfe8d1c10a2125d960c35df3e2ea3df7c0717619a14a9,300.0
asia,42,tvae-gaussian,,,cuda,,,10000,-2.2196332131117935,-2.498219015526171,/home/thuy/Research/minh_data_synth/TabularDA/SDGym-research/data/simulated_paper/seed_42/asia/tvae-gaussian_labeled.csv,bd0a2538e003d6d13624aae4fad4a3cc17196b3557e0e59594caee07476599ad,,20e9dc1f4aea00606c21a406d3795ffe5d3eb9d282197e58dd96c5bca0e10072,5bdc0d6ce0715ac412c07064c72d6feac9473d9d7782890c1d4997aa723ac516,,labeled_extension,BN,dysp,0.7678,0.7561696430911624,,joint,/home/thuy/Research/minh_data_synth/TabularDA/SDGym-research/data/simulated_paper/seed_42/asia/tvae_xonly_sample.csv,448d5c364d2a3a2c050909dc5b66d731e81aa362ce077e52cc3015f3b14b505d,300.0
asia,42,tvae-categorical,,,cuda,,,10000,-2.026816902532899,-3.662073231471793,/home/thuy/Research/minh_data_synth/TabularDA/SDGym-research/data/simulated_paper/seed_42/asia/tvae-categorical_labeled.csv,bdaa3cb3fff5c7189ca860ac34996ec7156f549a8450f91815a7cbf9311c03bb,,20e9dc1f4aea00606c21a406d3795ffe5d3eb9d282197e58dd96c5bca0e10072,5bdc0d6ce0715ac412c07064c72d6feac9473d9d7782890c1d4997aa723ac516,,labeled_extension,BN,dysp,0.8538,0.8526114528603237,,joint,/home/thuy/Research/minh_data_synth/TabularDA/SDGym-research/data/simulated_paper/seed_42/asia/tvae_xonly_sample.csv,448d5c364d2a3a2c050909dc5b66d731e81aa362ce077e52cc3015f3b14b505d,300.0
asia,42,tvae-pca_gmm,,,cuda,,,10000,-2.024529213607932,-3.68289178267896,/home/thuy/Research/minh_data_synth/TabularDA/SDGym-research/data/simulated_paper/seed_42/asia/tvae-pca_gmm_labeled.csv,54498b43a2a619677854bf42e53d054d6f0bbce5aa3cc9b004fdc4b600226076,,20e9dc1f4aea00606c21a406d3795ffe5d3eb9d282197e58dd96c5bca0e10072,5bdc0d6ce0715ac412c07064c72d6feac9473d9d7782890c1d4997aa723ac516,,labeled_extension,BN,dysp,0.8551,0.8539974456505491,,joint,/home/thuy/Research/minh_data_synth/TabularDA/SDGym-research/data/simulated_paper/seed_42/asia/tvae_xonly_sample.csv,448d5c364d2a3a2c050909dc5b66d731e81aa362ce077e52cc3015f3b14b505d,300.0
asia,42,tvae-rf,,,cuda,,,10000,-2.0249528122228178,-4.140146883174905,/home/thuy/Research/minh_data_synth/TabularDA/SDGym-research/data/simulated_paper/seed_42/asia/tvae-rf_labeled.csv,ee792e9c762b404afc7f1f47aff6b9c479a7087e11d617c12d91ed4144c16264,,20e9dc1f4aea00606c21a406d3795ffe5d3eb9d282197e58dd96c5bca0e10072,5bdc0d6ce0715ac412c07064c72d6feac9473d9d7782890c1d4997aa723ac516,,labeled_extension,BN,dysp,0.8548,0.8536874628777282,,joint,/home/thuy/Research/minh_data_synth/TabularDA/SDGym-research/data/simulated_paper/seed_42/asia/tvae_xonly_sample.csv,448d5c364d2a3a2c050909dc5b66d731e81aa362ce077e52cc3015f3b14b505d,300.0
asia,42,tvae-xgb,,,cuda,,,10000,-2.0249528122228178,-4.1416647222001295,/home/thuy/Research/minh_data_synth/TabularDA/SDGym-research/data/simulated_paper/seed_42/asia/tvae-xgb_labeled.csv,4ad4352dcf911e9c230e93002a33fb8918041ba270181f25bc20db8df2ecc35f,,20e9dc1f4aea00606c21a406d3795ffe5d3eb9d282197e58dd96c5bca0e10072,5bdc0d6ce0715ac412c07064c72d6feac9473d9d7782890c1d4997aa723ac516,,labeled_extension,BN,dysp,0.8548,0.8536874628777282,,joint,/home/thuy/Research/minh_data_synth/TabularDA/SDGym-research/data/simulated_paper/seed_42/asia/tvae_xonly_sample.csv,448d5c364d2a3a2c050909dc5b66d731e81aa362ce077e52cc3015f3b14b505d,300.0
asia,42,tvae-dnn,,,cuda,,,10000,-2.024529213607932,-3.7371838650634746,/home/thuy/Research/minh_data_synth/TabularDA/SDGym-research/data/simulated_paper/seed_42/asia/tvae-dnn_labeled.csv,deb9e69e9bd91bb32dac70714b2a40267ab70783b7ff2c36997a0fc833975701,,20e9dc1f4aea00606c21a406d3795ffe5d3eb9d282197e58dd96c5bca0e10072,5bdc0d6ce0715ac412c07064c72d6feac9473d9d7782890c1d4997aa723ac516,,labeled_extension,BN,dysp,0.8551,0.8539974456505491,,joint,/home/thuy/Research/minh_data_synth/TabularDA/SDGym-research/data/simulated_paper/seed_42/asia/tvae_xonly_sample.csv,448d5c364d2a3a2c050909dc5b66d731e81aa362ce077e52cc3015f3b14b505d,300.0
asia,42,tvae-full-gaussian,,,cuda,,,10000,-2.254666966576384,-2.5107311493973694,/home/thuy/Research/minh_data_synth/TabularDA/SDGym-research/data/simulated_paper/seed_42/asia/tvae-full-gaussian_labeled.csv,b36ce24afd700877e15f2c600607a413f64fe2a93c45517c08c836cc798b3dbd,,20e9dc1f4aea00606c21a406d3795ffe5d3eb9d282197e58dd96c5bca0e10072,5bdc0d6ce0715ac412c07064c72d6feac9473d9d7782890c1d4997aa723ac516,,labeled_extension,BN,dysp,0.7678,0.7561696430911624,,joint,/home/thuy/Research/minh_data_synth/TabularDA/SDGym-research/data/simulated_paper/seed_42/asia/tvae_paper_sample.csv,b9a56b9537d5322615fcfe8d1c10a2125d960c35df3e2ea3df7c0717619a14a9,300.0
asia,42,tvae-full-categorical,,,cuda,,,10000,-2.045820704225241,-3.694076602906147,/home/thuy/Research/minh_data_synth/TabularDA/SDGym-research/data/simulated_paper/seed_42/asia/tvae-full-categorical_labeled.csv,0aaa272d6fe80ecddd395756cf6530879afd3c35033f010e9cafcee14ae1a534,,20e9dc1f4aea00606c21a406d3795ffe5d3eb9d282197e58dd96c5bca0e10072,5bdc0d6ce0715ac412c07064c72d6feac9473d9d7782890c1d4997aa723ac516,,labeled_extension,BN,dysp,0.8538,0.8526114528603237,,joint,/home/thuy/Research/minh_data_synth/TabularDA/SDGym-research/data/simulated_paper/seed_42/asia/tvae_paper_sample.csv,b9a56b9537d5322615fcfe8d1c10a2125d960c35df3e2ea3df7c0717619a14a9,300.0
asia,42,tvae-full-pca_gmm,,,cuda,,,10000,-2.0447193300569264,-3.627122377405975,/home/thuy/Research/minh_data_synth/TabularDA/SDGym-research/data/simulated_paper/seed_42/asia/tvae-full-pca_gmm_labeled.csv,6f990c8fada483a8e8c055461c64e87253ed861e18a02919d20ab901fb49e82d,,20e9dc1f4aea00606c21a406d3795ffe5d3eb9d282197e58dd96c5bca0e10072,5bdc0d6ce0715ac412c07064c72d6feac9473d9d7782890c1d4997aa723ac516,,labeled_extension,BN,dysp,0.8551,0.8539974456505491,,joint,/home/thuy/Research/minh_data_synth/TabularDA/SDGym-research/data/simulated_paper/seed_42/asia/tvae_paper_sample.csv,b9a56b9537d5322615fcfe8d1c10a2125d960c35df3e2ea3df7c0717619a14a9,300.0
asia,42,tvae-full-rf,,,cuda,,,10000,-2.0449734433175135,-4.154206043674805,/home/thuy/Research/minh_data_synth/TabularDA/SDGym-research/data/simulated_paper/seed_42/asia/tvae-full-rf_labeled.csv,fffc477fb07911edac5f7c383071819fa0ac03bb315367deabcdf03da91da3a9,,20e9dc1f4aea00606c21a406d3795ffe5d3eb9d282197e58dd96c5bca0e10072,5bdc0d6ce0715ac412c07064c72d6feac9473d9d7782890c1d4997aa723ac516,,labeled_extension,BN,dysp,0.8547,0.85358412213418,,joint,/home/thuy/Research/minh_data_synth/TabularDA/SDGym-research/data/simulated_paper/seed_42/asia/tvae_paper_sample.csv,b9a56b9537d5322615fcfe8d1c10a2125d960c35df3e2ea3df7c0717619a14a9,300.0
asia,42,tvae-full-xgb,,,cuda,,,10000,-2.0449734433175135,-4.154206043674805,/home/thuy/Research/minh_data_synth/TabularDA/SDGym-research/data/simulated_paper/seed_42/asia/tvae-full-xgb_labeled.csv,fffc477fb07911edac5f7c383071819fa0ac03bb315367deabcdf03da91da3a9,,20e9dc1f4aea00606c21a406d3795ffe5d3eb9d282197e58dd96c5bca0e10072,5bdc0d6ce0715ac412c07064c72d6feac9473d9d7782890c1d4997aa723ac516,,labeled_extension,BN,dysp,0.8547,0.85358412213418,,joint,/home/thuy/Research/minh_data_synth/TabularDA/SDGym-research/data/simulated_paper/seed_42/asia/tvae_paper_sample.csv,b9a56b9537d5322615fcfe8d1c10a2125d960c35df3e2ea3df7c0717619a14a9,300.0
asia,42,tvae-full-dnn,,,cuda,,,10000,-2.0447193300569264,-3.7333090582539707,/home/thuy/Research/minh_data_synth/TabularDA/SDGym-research/data/simulated_paper/seed_42/asia/tvae-full-dnn_labeled.csv,abcd638ddd0aeee71b74008398940b9411075f330d9492af37c4fb4dbee2c45a,,20e9dc1f4aea00606c21a406d3795ffe5d3eb9d282197e58dd96c5bca0e10072,5bdc0d6ce0715ac412c07064c72d6feac9473d9d7782890c1d4997aa723ac516,,labeled_extension,BN,dysp,0.8551,0.8539974456505491,,joint,/home/thuy/Research/minh_data_synth/TabularDA/SDGym-research/data/simulated_paper/seed_42/asia/tvae_paper_sample.csv,b9a56b9537d5322615fcfe8d1c10a2125d960c35df3e2ea3df7c0717619a14a9,300.0
alarm,42,identity,,,,10000.0,10000.0,10000,-10.254550186230972,-10.321676482410508,/home/thuy/Research/minh_data_synth/TabularDA/SDGym-research/data/simulated_paper/seed_42/alarm/train.csv,1bf84ac2984e32787eb387172469304f30a90af5c52ae75af3f769fc45115d7f,701e6c561f71b55669070c29614f0724b761289aa2c4a35bcc97b638ee881fa2,1bf84ac2984e32787eb387172469304f30a90af5c52ae75af3f769fc45115d7f,90c6cfa1ab23ba66c0c0693d230ae436d2709f18f37e29bb3668d8b5562d135d,"{'numpy': '1.26.4', 'pandas': '2.2.3', 'scikit-learn': '1.5.2', 'pgmpy': '0.1.26'}",paper,BN,,,,,,,,
alarm,42,ctgan,300.0,500.0,cuda,10000.0,10000.0,10000,-15.413795097086744,-13.001154041279555,/home/thuy/Research/minh_data_synth/TabularDA/SDGym-research/data/simulated_paper/seed_42/alarm/ctgan_paper_sample.csv,0230782434acfd72cb90ebbf3e866c947b1e7486441bdaa5ea3b2c91d41c25ca,701e6c561f71b55669070c29614f0724b761289aa2c4a35bcc97b638ee881fa2,1bf84ac2984e32787eb387172469304f30a90af5c52ae75af3f769fc45115d7f,90c6cfa1ab23ba66c0c0693d230ae436d2709f18f37e29bb3668d8b5562d135d,"{'numpy': '1.26.4', 'pandas': '2.2.3', 'scikit-learn': '1.5.2', 'pgmpy': '0.1.26', 'ctgan': '0.10.2', 'torch': '2.5.1'}",paper,BN,,,,,,,,
alarm,42,tvae,300.0,500.0,cuda,10000.0,10000.0,10000,-10.979793381499134,-10.830448687852195,/home/thuy/Research/minh_data_synth/TabularDA/SDGym-research/data/simulated_paper/seed_42/alarm/tvae_paper_sample.csv,6a4591689fb84756d6cea09a8653e707527ab110b0553008824929e5459c43f0,701e6c561f71b55669070c29614f0724b761289aa2c4a35bcc97b638ee881fa2,1bf84ac2984e32787eb387172469304f30a90af5c52ae75af3f769fc45115d7f,90c6cfa1ab23ba66c0c0693d230ae436d2709f18f37e29bb3668d8b5562d135d,"{'numpy': '1.26.4', 'pandas': '2.2.3', 'scikit-learn': '1.5.2', 'pgmpy': '0.1.26', 'ctgan': '0.10.2', 'torch': '2.5.1'}",paper,BN,,,,,,,,
alarm,42,ctgan-full,,,cuda,,,10000,-15.413795097086744,-13.001154041279555,/home/thuy/Research/minh_data_synth/TabularDA/SDGym-research/data/simulated_paper/seed_42/alarm/ctgan-full_labeled.csv,0230782434acfd72cb90ebbf3e866c947b1e7486441bdaa5ea3b2c91d41c25ca,,1bf84ac2984e32787eb387172469304f30a90af5c52ae75af3f769fc45115d7f,90c6cfa1ab23ba66c0c0693d230ae436d2709f18f37e29bb3668d8b5562d135d,,labeled_extension,BN,BP,0.5116,0.46763983490551403,,joint,/home/thuy/Research/minh_data_synth/TabularDA/SDGym-research/data/simulated_paper/seed_42/alarm/ctgan_paper_sample.csv,0230782434acfd72cb90ebbf3e866c947b1e7486441bdaa5ea3b2c91d41c25ca,300.0
alarm,42,ctgan-gaussian,,,cuda,,,10000,-15.604139408115667,-12.842820472464137,/home/thuy/Research/minh_data_synth/TabularDA/SDGym-research/data/simulated_paper/seed_42/alarm/ctgan-gaussian_labeled.csv,3417c292b1d29159ded1ada9fb28f14bc31c989614b33ccc2d919b185ff3e28a,,1bf84ac2984e32787eb387172469304f30a90af5c52ae75af3f769fc45115d7f,90c6cfa1ab23ba66c0c0693d230ae436d2709f18f37e29bb3668d8b5562d135d,,labeled_extension,BN,BP,0.719,0.6677548591776296,,joint,/home/thuy/Research/minh_data_synth/TabularDA/SDGym-research/data/simulated_paper/seed_42/alarm/ctgan_xonly_sample.csv,b9b5dcbe93bda4b38d1b4bc89f8eb55f767d8ede6ddd0443043b5abc1c7e73bc,300.0
alarm,42,ctgan-categorical,,,cuda,,,10000,-15.646384002394162,-12.857169319062386,/home/thuy/Research/minh_data_synth/TabularDA/SDGym-research/data/simulated_paper/seed_42/alarm/ctgan-categorical_labeled.csv,2ad4b3b813e77a7f869f511ee5bc8a969d5a2469b4691bdd29dd422c4cb5435b,,1bf84ac2984e32787eb387172469304f30a90af5c52ae75af3f769fc45115d7f,90c6cfa1ab23ba66c0c0693d230ae436d2709f18f37e29bb3668d8b5562d135d,,labeled_extension,BN,BP,0.6999,0.6525792593161684,,joint,/home/thuy/Research/minh_data_synth/TabularDA/SDGym-research/data/simulated_paper/seed_42/alarm/ctgan_xonly_sample.csv,b9b5dcbe93bda4b38d1b4bc89f8eb55f767d8ede6ddd0443043b5abc1c7e73bc,300.0
alarm,42,ctgan-pca_gmm,,,cuda,,,10000,-15.622254899215067,-12.852639787006567,/home/thuy/Research/minh_data_synth/TabularDA/SDGym-research/data/simulated_paper/seed_42/alarm/ctgan-pca_gmm_labeled.csv,a1325fe49b315c8306f929db120293d50c010b076c6323fdf3e2d9d1c16b3152,,1bf84ac2984e32787eb387172469304f30a90af5c52ae75af3f769fc45115d7f,90c6cfa1ab23ba66c0c0693d230ae436d2709f18f37e29bb3668d8b5562d135d,,labeled_extension,BN,BP,0.7038,0.6573548887909301,,joint,/home/thuy/Research/minh_data_synth/TabularDA/SDGym-research/data/simulated_paper/seed_42/alarm/ctgan_xonly_sample.csv,b9b5dcbe93bda4b38d1b4bc89f8eb55f767d8ede6ddd0443043b5abc1c7e73bc,300.0
alarm,42,ctgan-rf,,,cuda,,,10000,-15.519302535838792,-12.82834053569199,/home/thuy/Research/minh_data_synth/TabularDA/SDGym-research/data/simulated_paper/seed_42/alarm/ctgan-rf_labeled.csv,acd10356815e97fa89911227bf061be996cb2b99fc4d89b972db55bdce1c4e8f,,1bf84ac2984e32787eb387172469304f30a90af5c52ae75af3f769fc45115d7f,90c6cfa1ab23ba66c0c0693d230ae436d2709f18f37e29bb3668d8b5562d135d,,labeled_extension,BN,BP,0.814,0.7506748766760284,,joint,/home/thuy/Research/minh_data_synth/TabularDA/SDGym-research/data/simulated_paper/seed_42/alarm/ctgan_xonly_sample.csv,b9b5dcbe93bda4b38d1b4bc89f8eb55f767d8ede6ddd0443043b5abc1c7e73bc,300.0
alarm,42,ctgan-xgb,,,cuda,,,10000,-15.49668884381458,-12.831641650840277,/home/thuy/Research/minh_data_synth/TabularDA/SDGym-research/data/simulated_paper/seed_42/alarm/ctgan-xgb_labeled.csv,8ccbaa9d25cb4f5bc77af9cee02f73a6e87d2b564c88ee6d3f95cce65b03f8e5,,1bf84ac2984e32787eb387172469304f30a90af5c52ae75af3f769fc45115d7f,90c6cfa1ab23ba66c0c0693d230ae436d2709f18f37e29bb3668d8b5562d135d,,labeled_extension,BN,BP,0.822,0.7562297006260895,,joint,/home/thuy/Research/minh_data_synth/TabularDA/SDGym-research/data/simulated_paper/seed_42/alarm/ctgan_xonly_sample.csv,b9b5dcbe93bda4b38d1b4bc89f8eb55f767d8ede6ddd0443043b5abc1c7e73bc,300.0
alarm,42,ctgan-dnn,,,cuda,,,10000,-15.50074579449979,-12.847112838270817,/home/thuy/Research/minh_data_synth/TabularDA/SDGym-research/data/simulated_paper/seed_42/alarm/ctgan-dnn_labeled.csv,77c30d0469cd50ea2f3170f3f3d011e5f17c38b16a0ac64b339e453b38b37a8d,,1bf84ac2984e32787eb387172469304f30a90af5c52ae75af3f769fc45115d7f,90c6cfa1ab23ba66c0c0693d230ae436d2709f18f37e29bb3668d8b5562d135d,,labeled_extension,BN,BP,0.8172,0.7691219066784426,,joint,/home/thuy/Research/minh_data_synth/TabularDA/SDGym-research/data/simulated_paper/seed_42/alarm/ctgan_xonly_sample.csv,b9b5dcbe93bda4b38d1b4bc89f8eb55f767d8ede6ddd0443043b5abc1c7e73bc,300.0
alarm,42,ctgan-full-gaussian,,,cuda,,,10000,-14.942638922297437,-12.792918598182649,/home/thuy/Research/minh_data_synth/TabularDA/SDGym-research/data/simulated_paper/seed_42/alarm/ctgan-full-gaussian_labeled.csv,88c4d266061e15f89e259c73061fe890adf910c818f6109fe34dd70ee1d6f54d,,1bf84ac2984e32787eb387172469304f30a90af5c52ae75af3f769fc45115d7f,90c6cfa1ab23ba66c0c0693d230ae436d2709f18f37e29bb3668d8b5562d135d,,labeled_extension,BN,BP,0.7258,0.6723964041970475,,joint,/home/thuy/Research/minh_data_synth/TabularDA/SDGym-research/data/simulated_paper/seed_42/alarm/ctgan_paper_sample.csv,0230782434acfd72cb90ebbf3e866c947b1e7486441bdaa5ea3b2c91d41c25ca,300.0
alarm,42,ctgan-full-categorical,,,cuda,,,10000,-14.960159061150934,-12.801826811049686,/home/thuy/Research/minh_data_synth/TabularDA/SDGym-research/data/simulated_paper/seed_42/alarm/ctgan-full-categorical_labeled.csv,b7c07d27e30d5f7cb782efa72b48678bc22bd197a77edc2ba2c0044cddda37d4,,1bf84ac2984e32787eb387172469304f30a90af5c52ae75af3f769fc45115d7f,90c6cfa1ab23ba66c0c0693d230ae436d2709f18f37e29bb3668d8b5562d135d,,labeled_extension,BN,BP,0.7091,0.6598364686093275,,joint,/home/thuy/Research/minh_data_synth/TabularDA/SDGym-research/data/simulated_paper/seed_42/alarm/ctgan_paper_sample.csv,0230782434acfd72cb90ebbf3e866c947b1e7486441bdaa5ea3b2c91d41c25ca,300.0
alarm,42,ctgan-full-pca_gmm,,,cuda,,,10000,-14.949771256388125,-12.800840757064309,/home/thuy/Research/minh_data_synth/TabularDA/SDGym-research/data/simulated_paper/seed_42/alarm/ctgan-full-pca_gmm_labeled.csv,e24c2d30dc1be25c1b14eb7272859a01e41cc55062448437bd10f844c16acf15,,1bf84ac2984e32787eb387172469304f30a90af5c52ae75af3f769fc45115d7f,90c6cfa1ab23ba66c0c0693d230ae436d2709f18f37e29bb3668d8b5562d135d,,labeled_extension,BN,BP,0.7119,0.6628672458123218,,joint,/home/thuy/Research/minh_data_synth/TabularDA/SDGym-research/data/simulated_paper/seed_42/alarm/ctgan_paper_sample.csv,0230782434acfd72cb90ebbf3e866c947b1e7486441bdaa5ea3b2c91d41c25ca,300.0
alarm,42,ctgan-full-rf,,,cuda,,,10000,-14.827892129839817,-12.79417227059347,/home/thuy/Research/minh_data_synth/TabularDA/SDGym-research/data/simulated_paper/seed_42/alarm/ctgan-full-rf_labeled.csv,9b7baa2ae05227b4f9db13ba1bed95c819d6c5d73cc1a9f083c11c185defe491,,1bf84ac2984e32787eb387172469304f30a90af5c52ae75af3f769fc45115d7f,90c6cfa1ab23ba66c0c0693d230ae436d2709f18f37e29bb3668d8b5562d135d,,labeled_extension,BN,BP,0.8148,0.7522021915159661,,joint,/home/thuy/Research/minh_data_synth/TabularDA/SDGym-research/data/simulated_paper/seed_42/alarm/ctgan_paper_sample.csv,0230782434acfd72cb90ebbf3e866c947b1e7486441bdaa5ea3b2c91d41c25ca,300.0
alarm,42,ctgan-full-xgb,,,cuda,,,10000,-14.816451222460202,-12.804071020975348,/home/thuy/Research/minh_data_synth/TabularDA/SDGym-research/data/simulated_paper/seed_42/alarm/ctgan-full-xgb_labeled.csv,8da93781dfeb81fefe005389298464e84bd241746d195fb7f062a65676345c21,,1bf84ac2984e32787eb387172469304f30a90af5c52ae75af3f769fc45115d7f,90c6cfa1ab23ba66c0c0693d230ae436d2709f18f37e29bb3668d8b5562d135d,,labeled_extension,BN,BP,0.8239,0.7579902449820969,,joint,/home/thuy/Research/minh_data_synth/TabularDA/SDGym-research/data/simulated_paper/seed_42/alarm/ctgan_paper_sample.csv,0230782434acfd72cb90ebbf3e866c947b1e7486441bdaa5ea3b2c91d41c25ca,300.0
alarm,42,ctgan-full-dnn,,,cuda,,,10000,-14.81778555289832,-12.80718806560398,/home/thuy/Research/minh_data_synth/TabularDA/SDGym-research/data/simulated_paper/seed_42/alarm/ctgan-full-dnn_labeled.csv,142b64c1c6b5d46629579136b055075ef025a4ad447316db49643d7805b4eac1,,1bf84ac2984e32787eb387172469304f30a90af5c52ae75af3f769fc45115d7f,90c6cfa1ab23ba66c0c0693d230ae436d2709f18f37e29bb3668d8b5562d135d,,labeled_extension,BN,BP,0.8176,0.7676887476588178,,joint,/home/thuy/Research/minh_data_synth/TabularDA/SDGym-research/data/simulated_paper/seed_42/alarm/ctgan_paper_sample.csv,0230782434acfd72cb90ebbf3e866c947b1e7486441bdaa5ea3b2c91d41c25ca,300.0
alarm,42,tvae-full,,,cuda,,,10000,-10.979793381499134,-10.830448687852195,/home/thuy/Research/minh_data_synth/TabularDA/SDGym-research/data/simulated_paper/seed_42/alarm/tvae-full_labeled.csv,6a4591689fb84756d6cea09a8653e707527ab110b0553008824929e5459c43f0,,1bf84ac2984e32787eb387172469304f30a90af5c52ae75af3f769fc45115d7f,90c6cfa1ab23ba66c0c0693d230ae436d2709f18f37e29bb3668d8b5562d135d,,labeled_extension,BN,BP,0.7674,0.7081036768559282,,joint,/home/thuy/Research/minh_data_synth/TabularDA/SDGym-research/data/simulated_paper/seed_42/alarm/tvae_paper_sample.csv,6a4591689fb84756d6cea09a8653e707527ab110b0553008824929e5459c43f0,300.0
alarm,42,tvae-gaussian,,,cuda,,,10000,-10.956736105545893,-10.936039524315897,/home/thuy/Research/minh_data_synth/TabularDA/SDGym-research/data/simulated_paper/seed_42/alarm/tvae-gaussian_labeled.csv,a27e0e3a6600ebde9a9b8c5ea80dfaca63fed8a0776b5b41676660f2407b2bb8,,1bf84ac2984e32787eb387172469304f30a90af5c52ae75af3f769fc45115d7f,90c6cfa1ab23ba66c0c0693d230ae436d2709f18f37e29bb3668d8b5562d135d,,labeled_extension,BN,BP,0.7244,0.6732339662294736,,joint,/home/thuy/Research/minh_data_synth/TabularDA/SDGym-research/data/simulated_paper/seed_42/alarm/tvae_xonly_sample.csv,c100c337fe8e36f1659d1496f84b702afe08d3cb5986bc222fda923f327617b6,300.0
alarm,42,tvae-categorical,,,cuda,,,10000,-11.002907596868736,-10.93193059710547,/home/thuy/Research/minh_data_synth/TabularDA/SDGym-research/data/simulated_paper/seed_42/alarm/tvae-categorical_labeled.csv,14a54732f2db247e08219bbfe197d6422f6b74c7a8ee459c0eb4c43188c1f2d7,,1bf84ac2984e32787eb387172469304f30a90af5c52ae75af3f769fc45115d7f,90c6cfa1ab23ba66c0c0693d230ae436d2709f18f37e29bb3668d8b5562d135d,,labeled_extension,BN,BP,0.7071,0.6582888908284551,,joint,/home/thuy/Research/minh_data_synth/TabularDA/SDGym-research/data/simulated_paper/seed_42/alarm/tvae_xonly_sample.csv,c100c337fe8e36f1659d1496f84b702afe08d3cb5986bc222fda923f327617b6,300.0
alarm,42,tvae-pca_gmm,,,cuda,,,10000,-10.984042500063946,-10.923305486760118,/home/thuy/Research/minh_data_synth/TabularDA/SDGym-research/data/simulated_paper/seed_42/alarm/tvae-pca_gmm_labeled.csv,011847cccde7fe1aba576c76c0186ede0316af4c93fa2997c8e75f411fb63040,,1bf84ac2984e32787eb387172469304f30a90af5c52ae75af3f769fc45115d7f,90c6cfa1ab23ba66c0c0693d230ae436d2709f18f37e29bb3668d8b5562d135d,,labeled_extension,BN,BP,0.7126,0.6639660897348345,,joint,/home/thuy/Research/minh_data_synth/TabularDA/SDGym-research/data/simulated_paper/seed_42/alarm/tvae_xonly_sample.csv,c100c337fe8e36f1659d1496f84b702afe08d3cb5986bc222fda923f327617b6,300.0
alarm,42,tvae-rf,,,cuda,,,10000,-10.732003568160184,-10.875032462690529,/home/thuy/Research/minh_data_synth/TabularDA/SDGym-research/data/simulated_paper/seed_42/alarm/tvae-rf_labeled.csv,05411d5ee87b44afae934514d36e5fcefaea14b4a47e95656d4cdf7cb60a63e9,,1bf84ac2984e32787eb387172469304f30a90af5c52ae75af3f769fc45115d7f,90c6cfa1ab23ba66c0c0693d230ae436d2709f18f37e29bb3668d8b5562d135d,,labeled_extension,BN,BP,0.8081,0.7456775399155671,,joint,/home/thuy/Research/minh_data_synth/TabularDA/SDGym-research/data/simulated_paper/seed_42/alarm/tvae_xonly_sample.csv,c100c337fe8e36f1659d1496f84b702afe08d3cb5986bc222fda923f327617b6,300.0
alarm,42,tvae-xgb,,,cuda,,,10000,-10.690225234625839,-10.974150260504926,/home/thuy/Research/minh_data_synth/TabularDA/SDGym-research/data/simulated_paper/seed_42/alarm/tvae-xgb_labeled.csv,b4fb57556ae20012ab10c28ce43c38c3c2cda0678a8a9c7cb639715f04c24431,,1bf84ac2984e32787eb387172469304f30a90af5c52ae75af3f769fc45115d7f,90c6cfa1ab23ba66c0c0693d230ae436d2709f18f37e29bb3668d8b5562d135d,,labeled_extension,BN,BP,0.8225,0.7589841578321289,,joint,/home/thuy/Research/minh_data_synth/TabularDA/SDGym-research/data/simulated_paper/seed_42/alarm/tvae_xonly_sample.csv,c100c337fe8e36f1659d1496f84b702afe08d3cb5986bc222fda923f327617b6,300.0
alarm,42,tvae-dnn,,,cuda,,,10000,-10.683282195353176,-11.064597296071023,/home/thuy/Research/minh_data_synth/TabularDA/SDGym-research/data/simulated_paper/seed_42/alarm/tvae-dnn_labeled.csv,f68be97e5e0decf9a63ae945bad3d4ea98f7c8d10a9079cba5c8f5a124a31f08,,1bf84ac2984e32787eb387172469304f30a90af5c52ae75af3f769fc45115d7f,90c6cfa1ab23ba66c0c0693d230ae436d2709f18f37e29bb3668d8b5562d135d,,labeled_extension,BN,BP,0.8163,0.7649107740654143,,joint,/home/thuy/Research/minh_data_synth/TabularDA/SDGym-research/data/simulated_paper/seed_42/alarm/tvae_xonly_sample.csv,c100c337fe8e36f1659d1496f84b702afe08d3cb5986bc222fda923f327617b6,300.0
alarm,42,tvae-full-gaussian,,,cuda,,,10000,-11.024757405360878,-10.95041050383996,/home/thuy/Research/minh_data_synth/TabularDA/SDGym-research/data/simulated_paper/seed_42/alarm/tvae-full-gaussian_labeled.csv,5675230a2f053a7997a9a8f55c040180bd33583818dc9e70e6f78d4cfd6a233a,,1bf84ac2984e32787eb387172469304f30a90af5c52ae75af3f769fc45115d7f,90c6cfa1ab23ba66c0c0693d230ae436d2709f18f37e29bb3668d8b5562d135d,,labeled_extension,BN,BP,0.7239,0.6752005543753166,,joint,/home/thuy/Research/minh_data_synth/TabularDA/SDGym-research/data/simulated_paper/seed_42/alarm/tvae_paper_sample.csv,6a4591689fb84756d6cea09a8653e707527ab110b0553008824929e5459c43f0,300.0
alarm,42,tvae-full-categorical,,,cuda,,,10000,-11.041755840230337,-10.95282336117452,/home/thuy/Research/minh_data_synth/TabularDA/SDGym-research/data/simulated_paper/seed_42/alarm/tvae-full-categorical_labeled.csv,a9ae97d07df29832d2813631dd18a9a41c149dc2038c98d18b2bfe0b3a6a6700,,1bf84ac2984e32787eb387172469304f30a90af5c52ae75af3f769fc45115d7f,90c6cfa1ab23ba66c0c0693d230ae436d2709f18f37e29bb3668d8b5562d135d,,labeled_extension,BN,BP,0.7081,0.66012200511517,,joint,/home/thuy/Research/minh_data_synth/TabularDA/SDGym-research/data/simulated_paper/seed_42/alarm/tvae_paper_sample.csv,6a4591689fb84756d6cea09a8653e707527ab110b0553008824929e5459c43f0,300.0
alarm,42,tvae-full-pca_gmm,,,cuda,,,10000,-11.032126461932139,-10.941499166904707,/home/thuy/Research/minh_data_synth/TabularDA/SDGym-research/data/simulated_paper/seed_42/alarm/tvae-full-pca_gmm_labeled.csv,4e396f5d11905ba1cd7f92e7f7f05d6084dde26a0211d4a6d65373941ee45003,,1bf84ac2984e32787eb387172469304f30a90af5c52ae75af3f769fc45115d7f,90c6cfa1ab23ba66c0c0693d230ae436d2709f18f37e29bb3668d8b5562d135d,,labeled_extension,BN,BP,0.711,0.6623945395268839,,joint,/home/thuy/Research/minh_data_synth/TabularDA/SDGym-research/data/simulated_paper/seed_42/alarm/tvae_paper_sample.csv,6a4591689fb84756d6cea09a8653e707527ab110b0553008824929e5459c43f0,300.0
alarm,42,tvae-full-rf,,,cuda,,,10000,-10.756977134743535,-10.875281409702746,/home/thuy/Research/minh_data_synth/TabularDA/SDGym-research/data/simulated_paper/seed_42/alarm/tvae-full-rf_labeled.csv,2907d6e393c0c96e01e60ead446ca4b7ec8ede55d87c845ed447493d33d1a587,,1bf84ac2984e32787eb387172469304f30a90af5c52ae75af3f769fc45115d7f,90c6cfa1ab23ba66c0c0693d230ae436d2709f18f37e29bb3668d8b5562d135d,,labeled_extension,BN,BP,0.8078,0.7444728315289594,,joint,/home/thuy/Research/minh_data_synth/TabularDA/SDGym-research/data/simulated_paper/seed_42/alarm/tvae_paper_sample.csv,6a4591689fb84756d6cea09a8653e707527ab110b0553008824929e5459c43f0,300.0
alarm,42,tvae-full-xgb,,,cuda,,,10000,-10.715687815106557,-10.995498737439844,/home/thuy/Research/minh_data_synth/TabularDA/SDGym-research/data/simulated_paper/seed_42/alarm/tvae-full-xgb_labeled.csv,915aa210025e134beb9905d2bda3e2b9bd30160c9e298e5d912b133daf0bcfc3,,1bf84ac2984e32787eb387172469304f30a90af5c52ae75af3f769fc45115d7f,90c6cfa1ab23ba66c0c0693d230ae436d2709f18f37e29bb3668d8b5562d135d,,labeled_extension,BN,BP,0.82,0.7542745649841485,,joint,/home/thuy/Research/minh_data_synth/TabularDA/SDGym-research/data/simulated_paper/seed_42/alarm/tvae_paper_sample.csv,6a4591689fb84756d6cea09a8653e707527ab110b0553008824929e5459c43f0,300.0
alarm,42,tvae-full-dnn,,,cuda,,,10000,-10.709530950370777,-11.105759572154641,/home/thuy/Research/minh_data_synth/TabularDA/SDGym-research/data/simulated_paper/seed_42/alarm/tvae-full-dnn_labeled.csv,cfa703c94163c8426ef82c8c1dec9de5318ff19100e3f177567ed1adc75fa8db,,1bf84ac2984e32787eb387172469304f30a90af5c52ae75af3f769fc45115d7f,90c6cfa1ab23ba66c0c0693d230ae436d2709f18f37e29bb3668d8b5562d135d,,labeled_extension,BN,BP,0.8177,0.7668100924460516,,joint,/home/thuy/Research/minh_data_synth/TabularDA/SDGym-research/data/simulated_paper/seed_42/alarm/tvae_paper_sample.csv,6a4591689fb84756d6cea09a8653e707527ab110b0553008824929e5459c43f0,300.0
child,42,identity,,,,10000.0,10000.0,10000,-11.994660321899813,-12.02545954132672,/home/thuy/Research/minh_data_synth/TabularDA/SDGym-research/data/simulated_paper/seed_42/child/train.csv,8a2d921089b891eec31673f9b76458ef92260fc390d13b6e32b3d9d8ef743208,432c22e661cd0e8235c8d95599ac22ccc261002459f5c4e6e7235b057908fe6e,8a2d921089b891eec31673f9b76458ef92260fc390d13b6e32b3d9d8ef743208,f0d3a0ebe13b2a97f150c3974183d33cc49eac124176d3c51f10aabe4df4dea4,"{'numpy': '1.26.4', 'pandas': '2.2.3', 'scikit-learn': '1.5.2', 'pgmpy': '0.1.26'}",paper,BN,,,,,,,,
child,42,ctgan,300.0,500.0,cuda,10000.0,10000.0,10000,-13.822168343597916,-12.764649449285672,/home/thuy/Research/minh_data_synth/TabularDA/SDGym-research/data/simulated_paper/seed_42/child/ctgan_paper_sample.csv,46102b2d77d9b72a8af632e13d0716c93415e537229e4f35f7bb5b5d5314b4fa,432c22e661cd0e8235c8d95599ac22ccc261002459f5c4e6e7235b057908fe6e,8a2d921089b891eec31673f9b76458ef92260fc390d13b6e32b3d9d8ef743208,f0d3a0ebe13b2a97f150c3974183d33cc49eac124176d3c51f10aabe4df4dea4,"{'numpy': '1.26.4', 'pandas': '2.2.3', 'scikit-learn': '1.5.2', 'pgmpy': '0.1.26', 'ctgan': '0.10.2', 'torch': '2.5.1'}",paper,BN,,,,,,,,
child,42,tvae,300.0,500.0,cuda,10000.0,10000.0,10000,-12.377186037818836,-12.41609982078338,/home/thuy/Research/minh_data_synth/TabularDA/SDGym-research/data/simulated_paper/seed_42/child/tvae_paper_sample.csv,ca2ed4c9dc4e2f4856e411daf7b64ad9332d96d756bb5909422a814f18e4f864,432c22e661cd0e8235c8d95599ac22ccc261002459f5c4e6e7235b057908fe6e,8a2d921089b891eec31673f9b76458ef92260fc390d13b6e32b3d9d8ef743208,f0d3a0ebe13b2a97f150c3974183d33cc49eac124176d3c51f10aabe4df4dea4,"{'numpy': '1.26.4', 'pandas': '2.2.3', 'scikit-learn': '1.5.2', 'pgmpy': '0.1.26', 'ctgan': '0.10.2', 'torch': '2.5.1'}",paper,BN,,,,,,,,
child,42,ctgan-full,,,cuda,,,10000,-13.822168343597916,-12.764649449285672,/home/thuy/Research/minh_data_synth/TabularDA/SDGym-research/data/simulated_paper/seed_42/child/ctgan-full_labeled.csv,46102b2d77d9b72a8af632e13d0716c93415e537229e4f35f7bb5b5d5314b4fa,,8a2d921089b891eec31673f9b76458ef92260fc390d13b6e32b3d9d8ef743208,f0d3a0ebe13b2a97f150c3974183d33cc49eac124176d3c51f10aabe4df4dea4,,labeled_extension,BN,Disease,0.8016,0.6870623791851882,,joint,/home/thuy/Research/minh_data_synth/TabularDA/SDGym-research/data/simulated_paper/seed_42/child/ctgan_paper_sample.csv,46102b2d77d9b72a8af632e13d0716c93415e537229e4f35f7bb5b5d5314b4fa,300.0
child,42,ctgan-gaussian,,,cuda,,,10000,-13.600591175772422,-12.879121732565379,/home/thuy/Research/minh_data_synth/TabularDA/SDGym-research/data/simulated_paper/seed_42/child/ctgan-gaussian_labeled.csv,374951c466512970d068acde366ccedf032e5d5fbb97da5e5b0b4a33f6be9db3,,8a2d921089b891eec31673f9b76458ef92260fc390d13b6e32b3d9d8ef743208,f0d3a0ebe13b2a97f150c3974183d33cc49eac124176d3c51f10aabe4df4dea4,,labeled_extension,BN,Disease,0.7733,0.7335192869899022,,joint,/home/thuy/Research/minh_data_synth/TabularDA/SDGym-research/data/simulated_paper/seed_42/child/ctgan_xonly_sample.csv,5f2d581d115e976a840d4d7e199fe68b79a6d16566b1bd60ebbb2a4c8dc5fb5b,300.0
child,42,ctgan-categorical,,,cuda,,,10000,-13.426155894811213,-12.730392864142772,/home/thuy/Research/minh_data_synth/TabularDA/SDGym-research/data/simulated_paper/seed_42/child/ctgan-categorical_labeled.csv,7185550da2a77c795c32f5fb84e5a5b4565559ad0fab1233ab42cd72ed994847,,8a2d921089b891eec31673f9b76458ef92260fc390d13b6e32b3d9d8ef743208,f0d3a0ebe13b2a97f150c3974183d33cc49eac124176d3c51f10aabe4df4dea4,,labeled_extension,BN,Disease,0.8407,0.7593178760285216,,joint,/home/thuy/Research/minh_data_synth/TabularDA/SDGym-research/data/simulated_paper/seed_42/child/ctgan_xonly_sample.csv,5f2d581d115e976a840d4d7e199fe68b79a6d16566b1bd60ebbb2a4c8dc5fb5b,300.0
child,42,ctgan-pca_gmm,,,cuda,,,10000,-13.41075494860715,-12.706350932576726,/home/thuy/Research/minh_data_synth/TabularDA/SDGym-research/data/simulated_paper/seed_42/child/ctgan-pca_gmm_labeled.csv,d8424309f639c0a2157b93dd06769fe1185498c35afc8acf29bb40e0914c6018,,8a2d921089b891eec31673f9b76458ef92260fc390d13b6e32b3d9d8ef743208,f0d3a0ebe13b2a97f150c3974183d33cc49eac124176d3c51f10aabe4df4dea4,,labeled_extension,BN,Disease,0.8444,0.7662756028668646,,joint,/home/thuy/Research/minh_data_synth/TabularDA/SDGym-research/data/simulated_paper/seed_42/child/ctgan_xonly_sample.csv,5f2d581d115e976a840d4d7e199fe68b79a6d16566b1bd60ebbb2a4c8dc5fb5b,300.0
child,42,ctgan-rf,,,cuda,,,10000,-13.312980664663389,-12.68561945462467,/home/thuy/Research/minh_data_synth/TabularDA/SDGym-research/data/simulated_paper/seed_42/child/ctgan-rf_labeled.csv,57d0cddf751f254d374058143e1094f5d4d9eda85bee47e11fd22bad93063a01,,8a2d921089b891eec31673f9b76458ef92260fc390d13b6e32b3d9d8ef743208,f0d3a0ebe13b2a97f150c3974183d33cc49eac124176d3c51f10aabe4df4dea4,,labeled_extension,BN,Disease,0.8704,0.8106965590747414,,joint,/home/thuy/Research/minh_data_synth/TabularDA/SDGym-research/data/simulated_paper/seed_42/child/ctgan_xonly_sample.csv,5f2d581d115e976a840d4d7e199fe68b79a6d16566b1bd60ebbb2a4c8dc5fb5b,300.0
child,42,ctgan-xgb,,,cuda,,,10000,-13.313775097690941,-12.67632144875117,/home/thuy/Research/minh_data_synth/TabularDA/SDGym-research/data/simulated_paper/seed_42/child/ctgan-xgb_labeled.csv,2c7a5b733e99b2dd76c19fa12293e495e2b4468e6bb44a6f0ce2e45ba7e9efab,,8a2d921089b891eec31673f9b76458ef92260fc390d13b6e32b3d9d8ef743208,f0d3a0ebe13b2a97f150c3974183d33cc49eac124176d3c51f10aabe4df4dea4,,labeled_extension,BN,Disease,0.872,0.8120240220864318,,joint,/home/thuy/Research/minh_data_synth/TabularDA/SDGym-research/data/simulated_paper/seed_42/child/ctgan_xonly_sample.csv,5f2d581d115e976a840d4d7e199fe68b79a6d16566b1bd60ebbb2a4c8dc5fb5b,300.0
child,42,ctgan-dnn,,,cuda,,,10000,-13.308186215301944,-12.6985291034375,/home/thuy/Research/minh_data_synth/TabularDA/SDGym-research/data/simulated_paper/seed_42/child/ctgan-dnn_labeled.csv,7836fd11961f6a4475758c9920e51d624fe320cc144b2a043f61bd30d4728a2d,,8a2d921089b891eec31673f9b76458ef92260fc390d13b6e32b3d9d8ef743208,f0d3a0ebe13b2a97f150c3974183d33cc49eac124176d3c51f10aabe4df4dea4,,labeled_extension,BN,Disease,0.8711,0.8164521235701482,,joint,/home/thuy/Research/minh_data_synth/TabularDA/SDGym-research/data/simulated_paper/seed_42/child/ctgan_xonly_sample.csv,5f2d581d115e976a840d4d7e199fe68b79a6d16566b1bd60ebbb2a4c8dc5fb5b,300.0
child,42,ctgan-full-gaussian,,,cuda,,,10000,-13.527317788496942,-12.836482982721162,/home/thuy/Research/minh_data_synth/TabularDA/SDGym-research/data/simulated_paper/seed_42/child/ctgan-full-gaussian_labeled.csv,6b7aec23bfb9e163656b14b2304e063b55503831a654f40e8503ce5a25d1db6d,,8a2d921089b891eec31673f9b76458ef92260fc390d13b6e32b3d9d8ef743208,f0d3a0ebe13b2a97f150c3974183d33cc49eac124176d3c51f10aabe4df4dea4,,labeled_extension,BN,Disease,0.7758,0.74145134179793,,joint,/home/thuy/Research/minh_data_synth/TabularDA/SDGym-research/data/simulated_paper/seed_42/child/ctgan_paper_sample.csv,46102b2d77d9b72a8af632e13d0716c93415e537229e4f35f7bb5b5d5314b4fa,300.0
child,42,ctgan-full-categorical,,,cuda,,,10000,-13.440717693198645,-12.72875033997607,/home/thuy/Research/minh_data_synth/TabularDA/SDGym-research/data/simulated_paper/seed_42/child/ctgan-full-categorical_labeled.csv,ea67b4e58d2db7933996d829166e1246e087e23962976cb665beb2b72fe5223a,,8a2d921089b891eec31673f9b76458ef92260fc390d13b6e32b3d9d8ef743208,f0d3a0ebe13b2a97f150c3974183d33cc49eac124176d3c51f10aabe4df4dea4,,labeled_extension,BN,Disease,0.8407,0.7562855016379428,,joint,/home/thuy/Research/minh_data_synth/TabularDA/SDGym-research/data/simulated_paper/seed_42/child/ctgan_paper_sample.csv,46102b2d77d9b72a8af632e13d0716c93415e537229e4f35f7bb5b5d5314b4fa,300.0
child,42,ctgan-full-pca_gmm,,,cuda,,,10000,-13.433428577718978,-12.719455172406535,/home/thuy/Research/minh_data_synth/TabularDA/SDGym-research/data/simulated_paper/seed_42/child/ctgan-full-pca_gmm_labeled.csv,81b3fd596573c46d1a1afc1f4ebd3805e841c249f6e0c85fb92bdf5cd5ce13bb,,8a2d921089b891eec31673f9b76458ef92260fc390d13b6e32b3d9d8ef743208,f0d3a0ebe13b2a97f150c3974183d33cc49eac124176d3c51f10aabe4df4dea4,,labeled_extension,BN,Disease,0.8469,0.7719695629750217,,joint,/home/thuy/Research/minh_data_synth/TabularDA/SDGym-research/data/simulated_paper/seed_42/child/ctgan_paper_sample.csv,46102b2d77d9b72a8af632e13d0716c93415e537229e4f35f7bb5b5d5314b4fa,300.0
child,42,ctgan-full-rf,,,cuda,,,10000,-13.370331688059546,-12.692658145015349,/home/thuy/Research/minh_data_synth/TabularDA/SDGym-research/data/simulated_paper/seed_42/child/ctgan-full-rf_labeled.csv,870e3a39128683bf07484f8569ab90389b8a18adec28072ff4a741606db11617,,8a2d921089b891eec31673f9b76458ef92260fc390d13b6e32b3d9d8ef743208,f0d3a0ebe13b2a97f150c3974183d33cc49eac124176d3c51f10aabe4df4dea4,,labeled_extension,BN,Disease,0.8704,0.8078839912751962,,joint,/home/thuy/Research/minh_data_synth/TabularDA/SDGym-research/data/simulated_paper/seed_42/child/ctgan_paper_sample.csv,46102b2d77d9b72a8af632e13d0716c93415e537229e4f35f7bb5b5d5314b4fa,300.0
child,42,ctgan-full-xgb,,,cuda,,,10000,-13.372751381621038,-12.686202290699649,/home/thuy/Research/minh_data_synth/TabularDA/SDGym-research/data/simulated_paper/seed_42/child/ctgan-full-xgb_labeled.csv,1b621da5a61adbb695466dbb4fcd4eb2bde3669ae8ea9d503b06f8801b6adba1,,8a2d921089b891eec31673f9b76458ef92260fc390d13b6e32b3d9d8ef743208,f0d3a0ebe13b2a97f150c3974183d33cc49eac124176d3c51f10aabe4df4dea4,,labeled_extension,BN,Disease,0.8715,0.8071097686985172,,joint,/home/thuy/Research/minh_data_synth/TabularDA/SDGym-research/data/simulated_paper/seed_42/child/ctgan_paper_sample.csv,46102b2d77d9b72a8af632e13d0716c93415e537229e4f35f7bb5b5d5314b4fa,300.0
child,42,ctgan-full-dnn,,,cuda,,,10000,-13.37478795823237,-12.704465902830453,/home/thuy/Research/minh_data_synth/TabularDA/SDGym-research/data/simulated_paper/seed_42/child/ctgan-full-dnn_labeled.csv,a8c600d9fccfc7984a67e03b3623b9dfd56a8d5b187aab9f4ce179401e395f6d,,8a2d921089b891eec31673f9b76458ef92260fc390d13b6e32b3d9d8ef743208,f0d3a0ebe13b2a97f150c3974183d33cc49eac124176d3c51f10aabe4df4dea4,,labeled_extension,BN,Disease,0.8769,0.8229334447299271,,joint,/home/thuy/Research/minh_data_synth/TabularDA/SDGym-research/data/simulated_paper/seed_42/child/ctgan_paper_sample.csv,46102b2d77d9b72a8af632e13d0716c93415e537229e4f35f7bb5b5d5314b4fa,300.0
child,42,tvae-full,,,cuda,,,10000,-12.377186037818836,-12.41609982078338,/home/thuy/Research/minh_data_synth/TabularDA/SDGym-research/data/simulated_paper/seed_42/child/tvae-full_labeled.csv,ca2ed4c9dc4e2f4856e411daf7b64ad9332d96d756bb5909422a814f18e4f864,,8a2d921089b891eec31673f9b76458ef92260fc390d13b6e32b3d9d8ef743208,f0d3a0ebe13b2a97f150c3974183d33cc49eac124176d3c51f10aabe4df4dea4,,labeled_extension,BN,Disease,0.7528,0.6841870932274117,,joint,/home/thuy/Research/minh_data_synth/TabularDA/SDGym-research/data/simulated_paper/seed_42/child/tvae_paper_sample.csv,ca2ed4c9dc4e2f4856e411daf7b64ad9332d96d756bb5909422a814f18e4f864,300.0
child,42,tvae-gaussian,,,cuda,,,10000,-12.181600937836574,-12.411085788551045,/home/thuy/Research/minh_data_synth/TabularDA/SDGym-research/data/simulated_paper/seed_42/child/tvae-gaussian_labeled.csv,1a8e1b2dfd7d8386038473f64ecae924fe0c26f71c63a90558c069787438d96f,,8a2d921089b891eec31673f9b76458ef92260fc390d13b6e32b3d9d8ef743208,f0d3a0ebe13b2a97f150c3974183d33cc49eac124176d3c51f10aabe4df4dea4,,labeled_extension,BN,Disease,0.7745,0.738854353234558,,joint,/home/thuy/Research/minh_data_synth/TabularDA/SDGym-research/data/simulated_paper/seed_42/child/tvae_xonly_sample.csv,0c57a5605351090bfc28011e02007b94bb292e156db0fe8be540def7556f3458,300.0
child,42,tvae-categorical,,,cuda,,,10000,-11.964796069688342,-12.27478525600688,/home/thuy/Research/minh_data_synth/TabularDA/SDGym-research/data/simulated_paper/seed_42/child/tvae-categorical_labeled.csv,f7ad6eaa4a94f8338e177b3bc1bff02faf427d92bc695c749609e80b2722aa9a,,8a2d921089b891eec31673f9b76458ef92260fc390d13b6e32b3d9d8ef743208,f0d3a0ebe13b2a97f150c3974183d33cc49eac124176d3c51f10aabe4df4dea4,,labeled_extension,BN,Disease,0.8388,0.7537794431267618,,joint,/home/thuy/Research/minh_data_synth/TabularDA/SDGym-research/data/simulated_paper/seed_42/child/tvae_xonly_sample.csv,0c57a5605351090bfc28011e02007b94bb292e156db0fe8be540def7556f3458,300.0
child,42,tvae-pca_gmm,,,cuda,,,10000,-11.94494817040368,-12.265204804127857,/home/thuy/Research/minh_data_synth/TabularDA/SDGym-research/data/simulated_paper/seed_42/child/tvae-pca_gmm_labeled.csv,a9831f22027647f242b25298b9279fdb3724e1453b087a9c6d1296798861baf5,,8a2d921089b891eec31673f9b76458ef92260fc390d13b6e32b3d9d8ef743208,f0d3a0ebe13b2a97f150c3974183d33cc49eac124176d3c51f10aabe4df4dea4,,labeled_extension,BN,Disease,0.8469,0.7721052188702239,,joint,/home/thuy/Research/minh_data_synth/TabularDA/SDGym-research/data/simulated_paper/seed_42/child/tvae_xonly_sample.csv,0c57a5605351090bfc28011e02007b94bb292e156db0fe8be540def7556f3458,300.0
child,42,tvae-rf,,,cuda,,,10000,-11.85838261600589,-12.211366180043166,/home/thuy/Research/minh_data_synth/TabularDA/SDGym-research/data/simulated_paper/seed_42/child/tvae-rf_labeled.csv,0d2eebd70b2cb54bc7316000aff3ad158e7ac656c44d2b7e787ffb83d5393bc1,,8a2d921089b891eec31673f9b76458ef92260fc390d13b6e32b3d9d8ef743208,f0d3a0ebe13b2a97f150c3974183d33cc49eac124176d3c51f10aabe4df4dea4,,labeled_extension,BN,Disease,0.8679,0.8050488862388354,,joint,/home/thuy/Research/minh_data_synth/TabularDA/SDGym-research/data/simulated_paper/seed_42/child/tvae_xonly_sample.csv,0c57a5605351090bfc28011e02007b94bb292e156db0fe8be540def7556f3458,300.0
child,42,tvae-xgb,,,cuda,,,10000,-11.85303855179403,-12.207357321296035,/home/thuy/Research/minh_data_synth/TabularDA/SDGym-research/data/simulated_paper/seed_42/child/tvae-xgb_labeled.csv,563015fa88647f7d01b8caec3602cf7a6ba513cf377400a2720fe45681bb8905,,8a2d921089b891eec31673f9b76458ef92260fc390d13b6e32b3d9d8ef743208,f0d3a0ebe13b2a97f150c3974183d33cc49eac124176d3c51f10aabe4df4dea4,,labeled_extension,BN,Disease,0.8717,0.8074734515679901,,joint,/home/thuy/Research/minh_data_synth/TabularDA/SDGym-research/data/simulated_paper/seed_42/child/tvae_xonly_sample.csv,0c57a5605351090bfc28011e02007b94bb292e156db0fe8be540def7556f3458,300.0
child,42,tvae-dnn,,,cuda,,,10000,-11.844328568452928,-12.247574192338762,/home/thuy/Research/minh_data_synth/TabularDA/SDGym-research/data/simulated_paper/seed_42/child/tvae-dnn_labeled.csv,d53f17f6f9aa2ea3da358c005ab3af1eef145c97bb13f1b5e051818de4d70d63,,8a2d921089b891eec31673f9b76458ef92260fc390d13b6e32b3d9d8ef743208,f0d3a0ebe13b2a97f150c3974183d33cc49eac124176d3c51f10aabe4df4dea4,,labeled_extension,BN,Disease,0.8751,0.8205203579644108,,joint,/home/thuy/Research/minh_data_synth/TabularDA/SDGym-research/data/simulated_paper/seed_42/child/tvae_xonly_sample.csv,0c57a5605351090bfc28011e02007b94bb292e156db0fe8be540def7556f3458,300.0
child,42,tvae-full-gaussian,,,cuda,,,10000,-12.282056916424066,-12.464920454536562,/home/thuy/Research/minh_data_synth/TabularDA/SDGym-research/data/simulated_paper/seed_42/child/tvae-full-gaussian_labeled.csv,66d10a144ca1f3f1ab6ec585bb8c56952b56827c479fdb63d5aa2f7bae8b68ff,,8a2d921089b891eec31673f9b76458ef92260fc390d13b6e32b3d9d8ef743208,f0d3a0ebe13b2a97f150c3974183d33cc49eac124176d3c51f10aabe4df4dea4,,labeled_extension,BN,Disease,0.7768,0.7364822577328933,,joint,/home/thuy/Research/minh_data_synth/TabularDA/SDGym-research/data/simulated_paper/seed_42/child/tvae_paper_sample.csv,ca2ed4c9dc4e2f4856e411daf7b64ad9332d96d756bb5909422a814f18e4f864,300.0
child,42,tvae-full-categorical,,,cuda,,,10000,-12.057471718962615,-12.290923008045251,/home/thuy/Research/minh_data_synth/TabularDA/SDGym-research/data/simulated_paper/seed_42/child/tvae-full-categorical_labeled.csv,e7bba8e54df384fd845f941231abdf86d93211d214cc7c9dc9ef2d1a756c3245,,8a2d921089b891eec31673f9b76458ef92260fc390d13b6e32b3d9d8ef743208,f0d3a0ebe13b2a97f150c3974183d33cc49eac124176d3c51f10aabe4df4dea4,,labeled_extension,BN,Disease,0.8378,0.7535536769597652,,joint,/home/thuy/Research/minh_data_synth/TabularDA/SDGym-research/data/simulated_paper/seed_42/child/tvae_paper_sample.csv,ca2ed4c9dc4e2f4856e411daf7b64ad9332d96d756bb5909422a814f18e4f864,300.0
child,42,tvae-full-pca_gmm,,,cuda,,,10000,-12.029290012777022,-12.278818224625423,/home/thuy/Research/minh_data_synth/TabularDA/SDGym-research/data/simulated_paper/seed_42/child/tvae-full-pca_gmm_labeled.csv,bc4cc4676bc4262207e62430533d4d9444ad7c932fcc0ad7fa0818fdd4344ede,,8a2d921089b891eec31673f9b76458ef92260fc390d13b6e32b3d9d8ef743208,f0d3a0ebe13b2a97f150c3974183d33cc49eac124176d3c51f10aabe4df4dea4,,labeled_extension,BN,Disease,0.8441,0.767654264859918,,joint,/home/thuy/Research/minh_data_synth/TabularDA/SDGym-research/data/simulated_paper/seed_42/child/tvae_paper_sample.csv,ca2ed4c9dc4e2f4856e411daf7b64ad9332d96d756bb5909422a814f18e4f864,300.0
child,42,tvae-full-rf,,,cuda,,,10000,-11.934086781475452,-12.236043384050094,/home/thuy/Research/minh_data_synth/TabularDA/SDGym-research/data/simulated_paper/seed_42/child/tvae-full-rf_labeled.csv,69920b22fe6c70a6619af11ee033581e288bcb6554be104a2603cee880336767,,8a2d921089b891eec31673f9b76458ef92260fc390d13b6e32b3d9d8ef743208,f0d3a0ebe13b2a97f150c3974183d33cc49eac124176d3c51f10aabe4df4dea4,,labeled_extension,BN,Disease,0.8723,0.8137279298576611,,joint,/home/thuy/Research/minh_data_synth/TabularDA/SDGym-research/data/simulated_paper/seed_42/child/tvae_paper_sample.csv,ca2ed4c9dc4e2f4856e411daf7b64ad9332d96d756bb5909422a814f18e4f864,300.0
child,42,tvae-full-xgb,,,cuda,,,10000,-11.927394304566656,-12.231816068166168,/home/thuy/Research/minh_data_synth/TabularDA/SDGym-research/data/simulated_paper/seed_42/child/tvae-full-xgb_labeled.csv,51fa0b223d8be172f42882324dfa616a6349f1fa696d4712fe0f1e5540d2179d,,8a2d921089b891eec31673f9b76458ef92260fc390d13b6e32b3d9d8ef743208,f0d3a0ebe13b2a97f150c3974183d33cc49eac124176d3c51f10aabe4df4dea4,,labeled_extension,BN,Disease,0.8775,0.8197807643989888,,joint,/home/thuy/Research/minh_data_synth/TabularDA/SDGym-research/data/simulated_paper/seed_42/child/tvae_paper_sample.csv,ca2ed4c9dc4e2f4856e411daf7b64ad9332d96d756bb5909422a814f18e4f864,300.0
child,42,tvae-full-dnn,,,cuda,,,10000,-11.917207003574521,-12.265969209868608,/home/thuy/Research/minh_data_synth/TabularDA/SDGym-research/data/simulated_paper/seed_42/child/tvae-full-dnn_labeled.csv,2b5dea958cbe74e9166e512cc7fac37c7beaa0a8b3b2ead07c760361501c0603,,8a2d921089b891eec31673f9b76458ef92260fc390d13b6e32b3d9d8ef743208,f0d3a0ebe13b2a97f150c3974183d33cc49eac124176d3c51f10aabe4df4dea4,,labeled_extension,BN,Disease,0.8754,0.819324752729169,,joint,/home/thuy/Research/minh_data_synth/TabularDA/SDGym-research/data/simulated_paper/seed_42/child/tvae_paper_sample.csv,ca2ed4c9dc4e2f4856e411daf7b64ad9332d96d756bb5909422a814f18e4f864,300.0
insurance,42,identity,,,,10000.0,10000.0,10000,-12.863867486367255,-12.864379714877371,/home/thuy/Research/minh_data_synth/TabularDA/SDGym-research/data/simulated_paper/seed_42/insurance/train.csv,e16f03d8bfe9b64254a9a84fd0c200476bc17e5bdc192d036fe2feda608c33f7,39f9e706e9208e720a55a98b6811188b33a7292335a53373a9343a0c7065dab4,e16f03d8bfe9b64254a9a84fd0c200476bc17e5bdc192d036fe2feda608c33f7,bb17fd8a10df58783d08e378d86955cc0821f6bd3045a8b0f06bcd34829d65d4,"{'numpy': '1.26.4', 'pandas': '2.2.3', 'scikit-learn': '1.5.2', 'pgmpy': '0.1.26'}",paper,BN,,,,,,,,
insurance,42,ctgan,300.0,500.0,cuda,10000.0,10000.0,10000,-17.03213566684344,-14.926938255243469,/home/thuy/Research/minh_data_synth/TabularDA/SDGym-research/data/simulated_paper/seed_42/insurance/ctgan_paper_sample.csv,5cdc6de7e7d3960af98cba8863811a4167cc978b2fce89c4fe1572a41e8e6826,39f9e706e9208e720a55a98b6811188b33a7292335a53373a9343a0c7065dab4,e16f03d8bfe9b64254a9a84fd0c200476bc17e5bdc192d036fe2feda608c33f7,bb17fd8a10df58783d08e378d86955cc0821f6bd3045a8b0f06bcd34829d65d4,"{'numpy': '1.26.4', 'pandas': '2.2.3', 'scikit-learn': '1.5.2', 'pgmpy': '0.1.26', 'ctgan': '0.10.2', 'torch': '2.5.1'}",paper,BN,,,,,,,,
insurance,42,tvae,300.0,500.0,cuda,10000.0,10000.0,10000,-14.87800605697247,-13.953942938855576,/home/thuy/Research/minh_data_synth/TabularDA/SDGym-research/data/simulated_paper/seed_42/insurance/tvae_paper_sample.csv,72ed606804e068bbbc0dc84b3026d0ea615046d4bdb94024bbc90fdbe70c56bb,39f9e706e9208e720a55a98b6811188b33a7292335a53373a9343a0c7065dab4,e16f03d8bfe9b64254a9a84fd0c200476bc17e5bdc192d036fe2feda608c33f7,bb17fd8a10df58783d08e378d86955cc0821f6bd3045a8b0f06bcd34829d65d4,"{'numpy': '1.26.4', 'pandas': '2.2.3', 'scikit-learn': '1.5.2', 'pgmpy': '0.1.26', 'ctgan': '0.10.2', 'torch': '2.5.1'}",paper,BN,,,,,,,,
insurance,42,ctgan-full,,,cuda,,,10000,-17.03213566684344,-14.926938255243469,/home/thuy/Research/minh_data_synth/TabularDA/SDGym-research/data/simulated_paper/seed_42/insurance/ctgan-full_labeled.csv,5cdc6de7e7d3960af98cba8863811a4167cc978b2fce89c4fe1572a41e8e6826,,e16f03d8bfe9b64254a9a84fd0c200476bc17e5bdc192d036fe2feda608c33f7,bb17fd8a10df58783d08e378d86955cc0821f6bd3045a8b0f06bcd34829d65d4,,labeled_extension,BN,Accident,0.874,0.634685257778998,,joint,/home/thuy/Research/minh_data_synth/TabularDA/SDGym-research/data/simulated_paper/seed_42/insurance/ctgan_paper_sample.csv,5cdc6de7e7d3960af98cba8863811a4167cc978b2fce89c4fe1572a41e8e6826,300.0
insurance,42,ctgan-gaussian,,,cuda,,,10000,-16.664711676041986,-14.666956517932224,/home/thuy/Research/minh_data_synth/TabularDA/SDGym-research/data/simulated_paper/seed_42/insurance/ctgan-gaussian_labeled.csv,0e9902e211f215216b365a4ed94beedab403f7d3f7d9bd38536bae4f48340389,,e16f03d8bfe9b64254a9a84fd0c200476bc17e5bdc192d036fe2feda608c33f7,bb17fd8a10df58783d08e378d86955cc0821f6bd3045a8b0f06bcd34829d65d4,,labeled_extension,BN,Accident,0.9142,0.7107475022066596,,joint,/home/thuy/Research/minh_data_synth/TabularDA/SDGym-research/data/simulated_paper/seed_42/insurance/ctgan_xonly_sample.csv,29c3e5ec947d422e41ee2fa1b70918fe6b9dea32b8d2b3b82f4ff694630f41d1,300.0
insurance,42,ctgan-categorical,,,cuda,,,10000,-16.70580506433728,-14.678376057799262,/home/thuy/Research/minh_data_synth/TabularDA/SDGym-research/data/simulated_paper/seed_42/insurance/ctgan-categorical_labeled.csv,cb7654883ea73524d4d593fd01d0a01d533403a7f37beaa03823f2f727a31252,,e16f03d8bfe9b64254a9a84fd0c200476bc17e5bdc192d036fe2feda608c33f7,bb17fd8a10df58783d08e378d86955cc0821f6bd3045a8b0f06bcd34829d65d4,,labeled_extension,BN,Accident,0.8529,0.7539092554490279,,joint,/home/thuy/Research/minh_data_synth/TabularDA/SDGym-research/data/simulated_paper/seed_42/insurance/ctgan_xonly_sample.csv,29c3e5ec947d422e41ee2fa1b70918fe6b9dea32b8d2b3b82f4ff694630f41d1,300.0
insurance,42,ctgan-pca_gmm,,,cuda,,,10000,-16.67625279299435,-14.655175290261619,/home/thuy/Research/minh_data_synth/TabularDA/SDGym-research/data/simulated_paper/seed_42/insurance/ctgan-pca_gmm_labeled.csv,5cc3579c4069ae8d9b1bac715929d4d733b2a5f60ac80a960956e83b80ab40db,,e16f03d8bfe9b64254a9a84fd0c200476bc17e5bdc192d036fe2feda608c33f7,bb17fd8a10df58783d08e378d86955cc0821f6bd3045a8b0f06bcd34829d65d4,,labeled_extension,BN,Accident,0.8701,0.7866182541457418,,joint,/home/thuy/Research/minh_data_synth/TabularDA/SDGym-research/data/simulated_paper/seed_42/insurance/ctgan_xonly_sample.csv,29c3e5ec947d422e41ee2fa1b70918fe6b9dea32b8d2b3b82f4ff694630f41d1,300.0
insurance,42,ctgan-rf,,,cuda,,,10000,-16.628747418883602,-14.604938482364089,/home/thuy/Research/minh_data_synth/TabularDA/SDGym-research/data/simulated_paper/seed_42/insurance/ctgan-rf_labeled.csv,0fcbf9ff2b0048deed12999e8253f843ecc557b2c2aa6a7d18d8a247c13595e1,,e16f03d8bfe9b64254a9a84fd0c200476bc17e5bdc192d036fe2feda608c33f7,bb17fd8a10df58783d08e378d86955cc0821f6bd3045a8b0f06bcd34829d65d4,,labeled_extension,BN,Accident,0.9506,0.8738709423147935,,joint,/home/thuy/Research/minh_data_synth/TabularDA/SDGym-research/data/simulated_paper/seed_42/insurance/ctgan_xonly_sample.csv,29c3e5ec947d422e41ee2fa1b70918fe6b9dea32b8d2b3b82f4ff694630f41d1,300.0
insurance,42,ctgan-xgb,,,cuda,,,10000,-16.630440975451183,-14.596021039556698,/home/thuy/Research/minh_data_synth/TabularDA/SDGym-research/data/simulated_paper/seed_42/insurance/ctgan-xgb_labeled.csv,7ae59451ad8b0a12cc4f44cdb1f768edec2e0e077cbee5bfbdc553c868b277d5,,e16f03d8bfe9b64254a9a84fd0c200476bc17e5bdc192d036fe2feda608c33f7,bb17fd8a10df58783d08e378d86955cc0821f6bd3045a8b0f06bcd34829d65d4,,labeled_extension,BN,Accident,0.9492,0.8702744626655745,,joint,/home/thuy/Research/minh_data_synth/TabularDA/SDGym-research/data/simulated_paper/seed_42/insurance/ctgan_xonly_sample.csv,29c3e5ec947d422e41ee2fa1b70918fe6b9dea32b8d2b3b82f4ff694630f41d1,300.0
insurance,42,ctgan-dnn,,,cuda,,,10000,-16.630269485269835,-14.609044873848863,/home/thuy/Research/minh_data_synth/TabularDA/SDGym-research/data/simulated_paper/seed_42/insurance/ctgan-dnn_labeled.csv,3f2063f5ffe96be38eafe7e843a95daac9915dee78fe2958ee09c8a176715178,,e16f03d8bfe9b64254a9a84fd0c200476bc17e5bdc192d036fe2feda608c33f7,bb17fd8a10df58783d08e378d86955cc0821f6bd3045a8b0f06bcd34829d65d4,,labeled_extension,BN,Accident,0.9498,0.8738783639983209,,joint,/home/thuy/Research/minh_data_synth/TabularDA/SDGym-research/data/simulated_paper/seed_42/insurance/ctgan_xonly_sample.csv,29c3e5ec947d422e41ee2fa1b70918fe6b9dea32b8d2b3b82f4ff694630f41d1,300.0
insurance,42,ctgan-full-gaussian,,,cuda,,,10000,-16.897086248287117,-14.871136280522062,/home/thuy/Research/minh_data_synth/TabularDA/SDGym-research/data/simulated_paper/seed_42/insurance/ctgan-full-gaussian_labeled.csv,db9b2206c209abcefdf81b25cb8edf6bd07d414f013bbb53b3ec7364d1065e9c,,e16f03d8bfe9b64254a9a84fd0c200476bc17e5bdc192d036fe2feda608c33f7,bb17fd8a10df58783d08e378d86955cc0821f6bd3045a8b0f06bcd34829d65d4,,labeled_extension,BN,Accident,0.9153,0.7210731556762837,,joint,/home/thuy/Research/minh_data_synth/TabularDA/SDGym-research/data/simulated_paper/seed_42/insurance/ctgan_paper_sample.csv,5cdc6de7e7d3960af98cba8863811a4167cc978b2fce89c4fe1572a41e8e6826,300.0
insurance,42,ctgan-full-categorical,,,cuda,,,10000,-17.057647385404078,-14.91238006963451,/home/thuy/Research/minh_data_synth/TabularDA/SDGym-research/data/simulated_paper/seed_42/insurance/ctgan-full-categorical_labeled.csv,6e67ab96bc6896e1107e6bcf2130dc352feac88d92a840996ced572e916cd930,,e16f03d8bfe9b64254a9a84fd0c200476bc17e5bdc192d036fe2feda608c33f7,bb17fd8a10df58783d08e378d86955cc0821f6bd3045a8b0f06bcd34829d65d4,,labeled_extension,BN,Accident,0.8532,0.7539356378711772,,joint,/home/thuy/Research/minh_data_synth/TabularDA/SDGym-research/data/simulated_paper/seed_42/insurance/ctgan_paper_sample.csv,5cdc6de7e7d3960af98cba8863811a4167cc978b2fce89c4fe1572a41e8e6826,300.0
insurance,42,ctgan-full-pca_gmm,,,cuda,,,10000,-17.034455514739854,-14.889299909211399,/home/thuy/Research/minh_data_synth/TabularDA/SDGym-research/data/simulated_paper/seed_42/insurance/ctgan-full-pca_gmm_labeled.csv,94a69773c050a569797710eb2565173cf2f26c898a1198a75e9a1bc34db62790,,e16f03d8bfe9b64254a9a84fd0c200476bc17e5bdc192d036fe2feda608c33f7,bb17fd8a10df58783d08e378d86955cc0821f6bd3045a8b0f06bcd34829d65d4,,labeled_extension,BN,Accident,0.8702,0.7863407851846551,,joint,/home/thuy/Research/minh_data_synth/TabularDA/SDGym-research/data/simulated_paper/seed_42/insurance/ctgan_paper_sample.csv,5cdc6de7e7d3960af98cba8863811a4167cc978b2fce89c4fe1572a41e8e6826,300.0
insurance,42,ctgan-full-rf,,,cuda,,,10000,-16.868204419543112,-14.825768380617738,/home/thuy/Research/minh_data_synth/TabularDA/SDGym-research/data/simulated_paper/seed_42/insurance/ctgan-full-rf_labeled.csv,a6a2841661fa1649af897a8f0fd66b560d24c4fe02fe5e2fdd1471f69595f043,,e16f03d8bfe9b64254a9a84fd0c200476bc17e5bdc192d036fe2feda608c33f7,bb17fd8a10df58783d08e378d86955cc0821f6bd3045a8b0f06bcd34829d65d4,,labeled_extension,BN,Accident,0.9492,0.8698468468492958,,joint,/home/thuy/Research/minh_data_synth/TabularDA/SDGym-research/data/simulated_paper/seed_42/insurance/ctgan_paper_sample.csv,5cdc6de7e7d3960af98cba8863811a4167cc978b2fce89c4fe1572a41e8e6826,300.0
insurance,42,ctgan-full-xgb,,,cuda,,,10000,-16.87163719876816,-14.814270975180943,/home/thuy/Research/minh_data_synth/TabularDA/SDGym-research/data/simulated_paper/seed_42/insurance/ctgan-full-xgb_labeled.csv,0d14af6ccfd4828ec4283d874513180e5cf32aced8dc42444d28edb2cfd2b16b,,e16f03d8bfe9b64254a9a84fd0c200476bc17e5bdc192d036fe2feda608c33f7,bb17fd8a10df58783d08e378d86955cc0821f6bd3045a8b0f06bcd34829d65d4,,labeled_extension,BN,Accident,0.9479,0.8679488744495019,,joint,/home/thuy/Research/minh_data_synth/TabularDA/SDGym-research/data/simulated_paper/seed_42/insurance/ctgan_paper_sample.csv,5cdc6de7e7d3960af98cba8863811a4167cc978b2fce89c4fe1572a41e8e6826,300.0
insurance,42,ctgan-full-dnn,,,cuda,,,10000,-16.871623816305636,-14.825758502059278,/home/thuy/Research/minh_data_synth/TabularDA/SDGym-research/data/simulated_paper/seed_42/insurance/ctgan-full-dnn_labeled.csv,b93cc3c5bde730d81614816ec47b877490b35d9662e39a262eaa275e9d5421f7,,e16f03d8bfe9b64254a9a84fd0c200476bc17e5bdc192d036fe2feda608c33f7,bb17fd8a10df58783d08e378d86955cc0821f6bd3045a8b0f06bcd34829d65d4,,labeled_extension,BN,Accident,0.9471,0.8690874749663249,,joint,/home/thuy/Research/minh_data_synth/TabularDA/SDGym-research/data/simulated_paper/seed_42/insurance/ctgan_paper_sample.csv,5cdc6de7e7d3960af98cba8863811a4167cc978b2fce89c4fe1572a41e8e6826,300.0
insurance,42,tvae-full,,,cuda,,,10000,-14.87800605697247,-13.953942938855576,/home/thuy/Research/minh_data_synth/TabularDA/SDGym-research/data/simulated_paper/seed_42/insurance/tvae-full_labeled.csv,72ed606804e068bbbc0dc84b3026d0ea615046d4bdb94024bbc90fdbe70c56bb,,e16f03d8bfe9b64254a9a84fd0c200476bc17e5bdc192d036fe2feda608c33f7,bb17fd8a10df58783d08e378d86955cc0821f6bd3045a8b0f06bcd34829d65d4,,labeled_extension,BN,Accident,0.9355,0.8393016404804149,,joint,/home/thuy/Research/minh_data_synth/TabularDA/SDGym-research/data/simulated_paper/seed_42/insurance/tvae_paper_sample.csv,72ed606804e068bbbc0dc84b3026d0ea615046d4bdb94024bbc90fdbe70c56bb,300.0
insurance,42,tvae-gaussian,,,cuda,,,10000,-15.037401558222202,-14.813707586726252,/home/thuy/Research/minh_data_synth/TabularDA/SDGym-research/data/simulated_paper/seed_42/insurance/tvae-gaussian_labeled.csv,b9963392159517bd2064317527f031c488e86b121c7851a598dad58e1188ee26,,e16f03d8bfe9b64254a9a84fd0c200476bc17e5bdc192d036fe2feda608c33f7,bb17fd8a10df58783d08e378d86955cc0821f6bd3045a8b0f06bcd34829d65d4,,labeled_extension,BN,Accident,0.9165,0.7155729794439781,,joint,/home/thuy/Research/minh_data_synth/TabularDA/SDGym-research/data/simulated_paper/seed_42/insurance/tvae_xonly_sample.csv,10f95e8d3382f6ff4090bd573f28503ce364ad09058f09fbf5c227ef4522e499,300.0
insurance,42,tvae-categorical,,,cuda,,,10000,-15.236132544301503,-14.866974201389443,/home/thuy/Research/minh_data_synth/TabularDA/SDGym-research/data/simulated_paper/seed_42/insurance/tvae-categorical_labeled.csv,cfa590b78a032d5e93de251ab48c25ee73f722c2640c9dc032b2af6ff6772fe4,,e16f03d8bfe9b64254a9a84fd0c200476bc17e5bdc192d036fe2feda608c33f7,bb17fd8a10df58783d08e378d86955cc0821f6bd3045a8b0f06bcd34829d65d4,,labeled_extension,BN,Accident,0.8565,0.7611185665750377,,joint,/home/thuy/Research/minh_data_synth/TabularDA/SDGym-research/data/simulated_paper/seed_42/insurance/tvae_xonly_sample.csv,10f95e8d3382f6ff4090bd573f28503ce364ad09058f09fbf5c227ef4522e499,300.0
insurance,42,tvae-pca_gmm,,,cuda,,,10000,-15.178028016538965,-14.823306983428727,/home/thuy/Research/minh_data_synth/TabularDA/SDGym-research/data/simulated_paper/seed_42/insurance/tvae-pca_gmm_labeled.csv,3bf043f573087c07e0f3502cf280c19b9b890a8a7dda6a2b91c9e0398be93c35,,e16f03d8bfe9b64254a9a84fd0c200476bc17e5bdc192d036fe2feda608c33f7,bb17fd8a10df58783d08e378d86955cc0821f6bd3045a8b0f06bcd34829d65d4,,labeled_extension,BN,Accident,0.8774,0.7959203558854001,,joint,/home/thuy/Research/minh_data_synth/TabularDA/SDGym-research/data/simulated_paper/seed_42/insurance/tvae_xonly_sample.csv,10f95e8d3382f6ff4090bd573f28503ce364ad09058f09fbf5c227ef4522e499,300.0
insurance,42,tvae-rf,,,cuda,,,10000,-14.969836850365242,-14.760455888614224,/home/thuy/Research/minh_data_synth/TabularDA/SDGym-research/data/simulated_paper/seed_42/insurance/tvae-rf_labeled.csv,9169a4c7952f85de79d26f45403463f4a395d50958cc2a1a320bd17c6bdafd6d,,e16f03d8bfe9b64254a9a84fd0c200476bc17e5bdc192d036fe2feda608c33f7,bb17fd8a10df58783d08e378d86955cc0821f6bd3045a8b0f06bcd34829d65d4,,labeled_extension,BN,Accident,0.9505,0.8743041212529222,,joint,/home/thuy/Research/minh_data_synth/TabularDA/SDGym-research/data/simulated_paper/seed_42/insurance/tvae_xonly_sample.csv,10f95e8d3382f6ff4090bd573f28503ce364ad09058f09fbf5c227ef4522e499,300.0
insurance,42,tvae-xgb,,,cuda,,,10000,-14.97578837392432,-14.749787721438604,/home/thuy/Research/minh_data_synth/TabularDA/SDGym-research/data/simulated_paper/seed_42/insurance/tvae-xgb_labeled.csv,67e0d3ed6980f4938070be4c892d9ad85466194f79589a308067b077784ff377,,e16f03d8bfe9b64254a9a84fd0c200476bc17e5bdc192d036fe2feda608c33f7,bb17fd8a10df58783d08e378d86955cc0821f6bd3045a8b0f06bcd34829d65d4,,labeled_extension,BN,Accident,0.9481,0.8688074736845618,,joint,/home/thuy/Research/minh_data_synth/TabularDA/SDGym-research/data/simulated_paper/seed_42/insurance/tvae_xonly_sample.csv,10f95e8d3382f6ff4090bd573f28503ce364ad09058f09fbf5c227ef4522e499,300.0
insurance,42,tvae-dnn,,,cuda,,,10000,-14.9762321431068,-14.75108034858575,/home/thuy/Research/minh_data_synth/TabularDA/SDGym-research/data/simulated_paper/seed_42/insurance/tvae-dnn_labeled.csv,f826ff2280d38bae4efb7971168e682d7000a3179d1b1a07f14aed562d0411bb,,e16f03d8bfe9b64254a9a84fd0c200476bc17e5bdc192d036fe2feda608c33f7,bb17fd8a10df58783d08e378d86955cc0821f6bd3045a8b0f06bcd34829d65d4,,labeled_extension,BN,Accident,0.9472,0.8724894840193878,,joint,/home/thuy/Research/minh_data_synth/TabularDA/SDGym-research/data/simulated_paper/seed_42/insurance/tvae_xonly_sample.csv,10f95e8d3382f6ff4090bd573f28503ce364ad09058f09fbf5c227ef4522e499,300.0
insurance,42,tvae-full-gaussian,,,cuda,,,10000,-14.876656852237394,-14.010332256727176,/home/thuy/Research/minh_data_synth/TabularDA/SDGym-research/data/simulated_paper/seed_42/insurance/tvae-full-gaussian_labeled.csv,02f8bc286b7352523417b70f451a3b99ae90512bbcd2bfed9e9014d5fe1df22f,,e16f03d8bfe9b64254a9a84fd0c200476bc17e5bdc192d036fe2feda608c33f7,bb17fd8a10df58783d08e378d86955cc0821f6bd3045a8b0f06bcd34829d65d4,,labeled_extension,BN,Accident,0.916,0.7113391658674807,,joint,/home/thuy/Research/minh_data_synth/TabularDA/SDGym-research/data/simulated_paper/seed_42/insurance/tvae_paper_sample.csv,72ed606804e068bbbc0dc84b3026d0ea615046d4bdb94024bbc90fdbe70c56bb,300.0
insurance,42,tvae-full-categorical,,,cuda,,,10000,-15.039476717282072,-14.051102208759001,/home/thuy/Research/minh_data_synth/TabularDA/SDGym-research/data/simulated_paper/seed_42/insurance/tvae-full-categorical_labeled.csv,52651d8699ee4cec634ee573b22938ce36bf395c0d1016b00669a35b967978cc,,e16f03d8bfe9b64254a9a84fd0c200476bc17e5bdc192d036fe2feda608c33f7,bb17fd8a10df58783d08e378d86955cc0821f6bd3045a8b0f06bcd34829d65d4,,labeled_extension,BN,Accident,0.8532,0.7542833941123258,,joint,/home/thuy/Research/minh_data_synth/TabularDA/SDGym-research/data/simulated_paper/seed_42/insurance/tvae_paper_sample.csv,72ed606804e068bbbc0dc84b3026d0ea615046d4bdb94024bbc90fdbe70c56bb,300.0
insurance,42,tvae-full-pca_gmm,,,cuda,,,10000,-14.96931574387802,-14.020430560764066,/home/thuy/Research/minh_data_synth/TabularDA/SDGym-research/data/simulated_paper/seed_42/insurance/tvae-full-pca_gmm_labeled.csv,0b77b835dc51b2caa8dfac4d89a01ffbec676cd43050db4e99ced5ea393e56e3,,e16f03d8bfe9b64254a9a84fd0c200476bc17e5bdc192d036fe2feda608c33f7,bb17fd8a10df58783d08e378d86955cc0821f6bd3045a8b0f06bcd34829d65d4,,labeled_extension,BN,Accident,0.8753,0.7920936307634288,,joint,/home/thuy/Research/minh_data_synth/TabularDA/SDGym-research/data/simulated_paper/seed_42/insurance/tvae_paper_sample.csv,72ed606804e068bbbc0dc84b3026d0ea615046d4bdb94024bbc90fdbe70c56bb,300.0
insurance,42,tvae-full-rf,,,cuda,,,10000,-14.798707126390884,-13.951948834298905,/home/thuy/Research/minh_data_synth/TabularDA/SDGym-research/data/simulated_paper/seed_42/insurance/tvae-full-rf_labeled.csv,771e115c15abf9baac0d7ae23a901d2786925858732cc2a148e064e234915e4d,,e16f03d8bfe9b64254a9a84fd0c200476bc17e5bdc192d036fe2feda608c33f7,bb17fd8a10df58783d08e378d86955cc0821f6bd3045a8b0f06bcd34829d65d4,,labeled_extension,BN,Accident,0.9495,0.8733724474729823,,joint,/home/thuy/Research/minh_data_synth/TabularDA/SDGym-research/data/simulated_paper/seed_42/insurance/tvae_paper_sample.csv,72ed606804e068bbbc0dc84b3026d0ea615046d4bdb94024bbc90fdbe70c56bb,300.0
insurance,42,tvae-full-xgb,,,cuda,,,10000,-14.803796768933637,-13.941145212787887,/home/thuy/Research/minh_data_synth/TabularDA/SDGym-research/data/simulated_paper/seed_42/insurance/tvae-full-xgb_labeled.csv,80f5054aeb0910b5f2e0399edef02ab8b26049ebaf02c21a2cfff5b859ceb6c8,,e16f03d8bfe9b64254a9a84fd0c200476bc17e5bdc192d036fe2feda608c33f7,bb17fd8a10df58783d08e378d86955cc0821f6bd3045a8b0f06bcd34829d65d4,,labeled_extension,BN,Accident,0.9472,0.866451259835475,,joint,/home/thuy/Research/minh_data_synth/TabularDA/SDGym-research/data/simulated_paper/seed_42/insurance/tvae_paper_sample.csv,72ed606804e068bbbc0dc84b3026d0ea615046d4bdb94024bbc90fdbe70c56bb,300.0
insurance,42,tvae-full-dnn,,,cuda,,,10000,-14.806208114374309,-13.944752359655455,/home/thuy/Research/minh_data_synth/TabularDA/SDGym-research/data/simulated_paper/seed_42/insurance/tvae-full-dnn_labeled.csv,7514f9996f6f974f42af3f96aac02b9de4952704c872e777453fc85502694699,,e16f03d8bfe9b64254a9a84fd0c200476bc17e5bdc192d036fe2feda608c33f7,bb17fd8a10df58783d08e378d86955cc0821f6bd3045a8b0f06bcd34829d65d4,,labeled_extension,BN,Accident,0.947,0.8732277986929531,,joint,/home/thuy/Research/minh_data_synth/TabularDA/SDGym-research/data/simulated_paper/seed_42/insurance/tvae_paper_sample.csv,72ed606804e068bbbc0dc84b3026d0ea615046d4bdb94024bbc90fdbe70c56bb,300.0
grid,43,identity,,,,10000.0,10000.0,10000,-3.0732896025510694,-3.066147034763318,/home/thuy/Research/minh_data_synth/TabularDA/SDGym-research/data/simulated_paper/seed_43/grid/train.csv,8c7e586e1f9d9723620e5c7d0a217dbe5ac60e06160513923942ee8ca8848388,33faf662a867ae6d08b959a38d7d6dc8d2b5f93a2786e2aebcfed5415a6ccb46,8c7e586e1f9d9723620e5c7d0a217dbe5ac60e06160513923942ee8ca8848388,5f2d317a4de86d50281ec763ef24826dbcf1d99ba6c47d4f587c16a51e621069,"{'numpy': '1.26.4', 'pandas': '2.2.3', 'scikit-learn': '1.5.2'}",paper,GM,,,,,,,,
grid,43,ctgan,300.0,500.0,cuda,10000.0,10000.0,10000,-3.3853252386756494,-3.278146254248405,/home/thuy/Research/minh_data_synth/TabularDA/SDGym-research/data/simulated_paper/seed_43/grid/ctgan_paper_sample.csv,b28b0a6ebed79c8bf5fe31be96248dd326640209a15a42f9190c2733a867d268,33faf662a867ae6d08b959a38d7d6dc8d2b5f93a2786e2aebcfed5415a6ccb46,8c7e586e1f9d9723620e5c7d0a217dbe5ac60e06160513923942ee8ca8848388,5f2d317a4de86d50281ec763ef24826dbcf1d99ba6c47d4f587c16a51e621069,"{'numpy': '1.26.4', 'pandas': '2.2.3', 'scikit-learn': '1.5.2', 'ctgan': '0.10.2', 'torch': '2.5.1'}",paper,GM,,,,,,,,
grid,43,tvae,300.0,500.0,cuda,10000.0,10000.0,10000,-2.9008374402771326,-3.9960925439911437,/home/thuy/Research/minh_data_synth/TabularDA/SDGym-research/data/simulated_paper/seed_43/grid/tvae_paper_sample.csv,8fa4b775cc37ce6fff470d7a3a4684bfd6035a6841f1d8a7867b965b8cdd6fdc,33faf662a867ae6d08b959a38d7d6dc8d2b5f93a2786e2aebcfed5415a6ccb46,8c7e586e1f9d9723620e5c7d0a217dbe5ac60e06160513923942ee8ca8848388,5f2d317a4de86d50281ec763ef24826dbcf1d99ba6c47d4f587c16a51e621069,"{'numpy': '1.26.4', 'pandas': '2.2.3', 'scikit-learn': '1.5.2', 'ctgan': '0.10.2', 'torch': '2.5.1'}",paper,GM,,,,,,,,
grid,43,ctgan-full,,,cuda,,,10000,-3.2062046044915182,-3.314807924319271,/home/thuy/Research/minh_data_synth/TabularDA/SDGym-research/data/simulated_paper/seed_43/grid/ctgan-full_labeled.csv,0f4827cd3769626bca573f40abdd9ff7103c364b3ea79a592bf8799ce1a1f53e,,8c7e586e1f9d9723620e5c7d0a217dbe5ac60e06160513923942ee8ca8848388,5f2d317a4de86d50281ec763ef24826dbcf1d99ba6c47d4f587c16a51e621069,,labeled_extension,GM,label,0.8495,0.8489616858549387,0.8329,features,/home/thuy/Research/minh_data_synth/TabularDA/SDGym-research/data/simulated_paper/seed_43/grid/ctgan_full_sample.csv,0f4827cd3769626bca573f40abdd9ff7103c364b3ea79a592bf8799ce1a1f53e,300.0
grid,43,ctgan-gaussian,,,cuda,,,10000,-3.3853252386756494,-3.278146254248404,/home/thuy/Research/minh_data_synth/TabularDA/SDGym-research/data/simulated_paper/seed_43/grid/ctgan-gaussian_labeled.csv,95298de5a3db797bccfe6ab81fed791ac6d6646890105bfc4f93ba67f4159a86,,8c7e586e1f9d9723620e5c7d0a217dbe5ac60e06160513923942ee8ca8848388,5f2d317a4de86d50281ec763ef24826dbcf1d99ba6c47d4f587c16a51e621069,,labeled_extension,GM,label,0.911,0.9105126123122016,0.896,features,/home/thuy/Research/minh_data_synth/TabularDA/SDGym-research/data/simulated_paper/seed_43/grid/ctgan_paper_sample.csv,b28b0a6ebed79c8bf5fe31be96248dd326640209a15a42f9190c2733a867d268,300.0
grid,43,ctgan-categorical,,,cuda,,,10000,-3.3853252386756494,-3.278146254248404,/home/thuy/Research/minh_data_synth/TabularDA/SDGym-research/data/simulated_paper/seed_43/grid/ctgan-categorical_labeled.csv,29c855afc8f4b6d1ebcc57611db140bb2a597494d184a005c53c4c10bc1a5061,,8c7e586e1f9d9723620e5c7d0a217dbe5ac60e06160513923942ee8ca8848388,5f2d317a4de86d50281ec763ef24826dbcf1d99ba6c47d4f587c16a51e621069,,labeled_extension,GM,label,0.9551,0.9547630895141436,0.9456,features,/home/thuy/Research/minh_data_synth/TabularDA/SDGym-research/data/simulated_paper/seed_43/grid/ctgan_paper_sample.csv,b28b0a6ebed79c8bf5fe31be96248dd326640209a15a42f9190c2733a867d268,300.0
grid,43,ctgan-pca_gmm,,,cuda,,,10000,-3.3853252386756494,-3.278146254248404,/home/thuy/Research/minh_data_synth/TabularDA/SDGym-research/data/simulated_paper/seed_43/grid/ctgan-pca_gmm_labeled.csv,eb5efc41c76fa9e3b4d5d343cc881370204e1992a0da16064cb343970e64f84a,,8c7e586e1f9d9723620e5c7d0a217dbe5ac60e06160513923942ee8ca8848388,5f2d317a4de86d50281ec763ef24826dbcf1d99ba6c47d4f587c16a51e621069,,labeled_extension,GM,label,0.9867,0.9866171105313268,0.9777,features,/home/thuy/Research/minh_data_synth/TabularDA/SDGym-research/data/simulated_paper/seed_43/grid/ctgan_paper_sample.csv,b28b0a6ebed79c8bf5fe31be96248dd326640209a15a42f9190c2733a867d268,300.0
grid,43,ctgan-rf,,,cuda,,,10000,-3.3853252386756494,-3.278146254248404,/home/thuy/Research/minh_data_synth/TabularDA/SDGym-research/data/simulated_paper/seed_43/grid/ctgan-rf_labeled.csv,00df1c57190b573a10323d32b097f47338eb4d7f67049617234303058fe87f44,,8c7e586e1f9d9723620e5c7d0a217dbe5ac60e06160513923942ee8ca8848388,5f2d317a4de86d50281ec763ef24826dbcf1d99ba6c47d4f587c16a51e621069,,labeled_extension,GM,label,0.9975,0.9974794471855009,0.9958,features,/home/thuy/Research/minh_data_synth/TabularDA/SDGym-research/data/simulated_paper/seed_43/grid/ctgan_paper_sample.csv,b28b0a6ebed79c8bf5fe31be96248dd326640209a15a42f9190c2733a867d268,300.0
grid,43,ctgan-xgb,,,cuda,,,10000,-3.3853252386756494,-3.278146254248404,/home/thuy/Research/minh_data_synth/TabularDA/SDGym-research/data/simulated_paper/seed_43/grid/ctgan-xgb_labeled.csv,49ddc471082eb1caba6cf302022cff65b581c94b9358f9f9255d2550a785d711,,8c7e586e1f9d9723620e5c7d0a217dbe5ac60e06160513923942ee8ca8848388,5f2d317a4de86d50281ec763ef24826dbcf1d99ba6c47d4f587c16a51e621069,,labeled_extension,GM,label,0.9968,0.9967745660339871,0.9949,features,/home/thuy/Research/minh_data_synth/TabularDA/SDGym-research/data/simulated_paper/seed_43/grid/ctgan_paper_sample.csv,b28b0a6ebed79c8bf5fe31be96248dd326640209a15a42f9190c2733a867d268,300.0
grid,43,ctgan-dnn,,,cuda,,,10000,-3.3853252386756494,-3.278146254248404,/home/thuy/Research/minh_data_synth/TabularDA/SDGym-research/data/simulated_paper/seed_43/grid/ctgan-dnn_labeled.csv,4719b89b9d98644b426ac9fa1fe60421d63c50b52581bb0e609b24f9dad574f2,,8c7e586e1f9d9723620e5c7d0a217dbe5ac60e06160513923942ee8ca8848388,5f2d317a4de86d50281ec763ef24826dbcf1d99ba6c47d4f587c16a51e621069,,labeled_extension,GM,label,0.9975,0.9974796303472628,0.9984,features,/home/thuy/Research/minh_data_synth/TabularDA/SDGym-research/data/simulated_paper/seed_43/grid/ctgan_paper_sample.csv,b28b0a6ebed79c8bf5fe31be96248dd326640209a15a42f9190c2733a867d268,300.0
grid,43,ctgan-full-gaussian,,,cuda,,,10000,-3.2062046044915182,-3.314807924319272,/home/thuy/Research/minh_data_synth/TabularDA/SDGym-research/data/simulated_paper/seed_43/grid/ctgan-full-gaussian_labeled.csv,43e53932be8b004326d6f03bb8964987b70a8b056349ef1c160d40f3afc2a102,,8c7e586e1f9d9723620e5c7d0a217dbe5ac60e06160513923942ee8ca8848388,5f2d317a4de86d50281ec763ef24826dbcf1d99ba6c47d4f587c16a51e621069,,labeled_extension,GM,label,0.9103,0.9098127861238374,0.8844,features,/home/thuy/Research/minh_data_synth/TabularDA/SDGym-research/data/simulated_paper/seed_43/grid/ctgan_full_sample.csv,0f4827cd3769626bca573f40abdd9ff7103c364b3ea79a592bf8799ce1a1f53e,300.0
grid,43,ctgan-full-categorical,,,cuda,,,10000,-3.2062046044915182,-3.314807924319272,/home/thuy/Research/minh_data_synth/TabularDA/SDGym-research/data/simulated_paper/seed_43/grid/ctgan-full-categorical_labeled.csv,2c354915eb842f418386b92937202a9bf8a1d58fc3da3305d072845c2d763be1,,8c7e586e1f9d9723620e5c7d0a217dbe5ac60e06160513923942ee8ca8848388,5f2d317a4de86d50281ec763ef24826dbcf1d99ba6c47d4f587c16a51e621069,,labeled_extension,GM,label,0.9554,0.9550645587283246,0.9321,features,/home/thuy/Research/minh_data_synth/TabularDA/SDGym-research/data/simulated_paper/seed_43/grid/ctgan_full_sample.csv,0f4827cd3769626bca573f40abdd9ff7103c364b3ea79a592bf8799ce1a1f53e,300.0
grid,43,ctgan-full-pca_gmm,,,cuda,,,10000,-3.2062046044915182,-3.314807924319272,/home/thuy/Research/minh_data_synth/TabularDA/SDGym-research/data/simulated_paper/seed_43/grid/ctgan-full-pca_gmm_labeled.csv,55f95427f4f80057073cd0d80c3893d3e049a73c57ecc9bed2ac766ec2159a2a,,8c7e586e1f9d9723620e5c7d0a217dbe5ac60e06160513923942ee8ca8848388,5f2d317a4de86d50281ec763ef24826dbcf1d99ba6c47d4f587c16a51e621069,,labeled_extension,GM,label,0.9873,0.9872200382072556,0.9845,features,/home/thuy/Research/minh_data_synth/TabularDA/SDGym-research/data/simulated_paper/seed_43/grid/ctgan_full_sample.csv,0f4827cd3769626bca573f40abdd9ff7103c364b3ea79a592bf8799ce1a1f53e,300.0
grid,43,ctgan-full-rf,,,cuda,,,10000,-3.2062046044915182,-3.314807924319272,/home/thuy/Research/minh_data_synth/TabularDA/SDGym-research/data/simulated_paper/seed_43/grid/ctgan-full-rf_labeled.csv,9873482c3a7c9a1c57a616ac28eb73e9325b7eb92aa50d33f7c7bd4b5378a476,,8c7e586e1f9d9723620e5c7d0a217dbe5ac60e06160513923942ee8ca8848388,5f2d317a4de86d50281ec763ef24826dbcf1d99ba6c47d4f587c16a51e621069,,labeled_extension,GM,label,0.9964,0.9963704699987285,0.9959,features,/home/thuy/Research/minh_data_synth/TabularDA/SDGym-research/data/simulated_paper/seed_43/grid/ctgan_full_sample.csv,0f4827cd3769626bca573f40abdd9ff7103c364b3ea79a592bf8799ce1a1f53e,300.0
grid,43,ctgan-full-xgb,,,cuda,,,10000,-3.2062046044915182,-3.314807924319272,/home/thuy/Research/minh_data_synth/TabularDA/SDGym-research/data/simulated_paper/seed_43/grid/ctgan-full-xgb_labeled.csv,c4dc814963fb647345d49ccebdc3c53e07dc86a05eac77cdff0a917dfd6d9fb4,,8c7e586e1f9d9723620e5c7d0a217dbe5ac60e06160513923942ee8ca8848388,5f2d317a4de86d50281ec763ef24826dbcf1d99ba6c47d4f587c16a51e621069,,labeled_extension,GM,label,0.9954,0.9953644277309446,0.995,features,/home/thuy/Research/minh_data_synth/TabularDA/SDGym-research/data/simulated_paper/seed_43/grid/ctgan_full_sample.csv,0f4827cd3769626bca573f40abdd9ff7103c364b3ea79a592bf8799ce1a1f53e,300.0
grid,43,ctgan-full-dnn,,,cuda,,,10000,-3.2062046044915182,-3.314807924319272,/home/thuy/Research/minh_data_synth/TabularDA/SDGym-research/data/simulated_paper/seed_43/grid/ctgan-full-dnn_labeled.csv,d9ccb0de7ce0d2a93f82d02919db338466511ac4f8028d710afb90409ea87afb,,8c7e586e1f9d9723620e5c7d0a217dbe5ac60e06160513923942ee8ca8848388,5f2d317a4de86d50281ec763ef24826dbcf1d99ba6c47d4f587c16a51e621069,,labeled_extension,GM,label,0.9975,0.9974796303472628,0.9983,features,/home/thuy/Research/minh_data_synth/TabularDA/SDGym-research/data/simulated_paper/seed_43/grid/ctgan_full_sample.csv,0f4827cd3769626bca573f40abdd9ff7103c364b3ea79a592bf8799ce1a1f53e,300.0
grid,43,tvae-full,,,cuda,,,10000,-2.8832725794374063,-6.009147209481569,/home/thuy/Research/minh_data_synth/TabularDA/SDGym-research/data/simulated_paper/seed_43/grid/tvae-full_labeled.csv,0870f24ff66c921ee399bb82c1b91f4d498654ae5f729705172c6e09c9f3cabf,,8c7e586e1f9d9723620e5c7d0a217dbe5ac60e06160513923942ee8ca8848388,5f2d317a4de86d50281ec763ef24826dbcf1d99ba6c47d4f587c16a51e621069,,labeled_extension,GM,label,0.9448,0.9445965385442885,0.9039,features,/home/thuy/Research/minh_data_synth/TabularDA/SDGym-research/data/simulated_paper/seed_43/grid/tvae_full_sample.csv,0870f24ff66c921ee399bb82c1b91f4d498654ae5f729705172c6e09c9f3cabf,300.0
grid,43,tvae-gaussian,,,cuda,,,10000,-2.9008374402771326,-3.9960925439910766,/home/thuy/Research/minh_data_synth/TabularDA/SDGym-research/data/simulated_paper/seed_43/grid/tvae-gaussian_labeled.csv,2d6c249bcd09093b0412f408cdd7dafb091f7fc72f18b2e5f986c3bb3372d72b,,8c7e586e1f9d9723620e5c7d0a217dbe5ac60e06160513923942ee8ca8848388,5f2d317a4de86d50281ec763ef24826dbcf1d99ba6c47d4f587c16a51e621069,,labeled_extension,GM,label,0.9105,0.9099841651585997,0.8991,features,/home/thuy/Research/minh_data_synth/TabularDA/SDGym-research/data/simulated_paper/seed_43/grid/tvae_paper_sample.csv,8fa4b775cc37ce6fff470d7a3a4684bfd6035a6841f1d8a7867b965b8cdd6fdc,300.0
grid,43,tvae-categorical,,,cuda,,,10000,-2.9008374402771326,-3.9960925439910766,/home/thuy/Research/minh_data_synth/TabularDA/SDGym-research/data/simulated_paper/seed_43/grid/tvae-categorical_labeled.csv,461146d613c8553ffe3e27fc5d04e99560d8d0a6734eb1d0dec28369dbd13018,,8c7e586e1f9d9723620e5c7d0a217dbe5ac60e06160513923942ee8ca8848388,5f2d317a4de86d50281ec763ef24826dbcf1d99ba6c47d4f587c16a51e621069,,labeled_extension,GM,label,0.9545,0.9541457109626388,0.9391,features,/home/thuy/Research/minh_data_synth/TabularDA/SDGym-research/data/simulated_paper/seed_43/grid/tvae_paper_sample.csv,8fa4b775cc37ce6fff470d7a3a4684bfd6035a6841f1d8a7867b965b8cdd6fdc,300.0
grid,43,tvae-pca_gmm,,,cuda,,,10000,-2.9008374402771326,-3.9960925439910766,/home/thuy/Research/minh_data_synth/TabularDA/SDGym-research/data/simulated_paper/seed_43/grid/tvae-pca_gmm_labeled.csv,8b4446fe142e8c48bbc9d2e9625ce3f6996bb4ad1cb4da7307d748ad66d79916,,8c7e586e1f9d9723620e5c7d0a217dbe5ac60e06160513923942ee8ca8848388,5f2d317a4de86d50281ec763ef24826dbcf1d99ba6c47d4f587c16a51e621069,,labeled_extension,GM,label,0.9806,0.9804914316960174,0.9876,features,/home/thuy/Research/minh_data_synth/TabularDA/SDGym-research/data/simulated_paper/seed_43/grid/tvae_paper_sample.csv,8fa4b775cc37ce6fff470d7a3a4684bfd6035a6841f1d8a7867b965b8cdd6fdc,300.0
grid,43,tvae-rf,,,cuda,,,10000,-2.9008374402771326,-3.9960925439910766,/home/thuy/Research/minh_data_synth/TabularDA/SDGym-research/data/simulated_paper/seed_43/grid/tvae-rf_labeled.csv,1c3d4c7f6b09bc8b88298989ab773ffc766ce97fc1471588b7d73eeb6447e8d8,,8c7e586e1f9d9723620e5c7d0a217dbe5ac60e06160513923942ee8ca8848388,5f2d317a4de86d50281ec763ef24826dbcf1d99ba6c47d4f587c16a51e621069,,labeled_extension,GM,label,0.9913,0.9912310082916259,0.9976,features,/home/thuy/Research/minh_data_synth/TabularDA/SDGym-research/data/simulated_paper/seed_43/grid/tvae_paper_sample.csv,8fa4b775cc37ce6fff470d7a3a4684bfd6035a6841f1d8a7867b965b8cdd6fdc,300.0
grid,43,tvae-xgb,,,cuda,,,10000,-2.9008374402771326,-3.9960925439910766,/home/thuy/Research/minh_data_synth/TabularDA/SDGym-research/data/simulated_paper/seed_43/grid/tvae-xgb_labeled.csv,7b983d9714bbdfa0e607690981a6f30762144e9f06a8dba4194f255c77ba9163,,8c7e586e1f9d9723620e5c7d0a217dbe5ac60e06160513923942ee8ca8848388,5f2d317a4de86d50281ec763ef24826dbcf1d99ba6c47d4f587c16a51e621069,,labeled_extension,GM,label,0.9915,0.9914310534851363,0.9974,features,/home/thuy/Research/minh_data_synth/TabularDA/SDGym-research/data/simulated_paper/seed_43/grid/tvae_paper_sample.csv,8fa4b775cc37ce6fff470d7a3a4684bfd6035a6841f1d8a7867b965b8cdd6fdc,300.0
grid,43,tvae-dnn,,,cuda,,,10000,-2.9008374402771326,-3.9960925439910766,/home/thuy/Research/minh_data_synth/TabularDA/SDGym-research/data/simulated_paper/seed_43/grid/tvae-dnn_labeled.csv,c9eb9b6f71b00d8464feb5995747e189aad92dd641e895d37fe52bb2b61422d4,,8c7e586e1f9d9723620e5c7d0a217dbe5ac60e06160513923942ee8ca8848388,5f2d317a4de86d50281ec763ef24826dbcf1d99ba6c47d4f587c16a51e621069,,labeled_extension,GM,label,0.9912,0.9911284595428923,0.9991,features,/home/thuy/Research/minh_data_synth/TabularDA/SDGym-research/data/simulated_paper/seed_43/grid/tvae_paper_sample.csv,8fa4b775cc37ce6fff470d7a3a4684bfd6035a6841f1d8a7867b965b8cdd6fdc,300.0
grid,43,tvae-full-gaussian,,,cuda,,,10000,-2.883272579437407,-6.009147209481529,/home/thuy/Research/minh_data_synth/TabularDA/SDGym-research/data/simulated_paper/seed_43/grid/tvae-full-gaussian_labeled.csv,0741e2cfdd418fa78fc7550b2a21d1c8123fb8739fa6934410b2d89e9cf684b2,,8c7e586e1f9d9723620e5c7d0a217dbe5ac60e06160513923942ee8ca8848388,5f2d317a4de86d50281ec763ef24826dbcf1d99ba6c47d4f587c16a51e621069,,labeled_extension,GM,label,0.9109,0.9104213265045229,0.8863,features,/home/thuy/Research/minh_data_synth/TabularDA/SDGym-research/data/simulated_paper/seed_43/grid/tvae_full_sample.csv,0870f24ff66c921ee399bb82c1b91f4d498654ae5f729705172c6e09c9f3cabf,300.0
grid,43,tvae-full-categorical,,,cuda,,,10000,-2.883272579437407,-6.009147209481529,/home/thuy/Research/minh_data_synth/TabularDA/SDGym-research/data/simulated_paper/seed_43/grid/tvae-full-categorical_labeled.csv,0bec166f392a22a1e1391170fb0c86b6fd0e097858eb5afffaeb686c6b246307,,8c7e586e1f9d9723620e5c7d0a217dbe5ac60e06160513923942ee8ca8848388,5f2d317a4de86d50281ec763ef24826dbcf1d99ba6c47d4f587c16a51e621069,,labeled_extension,GM,label,0.9554,0.955066121511927,0.9437,features,/home/thuy/Research/minh_data_synth/TabularDA/SDGym-research/data/simulated_paper/seed_43/grid/tvae_full_sample.csv,0870f24ff66c921ee399bb82c1b91f4d498654ae5f729705172c6e09c9f3cabf,300.0
grid,43,tvae-full-pca_gmm,,,cuda,,,10000,-2.883272579437407,-6.009147209481529,/home/thuy/Research/minh_data_synth/TabularDA/SDGym-research/data/simulated_paper/seed_43/grid/tvae-full-pca_gmm_labeled.csv,c1b9369e19000538f022c977374f95c742e24f518bf47e898589d2c0e1c9f955,,8c7e586e1f9d9723620e5c7d0a217dbe5ac60e06160513923942ee8ca8848388,5f2d317a4de86d50281ec763ef24826dbcf1d99ba6c47d4f587c16a51e621069,,labeled_extension,GM,label,0.9866,0.9865171267103527,0.984,features,/home/thuy/Research/minh_data_synth/TabularDA/SDGym-research/data/simulated_paper/seed_43/grid/tvae_full_sample.csv,0870f24ff66c921ee399bb82c1b91f4d498654ae5f729705172c6e09c9f3cabf,300.0
grid,43,tvae-full-rf,,,cuda,,,10000,-2.883272579437407,-6.009147209481529,/home/thuy/Research/minh_data_synth/TabularDA/SDGym-research/data/simulated_paper/seed_43/grid/tvae-full-rf_labeled.csv,935848786a9e8b05830e8026a379a38de31a968b2f33a35ff14530f7ab3ed255,,8c7e586e1f9d9723620e5c7d0a217dbe5ac60e06160513923942ee8ca8848388,5f2d317a4de86d50281ec763ef24826dbcf1d99ba6c47d4f587c16a51e621069,,labeled_extension,GM,label,0.9958,0.9957655483318499,0.9976,features,/home/thuy/Research/minh_data_synth/TabularDA/SDGym-research/data/simulated_paper/seed_43/grid/tvae_full_sample.csv,0870f24ff66c921ee399bb82c1b91f4d498654ae5f729705172c6e09c9f3cabf,300.0
grid,43,tvae-full-xgb,,,cuda,,,10000,-2.883272579437407,-6.009147209481529,/home/thuy/Research/minh_data_synth/TabularDA/SDGym-research/data/simulated_paper/seed_43/grid/tvae-full-xgb_labeled.csv,4737173d90e507093455087aa71b62e818400beb437508d4218bd7625bf9ab13,,8c7e586e1f9d9723620e5c7d0a217dbe5ac60e06160513923942ee8ca8848388,5f2d317a4de86d50281ec763ef24826dbcf1d99ba6c47d4f587c16a51e621069,,labeled_extension,GM,label,0.9967,0.9966732325295236,0.9974,features,/home/thuy/Research/minh_data_synth/TabularDA/SDGym-research/data/simulated_paper/seed_43/grid/tvae_full_sample.csv,0870f24ff66c921ee399bb82c1b91f4d498654ae5f729705172c6e09c9f3cabf,300.0
grid,43,tvae-full-dnn,,,cuda,,,10000,-2.883272579437407,-6.009147209481529,/home/thuy/Research/minh_data_synth/TabularDA/SDGym-research/data/simulated_paper/seed_43/grid/tvae-full-dnn_labeled.csv,6ee15cdfefa195b26ddd492e4b54bb064efd852f4ef171f636052bd07c4f30cf,,8c7e586e1f9d9723620e5c7d0a217dbe5ac60e06160513923942ee8ca8848388,5f2d317a4de86d50281ec763ef24826dbcf1d99ba6c47d4f587c16a51e621069,,labeled_extension,GM,label,0.9971,0.9970770027638753,0.9992,features,/home/thuy/Research/minh_data_synth/TabularDA/SDGym-research/data/simulated_paper/seed_43/grid/tvae_full_sample.csv,0870f24ff66c921ee399bb82c1b91f4d498654ae5f729705172c6e09c9f3cabf,300.0
gridr,43,identity,,,,10000.0,10000.0,10000,-3.0710248301120946,-3.1018911222593024,/home/thuy/Research/minh_data_synth/TabularDA/SDGym-research/data/simulated_paper/seed_43/gridr/train.csv,11a497f225a90c117e1f6afb6490390c44236934970f4edb7e2437b765a4eed8,41946f5d462143fc789932e7a225086472e2abafe651010a90944bde96095f55,11a497f225a90c117e1f6afb6490390c44236934970f4edb7e2437b765a4eed8,dcfee94e526758df5968324c29a4a9d236a42f86396274168ec8d1288abf6955,"{'numpy': '1.26.4', 'pandas': '2.2.3', 'scikit-learn': '1.5.2'}",paper,GM,,,,,,,,
gridr,43,ctgan,300.0,500.0,cuda,10000.0,10000.0,10000,-4.933838441288663,-3.7757333437100367,/home/thuy/Research/minh_data_synth/TabularDA/SDGym-research/data/simulated_paper/seed_43/gridr/ctgan_paper_sample.csv,87c643c1162a92d4fb2b51ed70294257f79030374814ef305c774fc804161f01,41946f5d462143fc789932e7a225086472e2abafe651010a90944bde96095f55,11a497f225a90c117e1f6afb6490390c44236934970f4edb7e2437b765a4eed8,dcfee94e526758df5968324c29a4a9d236a42f86396274168ec8d1288abf6955,"{'numpy': '1.26.4', 'pandas': '2.2.3', 'scikit-learn': '1.5.2', 'ctgan': '0.10.2', 'torch': '2.5.1'}",paper,GM,,,,,,,,
gridr,43,tvae,300.0,500.0,cuda,10000.0,10000.0,10000,-3.446514347054464,-3.2129822881732086,/home/thuy/Research/minh_data_synth/TabularDA/SDGym-research/data/simulated_paper/seed_43/gridr/tvae_paper_sample.csv,47ad27b3bf388a3427928284054373f3da2c1273a70d7077ec81537294c86d3a,41946f5d462143fc789932e7a225086472e2abafe651010a90944bde96095f55,11a497f225a90c117e1f6afb6490390c44236934970f4edb7e2437b765a4eed8,dcfee94e526758df5968324c29a4a9d236a42f86396274168ec8d1288abf6955,"{'numpy': '1.26.4', 'pandas': '2.2.3', 'scikit-learn': '1.5.2', 'ctgan': '0.10.2', 'torch': '2.5.1'}",paper,GM,,,,,,,,
gridr,43,ctgan-full,,,cuda,,,10000,-5.235705838871184,-4.15675703543953,/home/thuy/Research/minh_data_synth/TabularDA/SDGym-research/data/simulated_paper/seed_43/gridr/ctgan-full_labeled.csv,c40a7241f38bdd69dfb59c6ae6fc17b70f2ee23508c9733f1a2a6495547211a8,,11a497f225a90c117e1f6afb6490390c44236934970f4edb7e2437b765a4eed8,dcfee94e526758df5968324c29a4a9d236a42f86396274168ec8d1288abf6955,,labeled_extension,GM,label,0.9101,0.9089183790036743,0.8869,features,/home/thuy/Research/minh_data_synth/TabularDA/SDGym-research/data/simulated_paper/seed_43/gridr/ctgan_full_sample.csv,c40a7241f38bdd69dfb59c6ae6fc17b70f2ee23508c9733f1a2a6495547211a8,300.0
gridr,43,ctgan-gaussian,,,cuda,,,10000,-4.933838441288663,-3.7757333437100358,/home/thuy/Research/minh_data_synth/TabularDA/SDGym-research/data/simulated_paper/seed_43/gridr/ctgan-gaussian_labeled.csv,13ac235a9ca784487856ee3d31e9f04343db1515f0dfde933f8360f814ac5d06,,11a497f225a90c117e1f6afb6490390c44236934970f4edb7e2437b765a4eed8,dcfee94e526758df5968324c29a4a9d236a42f86396274168ec8d1288abf6955,,labeled_extension,GM,label,0.9213,0.9209289790017208,0.9273,features,/home/thuy/Research/minh_data_synth/TabularDA/SDGym-research/data/simulated_paper/seed_43/gridr/ctgan_paper_sample.csv,87c643c1162a92d4fb2b51ed70294257f79030374814ef305c774fc804161f01,300.0
gridr,43,ctgan-categorical,,,cuda,,,10000,-4.933838441288663,-3.7757333437100358,/home/thuy/Research/minh_data_synth/TabularDA/SDGym-research/data/simulated_paper/seed_43/gridr/ctgan-categorical_labeled.csv,27611a081f07e2d97ce914fd361fd6a09c5c42e3795028fb314723962e938cdf,,11a497f225a90c117e1f6afb6490390c44236934970f4edb7e2437b765a4eed8,dcfee94e526758df5968324c29a4a9d236a42f86396274168ec8d1288abf6955,,labeled_extension,GM,label,0.9513,0.9509379806812305,0.8655,features,/home/thuy/Research/minh_data_synth/TabularDA/SDGym-research/data/simulated_paper/seed_43/gridr/ctgan_paper_sample.csv,87c643c1162a92d4fb2b51ed70294257f79030374814ef305c774fc804161f01,300.0
gridr,43,ctgan-pca_gmm,,,cuda,,,10000,-4.933838441288663,-3.7757333437100358,/home/thuy/Research/minh_data_synth/TabularDA/SDGym-research/data/simulated_paper/seed_43/gridr/ctgan-pca_gmm_labeled.csv,35495190306e5265379850739e47f4cebed1ca5d53cd30c93fe412c6ebdae863,,11a497f225a90c117e1f6afb6490390c44236934970f4edb7e2437b765a4eed8,dcfee94e526758df5968324c29a4a9d236a42f86396274168ec8d1288abf6955,,labeled_extension,GM,label,0.9825,0.9824259780437802,0.9858,features,/home/thuy/Research/minh_data_synth/TabularDA/SDGym-research/data/simulated_paper/seed_43/gridr/ctgan_paper_sample.csv,87c643c1162a92d4fb2b51ed70294257f79030374814ef305c774fc804161f01,300.0
gridr,43,ctgan-rf,,,cuda,,,10000,-4.933838441288663,-3.7757333437100358,/home/thuy/Research/minh_data_synth/TabularDA/SDGym-research/data/simulated_paper/seed_43/gridr/ctgan-rf_labeled.csv,d00407d304c62ed2e185f58f6251a1705afec85f56e62409986aa9ddf25a6a8b,,11a497f225a90c117e1f6afb6490390c44236934970f4edb7e2437b765a4eed8,dcfee94e526758df5968324c29a4a9d236a42f86396274168ec8d1288abf6955,,labeled_extension,GM,label,0.9958,0.9957726738876375,0.9912,features,/home/thuy/Research/minh_data_synth/TabularDA/SDGym-research/data/simulated_paper/seed_43/gridr/ctgan_paper_sample.csv,87c643c1162a92d4fb2b51ed70294257f79030374814ef305c774fc804161f01,300.0
gridr,43,ctgan-xgb,,,cuda,,,10000,-4.933838441288663,-3.7757333437100358,/home/thuy/Research/minh_data_synth/TabularDA/SDGym-research/data/simulated_paper/seed_43/gridr/ctgan-xgb_labeled.csv,9820e2555599745e1a843a09bc9db75cc5737ad64d2f3dfc4e033fa5e2408490,,11a497f225a90c117e1f6afb6490390c44236934970f4edb7e2437b765a4eed8,dcfee94e526758df5968324c29a4a9d236a42f86396274168ec8d1288abf6955,,labeled_extension,GM,label,0.9952,0.9951689263409822,0.9809,features,/home/thuy/Research/minh_data_synth/TabularDA/SDGym-research/data/simulated_paper/seed_43/gridr/ctgan_paper_sample.csv,87c643c1162a92d4fb2b51ed70294257f79030374814ef305c774fc804161f01,300.0
gridr,43,ctgan-dnn,,,cuda,,,10000,-4.933838441288663,-3.7757333437100358,/home/thuy/Research/minh_data_synth/TabularDA/SDGym-research/data/simulated_paper/seed_43/gridr/ctgan-dnn_labeled.csv,c4a78993dd1c6bf371e40d0df0ba2799b20752208c5cf1372b7df117bb2298ba,,11a497f225a90c117e1f6afb6490390c44236934970f4edb7e2437b765a4eed8,dcfee94e526758df5968324c29a4a9d236a42f86396274168ec8d1288abf6955,,labeled_extension,GM,label,0.9969,0.9968790659918375,0.9987,features,/home/thuy/Research/minh_data_synth/TabularDA/SDGym-research/data/simulated_paper/seed_43/gridr/ctgan_paper_sample.csv,87c643c1162a92d4fb2b51ed70294257f79030374814ef305c774fc804161f01,300.0
gridr,43,ctgan-full-gaussian,,,cuda,,,10000,-5.235705838871184,-4.156757035439536,/home/thuy/Research/minh_data_synth/TabularDA/SDGym-research/data/simulated_paper/seed_43/gridr/ctgan-full-gaussian_labeled.csv,80978fa04ded6920db7a46f6e03a63ce7c69986996067b1b38c41d405b923acb,,11a497f225a90c117e1f6afb6490390c44236934970f4edb7e2437b765a4eed8,dcfee94e526758df5968324c29a4a9d236a42f86396274168ec8d1288abf6955,,labeled_extension,GM,label,0.9214,0.9210283626334184,0.9262,features,/home/thuy/Research/minh_data_synth/TabularDA/SDGym-research/data/simulated_paper/seed_43/gridr/ctgan_full_sample.csv,c40a7241f38bdd69dfb59c6ae6fc17b70f2ee23508c9733f1a2a6495547211a8,300.0
gridr,43,ctgan-full-categorical,,,cuda,,,10000,-5.235705838871184,-4.156757035439536,/home/thuy/Research/minh_data_synth/TabularDA/SDGym-research/data/simulated_paper/seed_43/gridr/ctgan-full-categorical_labeled.csv,d2f58a2d7aa92c0ae47841e1786c3d6b8559d37da3ec88ab5724f94c9ad380c9,,11a497f225a90c117e1f6afb6490390c44236934970f4edb7e2437b765a4eed8,dcfee94e526758df5968324c29a4a9d236a42f86396274168ec8d1288abf6955,,labeled_extension,GM,label,0.9514,0.9510412616993251,0.9096,features,/home/thuy/Research/minh_data_synth/TabularDA/SDGym-research/data/simulated_paper/seed_43/gridr/ctgan_full_sample.csv,c40a7241f38bdd69dfb59c6ae6fc17b70f2ee23508c9733f1a2a6495547211a8,300.0
gridr,43,ctgan-full-pca_gmm,,,cuda,,,10000,-5.235705838871184,-4.156757035439536,/home/thuy/Research/minh_data_synth/TabularDA/SDGym-research/data/simulated_paper/seed_43/gridr/ctgan-full-pca_gmm_labeled.csv,f80306d783920b46d7ca64cc80336ce67705cd84764fbcd9e3c581b42c87589a,,11a497f225a90c117e1f6afb6490390c44236934970f4edb7e2437b765a4eed8,dcfee94e526758df5968324c29a4a9d236a42f86396274168ec8d1288abf6955,,labeled_extension,GM,label,0.9818,0.9817246756923205,0.9785,features,/home/thuy/Research/minh_data_synth/TabularDA/SDGym-research/data/simulated_paper/seed_43/gridr/ctgan_full_sample.csv,c40a7241f38bdd69dfb59c6ae6fc17b70f2ee23508c9733f1a2a6495547211a8,300.0
gridr,43,ctgan-full-rf,,,cuda,,,10000,-5.235705838871184,-4.156757035439536,/home/thuy/Research/minh_data_synth/TabularDA/SDGym-research/data/simulated_paper/seed_43/gridr/ctgan-full-rf_labeled.csv,52d0f36d977243071e13dea4e25c28ad8d87cd2cc5ba05262343dacf15251cae,,11a497f225a90c117e1f6afb6490390c44236934970f4edb7e2437b765a4eed8,dcfee94e526758df5968324c29a4a9d236a42f86396274168ec8d1288abf6955,,labeled_extension,GM,label,0.9943,0.994265557504763,0.9938,features,/home/thuy/Research/minh_data_synth/TabularDA/SDGym-research/data/simulated_paper/seed_43/gridr/ctgan_full_sample.csv,c40a7241f38bdd69dfb59c6ae6fc17b70f2ee23508c9733f1a2a6495547211a8,300.0
gridr,43,ctgan-full-xgb,,,cuda,,,10000,-5.235705838871184,-4.156757035439536,/home/thuy/Research/minh_data_synth/TabularDA/SDGym-research/data/simulated_paper/seed_43/gridr/ctgan-full-xgb_labeled.csv,1c5ea9ef293eb379aaadbf935a7aebcb7e24b93c02b5d44968fbda57dcb23a28,,11a497f225a90c117e1f6afb6490390c44236934970f4edb7e2437b765a4eed8,dcfee94e526758df5968324c29a4a9d236a42f86396274168ec8d1288abf6955,,labeled_extension,GM,label,0.9938,0.9937626334338703,0.9887,features,/home/thuy/Research/minh_data_synth/TabularDA/SDGym-research/data/simulated_paper/seed_43/gridr/ctgan_full_sample.csv,c40a7241f38bdd69dfb59c6ae6fc17b70f2ee23508c9733f1a2a6495547211a8,300.0
gridr,43,ctgan-full-dnn,,,cuda,,,10000,-5.235705838871184,-4.156757035439536,/home/thuy/Research/minh_data_synth/TabularDA/SDGym-research/data/simulated_paper/seed_43/gridr/ctgan-full-dnn_labeled.csv,1105b9d8f4683fb2a8a155c2ab2ebf2d57d2b8b4b8dc99afb8758a2f9d21e965,,11a497f225a90c117e1f6afb6490390c44236934970f4edb7e2437b765a4eed8,dcfee94e526758df5968324c29a4a9d236a42f86396274168ec8d1288abf6955,,labeled_extension,GM,label,0.9955,0.9954718110730099,0.9995,features,/home/thuy/Research/minh_data_synth/TabularDA/SDGym-research/data/simulated_paper/seed_43/gridr/ctgan_full_sample.csv,c40a7241f38bdd69dfb59c6ae6fc17b70f2ee23508c9733f1a2a6495547211a8,300.0
gridr,43,tvae-full,,,cuda,,,10000,-3.4984392962801083,-3.312043734446489,/home/thuy/Research/minh_data_synth/TabularDA/SDGym-research/data/simulated_paper/seed_43/gridr/tvae-full_labeled.csv,d8fb96cb8423beb8923c10093bfa5234e143912b08bbf0b2536f87b6a402b528,,11a497f225a90c117e1f6afb6490390c44236934970f4edb7e2437b765a4eed8,dcfee94e526758df5968324c29a4a9d236a42f86396274168ec8d1288abf6955,,labeled_extension,GM,label,0.9802,0.9800626516069201,0.9362,features,/home/thuy/Research/minh_data_synth/TabularDA/SDGym-research/data/simulated_paper/seed_43/gridr/tvae_full_sample.csv,d8fb96cb8423beb8923c10093bfa5234e143912b08bbf0b2536f87b6a402b528,300.0
gridr,43,tvae-gaussian,,,cuda,,,10000,-3.446514347054464,-3.212982288173208,/home/thuy/Research/minh_data_synth/TabularDA/SDGym-research/data/simulated_paper/seed_43/gridr/tvae-gaussian_labeled.csv,cac7a4e64d9349b7deb58261ba6a7b7fc3eba50fa816abaa4049a5f30483270c,,11a497f225a90c117e1f6afb6490390c44236934970f4edb7e2437b765a4eed8,dcfee94e526758df5968324c29a4a9d236a42f86396274168ec8d1288abf6955,,labeled_extension,GM,label,0.9216,0.9212271333621417,0.9107,features,/home/thuy/Research/minh_data_synth/TabularDA/SDGym-research/data/simulated_paper/seed_43/gridr/tvae_paper_sample.csv,47ad27b3bf388a3427928284054373f3da2c1273a70d7077ec81537294c86d3a,300.0
gridr,43,tvae-categorical,,,cuda,,,10000,-3.446514347054464,-3.212982288173208,/home/thuy/Research/minh_data_synth/TabularDA/SDGym-research/data/simulated_paper/seed_43/gridr/tvae-categorical_labeled.csv,6b72461d8b4f808745481b4bce02f70b44a0d8490e64ed6dcb6115e09de7a167,,11a497f225a90c117e1f6afb6490390c44236934970f4edb7e2437b765a4eed8,dcfee94e526758df5968324c29a4a9d236a42f86396274168ec8d1288abf6955,,labeled_extension,GM,label,0.9513,0.9509362803428001,0.9291,features,/home/thuy/Research/minh_data_synth/TabularDA/SDGym-research/data/simulated_paper/seed_43/gridr/tvae_paper_sample.csv,47ad27b3bf388a3427928284054373f3da2c1273a70d7077ec81537294c86d3a,300.0
gridr,43,tvae-pca_gmm,,,cuda,,,10000,-3.446514347054464,-3.212982288173208,/home/thuy/Research/minh_data_synth/TabularDA/SDGym-research/data/simulated_paper/seed_43/gridr/tvae-pca_gmm_labeled.csv,1766ed7c3fb38fb3530c8df96a184c38f9bbcc6fb1dacc071270e84833100511,,11a497f225a90c117e1f6afb6490390c44236934970f4edb7e2437b765a4eed8,dcfee94e526758df5968324c29a4a9d236a42f86396274168ec8d1288abf6955,,labeled_extension,GM,label,0.9827,0.9826263703839508,0.9842,features,/home/thuy/Research/minh_data_synth/TabularDA/SDGym-research/data/simulated_paper/seed_43/gridr/tvae_paper_sample.csv,47ad27b3bf388a3427928284054373f3da2c1273a70d7077ec81537294c86d3a,300.0
gridr,43,tvae-rf,,,cuda,,,10000,-3.446514347054464,-3.212982288173208,/home/thuy/Research/minh_data_synth/TabularDA/SDGym-research/data/simulated_paper/seed_43/gridr/tvae-rf_labeled.csv,d9845cf48e47a8f865bf86effb612247199c10e8b275dd61d8d27301d8baa569,,11a497f225a90c117e1f6afb6490390c44236934970f4edb7e2437b765a4eed8,dcfee94e526758df5968324c29a4a9d236a42f86396274168ec8d1288abf6955,,labeled_extension,GM,label,0.9965,0.9964773989564788,0.9953,features,/home/thuy/Research/minh_data_synth/TabularDA/SDGym-research/data/simulated_paper/seed_43/gridr/tvae_paper_sample.csv,47ad27b3bf388a3427928284054373f3da2c1273a70d7077ec81537294c86d3a,300.0
gridr,43,tvae-xgb,,,cuda,,,10000,-3.446514347054464,-3.212982288173208,/home/thuy/Research/minh_data_synth/TabularDA/SDGym-research/data/simulated_paper/seed_43/gridr/tvae-xgb_labeled.csv,792212b921537b3c1779c5ed46505227b4c4da0e21f6f71984303821487ceb2f,,11a497f225a90c117e1f6afb6490390c44236934970f4edb7e2437b765a4eed8,dcfee94e526758df5968324c29a4a9d236a42f86396274168ec8d1288abf6955,,labeled_extension,GM,label,0.9958,0.9957732184357238,0.9931,features,/home/thuy/Research/minh_data_synth/TabularDA/SDGym-research/data/simulated_paper/seed_43/gridr/tvae_paper_sample.csv,47ad27b3bf388a3427928284054373f3da2c1273a70d7077ec81537294c86d3a,300.0
gridr,43,tvae-dnn,,,cuda,,,10000,-3.446514347054464,-3.212982288173208,/home/thuy/Research/minh_data_synth/TabularDA/SDGym-research/data/simulated_paper/seed_43/gridr/tvae-dnn_labeled.csv,ededa5c899d0b2180aef6fad5d0728ea7143f67fed2779d8759461a529d0f59d,,11a497f225a90c117e1f6afb6490390c44236934970f4edb7e2437b765a4eed8,dcfee94e526758df5968324c29a4a9d236a42f86396274168ec8d1288abf6955,,labeled_extension,GM,label,0.997,0.9969801870069526,0.9999,features,/home/thuy/Research/minh_data_synth/TabularDA/SDGym-research/data/simulated_paper/seed_43/gridr/tvae_paper_sample.csv,47ad27b3bf388a3427928284054373f3da2c1273a70d7077ec81537294c86d3a,300.0
gridr,43,tvae-full-gaussian,,,cuda,,,10000,-3.4984392962801087,-3.3120437344464904,/home/thuy/Research/minh_data_synth/TabularDA/SDGym-research/data/simulated_paper/seed_43/gridr/tvae-full-gaussian_labeled.csv,8d91974ca9b0b599858b1f5d4703b4c34f7e4e11fbb8f5fd4dc87af86e0355fe,,11a497f225a90c117e1f6afb6490390c44236934970f4edb7e2437b765a4eed8,dcfee94e526758df5968324c29a4a9d236a42f86396274168ec8d1288abf6955,,labeled_extension,GM,label,0.9203,0.9199330298564106,0.9017,features,/home/thuy/Research/minh_data_synth/TabularDA/SDGym-research/data/simulated_paper/seed_43/gridr/tvae_full_sample.csv,d8fb96cb8423beb8923c10093bfa5234e143912b08bbf0b2536f87b6a402b528,300.0
gridr,43,tvae-full-categorical,,,cuda,,,10000,-3.4984392962801087,-3.3120437344464904,/home/thuy/Research/minh_data_synth/TabularDA/SDGym-research/data/simulated_paper/seed_43/gridr/tvae-full-categorical_labeled.csv,243a5aa0a9d3f7c466561eae0eea59a18c49959f3bff844fe1a62c4c3576285a,,11a497f225a90c117e1f6afb6490390c44236934970f4edb7e2437b765a4eed8,dcfee94e526758df5968324c29a4a9d236a42f86396274168ec8d1288abf6955,,labeled_extension,GM,label,0.9516,0.9512410541941981,0.9324,features,/home/thuy/Research/minh_data_synth/TabularDA/SDGym-research/data/simulated_paper/seed_43/gridr/tvae_full_sample.csv,d8fb96cb8423beb8923c10093bfa5234e143912b08bbf0b2536f87b6a402b528,300.0
gridr,43,tvae-full-pca_gmm,,,cuda,,,10000,-3.4984392962801087,-3.3120437344464904,/home/thuy/Research/minh_data_synth/TabularDA/SDGym-research/data/simulated_paper/seed_43/gridr/tvae-full-pca_gmm_labeled.csv,6abc589f41856c082a465628541aafc512e99bac6778f1e0516c1cc1a5613e8a,,11a497f225a90c117e1f6afb6490390c44236934970f4edb7e2437b765a4eed8,dcfee94e526758df5968324c29a4a9d236a42f86396274168ec8d1288abf6955,,labeled_extension,GM,label,0.9822,0.9821249419161033,0.9809,features,/home/thuy/Research/minh_data_synth/TabularDA/SDGym-research/data/simulated_paper/seed_43/gridr/tvae_full_sample.csv,d8fb96cb8423beb8923c10093bfa5234e143912b08bbf0b2536f87b6a402b528,300.0
gridr,43,tvae-full-rf,,,cuda,,,10000,-3.4984392962801087,-3.3120437344464904,/home/thuy/Research/minh_data_synth/TabularDA/SDGym-research/data/simulated_paper/seed_43/gridr/tvae-full-rf_labeled.csv,6da9adf368688863ddc8279d9b8a38191d010607c4686e936d699eb36583a5c1,,11a497f225a90c117e1f6afb6490390c44236934970f4edb7e2437b765a4eed8,dcfee94e526758df5968324c29a4a9d236a42f86396274168ec8d1288abf6955,,labeled_extension,GM,label,0.9979,0.9978859580045558,0.9973,features,/home/thuy/Research/minh_data_synth/TabularDA/SDGym-research/data/simulated_paper/seed_43/gridr/tvae_full_sample.csv,d8fb96cb8423beb8923c10093bfa5234e143912b08bbf0b2536f87b6a402b528,300.0
gridr,43,tvae-full-xgb,,,cuda,,,10000,-3.4984392962801087,-3.3120437344464904,/home/thuy/Research/minh_data_synth/TabularDA/SDGym-research/data/simulated_paper/seed_43/gridr/tvae-full-xgb_labeled.csv,faf1f648f8bd52dcb6792970592d5cd69b5c0a144356b1d789b1450478dff5e6,,11a497f225a90c117e1f6afb6490390c44236934970f4edb7e2437b765a4eed8,dcfee94e526758df5968324c29a4a9d236a42f86396274168ec8d1288abf6955,,labeled_extension,GM,label,0.9968,0.9967787609536221,0.9955,features,/home/thuy/Research/minh_data_synth/TabularDA/SDGym-research/data/simulated_paper/seed_43/gridr/tvae_full_sample.csv,d8fb96cb8423beb8923c10093bfa5234e143912b08bbf0b2536f87b6a402b528,300.0
gridr,43,tvae-full-dnn,,,cuda,,,10000,-3.4984392962801087,-3.3120437344464904,/home/thuy/Research/minh_data_synth/TabularDA/SDGym-research/data/simulated_paper/seed_43/gridr/tvae-full-dnn_labeled.csv,cc2791f2b5b6ebbe5d8c64abdeca3d2b4b4631758f71079098fc1603bef5837a,,11a497f225a90c117e1f6afb6490390c44236934970f4edb7e2437b765a4eed8,dcfee94e526758df5968324c29a4a9d236a42f86396274168ec8d1288abf6955,,labeled_extension,GM,label,0.9983,0.9982884635425469,0.9995,features,/home/thuy/Research/minh_data_synth/TabularDA/SDGym-research/data/simulated_paper/seed_43/gridr/tvae_full_sample.csv,d8fb96cb8423beb8923c10093bfa5234e143912b08bbf0b2536f87b6a402b528,300.0
ring,43,identity,,,,10000.0,10000.0,10000,-1.7067623267911332,-1.69520843975185,/home/thuy/Research/minh_data_synth/TabularDA/SDGym-research/data/simulated_paper/seed_43/ring/train.csv,7d37f56e1bae9f49d50630f82ec477df9fd718cbc6bb1ee9c746bba1148f7005,b06bd9de4ff274681e185442b3be28a0738d13efcb297bd5dcd7cea43066ff2e,7d37f56e1bae9f49d50630f82ec477df9fd718cbc6bb1ee9c746bba1148f7005,eb3c802ef42fa54b723769cc729bcc851c1c53e94cddd5863b1a87bad6fd5074,"{'numpy': '1.26.4', 'pandas': '2.2.3', 'scikit-learn': '1.5.2'}",paper,GM,,,,,,,,
ring,43,ctgan,300.0,500.0,cuda,10000.0,10000.0,10000,-2.296262098597868,-1.9427658083860246,/home/thuy/Research/minh_data_synth/TabularDA/SDGym-research/data/simulated_paper/seed_43/ring/ctgan_paper_sample.csv,f289ccc39b9ff071f1edf72afd002ed68f30ac34d775b8d5fc6ff8868918f36d,b06bd9de4ff274681e185442b3be28a0738d13efcb297bd5dcd7cea43066ff2e,7d37f56e1bae9f49d50630f82ec477df9fd718cbc6bb1ee9c746bba1148f7005,eb3c802ef42fa54b723769cc729bcc851c1c53e94cddd5863b1a87bad6fd5074,"{'numpy': '1.26.4', 'pandas': '2.2.3', 'scikit-learn': '1.5.2', 'ctgan': '0.10.2', 'torch': '2.5.1'}",paper,GM,,,,,,,,
ring,43,tvae,300.0,500.0,cuda,10000.0,10000.0,10000,-1.723494491381203,-1.787138105763749,/home/thuy/Research/minh_data_synth/TabularDA/SDGym-research/data/simulated_paper/seed_43/ring/tvae_paper_sample.csv,02224df97a421f75049f394af2af2a8624d6d5b29bfa39a258a5437ad22674f8,b06bd9de4ff274681e185442b3be28a0738d13efcb297bd5dcd7cea43066ff2e,7d37f56e1bae9f49d50630f82ec477df9fd718cbc6bb1ee9c746bba1148f7005,eb3c802ef42fa54b723769cc729bcc851c1c53e94cddd5863b1a87bad6fd5074,"{'numpy': '1.26.4', 'pandas': '2.2.3', 'scikit-learn': '1.5.2', 'ctgan': '0.10.2', 'torch': '2.5.1'}",paper,GM,,,,,,,,
ring,43,ctgan-full,,,cuda,,,10000,-2.275454296437616,-1.9271693375903836,/home/thuy/Research/minh_data_synth/TabularDA/SDGym-research/data/simulated_paper/seed_43/ring/ctgan-full_labeled.csv,b4ae8f0ccba2445b6cf21fd44e8e80c5e35ff6a986805565b1978198a3d17e4d,,7d37f56e1bae9f49d50630f82ec477df9fd718cbc6bb1ee9c746bba1148f7005,eb3c802ef42fa54b723769cc729bcc851c1c53e94cddd5863b1a87bad6fd5074,,labeled_extension,GM,label,0.9404,0.9361002935483898,0.8957,features,/home/thuy/Research/minh_data_synth/TabularDA/SDGym-research/data/simulated_paper/seed_43/ring/ctgan_full_sample.csv,b4ae8f0ccba2445b6cf21fd44e8e80c5e35ff6a986805565b1978198a3d17e4d,300.0
ring,43,ctgan-gaussian,,,cuda,,,10000,-2.296262098597868,-1.9427658083860246,/home/thuy/Research/minh_data_synth/TabularDA/SDGym-research/data/simulated_paper/seed_43/ring/ctgan-gaussian_labeled.csv,c54806f2e8f7541b0ebebb8677c6bce59dc88f149780a461e479c64fd0392b29,,7d37f56e1bae9f49d50630f82ec477df9fd718cbc6bb1ee9c746bba1148f7005,eb3c802ef42fa54b723769cc729bcc851c1c53e94cddd5863b1a87bad6fd5074,,labeled_extension,GM,label,0.9608,0.9561065133679181,0.952,features,/home/thuy/Research/minh_data_synth/TabularDA/SDGym-research/data/simulated_paper/seed_43/ring/ctgan_paper_sample.csv,f289ccc39b9ff071f1edf72afd002ed68f30ac34d775b8d5fc6ff8868918f36d,300.0
ring,43,ctgan-categorical,,,cuda,,,10000,-2.296262098597868,-1.9427658083860246,/home/thuy/Research/minh_data_synth/TabularDA/SDGym-research/data/simulated_paper/seed_43/ring/ctgan-categorical_labeled.csv,e5b753c092f88c2eb5cf1024856e91de4132540a73edef2a37bc8058a11c6498,,7d37f56e1bae9f49d50630f82ec477df9fd718cbc6bb1ee9c746bba1148f7005,eb3c802ef42fa54b723769cc729bcc851c1c53e94cddd5863b1a87bad6fd5074,,labeled_extension,GM,label,0.9741,0.971506433203802,0.9556,features,/home/thuy/Research/minh_data_synth/TabularDA/SDGym-research/data/simulated_paper/seed_43/ring/ctgan_paper_sample.csv,f289ccc39b9ff071f1edf72afd002ed68f30ac34d775b8d5fc6ff8868918f36d,300.0
ring,43,ctgan-pca_gmm,,,cuda,,,10000,-2.296262098597868,-1.9427658083860246,/home/thuy/Research/minh_data_synth/TabularDA/SDGym-research/data/simulated_paper/seed_43/ring/ctgan-pca_gmm_labeled.csv,615f60243cfaad8af2c56b3b889666b3a5fce2b997caaac5ccb03e0fdbb3bf06,,7d37f56e1bae9f49d50630f82ec477df9fd718cbc6bb1ee9c746bba1148f7005,eb3c802ef42fa54b723769cc729bcc851c1c53e94cddd5863b1a87bad6fd5074,,labeled_extension,GM,label,0.9945,0.9939081331639115,0.9956,features,/home/thuy/Research/minh_data_synth/TabularDA/SDGym-research/data/simulated_paper/seed_43/ring/ctgan_paper_sample.csv,f289ccc39b9ff071f1edf72afd002ed68f30ac34d775b8d5fc6ff8868918f36d,300.0
ring,43,ctgan-rf,,,cuda,,,10000,-2.296262098597868,-1.9427658083860246,/home/thuy/Research/minh_data_synth/TabularDA/SDGym-research/data/simulated_paper/seed_43/ring/ctgan-rf_labeled.csv,5c680ed1574c673b3314de514bcc1b3387e17a7ff288eaf5ac6e99b8b63266ac,,7d37f56e1bae9f49d50630f82ec477df9fd718cbc6bb1ee9c746bba1148f7005,eb3c802ef42fa54b723769cc729bcc851c1c53e94cddd5863b1a87bad6fd5074,,labeled_extension,GM,label,0.9931,0.9923532467532468,0.9905,features,/home/thuy/Research/minh_data_synth/TabularDA/SDGym-research/data/simulated_paper/seed_43/ring/ctgan_paper_sample.csv,f289ccc39b9ff071f1edf72afd002ed68f30ac34d775b8d5fc6ff8868918f36d,300.0
ring,43,ctgan-xgb,,,cuda,,,10000,-2.296262098597868,-1.9427658083860246,/home/thuy/Research/minh_data_synth/TabularDA/SDGym-research/data/simulated_paper/seed_43/ring/ctgan-xgb_labeled.csv,b4ba6d8a5d65b26090fd6e700c84d5cbd806707aea711a52c64abec8420d9987,,7d37f56e1bae9f49d50630f82ec477df9fd718cbc6bb1ee9c746bba1148f7005,eb3c802ef42fa54b723769cc729bcc851c1c53e94cddd5863b1a87bad6fd5074,,labeled_extension,GM,label,0.9927,0.9919099567099567,0.9892,features,/home/thuy/Research/minh_data_synth/TabularDA/SDGym-research/data/simulated_paper/seed_43/ring/ctgan_paper_sample.csv,f289ccc39b9ff071f1edf72afd002ed68f30ac34d775b8d5fc6ff8868918f36d,300.0
ring,43,ctgan-dnn,,,cuda,,,10000,-2.296262098597868,-1.9427658083860246,/home/thuy/Research/minh_data_synth/TabularDA/SDGym-research/data/simulated_paper/seed_43/ring/ctgan-dnn_labeled.csv,735918ab18238ff932449d75a7a56d8c04b590ef18ec826d72bf24e7614b5c8f,,7d37f56e1bae9f49d50630f82ec477df9fd718cbc6bb1ee9c746bba1148f7005,eb3c802ef42fa54b723769cc729bcc851c1c53e94cddd5863b1a87bad6fd5074,,labeled_extension,GM,label,0.9975,0.997229053252509,0.9986,features,/home/thuy/Research/minh_data_synth/TabularDA/SDGym-research/data/simulated_paper/seed_43/ring/ctgan_paper_sample.csv,f289ccc39b9ff071f1edf72afd002ed68f30ac34d775b8d5fc6ff8868918f36d,300.0
ring,43,ctgan-full-gaussian,,,cuda,,,10000,-2.275454296437616,-1.9271693375903836,/home/thuy/Research/minh_data_synth/TabularDA/SDGym-research/data/simulated_paper/seed_43/ring/ctgan-full-gaussian_labeled.csv,7f6f8e62f0480dd4fc0a67b511299551612f814a1846c17ffedcae948c161bb1,,7d37f56e1bae9f49d50630f82ec477df9fd718cbc6bb1ee9c746bba1148f7005,eb3c802ef42fa54b723769cc729bcc851c1c53e94cddd5863b1a87bad6fd5074,,labeled_extension,GM,label,0.9616,0.9570462418683167,0.9556,features,/home/thuy/Research/minh_data_synth/TabularDA/SDGym-research/data/simulated_paper/seed_43/ring/ctgan_full_sample.csv,b4ae8f0ccba2445b6cf21fd44e8e80c5e35ff6a986805565b1978198a3d17e4d,300.0
ring,43,ctgan-full-categorical,,,cuda,,,10000,-2.275454296437616,-1.9271693375903836,/home/thuy/Research/minh_data_synth/TabularDA/SDGym-research/data/simulated_paper/seed_43/ring/ctgan-full-categorical_labeled.csv,84beaba208a15c6d4c610c96cab5f3d7d9f4fb96a7fd4acdf953bb63b9218420,,7d37f56e1bae9f49d50630f82ec477df9fd718cbc6bb1ee9c746bba1148f7005,eb3c802ef42fa54b723769cc729bcc851c1c53e94cddd5863b1a87bad6fd5074,,labeled_extension,GM,label,0.9743,0.9717189463218889,0.9557,features,/home/thuy/Research/minh_data_synth/TabularDA/SDGym-research/data/simulated_paper/seed_43/ring/ctgan_full_sample.csv,b4ae8f0ccba2445b6cf21fd44e8e80c5e35ff6a986805565b1978198a3d17e4d,300.0
ring,43,ctgan-full-pca_gmm,,,cuda,,,10000,-2.275454296437616,-1.9271693375903836,/home/thuy/Research/minh_data_synth/TabularDA/SDGym-research/data/simulated_paper/seed_43/ring/ctgan-full-pca_gmm_labeled.csv,c29f0f6b09006aeac8109c1c7c2d66b7c4d22169d5702e0bef7adbc0ef78a51f,,7d37f56e1bae9f49d50630f82ec477df9fd718cbc6bb1ee9c746bba1148f7005,eb3c802ef42fa54b723769cc729bcc851c1c53e94cddd5863b1a87bad6fd5074,,labeled_extension,GM,label,0.9949,0.994351178024718,0.9952,features,/home/thuy/Research/minh_data_synth/TabularDA/SDGym-research/data/simulated_paper/seed_43/ring/ctgan_full_sample.csv,b4ae8f0ccba2445b6cf21fd44e8e80c5e35ff6a986805565b1978198a3d17e4d,300.0
ring,43,ctgan-full-rf,,,cuda,,,10000,-2.275454296437616,-1.9271693375903836,/home/thuy/Research/minh_data_synth/TabularDA/SDGym-research/data/simulated_paper/seed_43/ring/ctgan-full-rf_labeled.csv,52b9cc0eae3e4449bf8799c21181a16ac9baa1b2847baea3fa1b96647e7bbfb6,,7d37f56e1bae9f49d50630f82ec477df9fd718cbc6bb1ee9c746bba1148f7005,eb3c802ef42fa54b723769cc729bcc851c1c53e94cddd5863b1a87bad6fd5074,,labeled_extension,GM,label,0.9935,0.9927985307318657,0.9899,features,/home/thuy/Research/minh_data_synth/TabularDA/SDGym-research/data/simulated_paper/seed_43/ring/ctgan_full_sample.csv,b4ae8f0ccba2445b6cf21fd44e8e80c5e35ff6a986805565b1978198a3d17e4d,300.0
ring,43,ctgan-full-xgb,,,cuda,,,10000,-2.275454296437616,-1.9271693375903836,/home/thuy/Research/minh_data_synth/TabularDA/SDGym-research/data/simulated_paper/seed_43/ring/ctgan-full-xgb_labeled.csv,6a3442aa48660b5de6e7b7b325105415d23abe83a7b196252d87daefc13f2714,,7d37f56e1bae9f49d50630f82ec477df9fd718cbc6bb1ee9c746bba1148f7005,eb3c802ef42fa54b723769cc729bcc851c1c53e94cddd5863b1a87bad6fd5074,,labeled_extension,GM,label,0.9942,0.9935780648663282,0.9905,features,/home/thuy/Research/minh_data_synth/TabularDA/SDGym-research/data/simulated_paper/seed_43/ring/ctgan_full_sample.csv,b4ae8f0ccba2445b6cf21fd44e8e80c5e35ff6a986805565b1978198a3d17e4d,300.0
ring,43,ctgan-full-dnn,,,cuda,,,10000,-2.275454296437616,-1.9271693375903836,/home/thuy/Research/minh_data_synth/TabularDA/SDGym-research/data/simulated_paper/seed_43/ring/ctgan-full-dnn_labeled.csv,e4d74f0190189e96a33efd87f60a235ba54e906c65873a52311f2915f20d0ca5,,7d37f56e1bae9f49d50630f82ec477df9fd718cbc6bb1ee9c746bba1148f7005,eb3c802ef42fa54b723769cc729bcc851c1c53e94cddd5863b1a87bad6fd5074,,labeled_extension,GM,label,0.9966,0.9962328170475576,0.9993,features,/home/thuy/Research/minh_data_synth/TabularDA/SDGym-research/data/simulated_paper/seed_43/ring/ctgan_full_sample.csv,b4ae8f0ccba2445b6cf21fd44e8e80c5e35ff6a986805565b1978198a3d17e4d,300.0
ring,43,tvae-full,,,cuda,,,10000,-1.7040724865501713,-1.7386924195949873,/home/thuy/Research/minh_data_synth/TabularDA/SDGym-research/data/simulated_paper/seed_43/ring/tvae-full_labeled.csv,83ff4efefe114a842827d549ae8279c92cc2dff99f7a6aae1496d2458f0ba063,,7d37f56e1bae9f49d50630f82ec477df9fd718cbc6bb1ee9c746bba1148f7005,eb3c802ef42fa54b723769cc729bcc851c1c53e94cddd5863b1a87bad6fd5074,,labeled_extension,GM,label,0.9743,0.9715461445308163,0.9544,features,/home/thuy/Research/minh_data_synth/TabularDA/SDGym-research/data/simulated_paper/seed_43/ring/tvae_full_sample.csv,83ff4efefe114a842827d549ae8279c92cc2dff99f7a6aae1496d2458f0ba063,300.0
ring,43,tvae-gaussian,,,cuda,,,10000,-1.723494491381203,-1.787138105763749,/home/thuy/Research/minh_data_synth/TabularDA/SDGym-research/data/simulated_paper/seed_43/ring/tvae-gaussian_labeled.csv,0e75499ca69cb6344dee524b0b8433c9d6188e7e4e455020cac1e9eb8a336e8e,,7d37f56e1bae9f49d50630f82ec477df9fd718cbc6bb1ee9c746bba1148f7005,eb3c802ef42fa54b723769cc729bcc851c1c53e94cddd5863b1a87bad6fd5074,,labeled_extension,GM,label,0.9614,0.9568288118336119,0.9501,features,/home/thuy/Research/minh_data_synth/TabularDA/SDGym-research/data/simulated_paper/seed_43/ring/tvae_paper_sample.csv,02224df97a421f75049f394af2af2a8624d6d5b29bfa39a258a5437ad22674f8,300.0
ring,43,tvae-categorical,,,cuda,,,10000,-1.723494491381203,-1.787138105763749,/home/thuy/Research/minh_data_synth/TabularDA/SDGym-research/data/simulated_paper/seed_43/ring/tvae-categorical_labeled.csv,99979baf612273764fdd5579120eedbde0152746052048f2b363c84c43bc67b6,,7d37f56e1bae9f49d50630f82ec477df9fd718cbc6bb1ee9c746bba1148f7005,eb3c802ef42fa54b723769cc729bcc851c1c53e94cddd5863b1a87bad6fd5074,,labeled_extension,GM,label,0.9737,0.9710740537110389,0.9576,features,/home/thuy/Research/minh_data_synth/TabularDA/SDGym-research/data/simulated_paper/seed_43/ring/tvae_paper_sample.csv,02224df97a421f75049f394af2af2a8624d6d5b29bfa39a258a5437ad22674f8,300.0
ring,43,tvae-pca_gmm,,,cuda,,,10000,-1.723494491381203,-1.787138105763749,/home/thuy/Research/minh_data_synth/TabularDA/SDGym-research/data/simulated_paper/seed_43/ring/tvae-pca_gmm_labeled.csv,b7d0cd505ca61fc9f888a962440e60e5b407929976b3c55d2f114d08dd2feb1f,,7d37f56e1bae9f49d50630f82ec477df9fd718cbc6bb1ee9c746bba1148f7005,eb3c802ef42fa54b723769cc729bcc851c1c53e94cddd5863b1a87bad6fd5074,,labeled_extension,GM,label,0.9951,0.9945727004551213,0.9938,features,/home/thuy/Research/minh_data_synth/TabularDA/SDGym-research/data/simulated_paper/seed_43/ring/tvae_paper_sample.csv,02224df97a421f75049f394af2af2a8624d6d5b29bfa39a258a5437ad22674f8,300.0
ring,43,tvae-rf,,,cuda,,,10000,-1.723494491381203,-1.787138105763749,/home/thuy/Research/minh_data_synth/TabularDA/SDGym-research/data/simulated_paper/seed_43/ring/tvae-rf_labeled.csv,b444588d6343c82d31bfb457b9fb5c3f945a520f9aec7ee26eb241b3a35e132e,,7d37f56e1bae9f49d50630f82ec477df9fd718cbc6bb1ee9c746bba1148f7005,eb3c802ef42fa54b723769cc729bcc851c1c53e94cddd5863b1a87bad6fd5074,,labeled_extension,GM,label,0.9936,0.9929137267490517,0.9911,features,/home/thuy/Research/minh_data_synth/TabularDA/SDGym-research/data/simulated_paper/seed_43/ring/tvae_paper_sample.csv,02224df97a421f75049f394af2af2a8624d6d5b29bfa39a258a5437ad22674f8,300.0
ring,43,tvae-xgb,,,cuda,,,10000,-1.723494491381203,-1.787138105763749,/home/thuy/Research/minh_data_synth/TabularDA/SDGym-research/data/simulated_paper/seed_43/ring/tvae-xgb_labeled.csv,62e8ffc9732fbc3d6a61a21a07d095e6f3695843166a8ce04b17805dd768d346,,7d37f56e1bae9f49d50630f82ec477df9fd718cbc6bb1ee9c746bba1148f7005,eb3c802ef42fa54b723769cc729bcc851c1c53e94cddd5863b1a87bad6fd5074,,labeled_extension,GM,label,0.994,0.9933547858566452,0.9894,features,/home/thuy/Research/minh_data_synth/TabularDA/SDGym-research/data/simulated_paper/seed_43/ring/tvae_paper_sample.csv,02224df97a421f75049f394af2af2a8624d6d5b29bfa39a258a5437ad22674f8,300.0
ring,43,tvae-dnn,,,cuda,,,10000,-1.723494491381203,-1.787138105763749,/home/thuy/Research/minh_data_synth/TabularDA/SDGym-research/data/simulated_paper/seed_43/ring/tvae-dnn_labeled.csv,464b85b9eedec47c815d405df492fd935aed4ddc067454e439373bcfad717314,,7d37f56e1bae9f49d50630f82ec477df9fd718cbc6bb1ee9c746bba1148f7005,eb3c802ef42fa54b723769cc729bcc851c1c53e94cddd5863b1a87bad6fd5074,,labeled_extension,GM,label,0.9974,0.9971192130363676,0.9986,features,/home/thuy/Research/minh_data_synth/TabularDA/SDGym-research/data/simulated_paper/seed_43/ring/tvae_paper_sample.csv,02224df97a421f75049f394af2af2a8624d6d5b29bfa39a258a5437ad22674f8,300.0
ring,43,tvae-full-gaussian,,,cuda,,,10000,-1.7040724865501713,-1.7386924195949873,/home/thuy/Research/minh_data_synth/TabularDA/SDGym-research/data/simulated_paper/seed_43/ring/tvae-full-gaussian_labeled.csv,77c9906c88a74588de7ca2de9a4602865d8e6a983c9f7869be56bb9ef645edcc,,7d37f56e1bae9f49d50630f82ec477df9fd718cbc6bb1ee9c746bba1148f7005,eb3c802ef42fa54b723769cc729bcc851c1c53e94cddd5863b1a87bad6fd5074,,labeled_extension,GM,label,0.9603,0.9556146857879197,0.9725,features,/home/thuy/Research/minh_data_synth/TabularDA/SDGym-research/data/simulated_paper/seed_43/ring/tvae_full_sample.csv,83ff4efefe114a842827d549ae8279c92cc2dff99f7a6aae1496d2458f0ba063,300.0
ring,43,tvae-full-categorical,,,cuda,,,10000,-1.7040724865501713,-1.7386924195949873,/home/thuy/Research/minh_data_synth/TabularDA/SDGym-research/data/simulated_paper/seed_43/ring/tvae-full-categorical_labeled.csv,b2c5eee60fff8c5838b74ac53524a48ead6b12a20ee19eb529d4f191cf952dac,,7d37f56e1bae9f49d50630f82ec477df9fd718cbc6bb1ee9c746bba1148f7005,eb3c802ef42fa54b723769cc729bcc851c1c53e94cddd5863b1a87bad6fd5074,,labeled_extension,GM,label,0.9742,0.9716070152066223,0.9772,features,/home/thuy/Research/minh_data_synth/TabularDA/SDGym-research/data/simulated_paper/seed_43/ring/tvae_full_sample.csv,83ff4efefe114a842827d549ae8279c92cc2dff99f7a6aae1496d2458f0ba063,300.0
ring,43,tvae-full-pca_gmm,,,cuda,,,10000,-1.7040724865501713,-1.7386924195949873,/home/thuy/Research/minh_data_synth/TabularDA/SDGym-research/data/simulated_paper/seed_43/ring/tvae-full-pca_gmm_labeled.csv,29d7015b3e63f4a67e64a6602f38be6cc7d8206799afbec36d1c1f70b9ad8fef,,7d37f56e1bae9f49d50630f82ec477df9fd718cbc6bb1ee9c746bba1148f7005,eb3c802ef42fa54b723769cc729bcc851c1c53e94cddd5863b1a87bad6fd5074,,labeled_extension,GM,label,0.9944,0.9937978001328689,0.9972,features,/home/thuy/Research/minh_data_synth/TabularDA/SDGym-research/data/simulated_paper/seed_43/ring/tvae_full_sample.csv,83ff4efefe114a842827d549ae8279c92cc2dff99f7a6aae1496d2458f0ba063,300.0
ring,43,tvae-full-rf,,,cuda,,,10000,-1.7040724865501713,-1.7386924195949873,/home/thuy/Research/minh_data_synth/TabularDA/SDGym-research/data/simulated_paper/seed_43/ring/tvae-full-rf_labeled.csv,1247183f1f2ee43735b44fd37efe035c09a8af45201f6dcf14373af46418ae5a,,7d37f56e1bae9f49d50630f82ec477df9fd718cbc6bb1ee9c746bba1148f7005,eb3c802ef42fa54b723769cc729bcc851c1c53e94cddd5863b1a87bad6fd5074,,labeled_extension,GM,label,0.9944,0.9937995109054202,0.9946,features,/home/thuy/Research/minh_data_synth/TabularDA/SDGym-research/data/simulated_paper/seed_43/ring/tvae_full_sample.csv,83ff4efefe114a842827d549ae8279c92cc2dff99f7a6aae1496d2458f0ba063,300.0
ring,43,tvae-full-xgb,,,cuda,,,10000,-1.7040724865501713,-1.7386924195949873,/home/thuy/Research/minh_data_synth/TabularDA/SDGym-research/data/simulated_paper/seed_43/ring/tvae-full-xgb_labeled.csv,dba431ed442b333b2d649da8e111cc86f0c916a14a961fab436dada1421a2a4c,,7d37f56e1bae9f49d50630f82ec477df9fd718cbc6bb1ee9c746bba1148f7005,eb3c802ef42fa54b723769cc729bcc851c1c53e94cddd5863b1a87bad6fd5074,,labeled_extension,GM,label,0.9933,0.9925728327146189,0.9941,features,/home/thuy/Research/minh_data_synth/TabularDA/SDGym-research/data/simulated_paper/seed_43/ring/tvae_full_sample.csv,83ff4efefe114a842827d549ae8279c92cc2dff99f7a6aae1496d2458f0ba063,300.0
ring,43,tvae-full-dnn,,,cuda,,,10000,-1.7040724865501713,-1.7386924195949873,/home/thuy/Research/minh_data_synth/TabularDA/SDGym-research/data/simulated_paper/seed_43/ring/tvae-full-dnn_labeled.csv,f2ff527c5466860a7c95d655ddb14d7ca9ef310f07a4633ed1fe69b356f13eac,,7d37f56e1bae9f49d50630f82ec477df9fd718cbc6bb1ee9c746bba1148f7005,eb3c802ef42fa54b723769cc729bcc851c1c53e94cddd5863b1a87bad6fd5074,,labeled_extension,GM,label,0.9956,0.9951234717015728,0.9994,features,/home/thuy/Research/minh_data_synth/TabularDA/SDGym-research/data/simulated_paper/seed_43/ring/tvae_full_sample.csv,83ff4efefe114a842827d549ae8279c92cc2dff99f7a6aae1496d2458f0ba063,300.0
asia,43,identity,,,,10000.0,10000.0,10000,-2.2340787693094843,-2.2230393525605634,/home/thuy/Research/minh_data_synth/TabularDA/SDGym-research/data/simulated_paper/seed_43/asia/train.csv,5bdc0d6ce0715ac412c07064c72d6feac9473d9d7782890c1d4997aa723ac516,9f770c96940dc4d860b581602120790ac538983b30b28d38631b8184dc7b5f89,5bdc0d6ce0715ac412c07064c72d6feac9473d9d7782890c1d4997aa723ac516,ba7698af56ef565ec509c1a20551558c07883e7a243246b0f15f786055394e4d,"{'numpy': '1.26.4', 'pandas': '2.2.3', 'scikit-learn': '1.5.2', 'pgmpy': '0.1.26'}",paper,BN,,,,,,,,
asia,43,ctgan,300.0,500.0,cuda,10000.0,10000.0,10000,-3.6639211168133254,-2.400608540497668,/home/thuy/Research/minh_data_synth/TabularDA/SDGym-research/data/simulated_paper/seed_43/asia/ctgan_paper_sample.csv,44dcab4eaa94116be136b4622fd3784e232c81ad6bb45db823a0da25af3aeb5d,9f770c96940dc4d860b581602120790ac538983b30b28d38631b8184dc7b5f89,5bdc0d6ce0715ac412c07064c72d6feac9473d9d7782890c1d4997aa723ac516,ba7698af56ef565ec509c1a20551558c07883e7a243246b0f15f786055394e4d,"{'numpy': '1.26.4', 'pandas': '2.2.3', 'scikit-learn': '1.5.2', 'pgmpy': '0.1.26', 'ctgan': '0.10.2', 'torch': '2.5.1'}",paper,BN,,,,,,,,
asia,43,tvae,300.0,500.0,cuda,10000.0,10000.0,10000,-2.2759802408998944,-2.2396820027551594,/home/thuy/Research/minh_data_synth/TabularDA/SDGym-research/data/simulated_paper/seed_43/asia/tvae_paper_sample.csv,d51748efd2b386be56fcbc8d0989a92ca9df1d0e5cadc02fdb1987d58ce063d5,9f770c96940dc4d860b581602120790ac538983b30b28d38631b8184dc7b5f89,5bdc0d6ce0715ac412c07064c72d6feac9473d9d7782890c1d4997aa723ac516,ba7698af56ef565ec509c1a20551558c07883e7a243246b0f15f786055394e4d,"{'numpy': '1.26.4', 'pandas': '2.2.3', 'scikit-learn': '1.5.2', 'pgmpy': '0.1.26', 'ctgan': '0.10.2', 'torch': '2.5.1'}",paper,BN,,,,,,,,
asia,43,ctgan-full,,,cuda,,,10000,-3.6639211168133254,-2.400608540497668,/home/thuy/Research/minh_data_synth/TabularDA/SDGym-research/data/simulated_paper/seed_43/asia/ctgan-full_labeled.csv,44dcab4eaa94116be136b4622fd3784e232c81ad6bb45db823a0da25af3aeb5d,,5bdc0d6ce0715ac412c07064c72d6feac9473d9d7782890c1d4997aa723ac516,ba7698af56ef565ec509c1a20551558c07883e7a243246b0f15f786055394e4d,,labeled_extension,BN,dysp,0.8495,0.8482737469052255,,joint,/home/thuy/Research/minh_data_synth/TabularDA/SDGym-research/data/simulated_paper/seed_43/asia/ctgan_paper_sample.csv,44dcab4eaa94116be136b4622fd3784e232c81ad6bb45db823a0da25af3aeb5d,300.0
asia,43,ctgan-gaussian,,,cuda,,,10000,-3.716898001992992,-2.636397555188361,/home/thuy/Research/minh_data_synth/TabularDA/SDGym-research/data/simulated_paper/seed_43/asia/ctgan-gaussian_labeled.csv,28286880d44fbcb35d57715a27571bc17f26227843b278b7d357808709b92818,,5bdc0d6ce0715ac412c07064c72d6feac9473d9d7782890c1d4997aa723ac516,ba7698af56ef565ec509c1a20551558c07883e7a243246b0f15f786055394e4d,,labeled_extension,BN,dysp,0.766,0.7531687228907529,,joint,/home/thuy/Research/minh_data_synth/TabularDA/SDGym-research/data/simulated_paper/seed_43/asia/ctgan_xonly_sample.csv,23db7b71bb567dff1ff9f5d29ad4adbf134fa1b1d00630b494fc29c6ced12fea,300.0
asia,43,ctgan-categorical,,,cuda,,,10000,-3.560140048759665,-3.774027742260089,/home/thuy/Research/minh_data_synth/TabularDA/SDGym-research/data/simulated_paper/seed_43/asia/ctgan-categorical_labeled.csv,52e6d7b6ef8c1b203d4319b0573f146724cfb3250f6995684165f4292c5c9988,,5bdc0d6ce0715ac412c07064c72d6feac9473d9d7782890c1d4997aa723ac516,ba7698af56ef565ec509c1a20551558c07883e7a243246b0f15f786055394e4d,,labeled_extension,BN,dysp,0.8506,0.8494868044053823,,joint,/home/thuy/Research/minh_data_synth/TabularDA/SDGym-research/data/simulated_paper/seed_43/asia/ctgan_xonly_sample.csv,23db7b71bb567dff1ff9f5d29ad4adbf134fa1b1d00630b494fc29c6ced12fea,300.0
asia,43,ctgan-pca_gmm,,,cuda,,,10000,-3.559970644695076,-3.740541605941526,/home/thuy/Research/minh_data_synth/TabularDA/SDGym-research/data/simulated_paper/seed_43/asia/ctgan-pca_gmm_labeled.csv,36ccf052a2500794a6a8cc33ba5d8dc7e8aabcf773a4c1960646463894c93f58,,5bdc0d6ce0715ac412c07064c72d6feac9473d9d7782890c1d4997aa723ac516,ba7698af56ef565ec509c1a20551558c07883e7a243246b0f15f786055394e4d,,labeled_extension,BN,dysp,0.8508,0.8496934976399663,,joint,/home/thuy/Research/minh_data_synth/TabularDA/SDGym-research/data/simulated_paper/seed_43/asia/ctgan_xonly_sample.csv,23db7b71bb567dff1ff9f5d29ad4adbf134fa1b1d00630b494fc29c6ced12fea,300.0
asia,43,ctgan-rf,,,cuda,,,10000,-3.559970644695076,-4.447581121924035,/home/thuy/Research/minh_data_synth/TabularDA/SDGym-research/data/simulated_paper/seed_43/asia/ctgan-rf_labeled.csv,6317fbbf48b5b69c078b05377f3fdbe7fad02399ee6202c9c1987b4892dedf3b,,5bdc0d6ce0715ac412c07064c72d6feac9473d9d7782890c1d4997aa723ac516,ba7698af56ef565ec509c1a20551558c07883e7a243246b0f15f786055394e4d,,labeled_extension,BN,dysp,0.8509,0.8497968343519294,,joint,/home/thuy/Research/minh_data_synth/TabularDA/SDGym-research/data/simulated_paper/seed_43/asia/ctgan_xonly_sample.csv,23db7b71bb567dff1ff9f5d29ad4adbf134fa1b1d00630b494fc29c6ced12fea,300.0
asia,43,ctgan-xgb,,,cuda,,,10000,-3.559970644695076,-4.447581121924035,/home/thuy/Research/minh_data_synth/TabularDA/SDGym-research/data/simulated_paper/seed_43/asia/ctgan-xgb_labeled.csv,6317fbbf48b5b69c078b05377f3fdbe7fad02399ee6202c9c1987b4892dedf3b,,5bdc0d6ce0715ac412c07064c72d6feac9473d9d7782890c1d4997aa723ac516,ba7698af56ef565ec509c1a20551558c07883e7a243246b0f15f786055394e4d,,labeled_extension,BN,dysp,0.8509,0.8497968343519294,,joint,/home/thuy/Research/minh_data_synth/TabularDA/SDGym-research/data/simulated_paper/seed_43/asia/ctgan_xonly_sample.csv,23db7b71bb567dff1ff9f5d29ad4adbf134fa1b1d00630b494fc29c6ced12fea,300.0
asia,43,ctgan-dnn,,,cuda,,,10000,-3.559970644695076,-3.7449022154596276,/home/thuy/Research/minh_data_synth/TabularDA/SDGym-research/data/simulated_paper/seed_43/asia/ctgan-dnn_labeled.csv,91a7a90505a2ee73ab7f4ebe53f7e2b23b2847349cf9754512c59b6f1348f641,,5bdc0d6ce0715ac412c07064c72d6feac9473d9d7782890c1d4997aa723ac516,ba7698af56ef565ec509c1a20551558c07883e7a243246b0f15f786055394e4d,,labeled_extension,BN,dysp,0.8509,0.8497968343519294,,joint,/home/thuy/Research/minh_data_synth/TabularDA/SDGym-research/data/simulated_paper/seed_43/asia/ctgan_xonly_sample.csv,23db7b71bb567dff1ff9f5d29ad4adbf134fa1b1d00630b494fc29c6ced12fea,300.0
asia,43,ctgan-full-gaussian,,,cuda,,,10000,-3.6761850742579285,-2.6547622738569374,/home/thuy/Research/minh_data_synth/TabularDA/SDGym-research/data/simulated_paper/seed_43/asia/ctgan-full-gaussian_labeled.csv,d25ab765944e381518cc239fbb4f13a14741e5001290e8b9d7d5fcdd995f1ea1,,5bdc0d6ce0715ac412c07064c72d6feac9473d9d7782890c1d4997aa723ac516,ba7698af56ef565ec509c1a20551558c07883e7a243246b0f15f786055394e4d,,labeled_extension,BN,dysp,0.766,0.7531687228907529,,joint,/home/thuy/Research/minh_data_synth/TabularDA/SDGym-research/data/simulated_paper/seed_43/asia/ctgan_paper_sample.csv,44dcab4eaa94116be136b4622fd3784e232c81ad6bb45db823a0da25af3aeb5d,300.0
asia,43,ctgan-full-categorical,,,cuda,,,10000,-3.4785009380739886,-3.796523997264722,/home/thuy/Research/minh_data_synth/TabularDA/SDGym-research/data/simulated_paper/seed_43/asia/ctgan-full-categorical_labeled.csv,f74797c4246cf1a202b92382293d5723aadc9aa6aa6ee649d7b697b438ad3fae,,5bdc0d6ce0715ac412c07064c72d6feac9473d9d7782890c1d4997aa723ac516,ba7698af56ef565ec509c1a20551558c07883e7a243246b0f15f786055394e4d,,labeled_extension,BN,dysp,0.8507,0.8495901543266471,,joint,/home/thuy/Research/minh_data_synth/TabularDA/SDGym-research/data/simulated_paper/seed_43/asia/ctgan_paper_sample.csv,44dcab4eaa94116be136b4622fd3784e232c81ad6bb45db823a0da25af3aeb5d,300.0
asia,43,ctgan-full-pca_gmm,,,cuda,,,10000,-3.4785009380739886,-3.7849125391891723,/home/thuy/Research/minh_data_synth/TabularDA/SDGym-research/data/simulated_paper/seed_43/asia/ctgan-full-pca_gmm_labeled.csv,54256f74b321735730545d74ceca0218548e33965933eb92a425aeff6a1bfa7f,,5bdc0d6ce0715ac412c07064c72d6feac9473d9d7782890c1d4997aa723ac516,ba7698af56ef565ec509c1a20551558c07883e7a243246b0f15f786055394e4d,,labeled_extension,BN,dysp,0.8507,0.8495901543266471,,joint,/home/thuy/Research/minh_data_synth/TabularDA/SDGym-research/data/simulated_paper/seed_43/asia/ctgan_paper_sample.csv,44dcab4eaa94116be136b4622fd3784e232c81ad6bb45db823a0da25af3aeb5d,300.0
asia,43,ctgan-full-rf,,,cuda,,,10000,-3.4785009380739886,-4.434897565087546,/home/thuy/Research/minh_data_synth/TabularDA/SDGym-research/data/simulated_paper/seed_43/asia/ctgan-full-rf_labeled.csv,1aee0f3319265967d03b8c2017e89bbe0231245f2668fc9e562ecffe2c66e3b8,,5bdc0d6ce0715ac412c07064c72d6feac9473d9d7782890c1d4997aa723ac516,ba7698af56ef565ec509c1a20551558c07883e7a243246b0f15f786055394e4d,,labeled_extension,BN,dysp,0.8509,0.8497968343519294,,joint,/home/thuy/Research/minh_data_synth/TabularDA/SDGym-research/data/simulated_paper/seed_43/asia/ctgan_paper_sample.csv,44dcab4eaa94116be136b4622fd3784e232c81ad6bb45db823a0da25af3aeb5d,300.0
asia,43,ctgan-full-xgb,,,cuda,,,10000,-3.4785009380739886,-4.434897565087546,/home/thuy/Research/minh_data_synth/TabularDA/SDGym-research/data/simulated_paper/seed_43/asia/ctgan-full-xgb_labeled.csv,1aee0f3319265967d03b8c2017e89bbe0231245f2668fc9e562ecffe2c66e3b8,,5bdc0d6ce0715ac412c07064c72d6feac9473d9d7782890c1d4997aa723ac516,ba7698af56ef565ec509c1a20551558c07883e7a243246b0f15f786055394e4d,,labeled_extension,BN,dysp,0.8509,0.8497968343519294,,joint,/home/thuy/Research/minh_data_synth/TabularDA/SDGym-research/data/simulated_paper/seed_43/asia/ctgan_paper_sample.csv,44dcab4eaa94116be136b4622fd3784e232c81ad6bb45db823a0da25af3aeb5d,300.0
asia,43,ctgan-full-dnn,,,cuda,,,10000,-3.4785009380739886,-3.7610980652512995,/home/thuy/Research/minh_data_synth/TabularDA/SDGym-research/data/simulated_paper/seed_43/asia/ctgan-full-dnn_labeled.csv,6171f40eccb5506a2e9a8b3e725423d740b8f128121c662cf5f0ed97580d3426,,5bdc0d6ce0715ac412c07064c72d6feac9473d9d7782890c1d4997aa723ac516,ba7698af56ef565ec509c1a20551558c07883e7a243246b0f15f786055394e4d,,labeled_extension,BN,dysp,0.8508,0.8496934976399663,,joint,/home/thuy/Research/minh_data_synth/TabularDA/SDGym-research/data/simulated_paper/seed_43/asia/ctgan_paper_sample.csv,44dcab4eaa94116be136b4622fd3784e232c81ad6bb45db823a0da25af3aeb5d,300.0
asia,43,tvae-full,,,cuda,,,10000,-2.2759802408998944,-2.2396820027551594,/home/thuy/Research/minh_data_synth/TabularDA/SDGym-research/data/simulated_paper/seed_43/asia/tvae-full_labeled.csv,d51748efd2b386be56fcbc8d0989a92ca9df1d0e5cadc02fdb1987d58ce063d5,,5bdc0d6ce0715ac412c07064c72d6feac9473d9d7782890c1d4997aa723ac516,ba7698af56ef565ec509c1a20551558c07883e7a243246b0f15f786055394e4d,,labeled_extension,BN,dysp,0.8494,0.8481921193444609,,joint,/home/thuy/Research/minh_data_synth/TabularDA/SDGym-research/data/simulated_paper/seed_43/asia/tvae_paper_sample.csv,d51748efd2b386be56fcbc8d0989a92ca9df1d0e5cadc02fdb1987d58ce063d5,300.0
asia,43,tvae-gaussian,,,cuda,,,10000,-2.1089956635740217,-2.548134488628635,/home/thuy/Research/minh_data_synth/TabularDA/SDGym-research/data/simulated_paper/seed_43/asia/tvae-gaussian_labeled.csv,200f3945588ae5536f9a0adf22f3a45ea1dc34879acf9b93f4f236c758da8965,,5bdc0d6ce0715ac412c07064c72d6feac9473d9d7782890c1d4997aa723ac516,ba7698af56ef565ec509c1a20551558c07883e7a243246b0f15f786055394e4d,,labeled_extension,BN,dysp,0.7661,0.7532860707920885,,joint,/home/thuy/Research/minh_data_synth/TabularDA/SDGym-research/data/simulated_paper/seed_43/asia/tvae_xonly_sample.csv,89425e93b14a35384dc4b0fe7ec7f10284b5188705798622f20a1fa0383895de,300.0
asia,43,tvae-categorical,,,cuda,,,10000,-1.9355702870337839,-4.295876674228021,/home/thuy/Research/minh_data_synth/TabularDA/SDGym-research/data/simulated_paper/seed_43/asia/tvae-categorical_labeled.csv,2c7b089468ddcbe0d019dde6c2578813ac785857f76065936c7a5f1831059406,,5bdc0d6ce0715ac412c07064c72d6feac9473d9d7782890c1d4997aa723ac516,ba7698af56ef565ec509c1a20551558c07883e7a243246b0f15f786055394e4d,,labeled_extension,BN,dysp,0.8509,0.8497968343519294,,joint,/home/thuy/Research/minh_data_synth/TabularDA/SDGym-research/data/simulated_paper/seed_43/asia/tvae_xonly_sample.csv,89425e93b14a35384dc4b0fe7ec7f10284b5188705798622f20a1fa0383895de,300.0
asia,43,tvae-pca_gmm,,,cuda,,,10000,-1.9355702870337839,-3.790330971725171,/home/thuy/Research/minh_data_synth/TabularDA/SDGym-research/data/simulated_paper/seed_43/asia/tvae-pca_gmm_labeled.csv,95ef867440af7fe3b6f29027dd106154d2437d9a803f78488e34b6cef0d4fd73,,5bdc0d6ce0715ac412c07064c72d6feac9473d9d7782890c1d4997aa723ac516,ba7698af56ef565ec509c1a20551558c07883e7a243246b0f15f786055394e4d,,labeled_extension,BN,dysp,0.8509,0.8497968343519294,,joint,/home/thuy/Research/minh_data_synth/TabularDA/SDGym-research/data/simulated_paper/seed_43/asia/tvae_xonly_sample.csv,89425e93b14a35384dc4b0fe7ec7f10284b5188705798622f20a1fa0383895de,300.0
asia,43,tvae-rf,,,cuda,,,10000,-1.9355702870337839,-4.295876674228021,/home/thuy/Research/minh_data_synth/TabularDA/SDGym-research/data/simulated_paper/seed_43/asia/tvae-rf_labeled.csv,2c7b089468ddcbe0d019dde6c2578813ac785857f76065936c7a5f1831059406,,5bdc0d6ce0715ac412c07064c72d6feac9473d9d7782890c1d4997aa723ac516,ba7698af56ef565ec509c1a20551558c07883e7a243246b0f15f786055394e4d,,labeled_extension,BN,dysp,0.8509,0.8497968343519294,,joint,/home/thuy/Research/minh_data_synth/TabularDA/SDGym-research/data/simulated_paper/seed_43/asia/tvae_xonly_sample.csv,89425e93b14a35384dc4b0fe7ec7f10284b5188705798622f20a1fa0383895de,300.0
asia,43,tvae-xgb,,,cuda,,,10000,-1.9355702870337839,-4.295876674228021,/home/thuy/Research/minh_data_synth/TabularDA/SDGym-research/data/simulated_paper/seed_43/asia/tvae-xgb_labeled.csv,2c7b089468ddcbe0d019dde6c2578813ac785857f76065936c7a5f1831059406,,5bdc0d6ce0715ac412c07064c72d6feac9473d9d7782890c1d4997aa723ac516,ba7698af56ef565ec509c1a20551558c07883e7a243246b0f15f786055394e4d,,labeled_extension,BN,dysp,0.8509,0.8497968343519294,,joint,/home/thuy/Research/minh_data_synth/TabularDA/SDGym-research/data/simulated_paper/seed_43/asia/tvae_xonly_sample.csv,89425e93b14a35384dc4b0fe7ec7f10284b5188705798622f20a1fa0383895de,300.0
asia,43,tvae-dnn,,,cuda,,,10000,-1.9355702870337839,-3.8571295196728146,/home/thuy/Research/minh_data_synth/TabularDA/SDGym-research/data/simulated_paper/seed_43/asia/tvae-dnn_labeled.csv,44a8f86fe570f9bc7895cfc6f8a47f95cb61b54603b71c8f9923f204e6b3fab6,,5bdc0d6ce0715ac412c07064c72d6feac9473d9d7782890c1d4997aa723ac516,ba7698af56ef565ec509c1a20551558c07883e7a243246b0f15f786055394e4d,,labeled_extension,BN,dysp,0.8509,0.8497968343519294,,joint,/home/thuy/Research/minh_data_synth/TabularDA/SDGym-research/data/simulated_paper/seed_43/asia/tvae_xonly_sample.csv,89425e93b14a35384dc4b0fe7ec7f10284b5188705798622f20a1fa0383895de,300.0
asia,43,tvae-full-gaussian,,,cuda,,,10000,-2.1903201915756134,-2.5722300228868384,/home/thuy/Research/minh_data_synth/TabularDA/SDGym-research/data/simulated_paper/seed_43/asia/tvae-full-gaussian_labeled.csv,5f0b4d0655fdc7e19d6ac1cadec1b0fa6d4ac5b1e25d6d528a21cb3fa9aaa35d,,5bdc0d6ce0715ac412c07064c72d6feac9473d9d7782890c1d4997aa723ac516,ba7698af56ef565ec509c1a20551558c07883e7a243246b0f15f786055394e4d,,labeled_extension,BN,dysp,0.7661,0.7532860707920885,,joint,/home/thuy/Research/minh_data_synth/TabularDA/SDGym-research/data/simulated_paper/seed_43/asia/tvae_paper_sample.csv,d51748efd2b386be56fcbc8d0989a92ca9df1d0e5cadc02fdb1987d58ce063d5,300.0
asia,43,tvae-full-categorical,,,cuda,,,10000,-1.989684797091498,-4.182389880067288,/home/thuy/Research/minh_data_synth/TabularDA/SDGym-research/data/simulated_paper/seed_43/asia/tvae-full-categorical_labeled.csv,00ac33e7000e1db9c25d6bfe77a8cdebcc74f0bdc4f8326fc719b108a0e66b0f,,5bdc0d6ce0715ac412c07064c72d6feac9473d9d7782890c1d4997aa723ac516,ba7698af56ef565ec509c1a20551558c07883e7a243246b0f15f786055394e4d,,labeled_extension,BN,dysp,0.8506,0.8494868044053823,,joint,/home/thuy/Research/minh_data_synth/TabularDA/SDGym-research/data/simulated_paper/seed_43/asia/tvae_paper_sample.csv,d51748efd2b386be56fcbc8d0989a92ca9df1d0e5cadc02fdb1987d58ce063d5,300.0
asia,43,tvae-full-pca_gmm,,,cuda,,,10000,-1.9887530747362554,-3.734673185868078,/home/thuy/Research/minh_data_synth/TabularDA/SDGym-research/data/simulated_paper/seed_43/asia/tvae-full-pca_gmm_labeled.csv,3e995eabd537a620fc7787ccdfd13104bc9133da7f717a0391b6362965b6f606,,5bdc0d6ce0715ac412c07064c72d6feac9473d9d7782890c1d4997aa723ac516,ba7698af56ef565ec509c1a20551558c07883e7a243246b0f15f786055394e4d,,labeled_extension,BN,dysp,0.8508,0.8496934976399663,,joint,/home/thuy/Research/minh_data_synth/TabularDA/SDGym-research/data/simulated_paper/seed_43/asia/tvae_paper_sample.csv,d51748efd2b386be56fcbc8d0989a92ca9df1d0e5cadc02fdb1987d58ce063d5,300.0
asia,43,tvae-full-rf,,,cuda,,,10000,-1.9887530747362554,-4.293155437048226,/home/thuy/Research/minh_data_synth/TabularDA/SDGym-research/data/simulated_paper/seed_43/asia/tvae-full-rf_labeled.csv,ba25510fe1c3a050c193409b6b05977d54a64086cf71bfbe0220af47ab38b0b1,,5bdc0d6ce0715ac412c07064c72d6feac9473d9d7782890c1d4997aa723ac516,ba7698af56ef565ec509c1a20551558c07883e7a243246b0f15f786055394e4d,,labeled_extension,BN,dysp,0.8509,0.8497968343519294,,joint,/home/thuy/Research/minh_data_synth/TabularDA/SDGym-research/data/simulated_paper/seed_43/asia/tvae_paper_sample.csv,d51748efd2b386be56fcbc8d0989a92ca9df1d0e5cadc02fdb1987d58ce063d5,300.0
asia,43,tvae-full-xgb,,,cuda,,,10000,-1.9887530747362554,-4.293155437048226,/home/thuy/Research/minh_data_synth/TabularDA/SDGym-research/data/simulated_paper/seed_43/asia/tvae-full-xgb_labeled.csv,ba25510fe1c3a050c193409b6b05977d54a64086cf71bfbe0220af47ab38b0b1,,5bdc0d6ce0715ac412c07064c72d6feac9473d9d7782890c1d4997aa723ac516,ba7698af56ef565ec509c1a20551558c07883e7a243246b0f15f786055394e4d,,labeled_extension,BN,dysp,0.8509,0.8497968343519294,,joint,/home/thuy/Research/minh_data_synth/TabularDA/SDGym-research/data/simulated_paper/seed_43/asia/tvae_paper_sample.csv,d51748efd2b386be56fcbc8d0989a92ca9df1d0e5cadc02fdb1987d58ce063d5,300.0
asia,43,tvae-full-dnn,,,cuda,,,10000,-1.9887530747362554,-3.7319503461567933,/home/thuy/Research/minh_data_synth/TabularDA/SDGym-research/data/simulated_paper/seed_43/asia/tvae-full-dnn_labeled.csv,11d4478b1a621e68e9ac18b5cd1aec12b743dd7d6bd1165a45e97c5ab9d5b32b,,5bdc0d6ce0715ac412c07064c72d6feac9473d9d7782890c1d4997aa723ac516,ba7698af56ef565ec509c1a20551558c07883e7a243246b0f15f786055394e4d,,labeled_extension,BN,dysp,0.8508,0.8496934976399663,,joint,/home/thuy/Research/minh_data_synth/TabularDA/SDGym-research/data/simulated_paper/seed_43/asia/tvae_paper_sample.csv,d51748efd2b386be56fcbc8d0989a92ca9df1d0e5cadc02fdb1987d58ce063d5,300.0
alarm,43,identity,,,,10000.0,10000.0,10000,-10.306068838434916,-10.320974463074572,/home/thuy/Research/minh_data_synth/TabularDA/SDGym-research/data/simulated_paper/seed_43/alarm/train.csv,90c6cfa1ab23ba66c0c0693d230ae436d2709f18f37e29bb3668d8b5562d135d,701e6c561f71b55669070c29614f0724b761289aa2c4a35bcc97b638ee881fa2,90c6cfa1ab23ba66c0c0693d230ae436d2709f18f37e29bb3668d8b5562d135d,db6ea4da9597cc6980068bc418f13f27730c8df0c00fb6298dde894b7ceed1a6,"{'numpy': '1.26.4', 'pandas': '2.2.3', 'scikit-learn': '1.5.2', 'pgmpy': '0.1.26'}",paper,BN,,,,,,,,
alarm,43,ctgan,300.0,500.0,cuda,10000.0,10000.0,10000,-15.723580213612205,-13.076339348911445,/home/thuy/Research/minh_data_synth/TabularDA/SDGym-research/data/simulated_paper/seed_43/alarm/ctgan_paper_sample.csv,aafce6599632a2ea2f169ae364a15d4247c16ef1a2279185f23573ea2a8bd7cf,701e6c561f71b55669070c29614f0724b761289aa2c4a35bcc97b638ee881fa2,90c6cfa1ab23ba66c0c0693d230ae436d2709f18f37e29bb3668d8b5562d135d,db6ea4da9597cc6980068bc418f13f27730c8df0c00fb6298dde894b7ceed1a6,"{'numpy': '1.26.4', 'pandas': '2.2.3', 'scikit-learn': '1.5.2', 'pgmpy': '0.1.26', 'ctgan': '0.10.2', 'torch': '2.5.1'}",paper,BN,,,,,,,,
alarm,43,tvae,300.0,500.0,cuda,10000.0,10000.0,10000,-11.35187604779925,-10.788867438765653,/home/thuy/Research/minh_data_synth/TabularDA/SDGym-research/data/simulated_paper/seed_43/alarm/tvae_paper_sample.csv,d76dd55db3e91c1132f971d4247fc0ce0c7d444282da3f89381164968cd25110,701e6c561f71b55669070c29614f0724b761289aa2c4a35bcc97b638ee881fa2,90c6cfa1ab23ba66c0c0693d230ae436d2709f18f37e29bb3668d8b5562d135d,db6ea4da9597cc6980068bc418f13f27730c8df0c00fb6298dde894b7ceed1a6,"{'numpy': '1.26.4', 'pandas': '2.2.3', 'scikit-learn': '1.5.2', 'pgmpy': '0.1.26', 'ctgan': '0.10.2', 'torch': '2.5.1'}",paper,BN,,,,,,,,
alarm,43,ctgan-full,,,cuda,,,10000,-15.723580213612205,-13.076339348911445,/home/thuy/Research/minh_data_synth/TabularDA/SDGym-research/data/simulated_paper/seed_43/alarm/ctgan-full_labeled.csv,aafce6599632a2ea2f169ae364a15d4247c16ef1a2279185f23573ea2a8bd7cf,,90c6cfa1ab23ba66c0c0693d230ae436d2709f18f37e29bb3668d8b5562d135d,db6ea4da9597cc6980068bc418f13f27730c8df0c00fb6298dde894b7ceed1a6,,labeled_extension,BN,BP,0.5303,0.4995042284098652,,joint,/home/thuy/Research/minh_data_synth/TabularDA/SDGym-research/data/simulated_paper/seed_43/alarm/ctgan_paper_sample.csv,aafce6599632a2ea2f169ae364a15d4247c16ef1a2279185f23573ea2a8bd7cf,300.0
alarm,43,ctgan-gaussian,,,cuda,,,10000,-15.432834758079931,-12.796677759729597,/home/thuy/Research/minh_data_synth/TabularDA/SDGym-research/data/simulated_paper/seed_43/alarm/ctgan-gaussian_labeled.csv,3bcf0b75de4e6faaa8e05c1dabeffc712f92b5e5d53cdb4b3b70fadcfbfc4e5a,,90c6cfa1ab23ba66c0c0693d230ae436d2709f18f37e29bb3668d8b5562d135d,db6ea4da9597cc6980068bc418f13f27730c8df0c00fb6298dde894b7ceed1a6,,labeled_extension,BN,BP,0.7062,0.6555866603158015,,joint,/home/thuy/Research/minh_data_synth/TabularDA/SDGym-research/data/simulated_paper/seed_43/alarm/ctgan_xonly_sample.csv,77dbb91c5343e1de1e263865856c9a8e19aa1580b6db60121536159830b55b5d,300.0
alarm,43,ctgan-categorical,,,cuda,,,10000,-15.449104391861582,-12.825181043812316,/home/thuy/Research/minh_data_synth/TabularDA/SDGym-research/data/simulated_paper/seed_43/alarm/ctgan-categorical_labeled.csv,e1a0215f04b8533f2bc3d624c9340aac121c47f706814427a5ca602be1720447,,90c6cfa1ab23ba66c0c0693d230ae436d2709f18f37e29bb3668d8b5562d135d,db6ea4da9597cc6980068bc418f13f27730c8df0c00fb6298dde894b7ceed1a6,,labeled_extension,BN,BP,0.7097,0.6573156668344692,,joint,/home/thuy/Research/minh_data_synth/TabularDA/SDGym-research/data/simulated_paper/seed_43/alarm/ctgan_xonly_sample.csv,77dbb91c5343e1de1e263865856c9a8e19aa1580b6db60121536159830b55b5d,300.0
alarm,43,ctgan-pca_gmm,,,cuda,,,10000,-15.441597015937907,-12.82300903077119,/home/thuy/Research/minh_data_synth/TabularDA/SDGym-research/data/simulated_paper/seed_43/alarm/ctgan-pca_gmm_labeled.csv,aeebb439d0ea5379e68e3c385fba799f16c14e87ec7db8ad2500b92c30d89ff5,,90c6cfa1ab23ba66c0c0693d230ae436d2709f18f37e29bb3668d8b5562d135d,db6ea4da9597cc6980068bc418f13f27730c8df0c00fb6298dde894b7ceed1a6,,labeled_extension,BN,BP,0.7126,0.6605924223257756,,joint,/home/thuy/Research/minh_data_synth/TabularDA/SDGym-research/data/simulated_paper/seed_43/alarm/ctgan_xonly_sample.csv,77dbb91c5343e1de1e263865856c9a8e19aa1580b6db60121536159830b55b5d,300.0
alarm,43,ctgan-rf,,,cuda,,,10000,-15.37749958637059,-12.776575949828954,/home/thuy/Research/minh_data_synth/TabularDA/SDGym-research/data/simulated_paper/seed_43/alarm/ctgan-rf_labeled.csv,df5f2556dbef783551876df0db732843940221f13f13d86221d9e74ef68d2931,,90c6cfa1ab23ba66c0c0693d230ae436d2709f18f37e29bb3668d8b5562d135d,db6ea4da9597cc6980068bc418f13f27730c8df0c00fb6298dde894b7ceed1a6,,labeled_extension,BN,BP,0.8055,0.744982103645893,,joint,/home/thuy/Research/minh_data_synth/TabularDA/SDGym-research/data/simulated_paper/seed_43/alarm/ctgan_xonly_sample.csv,77dbb91c5343e1de1e263865856c9a8e19aa1580b6db60121536159830b55b5d,300.0
alarm,43,ctgan-xgb,,,cuda,,,10000,-15.35880083589727,-12.820455991375379,/home/thuy/Research/minh_data_synth/TabularDA/SDGym-research/data/simulated_paper/seed_43/alarm/ctgan-xgb_labeled.csv,da8609a06571fb41163793e95576dae76f50ffcfac1aa4b1f8677e822962d41e,,90c6cfa1ab23ba66c0c0693d230ae436d2709f18f37e29bb3668d8b5562d135d,db6ea4da9597cc6980068bc418f13f27730c8df0c00fb6298dde894b7ceed1a6,,labeled_extension,BN,BP,0.8086,0.7485286197577063,,joint,/home/thuy/Research/minh_data_synth/TabularDA/SDGym-research/data/simulated_paper/seed_43/alarm/ctgan_xonly_sample.csv,77dbb91c5343e1de1e263865856c9a8e19aa1580b6db60121536159830b55b5d,300.0
alarm,43,ctgan-dnn,,,cuda,,,10000,-15.363902874572252,-12.806309196524282,/home/thuy/Research/minh_data_synth/TabularDA/SDGym-research/data/simulated_paper/seed_43/alarm/ctgan-dnn_labeled.csv,fda454c30d3c39ab5198c4f69ffaf41e69b16e69dbcb7c670dbedaa5e5d5d6e4,,90c6cfa1ab23ba66c0c0693d230ae436d2709f18f37e29bb3668d8b5562d135d,db6ea4da9597cc6980068bc418f13f27730c8df0c00fb6298dde894b7ceed1a6,,labeled_extension,BN,BP,0.7977,0.7579695397077991,,joint,/home/thuy/Research/minh_data_synth/TabularDA/SDGym-research/data/simulated_paper/seed_43/alarm/ctgan_xonly_sample.csv,77dbb91c5343e1de1e263865856c9a8e19aa1580b6db60121536159830b55b5d,300.0
alarm,43,ctgan-full-gaussian,,,cuda,,,10000,-15.236649724793525,-12.87621532210188,/home/thuy/Research/minh_data_synth/TabularDA/SDGym-research/data/simulated_paper/seed_43/alarm/ctgan-full-gaussian_labeled.csv,2a3f4b4de0beb26b9210271d96976288c369e80e1a6184f7667a7d24ba51a79b,,90c6cfa1ab23ba66c0c0693d230ae436d2709f18f37e29bb3668d8b5562d135d,db6ea4da9597cc6980068bc418f13f27730c8df0c00fb6298dde894b7ceed1a6,,labeled_extension,BN,BP,0.7155,0.6636992549951577,,joint,/home/thuy/Research/minh_data_synth/TabularDA/SDGym-research/data/simulated_paper/seed_43/alarm/ctgan_paper_sample.csv,aafce6599632a2ea2f169ae364a15d4247c16ef1a2279185f23573ea2a8bd7cf,300.0
alarm,43,ctgan-full-categorical,,,cuda,,,10000,-15.24440216169588,-12.930503582594381,/home/thuy/Research/minh_data_synth/TabularDA/SDGym-research/data/simulated_paper/seed_43/alarm/ctgan-full-categorical_labeled.csv,8cd1e9bf662a7e1f24c2ae95af1e2f6e80581ab96c9538885876a0085ff1b648,,90c6cfa1ab23ba66c0c0693d230ae436d2709f18f37e29bb3668d8b5562d135d,db6ea4da9597cc6980068bc418f13f27730c8df0c00fb6298dde894b7ceed1a6,,labeled_extension,BN,BP,0.7134,0.6594004150503376,,joint,/home/thuy/Research/minh_data_synth/TabularDA/SDGym-research/data/simulated_paper/seed_43/alarm/ctgan_paper_sample.csv,aafce6599632a2ea2f169ae364a15d4247c16ef1a2279185f23573ea2a8bd7cf,300.0
alarm,43,ctgan-full-pca_gmm,,,cuda,,,10000,-15.242323611906118,-12.921367067250301,/home/thuy/Research/minh_data_synth/TabularDA/SDGym-research/data/simulated_paper/seed_43/alarm/ctgan-full-pca_gmm_labeled.csv,97664b283edabd45481462067bbf56a291f2d5cfdeb1c0dfa29004a33ec10274,,90c6cfa1ab23ba66c0c0693d230ae436d2709f18f37e29bb3668d8b5562d135d,db6ea4da9597cc6980068bc418f13f27730c8df0c00fb6298dde894b7ceed1a6,,labeled_extension,BN,BP,0.7129,0.6596609157692704,,joint,/home/thuy/Research/minh_data_synth/TabularDA/SDGym-research/data/simulated_paper/seed_43/alarm/ctgan_paper_sample.csv,aafce6599632a2ea2f169ae364a15d4247c16ef1a2279185f23573ea2a8bd7cf,300.0
alarm,43,ctgan-full-rf,,,cuda,,,10000,-15.16715892802149,-12.895731708799252,/home/thuy/Research/minh_data_synth/TabularDA/SDGym-research/data/simulated_paper/seed_43/alarm/ctgan-full-rf_labeled.csv,3c08ed872c49c27a5cb64afaf4c7929663dc7c169e22000f57169cedca50a89d,,90c6cfa1ab23ba66c0c0693d230ae436d2709f18f37e29bb3668d8b5562d135d,db6ea4da9597cc6980068bc418f13f27730c8df0c00fb6298dde894b7ceed1a6,,labeled_extension,BN,BP,0.8057,0.7402251512668924,,joint,/home/thuy/Research/minh_data_synth/TabularDA/SDGym-research/data/simulated_paper/seed_43/alarm/ctgan_paper_sample.csv,aafce6599632a2ea2f169ae364a15d4247c16ef1a2279185f23573ea2a8bd7cf,300.0
alarm,43,ctgan-full-xgb,,,cuda,,,10000,-15.155978432597342,-12.915739355484847,/home/thuy/Research/minh_data_synth/TabularDA/SDGym-research/data/simulated_paper/seed_43/alarm/ctgan-full-xgb_labeled.csv,b5cca07ac117259549fafe2bff592e7fe9fc20a75f98c125bb31cbf76c4b22fb,,90c6cfa1ab23ba66c0c0693d230ae436d2709f18f37e29bb3668d8b5562d135d,db6ea4da9597cc6980068bc418f13f27730c8df0c00fb6298dde894b7ceed1a6,,labeled_extension,BN,BP,0.8097,0.7507922629228924,,joint,/home/thuy/Research/minh_data_synth/TabularDA/SDGym-research/data/simulated_paper/seed_43/alarm/ctgan_paper_sample.csv,aafce6599632a2ea2f169ae364a15d4247c16ef1a2279185f23573ea2a8bd7cf,300.0
alarm,43,ctgan-full-dnn,,,cuda,,,10000,-15.16348347970994,-12.924069504970815,/home/thuy/Research/minh_data_synth/TabularDA/SDGym-research/data/simulated_paper/seed_43/alarm/ctgan-full-dnn_labeled.csv,cbab715f8e015b80d1374ca78ee4d556a3d43632196264a00d09d8bad4385963,,90c6cfa1ab23ba66c0c0693d230ae436d2709f18f37e29bb3668d8b5562d135d,db6ea4da9597cc6980068bc418f13f27730c8df0c00fb6298dde894b7ceed1a6,,labeled_extension,BN,BP,0.798,0.7584544484518343,,joint,/home/thuy/Research/minh_data_synth/TabularDA/SDGym-research/data/simulated_paper/seed_43/alarm/ctgan_paper_sample.csv,aafce6599632a2ea2f169ae364a15d4247c16ef1a2279185f23573ea2a8bd7cf,300.0
alarm,43,tvae-full,,,cuda,,,10000,-11.35187604779925,-10.788867438765653,/home/thuy/Research/minh_data_synth/TabularDA/SDGym-research/data/simulated_paper/seed_43/alarm/tvae-full_labeled.csv,d76dd55db3e91c1132f971d4247fc0ce0c7d444282da3f89381164968cd25110,,90c6cfa1ab23ba66c0c0693d230ae436d2709f18f37e29bb3668d8b5562d135d,db6ea4da9597cc6980068bc418f13f27730c8df0c00fb6298dde894b7ceed1a6,,labeled_extension,BN,BP,0.7637,0.7236547259524281,,joint,/home/thuy/Research/minh_data_synth/TabularDA/SDGym-research/data/simulated_paper/seed_43/alarm/tvae_paper_sample.csv,d76dd55db3e91c1132f971d4247fc0ce0c7d444282da3f89381164968cd25110,300.0
alarm,43,tvae-gaussian,,,cuda,,,10000,-11.07054752065025,-10.88204841425343,/home/thuy/Research/minh_data_synth/TabularDA/SDGym-research/data/simulated_paper/seed_43/alarm/tvae-gaussian_labeled.csv,1fda3fb5ac6c0753289d181aacbadd8a12b8fade8933f5133b4d6759c79b005a,,90c6cfa1ab23ba66c0c0693d230ae436d2709f18f37e29bb3668d8b5562d135d,db6ea4da9597cc6980068bc418f13f27730c8df0c00fb6298dde894b7ceed1a6,,labeled_extension,BN,BP,0.7068,0.6554491893029404,,joint,/home/thuy/Research/minh_data_synth/TabularDA/SDGym-research/data/simulated_paper/seed_43/alarm/tvae_xonly_sample.csv,30d30f1b738927c58c4576d7fd1695116b743152507c951299d38054e5cc5e85,300.0
alarm,43,tvae-categorical,,,cuda,,,10000,-11.093544834894978,-10.909338225356617,/home/thuy/Research/minh_data_synth/TabularDA/SDGym-research/data/simulated_paper/seed_43/alarm/tvae-categorical_labeled.csv,10b5ab3412ba2d5764e47f9bd1be5b27ba4975959fe6fed6384f4b535ef8b24e,,90c6cfa1ab23ba66c0c0693d230ae436d2709f18f37e29bb3668d8b5562d135d,db6ea4da9597cc6980068bc418f13f27730c8df0c00fb6298dde894b7ceed1a6,,labeled_extension,BN,BP,0.7137,0.6602651492001361,,joint,/home/thuy/Research/minh_data_synth/TabularDA/SDGym-research/data/simulated_paper/seed_43/alarm/tvae_xonly_sample.csv,30d30f1b738927c58c4576d7fd1695116b743152507c951299d38054e5cc5e85,300.0
alarm,43,tvae-pca_gmm,,,cuda,,,10000,-11.0784180304864,-10.895872869493378,/home/thuy/Research/minh_data_synth/TabularDA/SDGym-research/data/simulated_paper/seed_43/alarm/tvae-pca_gmm_labeled.csv,6570753a6630f681b041bc125a9c8e9afaf3bccc6beed8f3ddd435e118f64012,,90c6cfa1ab23ba66c0c0693d230ae436d2709f18f37e29bb3668d8b5562d135d,db6ea4da9597cc6980068bc418f13f27730c8df0c00fb6298dde894b7ceed1a6,,labeled_extension,BN,BP,0.7159,0.662721425373615,,joint,/home/thuy/Research/minh_data_synth/TabularDA/SDGym-research/data/simulated_paper/seed_43/alarm/tvae_xonly_sample.csv,30d30f1b738927c58c4576d7fd1695116b743152507c951299d38054e5cc5e85,300.0
alarm,43,tvae-rf,,,cuda,,,10000,-10.808661768121905,-10.819878480553964,/home/thuy/Research/minh_data_synth/TabularDA/SDGym-research/data/simulated_paper/seed_43/alarm/tvae-rf_labeled.csv,425cd98711c4ab026932b044bdc98e61d4b702432e971ffb4f16517f0123accb,,90c6cfa1ab23ba66c0c0693d230ae436d2709f18f37e29bb3668d8b5562d135d,db6ea4da9597cc6980068bc418f13f27730c8df0c00fb6298dde894b7ceed1a6,,labeled_extension,BN,BP,0.7987,0.7419906816027021,,joint,/home/thuy/Research/minh_data_synth/TabularDA/SDGym-research/data/simulated_paper/seed_43/alarm/tvae_xonly_sample.csv,30d30f1b738927c58c4576d7fd1695116b743152507c951299d38054e5cc5e85,300.0
alarm,43,tvae-xgb,,,cuda,,,10000,-10.777595730923219,-10.919576771615656,/home/thuy/Research/minh_data_synth/TabularDA/SDGym-research/data/simulated_paper/seed_43/alarm/tvae-xgb_labeled.csv,1e1af6be8e9a9b47e5b8b3308826f1bc22096ac286caa5130150ee343fd14e9a,,90c6cfa1ab23ba66c0c0693d230ae436d2709f18f37e29bb3668d8b5562d135d,db6ea4da9597cc6980068bc418f13f27730c8df0c00fb6298dde894b7ceed1a6,,labeled_extension,BN,BP,0.8078,0.7502449926290066,,joint,/home/thuy/Research/minh_data_synth/TabularDA/SDGym-research/data/simulated_paper/seed_43/alarm/tvae_xonly_sample.csv,30d30f1b738927c58c4576d7fd1695116b743152507c951299d38054e5cc5e85,300.0
alarm,43,tvae-dnn,,,cuda,,,10000,-10.777967628677413,-11.108385087935565,/home/thuy/Research/minh_data_synth/TabularDA/SDGym-research/data/simulated_paper/seed_43/alarm/tvae-dnn_labeled.csv,d756793eb9836d93dbba779fe52d1230def44393d2fd46ae3b0181648ecdd8c5,,90c6cfa1ab23ba66c0c0693d230ae436d2709f18f37e29bb3668d8b5562d135d,db6ea4da9597cc6980068bc418f13f27730c8df0c00fb6298dde894b7ceed1a6,,labeled_extension,BN,BP,0.8,0.7585129855268002,,joint,/home/thuy/Research/minh_data_synth/TabularDA/SDGym-research/data/simulated_paper/seed_43/alarm/tvae_xonly_sample.csv,30d30f1b738927c58c4576d7fd1695116b743152507c951299d38054e5cc5e85,300.0
alarm,43,tvae-full-gaussian,,,cuda,,,10000,-11.309542343520114,-10.910618640476654,/home/thuy/Research/minh_data_synth/TabularDA/SDGym-research/data/simulated_paper/seed_43/alarm/tvae-full-gaussian_labeled.csv,615ead405380a3ef123c0b19d0de667877679901d779a66107277026e50661b0,,90c6cfa1ab23ba66c0c0693d230ae436d2709f18f37e29bb3668d8b5562d135d,db6ea4da9597cc6980068bc418f13f27730c8df0c00fb6298dde894b7ceed1a6,,labeled_extension,BN,BP,0.7091,0.6588992725195199,,joint,/home/thuy/Research/minh_data_synth/TabularDA/SDGym-research/data/simulated_paper/seed_43/alarm/tvae_paper_sample.csv,d76dd55db3e91c1132f971d4247fc0ce0c7d444282da3f89381164968cd25110,300.0
alarm,43,tvae-full-categorical,,,cuda,,,10000,-11.337749883599896,-10.934245923682054,/home/thuy/Research/minh_data_synth/TabularDA/SDGym-research/data/simulated_paper/seed_43/alarm/tvae-full-categorical_labeled.csv,2a4ca29bbc81698c76ee41c69f076e3ed6bf776096638e1b8675ec4805a7247f,,90c6cfa1ab23ba66c0c0693d230ae436d2709f18f37e29bb3668d8b5562d135d,db6ea4da9597cc6980068bc418f13f27730c8df0c00fb6298dde894b7ceed1a6,,labeled_extension,BN,BP,0.7159,0.662522606384901,,joint,/home/thuy/Research/minh_data_synth/TabularDA/SDGym-research/data/simulated_paper/seed_43/alarm/tvae_paper_sample.csv,d76dd55db3e91c1132f971d4247fc0ce0c7d444282da3f89381164968cd25110,300.0
alarm,43,tvae-full-pca_gmm,,,cuda,,,10000,-11.324923524093808,-10.923876908051263,/home/thuy/Research/minh_data_synth/TabularDA/SDGym-research/data/simulated_paper/seed_43/alarm/tvae-full-pca_gmm_labeled.csv,9a9e8d02192a37761635e2f69905c9ec503e76b005b94b174f549e967c01097a,,90c6cfa1ab23ba66c0c0693d230ae436d2709f18f37e29bb3668d8b5562d135d,db6ea4da9597cc6980068bc418f13f27730c8df0c00fb6298dde894b7ceed1a6,,labeled_extension,BN,BP,0.7159,0.662981184369532,,joint,/home/thuy/Research/minh_data_synth/TabularDA/SDGym-research/data/simulated_paper/seed_43/alarm/tvae_paper_sample.csv,d76dd55db3e91c1132f971d4247fc0ce0c7d444282da3f89381164968cd25110,300.0
alarm,43,tvae-full-rf,,,cuda,,,10000,-11.090169349896303,-10.87917923351692,/home/thuy/Research/minh_data_synth/TabularDA/SDGym-research/data/simulated_paper/seed_43/alarm/tvae-full-rf_labeled.csv,db085d6bebf641d436ae08b032017c89862deabeaac54c23ad42d7d9c4f2b63d,,90c6cfa1ab23ba66c0c0693d230ae436d2709f18f37e29bb3668d8b5562d135d,db6ea4da9597cc6980068bc418f13f27730c8df0c00fb6298dde894b7ceed1a6,,labeled_extension,BN,BP,0.7975,0.7394319536916534,,joint,/home/thuy/Research/minh_data_synth/TabularDA/SDGym-research/data/simulated_paper/seed_43/alarm/tvae_paper_sample.csv,d76dd55db3e91c1132f971d4247fc0ce0c7d444282da3f89381164968cd25110,300.0
alarm,43,tvae-full-xgb,,,cuda,,,10000,-11.058138400809607,-11.024022741781813,/home/thuy/Research/minh_data_synth/TabularDA/SDGym-research/data/simulated_paper/seed_43/alarm/tvae-full-xgb_labeled.csv,0f6999cce7990d2c840ac967d4222d19c34a650f999f3eefed11f5c8e6b28fd3,,90c6cfa1ab23ba66c0c0693d230ae436d2709f18f37e29bb3668d8b5562d135d,db6ea4da9597cc6980068bc418f13f27730c8df0c00fb6298dde894b7ceed1a6,,labeled_extension,BN,BP,0.808,0.7503409629085498,,joint,/home/thuy/Research/minh_data_synth/TabularDA/SDGym-research/data/simulated_paper/seed_43/alarm/tvae_paper_sample.csv,d76dd55db3e91c1132f971d4247fc0ce0c7d444282da3f89381164968cd25110,300.0
alarm,43,tvae-full-dnn,,,cuda,,,10000,-11.063600360827074,-11.164855010048667,/home/thuy/Research/minh_data_synth/TabularDA/SDGym-research/data/simulated_paper/seed_43/alarm/tvae-full-dnn_labeled.csv,43125ae7caf5bc1c2e7c840cc28b159d5dc56e97d05c559d4e1ba1fde021a143,,90c6cfa1ab23ba66c0c0693d230ae436d2709f18f37e29bb3668d8b5562d135d,db6ea4da9597cc6980068bc418f13f27730c8df0c00fb6298dde894b7ceed1a6,,labeled_extension,BN,BP,0.7987,0.7572249354716977,,joint,/home/thuy/Research/minh_data_synth/TabularDA/SDGym-research/data/simulated_paper/seed_43/alarm/tvae_paper_sample.csv,d76dd55db3e91c1132f971d4247fc0ce0c7d444282da3f89381164968cd25110,300.0
child,43,identity,,,,10000.0,10000.0,10000,-12.021944526055924,-12.12996793930748,/home/thuy/Research/minh_data_synth/TabularDA/SDGym-research/data/simulated_paper/seed_43/child/train.csv,f0d3a0ebe13b2a97f150c3974183d33cc49eac124176d3c51f10aabe4df4dea4,432c22e661cd0e8235c8d95599ac22ccc261002459f5c4e6e7235b057908fe6e,f0d3a0ebe13b2a97f150c3974183d33cc49eac124176d3c51f10aabe4df4dea4,bd2f9d0effe2d9751181d544d345d3e34c3e8dca976bb57ca143e72f09e80769,"{'numpy': '1.26.4', 'pandas': '2.2.3', 'scikit-learn': '1.5.2', 'pgmpy': '0.1.26'}",paper,BN,,,,,,,,
child,43,ctgan,300.0,500.0,cuda,10000.0,10000.0,10000,-13.309661011986941,-12.714191589627328,/home/thuy/Research/minh_data_synth/TabularDA/SDGym-research/data/simulated_paper/seed_43/child/ctgan_paper_sample.csv,f29f7c7471df3ee5490c7d4abc7b90190dac7327729fa6b9d78dcc5afa4548c9,432c22e661cd0e8235c8d95599ac22ccc261002459f5c4e6e7235b057908fe6e,f0d3a0ebe13b2a97f150c3974183d33cc49eac124176d3c51f10aabe4df4dea4,bd2f9d0effe2d9751181d544d345d3e34c3e8dca976bb57ca143e72f09e80769,"{'numpy': '1.26.4', 'pandas': '2.2.3', 'scikit-learn': '1.5.2', 'pgmpy': '0.1.26', 'ctgan': '0.10.2', 'torch': '2.5.1'}",paper,BN,,,,,,,,
child,43,tvae,300.0,500.0,cuda,10000.0,10000.0,10000,-12.466056980072311,-12.42638696332375,/home/thuy/Research/minh_data_synth/TabularDA/SDGym-research/data/simulated_paper/seed_43/child/tvae_paper_sample.csv,d50e9efe7305a6c34f544f3368f8fa09a2f4ad1966d97d4ddda49ebc7086d13c,432c22e661cd0e8235c8d95599ac22ccc261002459f5c4e6e7235b057908fe6e,f0d3a0ebe13b2a97f150c3974183d33cc49eac124176d3c51f10aabe4df4dea4,bd2f9d0effe2d9751181d544d345d3e34c3e8dca976bb57ca143e72f09e80769,"{'numpy': '1.26.4', 'pandas': '2.2.3', 'scikit-learn': '1.5.2', 'pgmpy': '0.1.26', 'ctgan': '0.10.2', 'torch': '2.5.1'}",paper,BN,,,,,,,,
child,43,ctgan-full,,,cuda,,,10000,-13.309661011986941,-12.714191589627328,/home/thuy/Research/minh_data_synth/TabularDA/SDGym-research/data/simulated_paper/seed_43/child/ctgan-full_labeled.csv,f29f7c7471df3ee5490c7d4abc7b90190dac7327729fa6b9d78dcc5afa4548c9,,f0d3a0ebe13b2a97f150c3974183d33cc49eac124176d3c51f10aabe4df4dea4,bd2f9d0effe2d9751181d544d345d3e34c3e8dca976bb57ca143e72f09e80769,,labeled_extension,BN,Disease,0.8044,0.697240240531983,,joint,/home/thuy/Research/minh_data_synth/TabularDA/SDGym-research/data/simulated_paper/seed_43/child/ctgan_paper_sample.csv,f29f7c7471df3ee5490c7d4abc7b90190dac7327729fa6b9d78dcc5afa4548c9,300.0
child,43,ctgan-gaussian,,,cuda,,,10000,-14.331568933038724,-13.251850940421207,/home/thuy/Research/minh_data_synth/TabularDA/SDGym-research/data/simulated_paper/seed_43/child/ctgan-gaussian_labeled.csv,c28c333fc95537276fba3c4d68d2d4d6ff8d0adcd5547b71d21d8590cd3ab391,,f0d3a0ebe13b2a97f150c3974183d33cc49eac124176d3c51f10aabe4df4dea4,bd2f9d0effe2d9751181d544d345d3e34c3e8dca976bb57ca143e72f09e80769,,labeled_extension,BN,Disease,0.7384,0.7159609846484924,,joint,/home/thuy/Research/minh_data_synth/TabularDA/SDGym-research/data/simulated_paper/seed_43/child/ctgan_xonly_sample.csv,8df39fd5ebf3da44594104040c20e97e88413bf10827c4cb99b210ad0b5bdf07,300.0
child,43,ctgan-categorical,,,cuda,,,10000,-14.015518809371116,-12.946254862841714,/home/thuy/Research/minh_data_synth/TabularDA/SDGym-research/data/simulated_paper/seed_43/child/ctgan-categorical_labeled.csv,4ef7fb68cd767ede3d882aa0cea3a71b45ba65a774e6690b3648251884e9db65,,f0d3a0ebe13b2a97f150c3974183d33cc49eac124176d3c51f10aabe4df4dea4,bd2f9d0effe2d9751181d544d345d3e34c3e8dca976bb57ca143e72f09e80769,,labeled_extension,BN,Disease,0.8431,0.7614810865670011,,joint,/home/thuy/Research/minh_data_synth/TabularDA/SDGym-research/data/simulated_paper/seed_43/child/ctgan_xonly_sample.csv,8df39fd5ebf3da44594104040c20e97e88413bf10827c4cb99b210ad0b5bdf07,300.0
child,43,ctgan-pca_gmm,,,cuda,,,10000,-14.000585654874692,-12.928626733013592,/home/thuy/Research/minh_data_synth/TabularDA/SDGym-research/data/simulated_paper/seed_43/child/ctgan-pca_gmm_labeled.csv,52802117196e63fb9c824510a8989d3934e3fe1e7319047fe93c2265e72d1543,,f0d3a0ebe13b2a97f150c3974183d33cc49eac124176d3c51f10aabe4df4dea4,bd2f9d0effe2d9751181d544d345d3e34c3e8dca976bb57ca143e72f09e80769,,labeled_extension,BN,Disease,0.8561,0.7921143021000249,,joint,/home/thuy/Research/minh_data_synth/TabularDA/SDGym-research/data/simulated_paper/seed_43/child/ctgan_xonly_sample.csv,8df39fd5ebf3da44594104040c20e97e88413bf10827c4cb99b210ad0b5bdf07,300.0
child,43,ctgan-rf,,,cuda,,,10000,-13.929467242905195,-12.904755197978647,/home/thuy/Research/minh_data_synth/TabularDA/SDGym-research/data/simulated_paper/seed_43/child/ctgan-rf_labeled.csv,ae10adaa93f9d859ff840b357c97da59ff0591527373e1fad9433a43beb0fd53,,f0d3a0ebe13b2a97f150c3974183d33cc49eac124176d3c51f10aabe4df4dea4,bd2f9d0effe2d9751181d544d345d3e34c3e8dca976bb57ca143e72f09e80769,,labeled_extension,BN,Disease,0.8791,0.8242186937254267,,joint,/home/thuy/Research/minh_data_synth/TabularDA/SDGym-research/data/simulated_paper/seed_43/child/ctgan_xonly_sample.csv,8df39fd5ebf3da44594104040c20e97e88413bf10827c4cb99b210ad0b5bdf07,300.0
child,43,ctgan-xgb,,,cuda,,,10000,-13.942998140355526,-12.890303615233917,/home/thuy/Research/minh_data_synth/TabularDA/SDGym-research/data/simulated_paper/seed_43/child/ctgan-xgb_labeled.csv,866cb303cbb1e1180871c70bdf763ad285b338f8ee6d76a12cba9adf7c5dd1e1,,f0d3a0ebe13b2a97f150c3974183d33cc49eac124176d3c51f10aabe4df4dea4,bd2f9d0effe2d9751181d544d345d3e34c3e8dca976bb57ca143e72f09e80769,,labeled_extension,BN,Disease,0.8769,0.820543542060706,,joint,/home/thuy/Research/minh_data_synth/TabularDA/SDGym-research/data/simulated_paper/seed_43/child/ctgan_xonly_sample.csv,8df39fd5ebf3da44594104040c20e97e88413bf10827c4cb99b210ad0b5bdf07,300.0
child,43,ctgan-dnn,,,cuda,,,10000,-13.916630422030735,-12.939744968674919,/home/thuy/Research/minh_data_synth/TabularDA/SDGym-research/data/simulated_paper/seed_43/child/ctgan-dnn_labeled.csv,410220f1db1e6f8277fc997e06addaf295e1bbb7d602fbcd667406a174d66d26,,f0d3a0ebe13b2a97f150c3974183d33cc49eac124176d3c51f10aabe4df4dea4,bd2f9d0effe2d9751181d544d345d3e34c3e8dca976bb57ca143e72f09e80769,,labeled_extension,BN,Disease,0.8797,0.832161275572794,,joint,/home/thuy/Research/minh_data_synth/TabularDA/SDGym-research/data/simulated_paper/seed_43/child/ctgan_xonly_sample.csv,8df39fd5ebf3da44594104040c20e97e88413bf10827c4cb99b210ad0b5bdf07,300.0
child,43,ctgan-full-gaussian,,,cuda,,,10000,-13.191014659298592,-12.91983096836541,/home/thuy/Research/minh_data_synth/TabularDA/SDGym-research/data/simulated_paper/seed_43/child/ctgan-full-gaussian_labeled.csv,5b5b89bc7d01d586d99007c33ca24de26f924ac60fa72ddeaf5f778d4ac7b111,,f0d3a0ebe13b2a97f150c3974183d33cc49eac124176d3c51f10aabe4df4dea4,bd2f9d0effe2d9751181d544d345d3e34c3e8dca976bb57ca143e72f09e80769,,labeled_extension,BN,Disease,0.7453,0.7274191492625235,,joint,/home/thuy/Research/minh_data_synth/TabularDA/SDGym-research/data/simulated_paper/seed_43/child/ctgan_paper_sample.csv,f29f7c7471df3ee5490c7d4abc7b90190dac7327729fa6b9d78dcc5afa4548c9,300.0
child,43,ctgan-full-categorical,,,cuda,,,10000,-12.932543674529402,-12.670635095045709,/home/thuy/Research/minh_data_synth/TabularDA/SDGym-research/data/simulated_paper/seed_43/child/ctgan-full-categorical_labeled.csv,81cb0ab78f3e56466572252f3ffcd75191819c9167e4919a705c4506a1d94dfc,,f0d3a0ebe13b2a97f150c3974183d33cc49eac124176d3c51f10aabe4df4dea4,bd2f9d0effe2d9751181d544d345d3e34c3e8dca976bb57ca143e72f09e80769,,labeled_extension,BN,Disease,0.8433,0.766365446636743,,joint,/home/thuy/Research/minh_data_synth/TabularDA/SDGym-research/data/simulated_paper/seed_43/child/ctgan_paper_sample.csv,f29f7c7471df3ee5490c7d4abc7b90190dac7327729fa6b9d78dcc5afa4548c9,300.0
child,43,ctgan-full-pca_gmm,,,cuda,,,10000,-12.90762563296623,-12.654490312505605,/home/thuy/Research/minh_data_synth/TabularDA/SDGym-research/data/simulated_paper/seed_43/child/ctgan-full-pca_gmm_labeled.csv,d8fadfee0ff1a96b29f87b85d01f430ef2a2d841d69a87c06f69e35419aafd88,,f0d3a0ebe13b2a97f150c3974183d33cc49eac124176d3c51f10aabe4df4dea4,bd2f9d0effe2d9751181d544d345d3e34c3e8dca976bb57ca143e72f09e80769,,labeled_extension,BN,Disease,0.8488,0.7781063280820365,,joint,/home/thuy/Research/minh_data_synth/TabularDA/SDGym-research/data/simulated_paper/seed_43/child/ctgan_paper_sample.csv,f29f7c7471df3ee5490c7d4abc7b90190dac7327729fa6b9d78dcc5afa4548c9,300.0
child,43,ctgan-full-rf,,,cuda,,,10000,-12.829951212979449,-12.642935611981995,/home/thuy/Research/minh_data_synth/TabularDA/SDGym-research/data/simulated_paper/seed_43/child/ctgan-full-rf_labeled.csv,0d2eb7721a535d81c70e440d7a659250d9cce687295e8dfe4bb380c166e13fcc,,f0d3a0ebe13b2a97f150c3974183d33cc49eac124176d3c51f10aabe4df4dea4,bd2f9d0effe2d9751181d544d345d3e34c3e8dca976bb57ca143e72f09e80769,,labeled_extension,BN,Disease,0.8762,0.8190169450360824,,joint,/home/thuy/Research/minh_data_synth/TabularDA/SDGym-research/data/simulated_paper/seed_43/child/ctgan_paper_sample.csv,f29f7c7471df3ee5490c7d4abc7b90190dac7327729fa6b9d78dcc5afa4548c9,300.0
child,43,ctgan-full-xgb,,,cuda,,,10000,-12.836555835236304,-12.627633215645107,/home/thuy/Research/minh_data_synth/TabularDA/SDGym-research/data/simulated_paper/seed_43/child/ctgan-full-xgb_labeled.csv,431b89a136c4d93b99c008c47af6b0a483c3c1d1810483805280348c37d064ae,,f0d3a0ebe13b2a97f150c3974183d33cc49eac124176d3c51f10aabe4df4dea4,bd2f9d0effe2d9751181d544d345d3e34c3e8dca976bb57ca143e72f09e80769,,labeled_extension,BN,Disease,0.8802,0.8250269868157515,,joint,/home/thuy/Research/minh_data_synth/TabularDA/SDGym-research/data/simulated_paper/seed_43/child/ctgan_paper_sample.csv,f29f7c7471df3ee5490c7d4abc7b90190dac7327729fa6b9d78dcc5afa4548c9,300.0
child,43,ctgan-full-dnn,,,cuda,,,10000,-12.816158530580744,-12.69849967076545,/home/thuy/Research/minh_data_synth/TabularDA/SDGym-research/data/simulated_paper/seed_43/child/ctgan-full-dnn_labeled.csv,ca8f82b7260e27e423b3c0cd87f154025addaa694ce7d57b974757b922586ebe,,f0d3a0ebe13b2a97f150c3974183d33cc49eac124176d3c51f10aabe4df4dea4,bd2f9d0effe2d9751181d544d345d3e34c3e8dca976bb57ca143e72f09e80769,,labeled_extension,BN,Disease,0.8787,0.8310626921924921,,joint,/home/thuy/Research/minh_data_synth/TabularDA/SDGym-research/data/simulated_paper/seed_43/child/ctgan_paper_sample.csv,f29f7c7471df3ee5490c7d4abc7b90190dac7327729fa6b9d78dcc5afa4548c9,300.0
child,43,tvae-full,,,cuda,,,10000,-12.466056980072311,-12.42638696332375,/home/thuy/Research/minh_data_synth/TabularDA/SDGym-research/data/simulated_paper/seed_43/child/tvae-full_labeled.csv,d50e9efe7305a6c34f544f3368f8fa09a2f4ad1966d97d4ddda49ebc7086d13c,,f0d3a0ebe13b2a97f150c3974183d33cc49eac124176d3c51f10aabe4df4dea4,bd2f9d0effe2d9751181d544d345d3e34c3e8dca976bb57ca143e72f09e80769,,labeled_extension,BN,Disease,0.8031,0.7569540699859711,,joint,/home/thuy/Research/minh_data_synth/TabularDA/SDGym-research/data/simulated_paper/seed_43/child/tvae_paper_sample.csv,d50e9efe7305a6c34f544f3368f8fa09a2f4ad1966d97d4ddda49ebc7086d13c,300.0
child,43,tvae-gaussian,,,cuda,,,10000,-12.707724502360659,-12.608036682930315,/home/thuy/Research/minh_data_synth/TabularDA/SDGym-research/data/simulated_paper/seed_43/child/tvae-gaussian_labeled.csv,fd5182c7ab274710ed7ea08fdff04e4e5088591af1b4a06ba2aa5f9210114571,,f0d3a0ebe13b2a97f150c3974183d33cc49eac124176d3c51f10aabe4df4dea4,bd2f9d0effe2d9751181d544d345d3e34c3e8dca976bb57ca143e72f09e80769,,labeled_extension,BN,Disease,0.7417,0.7209782377322601,,joint,/home/thuy/Research/minh_data_synth/TabularDA/SDGym-research/data/simulated_paper/seed_43/child/tvae_xonly_sample.csv,e0b3f568e9900748fa8b810f7dbbc57981a25e726ca2005275579c72d42881c6,300.0
child,43,tvae-categorical,,,cuda,,,10000,-12.3498239150178,-12.359385442752721,/home/thuy/Research/minh_data_synth/TabularDA/SDGym-research/data/simulated_paper/seed_43/child/tvae-categorical_labeled.csv,bbe2e60998d00b17175ac230a20844ba175579c69e0256f260b2a9c3f2440743,,f0d3a0ebe13b2a97f150c3974183d33cc49eac124176d3c51f10aabe4df4dea4,bd2f9d0effe2d9751181d544d345d3e34c3e8dca976bb57ca143e72f09e80769,,labeled_extension,BN,Disease,0.8447,0.7690314479841375,,joint,/home/thuy/Research/minh_data_synth/TabularDA/SDGym-research/data/simulated_paper/seed_43/child/tvae_xonly_sample.csv,e0b3f568e9900748fa8b810f7dbbc57981a25e726ca2005275579c72d42881c6,300.0
child,43,tvae-pca_gmm,,,cuda,,,10000,-12.334317209137431,-12.344039243970869,/home/thuy/Research/minh_data_synth/TabularDA/SDGym-research/data/simulated_paper/seed_43/child/tvae-pca_gmm_labeled.csv,4c1b42de3ce2e86e0b1c38dff2fd322b31dbcac2a4912e774c0a9eaa84533252,,f0d3a0ebe13b2a97f150c3974183d33cc49eac124176d3c51f10aabe4df4dea4,bd2f9d0effe2d9751181d544d345d3e34c3e8dca976bb57ca143e72f09e80769,,labeled_extension,BN,Disease,0.8496,0.7817793491383966,,joint,/home/thuy/Research/minh_data_synth/TabularDA/SDGym-research/data/simulated_paper/seed_43/child/tvae_xonly_sample.csv,e0b3f568e9900748fa8b810f7dbbc57981a25e726ca2005275579c72d42881c6,300.0
child,43,tvae-rf,,,cuda,,,10000,-12.246921516919864,-12.297793340371793,/home/thuy/Research/minh_data_synth/TabularDA/SDGym-research/data/simulated_paper/seed_43/child/tvae-rf_labeled.csv,274dbdb074109e9bb812e7a459db4eca8b0d6e9b9bbc27625de15a61e8e7bf6f,,f0d3a0ebe13b2a97f150c3974183d33cc49eac124176d3c51f10aabe4df4dea4,bd2f9d0effe2d9751181d544d345d3e34c3e8dca976bb57ca143e72f09e80769,,labeled_extension,BN,Disease,0.8783,0.8308093920079297,,joint,/home/thuy/Research/minh_data_synth/TabularDA/SDGym-research/data/simulated_paper/seed_43/child/tvae_xonly_sample.csv,e0b3f568e9900748fa8b810f7dbbc57981a25e726ca2005275579c72d42881c6,300.0
child,43,tvae-xgb,,,cuda,,,10000,-12.2487811379921,-12.298951835937977,/home/thuy/Research/minh_data_synth/TabularDA/SDGym-research/data/simulated_paper/seed_43/child/tvae-xgb_labeled.csv,7cca35ffc61106ff8dc451875fd6914dbbed8589c4ebaa95a4268501071a0b3a,,f0d3a0ebe13b2a97f150c3974183d33cc49eac124176d3c51f10aabe4df4dea4,bd2f9d0effe2d9751181d544d345d3e34c3e8dca976bb57ca143e72f09e80769,,labeled_extension,BN,Disease,0.8801,0.8284254307146934,,joint,/home/thuy/Research/minh_data_synth/TabularDA/SDGym-research/data/simulated_paper/seed_43/child/tvae_xonly_sample.csv,e0b3f568e9900748fa8b810f7dbbc57981a25e726ca2005275579c72d42881c6,300.0
child,43,tvae-dnn,,,cuda,,,10000,-12.230591755799596,-12.340251215927518,/home/thuy/Research/minh_data_synth/TabularDA/SDGym-research/data/simulated_paper/seed_43/child/tvae-dnn_labeled.csv,7a389a1593da260ca105301712948b2876acd067d70f431e68cc58c730f5b589,,f0d3a0ebe13b2a97f150c3974183d33cc49eac124176d3c51f10aabe4df4dea4,bd2f9d0effe2d9751181d544d345d3e34c3e8dca976bb57ca143e72f09e80769,,labeled_extension,BN,Disease,0.8783,0.8311767103607103,,joint,/home/thuy/Research/minh_data_synth/TabularDA/SDGym-research/data/simulated_paper/seed_43/child/tvae_xonly_sample.csv,e0b3f568e9900748fa8b810f7dbbc57981a25e726ca2005275579c72d42881c6,300.0
child,43,tvae-full-gaussian,,,cuda,,,10000,-12.46838575151091,-12.648747346105717,/home/thuy/Research/minh_data_synth/TabularDA/SDGym-research/data/simulated_paper/seed_43/child/tvae-full-gaussian_labeled.csv,07bd1b57ff9bc9be124e4b7ab5e0ff2cffa154d20f92cbdc1462eac3bcce8722,,f0d3a0ebe13b2a97f150c3974183d33cc49eac124176d3c51f10aabe4df4dea4,bd2f9d0effe2d9751181d544d345d3e34c3e8dca976bb57ca143e72f09e80769,,labeled_extension,BN,Disease,0.7433,0.7194882622250011,,joint,/home/thuy/Research/minh_data_synth/TabularDA/SDGym-research/data/simulated_paper/seed_43/child/tvae_paper_sample.csv,d50e9efe7305a6c34f544f3368f8fa09a2f4ad1966d97d4ddda49ebc7086d13c,300.0
child,43,tvae-full-categorical,,,cuda,,,10000,-12.13707677332286,-12.38959250867332,/home/thuy/Research/minh_data_synth/TabularDA/SDGym-research/data/simulated_paper/seed_43/child/tvae-full-categorical_labeled.csv,4c311d44741bb4bf8f8dc7ef92bdb82265844e8df7bf6fe688a1345128dc6948,,f0d3a0ebe13b2a97f150c3974183d33cc49eac124176d3c51f10aabe4df4dea4,bd2f9d0effe2d9751181d544d345d3e34c3e8dca976bb57ca143e72f09e80769,,labeled_extension,BN,Disease,0.8416,0.7622753071706998,,joint,/home/thuy/Research/minh_data_synth/TabularDA/SDGym-research/data/simulated_paper/seed_43/child/tvae_paper_sample.csv,d50e9efe7305a6c34f544f3368f8fa09a2f4ad1966d97d4ddda49ebc7086d13c,300.0
child,43,tvae-full-pca_gmm,,,cuda,,,10000,-12.116825307047506,-12.375457547012394,/home/thuy/Research/minh_data_synth/TabularDA/SDGym-research/data/simulated_paper/seed_43/child/tvae-full-pca_gmm_labeled.csv,8512c4b831c7ef212951f6615fb491532b7d6c65e23eef979872d4fc260c8040,,f0d3a0ebe13b2a97f150c3974183d33cc49eac124176d3c51f10aabe4df4dea4,bd2f9d0effe2d9751181d544d345d3e34c3e8dca976bb57ca143e72f09e80769,,labeled_extension,BN,Disease,0.85,0.7814271442006343,,joint,/home/thuy/Research/minh_data_synth/TabularDA/SDGym-research/data/simulated_paper/seed_43/child/tvae_paper_sample.csv,d50e9efe7305a6c34f544f3368f8fa09a2f4ad1966d97d4ddda49ebc7086d13c,300.0
child,43,tvae-full-rf,,,cuda,,,10000,-12.013228039190622,-12.332310580258174,/home/thuy/Research/minh_data_synth/TabularDA/SDGym-research/data/simulated_paper/seed_43/child/tvae-full-rf_labeled.csv,298a3495ebde75825611faae3e5551ce616f0b31c1fe7e798e1ec45ec61dd4f7,,f0d3a0ebe13b2a97f150c3974183d33cc49eac124176d3c51f10aabe4df4dea4,bd2f9d0effe2d9751181d544d345d3e34c3e8dca976bb57ca143e72f09e80769,,labeled_extension,BN,Disease,0.8769,0.8214175048179834,,joint,/home/thuy/Research/minh_data_synth/TabularDA/SDGym-research/data/simulated_paper/seed_43/child/tvae_paper_sample.csv,d50e9efe7305a6c34f544f3368f8fa09a2f4ad1966d97d4ddda49ebc7086d13c,300.0
child,43,tvae-full-xgb,,,cuda,,,10000,-12.011525729558178,-12.323607059192359,/home/thuy/Research/minh_data_synth/TabularDA/SDGym-research/data/simulated_paper/seed_43/child/tvae-full-xgb_labeled.csv,1e794ff4f503e87510a2d07fb9d3d21c349c0fd3cfa05d9576180b2a4c0c92a9,,f0d3a0ebe13b2a97f150c3974183d33cc49eac124176d3c51f10aabe4df4dea4,bd2f9d0effe2d9751181d544d345d3e34c3e8dca976bb57ca143e72f09e80769,,labeled_extension,BN,Disease,0.8809,0.8293084439299685,,joint,/home/thuy/Research/minh_data_synth/TabularDA/SDGym-research/data/simulated_paper/seed_43/child/tvae_paper_sample.csv,d50e9efe7305a6c34f544f3368f8fa09a2f4ad1966d97d4ddda49ebc7086d13c,300.0
child,43,tvae-full-dnn,,,cuda,,,10000,-11.994882206161769,-12.37494587235206,/home/thuy/Research/minh_data_synth/TabularDA/SDGym-research/data/simulated_paper/seed_43/child/tvae-full-dnn_labeled.csv,d1c96a505935cd46a5c75434f4ed30417c21aae24ee436e1fd979f268edfb483,,f0d3a0ebe13b2a97f150c3974183d33cc49eac124176d3c51f10aabe4df4dea4,bd2f9d0effe2d9751181d544d345d3e34c3e8dca976bb57ca143e72f09e80769,,labeled_extension,BN,Disease,0.8813,0.833270874734282,,joint,/home/thuy/Research/minh_data_synth/TabularDA/SDGym-research/data/simulated_paper/seed_43/child/tvae_paper_sample.csv,d50e9efe7305a6c34f544f3368f8fa09a2f4ad1966d97d4ddda49ebc7086d13c,300.0
insurance,43,identity,,,,10000.0,10000.0,10000,-12.848343127078042,-12.945443411533361,/home/thuy/Research/minh_data_synth/TabularDA/SDGym-research/data/simulated_paper/seed_43/insurance/train.csv,bb17fd8a10df58783d08e378d86955cc0821f6bd3045a8b0f06bcd34829d65d4,39f9e706e9208e720a55a98b6811188b33a7292335a53373a9343a0c7065dab4,bb17fd8a10df58783d08e378d86955cc0821f6bd3045a8b0f06bcd34829d65d4,e34de6dcf920be0c0fc911724cdc1a22be813d3bdc4fb1cd74c6e94149f2e0a0,"{'numpy': '1.26.4', 'pandas': '2.2.3', 'scikit-learn': '1.5.2', 'pgmpy': '0.1.26'}",paper,BN,,,,,,,,
insurance,43,ctgan,300.0,500.0,cuda,10000.0,10000.0,10000,-16.950690959404533,-14.959722420165022,/home/thuy/Research/minh_data_synth/TabularDA/SDGym-research/data/simulated_paper/seed_43/insurance/ctgan_paper_sample.csv,993715a75f03ec19a3b960e0d1bebb392ac1bb6da9835fa6a27529f8068f52ce,39f9e706e9208e720a55a98b6811188b33a7292335a53373a9343a0c7065dab4,bb17fd8a10df58783d08e378d86955cc0821f6bd3045a8b0f06bcd34829d65d4,e34de6dcf920be0c0fc911724cdc1a22be813d3bdc4fb1cd74c6e94149f2e0a0,"{'numpy': '1.26.4', 'pandas': '2.2.3', 'scikit-learn': '1.5.2', 'pgmpy': '0.1.26', 'ctgan': '0.10.2', 'torch': '2.5.1'}",paper,BN,,,,,,,,
insurance,43,tvae,300.0,500.0,cuda,10000.0,10000.0,10000,-14.548977483143853,-14.087433224240304,/home/thuy/Research/minh_data_synth/TabularDA/SDGym-research/data/simulated_paper/seed_43/insurance/tvae_paper_sample.csv,ca5e1bd7ec686a38edf6ee4b9891467b02a51e441105d0529de6b686d1db5ba8,39f9e706e9208e720a55a98b6811188b33a7292335a53373a9343a0c7065dab4,bb17fd8a10df58783d08e378d86955cc0821f6bd3045a8b0f06bcd34829d65d4,e34de6dcf920be0c0fc911724cdc1a22be813d3bdc4fb1cd74c6e94149f2e0a0,"{'numpy': '1.26.4', 'pandas': '2.2.3', 'scikit-learn': '1.5.2', 'pgmpy': '0.1.26', 'ctgan': '0.10.2', 'torch': '2.5.1'}",paper,BN,,,,,,,,
insurance,43,ctgan-full,,,cuda,,,10000,-16.950690959404533,-14.959722420165022,/home/thuy/Research/minh_data_synth/TabularDA/SDGym-research/data/simulated_paper/seed_43/insurance/ctgan-full_labeled.csv,993715a75f03ec19a3b960e0d1bebb392ac1bb6da9835fa6a27529f8068f52ce,,bb17fd8a10df58783d08e378d86955cc0821f6bd3045a8b0f06bcd34829d65d4,e34de6dcf920be0c0fc911724cdc1a22be813d3bdc4fb1cd74c6e94149f2e0a0,,labeled_extension,BN,Accident,0.8761,0.6703270727352546,,joint,/home/thuy/Research/minh_data_synth/TabularDA/SDGym-research/data/simulated_paper/seed_43/insurance/ctgan_paper_sample.csv,993715a75f03ec19a3b960e0d1bebb392ac1bb6da9835fa6a27529f8068f52ce,300.0
insurance,43,ctgan-gaussian,,,cuda,,,10000,-16.726029637797303,-15.00846773713276,/home/thuy/Research/minh_data_synth/TabularDA/SDGym-research/data/simulated_paper/seed_43/insurance/ctgan-gaussian_labeled.csv,557ea62d0c2057ee48cbdd6742c238c10a84fe0a5ac053e278c1aee87f6f6be0,,bb17fd8a10df58783d08e378d86955cc0821f6bd3045a8b0f06bcd34829d65d4,e34de6dcf920be0c0fc911724cdc1a22be813d3bdc4fb1cd74c6e94149f2e0a0,,labeled_extension,BN,Accident,0.931,0.819821392075887,,joint,/home/thuy/Research/minh_data_synth/TabularDA/SDGym-research/data/simulated_paper/seed_43/insurance/ctgan_xonly_sample.csv,99083769be8d9178563c1d0219677d3f12fef99318a507950876bdd1073dc4b5,300.0
insurance,43,ctgan-categorical,,,cuda,,,10000,-16.800685859413555,-15.054905973823677,/home/thuy/Research/minh_data_synth/TabularDA/SDGym-research/data/simulated_paper/seed_43/insurance/ctgan-categorical_labeled.csv,2afb1f42c2933b5ee4aaec0ac1ecdaf735c4a8495d8b390a8374bba5a84e5577,,bb17fd8a10df58783d08e378d86955cc0821f6bd3045a8b0f06bcd34829d65d4,e34de6dcf920be0c0fc911724cdc1a22be813d3bdc4fb1cd74c6e94149f2e0a0,,labeled_extension,BN,Accident,0.8457,0.7382348133358578,,joint,/home/thuy/Research/minh_data_synth/TabularDA/SDGym-research/data/simulated_paper/seed_43/insurance/ctgan_xonly_sample.csv,99083769be8d9178563c1d0219677d3f12fef99318a507950876bdd1073dc4b5,300.0
insurance,43,ctgan-pca_gmm,,,cuda,,,10000,-16.7895542199765,-15.032552060497313,/home/thuy/Research/minh_data_synth/TabularDA/SDGym-research/data/simulated_paper/seed_43/insurance/ctgan-pca_gmm_labeled.csv,244157103655c66b6569dcd82440b2285b8a6f6d649a2269600c4590fba06455,,bb17fd8a10df58783d08e378d86955cc0821f6bd3045a8b0f06bcd34829d65d4,e34de6dcf920be0c0fc911724cdc1a22be813d3bdc4fb1cd74c6e94149f2e0a0,,labeled_extension,BN,Accident,0.8675,0.7816349805907195,,joint,/home/thuy/Research/minh_data_synth/TabularDA/SDGym-research/data/simulated_paper/seed_43/insurance/ctgan_xonly_sample.csv,99083769be8d9178563c1d0219677d3f12fef99318a507950876bdd1073dc4b5,300.0
insurance,43,ctgan-rf,,,cuda,,,10000,-16.72039517548626,-14.977145306286635,/home/thuy/Research/minh_data_synth/TabularDA/SDGym-research/data/simulated_paper/seed_43/insurance/ctgan-rf_labeled.csv,2205ef72ec4adf3f9edacf2fab03571dcb8a03c1acde37085f63f793aba088be,,bb17fd8a10df58783d08e378d86955cc0821f6bd3045a8b0f06bcd34829d65d4,e34de6dcf920be0c0fc911724cdc1a22be813d3bdc4fb1cd74c6e94149f2e0a0,,labeled_extension,BN,Accident,0.9469,0.8663338326738868,,joint,/home/thuy/Research/minh_data_synth/TabularDA/SDGym-research/data/simulated_paper/seed_43/insurance/ctgan_xonly_sample.csv,99083769be8d9178563c1d0219677d3f12fef99318a507950876bdd1073dc4b5,300.0
insurance,43,ctgan-xgb,,,cuda,,,10000,-16.7215824585283,-14.968565594085327,/home/thuy/Research/minh_data_synth/TabularDA/SDGym-research/data/simulated_paper/seed_43/insurance/ctgan-xgb_labeled.csv,2710a1e29143501fb85aa3047ab0fc8dd0c46189cbfadb49164f29830189d369,,bb17fd8a10df58783d08e378d86955cc0821f6bd3045a8b0f06bcd34829d65d4,e34de6dcf920be0c0fc911724cdc1a22be813d3bdc4fb1cd74c6e94149f2e0a0,,labeled_extension,BN,Accident,0.9453,0.8651914501203075,,joint,/home/thuy/Research/minh_data_synth/TabularDA/SDGym-research/data/simulated_paper/seed_43/insurance/ctgan_xonly_sample.csv,99083769be8d9178563c1d0219677d3f12fef99318a507950876bdd1073dc4b5,300.0
insurance,43,ctgan-dnn,,,cuda,,,10000,-16.729593493394628,-14.980260545465473,/home/thuy/Research/minh_data_synth/TabularDA/SDGym-research/data/simulated_paper/seed_43/insurance/ctgan-dnn_labeled.csv,6b8fb1cb4b3a4b4555258939bd1be03e84f1920a0be1986c2e4d9bdc49432df0,,bb17fd8a10df58783d08e378d86955cc0821f6bd3045a8b0f06bcd34829d65d4,e34de6dcf920be0c0fc911724cdc1a22be813d3bdc4fb1cd74c6e94149f2e0a0,,labeled_extension,BN,Accident,0.9371,0.8530882364779637,,joint,/home/thuy/Research/minh_data_synth/TabularDA/SDGym-research/data/simulated_paper/seed_43/insurance/ctgan_xonly_sample.csv,99083769be8d9178563c1d0219677d3f12fef99318a507950876bdd1073dc4b5,300.0
insurance,43,ctgan-full-gaussian,,,cuda,,,10000,-16.809003025969883,-14.887339264506206,/home/thuy/Research/minh_data_synth/TabularDA/SDGym-research/data/simulated_paper/seed_43/insurance/ctgan-full-gaussian_labeled.csv,c1c0aa4f7d570ff6eab090ac244615dfc224a7f82501b0442501e3c7b2173a64,,bb17fd8a10df58783d08e378d86955cc0821f6bd3045a8b0f06bcd34829d65d4,e34de6dcf920be0c0fc911724cdc1a22be813d3bdc4fb1cd74c6e94149f2e0a0,,labeled_extension,BN,Accident,0.9309,0.8174421467924431,,joint,/home/thuy/Research/minh_data_synth/TabularDA/SDGym-research/data/simulated_paper/seed_43/insurance/ctgan_paper_sample.csv,993715a75f03ec19a3b960e0d1bebb392ac1bb6da9835fa6a27529f8068f52ce,300.0
insurance,43,ctgan-full-categorical,,,cuda,,,10000,-16.926531861868177,-14.931681544060877,/home/thuy/Research/minh_data_synth/TabularDA/SDGym-research/data/simulated_paper/seed_43/insurance/ctgan-full-categorical_labeled.csv,df4e1ec48e2340490c8ab85aadedcebd20098c3073d633abc83e50cdc2213cb3,,bb17fd8a10df58783d08e378d86955cc0821f6bd3045a8b0f06bcd34829d65d4,e34de6dcf920be0c0fc911724cdc1a22be813d3bdc4fb1cd74c6e94149f2e0a0,,labeled_extension,BN,Accident,0.8472,0.7403589009215786,,joint,/home/thuy/Research/minh_data_synth/TabularDA/SDGym-research/data/simulated_paper/seed_43/insurance/ctgan_paper_sample.csv,993715a75f03ec19a3b960e0d1bebb392ac1bb6da9835fa6a27529f8068f52ce,300.0
insurance,43,ctgan-full-pca_gmm,,,cuda,,,10000,-16.904943265676785,-14.912335535271628,/home/thuy/Research/minh_data_synth/TabularDA/SDGym-research/data/simulated_paper/seed_43/insurance/ctgan-full-pca_gmm_labeled.csv,7363c70ef7e6804a2840bb4869e7b7c2a1389f07ae07407b1466768151daae9b,,bb17fd8a10df58783d08e378d86955cc0821f6bd3045a8b0f06bcd34829d65d4,e34de6dcf920be0c0fc911724cdc1a22be813d3bdc4fb1cd74c6e94149f2e0a0,,labeled_extension,BN,Accident,0.8662,0.7803555763949084,,joint,/home/thuy/Research/minh_data_synth/TabularDA/SDGym-research/data/simulated_paper/seed_43/insurance/ctgan_paper_sample.csv,993715a75f03ec19a3b960e0d1bebb392ac1bb6da9835fa6a27529f8068f52ce,300.0
insurance,43,ctgan-full-rf,,,cuda,,,10000,-16.798019181597432,-14.860711356124774,/home/thuy/Research/minh_data_synth/TabularDA/SDGym-research/data/simulated_paper/seed_43/insurance/ctgan-full-rf_labeled.csv,6a4e39ceb37169f8533b6321158e4ed844fca327c822a8e95be799ce960dc2a3,,bb17fd8a10df58783d08e378d86955cc0821f6bd3045a8b0f06bcd34829d65d4,e34de6dcf920be0c0fc911724cdc1a22be813d3bdc4fb1cd74c6e94149f2e0a0,,labeled_extension,BN,Accident,0.9471,0.8657645451827662,,joint,/home/thuy/Research/minh_data_synth/TabularDA/SDGym-research/data/simulated_paper/seed_43/insurance/ctgan_paper_sample.csv,993715a75f03ec19a3b960e0d1bebb392ac1bb6da9835fa6a27529f8068f52ce,300.0
insurance,43,ctgan-full-xgb,,,cuda,,,10000,-16.799849480939656,-14.852210611390241,/home/thuy/Research/minh_data_synth/TabularDA/SDGym-research/data/simulated_paper/seed_43/insurance/ctgan-full-xgb_labeled.csv,4539e55fcb2b482224207ee9538ce3d87b2353e2baa7270acc252f42935d6fa1,,bb17fd8a10df58783d08e378d86955cc0821f6bd3045a8b0f06bcd34829d65d4,e34de6dcf920be0c0fc911724cdc1a22be813d3bdc4fb1cd74c6e94149f2e0a0,,labeled_extension,BN,Accident,0.9474,0.8676676257543272,,joint,/home/thuy/Research/minh_data_synth/TabularDA/SDGym-research/data/simulated_paper/seed_43/insurance/ctgan_paper_sample.csv,993715a75f03ec19a3b960e0d1bebb392ac1bb6da9835fa6a27529f8068f52ce,300.0
insurance,43,ctgan-full-dnn,,,cuda,,,10000,-16.804040002229225,-14.86139268368179,/home/thuy/Research/minh_data_synth/TabularDA/SDGym-research/data/simulated_paper/seed_43/insurance/ctgan-full-dnn_labeled.csv,3cc9456cc00be7de281317fb5b1cc64cef43b04a84c2b53ee33cc7010022d1b6,,bb17fd8a10df58783d08e378d86955cc0821f6bd3045a8b0f06bcd34829d65d4,e34de6dcf920be0c0fc911724cdc1a22be813d3bdc4fb1cd74c6e94149f2e0a0,,labeled_extension,BN,Accident,0.9403,0.8588237299745595,,joint,/home/thuy/Research/minh_data_synth/TabularDA/SDGym-research/data/simulated_paper/seed_43/insurance/ctgan_paper_sample.csv,993715a75f03ec19a3b960e0d1bebb392ac1bb6da9835fa6a27529f8068f52ce,300.0
insurance,43,tvae-full,,,cuda,,,10000,-14.548977483143853,-14.087433224240304,/home/thuy/Research/minh_data_synth/TabularDA/SDGym-research/data/simulated_paper/seed_43/insurance/tvae-full_labeled.csv,ca5e1bd7ec686a38edf6ee4b9891467b02a51e441105d0529de6b686d1db5ba8,,bb17fd8a10df58783d08e378d86955cc0821f6bd3045a8b0f06bcd34829d65d4,e34de6dcf920be0c0fc911724cdc1a22be813d3bdc4fb1cd74c6e94149f2e0a0,,labeled_extension,BN,Accident,0.9387,0.8515305586416477,,joint,/home/thuy/Research/minh_data_synth/TabularDA/SDGym-research/data/simulated_paper/seed_43/insurance/tvae_paper_sample.csv,ca5e1bd7ec686a38edf6ee4b9891467b02a51e441105d0529de6b686d1db5ba8,300.0
insurance,43,tvae-gaussian,,,cuda,,,10000,-14.236386712450214,-14.047044844558393,/home/thuy/Research/minh_data_synth/TabularDA/SDGym-research/data/simulated_paper/seed_43/insurance/tvae-gaussian_labeled.csv,63ba4f8bbdbe7997e66a5e11ae30440cee93d494d7422ae22504bece45c6bad0,,bb17fd8a10df58783d08e378d86955cc0821f6bd3045a8b0f06bcd34829d65d4,e34de6dcf920be0c0fc911724cdc1a22be813d3bdc4fb1cd74c6e94149f2e0a0,,labeled_extension,BN,Accident,0.929,0.8140050636391841,,joint,/home/thuy/Research/minh_data_synth/TabularDA/SDGym-research/data/simulated_paper/seed_43/insurance/tvae_xonly_sample.csv,7cfab7167c8a35a0cef1fa245efe296f362ae3120aeb64bd236338d0eee65849,300.0
insurance,43,tvae-categorical,,,cuda,,,10000,-14.459168352477722,-14.12423186323118,/home/thuy/Research/minh_data_synth/TabularDA/SDGym-research/data/simulated_paper/seed_43/insurance/tvae-categorical_labeled.csv,101f69f217c487fc29e3ed1a3aceaf5b3431909fa41ae20c8d40979f4340c0c6,,bb17fd8a10df58783d08e378d86955cc0821f6bd3045a8b0f06bcd34829d65d4,e34de6dcf920be0c0fc911724cdc1a22be813d3bdc4fb1cd74c6e94149f2e0a0,,labeled_extension,BN,Accident,0.8469,0.7427004128419294,,joint,/home/thuy/Research/minh_data_synth/TabularDA/SDGym-research/data/simulated_paper/seed_43/insurance/tvae_xonly_sample.csv,7cfab7167c8a35a0cef1fa245efe296f362ae3120aeb64bd236338d0eee65849,300.0
insurance,43,tvae-pca_gmm,,,cuda,,,10000,-14.412417142254117,-14.084947504461475,/home/thuy/Research/minh_data_synth/TabularDA/SDGym-research/data/simulated_paper/seed_43/insurance/tvae-pca_gmm_labeled.csv,8fd92d87b26e58cdf5d4afa1be3976603f5df1bd839f8bc2a5573b283f2db4b4,,bb17fd8a10df58783d08e378d86955cc0821f6bd3045a8b0f06bcd34829d65d4,e34de6dcf920be0c0fc911724cdc1a22be813d3bdc4fb1cd74c6e94149f2e0a0,,labeled_extension,BN,Accident,0.87,0.7808915762134272,,joint,/home/thuy/Research/minh_data_synth/TabularDA/SDGym-research/data/simulated_paper/seed_43/insurance/tvae_xonly_sample.csv,7cfab7167c8a35a0cef1fa245efe296f362ae3120aeb64bd236338d0eee65849,300.0
insurance,43,tvae-rf,,,cuda,,,10000,-14.212036819524076,-14.0186443674081,/home/thuy/Research/minh_data_synth/TabularDA/SDGym-research/data/simulated_paper/seed_43/insurance/tvae-rf_labeled.csv,3f2b4fe8c42afc4b699596153669538ff862adaefc52f02fa04dd8692b7f22a5,,bb17fd8a10df58783d08e378d86955cc0821f6bd3045a8b0f06bcd34829d65d4,e34de6dcf920be0c0fc911724cdc1a22be813d3bdc4fb1cd74c6e94149f2e0a0,,labeled_extension,BN,Accident,0.9468,0.8653668550960221,,joint,/home/thuy/Research/minh_data_synth/TabularDA/SDGym-research/data/simulated_paper/seed_43/insurance/tvae_xonly_sample.csv,7cfab7167c8a35a0cef1fa245efe296f362ae3120aeb64bd236338d0eee65849,300.0
insurance,43,tvae-xgb,,,cuda,,,10000,-14.21563327935068,-14.00717286456539,/home/thuy/Research/minh_data_synth/TabularDA/SDGym-research/data/simulated_paper/seed_43/insurance/tvae-xgb_labeled.csv,dca5f4c0b6328a4511f92aa76b66c56cc8fceb5f3e9af775ecd017c544742126,,bb17fd8a10df58783d08e378d86955cc0821f6bd3045a8b0f06bcd34829d65d4,e34de6dcf920be0c0fc911724cdc1a22be813d3bdc4fb1cd74c6e94149f2e0a0,,labeled_extension,BN,Accident,0.9464,0.8663555442907758,,joint,/home/thuy/Research/minh_data_synth/TabularDA/SDGym-research/data/simulated_paper/seed_43/insurance/tvae_xonly_sample.csv,7cfab7167c8a35a0cef1fa245efe296f362ae3120aeb64bd236338d0eee65849,300.0
insurance,43,tvae-dnn,,,cuda,,,10000,-14.224771594699071,-14.005887700745179,/home/thuy/Research/minh_data_synth/TabularDA/SDGym-research/data/simulated_paper/seed_43/insurance/tvae-dnn_labeled.csv,44b75d20fc189977f1e7b10024b75b125f2c90c6dbb35058f30bf7f925510cd7,,bb17fd8a10df58783d08e378d86955cc0821f6bd3045a8b0f06bcd34829d65d4,e34de6dcf920be0c0fc911724cdc1a22be813d3bdc4fb1cd74c6e94149f2e0a0,,labeled_extension,BN,Accident,0.936,0.8534417497610932,,joint,/home/thuy/Research/minh_data_synth/TabularDA/SDGym-research/data/simulated_paper/seed_43/insurance/tvae_xonly_sample.csv,7cfab7167c8a35a0cef1fa245efe296f362ae3120aeb64bd236338d0eee65849,300.0
insurance,43,tvae-full-gaussian,,,cuda,,,10000,-14.496553855467571,-14.127516982536157,/home/thuy/Research/minh_data_synth/TabularDA/SDGym-research/data/simulated_paper/seed_43/insurance/tvae-full-gaussian_labeled.csv,c1de158d682898aced6a72614129d1b6cef0c56d1bd50ad1795f0f32df618731,,bb17fd8a10df58783d08e378d86955cc0821f6bd3045a8b0f06bcd34829d65d4,e34de6dcf920be0c0fc911724cdc1a22be813d3bdc4fb1cd74c6e94149f2e0a0,,labeled_extension,BN,Accident,0.9304,0.816827299949225,,joint,/home/thuy/Research/minh_data_synth/TabularDA/SDGym-research/data/simulated_paper/seed_43/insurance/tvae_paper_sample.csv,ca5e1bd7ec686a38edf6ee4b9891467b02a51e441105d0529de6b686d1db5ba8,300.0
insurance,43,tvae-full-categorical,,,cuda,,,10000,-14.722259411464679,-14.211540703778429,/home/thuy/Research/minh_data_synth/TabularDA/SDGym-research/data/simulated_paper/seed_43/insurance/tvae-full-categorical_labeled.csv,a39155d39927a432b04a365a22e1b2d8c71d84798b6c2dc5b9d634b778abc5a0,,bb17fd8a10df58783d08e378d86955cc0821f6bd3045a8b0f06bcd34829d65d4,e34de6dcf920be0c0fc911724cdc1a22be813d3bdc4fb1cd74c6e94149f2e0a0,,labeled_extension,BN,Accident,0.8455,0.73919759546911,,joint,/home/thuy/Research/minh_data_synth/TabularDA/SDGym-research/data/simulated_paper/seed_43/insurance/tvae_paper_sample.csv,ca5e1bd7ec686a38edf6ee4b9891467b02a51e441105d0529de6b686d1db5ba8,300.0
insurance,43,tvae-full-pca_gmm,,,cuda,,,10000,-14.664505452613984,-14.164630255661308,/home/thuy/Research/minh_data_synth/TabularDA/SDGym-research/data/simulated_paper/seed_43/insurance/tvae-full-pca_gmm_labeled.csv,8c9a9a4f4b51e3209fb20e5ada20f450dfbbced1c57a12af250937589e034635,,bb17fd8a10df58783d08e378d86955cc0821f6bd3045a8b0f06bcd34829d65d4,e34de6dcf920be0c0fc911724cdc1a22be813d3bdc4fb1cd74c6e94149f2e0a0,,labeled_extension,BN,Accident,0.8723,0.7861859206869034,,joint,/home/thuy/Research/minh_data_synth/TabularDA/SDGym-research/data/simulated_paper/seed_43/insurance/tvae_paper_sample.csv,ca5e1bd7ec686a38edf6ee4b9891467b02a51e441105d0529de6b686d1db5ba8,300.0
insurance,43,tvae-full-rf,,,cuda,,,10000,-14.475598944755708,-14.090500549880153,/home/thuy/Research/minh_data_synth/TabularDA/SDGym-research/data/simulated_paper/seed_43/insurance/tvae-full-rf_labeled.csv,91ee129ad195eb0beaa4b11c1dccf949f68a215cd58c8cbfc0acbcdd0da30d52,,bb17fd8a10df58783d08e378d86955cc0821f6bd3045a8b0f06bcd34829d65d4,e34de6dcf920be0c0fc911724cdc1a22be813d3bdc4fb1cd74c6e94149f2e0a0,,labeled_extension,BN,Accident,0.9473,0.866608571650455,,joint,/home/thuy/Research/minh_data_synth/TabularDA/SDGym-research/data/simulated_paper/seed_43/insurance/tvae_paper_sample.csv,ca5e1bd7ec686a38edf6ee4b9891467b02a51e441105d0529de6b686d1db5ba8,300.0
insurance,43,tvae-full-xgb,,,cuda,,,10000,-14.483187854769348,-14.077987952774652,/home/thuy/Research/minh_data_synth/TabularDA/SDGym-research/data/simulated_paper/seed_43/insurance/tvae-full-xgb_labeled.csv,4664473e8649d49d188c317671cbe0c38adbd7f850a31cc952a13167d6c6b393,,bb17fd8a10df58783d08e378d86955cc0821f6bd3045a8b0f06bcd34829d65d4,e34de6dcf920be0c0fc911724cdc1a22be813d3bdc4fb1cd74c6e94149f2e0a0,,labeled_extension,BN,Accident,0.9458,0.863376044290654,,joint,/home/thuy/Research/minh_data_synth/TabularDA/SDGym-research/data/simulated_paper/seed_43/insurance/tvae_paper_sample.csv,ca5e1bd7ec686a38edf6ee4b9891467b02a51e441105d0529de6b686d1db5ba8,300.0
insurance,43,tvae-full-dnn,,,cuda,,,10000,-14.493741877212338,-14.080953361243958,/home/thuy/Research/minh_data_synth/TabularDA/SDGym-research/data/simulated_paper/seed_43/insurance/tvae-full-dnn_labeled.csv,d2215be090707919ebebe5fcd11bc8fd5f4c71f5319daa0e0824169539c5df50,,bb17fd8a10df58783d08e378d86955cc0821f6bd3045a8b0f06bcd34829d65d4,e34de6dcf920be0c0fc911724cdc1a22be813d3bdc4fb1cd74c6e94149f2e0a0,,labeled_extension,BN,Accident,0.9361,0.8536880481245918,,joint,/home/thuy/Research/minh_data_synth/TabularDA/SDGym-research/data/simulated_paper/seed_43/insurance/tvae_paper_sample.csv,ca5e1bd7ec686a38edf6ee4b9891467b02a51e441105d0529de6b686d1db5ba8,300.0
