=====Setting up data=====
Dataset name:covertype
train_option:mix
augment_option:tvae_dnn
mix_ratio:-1
n_sample:-1
Training dataset size: 614016 samples
Validation dataset size: 57216 samples

=====Setting up parameters for training=====
num_epochs: 100
learning_rate: 0.001
patience: 30
early_stop_criterion: loss
=====Setting up trainer=====
input_size: 98
model: DNN_Covertype
----------------------------------------------------------------
        Layer (type)               Output Shape         Param #
================================================================
            Linear-1                  [-1, 150]          14,850
              ReLU-2                  [-1, 150]               0
           Dropout-3                  [-1, 150]               0
            Linear-4                  [-1, 250]          37,750
              ReLU-5                  [-1, 250]               0
           Dropout-6                  [-1, 250]               0
            Linear-7                  [-1, 300]          75,300
              ReLU-8                  [-1, 300]               0
           Dropout-9                  [-1, 300]               0
           Linear-10                  [-1, 250]          75,250
             ReLU-11                  [-1, 250]               0
          Dropout-12                  [-1, 250]               0
           Linear-13                  [-1, 150]          37,650
             ReLU-14                  [-1, 150]               0
          Dropout-15                  [-1, 150]               0
           Linear-16                    [-1, 7]           1,057
================================================================
Total params: 241,857
Trainable params: 241,857
Non-trainable params: 0
----------------------------------------------------------------
Input size (MB): 0.00
Forward/backward pass size (MB): 0.03
Params size (MB): 0.92
Estimated Total Size (MB): 0.95
----------------------------------------------------------------
=====Setting up output files=====
weight_dir, weight_file: /home/thuy/Research/minh_data_synth/TabularDA/output/corrected_v2/covertype/weight/, covertype_seed42_tvae_xonly_dnn_mix.weights.pth
acc_dir, acc_file: /home/thuy/Research/minh_data_synth/TabularDA/output/corrected_v2/covertype/acc/, covertype_seed42_tvae_xonly_dnn_mix.epochs.csv
report_file: covertype_seed42_tvae_xonly_dnn_mix.report.txt
==========================================================================================
Start training...
-----------------------
Epoch 1/100
Training statistic: Loss: 0.6381, train_score: {'accuracy': 0.723381727970341, 'balanced_accuracy': 0.47649835428479503, 'f1_macro': 0.49655426843604056, 'f1_micro': 0.723381727970341, 'f1_weighted': 0.7133905683074168, 'precision_macro': 0.6802751770460997, 'precision_micro': 0.723381727970341, 'precision_weighted': 0.7278789981755148, 'recall_macro': 0.47649835428479503, 'recall_micro': 0.723381727970341, 'recall_weighted': 0.723381727970341}
Validation statistic: Loss: 0.6462, dev_score: {'accuracy': 0.7210381604525314, 'balanced_accuracy': 0.4575511791781971, 'f1_macro': 0.47225755796407043, 'f1_micro': 0.7210381604525314, 'f1_weighted': 0.7110182114331166, 'precision_macro': 0.5444815694857333, 'precision_micro': 0.7210381604525314, 'precision_weighted': 0.7117478151425527, 'recall_macro': 0.4575511791781971, 'recall_micro': 0.7210381604525314, 'recall_weighted': 0.7210381604525314}
Saving model...
Model saved!
-------------------------------------------
-----------------------
Epoch 2/100
Training statistic: Loss: 0.6025, train_score: {'accuracy': 0.7395420508835971, 'balanced_accuracy': 0.48679395255101776, 'f1_macro': 0.4949990972619682, 'f1_micro': 0.7395420508835971, 'f1_weighted': 0.7263213369180784, 'precision_macro': 0.6901547527467279, 'precision_micro': 0.7395420508835971, 'precision_weighted': 0.7391690006215959, 'recall_macro': 0.48679395255101776, 'recall_micro': 0.7395420508835971, 'recall_weighted': 0.7395420508835971}
Validation statistic: Loss: 0.6135, dev_score: {'accuracy': 0.7341727815624945, 'balanced_accuracy': 0.4528643897545544, 'f1_macro': 0.44082909347970656, 'f1_micro': 0.7341727815624945, 'f1_weighted': 0.718918380377463, 'precision_macro': 0.5529631339347513, 'precision_micro': 0.7341727815624945, 'precision_weighted': 0.7254788650760788, 'recall_macro': 0.4528643897545544, 'recall_micro': 0.7341727815624945, 'recall_weighted': 0.7341727815624945}
Saving model...
Model saved!
-------------------------------------------
-----------------------
Epoch 3/100
Training statistic: Loss: 0.5948, train_score: {'accuracy': 0.7415211651200255, 'balanced_accuracy': 0.4850844982861652, 'f1_macro': 0.5019002156587262, 'f1_micro': 0.7415211651200255, 'f1_weighted': 0.729450547072214, 'precision_macro': 0.6804622405822272, 'precision_micro': 0.7415211651200255, 'precision_weighted': 0.7415911905410922, 'recall_macro': 0.4850844982861652, 'recall_micro': 0.7415211651200255, 'recall_weighted': 0.7415211651200255}
Validation statistic: Loss: 0.6095, dev_score: {'accuracy': 0.7334372427803366, 'balanced_accuracy': 0.4487003793283292, 'f1_macro': 0.44491979115522645, 'f1_micro': 0.7334372427803366, 'f1_weighted': 0.7194155898158486, 'precision_macro': 0.538723199810783, 'precision_micro': 0.7334372427803366, 'precision_weighted': 0.7248524130091412, 'recall_macro': 0.4487003793283292, 'recall_micro': 0.7334372427803366, 'recall_weighted': 0.7334372427803366}
Saving model...
Model saved!
-------------------------------------------
-----------------------
Epoch 4/100
Training statistic: Loss: 0.5849, train_score: {'accuracy': 0.7468509279032303, 'balanced_accuracy': 0.49711285080975076, 'f1_macro': 0.5128289716650708, 'f1_micro': 0.7468509279032303, 'f1_weighted': 0.7351083263034089, 'precision_macro': 0.6868299530384603, 'precision_micro': 0.7468509279032303, 'precision_weighted': 0.747223108425957, 'recall_macro': 0.49711285080975076, 'recall_micro': 0.7468509279032303, 'recall_weighted': 0.7468509279032303}
Validation statistic: Loss: 0.6012, dev_score: {'accuracy': 0.7388311938494948, 'balanced_accuracy': 0.4588745794626723, 'f1_macro': 0.4538192782489013, 'f1_micro': 0.7388311938494948, 'f1_weighted': 0.7245960517002339, 'precision_macro': 0.5673121450888502, 'precision_micro': 0.7388311938494948, 'precision_weighted': 0.7329139265971383, 'recall_macro': 0.4588745794626723, 'recall_micro': 0.7388311938494948, 'recall_weighted': 0.7388311938494948}
Saving model...
Model saved!
-------------------------------------------
-----------------------
Epoch 5/100
Training statistic: Loss: 0.5762, train_score: {'accuracy': 0.7517164540136926, 'balanced_accuracy': 0.502667017168001, 'f1_macro': 0.5180301099531127, 'f1_micro': 0.7517164540136926, 'f1_weighted': 0.7406352533961262, 'precision_macro': 0.6720363039321323, 'precision_micro': 0.7517164540136926, 'precision_weighted': 0.7490884001952196, 'recall_macro': 0.502667017168001, 'recall_micro': 0.7517164540136926, 'recall_weighted': 0.7517164540136926}
Validation statistic: Loss: 0.5927, dev_score: {'accuracy': 0.7448906323882244, 'balanced_accuracy': 0.46701490573710114, 'f1_macro': 0.4629491000165232, 'f1_micro': 0.7448906323882244, 'f1_weighted': 0.7319094131117376, 'precision_macro': 0.5372037830379998, 'precision_micro': 0.7448906323882244, 'precision_weighted': 0.7347303038876836, 'recall_macro': 0.46701490573710114, 'recall_micro': 0.7448906323882244, 'recall_weighted': 0.7448906323882244}
Saving model...
Model saved!
-------------------------------------------
-----------------------
Epoch 6/100
Training statistic: Loss: 0.5656, train_score: {'accuracy': 0.7560118649120149, 'balanced_accuracy': 0.5150526763530231, 'f1_macro': 0.5366094037953975, 'f1_micro': 0.7560118649120149, 'f1_weighted': 0.7466073642064305, 'precision_macro': 0.6909986448055594, 'precision_micro': 0.7560118649120149, 'precision_weighted': 0.7556862893454137, 'recall_macro': 0.5150526763530231, 'recall_micro': 0.7560118649120149, 'recall_weighted': 0.7560118649120149}
Validation statistic: Loss: 0.5833, dev_score: {'accuracy': 0.7491112239715592, 'balanced_accuracy': 0.4770051108705763, 'f1_macro': 0.4786541205549842, 'f1_micro': 0.7491112239715592, 'f1_weighted': 0.7376504416968659, 'precision_macro': 0.5688250978345986, 'precision_micro': 0.7491112239715592, 'precision_weighted': 0.7427783369046866, 'recall_macro': 0.4770051108705763, 'recall_micro': 0.7491112239715592, 'recall_weighted': 0.7491112239715592}
Saving model...
Model saved!
-------------------------------------------
-----------------------
Epoch 7/100
Training statistic: Loss: 0.5642, train_score: {'accuracy': 0.7568181707120413, 'balanced_accuracy': 0.5232831640719361, 'f1_macro': 0.5474994345049762, 'f1_micro': 0.7568181707120413, 'f1_weighted': 0.7470715116349321, 'precision_macro': 0.6752099868311773, 'precision_micro': 0.7568181707120413, 'precision_weighted': 0.7546588771163671, 'recall_macro': 0.5232831640719361, 'recall_micro': 0.7568181707120413, 'recall_weighted': 0.7568181707120413}
Validation statistic: Loss: 0.5809, dev_score: {'accuracy': 0.7486033519553073, 'balanced_accuracy': 0.4925574574934411, 'f1_macro': 0.5059610392800287, 'f1_micro': 0.7486033519553073, 'f1_weighted': 0.7379054940760131, 'precision_macro': 0.6275954764009819, 'precision_micro': 0.7486033519553073, 'precision_weighted': 0.7429302817555014, 'recall_macro': 0.4925574574934411, 'recall_micro': 0.7486033519553073, 'recall_weighted': 0.7486033519553073}
Saving model...
Model saved!
-------------------------------------------
-----------------------
Epoch 8/100
Training statistic: Loss: 0.5514, train_score: {'accuracy': 0.7679142416408893, 'balanced_accuracy': 0.5444093550993158, 'f1_macro': 0.5678264013984486, 'f1_micro': 0.7679142416408893, 'f1_weighted': 0.7581535539732205, 'precision_macro': 0.6976659311485152, 'precision_micro': 0.7679142416408893, 'precision_weighted': 0.7668203609272863, 'recall_macro': 0.5444093550993158, 'recall_micro': 0.7679142416408893, 'recall_weighted': 0.7679142416408893}
Validation statistic: Loss: 0.5666, dev_score: {'accuracy': 0.7612125882208718, 'balanced_accuracy': 0.5179069313471824, 'f1_macro': 0.5317541586694244, 'f1_micro': 0.7612125882208718, 'f1_weighted': 0.7497350798620757, 'precision_macro': 0.6601930695178287, 'precision_micro': 0.7612125882208718, 'precision_weighted': 0.7570739077911659, 'recall_macro': 0.5179069313471824, 'recall_micro': 0.7612125882208718, 'recall_weighted': 0.7612125882208718}
Saving model...
Model saved!
-------------------------------------------
-----------------------
Epoch 9/100
Training statistic: Loss: 0.5429, train_score: {'accuracy': 0.7695480289488216, 'balanced_accuracy': 0.5371925485655927, 'f1_macro': 0.566907737375179, 'f1_micro': 0.7695480289488216, 'f1_weighted': 0.7616715415913586, 'precision_macro': 0.7004743144546827, 'precision_micro': 0.7695480289488216, 'precision_weighted': 0.7673953635568189, 'recall_macro': 0.5371925485655927, 'recall_micro': 0.7695480289488216, 'recall_weighted': 0.7695480289488216}
Validation statistic: Loss: 0.5579, dev_score: {'accuracy': 0.7617729987215636, 'balanced_accuracy': 0.5059821441594325, 'f1_macro': 0.5226686018105952, 'f1_micro': 0.7617729987215636, 'f1_weighted': 0.7528363447092112, 'precision_macro': 0.6856787795723173, 'precision_micro': 0.7617729987215636, 'precision_weighted': 0.7576938925662046, 'recall_macro': 0.5059821441594325, 'recall_micro': 0.7617729987215636, 'recall_weighted': 0.7617729987215636}
Saving model...
Model saved!
-------------------------------------------
-----------------------
Epoch 10/100
Training statistic: Loss: 0.5467, train_score: {'accuracy': 0.7660833573596173, 'balanced_accuracy': 0.540757785730565, 'f1_macro': 0.5690913161280707, 'f1_micro': 0.7660833573596173, 'f1_weighted': 0.7579546032666511, 'precision_macro': 0.6905964872917281, 'precision_micro': 0.7660833573596173, 'precision_weighted': 0.7635660387390351, 'recall_macro': 0.540757785730565, 'recall_micro': 0.7660833573596173, 'recall_weighted': 0.7660833573596173}
Validation statistic: Loss: 0.5615, dev_score: {'accuracy': 0.7589359205618115, 'balanced_accuracy': 0.5141410802045637, 'f1_macro': 0.5346603654369984, 'f1_micro': 0.7589359205618115, 'f1_weighted': 0.7497731867664266, 'precision_macro': 0.6569221683564985, 'precision_micro': 0.7589359205618115, 'precision_weighted': 0.7541648665523347, 'recall_macro': 0.5141410802045637, 'recall_micro': 0.7589359205618115, 'recall_weighted': 0.7589359205618115}
-----------------------
Epoch 11/100
Training statistic: Loss: 0.5302, train_score: {'accuracy': 0.7725158858531611, 'balanced_accuracy': 0.5471259051920994, 'f1_macro': 0.5737301390304114, 'f1_micro': 0.7725158858531611, 'f1_weighted': 0.765019840120441, 'precision_macro': 0.6810862410608332, 'precision_micro': 0.7725158858531611, 'precision_weighted': 0.7689011675676191, 'recall_macro': 0.5471259051920994, 'recall_micro': 0.7725158858531611, 'recall_weighted': 0.7725158858531611}
Validation statistic: Loss: 0.5428, dev_score: {'accuracy': 0.7647326666783418, 'balanced_accuracy': 0.5223528211595546, 'f1_macro': 0.539345935508528, 'f1_micro': 0.7647326666783418, 'f1_weighted': 0.7564135483364615, 'precision_macro': 0.6253238369069006, 'precision_micro': 0.7647326666783418, 'precision_weighted': 0.757580683878126, 'recall_macro': 0.5223528211595546, 'recall_micro': 0.7647326666783418, 'recall_weighted': 0.7647326666783418}
Saving model...
Model saved!
-------------------------------------------
-----------------------
Epoch 12/100
Training statistic: Loss: 0.5265, train_score: {'accuracy': 0.7768064100496652, 'balanced_accuracy': 0.548802786063397, 'f1_macro': 0.5745777589420168, 'f1_micro': 0.7768064100496652, 'f1_weighted': 0.7685088385175503, 'precision_macro': 0.699140134345914, 'precision_micro': 0.7768064100496652, 'precision_weighted': 0.7751696106093606, 'recall_macro': 0.548802786063397, 'recall_micro': 0.7768064100496652, 'recall_weighted': 0.7768064100496652}
Validation statistic: Loss: 0.5436, dev_score: {'accuracy': 0.7686730530113308, 'balanced_accuracy': 0.5146612255547572, 'f1_macro': 0.5260029171423007, 'f1_micro': 0.7686730530113308, 'f1_weighted': 0.7589498332232839, 'precision_macro': 0.6410446084243006, 'precision_micro': 0.7686730530113308, 'precision_weighted': 0.7636872033105134, 'recall_macro': 0.5146612255547572, 'recall_micro': 0.7686730530113308, 'recall_weighted': 0.7686730530113308}
-----------------------
Epoch 13/100
Training statistic: Loss: 0.5165, train_score: {'accuracy': 0.7819537359649852, 'balanced_accuracy': 0.5645732221382221, 'f1_macro': 0.5985945393036959, 'f1_micro': 0.7819537359649852, 'f1_weighted': 0.7741885916347456, 'precision_macro': 0.7224704122991491, 'precision_micro': 0.7819537359649852, 'precision_weighted': 0.7814970847198727, 'recall_macro': 0.5645732221382221, 'recall_micro': 0.7819537359649852, 'recall_weighted': 0.7819537359649852}
Validation statistic: Loss: 0.5285, dev_score: {'accuracy': 0.7775520568816658, 'balanced_accuracy': 0.5487320900496188, 'f1_macro': 0.5761389668535649, 'f1_micro': 0.7775520568816658, 'f1_weighted': 0.7691397551218863, 'precision_macro': 0.6921645873033156, 'precision_micro': 0.7775520568816658, 'precision_weighted': 0.7750906100463629, 'recall_macro': 0.5487320900496188, 'recall_micro': 0.7775520568816658, 'recall_weighted': 0.7775520568816658}
Saving model...
Model saved!
-------------------------------------------
-----------------------
Epoch 14/100
Training statistic: Loss: 0.5075, train_score: {'accuracy': 0.7859738626608743, 'balanced_accuracy': 0.5945554463647034, 'f1_macro': 0.6232013371811329, 'f1_micro': 0.7859738626608743, 'f1_weighted': 0.781694231862973, 'precision_macro': 0.6857039095707457, 'precision_micro': 0.7859738626608743, 'precision_weighted': 0.7832697572726874, 'recall_macro': 0.5945554463647034, 'recall_micro': 0.7859738626608743, 'recall_weighted': 0.7859738626608743}
Validation statistic: Loss: 0.5215, dev_score: {'accuracy': 0.780336596556978, 'balanced_accuracy': 0.5746320527353362, 'f1_macro': 0.5983245035604318, 'f1_micro': 0.780336596556978, 'f1_weighted': 0.7757887960721862, 'precision_macro': 0.6530149816945913, 'precision_micro': 0.780336596556978, 'precision_weighted': 0.7766130959910197, 'recall_macro': 0.5746320527353362, 'recall_micro': 0.780336596556978, 'recall_weighted': 0.780336596556978}
Saving model...
Model saved!
-------------------------------------------
-----------------------
Epoch 15/100
Training statistic: Loss: 0.4989, train_score: {'accuracy': 0.7878259226500258, 'balanced_accuracy': 0.5704476427649203, 'f1_macro': 0.595495481375495, 'f1_micro': 0.7878259226500258, 'f1_weighted': 0.7803759050055814, 'precision_macro': 0.6924434986263103, 'precision_micro': 0.7878259226500258, 'precision_weighted': 0.7843801531422474, 'recall_macro': 0.5704476427649203, 'recall_micro': 0.7878259226500258, 'recall_weighted': 0.7878259226500258}
Validation statistic: Loss: 0.5125, dev_score: {'accuracy': 0.7823330589656924, 'balanced_accuracy': 0.5507302131966042, 'f1_macro': 0.5684522363068155, 'f1_micro': 0.7823330589656924, 'f1_weighted': 0.7740317428759665, 'precision_macro': 0.6570619881548516, 'precision_micro': 0.7823330589656924, 'precision_weighted': 0.776752282888524, 'recall_macro': 0.5507302131966042, 'recall_micro': 0.7823330589656924, 'recall_weighted': 0.7823330589656924}
Saving model...
Model saved!
-------------------------------------------
-----------------------
Epoch 16/100
Training statistic: Loss: 0.4992, train_score: {'accuracy': 0.7894483076537153, 'balanced_accuracy': 0.5517035120341273, 'f1_macro': 0.5768550497237862, 'f1_micro': 0.7894483076537153, 'f1_weighted': 0.7810112274604089, 'precision_macro': 0.7305264762384722, 'precision_micro': 0.7894483076537153, 'precision_weighted': 0.7879222043182026, 'recall_macro': 0.5517035120341273, 'recall_micro': 0.7894483076537153, 'recall_weighted': 0.7894483076537153}
Validation statistic: Loss: 0.5134, dev_score: {'accuracy': 0.7835589569359556, 'balanced_accuracy': 0.5250311813270232, 'f1_macro': 0.5374808639585206, 'f1_micro': 0.7835589569359556, 'f1_weighted': 0.7742018542564411, 'precision_macro': 0.7055865022450138, 'precision_micro': 0.7835589569359556, 'precision_weighted': 0.779723273123414, 'recall_macro': 0.5250311813270232, 'recall_micro': 0.7835589569359556, 'recall_weighted': 0.7835589569359556}
-----------------------
Epoch 17/100
Training statistic: Loss: 0.4876, train_score: {'accuracy': 0.7957977622163473, 'balanced_accuracy': 0.5952876560148667, 'f1_macro': 0.6310277477674092, 'f1_micro': 0.7957977622163473, 'f1_weighted': 0.7908736869686546, 'precision_macro': 0.7138092066752565, 'precision_micro': 0.7957977622163473, 'precision_weighted': 0.792891064448828, 'recall_macro': 0.5952876560148667, 'recall_micro': 0.7957977622163473, 'recall_weighted': 0.7957977622163473}
Validation statistic: Loss: 0.5022, dev_score: {'accuracy': 0.7890229593177002, 'balanced_accuracy': 0.5699485365588038, 'f1_macro': 0.6014845210744219, 'f1_micro': 0.7890229593177002, 'f1_weighted': 0.7834581018569351, 'precision_macro': 0.6814242427043832, 'precision_micro': 0.7890229593177002, 'precision_weighted': 0.7846704517622497, 'recall_macro': 0.5699485365588038, 'recall_micro': 0.7890229593177002, 'recall_weighted': 0.7890229593177002}
Saving model...
Model saved!
-------------------------------------------
-----------------------
Epoch 18/100
Training statistic: Loss: 0.4856, train_score: {'accuracy': 0.7987493301146258, 'balanced_accuracy': 0.5818060757820753, 'f1_macro': 0.6134682567517269, 'f1_micro': 0.7987493301146258, 'f1_weighted': 0.7941509885474015, 'precision_macro': 0.7266918199103948, 'precision_micro': 0.7987493301146258, 'precision_weighted': 0.7974598915573612, 'recall_macro': 0.5818060757820753, 'recall_micro': 0.7987493301146258, 'recall_weighted': 0.7987493301146258}
Validation statistic: Loss: 0.4985, dev_score: {'accuracy': 0.7937163972609936, 'balanced_accuracy': 0.5568707708027947, 'f1_macro': 0.5787322473902091, 'f1_micro': 0.7937163972609936, 'f1_weighted': 0.788442003877768, 'precision_macro': 0.6886961929836907, 'precision_micro': 0.7937163972609936, 'precision_weighted': 0.7913483033161542, 'recall_macro': 0.5568707708027947, 'recall_micro': 0.7937163972609936, 'recall_weighted': 0.7937163972609936}
Saving model...
Model saved!
-------------------------------------------
-----------------------
Epoch 19/100
Training statistic: Loss: 0.4770, train_score: {'accuracy': 0.8002560631752811, 'balanced_accuracy': 0.575591188143588, 'f1_macro': 0.6083384241118581, 'f1_micro': 0.8002560631752811, 'f1_weighted': 0.7953497693289581, 'precision_macro': 0.7382569387286767, 'precision_micro': 0.8002560631752811, 'precision_weighted': 0.798297889299991, 'recall_macro': 0.575591188143588, 'recall_micro': 0.8002560631752811, 'recall_weighted': 0.8002560631752811}
Validation statistic: Loss: 0.4913, dev_score: {'accuracy': 0.7950999106845764, 'balanced_accuracy': 0.5516007683663197, 'f1_macro': 0.5737236710152435, 'f1_micro': 0.7950999106845764, 'f1_weighted': 0.7896122218315468, 'precision_macro': 0.7147866588133678, 'precision_micro': 0.7950999106845764, 'precision_weighted': 0.7921439398558143, 'recall_macro': 0.5516007683663197, 'recall_micro': 0.7950999106845764, 'recall_weighted': 0.7950999106845764}
Saving model...
Model saved!
-------------------------------------------
-----------------------
Epoch 20/100
Training statistic: Loss: 0.4668, train_score: {'accuracy': 0.8048463050833101, 'balanced_accuracy': 0.6127341714030686, 'f1_macro': 0.6456079142674194, 'f1_micro': 0.8048463050833101, 'f1_weighted': 0.8003437766928182, 'precision_macro': 0.7356095369368071, 'precision_micro': 0.8048463050833101, 'precision_weighted': 0.8039943868803241, 'recall_macro': 0.6127341714030686, 'recall_micro': 0.8048463050833101, 'recall_weighted': 0.8048463050833101}
Validation statistic: Loss: 0.4793, dev_score: {'accuracy': 0.7988651687360991, 'balanced_accuracy': 0.5942870285162953, 'f1_macro': 0.6224071723443957, 'f1_micro': 0.7988651687360991, 'f1_weighted': 0.7938939935972011, 'precision_macro': 0.7042047086947562, 'precision_micro': 0.7988651687360991, 'precision_weighted': 0.7967012031562324, 'recall_macro': 0.5942870285162953, 'recall_micro': 0.7988651687360991, 'recall_weighted': 0.7988651687360991}
Saving model...
Model saved!
-------------------------------------------
-----------------------
Epoch 21/100
Training statistic: Loss: 0.4734, train_score: {'accuracy': 0.8031962287693167, 'balanced_accuracy': 0.5756415433804413, 'f1_macro': 0.6084140509907904, 'f1_micro': 0.8031962287693167, 'f1_weighted': 0.7982153264036711, 'precision_macro': 0.7443710254224438, 'precision_micro': 0.8031962287693167, 'precision_weighted': 0.8022146328504141, 'recall_macro': 0.5756415433804413, 'recall_micro': 0.8031962287693167, 'recall_weighted': 0.8031962287693167}
Validation statistic: Loss: 0.4874, dev_score: {'accuracy': 0.7988126302516594, 'balanced_accuracy': 0.5504538870753887, 'f1_macro': 0.5688479270847299, 'f1_micro': 0.7988126302516594, 'f1_weighted': 0.7932392922484363, 'precision_macro': 0.6741073383445543, 'precision_micro': 0.7988126302516594, 'precision_weighted': 0.7957329463800454, 'recall_macro': 0.5504538870753887, 'recall_micro': 0.7988126302516594, 'recall_weighted': 0.7988126302516594}
-----------------------
Epoch 22/100
Training statistic: Loss: 0.4669, train_score: {'accuracy': 0.806346522541541, 'balanced_accuracy': 0.6042956159464745, 'f1_macro': 0.6404720722977179, 'f1_micro': 0.806346522541541, 'f1_weighted': 0.8019290409101777, 'precision_macro': 0.7446312061938544, 'precision_micro': 0.806346522541541, 'precision_weighted': 0.8048959679100632, 'recall_macro': 0.6042956159464745, 'recall_micro': 0.806346522541541, 'recall_weighted': 0.806346522541541}
Validation statistic: Loss: 0.4826, dev_score: {'accuracy': 0.7990753226738586, 'balanced_accuracy': 0.5785577032994119, 'f1_macro': 0.6083434679953706, 'f1_micro': 0.7990753226738586, 'f1_weighted': 0.7940655673322441, 'precision_macro': 0.7249960672454377, 'precision_micro': 0.7990753226738586, 'precision_weighted': 0.7969832534231271, 'recall_macro': 0.5785577032994119, 'recall_micro': 0.7990753226738586, 'recall_weighted': 0.7990753226738586}
-----------------------
Epoch 23/100
Training statistic: Loss: 0.4584, train_score: {'accuracy': 0.8077196857524951, 'balanced_accuracy': 0.6165027454009666, 'f1_macro': 0.6479064332982752, 'f1_micro': 0.8077196857524951, 'f1_weighted': 0.8025190854292167, 'precision_macro': 0.7312751566289235, 'precision_micro': 0.8077196857524951, 'precision_weighted': 0.8062330577848982, 'recall_macro': 0.6165027454009666, 'recall_micro': 0.8077196857524951, 'recall_weighted': 0.8077196857524951}
Validation statistic: Loss: 0.4723, dev_score: {'accuracy': 0.8019824521461971, 'balanced_accuracy': 0.5951760055232952, 'f1_macro': 0.6215358761488454, 'f1_micro': 0.8019824521461971, 'f1_weighted': 0.7962447703460669, 'precision_macro': 0.7004928443099004, 'precision_micro': 0.8019824521461971, 'precision_weighted': 0.7991218956600055, 'recall_macro': 0.5951760055232952, 'recall_micro': 0.8019824521461971, 'recall_weighted': 0.8019824521461971}
Saving model...
Model saved!
-------------------------------------------
-----------------------
Epoch 24/100
Training statistic: Loss: 0.4546, train_score: {'accuracy': 0.8100897361343908, 'balanced_accuracy': 0.5793818922305407, 'f1_macro': 0.6140388066949197, 'f1_micro': 0.8100897361343908, 'f1_weighted': 0.803986492824783, 'precision_macro': 0.7497438687462298, 'precision_micro': 0.8100897361343908, 'precision_weighted': 0.8089613760935536, 'recall_macro': 0.5793818922305407, 'recall_micro': 0.8100897361343908, 'recall_weighted': 0.8100897361343908}
Validation statistic: Loss: 0.4689, dev_score: {'accuracy': 0.8030507346631407, 'balanced_accuracy': 0.5505121194883751, 'f1_macro': 0.573242060115608, 'f1_micro': 0.8030507346631407, 'f1_weighted': 0.7959751109102406, 'precision_macro': 0.6875489966600721, 'precision_micro': 0.8030507346631407, 'precision_weighted': 0.799658562229861, 'recall_macro': 0.5505121194883751, 'recall_micro': 0.8030507346631407, 'recall_weighted': 0.8030507346631407}
Saving model...
Model saved!
-------------------------------------------
-----------------------
Epoch 25/100
Training statistic: Loss: 0.4565, train_score: {'accuracy': 0.808262109654331, 'balanced_accuracy': 0.589076650414664, 'f1_macro': 0.6259629863131099, 'f1_micro': 0.808262109654331, 'f1_weighted': 0.8026812621921937, 'precision_macro': 0.7531313499914508, 'precision_micro': 0.808262109654331, 'precision_weighted': 0.8074966287242357, 'recall_macro': 0.589076650414664, 'recall_micro': 0.808262109654331, 'recall_weighted': 0.808262109654331}
Validation statistic: Loss: 0.4713, dev_score: {'accuracy': 0.8012819390203324, 'balanced_accuracy': 0.5600206732297636, 'f1_macro': 0.5867542584058574, 'f1_micro': 0.8012819390203324, 'f1_weighted': 0.7948495443754121, 'precision_macro': 0.7287540067402717, 'precision_micro': 0.8012819390203324, 'precision_weighted': 0.7997760213222549, 'recall_macro': 0.5600206732297636, 'recall_micro': 0.8012819390203324, 'recall_weighted': 0.8012819390203324}
-----------------------
Epoch 26/100
Training statistic: Loss: 0.4502, train_score: {'accuracy': 0.8145936463102957, 'balanced_accuracy': 0.6356698117956548, 'f1_macro': 0.6705414894326482, 'f1_micro': 0.8145936463102957, 'f1_weighted': 0.8111227675059361, 'precision_macro': 0.7449474342031136, 'precision_micro': 0.8145936463102957, 'precision_weighted': 0.8137362916971816, 'recall_macro': 0.6356698117956548, 'recall_micro': 0.8145936463102957, 'recall_weighted': 0.8145936463102957}
Validation statistic: Loss: 0.4651, dev_score: {'accuracy': 0.8088474807796711, 'balanced_accuracy': 0.6199040445130312, 'f1_macro': 0.6516923118766069, 'f1_micro': 0.8088474807796711, 'f1_weighted': 0.80505527261394, 'precision_macro': 0.7243572703079074, 'precision_micro': 0.8088474807796711, 'precision_weighted': 0.8075340554122389, 'recall_macro': 0.6199040445130312, 'recall_micro': 0.8088474807796711, 'recall_weighted': 0.8088474807796711}
Saving model...
Model saved!
-------------------------------------------
-----------------------
Epoch 27/100
Training statistic: Loss: 0.4504, train_score: {'accuracy': 0.8115687778847422, 'balanced_accuracy': 0.5875580907606478, 'f1_macro': 0.6200589263571443, 'f1_micro': 0.8115687778847422, 'f1_weighted': 0.806097080844898, 'precision_macro': 0.7514887922141804, 'precision_micro': 0.8115687778847422, 'precision_weighted': 0.8115534686782307, 'recall_macro': 0.5875580907606478, 'recall_micro': 0.8115687778847422, 'recall_weighted': 0.8115687778847422}
Validation statistic: Loss: 0.4646, dev_score: {'accuracy': 0.8058527871665996, 'balanced_accuracy': 0.561320880029314, 'f1_macro': 0.5817495937371063, 'f1_micro': 0.8058527871665996, 'f1_weighted': 0.799446935412292, 'precision_macro': 0.7289554421092694, 'precision_micro': 0.8058527871665996, 'precision_weighted': 0.8048980841403273, 'recall_macro': 0.561320880029314, 'recall_micro': 0.8058527871665996, 'recall_weighted': 0.8058527871665996}
Saving model...
Model saved!
-------------------------------------------
-----------------------
Epoch 28/100
Training statistic: Loss: 0.4472, train_score: {'accuracy': 0.8149796957539448, 'balanced_accuracy': 0.6241456236749842, 'f1_macro': 0.6574700957738605, 'f1_micro': 0.8149796957539448, 'f1_weighted': 0.8103899063545121, 'precision_macro': 0.7393064592803771, 'precision_micro': 0.8149796957539448, 'precision_weighted': 0.8141841124336252, 'recall_macro': 0.6241456236749842, 'recall_micro': 0.8149796957539448, 'recall_weighted': 0.8149796957539448}
Validation statistic: Loss: 0.4612, dev_score: {'accuracy': 0.8078842752316071, 'balanced_accuracy': 0.5975920315183314, 'f1_macro': 0.6243196821372349, 'f1_micro': 0.8078842752316071, 'f1_weighted': 0.8028521705029196, 'precision_macro': 0.6986507582370295, 'precision_micro': 0.8078842752316071, 'precision_weighted': 0.8059973913838123, 'recall_macro': 0.5975920315183314, 'recall_micro': 0.8078842752316071, 'recall_weighted': 0.8078842752316071}
Saving model...
Model saved!
-------------------------------------------
-----------------------
Epoch 29/100
Training statistic: Loss: 0.4401, train_score: {'accuracy': 0.8174768003831174, 'balanced_accuracy': 0.6158763637024466, 'f1_macro': 0.6523127847646092, 'f1_micro': 0.8174768003831174, 'f1_weighted': 0.813316733613202, 'precision_macro': 0.7581363427909018, 'precision_micro': 0.8174768003831174, 'precision_weighted': 0.8165163823490603, 'recall_macro': 0.6158763637024466, 'recall_micro': 0.8174768003831174, 'recall_weighted': 0.8174768003831174}
Validation statistic: Loss: 0.4549, dev_score: {'accuracy': 0.809950788952908, 'balanced_accuracy': 0.5915957984695426, 'f1_macro': 0.6217939627780135, 'f1_micro': 0.809950788952908, 'f1_weighted': 0.8053126762687797, 'precision_macro': 0.7276198991173626, 'precision_micro': 0.809950788952908, 'precision_weighted': 0.8082924155148548, 'recall_macro': 0.5915957984695426, 'recall_micro': 0.809950788952908, 'recall_weighted': 0.809950788952908}
Saving model...
Model saved!
-------------------------------------------
-----------------------
Epoch 30/100
Training statistic: Loss: 0.4418, train_score: {'accuracy': 0.8172536410000798, 'balanced_accuracy': 0.6300773708243782, 'f1_macro': 0.6652110310506831, 'f1_micro': 0.8172536410000798, 'f1_weighted': 0.8136589562993458, 'precision_macro': 0.7514121525339367, 'precision_micro': 0.8172536410000798, 'precision_weighted': 0.817461092725246, 'recall_macro': 0.6300773708243782, 'recall_micro': 0.8172536410000798, 'recall_weighted': 0.8172536410000798}
Validation statistic: Loss: 0.4566, dev_score: {'accuracy': 0.8097231221870019, 'balanced_accuracy': 0.606773202960384, 'f1_macro': 0.6351833997252749, 'f1_micro': 0.8097231221870019, 'f1_weighted': 0.8059700318644764, 'precision_macro': 0.7126386275725464, 'precision_micro': 0.8097231221870019, 'precision_weighted': 0.808926477979045, 'recall_macro': 0.606773202960384, 'recall_micro': 0.8097231221870019, 'recall_weighted': 0.8097231221870019}
-----------------------
Epoch 31/100
Training statistic: Loss: 0.4370, train_score: {'accuracy': 0.8178677365285848, 'balanced_accuracy': 0.6560315861250585, 'f1_macro': 0.6837417384992798, 'f1_micro': 0.8178677365285848, 'f1_weighted': 0.8155714673153924, 'precision_macro': 0.7473950310392805, 'precision_micro': 0.8178677365285848, 'precision_weighted': 0.8192603730172824, 'recall_macro': 0.6560315861250585, 'recall_micro': 0.8178677365285848, 'recall_weighted': 0.8178677365285848}
Validation statistic: Loss: 0.4496, dev_score: {'accuracy': 0.8104411481410133, 'balanced_accuracy': 0.6356299966715839, 'f1_macro': 0.6587079661599727, 'f1_micro': 0.8104411481410133, 'f1_weighted': 0.8080423254589759, 'precision_macro': 0.7171242151087796, 'precision_micro': 0.8104411481410133, 'precision_weighted': 0.8115148464979922, 'recall_macro': 0.6356299966715839, 'recall_micro': 0.8104411481410133, 'recall_weighted': 0.8104411481410133}
Saving model...
Model saved!
-------------------------------------------
-----------------------
Epoch 32/100
Training statistic: Loss: 0.4329, train_score: {'accuracy': 0.8193207158692384, 'balanced_accuracy': 0.6179093702067665, 'f1_macro': 0.6527393215562277, 'f1_micro': 0.8193207158692384, 'f1_weighted': 0.8151737763178382, 'precision_macro': 0.7562761926371702, 'precision_micro': 0.8193207158692384, 'precision_weighted': 0.8197051393277864, 'recall_macro': 0.6179093702067665, 'recall_micro': 0.8193207158692384, 'recall_weighted': 0.8193207158692384}
Validation statistic: Loss: 0.4458, dev_score: {'accuracy': 0.811964764189769, 'balanced_accuracy': 0.5902983215900635, 'f1_macro': 0.6169790853998102, 'f1_micro': 0.811964764189769, 'f1_weighted': 0.8071760273177935, 'precision_macro': 0.7122909000636427, 'precision_micro': 0.811964764189769, 'precision_weighted': 0.8110563977080623, 'recall_macro': 0.5902983215900635, 'recall_micro': 0.811964764189769, 'recall_weighted': 0.811964764189769}
Saving model...
Model saved!
-------------------------------------------
-----------------------
Epoch 33/100
Training statistic: Loss: 0.4299, train_score: {'accuracy': 0.8222543658608495, 'balanced_accuracy': 0.6336513339433579, 'f1_macro': 0.6680385908790163, 'f1_micro': 0.8222543658608495, 'f1_weighted': 0.8187176650060957, 'precision_macro': 0.7722820343745785, 'precision_micro': 0.8222543658608495, 'precision_weighted': 0.8235990023608828, 'recall_macro': 0.6336513339433579, 'recall_micro': 0.8222543658608495, 'recall_weighted': 0.8222543658608495}
Validation statistic: Loss: 0.4439, dev_score: {'accuracy': 0.8146792525524947, 'balanced_accuracy': 0.6109978121425238, 'f1_macro': 0.6384155526776177, 'f1_micro': 0.8146792525524947, 'f1_weighted': 0.8107735090232181, 'precision_macro': 0.737056332510034, 'precision_micro': 0.8146792525524947, 'precision_weighted': 0.8152595603143874, 'recall_macro': 0.6109978121425238, 'recall_micro': 0.8146792525524947, 'recall_weighted': 0.8146792525524947}
Saving model...
Model saved!
-------------------------------------------
-----------------------
Epoch 34/100
Training statistic: Loss: 0.4272, train_score: {'accuracy': 0.8237953058342333, 'balanced_accuracy': 0.6343764719672317, 'f1_macro': 0.6679666926906579, 'f1_micro': 0.8237953058342333, 'f1_weighted': 0.8196566882597881, 'precision_macro': 0.7537030203796498, 'precision_micro': 0.8237953058342333, 'precision_weighted': 0.8235073131570964, 'recall_macro': 0.6343764719672317, 'recall_micro': 0.8237953058342333, 'recall_weighted': 0.8237953058342333}
Validation statistic: Loss: 0.4408, dev_score: {'accuracy': 0.8175863820248331, 'balanced_accuracy': 0.6185319161311881, 'f1_macro': 0.6468171190702282, 'f1_micro': 0.8175863820248331, 'f1_weighted': 0.8131967811080559, 'precision_macro': 0.7285139364562677, 'precision_micro': 0.8175863820248331, 'precision_weighted': 0.8168339447792771, 'recall_macro': 0.6185319161311881, 'recall_micro': 0.8175863820248331, 'recall_weighted': 0.8175863820248331}
Saving model...
Model saved!
-------------------------------------------
-----------------------
Epoch 35/100
Training statistic: Loss: 0.4224, train_score: {'accuracy': 0.8243800811518281, 'balanced_accuracy': 0.6444617519458328, 'f1_macro': 0.6752870792473588, 'f1_micro': 0.8243800811518281, 'f1_weighted': 0.8202804229559234, 'precision_macro': 0.7475616531167283, 'precision_micro': 0.8243800811518281, 'precision_weighted': 0.8238030985142034, 'recall_macro': 0.6444617519458328, 'recall_micro': 0.8243800811518281, 'recall_weighted': 0.8243800811518281}
Validation statistic: Loss: 0.4360, dev_score: {'accuracy': 0.8169559202115549, 'balanced_accuracy': 0.6219269273030615, 'f1_macro': 0.6475606945604727, 'f1_micro': 0.8169559202115549, 'f1_weighted': 0.8124516688587761, 'precision_macro': 0.7157643505419402, 'precision_micro': 0.8169559202115549, 'precision_weighted': 0.8155018634448716, 'recall_macro': 0.6219269273030615, 'recall_micro': 0.8169559202115549, 'recall_weighted': 0.8169559202115549}
Saving model...
Model saved!
-------------------------------------------
-----------------------
Epoch 36/100
Training statistic: Loss: 0.4192, train_score: {'accuracy': 0.8265269721506864, 'balanced_accuracy': 0.646351983350696, 'f1_macro': 0.6829751164830322, 'f1_micro': 0.8265269721506864, 'f1_weighted': 0.8233328079691272, 'precision_macro': 0.7641346685931042, 'precision_micro': 0.8265269721506864, 'precision_weighted': 0.8268691513256105, 'recall_macro': 0.646351983350696, 'recall_micro': 0.8265269721506864, 'recall_weighted': 0.8265269721506864}
Validation statistic: Loss: 0.4319, dev_score: {'accuracy': 0.8184094849477243, 'balanced_accuracy': 0.625433786510902, 'f1_macro': 0.6572095229431991, 'f1_micro': 0.8184094849477243, 'f1_weighted': 0.8150788137012634, 'precision_macro': 0.7315921124205204, 'precision_micro': 0.8184094849477243, 'precision_weighted': 0.8182419946251176, 'recall_macro': 0.625433786510902, 'recall_micro': 0.8184094849477243, 'recall_weighted': 0.8184094849477243}
Saving model...
Model saved!
-------------------------------------------
-----------------------
Epoch 37/100
Training statistic: Loss: 0.4178, train_score: {'accuracy': 0.8265807258706881, 'balanced_accuracy': 0.6460456538209265, 'f1_macro': 0.6870119714558888, 'f1_micro': 0.8265807258706881, 'f1_weighted': 0.8239905045508068, 'precision_macro': 0.7820221166601744, 'precision_micro': 0.8265807258706881, 'precision_weighted': 0.8270352265844938, 'recall_macro': 0.6460456538209265, 'recall_micro': 0.8265807258706881, 'recall_weighted': 0.8265807258706881}
Validation statistic: Loss: 0.4304, dev_score: {'accuracy': 0.8197229470587205, 'balanced_accuracy': 0.630300720058077, 'f1_macro': 0.6680703401096827, 'f1_micro': 0.8197229470587205, 'f1_weighted': 0.8170540231794071, 'precision_macro': 0.7601098794777634, 'precision_micro': 0.8197229470587205, 'precision_weighted': 0.819916644247492, 'recall_macro': 0.630300720058077, 'recall_micro': 0.8197229470587205, 'recall_weighted': 0.8197229470587205}
Saving model...
Model saved!
-------------------------------------------
-----------------------
Epoch 38/100
Training statistic: Loss: 0.4221, train_score: {'accuracy': 0.8250739928100327, 'balanced_accuracy': 0.6565616924970282, 'f1_macro': 0.6900194111831777, 'f1_micro': 0.8250739928100327, 'f1_weighted': 0.8221060602168853, 'precision_macro': 0.7598552501446131, 'precision_micro': 0.8250739928100327, 'precision_weighted': 0.8255749969227308, 'recall_macro': 0.6565616924970282, 'recall_micro': 0.8250739928100327, 'recall_weighted': 0.8250739928100327}
Validation statistic: Loss: 0.4352, dev_score: {'accuracy': 0.8175863820248331, 'balanced_accuracy': 0.6378574631327668, 'f1_macro': 0.6667727549978082, 'f1_micro': 0.8175863820248331, 'f1_weighted': 0.8144673669188713, 'precision_macro': 0.7318460325415559, 'precision_micro': 0.8175863820248331, 'precision_weighted': 0.8177191757732201, 'recall_macro': 0.6378574631327668, 'recall_micro': 0.8175863820248331, 'recall_weighted': 0.8175863820248331}
-----------------------
Epoch 39/100
Training statistic: Loss: 0.4175, train_score: {'accuracy': 0.8271589855858585, 'balanced_accuracy': 0.6559094483577333, 'f1_macro': 0.6902531595784895, 'f1_micro': 0.8271589855858585, 'f1_weighted': 0.8242046439644166, 'precision_macro': 0.765400483677746, 'precision_micro': 0.8271589855858585, 'precision_weighted': 0.8283410874613557, 'recall_macro': 0.6559094483577333, 'recall_micro': 0.8271589855858585, 'recall_weighted': 0.8271589855858585}
Validation statistic: Loss: 0.4297, dev_score: {'accuracy': 0.8211765117948897, 'balanced_accuracy': 0.6397050551625061, 'f1_macro': 0.6699169453943519, 'f1_micro': 0.8211765117948897, 'f1_weighted': 0.8179739377261737, 'precision_macro': 0.7393811077714583, 'precision_micro': 0.8211765117948897, 'precision_weighted': 0.8217608824055761, 'recall_macro': 0.6397050551625061, 'recall_micro': 0.8211765117948897, 'recall_weighted': 0.8211765117948897}
Saving model...
Model saved!
-------------------------------------------
-----------------------
Epoch 40/100
Training statistic: Loss: 0.4166, train_score: {'accuracy': 0.8267175535216017, 'balanced_accuracy': 0.6642773208025535, 'f1_macro': 0.6920661933525334, 'f1_micro': 0.8267175535216017, 'f1_weighted': 0.8236792268568398, 'precision_macro': 0.7523519920510926, 'precision_micro': 0.8267175535216017, 'precision_weighted': 0.8269181742390076, 'recall_macro': 0.6642773208025535, 'recall_micro': 0.8267175535216017, 'recall_weighted': 0.8267175535216017}
Validation statistic: Loss: 0.4268, dev_score: {'accuracy': 0.8191625365580287, 'balanced_accuracy': 0.6470247233003169, 'f1_macro': 0.6698872443057847, 'f1_micro': 0.8191625365580287, 'f1_weighted': 0.8158674875362663, 'precision_macro': 0.7253492426500902, 'precision_micro': 0.8191625365580287, 'precision_weighted': 0.818829022238246, 'recall_macro': 0.6470247233003169, 'recall_micro': 0.8191625365580287, 'recall_weighted': 0.8191625365580287}
Saving model...
Model saved!
-------------------------------------------
-----------------------
Epoch 41/100
Training statistic: Loss: 0.4151, train_score: {'accuracy': 0.8279164243677015, 'balanced_accuracy': 0.6644304415073253, 'f1_macro': 0.70281689015444, 'f1_micro': 0.8279164243677015, 'f1_weighted': 0.8253971027537602, 'precision_macro': 0.7770082043718683, 'precision_micro': 0.8279164243677015, 'precision_weighted': 0.8286893276494788, 'recall_macro': 0.6644304415073253, 'recall_micro': 0.8279164243677015, 'recall_weighted': 0.8279164243677015}
Validation statistic: Loss: 0.4281, dev_score: {'accuracy': 0.8215267683578221, 'balanced_accuracy': 0.6451505592845591, 'f1_macro': 0.6799898888301836, 'f1_micro': 0.8215267683578221, 'f1_weighted': 0.8189754531182519, 'precision_macro': 0.7521671194165912, 'precision_micro': 0.8215267683578221, 'precision_weighted': 0.822083030252935, 'recall_macro': 0.6451505592845591, 'recall_micro': 0.8215267683578221, 'recall_weighted': 0.8215267683578221}
-----------------------
Epoch 42/100
Training statistic: Loss: 0.4164, train_score: {'accuracy': 0.8252401406718564, 'balanced_accuracy': 0.6552736921327241, 'f1_macro': 0.6852328312516829, 'f1_micro': 0.8252401406718564, 'f1_weighted': 0.8219262776853123, 'precision_macro': 0.7595483144382096, 'precision_micro': 0.8252401406718564, 'precision_weighted': 0.8265266776477355, 'recall_macro': 0.6552736921327241, 'recall_micro': 0.8252401406718564, 'recall_weighted': 0.8252401406718564}
Validation statistic: Loss: 0.4284, dev_score: {'accuracy': 0.8187072030262167, 'balanced_accuracy': 0.6401339064186046, 'f1_macro': 0.6654896551799255, 'f1_micro': 0.8187072030262167, 'f1_weighted': 0.815422028561095, 'precision_macro': 0.7345548886676988, 'precision_micro': 0.8187072030262167, 'precision_weighted': 0.8198831990388606, 'recall_macro': 0.6401339064186046, 'recall_micro': 0.8187072030262167, 'recall_weighted': 0.8187072030262167}
-----------------------
Epoch 43/100
Training statistic: Loss: 0.4084, train_score: {'accuracy': 0.8303467440720235, 'balanced_accuracy': 0.6721170121514553, 'f1_macro': 0.694960677970393, 'f1_micro': 0.8303467440720235, 'f1_weighted': 0.8272527938608665, 'precision_macro': 0.757849512233998, 'precision_micro': 0.8303467440720235, 'precision_weighted': 0.8315199471330493, 'recall_macro': 0.6721170121514553, 'recall_micro': 0.8303467440720235, 'recall_weighted': 0.8303467440720235}
Validation statistic: Loss: 0.4199, dev_score: {'accuracy': 0.8212815887637694, 'balanced_accuracy': 0.6540110822135011, 'f1_macro': 0.6706001674835969, 'f1_micro': 0.8212815887637694, 'f1_weighted': 0.8181374623489699, 'precision_macro': 0.7281281630385239, 'precision_micro': 0.8212815887637694, 'precision_weighted': 0.8220973102323506, 'recall_macro': 0.6540110822135011, 'recall_micro': 0.8212815887637694, 'recall_weighted': 0.8212815887637694}
Saving model...
Model saved!
-------------------------------------------
-----------------------
Epoch 44/100
Training statistic: Loss: 0.4140, train_score: {'accuracy': 0.8289312294453105, 'balanced_accuracy': 0.6639971759372687, 'f1_macro': 0.6965402144219788, 'f1_micro': 0.8289312294453105, 'f1_weighted': 0.8260831552160272, 'precision_macro': 0.7664711627443148, 'precision_micro': 0.8289312294453105, 'precision_weighted': 0.8297356953358352, 'recall_macro': 0.6639971759372687, 'recall_micro': 0.8289312294453105, 'recall_weighted': 0.8289312294453105}
Validation statistic: Loss: 0.4236, dev_score: {'accuracy': 0.8213341272482093, 'balanced_accuracy': 0.6505606090039482, 'f1_macro': 0.6772349362743764, 'f1_micro': 0.8213341272482093, 'f1_weighted': 0.8182901343812964, 'precision_macro': 0.7373489211834877, 'precision_micro': 0.8213341272482093, 'precision_weighted': 0.8216175312881016, 'recall_macro': 0.6505606090039482, 'recall_micro': 0.8213341272482093, 'recall_weighted': 0.8213341272482093}
-----------------------
Epoch 45/100
Training statistic: Loss: 0.4088, train_score: {'accuracy': 0.8307393091180969, 'balanced_accuracy': 0.6622370948733779, 'f1_macro': 0.7013411035213183, 'f1_micro': 0.8307393091180969, 'f1_weighted': 0.8278280494413975, 'precision_macro': 0.7835137926660708, 'precision_micro': 0.8307393091180969, 'precision_weighted': 0.8315516402795897, 'recall_macro': 0.6622370948733779, 'recall_micro': 0.8307393091180969, 'recall_weighted': 0.8307393091180969}
Validation statistic: Loss: 0.4196, dev_score: {'accuracy': 0.8246265389397733, 'balanced_accuracy': 0.6422786893564087, 'f1_macro': 0.6789060586821185, 'f1_micro': 0.8246265389397733, 'f1_weighted': 0.8213431314994947, 'precision_macro': 0.762286882399202, 'precision_micro': 0.8246265389397733, 'precision_weighted': 0.8249683190485445, 'recall_macro': 0.6422786893564087, 'recall_micro': 0.8246265389397733, 'recall_weighted': 0.8246265389397733}
Saving model...
Model saved!
-------------------------------------------
-----------------------
Epoch 46/100
Training statistic: Loss: 0.4082, train_score: {'accuracy': 0.8311758544805354, 'balanced_accuracy': 0.6873984974572697, 'f1_macro': 0.7157259681665691, 'f1_micro': 0.8311758544805354, 'f1_weighted': 0.8296721907885255, 'precision_macro': 0.765991664050139, 'precision_micro': 0.8311758544805354, 'precision_weighted': 0.8319528343353603, 'recall_macro': 0.6873984974572697, 'recall_micro': 0.8311758544805354, 'recall_weighted': 0.8311758544805354}
Validation statistic: Loss: 0.4204, dev_score: {'accuracy': 0.8222097686555402, 'balanced_accuracy': 0.671277976164861, 'f1_macro': 0.6960103598522034, 'f1_micro': 0.8222097686555402, 'f1_weighted': 0.8206935174503842, 'precision_macro': 0.7417175794085091, 'precision_micro': 0.8222097686555402, 'precision_weighted': 0.8228994342510281, 'recall_macro': 0.671277976164861, 'recall_micro': 0.8222097686555402, 'recall_weighted': 0.8222097686555402}
-----------------------
Epoch 47/100
Training statistic: Loss: 0.4052, train_score: {'accuracy': 0.8319398088648029, 'balanced_accuracy': 0.6748417246070836, 'f1_macro': 0.7035680086856296, 'f1_micro': 0.8319398088648029, 'f1_weighted': 0.8292870976534915, 'precision_macro': 0.7706226091095998, 'precision_micro': 0.8319398088648029, 'precision_weighted': 0.8330801536919801, 'recall_macro': 0.6748417246070836, 'recall_micro': 0.8319398088648029, 'recall_weighted': 0.8319398088648029}
Validation statistic: Loss: 0.4170, dev_score: {'accuracy': 0.8249067441901192, 'balanced_accuracy': 0.6552766003858881, 'f1_macro': 0.6804685932560846, 'f1_micro': 0.8249067441901192, 'f1_weighted': 0.8221035285869794, 'precision_macro': 0.7457259369043922, 'precision_micro': 0.8249067441901192, 'precision_weighted': 0.8259081260866966, 'recall_macro': 0.6552766003858881, 'recall_micro': 0.8249067441901192, 'recall_weighted': 0.8249067441901192}
Saving model...
Model saved!
-------------------------------------------
-----------------------
Epoch 48/100
Training statistic: Loss: 0.4014, train_score: {'accuracy': 0.8334155928139421, 'balanced_accuracy': 0.6687506019977411, 'f1_macro': 0.7033290926977286, 'f1_micro': 0.8334155928139421, 'f1_weighted': 0.8310239662899818, 'precision_macro': 0.7747544096874908, 'precision_micro': 0.8334155928139421, 'precision_weighted': 0.8349784123302018, 'recall_macro': 0.6687506019977411, 'recall_micro': 0.8334155928139421, 'recall_weighted': 0.8334155928139421}
Validation statistic: Loss: 0.4128, dev_score: {'accuracy': 0.8266930526610743, 'balanced_accuracy': 0.6570135899002746, 'f1_macro': 0.6873747888524121, 'f1_micro': 0.8266930526610743, 'f1_weighted': 0.8243738170384212, 'precision_macro': 0.7520060762353216, 'precision_micro': 0.8266930526610743, 'precision_weighted': 0.8280358494838204, 'recall_macro': 0.6570135899002746, 'recall_micro': 0.8266930526610743, 'recall_weighted': 0.8266930526610743}
Saving model...
Model saved!
-------------------------------------------
-----------------------
Epoch 49/100
Training statistic: Loss: 0.3949, train_score: {'accuracy': 0.8357058270661383, 'balanced_accuracy': 0.6727681899580198, 'f1_macro': 0.7020203793580588, 'f1_micro': 0.8357058270661383, 'f1_weighted': 0.8324624631501597, 'precision_macro': 0.7687141877165862, 'precision_micro': 0.8357058270661383, 'precision_weighted': 0.8364623821047883, 'recall_macro': 0.6727681899580198, 'recall_micro': 0.8357058270661383, 'recall_weighted': 0.8357058270661383}
Validation statistic: Loss: 0.4034, dev_score: {'accuracy': 0.8286194637572022, 'balanced_accuracy': 0.6557907674144158, 'f1_macro': 0.677132962795625, 'f1_micro': 0.8286194637572022, 'f1_weighted': 0.8254308081563088, 'precision_macro': 0.7328347869990358, 'precision_micro': 0.8286194637572022, 'precision_weighted': 0.8288472294226512, 'recall_macro': 0.6557907674144158, 'recall_micro': 0.8286194637572022, 'recall_weighted': 0.8286194637572022}
Saving model...
Model saved!
-------------------------------------------
-----------------------
Epoch 50/100
Training statistic: Loss: 0.3986, train_score: {'accuracy': 0.8337723220466811, 'balanced_accuracy': 0.6744295201368367, 'f1_macro': 0.7025504952199856, 'f1_micro': 0.8337723220466811, 'f1_weighted': 0.8315640546221671, 'precision_macro': 0.7630831521298161, 'precision_micro': 0.8337723220466811, 'precision_weighted': 0.8349824774672897, 'recall_macro': 0.6744295201368367, 'recall_micro': 0.8337723220466811, 'recall_weighted': 0.8337723220466811}
Validation statistic: Loss: 0.4104, dev_score: {'accuracy': 0.8271658990210329, 'balanced_accuracy': 0.6539715046393945, 'f1_macro': 0.6783500558797575, 'f1_micro': 0.8271658990210329, 'f1_weighted': 0.824733012940636, 'precision_macro': 0.7358747533357298, 'precision_micro': 0.8271658990210329, 'precision_weighted': 0.8280228452862695, 'recall_macro': 0.6539715046393945, 'recall_micro': 0.8271658990210329, 'recall_weighted': 0.8271658990210329}
-----------------------
Epoch 51/100
Training statistic: Loss: 0.3981, train_score: {'accuracy': 0.8351031338418761, 'balanced_accuracy': 0.6849728872540132, 'f1_macro': 0.7130464806333816, 'f1_micro': 0.8351031338418761, 'f1_weighted': 0.8333232690341967, 'precision_macro': 0.7776620268400593, 'precision_micro': 0.8351031338418761, 'precision_weighted': 0.8368340241913167, 'recall_macro': 0.6849728872540132, 'recall_micro': 0.8351031338418761, 'recall_weighted': 0.8351031338418761}
Validation statistic: Loss: 0.4097, dev_score: {'accuracy': 0.8284968739601758, 'balanced_accuracy': 0.6714261996675565, 'f1_macro': 0.6951686213797128, 'f1_micro': 0.8284968739601758, 'f1_weighted': 0.8266249068178229, 'precision_macro': 0.7549581870283136, 'precision_micro': 0.8284968739601758, 'precision_weighted': 0.8299297948246174, 'recall_macro': 0.6714261996675565, 'recall_micro': 0.8284968739601758, 'recall_weighted': 0.8284968739601758}
-----------------------
Epoch 52/100
Training statistic: Loss: 0.3989, train_score: {'accuracy': 0.8327379701617987, 'balanced_accuracy': 0.6834587150764262, 'f1_macro': 0.7071178288817201, 'f1_micro': 0.8327379701617987, 'f1_weighted': 0.8300518937637268, 'precision_macro': 0.7608797172553288, 'precision_micro': 0.8327379701617987, 'precision_weighted': 0.8331163796588291, 'recall_macro': 0.6834587150764262, 'recall_micro': 0.8327379701617987, 'recall_weighted': 0.8327379701617987}
Validation statistic: Loss: 0.4103, dev_score: {'accuracy': 0.8256247701441306, 'balanced_accuracy': 0.6656104266520205, 'f1_macro': 0.6854158728271063, 'f1_micro': 0.8256247701441306, 'f1_weighted': 0.82282063485341, 'precision_macro': 0.7345667919885143, 'precision_micro': 0.8256247701441306, 'precision_weighted': 0.8257268825638414, 'recall_macro': 0.6656104266520205, 'recall_micro': 0.8256247701441306, 'recall_weighted': 0.8256247701441306}
-----------------------
Epoch 53/100
Training statistic: Loss: 0.3952, train_score: {'accuracy': 0.8351764343691512, 'balanced_accuracy': 0.6893737796233887, 'f1_macro': 0.7157409423055175, 'f1_micro': 0.8351764343691512, 'f1_weighted': 0.8333077314047409, 'precision_macro': 0.7654875721985935, 'precision_micro': 0.8351764343691512, 'precision_weighted': 0.8359406135048947, 'recall_macro': 0.6893737796233887, 'recall_micro': 0.8351764343691512, 'recall_weighted': 0.8351764343691512}
Validation statistic: Loss: 0.4058, dev_score: {'accuracy': 0.8287770792105217, 'balanced_accuracy': 0.673863639344247, 'f1_macro': 0.6952887813378202, 'f1_micro': 0.8287770792105217, 'f1_weighted': 0.8269706294995443, 'precision_macro': 0.7381144830446111, 'precision_micro': 0.8287770792105217, 'precision_weighted': 0.8294257837505861, 'recall_macro': 0.673863639344247, 'recall_micro': 0.8287770792105217, 'recall_weighted': 0.8287770792105217}
-----------------------
Epoch 54/100
Training statistic: Loss: 0.3864, train_score: {'accuracy': 0.839849750208092, 'balanced_accuracy': 0.6615628251576245, 'f1_macro': 0.6902201099386217, 'f1_micro': 0.839849750208092, 'f1_weighted': 0.8376156551909859, 'precision_macro': 0.7966617281745617, 'precision_micro': 0.839849750208092, 'precision_weighted': 0.8414933410607903, 'recall_macro': 0.6615628251576245, 'recall_micro': 0.839849750208092, 'recall_weighted': 0.839849750208092}
Validation statistic: Loss: 0.3974, dev_score: {'accuracy': 0.8328575681686836, 'balanced_accuracy': 0.6367132968728114, 'f1_macro': 0.6552073384329439, 'f1_micro': 0.8328575681686836, 'f1_weighted': 0.8301905595188206, 'precision_macro': 0.7604339258734142, 'precision_micro': 0.8328575681686836, 'precision_weighted': 0.8338724598409571, 'recall_macro': 0.6367132968728114, 'recall_micro': 0.8328575681686836, 'recall_weighted': 0.8328575681686836}
Saving model...
Model saved!
-------------------------------------------
-----------------------
Epoch 55/100
Training statistic: Loss: 0.3959, train_score: {'accuracy': 0.8349646772903564, 'balanced_accuracy': 0.700724749593879, 'f1_macro': 0.7187306760183477, 'f1_micro': 0.8349646772903564, 'f1_weighted': 0.8338479194648193, 'precision_macro': 0.7537618129507869, 'precision_micro': 0.8349646772903564, 'precision_weighted': 0.8368328876727974, 'recall_macro': 0.700724749593879, 'recall_micro': 0.8349646772903564, 'recall_weighted': 0.8349646772903564}
Validation statistic: Loss: 0.4074, dev_score: {'accuracy': 0.8293199768830668, 'balanced_accuracy': 0.6868262468928518, 'f1_macro': 0.6995820097118299, 'f1_micro': 0.8293199768830668, 'f1_weighted': 0.8283495984731015, 'precision_macro': 0.7270711688807341, 'precision_micro': 0.8293199768830668, 'precision_weighted': 0.8311341371847032, 'recall_macro': 0.6868262468928518, 'recall_micro': 0.8293199768830668, 'recall_weighted': 0.8293199768830668}
-----------------------
Epoch 56/100
Training statistic: Loss: 0.3976, train_score: {'accuracy': 0.833485635540005, 'balanced_accuracy': 0.6882407937942333, 'f1_macro': 0.7127471981164687, 'f1_micro': 0.833485635540005, 'f1_weighted': 0.8319960010032732, 'precision_macro': 0.7621522189739963, 'precision_micro': 0.833485635540005, 'precision_weighted': 0.835245911933681, 'recall_macro': 0.6882407937942333, 'recall_micro': 0.833485635540005, 'recall_weighted': 0.833485635540005}
Validation statistic: Loss: 0.4066, dev_score: {'accuracy': 0.8284618483038826, 'balanced_accuracy': 0.676080489587293, 'f1_macro': 0.6977587776374549, 'f1_micro': 0.8284618483038826, 'f1_weighted': 0.8270799449123347, 'precision_macro': 0.7449892459221544, 'precision_micro': 0.8284618483038826, 'precision_weighted': 0.8304403690047965, 'recall_macro': 0.676080489587293, 'recall_micro': 0.8284618483038826, 'recall_weighted': 0.8284618483038826}
-----------------------
Epoch 57/100
Training statistic: Loss: 0.3909, train_score: {'accuracy': 0.8381899004904619, 'balanced_accuracy': 0.6787405152654536, 'f1_macro': 0.7118579699389777, 'f1_micro': 0.8381899004904619, 'f1_weighted': 0.8353543076459874, 'precision_macro': 0.7862851748397508, 'precision_micro': 0.8381899004904619, 'precision_weighted': 0.8391463831928122, 'recall_macro': 0.6787405152654536, 'recall_micro': 0.8381899004904619, 'recall_weighted': 0.8381899004904619}
Validation statistic: Loss: 0.4015, dev_score: {'accuracy': 0.8318243113080331, 'balanced_accuracy': 0.6644473322832366, 'f1_macro': 0.6949530576670372, 'f1_micro': 0.8318243113080331, 'f1_weighted': 0.8289259087555699, 'precision_macro': 0.7673803657644782, 'precision_micro': 0.8318243113080331, 'precision_weighted': 0.8325464368797479, 'recall_macro': 0.6644473322832366, 'recall_micro': 0.8318243113080331, 'recall_weighted': 0.8318243113080331}
-----------------------
Epoch 58/100
Training statistic: Loss: 0.3860, train_score: {'accuracy': 0.8398676681147593, 'balanced_accuracy': 0.7120369547181641, 'f1_macro': 0.7247140136895523, 'f1_micro': 0.8398676681147593, 'f1_weighted': 0.8387766498982233, 'precision_macro': 0.7543316656808958, 'precision_micro': 0.8398676681147593, 'precision_weighted': 0.8410699303191559, 'recall_macro': 0.7120369547181641, 'recall_micro': 0.8398676681147593, 'recall_weighted': 0.8398676681147593}
Validation statistic: Loss: 0.3965, dev_score: {'accuracy': 0.8330852349345896, 'balanced_accuracy': 0.6965947251435581, 'f1_macro': 0.7036677757635924, 'f1_micro': 0.8330852349345896, 'f1_weighted': 0.8321413979356227, 'precision_macro': 0.7296356539883823, 'precision_micro': 0.8330852349345896, 'precision_weighted': 0.8346380137108551, 'recall_macro': 0.6965947251435581, 'recall_micro': 0.8330852349345896, 'recall_weighted': 0.8330852349345896}
Saving model...
Model saved!
-------------------------------------------
-----------------------
Epoch 59/100
Training statistic: Loss: 0.3837, train_score: {'accuracy': 0.8420161880142235, 'balanced_accuracy': 0.6958438654896992, 'f1_macro': 0.7256378251854404, 'f1_micro': 0.8420161880142235, 'f1_weighted': 0.8403814394479886, 'precision_macro': 0.779155748875424, 'precision_micro': 0.8420161880142235, 'precision_weighted': 0.8426988856201154, 'recall_macro': 0.6958438654896992, 'recall_micro': 0.8420161880142235, 'recall_weighted': 0.8420161880142235}
Validation statistic: Loss: 0.3936, dev_score: {'accuracy': 0.8352042871403302, 'balanced_accuracy': 0.6793658581354849, 'f1_macro': 0.7059686645450125, 'f1_micro': 0.8352042871403302, 'f1_weighted': 0.8335241492169668, 'precision_macro': 0.7589710034585302, 'precision_micro': 0.8352042871403302, 'precision_weighted': 0.8360942763981493, 'recall_macro': 0.6793658581354849, 'recall_micro': 0.8352042871403302, 'recall_weighted': 0.8352042871403302}
Saving model...
Model saved!
-------------------------------------------
-----------------------
Epoch 60/100
Training statistic: Loss: 0.3842, train_score: {'accuracy': 0.8408238327705482, 'balanced_accuracy': 0.6862687751481523, 'f1_macro': 0.7167428413335, 'f1_micro': 0.8408238327705482, 'f1_weighted': 0.83842377949158, 'precision_macro': 0.7821369690158343, 'precision_micro': 0.8408238327705482, 'precision_weighted': 0.8421139608356228, 'recall_macro': 0.6862687751481523, 'recall_micro': 0.8408238327705482, 'recall_weighted': 0.8408238327705482}
Validation statistic: Loss: 0.3924, dev_score: {'accuracy': 0.8356596206721424, 'balanced_accuracy': 0.6721802045380577, 'f1_macro': 0.697015938356083, 'f1_micro': 0.8356596206721424, 'f1_weighted': 0.8332251634840205, 'precision_macro': 0.7575190156148166, 'precision_micro': 0.8356596206721424, 'precision_weighted': 0.8368048576744921, 'recall_macro': 0.6721802045380577, 'recall_micro': 0.8356596206721424, 'recall_weighted': 0.8356596206721424}
Saving model...
Model saved!
-------------------------------------------
-----------------------
Epoch 61/100
Training statistic: Loss: 0.3883, train_score: {'accuracy': 0.8381768692856131, 'balanced_accuracy': 0.6833506549504618, 'f1_macro': 0.7143090180684567, 'f1_micro': 0.8381768692856131, 'f1_weighted': 0.836066329392875, 'precision_macro': 0.780235670889155, 'precision_micro': 0.8381768692856131, 'precision_weighted': 0.8395787974180378, 'recall_macro': 0.6833506549504618, 'recall_micro': 0.8381768692856131, 'recall_weighted': 0.8381768692856131}
Validation statistic: Loss: 0.3986, dev_score: {'accuracy': 0.8305108491970369, 'balanced_accuracy': 0.660165415824461, 'f1_macro': 0.6872688775738741, 'f1_micro': 0.8305108491970369, 'f1_weighted': 0.8282109770226764, 'precision_macro': 0.7531924119365058, 'precision_micro': 0.8305108491970369, 'precision_weighted': 0.8318612004207545, 'recall_macro': 0.660165415824461, 'recall_micro': 0.8305108491970369, 'recall_weighted': 0.8305108491970369}
-----------------------
Epoch 62/100
Training statistic: Loss: 0.3821, train_score: {'accuracy': 0.8399719177535506, 'balanced_accuracy': 0.6878721422777995, 'f1_macro': 0.7193602291524605, 'f1_micro': 0.8399719177535506, 'f1_weighted': 0.8378614231795146, 'precision_macro': 0.7851749055410414, 'precision_micro': 0.8399719177535506, 'precision_weighted': 0.8410401878852678, 'recall_macro': 0.6878721422777995, 'recall_micro': 0.8399719177535506, 'recall_weighted': 0.8399719177535506}
Validation statistic: Loss: 0.3891, dev_score: {'accuracy': 0.8328225425123903, 'balanced_accuracy': 0.6712555453135504, 'f1_macro': 0.6972487592853805, 'f1_micro': 0.8328225425123903, 'f1_weighted': 0.8307975434430204, 'precision_macro': 0.7548326222149774, 'precision_micro': 0.8328225425123903, 'precision_weighted': 0.833850328999914, 'recall_macro': 0.6712555453135504, 'recall_micro': 0.8328225425123903, 'recall_weighted': 0.8328225425123903}
Saving model...
Model saved!
-------------------------------------------
-----------------------
Epoch 63/100
Training statistic: Loss: 0.3842, train_score: {'accuracy': 0.8406870051196346, 'balanced_accuracy': 0.7083625420838684, 'f1_macro': 0.7290965552893646, 'f1_micro': 0.8406870051196346, 'f1_weighted': 0.8396099339180633, 'precision_macro': 0.7654794715887079, 'precision_micro': 0.8406870051196346, 'precision_weighted': 0.842151607684279, 'recall_macro': 0.7083625420838684, 'recall_micro': 0.8406870051196346, 'recall_weighted': 0.8406870051196346}
Validation statistic: Loss: 0.3946, dev_score: {'accuracy': 0.8334880299819618, 'balanced_accuracy': 0.6926249489955978, 'f1_macro': 0.7097447132937463, 'f1_micro': 0.8334880299819618, 'f1_weighted': 0.832442929474445, 'precision_macro': 0.7416850556237223, 'precision_micro': 0.8334880299819618, 'precision_weighted': 0.8348481931709674, 'recall_macro': 0.6926249489955978, 'recall_micro': 0.8334880299819618, 'recall_weighted': 0.8334880299819618}
-----------------------
Epoch 64/100
Training statistic: Loss: 0.3825, train_score: {'accuracy': 0.8411463550905587, 'balanced_accuracy': 0.6983304533107335, 'f1_macro': 0.7238468781431934, 'f1_micro': 0.8411463550905587, 'f1_weighted': 0.8392969278711364, 'precision_macro': 0.7773479009707109, 'precision_micro': 0.8411463550905587, 'precision_weighted': 0.8428168869373174, 'recall_macro': 0.6983304533107335, 'recall_micro': 0.8411463550905587, 'recall_weighted': 0.8411463550905587}
Validation statistic: Loss: 0.3898, dev_score: {'accuracy': 0.8364827235950334, 'balanced_accuracy': 0.6912900869133739, 'f1_macro': 0.709465335846774, 'f1_micro': 0.8364827235950334, 'f1_weighted': 0.834854597902353, 'precision_macro': 0.7512086712639007, 'precision_micro': 0.8364827235950334, 'precision_weighted': 0.8381275904726487, 'recall_macro': 0.6912900869133739, 'recall_micro': 0.8364827235950334, 'recall_weighted': 0.8364827235950334}
-----------------------
Epoch 65/100
Training statistic: Loss: 0.3809, train_score: {'accuracy': 0.842550467413029, 'balanced_accuracy': 0.7091711558718499, 'f1_macro': 0.7291209709908341, 'f1_micro': 0.842550467413029, 'f1_weighted': 0.8410537174310146, 'precision_macro': 0.7686099199827956, 'precision_micro': 0.842550467413029, 'precision_weighted': 0.843529942300778, 'recall_macro': 0.7091711558718499, 'recall_micro': 0.842550467413029, 'recall_weighted': 0.842550467413029}
Validation statistic: Loss: 0.3909, dev_score: {'accuracy': 0.8373758778305108, 'balanced_accuracy': 0.6929766039746083, 'f1_macro': 0.7073267396706227, 'f1_micro': 0.8373758778305108, 'f1_weighted': 0.8358825480758821, 'precision_macro': 0.7399632483420724, 'precision_micro': 0.8373758778305108, 'precision_weighted': 0.8381980668224754, 'recall_macro': 0.6929766039746083, 'recall_micro': 0.8373758778305108, 'recall_weighted': 0.8373758778305108}
-----------------------
Epoch 66/100
Training statistic: Loss: 0.3760, train_score: {'accuracy': 0.8459695297852621, 'balanced_accuracy': 0.7096036356436978, 'f1_macro': 0.7364400043749494, 'f1_micro': 0.8459695297852621, 'f1_weighted': 0.8447477726224313, 'precision_macro': 0.785723899875924, 'precision_micro': 0.8459695297852621, 'precision_weighted': 0.8472709925910464, 'recall_macro': 0.7096036356436978, 'recall_micro': 0.8459695297852621, 'recall_weighted': 0.8459695297852621}
Validation statistic: Loss: 0.3853, dev_score: {'accuracy': 0.8408083921472479, 'balanced_accuracy': 0.6995525536217609, 'f1_macro': 0.722834044879072, 'f1_micro': 0.8408083921472479, 'f1_weighted': 0.8396654947657525, 'precision_macro': 0.7665912293690608, 'precision_micro': 0.8408083921472479, 'precision_weighted': 0.8420892747218914, 'recall_macro': 0.6995525536217609, 'recall_micro': 0.8408083921472479, 'recall_weighted': 0.8408083921472479}
Saving model...
Model saved!
-------------------------------------------
-----------------------
Epoch 67/100
Training statistic: Loss: 0.3769, train_score: {'accuracy': 0.8432541524748701, 'balanced_accuracy': 0.6992095095530484, 'f1_macro': 0.7242015174547797, 'f1_micro': 0.8432541524748701, 'f1_weighted': 0.8415210396584943, 'precision_macro': 0.7765834617436985, 'precision_micro': 0.8432541524748701, 'precision_weighted': 0.8441288893113539, 'recall_macro': 0.6992095095530484, 'recall_micro': 0.8432541524748701, 'recall_weighted': 0.8432541524748701}
Validation statistic: Loss: 0.3859, dev_score: {'accuracy': 0.8366578518764995, 'balanced_accuracy': 0.6827897002112818, 'f1_macro': 0.7019893888203865, 'f1_micro': 0.8366578518764995, 'f1_weighted': 0.83493512639255, 'precision_macro': 0.7468523124613708, 'precision_micro': 0.8366578518764995, 'precision_weighted': 0.8372713113751691, 'recall_macro': 0.6827897002112818, 'recall_micro': 0.8366578518764995, 'recall_weighted': 0.8366578518764995}
-----------------------
Epoch 68/100
Training statistic: Loss: 0.3758, train_score: {'accuracy': 0.8447641433367378, 'balanced_accuracy': 0.7130097292603744, 'f1_macro': 0.7404791074863206, 'f1_micro': 0.8447641433367378, 'f1_weighted': 0.8435957064034918, 'precision_macro': 0.7874752810996464, 'precision_micro': 0.8447641433367378, 'precision_weighted': 0.8460932196683728, 'recall_macro': 0.7130097292603744, 'recall_micro': 0.8447641433367378, 'recall_weighted': 0.8447641433367378}
Validation statistic: Loss: 0.3852, dev_score: {'accuracy': 0.8392147247859056, 'balanced_accuracy': 0.6961581015027684, 'f1_macro': 0.7212663376795792, 'f1_micro': 0.8392147247859056, 'f1_weighted': 0.838073510407778, 'precision_macro': 0.7658156790833343, 'precision_micro': 0.8392147247859056, 'precision_weighted': 0.8405204137463737, 'recall_macro': 0.6961581015027684, 'recall_micro': 0.8392147247859056, 'recall_weighted': 0.8392147247859056}
Saving model...
Model saved!
-------------------------------------------
-----------------------
Epoch 69/100
Training statistic: Loss: 0.3715, train_score: {'accuracy': 0.8468361049077147, 'balanced_accuracy': 0.7226085613511947, 'f1_macro': 0.7399168017233555, 'f1_micro': 0.8468361049077147, 'f1_weighted': 0.8454891971295699, 'precision_macro': 0.7712424886044439, 'precision_micro': 0.8468361049077147, 'precision_weighted': 0.8474035470166227, 'recall_macro': 0.7226085613511947, 'recall_micro': 0.8468361049077147, 'recall_weighted': 0.8468361049077147}
Validation statistic: Loss: 0.3803, dev_score: {'accuracy': 0.8395824941769846, 'balanced_accuracy': 0.7047560193668149, 'f1_macro': 0.716158504809813, 'f1_micro': 0.8395824941769846, 'f1_weighted': 0.8381702022697395, 'precision_macro': 0.7411044137301855, 'precision_micro': 0.8395824941769846, 'precision_weighted': 0.8401712663575139, 'recall_macro': 0.7047560193668149, 'recall_micro': 0.8395824941769846, 'recall_weighted': 0.8395824941769846}
Saving model...
Model saved!
-------------------------------------------
-----------------------
Epoch 70/100
Training statistic: Loss: 0.3731, train_score: {'accuracy': 0.8453896411694855, 'balanced_accuracy': 0.6902729431431306, 'f1_macro': 0.7268670415379322, 'f1_micro': 0.8453896411694855, 'f1_weighted': 0.8427979218357232, 'precision_macro': 0.8006417269196582, 'precision_micro': 0.8453896411694855, 'precision_weighted': 0.8467619859468866, 'recall_macro': 0.6902729431431306, 'recall_micro': 0.8453896411694855, 'recall_weighted': 0.8453896411694855}
Validation statistic: Loss: 0.3833, dev_score: {'accuracy': 0.8399152379117704, 'balanced_accuracy': 0.671223876940266, 'f1_macro': 0.7042857193850691, 'f1_micro': 0.8399152379117704, 'f1_weighted': 0.8370945242419557, 'precision_macro': 0.7765926682473706, 'precision_micro': 0.8399152379117704, 'precision_weighted': 0.8409412490959354, 'recall_macro': 0.671223876940266, 'recall_micro': 0.8399152379117704, 'recall_weighted': 0.8399152379117704}
-----------------------
Epoch 71/100
Training statistic: Loss: 0.3710, train_score: {'accuracy': 0.8471244203149968, 'balanced_accuracy': 0.7163107038760368, 'f1_macro': 0.748965036581711, 'f1_micro': 0.8471244203149968, 'f1_weighted': 0.8455621124762124, 'precision_macro': 0.8057433644197347, 'precision_micro': 0.8471244203149968, 'precision_weighted': 0.8480747428273545, 'recall_macro': 0.7163107038760368, 'recall_micro': 0.8471244203149968, 'recall_weighted': 0.8471244203149968}
Validation statistic: Loss: 0.3801, dev_score: {'accuracy': 0.8401078790213832, 'balanced_accuracy': 0.7030170483093713, 'f1_macro': 0.7318959329371435, 'f1_micro': 0.8401078790213832, 'f1_weighted': 0.8384651935681926, 'precision_macro': 0.783757448827678, 'precision_micro': 0.8401078790213832, 'precision_weighted': 0.8408659896397441, 'recall_macro': 0.7030170483093713, 'recall_micro': 0.8401078790213832, 'recall_weighted': 0.8401078790213832}
Saving model...
Model saved!
-------------------------------------------
-----------------------
Epoch 72/100
Training statistic: Loss: 0.3724, train_score: {'accuracy': 0.8459157760652602, 'balanced_accuracy': 0.7050382627913538, 'f1_macro': 0.7284681067987382, 'f1_micro': 0.8459157760652602, 'f1_weighted': 0.8440776517715117, 'precision_macro': 0.7742234704933103, 'precision_micro': 0.8459157760652602, 'precision_weighted': 0.846915719378458, 'recall_macro': 0.7050382627913538, 'recall_micro': 0.8459157760652602, 'recall_weighted': 0.8459157760652602}
Validation statistic: Loss: 0.3790, dev_score: {'accuracy': 0.8394073658955185, 'balanced_accuracy': 0.6869170343341262, 'f1_macro': 0.7059231353164227, 'f1_micro': 0.8394073658955185, 'f1_weighted': 0.837340589201688, 'precision_macro': 0.748177551187568, 'precision_micro': 0.8394073658955185, 'precision_weighted': 0.8403368672604816, 'recall_macro': 0.6869170343341262, 'recall_micro': 0.8394073658955185, 'recall_weighted': 0.8394073658955185}
Saving model...
Model saved!
-------------------------------------------
-----------------------
Epoch 73/100
Training statistic: Loss: 0.3710, train_score: {'accuracy': 0.8465168403889163, 'balanced_accuracy': 0.7160790430763287, 'f1_macro': 0.7394522579186662, 'f1_micro': 0.8465168403889163, 'f1_weighted': 0.8450701125721842, 'precision_macro': 0.7795855415726071, 'precision_micro': 0.8465168403889163, 'precision_weighted': 0.8472580010786985, 'recall_macro': 0.7160790430763287, 'recall_micro': 0.8465168403889163, 'recall_weighted': 0.8465168403889163}
Validation statistic: Loss: 0.3783, dev_score: {'accuracy': 0.8419117003204848, 'balanced_accuracy': 0.7038021360919328, 'f1_macro': 0.7231770554589512, 'f1_micro': 0.8419117003204848, 'f1_weighted': 0.8403415730531646, 'precision_macro': 0.7586974384085178, 'precision_micro': 0.8419117003204848, 'precision_weighted': 0.8424770868022045, 'recall_macro': 0.7038021360919328, 'recall_micro': 0.8419117003204848, 'recall_weighted': 0.8419117003204848}
Saving model...
Model saved!
-------------------------------------------
-----------------------
Epoch 74/100
Training statistic: Loss: 0.3750, train_score: {'accuracy': 0.8460183968034455, 'balanced_accuracy': 0.7010141449170094, 'f1_macro': 0.7320243458508885, 'f1_micro': 0.8460183968034455, 'f1_weighted': 0.8440276431457411, 'precision_macro': 0.7925051425537302, 'precision_micro': 0.8460183968034455, 'precision_weighted': 0.8471548825800344, 'recall_macro': 0.7010141449170094, 'recall_micro': 0.8460183968034455, 'recall_weighted': 0.8460183968034455}
Validation statistic: Loss: 0.3842, dev_score: {'accuracy': 0.8399852892243569, 'balanced_accuracy': 0.6878224487711895, 'f1_macro': 0.7155933788638269, 'f1_micro': 0.8399852892243569, 'f1_weighted': 0.8379378775501408, 'precision_macro': 0.7720687949572066, 'precision_micro': 0.8399852892243569, 'precision_weighted': 0.8409532677170048, 'recall_macro': 0.6878224487711895, 'recall_micro': 0.8399852892243569, 'recall_weighted': 0.8399852892243569}
-----------------------
Epoch 75/100
Training statistic: Loss: 0.3690, train_score: {'accuracy': 0.8491670616750636, 'balanced_accuracy': 0.7116569186466621, 'f1_macro': 0.7431429461187565, 'f1_micro': 0.8491670616750636, 'f1_weighted': 0.8476496570500874, 'precision_macro': 0.798903971621918, 'precision_micro': 0.8491670616750636, 'precision_weighted': 0.8503114022272742, 'recall_macro': 0.7116569186466621, 'recall_micro': 0.8491670616750636, 'recall_weighted': 0.8491670616750636}
Validation statistic: Loss: 0.3784, dev_score: {'accuracy': 0.8429449571811352, 'balanced_accuracy': 0.697504867734543, 'f1_macro': 0.7271199543380169, 'f1_micro': 0.8429449571811352, 'f1_weighted': 0.8413146182550988, 'precision_macro': 0.7826716415136581, 'precision_micro': 0.8429449571811352, 'precision_weighted': 0.8439639694685137, 'recall_macro': 0.697504867734543, 'recall_micro': 0.8429449571811352, 'recall_weighted': 0.8429449571811352}
-----------------------
Epoch 76/100
Training statistic: Loss: 0.3684, train_score: {'accuracy': 0.8493429829405239, 'balanced_accuracy': 0.7272033910879283, 'f1_macro': 0.7425687880474037, 'f1_micro': 0.8493429829405239, 'f1_weighted': 0.8486264200583562, 'precision_macro': 0.7683666306155116, 'precision_micro': 0.8493429829405239, 'precision_weighted': 0.8507587544189255, 'recall_macro': 0.7272033910879283, 'recall_micro': 0.8493429829405239, 'recall_weighted': 0.8493429829405239}
Validation statistic: Loss: 0.3769, dev_score: {'accuracy': 0.8439782140417856, 'balanced_accuracy': 0.7132947760284125, 'f1_macro': 0.724130853576333, 'f1_micro': 0.8439782140417856, 'f1_weighted': 0.8434686276118382, 'precision_macro': 0.7446543860746786, 'precision_micro': 0.8439782140417856, 'precision_weighted': 0.8456131184604525, 'recall_macro': 0.7132947760284125, 'recall_micro': 0.8439782140417856, 'recall_weighted': 0.8439782140417856}
Saving model...
Model saved!
-------------------------------------------
-----------------------
Epoch 77/100
Training statistic: Loss: 0.3699, train_score: {'accuracy': 0.8489699647017238, 'balanced_accuracy': 0.714233239515895, 'f1_macro': 0.733570422793474, 'f1_micro': 0.8489699647017238, 'f1_weighted': 0.8474175566707207, 'precision_macro': 0.7712957429182297, 'precision_micro': 0.8489699647017238, 'precision_weighted': 0.8495906063107265, 'recall_macro': 0.714233239515895, 'recall_micro': 0.8489699647017238, 'recall_weighted': 0.8489699647017238}
Validation statistic: Loss: 0.3803, dev_score: {'accuracy': 0.8427873417278157, 'balanced_accuracy': 0.7008977587765488, 'f1_macro': 0.7155471662130987, 'f1_micro': 0.8427873417278157, 'f1_weighted': 0.8413687738725911, 'precision_macro': 0.7487303124855222, 'precision_micro': 0.8427873417278157, 'precision_weighted': 0.8435784820108279, 'recall_macro': 0.7008977587765488, 'recall_micro': 0.8427873417278157, 'recall_weighted': 0.8427873417278157}
-----------------------
Epoch 78/100
Training statistic: Loss: 0.3651, train_score: {'accuracy': 0.8489943982108156, 'balanced_accuracy': 0.6959662588918576, 'f1_macro': 0.7288294454131268, 'f1_micro': 0.8489943982108156, 'f1_weighted': 0.8468173382810403, 'precision_macro': 0.7893177052988685, 'precision_micro': 0.8489943982108156, 'precision_weighted': 0.8496912163652014, 'recall_macro': 0.6959662588918576, 'recall_micro': 0.8489943982108156, 'recall_weighted': 0.8489943982108156}
Validation statistic: Loss: 0.3745, dev_score: {'accuracy': 0.8442584192921315, 'balanced_accuracy': 0.6853530315703369, 'f1_macro': 0.7139675576126981, 'f1_micro': 0.8442584192921315, 'f1_weighted': 0.8420703614832346, 'precision_macro': 0.7688671054598807, 'precision_micro': 0.8442584192921315, 'precision_weighted': 0.8447197493711424, 'recall_macro': 0.6853530315703369, 'recall_micro': 0.8442584192921315, 'recall_weighted': 0.8442584192921315}
Saving model...
Model saved!
-------------------------------------------
-----------------------
Epoch 79/100
Training statistic: Loss: 0.3676, train_score: {'accuracy': 0.8503333545090412, 'balanced_accuracy': 0.7058085255778419, 'f1_macro': 0.7398306860519396, 'f1_micro': 0.8503333545090412, 'f1_weighted': 0.8488790075963125, 'precision_macro': 0.8032404451533864, 'precision_micro': 0.8503333545090412, 'precision_weighted': 0.8509923460370421, 'recall_macro': 0.7058085255778419, 'recall_micro': 0.8503333545090412, 'recall_weighted': 0.8503333545090412}
Validation statistic: Loss: 0.3762, dev_score: {'accuracy': 0.8454843172623947, 'balanced_accuracy': 0.6914559920578786, 'f1_macro': 0.7227980397530754, 'f1_micro': 0.8454843172623947, 'f1_weighted': 0.8439892881046621, 'precision_macro': 0.7860024433133671, 'precision_micro': 0.8454843172623947, 'precision_weighted': 0.8462350793665587, 'recall_macro': 0.6914559920578786, 'recall_micro': 0.8454843172623947, 'recall_weighted': 0.8454843172623947}
-----------------------
Epoch 80/100
Training statistic: Loss: 0.3639, train_score: {'accuracy': 0.8511380314084614, 'balanced_accuracy': 0.727724264244969, 'f1_macro': 0.7440873458646029, 'f1_micro': 0.8511380314084614, 'f1_weighted': 0.8502934333817237, 'precision_macro': 0.7721002557466815, 'precision_micro': 0.8511380314084614, 'precision_weighted': 0.8520322129693273, 'recall_macro': 0.727724264244969, 'recall_micro': 0.8511380314084614, 'recall_weighted': 0.8511380314084614}
Validation statistic: Loss: 0.3733, dev_score: {'accuracy': 0.8440307525262255, 'balanced_accuracy': 0.7115853663461627, 'f1_macro': 0.7235735353395916, 'f1_micro': 0.8440307525262255, 'f1_weighted': 0.8433591430032987, 'precision_macro': 0.7475605474964969, 'precision_micro': 0.8440307525262255, 'precision_weighted': 0.8453571724576313, 'recall_macro': 0.7115853663461627, 'recall_micro': 0.8440307525262255, 'recall_weighted': 0.8440307525262255}
Saving model...
Model saved!
-------------------------------------------
-----------------------
Epoch 81/100
Training statistic: Loss: 0.3657, train_score: {'accuracy': 0.8522163636097089, 'balanced_accuracy': 0.7227357208127828, 'f1_macro': 0.7489163212388953, 'f1_micro': 0.8522163636097089, 'f1_weighted': 0.850950596451826, 'precision_macro': 0.7947261012210285, 'precision_micro': 0.8522163636097089, 'precision_weighted': 0.8530006451475193, 'recall_macro': 0.7227357208127828, 'recall_micro': 0.8522163636097089, 'recall_weighted': 0.8522163636097089}
Validation statistic: Loss: 0.3737, dev_score: {'accuracy': 0.8463774714978722, 'balanced_accuracy': 0.7073519842089915, 'f1_macro': 0.7309999758470026, 'f1_micro': 0.8463774714978722, 'f1_weighted': 0.8451407770524358, 'precision_macro': 0.77560667581488, 'precision_micro': 0.8463774714978722, 'precision_weighted': 0.8475034921058312, 'recall_macro': 0.7073519842089915, 'recall_micro': 0.8463774714978722, 'recall_weighted': 0.8463774714978722}
-----------------------
Epoch 82/100
Training statistic: Loss: 0.3640, train_score: {'accuracy': 0.8519638840157613, 'balanced_accuracy': 0.7294209833389128, 'f1_macro': 0.75208101717438, 'f1_micro': 0.8519638840157613, 'f1_weighted': 0.8512145839399445, 'precision_macro': 0.7866449588573615, 'precision_micro': 0.8519638840157613, 'precision_weighted': 0.8525605594722879, 'recall_macro': 0.7294209833389128, 'recall_micro': 0.8519638840157613, 'recall_weighted': 0.8519638840157613}
Validation statistic: Loss: 0.3726, dev_score: {'accuracy': 0.8461673175601128, 'balanced_accuracy': 0.7140135678313131, 'f1_macro': 0.7345473435009607, 'f1_micro': 0.8461673175601128, 'f1_weighted': 0.8454270938862735, 'precision_macro': 0.7671746734367398, 'precision_micro': 0.8461673175601128, 'precision_weighted': 0.8468991203079647, 'recall_macro': 0.7140135678313131, 'recall_micro': 0.8461673175601128, 'recall_weighted': 0.8461673175601128}
Saving model...
Model saved!
-------------------------------------------
-----------------------
Epoch 83/100
Training statistic: Loss: 0.3674, train_score: {'accuracy': 0.8494195412690113, 'balanced_accuracy': 0.7199585748861815, 'f1_macro': 0.7389957568593513, 'f1_micro': 0.8494195412690113, 'f1_weighted': 0.8486788359899643, 'precision_macro': 0.7700058434821301, 'precision_micro': 0.8494195412690113, 'precision_weighted': 0.8503460566894901, 'recall_macro': 0.7199585748861815, 'recall_micro': 0.8494195412690113, 'recall_weighted': 0.8494195412690113}
Validation statistic: Loss: 0.3761, dev_score: {'accuracy': 0.843225162431481, 'balanced_accuracy': 0.7099232465492744, 'f1_macro': 0.7230040767324689, 'f1_micro': 0.843225162431481, 'f1_weighted': 0.8429053887447717, 'precision_macro': 0.7470139870919975, 'precision_micro': 0.843225162431481, 'precision_weighted': 0.8447860117149207, 'recall_macro': 0.7099232465492744, 'recall_micro': 0.843225162431481, 'recall_weighted': 0.843225162431481}
-----------------------
Epoch 84/100
Training statistic: Loss: 0.3628, train_score: {'accuracy': 0.8516185570872651, 'balanced_accuracy': 0.7102262618825437, 'f1_macro': 0.7432380498957186, 'f1_micro': 0.8516185570872651, 'f1_weighted': 0.8498837519039664, 'precision_macro': 0.7987899317651623, 'precision_micro': 0.8516185570872651, 'precision_weighted': 0.8522704633721179, 'recall_macro': 0.7102262618825437, 'recall_micro': 0.8516185570872651, 'recall_weighted': 0.8516185570872651}
Validation statistic: Loss: 0.3701, dev_score: {'accuracy': 0.8465175741230452, 'balanced_accuracy': 0.6969485171346397, 'f1_macro': 0.7274263942262794, 'f1_micro': 0.8465175741230452, 'f1_weighted': 0.844746326545529, 'precision_macro': 0.7804713499916903, 'precision_micro': 0.8465175741230452, 'precision_weighted': 0.847020887254527, 'recall_macro': 0.6969485171346397, 'recall_micro': 0.8465175741230452, 'recall_weighted': 0.8465175741230452}
Saving model...
Model saved!
-------------------------------------------
-----------------------
Epoch 85/100
Training statistic: Loss: 0.3706, train_score: {'accuracy': 0.8499635940714534, 'balanced_accuracy': 0.716382578841872, 'f1_macro': 0.7422970849325559, 'f1_micro': 0.8499635940714534, 'f1_weighted': 0.8485402827209151, 'precision_macro': 0.78951846788666, 'precision_micro': 0.8499635940714534, 'precision_weighted': 0.8506205161774076, 'recall_macro': 0.716382578841872, 'recall_micro': 0.8499635940714534, 'recall_weighted': 0.8499635940714534}
Validation statistic: Loss: 0.3790, dev_score: {'accuracy': 0.845379240293515, 'balanced_accuracy': 0.7048949383170399, 'f1_macro': 0.7273436527219691, 'f1_micro': 0.845379240293515, 'f1_weighted': 0.8440011423406002, 'precision_macro': 0.7710830425225691, 'precision_micro': 0.845379240293515, 'precision_weighted': 0.846097361098864, 'recall_macro': 0.7048949383170399, 'recall_micro': 0.845379240293515, 'recall_weighted': 0.845379240293515}
-----------------------
Epoch 86/100
Training statistic: Loss: 0.3564, train_score: {'accuracy': 0.8542117668521985, 'balanced_accuracy': 0.7203371094476874, 'f1_macro': 0.7498984997087069, 'f1_micro': 0.8542117668521985, 'f1_weighted': 0.8526209831544577, 'precision_macro': 0.8038860944803605, 'precision_micro': 0.8542117668521985, 'precision_weighted': 0.8550198740429654, 'recall_macro': 0.7203371094476874, 'recall_micro': 0.8542117668521985, 'recall_weighted': 0.8542117668521985}
Validation statistic: Loss: 0.3636, dev_score: {'accuracy': 0.8490394213761581, 'balanced_accuracy': 0.7034152920593562, 'f1_macro': 0.7310229174210571, 'f1_micro': 0.8490394213761581, 'f1_weighted': 0.8473461337893734, 'precision_macro': 0.7857219808814232, 'precision_micro': 0.8490394213761581, 'precision_weighted': 0.8498837670759368, 'recall_macro': 0.7034152920593562, 'recall_micro': 0.8490394213761581, 'recall_weighted': 0.8490394213761581}
Saving model...
Model saved!
-------------------------------------------
-----------------------
Epoch 87/100
Training statistic: Loss: 0.3603, train_score: {'accuracy': 0.8533859142448987, 'balanced_accuracy': 0.7275014089468056, 'f1_macro': 0.7526174999253908, 'f1_micro': 0.8533859142448987, 'f1_weighted': 0.8524762483043019, 'precision_macro': 0.7930513222421043, 'precision_micro': 0.8533859142448987, 'precision_weighted': 0.854501042043871, 'recall_macro': 0.7275014089468056, 'recall_micro': 0.8533859142448987, 'recall_weighted': 0.8533859142448987}
Validation statistic: Loss: 0.3692, dev_score: {'accuracy': 0.8470079333111504, 'balanced_accuracy': 0.714120207993083, 'f1_macro': 0.7340647351631041, 'f1_micro': 0.8470079333111504, 'f1_weighted': 0.8462182015731654, 'precision_macro': 0.7677012840651113, 'precision_micro': 0.8470079333111504, 'precision_weighted': 0.848294355150822, 'recall_macro': 0.714120207993083, 'recall_micro': 0.8470079333111504, 'recall_weighted': 0.8470079333111504}
-----------------------
Epoch 88/100
Training statistic: Loss: 0.3600, train_score: {'accuracy': 0.8545391758740274, 'balanced_accuracy': 0.7202050408919448, 'f1_macro': 0.749706428836248, 'f1_micro': 0.8545391758740274, 'f1_weighted': 0.8533518969259507, 'precision_macro': 0.8007541671678713, 'precision_micro': 0.8545391758740274, 'precision_weighted': 0.8554719080165698, 'recall_macro': 0.7202050408919448, 'recall_micro': 0.8545391758740274, 'recall_weighted': 0.8545391758740274}
Validation statistic: Loss: 0.3705, dev_score: {'accuracy': 0.8480587029999475, 'balanced_accuracy': 0.7010872639315052, 'f1_macro': 0.7283539630453744, 'f1_micro': 0.8480587029999475, 'f1_weighted': 0.8467881443925396, 'precision_macro': 0.7792346893108225, 'precision_micro': 0.8480587029999475, 'precision_weighted': 0.8489803965541997, 'recall_macro': 0.7010872639315052, 'recall_micro': 0.8480587029999475, 'recall_weighted': 0.8480587029999475}
-----------------------
Epoch 89/100
Training statistic: Loss: 0.3556, train_score: {'accuracy': 0.854034216686132, 'balanced_accuracy': 0.7229531720443144, 'f1_macro': 0.7485349676731915, 'f1_micro': 0.854034216686132, 'f1_weighted': 0.8528811302195418, 'precision_macro': 0.7920786535367744, 'precision_micro': 0.854034216686132, 'precision_weighted': 0.8551555645847398, 'recall_macro': 0.7229531720443144, 'recall_micro': 0.854034216686132, 'recall_weighted': 0.854034216686132}
Validation statistic: Loss: 0.3646, dev_score: {'accuracy': 0.8478310362340414, 'balanced_accuracy': 0.7094700964774656, 'f1_macro': 0.7297359676932146, 'f1_micro': 0.8478310362340414, 'f1_weighted': 0.8467789375433762, 'precision_macro': 0.7659027856947892, 'precision_micro': 0.8478310362340414, 'precision_weighted': 0.8489359127821956, 'recall_macro': 0.7094700964774656, 'recall_micro': 0.8478310362340414, 'recall_weighted': 0.8478310362340414}
-----------------------
Epoch 90/100
Training statistic: Loss: 0.3583, train_score: {'accuracy': 0.8534999372873266, 'balanced_accuracy': 0.7107131215231165, 'f1_macro': 0.7439642107355501, 'f1_micro': 0.8534999372873266, 'f1_weighted': 0.8518428502147799, 'precision_macro': 0.8010856035000539, 'precision_micro': 0.8534999372873266, 'precision_weighted': 0.8543349575206831, 'recall_macro': 0.7107131215231165, 'recall_micro': 0.8534999372873266, 'recall_weighted': 0.8534999372873266}
Validation statistic: Loss: 0.3661, dev_score: {'accuracy': 0.8476909336088685, 'balanced_accuracy': 0.6967048015886537, 'f1_macro': 0.724781728013945, 'f1_micro': 0.8476909336088685, 'f1_weighted': 0.8461664668654081, 'precision_macro': 0.7761183666967871, 'precision_micro': 0.8476909336088685, 'precision_weighted': 0.8486937716241765, 'recall_macro': 0.6967048015886537, 'recall_micro': 0.8476909336088685, 'recall_weighted': 0.8476909336088685}
-----------------------
Epoch 91/100
Training statistic: Loss: 0.3550, train_score: {'accuracy': 0.8564042670680277, 'balanced_accuracy': 0.7263779501686106, 'f1_macro': 0.7515235338091744, 'f1_micro': 0.8564042670680277, 'f1_weighted': 0.8551314053308148, 'precision_macro': 0.7928756489526948, 'precision_micro': 0.8564042670680277, 'precision_weighted': 0.8571606413186361, 'recall_macro': 0.7263779501686106, 'recall_micro': 0.8564042670680277, 'recall_weighted': 0.8564042670680277}
Validation statistic: Loss: 0.3636, dev_score: {'accuracy': 0.8504579604560341, 'balanced_accuracy': 0.710285296118179, 'f1_macro': 0.7316110217432604, 'f1_micro': 0.8504579604560341, 'f1_weighted': 0.8492302091137397, 'precision_macro': 0.7681520265253529, 'precision_micro': 0.8504579604560341, 'precision_weighted': 0.8511807704195042, 'recall_macro': 0.710285296118179, 'recall_micro': 0.8504579604560341, 'recall_weighted': 0.8504579604560341}
-----------------------
Epoch 92/100
Training statistic: Loss: 0.3556, train_score: {'accuracy': 0.8557575935274006, 'balanced_accuracy': 0.7088295296006676, 'f1_macro': 0.7475646575046072, 'f1_micro': 0.8557575935274006, 'f1_weighted': 0.8538750907344942, 'precision_macro': 0.8196732217510673, 'precision_micro': 0.8557575935274006, 'precision_weighted': 0.8569928034611614, 'recall_macro': 0.7088295296006676, 'recall_micro': 0.8557575935274006, 'recall_weighted': 0.8557575935274006}
Validation statistic: Loss: 0.3640, dev_score: {'accuracy': 0.8503353706590078, 'balanced_accuracy': 0.6947750290540631, 'f1_macro': 0.7290583898398798, 'f1_micro': 0.8503353706590078, 'f1_weighted': 0.8485459934789344, 'precision_macro': 0.7959944936950922, 'precision_micro': 0.8503353706590078, 'precision_weighted': 0.8515304659161474, 'recall_macro': 0.6947750290540631, 'recall_micro': 0.8503353706590078, 'recall_weighted': 0.8503353706590078}
-----------------------
Epoch 93/100
Training statistic: Loss: 0.3647, train_score: {'accuracy': 0.8519150169975779, 'balanced_accuracy': 0.7245324544184489, 'f1_macro': 0.7506680116725324, 'f1_micro': 0.8519150169975779, 'f1_weighted': 0.8510476285915697, 'precision_macro': 0.7965409242798425, 'precision_micro': 0.8519150169975779, 'precision_weighted': 0.8527915916355082, 'recall_macro': 0.7245324544184489, 'recall_micro': 0.8519150169975779, 'recall_weighted': 0.8519150169975779}
Validation statistic: Loss: 0.3757, dev_score: {'accuracy': 0.8461498047319662, 'balanced_accuracy': 0.7123188234971264, 'f1_macro': 0.7346295635053595, 'f1_micro': 0.8461498047319662, 'f1_weighted': 0.8453521363811114, 'precision_macro': 0.7749296896722443, 'precision_micro': 0.8461498047319662, 'precision_weighted': 0.8471713213499917, 'recall_macro': 0.7123188234971264, 'recall_micro': 0.8461498047319662, 'recall_weighted': 0.8461498047319662}
-----------------------
Epoch 94/100
Training statistic: Loss: 0.3550, train_score: {'accuracy': 0.8547590774558527, 'balanced_accuracy': 0.7097601212514427, 'f1_macro': 0.7415832078535184, 'f1_micro': 0.8547590774558527, 'f1_weighted': 0.8530566567892391, 'precision_macro': 0.8077776525268244, 'precision_micro': 0.8547590774558527, 'precision_weighted': 0.8561610534953039, 'recall_macro': 0.7097601212514427, 'recall_micro': 0.8547590774558527, 'recall_weighted': 0.8547590774558527}
Validation statistic: Loss: 0.3652, dev_score: {'accuracy': 0.8484614980473196, 'balanced_accuracy': 0.694708716635721, 'f1_macro': 0.7231480186620635, 'f1_micro': 0.8484614980473196, 'f1_weighted': 0.8466554497724081, 'precision_macro': 0.787938527433152, 'precision_micro': 0.8484614980473196, 'precision_weighted': 0.8498312906804236, 'recall_macro': 0.694708716635721, 'recall_micro': 0.8484614980473196, 'recall_weighted': 0.8484614980473196}
-----------------------
Epoch 95/100
Training statistic: Loss: 0.3601, train_score: {'accuracy': 0.8529102752679134, 'balanced_accuracy': 0.6881182117430996, 'f1_macro': 0.7246183150315827, 'f1_micro': 0.8529102752679134, 'f1_weighted': 0.8493150063797387, 'precision_macro': 0.8115440377640777, 'precision_micro': 0.8529102752679134, 'precision_weighted': 0.8534999075006519, 'recall_macro': 0.6881182117430996, 'recall_micro': 0.8529102752679134, 'recall_weighted': 0.8529102752679134}
Validation statistic: Loss: 0.3702, dev_score: {'accuracy': 0.8474807796711091, 'balanced_accuracy': 0.6700862114410457, 'f1_macro': 0.7024580856117121, 'f1_micro': 0.8474807796711091, 'f1_weighted': 0.843355933190567, 'precision_macro': 0.7941943990395675, 'precision_micro': 0.8474807796711091, 'precision_weighted': 0.8480623913641668, 'recall_macro': 0.6700862114410457, 'recall_micro': 0.8474807796711091, 'recall_weighted': 0.8474807796711091}
-----------------------
Epoch 96/100
Training statistic: Loss: 0.3613, train_score: {'accuracy': 0.8533728830400498, 'balanced_accuracy': 0.6810866082516952, 'f1_macro': 0.7255237148896819, 'f1_micro': 0.8533728830400498, 'f1_weighted': 0.8513556485055519, 'precision_macro': 0.8281389665251038, 'precision_micro': 0.8533728830400498, 'precision_weighted': 0.8555113628428195, 'recall_macro': 0.6810866082516952, 'recall_micro': 0.8533728830400498, 'recall_weighted': 0.8533728830400498}
Validation statistic: Loss: 0.3716, dev_score: {'accuracy': 0.8476734207807218, 'balanced_accuracy': 0.6677485590352145, 'f1_macro': 0.7091555978961386, 'f1_micro': 0.8476734207807218, 'f1_weighted': 0.8456399822782749, 'precision_macro': 0.809210710700741, 'precision_micro': 0.8476734207807218, 'precision_weighted': 0.8495850350568748, 'recall_macro': 0.6677485590352145, 'recall_micro': 0.8476734207807218, 'recall_weighted': 0.8476734207807218}
-----------------------
Epoch 97/100
Training statistic: Loss: 0.3559, train_score: {'accuracy': 0.8564124115710583, 'balanced_accuracy': 0.7253360075055408, 'f1_macro': 0.757758768069916, 'f1_micro': 0.8564124115710583, 'f1_weighted': 0.8554738371956194, 'precision_macro': 0.8147958508980031, 'precision_micro': 0.8564124115710583, 'precision_weighted': 0.8578475228545349, 'recall_macro': 0.7253360075055408, 'recall_micro': 0.8564124115710583, 'recall_weighted': 0.8564124115710583}
Validation statistic: Loss: 0.3646, dev_score: {'accuracy': 0.8499851140960754, 'balanced_accuracy': 0.7121464705634685, 'f1_macro': 0.741395564558535, 'f1_micro': 0.8499851140960754, 'f1_weighted': 0.8491037067764637, 'precision_macro': 0.7956323442227289, 'precision_micro': 0.8499851140960754, 'precision_weighted': 0.8515386820632239, 'recall_macro': 0.7121464705634685, 'recall_micro': 0.8499851140960754, 'recall_weighted': 0.8499851140960754}
-----------------------
Epoch 98/100
Training statistic: Loss: 0.3585, train_score: {'accuracy': 0.8550180726522248, 'balanced_accuracy': 0.722010749042824, 'f1_macro': 0.7478045024893224, 'f1_micro': 0.8550180726522248, 'f1_weighted': 0.8536155776080669, 'precision_macro': 0.7924423275119512, 'precision_micro': 0.8550180726522248, 'precision_weighted': 0.856065287102784, 'recall_macro': 0.722010749042824, 'recall_micro': 0.8550180726522248, 'recall_weighted': 0.8550180726522248}
Validation statistic: Loss: 0.3677, dev_score: {'accuracy': 0.8491094726887445, 'balanced_accuracy': 0.7063035990166585, 'f1_macro': 0.7267920172907749, 'f1_micro': 0.8491094726887445, 'f1_weighted': 0.8477476830122685, 'precision_macro': 0.76592610257032, 'precision_micro': 0.8491094726887445, 'precision_weighted': 0.850068629445353, 'recall_macro': 0.7063035990166585, 'recall_micro': 0.8491094726887445, 'recall_weighted': 0.8491094726887445}
-----------------------
Epoch 99/100
Training statistic: Loss: 0.3494, train_score: {'accuracy': 0.8574011542389695, 'balanced_accuracy': 0.7145582950821038, 'f1_macro': 0.7493793069854086, 'f1_micro': 0.8574011542389695, 'f1_weighted': 0.8556362674304354, 'precision_macro': 0.814445939901262, 'precision_micro': 0.8574011542389695, 'precision_weighted': 0.858514132360268, 'recall_macro': 0.7145582950821038, 'recall_micro': 0.8574011542389695, 'recall_weighted': 0.8574011542389695}
Validation statistic: Loss: 0.3585, dev_score: {'accuracy': 0.8525594998336281, 'balanced_accuracy': 0.7039501449817861, 'f1_macro': 0.7328466088678594, 'f1_micro': 0.8525594998336281, 'f1_weighted': 0.850804419419236, 'precision_macro': 0.7906185243074766, 'precision_micro': 0.8525594998336281, 'precision_weighted': 0.8536664543188988, 'recall_macro': 0.7039501449817861, 'recall_micro': 0.8525594998336281, 'recall_weighted': 0.8525594998336281}
Saving model...
Model saved!
-------------------------------------------
-----------------------
Epoch 100/100
Training statistic: Loss: 0.3515, train_score: {'accuracy': 0.8560100731213482, 'balanced_accuracy': 0.714239691518056, 'f1_macro': 0.7513373457958409, 'f1_micro': 0.8560100731213482, 'f1_weighted': 0.8544779164466514, 'precision_macro': 0.8220955952285741, 'precision_micro': 0.8560100731213482, 'precision_weighted': 0.8573809498655484, 'recall_macro': 0.714239691518056, 'recall_micro': 0.8560100731213482, 'recall_weighted': 0.8560100731213482}
Validation statistic: Loss: 0.3580, dev_score: {'accuracy': 0.8487942417821054, 'balanced_accuracy': 0.6956057365966634, 'f1_macro': 0.7289756995249526, 'f1_micro': 0.8487942417821054, 'f1_weighted': 0.8470644493251736, 'precision_macro': 0.7964511592926684, 'precision_micro': 0.8487942417821054, 'precision_weighted': 0.84976441261202, 'recall_macro': 0.6956057365966634, 'recall_micro': 0.8487942417821054, 'recall_weighted': 0.8487942417821054}
Saving model...
Model saved!
-------------------------------------------
Testing statistic: loss: 0.3451174026966095, scores: {'accuracy': 0.8586, 'balanced_accuracy': 0.6935985703529477, 'f1_macro': 0.7311818885244146, 'f1_micro': 0.8586, 'f1_weighted': 0.8567408183460068, 'precision_macro': 0.8147044285400021, 'precision_micro': 0.8586, 'precision_weighted': 0.8594063385146715, 'recall_macro': 0.6935985703529477, 'recall_micro': 0.8586, 'recall_weighted': 0.8586}
Finish training!
