{
    "gridr": 2.8457148864273454,
    "grid": 2.8063847094202177,
    "ring": 4.231631286795152
}