{
    "gridr": -34.7849762787458,
    "grid": -26.50091541033309,
    "ring": 0.14351145143918767
}