{
    "gridr": -73.46379235674281,
    "grid": -70.09141137644257,
    "ring": -103.32077260775317
}