{
    "gridr": -0.3977861578618327,
    "grid": -0.15563792126206272,
    "ring": 3.901899038852754
}