{
    "gridr": -106074.36466543638,
    "grid": -113591.41297942791,
    "ring": -87672.43785848511
}