{
    "gridr": 2.8504200182662416,
    "grid": 2.8463911192654408,
    "ring": 4.232832314172374
}