{
    "gridr": -2.75524541658112,
    "grid": -2.182657535026207,
    "ring": 2.759026730580608
}