{
    "gridr": -1.3926111265211063,
    "grid": -1.6773589237816846,
    "ring": 3.3879379812557455
}