{
    "gridr": 1.4216334700921125,
    "grid": 2.0018244987028893,
    "ring": 4.130811537622252
}