/home/thuy/miniconda3/envs/env/lib/python3.10/site-packages/sklearn/metrics/_classification.py:2480: UserWarning: y_pred contains classes not in y_true
  warnings.warn("y_pred contains classes not in y_true")
/home/thuy/miniconda3/envs/env/lib/python3.10/site-packages/sklearn/metrics/_classification.py:2480: UserWarning: y_pred contains classes not in y_true
  warnings.warn("y_pred contains classes not in y_true")
=====Setting up data=====
Dataset name:mnist12
train_option:original
augment_option:None
mix_ratio:-1
n_sample:-1
Training dataset size: 54144 samples
Validation dataset size: 6144 samples

=====Setting up parameters for training=====
num_epochs: 100
learning_rate: 0.001
patience: 30
early_stop_criterion: loss
=====Setting up trainer=====
input_size: 144
model: DNN_MNIST12
----------------------------------------------------------------
        Layer (type)               Output Shape         Param #
================================================================
           Dropout-1                  [-1, 144]               0
            Linear-2                 [-1, 1024]         148,480
         LeakyReLU-3                 [-1, 1024]               0
       BatchNorm1d-4                 [-1, 1024]           2,048
           Dropout-5                 [-1, 1024]               0
            Linear-6                 [-1, 1024]       1,049,600
         LeakyReLU-7                 [-1, 1024]               0
       BatchNorm1d-8                 [-1, 1024]           2,048
           Dropout-9                 [-1, 1024]               0
           Linear-10                  [-1, 256]         262,400
        LeakyReLU-11                  [-1, 256]               0
      BatchNorm1d-12                  [-1, 256]             512
          Dropout-13                  [-1, 256]               0
================================================================
Total params: 1,465,088
Trainable params: 1,465,088
Non-trainable params: 0
----------------------------------------------------------------
Input size (MB): 0.00
Forward/backward pass size (MB): 0.07
Params size (MB): 5.59
Estimated Total Size (MB): 5.66
----------------------------------------------------------------
=====Setting up output files=====
weight_dir, weight_file: /home/thuy/Research/minh_data_synth/TabularDA/output/corrected_v2/mnist12/weight/, mnist12_seed42_real_original.weights.pth
acc_dir, acc_file: /home/thuy/Research/minh_data_synth/TabularDA/output/corrected_v2/mnist12/acc/, mnist12_seed42_real_original.epochs.csv
report_file: mnist12_seed42_real_original.report.txt
==========================================================================================
Start training...
-----------------------
Epoch 1/100
Training statistic: Loss: 2.0041, train_score: {'accuracy': 0.8932044219321921, 'balanced_accuracy': 0.8917165343491854, 'f1_macro': 0.24138131363661383, 'f1_micro': 0.8932044219321921, 'f1_weighted': 0.8938549420256034, 'precision_macro': 0.24243422881217858, 'precision_micro': 0.8932044219321921, 'precision_weighted': 0.8970579077757918, 'recall_macro': 0.24100446874302303, 'recall_micro': 0.8932044219321921, 'recall_weighted': 0.8932044219321921}
Validation statistic: Loss: 2.0099, dev_score: {'accuracy': 0.887120835405271, 'balanced_accuracy': 0.885050802990385, 'f1_macro': 0.7388993412521566, 'f1_micro': 0.887120835405271, 'f1_weighted': 0.8874647450240211, 'precision_macro': 0.7428721771886115, 'precision_micro': 0.887120835405271, 'precision_weighted': 0.8910800356606061, 'recall_macro': 0.7375423358253208, 'recall_micro': 0.887120835405271, 'recall_weighted': 0.887120835405271}
Saving model...
Model saved!
-------------------------------------------
-----------------------
Epoch 2/100
Training statistic: Loss: 1.4456, train_score: {'accuracy': 0.9126520501349503, 'balanced_accuracy': 0.9114126977995717, 'f1_macro': 0.9123044355017477, 'f1_micro': 0.9126520501349503, 'f1_weighted': 0.9128738598313095, 'precision_macro': 0.9144545978758879, 'precision_micro': 0.9126520501349503, 'precision_weighted': 0.9143775847477431, 'recall_macro': 0.9114126977995717, 'recall_micro': 0.9126520501349503, 'recall_weighted': 0.9126520501349503}
Validation statistic: Loss: 1.4563, dev_score: {'accuracy': 0.9088347422509531, 'balanced_accuracy': 0.9069226806683485, 'f1_macro': 0.9083386846643208, 'f1_micro': 0.9088347422509531, 'f1_weighted': 0.9089331332414029, 'precision_macro': 0.9111931375657398, 'precision_micro': 0.9088347422509531, 'precision_weighted': 0.9105267955557212, 'recall_macro': 0.9069226806683485, 'recall_micro': 0.9088347422509531, 'recall_weighted': 0.9088347422509531}
Saving model...
Model saved!
-------------------------------------------
-----------------------
Epoch 3/100
Training statistic: Loss: 1.1798, train_score: {'accuracy': 0.9203793396679854, 'balanced_accuracy': 0.9189670479135676, 'f1_macro': 0.9198948120808816, 'f1_micro': 0.9203793396679854, 'f1_weighted': 0.9206001596083019, 'precision_macro': 0.9222321094967002, 'precision_micro': 0.9203793396679854, 'precision_weighted': 0.9222092867966019, 'recall_macro': 0.9189670479135676, 'recall_micro': 0.9203793396679854, 'recall_weighted': 0.9203793396679854}
Validation statistic: Loss: 1.1972, dev_score: {'accuracy': 0.9154649428145202, 'balanced_accuracy': 0.9136317135286245, 'f1_macro': 0.9148104922766136, 'f1_micro': 0.9154649428145202, 'f1_weighted': 0.9155592443664916, 'precision_macro': 0.9176419107679917, 'precision_micro': 0.9154649428145202, 'precision_weighted': 0.9173068610496307, 'recall_macro': 0.9136317135286245, 'recall_micro': 0.9154649428145202, 'recall_weighted': 0.9154649428145202}
Saving model...
Model saved!
-------------------------------------------
-----------------------
Epoch 4/100
Training statistic: Loss: 0.9930, train_score: {'accuracy': 0.9295485636114911, 'balanced_accuracy': 0.9287230226416693, 'f1_macro': 0.9292132195570006, 'f1_micro': 0.9295485636114911, 'f1_weighted': 0.9297363879135491, 'precision_macro': 0.9305787929830778, 'precision_micro': 0.9295485636114911, 'precision_weighted': 0.930798349117157, 'recall_macro': 0.9287230226416693, 'recall_micro': 0.9295485636114911, 'recall_weighted': 0.9295485636114911}
Validation statistic: Loss: 1.0127, dev_score: {'accuracy': 0.921929388363998, 'balanced_accuracy': 0.9208159543781012, 'f1_macro': 0.9216184079324428, 'f1_micro': 0.921929388363998, 'f1_weighted': 0.9220417648802465, 'precision_macro': 0.9236870128251073, 'precision_micro': 0.921929388363998, 'precision_weighted': 0.923450116421303, 'recall_macro': 0.9208159543781012, 'recall_micro': 0.921929388363998, 'recall_weighted': 0.921929388363998}
Saving model...
Model saved!
-------------------------------------------
-----------------------
Epoch 5/100
Training statistic: Loss: 0.8847, train_score: {'accuracy': 0.9316190335342183, 'balanced_accuracy': 0.9306670575742393, 'f1_macro': 0.9312481762340086, 'f1_micro': 0.9316190335342183, 'f1_weighted': 0.9317796372023678, 'precision_macro': 0.9326742610101526, 'precision_micro': 0.9316190335342183, 'precision_weighted': 0.9327882790133099, 'recall_macro': 0.9306670575742393, 'recall_micro': 0.9316190335342183, 'recall_weighted': 0.9316190335342183}
Validation statistic: Loss: 0.9060, dev_score: {'accuracy': 0.9260732637162274, 'balanced_accuracy': 0.9249163118887955, 'f1_macro': 0.9256816448680439, 'f1_micro': 0.9260732637162274, 'f1_weighted': 0.9261394015423426, 'precision_macro': 0.9274336787469879, 'precision_micro': 0.9260732637162274, 'precision_weighted': 0.9272207870927665, 'recall_macro': 0.9249163118887955, 'recall_micro': 0.9260732637162274, 'recall_weighted': 0.9260732637162274}
Saving model...
Model saved!
-------------------------------------------
-----------------------
Epoch 6/100
Training statistic: Loss: 0.7813, train_score: {'accuracy': 0.9361112138129922, 'balanced_accuracy': 0.9353254929766663, 'f1_macro': 0.9358229553522281, 'f1_micro': 0.9361112138129922, 'f1_weighted': 0.9363322153941744, 'precision_macro': 0.9371044274573339, 'precision_micro': 0.9361112138129922, 'precision_weighted': 0.9373316002021304, 'recall_macro': 0.9353254929766663, 'recall_micro': 0.9361112138129922, 'recall_weighted': 0.9361112138129922}
Validation statistic: Loss: 0.8049, dev_score: {'accuracy': 0.9305486490966351, 'balanced_accuracy': 0.9295334485630532, 'f1_macro': 0.9303699533172983, 'f1_micro': 0.9305486490966351, 'f1_weighted': 0.9307553966257004, 'precision_macro': 0.9320867293910997, 'precision_micro': 0.9305486490966351, 'precision_weighted': 0.9318524117136416, 'recall_macro': 0.9295334485630532, 'recall_micro': 0.9305486490966351, 'recall_weighted': 0.9305486490966351}
Saving model...
Model saved!
-------------------------------------------
-----------------------
Epoch 7/100
Training statistic: Loss: 0.7008, train_score: {'accuracy': 0.9395311864532111, 'balanced_accuracy': 0.9387714781783052, 'f1_macro': 0.9392582219153356, 'f1_micro': 0.9395311864532111, 'f1_weighted': 0.9397099027174868, 'precision_macro': 0.9406156660974858, 'precision_micro': 0.9395311864532111, 'precision_weighted': 0.9407528663966092, 'recall_macro': 0.9387714781783052, 'recall_micro': 0.9395311864532111, 'recall_weighted': 0.9395311864532111}
Validation statistic: Loss: 0.7234, dev_score: {'accuracy': 0.9315431791811702, 'balanced_accuracy': 0.9302673975348632, 'f1_macro': 0.9311658017016313, 'f1_micro': 0.9315431791811702, 'f1_weighted': 0.9316544883419364, 'precision_macro': 0.9329234910568852, 'precision_micro': 0.9315431791811702, 'precision_weighted': 0.9326360831593346, 'recall_macro': 0.9302673975348632, 'recall_micro': 0.9315431791811702, 'recall_weighted': 0.9315431791811702}
Saving model...
Model saved!
-------------------------------------------
-----------------------
Epoch 8/100
Training statistic: Loss: 0.6391, train_score: {'accuracy': 0.9395311864532111, 'balanced_accuracy': 0.9386471745188532, 'f1_macro': 0.939222691667824, 'f1_micro': 0.9395311864532111, 'f1_weighted': 0.939731312207763, 'precision_macro': 0.9407690132279256, 'precision_micro': 0.9395311864532111, 'precision_weighted': 0.940881130622612, 'recall_macro': 0.9386471745188532, 'recall_micro': 0.9395311864532111, 'recall_weighted': 0.9395311864532111}
Validation statistic: Loss: 0.6647, dev_score: {'accuracy': 0.9292226089839217, 'balanced_accuracy': 0.9280057431996834, 'f1_macro': 0.929001009474716, 'f1_micro': 0.9292226089839217, 'f1_weighted': 0.9294594808596681, 'precision_macro': 0.9312966658200492, 'precision_micro': 0.9292226089839217, 'precision_weighted': 0.9309961966409344, 'recall_macro': 0.9280057431996834, 'recall_micro': 0.9292226089839217, 'recall_weighted': 0.9292226089839217}
Saving model...
Model saved!
-------------------------------------------
-----------------------
Epoch 9/100
Training statistic: Loss: 0.6067, train_score: {'accuracy': 0.942618404998706, 'balanced_accuracy': 0.9418498161498983, 'f1_macro': 0.9423186372773481, 'f1_micro': 0.942618404998706, 'f1_weighted': 0.9428164902636934, 'precision_macro': 0.9435009123324537, 'precision_micro': 0.942618404998706, 'precision_weighted': 0.9437187839652058, 'recall_macro': 0.9418498161498983, 'recall_micro': 0.942618404998706, 'recall_weighted': 0.942618404998706}
Validation statistic: Loss: 0.6338, dev_score: {'accuracy': 0.9323719542516161, 'balanced_accuracy': 0.9311871971335798, 'f1_macro': 0.9321965019748415, 'f1_micro': 0.9323719542516161, 'f1_weighted': 0.9325749262755145, 'precision_macro': 0.9342326166438504, 'precision_micro': 0.9323719542516161, 'precision_weighted': 0.9338035005733292, 'recall_macro': 0.9311871971335798, 'recall_micro': 0.9323719542516161, 'recall_weighted': 0.9323719542516161}
Saving model...
Model saved!
-------------------------------------------
-----------------------
Epoch 10/100
Training statistic: Loss: 0.5482, train_score: {'accuracy': 0.9456686508670092, 'balanced_accuracy': 0.9448522423049546, 'f1_macro': 0.9453592025071516, 'f1_micro': 0.9456686508670092, 'f1_weighted': 0.9457793810735775, 'precision_macro': 0.9463938928749345, 'precision_micro': 0.9456686508670092, 'precision_weighted': 0.9464107031829349, 'recall_macro': 0.9448522423049546, 'recall_micro': 0.9456686508670092, 'recall_weighted': 0.9456686508670092}
Validation statistic: Loss: 0.5732, dev_score: {'accuracy': 0.9358528095474888, 'balanced_accuracy': 0.934683229212658, 'f1_macro': 0.9355824120194175, 'f1_micro': 0.9358528095474888, 'f1_weighted': 0.9359556894773815, 'precision_macro': 0.9372126050903065, 'precision_micro': 0.9358528095474888, 'precision_weighted': 0.936792263692122, 'recall_macro': 0.934683229212658, 'recall_micro': 0.9358528095474888, 'recall_weighted': 0.9358528095474888}
Saving model...
Model saved!
-------------------------------------------
-----------------------
Epoch 11/100
Training statistic: Loss: 0.5222, train_score: {'accuracy': 0.9467963175213517, 'balanced_accuracy': 0.9462132042970278, 'f1_macro': 0.9465594171540894, 'f1_micro': 0.9467963175213517, 'f1_weighted': 0.9469738213631197, 'precision_macro': 0.9475296624444338, 'precision_micro': 0.9467963175213517, 'precision_weighted': 0.9477711129230174, 'recall_macro': 0.9462132042970278, 'recall_micro': 0.9467963175213517, 'recall_weighted': 0.9467963175213517}
Validation statistic: Loss: 0.5495, dev_score: {'accuracy': 0.9353555445052213, 'balanced_accuracy': 0.9345907231761965, 'f1_macro': 0.9351047701302653, 'f1_micro': 0.9353555445052213, 'f1_weighted': 0.9354809127122848, 'precision_macro': 0.9363769872922459, 'precision_micro': 0.9353555445052213, 'precision_weighted': 0.936379608204792, 'recall_macro': 0.9345907231761965, 'recall_micro': 0.9353555445052213, 'recall_weighted': 0.9353555445052213}
Saving model...
Model saved!
-------------------------------------------
-----------------------
Epoch 12/100
Training statistic: Loss: 0.4999, train_score: {'accuracy': 0.9469996672459052, 'balanced_accuracy': 0.9463502197413517, 'f1_macro': 0.9467622532613268, 'f1_micro': 0.9469996672459052, 'f1_weighted': 0.94718541135873, 'precision_macro': 0.9478948644523376, 'precision_micro': 0.9469996672459052, 'precision_weighted': 0.9480842752188797, 'recall_macro': 0.9463502197413517, 'recall_micro': 0.9469996672459052, 'recall_weighted': 0.9469996672459052}
Validation statistic: Loss: 0.5260, dev_score: {'accuracy': 0.9381733797447372, 'balanced_accuracy': 0.9373178668787929, 'f1_macro': 0.9380027721685442, 'f1_micro': 0.9381733797447372, 'f1_weighted': 0.9383044150575353, 'precision_macro': 0.9395883421894855, 'precision_micro': 0.9381733797447372, 'precision_weighted': 0.9393513117077708, 'recall_macro': 0.9373178668787929, 'recall_micro': 0.9381733797447372, 'recall_weighted': 0.9381733797447372}
Saving model...
Model saved!
-------------------------------------------
-----------------------
Epoch 13/100
Training statistic: Loss: 0.4626, train_score: {'accuracy': 0.9488667874440788, 'balanced_accuracy': 0.9484121049750207, 'f1_macro': 0.9487339149650541, 'f1_micro': 0.9488667874440788, 'f1_weighted': 0.9491177776370868, 'precision_macro': 0.9499261417955337, 'precision_micro': 0.9488667874440788, 'precision_weighted': 0.9502309645583263, 'recall_macro': 0.9484121049750207, 'recall_micro': 0.9488667874440788, 'recall_weighted': 0.9488667874440788}
Validation statistic: Loss: 0.4886, dev_score: {'accuracy': 0.9394994198574507, 'balanced_accuracy': 0.9385792414621348, 'f1_macro': 0.9394952764678128, 'f1_micro': 0.9394994198574507, 'f1_weighted': 0.9397493570888231, 'precision_macro': 0.9413800804743826, 'precision_micro': 0.9394994198574507, 'precision_weighted': 0.9409701992445493, 'recall_macro': 0.9385792414621348, 'recall_micro': 0.9394994198574507, 'recall_weighted': 0.9394994198574507}
Saving model...
Model saved!
-------------------------------------------
-----------------------
Epoch 14/100
Training statistic: Loss: 0.4374, train_score: {'accuracy': 0.9490701371686324, 'balanced_accuracy': 0.9485077920328067, 'f1_macro': 0.9488474592900197, 'f1_micro': 0.9490701371686324, 'f1_weighted': 0.9492277466782161, 'precision_macro': 0.9498696193024416, 'precision_micro': 0.9490701371686324, 'precision_weighted': 0.9500657082278873, 'recall_macro': 0.9485077920328067, 'recall_micro': 0.9490701371686324, 'recall_weighted': 0.9490701371686324}
Validation statistic: Loss: 0.4649, dev_score: {'accuracy': 0.9411569699983424, 'balanced_accuracy': 0.9402866316720815, 'f1_macro': 0.9408595995698354, 'f1_micro': 0.9411569699983424, 'f1_weighted': 0.941240296856854, 'precision_macro': 0.9421759017578356, 'precision_micro': 0.9411569699983424, 'precision_weighted': 0.9420748399711496, 'recall_macro': 0.9402866316720815, 'recall_micro': 0.9411569699983424, 'recall_weighted': 0.9411569699983424}
Saving model...
Model saved!
-------------------------------------------
-----------------------
Epoch 15/100
Training statistic: Loss: 0.4133, train_score: {'accuracy': 0.9498280770510593, 'balanced_accuracy': 0.9491652549751264, 'f1_macro': 0.9496430257272506, 'f1_micro': 0.9498280770510593, 'f1_weighted': 0.9500422981625044, 'precision_macro': 0.950807323902524, 'precision_micro': 0.9498280770510593, 'precision_weighted': 0.9509322431244931, 'recall_macro': 0.9491652549751264, 'recall_micro': 0.9498280770510593, 'recall_weighted': 0.9498280770510593}
Validation statistic: Loss: 0.4421, dev_score: {'accuracy': 0.9403281949278965, 'balanced_accuracy': 0.9393415188261122, 'f1_macro': 0.9401413206761887, 'f1_micro': 0.9403281949278965, 'f1_weighted': 0.9404897425219226, 'precision_macro': 0.941673442186968, 'precision_micro': 0.9403281949278965, 'precision_weighted': 0.9413815439321307, 'recall_macro': 0.9393415188261122, 'recall_micro': 0.9403281949278965, 'recall_weighted': 0.9403281949278965}
Saving model...
Model saved!
-------------------------------------------
-----------------------
Epoch 16/100
Training statistic: Loss: 0.3897, train_score: {'accuracy': 0.9535253447702148, 'balanced_accuracy': 0.9530413088849212, 'f1_macro': 0.9533156675973204, 'f1_micro': 0.9535253447702148, 'f1_weighted': 0.953638882842674, 'precision_macro': 0.9540174498119025, 'precision_micro': 0.9535253447702148, 'precision_weighted': 0.9541788872553315, 'recall_macro': 0.9530413088849212, 'recall_micro': 0.9535253447702148, 'recall_weighted': 0.9535253447702148}
Validation statistic: Loss: 0.4186, dev_score: {'accuracy': 0.94165423504061, 'balanced_accuracy': 0.9407803592557101, 'f1_macro': 0.9414204881079282, 'f1_micro': 0.94165423504061, 'f1_weighted': 0.9416910333500511, 'precision_macro': 0.9424730803465169, 'precision_micro': 0.94165423504061, 'precision_weighted': 0.9421546059381534, 'recall_macro': 0.9407803592557101, 'recall_micro': 0.94165423504061, 'recall_weighted': 0.94165423504061}
Saving model...
Model saved!
-------------------------------------------
-----------------------
Epoch 17/100
Training statistic: Loss: 0.3717, train_score: {'accuracy': 0.9517691426036159, 'balanced_accuracy': 0.9511979105630459, 'f1_macro': 0.9516217162345477, 'f1_micro': 0.9517691426036159, 'f1_weighted': 0.9519673521003272, 'precision_macro': 0.9528050950494297, 'precision_micro': 0.9517691426036159, 'precision_weighted': 0.952916143327433, 'recall_macro': 0.9511979105630459, 'recall_micro': 0.9517691426036159, 'recall_weighted': 0.9517691426036159}
Validation statistic: Loss: 0.4011, dev_score: {'accuracy': 0.9411569699983424, 'balanced_accuracy': 0.9402730946570459, 'f1_macro': 0.941124215309282, 'f1_micro': 0.9411569699983424, 'f1_weighted': 0.9413081112571654, 'precision_macro': 0.9427513405409073, 'precision_micro': 0.9411569699983424, 'precision_weighted': 0.9422338677124286, 'recall_macro': 0.9402730946570459, 'recall_micro': 0.9411569699983424, 'recall_weighted': 0.9411569699983424}
Saving model...
Model saved!
-------------------------------------------
-----------------------
Epoch 18/100
Training statistic: Loss: 0.3538, train_score: {'accuracy': 0.9532110770140866, 'balanced_accuracy': 0.9526517781070828, 'f1_macro': 0.9530456702710921, 'f1_micro': 0.9532110770140866, 'f1_weighted': 0.9534168066738699, 'precision_macro': 0.9542229846588051, 'precision_micro': 0.9532110770140866, 'precision_weighted': 0.9543992959209744, 'recall_macro': 0.9526517781070828, 'recall_micro': 0.9532110770140866, 'recall_weighted': 0.9532110770140866}
Validation statistic: Loss: 0.3829, dev_score: {'accuracy': 0.9443063152660368, 'balanced_accuracy': 0.9434127033101116, 'f1_macro': 0.9441862302584536, 'f1_micro': 0.9443063152660368, 'f1_weighted': 0.9444500649038948, 'precision_macro': 0.9456569422138378, 'precision_micro': 0.9443063152660368, 'precision_weighted': 0.9452976292878331, 'recall_macro': 0.9434127033101116, 'recall_micro': 0.9443063152660368, 'recall_weighted': 0.9443063152660368}
Saving model...
Model saved!
-------------------------------------------
-----------------------
Epoch 19/100
Training statistic: Loss: 0.3420, train_score: {'accuracy': 0.9538580988649388, 'balanced_accuracy': 0.9533491697056494, 'f1_macro': 0.9537150252296623, 'f1_micro': 0.9538580988649388, 'f1_weighted': 0.9540463612931237, 'precision_macro': 0.954748449692954, 'precision_micro': 0.9538580988649388, 'precision_weighted': 0.9548996848779323, 'recall_macro': 0.9533491697056494, 'recall_micro': 0.9538580988649388, 'recall_weighted': 0.9538580988649388}
Validation statistic: Loss: 0.3701, dev_score: {'accuracy': 0.94165423504061, 'balanced_accuracy': 0.9408280696290552, 'f1_macro': 0.9416108974288093, 'f1_micro': 0.94165423504061, 'f1_weighted': 0.9417667174512113, 'precision_macro': 0.9431854679009157, 'precision_micro': 0.94165423504061, 'precision_weighted': 0.942679210776671, 'recall_macro': 0.9408280696290552, 'recall_micro': 0.94165423504061, 'recall_weighted': 0.94165423504061}
Saving model...
Model saved!
-------------------------------------------
-----------------------
Epoch 20/100
Training statistic: Loss: 0.3166, train_score: {'accuracy': 0.9556143010315377, 'balanced_accuracy': 0.9551622513187166, 'f1_macro': 0.9554322745896139, 'f1_micro': 0.9556143010315377, 'f1_weighted': 0.9557612231426813, 'precision_macro': 0.9561996592271731, 'precision_micro': 0.9556143010315377, 'precision_weighted': 0.9564011150665367, 'recall_macro': 0.9551622513187166, 'recall_micro': 0.9556143010315377, 'recall_weighted': 0.9556143010315377}
Validation statistic: Loss: 0.3477, dev_score: {'accuracy': 0.9438090502237693, 'balanced_accuracy': 0.9431753907483256, 'f1_macro': 0.94361177584458, 'f1_micro': 0.9438090502237693, 'f1_weighted': 0.9438706335130376, 'precision_macro': 0.9445862576876658, 'precision_micro': 0.9438090502237693, 'precision_weighted': 0.9444769620707155, 'recall_macro': 0.9431753907483256, 'recall_micro': 0.9438090502237693, 'recall_weighted': 0.9438090502237693}
Saving model...
Model saved!
-------------------------------------------
-----------------------
Epoch 21/100
Training statistic: Loss: 0.3150, train_score: {'accuracy': 0.9548378748105151, 'balanced_accuracy': 0.9542856831324397, 'f1_macro': 0.9546916404967372, 'f1_micro': 0.9548378748105151, 'f1_weighted': 0.9550018217230275, 'precision_macro': 0.9557463975280488, 'precision_micro': 0.9548378748105151, 'precision_weighted': 0.9558108790810536, 'recall_macro': 0.9542856831324397, 'recall_micro': 0.9548378748105151, 'recall_weighted': 0.9548378748105151}
Validation statistic: Loss: 0.3443, dev_score: {'accuracy': 0.9448035803083044, 'balanced_accuracy': 0.9440829187334691, 'f1_macro': 0.9446090517154184, 'f1_micro': 0.9448035803083044, 'f1_weighted': 0.9448985341803903, 'precision_macro': 0.9458008574859168, 'precision_micro': 0.9448035803083044, 'precision_weighted': 0.9456670274698366, 'recall_macro': 0.9440829187334691, 'recall_micro': 0.9448035803083044, 'recall_weighted': 0.9448035803083044}
Saving model...
Model saved!
-------------------------------------------
-----------------------
Epoch 22/100
Training statistic: Loss: 0.2895, train_score: {'accuracy': 0.9566495359929013, 'balanced_accuracy': 0.9562317257389722, 'f1_macro': 0.9565162635121164, 'f1_micro': 0.9566495359929013, 'f1_weighted': 0.9568016659271703, 'precision_macro': 0.9574120222689331, 'precision_micro': 0.9566495359929013, 'precision_weighted': 0.9575648911328749, 'recall_macro': 0.9562317257389722, 'recall_micro': 0.9566495359929013, 'recall_weighted': 0.9566495359929013}
Validation statistic: Loss: 0.3198, dev_score: {'accuracy': 0.9461296204210178, 'balanced_accuracy': 0.94552843848324, 'f1_macro': 0.9461013746395569, 'f1_micro': 0.9461296204210178, 'f1_weighted': 0.9462368435352176, 'precision_macro': 0.9473684760921797, 'precision_micro': 0.9461296204210178, 'precision_weighted': 0.9470554187865569, 'recall_macro': 0.94552843848324, 'recall_micro': 0.9461296204210178, 'recall_weighted': 0.9461296204210178}
Saving model...
Model saved!
-------------------------------------------
-----------------------
Epoch 23/100
Training statistic: Loss: 0.2824, train_score: {'accuracy': 0.9565755906385182, 'balanced_accuracy': 0.9559687980327383, 'f1_macro': 0.9563786737823394, 'f1_micro': 0.9565755906385182, 'f1_weighted': 0.956709753561774, 'precision_macro': 0.9574645244495134, 'precision_micro': 0.9565755906385182, 'precision_weighted': 0.9575109779736043, 'recall_macro': 0.9559687980327383, 'recall_micro': 0.9565755906385182, 'recall_weighted': 0.9565755906385182}
Validation statistic: Loss: 0.3140, dev_score: {'accuracy': 0.9418199900546992, 'balanced_accuracy': 0.9409768944044996, 'f1_macro': 0.941694754696558, 'f1_micro': 0.9418199900546992, 'f1_weighted': 0.9419231926050983, 'precision_macro': 0.9433342683261717, 'precision_micro': 0.9418199900546992, 'precision_weighted': 0.9429509965188604, 'recall_macro': 0.9409768944044996, 'recall_micro': 0.9418199900546992, 'recall_weighted': 0.9418199900546992}
Saving model...
Model saved!
-------------------------------------------
-----------------------
Epoch 24/100
Training statistic: Loss: 0.2734, train_score: {'accuracy': 0.9565571042999224, 'balanced_accuracy': 0.9560213541662266, 'f1_macro': 0.9564534331960994, 'f1_micro': 0.9565571042999224, 'f1_weighted': 0.9567620160706277, 'precision_macro': 0.9579148928045074, 'precision_micro': 0.9565571042999224, 'precision_weighted': 0.9579822607247959, 'recall_macro': 0.9560213541662266, 'recall_micro': 0.9565571042999224, 'recall_weighted': 0.9565571042999224}
Validation statistic: Loss: 0.3038, dev_score: {'accuracy': 0.9409912149842533, 'balanced_accuracy': 0.9400517140892644, 'f1_macro': 0.9410223079883556, 'f1_micro': 0.9409912149842533, 'f1_weighted': 0.9411756941265756, 'precision_macro': 0.9433619128645953, 'precision_micro': 0.9409912149842533, 'precision_weighted': 0.9427160355745097, 'recall_macro': 0.9400517140892644, 'recall_micro': 0.9409912149842533, 'recall_weighted': 0.9409912149842533}
Saving model...
Model saved!
-------------------------------------------
-----------------------
Epoch 25/100
Training statistic: Loss: 0.2592, train_score: {'accuracy': 0.9582763337893296, 'balanced_accuracy': 0.9578527424959768, 'f1_macro': 0.9581018174460312, 'f1_micro': 0.9582763337893296, 'f1_weighted': 0.9584124451454135, 'precision_macro': 0.9588931429457496, 'precision_micro': 0.9582763337893296, 'precision_weighted': 0.959090123877038, 'recall_macro': 0.9578527424959768, 'recall_micro': 0.9582763337893296, 'recall_weighted': 0.9582763337893296}
Validation statistic: Loss: 0.2910, dev_score: {'accuracy': 0.9433117851815017, 'balanced_accuracy': 0.9424486846037683, 'f1_macro': 0.9431489084972396, 'f1_micro': 0.9433117851815017, 'f1_weighted': 0.9433816426864932, 'precision_macro': 0.9445495958601724, 'precision_micro': 0.9433117851815017, 'precision_weighted': 0.944158159731789, 'recall_macro': 0.9424486846037683, 'recall_micro': 0.9433117851815017, 'recall_weighted': 0.9433117851815017}
Saving model...
Model saved!
-------------------------------------------
-----------------------
Epoch 26/100
Training statistic: Loss: 0.2482, train_score: {'accuracy': 0.9585166561910748, 'balanced_accuracy': 0.9580636588669694, 'f1_macro': 0.9584107013689671, 'f1_micro': 0.9585166561910748, 'f1_weighted': 0.9587121548865177, 'precision_macro': 0.9595809253286666, 'precision_micro': 0.9585166561910748, 'precision_weighted': 0.9597256069006141, 'recall_macro': 0.9580636588669694, 'recall_micro': 0.9585166561910748, 'recall_weighted': 0.9585166561910748}
Validation statistic: Loss: 0.2801, dev_score: {'accuracy': 0.9459638654069286, 'balanced_accuracy': 0.9452814024844362, 'f1_macro': 0.9458909742508517, 'f1_micro': 0.9459638654069286, 'f1_weighted': 0.9461137659400728, 'precision_macro': 0.9472732522935632, 'precision_micro': 0.9459638654069286, 'precision_weighted': 0.9470552738828298, 'recall_macro': 0.9452814024844362, 'recall_micro': 0.9459638654069286, 'recall_weighted': 0.9459638654069286}
Saving model...
Model saved!
-------------------------------------------
-----------------------
Epoch 27/100
Training statistic: Loss: 0.2413, train_score: {'accuracy': 0.958424224498096, 'balanced_accuracy': 0.9580084513985934, 'f1_macro': 0.9583224740056913, 'f1_micro': 0.958424224498096, 'f1_weighted': 0.9586157967190456, 'precision_macro': 0.9593287550693658, 'precision_micro': 0.958424224498096, 'precision_weighted': 0.9594922896921063, 'recall_macro': 0.9580084513985934, 'recall_micro': 0.958424224498096, 'recall_weighted': 0.958424224498096}
Validation statistic: Loss: 0.2730, dev_score: {'accuracy': 0.9446378252942151, 'balanced_accuracy': 0.9438838734823548, 'f1_macro': 0.9446051312318955, 'f1_micro': 0.9446378252942151, 'f1_weighted': 0.9447879038227236, 'precision_macro': 0.9461809027193577, 'precision_micro': 0.9446378252942151, 'precision_weighted': 0.9457937306914513, 'recall_macro': 0.9438838734823548, 'recall_micro': 0.9446378252942151, 'recall_weighted': 0.9446378252942151}
Saving model...
Model saved!
-------------------------------------------
-----------------------
Epoch 28/100
Training statistic: Loss: 0.2369, train_score: {'accuracy': 0.9589233556401819, 'balanced_accuracy': 0.9584581704940416, 'f1_macro': 0.9587766593647571, 'f1_micro': 0.9589233556401819, 'f1_weighted': 0.9590794334109686, 'precision_macro': 0.9596667114867788, 'precision_micro': 0.9589233556401819, 'precision_weighted': 0.9597986216099073, 'recall_macro': 0.9584581704940416, 'recall_micro': 0.9589233556401819, 'recall_weighted': 0.9589233556401819}
Validation statistic: Loss: 0.2699, dev_score: {'accuracy': 0.9449693353223935, 'balanced_accuracy': 0.9443051108058945, 'f1_macro': 0.9448928800560312, 'f1_micro': 0.9449693353223935, 'f1_weighted': 0.945083918417505, 'precision_macro': 0.9462074028483614, 'precision_micro': 0.9449693353223935, 'precision_weighted': 0.9459239713340627, 'recall_macro': 0.9443051108058945, 'recall_micro': 0.9449693353223935, 'recall_weighted': 0.9449693353223935}
Saving model...
Model saved!
-------------------------------------------
-----------------------
Epoch 29/100
Training statistic: Loss: 0.2239, train_score: {'accuracy': 0.9594779457980552, 'balanced_accuracy': 0.9590057576737626, 'f1_macro': 0.9593198375460231, 'f1_micro': 0.9594779457980552, 'f1_weighted': 0.9596419035404335, 'precision_macro': 0.9602777408829345, 'precision_micro': 0.9594779457980552, 'precision_weighted': 0.9604402355783925, 'recall_macro': 0.9590057576737626, 'recall_micro': 0.9594779457980552, 'recall_weighted': 0.9594779457980552}
Validation statistic: Loss: 0.2577, dev_score: {'accuracy': 0.9471241505055528, 'balanced_accuracy': 0.9463352079635771, 'f1_macro': 0.9469890563647277, 'f1_micro': 0.9471241505055528, 'f1_weighted': 0.9472629282145266, 'precision_macro': 0.9485725102451195, 'precision_micro': 0.9471241505055528, 'precision_weighted': 0.9483322622445809, 'recall_macro': 0.9463352079635771, 'recall_micro': 0.9471241505055528, 'recall_weighted': 0.9471241505055528}
Saving model...
Model saved!
-------------------------------------------
-----------------------
Epoch 30/100
Training statistic: Loss: 0.2183, train_score: {'accuracy': 0.9601989130032905, 'balanced_accuracy': 0.9597237486779366, 'f1_macro': 0.9600454252205461, 'f1_micro': 0.9601989130032905, 'f1_weighted': 0.9603371163842525, 'precision_macro': 0.9608575735500364, 'precision_micro': 0.9601989130032905, 'precision_weighted': 0.9609598075755351, 'recall_macro': 0.9597237486779366, 'recall_micro': 0.9601989130032905, 'recall_weighted': 0.9601989130032905}
Validation statistic: Loss: 0.2518, dev_score: {'accuracy': 0.9449693353223935, 'balanced_accuracy': 0.9442205229211507, 'f1_macro': 0.9448593776817227, 'f1_micro': 0.9449693353223935, 'f1_weighted': 0.945091108761886, 'precision_macro': 0.9460898142368762, 'precision_micro': 0.9449693353223935, 'precision_weighted': 0.9458043403550486, 'recall_macro': 0.9442205229211507, 'recall_micro': 0.9449693353223935, 'recall_weighted': 0.9449693353223935}
Saving model...
Model saved!
-------------------------------------------
-----------------------
Epoch 31/100
Training statistic: Loss: 0.2137, train_score: {'accuracy': 0.9603837763892483, 'balanced_accuracy': 0.959954314764041, 'f1_macro': 0.960259031696518, 'f1_micro': 0.9603837763892483, 'f1_weighted': 0.960535506714446, 'precision_macro': 0.9611276994342435, 'precision_micro': 0.9603837763892483, 'precision_weighted': 0.9612456888743199, 'recall_macro': 0.959954314764041, 'recall_micro': 0.9603837763892483, 'recall_weighted': 0.9603837763892483}
Validation statistic: Loss: 0.2477, dev_score: {'accuracy': 0.9464611304491961, 'balanced_accuracy': 0.9457341996026486, 'f1_macro': 0.9462562975158004, 'f1_micro': 0.9464611304491961, 'f1_weighted': 0.9465507199122146, 'precision_macro': 0.9473243529414634, 'precision_micro': 0.9464611304491961, 'precision_weighted': 0.9471922554122931, 'recall_macro': 0.9457341996026486, 'recall_micro': 0.9464611304491961, 'recall_weighted': 0.9464611304491961}
Saving model...
Model saved!
-------------------------------------------
-----------------------
Epoch 32/100
Training statistic: Loss: 0.2110, train_score: {'accuracy': 0.9603652900506525, 'balanced_accuracy': 0.9597917907028183, 'f1_macro': 0.960212173967971, 'f1_micro': 0.9603652900506525, 'f1_weighted': 0.9605024097689103, 'precision_macro': 0.9612333508896425, 'precision_micro': 0.9603652900506525, 'precision_weighted': 0.9612302233298603, 'recall_macro': 0.9597917907028183, 'recall_micro': 0.9603652900506525, 'recall_weighted': 0.9603652900506525}
Validation statistic: Loss: 0.2436, dev_score: {'accuracy': 0.9474556605337311, 'balanced_accuracy': 0.9465834536982417, 'f1_macro': 0.9472829167843753, 'f1_micro': 0.9474556605337311, 'f1_weighted': 0.9475345247307501, 'precision_macro': 0.9486010310893992, 'precision_micro': 0.9474556605337311, 'precision_weighted': 0.948230344037925, 'recall_macro': 0.9465834536982417, 'recall_micro': 0.9474556605337311, 'recall_weighted': 0.9474556605337311}
Saving model...
Model saved!
-------------------------------------------
-----------------------
Epoch 33/100
Training statistic: Loss: 0.2029, train_score: {'accuracy': 0.9618626834769106, 'balanced_accuracy': 0.9614462074672318, 'f1_macro': 0.9617370721277438, 'f1_micro': 0.9618626834769106, 'f1_weighted': 0.9619988616635312, 'precision_macro': 0.9625699772708396, 'precision_micro': 0.9618626834769106, 'precision_weighted': 0.9626751004278586, 'recall_macro': 0.9614462074672318, 'recall_micro': 0.9618626834769106, 'recall_weighted': 0.9618626834769106}
Validation statistic: Loss: 0.2373, dev_score: {'accuracy': 0.947289905519642, 'balanced_accuracy': 0.9465593986218099, 'f1_macro': 0.9471330531951516, 'f1_micro': 0.947289905519642, 'f1_weighted': 0.9473821201761665, 'precision_macro': 0.9483419374815473, 'precision_micro': 0.947289905519642, 'precision_weighted': 0.9481126991962507, 'recall_macro': 0.9465593986218099, 'recall_micro': 0.947289905519642, 'recall_weighted': 0.947289905519642}
Saving model...
Model saved!
-------------------------------------------
-----------------------
Epoch 34/100
Training statistic: Loss: 0.1971, train_score: {'accuracy': 0.9604577217436314, 'balanced_accuracy': 0.9600109031596444, 'f1_macro': 0.9603597015294103, 'f1_micro': 0.9604577217436314, 'f1_weighted': 0.9606589608922647, 'precision_macro': 0.9614881379041392, 'precision_micro': 0.9604577217436314, 'precision_weighted': 0.961632880722322, 'recall_macro': 0.9600109031596444, 'recall_micro': 0.9604577217436314, 'recall_weighted': 0.9604577217436314}
Validation statistic: Loss: 0.2292, dev_score: {'accuracy': 0.9477871705619095, 'balanced_accuracy': 0.9470044300738015, 'f1_macro': 0.9476920771889397, 'f1_micro': 0.9477871705619095, 'f1_weighted': 0.9479252856589325, 'precision_macro': 0.9492657806143106, 'precision_micro': 0.9477871705619095, 'precision_weighted': 0.9489507836034453, 'recall_macro': 0.9470044300738015, 'recall_micro': 0.9477871705619095, 'recall_weighted': 0.9477871705619095}
Saving model...
Model saved!
-------------------------------------------
-----------------------
Epoch 35/100
Training statistic: Loss: 0.1924, train_score: {'accuracy': 0.9622693829260177, 'balanced_accuracy': 0.9619664332348901, 'f1_macro': 0.9621948920811991, 'f1_micro': 0.9622693829260177, 'f1_weighted': 0.9624555681603408, 'precision_macro': 0.9630370194961486, 'precision_micro': 0.9622693829260177, 'precision_weighted': 0.9632514959119258, 'recall_macro': 0.9619664332348901, 'recall_micro': 0.9622693829260177, 'recall_weighted': 0.9622693829260177}
Validation statistic: Loss: 0.2287, dev_score: {'accuracy': 0.9456323553787502, 'balanced_accuracy': 0.9451988444825471, 'f1_macro': 0.9455601216433868, 'f1_micro': 0.9456323553787502, 'f1_weighted': 0.9457846448058982, 'precision_macro': 0.9466136819135752, 'precision_micro': 0.9456323553787502, 'precision_weighted': 0.9466321266773877, 'recall_macro': 0.9451988444825471, 'recall_micro': 0.9456323553787502, 'recall_weighted': 0.9456323553787502}
Saving model...
Model saved!
-------------------------------------------
-----------------------
Epoch 36/100
Training statistic: Loss: 0.1917, train_score: {'accuracy': 0.961326579657633, 'balanced_accuracy': 0.9609486578182954, 'f1_macro': 0.9612561086221183, 'f1_micro': 0.961326579657633, 'f1_weighted': 0.961511179330479, 'precision_macro': 0.9622318409687314, 'precision_micro': 0.961326579657633, 'precision_weighted': 0.9623624814313291, 'recall_macro': 0.9609486578182954, 'recall_micro': 0.961326579657633, 'recall_weighted': 0.961326579657633}
Validation statistic: Loss: 0.2250, dev_score: {'accuracy': 0.9474556605337311, 'balanced_accuracy': 0.9468639514973681, 'f1_macro': 0.947399407967121, 'f1_micro': 0.9474556605337311, 'f1_weighted': 0.9475994674244587, 'precision_macro': 0.9488002372711699, 'precision_micro': 0.9474556605337311, 'precision_weighted': 0.9486283148242872, 'recall_macro': 0.9468639514973681, 'recall_micro': 0.9474556605337311, 'recall_weighted': 0.9474556605337311}
Saving model...
Model saved!
-------------------------------------------
-----------------------
Epoch 37/100
Training statistic: Loss: 0.1827, train_score: {'accuracy': 0.9625281916663586, 'balanced_accuracy': 0.9621550957854698, 'f1_macro': 0.9624288462938668, 'f1_micro': 0.9625281916663586, 'f1_weighted': 0.9626792948565837, 'precision_macro': 0.9632315953170704, 'precision_micro': 0.9625281916663586, 'precision_weighted': 0.9633588374678971, 'recall_macro': 0.9621550957854698, 'recall_micro': 0.9625281916663586, 'recall_weighted': 0.9625281916663586}
Validation statistic: Loss: 0.2176, dev_score: {'accuracy': 0.9481186805900879, 'balanced_accuracy': 0.9475713946335048, 'f1_macro': 0.9481496053432747, 'f1_micro': 0.9481186805900879, 'f1_weighted': 0.9482378372145868, 'precision_macro': 0.9493872697554047, 'precision_micro': 0.9481186805900879, 'precision_weighted': 0.9490256003737239, 'recall_macro': 0.9475713946335048, 'recall_micro': 0.9481186805900879, 'recall_weighted': 0.9481186805900879}
Saving model...
Model saved!
-------------------------------------------
-----------------------
Epoch 38/100
Training statistic: Loss: 0.1776, train_score: {'accuracy': 0.9630458091470403, 'balanced_accuracy': 0.9626940814534221, 'f1_macro': 0.962914708831512, 'f1_micro': 0.9630458091470403, 'f1_weighted': 0.9631836975639289, 'precision_macro': 0.9636547839959496, 'precision_micro': 0.9630458091470403, 'precision_weighted': 0.9638382659433639, 'recall_macro': 0.9626940814534221, 'recall_micro': 0.9630458091470403, 'recall_weighted': 0.9630458091470403}
Validation statistic: Loss: 0.2127, dev_score: {'accuracy': 0.9479529255759986, 'balanced_accuracy': 0.9474814274388879, 'f1_macro': 0.9479988056221194, 'f1_micro': 0.9479529255759986, 'f1_weighted': 0.9480871593200865, 'precision_macro': 0.9492390339457574, 'precision_micro': 0.9479529255759986, 'precision_weighted': 0.9489601612696464, 'recall_macro': 0.9474814274388879, 'recall_micro': 0.9479529255759986, 'recall_weighted': 0.9479529255759986}
Saving model...
Model saved!
-------------------------------------------
-----------------------
Epoch 39/100
Training statistic: Loss: 0.1780, train_score: {'accuracy': 0.9637298036750841, 'balanced_accuracy': 0.963251760513808, 'f1_macro': 0.9635822029178502, 'f1_micro': 0.9637298036750841, 'f1_weighted': 0.9638774136764972, 'precision_macro': 0.9644519178253692, 'precision_micro': 0.9637298036750841, 'precision_weighted': 0.9645519331711329, 'recall_macro': 0.963251760513808, 'recall_micro': 0.9637298036750841, 'recall_weighted': 0.9637298036750841}
Validation statistic: Loss: 0.2116, dev_score: {'accuracy': 0.9501077407591579, 'balanced_accuracy': 0.94943725012687, 'f1_macro': 0.950055751569527, 'f1_micro': 0.9501077407591579, 'f1_weighted': 0.9503230277215112, 'precision_macro': 0.9513992312616658, 'precision_micro': 0.9501077407591579, 'precision_weighted': 0.9512492840249718, 'recall_macro': 0.94943725012687, 'recall_micro': 0.9501077407591579, 'recall_weighted': 0.9501077407591579}
Saving model...
Model saved!
-------------------------------------------
-----------------------
Epoch 40/100
Training statistic: Loss: 0.1756, train_score: {'accuracy': 0.9635264539505306, 'balanced_accuracy': 0.9632034937722735, 'f1_macro': 0.9634451721756273, 'f1_micro': 0.9635264539505306, 'f1_weighted': 0.9636835782403539, 'precision_macro': 0.9642942668948772, 'precision_micro': 0.9635264539505306, 'precision_weighted': 0.964443143752784, 'recall_macro': 0.9632034937722735, 'recall_micro': 0.9635264539505306, 'recall_weighted': 0.9635264539505306}
Validation statistic: Loss: 0.2087, dev_score: {'accuracy': 0.9477871705619095, 'balanced_accuracy': 0.9473589186794014, 'f1_macro': 0.9478861314809256, 'f1_micro': 0.9477871705619095, 'f1_weighted': 0.9479602222545108, 'precision_macro': 0.9491851670308412, 'precision_micro': 0.9477871705619095, 'precision_weighted': 0.9489193701964636, 'recall_macro': 0.9473589186794014, 'recall_micro': 0.9477871705619095, 'recall_weighted': 0.9477871705619095}
Saving model...
Model saved!
-------------------------------------------
-----------------------
Epoch 41/100
Training statistic: Loss: 0.1725, train_score: {'accuracy': 0.9639331533996377, 'balanced_accuracy': 0.9635280695331607, 'f1_macro': 0.9638056712816254, 'f1_micro': 0.9639331533996377, 'f1_weighted': 0.9640771673400953, 'precision_macro': 0.9645131559166428, 'precision_micro': 0.9639331533996377, 'precision_weighted': 0.9646463186985569, 'recall_macro': 0.9635280695331607, 'recall_micro': 0.9639331533996377, 'recall_weighted': 0.9639331533996377}
Validation statistic: Loss: 0.2065, dev_score: {'accuracy': 0.9481186805900879, 'balanced_accuracy': 0.9474472739263, 'f1_macro': 0.9479114100398542, 'f1_micro': 0.9481186805900879, 'f1_weighted': 0.9482161752724381, 'precision_macro': 0.9488781723946126, 'precision_micro': 0.9481186805900879, 'precision_weighted': 0.948821903358787, 'recall_macro': 0.9474472739263, 'recall_micro': 0.9481186805900879, 'recall_weighted': 0.9481186805900879}
Saving model...
Model saved!
-------------------------------------------
-----------------------
Epoch 42/100
Training statistic: Loss: 0.1718, train_score: {'accuracy': 0.9643953118645321, 'balanced_accuracy': 0.9640498747304995, 'f1_macro': 0.9643085064850064, 'f1_micro': 0.9643953118645321, 'f1_weighted': 0.9645387501245274, 'precision_macro': 0.965024381591658, 'precision_micro': 0.9643953118645321, 'precision_weighted': 0.9651371798615151, 'recall_macro': 0.9640498747304995, 'recall_micro': 0.9643953118645321, 'recall_weighted': 0.9643953118645321}
Validation statistic: Loss: 0.2061, dev_score: {'accuracy': 0.949113210674623, 'balanced_accuracy': 0.948573416290498, 'f1_macro': 0.9491169162804013, 'f1_micro': 0.949113210674623, 'f1_weighted': 0.9492504480419326, 'precision_macro': 0.950298725585981, 'precision_micro': 0.949113210674623, 'precision_weighted': 0.9500431155843331, 'recall_macro': 0.948573416290498, 'recall_micro': 0.949113210674623, 'recall_weighted': 0.949113210674623}
Saving model...
Model saved!
-------------------------------------------
-----------------------
Epoch 43/100
Training statistic: Loss: 0.1719, train_score: {'accuracy': 0.9632306725329981, 'balanced_accuracy': 0.962812629525466, 'f1_macro': 0.9631211214589239, 'f1_micro': 0.9632306725329981, 'f1_weighted': 0.9633857218327394, 'precision_macro': 0.9640352348016623, 'precision_micro': 0.9632306725329981, 'precision_weighted': 0.9641400261047997, 'recall_macro': 0.962812629525466, 'recall_micro': 0.9632306725329981, 'recall_weighted': 0.9632306725329981}
Validation statistic: Loss: 0.2069, dev_score: {'accuracy': 0.9497762307309796, 'balanced_accuracy': 0.9491993476448595, 'f1_macro': 0.9497110983637278, 'f1_micro': 0.9497762307309796, 'f1_weighted': 0.9498974108975831, 'precision_macro': 0.950881901036609, 'precision_micro': 0.9497762307309796, 'precision_weighted': 0.9506838292961017, 'recall_macro': 0.9491993476448595, 'recall_micro': 0.9497762307309796, 'recall_weighted': 0.9497762307309796}
-----------------------
Epoch 44/100
Training statistic: Loss: 0.1673, train_score: {'accuracy': 0.9639146670610419, 'balanced_accuracy': 0.9635252912149793, 'f1_macro': 0.9638492727243599, 'f1_micro': 0.9639146670610419, 'f1_weighted': 0.9641145921600418, 'precision_macro': 0.964846818772342, 'precision_micro': 0.9639146670610419, 'precision_weighted': 0.9649794712106391, 'recall_macro': 0.9635252912149793, 'recall_micro': 0.9639146670610419, 'recall_weighted': 0.9639146670610419}
Validation statistic: Loss: 0.2040, dev_score: {'accuracy': 0.9484501906182662, 'balanced_accuracy': 0.9477631690231709, 'f1_macro': 0.9484590639824055, 'f1_micro': 0.9484501906182662, 'f1_weighted': 0.9486645959854331, 'precision_macro': 0.950002171757248, 'precision_micro': 0.9484501906182662, 'precision_weighted': 0.9497306138101236, 'recall_macro': 0.9477631690231709, 'recall_micro': 0.9484501906182662, 'recall_weighted': 0.9484501906182662}
Saving model...
Model saved!
-------------------------------------------
-----------------------
Epoch 45/100
Training statistic: Loss: 0.1637, train_score: {'accuracy': 0.9644137982031279, 'balanced_accuracy': 0.9640460218119845, 'f1_macro': 0.9643610268484466, 'f1_micro': 0.9644137982031279, 'f1_weighted': 0.9645746868083726, 'precision_macro': 0.9652478576780205, 'precision_micro': 0.9644137982031279, 'precision_weighted': 0.9653015009560518, 'recall_macro': 0.9640460218119845, 'recall_micro': 0.9644137982031279, 'recall_weighted': 0.9644137982031279}
Validation statistic: Loss: 0.2000, dev_score: {'accuracy': 0.951102270843693, 'balanced_accuracy': 0.9506015291827934, 'f1_macro': 0.9510952979768476, 'f1_micro': 0.951102270843693, 'f1_weighted': 0.9512066114612165, 'precision_macro': 0.9522546272884936, 'precision_micro': 0.951102270843693, 'precision_weighted': 0.9519863651695414, 'recall_macro': 0.9506015291827934, 'recall_micro': 0.951102270843693, 'recall_weighted': 0.951102270843693}
Saving model...
Model saved!
-------------------------------------------
-----------------------
Epoch 46/100
Training statistic: Loss: 0.1636, train_score: {'accuracy': 0.9647650386364477, 'balanced_accuracy': 0.9643741034673097, 'f1_macro': 0.9646704576383772, 'f1_micro': 0.9647650386364477, 'f1_weighted': 0.9649267236030726, 'precision_macro': 0.9655837977330398, 'precision_micro': 0.9647650386364477, 'precision_weighted': 0.9656995800155901, 'recall_macro': 0.9643741034673097, 'recall_micro': 0.9647650386364477, 'recall_weighted': 0.9647650386364477}
Validation statistic: Loss: 0.1975, dev_score: {'accuracy': 0.9519310459141389, 'balanced_accuracy': 0.9514083139365125, 'f1_macro': 0.9520120190458512, 'f1_micro': 0.9519310459141389, 'f1_weighted': 0.9520988337438432, 'precision_macro': 0.9532297845859603, 'precision_micro': 0.9519310459141389, 'precision_weighted': 0.9528894219422936, 'recall_macro': 0.9514083139365125, 'recall_micro': 0.9519310459141389, 'recall_weighted': 0.9519310459141389}
Saving model...
Model saved!
-------------------------------------------
-----------------------
Epoch 47/100
Training statistic: Loss: 0.1597, train_score: {'accuracy': 0.9651162790697675, 'balanced_accuracy': 0.9647436396093425, 'f1_macro': 0.9649856552973219, 'f1_micro': 0.9651162790697675, 'f1_weighted': 0.96525413385528, 'precision_macro': 0.9657100760584891, 'precision_micro': 0.9651162790697675, 'precision_weighted': 0.9658677249807482, 'recall_macro': 0.9647436396093425, 'recall_micro': 0.9651162790697675, 'recall_weighted': 0.9651162790697675}
Validation statistic: Loss: 0.1953, dev_score: {'accuracy': 0.9499419857450688, 'balanced_accuracy': 0.9492666652932847, 'f1_macro': 0.9498169615920862, 'f1_micro': 0.9499419857450688, 'f1_weighted': 0.9500723023044606, 'precision_macro': 0.9508368691248756, 'precision_micro': 0.9499419857450688, 'precision_weighted': 0.9506739744125824, 'recall_macro': 0.9492666652932847, 'recall_micro': 0.9499419857450688, 'recall_weighted': 0.9499419857450688}
Saving model...
Model saved!
-------------------------------------------
-----------------------
Epoch 48/100
Training statistic: Loss: 0.1553, train_score: {'accuracy': 0.9664288091100677, 'balanced_accuracy': 0.9660320472537405, 'f1_macro': 0.9663252152192389, 'f1_micro': 0.9664288091100677, 'f1_weighted': 0.96657169434526, 'precision_macro': 0.9671263379789815, 'precision_micro': 0.9664288091100677, 'precision_weighted': 0.9672164243556624, 'recall_macro': 0.9660320472537405, 'recall_micro': 0.9664288091100677, 'recall_weighted': 0.9664288091100677}
Validation statistic: Loss: 0.1923, dev_score: {'accuracy': 0.9504392507873363, 'balanced_accuracy': 0.9496825096392374, 'f1_macro': 0.950392807014644, 'f1_micro': 0.9504392507873363, 'f1_weighted': 0.9505694062119239, 'precision_macro': 0.9518102189445923, 'precision_micro': 0.9504392507873363, 'precision_weighted': 0.9514086615659337, 'recall_macro': 0.9496825096392374, 'recall_micro': 0.9504392507873363, 'recall_weighted': 0.9504392507873363}
Saving model...
Model saved!
-------------------------------------------
-----------------------
Epoch 49/100
Training statistic: Loss: 0.1533, train_score: {'accuracy': 0.9663548637556846, 'balanced_accuracy': 0.965970645480302, 'f1_macro': 0.9662225392585168, 'f1_micro': 0.9663548637556846, 'f1_weighted': 0.9664721623587814, 'precision_macro': 0.9668946336688368, 'precision_micro': 0.9663548637556846, 'precision_weighted': 0.9670020738590818, 'recall_macro': 0.965970645480302, 'recall_micro': 0.9663548637556846, 'recall_weighted': 0.9663548637556846}
Validation statistic: Loss: 0.1909, dev_score: {'accuracy': 0.9506050058014255, 'balanced_accuracy': 0.9499185841652045, 'f1_macro': 0.9504788456068086, 'f1_micro': 0.9506050058014255, 'f1_weighted': 0.9507186056582732, 'precision_macro': 0.9515124623541004, 'precision_micro': 0.9506050058014255, 'precision_weighted': 0.9513040516190361, 'recall_macro': 0.9499185841652045, 'recall_micro': 0.9506050058014255, 'recall_weighted': 0.9506050058014255}
Saving model...
Model saved!
-------------------------------------------
-----------------------
Epoch 50/100
Training statistic: Loss: 0.1529, train_score: {'accuracy': 0.967149776315303, 'balanced_accuracy': 0.9668058796377383, 'f1_macro': 0.9670253691453039, 'f1_micro': 0.967149776315303, 'f1_weighted': 0.9672669233946796, 'precision_macro': 0.9676329039662408, 'precision_micro': 0.967149776315303, 'precision_weighted': 0.9677656798938723, 'recall_macro': 0.9668058796377383, 'recall_micro': 0.967149776315303, 'recall_weighted': 0.967149776315303}
Validation statistic: Loss: 0.1894, dev_score: {'accuracy': 0.9512680258577823, 'balanced_accuracy': 0.9506524751077349, 'f1_macro': 0.9512210807993053, 'f1_micro': 0.9512680258577823, 'f1_weighted': 0.9513649200209962, 'precision_macro': 0.9524019870575708, 'precision_micro': 0.9512680258577823, 'precision_weighted': 0.9520721184017754, 'recall_macro': 0.9506524751077349, 'recall_micro': 0.9512680258577823, 'recall_weighted': 0.9512680258577823}
Saving model...
Model saved!
-------------------------------------------
-----------------------
Epoch 51/100
Training statistic: Loss: 0.1493, train_score: {'accuracy': 0.9667430768661959, 'balanced_accuracy': 0.9663932734591896, 'f1_macro': 0.9666231536218991, 'f1_micro': 0.9667430768661959, 'f1_weighted': 0.9668602935803922, 'precision_macro': 0.9671831528262931, 'precision_micro': 0.9667430768661959, 'precision_weighted': 0.9673031190701078, 'recall_macro': 0.9663932734591896, 'recall_micro': 0.9667430768661959, 'recall_weighted': 0.9667430768661959}
Validation statistic: Loss: 0.1863, dev_score: {'accuracy': 0.9524283109564065, 'balanced_accuracy': 0.9519552222097154, 'f1_macro': 0.9524108469239699, 'f1_micro': 0.9524283109564065, 'f1_weighted': 0.9525417513205694, 'precision_macro': 0.953259348557185, 'precision_micro': 0.9524283109564065, 'precision_weighted': 0.9530549091664791, 'recall_macro': 0.9519552222097154, 'recall_micro': 0.9524283109564065, 'recall_weighted': 0.9524283109564065}
Saving model...
Model saved!
-------------------------------------------
-----------------------
Epoch 52/100
Training statistic: Loss: 0.1527, train_score: {'accuracy': 0.9663733500942804, 'balanced_accuracy': 0.9660546182258806, 'f1_macro': 0.9663250146356182, 'f1_micro': 0.9663733500942804, 'f1_weighted': 0.9665719925869709, 'precision_macro': 0.9672908940413816, 'precision_micro': 0.9663733500942804, 'precision_weighted': 0.9674603591556549, 'recall_macro': 0.9660546182258806, 'recall_micro': 0.9663733500942804, 'recall_weighted': 0.9663733500942804}
Validation statistic: Loss: 0.1892, dev_score: {'accuracy': 0.9520968009282281, 'balanced_accuracy': 0.951434984631357, 'f1_macro': 0.9520317039744317, 'f1_micro': 0.9520968009282281, 'f1_weighted': 0.952299460528245, 'precision_macro': 0.9535340429196857, 'precision_micro': 0.9520968009282281, 'precision_weighted': 0.9534130546666361, 'recall_macro': 0.951434984631357, 'recall_micro': 0.9520968009282281, 'recall_weighted': 0.9520968009282281}
-----------------------
Epoch 53/100
Training statistic: Loss: 0.1529, train_score: {'accuracy': 0.964654120604873, 'balanced_accuracy': 0.9642419926936269, 'f1_macro': 0.9645743644927581, 'f1_micro': 0.964654120604873, 'f1_weighted': 0.9648534233840881, 'precision_macro': 0.965757873681046, 'precision_micro': 0.964654120604873, 'precision_weighted': 0.9658918881363839, 'recall_macro': 0.9642419926936269, 'recall_micro': 0.964654120604873, 'recall_weighted': 0.964654120604873}
Validation statistic: Loss: 0.1913, dev_score: {'accuracy': 0.9486159456323554, 'balanced_accuracy': 0.9479914867385888, 'f1_macro': 0.9486762852871662, 'f1_micro': 0.9486159456323554, 'f1_weighted': 0.9488735096663241, 'precision_macro': 0.9505708765878037, 'precision_micro': 0.9486159456323554, 'precision_weighted': 0.9503533409237676, 'recall_macro': 0.9479914867385888, 'recall_micro': 0.9486159456323554, 'recall_weighted': 0.9486159456323554}
-----------------------
Epoch 54/100
Training statistic: Loss: 0.1449, train_score: {'accuracy': 0.9674270713942397, 'balanced_accuracy': 0.9670925381428519, 'f1_macro': 0.9673333097224155, 'f1_micro': 0.9674270713942397, 'f1_weighted': 0.9675718729877528, 'precision_macro': 0.9680794304611433, 'precision_micro': 0.9674270713942397, 'precision_weighted': 0.9682164069338887, 'recall_macro': 0.9670925381428519, 'recall_micro': 0.9674270713942397, 'recall_weighted': 0.9674270713942397}
Validation statistic: Loss: 0.1833, dev_score: {'accuracy': 0.951102270843693, 'balanced_accuracy': 0.9505114383892914, 'f1_macro': 0.9510600091531114, 'f1_micro': 0.951102270843693, 'f1_weighted': 0.9512608372130504, 'precision_macro': 0.9523460500651278, 'precision_micro': 0.951102270843693, 'precision_weighted': 0.9521607256391204, 'recall_macro': 0.9505114383892914, 'recall_micro': 0.951102270843693, 'recall_weighted': 0.951102270843693}
Saving model...
Model saved!
-------------------------------------------
-----------------------
Epoch 55/100
Training statistic: Loss: 0.1483, train_score: {'accuracy': 0.9661330276925352, 'balanced_accuracy': 0.9658335167027033, 'f1_macro': 0.9660688192359361, 'f1_micro': 0.9661330276925352, 'f1_weighted': 0.9663094853837503, 'precision_macro': 0.9669884088784713, 'precision_micro': 0.9661330276925352, 'precision_weighted': 0.9671642255923274, 'recall_macro': 0.9658335167027033, 'recall_micro': 0.9661330276925352, 'recall_weighted': 0.9661330276925352}
Validation statistic: Loss: 0.1852, dev_score: {'accuracy': 0.9519310459141389, 'balanced_accuracy': 0.9514514747293074, 'f1_macro': 0.9519472922435386, 'f1_micro': 0.9519310459141389, 'f1_weighted': 0.9521023137676812, 'precision_macro': 0.9532424327271863, 'precision_micro': 0.9519310459141389, 'precision_weighted': 0.953085467692833, 'recall_macro': 0.9514514747293074, 'recall_micro': 0.9519310459141389, 'recall_weighted': 0.9519310459141389}
-----------------------
Epoch 56/100
Training statistic: Loss: 0.1500, train_score: {'accuracy': 0.9652456834399379, 'balanced_accuracy': 0.9648118991225865, 'f1_macro': 0.9651790247924931, 'f1_micro': 0.9652456834399379, 'f1_weighted': 0.9654464766088219, 'precision_macro': 0.9664129611908361, 'precision_micro': 0.9652456834399379, 'precision_weighted': 0.9665032485968351, 'recall_macro': 0.9648118991225865, 'recall_micro': 0.9652456834399379, 'recall_weighted': 0.9652456834399379}
Validation statistic: Loss: 0.1889, dev_score: {'accuracy': 0.9502734957732472, 'balanced_accuracy': 0.949786855528593, 'f1_macro': 0.9503931549101494, 'f1_micro': 0.9502734957732472, 'f1_weighted': 0.9504763094586736, 'precision_macro': 0.9520258911063724, 'precision_micro': 0.9502734957732472, 'precision_weighted': 0.9517215937900867, 'recall_macro': 0.949786855528593, 'recall_micro': 0.9502734957732472, 'recall_weighted': 0.9502734957732472}
-----------------------
Epoch 57/100
Training statistic: Loss: 0.1434, train_score: {'accuracy': 0.9679262025363257, 'balanced_accuracy': 0.967536132508774, 'f1_macro': 0.9678062618643315, 'f1_micro': 0.9679262025363257, 'f1_weighted': 0.9680608633824662, 'precision_macro': 0.968571927303986, 'precision_micro': 0.9679262025363257, 'precision_weighted': 0.9686835680479803, 'recall_macro': 0.967536132508774, 'recall_micro': 0.9679262025363257, 'recall_weighted': 0.9679262025363257}
Validation statistic: Loss: 0.1837, dev_score: {'accuracy': 0.9522625559423172, 'balanced_accuracy': 0.951764101884107, 'f1_macro': 0.9521564501120702, 'f1_micro': 0.9522625559423172, 'f1_weighted': 0.9523718702477524, 'precision_macro': 0.9532021141973012, 'precision_micro': 0.9522625559423172, 'precision_weighted': 0.9531404114923914, 'recall_macro': 0.951764101884107, 'recall_micro': 0.9522625559423172, 'recall_weighted': 0.9522625559423172}
-----------------------
Epoch 58/100
Training statistic: Loss: 0.1467, train_score: {'accuracy': 0.966484268125855, 'balanced_accuracy': 0.9661497971521926, 'f1_macro': 0.9664142872527652, 'f1_micro': 0.966484268125855, 'f1_weighted': 0.9666427719198131, 'precision_macro': 0.9673602934662092, 'precision_micro': 0.966484268125855, 'precision_weighted': 0.9674746282851927, 'recall_macro': 0.9661497971521926, 'recall_micro': 0.966484268125855, 'recall_weighted': 0.966484268125855}
Validation statistic: Loss: 0.1851, dev_score: {'accuracy': 0.9502734957732472, 'balanced_accuracy': 0.9496219359251837, 'f1_macro': 0.9500994872405404, 'f1_micro': 0.9502734957732472, 'f1_weighted': 0.9503919156227456, 'precision_macro': 0.9513108814951565, 'precision_micro': 0.9502734957732472, 'precision_weighted': 0.9512476236967299, 'recall_macro': 0.9496219359251837, 'recall_micro': 0.9502734957732472, 'recall_weighted': 0.9502734957732472}
-----------------------
Epoch 59/100
Training statistic: Loss: 0.1433, train_score: {'accuracy': 0.9676858801345806, 'balanced_accuracy': 0.9672363727649611, 'f1_macro': 0.9675910711616591, 'f1_micro': 0.9676858801345806, 'f1_weighted': 0.9678295041252307, 'precision_macro': 0.968446765376705, 'precision_micro': 0.9676858801345806, 'precision_weighted': 0.9684649015880868, 'recall_macro': 0.9672363727649611, 'recall_micro': 0.9676858801345806, 'recall_weighted': 0.9676858801345806}
Validation statistic: Loss: 0.1827, dev_score: {'accuracy': 0.9515995358859606, 'balanced_accuracy': 0.9508873310606839, 'f1_macro': 0.9515353670351923, 'f1_micro': 0.9515995358859606, 'f1_weighted': 0.9517828810713337, 'precision_macro': 0.9530217456209629, 'precision_micro': 0.9515995358859606, 'precision_weighted': 0.9527980385065472, 'recall_macro': 0.9508873310606839, 'recall_micro': 0.9515995358859606, 'recall_weighted': 0.9515995358859606}
Saving model...
Model saved!
-------------------------------------------
-----------------------
Epoch 60/100
Training statistic: Loss: 0.1435, train_score: {'accuracy': 0.967648907457389, 'balanced_accuracy': 0.9671813282721147, 'f1_macro': 0.9674901350258198, 'f1_micro': 0.967648907457389, 'f1_weighted': 0.9677395508601105, 'precision_macro': 0.9681641630056603, 'precision_micro': 0.967648907457389, 'precision_weighted': 0.9681871250459532, 'recall_macro': 0.9671813282721147, 'recall_micro': 0.967648907457389, 'recall_weighted': 0.967648907457389}
Validation statistic: Loss: 0.1813, dev_score: {'accuracy': 0.9509365158296038, 'balanced_accuracy': 0.9501980381574955, 'f1_macro': 0.9507209682737081, 'f1_micro': 0.9509365158296038, 'f1_weighted': 0.9510224519089971, 'precision_macro': 0.9517378585512312, 'precision_micro': 0.9509365158296038, 'precision_weighted': 0.9515983788148574, 'recall_macro': 0.9501980381574955, 'recall_micro': 0.9509365158296038, 'recall_weighted': 0.9509365158296038}
Saving model...
Model saved!
-------------------------------------------
-----------------------
Epoch 61/100
Training statistic: Loss: 0.1391, train_score: {'accuracy': 0.9687396014345399, 'balanced_accuracy': 0.9684324865772134, 'f1_macro': 0.968646333661032, 'f1_micro': 0.9687396014345399, 'f1_weighted': 0.9688538290618578, 'precision_macro': 0.9692994516663248, 'precision_micro': 0.9687396014345399, 'precision_weighted': 0.9694037407641154, 'recall_macro': 0.9684324865772134, 'recall_micro': 0.9687396014345399, 'recall_weighted': 0.9687396014345399}
Validation statistic: Loss: 0.1767, dev_score: {'accuracy': 0.9519310459141389, 'balanced_accuracy': 0.9513940570438798, 'f1_macro': 0.9518165903285551, 'f1_micro': 0.9519310459141389, 'f1_weighted': 0.9520337283683507, 'precision_macro': 0.9528327820360347, 'precision_micro': 0.9519310459141389, 'precision_weighted': 0.952741374117002, 'recall_macro': 0.9513940570438798, 'recall_micro': 0.9519310459141389, 'recall_weighted': 0.9519310459141389}
Saving model...
Model saved!
-------------------------------------------
-----------------------
Epoch 62/100
Training statistic: Loss: 0.1397, train_score: {'accuracy': 0.96838836100122, 'balanced_accuracy': 0.9679977001594059, 'f1_macro': 0.9683190017234725, 'f1_micro': 0.96838836100122, 'f1_weighted': 0.9685394381617541, 'precision_macro': 0.9691880362122116, 'precision_micro': 0.96838836100122, 'precision_weighted': 0.9692289016297952, 'recall_macro': 0.9679977001594059, 'recall_micro': 0.96838836100122, 'recall_weighted': 0.96838836100122}
Validation statistic: Loss: 0.1782, dev_score: {'accuracy': 0.9520968009282281, 'balanced_accuracy': 0.9514072055588381, 'f1_macro': 0.9519937783725094, 'f1_micro': 0.9520968009282281, 'f1_weighted': 0.9522271602612538, 'precision_macro': 0.9532810731331492, 'precision_micro': 0.9520968009282281, 'precision_weighted': 0.953056039120841, 'recall_macro': 0.9514072055588381, 'recall_micro': 0.9520968009282281, 'recall_weighted': 0.9520968009282281}
-----------------------
Epoch 63/100
Training statistic: Loss: 0.1408, train_score: {'accuracy': 0.9687396014345399, 'balanced_accuracy': 0.9684472663974422, 'f1_macro': 0.9686700208445694, 'f1_micro': 0.9687396014345399, 'f1_weighted': 0.9688788393225785, 'precision_macro': 0.9693372972041108, 'precision_micro': 0.9687396014345399, 'precision_weighted': 0.9694591337714276, 'recall_macro': 0.9684472663974422, 'recall_micro': 0.9687396014345399, 'recall_weighted': 0.9687396014345399}
Validation statistic: Loss: 0.1802, dev_score: {'accuracy': 0.9514337808718714, 'balanced_accuracy': 0.9508288729476837, 'f1_macro': 0.9513329917045914, 'f1_micro': 0.9514337808718714, 'f1_weighted': 0.9515485996062294, 'precision_macro': 0.9525286899056316, 'precision_micro': 0.9514337808718714, 'precision_weighted': 0.9523650128692048, 'recall_macro': 0.9508288729476837, 'recall_micro': 0.9514337808718714, 'recall_weighted': 0.9514337808718714}
-----------------------
Epoch 64/100
Training statistic: Loss: 0.1394, train_score: {'accuracy': 0.967815284504751, 'balanced_accuracy': 0.9674283070309289, 'f1_macro': 0.9677229433213379, 'f1_micro': 0.967815284504751, 'f1_weighted': 0.9679614936643854, 'precision_macro': 0.9685355202096408, 'precision_micro': 0.967815284504751, 'precision_weighted': 0.968618193658415, 'recall_macro': 0.9674283070309289, 'recall_micro': 0.967815284504751, 'recall_weighted': 0.967815284504751}
Validation statistic: Loss: 0.1790, dev_score: {'accuracy': 0.9519310459141389, 'balanced_accuracy': 0.9513706020226703, 'f1_macro': 0.9518947138820172, 'f1_micro': 0.9519310459141389, 'f1_weighted': 0.9520322292533839, 'precision_macro': 0.9531097778162284, 'precision_micro': 0.9519310459141389, 'precision_weighted': 0.9528339787153197, 'recall_macro': 0.9513706020226703, 'recall_micro': 0.9519310459141389, 'recall_weighted': 0.9519310459141389}
-----------------------
Epoch 65/100
Training statistic: Loss: 0.1398, train_score: {'accuracy': 0.9673716123784524, 'balanced_accuracy': 0.9671051889237567, 'f1_macro': 0.9673081411981037, 'f1_micro': 0.9673716123784524, 'f1_weighted': 0.9675488790296615, 'precision_macro': 0.9681767136405253, 'precision_micro': 0.9673716123784524, 'precision_weighted': 0.9683865551512558, 'recall_macro': 0.9671051889237567, 'recall_micro': 0.9673716123784524, 'recall_weighted': 0.9673716123784524}
Validation statistic: Loss: 0.1778, dev_score: {'accuracy': 0.9519310459141389, 'balanced_accuracy': 0.9514393420971657, 'f1_macro': 0.9518995317397204, 'f1_micro': 0.9519310459141389, 'f1_weighted': 0.9520452696724654, 'precision_macro': 0.9531825359354379, 'precision_micro': 0.9519310459141389, 'precision_weighted': 0.952995957431956, 'recall_macro': 0.9514393420971657, 'recall_micro': 0.9519310459141389, 'recall_weighted': 0.9519310459141389}
-----------------------
Epoch 66/100
Training statistic: Loss: 0.1384, train_score: {'accuracy': 0.9680556069064961, 'balanced_accuracy': 0.9677238111611425, 'f1_macro': 0.9680217958328214, 'f1_micro': 0.9680556069064961, 'f1_weighted': 0.9682318751143218, 'precision_macro': 0.9690677613755184, 'precision_micro': 0.9680556069064961, 'precision_weighted': 0.9691492765548869, 'recall_macro': 0.9677238111611425, 'recall_micro': 0.9680556069064961, 'recall_weighted': 0.9680556069064961}
Validation statistic: Loss: 0.1776, dev_score: {'accuracy': 0.9517652909000497, 'balanced_accuracy': 0.9512610181763724, 'f1_macro': 0.9517535678943876, 'f1_micro': 0.9517652909000497, 'f1_weighted': 0.9518789364612436, 'precision_macro': 0.9531889584419101, 'precision_micro': 0.9517652909000497, 'precision_weighted': 0.9529567552190386, 'recall_macro': 0.9512610181763724, 'recall_micro': 0.9517652909000497, 'recall_weighted': 0.9517652909000497}
-----------------------
Epoch 67/100
Training statistic: Loss: 0.1360, train_score: {'accuracy': 0.969479054978371, 'balanced_accuracy': 0.9691681928491495, 'f1_macro': 0.9694071853155763, 'f1_micro': 0.969479054978371, 'f1_weighted': 0.9696239331774785, 'precision_macro': 0.9701495774501051, 'precision_micro': 0.969479054978371, 'precision_weighted': 0.970265769732685, 'recall_macro': 0.9691681928491495, 'recall_micro': 0.969479054978371, 'recall_weighted': 0.969479054978371}
Validation statistic: Loss: 0.1762, dev_score: {'accuracy': 0.9517652909000497, 'balanced_accuracy': 0.9511562864195577, 'f1_macro': 0.9516508266811833, 'f1_micro': 0.9517652909000497, 'f1_weighted': 0.9518939856006083, 'precision_macro': 0.9528789213954058, 'precision_micro': 0.9517652909000497, 'precision_weighted': 0.9527604804588898, 'recall_macro': 0.9511562864195577, 'recall_micro': 0.9517652909000497, 'recall_weighted': 0.9517652909000497}
Saving model...
Model saved!
-------------------------------------------
-----------------------
Epoch 68/100
Training statistic: Loss: 0.1386, train_score: {'accuracy': 0.968314415646837, 'balanced_accuracy': 0.9681024633576809, 'f1_macro': 0.9682980530618867, 'f1_micro': 0.968314415646837, 'f1_weighted': 0.9685053911167838, 'precision_macro': 0.9692091987519135, 'precision_micro': 0.968314415646837, 'precision_weighted': 0.9694064675064993, 'recall_macro': 0.9681024633576809, 'recall_micro': 0.968314415646837, 'recall_weighted': 0.968314415646837}
Validation statistic: Loss: 0.1779, dev_score: {'accuracy': 0.9509365158296038, 'balanced_accuracy': 0.9504547765460041, 'f1_macro': 0.9509595637535352, 'f1_micro': 0.9509365158296038, 'f1_weighted': 0.9511301692118381, 'precision_macro': 0.9524813513284777, 'precision_micro': 0.9509365158296038, 'precision_weighted': 0.9523542629511358, 'recall_macro': 0.9504547765460041, 'recall_micro': 0.9509365158296038, 'recall_weighted': 0.9509365158296038}
-----------------------
Epoch 69/100
Training statistic: Loss: 0.1348, train_score: {'accuracy': 0.9699781861204569, 'balanced_accuracy': 0.9696858254836433, 'f1_macro': 0.9698964820680356, 'f1_micro': 0.9699781861204569, 'f1_weighted': 0.9701176834309285, 'precision_macro': 0.9706312241643614, 'precision_micro': 0.9699781861204569, 'precision_weighted': 0.970775941228281, 'recall_macro': 0.9696858254836433, 'recall_micro': 0.9699781861204569, 'recall_weighted': 0.9699781861204569}
Validation statistic: Loss: 0.1739, dev_score: {'accuracy': 0.9534228410409414, 'balanced_accuracy': 0.9529604840646551, 'f1_macro': 0.9533752427440352, 'f1_micro': 0.9534228410409414, 'f1_weighted': 0.9535395065859382, 'precision_macro': 0.9543991952464868, 'precision_micro': 0.9534228410409414, 'precision_weighted': 0.954267251433245, 'recall_macro': 0.9529604840646551, 'recall_micro': 0.9534228410409414, 'recall_weighted': 0.9534228410409414}
Saving model...
Model saved!
-------------------------------------------
-----------------------
Epoch 70/100
Training statistic: Loss: 0.1337, train_score: {'accuracy': 0.9686841424187526, 'balanced_accuracy': 0.9684141728903375, 'f1_macro': 0.9686217370250084, 'f1_micro': 0.9686841424187526, 'f1_weighted': 0.9688563105874382, 'precision_macro': 0.9694959810039228, 'precision_micro': 0.9686841424187526, 'precision_weighted': 0.9696887600976357, 'recall_macro': 0.9684141728903375, 'recall_micro': 0.9686841424187526, 'recall_weighted': 0.9686841424187526}
Validation statistic: Loss: 0.1742, dev_score: {'accuracy': 0.952925575998674, 'balanced_accuracy': 0.9524224460915158, 'f1_macro': 0.9529399718880682, 'f1_micro': 0.952925575998674, 'f1_weighted': 0.9530937060186688, 'precision_macro': 0.9543515567774316, 'precision_micro': 0.952925575998674, 'precision_weighted': 0.9541587822702537, 'recall_macro': 0.9524224460915158, 'recall_micro': 0.952925575998674, 'recall_weighted': 0.952925575998674}
-----------------------
Epoch 71/100
Training statistic: Loss: 0.1350, train_score: {'accuracy': 0.9691832735608386, 'balanced_accuracy': 0.9689015566085633, 'f1_macro': 0.9691201891420276, 'f1_micro': 0.9691832735608386, 'f1_weighted': 0.9693207594003422, 'precision_macro': 0.9698459128744059, 'precision_micro': 0.9691832735608386, 'precision_weighted': 0.9699594196628425, 'recall_macro': 0.9689015566085633, 'recall_micro': 0.9691832735608386, 'recall_weighted': 0.9691832735608386}
Validation statistic: Loss: 0.1752, dev_score: {'accuracy': 0.953920106083209, 'balanced_accuracy': 0.9534796402178991, 'f1_macro': 0.9538524136881336, 'f1_micro': 0.953920106083209, 'f1_weighted': 0.954037387719752, 'precision_macro': 0.9548864245110119, 'precision_micro': 0.953920106083209, 'precision_weighted': 0.9548280703122318, 'recall_macro': 0.9534796402178991, 'recall_micro': 0.953920106083209, 'recall_weighted': 0.953920106083209}
-----------------------
Epoch 72/100
Training statistic: Loss: 0.1338, train_score: {'accuracy': 0.969719377380116, 'balanced_accuracy': 0.9694306835363087, 'f1_macro': 0.9696543583046342, 'f1_micro': 0.969719377380116, 'f1_weighted': 0.9698506383550167, 'precision_macro': 0.970343348635707, 'precision_micro': 0.969719377380116, 'precision_weighted': 0.9704424962977007, 'recall_macro': 0.9694306835363087, 'recall_micro': 0.969719377380116, 'recall_weighted': 0.969719377380116}
Validation statistic: Loss: 0.1745, dev_score: {'accuracy': 0.9515995358859606, 'balanced_accuracy': 0.9510321338242541, 'f1_macro': 0.9515685898550188, 'f1_micro': 0.9515995358859606, 'f1_weighted': 0.9517194795211565, 'precision_macro': 0.95272325608567, 'precision_micro': 0.9515995358859606, 'precision_weighted': 0.9524609121206661, 'recall_macro': 0.9510321338242541, 'recall_micro': 0.9515995358859606, 'recall_weighted': 0.9515995358859606}
-----------------------
Epoch 73/100
Training statistic: Loss: 0.1361, train_score: {'accuracy': 0.968721115095944, 'balanced_accuracy': 0.9684397675908313, 'f1_macro': 0.9686974832138888, 'f1_micro': 0.968721115095944, 'f1_weighted': 0.9689083419205324, 'precision_macro': 0.9696561523134607, 'precision_micro': 0.968721115095944, 'precision_weighted': 0.9697886146126082, 'recall_macro': 0.9684397675908313, 'recall_micro': 0.968721115095944, 'recall_weighted': 0.968721115095944}
Validation statistic: Loss: 0.1766, dev_score: {'accuracy': 0.9514337808718714, 'balanced_accuracy': 0.9508327965003126, 'f1_macro': 0.9513967986837496, 'f1_micro': 0.9514337808718714, 'f1_weighted': 0.9516062189701204, 'precision_macro': 0.9528021574166827, 'precision_micro': 0.9514337808718714, 'precision_weighted': 0.9526264485088987, 'recall_macro': 0.9508327965003126, 'recall_micro': 0.9514337808718714, 'recall_weighted': 0.9514337808718714}
-----------------------
Epoch 74/100
Training statistic: Loss: 0.1349, train_score: {'accuracy': 0.9701075904906274, 'balanced_accuracy': 0.9698132655742253, 'f1_macro': 0.9700528928656208, 'f1_micro': 0.9701075904906274, 'f1_weighted': 0.9702494946149931, 'precision_macro': 0.9708329128197077, 'precision_micro': 0.9701075904906274, 'precision_weighted': 0.9709259876941018, 'recall_macro': 0.9698132655742253, 'recall_micro': 0.9701075904906274, 'recall_weighted': 0.9701075904906274}
Validation statistic: Loss: 0.1764, dev_score: {'accuracy': 0.952925575998674, 'balanced_accuracy': 0.9523632592036362, 'f1_macro': 0.9528938674427548, 'f1_micro': 0.952925575998674, 'f1_weighted': 0.9530364029734862, 'precision_macro': 0.9540914556957543, 'precision_micro': 0.952925575998674, 'precision_weighted': 0.9538170850997814, 'recall_macro': 0.9523632592036362, 'recall_micro': 0.952925575998674, 'recall_weighted': 0.952925575998674}
-----------------------
Epoch 75/100
Training statistic: Loss: 0.1332, train_score: {'accuracy': 0.9699966724590527, 'balanced_accuracy': 0.9696819997017364, 'f1_macro': 0.9699369843408279, 'f1_micro': 0.9699966724590527, 'f1_weighted': 0.9701186154688428, 'precision_macro': 0.9706900464663516, 'precision_micro': 0.9699966724590527, 'precision_weighted': 0.9707342274381822, 'recall_macro': 0.9696819997017364, 'recall_micro': 0.9699966724590527, 'recall_weighted': 0.9699966724590527}
Validation statistic: Loss: 0.1744, dev_score: {'accuracy': 0.9524283109564065, 'balanced_accuracy': 0.9519971713539649, 'f1_macro': 0.9523849404808891, 'f1_micro': 0.9524283109564065, 'f1_weighted': 0.9524767360273367, 'precision_macro': 0.9534137760976635, 'precision_micro': 0.9524283109564065, 'precision_weighted': 0.9531756457690693, 'recall_macro': 0.9519971713539649, 'recall_micro': 0.9524283109564065, 'recall_weighted': 0.9524283109564065}
-----------------------
Epoch 76/100
Training statistic: Loss: 0.1297, train_score: {'accuracy': 0.9699966724590527, 'balanced_accuracy': 0.9696684985061192, 'f1_macro': 0.9699266571374222, 'f1_micro': 0.9699966724590527, 'f1_weighted': 0.9701220373899896, 'precision_macro': 0.9706749367070191, 'precision_micro': 0.9699966724590527, 'precision_weighted': 0.9707336083107223, 'recall_macro': 0.9696684985061192, 'recall_micro': 0.9699966724590527, 'recall_weighted': 0.9699966724590527}
Validation statistic: Loss: 0.1700, dev_score: {'accuracy': 0.953920106083209, 'balanced_accuracy': 0.9535783392299141, 'f1_macro': 0.9539350096777165, 'f1_micro': 0.953920106083209, 'f1_weighted': 0.9539957669695047, 'precision_macro': 0.9548935507555532, 'precision_micro': 0.953920106083209, 'precision_weighted': 0.9546954338035987, 'recall_macro': 0.9535783392299141, 'recall_micro': 0.953920106083209, 'recall_weighted': 0.953920106083209}
Saving model...
Model saved!
-------------------------------------------
-----------------------
Epoch 77/100
Training statistic: Loss: 0.1289, train_score: {'accuracy': 0.9700151587976485, 'balanced_accuracy': 0.9697318414157037, 'f1_macro': 0.9699341402075004, 'f1_micro': 0.9700151587976485, 'f1_weighted': 0.9701340782435774, 'precision_macro': 0.9705514041362099, 'precision_micro': 0.9700151587976485, 'precision_weighted': 0.9706665576443373, 'recall_macro': 0.9697318414157037, 'recall_micro': 0.9700151587976485, 'recall_weighted': 0.9700151587976485}
Validation statistic: Loss: 0.1711, dev_score: {'accuracy': 0.9520968009282281, 'balanced_accuracy': 0.9515814566157887, 'f1_macro': 0.9520070499784252, 'f1_micro': 0.9520968009282281, 'f1_weighted': 0.9521753173472098, 'precision_macro': 0.9530038066934552, 'precision_micro': 0.9520968009282281, 'precision_weighted': 0.9528390974126022, 'recall_macro': 0.9515814566157887, 'recall_micro': 0.9520968009282281, 'recall_weighted': 0.9520968009282281}
-----------------------
Epoch 78/100
Training statistic: Loss: 0.1333, train_score: {'accuracy': 0.9683698746626244, 'balanced_accuracy': 0.9679590765599941, 'f1_macro': 0.9682892958274388, 'f1_micro': 0.9683698746626244, 'f1_weighted': 0.9684926462117228, 'precision_macro': 0.9691724829019884, 'precision_micro': 0.9683698746626244, 'precision_weighted': 0.9691643035820738, 'recall_macro': 0.9679590765599941, 'recall_micro': 0.9683698746626244, 'recall_weighted': 0.9683698746626244}
Validation statistic: Loss: 0.1740, dev_score: {'accuracy': 0.9525940659704956, 'balanced_accuracy': 0.9519133027287712, 'f1_macro': 0.9525484100835261, 'f1_micro': 0.9525940659704956, 'f1_weighted': 0.9526766401274807, 'precision_macro': 0.95396670396507, 'precision_micro': 0.9525940659704956, 'precision_weighted': 0.9535445799180605, 'recall_macro': 0.9519133027287712, 'recall_micro': 0.9525940659704956, 'recall_weighted': 0.9525940659704956}
-----------------------
Epoch 79/100
Training statistic: Loss: 0.1310, train_score: {'accuracy': 0.96922024623803, 'balanced_accuracy': 0.9688180286279044, 'f1_macro': 0.9691471272726899, 'f1_micro': 0.96922024623803, 'f1_weighted': 0.9693640772136338, 'precision_macro': 0.9700328568934372, 'precision_micro': 0.96922024623803, 'precision_weighted': 0.9700555060576703, 'recall_macro': 0.9688180286279044, 'recall_micro': 0.96922024623803, 'recall_weighted': 0.96922024623803}
Validation statistic: Loss: 0.1737, dev_score: {'accuracy': 0.9534228410409414, 'balanced_accuracy': 0.952866902658298, 'f1_macro': 0.953513376722966, 'f1_micro': 0.9534228410409414, 'f1_weighted': 0.9535632943612472, 'precision_macro': 0.9550644932813631, 'precision_micro': 0.9534228410409414, 'precision_weighted': 0.9546103823143909, 'recall_macro': 0.952866902658298, 'recall_micro': 0.9534228410409414, 'recall_weighted': 0.9534228410409414}
-----------------------
Epoch 80/100
Training statistic: Loss: 0.1259, train_score: {'accuracy': 0.9706252079713092, 'balanced_accuracy': 0.9703536114444, 'f1_macro': 0.9705477681653321, 'f1_micro': 0.9706252079713092, 'f1_weighted': 0.9707549603836405, 'precision_macro': 0.9712021759041664, 'precision_micro': 0.9706252079713092, 'precision_weighted': 0.971340499216384, 'recall_macro': 0.9703536114444, 'recall_micro': 0.9706252079713092, 'recall_weighted': 0.9706252079713092}
Validation statistic: Loss: 0.1678, dev_score: {'accuracy': 0.9550803911818333, 'balanced_accuracy': 0.9546336533873122, 'f1_macro': 0.9549390817075627, 'f1_micro': 0.9550803911818333, 'f1_weighted': 0.9551422916765675, 'precision_macro': 0.9557557036361208, 'precision_micro': 0.9550803911818333, 'precision_weighted': 0.955725150087158, 'recall_macro': 0.9546336533873122, 'recall_micro': 0.9550803911818333, 'recall_weighted': 0.9550803911818333}
Saving model...
Model saved!
-------------------------------------------
-----------------------
Epoch 81/100
Training statistic: Loss: 0.1284, train_score: {'accuracy': 0.9706252079713092, 'balanced_accuracy': 0.9703335473164693, 'f1_macro': 0.9705543810054424, 'f1_micro': 0.9706252079713092, 'f1_weighted': 0.9707536921756269, 'precision_macro': 0.9713030516473882, 'precision_micro': 0.9706252079713092, 'precision_weighted': 0.9714060509663406, 'recall_macro': 0.9703335473164693, 'recall_micro': 0.9706252079713092, 'recall_weighted': 0.9706252079713092}
Validation statistic: Loss: 0.1715, dev_score: {'accuracy': 0.9532570860268523, 'balanced_accuracy': 0.9527864637884484, 'f1_macro': 0.953119288397579, 'f1_micro': 0.9532570860268523, 'f1_weighted': 0.9533184838485591, 'precision_macro': 0.9542420364634647, 'precision_micro': 0.9532570860268523, 'precision_weighted': 0.9541797529247215, 'recall_macro': 0.9527864637884484, 'recall_micro': 0.9532570860268523, 'recall_weighted': 0.9532570860268523}
-----------------------
Epoch 82/100
Training statistic: Loss: 0.1267, train_score: {'accuracy': 0.9715864975782896, 'balanced_accuracy': 0.9713461424991208, 'f1_macro': 0.9714953286633031, 'f1_micro': 0.9715864975782896, 'f1_weighted': 0.971694391393135, 'precision_macro': 0.9720123318745246, 'precision_micro': 0.9715864975782896, 'precision_weighted': 0.9721665701313082, 'recall_macro': 0.9713461424991208, 'recall_micro': 0.9715864975782896, 'recall_weighted': 0.9715864975782896}
Validation statistic: Loss: 0.1690, dev_score: {'accuracy': 0.9534228410409414, 'balanced_accuracy': 0.9528691811632559, 'f1_macro': 0.9532432856783088, 'f1_micro': 0.9534228410409414, 'f1_weighted': 0.953505937666888, 'precision_macro': 0.9540881700072449, 'precision_micro': 0.9534228410409414, 'precision_weighted': 0.9540680556597251, 'recall_macro': 0.9528691811632559, 'recall_micro': 0.9534228410409414, 'recall_weighted': 0.9534228410409414}
-----------------------
Epoch 83/100
Training statistic: Loss: 0.1318, train_score: {'accuracy': 0.9690908418678597, 'balanced_accuracy': 0.9687698775702943, 'f1_macro': 0.969072651740567, 'f1_micro': 0.9690908418678597, 'f1_weighted': 0.9692774617637161, 'precision_macro': 0.9700821077879137, 'precision_micro': 0.9690908418678597, 'precision_weighted': 0.9701633832424398, 'recall_macro': 0.9687698775702943, 'recall_micro': 0.9690908418678597, 'recall_weighted': 0.9690908418678597}
Validation statistic: Loss: 0.1750, dev_score: {'accuracy': 0.9512680258577823, 'balanced_accuracy': 0.9505948065068365, 'f1_macro': 0.9513299343965963, 'f1_micro': 0.9512680258577823, 'f1_weighted': 0.9514427198698978, 'precision_macro': 0.9530896626305696, 'precision_micro': 0.9512680258577823, 'precision_weighted': 0.9526429340254733, 'recall_macro': 0.9505948065068365, 'recall_micro': 0.9512680258577823, 'recall_weighted': 0.9512680258577823}
-----------------------
Epoch 84/100
Training statistic: Loss: 0.1292, train_score: {'accuracy': 0.9707176396642881, 'balanced_accuracy': 0.9704616037909451, 'f1_macro': 0.9706788205682446, 'f1_micro': 0.9707176396642881, 'f1_weighted': 0.9708402598831402, 'precision_macro': 0.9713524664449553, 'precision_micro': 0.9707176396642881, 'precision_weighted': 0.9714178790059969, 'recall_macro': 0.9704616037909451, 'recall_micro': 0.9707176396642881, 'recall_weighted': 0.9707176396642881}
Validation statistic: Loss: 0.1730, dev_score: {'accuracy': 0.9519310459141389, 'balanced_accuracy': 0.951459749611732, 'f1_macro': 0.9517649880466909, 'f1_micro': 0.9519310459141389, 'f1_weighted': 0.95199922530821, 'precision_macro': 0.9526870333995536, 'precision_micro': 0.9519310459141389, 'precision_weighted': 0.9527015109049742, 'recall_macro': 0.951459749611732, 'recall_micro': 0.9519310459141389, 'recall_weighted': 0.9519310459141389}
-----------------------
Epoch 85/100
Training statistic: Loss: 0.1272, train_score: {'accuracy': 0.9709764484046289, 'balanced_accuracy': 0.970676679809961, 'f1_macro': 0.9709382784604961, 'f1_micro': 0.9709764484046289, 'f1_weighted': 0.971110545370352, 'precision_macro': 0.9717066845727326, 'precision_micro': 0.9709764484046289, 'precision_weighted': 0.9717487722613954, 'recall_macro': 0.970676679809961, 'recall_micro': 0.9709764484046289, 'recall_weighted': 0.9709764484046289}
Validation statistic: Loss: 0.1693, dev_score: {'accuracy': 0.9552461461959224, 'balanced_accuracy': 0.9548537186607545, 'f1_macro': 0.9551424961666688, 'f1_micro': 0.9552461461959224, 'f1_weighted': 0.9553128340607938, 'precision_macro': 0.9560122035739488, 'precision_micro': 0.9552461461959224, 'precision_weighted': 0.9559777614051894, 'recall_macro': 0.9548537186607545, 'recall_micro': 0.9552461461959224, 'recall_weighted': 0.9552461461959224}
-----------------------
Epoch 86/100
Training statistic: Loss: 0.1266, train_score: {'accuracy': 0.9712352571449698, 'balanced_accuracy': 0.9709496899107414, 'f1_macro': 0.9711802643330925, 'f1_micro': 0.9712352571449698, 'f1_weighted': 0.9713545340892442, 'precision_macro': 0.9718338422052024, 'precision_micro': 0.9712352571449698, 'precision_weighted': 0.9718939210211359, 'recall_macro': 0.9709496899107414, 'recall_micro': 0.9712352571449698, 'recall_weighted': 0.9712352571449698}
Validation statistic: Loss: 0.1709, dev_score: {'accuracy': 0.9517652909000497, 'balanced_accuracy': 0.9513301308579651, 'f1_macro': 0.9517587777341902, 'f1_micro': 0.9517652909000497, 'f1_weighted': 0.9518462495523266, 'precision_macro': 0.9527610147506967, 'precision_micro': 0.9517652909000497, 'precision_weighted': 0.9525121761486623, 'recall_macro': 0.9513301308579651, 'recall_micro': 0.9517652909000497, 'recall_weighted': 0.9517652909000497}
-----------------------
Epoch 87/100
Training statistic: Loss: 0.1254, train_score: {'accuracy': 0.9710319074204163, 'balanced_accuracy': 0.9707253707319268, 'f1_macro': 0.9709525299344344, 'f1_micro': 0.9710319074204163, 'f1_weighted': 0.9711737281785034, 'precision_macro': 0.9717359937559042, 'precision_micro': 0.9710319074204163, 'precision_weighted': 0.971865586065236, 'recall_macro': 0.9707253707319268, 'recall_micro': 0.9710319074204163, 'recall_weighted': 0.9710319074204163}
Validation statistic: Loss: 0.1701, dev_score: {'accuracy': 0.9537543510691199, 'balanced_accuracy': 0.9532427941350342, 'f1_macro': 0.9537745022455345, 'f1_micro': 0.9537543510691199, 'f1_weighted': 0.9539057914596906, 'precision_macro': 0.9552061159097613, 'precision_micro': 0.9537543510691199, 'precision_weighted': 0.9549620882074416, 'recall_macro': 0.9532427941350342, 'recall_micro': 0.9537543510691199, 'recall_weighted': 0.9537543510691199}
-----------------------
Epoch 88/100
Training statistic: Loss: 0.1249, train_score: {'accuracy': 0.9724553554922912, 'balanced_accuracy': 0.9722498750197633, 'f1_macro': 0.9723969561962857, 'f1_micro': 0.9724553554922912, 'f1_weighted': 0.9725907360146072, 'precision_macro': 0.9729966617322156, 'precision_micro': 0.9724553554922912, 'precision_weighted': 0.9731758177140867, 'recall_macro': 0.9722498750197633, 'recall_micro': 0.9724553554922912, 'recall_weighted': 0.9724553554922912}
Validation statistic: Loss: 0.1686, dev_score: {'accuracy': 0.9530913310127631, 'balanced_accuracy': 0.9526804034903611, 'f1_macro': 0.9530439272285065, 'f1_micro': 0.9530913310127631, 'f1_weighted': 0.9531764990152314, 'precision_macro': 0.9540752052097148, 'precision_micro': 0.9530913310127631, 'precision_weighted': 0.9539427463820825, 'recall_macro': 0.9526804034903611, 'recall_micro': 0.9530913310127631, 'recall_weighted': 0.9530913310127631}
-----------------------
Epoch 89/100
Training statistic: Loss: 0.1249, train_score: {'accuracy': 0.9721780604133545, 'balanced_accuracy': 0.9719511880256466, 'f1_macro': 0.9721135938269218, 'f1_micro': 0.9721780604133545, 'f1_weighted': 0.9722932772964159, 'precision_macro': 0.9726537239865326, 'precision_micro': 0.9721780604133545, 'precision_weighted': 0.9727842683805812, 'recall_macro': 0.9719511880256466, 'recall_micro': 0.9721780604133545, 'recall_weighted': 0.9721780604133545}
Validation statistic: Loss: 0.1685, dev_score: {'accuracy': 0.9550803911818333, 'balanced_accuracy': 0.9548891736229004, 'f1_macro': 0.9551168725956902, 'f1_micro': 0.9550803911818333, 'f1_weighted': 0.9551518545239877, 'precision_macro': 0.9558217666172812, 'precision_micro': 0.9550803911818333, 'precision_weighted': 0.9557120859179324, 'recall_macro': 0.9548891736229004, 'recall_micro': 0.9550803911818333, 'recall_weighted': 0.9550803911818333}
-----------------------
Epoch 90/100
Training statistic: Loss: 0.1253, train_score: {'accuracy': 0.9721780604133545, 'balanced_accuracy': 0.9719124837349119, 'f1_macro': 0.9720912402984853, 'f1_micro': 0.9721780604133545, 'f1_weighted': 0.9722631159673549, 'precision_macro': 0.9725226859703475, 'precision_micro': 0.9721780604133545, 'precision_weighted': 0.9726006911719924, 'recall_macro': 0.9719124837349119, 'recall_micro': 0.9721780604133545, 'recall_weighted': 0.9721780604133545}
Validation statistic: Loss: 0.1670, dev_score: {'accuracy': 0.9552461461959224, 'balanced_accuracy': 0.9550001826686982, 'f1_macro': 0.9551676219428741, 'f1_micro': 0.9552461461959224, 'f1_weighted': 0.9552818811411773, 'precision_macro': 0.9556871374247551, 'precision_micro': 0.9552461461959224, 'precision_weighted': 0.9556811886596227, 'recall_macro': 0.9550001826686982, 'recall_micro': 0.9552461461959224, 'recall_weighted': 0.9552461461959224}
Saving model...
Model saved!
-------------------------------------------
-----------------------
Epoch 91/100
Training statistic: Loss: 0.1282, train_score: {'accuracy': 0.9701445631678189, 'balanced_accuracy': 0.9698602558714249, 'f1_macro': 0.9700898094118872, 'f1_micro': 0.9701445631678189, 'f1_weighted': 0.970288302149031, 'precision_macro': 0.9709452403843777, 'precision_micro': 0.9701445631678189, 'precision_weighted': 0.971049102536152, 'recall_macro': 0.9698602558714249, 'recall_micro': 0.9701445631678189, 'recall_weighted': 0.9701445631678189}
Validation statistic: Loss: 0.1717, dev_score: {'accuracy': 0.9517652909000497, 'balanced_accuracy': 0.9511159164210781, 'f1_macro': 0.9516057104055028, 'f1_micro': 0.9517652909000497, 'f1_weighted': 0.9518713062527737, 'precision_macro': 0.9530231953954529, 'precision_micro': 0.9517652909000497, 'precision_weighted': 0.9529062694083904, 'recall_macro': 0.9511159164210781, 'recall_micro': 0.9517652909000497, 'recall_weighted': 0.9517652909000497}
-----------------------
Epoch 92/100
Training statistic: Loss: 0.1261, train_score: {'accuracy': 0.9717159019484601, 'balanced_accuracy': 0.9714530061736892, 'f1_macro': 0.9716643830338676, 'f1_micro': 0.9717159019484601, 'f1_weighted': 0.9718569435282415, 'precision_macro': 0.9724059536470252, 'precision_micro': 0.9717159019484601, 'precision_weighted': 0.9725226830484328, 'recall_macro': 0.9714530061736892, 'recall_micro': 0.9717159019484601, 'recall_weighted': 0.9717159019484601}
Validation statistic: Loss: 0.1695, dev_score: {'accuracy': 0.9537543510691199, 'balanced_accuracy': 0.9531916038596814, 'f1_macro': 0.9537337889820285, 'f1_micro': 0.9537543510691199, 'f1_weighted': 0.9539118366904544, 'precision_macro': 0.9549905144053199, 'precision_micro': 0.9537543510691199, 'precision_weighted': 0.9547911170723593, 'recall_macro': 0.9531916038596814, 'recall_micro': 0.9537543510691199, 'recall_weighted': 0.9537543510691199}
-----------------------
Epoch 93/100
Training statistic: Loss: 0.1241, train_score: {'accuracy': 0.9718083336414389, 'balanced_accuracy': 0.9714748809952141, 'f1_macro': 0.9717189791251684, 'f1_micro': 0.9718083336414389, 'f1_weighted': 0.9719301764647271, 'precision_macro': 0.9723975067787066, 'precision_micro': 0.9718083336414389, 'precision_weighted': 0.9724790327264176, 'recall_macro': 0.9714748809952141, 'recall_micro': 0.9718083336414389, 'recall_weighted': 0.9718083336414389}
Validation statistic: Loss: 0.1678, dev_score: {'accuracy': 0.9550803911818333, 'balanced_accuracy': 0.9544163893130913, 'f1_macro': 0.9549153153866998, 'f1_micro': 0.9550803911818333, 'f1_weighted': 0.9551271348235432, 'precision_macro': 0.9559179218532892, 'precision_micro': 0.9550803911818333, 'precision_weighted': 0.955677736344086, 'recall_macro': 0.9544163893130913, 'recall_micro': 0.9550803911818333, 'recall_weighted': 0.9550803911818333}
-----------------------
Epoch 94/100
Training statistic: Loss: 0.1248, train_score: {'accuracy': 0.9719377380116094, 'balanced_accuracy': 0.9716936804058689, 'f1_macro': 0.9718758617580923, 'f1_micro': 0.9719377380116094, 'f1_weighted': 0.9720643854128732, 'precision_macro': 0.9725213633448092, 'precision_micro': 0.9719377380116094, 'precision_weighted': 0.9726509800108389, 'recall_macro': 0.9716936804058689, 'recall_micro': 0.9719377380116094, 'recall_weighted': 0.9719377380116094}
Validation statistic: Loss: 0.1689, dev_score: {'accuracy': 0.9547488811536549, 'balanced_accuracy': 0.9543225008129683, 'f1_macro': 0.954641746154058, 'f1_micro': 0.9547488811536549, 'f1_weighted': 0.95483487431096, 'precision_macro': 0.9556002401707161, 'precision_micro': 0.9547488811536549, 'precision_weighted': 0.9555659574845706, 'recall_macro': 0.9543225008129683, 'recall_micro': 0.9547488811536549, 'recall_weighted': 0.9547488811536549}
-----------------------
Epoch 95/100
Training statistic: Loss: 0.1255, train_score: {'accuracy': 0.9718268199800347, 'balanced_accuracy': 0.9715474163110516, 'f1_macro': 0.9717601021688633, 'f1_micro': 0.9718268199800347, 'f1_weighted': 0.9719373892044779, 'precision_macro': 0.9723643529211682, 'precision_micro': 0.9718268199800347, 'precision_weighted': 0.9724369816496806, 'recall_macro': 0.9715474163110516, 'recall_micro': 0.9718268199800347, 'recall_weighted': 0.9718268199800347}
Validation statistic: Loss: 0.1697, dev_score: {'accuracy': 0.953920106083209, 'balanced_accuracy': 0.9535559641820018, 'f1_macro': 0.9539164163232776, 'f1_micro': 0.953920106083209, 'f1_weighted': 0.9539992553098823, 'precision_macro': 0.9549290076160943, 'precision_micro': 0.953920106083209, 'precision_weighted': 0.9547437476356511, 'recall_macro': 0.9535559641820018, 'recall_micro': 0.953920106083209, 'recall_weighted': 0.953920106083209}
-----------------------
Epoch 96/100
Training statistic: Loss: 0.1240, train_score: {'accuracy': 0.9722704921063334, 'balanced_accuracy': 0.9719760321782841, 'f1_macro': 0.9722109896088549, 'f1_micro': 0.9722704921063334, 'f1_weighted': 0.972394327751448, 'precision_macro': 0.9729036586004668, 'precision_micro': 0.9722704921063334, 'precision_weighted': 0.9729703399387943, 'recall_macro': 0.9719760321782841, 'recall_micro': 0.9722704921063334, 'recall_weighted': 0.9722704921063334}
Validation statistic: Loss: 0.1698, dev_score: {'accuracy': 0.9540858610972982, 'balanced_accuracy': 0.9537873371427142, 'f1_macro': 0.9540962717613521, 'f1_micro': 0.9540858610972982, 'f1_weighted': 0.9541975232492177, 'precision_macro': 0.9550278064450266, 'precision_micro': 0.9540858610972982, 'precision_weighted': 0.9549510467673265, 'recall_macro': 0.9537873371427142, 'recall_micro': 0.9540858610972982, 'recall_weighted': 0.9540858610972982}
-----------------------
Epoch 97/100
Training statistic: Loss: 0.1227, train_score: {'accuracy': 0.9715864975782896, 'balanced_accuracy': 0.9713291091162901, 'f1_macro': 0.9715597004259362, 'f1_micro': 0.9715864975782896, 'f1_weighted': 0.9717482773315136, 'precision_macro': 0.9724124175483302, 'precision_micro': 0.9715864975782896, 'precision_weighted': 0.9725279293578464, 'recall_macro': 0.9713291091162901, 'recall_micro': 0.9715864975782896, 'recall_weighted': 0.9715864975782896}
Validation statistic: Loss: 0.1688, dev_score: {'accuracy': 0.952925575998674, 'balanced_accuracy': 0.9524973234978775, 'f1_macro': 0.9528792960693234, 'f1_micro': 0.952925575998674, 'f1_weighted': 0.95307653520518, 'precision_macro': 0.9540890338633601, 'precision_micro': 0.952925575998674, 'precision_weighted': 0.9540774549905493, 'recall_macro': 0.9524973234978775, 'recall_micro': 0.952925575998674, 'recall_weighted': 0.952925575998674}
-----------------------
Epoch 98/100
Training statistic: Loss: 0.1232, train_score: {'accuracy': 0.9712722298221614, 'balanced_accuracy': 0.9709533950970662, 'f1_macro': 0.9712111523385978, 'f1_micro': 0.9712722298221614, 'f1_weighted': 0.9714087122031645, 'precision_macro': 0.9720184399727156, 'precision_micro': 0.9712722298221614, 'precision_weighted': 0.9720903146663082, 'recall_macro': 0.9709533950970662, 'recall_micro': 0.9712722298221614, 'recall_weighted': 0.9712722298221614}
Validation statistic: Loss: 0.1697, dev_score: {'accuracy': 0.9525940659704956, 'balanced_accuracy': 0.9522778542310414, 'f1_macro': 0.952575886023871, 'f1_micro': 0.9525940659704956, 'f1_weighted': 0.9526877756396221, 'precision_macro': 0.9536976761763685, 'precision_micro': 0.9525940659704956, 'precision_weighted': 0.953627356537149, 'recall_macro': 0.9522778542310414, 'recall_micro': 0.9525940659704956, 'recall_weighted': 0.9525940659704956}
-----------------------
Epoch 99/100
Training statistic: Loss: 0.1201, train_score: {'accuracy': 0.9720671423817798, 'balanced_accuracy': 0.9717838019539153, 'f1_macro': 0.9719748279415923, 'f1_micro': 0.9720671423817798, 'f1_weighted': 0.9721747586872264, 'precision_macro': 0.9725330444096862, 'precision_micro': 0.9720671423817798, 'precision_weighted': 0.9726447320325863, 'recall_macro': 0.9717838019539153, 'recall_micro': 0.9720671423817798, 'recall_weighted': 0.9720671423817798}
Validation statistic: Loss: 0.1671, dev_score: {'accuracy': 0.9525940659704956, 'balanced_accuracy': 0.9521357551221465, 'f1_macro': 0.9525814763681428, 'f1_micro': 0.9525940659704956, 'f1_weighted': 0.9527282648103959, 'precision_macro': 0.9535838781452897, 'precision_micro': 0.9525940659704956, 'precision_weighted': 0.9534301593073221, 'recall_macro': 0.9521357551221465, 'recall_micro': 0.9525940659704956, 'recall_weighted': 0.9525940659704956}
-----------------------
Epoch 100/100
Training statistic: Loss: 0.1234, train_score: {'accuracy': 0.9717159019484601, 'balanced_accuracy': 0.9714738138808341, 'f1_macro': 0.9716606646501887, 'f1_micro': 0.9717159019484601, 'f1_weighted': 0.9718518223262007, 'precision_macro': 0.9722974197916138, 'precision_micro': 0.9717159019484601, 'precision_weighted': 0.9724345449709266, 'recall_macro': 0.9714738138808341, 'recall_micro': 0.9717159019484601, 'recall_weighted': 0.9717159019484601}
Validation statistic: Loss: 0.1683, dev_score: {'accuracy': 0.9525940659704956, 'balanced_accuracy': 0.9520921852799058, 'f1_macro': 0.9524297331702376, 'f1_micro': 0.9525940659704956, 'f1_weighted': 0.9526981289076204, 'precision_macro': 0.9533296087887505, 'precision_micro': 0.9525940659704956, 'precision_weighted': 0.9533702081721424, 'recall_macro': 0.9520921852799058, 'recall_micro': 0.9525940659704956, 'recall_weighted': 0.9525940659704956}
Testing statistic: loss: 0.17070730500678627, scores: {'accuracy': 0.9530031398764307, 'balanced_accuracy': 0.9530812194284218, 'f1_macro': 0.9532143222322242, 'f1_micro': 0.9530031398764307, 'f1_weighted': 0.9531123496784545, 'precision_macro': 0.9536646904825854, 'precision_micro': 0.9530031398764307, 'precision_weighted': 0.9535401772454122, 'recall_macro': 0.9530812194284218, 'recall_micro': 0.9530031398764307, 'recall_weighted': 0.9530031398764307}
Finish training!
