=====Setting up data=====
Dataset name:mnist12
train_option:mix
augment_option:rf
mix_ratio:-1
n_sample:-1
Training dataset size: 154112 samples
Validation dataset size: 6144 samples

=====Setting up parameters for training=====
num_epochs: 100
learning_rate: 0.001
patience: 30
early_stop_criterion: loss
=====Setting up trainer=====
input_size: 144
model: DNN_MNIST12
----------------------------------------------------------------
        Layer (type)               Output Shape         Param #
================================================================
           Dropout-1                  [-1, 144]               0
            Linear-2                 [-1, 1024]         148,480
         LeakyReLU-3                 [-1, 1024]               0
       BatchNorm1d-4                 [-1, 1024]           2,048
           Dropout-5                 [-1, 1024]               0
            Linear-6                 [-1, 1024]       1,049,600
         LeakyReLU-7                 [-1, 1024]               0
       BatchNorm1d-8                 [-1, 1024]           2,048
           Dropout-9                 [-1, 1024]               0
           Linear-10                  [-1, 256]         262,400
        LeakyReLU-11                  [-1, 256]               0
      BatchNorm1d-12                  [-1, 256]             512
          Dropout-13                  [-1, 256]               0
================================================================
Total params: 1,465,088
Trainable params: 1,465,088
Non-trainable params: 0
----------------------------------------------------------------
Input size (MB): 0.00
Forward/backward pass size (MB): 0.07
Params size (MB): 5.59
Estimated Total Size (MB): 5.66
----------------------------------------------------------------
=====Setting up output files=====
weight_dir, weight_file: /home/thuy/Research/minh_data_synth/TabularDA/output/corrected_v2/mnist12/weight/, mnist12_seed42_ctgan_xonly_rf_mix.weights.pth
acc_dir, acc_file: /home/thuy/Research/minh_data_synth/TabularDA/output/corrected_v2/mnist12/acc/, mnist12_seed42_ctgan_xonly_rf_mix.epochs.csv
report_file: mnist12_seed42_ctgan_xonly_rf_mix.report.txt
==========================================================================================
Start training...
-----------------------
Epoch 1/100
Training statistic: Loss: 1.9335, train_score: {'accuracy': 0.7752021493374174, 'balanced_accuracy': 0.754780134505399, 'f1_macro': 0.7699788948476776, 'f1_micro': 0.7752021493374174, 'f1_weighted': 0.7743742758117119, 'precision_macro': 0.7928776317175035, 'precision_micro': 0.7752021493374174, 'precision_weighted': 0.7794716120789709, 'recall_macro': 0.754780134505399, 'recall_micro': 0.7752021493374174, 'recall_weighted': 0.7752021493374174}
Validation statistic: Loss: 1.5520, dev_score: {'accuracy': 0.8455163268688878, 'balanced_accuracy': 0.844103392731688, 'f1_macro': 0.8439010923794026, 'f1_micro': 0.8455163268688878, 'f1_weighted': 0.8462413029699243, 'precision_macro': 0.8493092158476865, 'precision_micro': 0.8455163268688878, 'precision_weighted': 0.8522862279993698, 'recall_macro': 0.844103392731688, 'recall_micro': 0.8455163268688878, 'recall_weighted': 0.8455163268688878}
Saving model...
Model saved!
-------------------------------------------
-----------------------
Epoch 2/100
Training statistic: Loss: 1.6183, train_score: {'accuracy': 0.7948784508157358, 'balanced_accuracy': 0.77877546105988, 'f1_macro': 0.7915750713718445, 'f1_micro': 0.7948784508157358, 'f1_weighted': 0.7939772684057964, 'precision_macro': 0.8109841407732372, 'precision_micro': 0.7948784508157358, 'precision_weighted': 0.7980139481024082, 'recall_macro': 0.77877546105988, 'recall_micro': 0.7948784508157358, 'recall_weighted': 0.7948784508157358}
Validation statistic: Loss: 1.2581, dev_score: {'accuracy': 0.868224763799105, 'balanced_accuracy': 0.8658506700484093, 'f1_macro': 0.8662826497688091, 'f1_micro': 0.868224763799105, 'f1_weighted': 0.8683462964141737, 'precision_macro': 0.8705254104340717, 'precision_micro': 0.868224763799105, 'precision_weighted': 0.8720256250303684, 'recall_macro': 0.8658506700484093, 'recall_micro': 0.868224763799105, 'recall_weighted': 0.868224763799105}
Saving model...
Model saved!
-------------------------------------------
-----------------------
Epoch 3/100
Training statistic: Loss: 1.4009, train_score: {'accuracy': 0.8027502693161317, 'balanced_accuracy': 0.7873308450669226, 'f1_macro': 0.8004917937354425, 'f1_micro': 0.8027502693161317, 'f1_weighted': 0.8024062623552208, 'precision_macro': 0.8208149449990388, 'precision_micro': 0.8027502693161317, 'precision_weighted': 0.8072559173795363, 'recall_macro': 0.7873308450669226, 'recall_micro': 0.8027502693161317, 'recall_weighted': 0.8027502693161317}
Validation statistic: Loss: 1.0276, dev_score: {'accuracy': 0.8776727996021879, 'balanced_accuracy': 0.8756835079245031, 'f1_macro': 0.8762089016189474, 'f1_micro': 0.8776727996021879, 'f1_weighted': 0.8780960808629373, 'precision_macro': 0.8802241916403413, 'precision_micro': 0.8776727996021879, 'precision_weighted': 0.8817989398654729, 'recall_macro': 0.8756835079245031, 'recall_micro': 0.8776727996021879, 'recall_weighted': 0.8776727996021879}
Saving model...
Model saved!
-------------------------------------------
-----------------------
Epoch 4/100
Training statistic: Loss: 1.2505, train_score: {'accuracy': 0.8092138564772152, 'balanced_accuracy': 0.7968146551457285, 'f1_macro': 0.8081111547638363, 'f1_micro': 0.8092138564772152, 'f1_weighted': 0.8088133664075283, 'precision_macro': 0.8245515017735212, 'precision_micro': 0.8092138564772152, 'precision_weighted': 0.8122063336025497, 'recall_macro': 0.7968146551457285, 'recall_micro': 0.8092138564772152, 'recall_weighted': 0.8092138564772152}
Validation statistic: Loss: 0.8639, dev_score: {'accuracy': 0.8894414056025195, 'balanced_accuracy': 0.8877974101475805, 'f1_macro': 0.8880484370453432, 'f1_micro': 0.8894414056025195, 'f1_weighted': 0.8896473407045979, 'precision_macro': 0.8902043956194049, 'precision_micro': 0.8894414056025195, 'precision_weighted': 0.891631832754554, 'recall_macro': 0.8877974101475805, 'recall_micro': 0.8894414056025195, 'recall_weighted': 0.8894414056025195}
Saving model...
Model saved!
-------------------------------------------
-----------------------
Epoch 5/100
Training statistic: Loss: 1.1371, train_score: {'accuracy': 0.8133801445870702, 'balanced_accuracy': 0.7997424636494628, 'f1_macro': 0.8117377872710433, 'f1_micro': 0.8133801445870702, 'f1_weighted': 0.812804977929358, 'precision_macro': 0.8297795204600682, 'precision_micro': 0.8133801445870702, 'precision_weighted': 0.8165301981286605, 'recall_macro': 0.7997424636494628, 'recall_micro': 0.8133801445870702, 'recall_weighted': 0.8133801445870702}
Validation statistic: Loss: 0.7588, dev_score: {'accuracy': 0.8924249958561247, 'balanced_accuracy': 0.8903424330032829, 'f1_macro': 0.8908707416652228, 'f1_micro': 0.8924249958561247, 'f1_weighted': 0.892536732751058, 'precision_macro': 0.894369835222529, 'precision_micro': 0.8924249958561247, 'precision_weighted': 0.8954214550171302, 'recall_macro': 0.8903424330032829, 'recall_micro': 0.8924249958561247, 'recall_weighted': 0.8924249958561247}
Saving model...
Model saved!
-------------------------------------------
-----------------------
Epoch 6/100
Training statistic: Loss: 1.0295, train_score: {'accuracy': 0.8185847599517178, 'balanced_accuracy': 0.807780765486226, 'f1_macro': 0.8184575645009285, 'f1_micro': 0.8185847599517178, 'f1_weighted': 0.8182381646694188, 'precision_macro': 0.8329140923372446, 'precision_micro': 0.8185847599517178, 'precision_weighted': 0.8210879810513282, 'recall_macro': 0.807780765486226, 'recall_micro': 0.8185847599517178, 'recall_weighted': 0.8185847599517178}
Validation statistic: Loss: 0.6589, dev_score: {'accuracy': 0.8952428310956406, 'balanced_accuracy': 0.8933248774603724, 'f1_macro': 0.8940380093451704, 'f1_micro': 0.8952428310956406, 'f1_weighted': 0.8954697467268656, 'precision_macro': 0.8965198381901617, 'precision_micro': 0.8952428310956406, 'precision_weighted': 0.8973504183466322, 'recall_macro': 0.8933248774603724, 'recall_micro': 0.8952428310956406, 'recall_weighted': 0.8952428310956406}
Saving model...
Model saved!
-------------------------------------------
-----------------------
Epoch 7/100
Training statistic: Loss: 0.9387, train_score: {'accuracy': 0.8213882435396576, 'balanced_accuracy': 0.8110683930052854, 'f1_macro': 0.8210032980213793, 'f1_micro': 0.8213882435396576, 'f1_weighted': 0.8209665692343283, 'precision_macro': 0.8343116366682022, 'precision_micro': 0.8213882435396576, 'precision_weighted': 0.8230626507357715, 'recall_macro': 0.8110683930052854, 'recall_micro': 0.8213882435396576, 'recall_weighted': 0.8213882435396576}
Validation statistic: Loss: 0.5816, dev_score: {'accuracy': 0.898392176363335, 'balanced_accuracy': 0.8967170518228793, 'f1_macro': 0.8971649945943969, 'f1_micro': 0.898392176363335, 'f1_weighted': 0.8986391001457985, 'precision_macro': 0.898772596803861, 'precision_micro': 0.898392176363335, 'precision_weighted': 0.8999736857841266, 'recall_macro': 0.8967170518228793, 'recall_micro': 0.898392176363335, 'recall_weighted': 0.898392176363335}
Saving model...
Model saved!
-------------------------------------------
-----------------------
Epoch 8/100
Training statistic: Loss: 0.8805, train_score: {'accuracy': 0.8215894194452736, 'balanced_accuracy': 0.809725567899455, 'f1_macro': 0.8212370214716701, 'f1_micro': 0.8215894194452736, 'f1_weighted': 0.8212990203400747, 'precision_macro': 0.8371033351665831, 'precision_micro': 0.8215894194452736, 'precision_weighted': 0.8243893128732716, 'recall_macro': 0.809725567899455, 'recall_micro': 0.8215894194452736, 'recall_weighted': 0.8215894194452736}
Validation statistic: Loss: 0.5313, dev_score: {'accuracy': 0.89938670644787, 'balanced_accuracy': 0.8974732989020451, 'f1_macro': 0.8981113446791408, 'f1_micro': 0.89938670644787, 'f1_weighted': 0.8996072583799364, 'precision_macro': 0.9008642971750209, 'precision_micro': 0.89938670644787, 'precision_weighted': 0.9018221290981654, 'recall_macro': 0.8974732989020451, 'recall_micro': 0.89938670644787, 'recall_weighted': 0.89938670644787}
Saving model...
Model saved!
-------------------------------------------
-----------------------
Epoch 9/100
Training statistic: Loss: 0.8164, train_score: {'accuracy': 0.8250743052941711, 'balanced_accuracy': 0.8145896278713828, 'f1_macro': 0.8249447652346303, 'f1_micro': 0.8250743052941711, 'f1_weighted': 0.8247120707550419, 'precision_macro': 0.8389499477700545, 'precision_micro': 0.8250743052941711, 'precision_weighted': 0.8272209248767431, 'recall_macro': 0.8145896278713828, 'recall_micro': 0.8250743052941711, 'recall_weighted': 0.8250743052941711}
Validation statistic: Loss: 0.4817, dev_score: {'accuracy': 0.9020387866732968, 'balanced_accuracy': 0.9001935059549423, 'f1_macro': 0.9007141703435477, 'f1_micro': 0.9020387866732968, 'f1_weighted': 0.9021899867211178, 'precision_macro': 0.9025852648441106, 'precision_micro': 0.9020387866732968, 'precision_weighted': 0.9036043836111358, 'recall_macro': 0.9001935059549423, 'recall_micro': 0.9020387866732968, 'recall_weighted': 0.9020387866732968}
Saving model...
Model saved!
-------------------------------------------
-----------------------
Epoch 10/100
Training statistic: Loss: 0.7785, train_score: {'accuracy': 0.8293444261295053, 'balanced_accuracy': 0.8216842342197005, 'f1_macro': 0.829713535278582, 'f1_micro': 0.8293444261295053, 'f1_weighted': 0.8292197153162892, 'precision_macro': 0.8404131973378755, 'precision_micro': 0.8293444261295053, 'precision_weighted': 0.8310612728630616, 'recall_macro': 0.8216842342197005, 'recall_micro': 0.8293444261295053, 'recall_weighted': 0.8293444261295053}
Validation statistic: Loss: 0.4415, dev_score: {'accuracy': 0.906845682081883, 'balanced_accuracy': 0.90512196589292, 'f1_macro': 0.905759982897098, 'f1_micro': 0.906845682081883, 'f1_weighted': 0.906930850645642, 'precision_macro': 0.9077109176567333, 'precision_micro': 0.906845682081883, 'precision_weighted': 0.908250271156362, 'recall_macro': 0.90512196589292, 'recall_micro': 0.906845682081883, 'recall_weighted': 0.906845682081883}
Saving model...
Model saved!
-------------------------------------------
-----------------------
Epoch 11/100
Training statistic: Loss: 0.7395, train_score: {'accuracy': 0.8284294002362195, 'balanced_accuracy': 0.8187150196869277, 'f1_macro': 0.8284174848139714, 'f1_micro': 0.8284294002362195, 'f1_weighted': 0.8282665970143582, 'precision_macro': 0.8423394321831876, 'precision_micro': 0.8284294002362195, 'precision_weighted': 0.8311754132134507, 'recall_macro': 0.8187150196869277, 'recall_micro': 0.8284294002362195, 'recall_weighted': 0.8284294002362195}
Validation statistic: Loss: 0.4181, dev_score: {'accuracy': 0.906845682081883, 'balanced_accuracy': 0.9051889205822509, 'f1_macro': 0.905769310217907, 'f1_micro': 0.906845682081883, 'f1_weighted': 0.9069995647448683, 'precision_macro': 0.9076674881400171, 'precision_micro': 0.906845682081883, 'precision_weighted': 0.9083917250256542, 'recall_macro': 0.9051889205822509, 'recall_micro': 0.906845682081883, 'recall_weighted': 0.906845682081883}
Saving model...
Model saved!
-------------------------------------------
-----------------------
Epoch 12/100
Training statistic: Loss: 0.7185, train_score: {'accuracy': 0.830356795202928, 'balanced_accuracy': 0.81979006047379, 'f1_macro': 0.8303575483275386, 'f1_micro': 0.830356795202928, 'f1_weighted': 0.8300037304796734, 'precision_macro': 0.8446097340490832, 'precision_micro': 0.830356795202928, 'precision_weighted': 0.8325628345152879, 'recall_macro': 0.81979006047379, 'recall_micro': 0.830356795202928, 'recall_weighted': 0.830356795202928}
Validation statistic: Loss: 0.3980, dev_score: {'accuracy': 0.908668987236864, 'balanced_accuracy': 0.9070955087292694, 'f1_macro': 0.9076198734105821, 'f1_micro': 0.908668987236864, 'f1_weighted': 0.9087676437137492, 'precision_macro': 0.9095135727464101, 'precision_micro': 0.908668987236864, 'precision_weighted': 0.9101466248417854, 'recall_macro': 0.9070955087292694, 'recall_micro': 0.908668987236864, 'recall_weighted': 0.908668987236864}
Saving model...
Model saved!
-------------------------------------------
-----------------------
Epoch 13/100
Training statistic: Loss: 0.6950, train_score: {'accuracy': 0.8331343206094981, 'balanced_accuracy': 0.8241431193581853, 'f1_macro': 0.833423989918766, 'f1_micro': 0.8331343206094981, 'f1_weighted': 0.8329849235863149, 'precision_macro': 0.8452760057100772, 'precision_micro': 0.8331343206094981, 'precision_weighted': 0.8349503364319126, 'recall_macro': 0.8241431193581853, 'recall_micro': 0.8331343206094981, 'recall_weighted': 0.8331343206094981}
Validation statistic: Loss: 0.3774, dev_score: {'accuracy': 0.9123155975468258, 'balanced_accuracy': 0.911032789141968, 'f1_macro': 0.9115269974663901, 'f1_micro': 0.9123155975468258, 'f1_weighted': 0.9125386859686151, 'precision_macro': 0.9131334014342691, 'precision_micro': 0.9123155975468258, 'precision_weighted': 0.913822045001304, 'recall_macro': 0.911032789141968, 'recall_micro': 0.9123155975468258, 'recall_weighted': 0.9123155975468258}
Saving model...
Model saved!
-------------------------------------------
-----------------------
Epoch 14/100
Training statistic: Loss: 0.6799, train_score: {'accuracy': 0.8343024387711397, 'balanced_accuracy': 0.825010177946246, 'f1_macro': 0.8345175374988678, 'f1_micro': 0.8343024387711397, 'f1_weighted': 0.8341021867998493, 'precision_macro': 0.8474485002340041, 'precision_micro': 0.8343024387711397, 'precision_weighted': 0.8363765945993696, 'recall_macro': 0.825010177946246, 'recall_micro': 0.8343024387711397, 'recall_weighted': 0.8343024387711397}
Validation statistic: Loss: 0.3665, dev_score: {'accuracy': 0.9101607823636665, 'balanced_accuracy': 0.9086117725386036, 'f1_macro': 0.9091031179295828, 'f1_micro': 0.9101607823636665, 'f1_weighted': 0.9103586808880535, 'precision_macro': 0.9112418838191461, 'precision_micro': 0.9101607823636665, 'precision_weighted': 0.9121254480823314, 'recall_macro': 0.9086117725386036, 'recall_micro': 0.9101607823636665, 'recall_weighted': 0.9101607823636665}
Saving model...
Model saved!
-------------------------------------------
-----------------------
Epoch 15/100
Training statistic: Loss: 0.6666, train_score: {'accuracy': 0.8342505224084, 'balanced_accuracy': 0.8256377384509399, 'f1_macro': 0.8344991354417133, 'f1_micro': 0.8342505224084, 'f1_weighted': 0.8339944328297378, 'precision_macro': 0.8459318261060481, 'precision_micro': 0.8342505224084, 'precision_weighted': 0.8358605705424, 'recall_macro': 0.8256377384509399, 'recall_micro': 0.8342505224084, 'recall_weighted': 0.8342505224084}
Validation statistic: Loss: 0.3544, dev_score: {'accuracy': 0.9116525774904691, 'balanced_accuracy': 0.9101375960241744, 'f1_macro': 0.9106185766330549, 'f1_micro': 0.9116525774904691, 'f1_weighted': 0.9117733624119159, 'precision_macro': 0.9121472271887111, 'precision_micro': 0.9116525774904691, 'precision_weighted': 0.9128810100739151, 'recall_macro': 0.9101375960241744, 'recall_micro': 0.9116525774904691, 'recall_weighted': 0.9116525774904691}
Saving model...
Model saved!
-------------------------------------------
-----------------------
Epoch 16/100
Training statistic: Loss: 0.6596, train_score: {'accuracy': 0.8353861928433294, 'balanced_accuracy': 0.8249986394286706, 'f1_macro': 0.8355058301390047, 'f1_micro': 0.8353861928433294, 'f1_weighted': 0.8350465130987226, 'precision_macro': 0.8497872595416753, 'precision_micro': 0.8353861928433294, 'precision_weighted': 0.8376307797414827, 'recall_macro': 0.8249986394286706, 'recall_micro': 0.8353861928433294, 'recall_weighted': 0.8353861928433294}
Validation statistic: Loss: 0.3530, dev_score: {'accuracy': 0.9114868224763799, 'balanced_accuracy': 0.9101113391789835, 'f1_macro': 0.9104888359147093, 'f1_micro': 0.9114868224763799, 'f1_weighted': 0.9115744318135693, 'precision_macro': 0.9120755761746334, 'precision_micro': 0.9114868224763799, 'precision_weighted': 0.9127984211849396, 'recall_macro': 0.9101113391789835, 'recall_micro': 0.9114868224763799, 'recall_weighted': 0.9114868224763799}
Saving model...
Model saved!
-------------------------------------------
-----------------------
Epoch 17/100
Training statistic: Loss: 0.6471, train_score: {'accuracy': 0.8361454696483964, 'balanced_accuracy': 0.8269777932062455, 'f1_macro': 0.836859744062736, 'f1_micro': 0.8361454696483964, 'f1_weighted': 0.8358342869956121, 'precision_macro': 0.8500414922888183, 'precision_micro': 0.8361454696483964, 'precision_weighted': 0.8382657743546486, 'recall_macro': 0.8269777932062455, 'recall_micro': 0.8361454696483964, 'recall_weighted': 0.8361454696483964}
Validation statistic: Loss: 0.3381, dev_score: {'accuracy': 0.91347588264545, 'balanced_accuracy': 0.9116861558343764, 'f1_macro': 0.9123786548398751, 'f1_micro': 0.91347588264545, 'f1_weighted': 0.9136133994364826, 'precision_macro': 0.9142761641742372, 'precision_micro': 0.91347588264545, 'precision_weighted': 0.9148905979463502, 'recall_macro': 0.9116861558343764, 'recall_micro': 0.91347588264545, 'recall_weighted': 0.91347588264545}
Saving model...
Model saved!
-------------------------------------------
-----------------------
Epoch 18/100
Training statistic: Loss: 0.6439, train_score: {'accuracy': 0.8371578387218191, 'balanced_accuracy': 0.8283050833131714, 'f1_macro': 0.8376109294952387, 'f1_micro': 0.8371578387218191, 'f1_weighted': 0.8367432965559309, 'precision_macro': 0.8499007200315267, 'precision_micro': 0.8371578387218191, 'precision_weighted': 0.8386954531321394, 'recall_macro': 0.8283050833131714, 'recall_micro': 0.8371578387218191, 'recall_weighted': 0.8371578387218191}
Validation statistic: Loss: 0.3349, dev_score: {'accuracy': 0.9116525774904691, 'balanced_accuracy': 0.910017097899335, 'f1_macro': 0.9105604306092193, 'f1_micro': 0.9116525774904691, 'f1_weighted': 0.9115980860441746, 'precision_macro': 0.9121714909556953, 'precision_micro': 0.9116525774904691, 'precision_weighted': 0.9125443552240187, 'recall_macro': 0.910017097899335, 'recall_micro': 0.9116525774904691, 'recall_weighted': 0.9116525774904691}
Saving model...
Model saved!
-------------------------------------------
-----------------------
Epoch 19/100
Training statistic: Loss: 0.6312, train_score: {'accuracy': 0.8395719495892118, 'balanced_accuracy': 0.8307009715227849, 'f1_macro': 0.8401633473766253, 'f1_micro': 0.8395719495892118, 'f1_weighted': 0.839420830115461, 'precision_macro': 0.8526296473513607, 'precision_micro': 0.8395719495892118, 'precision_weighted': 0.8415624072523651, 'recall_macro': 0.8307009715227849, 'recall_micro': 0.8395719495892118, 'recall_weighted': 0.8395719495892118}
Validation statistic: Loss: 0.3222, dev_score: {'accuracy': 0.917288247969501, 'balanced_accuracy': 0.916057162112109, 'f1_macro': 0.9163997734192014, 'f1_micro': 0.917288247969501, 'f1_weighted': 0.9174199478156994, 'precision_macro': 0.9174926735238955, 'precision_micro': 0.917288247969501, 'precision_weighted': 0.9182504436980222, 'recall_macro': 0.916057162112109, 'recall_micro': 0.917288247969501, 'recall_weighted': 0.917288247969501}
Saving model...
Model saved!
-------------------------------------------
-----------------------
Epoch 20/100
Training statistic: Loss: 0.6277, train_score: {'accuracy': 0.8404804859371553, 'balanced_accuracy': 0.8307259569378251, 'f1_macro': 0.8404180388808775, 'f1_micro': 0.8404804859371553, 'f1_weighted': 0.8400466656102258, 'precision_macro': 0.8536053384005846, 'precision_micro': 0.8404804859371553, 'precision_weighted': 0.842171205908271, 'recall_macro': 0.8307259569378251, 'recall_micro': 0.8404804859371553, 'recall_weighted': 0.8404804859371553}
Validation statistic: Loss: 0.3224, dev_score: {'accuracy': 0.9133101276313609, 'balanced_accuracy': 0.9116948378366445, 'f1_macro': 0.9121800493055595, 'f1_micro': 0.9133101276313609, 'f1_weighted': 0.9132862222230209, 'precision_macro': 0.9138071631902112, 'precision_micro': 0.9133101276313609, 'precision_weighted': 0.9143356633527988, 'recall_macro': 0.9116948378366445, 'recall_micro': 0.9133101276313609, 'recall_weighted': 0.9133101276313609}
-----------------------
Epoch 21/100
Training statistic: Loss: 0.6281, train_score: {'accuracy': 0.8398445104935948, 'balanced_accuracy': 0.8328524283807053, 'f1_macro': 0.8405771909320162, 'f1_micro': 0.8398445104935948, 'f1_weighted': 0.8396943562195891, 'precision_macro': 0.8507544156733822, 'precision_micro': 0.8398445104935948, 'precision_weighted': 0.8413030845095683, 'recall_macro': 0.8328524283807053, 'recall_micro': 0.8398445104935948, 'recall_weighted': 0.8398445104935948}
Validation statistic: Loss: 0.3204, dev_score: {'accuracy': 0.9157964528426985, 'balanced_accuracy': 0.9142132372417354, 'f1_macro': 0.9147578860030403, 'f1_micro': 0.9157964528426985, 'f1_weighted': 0.9158798134940196, 'precision_macro': 0.9162427424824378, 'precision_micro': 0.9157964528426985, 'precision_weighted': 0.9168614190586658, 'recall_macro': 0.9142132372417354, 'recall_micro': 0.9157964528426985, 'recall_weighted': 0.9157964528426985}
Saving model...
Model saved!
-------------------------------------------
-----------------------
Epoch 22/100
Training statistic: Loss: 0.6181, train_score: {'accuracy': 0.8422196840889328, 'balanced_accuracy': 0.8345455726517355, 'f1_macro': 0.8426749107303749, 'f1_micro': 0.8422196840889328, 'f1_weighted': 0.8420226644969185, 'precision_macro': 0.8534287754737828, 'precision_micro': 0.8422196840889328, 'precision_weighted': 0.8438727734755332, 'recall_macro': 0.8345455726517355, 'recall_micro': 0.8422196840889328, 'recall_weighted': 0.8422196840889328}
Validation statistic: Loss: 0.3107, dev_score: {'accuracy': 0.9194430631526603, 'balanced_accuracy': 0.918074337074885, 'f1_macro': 0.9186194221724003, 'f1_micro': 0.9194430631526603, 'f1_weighted': 0.9195233587985613, 'precision_macro': 0.9198782090877253, 'precision_micro': 0.9194430631526603, 'precision_weighted': 0.920277672751895, 'recall_macro': 0.918074337074885, 'recall_micro': 0.9194430631526603, 'recall_weighted': 0.9194430631526603}
Saving model...
Model saved!
-------------------------------------------
-----------------------
Epoch 23/100
Training statistic: Loss: 0.6132, train_score: {'accuracy': 0.843997819512765, 'balanced_accuracy': 0.8380549666886159, 'f1_macro': 0.844672350915106, 'f1_micro': 0.843997819512765, 'f1_weighted': 0.8438729170737784, 'precision_macro': 0.8535102189738287, 'precision_micro': 0.843997819512765, 'precision_weighted': 0.8453249501758856, 'recall_macro': 0.8380549666886159, 'recall_micro': 0.843997819512765, 'recall_weighted': 0.843997819512765}
Validation statistic: Loss: 0.3052, dev_score: {'accuracy': 0.9179512680258578, 'balanced_accuracy': 0.9163225065221324, 'f1_macro': 0.9171588028605033, 'f1_micro': 0.9179512680258578, 'f1_weighted': 0.9180358350349621, 'precision_macro': 0.9188980384244283, 'precision_micro': 0.9179512680258578, 'precision_weighted': 0.9189777178356447, 'recall_macro': 0.9163225065221324, 'recall_micro': 0.9179512680258578, 'recall_weighted': 0.9179512680258578}
Saving model...
Model saved!
-------------------------------------------
-----------------------
Epoch 24/100
Training statistic: Loss: 0.6118, train_score: {'accuracy': 0.8413111477409893, 'balanced_accuracy': 0.8316777667989242, 'f1_macro': 0.8414188687012562, 'f1_micro': 0.8413111477409893, 'f1_weighted': 0.8411235674106703, 'precision_macro': 0.8545921120671245, 'precision_micro': 0.8413111477409893, 'precision_weighted': 0.8434122798596367, 'recall_macro': 0.8316777667989242, 'recall_micro': 0.8413111477409893, 'recall_weighted': 0.8413111477409893}
Validation statistic: Loss: 0.3091, dev_score: {'accuracy': 0.9174540029835903, 'balanced_accuracy': 0.9159423337236913, 'f1_macro': 0.9164628436696362, 'f1_micro': 0.9174540029835903, 'f1_weighted': 0.9175584801037858, 'precision_macro': 0.9180651942152147, 'precision_micro': 0.9174540029835903, 'precision_weighted': 0.918681243358869, 'recall_macro': 0.9159423337236913, 'recall_micro': 0.9174540029835903, 'recall_weighted': 0.9174540029835903}
-----------------------
Epoch 25/100
Training statistic: Loss: 0.6074, train_score: {'accuracy': 0.8435889781561904, 'balanced_accuracy': 0.8358537636674208, 'f1_macro': 0.8442721915876193, 'f1_micro': 0.8435889781561904, 'f1_weighted': 0.8434495600497761, 'precision_macro': 0.855062694830097, 'precision_micro': 0.8435889781561904, 'precision_weighted': 0.8450844053283105, 'recall_macro': 0.8358537636674208, 'recall_micro': 0.8435889781561904, 'recall_weighted': 0.8435889781561904}
Validation statistic: Loss: 0.3022, dev_score: {'accuracy': 0.9177855130117686, 'balanced_accuracy': 0.9162913091282316, 'f1_macro': 0.9169574264321568, 'f1_micro': 0.9177855130117686, 'f1_weighted': 0.9179091630390843, 'precision_macro': 0.9184739416794223, 'precision_micro': 0.9177855130117686, 'precision_weighted': 0.9188368651889384, 'recall_macro': 0.9162913091282316, 'recall_micro': 0.9177855130117686, 'recall_weighted': 0.9177855130117686}
Saving model...
Model saved!
-------------------------------------------
-----------------------
Epoch 26/100
Training statistic: Loss: 0.6075, train_score: {'accuracy': 0.8452308331278311, 'balanced_accuracy': 0.8373552889278418, 'f1_macro': 0.8460370574042908, 'f1_micro': 0.8452308331278311, 'f1_weighted': 0.8450519323228637, 'precision_macro': 0.8570999206903194, 'precision_micro': 0.8452308331278311, 'precision_weighted': 0.8467068256816903, 'recall_macro': 0.8373552889278418, 'recall_micro': 0.8452308331278311, 'recall_weighted': 0.8452308331278311}
Validation statistic: Loss: 0.2955, dev_score: {'accuracy': 0.9202718382231062, 'balanced_accuracy': 0.9189572264020269, 'f1_macro': 0.9194004849707348, 'f1_micro': 0.9202718382231062, 'f1_weighted': 0.9203422457714013, 'precision_macro': 0.9205046561090116, 'precision_micro': 0.9202718382231062, 'precision_weighted': 0.9210390383377415, 'recall_macro': 0.9189572264020269, 'recall_micro': 0.9202718382231062, 'recall_weighted': 0.9202718382231062}
Saving model...
Model saved!
-------------------------------------------
-----------------------
Epoch 27/100
Training statistic: Loss: 0.6054, train_score: {'accuracy': 0.8451594481290641, 'balanced_accuracy': 0.8354188643319815, 'f1_macro': 0.8455714652051629, 'f1_micro': 0.8451594481290641, 'f1_weighted': 0.8447575127533893, 'precision_macro': 0.8589684906463411, 'precision_micro': 0.8451594481290641, 'precision_weighted': 0.8469623165398092, 'recall_macro': 0.8354188643319815, 'recall_micro': 0.8451594481290641, 'recall_weighted': 0.8451594481290641}
Validation statistic: Loss: 0.2967, dev_score: {'accuracy': 0.9199403281949279, 'balanced_accuracy': 0.918334209628141, 'f1_macro': 0.9187899303239202, 'f1_micro': 0.9199403281949279, 'f1_weighted': 0.9197898106072082, 'precision_macro': 0.9202208952738514, 'precision_micro': 0.9199403281949279, 'precision_weighted': 0.9205622836068065, 'recall_macro': 0.918334209628141, 'recall_micro': 0.9199403281949279, 'recall_weighted': 0.9199403281949279}
-----------------------
Epoch 28/100
Training statistic: Loss: 0.6018, train_score: {'accuracy': 0.846489804924267, 'balanced_accuracy': 0.8380562496478078, 'f1_macro': 0.8470614253693698, 'f1_micro': 0.846489804924267, 'f1_weighted': 0.8462690602056092, 'precision_macro': 0.8591956640929279, 'precision_micro': 0.846489804924267, 'precision_weighted': 0.8483936317286612, 'recall_macro': 0.8380562496478078, 'recall_micro': 0.846489804924267, 'recall_weighted': 0.846489804924267}
Validation statistic: Loss: 0.2953, dev_score: {'accuracy': 0.9207691032653738, 'balanced_accuracy': 0.9193210665025525, 'f1_macro': 0.9198932366069279, 'f1_micro': 0.9207691032653738, 'f1_weighted': 0.920779513573842, 'precision_macro': 0.9213179009624776, 'precision_micro': 0.9207691032653738, 'precision_weighted': 0.9215968605767241, 'recall_macro': 0.9193210665025525, 'recall_micro': 0.9207691032653738, 'recall_weighted': 0.9207691032653738}
Saving model...
Model saved!
-------------------------------------------
-----------------------
Epoch 29/100
Training statistic: Loss: 0.6037, train_score: {'accuracy': 0.8460095785689254, 'balanced_accuracy': 0.8378820263512482, 'f1_macro': 0.846555974614691, 'f1_micro': 0.8460095785689254, 'f1_weighted': 0.8457316319450694, 'precision_macro': 0.8581705591706447, 'precision_micro': 0.8460095785689254, 'precision_weighted': 0.8476135533484846, 'recall_macro': 0.8378820263512482, 'recall_micro': 0.8460095785689254, 'recall_weighted': 0.8460095785689254}
Validation statistic: Loss: 0.2965, dev_score: {'accuracy': 0.9204375932371954, 'balanced_accuracy': 0.9187363467031002, 'f1_macro': 0.9194706893997987, 'f1_micro': 0.9204375932371954, 'f1_weighted': 0.9204740131608825, 'precision_macro': 0.9213404786901146, 'precision_micro': 0.9204375932371954, 'precision_weighted': 0.9215783718841699, 'recall_macro': 0.9187363467031002, 'recall_micro': 0.9204375932371954, 'recall_weighted': 0.9204375932371954}
-----------------------
Epoch 30/100
Training statistic: Loss: 0.5997, train_score: {'accuracy': 0.8445624099575584, 'balanced_accuracy': 0.8358957003478574, 'f1_macro': 0.8446965349991954, 'f1_micro': 0.8445624099575584, 'f1_weighted': 0.8442306928263434, 'precision_macro': 0.8571514467257954, 'precision_micro': 0.8445624099575584, 'precision_weighted': 0.8464167706466798, 'recall_macro': 0.8358957003478574, 'recall_micro': 0.8445624099575584, 'recall_weighted': 0.8445624099575584}
Validation statistic: Loss: 0.2958, dev_score: {'accuracy': 0.9174540029835903, 'balanced_accuracy': 0.9155433267531766, 'f1_macro': 0.9163677711207449, 'f1_micro': 0.9174540029835903, 'f1_weighted': 0.9174706106022996, 'precision_macro': 0.918604456596787, 'precision_micro': 0.9174540029835903, 'precision_weighted': 0.9188194057594964, 'recall_macro': 0.9155433267531766, 'recall_micro': 0.9174540029835903, 'recall_weighted': 0.9174540029835903}
-----------------------
Epoch 31/100
Training statistic: Loss: 0.5979, train_score: {'accuracy': 0.8469635417342661, 'balanced_accuracy': 0.8379992666557088, 'f1_macro': 0.8475171567163053, 'f1_micro': 0.8469635417342661, 'f1_weighted': 0.8466710993917217, 'precision_macro': 0.860219058261581, 'precision_micro': 0.8469635417342661, 'precision_weighted': 0.8488046486985938, 'recall_macro': 0.8379992666557088, 'recall_micro': 0.8469635417342661, 'recall_weighted': 0.8469635417342661}
Validation statistic: Loss: 0.2911, dev_score: {'accuracy': 0.9206033482512846, 'balanced_accuracy': 0.9190700584324814, 'f1_macro': 0.9196543199217851, 'f1_micro': 0.9206033482512846, 'f1_weighted': 0.9206525622802431, 'precision_macro': 0.921127612029897, 'precision_micro': 0.9206033482512846, 'precision_weighted': 0.9215375826765507, 'recall_macro': 0.9190700584324814, 'recall_micro': 0.9206033482512846, 'recall_weighted': 0.9206033482512846}
Saving model...
Model saved!
-------------------------------------------
-----------------------
Epoch 32/100
Training statistic: Loss: 0.5956, train_score: {'accuracy': 0.846690980829883, 'balanced_accuracy': 0.8382013179676182, 'f1_macro': 0.8472930093121824, 'f1_micro': 0.846690980829883, 'f1_weighted': 0.8464878043969001, 'precision_macro': 0.8590149890838324, 'precision_micro': 0.846690980829883, 'precision_weighted': 0.8484284525578724, 'recall_macro': 0.8382013179676182, 'recall_micro': 0.846690980829883, 'recall_weighted': 0.846690980829883}
Validation statistic: Loss: 0.2911, dev_score: {'accuracy': 0.921929388363998, 'balanced_accuracy': 0.9207008513099897, 'f1_macro': 0.9212726650618791, 'f1_micro': 0.921929388363998, 'f1_weighted': 0.9219947890854278, 'precision_macro': 0.9225927355074754, 'precision_micro': 0.921929388363998, 'precision_weighted': 0.9227751012753024, 'recall_macro': 0.9207008513099897, 'recall_micro': 0.921929388363998, 'recall_weighted': 0.921929388363998}
-----------------------
Epoch 33/100
Training statistic: Loss: 0.5902, train_score: {'accuracy': 0.8486573130686464, 'balanced_accuracy': 0.8416744830802217, 'f1_macro': 0.8494124840169792, 'f1_micro': 0.8486573130686464, 'f1_weighted': 0.8483598095801734, 'precision_macro': 0.8593513340206019, 'precision_micro': 0.8486573130686464, 'precision_weighted': 0.8499002246728451, 'recall_macro': 0.8416744830802217, 'recall_micro': 0.8486573130686464, 'recall_weighted': 0.8486573130686464}
Validation statistic: Loss: 0.2860, dev_score: {'accuracy': 0.922923918448533, 'balanced_accuracy': 0.921502428903018, 'f1_macro': 0.9220498912059576, 'f1_micro': 0.922923918448533, 'f1_weighted': 0.9229354724648109, 'precision_macro': 0.9234005889891058, 'precision_micro': 0.922923918448533, 'precision_weighted': 0.9237148445562081, 'recall_macro': 0.921502428903018, 'recall_micro': 0.922923918448533, 'recall_weighted': 0.922923918448533}
Saving model...
Model saved!
-------------------------------------------
-----------------------
Epoch 34/100
Training statistic: Loss: 0.5949, train_score: {'accuracy': 0.8497151089594663, 'balanced_accuracy': 0.8426964853584809, 'f1_macro': 0.8503951909628895, 'f1_micro': 0.8497151089594663, 'f1_weighted': 0.8494695799516717, 'precision_macro': 0.8602699190675848, 'precision_micro': 0.8497151089594663, 'precision_weighted': 0.85085153053755, 'recall_macro': 0.8426964853584809, 'recall_micro': 0.8497151089594663, 'recall_weighted': 0.8497151089594663}
Validation statistic: Loss: 0.2862, dev_score: {'accuracy': 0.922923918448533, 'balanced_accuracy': 0.921593190242062, 'f1_macro': 0.9220063781158341, 'f1_micro': 0.922923918448533, 'f1_weighted': 0.9228694209857137, 'precision_macro': 0.9232018802302011, 'precision_micro': 0.922923918448533, 'precision_weighted': 0.923551213084401, 'recall_macro': 0.921593190242062, 'recall_micro': 0.922923918448533, 'recall_weighted': 0.922923918448533}
-----------------------
Epoch 35/100
Training statistic: Loss: 0.5917, train_score: {'accuracy': 0.8474891949070048, 'balanced_accuracy': 0.8389030540434261, 'f1_macro': 0.848168470917282, 'f1_micro': 0.8474891949070048, 'f1_weighted': 0.8472500177645841, 'precision_macro': 0.8607221592176069, 'precision_micro': 0.8474891949070048, 'precision_weighted': 0.8493248222404266, 'recall_macro': 0.8389030540434261, 'recall_micro': 0.8474891949070048, 'recall_weighted': 0.8474891949070048}
Validation statistic: Loss: 0.2851, dev_score: {'accuracy': 0.9212663683076413, 'balanced_accuracy': 0.9198164920440961, 'f1_macro': 0.9204666611111868, 'f1_micro': 0.9212663683076413, 'f1_weighted': 0.9213242922408922, 'precision_macro': 0.921965957662443, 'precision_micro': 0.9212663683076413, 'precision_weighted': 0.9221851808897938, 'recall_macro': 0.9198164920440961, 'recall_micro': 0.9212663683076413, 'recall_weighted': 0.9212663683076413}
Saving model...
Model saved!
-------------------------------------------
-----------------------
Epoch 36/100
Training statistic: Loss: 0.5902, train_score: {'accuracy': 0.8499422430464522, 'balanced_accuracy': 0.8438450956896322, 'f1_macro': 0.8509963485375444, 'f1_micro': 0.8499422430464522, 'f1_weighted': 0.849849231271793, 'precision_macro': 0.8604546203450925, 'precision_micro': 0.8499422430464522, 'precision_weighted': 0.8515420712772488, 'recall_macro': 0.8438450956896322, 'recall_micro': 0.8499422430464522, 'recall_weighted': 0.8499422430464522}
Validation statistic: Loss: 0.2822, dev_score: {'accuracy': 0.9217636333499089, 'balanced_accuracy': 0.9203908788740909, 'f1_macro': 0.9209634071073616, 'f1_micro': 0.9217636333499089, 'f1_weighted': 0.9217893256557883, 'precision_macro': 0.9222590719935775, 'precision_micro': 0.9217636333499089, 'precision_weighted': 0.9225039748080441, 'recall_macro': 0.9203908788740909, 'recall_micro': 0.9217636333499089, 'recall_weighted': 0.9217636333499089}
Saving model...
Model saved!
-------------------------------------------
-----------------------
Epoch 37/100
Training statistic: Loss: 0.5817, train_score: {'accuracy': 0.8493646735109738, 'balanced_accuracy': 0.8412025999131381, 'f1_macro': 0.8501329866973182, 'f1_micro': 0.8493646735109738, 'f1_weighted': 0.8491464398835248, 'precision_macro': 0.8617819064988309, 'precision_micro': 0.8493646735109738, 'precision_weighted': 0.8511119304943604, 'recall_macro': 0.8412025999131381, 'recall_micro': 0.8493646735109738, 'recall_weighted': 0.8493646735109738}
Validation statistic: Loss: 0.2809, dev_score: {'accuracy': 0.9224266534062655, 'balanced_accuracy': 0.9210202822477569, 'f1_macro': 0.9215443303446363, 'f1_micro': 0.9224266534062655, 'f1_weighted': 0.9224283641508499, 'precision_macro': 0.9228849419755049, 'precision_micro': 0.9224266534062655, 'precision_weighted': 0.9232131816543112, 'recall_macro': 0.9210202822477569, 'recall_micro': 0.9224266534062655, 'recall_weighted': 0.9224266534062655}
Saving model...
Model saved!
-------------------------------------------
-----------------------
Epoch 38/100
Training statistic: Loss: 0.5875, train_score: {'accuracy': 0.8514023907485042, 'balanced_accuracy': 0.8446561009004905, 'f1_macro': 0.8524953390014739, 'f1_micro': 0.8514023907485042, 'f1_weighted': 0.8512576196329268, 'precision_macro': 0.862178154545045, 'precision_micro': 0.8514023907485042, 'precision_weighted': 0.8526551672001752, 'recall_macro': 0.8446561009004905, 'recall_micro': 0.8514023907485042, 'recall_weighted': 0.8514023907485042}
Validation statistic: Loss: 0.2804, dev_score: {'accuracy': 0.9244157135753357, 'balanced_accuracy': 0.9232537029959866, 'f1_macro': 0.923690495629538, 'f1_micro': 0.9244157135753357, 'f1_weighted': 0.9244647077708693, 'precision_macro': 0.9246941079314709, 'precision_micro': 0.9244157135753357, 'precision_weighted': 0.9250546595170115, 'recall_macro': 0.9232537029959866, 'recall_micro': 0.9244157135753357, 'recall_weighted': 0.9244157135753357}
Saving model...
Model saved!
-------------------------------------------
-----------------------
Epoch 39/100
Training statistic: Loss: 0.5842, train_score: {'accuracy': 0.8506236453074097, 'balanced_accuracy': 0.8429178855041339, 'f1_macro': 0.8513407411510066, 'f1_micro': 0.8506236453074097, 'f1_weighted': 0.8504527376193158, 'precision_macro': 0.8630200076853255, 'precision_micro': 0.8506236453074097, 'precision_weighted': 0.8526933001141697, 'recall_macro': 0.8429178855041339, 'recall_micro': 0.8506236453074097, 'recall_weighted': 0.8506236453074097}
Validation statistic: Loss: 0.2796, dev_score: {'accuracy': 0.9222608983921764, 'balanced_accuracy': 0.9206890658829119, 'f1_macro': 0.9213248592940871, 'f1_micro': 0.9222608983921764, 'f1_weighted': 0.9223218896243572, 'precision_macro': 0.9228232459477164, 'precision_micro': 0.9222608983921764, 'precision_weighted': 0.923201338481039, 'recall_macro': 0.9206890658829119, 'recall_micro': 0.9222608983921764, 'recall_weighted': 0.9222608983921764}
Saving model...
Model saved!
-------------------------------------------
-----------------------
Epoch 40/100
Training statistic: Loss: 0.5879, train_score: {'accuracy': 0.8507599257596012, 'balanced_accuracy': 0.8436319539157833, 'f1_macro': 0.8516202211370725, 'f1_micro': 0.8507599257596012, 'f1_weighted': 0.8505302312434208, 'precision_macro': 0.8619151817665589, 'precision_micro': 0.8507599257596012, 'precision_weighted': 0.8522020780302438, 'recall_macro': 0.8436319539157833, 'recall_micro': 0.8507599257596012, 'recall_weighted': 0.8507599257596012}
Validation statistic: Loss: 0.2802, dev_score: {'accuracy': 0.9232554284767114, 'balanced_accuracy': 0.9219021648403484, 'f1_macro': 0.9224416522464327, 'f1_micro': 0.9232554284767114, 'f1_weighted': 0.9232677489103371, 'precision_macro': 0.9238505717326515, 'precision_micro': 0.9232554284767114, 'precision_weighted': 0.9241063378813706, 'recall_macro': 0.9219021648403484, 'recall_micro': 0.9232554284767114, 'recall_weighted': 0.9232554284767114}
-----------------------
Epoch 41/100
Training statistic: Loss: 0.5824, train_score: {'accuracy': 0.8504808753098758, 'balanced_accuracy': 0.8417492631201291, 'f1_macro': 0.851130979973451, 'f1_micro': 0.8504808753098758, 'f1_weighted': 0.850240603780956, 'precision_macro': 0.8637180938938084, 'precision_micro': 0.8504808753098758, 'precision_weighted': 0.8525550409491435, 'recall_macro': 0.8417492631201291, 'recall_micro': 0.8504808753098758, 'recall_weighted': 0.8504808753098758}
Validation statistic: Loss: 0.2791, dev_score: {'accuracy': 0.9211006132935521, 'balanced_accuracy': 0.9195749596664339, 'f1_macro': 0.920094031028319, 'f1_micro': 0.9211006132935521, 'f1_weighted': 0.9210857805555938, 'precision_macro': 0.9217337498951658, 'precision_micro': 0.9211006132935521, 'precision_weighted': 0.9221357800033433, 'recall_macro': 0.9195749596664339, 'recall_micro': 0.9211006132935521, 'recall_weighted': 0.9211006132935521}
Saving model...
Model saved!
-------------------------------------------
-----------------------
Epoch 42/100
Training statistic: Loss: 0.5790, train_score: {'accuracy': 0.8513374952950796, 'balanced_accuracy': 0.842538662225118, 'f1_macro': 0.8518331093750844, 'f1_micro': 0.8513374952950796, 'f1_weighted': 0.8510916022042129, 'precision_macro': 0.8645200057620166, 'precision_micro': 0.8513374952950796, 'precision_weighted': 0.8533653111278908, 'recall_macro': 0.842538662225118, 'recall_micro': 0.8513374952950796, 'recall_weighted': 0.8513374952950796}
Validation statistic: Loss: 0.2756, dev_score: {'accuracy': 0.9230896734626223, 'balanced_accuracy': 0.9217503207598698, 'f1_macro': 0.9222996647567084, 'f1_micro': 0.9230896734626223, 'f1_weighted': 0.923115579317049, 'precision_macro': 0.9236871049786366, 'precision_micro': 0.9230896734626223, 'precision_weighted': 0.9239354773212, 'recall_macro': 0.9217503207598698, 'recall_micro': 0.9230896734626223, 'recall_weighted': 0.9230896734626223}
Saving model...
Model saved!
-------------------------------------------
-----------------------
Epoch 43/100
Training statistic: Loss: 0.5780, train_score: {'accuracy': 0.8520837930094618, 'balanced_accuracy': 0.8438549073894356, 'f1_macro': 0.8530880766870801, 'f1_micro': 0.8520837930094618, 'f1_weighted': 0.8519280012524406, 'precision_macro': 0.864843878557021, 'precision_micro': 0.8520837930094618, 'precision_weighted': 0.8538472181018523, 'recall_macro': 0.8438549073894356, 'recall_micro': 0.8520837930094618, 'recall_weighted': 0.8520837930094618}
Validation statistic: Loss: 0.2739, dev_score: {'accuracy': 0.9250787336316924, 'balanced_accuracy': 0.9239399026970272, 'f1_macro': 0.9243354682109729, 'f1_micro': 0.9250787336316924, 'f1_weighted': 0.9250740899754087, 'precision_macro': 0.925367515172481, 'precision_micro': 0.9250787336316924, 'precision_weighted': 0.9256701078919318, 'recall_macro': 0.9239399026970272, 'recall_micro': 0.9250787336316924, 'recall_weighted': 0.9250787336316924}
Saving model...
Model saved!
-------------------------------------------
-----------------------
Epoch 44/100
Training statistic: Loss: 0.5782, train_score: {'accuracy': 0.8534660661674043, 'balanced_accuracy': 0.8465401571067452, 'f1_macro': 0.8543122210178046, 'f1_micro': 0.8534660661674043, 'f1_weighted': 0.8532339448027906, 'precision_macro': 0.8644442875860886, 'precision_micro': 0.8534660661674043, 'precision_weighted': 0.8548130773745933, 'recall_macro': 0.8465401571067452, 'recall_micro': 0.8534660661674043, 'recall_weighted': 0.8534660661674043}
Validation statistic: Loss: 0.2745, dev_score: {'accuracy': 0.9239184485330681, 'balanced_accuracy': 0.9226236162311865, 'f1_macro': 0.9231659938147722, 'f1_micro': 0.9239184485330681, 'f1_weighted': 0.923953214110279, 'precision_macro': 0.9245949441084607, 'precision_micro': 0.9239184485330681, 'precision_weighted': 0.924826218561237, 'recall_macro': 0.9226236162311865, 'recall_micro': 0.9239184485330681, 'recall_weighted': 0.9239184485330681}
-----------------------
Epoch 45/100
Training statistic: Loss: 0.5770, train_score: {'accuracy': 0.8537580957078147, 'balanced_accuracy': 0.8467091020268123, 'f1_macro': 0.8546135923422898, 'f1_micro': 0.8537580957078147, 'f1_weighted': 0.853508705507312, 'precision_macro': 0.8647365903473888, 'precision_micro': 0.8537580957078147, 'precision_weighted': 0.8549961235109538, 'recall_macro': 0.8467091020268123, 'recall_micro': 0.8537580957078147, 'recall_weighted': 0.8537580957078147}
Validation statistic: Loss: 0.2728, dev_score: {'accuracy': 0.9244157135753357, 'balanced_accuracy': 0.9230778571879519, 'f1_macro': 0.9236128043880472, 'f1_micro': 0.9244157135753357, 'f1_weighted': 0.9244149597639976, 'precision_macro': 0.9248451412067531, 'precision_micro': 0.9244157135753357, 'precision_weighted': 0.925072573291269, 'recall_macro': 0.9230778571879519, 'recall_micro': 0.9244157135753357, 'recall_weighted': 0.9244157135753357}
Saving model...
Model saved!
-------------------------------------------
-----------------------
Epoch 46/100
Training statistic: Loss: 0.5787, train_score: {'accuracy': 0.8525250820927486, 'balanced_accuracy': 0.845236824498239, 'f1_macro': 0.8531480918885803, 'f1_micro': 0.8525250820927486, 'f1_weighted': 0.8522972680676824, 'precision_macro': 0.8640401684249912, 'precision_micro': 0.8525250820927486, 'precision_weighted': 0.854193158804957, 'recall_macro': 0.845236824498239, 'recall_micro': 0.8525250820927486, 'recall_weighted': 0.8525250820927486}
Validation statistic: Loss: 0.2748, dev_score: {'accuracy': 0.9235869385048898, 'balanced_accuracy': 0.9221602393716767, 'f1_macro': 0.922735065463135, 'f1_micro': 0.9235869385048898, 'f1_weighted': 0.9236332293702539, 'precision_macro': 0.9241186793491464, 'precision_micro': 0.9235869385048898, 'precision_weighted': 0.9244436836529085, 'recall_macro': 0.9221602393716767, 'recall_micro': 0.9235869385048898, 'recall_weighted': 0.9235869385048898}
-----------------------
Epoch 47/100
Training statistic: Loss: 0.5750, train_score: {'accuracy': 0.8523563539138448, 'balanced_accuracy': 0.8439220051030656, 'f1_macro': 0.8529364450831105, 'f1_micro': 0.8523563539138448, 'f1_weighted': 0.8520036286178652, 'precision_macro': 0.8651824059612518, 'precision_micro': 0.8523563539138448, 'precision_weighted': 0.8541558329793076, 'recall_macro': 0.8439220051030656, 'recall_micro': 0.8523563539138448, 'recall_weighted': 0.8523563539138448}
Validation statistic: Loss: 0.2709, dev_score: {'accuracy': 0.9242499585612465, 'balanced_accuracy': 0.922869342385338, 'f1_macro': 0.9234550957530118, 'f1_micro': 0.9242499585612465, 'f1_weighted': 0.9242752133505149, 'precision_macro': 0.9246302161747468, 'precision_micro': 0.9242499585612465, 'precision_weighted': 0.9248598324384568, 'recall_macro': 0.922869342385338, 'recall_micro': 0.9242499585612465, 'recall_weighted': 0.9242499585612465}
Saving model...
Model saved!
-------------------------------------------
-----------------------
Epoch 48/100
Training statistic: Loss: 0.5735, train_score: {'accuracy': 0.8548029125079497, 'balanced_accuracy': 0.8480243795484099, 'f1_macro': 0.8557749850164187, 'f1_micro': 0.8548029125079497, 'f1_weighted': 0.854467253453528, 'precision_macro': 0.8661681878871873, 'precision_micro': 0.8548029125079497, 'precision_weighted': 0.8562282315220158, 'recall_macro': 0.8480243795484099, 'recall_micro': 0.8548029125079497, 'recall_weighted': 0.8548029125079497}
Validation statistic: Loss: 0.2697, dev_score: {'accuracy': 0.9234211834908006, 'balanced_accuracy': 0.921896652795603, 'f1_macro': 0.922615613940474, 'f1_micro': 0.9234211834908006, 'f1_weighted': 0.923405316298584, 'precision_macro': 0.9240196242806634, 'precision_micro': 0.9234211834908006, 'precision_weighted': 0.9240401834625148, 'recall_macro': 0.921896652795603, 'recall_micro': 0.9234211834908006, 'recall_weighted': 0.9234211834908006}
Saving model...
Model saved!
-------------------------------------------
-----------------------
Epoch 49/100
Training statistic: Loss: 0.5732, train_score: {'accuracy': 0.854621205238361, 'balanced_accuracy': 0.847077256791702, 'f1_macro': 0.8557202522325597, 'f1_micro': 0.854621205238361, 'f1_weighted': 0.8545975991497634, 'precision_macro': 0.8670548807037657, 'precision_micro': 0.854621205238361, 'precision_weighted': 0.8565904671794863, 'recall_macro': 0.847077256791702, 'recall_micro': 0.854621205238361, 'recall_weighted': 0.854621205238361}
Validation statistic: Loss: 0.2688, dev_score: {'accuracy': 0.9244157135753357, 'balanced_accuracy': 0.9232463037935167, 'f1_macro': 0.9237528951096937, 'f1_micro': 0.9244157135753357, 'f1_weighted': 0.924517926534206, 'precision_macro': 0.9249062000584394, 'precision_micro': 0.9244157135753357, 'precision_weighted': 0.92522977193512, 'recall_macro': 0.9232463037935167, 'recall_micro': 0.9244157135753357, 'recall_weighted': 0.9244157135753357}
Saving model...
Model saved!
-------------------------------------------
-----------------------
Epoch 50/100
Training statistic: Loss: 0.5736, train_score: {'accuracy': 0.8537126688904175, 'balanced_accuracy': 0.8459360028603784, 'f1_macro': 0.8547938353381846, 'f1_micro': 0.8537126688904175, 'f1_weighted': 0.8536507576149456, 'precision_macro': 0.8659126285126094, 'precision_micro': 0.8537126688904175, 'precision_weighted': 0.855331089830175, 'recall_macro': 0.8459360028603784, 'recall_micro': 0.8537126688904175, 'recall_weighted': 0.8537126688904175}
Validation statistic: Loss: 0.2708, dev_score: {'accuracy': 0.9235869385048898, 'balanced_accuracy': 0.9224136216357713, 'f1_macro': 0.922841371298418, 'f1_micro': 0.9235869385048898, 'f1_weighted': 0.9236232054824122, 'precision_macro': 0.9240626973206558, 'precision_micro': 0.9235869385048898, 'precision_weighted': 0.9244113278264238, 'recall_macro': 0.9224136216357713, 'recall_micro': 0.9235869385048898, 'recall_weighted': 0.9235869385048898}
-----------------------
Epoch 51/100
Training statistic: Loss: 0.5763, train_score: {'accuracy': 0.8556205952210988, 'balanced_accuracy': 0.8485675071578548, 'f1_macro': 0.8566177833617521, 'f1_micro': 0.8556205952210988, 'f1_weighted': 0.8554465137716589, 'precision_macro': 0.8668603605394051, 'precision_micro': 0.8556205952210988, 'precision_weighted': 0.8569326078420999, 'recall_macro': 0.8485675071578548, 'recall_micro': 0.8556205952210988, 'recall_weighted': 0.8556205952210988}
Validation statistic: Loss: 0.2698, dev_score: {'accuracy': 0.9240842035471573, 'balanced_accuracy': 0.9226962280295599, 'f1_macro': 0.9232221602366965, 'f1_micro': 0.9240842035471573, 'f1_weighted': 0.9240657790942514, 'precision_macro': 0.9245165257740029, 'precision_micro': 0.9240842035471573, 'precision_weighted': 0.9247798637795349, 'recall_macro': 0.9226962280295599, 'recall_micro': 0.9240842035471573, 'recall_weighted': 0.9240842035471573}
-----------------------
Epoch 52/100
Training statistic: Loss: 0.5758, train_score: {'accuracy': 0.8552701597726063, 'balanced_accuracy': 0.8483712705400288, 'f1_macro': 0.8560288640952054, 'f1_micro': 0.8552701597726063, 'f1_weighted': 0.8550391991685065, 'precision_macro': 0.8662538075757439, 'precision_micro': 0.8552701597726063, 'precision_weighted': 0.856589000088277, 'recall_macro': 0.8483712705400288, 'recall_micro': 0.8552701597726063, 'recall_weighted': 0.8552701597726063}
Validation statistic: Loss: 0.2691, dev_score: {'accuracy': 0.9237526935189789, 'balanced_accuracy': 0.9223209341305294, 'f1_macro': 0.9229186236474207, 'f1_micro': 0.9237526935189789, 'f1_weighted': 0.923720677809121, 'precision_macro': 0.9241845101454544, 'precision_micro': 0.9237526935189789, 'precision_weighted': 0.9243198724356961, 'recall_macro': 0.9223209341305294, 'recall_micro': 0.9237526935189789, 'recall_weighted': 0.9237526935189789}
-----------------------
Epoch 53/100
Training statistic: Loss: 0.5682, train_score: {'accuracy': 0.8552442015912365, 'balanced_accuracy': 0.8471628266690843, 'f1_macro': 0.8560270102842102, 'f1_micro': 0.8552442015912365, 'f1_weighted': 0.85517607444602, 'precision_macro': 0.8675898256779784, 'precision_micro': 0.8552442015912365, 'precision_weighted': 0.8572602519025653, 'recall_macro': 0.8471628266690843, 'recall_micro': 0.8552442015912365, 'recall_weighted': 0.8552442015912365}
Validation statistic: Loss: 0.2659, dev_score: {'accuracy': 0.9262390187303166, 'balanced_accuracy': 0.9248865550479858, 'f1_macro': 0.9255799241650686, 'f1_micro': 0.9262390187303166, 'f1_weighted': 0.9263689678984448, 'precision_macro': 0.9270809794471742, 'precision_micro': 0.9262390187303166, 'precision_weighted': 0.9272707048526014, 'recall_macro': 0.9248865550479858, 'recall_micro': 0.9262390187303166, 'recall_weighted': 0.9262390187303166}
Saving model...
Model saved!
-------------------------------------------
-----------------------
Epoch 54/100
Training statistic: Loss: 0.5697, train_score: {'accuracy': 0.8567173283839734, 'balanced_accuracy': 0.8504099622843995, 'f1_macro': 0.8580232003154263, 'f1_micro': 0.8567173283839734, 'f1_weighted': 0.856518087392876, 'precision_macro': 0.8677449515249887, 'precision_micro': 0.8567173283839734, 'precision_weighted': 0.8580705274564281, 'recall_macro': 0.8504099622843995, 'recall_micro': 0.8567173283839734, 'recall_weighted': 0.8567173283839734}
Validation statistic: Loss: 0.2640, dev_score: {'accuracy': 0.924747223603514, 'balanced_accuracy': 0.9234407940632924, 'f1_macro': 0.9240754463430889, 'f1_micro': 0.924747223603514, 'f1_weighted': 0.9248245692353765, 'precision_macro': 0.9253922023019339, 'precision_micro': 0.924747223603514, 'precision_weighted': 0.9255547298955134, 'recall_macro': 0.9234407940632924, 'recall_micro': 0.924747223603514, 'recall_weighted': 0.924747223603514}
Saving model...
Model saved!
-------------------------------------------
-----------------------
Epoch 55/100
Training statistic: Loss: 0.5685, train_score: {'accuracy': 0.8570028683790414, 'balanced_accuracy': 0.8502726741634155, 'f1_macro': 0.858372321818527, 'f1_micro': 0.8570028683790414, 'f1_weighted': 0.856724711538479, 'precision_macro': 0.8685387678861289, 'precision_micro': 0.8570028683790414, 'precision_weighted': 0.8582757007476632, 'recall_macro': 0.8502726741634155, 'recall_micro': 0.8570028683790414, 'recall_weighted': 0.8570028683790414}
Validation statistic: Loss: 0.2621, dev_score: {'accuracy': 0.9259075087021382, 'balanced_accuracy': 0.9248128089565991, 'f1_macro': 0.9252431942690116, 'f1_micro': 0.9259075087021382, 'f1_weighted': 0.925939604089304, 'precision_macro': 0.926164062224769, 'precision_micro': 0.9259075087021382, 'precision_weighted': 0.9264327071781794, 'recall_macro': 0.9248128089565991, 'recall_micro': 0.9259075087021382, 'recall_weighted': 0.9259075087021382}
Saving model...
Model saved!
-------------------------------------------
-----------------------
Epoch 56/100
Training statistic: Loss: 0.5693, train_score: {'accuracy': 0.8570937220138357, 'balanced_accuracy': 0.8500437564675899, 'f1_macro': 0.8580670444094667, 'f1_micro': 0.8570937220138357, 'f1_weighted': 0.856869503155392, 'precision_macro': 0.868162360209717, 'precision_micro': 0.8570937220138357, 'precision_weighted': 0.8583665099784809, 'recall_macro': 0.8500437564675899, 'recall_micro': 0.8570937220138357, 'recall_weighted': 0.8570937220138357}
Validation statistic: Loss: 0.2651, dev_score: {'accuracy': 0.9257417536880491, 'balanced_accuracy': 0.9245595277320382, 'f1_macro': 0.9250087405183678, 'f1_micro': 0.9257417536880491, 'f1_weighted': 0.925771335469251, 'precision_macro': 0.9261686491358851, 'precision_micro': 0.9257417536880491, 'precision_weighted': 0.9264811453968964, 'recall_macro': 0.9245595277320382, 'recall_micro': 0.9257417536880491, 'recall_weighted': 0.9257417536880491}
-----------------------
Epoch 57/100
Training statistic: Loss: 0.5746, train_score: {'accuracy': 0.8573792620089037, 'balanced_accuracy': 0.8510479340293327, 'f1_macro': 0.858451069217746, 'f1_micro': 0.8573792620089037, 'f1_weighted': 0.8572346870723553, 'precision_macro': 0.8675794575196836, 'precision_micro': 0.8573792620089037, 'precision_weighted': 0.8584426842433783, 'recall_macro': 0.8510479340293327, 'recall_micro': 0.8573792620089037, 'recall_weighted': 0.8573792620089037}
Validation statistic: Loss: 0.2667, dev_score: {'accuracy': 0.9260732637162274, 'balanced_accuracy': 0.9249161587962289, 'f1_macro': 0.9254603686223577, 'f1_micro': 0.9260732637162274, 'f1_weighted': 0.9261542276681756, 'precision_macro': 0.9265571576013277, 'precision_micro': 0.9260732637162274, 'precision_weighted': 0.9267540483005919, 'recall_macro': 0.9249161587962289, 'recall_micro': 0.9260732637162274, 'recall_weighted': 0.9260732637162274}
-----------------------
Epoch 58/100
Training statistic: Loss: 0.5670, train_score: {'accuracy': 0.8574895842797253, 'balanced_accuracy': 0.8511469227525275, 'f1_macro': 0.8586509135554454, 'f1_micro': 0.8574895842797253, 'f1_weighted': 0.8573144048233138, 'precision_macro': 0.8683823560322184, 'precision_micro': 0.8574895842797253, 'precision_weighted': 0.8589038468615781, 'recall_macro': 0.8511469227525275, 'recall_micro': 0.8574895842797253, 'recall_weighted': 0.8574895842797253}
Validation statistic: Loss: 0.2633, dev_score: {'accuracy': 0.9269020387866733, 'balanced_accuracy': 0.9256004927799781, 'f1_macro': 0.92624674661048, 'f1_micro': 0.9269020387866733, 'f1_weighted': 0.9269569462708245, 'precision_macro': 0.9276132768950867, 'precision_micro': 0.9269020387866733, 'precision_weighted': 0.9277097334800662, 'recall_macro': 0.9256004927799781, 'recall_micro': 0.9269020387866733, 'recall_weighted': 0.9269020387866733}
-----------------------
Epoch 59/100
Training statistic: Loss: 0.5666, train_score: {'accuracy': 0.8570288265604111, 'balanced_accuracy': 0.849781522929875, 'f1_macro': 0.8580116917500897, 'f1_micro': 0.8570288265604111, 'f1_weighted': 0.8566656605935722, 'precision_macro': 0.8686598286460716, 'precision_micro': 0.8570288265604111, 'precision_weighted': 0.858244659793846, 'recall_macro': 0.849781522929875, 'recall_micro': 0.8570288265604111, 'recall_weighted': 0.8570288265604111}
Validation statistic: Loss: 0.2643, dev_score: {'accuracy': 0.9242499585612465, 'balanced_accuracy': 0.9228834009892971, 'f1_macro': 0.9235171955309704, 'f1_micro': 0.9242499585612465, 'f1_weighted': 0.92419040941623, 'precision_macro': 0.9248953448894659, 'precision_micro': 0.9242499585612465, 'precision_weighted': 0.9248312164487624, 'recall_macro': 0.9228834009892971, 'recall_micro': 0.9242499585612465, 'recall_weighted': 0.9242499585612465}
-----------------------
Epoch 60/100
Training statistic: Loss: 0.5649, train_score: {'accuracy': 0.8577621451841084, 'balanced_accuracy': 0.8513081007632387, 'f1_macro': 0.8586522939632928, 'f1_micro': 0.8577621451841084, 'f1_weighted': 0.8576066053948074, 'precision_macro': 0.8684874191876929, 'precision_micro': 0.8577621451841084, 'precision_weighted': 0.8593778067918286, 'recall_macro': 0.8513081007632387, 'recall_micro': 0.8577621451841084, 'recall_weighted': 0.8577621451841084}
Validation statistic: Loss: 0.2584, dev_score: {'accuracy': 0.9267362837725841, 'balanced_accuracy': 0.9254796269065808, 'f1_macro': 0.9260923024584695, 'f1_micro': 0.9267362837725841, 'f1_weighted': 0.9268375571653842, 'precision_macro': 0.9274257579286955, 'precision_micro': 0.9267362837725841, 'precision_weighted': 0.9276289447202439, 'recall_macro': 0.9254796269065808, 'recall_micro': 0.9267362837725841, 'recall_weighted': 0.9267362837725841}
Saving model...
Model saved!
-------------------------------------------
-----------------------
Epoch 61/100
Training statistic: Loss: 0.5629, train_score: {'accuracy': 0.8584370578997236, 'balanced_accuracy': 0.851112038128005, 'f1_macro': 0.8594898125993067, 'f1_micro': 0.8584370578997236, 'f1_weighted': 0.8582696842382947, 'precision_macro': 0.8704835886448693, 'precision_micro': 0.8584370578997236, 'precision_weighted': 0.8600831852326946, 'recall_macro': 0.851112038128005, 'recall_micro': 0.8584370578997236, 'recall_weighted': 0.8584370578997236}
Validation statistic: Loss: 0.2606, dev_score: {'accuracy': 0.9249129786176031, 'balanced_accuracy': 0.923821831791489, 'f1_macro': 0.9243504511676548, 'f1_micro': 0.9249129786176031, 'f1_weighted': 0.9249479166746275, 'precision_macro': 0.9254037704244367, 'precision_micro': 0.9249129786176031, 'precision_weighted': 0.9254785671530066, 'recall_macro': 0.923821831791489, 'recall_micro': 0.9249129786176031, 'recall_weighted': 0.9249129786176031}
-----------------------
Epoch 62/100
Training statistic: Loss: 0.5642, train_score: {'accuracy': 0.8591833556141056, 'balanced_accuracy': 0.8527245182355335, 'f1_macro': 0.8603651663166316, 'f1_micro': 0.8591833556141056, 'f1_weighted': 0.8590241640607977, 'precision_macro': 0.8701053261904865, 'precision_micro': 0.8591833556141056, 'precision_weighted': 0.8604052749113653, 'recall_macro': 0.8527245182355335, 'recall_micro': 0.8591833556141056, 'recall_weighted': 0.8591833556141056}
Validation statistic: Loss: 0.2590, dev_score: {'accuracy': 0.9282280788993867, 'balanced_accuracy': 0.9270913770810953, 'f1_macro': 0.9275957261077235, 'f1_micro': 0.9282280788993867, 'f1_weighted': 0.9282375157998464, 'precision_macro': 0.9286882731011341, 'precision_micro': 0.9282280788993867, 'precision_weighted': 0.9287993314171895, 'recall_macro': 0.9270913770810953, 'recall_micro': 0.9282280788993867, 'recall_weighted': 0.9282280788993867}
-----------------------
Epoch 63/100
Training statistic: Loss: 0.5637, train_score: {'accuracy': 0.8577621451841084, 'balanced_accuracy': 0.8495242679840596, 'f1_macro': 0.8586018599462536, 'f1_micro': 0.8577621451841084, 'f1_weighted': 0.8575162299544615, 'precision_macro': 0.8703734471502157, 'precision_micro': 0.8577621451841084, 'precision_weighted': 0.8594388391465945, 'recall_macro': 0.8495242679840596, 'recall_micro': 0.8577621451841084, 'recall_weighted': 0.8577621451841084}
Validation statistic: Loss: 0.2622, dev_score: {'accuracy': 0.9272335488148516, 'balanced_accuracy': 0.9261441407920536, 'f1_macro': 0.9265734641977325, 'f1_micro': 0.9272335488148516, 'f1_weighted': 0.9272099375770521, 'precision_macro': 0.9276851890340791, 'precision_micro': 0.9272335488148516, 'precision_weighted': 0.9278378287785694, 'recall_macro': 0.9261441407920536, 'recall_micro': 0.9272335488148516, 'recall_weighted': 0.9272335488148516}
-----------------------
Epoch 64/100
Training statistic: Loss: 0.5634, train_score: {'accuracy': 0.8588199410749283, 'balanced_accuracy': 0.8515386110945574, 'f1_macro': 0.8597452302397572, 'f1_micro': 0.8588199410749283, 'f1_weighted': 0.8587511409052517, 'precision_macro': 0.8702869361894944, 'precision_micro': 0.8588199410749283, 'precision_weighted': 0.8603762204566004, 'recall_macro': 0.8515386110945574, 'recall_micro': 0.8588199410749283, 'recall_weighted': 0.8588199410749283}
Validation statistic: Loss: 0.2611, dev_score: {'accuracy': 0.9269020387866733, 'balanced_accuracy': 0.9256958827674735, 'f1_macro': 0.9263303024543778, 'f1_micro': 0.9269020387866733, 'f1_weighted': 0.9269566859976515, 'precision_macro': 0.9276642322393774, 'precision_micro': 0.9269020387866733, 'precision_weighted': 0.9276760172706425, 'recall_macro': 0.9256958827674735, 'recall_micro': 0.9269020387866733, 'recall_weighted': 0.9269020387866733}
-----------------------
Epoch 65/100
Training statistic: Loss: 0.5614, train_score: {'accuracy': 0.8581839656313679, 'balanced_accuracy': 0.8505000400689923, 'f1_macro': 0.8593292930090509, 'f1_micro': 0.8581839656313679, 'f1_weighted': 0.8579760904377566, 'precision_macro': 0.8707327574783305, 'precision_micro': 0.8581839656313679, 'precision_weighted': 0.8598343131473882, 'recall_macro': 0.8505000400689923, 'recall_micro': 0.8581839656313679, 'recall_weighted': 0.8581839656313679}
Validation statistic: Loss: 0.2621, dev_score: {'accuracy': 0.9262390187303166, 'balanced_accuracy': 0.9248997183087733, 'f1_macro': 0.9255323715624846, 'f1_micro': 0.9262390187303166, 'f1_weighted': 0.9262579049905949, 'precision_macro': 0.9270005159246233, 'precision_micro': 0.9262390187303166, 'precision_weighted': 0.9270709898540485, 'recall_macro': 0.9248997183087733, 'recall_micro': 0.9262390187303166, 'recall_weighted': 0.9262390187303166}
-----------------------
Epoch 66/100
Training statistic: Loss: 0.5625, train_score: {'accuracy': 0.8584695056264358, 'balanced_accuracy': 0.8507082805156314, 'f1_macro': 0.8592830171103645, 'f1_micro': 0.8584695056264358, 'f1_weighted': 0.8582434517153682, 'precision_macro': 0.8705409583825547, 'precision_micro': 0.8584695056264358, 'precision_weighted': 0.8601698750919804, 'recall_macro': 0.8507082805156314, 'recall_micro': 0.8584695056264358, 'recall_weighted': 0.8584695056264358}
Validation statistic: Loss: 0.2597, dev_score: {'accuracy': 0.9255759986739599, 'balanced_accuracy': 0.9242194454458128, 'f1_macro': 0.9249329401701869, 'f1_micro': 0.9255759986739599, 'f1_weighted': 0.9256056894872715, 'precision_macro': 0.926323828777002, 'precision_micro': 0.9255759986739599, 'precision_weighted': 0.9262836151482452, 'recall_macro': 0.9242194454458128, 'recall_micro': 0.9255759986739599, 'recall_weighted': 0.9255759986739599}
-----------------------
Epoch 67/100
Training statistic: Loss: 0.5606, train_score: {'accuracy': 0.8592093137954755, 'balanced_accuracy': 0.8519580231078571, 'f1_macro': 0.8604766124224408, 'f1_micro': 0.8592093137954755, 'f1_weighted': 0.8591665805459493, 'precision_macro': 0.8709861684724644, 'precision_micro': 0.8592093137954755, 'precision_weighted': 0.8606760853112307, 'recall_macro': 0.8519580231078571, 'recall_micro': 0.8592093137954755, 'recall_weighted': 0.8592093137954755}
Validation statistic: Loss: 0.2589, dev_score: {'accuracy': 0.9269020387866733, 'balanced_accuracy': 0.925736663260273, 'f1_macro': 0.9262599681600326, 'f1_micro': 0.9269020387866733, 'f1_weighted': 0.9269971992808924, 'precision_macro': 0.9273032872709612, 'precision_micro': 0.9269020387866733, 'precision_weighted': 0.9275884837715298, 'recall_macro': 0.925736663260273, 'recall_micro': 0.9269020387866733, 'recall_weighted': 0.9269020387866733}
-----------------------
Epoch 68/100
Training statistic: Loss: 0.5556, train_score: {'accuracy': 0.8601178501434189, 'balanced_accuracy': 0.8533365631650787, 'f1_macro': 0.8608406104411387, 'f1_micro': 0.8601178501434189, 'f1_weighted': 0.8597316981997842, 'precision_macro': 0.8706941996174844, 'precision_micro': 0.8601178501434189, 'precision_weighted': 0.861122350697004, 'recall_macro': 0.8533365631650787, 'recall_micro': 0.8601178501434189, 'recall_weighted': 0.8601178501434189}
Validation statistic: Loss: 0.2598, dev_score: {'accuracy': 0.9260732637162274, 'balanced_accuracy': 0.9248244948022751, 'f1_macro': 0.9253122640594811, 'f1_micro': 0.9260732637162274, 'f1_weighted': 0.9260179497872525, 'precision_macro': 0.9265728829399456, 'precision_micro': 0.9260732637162274, 'precision_weighted': 0.926694080090272, 'recall_macro': 0.9248244948022751, 'recall_micro': 0.9260732637162274, 'recall_weighted': 0.9260732637162274}
-----------------------
Epoch 69/100
Training statistic: Loss: 0.5616, train_score: {'accuracy': 0.8600529546899944, 'balanced_accuracy': 0.8538418626682311, 'f1_macro': 0.8608779412217599, 'f1_micro': 0.8600529546899944, 'f1_weighted': 0.8599123489407866, 'precision_macro': 0.8700750589147962, 'precision_micro': 0.8600529546899944, 'precision_weighted': 0.8613127858741728, 'recall_macro': 0.8538418626682311, 'recall_micro': 0.8600529546899944, 'recall_weighted': 0.8600529546899944}
Validation statistic: Loss: 0.2576, dev_score: {'accuracy': 0.92756505884303, 'balanced_accuracy': 0.9263467625018935, 'f1_macro': 0.9268806825550806, 'f1_micro': 0.92756505884303, 'f1_weighted': 0.9275421478214244, 'precision_macro': 0.9278976930791802, 'precision_micro': 0.92756505884303, 'precision_weighted': 0.9279883649397448, 'recall_macro': 0.9263467625018935, 'recall_micro': 0.92756505884303, 'recall_weighted': 0.92756505884303}
Saving model...
Model saved!
-------------------------------------------
-----------------------
Epoch 70/100
Training statistic: Loss: 0.5592, train_score: {'accuracy': 0.8579763001804094, 'balanced_accuracy': 0.8510601077577988, 'f1_macro': 0.8590834336414321, 'f1_micro': 0.8579763001804094, 'f1_weighted': 0.8577337861313746, 'precision_macro': 0.8694589219903186, 'precision_micro': 0.8579763001804094, 'precision_weighted': 0.8595267798817825, 'recall_macro': 0.8510601077577988, 'recall_micro': 0.8579763001804094, 'recall_weighted': 0.8579763001804094}
Validation statistic: Loss: 0.2622, dev_score: {'accuracy': 0.9264047737444058, 'balanced_accuracy': 0.9251871010357382, 'f1_macro': 0.925728912243132, 'f1_micro': 0.9264047737444058, 'f1_weighted': 0.9263998882043024, 'precision_macro': 0.9269422583450169, 'precision_micro': 0.9264047737444058, 'precision_weighted': 0.9270377208209301, 'recall_macro': 0.9251871010357382, 'recall_micro': 0.9264047737444058, 'recall_weighted': 0.9264047737444058}
-----------------------
Epoch 71/100
Training statistic: Loss: 0.5603, train_score: {'accuracy': 0.8607862733136916, 'balanced_accuracy': 0.8550236353050499, 'f1_macro': 0.8620153945606823, 'f1_micro': 0.8607862733136916, 'f1_weighted': 0.8605997542618207, 'precision_macro': 0.8706474281394735, 'precision_micro': 0.8607862733136916, 'precision_weighted': 0.8617492819780911, 'recall_macro': 0.8550236353050499, 'recall_micro': 0.8607862733136916, 'recall_weighted': 0.8607862733136916}
Validation statistic: Loss: 0.2568, dev_score: {'accuracy': 0.9287253439416542, 'balanced_accuracy': 0.9276097975767422, 'f1_macro': 0.9280162669920646, 'f1_micro': 0.9287253439416542, 'f1_weighted': 0.9286557233882119, 'precision_macro': 0.9287732223481996, 'precision_micro': 0.9287253439416542, 'precision_weighted': 0.9289209682715152, 'recall_macro': 0.9276097975767422, 'recall_micro': 0.9287253439416542, 'recall_weighted': 0.9287253439416542}
Saving model...
Model saved!
-------------------------------------------
-----------------------
Epoch 72/100
Training statistic: Loss: 0.5596, train_score: {'accuracy': 0.8614611860293068, 'balanced_accuracy': 0.8551313080360765, 'f1_macro': 0.862299847071381, 'f1_micro': 0.8614611860293068, 'f1_weighted': 0.8612027702273095, 'precision_macro': 0.8718255909088602, 'precision_micro': 0.8614611860293068, 'precision_weighted': 0.8627413371647598, 'recall_macro': 0.8551313080360765, 'recall_micro': 0.8614611860293068, 'recall_weighted': 0.8614611860293068}
Validation statistic: Loss: 0.2564, dev_score: {'accuracy': 0.9282280788993867, 'balanced_accuracy': 0.9269956389427124, 'f1_macro': 0.9275424378653592, 'f1_micro': 0.9282280788993867, 'f1_weighted': 0.9282540046073428, 'precision_macro': 0.9286967951432752, 'precision_micro': 0.9282280788993867, 'precision_weighted': 0.9288671762949855, 'recall_macro': 0.9269956389427124, 'recall_micro': 0.9282280788993867, 'recall_weighted': 0.9282280788993867}
Saving model...
Model saved!
-------------------------------------------
-----------------------
Epoch 73/100
Training statistic: Loss: 0.5594, train_score: {'accuracy': 0.861221072851636, 'balanced_accuracy': 0.8547247902085692, 'f1_macro': 0.8620695102632425, 'f1_micro': 0.861221072851636, 'f1_weighted': 0.861007429756745, 'precision_macro': 0.8719233117073699, 'precision_micro': 0.861221072851636, 'precision_weighted': 0.8626119072090341, 'recall_macro': 0.8547247902085692, 'recall_micro': 0.861221072851636, 'recall_weighted': 0.861221072851636}
Validation statistic: Loss: 0.2564, dev_score: {'accuracy': 0.926570528758495, 'balanced_accuracy': 0.9252184850972679, 'f1_macro': 0.9258719602548717, 'f1_micro': 0.926570528758495, 'f1_weighted': 0.9265773731411968, 'precision_macro': 0.9272996162306132, 'precision_micro': 0.926570528758495, 'precision_weighted': 0.9273285554745847, 'recall_macro': 0.9252184850972679, 'recall_micro': 0.926570528758495, 'recall_weighted': 0.926570528758495}
Saving model...
Model saved!
-------------------------------------------
-----------------------
Epoch 74/100
Training statistic: Loss: 0.5619, train_score: {'accuracy': 0.8606175451347878, 'balanced_accuracy': 0.8528135592576399, 'f1_macro': 0.8613807379967966, 'f1_micro': 0.8606175451347878, 'f1_weighted': 0.8604020619632676, 'precision_macro': 0.8730093992082765, 'precision_micro': 0.8606175451347878, 'precision_weighted': 0.8623413930434338, 'recall_macro': 0.8528135592576399, 'recall_micro': 0.8606175451347878, 'recall_weighted': 0.8606175451347878}
Validation statistic: Loss: 0.2599, dev_score: {'accuracy': 0.9280623238852975, 'balanced_accuracy': 0.9267529717467895, 'f1_macro': 0.927398926613072, 'f1_micro': 0.9280623238852975, 'f1_weighted': 0.9280649516039032, 'precision_macro': 0.9287802421043232, 'precision_micro': 0.9280623238852975, 'precision_weighted': 0.9287698889856317, 'recall_macro': 0.9267529717467895, 'recall_micro': 0.9280623238852975, 'recall_weighted': 0.9280623238852975}
-----------------------
Epoch 75/100
Training statistic: Loss: 0.5592, train_score: {'accuracy': 0.8612664996690332, 'balanced_accuracy': 0.8543481583876616, 'f1_macro': 0.8623354791015803, 'f1_micro': 0.8612664996690332, 'f1_weighted': 0.8611093828884966, 'precision_macro': 0.8726888727688461, 'precision_micro': 0.8612664996690332, 'precision_weighted': 0.8627795053119727, 'recall_macro': 0.8543481583876616, 'recall_micro': 0.8612664996690332, 'recall_weighted': 0.8612664996690332}
Validation statistic: Loss: 0.2559, dev_score: {'accuracy': 0.9295541190121002, 'balanced_accuracy': 0.928280969719151, 'f1_macro': 0.9288170205071445, 'f1_micro': 0.9295541190121002, 'f1_weighted': 0.9295410710320838, 'precision_macro': 0.9299043974317283, 'precision_micro': 0.9295541190121002, 'precision_weighted': 0.9300556226242261, 'recall_macro': 0.928280969719151, 'recall_micro': 0.9295541190121002, 'recall_weighted': 0.9295541190121002}
Saving model...
Model saved!
-------------------------------------------
-----------------------
Epoch 76/100
Training statistic: Loss: 0.5580, train_score: {'accuracy': 0.8618246005684842, 'balanced_accuracy': 0.8551448931561527, 'f1_macro': 0.8631815235891794, 'f1_micro': 0.8618246005684842, 'f1_weighted': 0.8616782589147254, 'precision_macro': 0.8733310607698239, 'precision_micro': 0.8618246005684842, 'precision_weighted': 0.8632364439040133, 'recall_macro': 0.8551448931561527, 'recall_micro': 0.8618246005684842, 'recall_weighted': 0.8618246005684842}
Validation statistic: Loss: 0.2561, dev_score: {'accuracy': 0.9259075087021382, 'balanced_accuracy': 0.9245820816881023, 'f1_macro': 0.9252871232359444, 'f1_micro': 0.9259075087021382, 'f1_weighted': 0.9259573840852071, 'precision_macro': 0.9266161696390647, 'precision_micro': 0.9259075087021382, 'precision_weighted': 0.9265994703688457, 'recall_macro': 0.9245820816881023, 'recall_micro': 0.9259075087021382, 'recall_weighted': 0.9259075087021382}
-----------------------
Epoch 77/100
Training statistic: Loss: 0.5567, train_score: {'accuracy': 0.8623697223772503, 'balanced_accuracy': 0.8547722213728421, 'f1_macro': 0.8631753156124669, 'f1_micro': 0.8623697223772503, 'f1_weighted': 0.862090355063489, 'precision_macro': 0.8741417388141557, 'precision_micro': 0.8623697223772503, 'precision_weighted': 0.8636907853178484, 'recall_macro': 0.8547722213728421, 'recall_micro': 0.8623697223772503, 'recall_weighted': 0.8623697223772503}
Validation statistic: Loss: 0.2569, dev_score: {'accuracy': 0.9270677938007624, 'balanced_accuracy': 0.9258926571668351, 'f1_macro': 0.9264149214850779, 'f1_micro': 0.9270677938007624, 'f1_weighted': 0.9270625573600809, 'precision_macro': 0.9274669785030915, 'precision_micro': 0.9270677938007624, 'precision_weighted': 0.9275586797527255, 'recall_macro': 0.9258926571668351, 'recall_micro': 0.9270677938007624, 'recall_weighted': 0.9270677938007624}
-----------------------
Epoch 78/100
Training statistic: Loss: 0.5573, train_score: {'accuracy': 0.8612405414876634, 'balanced_accuracy': 0.8537164308859522, 'f1_macro': 0.8622193797618832, 'f1_micro': 0.8612405414876634, 'f1_weighted': 0.8611454160902223, 'precision_macro': 0.873127774517083, 'precision_micro': 0.8612405414876634, 'precision_weighted': 0.8629039968560392, 'recall_macro': 0.8537164308859522, 'recall_micro': 0.8612405414876634, 'recall_weighted': 0.8612405414876634}
Validation statistic: Loss: 0.2552, dev_score: {'accuracy': 0.9283938339134759, 'balanced_accuracy': 0.9272587780080161, 'f1_macro': 0.9277776174183614, 'f1_micro': 0.9283938339134759, 'f1_weighted': 0.9283824261210957, 'precision_macro': 0.9287941352563445, 'precision_micro': 0.9283938339134759, 'precision_weighted': 0.9288476982918398, 'recall_macro': 0.9272587780080161, 'recall_micro': 0.9283938339134759, 'recall_weighted': 0.9283938339134759}
Saving model...
Model saved!
-------------------------------------------
-----------------------
Epoch 79/100
Training statistic: Loss: 0.5576, train_score: {'accuracy': 0.8619479019299908, 'balanced_accuracy': 0.8546621323776794, 'f1_macro': 0.8628899611631746, 'f1_micro': 0.8619479019299908, 'f1_weighted': 0.861857495139764, 'precision_macro': 0.8735903321720924, 'precision_micro': 0.8619479019299908, 'precision_weighted': 0.8635333101959964, 'recall_macro': 0.8546621323776794, 'recall_micro': 0.8619479019299908, 'recall_weighted': 0.8619479019299908}
Validation statistic: Loss: 0.2535, dev_score: {'accuracy': 0.9282280788993867, 'balanced_accuracy': 0.9269901858612896, 'f1_macro': 0.9273099122057108, 'f1_micro': 0.9282280788993867, 'f1_weighted': 0.9281548225787655, 'precision_macro': 0.9283249079780742, 'precision_micro': 0.9282280788993867, 'precision_weighted': 0.9287413372052807, 'recall_macro': 0.9269901858612896, 'recall_micro': 0.9282280788993867, 'recall_weighted': 0.9282280788993867}
Saving model...
Model saved!
-------------------------------------------
-----------------------
Epoch 80/100
Training statistic: Loss: 0.5525, train_score: {'accuracy': 0.8619154542032785, 'balanced_accuracy': 0.8549715168381594, 'f1_macro': 0.8628651766979608, 'f1_micro': 0.8619154542032785, 'f1_weighted': 0.8616171516985903, 'precision_macro': 0.8735864690966741, 'precision_micro': 0.8619154542032785, 'precision_weighted': 0.8635601969328796, 'recall_macro': 0.8549715168381594, 'recall_micro': 0.8619154542032785, 'recall_weighted': 0.8619154542032785}
Validation statistic: Loss: 0.2527, dev_score: {'accuracy': 0.9277308138571192, 'balanced_accuracy': 0.9262902086883514, 'f1_macro': 0.9269721336502998, 'f1_micro': 0.9277308138571192, 'f1_weighted': 0.9277076351176626, 'precision_macro': 0.9282615395032121, 'precision_micro': 0.9277308138571192, 'precision_weighted': 0.9282682875346802, 'recall_macro': 0.9262902086883514, 'recall_micro': 0.9277308138571192, 'recall_weighted': 0.9277308138571192}
Saving model...
Model saved!
-------------------------------------------
-----------------------
Epoch 81/100
Training statistic: Loss: 0.5577, train_score: {'accuracy': 0.8617337469336899, 'balanced_accuracy': 0.8548254749409974, 'f1_macro': 0.8630135810275055, 'f1_micro': 0.8617337469336899, 'f1_weighted': 0.8617482575446804, 'precision_macro': 0.8735731069113992, 'precision_micro': 0.8617337469336899, 'precision_weighted': 0.8636257239979813, 'recall_macro': 0.8548254749409974, 'recall_micro': 0.8617337469336899, 'recall_weighted': 0.8617337469336899}
Validation statistic: Loss: 0.2566, dev_score: {'accuracy': 0.9272335488148516, 'balanced_accuracy': 0.925839019934533, 'f1_macro': 0.9265688821350601, 'f1_micro': 0.9272335488148516, 'f1_weighted': 0.9273308567945517, 'precision_macro': 0.927973679450775, 'precision_micro': 0.9272335488148516, 'precision_weighted': 0.9280848265645277, 'recall_macro': 0.925839019934533, 'recall_micro': 0.9272335488148516, 'recall_weighted': 0.9272335488148516}
-----------------------
Epoch 82/100
Training statistic: Loss: 0.5559, train_score: {'accuracy': 0.8625319610108115, 'balanced_accuracy': 0.8562981840946, 'f1_macro': 0.8633271440753228, 'f1_micro': 0.8625319610108115, 'f1_weighted': 0.8624342700168477, 'precision_macro': 0.872516816311348, 'precision_micro': 0.8625319610108115, 'precision_weighted': 0.8638718446487793, 'recall_macro': 0.8562981840946, 'recall_micro': 0.8625319610108115, 'recall_weighted': 0.8625319610108115}
Validation statistic: Loss: 0.2550, dev_score: {'accuracy': 0.9283938339134759, 'balanced_accuracy': 0.9270796024703675, 'f1_macro': 0.9277572031232622, 'f1_micro': 0.9283938339134759, 'f1_weighted': 0.9284242575633694, 'precision_macro': 0.9291264132479231, 'precision_micro': 0.9283938339134759, 'precision_weighted': 0.9291201431231108, 'recall_macro': 0.9270796024703675, 'recall_micro': 0.9283938339134759, 'recall_weighted': 0.9283938339134759}
-----------------------
Epoch 83/100
Training statistic: Loss: 0.5547, train_score: {'accuracy': 0.8634080496320428, 'balanced_accuracy': 0.8570677387696293, 'f1_macro': 0.8644928172095698, 'f1_micro': 0.8634080496320428, 'f1_weighted': 0.8631347885982391, 'precision_macro': 0.8741998044243585, 'precision_micro': 0.8634080496320428, 'precision_weighted': 0.8646788785673509, 'recall_macro': 0.8570677387696293, 'recall_micro': 0.8634080496320428, 'recall_weighted': 0.8634080496320428}
Validation statistic: Loss: 0.2528, dev_score: {'accuracy': 0.9295541190121002, 'balanced_accuracy': 0.9283392431871007, 'f1_macro': 0.9289069785016384, 'f1_micro': 0.9295541190121002, 'f1_weighted': 0.9295661376014078, 'precision_macro': 0.9301332338469122, 'precision_micro': 0.9295541190121002, 'precision_weighted': 0.930211616811741, 'recall_macro': 0.9283392431871007, 'recall_micro': 0.9295541190121002, 'recall_weighted': 0.9295541190121002}
-----------------------
Epoch 84/100
Training statistic: Loss: 0.5562, train_score: {'accuracy': 0.862337274650538, 'balanced_accuracy': 0.8549949823547877, 'f1_macro': 0.8633110017509017, 'f1_micro': 0.862337274650538, 'f1_weighted': 0.8621159219778671, 'precision_macro': 0.8740174269317199, 'precision_micro': 0.862337274650538, 'precision_weighted': 0.8638439921803754, 'recall_macro': 0.8549949823547877, 'recall_micro': 0.862337274650538, 'recall_weighted': 0.862337274650538}
Validation statistic: Loss: 0.2547, dev_score: {'accuracy': 0.9273993038289409, 'balanced_accuracy': 0.9262183679792969, 'f1_macro': 0.92678538153803, 'f1_micro': 0.9273993038289409, 'f1_weighted': 0.9274124810338201, 'precision_macro': 0.9280337603516069, 'precision_micro': 0.9273993038289409, 'precision_weighted': 0.9280784409477284, 'recall_macro': 0.9262183679792969, 'recall_micro': 0.9273993038289409, 'recall_weighted': 0.9273993038289409}
-----------------------
Epoch 85/100
Training statistic: Loss: 0.5547, train_score: {'accuracy': 0.8640894518930003, 'balanced_accuracy': 0.8585488912531396, 'f1_macro': 0.8653504045718508, 'f1_micro': 0.8640894518930003, 'f1_weighted': 0.8638633920022515, 'precision_macro': 0.873673183269022, 'precision_micro': 0.8640894518930003, 'precision_weighted': 0.864930223288914, 'recall_macro': 0.8585488912531396, 'recall_micro': 0.8640894518930003, 'recall_weighted': 0.8640894518930003}
Validation statistic: Loss: 0.2521, dev_score: {'accuracy': 0.9297198740261893, 'balanced_accuracy': 0.928484497935244, 'f1_macro': 0.9290817124072831, 'f1_micro': 0.9297198740261893, 'f1_weighted': 0.9296854958880703, 'precision_macro': 0.9301719262250006, 'precision_micro': 0.9297198740261893, 'precision_weighted': 0.9301226833264493, 'recall_macro': 0.928484497935244, 'recall_micro': 0.9297198740261893, 'recall_weighted': 0.9297198740261893}
Saving model...
Model saved!
-------------------------------------------
-----------------------
Epoch 86/100
Training statistic: Loss: 0.5473, train_score: {'accuracy': 0.8632198528171117, 'balanced_accuracy': 0.857594771392549, 'f1_macro': 0.8642696658044027, 'f1_micro': 0.8632198528171117, 'f1_weighted': 0.8629975262865784, 'precision_macro': 0.8729658871287966, 'precision_micro': 0.8632198528171117, 'precision_weighted': 0.8644703503115196, 'recall_macro': 0.857594771392549, 'recall_micro': 0.8632198528171117, 'recall_weighted': 0.8632198528171117}
Validation statistic: Loss: 0.2500, dev_score: {'accuracy': 0.9290568539698326, 'balanced_accuracy': 0.9279204509665359, 'f1_macro': 0.9284657637128472, 'f1_micro': 0.9290568539698326, 'f1_weighted': 0.9290390212120229, 'precision_macro': 0.9296129916398238, 'precision_micro': 0.9290568539698326, 'precision_weighted': 0.9296080112919473, 'recall_macro': 0.9279204509665359, 'recall_micro': 0.9290568539698326, 'recall_weighted': 0.9290568539698326}
Saving model...
Model saved!
-------------------------------------------
-----------------------
Epoch 87/100
Training statistic: Loss: 0.5540, train_score: {'accuracy': 0.862953781458071, 'balanced_accuracy': 0.8558392344609251, 'f1_macro': 0.8640352198978178, 'f1_micro': 0.862953781458071, 'f1_weighted': 0.862753984919484, 'precision_macro': 0.8744057418902569, 'precision_micro': 0.862953781458071, 'precision_weighted': 0.8642695462704573, 'recall_macro': 0.8558392344609251, 'recall_micro': 0.862953781458071, 'recall_weighted': 0.862953781458071}
Validation statistic: Loss: 0.2536, dev_score: {'accuracy': 0.9270677938007624, 'balanced_accuracy': 0.9258040814984512, 'f1_macro': 0.9263549953785768, 'f1_micro': 0.9270677938007624, 'f1_weighted': 0.9270633217555319, 'precision_macro': 0.927617261633468, 'precision_micro': 0.9270677938007624, 'precision_weighted': 0.9277348618471297, 'recall_macro': 0.9258040814984512, 'recall_micro': 0.9270677938007624, 'recall_weighted': 0.9270677938007624}
-----------------------
Epoch 88/100
Training statistic: Loss: 0.5572, train_score: {'accuracy': 0.8632263423624541, 'balanced_accuracy': 0.8562201771452926, 'f1_macro': 0.8642606923828484, 'f1_micro': 0.8632263423624541, 'f1_weighted': 0.8629954404636003, 'precision_macro': 0.8746120486136171, 'precision_micro': 0.8632263423624541, 'precision_weighted': 0.8646770120602707, 'recall_macro': 0.8562201771452926, 'recall_micro': 0.8632263423624541, 'recall_weighted': 0.8632263423624541}
Validation statistic: Loss: 0.2557, dev_score: {'accuracy': 0.9264047737444058, 'balanced_accuracy': 0.9250606772425656, 'f1_macro': 0.9257670046901281, 'f1_micro': 0.9264047737444058, 'f1_weighted': 0.9264297980870743, 'precision_macro': 0.9272491276223409, 'precision_micro': 0.9264047737444058, 'precision_weighted': 0.9271958943301677, 'recall_macro': 0.9250606772425656, 'recall_micro': 0.9264047737444058, 'recall_weighted': 0.9264047737444058}
-----------------------
Epoch 89/100
Training statistic: Loss: 0.5497, train_score: {'accuracy': 0.8640634937116306, 'balanced_accuracy': 0.8577845701263591, 'f1_macro': 0.8648255917565258, 'f1_micro': 0.8640634937116306, 'f1_weighted': 0.863848778218099, 'precision_macro': 0.8741397354248559, 'precision_micro': 0.8640634937116306, 'precision_weighted': 0.8652780831560491, 'recall_macro': 0.8577845701263591, 'recall_micro': 0.8640634937116306, 'recall_weighted': 0.8640634937116306}
Validation statistic: Loss: 0.2516, dev_score: {'accuracy': 0.9283938339134759, 'balanced_accuracy': 0.9270893267653596, 'f1_macro': 0.9276551794613674, 'f1_micro': 0.9283938339134759, 'f1_weighted': 0.9283453739088052, 'precision_macro': 0.9288500051390821, 'precision_micro': 0.9283938339134759, 'precision_weighted': 0.9288977290755046, 'recall_macro': 0.9270893267653596, 'recall_micro': 0.9283938339134759, 'recall_weighted': 0.9283938339134759}
-----------------------
Epoch 90/100
Training statistic: Loss: 0.5531, train_score: {'accuracy': 0.8643490337066985, 'balanced_accuracy': 0.8579349131846458, 'f1_macro': 0.8652883196802879, 'f1_micro': 0.8643490337066985, 'f1_weighted': 0.8641200596215238, 'precision_macro': 0.874614288541987, 'precision_micro': 0.8643490337066985, 'precision_weighted': 0.8654923329367459, 'recall_macro': 0.8579349131846458, 'recall_micro': 0.8643490337066985, 'recall_weighted': 0.8643490337066985}
Validation statistic: Loss: 0.2547, dev_score: {'accuracy': 0.9277308138571192, 'balanced_accuracy': 0.926449965232333, 'f1_macro': 0.9270450743771328, 'f1_micro': 0.9277308138571192, 'f1_weighted': 0.9277040811977187, 'precision_macro': 0.9281711590908941, 'precision_micro': 0.9277308138571192, 'precision_weighted': 0.9281915000076644, 'recall_macro': 0.926449965232333, 'recall_micro': 0.9277308138571192, 'recall_weighted': 0.9277308138571192}
-----------------------
Epoch 91/100
Training statistic: Loss: 0.5524, train_score: {'accuracy': 0.8633885809960155, 'balanced_accuracy': 0.856653348401102, 'f1_macro': 0.8641950177302832, 'f1_micro': 0.8633885809960155, 'f1_weighted': 0.8630582970501675, 'precision_macro': 0.8741956819444493, 'precision_micro': 0.8633885809960155, 'precision_weighted': 0.8646099657431942, 'recall_macro': 0.856653348401102, 'recall_micro': 0.8633885809960155, 'recall_weighted': 0.8633885809960155}
Validation statistic: Loss: 0.2541, dev_score: {'accuracy': 0.9298856290402785, 'balanced_accuracy': 0.9286343857533605, 'f1_macro': 0.9293167507923916, 'f1_micro': 0.9298856290402785, 'f1_weighted': 0.9298871922318657, 'precision_macro': 0.9306062352085342, 'precision_micro': 0.9298856290402785, 'precision_weighted': 0.9304713499349587, 'recall_macro': 0.9286343857533605, 'recall_micro': 0.9298856290402785, 'recall_weighted': 0.9298856290402785}
-----------------------
Epoch 92/100
Training statistic: Loss: 0.5567, train_score: {'accuracy': 0.8635053928121795, 'balanced_accuracy': 0.8559287125436302, 'f1_macro': 0.8648600220303786, 'f1_micro': 0.8635053928121795, 'f1_weighted': 0.8634352261932994, 'precision_macro': 0.8757972692324063, 'precision_micro': 0.8635053928121795, 'precision_weighted': 0.8650228038163611, 'recall_macro': 0.8559287125436302, 'recall_micro': 0.8635053928121795, 'recall_weighted': 0.8635053928121795}
Validation statistic: Loss: 0.2559, dev_score: {'accuracy': 0.9290568539698326, 'balanced_accuracy': 0.9278514440808339, 'f1_macro': 0.9284008760672808, 'f1_micro': 0.9290568539698326, 'f1_weighted': 0.9290983348887261, 'precision_macro': 0.9294989117894026, 'precision_micro': 0.9290568539698326, 'precision_weighted': 0.9296604013519231, 'recall_macro': 0.9278514440808339, 'recall_micro': 0.9290568539698326, 'recall_weighted': 0.9290568539698326}
-----------------------
Epoch 93/100
Training statistic: Loss: 0.5495, train_score: {'accuracy': 0.8645307409762872, 'balanced_accuracy': 0.8576044190867835, 'f1_macro': 0.8656130578772572, 'f1_micro': 0.8645307409762872, 'f1_weighted': 0.8643284435148227, 'precision_macro': 0.8759131975507989, 'precision_micro': 0.8645307409762872, 'precision_weighted': 0.8658603385269007, 'recall_macro': 0.8576044190867835, 'recall_micro': 0.8645307409762872, 'recall_weighted': 0.8645307409762872}
Validation statistic: Loss: 0.2518, dev_score: {'accuracy': 0.9308801591248135, 'balanced_accuracy': 0.9296500739278029, 'f1_macro': 0.9302431526096688, 'f1_micro': 0.9308801591248135, 'f1_weighted': 0.930851910887625, 'precision_macro': 0.9313638152500108, 'precision_micro': 0.9308801591248135, 'precision_weighted': 0.9313328941275308, 'recall_macro': 0.9296500739278029, 'recall_micro': 0.9308801591248135, 'recall_weighted': 0.9308801591248135}
-----------------------
Epoch 94/100
Training statistic: Loss: 0.5501, train_score: {'accuracy': 0.8636806105364259, 'balanced_accuracy': 0.8562040475471344, 'f1_macro': 0.8644492693339565, 'f1_micro': 0.8636806105364259, 'f1_weighted': 0.8634035103696601, 'precision_macro': 0.8755058356555147, 'precision_micro': 0.8636806105364259, 'precision_weighted': 0.8652006454026909, 'recall_macro': 0.8562040475471344, 'recall_micro': 0.8636806105364259, 'recall_weighted': 0.8636806105364259}
Validation statistic: Loss: 0.2523, dev_score: {'accuracy': 0.9292226089839217, 'balanced_accuracy': 0.9278643244904163, 'f1_macro': 0.9285115945716939, 'f1_micro': 0.9292226089839217, 'f1_weighted': 0.9292058968594556, 'precision_macro': 0.9298179380631744, 'precision_micro': 0.9292226089839217, 'precision_weighted': 0.9298161513322689, 'recall_macro': 0.9278643244904163, 'recall_micro': 0.9292226089839217, 'recall_weighted': 0.9292226089839217}
-----------------------
Epoch 95/100
Training statistic: Loss: 0.5490, train_score: {'accuracy': 0.8633171959972484, 'balanced_accuracy': 0.8552331423579664, 'f1_macro': 0.864175094930417, 'f1_micro': 0.8633171959972484, 'f1_weighted': 0.8630151085677558, 'precision_macro': 0.8761425987616223, 'precision_micro': 0.8633171959972484, 'precision_weighted': 0.8651040286517157, 'recall_macro': 0.8552331423579664, 'recall_micro': 0.8633171959972484, 'recall_weighted': 0.8633171959972484}
Validation statistic: Loss: 0.2545, dev_score: {'accuracy': 0.9283938339134759, 'balanced_accuracy': 0.9271348974940882, 'f1_macro': 0.927608205760478, 'f1_micro': 0.9283938339134759, 'f1_weighted': 0.9283202644079682, 'precision_macro': 0.9287880068288059, 'precision_micro': 0.9283938339134759, 'precision_weighted': 0.9289181637245325, 'recall_macro': 0.9271348974940882, 'recall_micro': 0.9283938339134759, 'recall_weighted': 0.9283938339134759}
-----------------------
Epoch 96/100
Training statistic: Loss: 0.5562, train_score: {'accuracy': 0.8654976832323128, 'balanced_accuracy': 0.8603080657899783, 'f1_macro': 0.8664874417109367, 'f1_micro': 0.8654976832323128, 'f1_weighted': 0.8653590814282827, 'precision_macro': 0.8743016823611457, 'precision_micro': 0.8654976832323128, 'precision_weighted': 0.8664036732536924, 'recall_macro': 0.8603080657899783, 'recall_micro': 0.8654976832323128, 'recall_weighted': 0.8654976832323128}
Validation statistic: Loss: 0.2537, dev_score: {'accuracy': 0.9297198740261893, 'balanced_accuracy': 0.9285180633539916, 'f1_macro': 0.9290369111290502, 'f1_micro': 0.9297198740261893, 'f1_weighted': 0.9296770044388496, 'precision_macro': 0.9299993861111424, 'precision_micro': 0.9297198740261893, 'precision_weighted': 0.9300610595483709, 'recall_macro': 0.9285180633539916, 'recall_micro': 0.9297198740261893, 'recall_weighted': 0.9297198740261893}
-----------------------
Epoch 97/100
Training statistic: Loss: 0.5473, train_score: {'accuracy': 0.864355523252041, 'balanced_accuracy': 0.8575551818987126, 'f1_macro': 0.8654115113851562, 'f1_micro': 0.864355523252041, 'f1_weighted': 0.8641397373307647, 'precision_macro': 0.8754152126292076, 'precision_micro': 0.864355523252041, 'precision_weighted': 0.8656191365489221, 'recall_macro': 0.8575551818987126, 'recall_micro': 0.864355523252041, 'recall_weighted': 0.864355523252041}
Validation statistic: Loss: 0.2524, dev_score: {'accuracy': 0.9262390187303166, 'balanced_accuracy': 0.9249143836025384, 'f1_macro': 0.925459891107154, 'f1_micro': 0.9262390187303166, 'f1_weighted': 0.9262607113747852, 'precision_macro': 0.9267254564347507, 'precision_micro': 0.9262390187303166, 'precision_weighted': 0.9269636852920171, 'recall_macro': 0.9249143836025384, 'recall_micro': 0.9262390187303166, 'recall_weighted': 0.9262390187303166}
-----------------------
Epoch 98/100
Training statistic: Loss: 0.5485, train_score: {'accuracy': 0.8659908886783392, 'balanced_accuracy': 0.8593644885841014, 'f1_macro': 0.8666435643714363, 'f1_micro': 0.8659908886783392, 'f1_weighted': 0.8657939408803141, 'precision_macro': 0.8762231860983996, 'precision_micro': 0.8659908886783392, 'precision_weighted': 0.8673126984421295, 'recall_macro': 0.8593644885841014, 'recall_micro': 0.8659908886783392, 'recall_weighted': 0.8659908886783392}
Validation statistic: Loss: 0.2478, dev_score: {'accuracy': 0.9307144041107244, 'balanced_accuracy': 0.9294757296700464, 'f1_macro': 0.930059860714931, 'f1_micro': 0.9307144041107244, 'f1_weighted': 0.9307151184388736, 'precision_macro': 0.9311651021034602, 'precision_micro': 0.9307144041107244, 'precision_weighted': 0.9312151175997072, 'recall_macro': 0.9294757296700464, 'recall_micro': 0.9307144041107244, 'recall_weighted': 0.9307144041107244}
Saving model...
Model saved!
-------------------------------------------
-----------------------
Epoch 99/100
Training statistic: Loss: 0.5482, train_score: {'accuracy': 0.866159616857243, 'balanced_accuracy': 0.8602987133425126, 'f1_macro': 0.8671269894321847, 'f1_micro': 0.866159616857243, 'f1_weighted': 0.8660434636309791, 'precision_macro': 0.8760734346189907, 'precision_micro': 0.866159616857243, 'precision_weighted': 0.8675037797167329, 'recall_macro': 0.8602987133425126, 'recall_micro': 0.866159616857243, 'recall_weighted': 0.866159616857243}
Validation statistic: Loss: 0.2504, dev_score: {'accuracy': 0.9283938339134759, 'balanced_accuracy': 0.927154980418397, 'f1_macro': 0.9278433979795506, 'f1_micro': 0.9283938339134759, 'f1_weighted': 0.9284902671696437, 'precision_macro': 0.9292125647654258, 'precision_micro': 0.9283938339134759, 'precision_weighted': 0.9292427669860237, 'recall_macro': 0.927154980418397, 'recall_micro': 0.9283938339134759, 'recall_weighted': 0.9283938339134759}
-----------------------
Epoch 100/100
Training statistic: Loss: 0.5502, train_score: {'accuracy': 0.8651212896024505, 'balanced_accuracy': 0.857983726671032, 'f1_macro': 0.8657993867848051, 'f1_micro': 0.8651212896024505, 'f1_weighted': 0.8649394401299179, 'precision_macro': 0.876201558543954, 'precision_micro': 0.8651212896024505, 'precision_weighted': 0.8666228238480226, 'recall_macro': 0.857983726671032, 'recall_micro': 0.8651212896024505, 'recall_weighted': 0.8651212896024505}
Validation statistic: Loss: 0.2534, dev_score: {'accuracy': 0.9290568539698326, 'balanced_accuracy': 0.9277762552346532, 'f1_macro': 0.928376080161514, 'f1_micro': 0.9290568539698326, 'f1_weighted': 0.9290711184508332, 'precision_macro': 0.9296263714982127, 'precision_micro': 0.9290568539698326, 'precision_weighted': 0.9297075666093884, 'recall_macro': 0.9277762552346532, 'recall_micro': 0.9290568539698326, 'recall_weighted': 0.9290568539698326}
Testing statistic: loss: 0.2611420254757807, scores: {'accuracy': 0.9242378203180391, 'balanced_accuracy': 0.924084046865787, 'f1_macro': 0.9246094590394298, 'f1_micro': 0.9242378203180391, 'f1_weighted': 0.9245081141662095, 'precision_macro': 0.925799083672658, 'precision_micro': 0.9242378203180391, 'precision_weighted': 0.9254273278964985, 'recall_macro': 0.924084046865787, 'recall_micro': 0.9242378203180391, 'recall_weighted': 0.9242378203180391}
Finish training!
