=====Setting up data=====
Dataset name:credit
train_option:mix
augment_option:tvae_compare_gaussian
mix_ratio:-1
n_sample:-1
Training dataset size: 347520 samples
Validation dataset size: 27520 samples

=====Setting up parameters for training=====
num_epochs: 100
learning_rate: 0.001
patience: 30
early_stop_criterion: loss
=====Setting up trainer=====
input_size: 29
model: DNN_Adult
----------------------------------------------------------------
        Layer (type)               Output Shape         Param #
================================================================
            Linear-1                  [-1, 128]           3,840
       BatchNorm1d-2                  [-1, 128]             256
              ReLU-3                  [-1, 128]               0
           Dropout-4                  [-1, 128]               0
            Linear-5                   [-1, 64]           8,256
       BatchNorm1d-6                   [-1, 64]             128
              ReLU-7                   [-1, 64]               0
           Dropout-8                   [-1, 64]               0
            Linear-9                   [-1, 32]           2,080
      BatchNorm1d-10                   [-1, 32]              64
             ReLU-11                   [-1, 32]               0
          Dropout-12                   [-1, 32]               0
           Linear-13                   [-1, 16]             528
      BatchNorm1d-14                   [-1, 16]              32
             ReLU-15                   [-1, 16]               0
          Dropout-16                   [-1, 16]               0
           Linear-17                    [-1, 1]              17
          Sigmoid-18                    [-1, 1]               0
================================================================
Total params: 15,201
Trainable params: 15,201
Non-trainable params: 0
----------------------------------------------------------------
Input size (MB): 0.00
Forward/backward pass size (MB): 0.01
Params size (MB): 0.06
Estimated Total Size (MB): 0.07
----------------------------------------------------------------
=====Setting up output files=====
weight_dir, weight_file: /home/thuy/Research/minh_data_synth/TabularDA/output/corrected_v2/credit/weight/, credit_seed43_tvae_full_gaussian_mix.weights.pth
acc_dir, acc_file: /home/thuy/Research/minh_data_synth/TabularDA/output/corrected_v2/credit/acc/, credit_seed43_tvae_full_gaussian_mix.epochs.csv
report_file: credit_seed43_tvae_full_gaussian_mix.report.txt
==========================================================================================
Start training...
-----------------------
Epoch 1/100
Training statistic: Loss: 0.0064, train_score: {'accuracy': 0.9983045480713875, 'balanced_accuracy': 0.5, 'f1_macro': 0.49957577739332854, 'f1_micro': 0.9983045480713875, 'f1_weighted': 0.9974575413561179, 'f1_binary': 0.0, 'pr_auc': 0.24878944987346943, 'precision_macro': 0.49915227403569373, 'precision_micro': 0.9983045480713875, 'precision_weighted': 0.9966119707000172, 'precision_binary': 0.0, 'recall_macro': 0.5, 'recall_micro': 0.9983045480713875, 'recall_weighted': 0.9983045480713875, 'recall_binary': 0.0, 'roc_auc': 0.9565852493923056}
Validation statistic: Loss: 0.0086, dev_score: {'accuracy': 0.9980667517782236, 'balanced_accuracy': 0.5, 'f1_macro': 0.4995162203114446, 'f1_micro': 0.9980667517782236, 'f1_weighted': 0.9971010629335582, 'f1_binary': 0.0, 'pr_auc': 0.26938576645930196, 'precision_macro': 0.4990333758891118, 'precision_micro': 0.9980667517782236, 'precision_weighted': 0.9961372410051341, 'precision_binary': 0.0, 'recall_macro': 0.5, 'recall_micro': 0.9980667517782236, 'recall_weighted': 0.9980667517782236, 'recall_binary': 0.0, 'roc_auc': 0.9290042794510497}
Saving model...
Model saved!
-------------------------------------------
-----------------------
Epoch 2/100
Training statistic: Loss: 0.0065, train_score: {'accuracy': 0.9983045480713875, 'balanced_accuracy': 0.5, 'f1_macro': 0.49957577739332854, 'f1_micro': 0.9983045480713875, 'f1_weighted': 0.9974575413561179, 'f1_binary': 0.0, 'pr_auc': 0.2610853411073986, 'precision_macro': 0.49915227403569373, 'precision_micro': 0.9983045480713875, 'precision_weighted': 0.9966119707000172, 'precision_binary': 0.0, 'recall_macro': 0.5, 'recall_micro': 0.9983045480713875, 'recall_weighted': 0.9983045480713875, 'recall_binary': 0.0, 'roc_auc': 0.9796206183824436}
Validation statistic: Loss: 0.0093, dev_score: {'accuracy': 0.9980667517782236, 'balanced_accuracy': 0.5, 'f1_macro': 0.4995162203114446, 'f1_micro': 0.9980667517782236, 'f1_weighted': 0.9971010629335582, 'f1_binary': 0.0, 'pr_auc': 0.24516399297091265, 'precision_macro': 0.4990333758891118, 'precision_micro': 0.9980667517782236, 'precision_weighted': 0.9961372410051341, 'precision_binary': 0.0, 'recall_macro': 0.5, 'recall_micro': 0.9980667517782236, 'recall_weighted': 0.9980667517782236, 'recall_binary': 0.0, 'roc_auc': 0.9328079294655997}
-----------------------
Epoch 3/100
Training statistic: Loss: 0.0066, train_score: {'accuracy': 0.9983045480713875, 'balanced_accuracy': 0.5, 'f1_macro': 0.49957577739332854, 'f1_micro': 0.9983045480713875, 'f1_weighted': 0.9974575413561179, 'f1_binary': 0.0, 'pr_auc': 0.2232450557589491, 'precision_macro': 0.49915227403569373, 'precision_micro': 0.9983045480713875, 'precision_weighted': 0.9966119707000172, 'precision_binary': 0.0, 'recall_macro': 0.5, 'recall_micro': 0.9983045480713875, 'recall_weighted': 0.9983045480713875, 'recall_binary': 0.0, 'roc_auc': 0.9776124888071244}
Validation statistic: Loss: 0.0097, dev_score: {'accuracy': 0.9980667517782236, 'balanced_accuracy': 0.5, 'f1_macro': 0.4995162203114446, 'f1_micro': 0.9980667517782236, 'f1_weighted': 0.9971010629335582, 'f1_binary': 0.0, 'pr_auc': 0.20339874086838203, 'precision_macro': 0.4990333758891118, 'precision_micro': 0.9980667517782236, 'precision_weighted': 0.9961372410051341, 'precision_binary': 0.0, 'recall_macro': 0.5, 'recall_micro': 0.9980667517782236, 'recall_weighted': 0.9980667517782236, 'recall_binary': 0.0, 'roc_auc': 0.9265625237038561}
-----------------------
Epoch 4/100
Training statistic: Loss: 0.0071, train_score: {'accuracy': 0.9983045480713875, 'balanced_accuracy': 0.5, 'f1_macro': 0.49957577739332854, 'f1_micro': 0.9983045480713875, 'f1_weighted': 0.9974575413561179, 'f1_binary': 0.0, 'pr_auc': 0.16996914972305519, 'precision_macro': 0.49915227403569373, 'precision_micro': 0.9983045480713875, 'precision_weighted': 0.9966119707000172, 'precision_binary': 0.0, 'recall_macro': 0.5, 'recall_micro': 0.9983045480713875, 'recall_weighted': 0.9983045480713875, 'recall_binary': 0.0, 'roc_auc': 0.9758468402269314}
Validation statistic: Loss: 0.0104, dev_score: {'accuracy': 0.9980667517782236, 'balanced_accuracy': 0.5, 'f1_macro': 0.4995162203114446, 'f1_micro': 0.9980667517782236, 'f1_weighted': 0.9971010629335582, 'f1_binary': 0.0, 'pr_auc': 0.13632251877334156, 'precision_macro': 0.4990333758891118, 'precision_micro': 0.9980667517782236, 'precision_weighted': 0.9961372410051341, 'precision_binary': 0.0, 'recall_macro': 0.5, 'recall_micro': 0.9980667517782236, 'recall_weighted': 0.9980667517782236, 'recall_binary': 0.0, 'roc_auc': 0.9484886766249295}
-----------------------
Epoch 5/100
Training statistic: Loss: 0.0067, train_score: {'accuracy': 0.9983045480713875, 'balanced_accuracy': 0.5, 'f1_macro': 0.49957577739332854, 'f1_micro': 0.9983045480713875, 'f1_weighted': 0.9974575413561179, 'f1_binary': 0.0, 'pr_auc': 0.2267873888430214, 'precision_macro': 0.49915227403569373, 'precision_micro': 0.9983045480713875, 'precision_weighted': 0.9966119707000172, 'precision_binary': 0.0, 'recall_macro': 0.5, 'recall_micro': 0.9983045480713875, 'recall_weighted': 0.9983045480713875, 'recall_binary': 0.0, 'roc_auc': 0.979930551214591}
Validation statistic: Loss: 0.0098, dev_score: {'accuracy': 0.9980667517782236, 'balanced_accuracy': 0.5, 'f1_macro': 0.4995162203114446, 'f1_micro': 0.9980667517782236, 'f1_weighted': 0.9971010629335582, 'f1_binary': 0.0, 'pr_auc': 0.18522462819631663, 'precision_macro': 0.4990333758891118, 'precision_micro': 0.9980667517782236, 'precision_weighted': 0.9961372410051341, 'precision_binary': 0.0, 'recall_macro': 0.5, 'recall_micro': 0.9980667517782236, 'recall_weighted': 0.9980667517782236, 'recall_binary': 0.0, 'roc_auc': 0.9301579245696759}
-----------------------
Epoch 6/100
Training statistic: Loss: 0.0064, train_score: {'accuracy': 0.9983045480713875, 'balanced_accuracy': 0.5, 'f1_macro': 0.49957577739332854, 'f1_micro': 0.9983045480713875, 'f1_weighted': 0.9974575413561179, 'f1_binary': 0.0, 'pr_auc': 0.21949726426122723, 'precision_macro': 0.49915227403569373, 'precision_micro': 0.9983045480713875, 'precision_weighted': 0.9966119707000172, 'precision_binary': 0.0, 'recall_macro': 0.5, 'recall_micro': 0.9983045480713875, 'recall_weighted': 0.9983045480713875, 'recall_binary': 0.0, 'roc_auc': 0.9841660747303105}
Validation statistic: Loss: 0.0096, dev_score: {'accuracy': 0.9980667517782236, 'balanced_accuracy': 0.5, 'f1_macro': 0.4995162203114446, 'f1_micro': 0.9980667517782236, 'f1_weighted': 0.9971010629335582, 'f1_binary': 0.0, 'pr_auc': 0.17771641248579975, 'precision_macro': 0.4990333758891118, 'precision_micro': 0.9980667517782236, 'precision_weighted': 0.9961372410051341, 'precision_binary': 0.0, 'recall_macro': 0.5, 'recall_micro': 0.9980667517782236, 'recall_weighted': 0.9980667517782236, 'recall_binary': 0.0, 'roc_auc': 0.9498867731449621}
-----------------------
Epoch 7/100
Training statistic: Loss: 0.0062, train_score: {'accuracy': 0.9983045480713875, 'balanced_accuracy': 0.5, 'f1_macro': 0.49957577739332854, 'f1_micro': 0.9983045480713875, 'f1_weighted': 0.9974575413561179, 'f1_binary': 0.0, 'pr_auc': 0.35918207481683395, 'precision_macro': 0.49915227403569373, 'precision_micro': 0.9983045480713875, 'precision_weighted': 0.9966119707000172, 'precision_binary': 0.0, 'recall_macro': 0.5, 'recall_micro': 0.9983045480713875, 'recall_weighted': 0.9983045480713875, 'recall_binary': 0.0, 'roc_auc': 0.9856792091085714}
Validation statistic: Loss: 0.0091, dev_score: {'accuracy': 0.9980667517782236, 'balanced_accuracy': 0.5, 'f1_macro': 0.4995162203114446, 'f1_micro': 0.9980667517782236, 'f1_weighted': 0.9971010629335582, 'f1_binary': 0.0, 'pr_auc': 0.33051123556171425, 'precision_macro': 0.4990333758891118, 'precision_micro': 0.9980667517782236, 'precision_weighted': 0.9961372410051341, 'precision_binary': 0.0, 'recall_macro': 0.5, 'recall_micro': 0.9980667517782236, 'recall_weighted': 0.9980667517782236, 'recall_binary': 0.0, 'roc_auc': 0.9489486176256011}
-----------------------
Epoch 8/100
Training statistic: Loss: 0.0061, train_score: {'accuracy': 0.9983045480713875, 'balanced_accuracy': 0.5, 'f1_macro': 0.49957577739332854, 'f1_micro': 0.9983045480713875, 'f1_weighted': 0.9974575413561179, 'f1_binary': 0.0, 'pr_auc': 0.28527582678308294, 'precision_macro': 0.49915227403569373, 'precision_micro': 0.9983045480713875, 'precision_weighted': 0.9966119707000172, 'precision_binary': 0.0, 'recall_macro': 0.5, 'recall_micro': 0.9983045480713875, 'recall_weighted': 0.9983045480713875, 'recall_binary': 0.0, 'roc_auc': 0.9875841085146218}
Validation statistic: Loss: 0.0093, dev_score: {'accuracy': 0.9980667517782236, 'balanced_accuracy': 0.5, 'f1_macro': 0.4995162203114446, 'f1_micro': 0.9980667517782236, 'f1_weighted': 0.9971010629335582, 'f1_binary': 0.0, 'pr_auc': 0.26402137407464665, 'precision_macro': 0.4990333758891118, 'precision_micro': 0.9980667517782236, 'precision_weighted': 0.9961372410051341, 'precision_binary': 0.0, 'recall_macro': 0.5, 'recall_micro': 0.9980667517782236, 'recall_weighted': 0.9980667517782236, 'recall_binary': 0.0, 'roc_auc': 0.9513969242566126}
-----------------------
Epoch 9/100
Training statistic: Loss: 0.0062, train_score: {'accuracy': 0.9983045480713875, 'balanced_accuracy': 0.5, 'f1_macro': 0.49957577739332854, 'f1_micro': 0.9983045480713875, 'f1_weighted': 0.9974575413561179, 'f1_binary': 0.0, 'pr_auc': 0.2810479370789089, 'precision_macro': 0.49915227403569373, 'precision_micro': 0.9983045480713875, 'precision_weighted': 0.9966119707000172, 'precision_binary': 0.0, 'recall_macro': 0.5, 'recall_micro': 0.9983045480713875, 'recall_weighted': 0.9983045480713875, 'recall_binary': 0.0, 'roc_auc': 0.986391745475397}
Validation statistic: Loss: 0.0098, dev_score: {'accuracy': 0.9980667517782236, 'balanced_accuracy': 0.5, 'f1_macro': 0.4995162203114446, 'f1_micro': 0.9980667517782236, 'f1_weighted': 0.9971010629335582, 'f1_binary': 0.0, 'pr_auc': 0.2385701124745758, 'precision_macro': 0.4990333758891118, 'precision_micro': 0.9980667517782236, 'precision_weighted': 0.9961372410051341, 'precision_binary': 0.0, 'recall_macro': 0.5, 'recall_micro': 0.9980667517782236, 'recall_weighted': 0.9980667517782236, 'recall_binary': 0.0, 'roc_auc': 0.9440130438440311}
-----------------------
Epoch 10/100
Training statistic: Loss: 0.0062, train_score: {'accuracy': 0.9983045480713875, 'balanced_accuracy': 0.5, 'f1_macro': 0.49957577739332854, 'f1_micro': 0.9983045480713875, 'f1_weighted': 0.9974575413561179, 'f1_binary': 0.0, 'pr_auc': 0.217265371448961, 'precision_macro': 0.49915227403569373, 'precision_micro': 0.9983045480713875, 'precision_weighted': 0.9966119707000172, 'precision_binary': 0.0, 'recall_macro': 0.5, 'recall_micro': 0.9983045480713875, 'recall_weighted': 0.9983045480713875, 'recall_binary': 0.0, 'roc_auc': 0.9868770452510942}
Validation statistic: Loss: 0.0099, dev_score: {'accuracy': 0.9980667517782236, 'balanced_accuracy': 0.5, 'f1_macro': 0.4995162203114446, 'f1_micro': 0.9980667517782236, 'f1_weighted': 0.9971010629335582, 'f1_binary': 0.0, 'pr_auc': 0.1653683478898185, 'precision_macro': 0.4990333758891118, 'precision_micro': 0.9980667517782236, 'precision_weighted': 0.9961372410051341, 'precision_binary': 0.0, 'recall_macro': 0.5, 'recall_micro': 0.9980667517782236, 'recall_weighted': 0.9980667517782236, 'recall_binary': 0.0, 'roc_auc': 0.9496454247937851}
-----------------------
Epoch 11/100
Training statistic: Loss: 0.0064, train_score: {'accuracy': 0.9983045480713875, 'balanced_accuracy': 0.5, 'f1_macro': 0.49957577739332854, 'f1_micro': 0.9983045480713875, 'f1_weighted': 0.9974575413561179, 'f1_binary': 0.0, 'pr_auc': 0.23383735892033797, 'precision_macro': 0.49915227403569373, 'precision_micro': 0.9983045480713875, 'precision_weighted': 0.9966119707000172, 'precision_binary': 0.0, 'recall_macro': 0.5, 'recall_micro': 0.9983045480713875, 'recall_weighted': 0.9983045480713875, 'recall_binary': 0.0, 'roc_auc': 0.9862905224370335}
Validation statistic: Loss: 0.0101, dev_score: {'accuracy': 0.9980667517782236, 'balanced_accuracy': 0.5, 'f1_macro': 0.4995162203114446, 'f1_micro': 0.9980667517782236, 'f1_weighted': 0.9971010629335582, 'f1_binary': 0.0, 'pr_auc': 0.17246143155310775, 'precision_macro': 0.4990333758891118, 'precision_micro': 0.9980667517782236, 'precision_weighted': 0.9961372410051341, 'precision_binary': 0.0, 'recall_macro': 0.5, 'recall_micro': 0.9980667517782236, 'recall_weighted': 0.9980667517782236, 'recall_binary': 0.0, 'roc_auc': 0.9482473282737526}
-----------------------
Epoch 12/100
Training statistic: Loss: 0.0064, train_score: {'accuracy': 0.9983045480713875, 'balanced_accuracy': 0.5, 'f1_macro': 0.49957577739332854, 'f1_micro': 0.9983045480713875, 'f1_weighted': 0.9974575413561179, 'f1_binary': 0.0, 'pr_auc': 0.24418279387993289, 'precision_macro': 0.49915227403569373, 'precision_micro': 0.9983045480713875, 'precision_weighted': 0.9966119707000172, 'precision_binary': 0.0, 'recall_macro': 0.5, 'recall_micro': 0.9983045480713875, 'recall_weighted': 0.9983045480713875, 'recall_binary': 0.0, 'roc_auc': 0.9883232271273397}
Validation statistic: Loss: 0.0102, dev_score: {'accuracy': 0.9980667517782236, 'balanced_accuracy': 0.5, 'f1_macro': 0.4995162203114446, 'f1_micro': 0.9980667517782236, 'f1_weighted': 0.9971010629335582, 'f1_binary': 0.0, 'pr_auc': 0.18938354408677985, 'precision_macro': 0.4990333758891118, 'precision_micro': 0.9980667517782236, 'precision_weighted': 0.9961372410051341, 'precision_binary': 0.0, 'recall_macro': 0.5, 'recall_micro': 0.9980667517782236, 'recall_weighted': 0.9980667517782236, 'recall_binary': 0.0, 'roc_auc': 0.9521447593619026}
-----------------------
Epoch 13/100
Training statistic: Loss: 0.0058, train_score: {'accuracy': 0.9983045480713875, 'balanced_accuracy': 0.5, 'f1_macro': 0.49957577739332854, 'f1_micro': 0.9983045480713875, 'f1_weighted': 0.9974575413561179, 'f1_binary': 0.0, 'pr_auc': 0.3244341207912871, 'precision_macro': 0.49915227403569373, 'precision_micro': 0.9983045480713875, 'precision_weighted': 0.9966119707000172, 'precision_binary': 0.0, 'recall_macro': 0.5, 'recall_micro': 0.9983045480713875, 'recall_weighted': 0.9983045480713875, 'recall_binary': 0.0, 'roc_auc': 0.9887214443466732}
Validation statistic: Loss: 0.0092, dev_score: {'accuracy': 0.9980667517782236, 'balanced_accuracy': 0.5, 'f1_macro': 0.4995162203114446, 'f1_micro': 0.9980667517782236, 'f1_weighted': 0.9971010629335582, 'f1_binary': 0.0, 'pr_auc': 0.2690808509040158, 'precision_macro': 0.4990333758891118, 'precision_micro': 0.9980667517782236, 'precision_weighted': 0.9961372410051341, 'precision_binary': 0.0, 'recall_macro': 0.5, 'recall_micro': 0.9980667517782236, 'recall_weighted': 0.9980667517782236, 'recall_binary': 0.0, 'roc_auc': 0.9497116231986793}
-----------------------
Epoch 14/100
Training statistic: Loss: 0.0068, train_score: {'accuracy': 0.9983045480713875, 'balanced_accuracy': 0.5, 'f1_macro': 0.49957577739332854, 'f1_micro': 0.9983045480713875, 'f1_weighted': 0.9974575413561179, 'f1_binary': 0.0, 'pr_auc': 0.2514779223093834, 'precision_macro': 0.49915227403569373, 'precision_micro': 0.9983045480713875, 'precision_weighted': 0.9966119707000172, 'precision_binary': 0.0, 'recall_macro': 0.5, 'recall_micro': 0.9983045480713875, 'recall_weighted': 0.9983045480713875, 'recall_binary': 0.0, 'roc_auc': 0.987857484639366}
Validation statistic: Loss: 0.0108, dev_score: {'accuracy': 0.9980667517782236, 'balanced_accuracy': 0.5, 'f1_macro': 0.4995162203114446, 'f1_micro': 0.9980667517782236, 'f1_weighted': 0.9971010629335582, 'f1_binary': 0.0, 'pr_auc': 0.19539373082543846, 'precision_macro': 0.4990333758891118, 'precision_micro': 0.9980667517782236, 'precision_weighted': 0.9961372410051341, 'precision_binary': 0.0, 'recall_macro': 0.5, 'recall_micro': 0.9980667517782236, 'recall_weighted': 0.9980667517782236, 'recall_binary': 0.0, 'roc_auc': 0.9481942316364935}
-----------------------
Epoch 15/100
Training statistic: Loss: 0.0063, train_score: {'accuracy': 0.9983045480713875, 'balanced_accuracy': 0.5, 'f1_macro': 0.49957577739332854, 'f1_micro': 0.9983045480713875, 'f1_weighted': 0.9974575413561179, 'f1_binary': 0.0, 'pr_auc': 0.2759099242461557, 'precision_macro': 0.49915227403569373, 'precision_micro': 0.9983045480713875, 'precision_weighted': 0.9966119707000172, 'precision_binary': 0.0, 'recall_macro': 0.5, 'recall_micro': 0.9983045480713875, 'recall_weighted': 0.9983045480713875, 'recall_binary': 0.0, 'roc_auc': 0.9874765801479509}
Validation statistic: Loss: 0.0103, dev_score: {'accuracy': 0.9980667517782236, 'balanced_accuracy': 0.5, 'f1_macro': 0.4995162203114446, 'f1_micro': 0.9980667517782236, 'f1_weighted': 0.9971010629335582, 'f1_binary': 0.0, 'pr_auc': 0.22224050944030152, 'precision_macro': 0.4990333758891118, 'precision_micro': 0.9980667517782236, 'precision_weighted': 0.9961372410051341, 'precision_binary': 0.0, 'recall_macro': 0.5, 'recall_micro': 0.9980667517782236, 'recall_weighted': 0.9980667517782236, 'recall_binary': 0.0, 'roc_auc': 0.9491810016094486}
-----------------------
Epoch 16/100
Training statistic: Loss: 0.0059, train_score: {'accuracy': 0.9983045480713875, 'balanced_accuracy': 0.5, 'f1_macro': 0.49957577739332854, 'f1_micro': 0.9983045480713875, 'f1_weighted': 0.9974575413561179, 'f1_binary': 0.0, 'pr_auc': 0.2741129412015586, 'precision_macro': 0.49915227403569373, 'precision_micro': 0.9983045480713875, 'precision_weighted': 0.9966119707000172, 'precision_binary': 0.0, 'recall_macro': 0.5, 'recall_micro': 0.9983045480713875, 'recall_weighted': 0.9983045480713875, 'recall_binary': 0.0, 'roc_auc': 0.9892139208392173}
Validation statistic: Loss: 0.0099, dev_score: {'accuracy': 0.9980667517782236, 'balanced_accuracy': 0.5, 'f1_macro': 0.4995162203114446, 'f1_micro': 0.9980667517782236, 'f1_weighted': 0.9971010629335582, 'f1_binary': 0.0, 'pr_auc': 0.21439675659656485, 'precision_macro': 0.4990333758891118, 'precision_micro': 0.9980667517782236, 'precision_weighted': 0.9961372410051341, 'precision_binary': 0.0, 'recall_macro': 0.5, 'recall_micro': 0.9980667517782236, 'recall_weighted': 0.9980667517782236, 'recall_binary': 0.0, 'roc_auc': 0.9468123399343257}
-----------------------
Epoch 17/100
Training statistic: Loss: 0.0053, train_score: {'accuracy': 0.9983045480713875, 'balanced_accuracy': 0.5, 'f1_macro': 0.49957577739332854, 'f1_micro': 0.9983045480713875, 'f1_weighted': 0.9974575413561179, 'f1_binary': 0.0, 'pr_auc': 0.38436184412235913, 'precision_macro': 0.49915227403569373, 'precision_micro': 0.9983045480713875, 'precision_weighted': 0.9966119707000172, 'precision_binary': 0.0, 'recall_macro': 0.5, 'recall_micro': 0.9983045480713875, 'recall_weighted': 0.9983045480713875, 'recall_binary': 0.0, 'roc_auc': 0.9896563145202326}
Validation statistic: Loss: 0.0094, dev_score: {'accuracy': 0.9980667517782236, 'balanced_accuracy': 0.5, 'f1_macro': 0.4995162203114446, 'f1_micro': 0.9980667517782236, 'f1_weighted': 0.9971010629335582, 'f1_binary': 0.0, 'pr_auc': 0.3148654625033182, 'precision_macro': 0.4990333758891118, 'precision_micro': 0.9980667517782236, 'precision_weighted': 0.9961372410051341, 'precision_binary': 0.0, 'recall_macro': 0.5, 'recall_micro': 0.9980667517782236, 'recall_weighted': 0.9980667517782236, 'recall_binary': 0.0, 'roc_auc': 0.9390747117955904}
-----------------------
Epoch 18/100
Training statistic: Loss: 0.0052, train_score: {'accuracy': 0.9983045480713875, 'balanced_accuracy': 0.5, 'f1_macro': 0.49957577739332854, 'f1_micro': 0.9983045480713875, 'f1_weighted': 0.9974575413561179, 'f1_binary': 0.0, 'pr_auc': 0.3900743850413738, 'precision_macro': 0.49915227403569373, 'precision_micro': 0.9983045480713875, 'precision_weighted': 0.9966119707000172, 'precision_binary': 0.0, 'recall_macro': 0.5, 'recall_micro': 0.9983045480713875, 'recall_weighted': 0.9983045480713875, 'recall_binary': 0.0, 'roc_auc': 0.9888570260393268}
Validation statistic: Loss: 0.0095, dev_score: {'accuracy': 0.9980667517782236, 'balanced_accuracy': 0.5, 'f1_macro': 0.4995162203114446, 'f1_micro': 0.9980667517782236, 'f1_weighted': 0.9971010629335582, 'f1_binary': 0.0, 'pr_auc': 0.3040141726198679, 'precision_macro': 0.4990333758891118, 'precision_micro': 0.9980667517782236, 'precision_weighted': 0.9961372410051341, 'precision_binary': 0.0, 'recall_macro': 0.5, 'recall_micro': 0.9980667517782236, 'recall_weighted': 0.9980667517782236, 'recall_binary': 0.0, 'roc_auc': 0.9420812226845385}
-----------------------
Epoch 19/100
Training statistic: Loss: 0.0056, train_score: {'accuracy': 0.9983045480713875, 'balanced_accuracy': 0.5, 'f1_macro': 0.49957577739332854, 'f1_micro': 0.9983045480713875, 'f1_weighted': 0.9974575413561179, 'f1_binary': 0.0, 'pr_auc': 0.340387770841429, 'precision_macro': 0.49915227403569373, 'precision_micro': 0.9983045480713875, 'precision_weighted': 0.9966119707000172, 'precision_binary': 0.0, 'recall_macro': 0.5, 'recall_micro': 0.9983045480713875, 'recall_weighted': 0.9983045480713875, 'recall_binary': 0.0, 'roc_auc': 0.9897747621685726}
Validation statistic: Loss: 0.0100, dev_score: {'accuracy': 0.9980667517782236, 'balanced_accuracy': 0.5, 'f1_macro': 0.4995162203114446, 'f1_micro': 0.9980667517782236, 'f1_weighted': 0.9971010629335582, 'f1_binary': 0.0, 'pr_auc': 0.2584234297444007, 'precision_macro': 0.4990333758891118, 'precision_micro': 0.9980667517782236, 'precision_weighted': 0.9961372410051341, 'precision_binary': 0.0, 'recall_macro': 0.5, 'recall_micro': 0.9980667517782236, 'recall_weighted': 0.9980667517782236, 'recall_binary': 0.0, 'roc_auc': 0.9450432565201982}
-----------------------
Epoch 20/100
Training statistic: Loss: 0.0048, train_score: {'accuracy': 0.9983045480713875, 'balanced_accuracy': 0.5, 'f1_macro': 0.49957577739332854, 'f1_micro': 0.9983045480713875, 'f1_weighted': 0.9974575413561179, 'f1_binary': 0.0, 'pr_auc': 0.4869843569686896, 'precision_macro': 0.49915227403569373, 'precision_micro': 0.9983045480713875, 'precision_weighted': 0.9966119707000172, 'precision_binary': 0.0, 'recall_macro': 0.5, 'recall_micro': 0.9983045480713875, 'recall_weighted': 0.9983045480713875, 'recall_binary': 0.0, 'roc_auc': 0.9896174569554501}
Validation statistic: Loss: 0.0088, dev_score: {'accuracy': 0.9980667517782236, 'balanced_accuracy': 0.5, 'f1_macro': 0.4995162203114446, 'f1_micro': 0.9980667517782236, 'f1_weighted': 0.9971010629335582, 'f1_binary': 0.0, 'pr_auc': 0.4061352025366847, 'precision_macro': 0.4990333758891118, 'precision_micro': 0.9980667517782236, 'precision_weighted': 0.9961372410051341, 'precision_binary': 0.0, 'recall_macro': 0.5, 'recall_micro': 0.9980667517782236, 'recall_weighted': 0.9980667517782236, 'recall_binary': 0.0, 'roc_auc': 0.9484524743722529}
-----------------------
Epoch 21/100
Training statistic: Loss: 0.0054, train_score: {'accuracy': 0.9983045480713875, 'balanced_accuracy': 0.5, 'f1_macro': 0.49957577739332854, 'f1_micro': 0.9983045480713875, 'f1_weighted': 0.9974575413561179, 'f1_binary': 0.0, 'pr_auc': 0.4133892786924218, 'precision_macro': 0.49915227403569373, 'precision_micro': 0.9983045480713875, 'precision_weighted': 0.9966119707000172, 'precision_binary': 0.0, 'recall_macro': 0.5, 'recall_micro': 0.9983045480713875, 'recall_weighted': 0.9983045480713875, 'recall_binary': 0.0, 'roc_auc': 0.9898929136427179}
Validation statistic: Loss: 0.0099, dev_score: {'accuracy': 0.9980667517782236, 'balanced_accuracy': 0.5, 'f1_macro': 0.4995162203114446, 'f1_micro': 0.9980667517782236, 'f1_weighted': 0.9971010629335582, 'f1_binary': 0.0, 'pr_auc': 0.3197984666367573, 'precision_macro': 0.4990333758891118, 'precision_micro': 0.9980667517782236, 'precision_weighted': 0.9961372410051341, 'precision_binary': 0.0, 'recall_macro': 0.5, 'recall_micro': 0.9980667517782236, 'recall_weighted': 0.9980667517782236, 'recall_binary': 0.0, 'roc_auc': 0.947410194278527}
-----------------------
Epoch 22/100
Training statistic: Loss: 0.0053, train_score: {'accuracy': 0.9983045480713875, 'balanced_accuracy': 0.5, 'f1_macro': 0.49957577739332854, 'f1_micro': 0.9983045480713875, 'f1_weighted': 0.9974575413561179, 'f1_binary': 0.0, 'pr_auc': 0.4204281343802521, 'precision_macro': 0.49915227403569373, 'precision_micro': 0.9983045480713875, 'precision_weighted': 0.9966119707000172, 'precision_binary': 0.0, 'recall_macro': 0.5, 'recall_micro': 0.9983045480713875, 'recall_weighted': 0.9983045480713875, 'recall_binary': 0.0, 'roc_auc': 0.9895980832467725}
Validation statistic: Loss: 0.0096, dev_score: {'accuracy': 0.9980667517782236, 'balanced_accuracy': 0.5, 'f1_macro': 0.4995162203114446, 'f1_micro': 0.9980667517782236, 'f1_weighted': 0.9971010629335582, 'f1_binary': 0.0, 'pr_auc': 0.3308177205334843, 'precision_macro': 0.4990333758891118, 'precision_micro': 0.9980667517782236, 'precision_weighted': 0.9961372410051341, 'precision_binary': 0.0, 'recall_macro': 0.5, 'recall_micro': 0.9980667517782236, 'recall_weighted': 0.9980667517782236, 'recall_binary': 0.0, 'roc_auc': 0.9494116616765023}
-----------------------
Epoch 23/100
Training statistic: Loss: 0.0054, train_score: {'accuracy': 0.9983045480713875, 'balanced_accuracy': 0.5, 'f1_macro': 0.49957577739332854, 'f1_micro': 0.9983045480713875, 'f1_weighted': 0.9974575413561179, 'f1_binary': 0.0, 'pr_auc': 0.3620521811401538, 'precision_macro': 0.49915227403569373, 'precision_micro': 0.9983045480713875, 'precision_weighted': 0.9966119707000172, 'precision_binary': 0.0, 'recall_macro': 0.5, 'recall_micro': 0.9983045480713875, 'recall_weighted': 0.9983045480713875, 'recall_binary': 0.0, 'roc_auc': 0.9899181349559475}
Validation statistic: Loss: 0.0098, dev_score: {'accuracy': 0.9980667517782236, 'balanced_accuracy': 0.5, 'f1_macro': 0.4995162203114446, 'f1_micro': 0.9980667517782236, 'f1_weighted': 0.9971010629335582, 'f1_binary': 0.0, 'pr_auc': 0.26857125582917896, 'precision_macro': 0.4990333758891118, 'precision_micro': 0.9980667517782236, 'precision_weighted': 0.9961372410051341, 'precision_binary': 0.0, 'recall_macro': 0.5, 'recall_micro': 0.9980667517782236, 'recall_weighted': 0.9980667517782236, 'recall_binary': 0.0, 'roc_auc': 0.9517744620345252}
-----------------------
Epoch 24/100
Training statistic: Loss: 0.0048, train_score: {'accuracy': 0.9983045480713875, 'balanced_accuracy': 0.5, 'f1_macro': 0.49957577739332854, 'f1_micro': 0.9983045480713875, 'f1_weighted': 0.9974575413561179, 'f1_binary': 0.0, 'pr_auc': 0.4520209811499591, 'precision_macro': 0.49915227403569373, 'precision_micro': 0.9983045480713875, 'precision_weighted': 0.9966119707000172, 'precision_binary': 0.0, 'recall_macro': 0.5, 'recall_micro': 0.9983045480713875, 'recall_weighted': 0.9983045480713875, 'recall_binary': 0.0, 'roc_auc': 0.9907522593966636}
Validation statistic: Loss: 0.0090, dev_score: {'accuracy': 0.9980667517782236, 'balanced_accuracy': 0.5, 'f1_macro': 0.4995162203114446, 'f1_micro': 0.9980667517782236, 'f1_weighted': 0.9971010629335582, 'f1_binary': 0.0, 'pr_auc': 0.34506138483211046, 'precision_macro': 0.4990333758891118, 'precision_micro': 0.9980667517782236, 'precision_weighted': 0.9961372410051341, 'precision_binary': 0.0, 'recall_macro': 0.5, 'recall_micro': 0.9980667517782236, 'recall_weighted': 0.9980667517782236, 'recall_binary': 0.0, 'roc_auc': 0.9508756118180702}
-----------------------
Epoch 25/100
Training statistic: Loss: 0.0050, train_score: {'accuracy': 0.9983045480713875, 'balanced_accuracy': 0.5, 'f1_macro': 0.49957577739332854, 'f1_micro': 0.9983045480713875, 'f1_weighted': 0.9974575413561179, 'f1_binary': 0.0, 'pr_auc': 0.46031295972959024, 'precision_macro': 0.49915227403569373, 'precision_micro': 0.9983045480713875, 'precision_weighted': 0.9966119707000172, 'precision_binary': 0.0, 'recall_macro': 0.5, 'recall_micro': 0.9983045480713875, 'recall_weighted': 0.9983045480713875, 'recall_binary': 0.0, 'roc_auc': 0.9905549315037452}
Validation statistic: Loss: 0.0095, dev_score: {'accuracy': 0.9980667517782236, 'balanced_accuracy': 0.5, 'f1_macro': 0.4995162203114446, 'f1_micro': 0.9980667517782236, 'f1_weighted': 0.9971010629335582, 'f1_binary': 0.0, 'pr_auc': 0.35622110888838054, 'precision_macro': 0.4990333758891118, 'precision_micro': 0.9980667517782236, 'precision_weighted': 0.9961372410051341, 'precision_binary': 0.0, 'recall_macro': 0.5, 'recall_micro': 0.9980667517782236, 'recall_weighted': 0.9980667517782236, 'recall_binary': 0.0, 'roc_auc': 0.9526584865665508}
-----------------------
Epoch 26/100
Training statistic: Loss: 0.0046, train_score: {'accuracy': 0.9983045480713875, 'balanced_accuracy': 0.5, 'f1_macro': 0.49957577739332854, 'f1_micro': 0.9983045480713875, 'f1_weighted': 0.9974575413561179, 'f1_binary': 0.0, 'pr_auc': 0.5079723472059019, 'precision_macro': 0.49915227403569373, 'precision_micro': 0.9983045480713875, 'precision_weighted': 0.9966119707000172, 'precision_binary': 0.0, 'recall_macro': 0.5, 'recall_micro': 0.9983045480713875, 'recall_weighted': 0.9983045480713875, 'recall_binary': 0.0, 'roc_auc': 0.9904402753746396}
Validation statistic: Loss: 0.0086, dev_score: {'accuracy': 0.9980667517782236, 'balanced_accuracy': 0.5, 'f1_macro': 0.4995162203114446, 'f1_micro': 0.9980667517782236, 'f1_weighted': 0.9971010629335582, 'f1_binary': 0.0, 'pr_auc': 0.4031666056595392, 'precision_macro': 0.4990333758891118, 'precision_micro': 0.9980667517782236, 'precision_weighted': 0.9961372410051341, 'precision_binary': 0.0, 'recall_macro': 0.5, 'recall_micro': 0.9980667517782236, 'recall_weighted': 0.9980667517782236, 'recall_binary': 0.0, 'roc_auc': 0.9560963214373881}
-----------------------
Epoch 27/100
Training statistic: Loss: 0.0046, train_score: {'accuracy': 0.9983045480713875, 'balanced_accuracy': 0.5, 'f1_macro': 0.49957577739332854, 'f1_micro': 0.9983045480713875, 'f1_weighted': 0.9974575413561179, 'f1_binary': 0.0, 'pr_auc': 0.5672921225621377, 'precision_macro': 0.49915227403569373, 'precision_micro': 0.9983045480713875, 'precision_weighted': 0.9966119707000172, 'precision_binary': 0.0, 'recall_macro': 0.5, 'recall_micro': 0.9983045480713875, 'recall_weighted': 0.9983045480713875, 'recall_binary': 0.0, 'roc_auc': 0.9908606371223883}
Validation statistic: Loss: 0.0087, dev_score: {'accuracy': 0.9980667517782236, 'balanced_accuracy': 0.5, 'f1_macro': 0.4995162203114446, 'f1_micro': 0.9980667517782236, 'f1_weighted': 0.9971010629335582, 'f1_binary': 0.0, 'pr_auc': 0.4397155801481047, 'precision_macro': 0.4990333758891118, 'precision_micro': 0.9980667517782236, 'precision_weighted': 0.9961372410051341, 'precision_binary': 0.0, 'recall_macro': 0.5, 'recall_micro': 0.9980667517782236, 'recall_weighted': 0.9980667517782236, 'recall_binary': 0.0, 'roc_auc': 0.9552647039759038}
-----------------------
Epoch 28/100
Training statistic: Loss: 0.0046, train_score: {'accuracy': 0.9983045480713875, 'balanced_accuracy': 0.5, 'f1_macro': 0.49957577739332854, 'f1_micro': 0.9983045480713875, 'f1_weighted': 0.9974575413561179, 'f1_binary': 0.0, 'pr_auc': 0.49915494359528, 'precision_macro': 0.49915227403569373, 'precision_micro': 0.9983045480713875, 'precision_weighted': 0.9966119707000172, 'precision_binary': 0.0, 'recall_macro': 0.5, 'recall_micro': 0.9983045480713875, 'recall_weighted': 0.9983045480713875, 'recall_binary': 0.0, 'roc_auc': 0.9913570519974039}
Validation statistic: Loss: 0.0088, dev_score: {'accuracy': 0.9980667517782236, 'balanced_accuracy': 0.5, 'f1_macro': 0.4995162203114446, 'f1_micro': 0.9980667517782236, 'f1_weighted': 0.9971010629335582, 'f1_binary': 0.0, 'pr_auc': 0.3913072851957456, 'precision_macro': 0.4990333758891118, 'precision_micro': 0.9980667517782236, 'precision_weighted': 0.9961372410051341, 'precision_binary': 0.0, 'recall_macro': 0.5, 'recall_micro': 0.9980667517782236, 'recall_weighted': 0.9980667517782236, 'recall_binary': 0.0, 'roc_auc': 0.9558080825494109}
-----------------------
Epoch 29/100
Training statistic: Loss: 0.0044, train_score: {'accuracy': 0.9983045480713875, 'balanced_accuracy': 0.5, 'f1_macro': 0.49957577739332854, 'f1_micro': 0.9983045480713875, 'f1_weighted': 0.9974575413561179, 'f1_binary': 0.0, 'pr_auc': 0.5011970829333424, 'precision_macro': 0.49915227403569373, 'precision_micro': 0.9983045480713875, 'precision_weighted': 0.9966119707000172, 'precision_binary': 0.0, 'recall_macro': 0.5, 'recall_micro': 0.9983045480713875, 'recall_weighted': 0.9983045480713875, 'recall_binary': 0.0, 'roc_auc': 0.9916069960926889}
Validation statistic: Loss: 0.0085, dev_score: {'accuracy': 0.9980667517782236, 'balanced_accuracy': 0.5, 'f1_macro': 0.4995162203114446, 'f1_micro': 0.9980667517782236, 'f1_weighted': 0.9971010629335582, 'f1_binary': 0.0, 'pr_auc': 0.38269961445674566, 'precision_macro': 0.4990333758891118, 'precision_micro': 0.9980667517782236, 'precision_weighted': 0.9961372410051341, 'precision_binary': 0.0, 'recall_macro': 0.5, 'recall_micro': 0.9980667517782236, 'recall_weighted': 0.9980667517782236, 'recall_binary': 0.0, 'roc_auc': 0.9554305447714982}
Saving model...
Model saved!
-------------------------------------------
-----------------------
Epoch 30/100
Training statistic: Loss: 0.0043, train_score: {'accuracy': 0.9983045480713875, 'balanced_accuracy': 0.5, 'f1_macro': 0.49957577739332854, 'f1_micro': 0.9983045480713875, 'f1_weighted': 0.9974575413561179, 'f1_binary': 0.0, 'pr_auc': 0.5567308625395545, 'precision_macro': 0.49915227403569373, 'precision_micro': 0.9983045480713875, 'precision_weighted': 0.9966119707000172, 'precision_binary': 0.0, 'recall_macro': 0.5, 'recall_micro': 0.9983045480713875, 'recall_weighted': 0.9983045480713875, 'recall_binary': 0.0, 'roc_auc': 0.9911612759593561}
Validation statistic: Loss: 0.0083, dev_score: {'accuracy': 0.9980667517782236, 'balanced_accuracy': 0.5, 'f1_macro': 0.4995162203114446, 'f1_micro': 0.9980667517782236, 'f1_weighted': 0.9971010629335582, 'f1_binary': 0.0, 'pr_auc': 0.42056357182995985, 'precision_macro': 0.4990333758891118, 'precision_micro': 0.9980667517782236, 'precision_weighted': 0.9961372410051341, 'precision_binary': 0.0, 'recall_macro': 0.5, 'recall_micro': 0.9980667517782236, 'recall_weighted': 0.9980667517782236, 'recall_binary': 0.0, 'roc_auc': 0.9549323328179972}
Saving model...
Model saved!
-------------------------------------------
-----------------------
Epoch 31/100
Training statistic: Loss: 0.0043, train_score: {'accuracy': 0.9983045480713875, 'balanced_accuracy': 0.5, 'f1_macro': 0.49957577739332854, 'f1_micro': 0.9983045480713875, 'f1_weighted': 0.9974575413561179, 'f1_binary': 0.0, 'pr_auc': 0.5126043153072803, 'precision_macro': 0.49915227403569373, 'precision_micro': 0.9983045480713875, 'precision_weighted': 0.9966119707000172, 'precision_binary': 0.0, 'recall_macro': 0.5, 'recall_micro': 0.9983045480713875, 'recall_weighted': 0.9983045480713875, 'recall_binary': 0.0, 'roc_auc': 0.990919847484095}
Validation statistic: Loss: 0.0084, dev_score: {'accuracy': 0.9980667517782236, 'balanced_accuracy': 0.5, 'f1_macro': 0.4995162203114446, 'f1_micro': 0.9980667517782236, 'f1_weighted': 0.9971010629335582, 'f1_binary': 0.0, 'pr_auc': 0.3940890676630203, 'precision_macro': 0.4990333758891118, 'precision_micro': 0.9980667517782236, 'precision_weighted': 0.9961372410051341, 'precision_binary': 0.0, 'recall_macro': 0.5, 'recall_micro': 0.9980667517782236, 'recall_weighted': 0.9980667517782236, 'recall_binary': 0.0, 'roc_auc': 0.9576330208676679}
-----------------------
Epoch 32/100
Training statistic: Loss: 0.0046, train_score: {'accuracy': 0.9983045480713875, 'balanced_accuracy': 0.5, 'f1_macro': 0.49957577739332854, 'f1_micro': 0.9983045480713875, 'f1_weighted': 0.9974575413561179, 'f1_binary': 0.0, 'pr_auc': 0.46890962649893114, 'precision_macro': 0.49915227403569373, 'precision_micro': 0.9983045480713875, 'precision_weighted': 0.9966119707000172, 'precision_binary': 0.0, 'recall_macro': 0.5, 'recall_micro': 0.9983045480713875, 'recall_weighted': 0.9983045480713875, 'recall_binary': 0.0, 'roc_auc': 0.9912675535407921}
Validation statistic: Loss: 0.0090, dev_score: {'accuracy': 0.9980667517782236, 'balanced_accuracy': 0.5, 'f1_macro': 0.4995162203114446, 'f1_micro': 0.9980667517782236, 'f1_weighted': 0.9971010629335582, 'f1_binary': 0.0, 'pr_auc': 0.34499596063601384, 'precision_macro': 0.4990333758891118, 'precision_micro': 0.9980667517782236, 'precision_weighted': 0.9961372410051341, 'precision_binary': 0.0, 'recall_macro': 0.5, 'recall_micro': 0.9980667517782236, 'recall_weighted': 0.9980667517782236, 'recall_binary': 0.0, 'roc_auc': 0.9585273889004584}
-----------------------
Epoch 33/100
Training statistic: Loss: 0.0044, train_score: {'accuracy': 0.9983045480713875, 'balanced_accuracy': 0.5, 'f1_macro': 0.49957577739332854, 'f1_micro': 0.9983045480713875, 'f1_weighted': 0.9974575413561179, 'f1_binary': 0.0, 'pr_auc': 0.4831145244435622, 'precision_macro': 0.49915227403569373, 'precision_micro': 0.9983045480713875, 'precision_weighted': 0.9966119707000172, 'precision_binary': 0.0, 'recall_macro': 0.5, 'recall_micro': 0.9983045480713875, 'recall_weighted': 0.9983045480713875, 'recall_binary': 0.0, 'roc_auc': 0.9910091990774699}
Validation statistic: Loss: 0.0086, dev_score: {'accuracy': 0.9980667517782236, 'balanced_accuracy': 0.5, 'f1_macro': 0.4995162203114446, 'f1_micro': 0.9980667517782236, 'f1_weighted': 0.9971010629335582, 'f1_binary': 0.0, 'pr_auc': 0.35476764500049707, 'precision_macro': 0.4990333758891118, 'precision_micro': 0.9980667517782236, 'precision_weighted': 0.9961372410051341, 'precision_binary': 0.0, 'recall_macro': 0.5, 'recall_micro': 0.9980667517782236, 'recall_weighted': 0.9980667517782236, 'recall_binary': 0.0, 'roc_auc': 0.9586618544103997}
-----------------------
Epoch 34/100
Training statistic: Loss: 0.0042, train_score: {'accuracy': 0.9983045480713875, 'balanced_accuracy': 0.5, 'f1_macro': 0.49957577739332854, 'f1_micro': 0.9983045480713875, 'f1_weighted': 0.9974575413561179, 'f1_binary': 0.0, 'pr_auc': 0.5473593890656996, 'precision_macro': 0.49915227403569373, 'precision_micro': 0.9983045480713875, 'precision_weighted': 0.9966119707000172, 'precision_binary': 0.0, 'recall_macro': 0.5, 'recall_micro': 0.9983045480713875, 'recall_weighted': 0.9983045480713875, 'recall_binary': 0.0, 'roc_auc': 0.9914134156600338}
Validation statistic: Loss: 0.0082, dev_score: {'accuracy': 0.9980667517782236, 'balanced_accuracy': 0.5, 'f1_macro': 0.4995162203114446, 'f1_micro': 0.9980667517782236, 'f1_weighted': 0.9971010629335582, 'f1_binary': 0.0, 'pr_auc': 0.41697726233489946, 'precision_macro': 0.4990333758891118, 'precision_micro': 0.9980667517782236, 'precision_weighted': 0.9961372410051341, 'precision_binary': 0.0, 'recall_macro': 0.5, 'recall_micro': 0.9980667517782236, 'recall_weighted': 0.9980667517782236, 'recall_binary': 0.0, 'roc_auc': 0.9580819288008573}
Saving model...
Model saved!
-------------------------------------------
-----------------------
Epoch 35/100
Training statistic: Loss: 0.0043, train_score: {'accuracy': 0.9983045480713875, 'balanced_accuracy': 0.5, 'f1_macro': 0.49957577739332854, 'f1_micro': 0.9983045480713875, 'f1_weighted': 0.9974575413561179, 'f1_binary': 0.0, 'pr_auc': 0.5419922292717138, 'precision_macro': 0.49915227403569373, 'precision_micro': 0.9983045480713875, 'precision_weighted': 0.9966119707000172, 'precision_binary': 0.0, 'recall_macro': 0.5, 'recall_micro': 0.9983045480713875, 'recall_weighted': 0.9983045480713875, 'recall_binary': 0.0, 'roc_auc': 0.9920472186455177}
Validation statistic: Loss: 0.0085, dev_score: {'accuracy': 0.9980667517782236, 'balanced_accuracy': 0.5, 'f1_macro': 0.4995162203114446, 'f1_micro': 0.9980667517782236, 'f1_weighted': 0.9971010629335582, 'f1_binary': 0.0, 'pr_auc': 0.39437615870155696, 'precision_macro': 0.4990333758891118, 'precision_micro': 0.9980667517782236, 'precision_weighted': 0.9961372410051341, 'precision_binary': 0.0, 'recall_macro': 0.5, 'recall_micro': 0.9980667517782236, 'recall_weighted': 0.9980667517782236, 'recall_binary': 0.0, 'roc_auc': 0.9574158073516086}
-----------------------
Epoch 36/100
Training statistic: Loss: 0.0040, train_score: {'accuracy': 0.9989205526770294, 'balanced_accuracy': 0.8189515028169911, 'f1_macro': 0.8333588035442739, 'f1_micro': 0.9989205526770294, 'f1_weighted': 0.9988961683062995, 'f1_binary': 0.6672582076308784, 'pr_auc': 0.5909936530388987, 'precision_macro': 0.8491353406480994, 'precision_micro': 0.9989205526770294, 'precision_weighted': 0.9988764376528702, 'precision_binary': 0.6988847583643123, 'recall_macro': 0.8189515028169911, 'recall_micro': 0.9989205526770294, 'recall_weighted': 0.9989205526770294, 'recall_binary': 0.6383701188455009, 'roc_auc': 0.9925702622731173}
Validation statistic: Loss: 0.0076, dev_score: {'accuracy': 0.9985409447382819, 'balanced_accuracy': 0.8674494168334268, 'f1_macro': 0.8301429240571895, 'f1_micro': 0.9985409447382819, 'f1_weighted': 0.9986149739813555, 'f1_binary': 0.6610169491525424, 'pr_auc': 0.46884125447338665, 'precision_macro': 0.7997440585009141, 'precision_micro': 0.9985409447382819, 'precision_weighted': 0.9987158073100135, 'precision_binary': 0.6, 'recall_macro': 0.8674494168334268, 'recall_micro': 0.9985409447382819, 'recall_weighted': 0.9985409447382819, 'recall_binary': 0.7358490566037735, 'roc_auc': 0.9618566170132659}
Saving model...
Model saved!
-------------------------------------------
-----------------------
Epoch 37/100
Training statistic: Loss: 0.0042, train_score: {'accuracy': 0.9987104202648244, 'balanced_accuracy': 0.8400326263534554, 'f1_macro': 0.8204770240069209, 'f1_micro': 0.9987104202648244, 'f1_weighted': 0.9987474932231679, 'f1_binary': 0.6416, 'pr_auc': 0.5290049940828019, 'precision_macro': 0.8030571931883228, 'precision_micro': 0.9987104202648244, 'precision_weighted': 0.9987918298450318, 'precision_binary': 0.6066565809379728, 'recall_macro': 0.8400326263534554, 'recall_micro': 0.9987104202648244, 'recall_weighted': 0.9987104202648244, 'recall_binary': 0.6808149405772496, 'roc_auc': 0.9927720572561604}
Validation statistic: Loss: 0.0082, dev_score: {'accuracy': 0.9982126573043955, 'balanced_accuracy': 0.8672849551712676, 'f1_macro': 0.8066387411132498, 'f1_micro': 0.9982126573043955, 'f1_weighted': 0.9983600866594237, 'f1_binary': 0.6141732283464567, 'pr_auc': 0.4153139793339156, 'precision_macro': 0.7632574877646382, 'precision_micro': 0.9982126573043955, 'precision_weighted': 0.9985745642659486, 'precision_binary': 0.527027027027027, 'recall_macro': 0.8672849551712676, 'recall_micro': 0.9982126573043955, 'recall_weighted': 0.9982126573043955, 'recall_binary': 0.7358490566037735, 'roc_auc': 0.9595489819926548}
-----------------------
Epoch 38/100
Training statistic: Loss: 0.0043, train_score: {'accuracy': 0.9987593552101324, 'balanced_accuracy': 0.851921501560674, 'f1_macro': 0.8287931606690555, 'f1_micro': 0.9987593552101324, 'f1_weighted': 0.9988001110745305, 'f1_binary': 0.6582077716098335, 'pr_auc': 0.5418882735621916, 'precision_macro': 0.8085288447593337, 'precision_micro': 0.9987593552101324, 'precision_weighted': 0.9988506071021234, 'precision_binary': 0.6175595238095238, 'recall_macro': 0.851921501560674, 'recall_micro': 0.9987593552101324, 'recall_weighted': 0.9987593552101324, 'recall_binary': 0.7045840407470289, 'roc_auc': 0.9928166057713756}
Validation statistic: Loss: 0.0083, dev_score: {'accuracy': 0.9982126573043955, 'balanced_accuracy': 0.8672849551712676, 'f1_macro': 0.8066387411132498, 'f1_micro': 0.9982126573043955, 'f1_weighted': 0.9983600866594237, 'f1_binary': 0.6141732283464567, 'pr_auc': 0.42024192383485814, 'precision_macro': 0.7632574877646382, 'precision_micro': 0.9982126573043955, 'precision_weighted': 0.9985745642659486, 'precision_binary': 0.527027027027027, 'recall_macro': 0.8672849551712676, 'recall_micro': 0.9982126573043955, 'recall_weighted': 0.9982126573043955, 'recall_binary': 0.7358490566037735, 'roc_auc': 0.9606698726921927}
-----------------------
Epoch 39/100
Training statistic: Loss: 0.0039, train_score: {'accuracy': 0.998909038572251, 'balanced_accuracy': 0.8858946594353885, 'f1_macro': 0.852713564193694, 'f1_micro': 0.998909038572251, 'f1_weighted': 0.9989559243911241, 'f1_binary': 0.7059736229635376, 'pr_auc': 0.6126329543973237, 'precision_macro': 0.8248067493510239, 'precision_micro': 0.998909038572251, 'precision_weighted': 0.9990207458214044, 'precision_binary': 0.65, 'recall_macro': 0.8858946594353885, 'recall_micro': 0.998909038572251, 'recall_weighted': 0.998909038572251, 'recall_binary': 0.7724957555178268, 'roc_auc': 0.9934115487443562}
Validation statistic: Loss: 0.0080, dev_score: {'accuracy': 0.9983585628305672, 'balanced_accuracy': 0.8767737379894718, 'f1_macro': 0.8195887030435975, 'f1_micro': 0.9983585628305672, 'f1_weighted': 0.9984830270055746, 'f1_binary': 0.64, 'pr_auc': 0.45374759972927814, 'precision_macro': 0.7775400569717215, 'precision_micro': 0.9983585628305672, 'precision_weighted': 0.9986662561026378, 'precision_binary': 0.5555555555555556, 'recall_macro': 0.8767737379894718, 'recall_micro': 0.9983585628305672, 'recall_weighted': 0.9983585628305672, 'recall_binary': 0.7547169811320755, 'roc_auc': 0.9619948751401544}
-----------------------
Epoch 40/100
Training statistic: Loss: 0.0039, train_score: {'accuracy': 0.999006908462867, 'balanced_accuracy': 0.8367913033113121, 'f1_macro': 0.8483026802913937, 'f1_micro': 0.999006908462867, 'f1_weighted': 0.9989899343742497, 'f1_binary': 0.6971027216856892, 'pr_auc': 0.6400496708308719, 'precision_macro': 0.8606323142044636, 'precision_micro': 0.999006908462867, 'precision_weighted': 0.9989757412137992, 'precision_binary': 0.7218181818181818, 'recall_macro': 0.8367913033113121, 'recall_micro': 0.999006908462867, 'recall_weighted': 0.999006908462867, 'recall_binary': 0.6740237691001698, 'roc_auc': 0.9931421526133342}
Validation statistic: Loss: 0.0077, dev_score: {'accuracy': 0.998504468356739, 'balanced_accuracy': 0.8674311433154092, 'f1_macro': 0.8273563963063977, 'f1_micro': 0.998504468356739, 'f1_weighted': 0.998585979381675, 'f1_binary': 0.6554621848739496, 'pr_auc': 0.4872011502406978, 'precision_macro': 0.7951985945971101, 'precision_micro': 0.998504468356739, 'precision_weighted': 0.9986982136456644, 'precision_binary': 0.5909090909090909, 'recall_macro': 0.8674311433154092, 'recall_micro': 0.998504468356739, 'recall_weighted': 0.998504468356739, 'recall_binary': 0.7358490566037735, 'roc_auc': 0.9641832151186124}
-----------------------
Epoch 41/100
Training statistic: Loss: 0.0039, train_score: {'accuracy': 0.9987938975244675, 'balanced_accuracy': 0.8595658945947177, 'f1_macro': 0.8343467001684024, 'f1_micro': 0.9987938975244675, 'f1_weighted': 0.99883618127252, 'f1_binary': 0.6692975532754538, 'pr_auc': 0.6077943151621497, 'precision_macro': 0.81244642299181, 'precision_micro': 0.9987938975244675, 'precision_weighted': 0.998889751954733, 'precision_binary': 0.6253687315634219, 'recall_macro': 0.8595658945947177, 'recall_micro': 0.9987938975244675, 'recall_weighted': 0.9987938975244675, 'recall_binary': 0.7198641765704584, 'roc_auc': 0.99260856420532}
Validation statistic: Loss: 0.0079, dev_score: {'accuracy': 0.9982491336859384, 'balanced_accuracy': 0.8767189174354186, 'f1_macro': 0.8120612591861358, 'f1_micro': 0.9982491336859384, 'f1_weighted': 0.9983992466789019, 'f1_binary': 0.625, 'pr_auc': 0.4470967091066481, 'precision_macro': 0.7664289197756644, 'precision_micro': 0.9982491336859384, 'precision_weighted': 0.9986232429620086, 'precision_binary': 0.5333333333333333, 'recall_macro': 0.8767189174354186, 'recall_micro': 0.9982491336859384, 'recall_weighted': 0.9982491336859384, 'recall_binary': 0.7547169811320755, 'roc_auc': 0.9617338741375244}
-----------------------
Epoch 42/100
Training statistic: Loss: 0.0039, train_score: {'accuracy': 0.9990443293033967, 'balanced_accuracy': 0.8190134962370383, 'f1_macro': 0.8466241776279919, 'f1_micro': 0.9990443293033967, 'f1_weighted': 0.9990029581445201, 'f1_binary': 0.6937269372693727, 'pr_auc': 0.6637616060591627, 'precision_macro': 0.8794909793223453, 'precision_micro': 0.9990443293033967, 'precision_weighted': 0.9989794465638786, 'precision_binary': 0.7595959595959596, 'recall_macro': 0.8190134962370383, 'recall_micro': 0.9990443293033967, 'recall_weighted': 0.9990443293033967, 'recall_binary': 0.6383701188455009, 'roc_auc': 0.9927003928919583}
Validation statistic: Loss: 0.0080, dev_score: {'accuracy': 0.9986503738829108, 'balanced_accuracy': 0.86750423738748, 'f1_macro': 0.838792319092213, 'f1_micro': 0.9986503738829108, 'f1_weighted': 0.9987030743405341, 'f1_binary': 0.6782608695652174, 'pr_auc': 0.5070165615067819, 'precision_macro': 0.8142602156041149, 'precision_micro': 0.9986503738829108, 'precision_weighted': 0.9987719899046402, 'precision_binary': 0.6290322580645161, 'recall_macro': 0.86750423738748, 'recall_micro': 0.9986503738829108, 'recall_weighted': 0.9986503738829108, 'recall_binary': 0.7358490566037735, 'roc_auc': 0.9599503098223263}
-----------------------
Epoch 43/100
Training statistic: Loss: 0.0039, train_score: {'accuracy': 0.9989838802533103, 'balanced_accuracy': 0.8283052223798484, 'f1_macro': 0.8431350870696765, 'f1_micro': 0.9989838802533103, 'f1_weighted': 0.9989609264323298, 'f1_binary': 0.686779059449867, 'pr_auc': 0.6352300268484713, 'precision_macro': 0.8593742454253526, 'precision_micro': 0.9989838802533103, 'precision_weighted': 0.9989427621594085, 'precision_binary': 0.7193308550185874, 'recall_macro': 0.8283052223798484, 'recall_micro': 0.9989838802533103, 'recall_weighted': 0.9989838802533103, 'recall_binary': 0.6570458404074703, 'roc_auc': 0.9922876435553262}
Validation statistic: Loss: 0.0081, dev_score: {'accuracy': 0.9984679919751961, 'balanced_accuracy': 0.8674128697973915, 'f1_macro': 0.8246161579235971, 'f1_micro': 0.9984679919751961, 'f1_weighted': 0.9985571630935959, 'f1_binary': 0.65, 'pr_auc': 0.4821902929483754, 'precision_macro': 0.7907888159029337, 'precision_micro': 0.9984679919751961, 'precision_weighted': 0.9986811446063322, 'precision_binary': 0.582089552238806, 'recall_macro': 0.8674128697973915, 'recall_micro': 0.9984679919751961, 'recall_weighted': 0.9984679919751961, 'recall_binary': 0.7358490566037735, 'roc_auc': 0.9565766046562303}
-----------------------
Epoch 44/100
Training statistic: Loss: 0.0041, train_score: {'accuracy': 0.9989378238341969, 'balanced_accuracy': 0.8418414306958333, 'f1_macro': 0.8427127295314855, 'f1_micro': 0.9989378238341969, 'f1_weighted': 0.9989364701616346, 'f1_binary': 0.6859574468085107, 'pr_auc': 0.6364248261245659, 'precision_macro': 0.8435885000253207, 'precision_micro': 0.9989378238341969, 'precision_weighted': 0.9989351316893015, 'precision_binary': 0.6877133105802048, 'recall_macro': 0.8418414306958333, 'recall_micro': 0.9989378238341969, 'recall_weighted': 0.9989378238341969, 'recall_binary': 0.6842105263157895, 'roc_auc': 0.9923452751372354}
Validation statistic: Loss: 0.0085, dev_score: {'accuracy': 0.9983950392121101, 'balanced_accuracy': 0.8673763227613561, 'f1_macro': 0.8192699961764216, 'f1_micro': 0.9983950392121101, 'f1_weighted': 0.9985000478476053, 'f1_binary': 0.639344262295082, 'pr_auc': 0.4605237282002109, 'precision_macro': 0.7823527167155835, 'precision_micro': 0.9983950392121101, 'precision_weighted': 0.9986484891633471, 'precision_binary': 0.5652173913043478, 'recall_macro': 0.8673763227613561, 'recall_micro': 0.9983950392121101, 'recall_weighted': 0.9983950392121101, 'recall_binary': 0.7358490566037735, 'roc_auc': 0.955295734478198}
-----------------------
Epoch 45/100
Training statistic: Loss: 0.0037, train_score: {'accuracy': 0.9990500863557858, 'balanced_accuracy': 0.8317282005598046, 'f1_macro': 0.8513808459408161, 'f1_micro': 0.9990500863557858, 'f1_weighted': 0.9990219416615793, 'f1_binary': 0.7032374100719424, 'pr_auc': 0.6783312028159243, 'precision_macro': 0.8735195675594776, 'precision_micro': 0.9990500863557858, 'precision_weighted': 0.9990022450475257, 'precision_binary': 0.7476099426386233, 'recall_macro': 0.8317282005598046, 'recall_micro': 0.9990500863557858, 'recall_weighted': 0.9990500863557858, 'recall_binary': 0.6638370118845501, 'roc_auc': 0.9932627836284638}
Validation statistic: Loss: 0.0080, dev_score: {'accuracy': 0.9986868502644538, 'balanced_accuracy': 0.8675225109054976, 'f1_macro': 0.8417762917418556, 'f1_micro': 0.9986868502644538, 'f1_weighted': 0.9987328296962761, 'f1_binary': 0.6842105263157895, 'pr_auc': 0.5228402335714778, 'precision_macro': 0.8194162270750105, 'precision_micro': 0.9986868502644538, 'precision_weighted': 0.9987919442435338, 'precision_binary': 0.639344262295082, 'recall_macro': 0.8675225109054976, 'recall_micro': 0.9986868502644538, 'recall_weighted': 0.9986868502644538, 'recall_binary': 0.7358490566037735, 'roc_auc': 0.9591648933309245}
-----------------------
Epoch 46/100
Training statistic: Loss: 0.0037, train_score: {'accuracy': 0.9991479562464018, 'balanced_accuracy': 0.8309297638856731, 'f1_macro': 0.8622401902696848, 'f1_micro': 0.9991479562464018, 'f1_weighted': 0.9991076339120281, 'f1_binary': 0.724907063197026, 'pr_auc': 0.7028495874959944, 'precision_macro': 0.9001238621917238, 'precision_micro': 0.9991479562464018, 'precision_weighted': 0.9990896438934399, 'precision_binary': 0.8008213552361396, 'recall_macro': 0.8309297638856731, 'recall_micro': 0.9991479562464018, 'recall_weighted': 0.9991479562464018, 'recall_binary': 0.6621392190152802, 'roc_auc': 0.9929498939498118}
Validation statistic: Loss: 0.0079, dev_score: {'accuracy': 0.9988692321721685, 'balanced_accuracy': 0.867613878495586, 'f1_macro': 0.8575149100801414, 'f1_micro': 0.9988692321721685, 'f1_weighted': 0.9988847622009636, 'f1_binary': 0.7155963302752294, 'pr_auc': 0.5600157080201268, 'precision_macro': 0.8479584284095596, 'precision_micro': 0.9988692321721685, 'precision_weighted': 0.9989023957374389, 'precision_binary': 0.6964285714285714, 'recall_macro': 0.867613878495586, 'recall_micro': 0.9988692321721685, 'recall_weighted': 0.9988692321721685, 'recall_binary': 0.7358490566037735, 'roc_auc': 0.9612522117852469}
-----------------------
Epoch 47/100
Training statistic: Loss: 0.0036, train_score: {'accuracy': 0.9990817501439263, 'balanced_accuracy': 0.8707269767925098, 'f1_macro': 0.8660734794040466, 'f1_micro': 0.9990817501439263, 'f1_weighted': 0.9990875129507473, 'f1_binary': 0.732606873428332, 'pr_auc': 0.7016458732014078, 'precision_macro': 0.8615358178776247, 'precision_micro': 0.9990817501439263, 'precision_weighted': 0.999093669477614, 'precision_binary': 0.7235099337748344, 'recall_macro': 0.8707269767925098, 'recall_micro': 0.9990817501439263, 'recall_weighted': 0.9990817501439263, 'recall_binary': 0.7419354838709677, 'roc_auc': 0.99362990990053}
Validation statistic: Loss: 0.0081, dev_score: {'accuracy': 0.9986868502644538, 'balanced_accuracy': 0.876938199651631, 'f1_macro': 0.8444986027657297, 'f1_micro': 0.9986868502644538, 'f1_weighted': 0.9987433315449031, 'f1_binary': 0.6896551724137931, 'pr_auc': 0.5654452610221988, 'precision_macro': 0.8172226748747662, 'precision_micro': 0.9986868502644538, 'precision_weighted': 0.9988198446397624, 'precision_binary': 0.6349206349206349, 'recall_macro': 0.876938199651631, 'recall_micro': 0.9986868502644538, 'recall_weighted': 0.9986868502644538, 'recall_binary': 0.7547169811320755, 'roc_auc': 0.9615176949715416}
-----------------------
Epoch 48/100
Training statistic: Loss: 0.0037, train_score: {'accuracy': 0.9990184225676454, 'balanced_accuracy': 0.8367970701410841, 'f1_macro': 0.8495339398015223, 'f1_micro': 0.9990184225676454, 'f1_weighted': 0.9989998592339011, 'f1_binary': 0.6995594713656388, 'pr_auc': 0.6494277144252917, 'precision_macro': 0.8632763400403387, 'precision_micro': 0.9990184225676454, 'precision_weighted': 0.9989847132132633, 'precision_binary': 0.7271062271062271, 'recall_macro': 0.8367970701410841, 'recall_micro': 0.9990184225676454, 'recall_weighted': 0.9990184225676454, 'recall_binary': 0.6740237691001698, 'roc_auc': 0.9934105353880212}
Validation statistic: Loss: 0.0077, dev_score: {'accuracy': 0.998504468356739, 'balanced_accuracy': 0.8674311433154092, 'f1_macro': 0.8273563963063977, 'f1_micro': 0.998504468356739, 'f1_weighted': 0.998585979381675, 'f1_binary': 0.6554621848739496, 'pr_auc': 0.4678039928007992, 'precision_macro': 0.7951985945971101, 'precision_micro': 0.998504468356739, 'precision_weighted': 0.9986982136456644, 'precision_binary': 0.5909090909090909, 'recall_macro': 0.8674311433154092, 'recall_micro': 0.998504468356739, 'recall_weighted': 0.998504468356739, 'recall_binary': 0.7358490566037735, 'roc_auc': 0.960822266936793}
-----------------------
Epoch 49/100
Training statistic: Loss: 0.0035, train_score: {'accuracy': 0.9991565918249856, 'balanced_accuracy': 0.8266968153720418, 'f1_macro': 0.8619713272235077, 'f1_micro': 0.9991565918249856, 'f1_weighted': 0.9991110399335354, 'f1_binary': 0.7243650047036688, 'pr_auc': 0.7138870781627709, 'precision_macro': 0.9058241326333993, 'precision_micro': 0.9991565918249856, 'precision_weighted': 0.9990946309599479, 'precision_binary': 0.8122362869198312, 'recall_macro': 0.8266968153720418, 'recall_micro': 0.9991565918249856, 'recall_weighted': 0.9991565918249856, 'recall_binary': 0.6536502546689303, 'roc_auc': 0.9937684851554973}
Validation statistic: Loss: 0.0074, dev_score: {'accuracy': 0.9990151376983403, 'balanced_accuracy': 0.8676869725676568, 'f1_macro': 0.8711818834431899, 'f1_micro': 0.9990151376983403, 'f1_weighted': 0.9990104568761412, 'f1_binary': 0.7428571428571429, 'pr_auc': 0.5837635574217724, 'precision_macro': 0.8747441800972116, 'precision_micro': 0.9990151376983403, 'precision_weighted': 0.9990060372657233, 'precision_binary': 0.75, 'recall_macro': 0.8676869725676568, 'recall_micro': 0.9990151376983403, 'recall_weighted': 0.9990151376983403, 'recall_binary': 0.7358490566037735, 'roc_auc': 0.96214864851819}
Saving model...
Model saved!
-------------------------------------------
-----------------------
Epoch 50/100
Training statistic: Loss: 0.0040, train_score: {'accuracy': 0.9988140472078296, 'balanced_accuracy': 0.8612708960012024, 'f1_macro': 0.836728287894814, 'f1_micro': 0.9988140472078296, 'f1_weighted': 0.9988543185904679, 'f1_binary': 0.6740506329113924, 'pr_auc': 0.6001096074403424, 'precision_macro': 0.8153204989545029, 'precision_micro': 0.9988140472078296, 'precision_weighted': 0.9989052504741194, 'precision_binary': 0.6311111111111111, 'recall_macro': 0.8612708960012024, 'recall_micro': 0.9988140472078296, 'recall_weighted': 0.9988140472078296, 'recall_binary': 0.7232597623089984, 'roc_auc': 0.9941431822274295}
Validation statistic: Loss: 0.0082, dev_score: {'accuracy': 0.9981761809228524, 'balanced_accuracy': 0.8672666816532499, 'f1_macro': 0.8042304783188914, 'f1_micro': 0.9981761809228524, 'f1_weighted': 0.9983325486238561, 'f1_binary': 0.609375, 'pr_auc': 0.4423210980883467, 'precision_macro': 0.7597439648866131, 'precision_micro': 0.9981761809228524, 'precision_weighted': 0.9985609605856288, 'precision_binary': 0.52, 'recall_macro': 0.8672666816532499, 'recall_micro': 0.9981761809228524, 'recall_weighted': 0.9981761809228524, 'recall_binary': 0.7358490566037735, 'roc_auc': 0.9626916823083382}
-----------------------
Epoch 51/100
Training statistic: Loss: 0.0036, train_score: {'accuracy': 0.9991796200345423, 'balanced_accuracy': 0.8334879868491216, 'f1_macro': 0.8667413670882138, 'f1_micro': 0.9991796200345423, 'f1_weighted': 0.9991387026032407, 'f1_binary': 0.7338935574229691, 'pr_auc': 0.7222291275425572, 'precision_macro': 0.9073938610434661, 'precision_micro': 0.9991796200345423, 'precision_weighted': 0.9991229222536417, 'precision_binary': 0.8153526970954357, 'recall_macro': 0.8334879868491216, 'recall_micro': 0.9991796200345423, 'recall_weighted': 0.9991796200345423, 'recall_binary': 0.66723259762309, 'roc_auc': 0.9945015358688073}
Validation statistic: Loss: 0.0077, dev_score: {'accuracy': 0.9989786613167974, 'balanced_accuracy': 0.8676686990496392, 'f1_macro': 0.8676686990496392, 'f1_micro': 0.9989786613167974, 'f1_weighted': 0.9989786613167974, 'f1_binary': 0.7358490566037735, 'pr_auc': 0.5829996365300948, 'precision_macro': 0.8676686990496392, 'precision_micro': 0.9989786613167974, 'precision_weighted': 0.9989786613167974, 'precision_binary': 0.7358490566037735, 'recall_macro': 0.8676686990496392, 'recall_micro': 0.9989786613167974, 'recall_weighted': 0.9989786613167974, 'recall_binary': 0.7358490566037735, 'roc_auc': 0.9619176436677779}
-----------------------
Epoch 52/100
Training statistic: Loss: 0.0035, train_score: {'accuracy': 0.9991105354058722, 'balanced_accuracy': 0.8351482953248747, 'f1_macro': 0.8591949339778369, 'f1_micro': 0.9991105354058722, 'f1_weighted': 0.9990786171252064, 'f1_binary': 0.718835304822566, 'pr_auc': 0.7136966595425754, 'precision_macro': 0.8869752744131467, 'precision_micro': 0.9991105354058722, 'precision_weighted': 0.9990593853070302, 'precision_binary': 0.7745098039215687, 'recall_macro': 0.8351482953248747, 'recall_micro': 0.9991105354058722, 'recall_weighted': 0.9991105354058722, 'recall_binary': 0.6706281833616299, 'roc_auc': 0.9942112362037225}
Validation statistic: Loss: 0.0077, dev_score: {'accuracy': 0.9987962794090827, 'balanced_accuracy': 0.8675773314595507, 'f1_macro': 0.8510498107530218, 'f1_micro': 0.9987962794090827, 'f1_weighted': 0.9988233352376528, 'f1_binary': 0.7027027027027027, 'pr_auc': 0.5727121454213145, 'precision_macro': 0.8359510205419278, 'precision_micro': 0.9987962794090827, 'precision_weighted': 0.9988559318721278, 'precision_binary': 0.6724137931034483, 'recall_macro': 0.8675773314595507, 'recall_micro': 0.9987962794090827, 'recall_weighted': 0.9987962794090827, 'recall_binary': 0.7358490566037735, 'roc_auc': 0.9612670374696763}
-----------------------
Epoch 53/100
Training statistic: Loss: 0.0033, train_score: {'accuracy': 0.9991681059297639, 'balanced_accuracy': 0.8267025822018137, 'f1_macro': 0.8633422283674431, 'f1_micro': 0.9991681059297639, 'f1_weighted': 0.9991214372436138, 'f1_binary': 0.7271010387157696, 'pr_auc': 0.7368739798119953, 'precision_macro': 0.9092804606484477, 'precision_micro': 0.9991681059297639, 'precision_weighted': 0.9991063577926718, 'precision_binary': 0.8191489361702128, 'recall_macro': 0.8267025822018137, 'recall_micro': 0.9991681059297639, 'recall_weighted': 0.9991681059297639, 'recall_binary': 0.6536502546689303, 'roc_auc': 0.9944913043966315}
Validation statistic: Loss: 0.0074, dev_score: {'accuracy': 0.9989786613167974, 'balanced_accuracy': 0.8676686990496392, 'f1_macro': 0.8676686990496392, 'f1_micro': 0.9989786613167974, 'f1_weighted': 0.9989786613167974, 'f1_binary': 0.7358490566037735, 'pr_auc': 0.6109415441238029, 'precision_macro': 0.8676686990496392, 'precision_micro': 0.9989786613167974, 'precision_weighted': 0.9989786613167974, 'precision_binary': 0.7358490566037735, 'recall_macro': 0.8676686990496392, 'recall_micro': 0.9989786613167974, 'recall_weighted': 0.9989786613167974, 'recall_binary': 0.7358490566037735, 'roc_auc': 0.9614908018695533}
-----------------------
Epoch 54/100
Training statistic: Loss: 0.0035, train_score: {'accuracy': 0.9991738629821532, 'balanced_accuracy': 0.8411121959789638, 'f1_macro': 0.8682624351534496, 'f1_micro': 0.9991738629821532, 'f1_weighted': 0.9991409753176076, 'f1_binary': 0.7369385884509624, 'pr_auc': 0.7161201811591139, 'precision_macro': 0.9001288746966024, 'precision_micro': 0.9991738629821532, 'precision_weighted': 0.9991241111721966, 'precision_binary': 0.8007968127490039, 'recall_macro': 0.8411121959789638, 'recall_micro': 0.9991738629821532, 'recall_weighted': 0.9991738629821532, 'recall_binary': 0.6825127334465195, 'roc_auc': 0.9942302305157046}
Validation statistic: Loss: 0.0078, dev_score: {'accuracy': 0.9988692321721685, 'balanced_accuracy': 0.867613878495586, 'f1_macro': 0.8575149100801414, 'f1_micro': 0.9988692321721685, 'f1_weighted': 0.9988847622009636, 'f1_binary': 0.7155963302752294, 'pr_auc': 0.5851197091913216, 'precision_macro': 0.8479584284095596, 'precision_micro': 0.9988692321721685, 'precision_weighted': 0.9989023957374389, 'precision_binary': 0.6964285714285714, 'recall_macro': 0.867613878495586, 'recall_micro': 0.9988692321721685, 'recall_weighted': 0.9988692321721685, 'recall_binary': 0.7358490566037735, 'roc_auc': 0.9612666926863174}
-----------------------
Epoch 55/100
Training statistic: Loss: 0.0035, train_score: {'accuracy': 0.9991681059297639, 'balanced_accuracy': 0.8911091414684069, 'f1_macro': 0.8804687897044627, 'f1_micro': 0.9991681059297639, 'f1_weighted': 0.9991794207821578, 'f1_binary': 0.7613542526837325, 'pr_auc': 0.7016725166735989, 'precision_macro': 0.8703942220213385, 'precision_micro': 0.9991681059297639, 'precision_weighted': 0.9991926586641899, 'precision_binary': 0.7411575562700965, 'recall_macro': 0.8911091414684069, 'recall_micro': 0.9991681059297639, 'recall_weighted': 0.9991681059297639, 'recall_binary': 0.7826825127334465, 'roc_auc': 0.9942389860123488}
Validation statistic: Loss: 0.0079, dev_score: {'accuracy': 0.9986138975013679, 'balanced_accuracy': 0.8769016526155955, 'f1_macro': 0.83863577785433, 'f1_micro': 0.9986138975013679, 'f1_weighted': 0.9986842252822876, 'f1_binary': 0.6779661016949152, 'pr_auc': 0.5238540121276994, 'precision_macro': 0.8074546477288708, 'precision_micro': 0.9986138975013679, 'precision_weighted': 0.9987820419761538, 'precision_binary': 0.6153846153846154, 'recall_macro': 0.8769016526155955, 'recall_micro': 0.9986138975013679, 'recall_weighted': 0.9986138975013679, 'recall_binary': 0.7547169811320755, 'roc_auc': 0.9615669989918536}
-----------------------
Epoch 56/100
Training statistic: Loss: 0.0036, train_score: {'accuracy': 0.9991940126655152, 'balanced_accuracy': 0.8462070162942167, 'f1_macro': 0.8720609585392065, 'f1_micro': 0.9991940126655152, 'f1_weighted': 0.9991639093157463, 'f1_binary': 0.7445255474452555, 'pr_auc': 0.7265431700000045, 'precision_macro': 0.9021059765423634, 'precision_micro': 0.9991940126655152, 'precision_weighted': 0.9991480453402649, 'precision_binary': 0.8047337278106509, 'recall_macro': 0.8462070162942167, 'recall_micro': 0.9991940126655152, 'recall_weighted': 0.9991940126655152, 'recall_binary': 0.6926994906621392, 'roc_auc': 0.9943576245828968}
Validation statistic: Loss: 0.0081, dev_score: {'accuracy': 0.9987598030275396, 'balanced_accuracy': 0.867559057941533, 'f1_macro': 0.8479036018442612, 'f1_micro': 0.9987598030275396, 'f1_weighted': 0.9987929545935618, 'f1_binary': 0.6964285714285714, 'pr_auc': 0.5771532491764112, 'precision_macro': 0.830252589212914, 'precision_micro': 0.9987598030275396, 'precision_weighted': 0.9988338802728698, 'precision_binary': 0.6610169491525424, 'recall_macro': 0.867559057941533, 'recall_micro': 0.9987598030275396, 'recall_weighted': 0.9987598030275396, 'recall_binary': 0.7358490566037735, 'roc_auc': 0.959554153743037}
-----------------------
Epoch 57/100
Training statistic: Loss: 0.0033, train_score: {'accuracy': 0.9992199194012665, 'balanced_accuracy': 0.8385928991164752, 'f1_macro': 0.873050703657158, 'f1_micro': 0.9992199194012665, 'f1_weighted': 0.9991802104392732, 'f1_binary': 0.7464920486435921, 'pr_auc': 0.7428779996592088, 'precision_macro': 0.9153511616511012, 'precision_micro': 0.9992199194012665, 'precision_weighted': 0.9991671443487625, 'precision_binary': 0.83125, 'recall_macro': 0.8385928991164752, 'recall_micro': 0.9992199194012665, 'recall_weighted': 0.9992199194012665, 'recall_binary': 0.6774193548387096, 'roc_auc': 0.9939788716379033}
Validation statistic: Loss: 0.0077, dev_score: {'accuracy': 0.9990516140798833, 'balanced_accuracy': 0.8677052460856745, 'f1_macro': 0.8747624529474107, 'f1_micro': 0.9990516140798833, 'f1_weighted': 0.9990425123142114, 'f1_binary': 0.75, 'pr_auc': 0.6061366143867921, 'precision_macro': 0.882097130622458, 'precision_micro': 0.9990516140798833, 'precision_weighted': 0.9990344860480365, 'precision_binary': 0.7647058823529411, 'recall_macro': 0.8677052460856745, 'recall_micro': 0.9990516140798833, 'recall_weighted': 0.9990516140798833, 'recall_binary': 0.7358490566037735, 'roc_auc': 0.9583325863027226}
-----------------------
Epoch 58/100
Training statistic: Loss: 0.0035, train_score: {'accuracy': 0.9991105354058722, 'balanced_accuracy': 0.8554872087774831, 'f1_macro': 0.8650780508103146, 'f1_micro': 0.9991105354058722, 'f1_weighted': 0.9990985354895611, 'f1_binary': 0.7306015693112468, 'pr_auc': 0.7125628059682624, 'precision_macro': 0.8752029603141787, 'precision_micro': 0.9991105354058722, 'precision_weighted': 0.9990883505239381, 'precision_binary': 0.7508960573476703, 'recall_macro': 0.8554872087774831, 'recall_micro': 0.9991105354058722, 'recall_weighted': 0.9991105354058722, 'recall_binary': 0.7113752122241087, 'roc_auc': 0.9938819174242945}
Validation statistic: Loss: 0.0078, dev_score: {'accuracy': 0.9986138975013679, 'balanced_accuracy': 0.8674859638694623, 'f1_macro': 0.8358596362527148, 'f1_micro': 0.9986138975013679, 'f1_weighted': 0.9986735166307311, 'f1_binary': 0.6724137931034483, 'pr_auc': 0.575907747800952, 'precision_macro': 0.8092678867393697, 'precision_micro': 0.9986138975013679, 'precision_weighted': 0.9987526684425982, 'precision_binary': 0.6190476190476191, 'recall_macro': 0.8674859638694623, 'recall_micro': 0.9986138975013679, 'recall_weighted': 0.9986138975013679, 'recall_binary': 0.7358490566037735, 'roc_auc': 0.9594155508327896}
-----------------------
Epoch 59/100
Training statistic: Loss: 0.0033, train_score: {'accuracy': 0.9992112838226828, 'balanced_accuracy': 0.8292665719950341, 'f1_macro': 0.869326332046332, 'f1_micro': 0.9992112838226828, 'f1_weighted': 0.9991632824546233, 'f1_binary': 0.7390476190476191, 'pr_auc': 0.7473112902150735, 'precision_macro': 0.9205346187276954, 'precision_micro': 0.9992112838226828, 'precision_weighted': 0.9991531524946784, 'precision_binary': 0.841648590021692, 'recall_macro': 0.8292665719950341, 'recall_micro': 0.9992112838226828, 'recall_weighted': 0.9992112838226828, 'recall_binary': 0.6587436332767402, 'roc_auc': 0.9936775303051187}
Validation statistic: Loss: 0.0077, dev_score: {'accuracy': 0.9990151376983403, 'balanced_accuracy': 0.8676869725676568, 'f1_macro': 0.8711818834431899, 'f1_micro': 0.9990151376983403, 'f1_weighted': 0.9990104568761412, 'f1_binary': 0.7428571428571429, 'pr_auc': 0.6246779249843416, 'precision_macro': 0.8747441800972116, 'precision_micro': 0.9990151376983403, 'precision_weighted': 0.9990060372657233, 'precision_binary': 0.75, 'recall_macro': 0.8676869725676568, 'recall_micro': 0.9990151376983403, 'recall_weighted': 0.9990151376983403, 'recall_binary': 0.7358490566037735, 'roc_auc': 0.9584791192302229}
-----------------------
Epoch 60/100
Training statistic: Loss: 0.0036, train_score: {'accuracy': 0.9990875071963154, 'balanced_accuracy': 0.8580180392995154, 'f1_macro': 0.8632512537993229, 'f1_micro': 0.9990875071963154, 'f1_weighted': 0.9990808377676614, 'f1_binary': 0.726959517657192, 'pr_auc': 0.707121647593324, 'precision_macro': 0.8686403655394048, 'precision_micro': 0.9990875071963154, 'precision_weighted': 0.9990746981682659, 'precision_binary': 0.7377622377622378, 'recall_macro': 0.8580180392995154, 'recall_micro': 0.9990875071963154, 'recall_weighted': 0.9990875071963154, 'recall_binary': 0.7164685908319185, 'roc_auc': 0.9937464630131131}
Validation statistic: Loss: 0.0081, dev_score: {'accuracy': 0.9987233266459967, 'balanced_accuracy': 0.8675407844235152, 'f1_macro': 0.8448129158869102, 'f1_micro': 0.9987233266459967, 'f1_weighted': 0.9987627879629447, 'f1_binary': 0.6902654867256637, 'pr_auc': 0.5467311740220652, 'precision_macro': 0.824744105282398, 'precision_micro': 0.9987233266459967, 'precision_weighted': 0.99881256310319, 'precision_binary': 0.65, 'recall_macro': 0.8675407844235152, 'recall_micro': 0.9987233266459967, 'recall_weighted': 0.9987233266459967, 'recall_binary': 0.7358490566037735, 'roc_auc': 0.9585449728517583}
-----------------------
Epoch 61/100
Training statistic: Loss: 0.0034, train_score: {'accuracy': 0.9991968911917098, 'balanced_accuracy': 0.8275644540034353, 'f1_macro': 0.8670681859934868, 'f1_micro': 0.9991968911917098, 'f1_weighted': 0.9991484419524737, 'f1_binary': 0.7345385347288297, 'pr_auc': 0.7412247869335616, 'precision_macro': 0.9174563582714319, 'precision_micro': 0.9991968911917098, 'precision_weighted': 0.9991369675740228, 'precision_binary': 0.8354978354978355, 'recall_macro': 0.8275644540034353, 'recall_micro': 0.9991968911917098, 'recall_weighted': 0.9991968911917098, 'recall_binary': 0.6553480475382003, 'roc_auc': 0.994209045493771}
Validation statistic: Loss: 0.0077, dev_score: {'accuracy': 0.9990151376983403, 'balanced_accuracy': 0.8676869725676568, 'f1_macro': 0.8711818834431899, 'f1_micro': 0.9990151376983403, 'f1_weighted': 0.9990104568761412, 'f1_binary': 0.7428571428571429, 'pr_auc': 0.6106357904998883, 'precision_macro': 0.8747441800972116, 'precision_micro': 0.9990151376983403, 'precision_weighted': 0.9990060372657233, 'precision_binary': 0.75, 'recall_macro': 0.8676869725676568, 'recall_micro': 0.9990151376983403, 'recall_weighted': 0.9990151376983403, 'recall_binary': 0.7358490566037735, 'roc_auc': 0.9578643705014391}
-----------------------
Epoch 62/100
Training statistic: Loss: 0.0038, train_score: {'accuracy': 0.9989953943580887, 'balanced_accuracy': 0.8672939066604529, 'f1_macro': 0.8561270094535665, 'f1_micro': 0.9989953943580887, 'f1_weighted': 0.9990106640267383, 'f1_binary': 0.7127572016460906, 'pr_auc': 0.6984428432499754, 'precision_macro': 0.8456217150093115, 'precision_micro': 0.9989953943580887, 'precision_weighted': 0.9990281827961897, 'precision_binary': 0.6916932907348243, 'recall_macro': 0.8672939066604529, 'recall_micro': 0.9989953943580887, 'recall_weighted': 0.9989953943580887, 'recall_binary': 0.735144312393888, 'roc_auc': 0.9941191137906101}
Validation statistic: Loss: 0.0086, dev_score: {'accuracy': 0.9984315155936531, 'balanced_accuracy': 0.8673945962793739, 'f1_macro': 0.8219210612301993, 'f1_micro': 0.9984315155936531, 'f1_weighted': 0.9985285206795859, 'f1_binary': 0.6446280991735537, 'pr_auc': 0.5548436346662631, 'precision_macro': 0.7865087363061654, 'precision_micro': 0.9984315155936531, 'precision_weighted': 0.9986645770467352, 'precision_binary': 0.5735294117647058, 'recall_macro': 0.8673945962793739, 'recall_micro': 0.9984315155936531, 'recall_weighted': 0.9984315155936531, 'recall_binary': 0.7358490566037735, 'roc_auc': 0.9575819929305621}
-----------------------
Epoch 63/100
Training statistic: Loss: 0.0037, train_score: {'accuracy': 0.9991421991940127, 'balanced_accuracy': 0.8444861561058594, 'f1_macro': 0.8655509724142687, 'f1_micro': 0.9991421991940127, 'f1_weighted': 0.9991159662579735, 'f1_binary': 0.7315315315315315, 'pr_auc': 0.7023365998464322, 'precision_macro': 0.8893715359566685, 'precision_micro': 0.9991421991940127, 'precision_weighted': 0.9990990969408519, 'precision_binary': 0.7792706333973128, 'recall_macro': 0.8444861561058594, 'recall_micro': 0.9991421991940127, 'recall_weighted': 0.9991421991940127, 'recall_binary': 0.6893039049235993, 'roc_auc': 0.9939778754156126}
Validation statistic: Loss: 0.0084, dev_score: {'accuracy': 0.9987598030275396, 'balanced_accuracy': 0.867559057941533, 'f1_macro': 0.8479036018442612, 'f1_micro': 0.9987598030275396, 'f1_weighted': 0.9987929545935618, 'f1_binary': 0.6964285714285714, 'pr_auc': 0.5449965779591325, 'precision_macro': 0.830252589212914, 'precision_micro': 0.9987598030275396, 'precision_weighted': 0.9988338802728698, 'precision_binary': 0.6610169491525424, 'recall_macro': 0.867559057941533, 'recall_micro': 0.9987598030275396, 'recall_weighted': 0.9987598030275396, 'recall_binary': 0.7358490566037735, 'roc_auc': 0.9603316402171859}
-----------------------
Epoch 64/100
Training statistic: Loss: 0.0034, train_score: {'accuracy': 0.9991853770869314, 'balanced_accuracy': 0.8182366851745513, 'f1_macro': 0.8628163701723812, 'f1_micro': 0.9991853770869314, 'f1_weighted': 0.9991282887788575, 'f1_binary': 0.7260406582768635, 'pr_auc': 0.747224240296726, 'precision_macro': 0.9219889008435683, 'precision_micro': 0.9991853770869314, 'precision_weighted': 0.999120770440955, 'precision_binary': 0.8445945945945946, 'recall_macro': 0.8182366851745513, 'recall_micro': 0.9991853770869314, 'recall_weighted': 0.9991853770869314, 'recall_binary': 0.6366723259762309, 'roc_auc': 0.9936418645680197}
Validation statistic: Loss: 0.0075, dev_score: {'accuracy': 0.9990880904614262, 'balanced_accuracy': 0.8677235196036922, 'f1_macro': 0.8784123702451764, 'f1_micro': 0.9990880904614262, 'f1_weighted': 0.9990748352197505, 'f1_binary': 0.7572815533980582, 'pr_auc': 0.627261550129386, 'precision_macro': 0.8897441987940801, 'precision_micro': 0.9990880904614262, 'precision_weighted': 0.9990640720338223, 'precision_binary': 0.78, 'recall_macro': 0.8677235196036922, 'recall_micro': 0.9990880904614262, 'recall_weighted': 0.9990880904614262, 'recall_binary': 0.7358490566037735, 'roc_auc': 0.9612042868983703}
-----------------------
Epoch 65/100
Training statistic: Loss: 0.0034, train_score: {'accuracy': 0.9992112838226828, 'balanced_accuracy': 0.8546902138107946, 'f1_macro': 0.8763790820184887, 'f1_micro': 0.9992112838226828, 'f1_weighted': 0.9991871636063244, 'f1_binary': 0.7531531531531531, 'pr_auc': 0.7368841916798677, 'precision_macro': 0.9009051478337744, 'precision_micro': 0.9992112838226828, 'precision_weighted': 0.9991726831999326, 'precision_binary': 0.8023032629558541, 'recall_macro': 0.8546902138107946, 'recall_micro': 0.9992112838226828, 'recall_weighted': 0.9992112838226828, 'recall_binary': 0.7096774193548387, 'roc_auc': 0.993695929820991}
Validation statistic: Loss: 0.0079, dev_score: {'accuracy': 0.9987962794090827, 'balanced_accuracy': 0.8675773314595507, 'f1_macro': 0.8510498107530218, 'f1_micro': 0.9987962794090827, 'f1_weighted': 0.9988233352376528, 'f1_binary': 0.7027027027027027, 'pr_auc': 0.6111096396258606, 'precision_macro': 0.8359510205419278, 'precision_micro': 0.9987962794090827, 'precision_weighted': 0.9988559318721278, 'precision_binary': 0.6724137931034483, 'recall_macro': 0.8675773314595507, 'recall_micro': 0.9987962794090827, 'recall_weighted': 0.9987962794090827, 'recall_binary': 0.7358490566037735, 'roc_auc': 0.9601971747072444}
-----------------------
Epoch 66/100
Training statistic: Loss: 0.0036, train_score: {'accuracy': 0.9992199194012665, 'balanced_accuracy': 0.8385928991164752, 'f1_macro': 0.873050703657158, 'f1_micro': 0.9992199194012665, 'f1_weighted': 0.9991802104392732, 'f1_binary': 0.7464920486435921, 'pr_auc': 0.7396630137185674, 'precision_macro': 0.9153511616511012, 'precision_micro': 0.9992199194012665, 'precision_weighted': 0.9991671443487625, 'precision_binary': 0.83125, 'recall_macro': 0.8385928991164752, 'recall_micro': 0.9992199194012665, 'recall_weighted': 0.9992199194012665, 'recall_binary': 0.6774193548387096, 'roc_auc': 0.9941242931674342}
Validation statistic: Loss: 0.0079, dev_score: {'accuracy': 0.9990516140798833, 'balanced_accuracy': 0.8677052460856745, 'f1_macro': 0.8747624529474107, 'f1_micro': 0.9990516140798833, 'f1_weighted': 0.9990425123142114, 'f1_binary': 0.75, 'pr_auc': 0.6107511393038711, 'precision_macro': 0.882097130622458, 'precision_micro': 0.9990516140798833, 'precision_weighted': 0.9990344860480365, 'precision_binary': 0.7647058823529411, 'recall_macro': 0.8677052460856745, 'recall_micro': 0.9990516140798833, 'recall_weighted': 0.9990516140798833, 'recall_binary': 0.7358490566037735, 'roc_auc': 0.961348061559}
-----------------------
Epoch 67/100
Training statistic: Loss: 0.0035, train_score: {'accuracy': 0.9992400690846287, 'balanced_accuracy': 0.8665689970659124, 'f1_macro': 0.8827884317390302, 'f1_micro': 0.9992400690846287, 'f1_weighted': 0.9992232540321057, 'f1_binary': 0.7659574468085106, 'pr_auc': 0.7402383228857807, 'precision_macro': 0.9005157995873503, 'precision_micro': 0.9992400690846287, 'precision_weighted': 0.9992115625879299, 'precision_binary': 0.8014842300556586, 'recall_macro': 0.8665689970659124, 'recall_micro': 0.9992400690846287, 'recall_weighted': 0.9992400690846287, 'recall_binary': 0.733446519524618, 'roc_auc': 0.9938760135221681}
Validation statistic: Loss: 0.0080, dev_score: {'accuracy': 0.9987598030275396, 'balanced_accuracy': 0.867559057941533, 'f1_macro': 0.8479036018442612, 'f1_micro': 0.9987598030275396, 'f1_weighted': 0.9987929545935618, 'f1_binary': 0.6964285714285714, 'pr_auc': 0.6074391947461941, 'precision_macro': 0.830252589212914, 'precision_micro': 0.9987598030275396, 'precision_weighted': 0.9988338802728698, 'precision_binary': 0.6610169491525424, 'recall_macro': 0.867559057941533, 'recall_micro': 0.9987598030275396, 'recall_weighted': 0.9987598030275396, 'recall_binary': 0.7358490566037735, 'roc_auc': 0.9602819914135152}
-----------------------
Epoch 68/100
Training statistic: Loss: 0.0036, train_score: {'accuracy': 0.9991623488773748, 'balanced_accuracy': 0.894496076962289, 'f1_macro': 0.8806255993973615, 'f1_micro': 0.9991623488773748, 'f1_weighted': 0.9991770727058787, 'f1_binary': 0.7616707616707616, 'pr_auc': 0.712982403391622, 'precision_macro': 0.8677009529444266, 'precision_micro': 0.9991623488773748, 'precision_weighted': 0.9991950114147884, 'precision_binary': 0.7357594936708861, 'recall_macro': 0.894496076962289, 'recall_micro': 0.9991623488773748, 'recall_weighted': 0.9991623488773748, 'recall_binary': 0.7894736842105263, 'roc_auc': 0.9939281401804114}
Validation statistic: Loss: 0.0081, dev_score: {'accuracy': 0.998577421119825, 'balanced_accuracy': 0.8674676903514446, 'f1_macro': 0.8329769280914348, 'f1_micro': 0.998577421119825, 'f1_weighted': 0.9986441514818775, 'f1_binary': 0.6666666666666666, 'pr_auc': 0.5680135732565124, 'precision_macro': 0.8044315678585792, 'precision_micro': 0.998577421119825, 'precision_weighted': 0.9987339501912416, 'precision_binary': 0.609375, 'recall_macro': 0.8674676903514446, 'recall_micro': 0.998577421119825, 'recall_weighted': 0.998577421119825, 'recall_binary': 0.7358490566037735, 'roc_auc': 0.9604812761949157}
-----------------------
Epoch 69/100
Training statistic: Loss: 0.0034, train_score: {'accuracy': 0.9991796200345423, 'balanced_accuracy': 0.8775556326631064, 'f1_macro': 0.878517961833261, 'f1_micro': 0.9991796200345423, 'f1_weighted': 0.9991785745150834, 'f1_binary': 0.7574468085106383, 'pr_auc': 0.7296159479353186, 'precision_macro': 0.8794852286885451, 'precision_micro': 0.9991796200345423, 'precision_weighted': 0.9991775457761112, 'precision_binary': 0.7593856655290102, 'recall_macro': 0.8775556326631064, 'recall_micro': 0.9991796200345423, 'recall_weighted': 0.9991796200345423, 'recall_binary': 0.7555178268251274, 'roc_auc': 0.9940407328810372}
Validation statistic: Loss: 0.0080, dev_score: {'accuracy': 0.9987233266459967, 'balanced_accuracy': 0.8769564731696486, 'f1_macro': 0.8475062477899312, 'f1_micro': 0.9987233266459967, 'f1_weighted': 0.998773178430235, 'f1_binary': 0.6956521739130435, 'pr_auc': 0.541554342424993, 'precision_macro': 0.8223430112637289, 'precision_micro': 0.9987233266459967, 'precision_weighted': 0.9988396597109956, 'precision_binary': 0.6451612903225806, 'recall_macro': 0.8769564731696486, 'recall_micro': 0.9987233266459967, 'recall_weighted': 0.9987233266459967, 'recall_binary': 0.7547169811320755, 'roc_auc': 0.9606133282213454}
-----------------------
Epoch 70/100
Training statistic: Loss: 0.0032, train_score: {'accuracy': 0.9992602187679908, 'balanced_accuracy': 0.8420029019294446, 'f1_macro': 0.8789304815578207, 'f1_micro': 0.9992602187679908, 'f1_weighted': 0.999220263695968, 'f1_binary': 0.7582314205079962, 'pr_auc': 0.766355865500188, 'precision_macro': 0.9248374165373027, 'precision_micro': 0.9992602187679908, 'precision_weighted': 0.9992108115066297, 'precision_binary': 0.8502109704641351, 'recall_macro': 0.8420029019294446, 'recall_micro': 0.9992602187679908, 'recall_weighted': 0.9992602187679908, 'recall_binary': 0.6842105263157895, 'roc_auc': 0.9939970851270087}
Validation statistic: Loss: 0.0075, dev_score: {'accuracy': 0.9990880904614262, 'balanced_accuracy': 0.8677235196036922, 'f1_macro': 0.8784123702451764, 'f1_micro': 0.9990880904614262, 'f1_weighted': 0.9990748352197505, 'f1_binary': 0.7572815533980582, 'pr_auc': 0.6182257770103715, 'precision_macro': 0.8897441987940801, 'precision_micro': 0.9990880904614262, 'precision_weighted': 0.9990640720338223, 'precision_binary': 0.78, 'recall_macro': 0.8677235196036922, 'recall_micro': 0.9990880904614262, 'recall_weighted': 0.9990880904614262, 'recall_binary': 0.7358490566037735, 'roc_auc': 0.9601282180354795}
-----------------------
Epoch 71/100
Training statistic: Loss: 0.0034, train_score: {'accuracy': 0.9993033966609096, 'balanced_accuracy': 0.8877870828094578, 'f1_macro': 0.8951542786554311, 'f1_micro': 0.9993033966609096, 'f1_weighted': 0.9992967791293534, 'f1_binary': 0.7906574394463668, 'pr_auc': 0.7467647645308964, 'precision_macro': 0.9028079430203795, 'precision_micro': 0.9993033966609096, 'precision_weighted': 0.9992911349893617, 'precision_binary': 0.8059964726631393, 'recall_macro': 0.8877870828094578, 'recall_micro': 0.9993033966609096, 'recall_weighted': 0.9993033966609096, 'recall_binary': 0.7758913412563667, 'roc_auc': 0.9945616347530976}
Validation statistic: Loss: 0.0080, dev_score: {'accuracy': 0.9988692321721685, 'balanced_accuracy': 0.867613878495586, 'f1_macro': 0.8575149100801414, 'f1_micro': 0.9988692321721685, 'f1_weighted': 0.9988847622009636, 'f1_binary': 0.7155963302752294, 'pr_auc': 0.6019198587122537, 'precision_macro': 0.8479584284095596, 'precision_micro': 0.9988692321721685, 'precision_weighted': 0.9989023957374389, 'precision_binary': 0.6964285714285714, 'recall_macro': 0.867613878495586, 'recall_micro': 0.9988692321721685, 'recall_weighted': 0.9988692321721685, 'recall_binary': 0.7358490566037735, 'roc_auc': 0.9611222284589701}
-----------------------
Epoch 72/100
Training statistic: Loss: 0.0035, train_score: {'accuracy': 0.9992112838226828, 'balanced_accuracy': 0.8343513003581862, 'f1_macro': 0.8708006358674654, 'f1_micro': 0.9992112838226828, 'f1_weighted': 0.9991682748685317, 'f1_binary': 0.7419962335216572, 'pr_auc': 0.7346701641124097, 'precision_macro': 0.9162094473073708, 'precision_micro': 0.9992112838226828, 'precision_weighted': 0.9991557023426839, 'precision_binary': 0.8329809725158562, 'recall_macro': 0.8343513003581862, 'recall_micro': 0.9992112838226828, 'recall_weighted': 0.9992112838226828, 'recall_binary': 0.6689303904923599, 'roc_auc': 0.994476128528811}
Validation statistic: Loss: 0.0081, dev_score: {'accuracy': 0.9989421849352544, 'balanced_accuracy': 0.8676504255316214, 'f1_macro': 0.864221010455205, 'f1_micro': 0.9989421849352544, 'f1_weighted': 0.9989471183311267, 'f1_binary': 0.7289719626168224, 'pr_auc': 0.6094716333084483, 'precision_macro': 0.8608552725087208, 'precision_micro': 0.9989421849352544, 'precision_weighted': 0.9989522985993279, 'precision_binary': 0.7222222222222222, 'recall_macro': 0.8676504255316214, 'recall_micro': 0.9989421849352544, 'recall_weighted': 0.9989421849352544, 'recall_binary': 0.7358490566037735, 'roc_auc': 0.959666208334655}
-----------------------
Epoch 73/100
Training statistic: Loss: 0.0033, train_score: {'accuracy': 0.9993408175014392, 'balanced_accuracy': 0.8861109155518323, 'f1_macro': 0.8993081559035627, 'f1_micro': 0.9993408175014392, 'f1_weighted': 0.999329550642618, 'f1_binary': 0.7989464442493416, 'pr_auc': 0.7606024393553965, 'precision_macro': 0.913443196561259, 'precision_micro': 0.9993408175014392, 'precision_weighted': 0.9993214700731015, 'precision_binary': 0.8272727272727273, 'recall_macro': 0.8861109155518323, 'recall_micro': 0.9993408175014392, 'recall_weighted': 0.9993408175014392, 'recall_binary': 0.7724957555178268, 'roc_auc': 0.9946693638328591}
Validation statistic: Loss: 0.0080, dev_score: {'accuracy': 0.9990880904614262, 'balanced_accuracy': 0.8677235196036922, 'f1_macro': 0.8784123702451764, 'f1_micro': 0.9990880904614262, 'f1_weighted': 0.9990748352197505, 'f1_binary': 0.7572815533980582, 'pr_auc': 0.616386554164998, 'precision_macro': 0.8897441987940801, 'precision_micro': 0.9990880904614262, 'precision_weighted': 0.9990640720338223, 'precision_binary': 0.78, 'recall_macro': 0.8677235196036922, 'recall_micro': 0.9990880904614262, 'recall_weighted': 0.9990880904614262, 'recall_binary': 0.7358490566037735, 'roc_auc': 0.9605102379970569}
-----------------------
Epoch 74/100
Training statistic: Loss: 0.0033, train_score: {'accuracy': 0.99926597582038, 'balanced_accuracy': 0.864887062978515, 'f1_macro': 0.8854664232104679, 'f1_micro': 0.99926597582038, 'f1_weighted': 0.9992452721461971, 'f1_binary': 0.7713004484304933, 'pr_auc': 0.7467781560123263, 'precision_macro': 0.9085160572983723, 'precision_micro': 0.99926597582038, 'precision_weighted': 0.9992329613674776, 'precision_binary': 0.8174904942965779, 'recall_macro': 0.864887062978515, 'recall_micro': 0.99926597582038, 'recall_weighted': 0.99926597582038, 'recall_binary': 0.7300509337860781, 'roc_auc': 0.9942517190549943}
Validation statistic: Loss: 0.0081, dev_score: {'accuracy': 0.9989421849352544, 'balanced_accuracy': 0.8676504255316214, 'f1_macro': 0.864221010455205, 'f1_micro': 0.9989421849352544, 'f1_weighted': 0.9989471183311267, 'f1_binary': 0.7289719626168224, 'pr_auc': 0.5984998238757464, 'precision_macro': 0.8608552725087208, 'precision_micro': 0.9989421849352544, 'precision_weighted': 0.9989522985993279, 'precision_binary': 0.7222222222222222, 'recall_macro': 0.8676504255316214, 'recall_micro': 0.9989421849352544, 'recall_weighted': 0.9989421849352544, 'recall_binary': 0.7358490566037735, 'roc_auc': 0.9583880964234932}
-----------------------
Epoch 75/100
Training statistic: Loss: 0.0034, train_score: {'accuracy': 0.9992630972941854, 'balanced_accuracy': 0.8496314361816157, 'f1_macro': 0.8812969689980588, 'f1_micro': 0.9992630972941854, 'f1_weighted': 0.9992297157956492, 'f1_binary': 0.762962962962963, 'pr_auc': 0.7568134682078974, 'precision_macro': 0.919296824697138, 'precision_micro': 0.9992630972941854, 'precision_weighted': 0.9992178531399295, 'precision_binary': 0.8391038696537678, 'recall_macro': 0.8496314361816157, 'recall_micro': 0.9992630972941854, 'recall_weighted': 0.9992630972941854, 'recall_binary': 0.6994906621392191, 'roc_auc': 0.9942886159955635}
Validation statistic: Loss: 0.0085, dev_score: {'accuracy': 0.9989786613167974, 'balanced_accuracy': 0.8676686990496392, 'f1_macro': 0.8676686990496392, 'f1_micro': 0.9989786613167974, 'f1_weighted': 0.9989786613167974, 'f1_binary': 0.7358490566037735, 'pr_auc': 0.609744239201979, 'precision_macro': 0.8676686990496392, 'precision_micro': 0.9989786613167974, 'precision_weighted': 0.9989786613167974, 'precision_binary': 0.7358490566037735, 'recall_macro': 0.8676686990496392, 'recall_micro': 0.9989786613167974, 'recall_weighted': 0.9989786613167974, 'recall_binary': 0.7358490566037735, 'roc_auc': 0.956930697165743}
-----------------------
Epoch 76/100
Training statistic: Loss: 0.0032, train_score: {'accuracy': 0.9992746113989638, 'balanced_accuracy': 0.8479422935570036, 'f1_macro': 0.8822810591858274, 'f1_micro': 0.9992746113989638, 'f1_weighted': 0.9992388033888271, 'f1_binary': 0.7649253731343284, 'pr_auc': 0.761102715885597, 'precision_macro': 0.9241726550412465, 'precision_micro': 0.9992746113989638, 'precision_weighted': 0.9992286528188363, 'precision_binary': 0.8488612836438924, 'recall_macro': 0.8479422935570036, 'recall_micro': 0.9992746113989638, 'recall_weighted': 0.9992746113989638, 'recall_binary': 0.6960950764006791, 'roc_auc': 0.993630318669873}
Validation statistic: Loss: 0.0077, dev_score: {'accuracy': 0.9990880904614262, 'balanced_accuracy': 0.8677235196036922, 'f1_macro': 0.8784123702451764, 'f1_micro': 0.9990880904614262, 'f1_weighted': 0.9990748352197505, 'f1_binary': 0.7572815533980582, 'pr_auc': 0.6285692598060625, 'precision_macro': 0.8897441987940801, 'precision_micro': 0.9990880904614262, 'precision_weighted': 0.9990640720338223, 'precision_binary': 0.78, 'recall_macro': 0.8677235196036922, 'recall_micro': 0.9990880904614262, 'recall_weighted': 0.9990880904614262, 'recall_binary': 0.7358490566037735, 'roc_auc': 0.9596424182828962}
-----------------------
Epoch 77/100
Training statistic: Loss: 0.0033, train_score: {'accuracy': 0.9992371905584341, 'balanced_accuracy': 0.841143913542709, 'f1_macro': 0.8758613891850439, 'f1_micro': 0.9992371905584341, 'f1_weighted': 0.999198360761651, 'f1_binary': 0.7521047708138447, 'pr_auc': 0.7565579494050699, 'precision_macro': 0.9184804854145048, 'precision_micro': 0.9992371905584341, 'precision_weighted': 0.9991863737886575, 'precision_binary': 0.8375, 'recall_macro': 0.841143913542709, 'recall_micro': 0.9992371905584341, 'recall_weighted': 0.9992371905584341, 'recall_binary': 0.6825127334465195, 'roc_auc': 0.9943245044752386}
Validation statistic: Loss: 0.0084, dev_score: {'accuracy': 0.9989786613167974, 'balanced_accuracy': 0.8676686990496392, 'f1_macro': 0.8676686990496392, 'f1_micro': 0.9989786613167974, 'f1_weighted': 0.9989786613167974, 'f1_binary': 0.7358490566037735, 'pr_auc': 0.6205333605588594, 'precision_macro': 0.8676686990496392, 'precision_micro': 0.9989786613167974, 'precision_weighted': 0.9989786613167974, 'precision_binary': 0.7358490566037735, 'recall_macro': 0.8676686990496392, 'recall_micro': 0.9989786613167974, 'recall_weighted': 0.9989786613167974, 'recall_binary': 0.7358490566037735, 'roc_auc': 0.9571820442343257}
-----------------------
Epoch 78/100
Training statistic: Loss: 0.0033, train_score: {'accuracy': 0.9992832469775474, 'balanced_accuracy': 0.8479466186793325, 'f1_macro': 0.8833565505927393, 'f1_micro': 0.9992832469775474, 'f1_weighted': 0.9992467616213248, 'f1_binary': 0.7670720299345183, 'pr_auc': 0.7661705683016602, 'precision_macro': 0.9268253487835811, 'precision_micro': 0.9992832469775474, 'precision_weighted': 0.9992376522950447, 'precision_binary': 0.8541666666666666, 'recall_macro': 0.8479466186793325, 'recall_micro': 0.9992832469775474, 'recall_weighted': 0.9992832469775474, 'recall_binary': 0.6960950764006791, 'roc_auc': 0.9944993622929001}
Validation statistic: Loss: 0.0081, dev_score: {'accuracy': 0.9990880904614262, 'balanced_accuracy': 0.8677235196036922, 'f1_macro': 0.8784123702451764, 'f1_micro': 0.9990880904614262, 'f1_weighted': 0.9990748352197505, 'f1_binary': 0.7572815533980582, 'pr_auc': 0.6157315052599514, 'precision_macro': 0.8897441987940801, 'precision_micro': 0.9990880904614262, 'precision_weighted': 0.9990640720338223, 'precision_binary': 0.78, 'recall_macro': 0.8677235196036922, 'recall_micro': 0.9990880904614262, 'recall_weighted': 0.9990880904614262, 'recall_binary': 0.7358490566037735, 'roc_auc': 0.9582084642935458}
-----------------------
Epoch 79/100
Training statistic: Loss: 0.0034, train_score: {'accuracy': 0.9992314335060449, 'balanced_accuracy': 0.8724968550339276, 'f1_macro': 0.8832136547499687, 'f1_micro': 0.9992314335060449, 'f1_weighted': 0.9992203763756093, 'f1_binary': 0.7668122270742358, 'pr_auc': 0.7492239957714817, 'precision_macro': 0.8945679371208204, 'precision_micro': 0.9992314335060449, 'precision_weighted': 0.9992114853970678, 'precision_binary': 0.789568345323741, 'recall_macro': 0.8724968550339276, 'recall_micro': 0.9992314335060449, 'recall_weighted': 0.9992314335060449, 'recall_binary': 0.7453310696095077, 'roc_auc': 0.9945298902644257}
Validation statistic: Loss: 0.0084, dev_score: {'accuracy': 0.9987598030275396, 'balanced_accuracy': 0.867559057941533, 'f1_macro': 0.8479036018442612, 'f1_micro': 0.9987598030275396, 'f1_weighted': 0.9987929545935618, 'f1_binary': 0.6964285714285714, 'pr_auc': 0.6245407167194389, 'precision_macro': 0.830252589212914, 'precision_micro': 0.9987598030275396, 'precision_weighted': 0.9988338802728698, 'precision_binary': 0.6610169491525424, 'recall_macro': 0.867559057941533, 'recall_micro': 0.9987598030275396, 'recall_weighted': 0.9987598030275396, 'recall_binary': 0.7358490566037735, 'roc_auc': 0.9565214393188184}
-----------------------
Epoch 80/100
Training statistic: Loss: 0.0034, train_score: {'accuracy': 0.9991997697179045, 'balanced_accuracy': 0.8233286220749182, 'f1_macro': 0.866145796373829, 'f1_micro': 0.9991997697179045, 'f1_weighted': 0.9991467571058202, 'f1_binary': 0.7326923076923076, 'pr_auc': 0.766640424234257, 'precision_macro': 0.922094922620339, 'precision_micro': 0.9991997697179045, 'precision_weighted': 0.9991383525154994, 'precision_binary': 0.844789356984479, 'recall_macro': 0.8233286220749182, 'recall_micro': 0.9991997697179045, 'recall_weighted': 0.9991997697179045, 'recall_binary': 0.6468590831918506, 'roc_auc': 0.9944458379861849}
Validation statistic: Loss: 0.0082, dev_score: {'accuracy': 0.9991245668429691, 'balanced_accuracy': 0.86774179312171, 'f1_macro': 0.882133674987317, 'f1_micro': 0.9991245668429691, 'f1_weighted': 0.9991074334790977, 'f1_binary': 0.7647058823529411, 'pr_auc': 0.6218675705582394, 'precision_macro': 0.8977033918149588, 'precision_micro': 0.9991245668429691, 'precision_weighted': 0.9990948648478664, 'precision_binary': 0.7959183673469388, 'recall_macro': 0.86774179312171, 'recall_micro': 0.9991245668429691, 'recall_weighted': 0.9991245668429691, 'recall_binary': 0.7358490566037735, 'roc_auc': 0.9592479861204011}
Early stopping by loss triggered!
Testing statistic: loss: 0.002605890076484357, scores: {'accuracy': 0.9994995996797438, 'balanced_accuracy': 0.8498998196754157, 'f1_macro': 0.8682958334980952, 'f1_micro': 0.9994995996797438, 'f1_weighted': 0.9994864437822022, 'f1_binary': 0.7368421052631579, 'pr_auc': 0.6084322177001585, 'precision_macro': 0.8887386334546508, 'precision_micro': 0.9994995996797438, 'precision_weighted': 0.9994773897406571, 'precision_binary': 0.7777777777777778, 'recall_macro': 0.8498998196754157, 'recall_micro': 0.9994995996797438, 'recall_weighted': 0.9994995996797438, 'recall_binary': 0.7, 'roc_auc': 0.9984572230014025}
Finish training!
