/home/thuy/miniconda3/envs/env/lib/python3.10/site-packages/sklearn/metrics/_classification.py:2480: UserWarning: y_pred contains classes not in y_true
  warnings.warn("y_pred contains classes not in y_true")
/home/thuy/miniconda3/envs/env/lib/python3.10/site-packages/sklearn/metrics/_classification.py:2480: UserWarning: y_pred contains classes not in y_true
  warnings.warn("y_pred contains classes not in y_true")
=====Setting up data=====
Dataset name:mnist12
train_option:mix
augment_option:rf
mix_ratio:-1
n_sample:-1
Training dataset size: 154112 samples
Validation dataset size: 6144 samples

=====Setting up parameters for training=====
num_epochs: 100
learning_rate: 0.001
patience: 30
early_stop_criterion: loss
=====Setting up trainer=====
input_size: 144
model: DNN_MNIST12
----------------------------------------------------------------
        Layer (type)               Output Shape         Param #
================================================================
           Dropout-1                  [-1, 144]               0
            Linear-2                 [-1, 1024]         148,480
         LeakyReLU-3                 [-1, 1024]               0
       BatchNorm1d-4                 [-1, 1024]           2,048
           Dropout-5                 [-1, 1024]               0
            Linear-6                 [-1, 1024]       1,049,600
         LeakyReLU-7                 [-1, 1024]               0
       BatchNorm1d-8                 [-1, 1024]           2,048
           Dropout-9                 [-1, 1024]               0
           Linear-10                  [-1, 256]         262,400
        LeakyReLU-11                  [-1, 256]               0
      BatchNorm1d-12                  [-1, 256]             512
          Dropout-13                  [-1, 256]               0
================================================================
Total params: 1,465,088
Trainable params: 1,465,088
Non-trainable params: 0
----------------------------------------------------------------
Input size (MB): 0.00
Forward/backward pass size (MB): 0.07
Params size (MB): 5.59
Estimated Total Size (MB): 5.66
----------------------------------------------------------------
=====Setting up output files=====
weight_dir, weight_file: /home/thuy/Research/minh_data_synth/TabularDA/output/corrected_v2/mnist12/weight/, mnist12_seed43_ctgan_xonly_rf_mix.weights.pth
acc_dir, acc_file: /home/thuy/Research/minh_data_synth/TabularDA/output/corrected_v2/mnist12/acc/, mnist12_seed43_ctgan_xonly_rf_mix.epochs.csv
report_file: mnist12_seed43_ctgan_xonly_rf_mix.report.txt
==========================================================================================
Start training...
-----------------------
Epoch 1/100
Training statistic: Loss: 1.9358, train_score: {'accuracy': 0.789998312718211, 'balanced_accuracy': 0.7822093923900886, 'f1_macro': 0.4939875885674796, 'f1_micro': 0.789998312718211, 'f1_weighted': 0.7897695443568674, 'precision_macro': 0.501385661409063, 'precision_micro': 0.789998312718211, 'precision_weighted': 0.7934390718904913, 'recall_macro': 0.48888087024380533, 'recall_micro': 0.789998312718211, 'recall_weighted': 0.789998312718211}
Validation statistic: Loss: 1.6069, dev_score: {'accuracy': 0.8435272666998177, 'balanced_accuracy': 0.8403311323925526, 'f1_macro': 0.701032161262447, 'f1_micro': 0.8435272666998177, 'f1_weighted': 0.8443904276241442, 'precision_macro': 0.7073526283598932, 'precision_micro': 0.8435272666998177, 'precision_weighted': 0.8516644427459267, 'recall_macro': 0.7002759436604605, 'recall_micro': 0.8435272666998177, 'recall_weighted': 0.8435272666998177}
Saving model...
Model saved!
-------------------------------------------
-----------------------
Epoch 2/100
Training statistic: Loss: 1.6079, train_score: {'accuracy': 0.8040157306579101, 'balanced_accuracy': 0.7967482776010772, 'f1_macro': 0.8051416146660895, 'f1_micro': 0.8040157306579101, 'f1_weighted': 0.8035319515931313, 'precision_macro': 0.817569668742912, 'precision_micro': 0.8040157306579101, 'precision_weighted': 0.8076645469684886, 'recall_macro': 0.7967482776010772, 'recall_micro': 0.8040157306579101, 'recall_weighted': 0.8040157306579101}
Validation statistic: Loss: 1.2588, dev_score: {'accuracy': 0.8659041936018564, 'balanced_accuracy': 0.862810384281676, 'f1_macro': 0.8635071397671987, 'f1_micro': 0.8659041936018564, 'f1_weighted': 0.866142211898902, 'precision_macro': 0.8689543963146484, 'precision_micro': 0.8659041936018564, 'precision_weighted': 0.8708722948426416, 'recall_macro': 0.862810384281676, 'recall_micro': 0.8659041936018564, 'recall_weighted': 0.8659041936018564}
Saving model...
Model saved!
-------------------------------------------
-----------------------
Epoch 3/100
Training statistic: Loss: 1.3894, train_score: {'accuracy': 0.8108492219035135, 'balanced_accuracy': 0.805982296294002, 'f1_macro': 0.8127513170442043, 'f1_micro': 0.8108492219035135, 'f1_weighted': 0.8105871554108661, 'precision_macro': 0.8220053904214929, 'precision_micro': 0.8108492219035135, 'precision_weighted': 0.8130843133136963, 'recall_macro': 0.805982296294002, 'recall_micro': 0.8108492219035135, 'recall_weighted': 0.8108492219035135}
Validation statistic: Loss: 1.0255, dev_score: {'accuracy': 0.8773412895740096, 'balanced_accuracy': 0.8743237145860006, 'f1_macro': 0.8750899542162645, 'f1_micro': 0.8773412895740096, 'f1_weighted': 0.8774202002319993, 'precision_macro': 0.8800129559106551, 'precision_micro': 0.8773412895740096, 'precision_weighted': 0.8814234368436914, 'recall_macro': 0.8743237145860006, 'recall_micro': 0.8773412895740096, 'recall_weighted': 0.8773412895740096}
Saving model...
Model saved!
-------------------------------------------
-----------------------
Epoch 4/100
Training statistic: Loss: 1.2435, train_score: {'accuracy': 0.8191298817604838, 'balanced_accuracy': 0.8161214886920108, 'f1_macro': 0.8208213543563174, 'f1_micro': 0.8191298817604838, 'f1_weighted': 0.8188422341204127, 'precision_macro': 0.8277166786105414, 'precision_micro': 0.8191298817604838, 'precision_weighted': 0.8207274052061293, 'recall_macro': 0.8161214886920108, 'recall_micro': 0.8191298817604838, 'recall_weighted': 0.8191298817604838}
Validation statistic: Loss: 0.8757, dev_score: {'accuracy': 0.8791645947289906, 'balanced_accuracy': 0.876099146078079, 'f1_macro': 0.8766991349947899, 'f1_micro': 0.8791645947289906, 'f1_weighted': 0.879083734133606, 'precision_macro': 0.8811631635884236, 'precision_micro': 0.8791645947289906, 'precision_weighted': 0.8826787111483522, 'recall_macro': 0.876099146078079, 'recall_micro': 0.8791645947289906, 'recall_weighted': 0.8791645947289906}
Saving model...
Model saved!
-------------------------------------------
-----------------------
Epoch 5/100
Training statistic: Loss: 1.1250, train_score: {'accuracy': 0.8193375472114424, 'balanced_accuracy': 0.8148101782801124, 'f1_macro': 0.8224010457234627, 'f1_micro': 0.8193375472114424, 'f1_weighted': 0.8193363207142528, 'precision_macro': 0.832645120699689, 'precision_micro': 0.8193375472114424, 'precision_weighted': 0.8225280269926161, 'recall_macro': 0.8148101782801124, 'recall_micro': 0.8193375472114424, 'recall_weighted': 0.8193375472114424}
Validation statistic: Loss: 0.7665, dev_score: {'accuracy': 0.8910989557434112, 'balanced_accuracy': 0.8882675022421921, 'f1_macro': 0.8889209243089194, 'f1_micro': 0.8910989557434112, 'f1_weighted': 0.8910705027467903, 'precision_macro': 0.8921923435265265, 'precision_micro': 0.8910989557434112, 'precision_weighted': 0.8935147485513159, 'recall_macro': 0.8882675022421921, 'recall_micro': 0.8910989557434112, 'recall_weighted': 0.8910989557434112}
Saving model...
Model saved!
-------------------------------------------
-----------------------
Epoch 6/100
Training statistic: Loss: 1.0177, train_score: {'accuracy': 0.826904357080743, 'balanced_accuracy': 0.8241829181170598, 'f1_macro': 0.8295631386757224, 'f1_micro': 0.826904357080743, 'f1_weighted': 0.8266830715528004, 'precision_macro': 0.8371650931098944, 'precision_micro': 0.826904357080743, 'precision_weighted': 0.8288919369418308, 'recall_macro': 0.8241829181170598, 'recall_micro': 0.826904357080743, 'recall_weighted': 0.826904357080743}
Validation statistic: Loss: 0.6576, dev_score: {'accuracy': 0.8949113210674623, 'balanced_accuracy': 0.8923172731742733, 'f1_macro': 0.892905584774659, 'f1_micro': 0.8949113210674623, 'f1_weighted': 0.8948639640836331, 'precision_macro': 0.8957987765496676, 'precision_micro': 0.8949113210674623, 'precision_weighted': 0.8969902304340084, 'recall_macro': 0.8923172731742733, 'recall_micro': 0.8949113210674623, 'recall_weighted': 0.8949113210674623}
Saving model...
Model saved!
-------------------------------------------
-----------------------
Epoch 7/100
Training statistic: Loss: 0.9283, train_score: {'accuracy': 0.8311679883707348, 'balanced_accuracy': 0.8286349120666318, 'f1_macro': 0.8340184647304897, 'f1_micro': 0.8311679883707348, 'f1_weighted': 0.8311765354093655, 'precision_macro': 0.8405164516850269, 'precision_micro': 0.8311679883707348, 'precision_weighted': 0.8325298894253725, 'recall_macro': 0.8286349120666318, 'recall_micro': 0.8311679883707348, 'recall_weighted': 0.8311679883707348}
Validation statistic: Loss: 0.5834, dev_score: {'accuracy': 0.8998839714901375, 'balanced_accuracy': 0.8978408506073974, 'f1_macro': 0.8982655674004206, 'f1_micro': 0.8998839714901375, 'f1_weighted': 0.8999483988269624, 'precision_macro': 0.900420273034522, 'precision_micro': 0.8998839714901375, 'precision_weighted': 0.9016368539540353, 'recall_macro': 0.8978408506073974, 'recall_micro': 0.8998839714901375, 'recall_weighted': 0.8998839714901375}
Saving model...
Model saved!
-------------------------------------------
-----------------------
Epoch 8/100
Training statistic: Loss: 0.8796, train_score: {'accuracy': 0.8325567510740197, 'balanced_accuracy': 0.8302090783743964, 'f1_macro': 0.8353865110230728, 'f1_micro': 0.8325567510740197, 'f1_weighted': 0.8324796779061987, 'precision_macro': 0.84205181493809, 'precision_micro': 0.8325567510740197, 'precision_weighted': 0.8341792412419827, 'recall_macro': 0.8302090783743964, 'recall_micro': 0.8325567510740197, 'recall_weighted': 0.8325567510740197}
Validation statistic: Loss: 0.5464, dev_score: {'accuracy': 0.9000497265042268, 'balanced_accuracy': 0.8977388624216311, 'f1_macro': 0.8983724398660357, 'f1_micro': 0.9000497265042268, 'f1_weighted': 0.9000429157232261, 'precision_macro': 0.9011511760414026, 'precision_micro': 0.9000497265042268, 'precision_weighted': 0.9020533662390278, 'recall_macro': 0.8977388624216311, 'recall_micro': 0.9000497265042268, 'recall_weighted': 0.9000497265042268}
Saving model...
Model saved!
-------------------------------------------
-----------------------
Epoch 9/100
Training statistic: Loss: 0.8112, train_score: {'accuracy': 0.8312523524601867, 'balanced_accuracy': 0.8276927290945556, 'f1_macro': 0.8339150740776651, 'f1_micro': 0.8312523524601867, 'f1_weighted': 0.8311782552774963, 'precision_macro': 0.8425649112058207, 'precision_micro': 0.8312523524601867, 'precision_weighted': 0.8339996971660024, 'recall_macro': 0.8276927290945556, 'recall_micro': 0.8312523524601867, 'recall_weighted': 0.8312523524601867}
Validation statistic: Loss: 0.4918, dev_score: {'accuracy': 0.9008785015746726, 'balanced_accuracy': 0.8987300887483567, 'f1_macro': 0.8993518653020199, 'f1_micro': 0.9008785015746726, 'f1_weighted': 0.9009851153204816, 'precision_macro': 0.9023837136772827, 'precision_micro': 0.9008785015746726, 'precision_weighted': 0.9033842508676289, 'recall_macro': 0.8987300887483567, 'recall_micro': 0.9008785015746726, 'recall_weighted': 0.9008785015746726}
Saving model...
Model saved!
-------------------------------------------
-----------------------
Epoch 10/100
Training statistic: Loss: 0.7723, train_score: {'accuracy': 0.8347047905823718, 'balanced_accuracy': 0.8305579338604409, 'f1_macro': 0.8379548444126174, 'f1_micro': 0.8347047905823718, 'f1_weighted': 0.8348160894754622, 'precision_macro': 0.8476661468872904, 'precision_micro': 0.8347047905823718, 'precision_weighted': 0.837653269200215, 'recall_macro': 0.8305579338604409, 'recall_micro': 0.8347047905823718, 'recall_weighted': 0.8347047905823718}
Validation statistic: Loss: 0.4591, dev_score: {'accuracy': 0.904027846842367, 'balanced_accuracy': 0.9020957221495653, 'f1_macro': 0.9026929080555754, 'f1_micro': 0.904027846842367, 'f1_weighted': 0.9041825984305732, 'precision_macro': 0.9049601841494409, 'precision_micro': 0.904027846842367, 'precision_weighted': 0.9059174460398882, 'recall_macro': 0.9020957221495653, 'recall_micro': 0.904027846842367, 'recall_weighted': 0.904027846842367}
Saving model...
Model saved!
-------------------------------------------
-----------------------
Epoch 11/100
Training statistic: Loss: 0.7352, train_score: {'accuracy': 0.8372357132659286, 'balanced_accuracy': 0.8363527307587159, 'f1_macro': 0.8406079795300236, 'f1_micro': 0.8372357132659286, 'f1_weighted': 0.8370762097582857, 'precision_macro': 0.8466282669129347, 'precision_micro': 0.8372357132659286, 'precision_weighted': 0.8390100366706098, 'recall_macro': 0.8363527307587159, 'recall_micro': 0.8372357132659286, 'recall_weighted': 0.8372357132659286}
Validation statistic: Loss: 0.4278, dev_score: {'accuracy': 0.9035305818000995, 'balanced_accuracy': 0.9009045866431361, 'f1_macro': 0.9017468565221225, 'f1_micro': 0.9035305818000995, 'f1_weighted': 0.9034207294251951, 'precision_macro': 0.9050575863809301, 'precision_micro': 0.9035305818000995, 'precision_weighted': 0.9056382950285239, 'recall_macro': 0.9009045866431361, 'recall_micro': 0.9035305818000995, 'recall_weighted': 0.9035305818000995}
Saving model...
Model saved!
-------------------------------------------
-----------------------
Epoch 12/100
Training statistic: Loss: 0.7097, train_score: {'accuracy': 0.8380988227964749, 'balanced_accuracy': 0.8354824433435631, 'f1_macro': 0.8414362789768631, 'f1_micro': 0.8380988227964749, 'f1_weighted': 0.8381014556313908, 'precision_macro': 0.84984003304479, 'precision_micro': 0.8380988227964749, 'precision_weighted': 0.8408825956359035, 'recall_macro': 0.8354824433435631, 'recall_micro': 0.8380988227964749, 'recall_weighted': 0.8380988227964749}
Validation statistic: Loss: 0.4065, dev_score: {'accuracy': 0.9058511519973479, 'balanced_accuracy': 0.9035880230854089, 'f1_macro': 0.9042069930760952, 'f1_micro': 0.9058511519973479, 'f1_weighted': 0.9058187908054146, 'precision_macro': 0.9070390471949826, 'precision_micro': 0.9058511519973479, 'precision_weighted': 0.9078763157887946, 'recall_macro': 0.9035880230854089, 'recall_micro': 0.9058511519973479, 'recall_weighted': 0.9058511519973479}
Saving model...
Model saved!
-------------------------------------------
-----------------------
Epoch 13/100
Training statistic: Loss: 0.6894, train_score: {'accuracy': 0.8404610173011279, 'balanced_accuracy': 0.8383136348515045, 'f1_macro': 0.8431983960185881, 'f1_micro': 0.8404610173011279, 'f1_weighted': 0.840266798988419, 'precision_macro': 0.8502558677593853, 'precision_micro': 0.8404610173011279, 'precision_weighted': 0.8423910467354966, 'recall_macro': 0.8383136348515045, 'recall_micro': 0.8404610173011279, 'recall_weighted': 0.8404610173011279}
Validation statistic: Loss: 0.3955, dev_score: {'accuracy': 0.905022376926902, 'balanced_accuracy': 0.9024531113962416, 'f1_macro': 0.903281705860255, 'f1_micro': 0.905022376926902, 'f1_weighted': 0.9049265058654157, 'precision_macro': 0.9066040314204222, 'precision_micro': 0.905022376926902, 'precision_weighted': 0.9071894220677382, 'recall_macro': 0.9024531113962416, 'recall_micro': 0.905022376926902, 'recall_weighted': 0.905022376926902}
Saving model...
Model saved!
-------------------------------------------
-----------------------
Epoch 14/100
Training statistic: Loss: 0.6733, train_score: {'accuracy': 0.8405908082079769, 'balanced_accuracy': 0.8391038340242783, 'f1_macro': 0.8443317299334338, 'f1_micro': 0.8405908082079769, 'f1_weighted': 0.840772734076312, 'precision_macro': 0.8517157549447232, 'precision_micro': 0.8405908082079769, 'precision_weighted': 0.8434366408183249, 'recall_macro': 0.8391038340242783, 'recall_micro': 0.8405908082079769, 'recall_weighted': 0.8405908082079769}
Validation statistic: Loss: 0.3748, dev_score: {'accuracy': 0.9058511519973479, 'balanced_accuracy': 0.9037342212298469, 'f1_macro': 0.9042701036301825, 'f1_micro': 0.9058511519973479, 'f1_weighted': 0.9058023571573006, 'precision_macro': 0.9066997149258116, 'precision_micro': 0.9058511519973479, 'precision_weighted': 0.9075283848623353, 'recall_macro': 0.9037342212298469, 'recall_micro': 0.9058511519973479, 'recall_weighted': 0.9058511519973479}
Saving model...
Model saved!
-------------------------------------------
-----------------------
Epoch 15/100
Training statistic: Loss: 0.6569, train_score: {'accuracy': 0.844899866315366, 'balanced_accuracy': 0.843697038067092, 'f1_macro': 0.8480858434801792, 'f1_micro': 0.844899866315366, 'f1_weighted': 0.8448123928475273, 'precision_macro': 0.8538115060572915, 'precision_micro': 0.844899866315366, 'precision_weighted': 0.8462812556063085, 'recall_macro': 0.843697038067092, 'recall_micro': 0.844899866315366, 'recall_weighted': 0.844899866315366}
Validation statistic: Loss: 0.3614, dev_score: {'accuracy': 0.9111553124482016, 'balanced_accuracy': 0.9092588920955486, 'f1_macro': 0.9097520046937051, 'f1_micro': 0.9111553124482016, 'f1_weighted': 0.9111998879862347, 'precision_macro': 0.9117480603895076, 'precision_micro': 0.9111553124482016, 'precision_weighted': 0.9126654857127302, 'recall_macro': 0.9092588920955486, 'recall_micro': 0.9111553124482016, 'recall_weighted': 0.9111553124482016}
Saving model...
Model saved!
-------------------------------------------
-----------------------
Epoch 16/100
Training statistic: Loss: 0.6508, train_score: {'accuracy': 0.8430438563474243, 'balanced_accuracy': 0.8422543345734634, 'f1_macro': 0.8461002236137862, 'f1_micro': 0.8430438563474243, 'f1_weighted': 0.8429958538265275, 'precision_macro': 0.8516267906610461, 'precision_micro': 0.8430438563474243, 'precision_weighted': 0.8448022222196836, 'recall_macro': 0.8422543345734634, 'recall_micro': 0.8430438563474243, 'recall_weighted': 0.8430438563474243}
Validation statistic: Loss: 0.3574, dev_score: {'accuracy': 0.9090004972650423, 'balanced_accuracy': 0.9070516471414262, 'f1_macro': 0.9076514027812908, 'f1_micro': 0.9090004972650423, 'f1_weighted': 0.9090028842073167, 'precision_macro': 0.9101773217726427, 'precision_micro': 0.9090004972650423, 'precision_weighted': 0.9108448242242866, 'recall_macro': 0.9070516471414262, 'recall_micro': 0.9090004972650423, 'recall_weighted': 0.9090004972650423}
Saving model...
Model saved!
-------------------------------------------
-----------------------
Epoch 17/100
Training statistic: Loss: 0.6362, train_score: {'accuracy': 0.8448349708619414, 'balanced_accuracy': 0.8440480812747024, 'f1_macro': 0.8478419029967099, 'f1_micro': 0.8448349708619414, 'f1_weighted': 0.8447648951542271, 'precision_macro': 0.8532859763464848, 'precision_micro': 0.8448349708619414, 'precision_weighted': 0.8466869762612153, 'recall_macro': 0.8440480812747024, 'recall_micro': 0.8448349708619414, 'recall_weighted': 0.8448349708619414}
Validation statistic: Loss: 0.3396, dev_score: {'accuracy': 0.912481352560915, 'balanced_accuracy': 0.9105602298155715, 'f1_macro': 0.9110885286437951, 'f1_micro': 0.912481352560915, 'f1_weighted': 0.9123515675900538, 'precision_macro': 0.9128318704203352, 'precision_micro': 0.912481352560915, 'precision_weighted': 0.9133666575191025, 'recall_macro': 0.9105602298155715, 'recall_micro': 0.912481352560915, 'recall_weighted': 0.912481352560915}
Saving model...
Model saved!
-------------------------------------------
-----------------------
Epoch 18/100
Training statistic: Loss: 0.6366, train_score: {'accuracy': 0.8466974703752255, 'balanced_accuracy': 0.8454797483740227, 'f1_macro': 0.8497417993087719, 'f1_micro': 0.8466974703752255, 'f1_weighted': 0.8465302268777705, 'precision_macro': 0.8553987929899993, 'precision_micro': 0.8466974703752255, 'precision_weighted': 0.847956195232338, 'recall_macro': 0.8454797483740227, 'recall_micro': 0.8466974703752255, 'recall_weighted': 0.8466974703752255}
Validation statistic: Loss: 0.3436, dev_score: {'accuracy': 0.9139731476877175, 'balanced_accuracy': 0.9120439088972988, 'f1_macro': 0.9126834631685131, 'f1_micro': 0.9139731476877175, 'f1_weighted': 0.9138502155776389, 'precision_macro': 0.9145669123188492, 'precision_micro': 0.9139731476877175, 'precision_weighted': 0.9149116134951835, 'recall_macro': 0.9120439088972988, 'recall_micro': 0.9139731476877175, 'recall_weighted': 0.9139731476877175}
-----------------------
Epoch 19/100
Training statistic: Loss: 0.6263, train_score: {'accuracy': 0.848923384427687, 'balanced_accuracy': 0.8485524169656529, 'f1_macro': 0.8521313014350612, 'f1_micro': 0.848923384427687, 'f1_weighted': 0.848913306324919, 'precision_macro': 0.8569070705429646, 'precision_micro': 0.848923384427687, 'precision_weighted': 0.8503208786046383, 'recall_macro': 0.8485524169656529, 'recall_micro': 0.848923384427687, 'recall_weighted': 0.848923384427687}
Validation statistic: Loss: 0.3325, dev_score: {'accuracy': 0.9128128625890933, 'balanced_accuracy': 0.9107410475103643, 'f1_macro': 0.9114818599522696, 'f1_micro': 0.9128128625890933, 'f1_weighted': 0.9127696267882235, 'precision_macro': 0.9137553170350406, 'precision_micro': 0.9128128625890933, 'precision_weighted': 0.9141801734366383, 'recall_macro': 0.9107410475103643, 'recall_micro': 0.9128128625890933, 'recall_weighted': 0.9128128625890933}
Saving model...
Model saved!
-------------------------------------------
-----------------------
Epoch 20/100
Training statistic: Loss: 0.6165, train_score: {'accuracy': 0.8483912417096058, 'balanced_accuracy': 0.8464575223751826, 'f1_macro': 0.8516501384386584, 'f1_micro': 0.8483912417096058, 'f1_weighted': 0.8483866901277995, 'precision_macro': 0.85868438620807, 'precision_micro': 0.8483912417096058, 'precision_weighted': 0.8505170088693885, 'recall_macro': 0.8464575223751826, 'recall_micro': 0.8483912417096058, 'recall_weighted': 0.8483912417096058}
Validation statistic: Loss: 0.3286, dev_score: {'accuracy': 0.912481352560915, 'balanced_accuracy': 0.9103494184384185, 'f1_macro': 0.9111256167792401, 'f1_micro': 0.912481352560915, 'f1_weighted': 0.9124561581546416, 'precision_macro': 0.91342731701547, 'precision_micro': 0.912481352560915, 'precision_weighted': 0.9138714503456596, 'recall_macro': 0.9103494184384185, 'recall_micro': 0.912481352560915, 'recall_weighted': 0.912481352560915}
Saving model...
Model saved!
-------------------------------------------
-----------------------
Epoch 21/100
Training statistic: Loss: 0.6148, train_score: {'accuracy': 0.8481900658039898, 'balanced_accuracy': 0.8463267237771814, 'f1_macro': 0.8510733132979379, 'f1_micro': 0.8481900658039898, 'f1_weighted': 0.8481014287088665, 'precision_macro': 0.8580817033037672, 'precision_micro': 0.8481900658039898, 'precision_weighted': 0.8506214626688001, 'recall_macro': 0.8463267237771814, 'recall_micro': 0.8481900658039898, 'recall_weighted': 0.8481900658039898}
Validation statistic: Loss: 0.3255, dev_score: {'accuracy': 0.9151334327863417, 'balanced_accuracy': 0.9131728453052667, 'f1_macro': 0.9137602338729112, 'f1_micro': 0.9151334327863417, 'f1_weighted': 0.915024212825196, 'precision_macro': 0.9155488336990618, 'precision_micro': 0.9151334327863417, 'precision_weighted': 0.9160613416837559, 'recall_macro': 0.9131728453052667, 'recall_micro': 0.9151334327863417, 'recall_weighted': 0.9151334327863417}
Saving model...
Model saved!
-------------------------------------------
-----------------------
Epoch 22/100
Training statistic: Loss: 0.6110, train_score: {'accuracy': 0.847878567627552, 'balanced_accuracy': 0.8467738100941624, 'f1_macro': 0.8508758876366531, 'f1_micro': 0.847878567627552, 'f1_weighted': 0.8477314825194521, 'precision_macro': 0.8568168345396512, 'precision_micro': 0.847878567627552, 'precision_weighted': 0.8495204973557735, 'recall_macro': 0.8467738100941624, 'recall_micro': 0.847878567627552, 'recall_weighted': 0.847878567627552}
Validation statistic: Loss: 0.3265, dev_score: {'accuracy': 0.91347588264545, 'balanced_accuracy': 0.911192224853337, 'f1_macro': 0.9119230918294792, 'f1_micro': 0.91347588264545, 'f1_weighted': 0.9132925901765393, 'precision_macro': 0.9142529948521243, 'precision_micro': 0.91347588264545, 'precision_weighted': 0.9146269509184252, 'recall_macro': 0.911192224853337, 'recall_micro': 0.91347588264545, 'recall_weighted': 0.91347588264545}
-----------------------
Epoch 23/100
Training statistic: Loss: 0.6102, train_score: {'accuracy': 0.8499422430464522, 'balanced_accuracy': 0.8490854112147626, 'f1_macro': 0.8532136581824453, 'f1_micro': 0.8499422430464522, 'f1_weighted': 0.850034390441896, 'precision_macro': 0.8587646601754277, 'precision_micro': 0.8499422430464522, 'precision_weighted': 0.8517359215489827, 'recall_macro': 0.8490854112147626, 'recall_micro': 0.8499422430464522, 'recall_weighted': 0.8499422430464522}
Validation statistic: Loss: 0.3171, dev_score: {'accuracy': 0.9174540029835903, 'balanced_accuracy': 0.9154900475910509, 'f1_macro': 0.9162500230012466, 'f1_micro': 0.9174540029835903, 'f1_weighted': 0.9173996744187416, 'precision_macro': 0.9181700477539521, 'precision_micro': 0.9174540029835903, 'precision_weighted': 0.9184473806261904, 'recall_macro': 0.9154900475910509, 'recall_micro': 0.9174540029835903, 'recall_weighted': 0.9174540029835903}
Saving model...
Model saved!
-------------------------------------------
-----------------------
Epoch 24/100
Training statistic: Loss: 0.6053, train_score: {'accuracy': 0.8507729048502862, 'balanced_accuracy': 0.8498152970001659, 'f1_macro': 0.8538010186970405, 'f1_micro': 0.8507729048502862, 'f1_weighted': 0.8507271067014303, 'precision_macro': 0.8593894786848855, 'precision_micro': 0.8507729048502862, 'precision_weighted': 0.8525039367382509, 'recall_macro': 0.8498152970001659, 'recall_micro': 0.8507729048502862, 'recall_weighted': 0.8507729048502862}
Validation statistic: Loss: 0.3144, dev_score: {'accuracy': 0.9166252279131444, 'balanced_accuracy': 0.914573765894044, 'f1_macro': 0.9152816933966804, 'f1_micro': 0.9166252279131444, 'f1_weighted': 0.9165679494290139, 'precision_macro': 0.9173140705575878, 'precision_micro': 0.9166252279131444, 'precision_weighted': 0.9177726100010535, 'recall_macro': 0.914573765894044, 'recall_micro': 0.9166252279131444, 'recall_weighted': 0.9166252279131444}
Saving model...
Model saved!
-------------------------------------------
-----------------------
Epoch 25/100
Training statistic: Loss: 0.6036, train_score: {'accuracy': 0.8518891066491882, 'balanced_accuracy': 0.8509878104560874, 'f1_macro': 0.8550971779432046, 'f1_micro': 0.8518891066491882, 'f1_weighted': 0.8518806834172634, 'precision_macro': 0.8605803481564459, 'precision_micro': 0.8518891066491882, 'precision_weighted': 0.8534768590285386, 'recall_macro': 0.8509878104560874, 'recall_micro': 0.8518891066491882, 'recall_weighted': 0.8518891066491882}
Validation statistic: Loss: 0.3110, dev_score: {'accuracy': 0.9169567379413227, 'balanced_accuracy': 0.9151413174906888, 'f1_macro': 0.9157534347760811, 'f1_micro': 0.9169567379413227, 'f1_weighted': 0.9169276724149654, 'precision_macro': 0.917372787078682, 'precision_micro': 0.9169567379413227, 'precision_weighted': 0.917868694962359, 'recall_macro': 0.9151413174906888, 'recall_micro': 0.9169567379413227, 'recall_weighted': 0.9169567379413227}
Saving model...
Model saved!
-------------------------------------------
-----------------------
Epoch 26/100
Training statistic: Loss: 0.6014, train_score: {'accuracy': 0.8498319207756304, 'balanced_accuracy': 0.8481415937967272, 'f1_macro': 0.8531256384991066, 'f1_micro': 0.8498319207756304, 'f1_weighted': 0.8498658221869423, 'precision_macro': 0.8596944050381451, 'precision_micro': 0.8498319207756304, 'precision_weighted': 0.85177010874518, 'recall_macro': 0.8481415937967272, 'recall_micro': 0.8498319207756304, 'recall_weighted': 0.8498319207756304}
Validation statistic: Loss: 0.3103, dev_score: {'accuracy': 0.9156306978286093, 'balanced_accuracy': 0.9138639281972099, 'f1_macro': 0.9144957726582537, 'f1_micro': 0.9156306978286093, 'f1_weighted': 0.9156168085797991, 'precision_macro': 0.916532317099724, 'precision_micro': 0.9156306978286093, 'precision_weighted': 0.9169413946914883, 'recall_macro': 0.9138639281972099, 'recall_micro': 0.9156306978286093, 'recall_weighted': 0.9156306978286093}
Saving model...
Model saved!
-------------------------------------------
-----------------------
Epoch 27/100
Training statistic: Loss: 0.5961, train_score: {'accuracy': 0.8514737757472711, 'balanced_accuracy': 0.850567151730916, 'f1_macro': 0.854630827492161, 'f1_micro': 0.8514737757472711, 'f1_weighted': 0.8515315599652132, 'precision_macro': 0.8600824130224659, 'precision_micro': 0.8514737757472711, 'precision_weighted': 0.853222234350281, 'recall_macro': 0.850567151730916, 'recall_micro': 0.8514737757472711, 'recall_weighted': 0.8514737757472711}
Validation statistic: Loss: 0.3057, dev_score: {'accuracy': 0.9177855130117686, 'balanced_accuracy': 0.9158085213498403, 'f1_macro': 0.9164490277676549, 'f1_micro': 0.9177855130117686, 'f1_weighted': 0.9176766085462477, 'precision_macro': 0.91858086946804, 'precision_micro': 0.9177855130117686, 'precision_weighted': 0.9189890722048096, 'recall_macro': 0.9158085213498403, 'recall_micro': 0.9177855130117686, 'recall_weighted': 0.9177855130117686}
Saving model...
Model saved!
-------------------------------------------
-----------------------
Epoch 28/100
Training statistic: Loss: 0.5950, train_score: {'accuracy': 0.8526808311809675, 'balanced_accuracy': 0.8513638874039577, 'f1_macro': 0.8558426986481962, 'f1_micro': 0.8526808311809675, 'f1_weighted': 0.8527076088153037, 'precision_macro': 0.8618463902487271, 'precision_micro': 0.8526808311809675, 'precision_weighted': 0.8545114513233193, 'recall_macro': 0.8513638874039577, 'recall_micro': 0.8526808311809675, 'recall_weighted': 0.8526808311809675}
Validation statistic: Loss: 0.3045, dev_score: {'accuracy': 0.9151334327863417, 'balanced_accuracy': 0.9130813271965813, 'f1_macro': 0.9137869897358604, 'f1_micro': 0.9151334327863417, 'f1_weighted': 0.9150834242685422, 'precision_macro': 0.9159989636708501, 'precision_micro': 0.9151334327863417, 'precision_weighted': 0.9164643843448124, 'recall_macro': 0.9130813271965813, 'recall_micro': 0.9151334327863417, 'recall_weighted': 0.9151334327863417}
Saving model...
Model saved!
-------------------------------------------
-----------------------
Epoch 29/100
Training statistic: Loss: 0.5940, train_score: {'accuracy': 0.8549132347787713, 'balanced_accuracy': 0.8537568461147327, 'f1_macro': 0.857930424872942, 'f1_micro': 0.8549132347787713, 'f1_weighted': 0.8548102231235544, 'precision_macro': 0.8633449986506779, 'precision_micro': 0.8549132347787713, 'precision_weighted': 0.8563104611831173, 'recall_macro': 0.8537568461147327, 'recall_micro': 0.8549132347787713, 'recall_weighted': 0.8549132347787713}
Validation statistic: Loss: 0.3026, dev_score: {'accuracy': 0.9194430631526603, 'balanced_accuracy': 0.9175587119462858, 'f1_macro': 0.9182989008352346, 'f1_micro': 0.9194430631526603, 'f1_weighted': 0.9193739370510671, 'precision_macro': 0.9203555999963134, 'precision_micro': 0.9194430631526603, 'precision_weighted': 0.920555319444824, 'recall_macro': 0.9175587119462858, 'recall_micro': 0.9194430631526603, 'recall_weighted': 0.9194430631526603}
Saving model...
Model saved!
-------------------------------------------
-----------------------
Epoch 30/100
Training statistic: Loss: 0.5907, train_score: {'accuracy': 0.8560424156683583, 'balanced_accuracy': 0.8552094559150036, 'f1_macro': 0.8589718400437695, 'f1_micro': 0.8560424156683583, 'f1_weighted': 0.855932361359336, 'precision_macro': 0.8639721956600864, 'precision_micro': 0.8560424156683583, 'precision_weighted': 0.8571419722056205, 'recall_macro': 0.8552094559150036, 'recall_micro': 0.8560424156683583, 'recall_weighted': 0.8560424156683583}
Validation statistic: Loss: 0.3005, dev_score: {'accuracy': 0.9177855130117686, 'balanced_accuracy': 0.9156553906393047, 'f1_macro': 0.9163468353952059, 'f1_micro': 0.9177855130117686, 'f1_weighted': 0.9176256101105729, 'precision_macro': 0.9185149568025537, 'precision_micro': 0.9177855130117686, 'precision_weighted': 0.9188641127187596, 'recall_macro': 0.9156553906393047, 'recall_micro': 0.9177855130117686, 'recall_weighted': 0.9177855130117686}
Saving model...
Model saved!
-------------------------------------------
-----------------------
Epoch 31/100
Training statistic: Loss: 0.5874, train_score: {'accuracy': 0.8551533479564422, 'balanced_accuracy': 0.8542732831585887, 'f1_macro': 0.8582966870701023, 'f1_micro': 0.8551533479564422, 'f1_weighted': 0.85523327057575, 'precision_macro': 0.8635422017943476, 'precision_micro': 0.8551533479564422, 'precision_weighted': 0.8566684208641112, 'recall_macro': 0.8542732831585887, 'recall_micro': 0.8551533479564422, 'recall_weighted': 0.8551533479564422}
Validation statistic: Loss: 0.2983, dev_score: {'accuracy': 0.9197745731808388, 'balanced_accuracy': 0.9178582913164106, 'f1_macro': 0.9183804208000886, 'f1_micro': 0.9197745731808388, 'f1_weighted': 0.919638667315367, 'precision_macro': 0.9199831830812766, 'precision_micro': 0.9197745731808388, 'precision_weighted': 0.9205333658048177, 'recall_macro': 0.9178582913164106, 'recall_micro': 0.9197745731808388, 'recall_weighted': 0.9197745731808388}
Saving model...
Model saved!
-------------------------------------------
-----------------------
Epoch 32/100
Training statistic: Loss: 0.5905, train_score: {'accuracy': 0.8556530429478111, 'balanced_accuracy': 0.8542390778794852, 'f1_macro': 0.8585602304469534, 'f1_micro': 0.8556530429478111, 'f1_weighted': 0.8555506250773968, 'precision_macro': 0.864382763438137, 'precision_micro': 0.8556530429478111, 'precision_weighted': 0.8570208894371407, 'recall_macro': 0.8542390778794852, 'recall_micro': 0.8556530429478111, 'recall_weighted': 0.8556530429478111}
Validation statistic: Loss: 0.2987, dev_score: {'accuracy': 0.9184485330681254, 'balanced_accuracy': 0.916319865561344, 'f1_macro': 0.9170896227885571, 'f1_micro': 0.9184485330681254, 'f1_weighted': 0.9183300609336693, 'precision_macro': 0.919520459708423, 'precision_micro': 0.9184485330681254, 'precision_weighted': 0.9197861760326538, 'recall_macro': 0.916319865561344, 'recall_micro': 0.9184485330681254, 'recall_weighted': 0.9184485330681254}
-----------------------
Epoch 33/100
Training statistic: Loss: 0.5884, train_score: {'accuracy': 0.8552896284086337, 'balanced_accuracy': 0.8539858175867412, 'f1_macro': 0.8588273251063079, 'f1_micro': 0.8552896284086337, 'f1_weighted': 0.8553738291772819, 'precision_macro': 0.8651765748076807, 'precision_micro': 0.8552896284086337, 'precision_weighted': 0.857204548690547, 'recall_macro': 0.8539858175867412, 'recall_micro': 0.8552896284086337, 'recall_weighted': 0.8552896284086337}
Validation statistic: Loss: 0.2964, dev_score: {'accuracy': 0.920934858279463, 'balanced_accuracy': 0.9190805449700074, 'f1_macro': 0.9197406502273235, 'f1_micro': 0.920934858279463, 'f1_weighted': 0.9208477698842787, 'precision_macro': 0.9214956828217125, 'precision_micro': 0.920934858279463, 'precision_weighted': 0.9218027318038163, 'recall_macro': 0.9190805449700074, 'recall_micro': 0.920934858279463, 'recall_weighted': 0.920934858279463}
Saving model...
Model saved!
-------------------------------------------
-----------------------
Epoch 34/100
Training statistic: Loss: 0.5842, train_score: {'accuracy': 0.8568860565628772, 'balanced_accuracy': 0.854301200801955, 'f1_macro': 0.859786435044698, 'f1_micro': 0.8568860565628772, 'f1_weighted': 0.8568380944430742, 'precision_macro': 0.8672982872243921, 'precision_micro': 0.8568860565628772, 'precision_weighted': 0.8590104427098293, 'recall_macro': 0.854301200801955, 'recall_micro': 0.8568860565628772, 'recall_weighted': 0.8568860565628772}
Validation statistic: Loss: 0.2966, dev_score: {'accuracy': 0.919111553124482, 'balanced_accuracy': 0.9173507711631791, 'f1_macro': 0.9178806230770796, 'f1_micro': 0.919111553124482, 'f1_weighted': 0.9190448316452949, 'precision_macro': 0.9197250918243494, 'precision_micro': 0.919111553124482, 'precision_weighted': 0.920227983934555, 'recall_macro': 0.9173507711631791, 'recall_micro': 0.919111553124482, 'recall_weighted': 0.919111553124482}
-----------------------
Epoch 35/100
Training statistic: Loss: 0.5856, train_score: {'accuracy': 0.8572364920113696, 'balanced_accuracy': 0.8571688598648922, 'f1_macro': 0.8600070354921465, 'f1_micro': 0.8572364920113696, 'f1_weighted': 0.857106559945392, 'precision_macro': 0.8640901568477958, 'precision_micro': 0.8572364920113696, 'precision_weighted': 0.8583982490665415, 'recall_macro': 0.8571688598648922, 'recall_micro': 0.8572364920113696, 'recall_weighted': 0.8572364920113696}
Validation statistic: Loss: 0.2937, dev_score: {'accuracy': 0.922923918448533, 'balanced_accuracy': 0.92101555877511, 'f1_macro': 0.9216235741874929, 'f1_micro': 0.922923918448533, 'f1_weighted': 0.9227761127645755, 'precision_macro': 0.9234911496889737, 'precision_micro': 0.922923918448533, 'precision_weighted': 0.9238295462899483, 'recall_macro': 0.92101555877511, 'recall_micro': 0.922923918448533, 'recall_weighted': 0.922923918448533}
Saving model...
Model saved!
-------------------------------------------
-----------------------
Epoch 36/100
Training statistic: Loss: 0.5842, train_score: {'accuracy': 0.8563149765727414, 'balanced_accuracy': 0.8557607558074528, 'f1_macro': 0.8595681755730211, 'f1_micro': 0.8563149765727414, 'f1_weighted': 0.8562186778854414, 'precision_macro': 0.865167463149759, 'precision_micro': 0.8563149765727414, 'precision_weighted': 0.8581761819470861, 'recall_macro': 0.8557607558074528, 'recall_micro': 0.8563149765727414, 'recall_weighted': 0.8563149765727414}
Validation statistic: Loss: 0.2971, dev_score: {'accuracy': 0.9177855130117686, 'balanced_accuracy': 0.9156787805238118, 'f1_macro': 0.9164074440984024, 'f1_micro': 0.9177855130117686, 'f1_weighted': 0.9177152192446578, 'precision_macro': 0.9189083738055139, 'precision_micro': 0.9177855130117686, 'precision_weighted': 0.9193389171563112, 'recall_macro': 0.9156787805238118, 'recall_micro': 0.9177855130117686, 'recall_weighted': 0.9177855130117686}
-----------------------
Epoch 37/100
Training statistic: Loss: 0.5817, train_score: {'accuracy': 0.8580541747245188, 'balanced_accuracy': 0.8561901887474475, 'f1_macro': 0.8613601851549454, 'f1_micro': 0.8580541747245188, 'f1_weighted': 0.8579964386657842, 'precision_macro': 0.8683770942263864, 'precision_micro': 0.8580541747245188, 'precision_weighted': 0.8600522700219217, 'recall_macro': 0.8561901887474475, 'recall_micro': 0.8580541747245188, 'recall_weighted': 0.8580541747245188}
Validation statistic: Loss: 0.2916, dev_score: {'accuracy': 0.9211006132935521, 'balanced_accuracy': 0.919249122460984, 'f1_macro': 0.9200228962255181, 'f1_micro': 0.9211006132935521, 'f1_weighted': 0.9210601879177764, 'precision_macro': 0.9222221632439819, 'precision_micro': 0.9211006132935521, 'precision_weighted': 0.9223665161659818, 'recall_macro': 0.919249122460984, 'recall_micro': 0.9211006132935521, 'recall_weighted': 0.9211006132935521}
Saving model...
Model saved!
-------------------------------------------
-----------------------
Epoch 38/100
Training statistic: Loss: 0.5841, train_score: {'accuracy': 0.8596700715147897, 'balanced_accuracy': 0.8586334123286117, 'f1_macro': 0.8630914490117577, 'f1_micro': 0.8596700715147897, 'f1_weighted': 0.8597705285165197, 'precision_macro': 0.8684974527099184, 'precision_micro': 0.8596700715147897, 'precision_weighted': 0.8610447122619079, 'recall_macro': 0.8586334123286117, 'recall_micro': 0.8596700715147897, 'recall_weighted': 0.8596700715147897}
Validation statistic: Loss: 0.2913, dev_score: {'accuracy': 0.9235869385048898, 'balanced_accuracy': 0.9218457595119821, 'f1_macro': 0.9223718370097925, 'f1_micro': 0.9235869385048898, 'f1_weighted': 0.9234716389000389, 'precision_macro': 0.9237038948494656, 'precision_micro': 0.9235869385048898, 'precision_weighted': 0.924119702715373, 'recall_macro': 0.9218457595119821, 'recall_micro': 0.9235869385048898, 'recall_weighted': 0.9235869385048898}
Saving model...
Model saved!
-------------------------------------------
-----------------------
Epoch 39/100
Training statistic: Loss: 0.5797, train_score: {'accuracy': 0.8595143224265708, 'balanced_accuracy': 0.8591009187206866, 'f1_macro': 0.8627123717334431, 'f1_micro': 0.8595143224265708, 'f1_weighted': 0.8595807476503189, 'precision_macro': 0.8678005742566288, 'precision_micro': 0.8595143224265708, 'precision_weighted': 0.8613068758328626, 'recall_macro': 0.8591009187206866, 'recall_micro': 0.8595143224265708, 'recall_weighted': 0.8595143224265708}
Validation statistic: Loss: 0.2878, dev_score: {'accuracy': 0.9225924084203547, 'balanced_accuracy': 0.9208366097117866, 'f1_macro': 0.9215165474616913, 'f1_micro': 0.9225924084203547, 'f1_weighted': 0.9225500721469615, 'precision_macro': 0.9232171323368974, 'precision_micro': 0.9225924084203547, 'precision_weighted': 0.923487351047822, 'recall_macro': 0.9208366097117866, 'recall_micro': 0.9225924084203547, 'recall_weighted': 0.9225924084203547}
Saving model...
Model saved!
-------------------------------------------
-----------------------
Epoch 40/100
Training statistic: Loss: 0.5776, train_score: {'accuracy': 0.8581060910872584, 'balanced_accuracy': 0.8578847146037865, 'f1_macro': 0.8616554114154147, 'f1_micro': 0.8581060910872584, 'f1_weighted': 0.8581628611610276, 'precision_macro': 0.8670332356154795, 'precision_micro': 0.8581060910872584, 'precision_weighted': 0.8602228019544448, 'recall_macro': 0.8578847146037865, 'recall_micro': 0.8581060910872584, 'recall_weighted': 0.8581060910872584}
Validation statistic: Loss: 0.2893, dev_score: {'accuracy': 0.9215978783358196, 'balanced_accuracy': 0.9196984385106353, 'f1_macro': 0.9205132156397712, 'f1_micro': 0.9215978783358196, 'f1_weighted': 0.9216008705605232, 'precision_macro': 0.9226324349155851, 'precision_micro': 0.9215978783358196, 'precision_weighted': 0.9228439575534775, 'recall_macro': 0.9196984385106353, 'recall_micro': 0.9215978783358196, 'recall_weighted': 0.9215978783358196}
-----------------------
Epoch 41/100
Training statistic: Loss: 0.5763, train_score: {'accuracy': 0.8601892351421859, 'balanced_accuracy': 0.861217900896151, 'f1_macro': 0.8633686625043031, 'f1_micro': 0.8601892351421859, 'f1_weighted': 0.8602150358433808, 'precision_macro': 0.8667206472986513, 'precision_micro': 0.8601892351421859, 'precision_weighted': 0.8616195235683892, 'recall_macro': 0.861217900896151, 'recall_micro': 0.8601892351421859, 'recall_weighted': 0.8601892351421859}
Validation statistic: Loss: 0.2846, dev_score: {'accuracy': 0.9239184485330681, 'balanced_accuracy': 0.9221179385668773, 'f1_macro': 0.922811639407081, 'f1_micro': 0.9239184485330681, 'f1_weighted': 0.9237994761873137, 'precision_macro': 0.9246412872724497, 'precision_micro': 0.9239184485330681, 'precision_weighted': 0.9247692771096999, 'recall_macro': 0.9221179385668773, 'recall_micro': 0.9239184485330681, 'recall_weighted': 0.9239184485330681}
Saving model...
Model saved!
-------------------------------------------
-----------------------
Epoch 42/100
Training statistic: Loss: 0.5768, train_score: {'accuracy': 0.8598452892390359, 'balanced_accuracy': 0.8597014349165942, 'f1_macro': 0.8632933794347766, 'f1_micro': 0.8598452892390359, 'f1_weighted': 0.8597816933248486, 'precision_macro': 0.8681154400731792, 'precision_micro': 0.8598452892390359, 'precision_weighted': 0.8611889269803742, 'recall_macro': 0.8597014349165942, 'recall_micro': 0.8598452892390359, 'recall_weighted': 0.8598452892390359}
Validation statistic: Loss: 0.2871, dev_score: {'accuracy': 0.9207691032653738, 'balanced_accuracy': 0.9188198619693175, 'f1_macro': 0.9195572921071177, 'f1_micro': 0.9207691032653738, 'f1_weighted': 0.9206442326948567, 'precision_macro': 0.9215712239922815, 'precision_micro': 0.9207691032653738, 'precision_weighted': 0.921740361437327, 'recall_macro': 0.9188198619693175, 'recall_micro': 0.9207691032653738, 'recall_weighted': 0.9207691032653738}
-----------------------
Epoch 43/100
Training statistic: Loss: 0.5739, train_score: {'accuracy': 0.8582164133580802, 'balanced_accuracy': 0.8571107706245785, 'f1_macro': 0.8615154145126649, 'f1_micro': 0.8582164133580802, 'f1_weighted': 0.8582557745965419, 'precision_macro': 0.8677543787236637, 'precision_micro': 0.8582164133580802, 'precision_weighted': 0.8603978222442777, 'recall_macro': 0.8571107706245785, 'recall_micro': 0.8582164133580802, 'recall_weighted': 0.8582164133580802}
Validation statistic: Loss: 0.2831, dev_score: {'accuracy': 0.9217636333499089, 'balanced_accuracy': 0.9198191910122482, 'f1_macro': 0.9206180299206814, 'f1_micro': 0.9217636333499089, 'f1_weighted': 0.9216682295959512, 'precision_macro': 0.9226507786721212, 'precision_micro': 0.9217636333499089, 'precision_weighted': 0.9227591838912246, 'recall_macro': 0.9198191910122482, 'recall_micro': 0.9217636333499089, 'recall_weighted': 0.9217636333499089}
Saving model...
Model saved!
-------------------------------------------
-----------------------
Epoch 44/100
Training statistic: Loss: 0.5723, train_score: {'accuracy': 0.8603709424117746, 'balanced_accuracy': 0.8590985248923413, 'f1_macro': 0.8639304467222078, 'f1_micro': 0.8603709424117746, 'f1_weighted': 0.8603643635406147, 'precision_macro': 0.8704403458997154, 'precision_micro': 0.8603709424117746, 'precision_weighted': 0.8623553788326068, 'recall_macro': 0.8590985248923413, 'recall_micro': 0.8603709424117746, 'recall_weighted': 0.8603709424117746}
Validation statistic: Loss: 0.2822, dev_score: {'accuracy': 0.9232554284767114, 'balanced_accuracy': 0.9213845417372092, 'f1_macro': 0.9220771419006001, 'f1_micro': 0.9232554284767114, 'f1_weighted': 0.9231230197798721, 'precision_macro': 0.9238846133115624, 'precision_micro': 0.9232554284767114, 'precision_weighted': 0.9240495116599504, 'recall_macro': 0.9213845417372092, 'recall_micro': 0.9232554284767114, 'recall_weighted': 0.9232554284767114}
Saving model...
Model saved!
-------------------------------------------
-----------------------
Epoch 45/100
Training statistic: Loss: 0.5718, train_score: {'accuracy': 0.8628759069139617, 'balanced_accuracy': 0.8632029480146313, 'f1_macro': 0.8658979324788374, 'f1_micro': 0.8628759069139617, 'f1_weighted': 0.8627964512936083, 'precision_macro': 0.8693675796439401, 'precision_micro': 0.8628759069139617, 'precision_weighted': 0.8636272601162506, 'recall_macro': 0.8632029480146313, 'recall_micro': 0.8628759069139617, 'recall_weighted': 0.8628759069139617}
Validation statistic: Loss: 0.2810, dev_score: {'accuracy': 0.9250787336316924, 'balanced_accuracy': 0.923322787032619, 'f1_macro': 0.924016953985905, 'f1_micro': 0.9250787336316924, 'f1_weighted': 0.9249833625858132, 'precision_macro': 0.9259405857996695, 'precision_micro': 0.9250787336316924, 'precision_weighted': 0.9260604748457779, 'recall_macro': 0.923322787032619, 'recall_micro': 0.9250787336316924, 'recall_weighted': 0.9250787336316924}
Saving model...
Model saved!
-------------------------------------------
-----------------------
Epoch 46/100
Training statistic: Loss: 0.5692, train_score: {'accuracy': 0.8609290433112257, 'balanced_accuracy': 0.8608857972377212, 'f1_macro': 0.8644001159105332, 'f1_micro': 0.8609290433112257, 'f1_weighted': 0.8608798758134695, 'precision_macro': 0.8689873980222694, 'precision_micro': 0.8609290433112257, 'precision_weighted': 0.8621652954040298, 'recall_macro': 0.8608857972377212, 'recall_micro': 0.8609290433112257, 'recall_weighted': 0.8609290433112257}
Validation statistic: Loss: 0.2821, dev_score: {'accuracy': 0.9214321233217305, 'balanced_accuracy': 0.9195633308952162, 'f1_macro': 0.9202664348504348, 'f1_micro': 0.9214321233217305, 'f1_weighted': 0.9213194401213277, 'precision_macro': 0.9222253614807597, 'precision_micro': 0.9214321233217305, 'precision_weighted': 0.9224002118514391, 'recall_macro': 0.9195633308952162, 'recall_micro': 0.9214321233217305, 'recall_weighted': 0.9214321233217305}
-----------------------
Epoch 47/100
Training statistic: Loss: 0.5675, train_score: {'accuracy': 0.8621620569262918, 'balanced_accuracy': 0.8616026658698696, 'f1_macro': 0.8655290139619766, 'f1_micro': 0.8621620569262918, 'f1_weighted': 0.8621825786346785, 'precision_macro': 0.8709650510382133, 'precision_micro': 0.8621620569262918, 'precision_weighted': 0.8639521767010521, 'recall_macro': 0.8616026658698696, 'recall_micro': 0.8621620569262918, 'recall_weighted': 0.8621620569262918}
Validation statistic: Loss: 0.2799, dev_score: {'accuracy': 0.9230896734626223, 'balanced_accuracy': 0.9212627936207772, 'f1_macro': 0.9220561991910756, 'f1_micro': 0.9230896734626223, 'f1_weighted': 0.9230108977525712, 'precision_macro': 0.9240129754676053, 'precision_micro': 0.9230896734626223, 'precision_weighted': 0.9240505069230696, 'recall_macro': 0.9212627936207772, 'recall_micro': 0.9230896734626223, 'recall_weighted': 0.9230896734626223}
Saving model...
Model saved!
-------------------------------------------
-----------------------
Epoch 48/100
Training statistic: Loss: 0.5721, train_score: {'accuracy': 0.8613119264864304, 'balanced_accuracy': 0.8600406881253224, 'f1_macro': 0.8646199834565327, 'f1_micro': 0.8613119264864304, 'f1_weighted': 0.8613089535519052, 'precision_macro': 0.8703623185217039, 'precision_micro': 0.8613119264864304, 'precision_weighted': 0.8626571063919735, 'recall_macro': 0.8600406881253224, 'recall_micro': 0.8613119264864304, 'recall_weighted': 0.8613119264864304}
Validation statistic: Loss: 0.2837, dev_score: {'accuracy': 0.922758163434444, 'balanced_accuracy': 0.9209711364428562, 'f1_macro': 0.921717394746358, 'f1_micro': 0.922758163434444, 'f1_weighted': 0.9226793397658821, 'precision_macro': 0.9236661221285901, 'precision_micro': 0.922758163434444, 'precision_weighted': 0.9237498286093918, 'recall_macro': 0.9209711364428562, 'recall_micro': 0.922758163434444, 'recall_weighted': 0.922758163434444}
-----------------------
Epoch 49/100
Training statistic: Loss: 0.5670, train_score: {'accuracy': 0.8638168909886174, 'balanced_accuracy': 0.8634318752103809, 'f1_macro': 0.8668116202964369, 'f1_micro': 0.8638168909886174, 'f1_weighted': 0.8638321058860313, 'precision_macro': 0.8714469416807397, 'precision_micro': 0.8638168909886174, 'precision_weighted': 0.8652105110152901, 'recall_macro': 0.8634318752103809, 'recall_micro': 0.8638168909886174, 'recall_weighted': 0.8638168909886174}
Validation statistic: Loss: 0.2790, dev_score: {'accuracy': 0.9235869385048898, 'balanced_accuracy': 0.9217035412401564, 'f1_macro': 0.922413804484871, 'f1_micro': 0.9235869385048898, 'f1_weighted': 0.9235088743057926, 'precision_macro': 0.9244397480947815, 'precision_micro': 0.9235869385048898, 'precision_weighted': 0.9246954879872997, 'recall_macro': 0.9217035412401564, 'recall_micro': 0.9235869385048898, 'recall_weighted': 0.9235869385048898}
Saving model...
Model saved!
-------------------------------------------
-----------------------
Epoch 50/100
Training statistic: Loss: 0.5709, train_score: {'accuracy': 0.8621296091995795, 'balanced_accuracy': 0.860529211089454, 'f1_macro': 0.8654381768985415, 'f1_micro': 0.8621296091995795, 'f1_weighted': 0.862120564550716, 'precision_macro': 0.8716834410694357, 'precision_micro': 0.8621296091995795, 'precision_weighted': 0.8636415723427207, 'recall_macro': 0.860529211089454, 'recall_micro': 0.8621296091995795, 'recall_weighted': 0.8621296091995795}
Validation statistic: Loss: 0.2821, dev_score: {'accuracy': 0.9262390187303166, 'balanced_accuracy': 0.9244816919177902, 'f1_macro': 0.9250731525128135, 'f1_micro': 0.9262390187303166, 'f1_weighted': 0.9261372019948845, 'precision_macro': 0.9266600763956804, 'precision_micro': 0.9262390187303166, 'precision_weighted': 0.9269792721571118, 'recall_macro': 0.9244816919177902, 'recall_micro': 0.9262390187303166, 'recall_weighted': 0.9262390187303166}
-----------------------
Epoch 51/100
Training statistic: Loss: 0.5615, train_score: {'accuracy': 0.8652510805092996, 'balanced_accuracy': 0.8648632851790803, 'f1_macro': 0.8684318728717905, 'f1_micro': 0.8652510805092996, 'f1_weighted': 0.8652896409474804, 'precision_macro': 0.8730214320593627, 'precision_micro': 0.8652510805092996, 'precision_weighted': 0.8665310110575143, 'recall_macro': 0.8648632851790803, 'recall_micro': 0.8652510805092996, 'recall_weighted': 0.8652510805092996}
Validation statistic: Loss: 0.2740, dev_score: {'accuracy': 0.9239184485330681, 'balanced_accuracy': 0.9221074132016384, 'f1_macro': 0.9228929605808757, 'f1_micro': 0.9239184485330681, 'f1_weighted': 0.9238621193762709, 'precision_macro': 0.9248951949996478, 'precision_micro': 0.9239184485330681, 'precision_weighted': 0.9249697625669134, 'recall_macro': 0.9221074132016384, 'recall_micro': 0.9239184485330681, 'recall_weighted': 0.9239184485330681}
Saving model...
Model saved!
-------------------------------------------
-----------------------
Epoch 52/100
Training statistic: Loss: 0.5673, train_score: {'accuracy': 0.8615844873908134, 'balanced_accuracy': 0.860861101694449, 'f1_macro': 0.865116968277689, 'f1_micro': 0.8615844873908134, 'f1_weighted': 0.8616531338661017, 'precision_macro': 0.8708547099723132, 'precision_micro': 0.8615844873908134, 'precision_weighted': 0.8635323142020426, 'recall_macro': 0.860861101694449, 'recall_micro': 0.8615844873908134, 'recall_weighted': 0.8615844873908134}
Validation statistic: Loss: 0.2789, dev_score: {'accuracy': 0.9254102436598707, 'balanced_accuracy': 0.9236827198180121, 'f1_macro': 0.9244359503512625, 'f1_micro': 0.9254102436598707, 'f1_weighted': 0.9253310570609214, 'precision_macro': 0.9261118323640878, 'precision_micro': 0.9254102436598707, 'precision_weighted': 0.9261366539774707, 'recall_macro': 0.9236827198180121, 'recall_micro': 0.9254102436598707, 'recall_weighted': 0.9254102436598707}
-----------------------
Epoch 53/100
Training statistic: Loss: 0.5656, train_score: {'accuracy': 0.863524861448207, 'balanced_accuracy': 0.8625912955942241, 'f1_macro': 0.8664699771891039, 'f1_micro': 0.863524861448207, 'f1_weighted': 0.8634781129473348, 'precision_macro': 0.87165916461001, 'precision_micro': 0.863524861448207, 'precision_weighted': 0.8648396272921275, 'recall_macro': 0.8625912955942241, 'recall_micro': 0.863524861448207, 'recall_weighted': 0.863524861448207}
Validation statistic: Loss: 0.2786, dev_score: {'accuracy': 0.9239184485330681, 'balanced_accuracy': 0.9220473458466311, 'f1_macro': 0.9227682910682967, 'f1_micro': 0.9239184485330681, 'f1_weighted': 0.9238249896132734, 'precision_macro': 0.9248391616318669, 'precision_micro': 0.9239184485330681, 'precision_weighted': 0.9250198944638839, 'recall_macro': 0.9220473458466311, 'recall_micro': 0.9239184485330681, 'recall_weighted': 0.9239184485330681}
-----------------------
Epoch 54/100
Training statistic: Loss: 0.5657, train_score: {'accuracy': 0.8645242514309448, 'balanced_accuracy': 0.8630955030274461, 'f1_macro': 0.8678513312294438, 'f1_micro': 0.8645242514309448, 'f1_weighted': 0.8644802061618179, 'precision_macro': 0.874237772713572, 'precision_micro': 0.8645242514309448, 'precision_weighted': 0.8661983534370732, 'recall_macro': 0.8630955030274461, 'recall_micro': 0.8645242514309448, 'recall_weighted': 0.8645242514309448}
Validation statistic: Loss: 0.2785, dev_score: {'accuracy': 0.9240842035471573, 'balanced_accuracy': 0.922214304592241, 'f1_macro': 0.9229779380404836, 'f1_micro': 0.9240842035471573, 'f1_weighted': 0.9240258179015882, 'precision_macro': 0.9251180671326331, 'precision_micro': 0.9240842035471573, 'precision_weighted': 0.9252845034310507, 'recall_macro': 0.922214304592241, 'recall_micro': 0.9240842035471573, 'recall_weighted': 0.9240842035471573}
-----------------------
Epoch 55/100
Training statistic: Loss: 0.5621, train_score: {'accuracy': 0.8648357496073825, 'balanced_accuracy': 0.8642495153989831, 'f1_macro': 0.8682539715986713, 'f1_micro': 0.8648357496073825, 'f1_weighted': 0.8648183793988626, 'precision_macro': 0.8735068888262022, 'precision_micro': 0.8648357496073825, 'precision_weighted': 0.8662941937879488, 'recall_macro': 0.8642495153989831, 'recall_micro': 0.8648357496073825, 'recall_weighted': 0.8648357496073825}
Validation statistic: Loss: 0.2743, dev_score: {'accuracy': 0.924747223603514, 'balanced_accuracy': 0.922905731808833, 'f1_macro': 0.9237252327472476, 'f1_micro': 0.924747223603514, 'f1_weighted': 0.9246671378185459, 'precision_macro': 0.9256664944563091, 'precision_micro': 0.924747223603514, 'precision_weighted': 0.9256623217210151, 'recall_macro': 0.922905731808833, 'recall_micro': 0.924747223603514, 'recall_weighted': 0.924747223603514}
-----------------------
Epoch 56/100
Training statistic: Loss: 0.5616, train_score: {'accuracy': 0.8654587459602581, 'balanced_accuracy': 0.8658291521251644, 'f1_macro': 0.8685839575906755, 'f1_micro': 0.8654587459602581, 'f1_weighted': 0.8654800622157678, 'precision_macro': 0.8726168451100946, 'precision_micro': 0.8654587459602581, 'precision_weighted': 0.8669196449484793, 'recall_macro': 0.8658291521251644, 'recall_micro': 0.8654587459602581, 'recall_weighted': 0.8654587459602581}
Validation statistic: Loss: 0.2746, dev_score: {'accuracy': 0.9250787336316924, 'balanced_accuracy': 0.9232383530267281, 'f1_macro': 0.9239586376047662, 'f1_micro': 0.9250787336316924, 'f1_weighted': 0.9249470957795927, 'precision_macro': 0.925814651905027, 'precision_micro': 0.9250787336316924, 'precision_weighted': 0.9259023130055664, 'recall_macro': 0.9232383530267281, 'recall_micro': 0.9250787336316924, 'recall_weighted': 0.9250787336316924}
-----------------------
Epoch 57/100
Training statistic: Loss: 0.5602, train_score: {'accuracy': 0.8660363154957363, 'balanced_accuracy': 0.8656322523282813, 'f1_macro': 0.8693823221304262, 'f1_micro': 0.8660363154957363, 'f1_weighted': 0.8659865651486182, 'precision_macro': 0.874163158258547, 'precision_micro': 0.8660363154957363, 'precision_weighted': 0.8672069380655183, 'recall_macro': 0.8656322523282813, 'recall_micro': 0.8660363154957363, 'recall_weighted': 0.8660363154957363}
Validation statistic: Loss: 0.2740, dev_score: {'accuracy': 0.9264047737444058, 'balanced_accuracy': 0.9249425917907702, 'f1_macro': 0.9253818817213336, 'f1_micro': 0.9264047737444058, 'f1_weighted': 0.9262912217798198, 'precision_macro': 0.9266297779418924, 'precision_micro': 0.9264047737444058, 'precision_weighted': 0.9269412463199678, 'recall_macro': 0.9249425917907702, 'recall_micro': 0.9264047737444058, 'recall_weighted': 0.9264047737444058}
Saving model...
Model saved!
-------------------------------------------
-----------------------
Epoch 58/100
Training statistic: Loss: 0.5598, train_score: {'accuracy': 0.8644009500694382, 'balanced_accuracy': 0.8635559598977522, 'f1_macro': 0.8672961393889007, 'f1_micro': 0.8644009500694382, 'f1_weighted': 0.8644941379399584, 'precision_macro': 0.8725594024379602, 'precision_micro': 0.8644009500694382, 'precision_weighted': 0.8663060761280899, 'recall_macro': 0.8635559598977522, 'recall_micro': 0.8644009500694382, 'recall_weighted': 0.8644009500694382}
Validation statistic: Loss: 0.2739, dev_score: {'accuracy': 0.9220951433780872, 'balanced_accuracy': 0.92036127729777, 'f1_macro': 0.9210180416183894, 'f1_micro': 0.9220951433780872, 'f1_weighted': 0.9220591768891466, 'precision_macro': 0.923019393170218, 'precision_micro': 0.9220951433780872, 'precision_weighted': 0.9233198322541843, 'recall_macro': 0.92036127729777, 'recall_micro': 0.9220951433780872, 'recall_weighted': 0.9220951433780872}
Saving model...
Model saved!
-------------------------------------------
-----------------------
Epoch 59/100
Training statistic: Loss: 0.5611, train_score: {'accuracy': 0.8648487286980674, 'balanced_accuracy': 0.8657265683752794, 'f1_macro': 0.8679761825934701, 'f1_micro': 0.8648487286980674, 'f1_weighted': 0.8648444508520609, 'precision_macro': 0.8713885210682248, 'precision_micro': 0.8648487286980674, 'precision_weighted': 0.8661692461759349, 'recall_macro': 0.8657265683752794, 'recall_micro': 0.8648487286980674, 'recall_weighted': 0.8648487286980674}
Validation statistic: Loss: 0.2725, dev_score: {'accuracy': 0.9237526935189789, 'balanced_accuracy': 0.9219698014100333, 'f1_macro': 0.9227767197444464, 'f1_micro': 0.9237526935189789, 'f1_weighted': 0.9236828043086521, 'precision_macro': 0.9249923682208276, 'precision_micro': 0.9237526935189789, 'precision_weighted': 0.9249602579875743, 'recall_macro': 0.9219698014100333, 'recall_micro': 0.9237526935189789, 'recall_weighted': 0.9237526935189789}
Saving model...
Model saved!
-------------------------------------------
-----------------------
Epoch 60/100
Training statistic: Loss: 0.5616, train_score: {'accuracy': 0.8660557841317638, 'balanced_accuracy': 0.8663545305714614, 'f1_macro': 0.8688664468206662, 'f1_micro': 0.8660557841317638, 'f1_weighted': 0.8660597639150075, 'precision_macro': 0.8725175369792796, 'precision_micro': 0.8660557841317638, 'precision_weighted': 0.8672456894658521, 'recall_macro': 0.8663545305714614, 'recall_micro': 0.8660557841317638, 'recall_weighted': 0.8660557841317638}
Validation statistic: Loss: 0.2742, dev_score: {'accuracy': 0.9224266534062655, 'balanced_accuracy': 0.9204848492632914, 'f1_macro': 0.9213412360925994, 'f1_micro': 0.9224266534062655, 'f1_weighted': 0.9223675113627633, 'precision_macro': 0.9236470205034912, 'precision_micro': 0.9224266534062655, 'precision_weighted': 0.9237008690307027, 'recall_macro': 0.9204848492632914, 'recall_micro': 0.9224266534062655, 'recall_weighted': 0.9224266534062655}
-----------------------
Epoch 61/100
Training statistic: Loss: 0.5548, train_score: {'accuracy': 0.8662634495827223, 'balanced_accuracy': 0.8655040236742593, 'f1_macro': 0.8693547227793033, 'f1_micro': 0.8662634495827223, 'f1_weighted': 0.8662880081248823, 'precision_macro': 0.8745469825215105, 'precision_micro': 0.8662634495827223, 'precision_weighted': 0.8677974686496452, 'recall_macro': 0.8655040236742593, 'recall_micro': 0.8662634495827223, 'recall_weighted': 0.8662634495827223}
Validation statistic: Loss: 0.2711, dev_score: {'accuracy': 0.9254102436598707, 'balanced_accuracy': 0.9238336551741154, 'f1_macro': 0.9245787091508859, 'f1_micro': 0.9254102436598707, 'f1_weighted': 0.9253787103683043, 'precision_macro': 0.9264012394889953, 'precision_micro': 0.9254102436598707, 'precision_weighted': 0.9263747259932696, 'recall_macro': 0.9238336551741154, 'recall_micro': 0.9254102436598707, 'recall_weighted': 0.9254102436598707}
Saving model...
Model saved!
-------------------------------------------
-----------------------
Epoch 62/100
Training statistic: Loss: 0.5633, train_score: {'accuracy': 0.8651796955105325, 'balanced_accuracy': 0.863851302650408, 'f1_macro': 0.8683945895657047, 'f1_micro': 0.8651796955105325, 'f1_weighted': 0.8651945372908108, 'precision_macro': 0.8743845506260464, 'precision_micro': 0.8651796955105325, 'precision_weighted': 0.8668543469487183, 'recall_macro': 0.863851302650408, 'recall_micro': 0.8651796955105325, 'recall_weighted': 0.8651796955105325}
Validation statistic: Loss: 0.2738, dev_score: {'accuracy': 0.9262390187303166, 'balanced_accuracy': 0.9245668734510764, 'f1_macro': 0.925207932120875, 'f1_micro': 0.9262390187303166, 'f1_weighted': 0.9262096862375496, 'precision_macro': 0.9269872414945489, 'precision_micro': 0.9262390187303166, 'precision_weighted': 0.9272641627774663, 'recall_macro': 0.9245668734510764, 'recall_micro': 0.9262390187303166, 'recall_weighted': 0.9262390187303166}
-----------------------
Epoch 63/100
Training statistic: Loss: 0.5589, train_score: {'accuracy': 0.86588705595286, 'balanced_accuracy': 0.8647310937734367, 'f1_macro': 0.8691765116683854, 'f1_micro': 0.86588705595286, 'f1_weighted': 0.8659470743188181, 'precision_macro': 0.8753043805110968, 'precision_micro': 0.86588705595286, 'precision_weighted': 0.8678744249752217, 'recall_macro': 0.8647310937734367, 'recall_micro': 0.86588705595286, 'recall_weighted': 0.86588705595286}
Validation statistic: Loss: 0.2739, dev_score: {'accuracy': 0.9240842035471573, 'balanced_accuracy': 0.9223056308783715, 'f1_macro': 0.9230622648074214, 'f1_micro': 0.9240842035471573, 'f1_weighted': 0.9240306394289984, 'precision_macro': 0.9250606703127703, 'precision_micro': 0.9240842035471573, 'precision_weighted': 0.9251713234399296, 'recall_macro': 0.9223056308783715, 'recall_micro': 0.9240842035471573, 'recall_weighted': 0.9240842035471573}
-----------------------
Epoch 64/100
Training statistic: Loss: 0.5611, train_score: {'accuracy': 0.8671265591132685, 'balanced_accuracy': 0.8667211284803674, 'f1_macro': 0.8702822874647584, 'f1_micro': 0.8671265591132685, 'f1_weighted': 0.8672358824974126, 'precision_macro': 0.8753342130355014, 'precision_micro': 0.8671265591132685, 'precision_weighted': 0.8691344987135714, 'recall_macro': 0.8667211284803674, 'recall_micro': 0.8671265591132685, 'recall_weighted': 0.8671265591132685}
Validation statistic: Loss: 0.2693, dev_score: {'accuracy': 0.926570528758495, 'balanced_accuracy': 0.9249031483750093, 'f1_macro': 0.9256650895446491, 'f1_micro': 0.926570528758495, 'f1_weighted': 0.9265117935542112, 'precision_macro': 0.9271972017662664, 'precision_micro': 0.926570528758495, 'precision_weighted': 0.92719526098723, 'recall_macro': 0.9249031483750093, 'recall_micro': 0.926570528758495, 'recall_weighted': 0.926570528758495}
Saving model...
Model saved!
-------------------------------------------
-----------------------
Epoch 65/100
Training statistic: Loss: 0.5599, train_score: {'accuracy': 0.8660882318584759, 'balanced_accuracy': 0.8646441222713518, 'f1_macro': 0.8689038101553566, 'f1_micro': 0.8660882318584759, 'f1_weighted': 0.8660492727183511, 'precision_macro': 0.8747947821642723, 'precision_micro': 0.8660882318584759, 'precision_weighted': 0.8678295967752664, 'recall_macro': 0.8646441222713518, 'recall_micro': 0.8660882318584759, 'recall_weighted': 0.8660882318584759}
Validation statistic: Loss: 0.2737, dev_score: {'accuracy': 0.9250787336316924, 'balanced_accuracy': 0.9232968301062312, 'f1_macro': 0.924125627792556, 'f1_micro': 0.9250787336316924, 'f1_weighted': 0.9250597938739926, 'precision_macro': 0.9262222322193085, 'precision_micro': 0.9250787336316924, 'precision_weighted': 0.9262610947513124, 'recall_macro': 0.9232968301062312, 'recall_micro': 0.9250787336316924, 'recall_weighted': 0.9250787336316924}
-----------------------
Epoch 66/100
Training statistic: Loss: 0.5585, train_score: {'accuracy': 0.8666073954858723, 'balanced_accuracy': 0.8659267535950992, 'f1_macro': 0.869633622057016, 'f1_micro': 0.8666073954858723, 'f1_weighted': 0.8665796520806204, 'precision_macro': 0.8748760013163718, 'precision_micro': 0.8666073954858723, 'precision_weighted': 0.8681997543843055, 'recall_macro': 0.8659267535950992, 'recall_micro': 0.8666073954858723, 'recall_weighted': 0.8666073954858723}
Validation statistic: Loss: 0.2741, dev_score: {'accuracy': 0.9242499585612465, 'balanced_accuracy': 0.9223631732716076, 'f1_macro': 0.923263915016044, 'f1_micro': 0.9242499585612465, 'f1_weighted': 0.9241602922965942, 'precision_macro': 0.9254528935417937, 'precision_micro': 0.9242499585612465, 'precision_weighted': 0.9253012253063084, 'recall_macro': 0.9223631732716076, 'recall_micro': 0.9242499585612465, 'recall_weighted': 0.9242499585612465}
-----------------------
Epoch 67/100
Training statistic: Loss: 0.5536, train_score: {'accuracy': 0.867833919555596, 'balanced_accuracy': 0.8671944206060409, 'f1_macro': 0.8710781809587786, 'f1_micro': 0.867833919555596, 'f1_weighted': 0.8678979051078255, 'precision_macro': 0.8758596650798527, 'precision_micro': 0.867833919555596, 'precision_weighted': 0.8691426222002798, 'recall_macro': 0.8671944206060409, 'recall_micro': 0.867833919555596, 'recall_weighted': 0.867833919555596}
Validation statistic: Loss: 0.2697, dev_score: {'accuracy': 0.926570528758495, 'balanced_accuracy': 0.9249571979809538, 'f1_macro': 0.9256519701688724, 'f1_micro': 0.926570528758495, 'f1_weighted': 0.9265500802721068, 'precision_macro': 0.9272690501597918, 'precision_micro': 0.926570528758495, 'precision_weighted': 0.92740940372097, 'recall_macro': 0.9249571979809538, 'recall_micro': 0.926570528758495, 'recall_weighted': 0.926570528758495}
-----------------------
Epoch 68/100
Training statistic: Loss: 0.5508, train_score: {'accuracy': 0.868794372266279, 'balanced_accuracy': 0.8689205242121364, 'f1_macro': 0.871592160594201, 'f1_micro': 0.868794372266279, 'f1_weighted': 0.8688042895434699, 'precision_macro': 0.8751911304724175, 'precision_micro': 0.868794372266279, 'precision_weighted': 0.8697835032705393, 'recall_macro': 0.8689205242121364, 'recall_micro': 0.868794372266279, 'recall_weighted': 0.868794372266279}
Validation statistic: Loss: 0.2681, dev_score: {'accuracy': 0.9255759986739599, 'balanced_accuracy': 0.9239106043059602, 'f1_macro': 0.9246965335005344, 'f1_micro': 0.9255759986739599, 'f1_weighted': 0.9255444514224386, 'precision_macro': 0.9267469150437222, 'precision_micro': 0.9255759986739599, 'precision_weighted': 0.9267330644888175, 'recall_macro': 0.9239106043059602, 'recall_micro': 0.9255759986739599, 'recall_weighted': 0.9255759986739599}
Saving model...
Model saved!
-------------------------------------------
-----------------------
Epoch 69/100
Training statistic: Loss: 0.5559, train_score: {'accuracy': 0.8679053045543629, 'balanced_accuracy': 0.8673176069680167, 'f1_macro': 0.871123599277715, 'f1_micro': 0.8679053045543629, 'f1_weighted': 0.8679005262188135, 'precision_macro': 0.8759321962724593, 'precision_micro': 0.8679053045543629, 'precision_weighted': 0.8690772015962228, 'recall_macro': 0.8673176069680167, 'recall_micro': 0.8679053045543629, 'recall_weighted': 0.8679053045543629}
Validation statistic: Loss: 0.2706, dev_score: {'accuracy': 0.9270677938007624, 'balanced_accuracy': 0.9253883412016111, 'f1_macro': 0.9260250179640408, 'f1_micro': 0.9270677938007624, 'f1_weighted': 0.9269463094846226, 'precision_macro': 0.9276759015062016, 'precision_micro': 0.9270677938007624, 'precision_weighted': 0.9277938806054513, 'recall_macro': 0.9253883412016111, 'recall_micro': 0.9270677938007624, 'recall_weighted': 0.9270677938007624}
-----------------------
Epoch 70/100
Training statistic: Loss: 0.5537, train_score: {'accuracy': 0.866003867769024, 'balanced_accuracy': 0.8647107275127626, 'f1_macro': 0.8693746385856311, 'f1_micro': 0.866003867769024, 'f1_weighted': 0.8659996506677384, 'precision_macro': 0.8760654903468479, 'precision_micro': 0.866003867769024, 'precision_weighted': 0.8683981233049961, 'recall_macro': 0.8647107275127626, 'recall_micro': 0.866003867769024, 'recall_weighted': 0.866003867769024}
Validation statistic: Loss: 0.2693, dev_score: {'accuracy': 0.9269020387866733, 'balanced_accuracy': 0.9253716184822978, 'f1_macro': 0.9260359325463021, 'f1_micro': 0.9269020387866733, 'f1_weighted': 0.9268571874674615, 'precision_macro': 0.9277457569693487, 'precision_micro': 0.9269020387866733, 'precision_weighted': 0.9278056708155423, 'recall_macro': 0.9253716184822978, 'recall_micro': 0.9269020387866733, 'recall_weighted': 0.9269020387866733}
-----------------------
Epoch 71/100
Training statistic: Loss: 0.5560, train_score: {'accuracy': 0.8680999909146365, 'balanced_accuracy': 0.8679860642578759, 'f1_macro': 0.8714475409335358, 'f1_micro': 0.8680999909146365, 'f1_weighted': 0.8681463705488922, 'precision_macro': 0.8762485438975478, 'precision_micro': 0.8680999909146365, 'precision_weighted': 0.8697958013898198, 'recall_macro': 0.8679860642578759, 'recall_micro': 0.8680999909146365, 'recall_weighted': 0.8680999909146365}
Validation statistic: Loss: 0.2684, dev_score: {'accuracy': 0.9267362837725841, 'balanced_accuracy': 0.925167532697678, 'f1_macro': 0.9257810611663636, 'f1_micro': 0.9267362837725841, 'f1_weighted': 0.926683119123676, 'precision_macro': 0.9275256548746306, 'precision_micro': 0.9267362837725841, 'precision_weighted': 0.9277167433688724, 'recall_macro': 0.925167532697678, 'recall_micro': 0.9267362837725841, 'recall_weighted': 0.9267362837725841}
-----------------------
Epoch 72/100
Training statistic: Loss: 0.5527, train_score: {'accuracy': 0.8685477695432658, 'balanced_accuracy': 0.8676999373548145, 'f1_macro': 0.8714564412580661, 'f1_micro': 0.8685477695432658, 'f1_weighted': 0.8686154920551548, 'precision_macro': 0.876476368853678, 'precision_micro': 0.8685477695432658, 'precision_weighted': 0.8701168420056417, 'recall_macro': 0.8676999373548145, 'recall_micro': 0.8685477695432658, 'recall_weighted': 0.8685477695432658}
Validation statistic: Loss: 0.2672, dev_score: {'accuracy': 0.9272335488148516, 'balanced_accuracy': 0.9256254856724533, 'f1_macro': 0.9262946383074325, 'f1_micro': 0.9272335488148516, 'f1_weighted': 0.927158592017884, 'precision_macro': 0.927878746797389, 'precision_micro': 0.9272335488148516, 'precision_weighted': 0.9279601835766368, 'recall_macro': 0.9256254856724533, 'recall_micro': 0.9272335488148516, 'recall_weighted': 0.9272335488148516}
Saving model...
Model saved!
-------------------------------------------
-----------------------
Epoch 73/100
Training statistic: Loss: 0.5502, train_score: {'accuracy': 0.8693978999831272, 'balanced_accuracy': 0.869287480133838, 'f1_macro': 0.8726365792872419, 'f1_micro': 0.8693978999831272, 'f1_weighted': 0.8693863558182543, 'precision_macro': 0.8768569125640994, 'precision_micro': 0.8693978999831272, 'precision_weighted': 0.8704210739863062, 'recall_macro': 0.869287480133838, 'recall_micro': 0.8693978999831272, 'recall_weighted': 0.8693978999831272}
Validation statistic: Loss: 0.2659, dev_score: {'accuracy': 0.9259075087021382, 'balanced_accuracy': 0.9243273650730274, 'f1_macro': 0.9250702833524654, 'f1_micro': 0.9259075087021382, 'f1_weighted': 0.9258676542803014, 'precision_macro': 0.9269900814957064, 'precision_micro': 0.9259075087021382, 'precision_weighted': 0.9269499535625063, 'recall_macro': 0.9243273650730274, 'recall_micro': 0.9259075087021382, 'recall_weighted': 0.9259075087021382}
Saving model...
Model saved!
-------------------------------------------
-----------------------
Epoch 74/100
Training statistic: Loss: 0.5523, train_score: {'accuracy': 0.869151297260114, 'balanced_accuracy': 0.8688547359351043, 'f1_macro': 0.8721381630891001, 'f1_micro': 0.869151297260114, 'f1_weighted': 0.8691588698522796, 'precision_macro': 0.8764665437207364, 'precision_micro': 0.869151297260114, 'precision_weighted': 0.8704154217308484, 'recall_macro': 0.8688547359351043, 'recall_micro': 0.869151297260114, 'recall_weighted': 0.869151297260114}
Validation statistic: Loss: 0.2652, dev_score: {'accuracy': 0.9254102436598707, 'balanced_accuracy': 0.9236162481823984, 'f1_macro': 0.9243275193614844, 'f1_micro': 0.9254102436598707, 'f1_weighted': 0.9253205911614317, 'precision_macro': 0.9259759998491214, 'precision_micro': 0.9254102436598707, 'precision_weighted': 0.9261272422667309, 'recall_macro': 0.9236162481823984, 'recall_micro': 0.9254102436598707, 'recall_weighted': 0.9254102436598707}
Saving model...
Model saved!
-------------------------------------------
-----------------------
Epoch 75/100
Training statistic: Loss: 0.5532, train_score: {'accuracy': 0.870183134969564, 'balanced_accuracy': 0.8695369948370081, 'f1_macro': 0.8732012367574242, 'f1_micro': 0.870183134969564, 'f1_weighted': 0.8702249083712766, 'precision_macro': 0.8778400589231156, 'precision_micro': 0.870183134969564, 'precision_weighted': 0.8714585408936054, 'recall_macro': 0.8695369948370081, 'recall_micro': 0.870183134969564, 'recall_weighted': 0.870183134969564}
Validation statistic: Loss: 0.2672, dev_score: {'accuracy': 0.9264047737444058, 'balanced_accuracy': 0.9247047463520206, 'f1_macro': 0.9255312583842432, 'f1_micro': 0.9264047737444058, 'f1_weighted': 0.9263627538363504, 'precision_macro': 0.9275108259129052, 'precision_micro': 0.9264047737444058, 'precision_weighted': 0.9274184946000081, 'recall_macro': 0.9247047463520206, 'recall_micro': 0.9264047737444058, 'recall_weighted': 0.9264047737444058}
-----------------------
Epoch 76/100
Training statistic: Loss: 0.5494, train_score: {'accuracy': 0.870053344062715, 'balanced_accuracy': 0.8696432860957998, 'f1_macro': 0.8731479167527396, 'f1_micro': 0.870053344062715, 'f1_weighted': 0.8700549664212911, 'precision_macro': 0.8780203835400648, 'precision_micro': 0.870053344062715, 'precision_weighted': 0.8716566478388252, 'recall_macro': 0.8696432860957998, 'recall_micro': 0.870053344062715, 'recall_weighted': 0.870053344062715}
Validation statistic: Loss: 0.2672, dev_score: {'accuracy': 0.9264047737444058, 'balanced_accuracy': 0.9246010381325999, 'f1_macro': 0.9254168446738504, 'f1_micro': 0.9264047737444058, 'f1_weighted': 0.9263472265861604, 'precision_macro': 0.9274937277643313, 'precision_micro': 0.9264047737444058, 'precision_weighted': 0.9274923032513858, 'recall_macro': 0.9246010381325999, 'recall_micro': 0.9264047737444058, 'recall_weighted': 0.9264047737444058}
-----------------------
Epoch 77/100
Training statistic: Loss: 0.5469, train_score: {'accuracy': 0.8702285617869612, 'balanced_accuracy': 0.8697568029212135, 'f1_macro': 0.8733975737668557, 'f1_micro': 0.8702285617869612, 'f1_weighted': 0.8701511049186922, 'precision_macro': 0.8784264475613697, 'precision_micro': 0.8702285617869612, 'precision_weighted': 0.8717909821761526, 'recall_macro': 0.8697568029212135, 'recall_micro': 0.8702285617869612, 'recall_weighted': 0.8702285617869612}
Validation statistic: Loss: 0.2650, dev_score: {'accuracy': 0.9283938339134759, 'balanced_accuracy': 0.92680812125467, 'f1_macro': 0.9274882335834003, 'f1_micro': 0.9283938339134759, 'f1_weighted': 0.9283185181042757, 'precision_macro': 0.9289582072956766, 'precision_micro': 0.9283938339134759, 'precision_weighted': 0.9289977748159328, 'recall_macro': 0.92680812125467, 'recall_micro': 0.9283938339134759, 'recall_weighted': 0.9283938339134759}
Saving model...
Model saved!
-------------------------------------------
-----------------------
Epoch 78/100
Training statistic: Loss: 0.5465, train_score: {'accuracy': 0.8717341363064104, 'balanced_accuracy': 0.8708498534854027, 'f1_macro': 0.8748743934913696, 'f1_micro': 0.8717341363064104, 'f1_weighted': 0.8717428631178407, 'precision_macro': 0.8800730791782841, 'precision_micro': 0.8717341363064104, 'precision_weighted': 0.8730413603862124, 'recall_macro': 0.8708498534854027, 'recall_micro': 0.8717341363064104, 'recall_weighted': 0.8717341363064104}
Validation statistic: Loss: 0.2636, dev_score: {'accuracy': 0.9273993038289409, 'balanced_accuracy': 0.925784489936551, 'f1_macro': 0.9264874994362055, 'f1_micro': 0.9273993038289409, 'f1_weighted': 0.9273164320977861, 'precision_macro': 0.9280405303176253, 'precision_micro': 0.9273993038289409, 'precision_weighted': 0.9280452862150449, 'recall_macro': 0.925784489936551, 'recall_micro': 0.9273993038289409, 'recall_weighted': 0.9273993038289409}
Saving model...
Model saved!
-------------------------------------------
-----------------------
Epoch 79/100
Training statistic: Loss: 0.5524, train_score: {'accuracy': 0.8708450685944943, 'balanced_accuracy': 0.870487657099614, 'f1_macro': 0.874110197744414, 'f1_micro': 0.8708450685944943, 'f1_weighted': 0.8709040984336782, 'precision_macro': 0.8788362607239953, 'precision_micro': 0.8708450685944943, 'precision_weighted': 0.8722819424526134, 'recall_macro': 0.870487657099614, 'recall_micro': 0.8708450685944943, 'recall_weighted': 0.8708450685944943}
Validation statistic: Loss: 0.2647, dev_score: {'accuracy': 0.9270677938007624, 'balanced_accuracy': 0.9256243634544443, 'f1_macro': 0.9261589532409792, 'f1_micro': 0.9270677938007624, 'f1_weighted': 0.9269989413119917, 'precision_macro': 0.9277563074847496, 'precision_micro': 0.9270677938007624, 'precision_weighted': 0.9279530152078186, 'recall_macro': 0.9256243634544443, 'recall_micro': 0.9270677938007624, 'recall_weighted': 0.9270677938007624}
-----------------------
Epoch 80/100
Training statistic: Loss: 0.5492, train_score: {'accuracy': 0.8698586577024414, 'balanced_accuracy': 0.8687503784933075, 'f1_macro': 0.8734568348469824, 'f1_micro': 0.8698586577024414, 'f1_weighted': 0.8698678980376049, 'precision_macro': 0.8795535223374251, 'precision_micro': 0.8698586577024414, 'precision_weighted': 0.8716178021154782, 'recall_macro': 0.8687503784933075, 'recall_micro': 0.8698586577024414, 'recall_weighted': 0.8698586577024414}
Validation statistic: Loss: 0.2660, dev_score: {'accuracy': 0.9252444886457816, 'balanced_accuracy': 0.9234794043939232, 'f1_macro': 0.92413941122401, 'f1_micro': 0.9252444886457816, 'f1_weighted': 0.925152656266106, 'precision_macro': 0.9259796939658742, 'precision_micro': 0.9252444886457816, 'precision_weighted': 0.9261819154318128, 'recall_macro': 0.9234794043939232, 'recall_micro': 0.9252444886457816, 'recall_weighted': 0.9252444886457816}
-----------------------
Epoch 81/100
Training statistic: Loss: 0.5489, train_score: {'accuracy': 0.869897594974496, 'balanced_accuracy': 0.8687648671085331, 'f1_macro': 0.8732445114130529, 'f1_micro': 0.869897594974496, 'f1_weighted': 0.8699144724882922, 'precision_macro': 0.8791394996400326, 'precision_micro': 0.869897594974496, 'precision_weighted': 0.8716538761630214, 'recall_macro': 0.8687648671085331, 'recall_micro': 0.869897594974496, 'recall_weighted': 0.869897594974496}
Validation statistic: Loss: 0.2646, dev_score: {'accuracy': 0.9259075087021382, 'balanced_accuracy': 0.9241814165397289, 'f1_macro': 0.9249707188583706, 'f1_micro': 0.9259075087021382, 'f1_weighted': 0.9258587525993021, 'precision_macro': 0.927083115566146, 'precision_micro': 0.9259075087021382, 'precision_weighted': 0.9270690197930541, 'recall_macro': 0.9241814165397289, 'recall_micro': 0.9259075087021382, 'recall_weighted': 0.9259075087021382}
-----------------------
Epoch 82/100
Training statistic: Loss: 0.5434, train_score: {'accuracy': 0.8709034745025763, 'balanced_accuracy': 0.8709136738885122, 'f1_macro': 0.874242149037127, 'f1_micro': 0.8709034745025763, 'f1_weighted': 0.8709269732587371, 'precision_macro': 0.8784119592032293, 'precision_micro': 0.8709034745025763, 'precision_weighted': 0.8719929450042138, 'recall_macro': 0.8709136738885122, 'recall_micro': 0.8709034745025763, 'recall_weighted': 0.8709034745025763}
Validation statistic: Loss: 0.2611, dev_score: {'accuracy': 0.92756505884303, 'balanced_accuracy': 0.9260643919881166, 'f1_macro': 0.9267077170685172, 'f1_micro': 0.92756505884303, 'f1_weighted': 0.927492613028221, 'precision_macro': 0.9282774022894904, 'precision_micro': 0.92756505884303, 'precision_weighted': 0.9283030199613971, 'recall_macro': 0.9260643919881166, 'recall_micro': 0.92756505884303, 'recall_weighted': 0.92756505884303}
Saving model...
Model saved!
-------------------------------------------
-----------------------
Epoch 83/100
Training statistic: Loss: 0.5476, train_score: {'accuracy': 0.8708450685944943, 'balanced_accuracy': 0.8702084837270426, 'f1_macro': 0.8738738865446807, 'f1_micro': 0.8708450685944943, 'f1_weighted': 0.8708522723267442, 'precision_macro': 0.8784973330265201, 'precision_micro': 0.8708450685944943, 'precision_weighted': 0.8719157484516836, 'recall_macro': 0.8702084837270426, 'recall_micro': 0.8708450685944943, 'recall_weighted': 0.8708450685944943}
Validation statistic: Loss: 0.2643, dev_score: {'accuracy': 0.9255759986739599, 'balanced_accuracy': 0.9237271697469408, 'f1_macro': 0.9246392946202524, 'f1_micro': 0.9255759986739599, 'f1_weighted': 0.9255310212047886, 'precision_macro': 0.9268429545764814, 'precision_micro': 0.9255759986739599, 'precision_weighted': 0.9267250126378, 'recall_macro': 0.9237271697469408, 'recall_micro': 0.9255759986739599, 'recall_weighted': 0.9255759986739599}
-----------------------
Epoch 84/100
Training statistic: Loss: 0.5436, train_score: {'accuracy': 0.8695925863434008, 'balanced_accuracy': 0.8686890370493712, 'f1_macro': 0.8726678297417967, 'f1_micro': 0.8695925863434008, 'f1_weighted': 0.8696059959159795, 'precision_macro': 0.8784036736985865, 'precision_micro': 0.8695925863434008, 'precision_weighted': 0.8716027241512776, 'recall_macro': 0.8686890370493712, 'recall_micro': 0.8695925863434008, 'recall_weighted': 0.8695925863434008}
Validation statistic: Loss: 0.2616, dev_score: {'accuracy': 0.9264047737444058, 'balanced_accuracy': 0.9247633097307866, 'f1_macro': 0.9254986952353539, 'f1_micro': 0.9264047737444058, 'f1_weighted': 0.9263533984788208, 'precision_macro': 0.9273081668297838, 'precision_micro': 0.9264047737444058, 'precision_weighted': 0.9273310118110242, 'recall_macro': 0.9247633097307866, 'recall_micro': 0.9264047737444058, 'recall_weighted': 0.9264047737444058}
-----------------------
Epoch 85/100
Training statistic: Loss: 0.5467, train_score: {'accuracy': 0.872071592664218, 'balanced_accuracy': 0.8715445217353339, 'f1_macro': 0.874874742704543, 'f1_micro': 0.872071592664218, 'f1_weighted': 0.8719849038175597, 'precision_macro': 0.8792004511726621, 'precision_micro': 0.872071592664218, 'precision_weighted': 0.8729988584699886, 'recall_macro': 0.8715445217353339, 'recall_micro': 0.872071592664218, 'recall_weighted': 0.872071592664218}
Validation statistic: Loss: 0.2613, dev_score: {'accuracy': 0.9273993038289409, 'balanced_accuracy': 0.9257926211233196, 'f1_macro': 0.9265149972758925, 'f1_micro': 0.9273993038289409, 'f1_weighted': 0.9273469760177551, 'precision_macro': 0.9283913779336872, 'precision_micro': 0.9273993038289409, 'precision_weighted': 0.9284033617583546, 'recall_macro': 0.9257926211233196, 'recall_micro': 0.9273993038289409, 'recall_weighted': 0.9273993038289409}
-----------------------
Epoch 86/100
Training statistic: Loss: 0.5451, train_score: {'accuracy': 0.8723181953872312, 'balanced_accuracy': 0.8711936447783832, 'f1_macro': 0.8753920868247775, 'f1_micro': 0.8723181953872312, 'f1_weighted': 0.872372642625237, 'precision_macro': 0.8806410078139051, 'precision_micro': 0.8723181953872312, 'precision_weighted': 0.8736256131359279, 'recall_macro': 0.8711936447783832, 'recall_micro': 0.8723181953872312, 'recall_weighted': 0.8723181953872312}
Validation statistic: Loss: 0.2609, dev_score: {'accuracy': 0.9290568539698326, 'balanced_accuracy': 0.9275689942837924, 'f1_macro': 0.9282999694030375, 'f1_micro': 0.9290568539698326, 'f1_weighted': 0.9290616210258954, 'precision_macro': 0.930036419487511, 'precision_micro': 0.9290568539698326, 'precision_weighted': 0.9300320116884114, 'recall_macro': 0.9275689942837924, 'recall_micro': 0.9290568539698326, 'recall_weighted': 0.9290568539698326}
Saving model...
Model saved!
-------------------------------------------
-----------------------
Epoch 87/100
Training statistic: Loss: 0.5450, train_score: {'accuracy': 0.8735512090022973, 'balanced_accuracy': 0.872997027046388, 'f1_macro': 0.8766158027982126, 'f1_micro': 0.8735512090022973, 'f1_weighted': 0.8736308510879407, 'precision_macro': 0.8810064415470557, 'precision_micro': 0.8735512090022973, 'precision_weighted': 0.8745889912572307, 'recall_macro': 0.872997027046388, 'recall_micro': 0.8735512090022973, 'recall_weighted': 0.8735512090022973}
Validation statistic: Loss: 0.2605, dev_score: {'accuracy': 0.9283938339134759, 'balanced_accuracy': 0.9269155222611157, 'f1_macro': 0.9274017407331433, 'f1_micro': 0.9283938339134759, 'f1_weighted': 0.9282892077516761, 'precision_macro': 0.9286990430184019, 'precision_micro': 0.9283938339134759, 'precision_weighted': 0.9289652853106797, 'recall_macro': 0.9269155222611157, 'recall_micro': 0.9283938339134759, 'recall_weighted': 0.9283938339134759}
Saving model...
Model saved!
-------------------------------------------
-----------------------
Epoch 88/100
Training statistic: Loss: 0.5445, train_score: {'accuracy': 0.870741235869015, 'balanced_accuracy': 0.8693511823846846, 'f1_macro': 0.8735970755177973, 'f1_micro': 0.870741235869015, 'f1_weighted': 0.8707951680052162, 'precision_macro': 0.879390358984241, 'precision_micro': 0.870741235869015, 'precision_weighted': 0.8725363296548534, 'recall_macro': 0.8693511823846846, 'recall_micro': 0.870741235869015, 'recall_weighted': 0.870741235869015}
Validation statistic: Loss: 0.2630, dev_score: {'accuracy': 0.926570528758495, 'balanced_accuracy': 0.924974804986519, 'f1_macro': 0.9256543961174677, 'f1_micro': 0.926570528758495, 'f1_weighted': 0.9265551415786322, 'precision_macro': 0.9276794353700923, 'precision_micro': 0.926570528758495, 'precision_weighted': 0.9278375052428942, 'recall_macro': 0.924974804986519, 'recall_micro': 0.926570528758495, 'recall_weighted': 0.926570528758495}
-----------------------
Epoch 89/100
Training statistic: Loss: 0.5479, train_score: {'accuracy': 0.8720975508455877, 'balanced_accuracy': 0.872065565659024, 'f1_macro': 0.875082526408737, 'f1_micro': 0.8720975508455877, 'f1_weighted': 0.8721247334984851, 'precision_macro': 0.879038881703187, 'precision_micro': 0.8720975508455877, 'precision_weighted': 0.8732747210872182, 'recall_macro': 0.872065565659024, 'recall_micro': 0.8720975508455877, 'recall_weighted': 0.8720975508455877}
Validation statistic: Loss: 0.2627, dev_score: {'accuracy': 0.9262390187303166, 'balanced_accuracy': 0.9245269626721513, 'f1_macro': 0.925332208689446, 'f1_micro': 0.9262390187303166, 'f1_weighted': 0.9261691652562422, 'precision_macro': 0.9272359800646794, 'precision_micro': 0.9262390187303166, 'precision_weighted': 0.9271600710681565, 'recall_macro': 0.9245269626721513, 'recall_micro': 0.9262390187303166, 'recall_weighted': 0.9262390187303166}
-----------------------
Epoch 90/100
Training statistic: Loss: 0.5450, train_score: {'accuracy': 0.8724350072033953, 'balanced_accuracy': 0.8721127193225555, 'f1_macro': 0.8753655286922257, 'f1_micro': 0.8724350072033953, 'f1_weighted': 0.8724216039781251, 'precision_macro': 0.8796032537509536, 'precision_micro': 0.8724350072033953, 'precision_weighted': 0.8734777001139565, 'recall_macro': 0.8721127193225555, 'recall_micro': 0.8724350072033953, 'recall_weighted': 0.8724350072033953}
Validation statistic: Loss: 0.2608, dev_score: {'accuracy': 0.9273993038289409, 'balanced_accuracy': 0.9256728420793816, 'f1_macro': 0.9264385031194079, 'f1_micro': 0.9273993038289409, 'f1_weighted': 0.9273727861827317, 'precision_macro': 0.9284192993054724, 'precision_micro': 0.9273993038289409, 'precision_weighted': 0.9285176198058717, 'recall_macro': 0.9256728420793816, 'recall_micro': 0.9273993038289409, 'recall_weighted': 0.9273993038289409}
-----------------------
Epoch 91/100
Training statistic: Loss: 0.5448, train_score: {'accuracy': 0.8739276026321596, 'balanced_accuracy': 0.873093314556842, 'f1_macro': 0.8767767291970948, 'f1_micro': 0.8739276026321596, 'f1_weighted': 0.873944067819734, 'precision_macro': 0.8818365509515796, 'precision_micro': 0.8739276026321596, 'precision_weighted': 0.8754451390149984, 'recall_macro': 0.873093314556842, 'recall_micro': 0.8739276026321596, 'recall_weighted': 0.8739276026321596}
Validation statistic: Loss: 0.2596, dev_score: {'accuracy': 0.9278965688712083, 'balanced_accuracy': 0.9262711977506491, 'f1_macro': 0.927070946717679, 'f1_micro': 0.9278965688712083, 'f1_weighted': 0.9278780369582932, 'precision_macro': 0.9291334882108983, 'precision_micro': 0.9278965688712083, 'precision_weighted': 0.9290811145576134, 'recall_macro': 0.9262711977506491, 'recall_micro': 0.9278965688712083, 'recall_weighted': 0.9278965688712083}
Saving model...
Model saved!
-------------------------------------------
-----------------------
Epoch 92/100
Training statistic: Loss: 0.5470, train_score: {'accuracy': 0.8736161044557218, 'balanced_accuracy': 0.8739869107036243, 'f1_macro': 0.8765862761875125, 'f1_micro': 0.8736161044557218, 'f1_weighted': 0.8735810734164201, 'precision_macro': 0.8800184007720612, 'precision_micro': 0.8736161044557218, 'precision_weighted': 0.8745442353615391, 'recall_macro': 0.8739869107036243, 'recall_micro': 0.8736161044557218, 'recall_weighted': 0.8736161044557218}
Validation statistic: Loss: 0.2581, dev_score: {'accuracy': 0.9285595889275651, 'balanced_accuracy': 0.9270869575652935, 'f1_macro': 0.9276375234810861, 'f1_micro': 0.9285595889275651, 'f1_weighted': 0.9284849906268053, 'precision_macro': 0.9290752684097381, 'precision_micro': 0.9285595889275651, 'precision_weighted': 0.9292657927431482, 'recall_macro': 0.9270869575652935, 'recall_micro': 0.9285595889275651, 'recall_weighted': 0.9285595889275651}
Saving model...
Model saved!
-------------------------------------------
-----------------------
Epoch 93/100
Training statistic: Loss: 0.5456, train_score: {'accuracy': 0.8729541708307916, 'balanced_accuracy': 0.8722879722811694, 'f1_macro': 0.8758469375146489, 'f1_micro': 0.8729541708307916, 'f1_weighted': 0.8729921415121749, 'precision_macro': 0.8806683819203546, 'precision_micro': 0.8729541708307916, 'precision_weighted': 0.8744250466757844, 'recall_macro': 0.8722879722811694, 'recall_micro': 0.8729541708307916, 'recall_weighted': 0.8729541708307916}
Validation statistic: Loss: 0.2598, dev_score: {'accuracy': 0.9288910989557434, 'balanced_accuracy': 0.9273339995379308, 'f1_macro': 0.9281444135362426, 'f1_micro': 0.9288910989557434, 'f1_weighted': 0.9288782889098172, 'precision_macro': 0.9300030561499193, 'precision_micro': 0.9288910989557434, 'precision_weighted': 0.9298761521432741, 'recall_macro': 0.9273339995379308, 'recall_micro': 0.9288910989557434, 'recall_weighted': 0.9288910989557434}
-----------------------
Epoch 94/100
Training statistic: Loss: 0.5453, train_score: {'accuracy': 0.8729606603761341, 'balanced_accuracy': 0.8731282781318781, 'f1_macro': 0.875806555575374, 'f1_micro': 0.8729606603761341, 'f1_weighted': 0.8729168706069059, 'precision_macro': 0.8794161918077152, 'precision_micro': 0.8729606603761341, 'precision_weighted': 0.8738795440959508, 'recall_macro': 0.8731282781318781, 'recall_micro': 0.8729606603761341, 'recall_weighted': 0.8729606603761341}
Validation statistic: Loss: 0.2624, dev_score: {'accuracy': 0.926570528758495, 'balanced_accuracy': 0.9250010953463583, 'f1_macro': 0.9256156520790275, 'f1_micro': 0.926570528758495, 'f1_weighted': 0.9265032685264147, 'precision_macro': 0.9274714296378933, 'precision_micro': 0.926570528758495, 'precision_weighted': 0.9276298068409138, 'recall_macro': 0.9250010953463583, 'recall_micro': 0.926570528758495, 'recall_weighted': 0.926570528758495}
-----------------------
Epoch 95/100
Training statistic: Loss: 0.5421, train_score: {'accuracy': 0.8741352680831181, 'balanced_accuracy': 0.873873678633027, 'f1_macro': 0.8772127765346086, 'f1_micro': 0.8741352680831181, 'f1_weighted': 0.8740752871063212, 'precision_macro': 0.8815174249526635, 'precision_micro': 0.8741352680831181, 'precision_weighted': 0.8751063029215824, 'recall_macro': 0.873873678633027, 'recall_micro': 0.8741352680831181, 'recall_weighted': 0.8741352680831181}
Validation statistic: Loss: 0.2591, dev_score: {'accuracy': 0.9277308138571192, 'balanced_accuracy': 0.926100999162401, 'f1_macro': 0.9268279091532184, 'f1_micro': 0.9277308138571192, 'f1_weighted': 0.9276258121669716, 'precision_macro': 0.928541740361721, 'precision_micro': 0.9277308138571192, 'precision_weighted': 0.9284645761880711, 'recall_macro': 0.926100999162401, 'recall_micro': 0.9277308138571192, 'recall_weighted': 0.9277308138571192}
-----------------------
Epoch 96/100
Training statistic: Loss: 0.5437, train_score: {'accuracy': 0.8745051721676379, 'balanced_accuracy': 0.8738872643551563, 'f1_macro': 0.8777560243382208, 'f1_micro': 0.8745051721676379, 'f1_weighted': 0.8746008823928006, 'precision_macro': 0.8825117596312365, 'precision_micro': 0.8745051721676379, 'precision_weighted': 0.8757244665444447, 'recall_macro': 0.8738872643551563, 'recall_micro': 0.8745051721676379, 'recall_weighted': 0.8745051721676379}
Validation statistic: Loss: 0.2570, dev_score: {'accuracy': 0.9285595889275651, 'balanced_accuracy': 0.9270478322416121, 'f1_macro': 0.9276164256342355, 'f1_micro': 0.9285595889275651, 'f1_weighted': 0.9284781972260978, 'precision_macro': 0.9292234427350292, 'precision_micro': 0.9285595889275651, 'precision_weighted': 0.9293919436502791, 'recall_macro': 0.9270478322416121, 'recall_micro': 0.9285595889275651, 'recall_weighted': 0.9285595889275651}
Saving model...
Model saved!
-------------------------------------------
-----------------------
Epoch 97/100
Training statistic: Loss: 0.5430, train_score: {'accuracy': 0.8715783872181915, 'balanced_accuracy': 0.870218043719726, 'f1_macro': 0.8749506089022342, 'f1_micro': 0.8715783872181915, 'f1_weighted': 0.8717299441433681, 'precision_macro': 0.881237590570851, 'precision_micro': 0.8715783872181915, 'precision_weighted': 0.8736498285756998, 'recall_macro': 0.870218043719726, 'recall_micro': 0.8715783872181915, 'recall_weighted': 0.8715783872181915}
Validation statistic: Loss: 0.2617, dev_score: {'accuracy': 0.926570528758495, 'balanced_accuracy': 0.9249313296209184, 'f1_macro': 0.9257043060923141, 'f1_micro': 0.926570528758495, 'f1_weighted': 0.9265289350304282, 'precision_macro': 0.9276535905455809, 'precision_micro': 0.926570528758495, 'precision_weighted': 0.9276119170899338, 'recall_macro': 0.9249313296209184, 'recall_micro': 0.926570528758495, 'recall_weighted': 0.926570528758495}
-----------------------
Epoch 98/100
Training statistic: Loss: 0.5409, train_score: {'accuracy': 0.872344153568601, 'balanced_accuracy': 0.8716170064033248, 'f1_macro': 0.875846368095568, 'f1_micro': 0.872344153568601, 'f1_weighted': 0.8723616129215547, 'precision_macro': 0.8814154542689183, 'precision_micro': 0.872344153568601, 'precision_weighted': 0.873948403768704, 'recall_macro': 0.8716170064033248, 'recall_micro': 0.872344153568601, 'recall_weighted': 0.872344153568601}
Validation statistic: Loss: 0.2595, dev_score: {'accuracy': 0.9270677938007624, 'balanced_accuracy': 0.9254622780194118, 'f1_macro': 0.9261594126820656, 'f1_micro': 0.9270677938007624, 'f1_weighted': 0.9270551368325578, 'precision_macro': 0.9280011148814691, 'precision_micro': 0.9270677938007624, 'precision_weighted': 0.9281362934426933, 'recall_macro': 0.9254622780194118, 'recall_micro': 0.9270677938007624, 'recall_weighted': 0.9270677938007624}
-----------------------
Epoch 99/100
Training statistic: Loss: 0.5391, train_score: {'accuracy': 0.8741352680831181, 'balanced_accuracy': 0.873843895237872, 'f1_macro': 0.877321868168036, 'f1_micro': 0.8741352680831181, 'f1_weighted': 0.8741478878306616, 'precision_macro': 0.8821429627786654, 'precision_micro': 0.8741352680831181, 'precision_weighted': 0.8757397065807146, 'recall_macro': 0.873843895237872, 'recall_micro': 0.8741352680831181, 'recall_weighted': 0.8741352680831181}
Validation statistic: Loss: 0.2572, dev_score: {'accuracy': 0.9272335488148516, 'balanced_accuracy': 0.9256324857702827, 'f1_macro': 0.9262626912673207, 'f1_micro': 0.9272335488148516, 'f1_weighted': 0.9271370463186862, 'precision_macro': 0.927989125037754, 'precision_micro': 0.9272335488148516, 'precision_weighted': 0.9280921581410844, 'recall_macro': 0.9256324857702827, 'recall_micro': 0.9272335488148516, 'recall_weighted': 0.9272335488148516}
-----------------------
Epoch 100/100
Training statistic: Loss: 0.5412, train_score: {'accuracy': 0.8740249458122964, 'balanced_accuracy': 0.8739100195017171, 'f1_macro': 0.8770725189644409, 'f1_micro': 0.8740249458122964, 'f1_weighted': 0.8740504753548977, 'precision_macro': 0.8813991653797929, 'precision_micro': 0.8740249458122964, 'precision_weighted': 0.8754131129406673, 'recall_macro': 0.8739100195017171, 'recall_micro': 0.8740249458122964, 'recall_weighted': 0.8740249458122964}
Validation statistic: Loss: 0.2574, dev_score: {'accuracy': 0.926570528758495, 'balanced_accuracy': 0.9249912025575424, 'f1_macro': 0.925675673711212, 'f1_micro': 0.926570528758495, 'f1_weighted': 0.9264876460361195, 'precision_macro': 0.9274071696799157, 'precision_micro': 0.926570528758495, 'precision_weighted': 0.927409518438223, 'recall_macro': 0.9249912025575424, 'recall_micro': 0.926570528758495, 'recall_weighted': 0.926570528758495}
Testing statistic: loss: 0.2666887467566515, scores: {'accuracy': 0.9240352476450927, 'balanced_accuracy': 0.9237364856575466, 'f1_macro': 0.9242209808765246, 'f1_micro': 0.9240352476450927, 'f1_weighted': 0.9242184214738831, 'precision_macro': 0.9256967909446662, 'precision_micro': 0.9240352476450927, 'precision_weighted': 0.9253587942039379, 'recall_macro': 0.9237364856575466, 'recall_micro': 0.9240352476450927, 'recall_weighted': 0.9240352476450927}
Finish training!
