=====Setting up data=====
Dataset name:mnist12
train_option:mix
augment_option:compare_xgb
mix_ratio:-1
n_sample:-1
Training dataset size: 154112 samples
Validation dataset size: 6144 samples

=====Setting up parameters for training=====
num_epochs: 100
learning_rate: 0.001
patience: 30
early_stop_criterion: loss
=====Setting up trainer=====
input_size: 144
model: DNN_MNIST12
----------------------------------------------------------------
        Layer (type)               Output Shape         Param #
================================================================
           Dropout-1                  [-1, 144]               0
            Linear-2                 [-1, 1024]         148,480
         LeakyReLU-3                 [-1, 1024]               0
       BatchNorm1d-4                 [-1, 1024]           2,048
           Dropout-5                 [-1, 1024]               0
            Linear-6                 [-1, 1024]       1,049,600
         LeakyReLU-7                 [-1, 1024]               0
       BatchNorm1d-8                 [-1, 1024]           2,048
           Dropout-9                 [-1, 1024]               0
           Linear-10                  [-1, 256]         262,400
        LeakyReLU-11                  [-1, 256]               0
      BatchNorm1d-12                  [-1, 256]             512
          Dropout-13                  [-1, 256]               0
================================================================
Total params: 1,465,088
Trainable params: 1,465,088
Non-trainable params: 0
----------------------------------------------------------------
Input size (MB): 0.00
Forward/backward pass size (MB): 0.07
Params size (MB): 5.59
Estimated Total Size (MB): 5.66
----------------------------------------------------------------
=====Setting up output files=====
weight_dir, weight_file: /home/thuy/Research/minh_data_synth/TabularDA/output/corrected_v2/mnist12/weight/, mnist12_seed43_ctgan_full_xgb_mix.weights.pth
acc_dir, acc_file: /home/thuy/Research/minh_data_synth/TabularDA/output/corrected_v2/mnist12/acc/, mnist12_seed43_ctgan_full_xgb_mix.epochs.csv
report_file: mnist12_seed43_ctgan_full_xgb_mix.report.txt
==========================================================================================
Start training...
-----------------------
Epoch 1/100
Training statistic: Loss: 2.0859, train_score: {'accuracy': 0.759406595973886, 'balanced_accuracy': 0.7408574898129336, 'f1_macro': 0.7485050051170399, 'f1_micro': 0.759406595973886, 'f1_weighted': 0.7571186977170361, 'precision_macro': 0.7604062226121309, 'precision_micro': 0.759406595973886, 'precision_weighted': 0.7597723615405598, 'recall_macro': 0.7408574898129336, 'recall_micro': 0.759406595973886, 'recall_weighted': 0.759406595973886}
Validation statistic: Loss: 1.7396, dev_score: {'accuracy': 0.8581137079396651, 'balanced_accuracy': 0.8553758471590911, 'f1_macro': 0.8566543943689287, 'f1_micro': 0.8581137079396651, 'f1_weighted': 0.8586832866640612, 'precision_macro': 0.865231798979894, 'precision_micro': 0.8581137079396651, 'precision_weighted': 0.8663112594298656, 'recall_macro': 0.8553758471590911, 'recall_micro': 0.8581137079396651, 'recall_weighted': 0.8581137079396651}
Saving model...
Model saved!
-------------------------------------------
-----------------------
Epoch 2/100
Training statistic: Loss: 1.7179, train_score: {'accuracy': 0.777830415201111, 'balanced_accuracy': 0.7572155682411812, 'f1_macro': 0.7679551701318706, 'f1_micro': 0.777830415201111, 'f1_weighted': 0.7755795030586855, 'precision_macro': 0.7832749951107121, 'precision_micro': 0.777830415201111, 'precision_weighted': 0.7788717393623351, 'recall_macro': 0.7572155682411812, 'recall_micro': 0.777830415201111, 'recall_weighted': 0.777830415201111}
Validation statistic: Loss: 1.3707, dev_score: {'accuracy': 0.8746892093485827, 'balanced_accuracy': 0.8720388414788969, 'f1_macro': 0.8731091425189017, 'f1_micro': 0.8746892093485827, 'f1_weighted': 0.8750271050029589, 'precision_macro': 0.8798550278599846, 'precision_micro': 0.8746892093485827, 'precision_weighted': 0.8808448448552267, 'recall_macro': 0.8720388414788969, 'recall_micro': 0.8746892093485827, 'recall_weighted': 0.8746892093485827}
Saving model...
Model saved!
-------------------------------------------
-----------------------
Epoch 3/100
Training statistic: Loss: 1.5036, train_score: {'accuracy': 0.7874479213986268, 'balanced_accuracy': 0.7669852631444052, 'f1_macro': 0.7784091362814844, 'f1_micro': 0.7874479213986268, 'f1_weighted': 0.7855582894628138, 'precision_macro': 0.7942153588836645, 'precision_micro': 0.7874479213986268, 'precision_weighted': 0.7886801835480658, 'recall_macro': 0.7669852631444052, 'recall_micro': 0.7874479213986268, 'recall_weighted': 0.7874479213986268}
Validation statistic: Loss: 1.1559, dev_score: {'accuracy': 0.8877838554616277, 'balanced_accuracy': 0.8850701762926618, 'f1_macro': 0.8862214650880883, 'f1_micro': 0.8877838554616277, 'f1_weighted': 0.8880012855742236, 'precision_macro': 0.8917254303520981, 'precision_micro': 0.8877838554616277, 'precision_weighted': 0.8924085827346512, 'recall_macro': 0.8850701762926618, 'recall_micro': 0.8877838554616277, 'recall_weighted': 0.8877838554616277}
Saving model...
Model saved!
-------------------------------------------
-----------------------
Epoch 4/100
Training statistic: Loss: 1.3187, train_score: {'accuracy': 0.7974548003166898, 'balanced_accuracy': 0.7821553510128978, 'f1_macro': 0.7899722323737446, 'f1_micro': 0.7974548003166898, 'f1_weighted': 0.7960739367492341, 'precision_macro': 0.800224171020625, 'precision_micro': 0.7974548003166898, 'precision_weighted': 0.7977832909853638, 'recall_macro': 0.7821553510128978, 'recall_micro': 0.7974548003166898, 'recall_weighted': 0.7974548003166898}
Validation statistic: Loss: 0.9423, dev_score: {'accuracy': 0.8977291563069782, 'balanced_accuracy': 0.8955934833856369, 'f1_macro': 0.896684717783678, 'f1_micro': 0.8977291563069782, 'f1_weighted': 0.8980085092398978, 'precision_macro': 0.9005448312248729, 'precision_micro': 0.8977291563069782, 'precision_weighted': 0.9009515420250517, 'recall_macro': 0.8955934833856369, 'recall_micro': 0.8977291563069782, 'recall_weighted': 0.8977291563069782}
Saving model...
Model saved!
-------------------------------------------
-----------------------
Epoch 5/100
Training statistic: Loss: 1.1904, train_score: {'accuracy': 0.8003815852661362, 'balanced_accuracy': 0.782669230441365, 'f1_macro': 0.7923726979103177, 'f1_micro': 0.8003815852661362, 'f1_weighted': 0.7984910910700319, 'precision_macro': 0.8073180759271311, 'precision_micro': 0.8003815852661362, 'precision_weighted': 0.8023708013380917, 'recall_macro': 0.782669230441365, 'recall_micro': 0.8003815852661362, 'recall_weighted': 0.8003815852661362}
Validation statistic: Loss: 0.8240, dev_score: {'accuracy': 0.9000497265042268, 'balanced_accuracy': 0.8979251297058412, 'f1_macro': 0.8988749310439126, 'f1_micro': 0.9000497265042268, 'f1_weighted': 0.9002592296967548, 'precision_macro': 0.9038723603250725, 'precision_micro': 0.9000497265042268, 'precision_weighted': 0.9043747305475869, 'recall_macro': 0.8979251297058412, 'recall_micro': 0.9000497265042268, 'recall_weighted': 0.9000497265042268}
Saving model...
Model saved!
-------------------------------------------
-----------------------
Epoch 6/100
Training statistic: Loss: 1.0779, train_score: {'accuracy': 0.8089283164821472, 'balanced_accuracy': 0.7928839790883139, 'f1_macro': 0.8011551581675912, 'f1_micro': 0.8089283164821472, 'f1_weighted': 0.807146747697767, 'precision_macro': 0.8137800269483542, 'precision_micro': 0.8089283164821472, 'precision_weighted': 0.810100307286927, 'recall_macro': 0.7928839790883139, 'recall_micro': 0.8089283164821472, 'recall_weighted': 0.8089283164821472}
Validation statistic: Loss: 0.7177, dev_score: {'accuracy': 0.9030333167578319, 'balanced_accuracy': 0.9008153757135702, 'f1_macro': 0.9018405376702969, 'f1_micro': 0.9030333167578319, 'f1_weighted': 0.9031812110553789, 'precision_macro': 0.9062223548664898, 'precision_micro': 0.9030333167578319, 'precision_weighted': 0.9065404400549447, 'recall_macro': 0.9008153757135702, 'recall_micro': 0.9030333167578319, 'recall_weighted': 0.9030333167578319}
Saving model...
Model saved!
-------------------------------------------
-----------------------
Epoch 7/100
Training statistic: Loss: 0.9934, train_score: {'accuracy': 0.813892818669124, 'balanced_accuracy': 0.7994135203801789, 'f1_macro': 0.8074282400620222, 'f1_micro': 0.813892818669124, 'f1_weighted': 0.8126832824951724, 'precision_macro': 0.8175879048883716, 'precision_micro': 0.813892818669124, 'precision_weighted': 0.8140966992199447, 'recall_macro': 0.7994135203801789, 'recall_micro': 0.813892818669124, 'recall_weighted': 0.813892818669124}
Validation statistic: Loss: 0.6408, dev_score: {'accuracy': 0.9099950273495774, 'balanced_accuracy': 0.9083404962024704, 'f1_macro': 0.908960070904796, 'f1_micro': 0.9099950273495774, 'f1_weighted': 0.9100711510207485, 'precision_macro': 0.9115188426986179, 'precision_micro': 0.9099950273495774, 'precision_weighted': 0.9120050794696407, 'recall_macro': 0.9083404962024704, 'recall_micro': 0.9099950273495774, 'recall_weighted': 0.9099950273495774}
Saving model...
Model saved!
-------------------------------------------
-----------------------
Epoch 8/100
Training statistic: Loss: 0.9121, train_score: {'accuracy': 0.8169753527067893, 'balanced_accuracy': 0.8018071567500733, 'f1_macro': 0.8110526280777506, 'f1_micro': 0.8169753527067893, 'f1_weighted': 0.8156637961330043, 'precision_macro': 0.8231282171965267, 'precision_micro': 0.8169753527067893, 'precision_weighted': 0.8178090530510875, 'recall_macro': 0.8018071567500733, 'recall_micro': 0.8169753527067893, 'recall_weighted': 0.8169753527067893}
Validation statistic: Loss: 0.5674, dev_score: {'accuracy': 0.9128128625890933, 'balanced_accuracy': 0.9113090084424581, 'f1_macro': 0.9118786489453565, 'f1_micro': 0.9128128625890933, 'f1_weighted': 0.9129621044131303, 'precision_macro': 0.9146324940178637, 'precision_micro': 0.9128128625890933, 'precision_weighted': 0.9152089884452527, 'recall_macro': 0.9113090084424581, 'recall_micro': 0.9128128625890933, 'recall_weighted': 0.9128128625890933}
Saving model...
Model saved!
-------------------------------------------
-----------------------
Epoch 9/100
Training statistic: Loss: 0.8553, train_score: {'accuracy': 0.8177476086025413, 'balanced_accuracy': 0.8027479953235866, 'f1_macro': 0.8111005359368093, 'f1_micro': 0.8177476086025413, 'f1_weighted': 0.8164654814493291, 'precision_macro': 0.8230907640343805, 'precision_micro': 0.8177476086025413, 'precision_weighted': 0.8190426544395876, 'recall_macro': 0.8027479953235866, 'recall_micro': 0.8177476086025413, 'recall_weighted': 0.8177476086025413}
Validation statistic: Loss: 0.5160, dev_score: {'accuracy': 0.9169567379413227, 'balanced_accuracy': 0.9156694141221846, 'f1_macro': 0.9161226756852034, 'f1_micro': 0.9169567379413227, 'f1_weighted': 0.9171386962839596, 'precision_macro': 0.9184061459740447, 'precision_micro': 0.9169567379413227, 'precision_weighted': 0.9190925389922391, 'recall_macro': 0.9156694141221846, 'recall_micro': 0.9169567379413227, 'recall_weighted': 0.9169567379413227}
Saving model...
Model saved!
-------------------------------------------
-----------------------
Epoch 10/100
Training statistic: Loss: 0.8175, train_score: {'accuracy': 0.8222448635248615, 'balanced_accuracy': 0.8078344450730619, 'f1_macro': 0.8162443095914285, 'f1_micro': 0.8222448635248615, 'f1_weighted': 0.8210110576417043, 'precision_macro': 0.8277195381945663, 'precision_micro': 0.8222448635248615, 'precision_weighted': 0.8231040425460203, 'recall_macro': 0.8078344450730619, 'recall_micro': 0.8222448635248615, 'recall_weighted': 0.8222448635248615}
Validation statistic: Loss: 0.4828, dev_score: {'accuracy': 0.9144704127299851, 'balanced_accuracy': 0.9128758193867859, 'f1_macro': 0.913513388896147, 'f1_micro': 0.9144704127299851, 'f1_weighted': 0.9146351425694292, 'precision_macro': 0.9167813739323949, 'precision_micro': 0.9144704127299851, 'precision_weighted': 0.9173221392302595, 'recall_macro': 0.9128758193867859, 'recall_micro': 0.9144704127299851, 'recall_weighted': 0.9144704127299851}
Saving model...
Model saved!
-------------------------------------------
-----------------------
Epoch 11/100
Training statistic: Loss: 0.7818, train_score: {'accuracy': 0.8244253507599257, 'balanced_accuracy': 0.8113213403467888, 'f1_macro': 0.8183311545712609, 'f1_micro': 0.8244253507599257, 'f1_weighted': 0.8232800211321452, 'precision_macro': 0.8281750898040041, 'precision_micro': 0.8244253507599257, 'precision_weighted': 0.8250361924861389, 'recall_macro': 0.8113213403467888, 'recall_micro': 0.8244253507599257, 'recall_weighted': 0.8244253507599257}
Validation statistic: Loss: 0.4492, dev_score: {'accuracy': 0.917288247969501, 'balanced_accuracy': 0.9157620523190406, 'f1_macro': 0.9164714110382052, 'f1_micro': 0.917288247969501, 'f1_weighted': 0.9173773913162269, 'precision_macro': 0.9191783102109625, 'precision_micro': 0.917288247969501, 'precision_weighted': 0.919384284957673, 'recall_macro': 0.9157620523190406, 'recall_micro': 0.917288247969501, 'recall_weighted': 0.917288247969501}
Saving model...
Model saved!
-------------------------------------------
-----------------------
Epoch 12/100
Training statistic: Loss: 0.7430, train_score: {'accuracy': 0.8258530507352655, 'balanced_accuracy': 0.8114361842220333, 'f1_macro': 0.819752383074247, 'f1_micro': 0.8258530507352655, 'f1_weighted': 0.8245228344587652, 'precision_macro': 0.8313589114397342, 'precision_micro': 0.8258530507352655, 'precision_weighted': 0.8269365909952636, 'recall_macro': 0.8114361842220333, 'recall_micro': 0.8258530507352655, 'recall_weighted': 0.8258530507352655}
Validation statistic: Loss: 0.4162, dev_score: {'accuracy': 0.9192773081385712, 'balanced_accuracy': 0.9176003108150189, 'f1_macro': 0.9184016295170109, 'f1_micro': 0.9192773081385712, 'f1_weighted': 0.9194819400561914, 'precision_macro': 0.9215716444675819, 'precision_micro': 0.9192773081385712, 'precision_weighted': 0.921953982123213, 'recall_macro': 0.9176003108150189, 'recall_micro': 0.9192773081385712, 'recall_weighted': 0.9192773081385712}
Saving model...
Model saved!
-------------------------------------------
-----------------------
Epoch 13/100
Training statistic: Loss: 0.7233, train_score: {'accuracy': 0.8306942515607356, 'balanced_accuracy': 0.8199246249429187, 'f1_macro': 0.8245875751477598, 'f1_micro': 0.8306942515607356, 'f1_weighted': 0.8298451501823196, 'precision_macro': 0.8312634980914655, 'precision_micro': 0.8306942515607356, 'precision_weighted': 0.8308939598354407, 'recall_macro': 0.8199246249429187, 'recall_micro': 0.8306942515607356, 'recall_weighted': 0.8306942515607356}
Validation statistic: Loss: 0.3928, dev_score: {'accuracy': 0.9220951433780872, 'balanced_accuracy': 0.9207150340072976, 'f1_macro': 0.9213474782055873, 'f1_micro': 0.9220951433780872, 'f1_weighted': 0.922197203123328, 'precision_macro': 0.9231429869163428, 'precision_micro': 0.9220951433780872, 'precision_weighted': 0.9234128025640297, 'recall_macro': 0.9207150340072976, 'recall_micro': 0.9220951433780872, 'recall_weighted': 0.9220951433780872}
Saving model...
Model saved!
-------------------------------------------
-----------------------
Epoch 14/100
Training statistic: Loss: 0.7049, train_score: {'accuracy': 0.8304411592923799, 'balanced_accuracy': 0.8163024022903336, 'f1_macro': 0.8246191685407267, 'f1_micro': 0.8304411592923799, 'f1_weighted': 0.8291027780513164, 'precision_macro': 0.836440729904844, 'precision_micro': 0.8304411592923799, 'precision_weighted': 0.831500381101564, 'recall_macro': 0.8163024022903336, 'recall_micro': 0.8304411592923799, 'recall_weighted': 0.8304411592923799}
Validation statistic: Loss: 0.3849, dev_score: {'accuracy': 0.9201060832090171, 'balanced_accuracy': 0.9184546232249169, 'f1_macro': 0.9192032923942396, 'f1_micro': 0.9201060832090171, 'f1_weighted': 0.9202472195203207, 'precision_macro': 0.9214955759178565, 'precision_micro': 0.9201060832090171, 'precision_weighted': 0.921859201133882, 'recall_macro': 0.9184546232249169, 'recall_micro': 0.9201060832090171, 'recall_weighted': 0.9201060832090171}
Saving model...
Model saved!
-------------------------------------------
-----------------------
Epoch 15/100
Training statistic: Loss: 0.6842, train_score: {'accuracy': 0.8328358015237453, 'balanced_accuracy': 0.8210088960446408, 'f1_macro': 0.8275020487587904, 'f1_micro': 0.8328358015237453, 'f1_weighted': 0.8318414659609894, 'precision_macro': 0.8367109615372359, 'precision_micro': 0.8328358015237453, 'precision_weighted': 0.8336687326388167, 'recall_macro': 0.8210088960446408, 'recall_micro': 0.8328358015237453, 'recall_weighted': 0.8328358015237453}
Validation statistic: Loss: 0.3607, dev_score: {'accuracy': 0.9230896734626223, 'balanced_accuracy': 0.9217425764192214, 'f1_macro': 0.9225446333568899, 'f1_micro': 0.9230896734626223, 'f1_weighted': 0.9233412493861948, 'precision_macro': 0.9249116924864907, 'precision_micro': 0.9230896734626223, 'precision_weighted': 0.925105579645299, 'recall_macro': 0.9217425764192214, 'recall_micro': 0.9230896734626223, 'recall_weighted': 0.9230896734626223}
Saving model...
Model saved!
-------------------------------------------
-----------------------
Epoch 16/100
Training statistic: Loss: 0.6763, train_score: {'accuracy': 0.8341986060456604, 'balanced_accuracy': 0.8205430008032785, 'f1_macro': 0.8287428105186224, 'f1_micro': 0.8341986060456604, 'f1_weighted': 0.8332306619113135, 'precision_macro': 0.8400285018853303, 'precision_micro': 0.8341986060456604, 'precision_weighted': 0.8354324890726762, 'recall_macro': 0.8205430008032785, 'recall_micro': 0.8341986060456604, 'recall_weighted': 0.8341986060456604}
Validation statistic: Loss: 0.3540, dev_score: {'accuracy': 0.9235869385048898, 'balanced_accuracy': 0.9220597566922288, 'f1_macro': 0.9228318751510134, 'f1_micro': 0.9235869385048898, 'f1_weighted': 0.9237490085263387, 'precision_macro': 0.9255062649855429, 'precision_micro': 0.9235869385048898, 'precision_weighted': 0.9257303098125567, 'recall_macro': 0.9220597566922288, 'recall_micro': 0.9235869385048898, 'recall_weighted': 0.9235869385048898}
Saving model...
Model saved!
-------------------------------------------
-----------------------
Epoch 17/100
Training statistic: Loss: 0.6657, train_score: {'accuracy': 0.8348735187612756, 'balanced_accuracy': 0.8195999024914233, 'f1_macro': 0.8290845540602432, 'f1_micro': 0.8348735187612756, 'f1_weighted': 0.8335571336917574, 'precision_macro': 0.8423085938170136, 'precision_micro': 0.8348735187612756, 'precision_weighted': 0.8361776460764825, 'recall_macro': 0.8195999024914233, 'recall_micro': 0.8348735187612756, 'recall_weighted': 0.8348735187612756}
Validation statistic: Loss: 0.3507, dev_score: {'accuracy': 0.9234211834908006, 'balanced_accuracy': 0.9217003028531495, 'f1_macro': 0.9225320756563742, 'f1_micro': 0.9234211834908006, 'f1_weighted': 0.9234992146715996, 'precision_macro': 0.9254830648145729, 'precision_micro': 0.9234211834908006, 'precision_weighted': 0.925609185815062, 'recall_macro': 0.9217003028531495, 'recall_micro': 0.9234211834908006, 'recall_weighted': 0.9234211834908006}
Saving model...
Model saved!
-------------------------------------------
-----------------------
Epoch 18/100
Training statistic: Loss: 0.6522, train_score: {'accuracy': 0.837800303710722, 'balanced_accuracy': 0.8248867495019881, 'f1_macro': 0.8327037299084603, 'f1_micro': 0.837800303710722, 'f1_weighted': 0.8368543574105992, 'precision_macro': 0.8431254991278683, 'precision_micro': 0.837800303710722, 'precision_weighted': 0.8387112764457593, 'recall_macro': 0.8248867495019881, 'recall_micro': 0.837800303710722, 'recall_weighted': 0.837800303710722}
Validation statistic: Loss: 0.3348, dev_score: {'accuracy': 0.9267362837725841, 'balanced_accuracy': 0.9253004882380351, 'f1_macro': 0.9260988325633122, 'f1_micro': 0.9267362837725841, 'f1_weighted': 0.9268763391010819, 'precision_macro': 0.9284132222934248, 'precision_micro': 0.9267362837725841, 'precision_weighted': 0.9284546542341681, 'recall_macro': 0.9253004882380351, 'recall_micro': 0.9267362837725841, 'recall_weighted': 0.9267362837725841}
Saving model...
Model saved!
-------------------------------------------
-----------------------
Epoch 19/100
Training statistic: Loss: 0.6519, train_score: {'accuracy': 0.8396173764066089, 'balanced_accuracy': 0.8274859058043387, 'f1_macro': 0.8340285728086275, 'f1_micro': 0.8396173764066089, 'f1_weighted': 0.8386546351559105, 'precision_macro': 0.8429362535787217, 'precision_micro': 0.8396173764066089, 'precision_weighted': 0.840123038232608, 'recall_macro': 0.8274859058043387, 'recall_micro': 0.8396173764066089, 'recall_weighted': 0.8396173764066089}
Validation statistic: Loss: 0.3345, dev_score: {'accuracy': 0.9280623238852975, 'balanced_accuracy': 0.9267378956727873, 'f1_macro': 0.9274223911013231, 'f1_micro': 0.9280623238852975, 'f1_weighted': 0.9282221438160599, 'precision_macro': 0.9294936813901176, 'precision_micro': 0.9280623238852975, 'precision_weighted': 0.9297161715457597, 'recall_macro': 0.9267378956727873, 'recall_micro': 0.9280623238852975, 'recall_weighted': 0.9280623238852975}
Saving model...
Model saved!
-------------------------------------------
-----------------------
Epoch 20/100
Training statistic: Loss: 0.6401, train_score: {'accuracy': 0.840376653211676, 'balanced_accuracy': 0.8274214721923947, 'f1_macro': 0.8350826452785357, 'f1_micro': 0.840376653211676, 'f1_weighted': 0.8393107002792652, 'precision_macro': 0.8454428225893805, 'precision_micro': 0.840376653211676, 'precision_weighted': 0.8411734289640762, 'recall_macro': 0.8274214721923947, 'recall_micro': 0.840376653211676, 'recall_weighted': 0.840376653211676}
Validation statistic: Loss: 0.3249, dev_score: {'accuracy': 0.9277308138571192, 'balanced_accuracy': 0.9261030151165676, 'f1_macro': 0.9270275759741811, 'f1_micro': 0.9277308138571192, 'f1_weighted': 0.9278522085013456, 'precision_macro': 0.9295713929830116, 'precision_micro': 0.9277308138571192, 'precision_weighted': 0.9295107616671624, 'recall_macro': 0.9261030151165676, 'recall_micro': 0.9277308138571192, 'recall_weighted': 0.9277308138571192}
Saving model...
Model saved!
-------------------------------------------
-----------------------
Epoch 21/100
Training statistic: Loss: 0.6353, train_score: {'accuracy': 0.8410905031993459, 'balanced_accuracy': 0.8294215114874947, 'f1_macro': 0.8358391462461816, 'f1_micro': 0.8410905031993459, 'f1_weighted': 0.8400500793884622, 'precision_macro': 0.8447354396819664, 'precision_micro': 0.8410905031993459, 'precision_weighted': 0.8416417651339447, 'recall_macro': 0.8294215114874947, 'recall_micro': 0.8410905031993459, 'recall_weighted': 0.8410905031993459}
Validation statistic: Loss: 0.3193, dev_score: {'accuracy': 0.9259075087021382, 'balanced_accuracy': 0.9245581193767738, 'f1_macro': 0.9252107763373678, 'f1_micro': 0.9259075087021382, 'f1_weighted': 0.926014805654528, 'precision_macro': 0.9272825407288593, 'precision_micro': 0.9259075087021382, 'precision_weighted': 0.9274828102725544, 'recall_macro': 0.9245581193767738, 'recall_micro': 0.9259075087021382, 'recall_weighted': 0.9259075087021382}
Saving model...
Model saved!
-------------------------------------------
-----------------------
Epoch 22/100
Training statistic: Loss: 0.6271, train_score: {'accuracy': 0.843426739522629, 'balanced_accuracy': 0.8314174173228089, 'f1_macro': 0.8385029079106825, 'f1_micro': 0.843426739522629, 'f1_weighted': 0.8425444477765491, 'precision_macro': 0.8477454468853514, 'precision_micro': 0.843426739522629, 'precision_weighted': 0.8439937928599686, 'recall_macro': 0.8314174173228089, 'recall_micro': 0.843426739522629, 'recall_weighted': 0.843426739522629}
Validation statistic: Loss: 0.3121, dev_score: {'accuracy': 0.9290568539698326, 'balanced_accuracy': 0.927855408091893, 'f1_macro': 0.9285297644573542, 'f1_micro': 0.9290568539698326, 'f1_weighted': 0.929157467611023, 'precision_macro': 0.9300196624444805, 'precision_micro': 0.9290568539698326, 'precision_weighted': 0.930036067248293, 'recall_macro': 0.927855408091893, 'recall_micro': 0.9290568539698326, 'recall_weighted': 0.9290568539698326}
Saving model...
Model saved!
-------------------------------------------
-----------------------
Epoch 23/100
Training statistic: Loss: 0.6298, train_score: {'accuracy': 0.8407530468415383, 'balanced_accuracy': 0.8291303398494023, 'f1_macro': 0.8356394729131154, 'f1_micro': 0.8407530468415383, 'f1_weighted': 0.8395925636545578, 'precision_macro': 0.8452334456900339, 'precision_micro': 0.8407530468415383, 'precision_weighted': 0.8415858899446309, 'recall_macro': 0.8291303398494023, 'recall_micro': 0.8407530468415383, 'recall_weighted': 0.8407530468415383}
Validation statistic: Loss: 0.3103, dev_score: {'accuracy': 0.9295541190121002, 'balanced_accuracy': 0.9280999789087104, 'f1_macro': 0.9288426191552078, 'f1_micro': 0.9295541190121002, 'f1_weighted': 0.9296013110739689, 'precision_macro': 0.9307764872356492, 'precision_micro': 0.9295541190121002, 'precision_weighted': 0.9307892670575509, 'recall_macro': 0.9280999789087104, 'recall_micro': 0.9295541190121002, 'recall_weighted': 0.9295541190121002}
Saving model...
Model saved!
-------------------------------------------
-----------------------
Epoch 24/100
Training statistic: Loss: 0.6199, train_score: {'accuracy': 0.8443936817786546, 'balanced_accuracy': 0.832535326832971, 'f1_macro': 0.8395768355231921, 'f1_micro': 0.8443936817786546, 'f1_weighted': 0.8434893232400088, 'precision_macro': 0.8486811835729984, 'precision_micro': 0.8443936817786546, 'precision_weighted': 0.8449105872664515, 'recall_macro': 0.832535326832971, 'recall_micro': 0.8443936817786546, 'recall_weighted': 0.8443936817786546}
Validation statistic: Loss: 0.3018, dev_score: {'accuracy': 0.9295541190121002, 'balanced_accuracy': 0.928337890027278, 'f1_macro': 0.9289675767077222, 'f1_micro': 0.9295541190121002, 'f1_weighted': 0.9296551015538231, 'precision_macro': 0.930283716467373, 'precision_micro': 0.9295541190121002, 'precision_weighted': 0.9304185641499049, 'recall_macro': 0.928337890027278, 'recall_micro': 0.9295541190121002, 'recall_weighted': 0.9295541190121002}
Saving model...
Model saved!
-------------------------------------------
-----------------------
Epoch 25/100
Training statistic: Loss: 0.6279, train_score: {'accuracy': 0.843082793619479, 'balanced_accuracy': 0.8315914090518355, 'f1_macro': 0.8381772416980885, 'f1_micro': 0.843082793619479, 'f1_weighted': 0.8421315662115959, 'precision_macro': 0.8472889606414112, 'precision_micro': 0.843082793619479, 'precision_weighted': 0.8438711941943406, 'recall_macro': 0.8315914090518355, 'recall_micro': 0.843082793619479, 'recall_weighted': 0.843082793619479}
Validation statistic: Loss: 0.3087, dev_score: {'accuracy': 0.9269020387866733, 'balanced_accuracy': 0.9256406364200966, 'f1_macro': 0.9262817208467485, 'f1_micro': 0.9269020387866733, 'f1_weighted': 0.9270399386229309, 'precision_macro': 0.9278722142433067, 'precision_micro': 0.9269020387866733, 'precision_weighted': 0.9280965320543485, 'recall_macro': 0.9256406364200966, 'recall_micro': 0.9269020387866733, 'recall_weighted': 0.9269020387866733}
-----------------------
Epoch 26/100
Training statistic: Loss: 0.6162, train_score: {'accuracy': 0.8454774358508443, 'balanced_accuracy': 0.8344683749006014, 'f1_macro': 0.8411187576307432, 'f1_micro': 0.8454774358508443, 'f1_weighted': 0.8446045781751756, 'precision_macro': 0.8503137945102098, 'precision_micro': 0.8454774358508443, 'precision_weighted': 0.846487655441018, 'recall_macro': 0.8344683749006014, 'recall_micro': 0.8454774358508443, 'recall_weighted': 0.8454774358508443}
Validation statistic: Loss: 0.2984, dev_score: {'accuracy': 0.9312116691529919, 'balanced_accuracy': 0.9300429777825636, 'f1_macro': 0.9306721573468437, 'f1_micro': 0.9312116691529919, 'f1_weighted': 0.9313708442470872, 'precision_macro': 0.9323073749949154, 'precision_micro': 0.9312116691529919, 'precision_weighted': 0.9324960398473748, 'recall_macro': 0.9300429777825636, 'recall_micro': 0.9312116691529919, 'recall_weighted': 0.9312116691529919}
Saving model...
Model saved!
-------------------------------------------
-----------------------
Epoch 27/100
Training statistic: Loss: 0.6149, train_score: {'accuracy': 0.8464508676522123, 'balanced_accuracy': 0.8331973086329125, 'f1_macro': 0.841133797245131, 'f1_micro': 0.8464508676522123, 'f1_weighted': 0.8452969278878922, 'precision_macro': 0.8523282411191246, 'precision_micro': 0.8464508676522123, 'precision_weighted': 0.8474208025845775, 'recall_macro': 0.8331973086329125, 'recall_micro': 0.8464508676522123, 'recall_weighted': 0.8464508676522123}
Validation statistic: Loss: 0.3012, dev_score: {'accuracy': 0.9292226089839217, 'balanced_accuracy': 0.9275712988430669, 'f1_macro': 0.9284326299497012, 'f1_micro': 0.9292226089839217, 'f1_weighted': 0.9292520559193803, 'precision_macro': 0.9306099852368046, 'precision_micro': 0.9292226089839217, 'precision_weighted': 0.9305366147000759, 'recall_macro': 0.9275712988430669, 'recall_micro': 0.9292226089839217, 'recall_weighted': 0.9292226089839217}
-----------------------
Epoch 28/100
Training statistic: Loss: 0.6068, train_score: {'accuracy': 0.8484236894363181, 'balanced_accuracy': 0.8375848779212396, 'f1_macro': 0.844008248638158, 'f1_micro': 0.8484236894363181, 'f1_weighted': 0.847489583480364, 'precision_macro': 0.8530683698657062, 'precision_micro': 0.8484236894363181, 'precision_weighted': 0.8495788898863038, 'recall_macro': 0.8375848779212396, 'recall_micro': 0.8484236894363181, 'recall_weighted': 0.8484236894363181}
Validation statistic: Loss: 0.2889, dev_score: {'accuracy': 0.9307144041107244, 'balanced_accuracy': 0.9294234388365528, 'f1_macro': 0.9300693790590042, 'f1_micro': 0.9307144041107244, 'f1_weighted': 0.9308144120786302, 'precision_macro': 0.9317597668753173, 'precision_micro': 0.9307144041107244, 'precision_weighted': 0.9319161656418024, 'recall_macro': 0.9294234388365528, 'recall_micro': 0.9307144041107244, 'recall_weighted': 0.9307144041107244}
Saving model...
Model saved!
-------------------------------------------
-----------------------
Epoch 29/100
Training statistic: Loss: 0.6068, train_score: {'accuracy': 0.8475930276324841, 'balanced_accuracy': 0.8358437466211676, 'f1_macro': 0.8428799889851579, 'f1_micro': 0.8475930276324841, 'f1_weighted': 0.846590961579587, 'precision_macro': 0.8521575663403281, 'precision_micro': 0.8475930276324841, 'precision_weighted': 0.8479874135092195, 'recall_macro': 0.8358437466211676, 'recall_micro': 0.8475930276324841, 'recall_weighted': 0.8475930276324841}
Validation statistic: Loss: 0.2934, dev_score: {'accuracy': 0.9346925244488645, 'balanced_accuracy': 0.9333202791669193, 'f1_macro': 0.9340150382972249, 'f1_micro': 0.9346925244488645, 'f1_weighted': 0.9347260353963684, 'precision_macro': 0.9356224835270035, 'precision_micro': 0.9346925244488645, 'precision_weighted': 0.935628393992852, 'recall_macro': 0.9333202791669193, 'recall_micro': 0.9346925244488645, 'recall_weighted': 0.9346925244488645}
-----------------------
Epoch 30/100
Training statistic: Loss: 0.6084, train_score: {'accuracy': 0.8497994730489182, 'balanced_accuracy': 0.8390856104803431, 'f1_macro': 0.8453874060326629, 'f1_micro': 0.8497994730489182, 'f1_weighted': 0.8490497054877381, 'precision_macro': 0.8538330975106208, 'precision_micro': 0.8497994730489182, 'precision_weighted': 0.8505191183244476, 'recall_macro': 0.8390856104803431, 'recall_micro': 0.8497994730489182, 'recall_weighted': 0.8497994730489182}
Validation statistic: Loss: 0.2927, dev_score: {'accuracy': 0.9323719542516161, 'balanced_accuracy': 0.931057728200995, 'f1_macro': 0.9318248877314554, 'f1_micro': 0.9323719542516161, 'f1_weighted': 0.9324794448398708, 'precision_macro': 0.9336390781377846, 'precision_micro': 0.9323719542516161, 'precision_weighted': 0.9335969075758815, 'recall_macro': 0.931057728200995, 'recall_micro': 0.9323719542516161, 'recall_weighted': 0.9323719542516161}
-----------------------
Epoch 31/100
Training statistic: Loss: 0.6057, train_score: {'accuracy': 0.8503640634937116, 'balanced_accuracy': 0.8406815568504481, 'f1_macro': 0.8457534056636014, 'f1_micro': 0.8503640634937116, 'f1_weighted': 0.8496348541416581, 'precision_macro': 0.8525559542654813, 'precision_micro': 0.8503640634937116, 'precision_weighted': 0.8505884882523539, 'recall_macro': 0.8406815568504481, 'recall_micro': 0.8503640634937116, 'recall_weighted': 0.8503640634937116}
Validation statistic: Loss: 0.2863, dev_score: {'accuracy': 0.9336979943643295, 'balanced_accuracy': 0.9323914801741686, 'f1_macro': 0.9332437103752014, 'f1_micro': 0.9336979943643295, 'f1_weighted': 0.9337802739297674, 'precision_macro': 0.9350164082529812, 'precision_micro': 0.9336979943643295, 'precision_weighted': 0.9347336270006379, 'recall_macro': 0.9323914801741686, 'recall_micro': 0.9336979943643295, 'recall_weighted': 0.9336979943643295}
Saving model...
Model saved!
-------------------------------------------
-----------------------
Epoch 32/100
Training statistic: Loss: 0.6032, train_score: {'accuracy': 0.8486702921593313, 'balanced_accuracy': 0.8370895930970244, 'f1_macro': 0.8442319960062553, 'f1_micro': 0.8486702921593313, 'f1_weighted': 0.8477376089569288, 'precision_macro': 0.8536944670638734, 'precision_micro': 0.8486702921593313, 'precision_weighted': 0.8493284631188005, 'recall_macro': 0.8370895930970244, 'recall_micro': 0.8486702921593313, 'recall_weighted': 0.8486702921593313}
Validation statistic: Loss: 0.2882, dev_score: {'accuracy': 0.9315431791811702, 'balanced_accuracy': 0.930296868638085, 'f1_macro': 0.9309680619352436, 'f1_micro': 0.9315431791811702, 'f1_weighted': 0.9316413095422174, 'precision_macro': 0.9327125324627239, 'precision_micro': 0.9315431791811702, 'precision_weighted': 0.9327638321104581, 'recall_macro': 0.930296868638085, 'recall_micro': 0.9315431791811702, 'recall_weighted': 0.9315431791811702}
-----------------------
Epoch 33/100
Training statistic: Loss: 0.6045, train_score: {'accuracy': 0.8525769984554882, 'balanced_accuracy': 0.8418353975445741, 'f1_macro': 0.8482609819939103, 'f1_micro': 0.8525769984554882, 'f1_weighted': 0.8518080603438795, 'precision_macro': 0.8570530442588357, 'precision_micro': 0.8525769984554882, 'precision_weighted': 0.8534318743228445, 'recall_macro': 0.8418353975445741, 'recall_micro': 0.8525769984554882, 'recall_weighted': 0.8525769984554882}
Validation statistic: Loss: 0.2864, dev_score: {'accuracy': 0.9346925244488645, 'balanced_accuracy': 0.9334239185540572, 'f1_macro': 0.9340944184356962, 'f1_micro': 0.9346925244488645, 'f1_weighted': 0.934803165077282, 'precision_macro': 0.9356294031997804, 'precision_micro': 0.9346925244488645, 'precision_weighted': 0.9357405750371584, 'recall_macro': 0.9334239185540572, 'recall_micro': 0.9346925244488645, 'recall_weighted': 0.9346925244488645}
-----------------------
Epoch 34/100
Training statistic: Loss: 0.5997, train_score: {'accuracy': 0.8507404571235739, 'balanced_accuracy': 0.838948222681049, 'f1_macro': 0.8461497874112345, 'f1_micro': 0.8507404571235739, 'f1_weighted': 0.8497773570077973, 'precision_macro': 0.8561095988342384, 'precision_micro': 0.8507404571235739, 'precision_weighted': 0.8515994908362592, 'recall_macro': 0.838948222681049, 'recall_micro': 0.8507404571235739, 'recall_weighted': 0.8507404571235739}
Validation statistic: Loss: 0.2844, dev_score: {'accuracy': 0.9320404442234378, 'balanced_accuracy': 0.9306885078496882, 'f1_macro': 0.9314404023147326, 'f1_micro': 0.9320404442234378, 'f1_weighted': 0.9320684085279268, 'precision_macro': 0.9333766327381182, 'precision_micro': 0.9320404442234378, 'precision_weighted': 0.9332244133812149, 'recall_macro': 0.9306885078496882, 'recall_micro': 0.9320404442234378, 'recall_weighted': 0.9320404442234378}
Saving model...
Model saved!
-------------------------------------------
-----------------------
Epoch 35/100
Training statistic: Loss: 0.5944, train_score: {'accuracy': 0.853517982530144, 'balanced_accuracy': 0.8415203451473829, 'f1_macro': 0.8491006686974361, 'f1_micro': 0.853517982530144, 'f1_weighted': 0.8525927626711497, 'precision_macro': 0.8591639014123613, 'precision_micro': 0.853517982530144, 'precision_weighted': 0.854340275018921, 'recall_macro': 0.8415203451473829, 'recall_micro': 0.853517982530144, 'recall_weighted': 0.853517982530144}
Validation statistic: Loss: 0.2784, dev_score: {'accuracy': 0.9348582794629537, 'balanced_accuracy': 0.9335502849697555, 'f1_macro': 0.9342181520644125, 'f1_micro': 0.9348582794629537, 'f1_weighted': 0.9348748271274074, 'precision_macro': 0.9359258224707114, 'precision_micro': 0.9348582794629537, 'precision_weighted': 0.9358800581041663, 'recall_macro': 0.9335502849697555, 'recall_micro': 0.9348582794629537, 'recall_weighted': 0.9348582794629537}
Saving model...
Model saved!
-------------------------------------------
-----------------------
Epoch 36/100
Training statistic: Loss: 0.5911, train_score: {'accuracy': 0.8530312666294599, 'balanced_accuracy': 0.8435818231147891, 'f1_macro': 0.8489927984163692, 'f1_micro': 0.8530312666294599, 'f1_weighted': 0.8523240485521023, 'precision_macro': 0.8560750553874168, 'precision_micro': 0.8530312666294599, 'precision_weighted': 0.8534134390593717, 'recall_macro': 0.8435818231147891, 'recall_micro': 0.8530312666294599, 'recall_weighted': 0.8530312666294599}
Validation statistic: Loss: 0.2722, dev_score: {'accuracy': 0.9336979943643295, 'balanced_accuracy': 0.9324341773303262, 'f1_macro': 0.9331085813564928, 'f1_micro': 0.9336979943643295, 'f1_weighted': 0.9337635252467656, 'precision_macro': 0.9343924557299175, 'precision_micro': 0.9336979943643295, 'precision_weighted': 0.9344135677836304, 'recall_macro': 0.9324341773303262, 'recall_micro': 0.9336979943643295, 'recall_weighted': 0.9336979943643295}
Saving model...
Model saved!
-------------------------------------------
-----------------------
Epoch 37/100
Training statistic: Loss: 0.5886, train_score: {'accuracy': 0.8541150207016497, 'balanced_accuracy': 0.8430008663867202, 'f1_macro': 0.8500647570560744, 'f1_micro': 0.8541150207016497, 'f1_weighted': 0.8532281999075426, 'precision_macro': 0.8593991234128486, 'precision_micro': 0.8541150207016497, 'precision_weighted': 0.8548203203379685, 'recall_macro': 0.8430008663867202, 'recall_micro': 0.8541150207016497, 'recall_weighted': 0.8541150207016497}
Validation statistic: Loss: 0.2763, dev_score: {'accuracy': 0.9341952594065971, 'balanced_accuracy': 0.9327390275756574, 'f1_macro': 0.9335005535955301, 'f1_micro': 0.9341952594065971, 'f1_weighted': 0.9342308618658951, 'precision_macro': 0.93540271850201, 'precision_micro': 0.9341952594065971, 'precision_weighted': 0.9353529978446057, 'recall_macro': 0.9327390275756574, 'recall_micro': 0.9341952594065971, 'recall_weighted': 0.9341952594065971}
-----------------------
Epoch 38/100
Training statistic: Loss: 0.5892, train_score: {'accuracy': 0.8545887575116488, 'balanced_accuracy': 0.8445251728874726, 'f1_macro': 0.8499876911445696, 'f1_micro': 0.8545887575116488, 'f1_weighted': 0.8537310416886542, 'precision_macro': 0.857952986789426, 'precision_micro': 0.8545887575116488, 'precision_weighted': 0.8553757344283599, 'recall_macro': 0.8445251728874726, 'recall_micro': 0.8545887575116488, 'recall_weighted': 0.8545887575116488}
Validation statistic: Loss: 0.2739, dev_score: {'accuracy': 0.9340295043925079, 'balanced_accuracy': 0.9327425848889591, 'f1_macro': 0.933452901831805, 'f1_micro': 0.9340295043925079, 'f1_weighted': 0.9341215297184037, 'precision_macro': 0.9352120046747909, 'precision_micro': 0.9340295043925079, 'precision_weighted': 0.9352177819836359, 'recall_macro': 0.9327425848889591, 'recall_micro': 0.9340295043925079, 'recall_weighted': 0.9340295043925079}
-----------------------
Epoch 39/100
Training statistic: Loss: 0.5911, train_score: {'accuracy': 0.8546666320557582, 'balanced_accuracy': 0.8451326008796795, 'f1_macro': 0.8503588673279806, 'f1_micro': 0.8546666320557582, 'f1_weighted': 0.8538151178198862, 'precision_macro': 0.8577440418538472, 'precision_micro': 0.8546666320557582, 'precision_weighted': 0.8552253508367913, 'recall_macro': 0.8451326008796795, 'recall_micro': 0.8546666320557582, 'recall_weighted': 0.8546666320557582}
Validation statistic: Loss: 0.2758, dev_score: {'accuracy': 0.9338637493784187, 'balanced_accuracy': 0.9324393636128301, 'f1_macro': 0.9333078254036729, 'f1_micro': 0.9338637493784187, 'f1_weighted': 0.9339556461372821, 'precision_macro': 0.9353162249925709, 'precision_micro': 0.9338637493784187, 'precision_weighted': 0.9351399872163156, 'recall_macro': 0.9324393636128301, 'recall_micro': 0.9338637493784187, 'recall_weighted': 0.9338637493784187}
-----------------------
Epoch 40/100
Training statistic: Loss: 0.5894, train_score: {'accuracy': 0.8547055693278129, 'balanced_accuracy': 0.8444806880089262, 'f1_macro': 0.8500896215476692, 'f1_micro': 0.8547055693278129, 'f1_weighted': 0.8539290100589206, 'precision_macro': 0.8577875809873088, 'precision_micro': 0.8547055693278129, 'precision_weighted': 0.8552472054488831, 'recall_macro': 0.8444806880089262, 'recall_micro': 0.8547055693278129, 'recall_weighted': 0.8547055693278129}
Validation statistic: Loss: 0.2751, dev_score: {'accuracy': 0.9340295043925079, 'balanced_accuracy': 0.9326972456306899, 'f1_macro': 0.933602253866774, 'f1_micro': 0.9340295043925079, 'f1_weighted': 0.9341529112246658, 'precision_macro': 0.935859317395542, 'precision_micro': 0.9340295043925079, 'precision_weighted': 0.9355772319433532, 'recall_macro': 0.9326972456306899, 'recall_micro': 0.9340295043925079, 'recall_weighted': 0.9340295043925079}
-----------------------
Epoch 41/100
Training statistic: Loss: 0.5883, train_score: {'accuracy': 0.8556790011291809, 'balanced_accuracy': 0.8446443506263567, 'f1_macro': 0.8511101230705922, 'f1_micro': 0.8556790011291809, 'f1_weighted': 0.8547788308151886, 'precision_macro': 0.8597493016741588, 'precision_micro': 0.8556790011291809, 'precision_weighted': 0.8561522145240008, 'recall_macro': 0.8446443506263567, 'recall_micro': 0.8556790011291809, 'recall_weighted': 0.8556790011291809}
Validation statistic: Loss: 0.2764, dev_score: {'accuracy': 0.9345267694347754, 'balanced_accuracy': 0.9331949733063778, 'f1_macro': 0.9339233317189841, 'f1_micro': 0.9345267694347754, 'f1_weighted': 0.934534142985484, 'precision_macro': 0.935622194511313, 'precision_micro': 0.9345267694347754, 'precision_weighted': 0.9354722620004501, 'recall_macro': 0.9331949733063778, 'recall_micro': 0.9345267694347754, 'recall_weighted': 0.9345267694347754}
-----------------------
Epoch 42/100
Training statistic: Loss: 0.5851, train_score: {'accuracy': 0.8568536088361649, 'balanced_accuracy': 0.8465798790565614, 'f1_macro': 0.8530552881188911, 'f1_micro': 0.8568536088361649, 'f1_weighted': 0.8561429743577929, 'precision_macro': 0.8614917225696024, 'precision_micro': 0.8568536088361649, 'precision_weighted': 0.8575595510788854, 'recall_macro': 0.8465798790565614, 'recall_micro': 0.8568536088361649, 'recall_weighted': 0.8568536088361649}
Validation statistic: Loss: 0.2737, dev_score: {'accuracy': 0.9348582794629537, 'balanced_accuracy': 0.9335194830846401, 'f1_macro': 0.934148398829796, 'f1_micro': 0.9348582794629537, 'f1_weighted': 0.9349485539387614, 'precision_macro': 0.9359161231035037, 'precision_micro': 0.9348582794629537, 'precision_weighted': 0.9361269269388074, 'recall_macro': 0.9335194830846401, 'recall_micro': 0.9348582794629537, 'recall_weighted': 0.9348582794629537}
-----------------------
Epoch 43/100
Training statistic: Loss: 0.5845, train_score: {'accuracy': 0.8561981647565772, 'balanced_accuracy': 0.8468990164954718, 'f1_macro': 0.8519951743619458, 'f1_micro': 0.8561981647565772, 'f1_weighted': 0.8554245288774706, 'precision_macro': 0.8593738635837826, 'precision_micro': 0.8561981647565772, 'precision_weighted': 0.8569713399656459, 'recall_macro': 0.8468990164954718, 'recall_micro': 0.8561981647565772, 'recall_weighted': 0.8561981647565772}
Validation statistic: Loss: 0.2716, dev_score: {'accuracy': 0.9312116691529919, 'balanced_accuracy': 0.9296923017028049, 'f1_macro': 0.930614572004074, 'f1_micro': 0.9312116691529919, 'f1_weighted': 0.9313335438959595, 'precision_macro': 0.9329002435129856, 'precision_micro': 0.9312116691529919, 'precision_weighted': 0.9327708434287788, 'recall_macro': 0.9296923017028049, 'recall_micro': 0.9312116691529919, 'recall_weighted': 0.9312116691529919}
Saving model...
Model saved!
-------------------------------------------
-----------------------
Epoch 44/100
Training statistic: Loss: 0.5820, train_score: {'accuracy': 0.8572105338299999, 'balanced_accuracy': 0.8469352654446853, 'f1_macro': 0.8529321846952221, 'f1_micro': 0.8572105338299999, 'f1_weighted': 0.8563003744142672, 'precision_macro': 0.8617949435934543, 'precision_micro': 0.8572105338299999, 'precision_weighted': 0.8581685881879468, 'recall_macro': 0.8469352654446853, 'recall_micro': 0.8572105338299999, 'recall_weighted': 0.8572105338299999}
Validation statistic: Loss: 0.2698, dev_score: {'accuracy': 0.9346925244488645, 'balanced_accuracy': 0.933548527510782, 'f1_macro': 0.9340662794848787, 'f1_micro': 0.9346925244488645, 'f1_weighted': 0.9346909957764193, 'precision_macro': 0.9353852782630281, 'precision_micro': 0.9346925244488645, 'precision_weighted': 0.9354646023380978, 'recall_macro': 0.933548527510782, 'recall_micro': 0.9346925244488645, 'recall_weighted': 0.9346925244488645}
Saving model...
Model saved!
-------------------------------------------
-----------------------
Epoch 45/100
Training statistic: Loss: 0.5819, train_score: {'accuracy': 0.8592352719768453, 'balanced_accuracy': 0.8489852470083097, 'f1_macro': 0.8552645261459583, 'f1_micro': 0.8592352719768453, 'f1_weighted': 0.8584288401912104, 'precision_macro': 0.8633013589517053, 'precision_micro': 0.8592352719768453, 'precision_weighted': 0.8595034081123053, 'recall_macro': 0.8489852470083097, 'recall_micro': 0.8592352719768453, 'recall_weighted': 0.8592352719768453}
Validation statistic: Loss: 0.2674, dev_score: {'accuracy': 0.9351897894911321, 'balanced_accuracy': 0.9339981385824055, 'f1_macro': 0.9346033125245177, 'f1_micro': 0.9351897894911321, 'f1_weighted': 0.9351927907413725, 'precision_macro': 0.9357815133722905, 'precision_micro': 0.9351897894911321, 'precision_weighted': 0.935741902388874, 'recall_macro': 0.9339981385824055, 'recall_micro': 0.9351897894911321, 'recall_weighted': 0.9351897894911321}
Saving model...
Model saved!
-------------------------------------------
-----------------------
Epoch 46/100
Training statistic: Loss: 0.5781, train_score: {'accuracy': 0.8576777810946565, 'balanced_accuracy': 0.8471943745213555, 'f1_macro': 0.8533487584884846, 'f1_micro': 0.8576777810946565, 'f1_weighted': 0.8567587989158829, 'precision_macro': 0.8617082524743948, 'precision_micro': 0.8576777810946565, 'precision_weighted': 0.8581984029417106, 'recall_macro': 0.8471943745213555, 'recall_micro': 0.8576777810946565, 'recall_weighted': 0.8576777810946565}
Validation statistic: Loss: 0.2703, dev_score: {'accuracy': 0.9340295043925079, 'balanced_accuracy': 0.9326166206587342, 'f1_macro': 0.9334039856911771, 'f1_micro': 0.9340295043925079, 'f1_weighted': 0.9340068499792018, 'precision_macro': 0.9350447429948868, 'precision_micro': 0.9340295043925079, 'precision_weighted': 0.9347927853769744, 'recall_macro': 0.9326166206587342, 'recall_micro': 0.9340295043925079, 'recall_weighted': 0.9340295043925079}
-----------------------
Epoch 47/100
Training statistic: Loss: 0.5788, train_score: {'accuracy': 0.8582229029034226, 'balanced_accuracy': 0.8483858177216955, 'f1_macro': 0.8541557322807867, 'f1_micro': 0.8582229029034226, 'f1_weighted': 0.8574500017139007, 'precision_macro': 0.8619932388874718, 'precision_micro': 0.8582229029034226, 'precision_weighted': 0.8587817777852528, 'recall_macro': 0.8483858177216955, 'recall_micro': 0.8582229029034226, 'recall_weighted': 0.8582229029034226}
Validation statistic: Loss: 0.2667, dev_score: {'accuracy': 0.9365158296038455, 'balanced_accuracy': 0.9353315473153014, 'f1_macro': 0.9359727457988226, 'f1_micro': 0.9365158296038455, 'f1_weighted': 0.9365631441281668, 'precision_macro': 0.9373898706374847, 'precision_micro': 0.9365158296038455, 'precision_weighted': 0.9373533793163787, 'recall_macro': 0.9353315473153014, 'recall_micro': 0.9365158296038455, 'recall_weighted': 0.9365158296038455}
Saving model...
Model saved!
-------------------------------------------
-----------------------
Epoch 48/100
Training statistic: Loss: 0.5752, train_score: {'accuracy': 0.8612340519423209, 'balanced_accuracy': 0.8520621781358099, 'f1_macro': 0.8575274172488705, 'f1_micro': 0.8612340519423209, 'f1_weighted': 0.8606131930634736, 'precision_macro': 0.8646100946763159, 'precision_micro': 0.8612340519423209, 'precision_weighted': 0.8617513806222314, 'recall_macro': 0.8520621781358099, 'recall_micro': 0.8612340519423209, 'recall_weighted': 0.8612340519423209}
Validation statistic: Loss: 0.2607, dev_score: {'accuracy': 0.9361843195756672, 'balanced_accuracy': 0.9348815404625437, 'f1_macro': 0.9356591942285956, 'f1_micro': 0.9361843195756672, 'f1_weighted': 0.9362914052975433, 'precision_macro': 0.9373172352443039, 'precision_micro': 0.9361843195756672, 'precision_weighted': 0.9372455872194971, 'recall_macro': 0.9348815404625437, 'recall_micro': 0.9361843195756672, 'recall_weighted': 0.9361843195756672}
Saving model...
Model saved!
-------------------------------------------
-----------------------
Epoch 49/100
Training statistic: Loss: 0.5782, train_score: {'accuracy': 0.8589043051643802, 'balanced_accuracy': 0.8483969826938559, 'f1_macro': 0.8550711072367412, 'f1_micro': 0.8589043051643802, 'f1_weighted': 0.8581212785198172, 'precision_macro': 0.8638820900302695, 'precision_micro': 0.8589043051643802, 'precision_weighted': 0.8596548263103022, 'recall_macro': 0.8483969826938559, 'recall_micro': 0.8589043051643802, 'recall_weighted': 0.8589043051643802}
Validation statistic: Loss: 0.2668, dev_score: {'accuracy': 0.9358528095474888, 'balanced_accuracy': 0.93450327449948, 'f1_macro': 0.9352945399155598, 'f1_micro': 0.9358528095474888, 'f1_weighted': 0.9359574747046756, 'precision_macro': 0.9369316534927827, 'precision_micro': 0.9358528095474888, 'precision_weighted': 0.9368739391450037, 'recall_macro': 0.93450327449948, 'recall_micro': 0.9358528095474888, 'recall_weighted': 0.9358528095474888}
-----------------------
Epoch 50/100
Training statistic: Loss: 0.5756, train_score: {'accuracy': 0.8623307851051956, 'balanced_accuracy': 0.8531646410390188, 'f1_macro': 0.8585059731184905, 'f1_micro': 0.8623307851051956, 'f1_weighted': 0.8616904014052251, 'precision_macro': 0.8654039748604874, 'precision_micro': 0.8623307851051956, 'precision_weighted': 0.862713987713813, 'recall_macro': 0.8531646410390188, 'recall_micro': 0.8623307851051956, 'recall_weighted': 0.8623307851051956}
Validation statistic: Loss: 0.2628, dev_score: {'accuracy': 0.9376761147024697, 'balanced_accuracy': 0.9364368084006012, 'f1_macro': 0.9371944068408278, 'f1_micro': 0.9376761147024697, 'f1_weighted': 0.9377587497977415, 'precision_macro': 0.9388229471260466, 'precision_micro': 0.9376761147024697, 'precision_weighted': 0.9386761714077967, 'recall_macro': 0.9364368084006012, 'recall_micro': 0.9376761147024697, 'recall_weighted': 0.9376761147024697}
-----------------------
Epoch 51/100
Training statistic: Loss: 0.5737, train_score: {'accuracy': 0.8613119264864304, 'balanced_accuracy': 0.8508027013062227, 'f1_macro': 0.8573613407078309, 'f1_micro': 0.8613119264864304, 'f1_weighted': 0.8605679270713628, 'precision_macro': 0.8658595519225699, 'precision_micro': 0.8613119264864304, 'precision_weighted': 0.8619536864364711, 'recall_macro': 0.8508027013062227, 'recall_micro': 0.8613119264864304, 'recall_weighted': 0.8613119264864304}
Validation statistic: Loss: 0.2639, dev_score: {'accuracy': 0.9361843195756672, 'balanced_accuracy': 0.9349379501657801, 'f1_macro': 0.9357098516187984, 'f1_micro': 0.9361843195756672, 'f1_weighted': 0.9362739267194725, 'precision_macro': 0.9374662506375222, 'precision_micro': 0.9361843195756672, 'precision_weighted': 0.9373065041269337, 'recall_macro': 0.9349379501657801, 'recall_micro': 0.9361843195756672, 'recall_weighted': 0.9361843195756672}
-----------------------
Epoch 52/100
Training statistic: Loss: 0.5674, train_score: {'accuracy': 0.8619479019299908, 'balanced_accuracy': 0.8508744011700301, 'f1_macro': 0.8581064432593433, 'f1_micro': 0.8619479019299908, 'f1_weighted': 0.8611516901015653, 'precision_macro': 0.8679181988446274, 'precision_micro': 0.8619479019299908, 'precision_weighted': 0.8629571887005385, 'recall_macro': 0.8508744011700301, 'recall_micro': 0.8619479019299908, 'recall_weighted': 0.8619479019299908}
Validation statistic: Loss: 0.2584, dev_score: {'accuracy': 0.9348582794629537, 'balanced_accuracy': 0.9334278252818823, 'f1_macro': 0.934297350759404, 'f1_micro': 0.9348582794629537, 'f1_weighted': 0.9349127856333344, 'precision_macro': 0.936325259964556, 'precision_micro': 0.9348582794629537, 'precision_weighted': 0.9360742705327888, 'recall_macro': 0.9334278252818823, 'recall_micro': 0.9348582794629537, 'recall_weighted': 0.9348582794629537}
Saving model...
Model saved!
-------------------------------------------
-----------------------
Epoch 53/100
Training statistic: Loss: 0.5713, train_score: {'accuracy': 0.8617012992069776, 'balanced_accuracy': 0.8526597159292238, 'f1_macro': 0.8581302072486862, 'f1_micro': 0.8617012992069776, 'f1_weighted': 0.8611802787146086, 'precision_macro': 0.8654340737822197, 'precision_micro': 0.8617012992069776, 'precision_weighted': 0.8624948916812241, 'recall_macro': 0.8526597159292238, 'recall_micro': 0.8617012992069776, 'recall_weighted': 0.8617012992069776}
Validation statistic: Loss: 0.2609, dev_score: {'accuracy': 0.9361843195756672, 'balanced_accuracy': 0.9349361899422503, 'f1_macro': 0.9356261608663342, 'f1_micro': 0.9361843195756672, 'f1_weighted': 0.9362880113838231, 'precision_macro': 0.9372464111109673, 'precision_micro': 0.9361843195756672, 'precision_weighted': 0.9372854062983518, 'recall_macro': 0.9349361899422503, 'recall_micro': 0.9361843195756672, 'recall_weighted': 0.9361843195756672}
-----------------------
Epoch 54/100
Training statistic: Loss: 0.5707, train_score: {'accuracy': 0.8600205069632821, 'balanced_accuracy': 0.848190727322326, 'f1_macro': 0.8560880538804796, 'f1_micro': 0.8600205069632821, 'f1_weighted': 0.8590851229462135, 'precision_macro': 0.8668738956609644, 'precision_micro': 0.8600205069632821, 'precision_weighted': 0.8611190947265421, 'recall_macro': 0.848190727322326, 'recall_micro': 0.8600205069632821, 'recall_weighted': 0.8600205069632821}
Validation statistic: Loss: 0.2641, dev_score: {'accuracy': 0.933200729322062, 'balanced_accuracy': 0.9318469114949803, 'f1_macro': 0.9326662857273526, 'f1_micro': 0.933200729322062, 'f1_weighted': 0.9332901229181012, 'precision_macro': 0.934604167343001, 'precision_micro': 0.933200729322062, 'precision_weighted': 0.9344515996258647, 'recall_macro': 0.9318469114949803, 'recall_micro': 0.933200729322062, 'recall_weighted': 0.933200729322062}
-----------------------
Epoch 55/100
Training statistic: Loss: 0.5658, train_score: {'accuracy': 0.8614676755746492, 'balanced_accuracy': 0.8510255742140191, 'f1_macro': 0.8574524181512757, 'f1_micro': 0.8614676755746492, 'f1_weighted': 0.8606517275916241, 'precision_macro': 0.8661102206922177, 'precision_micro': 0.8614676755746492, 'precision_weighted': 0.8622163587740929, 'recall_macro': 0.8510255742140191, 'recall_micro': 0.8614676755746492, 'recall_weighted': 0.8614676755746492}
Validation statistic: Loss: 0.2586, dev_score: {'accuracy': 0.935024034477043, 'balanced_accuracy': 0.9337267760020749, 'f1_macro': 0.9345282563288423, 'f1_micro': 0.935024034477043, 'f1_weighted': 0.9351483613354621, 'precision_macro': 0.9363547699966694, 'precision_micro': 0.935024034477043, 'precision_weighted': 0.9362630564348918, 'recall_macro': 0.9337267760020749, 'recall_micro': 0.935024034477043, 'recall_weighted': 0.935024034477043}
-----------------------
Epoch 56/100
Training statistic: Loss: 0.5672, train_score: {'accuracy': 0.8651277791477929, 'balanced_accuracy': 0.8566427556673066, 'f1_macro': 0.8608091018899044, 'f1_micro': 0.8651277791477929, 'f1_weighted': 0.8644781447851579, 'precision_macro': 0.8663761794458186, 'precision_micro': 0.8651277791477929, 'precision_weighted': 0.8652683387925557, 'recall_macro': 0.8566427556673066, 'recall_micro': 0.8651277791477929, 'recall_weighted': 0.8651277791477929}
Validation statistic: Loss: 0.2576, dev_score: {'accuracy': 0.937013094646113, 'balanced_accuracy': 0.9358458725279597, 'f1_macro': 0.9365711335321236, 'f1_micro': 0.937013094646113, 'f1_weighted': 0.9371160515155397, 'precision_macro': 0.9382798536522247, 'precision_micro': 0.937013094646113, 'precision_weighted': 0.9381675427611824, 'recall_macro': 0.9358458725279597, 'recall_micro': 0.937013094646113, 'recall_weighted': 0.937013094646113}
Saving model...
Model saved!
-------------------------------------------
-----------------------
Epoch 57/100
Training statistic: Loss: 0.5661, train_score: {'accuracy': 0.8633366646332757, 'balanced_accuracy': 0.8533568344331733, 'f1_macro': 0.8598566582616856, 'f1_micro': 0.8633366646332757, 'f1_weighted': 0.8626105664635834, 'precision_macro': 0.8684066172513669, 'precision_micro': 0.8633366646332757, 'precision_weighted': 0.8640611785312499, 'recall_macro': 0.8533568344331733, 'recall_micro': 0.8633366646332757, 'recall_weighted': 0.8633366646332757}
Validation statistic: Loss: 0.2580, dev_score: {'accuracy': 0.936018564561578, 'balanced_accuracy': 0.934702260501389, 'f1_macro': 0.9353799743267732, 'f1_micro': 0.936018564561578, 'f1_weighted': 0.9360552686421332, 'precision_macro': 0.9368085900038894, 'precision_micro': 0.936018564561578, 'precision_weighted': 0.9368060601142452, 'recall_macro': 0.934702260501389, 'recall_micro': 0.936018564561578, 'recall_weighted': 0.936018564561578}
-----------------------
Epoch 58/100
Training statistic: Loss: 0.5702, train_score: {'accuracy': 0.8657118382286138, 'balanced_accuracy': 0.8582835938576563, 'f1_macro': 0.8615557464948743, 'f1_micro': 0.8657118382286138, 'f1_weighted': 0.8650549245066202, 'precision_macro': 0.8667971322659117, 'precision_micro': 0.8657118382286138, 'precision_weighted': 0.866176472955518, 'recall_macro': 0.8582835938576563, 'recall_micro': 0.8657118382286138, 'recall_weighted': 0.8657118382286138}
Validation statistic: Loss: 0.2580, dev_score: {'accuracy': 0.9378418697165589, 'balanced_accuracy': 0.9363996102821328, 'f1_macro': 0.9373548436799248, 'f1_micro': 0.9378418697165589, 'f1_weighted': 0.937905602994881, 'precision_macro': 0.9394019268273617, 'precision_micro': 0.9378418697165589, 'precision_weighted': 0.9390168049814176, 'recall_macro': 0.9363996102821328, 'recall_micro': 0.9378418697165589, 'recall_weighted': 0.9378418697165589}
-----------------------
Epoch 59/100
Training statistic: Loss: 0.5669, train_score: {'accuracy': 0.8643036068893013, 'balanced_accuracy': 0.853736168260905, 'f1_macro': 0.8607975953268857, 'f1_micro': 0.8643036068893013, 'f1_weighted': 0.8635075307684186, 'precision_macro': 0.8700400408604437, 'precision_micro': 0.8643036068893013, 'precision_weighted': 0.8651062543233126, 'recall_macro': 0.853736168260905, 'recall_micro': 0.8643036068893013, 'recall_weighted': 0.8643036068893013}
Validation statistic: Loss: 0.2582, dev_score: {'accuracy': 0.937013094646113, 'balanced_accuracy': 0.9357976986663212, 'f1_macro': 0.9365096909284937, 'f1_micro': 0.937013094646113, 'f1_weighted': 0.9370782950616271, 'precision_macro': 0.9380307111764857, 'precision_micro': 0.937013094646113, 'precision_weighted': 0.9379217611040498, 'recall_macro': 0.9357976986663212, 'recall_micro': 0.937013094646113, 'recall_weighted': 0.937013094646113}
-----------------------
Epoch 60/100
Training statistic: Loss: 0.5630, train_score: {'accuracy': 0.8636741209910833, 'balanced_accuracy': 0.8532004515653029, 'f1_macro': 0.8603098258212054, 'f1_micro': 0.8636741209910833, 'f1_weighted': 0.8628336123405119, 'precision_macro': 0.8699876851457905, 'precision_micro': 0.8636741209910833, 'precision_weighted': 0.8648941105185406, 'recall_macro': 0.8532004515653029, 'recall_micro': 0.8636741209910833, 'recall_weighted': 0.8636741209910833}
Validation statistic: Loss: 0.2537, dev_score: {'accuracy': 0.9378418697165589, 'balanced_accuracy': 0.936594933759652, 'f1_macro': 0.9373311628040784, 'f1_micro': 0.9378418697165589, 'f1_weighted': 0.9379196771129912, 'precision_macro': 0.9388439101773576, 'precision_micro': 0.9378418697165589, 'precision_weighted': 0.938742499131672, 'recall_macro': 0.936594933759652, 'recall_micro': 0.9378418697165589, 'recall_weighted': 0.9378418697165589}
Saving model...
Model saved!
-------------------------------------------
-----------------------
Epoch 61/100
Training statistic: Loss: 0.5684, train_score: {'accuracy': 0.8634859241761522, 'balanced_accuracy': 0.8532254066851271, 'f1_macro': 0.8598702426749186, 'f1_micro': 0.8634859241761522, 'f1_weighted': 0.8627495713952941, 'precision_macro': 0.8685567049450608, 'precision_micro': 0.8634859241761522, 'precision_weighted': 0.8642305275304067, 'recall_macro': 0.8532254066851271, 'recall_micro': 0.8634859241761522, 'recall_weighted': 0.8634859241761522}
Validation statistic: Loss: 0.2574, dev_score: {'accuracy': 0.9368473396320238, 'balanced_accuracy': 0.9354997001621779, 'f1_macro': 0.9362288102038165, 'f1_micro': 0.9368473396320238, 'f1_weighted': 0.9368890852690495, 'precision_macro': 0.9377992241212448, 'precision_micro': 0.9368473396320238, 'precision_weighted': 0.9377294781051954, 'recall_macro': 0.9354997001621779, 'recall_micro': 0.9368473396320238, 'recall_weighted': 0.9368473396320238}
-----------------------
Epoch 62/100
Training statistic: Loss: 0.5632, train_score: {'accuracy': 0.8665814373045024, 'balanced_accuracy': 0.8582070503415867, 'f1_macro': 0.8625474875579929, 'f1_micro': 0.8665814373045024, 'f1_weighted': 0.8658985778680985, 'precision_macro': 0.8686829472568576, 'precision_micro': 0.8665814373045024, 'precision_weighted': 0.8670458824296046, 'recall_macro': 0.8582070503415867, 'recall_micro': 0.8665814373045024, 'recall_weighted': 0.8665814373045024}
Validation statistic: Loss: 0.2540, dev_score: {'accuracy': 0.9366815846179347, 'balanced_accuracy': 0.9354092569583413, 'f1_macro': 0.9360620439480517, 'f1_micro': 0.9366815846179347, 'f1_weighted': 0.9367358679988492, 'precision_macro': 0.9375586447817851, 'precision_micro': 0.9366815846179347, 'precision_weighted': 0.9376009868561089, 'recall_macro': 0.9354092569583413, 'recall_micro': 0.9366815846179347, 'recall_weighted': 0.9366815846179347}
-----------------------
Epoch 63/100
Training statistic: Loss: 0.5643, train_score: {'accuracy': 0.8664127091255986, 'balanced_accuracy': 0.8570113968018396, 'f1_macro': 0.862657689942624, 'f1_micro': 0.8664127091255986, 'f1_weighted': 0.8657424273723102, 'precision_macro': 0.8700671178834192, 'precision_micro': 0.8664127091255986, 'precision_weighted': 0.8668925326814657, 'recall_macro': 0.8570113968018396, 'recall_micro': 0.8664127091255986, 'recall_weighted': 0.8664127091255986}
Validation statistic: Loss: 0.2541, dev_score: {'accuracy': 0.9394994198574507, 'balanced_accuracy': 0.9382239061698495, 'f1_macro': 0.9390235166513685, 'f1_micro': 0.9394994198574507, 'f1_weighted': 0.939578172183874, 'precision_macro': 0.940666545791838, 'precision_micro': 0.9394994198574507, 'precision_weighted': 0.9404612255306672, 'recall_macro': 0.9382239061698495, 'recall_micro': 0.9394994198574507, 'recall_weighted': 0.9394994198574507}
-----------------------
Epoch 64/100
Training statistic: Loss: 0.5667, train_score: {'accuracy': 0.8649655405142316, 'balanced_accuracy': 0.8557848063447923, 'f1_macro': 0.8612303274245049, 'f1_micro': 0.8649655405142316, 'f1_weighted': 0.8642592022989057, 'precision_macro': 0.8688769931033624, 'precision_micro': 0.8649655405142316, 'precision_weighted': 0.8656465145464093, 'recall_macro': 0.8557848063447923, 'recall_micro': 0.8649655405142316, 'recall_weighted': 0.8649655405142316}
Validation statistic: Loss: 0.2551, dev_score: {'accuracy': 0.9376761147024697, 'balanced_accuracy': 0.9362912007583267, 'f1_macro': 0.9371856031158569, 'f1_micro': 0.9376761147024697, 'f1_weighted': 0.9377963882506546, 'precision_macro': 0.9391824505677009, 'precision_micro': 0.9376761147024697, 'precision_weighted': 0.938973902901131, 'recall_macro': 0.9362912007583267, 'recall_micro': 0.9376761147024697, 'recall_weighted': 0.9376761147024697}
-----------------------
Epoch 65/100
Training statistic: Loss: 0.5632, train_score: {'accuracy': 0.8667501654834062, 'balanced_accuracy': 0.856942576817002, 'f1_macro': 0.8632928928836309, 'f1_micro': 0.8667501654834062, 'f1_weighted': 0.8660742143682925, 'precision_macro': 0.8715255232646992, 'precision_micro': 0.8667501654834062, 'precision_weighted': 0.8673112556228852, 'recall_macro': 0.856942576817002, 'recall_micro': 0.8667501654834062, 'recall_weighted': 0.8667501654834062}
Validation statistic: Loss: 0.2536, dev_score: {'accuracy': 0.9381733797447372, 'balanced_accuracy': 0.9368946291109594, 'f1_macro': 0.937631122451547, 'f1_micro': 0.9381733797447372, 'f1_weighted': 0.9382359409174666, 'precision_macro': 0.9390718168763996, 'precision_micro': 0.9381733797447372, 'precision_weighted': 0.9389697037455287, 'recall_macro': 0.9368946291109594, 'recall_micro': 0.9381733797447372, 'recall_weighted': 0.9381733797447372}
Saving model...
Model saved!
-------------------------------------------
-----------------------
Epoch 66/100
Training statistic: Loss: 0.5603, train_score: {'accuracy': 0.8671914545666931, 'balanced_accuracy': 0.8576162296408955, 'f1_macro': 0.8633482728037386, 'f1_micro': 0.8671914545666931, 'f1_weighted': 0.8664728075951894, 'precision_macro': 0.8712369315109232, 'precision_micro': 0.8671914545666931, 'precision_weighted': 0.8679965139285309, 'recall_macro': 0.8576162296408955, 'recall_micro': 0.8671914545666931, 'recall_weighted': 0.8671914545666931}
Validation statistic: Loss: 0.2521, dev_score: {'accuracy': 0.936018564561578, 'balanced_accuracy': 0.9346957451993887, 'f1_macro': 0.9355288194682613, 'f1_micro': 0.936018564561578, 'f1_weighted': 0.9361249807504923, 'precision_macro': 0.9374889723902401, 'precision_micro': 0.936018564561578, 'precision_weighted': 0.9373147688445398, 'recall_macro': 0.9346957451993887, 'recall_micro': 0.936018564561578, 'recall_weighted': 0.936018564561578}
Saving model...
Model saved!
-------------------------------------------
-----------------------
Epoch 67/100
Training statistic: Loss: 0.5579, train_score: {'accuracy': 0.8663932404895713, 'balanced_accuracy': 0.8567287303600526, 'f1_macro': 0.8627264278243267, 'f1_micro': 0.8663932404895713, 'f1_weighted': 0.86566904303224, 'precision_macro': 0.8709008795369849, 'precision_micro': 0.8663932404895713, 'precision_weighted': 0.8672271417700275, 'recall_macro': 0.8567287303600526, 'recall_micro': 0.8663932404895713, 'recall_weighted': 0.8663932404895713}
Validation statistic: Loss: 0.2499, dev_score: {'accuracy': 0.939830929885629, 'balanced_accuracy': 0.9387571226859951, 'f1_macro': 0.9394233466430805, 'f1_micro': 0.939830929885629, 'f1_weighted': 0.9399381617132291, 'precision_macro': 0.940887667613406, 'precision_micro': 0.939830929885629, 'precision_weighted': 0.9408124170380657, 'recall_macro': 0.9387571226859951, 'recall_micro': 0.939830929885629, 'recall_weighted': 0.939830929885629}
Saving model...
Model saved!
-------------------------------------------
-----------------------
Epoch 68/100
Training statistic: Loss: 0.5589, train_score: {'accuracy': 0.8674185886536789, 'balanced_accuracy': 0.858208639843218, 'f1_macro': 0.8637386835846925, 'f1_micro': 0.8674185886536789, 'f1_weighted': 0.8667841727948873, 'precision_macro': 0.8708890102667194, 'precision_micro': 0.8674185886536789, 'precision_weighted': 0.8677634173569851, 'recall_macro': 0.858208639843218, 'recall_micro': 0.8674185886536789, 'recall_weighted': 0.8674185886536789}
Validation statistic: Loss: 0.2503, dev_score: {'accuracy': 0.9366815846179347, 'balanced_accuracy': 0.9355093371453747, 'f1_macro': 0.9361804888148063, 'f1_micro': 0.9366815846179347, 'f1_weighted': 0.9367715114364844, 'precision_macro': 0.9376449236522696, 'precision_micro': 0.9366815846179347, 'precision_weighted': 0.9376174899449513, 'recall_macro': 0.9355093371453747, 'recall_micro': 0.9366815846179347, 'recall_weighted': 0.9366815846179347}
-----------------------
Epoch 69/100
Training statistic: Loss: 0.5533, train_score: {'accuracy': 0.8671460277492958, 'balanced_accuracy': 0.8574532516483743, 'f1_macro': 0.8633360924621686, 'f1_micro': 0.8671460277492958, 'f1_weighted': 0.8663265325600809, 'precision_macro': 0.8713888426343338, 'precision_micro': 0.8671460277492958, 'precision_weighted': 0.8678517930821448, 'recall_macro': 0.8574532516483743, 'recall_micro': 0.8671460277492958, 'recall_weighted': 0.8671460277492958}
Validation statistic: Loss: 0.2467, dev_score: {'accuracy': 0.9365158296038455, 'balanced_accuracy': 0.9350796794639408, 'f1_macro': 0.9358918306087223, 'f1_micro': 0.9365158296038455, 'f1_weighted': 0.9365384274650005, 'precision_macro': 0.9375519959999492, 'precision_micro': 0.9365158296038455, 'precision_weighted': 0.937370716670557, 'recall_macro': 0.9350796794639408, 'recall_micro': 0.9365158296038455, 'recall_weighted': 0.9365158296038455}
Saving model...
Model saved!
-------------------------------------------
-----------------------
Epoch 70/100
Training statistic: Loss: 0.5547, train_score: {'accuracy': 0.869423858164497, 'balanced_accuracy': 0.862006196100085, 'f1_macro': 0.8660080572179357, 'f1_micro': 0.869423858164497, 'f1_weighted': 0.8688135112934497, 'precision_macro': 0.8713905721600185, 'precision_micro': 0.869423858164497, 'precision_weighted': 0.8695801573252102, 'recall_macro': 0.862006196100085, 'recall_micro': 0.869423858164497, 'recall_weighted': 0.869423858164497}
Validation statistic: Loss: 0.2451, dev_score: {'accuracy': 0.9386706447870048, 'balanced_accuracy': 0.9377213458821301, 'f1_macro': 0.9380851932628049, 'f1_micro': 0.9386706447870048, 'f1_weighted': 0.9386704209917378, 'precision_macro': 0.9387970240500563, 'precision_micro': 0.9386706447870048, 'precision_weighted': 0.9390032396224073, 'recall_macro': 0.9377213458821301, 'recall_micro': 0.9386706447870048, 'recall_weighted': 0.9386706447870048}
Saving model...
Model saved!
-------------------------------------------
-----------------------
Epoch 71/100
Training statistic: Loss: 0.5567, train_score: {'accuracy': 0.8698262099757291, 'balanced_accuracy': 0.8613168379768965, 'f1_macro': 0.8663520993312144, 'f1_micro': 0.8698262099757291, 'f1_weighted': 0.8692165203035906, 'precision_macro': 0.8728330536424777, 'precision_micro': 0.8698262099757291, 'precision_weighted': 0.8701807625911654, 'recall_macro': 0.8613168379768965, 'recall_micro': 0.8698262099757291, 'recall_weighted': 0.8698262099757291}
Validation statistic: Loss: 0.2488, dev_score: {'accuracy': 0.9381733797447372, 'balanced_accuracy': 0.9371082074540003, 'f1_macro': 0.937675781176781, 'f1_micro': 0.9381733797447372, 'f1_weighted': 0.9382385364125558, 'precision_macro': 0.9387869053360192, 'precision_micro': 0.9381733797447372, 'precision_weighted': 0.9388244728621937, 'recall_macro': 0.9371082074540003, 'recall_micro': 0.9381733797447372, 'recall_weighted': 0.9381733797447372}
-----------------------
Epoch 72/100
Training statistic: Loss: 0.5582, train_score: {'accuracy': 0.8675354004698431, 'balanced_accuracy': 0.8580221569421764, 'f1_macro': 0.8641190055562985, 'f1_micro': 0.8675354004698431, 'f1_weighted': 0.8668585109358846, 'precision_macro': 0.8723707716286075, 'precision_micro': 0.8675354004698431, 'precision_weighted': 0.8683104673816425, 'recall_macro': 0.8580221569421764, 'recall_micro': 0.8675354004698431, 'recall_weighted': 0.8675354004698431}
Validation statistic: Loss: 0.2525, dev_score: {'accuracy': 0.9366815846179347, 'balanced_accuracy': 0.9353635250807949, 'f1_macro': 0.9361467657279153, 'f1_micro': 0.9366815846179347, 'f1_weighted': 0.9367595062828435, 'precision_macro': 0.9378125306528373, 'precision_micro': 0.9366815846179347, 'precision_weighted': 0.9376850142182834, 'recall_macro': 0.9353635250807949, 'recall_micro': 0.9366815846179347, 'recall_weighted': 0.9366815846179347}
-----------------------
Epoch 73/100
Training statistic: Loss: 0.5569, train_score: {'accuracy': 0.8673536932002543, 'balanced_accuracy': 0.8569871109549382, 'f1_macro': 0.863781615368554, 'f1_micro': 0.8673536932002543, 'f1_weighted': 0.8665423108755427, 'precision_macro': 0.8728162759571949, 'precision_micro': 0.8673536932002543, 'precision_weighted': 0.8682907589865644, 'recall_macro': 0.8569871109549382, 'recall_micro': 0.8673536932002543, 'recall_weighted': 0.8673536932002543}
Validation statistic: Loss: 0.2511, dev_score: {'accuracy': 0.9368473396320238, 'balanced_accuracy': 0.9355180365295931, 'f1_macro': 0.9362515860983407, 'f1_micro': 0.9368473396320238, 'f1_weighted': 0.9369120270307775, 'precision_macro': 0.9378065515960692, 'precision_micro': 0.9368473396320238, 'precision_weighted': 0.937762664724653, 'recall_macro': 0.9355180365295931, 'recall_micro': 0.9368473396320238, 'recall_weighted': 0.9368473396320238}
-----------------------
Epoch 74/100
Training statistic: Loss: 0.5557, train_score: {'accuracy': 0.867762534556829, 'balanced_accuracy': 0.8578693567899712, 'f1_macro': 0.8641971635272796, 'f1_micro': 0.867762534556829, 'f1_weighted': 0.8670596756646789, 'precision_macro': 0.8728509139795347, 'precision_micro': 0.867762534556829, 'precision_weighted': 0.8685899998222893, 'recall_macro': 0.8578693567899712, 'recall_micro': 0.867762534556829, 'recall_weighted': 0.867762534556829}
Validation statistic: Loss: 0.2483, dev_score: {'accuracy': 0.9386706447870048, 'balanced_accuracy': 0.9373764840937866, 'f1_macro': 0.938119170775426, 'f1_micro': 0.9386706447870048, 'f1_weighted': 0.9387316070991895, 'precision_macro': 0.9397229584810441, 'precision_micro': 0.9386706447870048, 'precision_weighted': 0.939615587449652, 'recall_macro': 0.9373764840937866, 'recall_micro': 0.9386706447870048, 'recall_weighted': 0.9386706447870048}
-----------------------
Epoch 75/100
Training statistic: Loss: 0.5509, train_score: {'accuracy': 0.8704297376925773, 'balanced_accuracy': 0.8619987489827287, 'f1_macro': 0.8672905558632248, 'f1_micro': 0.8704297376925773, 'f1_weighted': 0.8698485141863469, 'precision_macro': 0.8740502669318767, 'precision_micro': 0.8704297376925773, 'precision_weighted': 0.8709018975097954, 'recall_macro': 0.8619987489827287, 'recall_micro': 0.8704297376925773, 'recall_weighted': 0.8704297376925773}
Validation statistic: Loss: 0.2430, dev_score: {'accuracy': 0.9396651748715399, 'balanced_accuracy': 0.938509435642989, 'f1_macro': 0.9392087909158091, 'f1_micro': 0.9396651748715399, 'f1_weighted': 0.9397442625191201, 'precision_macro': 0.9406295130826043, 'precision_micro': 0.9396651748715399, 'precision_weighted': 0.940510512509043, 'recall_macro': 0.938509435642989, 'recall_micro': 0.9396651748715399, 'recall_weighted': 0.9396651748715399}
Saving model...
Model saved!
-------------------------------------------
-----------------------
Epoch 76/100
Training statistic: Loss: 0.5539, train_score: {'accuracy': 0.87041026905655, 'balanced_accuracy': 0.8611908731139438, 'f1_macro': 0.8670279765151532, 'f1_micro': 0.87041026905655, 'f1_weighted': 0.8697610529307553, 'precision_macro': 0.8748860112474739, 'precision_micro': 0.87041026905655, 'precision_weighted': 0.8712092013133563, 'recall_macro': 0.8611908731139438, 'recall_micro': 0.87041026905655, 'recall_weighted': 0.87041026905655}
Validation statistic: Loss: 0.2465, dev_score: {'accuracy': 0.9378418697165589, 'balanced_accuracy': 0.9365182217855017, 'f1_macro': 0.9373182808653032, 'f1_micro': 0.9378418697165589, 'f1_weighted': 0.9379903412916437, 'precision_macro': 0.9392211207811559, 'precision_micro': 0.9378418697165589, 'precision_weighted': 0.9392048296613194, 'recall_macro': 0.9365182217855017, 'recall_micro': 0.9378418697165589, 'recall_weighted': 0.9378418697165589}
-----------------------
Epoch 77/100
Training statistic: Loss: 0.5518, train_score: {'accuracy': 0.8691383181694291, 'balanced_accuracy': 0.8615579716489632, 'f1_macro': 0.8659041569092146, 'f1_micro': 0.8691383181694291, 'f1_weighted': 0.8685965763563667, 'precision_macro': 0.8719525722346871, 'precision_micro': 0.8691383181694291, 'precision_weighted': 0.8697514504326982, 'recall_macro': 0.8615579716489632, 'recall_micro': 0.8691383181694291, 'recall_weighted': 0.8691383181694291}
Validation statistic: Loss: 0.2429, dev_score: {'accuracy': 0.9386706447870048, 'balanced_accuracy': 0.9376163501603971, 'f1_macro': 0.9382491219783212, 'f1_micro': 0.9386706447870048, 'f1_weighted': 0.9388130188700141, 'precision_macro': 0.9396509938830537, 'precision_micro': 0.9386706447870048, 'precision_weighted': 0.9397014567756345, 'recall_macro': 0.9376163501603971, 'recall_micro': 0.9386706447870048, 'recall_weighted': 0.9386706447870048}
Saving model...
Model saved!
-------------------------------------------
-----------------------
Epoch 78/100
Training statistic: Loss: 0.5503, train_score: {'accuracy': 0.8695990758887432, 'balanced_accuracy': 0.8594810783200968, 'f1_macro': 0.8659348237297586, 'f1_micro': 0.8695990758887432, 'f1_weighted': 0.8689838235265155, 'precision_macro': 0.874153172364964, 'precision_micro': 0.8695990758887432, 'precision_weighted': 0.870116127892658, 'recall_macro': 0.8594810783200968, 'recall_micro': 0.8695990758887432, 'recall_weighted': 0.8695990758887432}
Validation statistic: Loss: 0.2467, dev_score: {'accuracy': 0.9381733797447372, 'balanced_accuracy': 0.9369382310196134, 'f1_macro': 0.9377453719687328, 'f1_micro': 0.9381733797447372, 'f1_weighted': 0.9382983926252277, 'precision_macro': 0.9394489851488965, 'precision_micro': 0.9381733797447372, 'precision_weighted': 0.9392857810557401, 'recall_macro': 0.9369382310196134, 'recall_micro': 0.9381733797447372, 'recall_weighted': 0.9381733797447372}
-----------------------
Epoch 79/100
Training statistic: Loss: 0.5526, train_score: {'accuracy': 0.8694173686191545, 'balanced_accuracy': 0.8615604658530203, 'f1_macro': 0.8661266181964358, 'f1_micro': 0.8694173686191545, 'f1_weighted': 0.8687826153842683, 'precision_macro': 0.8723404782132981, 'precision_micro': 0.8694173686191545, 'precision_weighted': 0.8698387103797048, 'recall_macro': 0.8615604658530203, 'recall_micro': 0.8694173686191545, 'recall_weighted': 0.8694173686191545}
Validation statistic: Loss: 0.2461, dev_score: {'accuracy': 0.9376761147024697, 'balanced_accuracy': 0.9363656969675065, 'f1_macro': 0.9372237105119441, 'f1_micro': 0.9376761147024697, 'f1_weighted': 0.9377803437205177, 'precision_macro': 0.9389617220783959, 'precision_micro': 0.9376761147024697, 'precision_weighted': 0.9387295349980831, 'recall_macro': 0.9363656969675065, 'recall_micro': 0.9376761147024697, 'recall_weighted': 0.9376761147024697}
-----------------------
Epoch 80/100
Training statistic: Loss: 0.5539, train_score: {'accuracy': 0.8715848767635339, 'balanced_accuracy': 0.8626163042060924, 'f1_macro': 0.8683317961455185, 'f1_micro': 0.8715848767635339, 'f1_weighted': 0.870967957500315, 'precision_macro': 0.8756211311513604, 'precision_micro': 0.8715848767635339, 'precision_weighted': 0.8721639698647725, 'recall_macro': 0.8626163042060924, 'recall_micro': 0.8715848767635339, 'recall_weighted': 0.8715848767635339}
Validation statistic: Loss: 0.2470, dev_score: {'accuracy': 0.9381733797447372, 'balanced_accuracy': 0.9370677695025247, 'f1_macro': 0.9376430240615161, 'f1_micro': 0.9381733797447372, 'f1_weighted': 0.9382416027667028, 'precision_macro': 0.9387743941371829, 'precision_micro': 0.9381733797447372, 'precision_weighted': 0.9388410009004732, 'recall_macro': 0.9370677695025247, 'recall_micro': 0.9381733797447372, 'recall_weighted': 0.9381733797447372}
-----------------------
Epoch 81/100
Training statistic: Loss: 0.5519, train_score: {'accuracy': 0.8707996417770971, 'balanced_accuracy': 0.860465013081958, 'f1_macro': 0.8675134172699502, 'f1_micro': 0.8707996417770971, 'f1_weighted': 0.8700935621835326, 'precision_macro': 0.8768811057796979, 'precision_micro': 0.8707996417770971, 'precision_weighted': 0.8719407728464436, 'recall_macro': 0.860465013081958, 'recall_micro': 0.8707996417770971, 'recall_weighted': 0.8707996417770971}
Validation statistic: Loss: 0.2479, dev_score: {'accuracy': 0.9373446046742914, 'balanced_accuracy': 0.9360216777677717, 'f1_macro': 0.9368698159215165, 'f1_micro': 0.9373446046742914, 'f1_weighted': 0.9374370098227113, 'precision_macro': 0.938768293834087, 'precision_micro': 0.9373446046742914, 'precision_weighted': 0.9385363234171941, 'recall_macro': 0.9360216777677717, 'recall_micro': 0.9373446046742914, 'recall_weighted': 0.9373446046742914}
-----------------------
Epoch 82/100
Training statistic: Loss: 0.5488, train_score: {'accuracy': 0.8715070022194245, 'balanced_accuracy': 0.8635286997949772, 'f1_macro': 0.8683831356962062, 'f1_micro': 0.8715070022194245, 'f1_weighted': 0.8709372808326646, 'precision_macro': 0.8746251649837603, 'precision_micro': 0.8715070022194245, 'precision_weighted': 0.8718557512274876, 'recall_macro': 0.8635286997949772, 'recall_micro': 0.8715070022194245, 'recall_weighted': 0.8715070022194245}
Validation statistic: Loss: 0.2417, dev_score: {'accuracy': 0.9386706447870048, 'balanced_accuracy': 0.9376455482147777, 'f1_macro': 0.9382295415966428, 'f1_micro': 0.9386706447870048, 'f1_weighted': 0.9387383843427517, 'precision_macro': 0.9394617120458715, 'precision_micro': 0.9386706447870048, 'precision_weighted': 0.9394314366792759, 'recall_macro': 0.9376455482147777, 'recall_micro': 0.9386706447870048, 'recall_weighted': 0.9386706447870048}
Saving model...
Model saved!
-------------------------------------------
-----------------------
Epoch 83/100
Training statistic: Loss: 0.5479, train_score: {'accuracy': 0.8700598336080574, 'balanced_accuracy': 0.8602283055578115, 'f1_macro': 0.8664683417113397, 'f1_micro': 0.8700598336080574, 'f1_weighted': 0.8693092549137954, 'precision_macro': 0.8751574095453462, 'precision_micro': 0.8700598336080574, 'precision_weighted': 0.871061504554254, 'recall_macro': 0.8602283055578115, 'recall_micro': 0.8700598336080574, 'recall_weighted': 0.8700598336080574}
Validation statistic: Loss: 0.2433, dev_score: {'accuracy': 0.9386706447870048, 'balanced_accuracy': 0.9374964594783636, 'f1_macro': 0.9382200206834769, 'f1_micro': 0.9386706447870048, 'f1_weighted': 0.9387356617615465, 'precision_macro': 0.9398694927102802, 'precision_micro': 0.9386706447870048, 'precision_weighted': 0.9396892178487884, 'recall_macro': 0.9374964594783636, 'recall_micro': 0.9386706447870048, 'recall_weighted': 0.9386706447870048}
-----------------------
Epoch 84/100
Training statistic: Loss: 0.5519, train_score: {'accuracy': 0.8718639272132594, 'balanced_accuracy': 0.8625093965774726, 'f1_macro': 0.8681162584856791, 'f1_micro': 0.8718639272132594, 'f1_weighted': 0.8711405584743149, 'precision_macro': 0.8758786149359186, 'precision_micro': 0.8718639272132594, 'precision_weighted': 0.8725327652286774, 'recall_macro': 0.8625093965774726, 'recall_micro': 0.8718639272132594, 'recall_weighted': 0.8718639272132594}
Validation statistic: Loss: 0.2480, dev_score: {'accuracy': 0.9365158296038455, 'balanced_accuracy': 0.9352328668210032, 'f1_macro': 0.9359901120724435, 'f1_micro': 0.9365158296038455, 'f1_weighted': 0.9365866443321565, 'precision_macro': 0.9377921559197304, 'precision_micro': 0.9365158296038455, 'precision_weighted': 0.9376610389471125, 'recall_macro': 0.9352328668210032, 'recall_micro': 0.9365158296038455, 'recall_weighted': 0.9365158296038455}
-----------------------
Epoch 85/100
Training statistic: Loss: 0.5506, train_score: {'accuracy': 0.8711825249523019, 'balanced_accuracy': 0.8617320440776, 'f1_macro': 0.8674568831978785, 'f1_micro': 0.8711825249523019, 'f1_weighted': 0.8705308249875361, 'precision_macro': 0.8750406999058636, 'precision_micro': 0.8711825249523019, 'precision_weighted': 0.871744982088031, 'recall_macro': 0.8617320440776, 'recall_micro': 0.8711825249523019, 'recall_weighted': 0.8711825249523019}
Validation statistic: Loss: 0.2465, dev_score: {'accuracy': 0.9386706447870048, 'balanced_accuracy': 0.937263471983465, 'f1_macro': 0.9381108634088552, 'f1_micro': 0.9386706447870048, 'f1_weighted': 0.93877353411588, 'precision_macro': 0.9400853395807264, 'precision_micro': 0.9386706447870048, 'precision_weighted': 0.9399562788641216, 'recall_macro': 0.937263471983465, 'recall_micro': 0.9386706447870048, 'recall_weighted': 0.9386706447870048}
-----------------------
Epoch 86/100
Training statistic: Loss: 0.5460, train_score: {'accuracy': 0.8725842667462718, 'balanced_accuracy': 0.8638525167761155, 'f1_macro': 0.8692146877881661, 'f1_micro': 0.8725842667462718, 'f1_weighted': 0.8720544552750404, 'precision_macro': 0.8762718383251196, 'precision_micro': 0.8725842667462718, 'precision_weighted': 0.8731739230034068, 'recall_macro': 0.8638525167761155, 'recall_micro': 0.8725842667462718, 'recall_weighted': 0.8725842667462718}
Validation statistic: Loss: 0.2412, dev_score: {'accuracy': 0.9371788496602023, 'balanced_accuracy': 0.9358912424035024, 'f1_macro': 0.9366975278468639, 'f1_micro': 0.9371788496602023, 'f1_weighted': 0.9373044360006015, 'precision_macro': 0.9385088453929958, 'precision_micro': 0.9371788496602023, 'precision_weighted': 0.9383941508738303, 'recall_macro': 0.9358912424035024, 'recall_micro': 0.9371788496602023, 'recall_weighted': 0.9371788496602023}
Saving model...
Model saved!
-------------------------------------------
-----------------------
Epoch 87/100
Training statistic: Loss: 0.5477, train_score: {'accuracy': 0.8728438485599699, 'balanced_accuracy': 0.8633472911939579, 'f1_macro': 0.869465478156495, 'f1_micro': 0.8728438485599699, 'f1_weighted': 0.8721904279815242, 'precision_macro': 0.8773068069692711, 'precision_micro': 0.8728438485599699, 'precision_weighted': 0.87339100988008, 'recall_macro': 0.8633472911939579, 'recall_micro': 0.8728438485599699, 'recall_weighted': 0.8728438485599699}
Validation statistic: Loss: 0.2414, dev_score: {'accuracy': 0.9380076247306481, 'balanced_accuracy': 0.9368265340643758, 'f1_macro': 0.937492743000368, 'f1_micro': 0.9380076247306481, 'f1_weighted': 0.9380832671745611, 'precision_macro': 0.9388822781090452, 'precision_micro': 0.9380076247306481, 'precision_weighted': 0.9388513050327584, 'recall_macro': 0.9368265340643758, 'recall_micro': 0.9380076247306481, 'recall_weighted': 0.9380076247306481}
-----------------------
Epoch 88/100
Training statistic: Loss: 0.5470, train_score: {'accuracy': 0.8717471153970953, 'balanced_accuracy': 0.8626819201619307, 'f1_macro': 0.8686844212074712, 'f1_micro': 0.8717471153970953, 'f1_weighted': 0.8710924515139212, 'precision_macro': 0.876534935661198, 'precision_micro': 0.8717471153970953, 'precision_weighted': 0.8724799952855232, 'recall_macro': 0.8626819201619307, 'recall_micro': 0.8717471153970953, 'recall_weighted': 0.8717471153970953}
Validation statistic: Loss: 0.2408, dev_score: {'accuracy': 0.9386706447870048, 'balanced_accuracy': 0.9374549708978106, 'f1_macro': 0.9381372708919992, 'f1_micro': 0.9386706447870048, 'f1_weighted': 0.938749227146711, 'precision_macro': 0.9394947481060323, 'precision_micro': 0.9386706447870048, 'precision_weighted': 0.9394760812685417, 'recall_macro': 0.9374549708978106, 'recall_micro': 0.9386706447870048, 'recall_weighted': 0.9386706447870048}
Saving model...
Model saved!
-------------------------------------------
-----------------------
Epoch 89/100
Training statistic: Loss: 0.5454, train_score: {'accuracy': 0.8722662790244915, 'balanced_accuracy': 0.8626335769027144, 'f1_macro': 0.8691539141615847, 'f1_micro': 0.8722662790244915, 'f1_weighted': 0.8716585398287666, 'precision_macro': 0.8774104492539696, 'precision_micro': 0.8722662790244915, 'precision_weighted': 0.8729821121531758, 'recall_macro': 0.8626335769027144, 'recall_micro': 0.8722662790244915, 'recall_weighted': 0.8722662790244915}
Validation statistic: Loss: 0.2410, dev_score: {'accuracy': 0.9386706447870048, 'balanced_accuracy': 0.9374896219901604, 'f1_macro': 0.9381535052808779, 'f1_micro': 0.9386706447870048, 'f1_weighted': 0.9387580241755046, 'precision_macro': 0.9395712422720633, 'precision_micro': 0.9386706447870048, 'precision_weighted': 0.9395714778218284, 'recall_macro': 0.9374896219901604, 'recall_micro': 0.9386706447870048, 'recall_weighted': 0.9386706447870048}
-----------------------
Epoch 90/100
Training statistic: Loss: 0.5493, train_score: {'accuracy': 0.87109816086285, 'balanced_accuracy': 0.8619690576922802, 'f1_macro': 0.8674171942999056, 'f1_micro': 0.87109816086285, 'f1_weighted': 0.8703541948754047, 'precision_macro': 0.875412261105121, 'precision_micro': 0.87109816086285, 'precision_weighted': 0.872103722341758, 'recall_macro': 0.8619690576922802, 'recall_micro': 0.87109816086285, 'recall_weighted': 0.87109816086285}
Validation statistic: Loss: 0.2438, dev_score: {'accuracy': 0.938836399801094, 'balanced_accuracy': 0.9375003760834562, 'f1_macro': 0.9383427181109667, 'f1_micro': 0.938836399801094, 'f1_weighted': 0.9389072450504959, 'precision_macro': 0.9403535314327695, 'precision_micro': 0.938836399801094, 'precision_weighted': 0.9401047664293053, 'recall_macro': 0.9375003760834562, 'recall_micro': 0.938836399801094, 'recall_weighted': 0.938836399801094}
-----------------------
Epoch 91/100
Training statistic: Loss: 0.5505, train_score: {'accuracy': 0.8719742494840812, 'balanced_accuracy': 0.8619192755225343, 'f1_macro': 0.8684552705541083, 'f1_micro': 0.8719742494840812, 'f1_weighted': 0.871326513295435, 'precision_macro': 0.8768262722591874, 'precision_micro': 0.8719742494840812, 'precision_weighted': 0.8726106384978907, 'recall_macro': 0.8619192755225343, 'recall_micro': 0.8719742494840812, 'recall_weighted': 0.8719742494840812}
Validation statistic: Loss: 0.2433, dev_score: {'accuracy': 0.9399966848997182, 'balanced_accuracy': 0.9389981526962219, 'f1_macro': 0.939635838627195, 'f1_micro': 0.9399966848997182, 'f1_weighted': 0.9401015262828174, 'precision_macro': 0.9411825728084434, 'precision_micro': 0.9399966848997182, 'precision_weighted': 0.941076886877301, 'recall_macro': 0.9389981526962219, 'recall_micro': 0.9399966848997182, 'recall_weighted': 0.9399966848997182}
-----------------------
Epoch 92/100
Training statistic: Loss: 0.5438, train_score: {'accuracy': 0.8731553467364076, 'balanced_accuracy': 0.8644889398019835, 'f1_macro': 0.8699117172530191, 'f1_micro': 0.8731553467364076, 'f1_weighted': 0.8725432129131682, 'precision_macro': 0.8771983834460867, 'precision_micro': 0.8731553467364076, 'precision_weighted': 0.8738602077604181, 'recall_macro': 0.8644889398019835, 'recall_micro': 0.8731553467364076, 'recall_weighted': 0.8731553467364076}
Validation statistic: Loss: 0.2384, dev_score: {'accuracy': 0.938836399801094, 'balanced_accuracy': 0.9377700135038467, 'f1_macro': 0.9384666570377262, 'f1_micro': 0.938836399801094, 'f1_weighted': 0.9389753947461855, 'precision_macro': 0.9400373105551596, 'precision_micro': 0.938836399801094, 'precision_weighted': 0.9399559306913694, 'recall_macro': 0.9377700135038467, 'recall_micro': 0.938836399801094, 'recall_weighted': 0.938836399801094}
Saving model...
Model saved!
-------------------------------------------
-----------------------
Epoch 93/100
Training statistic: Loss: 0.5460, train_score: {'accuracy': 0.874148247173803, 'balanced_accuracy': 0.8642600156261228, 'f1_macro': 0.8710366412396711, 'f1_micro': 0.874148247173803, 'f1_weighted': 0.8734564080366735, 'precision_macro': 0.8795766655292683, 'precision_micro': 0.874148247173803, 'precision_weighted': 0.8747482550244784, 'recall_macro': 0.8642600156261228, 'recall_micro': 0.874148247173803, 'recall_weighted': 0.874148247173803}
Validation statistic: Loss: 0.2419, dev_score: {'accuracy': 0.9396651748715399, 'balanced_accuracy': 0.9384369861940034, 'f1_macro': 0.9391951226041074, 'f1_micro': 0.9396651748715399, 'f1_weighted': 0.9397392769768392, 'precision_macro': 0.9406044501752817, 'precision_micro': 0.9396651748715399, 'precision_weighted': 0.9404319847651229, 'recall_macro': 0.9384369861940034, 'recall_micro': 0.9396651748715399, 'recall_weighted': 0.9396651748715399}
-----------------------
Epoch 94/100
Training statistic: Loss: 0.5438, train_score: {'accuracy': 0.8737264267265435, 'balanced_accuracy': 0.864599223564736, 'f1_macro': 0.8700845731361528, 'f1_micro': 0.8737264267265435, 'f1_weighted': 0.8730522325552779, 'precision_macro': 0.8773242549537826, 'precision_micro': 0.8737264267265435, 'precision_weighted': 0.8742012730852745, 'recall_macro': 0.864599223564736, 'recall_micro': 0.8737264267265435, 'recall_weighted': 0.8737264267265435}
Validation statistic: Loss: 0.2411, dev_score: {'accuracy': 0.939830929885629, 'balanced_accuracy': 0.9388189341253126, 'f1_macro': 0.9394489641188979, 'f1_micro': 0.939830929885629, 'f1_weighted': 0.9399143896229865, 'precision_macro': 0.9407883545200025, 'precision_micro': 0.939830929885629, 'precision_weighted': 0.9406810225062228, 'recall_macro': 0.9388189341253126, 'recall_micro': 0.939830929885629, 'recall_weighted': 0.939830929885629}
-----------------------
Epoch 95/100
Training statistic: Loss: 0.5422, train_score: {'accuracy': 0.8731813049177775, 'balanced_accuracy': 0.8623463530654959, 'f1_macro': 0.870187087460882, 'f1_micro': 0.8731813049177775, 'f1_weighted': 0.8725058637937462, 'precision_macro': 0.8800205515261276, 'precision_micro': 0.8731813049177775, 'precision_weighted': 0.874139034152948, 'recall_macro': 0.8623463530654959, 'recall_micro': 0.8731813049177775, 'recall_weighted': 0.8731813049177775}
Validation statistic: Loss: 0.2401, dev_score: {'accuracy': 0.9403281949278965, 'balanced_accuracy': 0.9391269529666489, 'f1_macro': 0.9397812282222635, 'f1_micro': 0.9403281949278965, 'f1_weighted': 0.9403526960423045, 'precision_macro': 0.9412740936241576, 'precision_micro': 0.9403281949278965, 'precision_weighted': 0.9411761677042882, 'recall_macro': 0.9391269529666489, 'recall_micro': 0.9403281949278965, 'recall_weighted': 0.9403281949278965}
-----------------------
Epoch 96/100
Training statistic: Loss: 0.5415, train_score: {'accuracy': 0.8750567835217464, 'balanced_accuracy': 0.8652851752370662, 'f1_macro': 0.8721579552106279, 'f1_micro': 0.8750567835217464, 'f1_weighted': 0.874477076918429, 'precision_macro': 0.8805191972241093, 'precision_micro': 0.8750567835217464, 'precision_weighted': 0.8755888721182439, 'recall_macro': 0.8652851752370662, 'recall_micro': 0.8750567835217464, 'recall_weighted': 0.8750567835217464}
Validation statistic: Loss: 0.2392, dev_score: {'accuracy': 0.9406597049560749, 'balanced_accuracy': 0.9394898423650441, 'f1_macro': 0.9401303825993755, 'f1_micro': 0.9406597049560749, 'f1_weighted': 0.940702712800606, 'precision_macro': 0.9414163112169325, 'precision_micro': 0.9406597049560749, 'precision_weighted': 0.9413608337869617, 'recall_macro': 0.9394898423650441, 'recall_micro': 0.9406597049560749, 'recall_weighted': 0.9406597049560749}
-----------------------
Epoch 97/100
Training statistic: Loss: 0.5409, train_score: {'accuracy': 0.8753617921528418, 'balanced_accuracy': 0.866594569063843, 'f1_macro': 0.8722159119401743, 'f1_micro': 0.8753617921528418, 'f1_weighted': 0.8747932827791887, 'precision_macro': 0.8792583103003533, 'precision_micro': 0.8753617921528418, 'precision_weighted': 0.8758387909532329, 'recall_macro': 0.866594569063843, 'recall_micro': 0.8753617921528418, 'recall_weighted': 0.8753617921528418}
Validation statistic: Loss: 0.2380, dev_score: {'accuracy': 0.939830929885629, 'balanced_accuracy': 0.9385648126502456, 'f1_macro': 0.9393587390969097, 'f1_micro': 0.939830929885629, 'f1_weighted': 0.9399162827331289, 'precision_macro': 0.9408544687605239, 'precision_micro': 0.939830929885629, 'precision_weighted': 0.9406735052775387, 'recall_macro': 0.9385648126502456, 'recall_micro': 0.939830929885629, 'recall_weighted': 0.939830929885629}
Saving model...
Model saved!
-------------------------------------------
-----------------------
Epoch 98/100
Training statistic: Loss: 0.5380, train_score: {'accuracy': 0.8745570885303776, 'balanced_accuracy': 0.8648970910133169, 'f1_macro': 0.8714243493929011, 'f1_micro': 0.8745570885303776, 'f1_weighted': 0.8739308907343669, 'precision_macro': 0.8798826015667298, 'precision_micro': 0.8745570885303776, 'precision_weighted': 0.8753849651566679, 'recall_macro': 0.8648970910133169, 'recall_micro': 0.8745570885303776, 'recall_weighted': 0.8745570885303776}
Validation statistic: Loss: 0.2364, dev_score: {'accuracy': 0.938836399801094, 'balanced_accuracy': 0.9376957082638695, 'f1_macro': 0.9382970804312661, 'f1_micro': 0.938836399801094, 'f1_weighted': 0.9388670443997075, 'precision_macro': 0.9394402604895451, 'precision_micro': 0.938836399801094, 'precision_weighted': 0.9394170863701676, 'recall_macro': 0.9376957082638695, 'recall_micro': 0.938836399801094, 'recall_weighted': 0.938836399801094}
Saving model...
Model saved!
-------------------------------------------
-----------------------
Epoch 99/100
Training statistic: Loss: 0.5418, train_score: {'accuracy': 0.8745181512583229, 'balanced_accuracy': 0.8656481368091062, 'f1_macro': 0.8713599819662082, 'f1_micro': 0.8745181512583229, 'f1_weighted': 0.8738927609430486, 'precision_macro': 0.8787857424796224, 'precision_micro': 0.8745181512583229, 'precision_weighted': 0.8751401122599888, 'recall_macro': 0.8656481368091062, 'recall_micro': 0.8745181512583229, 'recall_weighted': 0.8745181512583229}
Validation statistic: Loss: 0.2380, dev_score: {'accuracy': 0.9383391347588265, 'balanced_accuracy': 0.9371226402672408, 'f1_macro': 0.9378021492565649, 'f1_micro': 0.9383391347588265, 'f1_weighted': 0.9384038018998211, 'precision_macro': 0.9393750145567236, 'precision_micro': 0.9383391347588265, 'precision_weighted': 0.9393297413559554, 'recall_macro': 0.9371226402672408, 'recall_micro': 0.9383391347588265, 'recall_weighted': 0.9383391347588265}
-----------------------
Epoch 100/100
Training statistic: Loss: 0.5414, train_score: {'accuracy': 0.8765428894051682, 'balanced_accuracy': 0.8687807859226527, 'f1_macro': 0.87335864790414, 'f1_micro': 0.8765428894051682, 'f1_weighted': 0.875920624021579, 'precision_macro': 0.8794348683059278, 'precision_micro': 0.8765428894051682, 'precision_weighted': 0.8769060886140889, 'recall_macro': 0.8687807859226527, 'recall_micro': 0.8765428894051682, 'recall_weighted': 0.8765428894051682}
Validation statistic: Loss: 0.2331, dev_score: {'accuracy': 0.94165423504061, 'balanced_accuracy': 0.9404749585358795, 'f1_macro': 0.9410356957333785, 'f1_micro': 0.94165423504061, 'f1_weighted': 0.9416443239542875, 'precision_macro': 0.9420060696131458, 'precision_micro': 0.94165423504061, 'precision_weighted': 0.9420241490388459, 'recall_macro': 0.9404749585358795, 'recall_micro': 0.94165423504061, 'recall_weighted': 0.94165423504061}
Saving model...
Model saved!
-------------------------------------------
Testing statistic: loss: 0.24228876973133034, scores: {'accuracy': 0.9398359161349134, 'balanced_accuracy': 0.9396710116057797, 'f1_macro': 0.9400392349112433, 'f1_micro': 0.9398359161349134, 'f1_weighted': 0.9400332747449264, 'precision_macro': 0.9411209077621459, 'precision_micro': 0.9398359161349134, 'precision_weighted': 0.9409375851820857, 'recall_macro': 0.9396710116057797, 'recall_micro': 0.9398359161349134, 'recall_weighted': 0.9398359161349134}
Finish training!
