global_round,train_loss,train_accuracy,train_f1_macro,train_f1_micro,train_f1_weighted,dev_loss,dev_accuracy,dev_f1_macro,dev_f1_micro,dev_f1_weighted,test_loss,test_accuracy,test_f1_macro,test_f1_micro,test_f1_weighted
1,0.6403009714842504,0.723547149122807,0.45810455850088433,0.723547149122807,0.7122829547315567,0.6376988134886089,0.7267680921052632,0.4589497342136436,0.7267680921052632,0.7155570209505107,0.6308286105603774,0.7260139583315405,0.4581184619954553,0.7260139583315405,0.7135447829361514
2,0.615422970425279,0.7322938307940905,0.48779268451635344,0.7322938307940905,0.7213556175657737,0.614364134637933,0.7348889802631579,0.4782580251346617,0.7348889802631579,0.7236045497578373,0.6023213587926435,0.7370377701092055,0.4921145625160439,0.7370377701092055,0.7252468980027124
3,0.5983300641633137,0.7407663896583564,0.5133592692657759,0.7407663896583564,0.7307254631306983,0.5979627872768202,0.7412623355263158,0.5054979166441925,0.7412623355263158,0.7309813343509909,0.5816504152834923,0.7465900191905545,0.517854256640366,0.7465900191905545,0.7354807123328986
4,0.5824125575336834,0.7468006982917821,0.5411596900389065,0.7468006982917821,0.7387829699451955,0.582784420565555,0.745374177631579,0.5393025967945239,0.745374177631579,0.7374737769580378,0.5621905410713347,0.7555829023347074,0.5516009104599666,0.7555829023347074,0.7470020978051116
5,0.5694575301222744,0.753210122345337,0.5404218276570658,0.753210122345337,0.7446406421647307,0.5706383240850348,0.7520559210526315,0.534918326652192,0.7520559210526315,0.7434167431625023,0.5471231445349415,0.7630267721143171,0.551992105235336,0.7630267721143171,0.7537681785262754
6,0.5598915124643983,0.756371551823638,0.557701402584525,0.756371551823638,0.7487773228561783,0.5632967886171842,0.7523643092105263,0.5520907033738353,0.7523643092105263,0.7443882374949505,0.5359660956433503,0.7668734886362658,0.5664676775297423,0.7668734886362658,0.7584950137101685
7,0.550083931022954,0.761278710757156,0.5796842402908566,0.761278710757156,0.7549684024882966,0.5522885887246383,0.7562705592105263,0.5726773264947231,0.7562705592105263,0.7495983253253261,0.5230629580588806,0.7735772742528162,0.5899850554733197,0.7735772742528162,0.7665876379357665
8,0.5390351222327542,0.7654626904432132,0.6050572984512943,0.7654626904432132,0.7597307437000026,0.541821699393423,0.7630550986842105,0.621732672970653,0.7630550986842105,0.7577169525733758,0.5107845460296628,0.778499694500142,0.6136801815775691,0.778499694500142,0.772380836423098
9,0.530318886206751,0.7700217855493998,0.6191043380683626,0.7700217855493998,0.7654691272079271,0.532403406343962,0.7672697368421053,0.6289792348196934,0.7672697368421053,0.7627150146965882,0.5002598740912493,0.7838437906078156,0.6322482079030047,0.7838437906078156,0.7790893419421819
10,0.5202511288122457,0.7741155932594644,0.6308401803117578,0.7741155932594644,0.7690845997545982,0.5241387988391676,0.7734375,0.6450702174364363,0.7734375,0.768484643822549,0.49025229163312783,0.7863222119910845,0.6420274505093675,0.7863222119910845,0.7811603623418517
11,0.5121390481624797,0.7781426737072945,0.6555248694164926,0.7781426737072945,0.7744799608384616,0.5172431092513236,0.7739514802631579,0.6609012811220893,0.7739514802631579,0.7700449737691181,0.4804374526480837,0.7913220829066375,0.6687005697755799,0.7913220829066375,0.7877366941145082
12,0.5062183781508924,0.7807684816481995,0.659689191681245,0.7807684816481995,0.7772028016552937,0.5111143071400491,0.7768297697368421,0.6642519999300782,0.7768297697368421,0.7732425062397,0.4730585932882431,0.7952032219477982,0.6776894855575959,0.7952032219477982,0.7917355482855668
13,0.49967143539466574,0.7841246825946445,0.6607963079130431,0.7841246825946445,0.780762140175226,0.5049689584656766,0.78125,0.6624450553164877,0.78125,0.7775386862742417,0.4665355056473753,0.7983614880855056,0.6716359310757314,0.7983614880855056,0.7949405895898191
14,0.49503379716217133,0.786645891043398,0.6677598956117837,0.786645891043398,0.7834058755108712,0.5010735847448048,0.7817639802631579,0.667152377823952,0.7817639802631579,0.7782660511390499,0.4615041286990194,0.8015541767424249,0.6809690816190436,0.8015541767424249,0.7983482511865545
15,0.4886192266630664,0.7895836940212373,0.6840286409222472,0.7895836940212373,0.787211332610449,0.493275722390727,0.783922697368421,0.6846936890684392,0.783922697368421,0.7814984154450934,0.45364920925544394,0.8048759498463895,0.7026724212955878,0.8048759498463895,0.802471673492008
16,0.48394263310775865,0.7917297870498615,0.6812808373910914,0.7917297870498615,0.7886544116657372,0.48990840974606964,0.787109375,0.6742362673593718,0.787109375,0.7836581239863185,0.4495058594201958,0.806657315215614,0.6982079505391176,0.806657315215614,0.8036483807204344
17,0.47951937291430635,0.7938993247922438,0.6812859738654099,0.7938993247922438,0.7910145677036382,0.48591336607933044,0.7906044407894737,0.6888346175281014,0.7906044407894737,0.7877762201946436,0.443837424048101,0.8094541449015946,0.7015011131638581,0.8094541449015946,0.8065599772390513
18,0.47569217113906986,0.7967307248384118,0.7012241452140173,0.7967307248384118,0.7945093820344958,0.48175933957099915,0.791015625,0.6923271838106583,0.791015625,0.7886890509025034,0.4391571591011995,0.8124144815538326,0.7208081853317727,0.8124144815538326,0.8102662717423873
19,0.4714413788565198,0.7989038694598338,0.6994477079837526,0.7989038694598338,0.796667855101433,0.47786434857468857,0.7948190789473685,0.6990673604950469,0.7948190789473685,0.7925184511199403,0.4358389386939679,0.8135504246878308,0.7189450344230683,0.8135504246878308,0.8114202711790042
20,0.46778142223838076,0.8008010878347184,0.7074147214973134,0.8008010878347184,0.7986864135099483,0.4746928042487094,0.7966694078947368,0.7038264446435089,0.7966694078947368,0.7943681946777802,0.43125655616638653,0.8165279725996747,0.7303445393103635,0.8165279725996747,0.8145400520264701
21,0.46227934329133286,0.8038543109418282,0.7137314787330673,0.8038543109418282,0.8019139891074484,0.46954215357178136,0.7980057565789473,0.7102917264907564,0.7980057565789473,0.7959876215849785,0.4243183402628158,0.8210717451356677,0.7368296384128162,0.8210717451356677,0.8193369858198901
22,0.45909112639594496,0.804943588411819,0.71563905157845,0.804943588411819,0.8026462832707328,0.46621267575966685,0.8001644736842105,0.7094925739399505,0.8001644736842105,0.7978105301817466,0.4204754887565931,0.8219839418947875,0.7427760182131331,0.8219839418947875,0.8199218089236193
23,0.45649544554844235,0.8065991458910434,0.7191122954648789,0.8065991458910434,0.8046869983439582,0.4631736764782353,0.8011924342105263,0.7123314856455353,0.8011924342105263,0.7990002979365365,0.4182747470404957,0.8242988563117992,0.7468295680986615,0.8242988563117992,0.8225893434453118
24,0.45303066541283415,0.8081392832409973,0.719866205317916,0.8081392832409973,0.8063932202368932,0.45952228182240534,0.7993421052631579,0.711384557718705,0.7993421052631579,0.7974441741193857,0.41291608666536134,0.8253573487775703,0.747443061013187,0.8253573487775703,0.8238651990365092
25,0.45082653020117314,0.810400796398892,0.7269650697148639,0.810400796398892,0.8086322939757458,0.4581196433619449,0.8044819078947368,0.7215619233764601,0.8044819078947368,0.802507582737932,0.4121485579602982,0.827715291343597,0.7513585376585119,0.827715291343597,0.8261143472264821
26,0.447348858455982,0.8111961132271468,0.7273014134444795,0.8111961132271468,0.8095454492513598,0.4542924134354842,0.8045847039473685,0.7198869672244651,0.8045847039473685,0.802788699051719,0.4073991040319668,0.8290491639630646,0.751805973298108,0.8290491639630646,0.8275490420667707
27,0.4457848834033818,0.8118705996075716,0.72311744292458,0.8118705996075716,0.8097900293394242,0.4535778745224601,0.8048930921052632,0.7194214130574398,0.8048930921052632,0.8027734275588639,0.40717324827393075,0.8293159384869582,0.7496060146626593,0.8293159384869582,0.8274908768785764
28,0.4414629060035487,0.8147488890812558,0.7357136721474236,0.8147488890812558,0.8131886004688537,0.44958674123412684,0.807360197368421,0.7302062583635324,0.807360197368421,0.8056270937613699,0.4018911737318547,0.8324139652160444,0.7607349494005023,0.8324139652160444,0.8310582758338959
29,0.4395498234919674,0.8145793657663897,0.7297837950463314,0.8145793657663897,0.8128021117988932,0.44777115395194605,0.809313322368421,0.7250832898976716,0.809313322368421,0.8074900149972691,0.39976123751574727,0.8321471906921508,0.751648596482697,0.8321471906921508,0.8305850417846764
30,0.43837834915295865,0.8158057046398892,0.7348285128052238,0.8158057046398892,0.814178064162367,0.44621758241402476,0.810546875,0.727034495998307,0.810546875,0.8087377592840768,0.3975907484152963,0.8341436968064507,0.7639430466937801,0.8341436968064507,0.83283572495043
31,0.4356004091896399,0.817248456255771,0.7365938542802376,0.817248456255771,0.815590121238684,0.4440145147474189,0.8102384868421053,0.729613607001248,0.8102384868421053,0.8084785629288179,0.3961068557383203,0.8346514289648288,0.762910615836885,0.8346514289648288,0.8332287684252342
32,0.43461989968437237,0.8175514340951062,0.7370280537998806,0.8175514340951062,0.8159972359819516,0.4419387124086681,0.8133223684210527,0.7372515133487735,0.8133223684210527,0.8117001057871952,0.3939957593458999,0.8358906396564633,0.7652047805944787,0.8358906396564633,0.8345692545364605
33,0.4324033635419932,0.8192033846952909,0.7404660822761009,0.8192033846952909,0.8177843163924395,0.4409869830859335,0.8115748355263158,0.7342412136225578,0.8115748355263158,0.8099230923587265,0.39151468316309435,0.8375429205786425,0.7686934135177744,0.8375429205786425,0.8363739663764052
34,0.4292190820391489,0.8190897680055401,0.7387470856865631,0.8190897680055401,0.8175447044258606,0.4377998035205038,0.8122944078947368,0.7323725674681949,0.8122944078947368,0.8105727197809283,0.3886865478756557,0.8375601318382486,0.7678649265773034,0.8375601318382486,0.8363026568440766
35,0.42962554438402556,0.819897708910434,0.7399593387064014,0.819897708910434,0.8185375490197367,0.43714933646352666,0.813733552631579,0.7338817409433102,0.813733552631579,0.8122123340256081,0.3877988764463911,0.8383690610397322,0.765621652677302,0.8383690610397322,0.8372704985901714
36,0.4269142465963478,0.8209581313481071,0.7433991151763681,0.8209581313481071,0.8195057534492084,0.43533449894503545,0.8142475328947368,0.7382571461020422,0.8142475328947368,0.8126376250402715,0.38508536558883183,0.839238229649837,0.7712435455417291,0.839238229649837,0.8380442894693426
37,0.4257834546288625,0.8213837430747922,0.7427043355324903,0.8213837430747922,0.8198763446954738,0.4336271803630026,0.8146587171052632,0.7424892578069057,0.8146587171052632,0.8131052839190019,0.38359408235958836,0.8402278770771839,0.7730840692480435,0.8402278770771839,0.8390031678762847
38,0.4229962187625695,0.8225487650046168,0.7479439641515523,0.8225487650046168,0.821260383825806,0.43112791839398834,0.8142475328947368,0.7442863089216404,0.8142475328947368,0.8127822736996108,0.38038890641853806,0.8412261301343339,0.7788721656376578,0.8412261301343339,0.8402332463264105
39,0.42152202943905787,0.8231709516389658,0.749285465554645,0.8231709516389658,0.8219424224946426,0.4306920013929668,0.813219572368421,0.7360209085578082,0.813219572368421,0.8118709484667743,0.3788718267013824,0.8425772140134076,0.7800659775931555,0.8425772140134076,0.8415961993619423
40,0.4207436066199978,0.8238508483379502,0.7496635994190975,0.8238508483379502,0.8224644461322461,0.42997722876699346,0.8170230263157895,0.7468595317751382,0.8170230263157895,0.815638428081181,0.378281617826709,0.843257058767846,0.7821987449146679,0.843257058767846,0.842204426052645
41,0.42020251521443397,0.8243197426131117,0.748566542247097,0.8243197426131117,0.8229313256213711,0.42822005874232244,0.8184621710526315,0.7451513911247378,0.8184621710526315,0.8170033303308931,0.37922891149648863,0.8427235097200588,0.7771779166728331,0.8427235097200588,0.8415382552743602
42,0.4169240555384593,0.8255424746075716,0.7490402170186942,0.8255424746075716,0.8239473612133696,0.4251298088776438,0.8174342105263158,0.7446613338436847,0.8174342105263158,0.8157819164600422,0.37462340765356067,0.8444962694594804,0.7799021955779484,0.8444962694594804,0.8432182472537073
43,0.4168367428792811,0.8260402239150508,0.7516803100492873,0.8260402239150508,0.8248100500976023,0.4240134091753709,0.8196957236842105,0.7501511606477339,0.8196957236842105,0.8183868963062764,0.37398540418615817,0.8454170718484032,0.7814762788422307,0.8454170718484032,0.8444027859979876
44,0.4156992118169286,0.8265181353878116,0.7520530314169989,0.8265181353878116,0.8252821580713802,0.42342172484648855,0.819078947368421,0.7500922830176479,0.819078947368421,0.8176584830329245,0.3719345910352627,0.8465616206122045,0.7855907612812516,0.8465616206122045,0.8456271384797205
45,0.414805518430576,0.8272196733610342,0.7548371892933734,0.8272196733610342,0.8261053105067744,0.42319466252076,0.8218544407894737,0.7567935419170755,0.8218544407894737,0.820621973008235,0.372097212588661,0.8465444093525984,0.7856894371756192,0.8465444093525984,0.8456859890446706
46,0.41299338136573466,0.8276795504385965,0.7530277542725938,0.8276795504385965,0.8263833496523947,0.42121498522005585,0.8205180921052632,0.7534571906019447,0.8205180921052632,0.819093591938902,0.36987777421558843,0.8465185924631894,0.7845012928292842,0.8465185924631894,0.845492663647399
47,0.41036388495402104,0.828588483956602,0.7542588947249386,0.828588483956602,0.8273560622897232,0.41823306052308334,0.822985197368421,0.7538828766697693,0.822985197368421,0.8216534023579518,0.36754074628557903,0.848291352202611,0.7878333774658375,0.848291352202611,0.8473457798897663
48,0.4111177406427713,0.8290573782317636,0.7555608717673084,0.8290573782317636,0.8278920092155821,0.4197128054342772,0.8203125,0.7559849868802512,0.8203125,0.8191095851099214,0.36940798254049706,0.8477405918952179,0.7881139898699397,0.8477405918952179,0.8468561031306165
49,0.4087177410185172,0.829650709833795,0.7576985585746504,0.829650709833795,0.828511979840696,0.41810021902385514,0.8207236842105263,0.7522279853948579,0.8207236842105263,0.8195837589446895,0.36501364052599855,0.849823154307548,0.7903316258724874,0.849823154307548,0.8489156967308598
50,0.40970495268908896,0.8303558546860572,0.7567204130539064,0.8303558546860572,0.8292107495207532,0.41941213764642415,0.8217516447368421,0.7526667588536123,0.8217516447368421,0.8205734516432281,0.3670977988404719,0.8495649854134575,0.7847032954283161,0.8495649854134575,0.8486846903589784
51,0.40727248867683025,0.8308752452677747,0.7585859306477268,0.8308752452677747,0.8295191548294298,0.4169073951871772,0.8227796052631579,0.7583897128159645,0.8227796052631579,0.8213707050729093,0.36595341497338224,0.8500296894228204,0.7880465060766884,0.8500296894228204,0.8489160053211328
52,0.4061683238047972,0.8310934614496768,0.7571469837571199,0.8310934614496768,0.8300105880005708,0.4151284035883452,0.8227796052631579,0.7525985708092735,0.8227796052631579,0.8215543213859778,0.36319747034442,0.8505632384706074,0.7900029432739408,0.8505632384706074,0.8497493271515419
53,0.40484589638252116,0.8318040166204986,0.7601125367815605,0.8318040166204986,0.8307195381412019,0.4141567318063033,0.8228824013157895,0.7495367503453289,0.8228824013157895,0.821655689991318,0.3609316402538973,0.8524650826570742,0.7931752423233639,0.8524650826570742,0.8516654549327275
54,0.40421413373638937,0.8315389110110804,0.7600607639645421,0.8315389110110804,0.8305545817160421,0.41297142129195363,0.8240131578947368,0.7607410132889199,0.8240131578947368,0.8229440734046285,0.36013312699909605,0.8519143223496811,0.7942452472489502,0.8519143223496811,0.8511661303336769
55,0.4020729284812649,0.8327526258079408,0.7607668282909807,0.8327526258079408,0.8316180104175158,0.4110201142336193,0.825452302631579,0.7555802045526461,0.825452302631579,0.8242632605834083,0.35871228837893465,0.8522499419119989,0.7924220518864852,0.8522499419119989,0.8514095327813924
56,0.40183262745759496,0.8332629991920592,0.7610549479310775,0.8332629991920592,0.8319604168442895,0.4099975181253333,0.8266858552631579,0.7582307631745809,0.8266858552631579,0.825372207586114,0.3584833071635379,0.8530588711134824,0.7911186888318974,0.8530588711134824,0.8520497373502928
57,0.40153894241166577,0.833398257156048,0.7624938749193299,0.833398257156048,0.832279173994088,0.4108956409128089,0.8265830592105263,0.7650553726651216,0.8265830592105263,0.8253458536282919,0.3571474331235783,0.8535407863824515,0.7959020885413993,0.8535407863824515,0.8527189347371972
58,0.40003808986116973,0.8344947483841182,0.7666554064114329,0.8344947483841182,0.8335892308114998,0.40959897009949936,0.8255550986842105,0.7622597082541303,0.8255550986842105,0.8245757053608828,0.35530140468938076,0.8549951378191613,0.800919014251388,0.8549951378191613,0.854321996081252
59,0.39785735723274457,0.8347364092797784,0.7645889938496514,0.8347364092797784,0.8336025218527776,0.4070647751030169,0.8269942434210527,0.763626870750848,0.8269942434210527,0.8257133851995362,0.3528684186899314,0.8555200812371453,0.798945049115409,0.8555200812371453,0.8547049121310576
60,0.398233634860892,0.835461391966759,0.767376425264084,0.835461391966759,0.8345391191641679,0.40689533321481003,0.8279194078947368,0.7589347651132158,0.8279194078947368,0.8268547811024558,0.35587769245642403,0.8550984053767975,0.7992040640451838,0.8550984053767975,0.8543457238005558
61,0.397420743605877,0.8356255049630655,0.7655671858853665,0.8356255049630655,0.8346666235441775,0.4071604876141799,0.8297697368421053,0.7664211983016956,0.8297697368421053,0.8286884183752438,0.3519438632234549,0.8564753061452802,0.8001149241249472,0.8564753061452802,0.8557973496440321
62,0.3974287479648079,0.8354163059787627,0.7654361790173858,0.8354163059787627,0.8343384161062676,0.407012087734122,0.8263774671052632,0.7620627083712892,0.8263774671052632,0.8252300547128649,0.3542094593594762,0.8545132225501924,0.7965510571570104,0.8545132225501924,0.8537112947608823
63,0.39507272740480315,0.8360673476454293,0.7632937148282828,0.8360673476454293,0.83488388588486,0.40465510362072993,0.8297697368421053,0.7625292469525077,0.8297697368421053,0.8285395919727483,0.35037995975301695,0.8560794471743415,0.7990641696469761,0.8560794471743415,0.8552220928936706
64,0.3945416660905435,0.8366354310941828,0.7692554437206377,0.8366354310941828,0.8356164935281083,0.40412269140544693,0.8279194078947368,0.7630082605846875,0.8279194078947368,0.8267555258040001,0.35108100358159955,0.856363432957841,0.8000118018988852,0.856363432957841,0.8555816200747759
65,0.39346043230313893,0.8372467970914127,0.7717814860988774,0.8372467970914127,0.8362673060893568,0.4020739119303854,0.8296669407894737,0.7681123269967554,0.8296669407894737,0.8286668615410614,0.35122826921621114,0.8564236723664621,0.8017785503863528,0.8564236723664621,0.855706865100319
66,0.39319337845288926,0.8368788954293629,0.7688722823632117,0.8368788954293629,0.8357462334879717,0.4031576639727542,0.8291529605263158,0.762292120427254,0.8291529605263158,0.8278581873285139,0.3479867390023574,0.8578263900243539,0.802452298387624,0.8578263900243539,0.856992742470121
67,0.3940292427854635,0.8371277700831025,0.7688667810492802,0.8371277700831025,0.8359970769265889,0.404114178921047,0.8296669407894737,0.7577519033804094,0.8296669407894737,0.8284768875795225,0.35253450328043584,0.8573014466063699,0.799612589229949,0.8573014466063699,0.8564172662671592
68,0.39205842348897446,0.8383811605493998,0.7710175104548954,0.8383811605493998,0.8373800286766283,0.40255352384165716,0.8326480263157895,0.770539049013348,0.8326480263157895,0.8314759644506777,0.3487215459938699,0.8586525304854435,0.803600219212343,0.8586525304854435,0.8579069260613137
69,0.39113374996933803,0.8386697108725761,0.7710483196726775,0.8386697108725761,0.8375733201232232,0.39987538205949885,0.8328536184210527,0.7678310187761761,0.8328536184210527,0.8315933157545835,0.3471818179481755,0.8586353192258376,0.8005962508488188,0.8586353192258376,0.8578316915120963
70,0.39114937244029585,0.8387400450138505,0.7704223221565937,0.8387400450138505,0.8377232963038679,0.4007730091872968,0.8297697368421053,0.7650852819011165,0.8297697368421053,0.8284929483096759,0.3466802437741979,0.8590656007159884,0.8021669066968116,0.8590656007159884,0.8582869102854451
71,0.3900838851213235,0.8396020891043398,0.7729536007286628,0.8396020891043398,0.8384391062912612,0.39878388611893906,0.8323396381578947,0.7602912534299423,0.8323396381578947,0.8310173621309946,0.34614496971916986,0.8599605862155022,0.8059917768456256,0.8599605862155022,0.8590699554053074
72,0.38894033704438036,0.8401070521698984,0.7742000365880045,0.8401070521698984,0.839203987555648,0.39984997793247823,0.8321340460526315,0.7691281021529994,0.8321340460526315,0.8311795911157983,0.3464629663085541,0.8597110229512147,0.8059831070274692,0.8597110229512147,0.8590228652122663
73,0.38850826258914734,0.840099838411819,0.7720276254340996,0.840099838411819,0.8390386296591226,0.39859574248916224,0.8322368421052632,0.7621825313706417,0.8322368421052632,0.8310976580924994,0.3431209014074368,0.8615009939502423,0.806374439377266,0.8615009939502423,0.8607114929577396
74,0.3891105057460119,0.8401701725530932,0.7709148609930205,0.8401701725530932,0.8390958736243783,0.398153891688899,0.8330592105263158,0.7674151982293704,0.8330592105263158,0.8318371233399495,0.3453782731365571,0.8607523041573798,0.8051720129515375,0.8607523041573798,0.8599964152151797
75,0.387731320392392,0.8404316712834718,0.7740136155741686,0.8404316712834718,0.839409449774138,0.3976562117275439,0.8330592105263158,0.7686111971131214,0.8330592105263158,0.8318954691115562,0.3423909730401725,0.8616042615078785,0.8088755007050645,0.8616042615078785,0.8608914084790533
76,0.3856822495260177,0.8406841528162512,0.7718242737607649,0.8406841528162512,0.8395962943876832,0.3959502436612782,0.8338815789473685,0.7705847821722818,0.8338815789473685,0.8326734504501477,0.34087794138336924,0.8614149376522121,0.8054738315720354,0.8614149376522121,0.8607003548297066
77,0.38597975083775576,0.8411223886195752,0.7738321793281591,0.8411223886195752,0.840235943676643,0.3972911928829394,0.8314144736842105,0.7679637009308209,0.8314144736842105,0.8304664719110079,0.34079551919032297,0.8612600363157578,0.8055527286045496,0.8612600363157578,0.8605985033355216
78,0.3846700253413985,0.8412937153739612,0.7731725144853117,0.8412937153739612,0.8401516583176315,0.3956284146559866,0.8337787828947368,0.7670505180270072,0.8337787828947368,0.8324933741890814,0.3405450864067396,0.8617419515847268,0.804989079770845,0.8617419515847268,0.8608466374664456
79,0.3850035837482548,0.8413315876038782,0.7737528634113314,0.8413315876038782,0.8403448435027955,0.39500144437739726,0.8342927631578947,0.771764672596975,0.8342927631578947,0.8332199352070099,0.3410041731424108,0.861871036031772,0.8074902527463123,0.861871036031772,0.8611763393424756
80,0.3832398021210154,0.8422477348799631,0.7758540201773165,0.8422477348799631,0.8412866964879876,0.3941118121147156,0.834703947368421,0.7742882967907718,0.834703947368421,0.8337308991535787,0.3411547914786623,0.8622927118921199,0.8069183077213394,0.8622927118921199,0.8615818473581371
81,0.3816322533487723,0.8428879559095106,0.7762948817342402,0.8428879559095106,0.8417835671635326,0.3918017933243199,0.8348067434210527,0.7658529883926389,0.8348067434210527,0.8336916831958835,0.33657250052673937,0.8635663451029664,0.8061279456797731,0.8635663451029664,0.8626851342269279
82,0.38212958900111754,0.8423667618882733,0.7766206221264449,0.8423667618882733,0.8412339604974639,0.3927530709065889,0.8346011513157895,0.7740039600278067,0.8346011513157895,0.8334838458918685,0.3375351924950632,0.8622927118921199,0.8083444151181326,0.8622927118921199,0.861460152549633
83,0.3815645510304998,0.8426264571791321,0.7739269529054681,0.8426264571791321,0.8415714337148966,0.3925830957136656,0.8338815789473685,0.7702673666027157,0.8338815789473685,0.8327181885259004,0.3361927427921923,0.8633942325069061,0.8091820297200282,0.8633942325069061,0.8626543958117135
84,0.382859909248264,0.8432089681440443,0.7777347646154317,0.8432089681440443,0.842358887045611,0.39298274799397115,0.8349095394736842,0.7698068125291215,0.8349095394736842,0.8339425640308482,0.3387940190669324,0.8633339930982848,0.8104709141746308,0.8633339930982848,0.8626998144382753
85,0.38069904268833626,0.8434885012696214,0.7786633271946081,0.8434885012696214,0.8426702670482685,0.390992704190706,0.8372738486842105,0.7739446063921095,0.8372738486842105,0.8363875279054496,0.3352561520839535,0.864358063044844,0.8123646882494701,0.864358063044844,0.8637891509380405
86,0.3797672098693425,0.8438365650969529,0.7791092308889408,0.8438365650969529,0.8429892405464555,0.3897168197129902,0.8365542763157895,0.7717248898487543,0.8365542763157895,0.8355635334712129,0.33468899652117584,0.8649432458714491,0.8140471214087629,0.8649432458714491,0.8643047034379877
87,0.3794399022175445,0.8442008598799631,0.7787556528944606,0.8442008598799631,0.843196189925639,0.3885630024106879,0.8369654605263158,0.7741925568012581,0.8369654605263158,0.8358463836797868,0.33542150584937164,0.8643150348958288,0.8102355264315053,0.8643150348958288,0.8635964498269407
88,0.379576707948498,0.8446986091874423,0.77837218129123,0.8446986091874423,0.8435945295203037,0.3893235090531801,0.8381990131578947,0.7713900033962865,0.8381990131578947,0.8370185943367491,0.3347365003989861,0.8660877946352504,0.8126128500634534,0.8660877946352504,0.8653198805800085
89,0.3774055500660136,0.8446697541551247,0.7770316979508717,0.8446697541551247,0.8434785880278418,0.38787323707028437,0.8373766447368421,0.7697704837383217,0.8373766447368421,0.8361044482458253,0.33299271281455556,0.8655370343278573,0.8109575628168121,0.8655370343278573,0.8646750599876353
90,0.37891605400092493,0.8443920244690674,0.7806753602653601,0.8443920244690674,0.843382692207881,0.38821100404388026,0.8372738486842105,0.7767080184196017,0.8372738486842105,0.8361714074798783,0.3350096166438564,0.8650465134290853,0.8113780164721706,0.8650465134290853,0.8642783965219811
91,0.37762545243194556,0.8449150219298246,0.7800495861753495,0.8449150219298246,0.8439932867920797,0.38818544776816116,0.8392269736842105,0.7712824505663567,0.8392269736842105,0.8382337806197369,0.3318539223329816,0.8667676393896887,0.8163625728618543,0.8667676393896887,0.86608914426689
92,0.3771448087494129,0.8456255771006463,0.7821363402812075,0.8456255771006463,0.8447559671438745,0.38753460739788254,0.837890625,0.7778622498420189,0.837890625,0.836957855932597,0.33233761204078643,0.8665438930148103,0.8147810963900861,0.8665438930148103,0.8659362761304756
93,0.37713799989564706,0.8449709285549399,0.7810953753133677,0.8449709285549399,0.844123077844997,0.38725044382245916,0.8379934210526315,0.7722516823169026,0.8379934210526315,0.8370227176002301,0.3316075557058588,0.8659673158180081,0.8148775591500784,0.8659673158180081,0.8654044968636879
94,0.37797686732817004,0.8456580390120036,0.7808322962668243,0.8456580390120036,0.8446537167354372,0.38924061310918706,0.837890625,0.7766595757775967,0.837890625,0.836737489163817,0.3345476642495813,0.8660791890054473,0.8160246563510044,0.8660791890054473,0.8654158208325243
95,0.37642340589097995,0.8454109677977839,0.7803696623880759,0.8454109677977839,0.8447120147026218,0.3867195358401851,0.8385074013157895,0.7767927472184057,0.8385074013157895,0.8377450346299883,0.33199340853532255,0.8659931327074172,0.8157615594553674,0.8659931327074172,0.8655277733797968
96,0.37472237221421956,0.8464335180055401,0.7797540125049279,0.8464335180055401,0.8454150753284938,0.3852324924970928,0.837890625,0.7736667609245623,0.837890625,0.8367095438869133,0.32845480222095247,0.8680154557111263,0.8168172747683845,0.8680154557111263,0.8673285057980997
97,0.37491269851325293,0.8467401027239151,0.780081903979097,0.8467401027239151,0.8456505658276542,0.3849593134302842,0.8399465460526315,0.7736758648503325,0.8399465460526315,0.8387765273453156,0.3301388927488642,0.8680929063793533,0.814837904351319,0.8680929063793533,0.8673434538241763
98,0.3759393823829274,0.8462730118882733,0.7827723522599228,0.8462730118882733,0.8454411354717043,0.3863495509875448,0.8383018092105263,0.7788714342940165,0.8383018092105263,0.8373873240194201,0.33168785197511624,0.8677658924468388,0.8178402467834267,0.8677658924468388,0.8671955393223287
99,0.3745498407910735,0.8469132329178208,0.7830452380177072,0.8469132329178208,0.8461626295237383,0.38566893182302775,0.8396381578947368,0.7788737253665952,0.8396381578947368,0.8387203199217542,0.32885632081482075,0.8682133851965956,0.8179689406071361,0.8682133851965956,0.867737313858935
100,0.37493412134720017,0.8472108004385965,0.7817334488518926,0.8472108004385965,0.8462184717918677,0.3857712714295638,0.842516447368421,0.7814690949657879,0.842516447368421,0.8414137227842242,0.3289727740028933,0.8683424696436409,0.8158148181796074,0.8683424696436409,0.8676907226542507
101,0.3742536598350423,0.8472270313942751,0.7830555562149613,0.8472270313942751,0.8463752122220196,0.38640060236579493,0.8390213815789473,0.7784785796087139,0.8390213815789473,0.8381431847484349,0.33027391926703265,0.8685231878695042,0.8189220990968089,0.8685231878695042,0.8679163496924074
102,0.3718798514713541,0.8474542647737765,0.7848535808632818,0.8474542647737765,0.84669578882779,0.3822625655876963,0.8394325657894737,0.7771665016311722,0.8394325657894737,0.8385350470280277,0.3256939556253294,0.8688760186914279,0.8193484939502145,0.8688760186914279,0.8683772099350697
103,0.37371070252341027,0.8476291984072022,0.7844360598664409,0.8476291984072022,0.8467012337918467,0.38342405934082835,0.8404605263157895,0.7826609341389285,0.8404605263157895,0.8395231466419911,0.3283722177333163,0.8683252583840348,0.8174013666317882,0.8683252583840348,0.8676967406601945
104,0.3723018999630284,0.8479989035087719,0.7850936830315451,0.8479989035087719,0.8471564679450916,0.3835316723898837,0.8394325657894737,0.7773424298728288,0.8394325657894737,0.8385186889592097,0.32656284467506735,0.8687555398741857,0.8178828332470693,0.8687555398741857,0.8681617885184972
105,0.3721591492879204,0.8479934931902123,0.7839053752943074,0.8479934931902123,0.8470565922911918,0.3828053631280598,0.8413856907894737,0.7753488342473105,0.8413856907894737,0.8403731033967959,0.3269876620066225,0.8685576103887163,0.816004244334951,0.8685576103887163,0.8679338447237319
106,0.3706209480707445,0.8486138763850416,0.7862071016156917,0.8486138763850416,0.8477498568764671,0.38274954024114105,0.8403577302631579,0.7737778939374752,0.8403577302631579,0.8393738552025717,0.3236356059112273,0.8705713277626224,0.8221193230051396,0.8705713277626224,0.8700114409330257
107,0.3703160653869421,0.8490250605955678,0.785163475090657,0.8490250605955678,0.8480083112979547,0.38196665676016556,0.8412828947368421,0.7780621152247557,0.8412828947368421,0.8401319236923636,0.3244288203760452,0.8712597781468637,0.8221894429060496,0.8712597781468637,0.8705871070344274
108,0.3689956635594478,0.848936692059095,0.785152292935649,0.848936692059095,0.8479003171466477,0.3802415132522583,0.8418996710526315,0.7797548041108621,0.8418996710526315,0.840772853975925,0.32406833874453284,0.8700291730850322,0.8187015369584695,0.8700291730850322,0.8693006668067208
109,0.3703937394026794,0.8493803381809788,0.7861021445268795,0.8493803381809788,0.8485128813152614,0.38147094375208807,0.8401521381578947,0.7786205700196432,0.8401521381578947,0.839238384760324,0.32353954017123854,0.8707434403586827,0.8210897891334195,0.8707434403586827,0.8701171162160315
110,0.3692529445594918,0.8493821416204986,0.7877393871846967,0.8493821416204986,0.8484493031632889,0.38015942824514287,0.8404605263157895,0.7772258792069717,0.8404605263157895,0.8393684160105221,0.3254451482356291,0.8696161028544874,0.8165547537842793,0.8696161028544874,0.8689637101129245
111,0.36805912838528143,0.8491855667128347,0.7870778829229482,0.8491855667128347,0.8483512478556304,0.3789303145910564,0.841077302631579,0.7830952856977647,0.841077302631579,0.8401553605103962,0.3218803645574457,0.8708983416951369,0.8229872744775688,0.8708983416951369,0.8703714398848955
112,0.36867784311786805,0.8494524757617729,0.7874452028826046,0.8494524757617729,0.8486781595520781,0.379129055299257,0.8413856907894737,0.7829236473369748,0.8413856907894737,0.8405555096929528,0.3213343772470305,0.8713028062958788,0.8223718029953224,0.8713028062958788,0.8707984867321982
113,0.36903304967853834,0.8500836795937211,0.7871161827025948,0.8500836795937211,0.8492490263655842,0.37971100838560806,0.8428248355263158,0.7848992061220702,0.8428248355263158,0.841841166670649,0.32450668082537165,0.8708208910269098,0.8200481982480933,0.8708208910269098,0.870238232273154
114,0.36796949574051363,0.8498005395891043,0.7877850819456683,0.8498005395891043,0.8489463088545949,0.37981172454984563,0.8415912828947368,0.7809220516068178,0.8415912828947368,0.8406838408495104,0.3203310204700401,0.871896594752287,0.8236341252042962,0.871896594752287,0.8713499010619055
115,0.36717123349067354,0.8508681757848569,0.7890747193786015,0.8508681757848569,0.8500063550602913,0.37818695526374013,0.8426192434210527,0.7836645838843507,0.8426192434210527,0.8416548402935414,0.3224293007228087,0.8722236086848016,0.8211988414907558,0.8722236086848016,0.8716129474514844
116,0.36813197822231775,0.8500908933518005,0.7894860932020169,0.8500908933518005,0.849418498403368,0.3788530371691051,0.8429276315789473,0.7829526704533417,0.8429276315789473,0.8422408515420927,0.3228860358261409,0.8715695808197723,0.8244103463655647,0.8715695808197723,0.8710862865103081
117,0.36645652572534093,0.8506824215143121,0.788429545594789,0.8506824215143121,0.8497048313232454,0.37740887309375565,0.8442639802631579,0.788638085437463,0.8442639802631579,0.843101011839314,0.3206071513417832,0.8721375523867714,0.8214154534939191,0.8721375523867714,0.871431187124877
118,0.36640499814285354,0.8510124509464451,0.78889321188159,0.8510124509464451,0.8500543855494238,0.37721077235121475,0.8435444078947368,0.78445933057073,0.8435444078947368,0.8425340133992909,0.31911728653181626,0.8733939743380119,0.8237989808281326,0.8733939743380119,0.8727597615231301
119,0.36681322124636184,0.8508609620267775,0.7878304542269241,0.8508609620267775,0.8498898696721224,0.3780179164911571,0.8426192434210527,0.7856116080457601,0.8426192434210527,0.8416246816008028,0.32140061544949144,0.8722408199444076,0.8218684436320779,0.8722408199444076,0.8715877704240339
120,0.3660033676542844,0.8513424803785781,0.7912713862072968,0.8513424803785781,0.8506540276204994,0.3768192576734643,0.8431332236842105,0.7855173905831087,0.8431332236842105,0.8423799457917999,0.31947935691925433,0.8731616223333305,0.8249988485881758,0.8731616223333305,0.8727323186644566
121,0.36531988947565425,0.8512162396121884,0.7890572383362049,0.8512162396121884,0.8503943743778343,0.3761992972148092,0.8443667763157895,0.779859058498414,0.8443667763157895,0.8434462359602071,0.31993339854899494,0.8732218617419516,0.823245393272874,0.8732218617419516,0.8726125264209262
122,0.3652863663484515,0.8513605147737765,0.7890809303050224,0.8513605147737765,0.850432857371371,0.37622585108405665,0.8432360197368421,0.7845006765345668,0.8432360197368421,0.8422823673184054,0.31902154941088495,0.8730325378862852,0.8239926712048268,0.8730325378862852,0.8723906417564429
123,0.36418761317089327,0.8520638561865189,0.7922935910860828,0.8520638561865189,0.8515048360724934,0.3751642876549771,0.8436472039473685,0.7838517510246514,0.8436472039473685,0.8430442201254204,0.31846864565090144,0.8731702279631335,0.8236720687807421,0.8731702279631335,0.8727940902135197
124,0.36312649215357456,0.852074676823638,0.7905647443239416,0.852074676823638,0.8512494560792475,0.37447230910000046,0.8442639802631579,0.7863823451297025,0.8442639802631579,0.8433452821311548,0.31737208919748866,0.8733165236697847,0.8244213100220171,0.8733165236697847,0.8727757669346581
125,0.36442238609766586,0.8516941510849492,0.7897031137752081,0.8516941510849492,0.8507740330915609,0.3753994452325921,0.84375,0.7836099422038437,0.84375,0.8427183402962433,0.3190500299772055,0.8728776365498309,0.8231105342974099,0.8728776365498309,0.8722770974993317
126,0.36389298991593405,0.8522910895660203,0.7896920298594694,0.8522910895660203,0.8512631320694591,0.3751236670895627,0.8461143092105263,0.7853189498773682,0.8461143092105263,0.844959983904967,0.31690026576638647,0.8747708751064946,0.8241920708788185,0.8747708751064946,0.8740934036995467
127,0.363232138579572,0.8521071387349953,0.7902968943819557,0.8521071387349953,0.8512156100802621,0.37371026057946055,0.8447779605263158,0.7895025526305274,0.8447779605263158,0.8438501498151915,0.3189009646496348,0.8730497491458913,0.8229726602949404,0.8730497491458913,0.8724193150527163
128,0.3637865981566939,0.8525922639658357,0.7903289467848511,0.8525922639658357,0.8516058150852324,0.37344408505841303,0.8450863486842105,0.7843223509496048,0.8450863486842105,0.8439630723712982,0.3215498888824351,0.8731702279631335,0.8227394544091273,0.8731702279631335,0.872466741098813
129,0.36147233139334844,0.8528519592566943,0.792007647495973,0.8528519592566943,0.8519340057157941,0.3727035271494012,0.8447779605263158,0.7913460859133971,0.8447779605263158,0.8438218690592336,0.3178577756257574,0.873953340275208,0.8238253878862859,0.873953340275208,0.873304911691781
130,0.36294389104028596,0.852770804478301,0.7904820466521698,0.852770804478301,0.8520072826271443,0.3747318355660689,0.8436472039473685,0.7814111975191851,0.8436472039473685,0.842896528565631,0.31783557585111294,0.8740480022030412,0.8224427112242002,0.8740480022030412,0.8735352918713332
131,0.3614262917035174,0.852844745498615,0.7906058134710161,0.852844745498615,0.8519844825199754,0.3734632228550158,0.8459087171052632,0.7847496681063627,0.8459087171052632,0.8450523524635499,0.31639367526934137,0.8743233823567378,0.8237297792269646,0.8743233823567378,0.8737213570416521
132,0.36253659800038995,0.8527906423130194,0.792974670526558,0.8527906423130194,0.8520583870045553,0.37391688792329086,0.8460115131578947,0.7918004283982244,0.8460115131578947,0.8452035738757945,0.3172479326465071,0.874968804591964,0.8254669575529479,0.874968804591964,0.8744626744326575
133,0.36166434505969863,0.8534020083102493,0.789647083573021,0.8534020083102493,0.8524567268532,0.37330730180991323,0.846422697368421,0.7895102612728782,0.846422697368421,0.8454593326333892,0.31592330466497304,0.875433508601327,0.8225566478554178,0.875433508601327,0.8747678776641583
134,0.36201758474964624,0.8530846029547553,0.789941202882288,0.8530846029547553,0.8521879926139003,0.37349939189459147,0.8441611842105263,0.7856243524347157,0.8441611842105263,0.8432523016785871,0.3147067491600815,0.8751839453370395,0.8275234497915375,0.8751839453370395,0.8745736463177736
135,0.3615881931088308,0.853308229455217,0.7922349593929561,0.853308229455217,0.8525591549156668,0.3733643230639006,0.8438527960526315,0.7866183395202743,0.8438527960526315,0.8430508148579074,0.31680524684851996,0.8746676075488584,0.8273636183942885,0.8746676075488584,0.8740957429290734
136,0.3600978661442067,0.8535661213065558,0.7921204905700243,0.8535661213065558,0.8526881741292529,0.3711799665501243,0.8439555921052632,0.7891768984891295,0.8439555921052632,0.8430137468709911,0.3163796628361088,0.8750978890390093,0.8245710029590978,0.8750978890390093,0.8744436589333464
137,0.36088853854331726,0.8541612563481071,0.7934627517027921,0.8541612563481071,0.8532816741100998,0.3719126927225213,0.8465254934210527,0.7906779720707212,0.8465254934210527,0.8455615308577914,0.31805383029142503,0.8745729456210253,0.8232782595632547,0.8745729456210253,0.8739336917802912
138,0.35941274941572965,0.8542929074330563,0.7930478122396872,0.8542929074330563,0.8533491521871693,0.3704950213432312,0.8448807565789473,0.7894604095391173,0.8448807565789473,0.8438371392344248,0.31254403310662354,0.8760100857981291,0.8262376263994164,0.8760100857981291,0.8753410795180264
139,0.36027456639766253,0.8544317722760849,0.7934230345612103,0.8544317722760849,0.853697809172115,0.37218530711374787,0.8474506578947368,0.7923837229207129,0.8474506578947368,0.8467225670822401,0.3158618896509989,0.8758896069808869,0.8285671856785726,0.8758896069808869,0.8754201491401983
140,0.3588248394422804,0.8543307796629732,0.7921996078765575,0.8543307796629732,0.853340179137835,0.37094079507024663,0.8473478618421053,0.7961988985568272,0.8473478618421053,0.8464025174659324,0.3116217600597898,0.8762166209134016,0.8256259985371229,0.8762166209134016,0.8755757901625828
141,0.3599174372707378,0.8547924601800554,0.7948445548701021,0.8547924601800554,0.8539866749177986,0.3711016680064954,0.8466282894736842,0.7930532023931942,0.8466282894736842,0.8457445374599967,0.31521527876621314,0.8760789308365533,0.8292503346092819,0.8760789308365533,0.8755270839571883
142,0.3607510665116878,0.8546355609418282,0.7929890676037755,0.8546355609418282,0.8538167907112408,0.3727520908180036,0.8475534539473685,0.7900822361175034,0.8475534539473685,0.8466605063628551,0.3158663355023266,0.8762596490624166,0.8268682700887132,0.8762596490624166,0.8756781352580819
143,0.35983311191600226,0.8544029172437673,0.7930990148712569,0.8544029172437673,0.8538093845415826,0.37210879200383234,0.845703125,0.7912432262582089,0.845703125,0.8450827002045844,0.31226178507347824,0.8777656342779446,0.8296723977440953,0.8777656342779446,0.8773569085927659
144,0.3582303544380878,0.8548790252770083,0.7940430005673015,0.8548790252770083,0.8541145304767762,0.3706405460834503,0.8458059210526315,0.7882932048748594,0.8458059210526315,0.8449568002428328,0.3107949090329887,0.8775504935328692,0.831175108175193,0.8775504935328692,0.8770475510093375
145,0.35706900226662586,0.855138720567867,0.7961295387023426,0.855138720567867,0.8544509977775611,0.3705680982062691,0.8450863486842105,0.7880369470552534,0.8450863486842105,0.8444181187228317,0.3110045166445178,0.8773525640473998,0.829596728147014,0.8773525640473998,0.8768728349458793
146,0.3562134355444217,0.8554308777700831,0.7947029626273813,0.8554308777700831,0.8546170673212488,0.3686849772930145,0.8454975328947368,0.7872327663467394,0.8454975328947368,0.8445084835905672,0.3108616508945184,0.8768190149996128,0.8283646221849358,0.8768190149996128,0.8762700833675515
147,0.3582341327836749,0.8550737967451524,0.7933115620071026,0.8550737967451524,0.8541284883453829,0.3701250302164178,0.8477590460526315,0.7936196539657766,0.8477590460526315,0.8468011962241672,0.31386605057239503,0.8769222825572489,0.8270955359879626,0.8769222825572489,0.8762586790859069
148,0.3577203589628278,0.8554362880886427,0.7944710445978584,0.8554362880886427,0.8546635856663468,0.37009936884829875,0.848375822368421,0.799803221294718,0.848375822368421,0.8476598333786626,0.3121275059161935,0.8770771838937033,0.8257205458022773,0.8770771838937033,0.8765558943752971
149,0.3554175311178382,0.85595748210988,0.7964129315817566,0.85595748210988,0.8551457474665211,0.3690375073959953,0.845703125,0.7923775848127484,0.845703125,0.8448490916484005,0.3116473847958637,0.8771632401917334,0.8270035109535654,0.8771632401917334,0.8765659875445749
150,0.356893679469356,0.8560115852954755,0.7955996528081878,0.8560115852954755,0.8552960396769185,0.36906356246847855,0.8465254934210527,0.7897707736833196,0.8465254934210527,0.8457854347197216,0.3123116960794024,0.8772492964897636,0.8265896057448577,0.8772492964897636,0.8767727685927909
151,0.35681104616004894,0.8557645140812558,0.796865709862051,0.8557645140812558,0.8551663298293137,0.36975990314232676,0.845703125,0.7887390702765671,0.845703125,0.8450897478641319,0.31170534017935386,0.8767587755909916,0.8284017216581053,0.8767587755909916,0.8763548464730755
152,0.35596996771441713,0.8558907548476454,0.7954564790422413,0.8558907548476454,0.8551216200599111,0.3680561326052013,0.8460115131578947,0.7855779069458173,0.8460115131578947,0.8452165800774382,0.3109960514636378,0.8770771838937033,0.828301821361588,0.8770771838937033,0.8765637052740889
153,0.3564057788800445,0.856103560710988,0.7970702193074702,0.856103560710988,0.855443043495129,0.36897293517464086,0.8471422697368421,0.7966210907580331,0.8471422697368421,0.8465339549419838,0.3112210202748811,0.8772492964897636,0.8286826578959545,0.8772492964897636,0.8768000634148971
154,0.3536715278830224,0.8568664156278855,0.7968914474622085,0.8568664156278855,0.8560581370973588,0.3659039296601948,0.8491981907894737,0.7967171878249574,0.8491981907894737,0.8484095084764918,0.30927272154482793,0.8777484230183386,0.8317868544675759,0.8777484230183386,0.8772109904058105
155,0.35513745890870096,0.8565003174053555,0.7966623932581223,0.8565003174053555,0.8557640187029395,0.36701631075457525,0.8486842105263158,0.7947682598425108,0.8486842105263158,0.8478615743278567,0.3092602683991197,0.8778775074653838,0.8285835838751664,0.8778775074653838,0.8774052897814647
156,0.35548917738684654,0.8570665974145891,0.7972591859088738,0.8570665974145891,0.8561750983616381,0.3674320155068448,0.8495065789473685,0.7881752307364529,0.8495065789473685,0.848491018596874,0.3112139855190461,0.878970422450367,0.8305586240672389,0.878970422450367,0.8783638936107485
157,0.3554563136532256,0.8566337719298246,0.7966916671706906,0.8566337719298246,0.8559137089941292,0.3674139725534539,0.848375822368421,0.7910954535602183,0.848375822368421,0.8476032609277028,0.31004168130123033,0.8781184650998684,0.8309794150362277,0.8781184650998684,0.8776295874515423
158,0.3535060803315646,0.8567582092566943,0.7970226661298572,0.8567582092566943,0.856016755726296,0.36503261798306513,0.8480674342105263,0.7889326820103361,0.8480674342105263,0.847215734552404,0.3074468735994957,0.8782389439171105,0.8327367103423874,0.8782389439171105,0.8777608257876558
159,0.35456024785891577,0.8570395458217913,0.7967775004438408,0.8570395458217913,0.8561697345393859,0.3672346629594502,0.8497121710526315,0.7948373976888122,0.8497121710526315,0.8488048318852751,0.3095954042819759,0.878445479032383,0.8290791835081031,0.878445479032383,0.8778519901227949
160,0.3542725640871078,0.8571495556325023,0.7978404464436382,0.8571495556325023,0.8564318924088197,0.3669722503737399,0.8471422697368421,0.7867829289355991,0.8471422697368421,0.8463824863350492,0.30682086265786873,0.8795039714981541,0.8305526299943197,0.8795039714981541,0.8790296897174664
161,0.35288796172798065,0.8573461305401662,0.7971910072255108,0.8573461305401662,0.8566587370936236,0.3651626910033979,0.8478618421052632,0.786828395955745,0.8478618421052632,0.8471498713558923,0.3090847385813137,0.8775677047924753,0.8286320288735721,0.8775677047924753,0.8770829865746347
162,0.3532624491804304,0.8571820175438597,0.797059910776838,0.8571820175438597,0.856499753617684,0.3654227209718604,0.8478618421052632,0.7856981618979227,0.8478618421052632,0.8471346113713238,0.30929384395383597,0.8776193385712934,0.8271130600758323,0.8776193385712934,0.8771251392598427
163,0.3546559375849237,0.8577951869806094,0.7986806587265692,0.8577951869806094,0.8571442264075718,0.3679855356090947,0.8482730263157895,0.7905782915458566,0.8482730263157895,0.8476837015182831,0.30972334059726336,0.8791339294166244,0.8327823178113137,0.8791339294166244,0.878717117889441
164,0.3518327742072023,0.8571982484995383,0.7975670241118381,0.8571982484995383,0.8564975849344083,0.3643074051329964,0.8471422697368421,0.7906248969358296,0.8471422697368421,0.8464536133929057,0.30510102284791424,0.8799944923969261,0.8333311622846148,0.8799944923969261,0.879519998724927
165,0.3535761635884684,0.8575841845567868,0.7994458666961943,0.8575841845567868,0.8570029615909878,0.3655671743970168,0.8471422697368421,0.7909657343638175,0.8471422697368421,0.84665807678365,0.308691629298364,0.8793404645318967,0.8354025652462207,0.8793404645318967,0.8789668750936441
166,0.3529863062822918,0.8581288232917821,0.7993717708023286,0.8581288232917821,0.8573383734394789,0.36433830700422587,0.8479646381578947,0.7948373339096622,0.8479646381578947,0.8471829344708062,0.3066507080682084,0.8798912248392898,0.8324017520888216,0.8798912248392898,0.8794180417179794
167,0.3522407102122531,0.8580963613804248,0.7976583237925602,0.8580963613804248,0.857192954686173,0.36434449177039296,0.8499177631578947,0.7930234329230295,0.8499177631578947,0.8489348198770031,0.3060338893253229,0.8804850132956981,0.8329857652729442,0.8804850132956981,0.8799276901224273
168,0.35225995200052374,0.8588033096722069,0.8010662578414715,0.8588033096722069,0.8580273246506526,0.36459987885073614,0.8485814144736842,0.7960898747402434,0.8485814144736842,0.847893168363172,0.30832737023486356,0.8799858867671231,0.8326857964885043,0.8799858867671231,0.8794981708953611
169,0.35315016390874443,0.8582009608725761,0.7993329485744037,0.8582009608725761,0.8575736969239645,0.3649270910965769,0.8499177631578947,0.7952634108491414,0.8499177631578947,0.8493084160462397,0.30682006908559933,0.8798912248392898,0.8323112498644039,0.8798912248392898,0.879476585437444
170,0.35183108750032477,0.8582298159048938,0.798497583104034,0.8582298159048938,0.8574400569914788,0.3638457546108647,0.8501233552631579,0.7926998615692822,0.8501233552631579,0.8493638062502177,0.3058563405297555,0.879460943349139,0.8317243978503227,0.879460943349139,0.8789756606601433
171,0.35239422687313016,0.8583019534856879,0.7981134631796262,0.8583019534856879,0.8573961719886669,0.3647858594593249,0.8493009868421053,0.7898951765223174,0.8493009868421053,0.848301580334036,0.30770459152299623,0.8801579993631834,0.8331718230736402,0.8801579993631834,0.8795657047925032
172,0.3510633647882157,0.8585382040627886,0.8003776627444098,0.8585382040627886,0.8578705092696366,0.3638817840500882,0.8487870065789473,0.7920758353668063,0.8487870065789473,0.8481050519751611,0.305407306926607,0.8798309854306687,0.8317205632569682,0.8798309854306687,0.8793887651239565
173,0.35031949304257515,0.8581648920821792,0.8000928043988981,0.8581648920821792,0.8573420739738595,0.3638184290183218,0.848375822368421,0.7905293630679064,0.848375822368421,0.8475291500087888,0.30542628482483863,0.8798051685412597,0.8330204560452995,0.8798051685412597,0.8792273199216459
174,0.3510740294791104,0.8587131376962143,0.8016392077390349,0.8587131376962143,0.8580764326121498,0.36426496505737305,0.8491981907894737,0.7919532988854181,0.8491981907894737,0.848558767589043,0.30412242800407935,0.881466055093242,0.8370407937496188,0.881466055093242,0.8810673373479069
175,0.35131932356130824,0.8590756290397045,0.8029495742904176,0.8590756290397045,0.85837976163374,0.3638799582657061,0.849609375,0.7914164770672214,0.849609375,0.848867276127716,0.30513652127602586,0.8809239004156519,0.8361713877999399,0.8809239004156519,0.8804921175479007
176,0.3492893258235241,0.8586842826638966,0.8002289307884419,0.8586842826638966,0.8580464347603333,0.3624785934623919,0.8493009868421053,0.7945522233515633,0.8493009868421053,0.8486954566051435,0.302862896367219,0.8807689990791976,0.8332461410270434,0.8807689990791976,0.8804079549277197
177,0.34957484090537355,0.8587942924746076,0.8003289529135124,0.8587942924746076,0.857981689060987,0.36200293271165146,0.8498149671052632,0.7929223506949244,0.8498149671052632,0.8489955564928049,0.3026895868266627,0.8810701961223032,0.8365228553120854,0.8810701961223032,0.8805995817794124
178,0.3484141834609947,0.8591621941366574,0.8012905650821872,0.8591621941366574,0.8584288444828942,0.36149096488952637,0.849609375,0.7943181416741901,0.849609375,0.8488284286185448,0.30259243864964414,0.880493618925501,0.8360816997644412,0.880493618925501,0.8800430500866352
179,0.34959774557243095,0.8593335208910434,0.8006469177656808,0.8593335208910434,0.8584795536703009,0.3621448215685393,0.8509457236842105,0.7938874784385098,0.8509457236842105,0.8500717960089065,0.3037522987255651,0.8803301119592437,0.8326509415534743,0.8803301119592437,0.8797581524378969
180,0.34851694296931957,0.8589854570637119,0.8004101610346019,0.8589854570637119,0.858234295246708,0.36142697146064356,0.8505345394736842,0.8001228328346597,0.8505345394736842,0.8497216373223925,0.3027407796250792,0.8802870838102287,0.833029662791317,0.8802870838102287,0.8797602208872646
181,0.3475652355511543,0.8595896093028624,0.8003684791424279,0.8595896093028624,0.8588099729208242,0.35986441060116414,0.8511513157894737,0.7968535478921261,0.8511513157894737,0.8504207000152578,0.30271057768899984,0.8807173653003795,0.833697908510905,0.8807173653003795,0.8802073428628212
182,0.3487112010284804,0.8593371277700831,0.8026460980596867,0.8593371277700831,0.8585515985786482,0.3606120159751491,0.8501233552631579,0.793944153934337,0.8501233552631579,0.8493788497763837,0.3051441900398961,0.8805538583341221,0.8340158344798525,0.8805538583341221,0.8800219755768333
183,0.3487220629155361,0.8598799630655586,0.8008170411090226,0.8598799630655586,0.8591593843530603,0.36074711147107574,0.8509457236842105,0.7944090023673581,0.8509457236842105,0.8502007062879194,0.3030980237520598,0.8828257446021187,0.8389968274012185,0.8828257446021187,0.8823835625635206
184,0.34817571664230756,0.859912424976916,0.8023626364433519,0.859912424976916,0.8592268881789079,0.3614770409307982,0.8501233552631579,0.792087875297568,0.8501233552631579,0.8494363453744601,0.3035224785182291,0.8807173653003795,0.8330351162818116,0.8807173653003795,0.880247116272389
185,0.3478463009508913,0.859692405355494,0.8002974109662176,0.859692405355494,0.8589672587983798,0.360819454255857,0.8530016447368421,0.7923628652983741,0.8530016447368421,0.852258025608486,0.3025411411787868,0.8812509143481666,0.8352891030344937,0.8812509143481666,0.8808158637996323
186,0.3491798767257595,0.8605923216759003,0.8035116220852004,0.8605923216759003,0.8599295720770148,0.36166512966156006,0.8525904605263158,0.795902298844814,0.8525904605263158,0.8518642332345434,0.3027042655833804,0.8828515614915278,0.839770970771316,0.8828515614915278,0.8824565391464685
187,0.34839172940615254,0.8602208131348107,0.8022221641972225,0.8602208131348107,0.8594115692128186,0.36091665845168264,0.8505345394736842,0.7953341329790778,0.8505345394736842,0.8495829170065726,0.3035468494932232,0.8815693226508782,0.8355093367508968,0.8815693226508782,0.8810585154755042
188,0.3465655638955857,0.8600927689289012,0.8022139580653234,0.8600927689289012,0.8593186802380026,0.3590584397315979,0.8523848684210527,0.8000262369813774,0.8523848684210527,0.8515660151439828,0.30119263745482294,0.8820168154006351,0.8363890733394239,0.8820168154006351,0.8815496704680997
189,0.3468886766847591,0.8601775305863343,0.8015903911484749,0.8601775305863343,0.859369117315673,0.3598317425501974,0.8519736842105263,0.7967303505208657,0.8519736842105263,0.8511228297511056,0.3002497557321034,0.8823180124437406,0.834695165827538,0.8823180124437406,0.8818401924700046
190,0.3469441497039707,0.8607203658818098,0.8022834573488478,0.8607203658818098,0.8600265959531312,0.35968141963607386,0.854235197368421,0.7954199636996175,0.854235197368421,0.8535255270949017,0.3018395096617841,0.8819221534728019,0.8361265795486974,0.8819221534728019,0.8815090434231229
191,0.34824520531123365,0.8604949359418282,0.8031269550272742,0.8604949359418282,0.8598209625737404,0.3614319845249778,0.8504317434210527,0.7929090333758612,0.8504317434210527,0.8497087794700416,0.3018685032667121,0.8820598435496502,0.8370445844486906,0.8820598435496502,0.8816133436537766
192,0.3474393488902905,0.8604155846029548,0.8028369877250409,0.8604155846029548,0.859786469952205,0.3607501701304787,0.8517680921052632,0.7930070589705257,0.8517680921052632,0.851046038422309,0.30090413841385827,0.8830667022366032,0.8386964216057166,0.8830667022366032,0.8826886683889642
193,0.3472053898723722,0.8609421889427517,0.8026945538788102,0.8609421889427517,0.8602627907960398,0.3603211311917556,0.8523848684210527,0.7944397082051841,0.8523848684210527,0.8516582877416233,0.3030759709780636,0.8821028716986653,0.8375012960477719,0.8821028716986653,0.8816186232087427
194,0.3453499685804379,0.8608141447368421,0.8013485811075384,0.8608141447368421,0.8600271935693291,0.3590197155350133,0.8524876644736842,0.7918115172326257,0.8524876644736842,0.8516390511114846,0.30001147804022826,0.8823180124437406,0.8345772501303241,0.8823180124437406,0.8818045676436965
195,0.34650142660101363,0.8603650882963989,0.8019425804786806,0.8603650882963989,0.8597708912827242,0.3596142797093642,0.8509457236842105,0.7961651494530513,0.8509457236842105,0.8503088245020876,0.29889750375653956,0.8831527585346334,0.8383118718179492,0.8831527585346334,0.8828031900749957
196,0.34705316979138806,0.8608015206602031,0.8008857920555981,0.8608015206602031,0.8599951749336756,0.35975287776244314,0.8518708881578947,0.7937585402566409,0.8518708881578947,0.8510375030702662,0.3031599601901111,0.881939364732408,0.83401224462509,0.881939364732408,0.8813889433667896
197,0.3453432647089989,0.8611604051246537,0.8020448448521814,0.8611604051246537,0.8603213883168864,0.3583131840354518,0.8519736842105263,0.7931803338456275,0.8519736842105263,0.8511099162781232,0.2985829183731933,0.8831613641644364,0.8364514244689945,0.8831613641644364,0.8826375724260355
198,0.34491559298965296,0.8610053093259464,0.8028560366375102,0.8610053093259464,0.8601457861673303,0.35850318325193303,0.8531044407894737,0.7946431437188816,0.8531044407894737,0.8522260277921841,0.2995358775615832,0.8825503644484222,0.8345565372696621,0.8825503644484222,0.8819356443851661
199,0.34482189247922995,0.8615661790166205,0.8047001701418387,0.8615661790166205,0.8609230391024555,0.35803846152205215,0.8528988486842105,0.7981077629883108,0.8528988486842105,0.8522602843779609,0.2995840055659826,0.8835055893565571,0.8393249524005643,0.8835055893565571,0.883076829451308
200,0.34531144193775215,0.8612109014312096,0.8021421440196888,0.8612109014312096,0.8603949142276924,0.3586368074542598,0.8532072368421053,0.7963392760823614,0.8532072368421053,0.852400453794002,0.3008262090347195,0.8826192094868462,0.8354150590693045,0.8826192094868462,0.8820916304689144
201,0.3444155828884544,0.8617393092105263,0.8066453806781222,0.8617393092105263,0.8611410344200385,0.3572336545116023,0.8516652960526315,0.7971714621623249,0.8516652960526315,0.8510722636343767,0.2999326555116242,0.8831871810538454,0.8370401215823222,0.8831871810538454,0.882791199540877
202,0.3463984717677725,0.861560768698061,0.8046662750993716,0.861560768698061,0.8607832194578114,0.35919333288544103,0.852282072368421,0.7954204555357964,0.852282072368421,0.8514831008962039,0.2998454668912779,0.8836690963228144,0.8393966493233631,0.8836690963228144,0.8831862821903964
203,0.34703980112450056,0.8613191078024007,0.8048532152043352,0.8613191078024007,0.860744901216072,0.35996226260536596,0.8511513157894737,0.7958516373202015,0.8511513157894737,0.8506304823081465,0.3033345438683668,0.882472913780195,0.838296858867431,0.882472913780195,0.8821381168723295
204,0.3443180545820534,0.8619972010618652,0.8056931163662064,0.8619972010618652,0.8613270357526798,0.35721713931936966,0.8536184210526315,0.7989422496195208,0.8536184210526315,0.8530122001503553,0.2987709927574595,0.8830064628279821,0.8372805978489772,0.8830064628279821,0.8825599923693911
205,0.3438097915766092,0.8618853878116344,0.803899340228896,0.8618853878116344,0.8612667813840673,0.3572611008819781,0.8521792763157895,0.7938343411416501,0.8521792763157895,0.8516093220377052,0.29716573674519814,0.8846157156011463,0.8411334812361498,0.8846157156011463,0.8842371523755234
206,0.34425308821604195,0.8615030586334257,0.804685937102818,0.8615030586334257,0.8608050643068954,0.3576029852816933,0.850842927631579,0.7927794046706031,0.850842927631579,0.8501730116963153,0.2974350323353134,0.8840391384043441,0.8394412251262872,0.8840391384043441,0.8835705558532064
207,0.3450103884533612,0.861438134810711,0.8038497011204564,0.861438134810711,0.8608333757986774,0.357725916724456,0.8507401315789473,0.7974263035528147,0.8507401315789473,0.8501830118764342,0.2997951615123241,0.8831785754240424,0.8382657100762667,0.8831785754240424,0.8827934391486476
208,0.34497537339383105,0.8618078399122807,0.8053209674216302,0.8618078399122807,0.861068975042268,0.35803775724611786,0.8533100328947368,0.7995383323307278,0.8533100328947368,0.8525714761474235,0.2969710917696705,0.8844522086348889,0.8404721642838517,0.8844522086348889,0.884007965382813
209,0.34373158502666795,0.8616202822022161,0.8041975676482515,0.8616202822022161,0.8608667766483276,0.3561480939388275,0.8528988486842105,0.7995276119883629,0.8528988486842105,0.8521405195057867,0.29888727346583827,0.8823438293331497,0.8349555334887392,0.8823438293331497,0.8818756349186433
210,0.3444508576932486,0.8621811518928901,0.8057199141614647,0.8621811518928901,0.8616947244458341,0.35722954492819936,0.853515625,0.8014515789859732,0.853515625,0.8530770498206481,0.297450099498082,0.8833937161691179,0.8375215644712585,0.8833937161691179,0.8830952752663572
211,0.3456955406529311,0.8619863804247461,0.8059809643277825,0.8619863804247461,0.8614433715320526,0.35797899177199916,0.8521792763157895,0.8005413339063442,0.8521792763157895,0.8516612291735971,0.301504197498382,0.8826536320060584,0.8382409769216531,0.8826536320060584,0.8823388462356748
212,0.3434815045483995,0.8623452648891967,0.8063258452241778,0.8623452648891967,0.8618099031371692,0.3561732972923078,0.8536184210526315,0.7970337375105652,0.8536184210526315,0.8530787770466377,0.2995188091519513,0.8827482939338915,0.8389830285388639,0.8827482939338915,0.8823947970217195
213,0.3430061696143692,0.8628033385272391,0.8063020321549491,0.8628033385272391,0.8621120136369602,0.35511112056280436,0.8545435855263158,0.7970497379567753,0.8545435855263158,0.853871513355462,0.29718048215968035,0.8841510115917833,0.8406452570226275,0.8841510115917833,0.8837321427587118
214,0.3419350322373796,0.8625688913896583,0.8049763800715717,0.8625688913896583,0.8619265308788064,0.3547777188451667,0.853515625,0.7968523416778609,0.853515625,0.8527829639583795,0.29715366216820704,0.8834195330585269,0.8386073169397551,0.8834195330585269,0.8830088036078726
215,0.3434197558975836,0.8627023459141274,0.803821017058243,0.8627023459141274,0.861913667666882,0.35585848908675344,0.8532072368421053,0.7956468107758911,0.8532072368421053,0.8524144617402589,0.2988019711042685,0.8840649552937532,0.8381007444473111,0.8840649552937532,0.8835338831595362
216,0.34250404594237344,0.8631550092336103,0.8062748271979661,0.8631550092336103,0.8625751362899168,0.35522683670646266,0.85546875,0.8010982815545348,0.85546875,0.8548070201048034,0.298658024760986,0.8837551526208446,0.8390077785198672,0.8837551526208446,0.8834085002611443
217,0.3442924221631893,0.8625111813250231,0.8040144165602158,0.8625111813250231,0.8617680953140532,0.3576656752511075,0.8543379934210527,0.801300360857334,0.8543379934210527,0.8535836997914149,0.2970296546506372,0.8858377150331747,0.8414340329272479,0.8858377150331747,0.8853852490289238
218,0.34425809506123967,0.8624119921514312,0.805418387920455,0.8624119921514312,0.8617757715938885,0.35701555327365275,0.8545435855263158,0.8029453105644588,0.8545435855263158,0.8539103887202427,0.29762730242867425,0.8845296593031161,0.8407655712058263,0.8845296593031161,0.8841494254383317
219,0.34179272328607485,0.8625923361034165,0.8069485994016173,0.8625923361034165,0.8619419380418432,0.3546180317276402,0.8532072368421053,0.7999343659396351,0.8532072368421053,0.8525913429866806,0.2959103298658849,0.8843489410772527,0.8397018371800188,0.8843489410772527,0.8839621766186901
220,0.3423860018603359,0.8627636628578024,0.8058712783056852,0.8627636628578024,0.8619929767464557,0.3549533674591466,0.8555715460526315,0.8004705342910733,0.8555715460526315,0.8547981946742913,0.2965942428816147,0.88496854642307,0.8413737297188634,0.88496854642307,0.8844954587938597
221,0.3434975621387679,0.863048606301939,0.8060654205943839,0.863048606301939,0.8624425959560625,0.3559777626865788,0.8546463815789473,0.8015708358353099,0.8546463815789473,0.8540350181070315,0.29774473222466624,0.884934123903858,0.8395859509543924,0.884934123903858,0.8845446710176811
222,0.3423125793949279,0.8632614121652816,0.8052504868052065,0.8632614121652816,0.8624967364137267,0.35456387933931854,0.8556743421052632,0.7970834605034087,0.8556743421052632,0.8548760685145045,0.29864812822485254,0.884486631154101,0.8410849272515929,0.884486631154101,0.8840113569592384
223,0.34182100051657976,0.8633317463065558,0.8055636151677905,0.8633317463065558,0.8626579989114606,0.3548653078706641,0.8543379934210527,0.8013847397854512,0.8543379934210527,0.8536015505422777,0.2970051677011813,0.8843317298176467,0.8399035632181047,0.8843317298176467,0.88390322364444
224,0.3412066900058686,0.8633750288550324,0.8073228097103088,0.8633750288550324,0.8627438604940506,0.3540412893420772,0.8551603618421053,0.8044076549453999,0.8551603618421053,0.8545694527488245,0.29384779905929836,0.8858549262927807,0.8423287466397132,0.8858549262927807,0.8854829899187966
225,0.3413898601151129,0.8629692549630655,0.805887634827859,0.8629692549630655,0.8622650581553897,0.3545121221165908,0.8555715460526315,0.7989546099150608,0.8555715460526315,0.8548697318057412,0.2959619753734863,0.884443603005086,0.8393457656131976,0.884443603005086,0.8839760363223301
226,0.34002443085857154,0.863806050900277,0.8062788281101902,0.863806050900277,0.8630151464922193,0.35277703561280904,0.8550575657894737,0.7989941810156972,0.8550575657894737,0.8542418615579824,0.29493703732666743,0.8853213772449937,0.8403068826436,0.8853213772449937,0.8848130087448426
227,0.34013992126958853,0.863256001846722,0.8054148035465672,0.863256001846722,0.8624215667771511,0.35342102144893844,0.8545435855263158,0.7916589030261478,0.8545435855263158,0.8536678521933615,0.29391951161135765,0.8853644053940087,0.8380227038849871,0.8853644053940087,0.8848522385192924
228,0.3399375118762392,0.8638745816020313,0.8047421121942454,0.8638745816020313,0.8628980245081169,0.3529420338178936,0.8549547697368421,0.7967465988814355,0.8549547697368421,0.8539210416821769,0.29343821115047847,0.8857860812543566,0.8402308678608004,0.8857860812543566,0.8851760588509541
229,0.33969010557164114,0.8640459083564174,0.807512804390919,0.8640459083564174,0.8632116571860827,0.35224681778957967,0.8556743421052632,0.7978090966506513,0.8556743421052632,0.8547699914216546,0.2935969682582786,0.8856225742880993,0.8405749575716985,0.8856225742880993,0.8850897854208519
230,0.3417499792157558,0.8636184931902123,0.8073867787190264,0.8636184931902123,0.8630623197317305,0.3546902458918722,0.8548519736842105,0.8021785845832632,0.8548519736842105,0.8543534305424622,0.29797857195980404,0.8846157156011463,0.8390598370721581,0.8846157156011463,0.8842635294191444
231,0.3401219312889314,0.8634507733148661,0.8062586433791042,0.8634507733148661,0.8628105888701451,0.3536710629337712,0.8545435855263158,0.7993114669282219,0.8545435855263158,0.8539286479064039,0.29332678538539786,0.8851922927979484,0.8409555845160801,0.8851922927979484,0.8847806212099115
232,0.3403864537855044,0.8633732254155124,0.8061374585683356,0.8633732254155124,0.8627573557860335,0.3528609871864319,0.8532072368421053,0.7992737804425137,0.8532072368421053,0.8526421264028747,0.29494529481816517,0.8853041659853876,0.84046914761035,0.8853041659853876,0.8849621973187042
233,0.3397224027859537,0.8637068617266851,0.8066856950267545,0.8637068617266851,0.8629909386207039,0.3521199665571514,0.854749177631579,0.7969152989982925,0.854749177631579,0.8540031620556452,0.2954426448607787,0.884985757682676,0.8399026961115315,0.884985757682676,0.8845406080881204
234,0.342532772821953,0.8635517659279779,0.8060441343297473,0.8635517659279779,0.8628785007722238,0.355097411494506,0.8559827302631579,0.8012031871182712,0.8559827302631579,0.8552668971008822,0.2966114073833022,0.8857344474755385,0.8421972282745409,0.8857344474755385,0.8853396943860417
235,0.3423983832805771,0.8635445521698984,0.8052585062852284,0.8635445521698984,0.8628643070208681,0.35486041401561935,0.854749177631579,0.7975198790043241,0.854749177631579,0.8540470755435473,0.2972485972816445,0.8853299828747967,0.8391528991082583,0.8853299828747967,0.8849134161631903
236,0.33859661334329255,0.8647438394506002,0.8079314758231408,0.8647438394506002,0.8639426819789736,0.3518326643266176,0.8550575657894737,0.7990089281895772,0.8550575657894737,0.8542122989988951,0.2928313055284702,0.8867068836432794,0.840774003710262,0.8867068836432794,0.886163988624919
237,0.33906469194842837,0.8640513186749769,0.8075667968059922,0.8640513186749769,0.863338119965187,0.35287114350419296,0.8536184210526315,0.8001297832508133,0.8536184210526315,0.8528922474693097,0.29245292391756356,0.885536517990069,0.8420359058840031,0.885536517990069,0.88508485346179
238,0.3411714525434119,0.8642731417359187,0.8063424478981888,0.8642731417359187,0.8635424353301662,0.3546073922985478,0.8555715460526315,0.8045668589416843,0.8555715460526315,0.8548192301316937,0.2972413637722767,0.8853816166536148,0.8393817191805644,0.8853816166536148,0.8848816509070909
239,0.3403546910591953,0.864026070521699,0.8081111245623035,0.864026070521699,0.8635031684411498,0.35349497826475845,0.8546463815789473,0.7969153669256732,0.8546463815789473,0.854101462988213,0.2957950342247579,0.8854332504324329,0.8408150209292881,0.8854332504324329,0.8850964354133007
240,0.33986366042800226,0.8641072253000923,0.8077426362623731,0.8641072253000923,0.8634766842373626,0.3530026470360003,0.8541324013157895,0.7985717645412272,0.8541324013157895,0.8534766514853768,0.2945232322836932,0.885958193850417,0.8431769378733878,0.885958193850417,0.8855478667913382
241,0.3404097459928261,0.8643741343490304,0.8067892938994286,0.8643741343490304,0.8637524657476794,0.35360974543973017,0.8558799342105263,0.8034029194887921,0.8558799342105263,0.8552601778330736,0.2951648950614739,0.8870338975757941,0.8415956051125851,0.8870338975757941,0.8866078959411632
242,0.33856102194041976,0.8646807190674054,0.8079095815447027,0.8646807190674054,0.8639890401677167,0.352908067013088,0.8550575657894737,0.801341191099884,0.8550575657894737,0.8544807925719936,0.29251752664721514,0.8866466442346583,0.8407475977911988,0.8866466442346583,0.8862450090242424
243,0.3388335682238458,0.8645707092566943,0.8081709330183573,0.8645707092566943,0.8639238441666452,0.3526317022348705,0.8562911184210527,0.8027115854225478,0.8562911184210527,0.8556273114515008,0.29414593862515537,0.8864315034895829,0.8413364288359448,0.8864315034895829,0.8859938740644825
244,0.3400116753269981,0.8642839623730378,0.8067098067131632,0.8642839623730378,0.8635820078274424,0.35343147265283686,0.8543379934210527,0.7942930538520906,0.8543379934210527,0.853617896050719,0.2936198531190761,0.8867413061624915,0.842901128637066,0.8867413061624915,0.8863196016402554
245,0.3383801941065907,0.8648322079870729,0.8089799251032044,0.8648322079870729,0.8641948535526138,0.35106988486490753,0.8550575657894737,0.7999281326203642,0.8550575657894737,0.8543414814356604,0.2934851625169857,0.8862938134127346,0.8410498873530426,0.8862938134127346,0.885921658110731
246,0.33798079397649755,0.8645220163896583,0.8083846012329011,0.8645220163896583,0.8639259041409963,0.3514030607123124,0.8558799342105263,0.8029066967334098,0.8558799342105263,0.8552848525225981,0.29126341134874256,0.8863110246723407,0.8408814251079791,0.8863110246723407,0.8859496178633698
247,0.3387920559828521,0.8647636772853186,0.808414007350658,0.8647636772853186,0.8641043890702089,0.3515181510072005,0.856188322368421,0.7995605450083042,0.856188322368421,0.8554813901291483,0.29469625304848346,0.8857172362159325,0.8413888961950516,0.8857172362159325,0.8852775634380473
248,0.33848645229198704,0.8649494315558633,0.8103502473723874,0.8649494315558633,0.8643460430728447,0.351462815937243,0.8545435855263158,0.8017116692035857,0.8545435855263158,0.8538998680389254,0.2942298898651002,0.8860700670378562,0.842700277368715,0.8860700670378562,0.8857018225647117
249,0.3365404515330261,0.8653281538550324,0.8092263798847324,0.8653281538550324,0.8646010131759063,0.3492480218410492,0.8569078947368421,0.8003534065031913,0.8569078947368421,0.8561047291157697,0.2909868905908732,0.886526165417416,0.8416613091296792,0.886526165417416,0.8860862012161735
250,0.337739762424432,0.8651009204755309,0.8087830625444223,0.8651009204755309,0.8644816255384441,0.35072776675224304,0.8565995065789473,0.8024341976390514,0.8565995065789473,0.8559745455957393,0.29182668552032814,0.8872490383208695,0.8422795426333353,0.8872490383208695,0.8868825248353429
251,0.3383074057729621,0.8648736870960295,0.8077847926557405,0.8648736870960295,0.8640959469235402,0.3503354113352926,0.8571134868421053,0.8010490356842609,0.8571134868421053,0.8562804649212735,0.2937590198490255,0.8858893488119928,0.8381424625272567,0.8858893488119928,0.8853586025088938
252,0.33716709783863164,0.8647726944829178,0.8080296841424982,0.8647726944829178,0.8641057604844997,0.349455526000575,0.8562911184210527,0.8062786738798984,0.8562911184210527,0.8555553590826869,0.2919468202855658,0.886001221999432,0.8399119160848352,0.886001221999432,0.8855779479437061
253,0.33784469087038016,0.8654796427746999,0.8087617824790566,0.8654796427746999,0.8647495787122642,0.3503612342633699,0.8560855263157895,0.7997672547574892,0.8560855263157895,0.8552780454680746,0.2916120173096514,0.8877911929984595,0.8448432230197389,0.8877911929984595,0.8873354588594207
254,0.33824138336454623,0.8653732398430286,0.808956462822769,0.8653732398430286,0.8646152675430921,0.3507685002527739,0.8559827302631579,0.8024060670854014,0.8559827302631579,0.8551825220966623,0.29241466379774605,0.8875760522533842,0.8422790003761425,0.8875760522533842,0.8870880365663609
255,0.3364957571580029,0.8651171514312096,0.8090658410707002,0.8651171514312096,0.8644338755396015,0.34931094552341263,0.856188322368421,0.8052050331554399,0.856188322368421,0.8554370232348678,0.29135036272513204,0.8870511088354002,0.8427643662607396,0.8870511088354002,0.8866056645587822
256,0.3379761868071358,0.8652920850646353,0.8097043031827884,0.8652920850646353,0.8645834767893691,0.3514352754542702,0.8540296052631579,0.7991419409606001,0.8540296052631579,0.8532794547169329,0.2935015212539268,0.8869306300181579,0.842412678309923,0.8869306300181579,0.8864684773554884
257,0.33673454382192836,0.8656112938596491,0.8081639514248016,0.8656112938596491,0.8649130436391467,0.350340978095406,0.8558799342105263,0.7993843152749532,0.8558799342105263,0.8551855706743127,0.2924304535643096,0.8867929399413096,0.8412173436003939,0.8867929399413096,0.8863791986940257
258,0.33610000986251587,0.8653191366574331,0.8075785064963571,0.8653191366574331,0.864630653212446,0.34886639526015834,0.8557771381578947,0.802755014372383,0.8557771381578947,0.855046595748997,0.29183335526484433,0.8863884753405677,0.839909481169626,0.8863884753405677,0.8859550466889272
259,0.3371635173221264,0.8653876673591875,0.8086004880934768,0.8653876673591875,0.8647947585209202,0.3499130151773754,0.8549547697368421,0.801326825242737,0.8549547697368421,0.8543860442178186,0.2928189446601162,0.8866982780134764,0.8414971898117686,0.8866982780134764,0.8863030766731513
260,0.3386402626006777,0.8657483552631579,0.8086692296037402,0.8657483552631579,0.8650667581166435,0.35072922392895345,0.8571134868421053,0.8034215660211333,0.8571134868421053,0.856345374439216,0.29286453387585915,0.8880235450031411,0.8424336153931634,0.8880235450031411,0.887580044407593
261,0.33611887883281444,0.8654075051939059,0.8114330037149092,0.8654075051939059,0.8648258249985274,0.3489744239731839,0.8553659539473685,0.805493672576976,0.8553659539473685,0.8547697072937552,0.2914243919057854,0.8867671230519005,0.8432224763460573,0.8867671230519005,0.8864207222885006
262,0.33622531101644204,0.8657772102954755,0.8082011181514476,0.8657772102954755,0.8651152288696684,0.34946605720018087,0.8555715460526315,0.8012776293247098,0.8555715460526315,0.8549513075725678,0.29148234836054143,0.8868703906095368,0.840235290162075,0.8868703906095368,0.886436333885229
263,0.33681763002746984,0.8656419523314867,0.8086515082107297,0.8656419523314867,0.8649107083662104,0.34988000518397283,0.856702302631579,0.8033108519834607,0.856702302631579,0.8559401145877693,0.2921339609587091,0.8867757286817036,0.8428515621091975,0.8867757286817036,0.8863043938173324
264,0.33618053339855164,0.8661505222760849,0.8092760761485129,0.8661505222760849,0.8654728185811601,0.3486196524218509,0.8559827302631579,0.7994330932340159,0.8559827302631579,0.8553027036686446,0.2919523515661326,0.8871974045420514,0.8429866505944726,0.8871974045420514,0.8867774524570295
265,0.3353632832443065,0.8659359129732225,0.8101879783033645,0.8659359129732225,0.8653014216349496,0.3488798643413343,0.8560855263157895,0.7986470844577871,0.8560855263157895,0.8554292395389356,0.28881283198376667,0.8876104747725962,0.8419530520487731,0.8876104747725962,0.8871998808075461
266,0.33694349172923266,0.8656960555170822,0.809786477319015,0.8656960555170822,0.8649992843327649,0.35041066376786484,0.8551603618421053,0.8039229243715033,0.8551603618421053,0.8544444768362244,0.29440553866752994,0.8860184332590381,0.8405176673038108,0.8860184332590381,0.8855216569224174
267,0.33640093461628434,0.8661883945060018,0.8115755893723423,0.8661883945060018,0.8656773211010044,0.34899439152918366,0.857421875,0.8094102877983842,0.857421875,0.8568878617846586,0.2912158330445031,0.8878084042580656,0.8448004837645299,0.8878084042580656,0.8875053007683901
268,0.3354874107701186,0.8662641389658357,0.8104706491331922,0.8662641389658357,0.865649793821867,0.34749228232785273,0.8555715460526315,0.7990494655684369,0.8555715460526315,0.8549944739843067,0.29045787459960537,0.8874039396573238,0.8437034129499219,0.8874039396573238,0.8870147160727926
269,0.3354243842793744,0.8655589941135734,0.8090464251479214,0.8655589941135734,0.8649500573708861,0.34855779534892034,0.8549547697368421,0.8020164088087566,0.8549547697368421,0.8544196901183426,0.28756276542990244,0.8876793198110203,0.8447769234117886,0.8876793198110203,0.8873490819690144
270,0.33558318728885494,0.8660783846952909,0.8099720076203142,0.8660783846952909,0.8654753025000087,0.3482433588881242,0.8562911184210527,0.7993595397596406,0.8562911184210527,0.8557094219373091,0.2887353306803415,0.8878084042580656,0.8458407039608691,0.8878084042580656,0.8874637760776958
271,0.3370454707359233,0.8662370873730378,0.8118189389943081,0.8662370873730378,0.8657618742690313,0.34975930420975937,0.8560855263157895,0.798881146515955,0.8560855263157895,0.8555594074481343,0.2909036397841119,0.8881009956713682,0.8460881993293737,0.8881009956713682,0.8878311869444366
272,0.3347450301312564,0.8664516966759003,0.8096675794063132,0.8664516966759003,0.8658265799371581,0.3477596248451032,0.8568050986842105,0.7957753742334911,0.8568050986842105,0.8561213942556616,0.290925422503975,0.8874899959553539,0.8429649740433273,0.8874899959553539,0.8871101314827518
273,0.3359697026339044,0.8663128318328717,0.8075363714296753,0.8663128318328717,0.8655206161748195,0.34869968420580816,0.8576274671052632,0.7971362954499367,0.8576274671052632,0.856788519096882,0.2893402769594963,0.8880493618925501,0.8404376275909196,0.8880493618925501,0.8875180362134952
274,0.3339033501079979,0.866467927631579,0.8097881149475497,0.866467927631579,0.8657022175563078,0.34715545334314046,0.8550575657894737,0.7976463424757461,0.8550575657894737,0.8542710449018899,0.2870951127858974,0.8882128688588075,0.8441105987749901,0.8882128688588075,0.8877360507713705
275,0.33462196937998684,0.8667546745152355,0.8098926622313399,0.8667546745152355,0.8660392942242053,0.3472433200007991,0.8570106907894737,0.8024168983711423,0.8570106907894737,0.8562765646319488,0.28924408047327255,0.8881526294501864,0.8424598395257362,0.8881526294501864,0.8876712986421823
276,0.3356285501660182,0.8665689202446907,0.8110637156146409,0.8665689202446907,0.865879182137255,0.3485675312970814,0.8580386513157895,0.8057599422417142,0.8580386513157895,0.8573192313595235,0.2880960407029788,0.8894262626610329,0.845754359713399,0.8894262626610329,0.8890759597111
277,0.3333135966558976,0.866882718721145,0.8103779083832637,0.866882718721145,0.866019701555574,0.3469497890848863,0.8556743421052632,0.8028359412642321,0.8556743421052632,0.8548304511691922,0.2890940573617462,0.8879288830753078,0.8432345115865155,0.8879288830753078,0.8873677793735526
278,0.3360933178239472,0.8664264485226223,0.8111093093714942,0.8664264485226223,0.8658903453889647,0.34937952537285655,0.8565995065789473,0.8069548052148653,0.8565995065789473,0.8561128622974433,0.2902251789509595,0.8886861784979734,0.8470421089706756,0.8886861784979734,0.8883633394954082
279,0.3353281485076756,0.866419234764543,0.8102310033760095,0.866419234764543,0.8658699725062828,0.34864822500630427,0.8562911184210527,0.8030669611440938,0.8562911184210527,0.8556981228291703,0.28992914384690033,0.8878256155176717,0.8456341687824265,0.8878256155176717,0.8875005345802088
280,0.3354417110964422,0.8663200455909511,0.8091293401253726,0.8663200455909511,0.8655121317880211,0.3484222826204802,0.8562911184210527,0.8026230389406835,0.8562911184210527,0.8555127183428196,0.2902817028022334,0.8881096013011712,0.842769167841543,0.8881096013011712,0.8876279794006102
281,0.3325401819478772,0.8670612592336103,0.8113124234675603,0.8670612592336103,0.8662930451594366,0.34617070304720027,0.8577302631578947,0.8016172513409915,0.8577302631578947,0.8568952517462922,0.28909156425897303,0.8877567704792475,0.8426414428848995,0.8877567704792475,0.8872517482719818
282,0.33410299528778864,0.8669241978301016,0.812520101551177,0.8669241978301016,0.8663738198038335,0.34783546861849335,0.8575246710526315,0.8053611953590323,0.8575246710526315,0.8569294889146624,0.28768932918157836,0.8888152629450187,0.8447280433100818,0.8888152629450187,0.8884724145868168
283,0.3346809265190875,0.8670558489150508,0.8117041994604707,0.8670558489150508,0.8665090301942401,0.3483003817106548,0.8571134868421053,0.7969514780113419,0.8571134868421053,0.8565339428003319,0.28980048952705423,0.8887550235363975,0.8453590621955624,0.8887550235363975,0.8884413582209809
284,0.3337872111456106,0.8666717162973222,0.8128217556614044,0.8666717162973222,0.8661756092278733,0.3473840449985705,0.8572162828947368,0.8089160726831189,0.8572162828947368,0.8566921610980608,0.28690051949529033,0.8888410798344277,0.8459332599742154,0.8888410798344277,0.8885193414717485
285,0.33539705552222654,0.8669440356648199,0.8110047334045765,0.8669440356648199,0.8663496805504598,0.34873749237311513,0.8565995065789473,0.8021579545854518,0.8565995065789473,0.8559859504858353,0.2920735279194986,0.887498601585157,0.8432638865044698,0.887498601585157,0.887133975274987
286,0.3325939103617012,0.8667997605032317,0.8116646452729634,0.8667997605032317,0.8660932149883902,0.34610800052943985,0.8583470394736842,0.8040849745348541,0.8583470394736842,0.8575993398632128,0.28753926552916825,0.8884452208634889,0.8442988249683886,0.8884452208634889,0.8880140890293098
287,0.3346041379047563,0.8670324042012927,0.81128426542663,0.8670324042012927,0.8663027042587524,0.3494206227754292,0.8553659539473685,0.8025559137826616,0.8553659539473685,0.8546097314840356,0.2880010269947417,0.8892971782139876,0.8458210198803956,0.8892971782139876,0.8888343938905935
288,0.33364389007111334,0.8669945319713758,0.8113118780544487,0.8669945319713758,0.8662933690660073,0.34704027207274185,0.8588610197368421,0.8031897746141883,0.8588610197368421,0.8581847864122957,0.2896162578586428,0.8885398827913221,0.8458264344425006,0.8885398827913221,0.8880777108644259
289,0.33318388943636956,0.8670666695521699,0.8125839164587367,0.8670666695521699,0.8666000407743554,0.346209726835552,0.8569078947368421,0.8005036529148277,0.8569078947368421,0.8563696011057793,0.28772340289618187,0.8892025162861544,0.8466193293576616,0.8892025162861544,0.8889153510108401
290,0.33465455839838676,0.8673858783471837,0.8116430064774158,0.8673858783471837,0.8666193937867501,0.34768521785736084,0.8582442434210527,0.8020568716690185,0.8582442434210527,0.8574175466927804,0.2912087738893519,0.8880579675223531,0.843321234602804,0.8880579675223531,0.8875752837716729
291,0.3336357721991816,0.8676618045937211,0.8109664681691999,0.8676618045937211,0.8667894804746086,0.3474950947259602,0.8564967105263158,0.797760087067596,0.8564967105263158,0.8556753038723697,0.28792334622595417,0.8888496854642307,0.8445731686092776,0.8888496854642307,0.8882893149457869
292,0.3321284246686863,0.8674273574561403,0.8102879205567675,0.8674273574561403,0.8665998926231255,0.34540699971349614,0.858141447368421,0.8007214199367149,0.858141447368421,0.8572267884486231,0.2873408426346203,0.888987375541079,0.8427799311690327,0.888987375541079,0.8884121933797196
293,0.33132534264307384,0.8681198782317636,0.8124705565809113,0.8681198782317636,0.8673397267415365,0.34489727490826655,0.857421875,0.8024196861905629,0.857421875,0.8566321786025419,0.28839554764205294,0.8887464179065945,0.8448449531071438,0.8887464179065945,0.8882169608859406
294,0.33214808635874576,0.8676888561865189,0.8118435576974566,0.8676888561865189,0.8670198239621363,0.3453515815107446,0.8572162828947368,0.8029455697995831,0.8572162828947368,0.8565587443158768,0.28697932746806704,0.8893229951033966,0.8461507146918955,0.8893229951033966,0.8889135138510496
295,0.33154942993752295,0.8678692001385041,0.8126796842211428,0.8678692001385041,0.8671833443664397,0.345410124251717,0.8575246710526315,0.8072828420818782,0.8575246710526315,0.8568194970242692,0.2882593911895397,0.8891766993967454,0.8460958125207737,0.8891766993967454,0.8887321556130345
296,0.3321891794959814,0.8676618045937211,0.8120227386281024,0.8676618045937211,0.8669732659852925,0.3451676149117319,0.8576274671052632,0.8077953311917829,0.8576274671052632,0.8569357325307707,0.28577814110903016,0.8895467414782751,0.8470354703677676,0.8895467414782751,0.8891607255957
297,0.33235998312742315,0.8679485514773777,0.813038575424362,0.8679485514773777,0.8673699230839922,0.34494720477806895,0.8564967105263158,0.8021607951378902,0.8564967105263158,0.8558784113731146,0.2854205505664382,0.8897618822233505,0.8467285529393512,0.8897618822233505,0.8894175315297502
298,0.3318704956126015,0.86779706255771,0.8137015584718316,0.86779706255771,0.8672020592143983,0.3451312215704667,0.8565995065789473,0.8045014050454993,0.8565995065789473,0.8559924302420248,0.28536945529783553,0.8895725583676841,0.8473772255357069,0.8895725583676841,0.889239407136115
299,0.3326594057670921,0.8677808316020313,0.812671317363436,0.8677808316020313,0.8672382696225719,0.34595140030509547,0.8583470394736842,0.8034335020833704,0.8583470394736842,0.857734666816638,0.28720289436424673,0.8896930371849264,0.8457475492852503,0.8896930371849264,0.88936858843693
300,0.3300217774491121,0.8679756030701754,0.812850154162007,0.8679756030701754,0.8673926028248561,0.3443044471113305,0.8575246710526315,0.8022700834046111,0.8575246710526315,0.8568820893013578,0.2831823173443768,0.8895639527378811,0.845713175691263,0.8895639527378811,0.8892248533112191
301,0.33253122358441023,0.8674994950369345,0.8112728030581627,0.8674994950369345,0.8668440108734298,0.34574442945028605,0.8576274671052632,0.8043868862915508,0.8576274671052632,0.8569603238710674,0.28745398826399404,0.8893316007331996,0.8476105076320491,0.8893316007331996,0.8888951656314289
302,0.33090702205593675,0.8677916522391506,0.8132159847521164,0.8677916522391506,0.8670425471346817,0.3450123401064622,0.8601973684210527,0.8115193215317043,0.8601973684210527,0.8593784657548577,0.28584695216573336,0.8903728819393647,0.8473173836213543,0.8903728819393647,0.889880674443102
303,0.33186008601637756,0.8673750577100646,0.8122266838594678,0.8673750577100646,0.8668104747586499,0.3459788137360623,0.8572162828947368,0.8004183941248589,0.8572162828947368,0.8566025779455461,0.2858037555794693,0.8892025162861544,0.8461314444583381,0.8892025162861544,0.8889111506385371
304,0.3316749222886199,0.8682172639658357,0.812745453403058,0.8682172639658357,0.8676528862610882,0.3455868943741447,0.8564967105263158,0.8005844239459259,0.8564967105263158,0.8559367505130322,0.2848563077710308,0.8904073044585769,0.8491534993173734,0.8904073044585769,0.8900700194719318
305,0.3320303383461326,0.8675878635734072,0.8123165788448075,0.8675878635734072,0.8670757110233797,0.34588994634778875,0.8571134868421053,0.8029192656338118,0.8571134868421053,0.8566728718452264,0.28521728901608967,0.8898823610405927,0.848104008612904,0.8898823610405927,0.8895983807223066
306,0.33219788793821853,0.8681775882963989,0.8114016356517137,0.8681775882963989,0.8675170500071059,0.34619604756957606,0.8565995065789473,0.8050034934557713,0.8565995065789473,0.8559200252740647,0.2873975107292577,0.8895897696272902,0.8436896656805508,0.8895897696272902,0.8891943285403359
307,0.3317176169360664,0.868457121421976,0.8124031560653592,0.868457121421976,0.86777346702977,0.3456428803895649,0.8584498355263158,0.8042761728457763,0.8584498355263158,0.8577628283690482,0.28556846634167615,0.8903728819393647,0.8458461776712437,0.8903728819393647,0.8899427963727287
308,0.3311609271105417,0.8678367382271468,0.8131929078934487,0.8678367382271468,0.8672763419287228,0.34541996058664826,0.8579358552631579,0.8003191455833621,0.8579358552631579,0.8573550110139838,0.28655823685687454,0.8893143894735936,0.8442383758412024,0.8893143894735936,0.8889426863013321
309,0.3311850586811481,0.8684282663896583,0.8135933386519237,0.8684282663896583,0.8678930227926225,0.3447663658543637,0.8588610197368421,0.807959438277538,0.8588610197368421,0.8582804475468286,0.28577175374653896,0.8896758259253204,0.8470269997388596,0.8896758259253204,0.8893727668786334
310,0.33211501166981233,0.8678926448522623,0.8140488421874756,0.8678926448522623,0.8673757652585076,0.34607033196248504,0.8563939144736842,0.8055682937964381,0.8563939144736842,0.855846908183637,0.2852932647790435,0.8902093749731074,0.8482729086033333,0.8902093749731074,0.889931440959557
311,0.3310486938759671,0.8685400796398892,0.8137152798026138,0.8685400796398892,0.8679249271798084,0.3451230165205504,0.8575246710526315,0.8026430036561776,0.8575246710526315,0.856911459969055,0.28773078466622404,0.8897360653339415,0.8451664039451325,0.8897360653339415,0.8893287264328366
312,0.33109296490941353,0.8682352983610342,0.8142786052791404,0.8682352983610342,0.8675362777753726,0.3453958379594903,0.8560855263157895,0.8022526374481738,0.8560855263157895,0.8553315836152516,0.2853039018109318,0.8901921637135014,0.8478623565183586,0.8901921637135014,0.889762054722461
313,0.3308050662471757,0.8683128462603878,0.8118640170723082,0.8683128462603878,0.8677562055631032,0.344166708619971,0.8572162828947368,0.7971856813306727,0.8572162828947368,0.8566472371122292,0.28590324944672546,0.8893057838437906,0.8441765050441843,0.8893057838437906,0.8889683844464421
314,0.3310086882070381,0.8679359274007387,0.8121236605076769,0.8679359274007387,0.8672862106433412,0.34446177670830175,0.858141447368421,0.8043761873647347,0.858141447368421,0.8574770252103281,0.2854169445067161,0.8896241921465022,0.8470077320001046,0.8896241921465022,0.8892495009814022
315,0.328465804416387,0.8684589248614959,0.8137729839798286,0.8684589248614959,0.8678466073493601,0.34211320155545283,0.8572162828947368,0.8005264748761437,0.8572162828947368,0.8565524054836914,0.28319133243879796,0.890020051117441,0.8480000470938889,0.890020051117441,0.8896325550093422
316,0.3319087344413539,0.8681739814173592,0.813069057705294,0.8681739814173592,0.8676010927335821,0.34486044237488195,0.8578330592105263,0.8096361917619886,0.8578330592105263,0.8573171279692692,0.2868447147619016,0.8896155865166993,0.8460206061099113,0.8896155865166993,0.8892741742418689
317,0.329546445349467,0.8688142024469068,0.8151908680028229,0.8688142024469068,0.8682245300895515,0.34294123398630244,0.8576274671052632,0.8065897844004895,0.8576274671052632,0.857069710683069,0.28678740438557926,0.889013192430488,0.8457722356353329,0.889013192430488,0.8886491471925781
318,0.33178823506622984,0.8687600992613111,0.8149849792256016,0.8687600992613111,0.8682887727218764,0.3455392483033632,0.8596833881578947,0.8119385344298683,0.8596833881578947,0.8591210571190175,0.28843338323695294,0.890002839857835,0.8491301239173594,0.890002839857835,0.8897258871946084
319,0.332316674106339,0.8683543253693444,0.8130331054600453,0.8683543253693444,0.8677043418458362,0.3459412220277284,0.8579358552631579,0.8068811544218689,0.8579358552631579,0.8572330059023271,0.28741740976964053,0.8903040369009406,0.8455869243315484,0.8903040369009406,0.8898762364014854
320,0.330102793425184,0.8684733523776547,0.8133848428938714,0.8684733523776547,0.8676766126523037,0.34427429343524735,0.858141447368421,0.8020042255580453,0.858141447368421,0.8573072210519883,0.284529356707739,0.8903384594201527,0.8477716522513431,0.8903384594201527,0.88984165481984
321,0.33025083171473757,0.8687817405355494,0.8134849412059056,0.8687817405355494,0.8680659190816457,0.34445929213574056,0.858655427631579,0.8044275888625361,0.858655427631579,0.8579129738328183,0.2858436324797004,0.8899167835598049,0.8474513740321779,0.8899167835598049,0.889460503059375
322,0.3295113742901898,0.8685076177285319,0.8139815261766182,0.8685076177285319,0.8679884231255488,0.3428676802861063,0.8595805921052632,0.8083740235576952,0.8595805921052632,0.8590980897699211,0.28421337160007665,0.8902610087519255,0.8470091584038657,0.8902610087519255,0.889925105394426
323,0.33031982571464497,0.8690161876731302,0.8160019102914186,0.8690161876731302,0.8684664326390258,0.34342662754811737,0.8571134868421053,0.8034187255854194,0.8571134868421053,0.856563681111938,0.28617286279192417,0.8896586146657143,0.846463288998332,0.8896586146657143,0.8892935869176075
324,0.33018318148861303,0.8684643351800554,0.8150153943973917,0.8684643351800554,0.8679690542417824,0.34349638851065384,0.8588610197368421,0.8058787343866147,0.8588610197368421,0.8583159904178337,0.28538500263466426,0.8898737554107897,0.8481982884388993,0.8898737554107897,0.8895749442453659
325,0.3299028877846532,0.8690360255078485,0.8152680526772268,0.8690360255078485,0.8683424229767677,0.34393706290345444,0.8588610197368421,0.8019548454517887,0.8588610197368421,0.858098243436886,0.2853692274506008,0.891001092914985,0.8471668339793377,0.891001092914985,0.8905683932983883
326,0.3294349684554564,0.8693570377423823,0.8161616631209389,0.8693570377423823,0.8688658649373193,0.34272635139917074,0.858655427631579,0.8080504373804863,0.858655427631579,0.8581866882597063,0.28403755222068744,0.8904503326075919,0.8496809692760893,0.8904503326075919,0.890146865329766
327,0.32974079138464324,0.8694616372345337,0.8163806758191657,0.8694616372345337,0.8689134982892099,0.34395816608479146,0.859375,0.8121439291605397,0.859375,0.8587837707780297,0.2833333358421351,0.8913281068474996,0.8482799429397974,0.8913281068474996,0.8909957075864757
328,0.3279577653548944,0.8690829149353647,0.8124190207757087,0.8690829149353647,0.8683602827087024,0.3421865309539594,0.8576274671052632,0.7983428621858916,0.8576274671052632,0.8568911531334296,0.28213474470748384,0.8908892197275458,0.8469799497510474,0.8908892197275458,0.8904689550553323
329,0.32975781332642967,0.86877452677747,0.8152769632168129,0.86877452677747,0.8683120900497517,0.34483243603455394,0.8573190789473685,0.8041988937827524,0.8573190789473685,0.8568469517689242,0.2815801062660392,0.8916206982608023,0.8493919089398696,0.8916206982608023,0.891395895028796
330,0.3297163270076776,0.8695608264081256,0.8156754325417002,0.8695608264081256,0.8690491182573504,0.3429185434391624,0.8597861842105263,0.8081050452574345,0.8597861842105263,0.8592784768073977,0.28553742380509184,0.8904589382373949,0.8465930874064178,0.8904589382373949,0.8901362867211983
331,0.3301125733200753,0.8686753376038782,0.8149664927535178,0.8686753376038782,0.8682215857881244,0.34412312664483724,0.857421875,0.8058001547260976,0.857421875,0.8570611646884563,0.2850315997239716,0.8909322478765609,0.8476970120339963,0.8909322478765609,0.8906462807953555
332,0.3286789975172925,0.8688953572253001,0.8143710569146146,0.8688953572253001,0.8683543744026505,0.3422929362246865,0.8589638157894737,0.8021948611252924,0.8589638157894737,0.8584391132694256,0.28330997130174723,0.8910957548428182,0.8491825710844637,0.8910957548428182,0.8907707690971646
333,0.3295967329021746,0.8691478387580794,0.8155382567344022,0.8691478387580794,0.8685506495066672,0.3435162603855133,0.8573190789473685,0.802213880940218,0.8573190789473685,0.8567662761101373,0.28394290329961636,0.8910527266938031,0.8476358568986228,0.8910527266938031,0.8906944816064982
334,0.33048766166219423,0.8686951754385965,0.8138048366765381,0.8686951754385965,0.8680245556722488,0.3438650573554792,0.857421875,0.8037501102334563,0.857421875,0.8567582333983826,0.28581901894571177,0.8902610087519255,0.8476696562549044,0.8902610087519255,0.8898595753880288
335,0.3282656546609884,0.8693390033471837,0.8168394668248082,0.8693390033471837,0.8688121981413078,0.34269030627451447,0.8570106907894737,0.8026947794897362,0.8570106907894737,0.8564738844043124,0.2838195332603469,0.8906482620930612,0.847916581726345,0.8906482620930612,0.8903048837698745
336,0.32810238669673714,0.8690486495844876,0.8147573837027339,0.8690486495844876,0.8684489581204144,0.34094035782312093,0.858141447368421,0.803159654532057,0.858141447368421,0.857531272074047,0.28141021209707007,0.8916120926309992,0.8505951620938401,0.8916120926309992,0.8912726498536938
337,0.33036931331027797,0.8693894996537396,0.8148341596688985,0.8693894996537396,0.8689424618987334,0.3438263943320827,0.8578330592105263,0.8012369248859638,0.8578330592105263,0.8573715628279925,0.2841934279535397,0.891508825073363,0.8496089547600781,0.891508825073363,0.8912677694093046
338,0.3276670392970739,0.8694472097183749,0.8143224850504518,0.8694472097183749,0.868883875014752,0.34169583101021617,0.8585526315789473,0.804627759852764,0.8585526315789473,0.8579556500961858,0.28129656100488976,0.8911301773620303,0.8476781265895209,0.8911301773620303,0.8908129422730513
339,0.3284660689498359,0.8698529836103417,0.8154946997704834,0.8698529836103417,0.8692236349039768,0.34162636179673045,0.8585526315789473,0.8065668392229973,0.8585526315789473,0.8578543864899749,0.2827924665883643,0.8918186277462716,0.8475199857671238,0.8918186277462716,0.891433868842201
340,0.3280826341137221,0.869616733033241,0.8142622490990951,0.869616733033241,0.8690195660584566,0.34139286216936615,0.8591694078947368,0.8040632781887274,0.8591694078947368,0.8585688885071973,0.285254133024584,0.8909838816553789,0.8472941021266013,0.8909838816553789,0.8906201130484529
341,0.3288144132987504,0.8697988804247461,0.8157612551032539,0.8697988804247461,0.8690994059688918,0.34269907600001287,0.8578330592105263,0.8065946992408801,0.8578330592105263,0.8571496166762662,0.2838530004705171,0.8909236422467578,0.8486529929728507,0.8909236422467578,0.8904966711348506
342,0.3272482728033515,0.8696726396583564,0.8161630563614655,0.8696726396583564,0.8690625964009696,0.3412200573243593,0.8596833881578947,0.805139153202657,0.8596833881578947,0.859098313683392,0.2822525325606715,0.8913281068474996,0.8484010246977283,0.8913281068474996,0.8909918898048598
343,0.3286091421394577,0.8698331457756233,0.8172584661891401,0.8698331457756233,0.869338511327204,0.3422387791307349,0.8583470394736842,0.808106294179044,0.8583470394736842,0.8578144844347814,0.2817514917485756,0.8920337684913471,0.8502321056798614,0.8920337684913471,0.8917346467178799
344,0.32901302574413965,0.8698692145660203,0.8158162413510484,0.8698692145660203,0.869389388848224,0.3420786418412861,0.8584498355263158,0.8045988395043219,0.8584498355263158,0.8579135438707634,0.2835740177232602,0.8911301773620303,0.8489237199893555,0.8911301773620303,0.8908478094781975
345,0.3266591976499073,0.8697772391505079,0.8160072293122783,0.8697772391505079,0.8691338734079233,0.34036246098970113,0.8590666118421053,0.8037092100498582,0.8590666118421053,0.8583880778729768,0.28151713525091854,0.8904847551268039,0.8490749807464211,0.8904847551268039,0.890100091369709
346,0.3270112338268636,0.8696834602954755,0.8150769849653444,0.8696834602954755,0.8690752959844324,0.3403864440165068,0.8578330592105263,0.8046108525598237,0.8578330592105263,0.857274134925345,0.28038263703906147,0.8920681910105591,0.850250416842746,0.8920681910105591,0.8917334478706413
347,0.32642708271604276,0.8704048361034165,0.816539502303308,0.8704048361034165,0.8698614867170098,0.33957981592730474,0.8595805921052632,0.806384477123445,0.8595805921052632,0.8589738873343723,0.2808285250157121,0.892507078130513,0.852330542326899,0.892507078130513,0.8922034427637758
348,0.32638015344202354,0.8699359418282548,0.8169080086676723,0.8699359418282548,0.8694662851806395,0.3402402118632668,0.8585526315789473,0.8078125959938262,0.8585526315789473,0.8581394519756086,0.2810373379939647,0.8923263599046496,0.8514097777633365,0.8923263599046496,0.8920692374930479
349,0.3258130781538269,0.8701541580101569,0.8155920439617873,0.8701541580101569,0.8694916883135649,0.3394437604828885,0.8587582236842105,0.8038865696969607,0.8587582236842105,0.8580849860743559,0.2813106807965499,0.8916034870011962,0.8495545807182975,0.8916034870011962,0.8912154072275724
350,0.32583891632704415,0.8701289098568791,0.8146362960289515,0.8701289098568791,0.8693822164521366,0.33806112408638,0.8605057565789473,0.8108602282297631,0.8605057565789473,0.859814001041836,0.28333126454136137,0.8901491355644863,0.846461546887778,0.8901491355644863,0.8896440021679424
351,0.32648910129389497,0.8698800352031394,0.8159873223218561,0.8698800352031394,0.8692990468194505,0.3394544736335152,0.859375,0.8044620444755032,0.859375,0.858797188998031,0.2810353803876544,0.8913969518859237,0.8506859224958679,0.8913969518859237,0.891083767413547
352,0.3269809410457576,0.8702966297322253,0.816296671735022,0.8702966297322253,0.8696110634598773,0.3400757610797882,0.8597861842105263,0.8081344554429936,0.8597861842105263,0.8590922017772459,0.2809895944239565,0.8926791907265733,0.8508275899106919,0.8926791907265733,0.8922886555537699
353,0.32651364610686084,0.8699503693444137,0.8152325084817514,0.8699503693444137,0.8693696315608704,0.3399093951049604,0.857421875,0.8059026474544203,0.857421875,0.8568196205649934,0.28067235778212385,0.8924124162026797,0.8506538272136629,0.8924124162026797,0.8920293329372684
354,0.32600555809030685,0.8703290916435826,0.8157281506225083,0.8703290916435826,0.8696153640137264,0.3396191879322654,0.8599917763157895,0.8050910721970365,0.8599917763157895,0.8592263560103802,0.2795567179981247,0.8924124162026797,0.8508774899150273,0.8924124162026797,0.8919907737429231
355,0.3272939200546603,0.8708322512696214,0.8171996863919512,0.8708322512696214,0.8701123703003404,0.34027100864209625,0.8617393092105263,0.8022589058791361,0.8617393092105263,0.8609179538191827,0.2832097748580066,0.8913969518859237,0.8490996845762878,0.8913969518859237,0.8909525128584468
356,0.3261951992661449,0.8701794061634349,0.816911453529975,0.8701794061634349,0.8696648520066368,0.33999951419077423,0.8595805921052632,0.8092613736637194,0.8595805921052632,0.8590643319266003,0.27987085183947086,0.8918960784144988,0.8511120174172156,0.8918960784144988,0.8915983319406098
357,0.3278022906291518,0.8706843692289935,0.8172461078100579,0.8706843692289935,0.8701306341898323,0.3417760996442092,0.8611225328947368,0.8070863940617373,0.8611225328947368,0.8605688839272604,0.2817839801028865,0.8923693880536647,0.8512049402388114,0.8923693880536647,0.89205741196228
358,0.3265364143381709,0.8697123153277931,0.8157829603817139,0.8697123153277931,0.8691656408997875,0.3407585605194694,0.8594777960526315,0.8076661771281123,0.8594777960526315,0.8589312555580595,0.27962285108727675,0.8923693880536647,0.8487888315295669,0.8923693880536647,0.8920393013259403
359,0.3277258696318333,0.8702443299861495,0.8162462672052587,0.8702443299861495,0.8697405980065704,0.34105654452976425,0.862047697368421,0.8106691872256303,0.862047697368421,0.861543552794756,0.2828485371505798,0.8920767966403621,0.8486647243298658,0.8920767966403621,0.8917877447829263
360,0.3282029955671104,0.869860197368421,0.8149586488841656,0.869860197368421,0.8692126656478757,0.34159152915603236,0.8616365131578947,0.8030600691317618,0.8616365131578947,0.8609740257795988,0.28299844280628667,0.8917583883376505,0.8480647428816862,0.8917583883376505,0.8913802249213276
361,0.32646753453922184,0.8703994257848569,0.816557683168101,0.8703994257848569,0.8698588571146842,0.3404347645609002,0.8596833881578947,0.8033558797083709,0.8596833881578947,0.859113510067005,0.2819443388523217,0.8923005430152405,0.8515216971362122,0.8923005430152405,0.8919807760506279
362,0.3252464971218743,0.8703453225992613,0.8172566174864767,0.8703453225992613,0.8698461466487015,0.3382737918903953,0.8597861842105263,0.8026284386030761,0.8597861842105263,0.8592170653932905,0.28085166090791636,0.8918014164866656,0.850408744773807,0.8918014164866656,0.8915002061021038
363,0.3279085542906905,0.8700946445060018,0.8159730838769164,0.8700946445060018,0.8695212462584369,0.3412489326376664,0.8594777960526315,0.8053310819336664,0.8594777960526315,0.8588394834543672,0.28213550357556266,0.8924554443516949,0.8516293282102781,0.8924554443516949,0.8921107756424241
364,0.3267970013871638,0.8703940154662974,0.8175153488875989,0.8703940154662974,0.8699512113428249,0.3405067434436397,0.8594777960526315,0.8085107926185794,0.8594777960526315,0.8590618940843557,0.28211640734567417,0.8919735290827259,0.8511151369999863,0.8919735290827259,0.8917245889417651
365,0.32511387263198527,0.8704174601800554,0.8166123045643584,0.8704174601800554,0.8697031822175258,0.3395118729064339,0.859375,0.8024420475862176,0.859375,0.8585985995118194,0.27964351097515655,0.8926017400583461,0.851298199785708,0.8926017400583461,0.8921603428630815
366,0.3255772470932588,0.8706230522853186,0.8164991570354161,0.8706230522853186,0.8699890224764617,0.33917465806007385,0.8590666118421053,0.8039605632954065,0.8590666118421053,0.8583628829518476,0.28080754542692793,0.8921542473085893,0.8501885923876219,0.8921542473085893,0.8917658127947522
367,0.3264634126276191,0.8699990622114496,0.8148997372735823,0.8699990622114496,0.8693658601809747,0.34036992098155777,0.8583470394736842,0.8045635187054925,0.8583470394736842,0.8576162168568849,0.28115837698115004,0.8918530502654837,0.8491624093285032,0.8918530502654837,0.8914744822151967
368,0.3242969592742532,0.8705437009464451,0.817828198169946,0.8705437009464451,0.8698652211492086,0.33832105523661565,0.8580386513157895,0.8078212266766828,0.8580386513157895,0.857337568970878,0.2783956338393159,0.8926877963563763,0.8512706903333535,0.8926877963563763,0.892288244160197
369,0.32426941887383537,0.8709206198060941,0.8191296190207747,0.8709206198060941,0.8703280529966875,0.3383819256958209,0.8598889802631579,0.8106942197240243,0.8598889802631579,0.8592818728755587,0.27854078235313784,0.8922489092364224,0.8501764087166742,0.8922489092364224,0.8919052977792576
370,0.32666102302151484,0.8700946445060018,0.8148480427660101,0.8700946445060018,0.8695295313321814,0.3407121645776849,0.8587582236842105,0.7977332620549814,0.8587582236842105,0.8582488172908441,0.28254619548547755,0.8916723320396204,0.8491446066078714,0.8916723320396204,0.8913098143543976
371,0.32613669403261974,0.8706771554709142,0.8180465006969152,0.8706771554709142,0.8700774191043616,0.3396433733011547,0.8601973684210527,0.8024677224004738,0.8601973684210527,0.8595178009286198,0.280464377304868,0.893522542447269,0.8538749215610958,0.893522542447269,0.8931780453752155
372,0.3258488095698264,0.8710739121652816,0.8167462201530464,0.8710739121652816,0.8703257250821367,0.3395172090906846,0.8623560855263158,0.8063728314188527,0.8623560855263158,0.8615782856469988,0.2817536832624537,0.8923177542748466,0.8487268535796698,0.8923177542748466,0.8918460047807495
373,0.3232347822970851,0.8709007819713758,0.8169152138827417,0.8709007819713758,0.8702609490207118,0.33745176070614863,0.8612253289473685,0.811910112359496,0.8612253289473685,0.860572191849543,0.2779444173313989,0.8928082751736186,0.8514836854067827,0.8928082751736186,0.8924292686595532
374,0.32586345247174453,0.8711857254155124,0.8177067316274517,0.8711857254155124,0.8704996701211014,0.3390286894221055,0.861328125,0.809910241117113,0.861328125,0.8605705622766558,0.2792014586314908,0.8939097957884048,0.8525910375577055,0.8939097957884048,0.8935200129533314
375,0.32548882230937426,0.870520256232687,0.8159155052331226,0.870520256232687,0.8699593947961051,0.33866891108061137,0.8604029605263158,0.8002849575425248,0.8604029605263158,0.859699541082238,0.2796237570557698,0.8927910639140125,0.8486922951468818,0.8927910639140125,0.8924367830320054
376,0.3256589063096685,0.8705635387811634,0.8161750481438117,0.8705635387811634,0.8699621008741185,0.33938806935360555,0.860094572368421,0.7999638034688011,0.860094572368421,0.8594149611478669,0.28244432347122006,0.8922058810874074,0.849476837615604,0.8922058810874074,0.891804900556033
377,0.32392593164303074,0.8711749047783933,0.8167911527524578,0.8711749047783933,0.8703460303356142,0.3371289450871317,0.8608141447368421,0.8070237949415136,0.8608141447368421,0.8599864955182396,0.2808607466689494,0.8923263599046496,0.8493426863614336,0.8923263599046496,0.8918033293233072
378,0.3248905085460631,0.8712686836334257,0.818516487147558,0.8712686836334257,0.8706519954074214,0.33778372093250875,0.8612253289473685,0.8084686070994687,0.8612253289473685,0.8605903287446612,0.2821139623311178,0.8918530502654837,0.849538606589861,0.8918530502654837,0.89149169358511
379,0.32586097497138733,0.8709242266851339,0.8172234365586653,0.8709242266851339,0.8703193276943131,0.3393216587995228,0.8598889802631579,0.803187428478122,0.8598889802631579,0.8592309957545389,0.28180963706003026,0.8921112191595741,0.849446643649519,0.8921112191595741,0.8917320544844517
380,0.3245542492177458,0.8707961824792244,0.8150830216399993,0.8707961824792244,0.8703330128517314,0.3388133582315947,0.8601973684210527,0.8049332789837279,0.8601973684210527,0.8596794470135394,0.2791777320348056,0.8928857258418458,0.8528630948842386,0.8928857258418458,0.8926653552139038
381,0.3247203480448859,0.8714868998153278,0.8175808806687783,0.8714868998153278,0.8709015455792626,0.33763827305091054,0.8615337171052632,0.8067098190442118,0.8615337171052632,0.860876385404805,0.2846616460202039,0.891508825073363,0.8493091351643426,0.891508825073363,0.891094445294904
382,0.3253853958124159,0.8712542561172668,0.8170611656888003,0.8712542561172668,0.8706552163260177,0.3399976554669832,0.8597861842105263,0.8039817444664064,0.8597861842105263,0.8590951380611547,0.27992533239214623,0.8927738526544066,0.8517977089694367,0.8927738526544066,0.8923993763839767
383,0.32283051737127544,0.8717087228762697,0.8163642031223953,0.8717087228762697,0.8710263354609113,0.3364084817861256,0.8604029605263158,0.7994543922315275,0.8604029605263158,0.8596932666776524,0.27824444362511197,0.8929889933994819,0.8502811632398763,0.8929889933994819,0.8925842996964468
384,0.3229621119611481,0.871398531278855,0.817880588024843,0.871398531278855,0.8707564843056793,0.3367876708507538,0.8615337171052632,0.8116584315121294,0.8615337171052632,0.8609224394588759,0.2798001263307474,0.8913281068474996,0.8484809132334524,0.8913281068474996,0.8909214821662238
385,0.3249609065298008,0.8709061922899354,0.8175760204449295,0.8709061922899354,0.870336334335508,0.3377386002164138,0.8617393092105263,0.8085199460848533,0.8617393092105263,0.8611068903389411,0.27803748898450437,0.8930578384379061,0.8515114140113876,0.8930578384379061,0.8927447025582336
386,0.32434853146391013,0.8716221577793167,0.8175522167733572,0.8716221577793167,0.8709518167322468,0.3383328600933677,0.8596833881578947,0.8049970249095665,0.8596833881578947,0.8589972216192935,0.2790697418335314,0.8934450917790419,0.8503040378252786,0.8934450917790419,0.8930153839736659
387,0.32579071226762824,0.8711947426131117,0.8167119780310813,0.8711947426131117,0.8705402117708444,0.3386901632735604,0.8609169407894737,0.8063366297165959,0.8609169407894737,0.8602186733802961,0.2833389128370531,0.8915948813713932,0.8492540053383729,0.8915948813713932,0.8911683724983419
388,0.3249240040173711,0.8711532635041551,0.8163289982576849,0.8711532635041551,0.8704724373511575,0.33894918466869156,0.8601973684210527,0.8037288484414917,0.8601973684210527,0.8595009338162928,0.2796933089803626,0.8928426976928306,0.8479327381330316,0.8928426976928306,0.8924255518546039
389,0.32460626885501304,0.8717321675900277,0.81929773527617,0.8717321675900277,0.8710729397132836,0.33745976027689484,0.8615337171052632,0.8089415416341322,0.8615337171052632,0.8608548072165302,0.28049196999264847,0.893023415918694,0.8515362495197826,0.893023415918694,0.8926484594251318
390,0.32306321497769236,0.8715662511542013,0.81873606752151,0.8715662511542013,0.8710455706323379,0.33647306655582626,0.8622532894736842,0.8068076575080542,0.8622532894736842,0.8616754346020223,0.2782600893178372,0.8921628529383923,0.849714754791406,0.8921628529383923,0.8918356802163929
391,0.3259911623302699,0.8716023199445984,0.8186877467308252,0.8716023199445984,0.8710328077177204,0.34028690896536173,0.8608141447368421,0.8078815473903912,0.8608141447368421,0.8602398883825176,0.28011113404483906,0.8939786408268289,0.8533311601681237,0.8939786408268289,0.8936455405279499
392,0.3230763071406691,0.8716636368882733,0.818001645963169,0.8716636368882733,0.8710709062086638,0.336196968429967,0.861328125,0.8041780302372269,0.861328125,0.8606555630402261,0.2766555391545889,0.8938753732691928,0.8518412112760281,0.8938753732691928,0.8935385098954334
393,0.324821749442392,0.871155066943675,0.8182672359272505,0.871155066943675,0.8706775214377089,0.33733817464426946,0.8607113486842105,0.8130896966872163,0.8607113486842105,0.8602248371922528,0.28062860655279676,0.8924124162026797,0.8521720816858792,0.8924124162026797,0.8921346675800942
394,0.32585714976212987,0.8717556123037857,0.816699425951688,0.8717556123037857,0.8710654376024595,0.33981988931957047,0.8604029605263158,0.8057175717257186,0.8604029605263158,0.8596838190728917,0.2813418244101536,0.893032021548497,0.8493189480887143,0.893032021548497,0.892596198195892
395,0.3226591258388037,0.871984649122807,0.818076339235171,0.871984649122807,0.8713257889151972,0.33696311398556356,0.8595805921052632,0.8068852728774557,0.8595805921052632,0.8588802965245504,0.27539277334548223,0.8941335421632832,0.852226323068369,0.8941335421632832,0.8937479067655668
396,0.322334915454588,0.8715067376500462,0.8171384159023283,0.8715067376500462,0.8709302827681875,0.3360711210652402,0.8608141447368421,0.804327677342496,0.8608141447368421,0.8601956714326324,0.2763685028689942,0.8939528239374198,0.8530863725471561,0.8939528239374198,0.8936609893903937
397,0.32358059551246937,0.8718241430055401,0.8188763117553016,0.8718241430055401,0.8712018518446223,0.33693575545361165,0.8629728618421053,0.8097263006434373,0.8629728618421053,0.8622810693119082,0.2794454799969336,0.8931869228849514,0.8496640502862617,0.8931869228849514,0.8928101417959299
398,0.32357948856120405,0.8715680545937211,0.818902234702562,0.8715680545937211,0.8710412757625183,0.33749664143512126,0.8614309210526315,0.8069858708864137,0.8614309210526315,0.8609089101888199,0.27678807601793665,0.8935827818558901,0.8532758968330201,0.8935827818558901,0.8932607592001035
399,0.3219731352390895,0.8719594009695291,0.8176043657118331,0.8719594009695291,0.8713178146299083,0.33469754771182414,0.8627672697368421,0.8080812006684839,0.8627672697368421,0.8621217197535455,0.2772516136794066,0.8938581620095867,0.8516740752982886,0.8938581620095867,0.8934549891341218
400,0.3246649492975747,0.8721992584256695,0.8182083706122071,0.8721992584256695,0.8716566326596906,0.3377031683921814,0.862047697368421,0.8114794162880737,0.862047697368421,0.8614869645389905,0.28030436022869903,0.8941679646824953,0.8535812377725366,0.8941679646824953,0.89385545595462
401,0.32438847370315016,0.8720658039012004,0.8199804161922367,0.8720658039012004,0.8715781720754976,0.3371155199251677,0.8610197368421053,0.8127861191823804,0.8610197368421053,0.8605734264268627,0.27920585862407593,0.8947273306196915,0.8556468554267896,0.8947273306196915,0.894441696719707
402,0.3226237924200236,0.872045966066482,0.8193587644484198,0.872045966066482,0.8715104706240624,0.3364314185945611,0.8601973684210527,0.80204997733287,0.8601973684210527,0.8596232410449867,0.27689752265342016,0.8939011901586018,0.8527849382869329,0.8939011901586018,0.8935824044683207
403,0.3238743401080067,0.8722641822483841,0.8197652213536333,0.8722641822483841,0.8717906711112334,0.33734043334659775,0.862047697368421,0.8123467515861582,0.862047697368421,0.8616331810956869,0.2800815582496466,0.8931266834763302,0.8515556022538513,0.8931266834763302,0.8928601178798977
404,0.32460962022660733,0.8723525507848569,0.818697441628663,0.8723525507848569,0.8718009898108796,0.3377421529669511,0.8612253289473685,0.8114449850905265,0.8612253289473685,0.8607078169563778,0.28105558986404394,0.8933934580002237,0.8515021176875278,0.8933934580002237,0.8930822261844217
405,0.3228165159485237,0.8717790570175439,0.8183565828103129,0.8717790570175439,0.8712188742386973,0.33622342504953084,0.8619449013157895,0.8105673058627856,0.8619449013157895,0.8614462007225224,0.2780394030910625,0.8934364861492389,0.8525900398791737,0.8934364861492389,0.893070486567229
406,0.321315893671189,0.8723976367728532,0.8188804740922669,0.8723976367728532,0.8717261408660971,0.335278393406617,0.8608141447368421,0.8086780581275456,0.8608141447368421,0.8601401288083889,0.27635953826794446,0.8938495563797837,0.8511287024682187,0.8938495563797837,0.8934632860641938
407,0.32250063805148654,0.8716942953601108,0.8191221938005044,0.8716942953601108,0.8710770449268118,0.33650369393198115,0.8608141447368421,0.8158086900781345,0.8608141447368421,0.8602649821210342,0.2774734676105322,0.8934278805194358,0.8524655453364688,0.8934278805194358,0.8930548622890219
408,0.3221469257346811,0.8720189144736842,0.8189718287561212,0.8720189144736842,0.8715629554383926,0.33481394617181076,0.8622532894736842,0.8128751650875774,0.8622532894736842,0.8618418369819435,0.27787787697042804,0.8933160073319966,0.8509328209724524,0.8933160073319966,0.8930488670987866
409,0.3241983202740977,0.8718529980378578,0.8191646997983598,0.8718529980378578,0.8713977521486042,0.33720585546995463,0.862561677631579,0.8057864880169543,0.862561677631579,0.8620365677276004,0.27765937104322247,0.8943142603891466,0.8549168115488338,0.8943142603891466,0.8940748845617762
410,0.3228899885797985,0.8725437153739612,0.8185211383745077,0.8725437153739612,0.8718452685315922,0.3362634479999542,0.8631784539473685,0.8100635221341704,0.8631784539473685,0.8624252727607616,0.27875193777859336,0.8938581620095867,0.8521103225097894,0.8938581620095867,0.8934518104229494
411,0.3208547029248675,0.872350747345337,0.8183140575407979,0.872350747345337,0.8716003118227342,0.3350867127117358,0.8618421052631579,0.8108573098124187,0.8618421052631579,0.8611100173027145,0.2745832783294567,0.8940991196440712,0.8514233670810413,0.8940991196440712,0.8936556142058294
412,0.3203498852109865,0.8721740102723915,0.8191581944356521,0.8721740102723915,0.8715199575018078,0.33443708796250193,0.8618421052631579,0.810443824323258,0.8618421052631579,0.8611570120342947,0.27485304091683194,0.8941163309036771,0.8523439839442789,0.8941163309036771,0.8937274209471958
413,0.3216920332400092,0.8726158529547553,0.8188476956432478,0.8726158529547553,0.8719598901498538,0.3350453329713721,0.862047697368421,0.8100964880037415,0.862047697368421,0.8613707169047714,0.27645082200868065,0.8946498799514643,0.8519223942128982,0.8946498799514643,0.8942618747524702
414,0.321455874546523,0.8724337055632503,0.8194568390404288,0.8724337055632503,0.8718751326462113,0.33465262463218287,0.8615337171052632,0.8114044725622157,0.8615337171052632,0.8609737425916443,0.2759330891487651,0.8941077252738742,0.8542718177616289,0.8941077252738742,0.8937936882975679
415,0.3224642081934329,0.8723435335872576,0.8200097351024259,0.8723435335872576,0.8718963607375025,0.33564668109542445,0.8624588815789473,0.8145222270186553,0.8624588815789473,0.8620613386593592,0.2766868305723543,0.8939011901586018,0.8542454091546493,0.8939011901586018,0.8936953717121622
416,0.32189897905316267,0.8725473222530009,0.82003848267452,0.8725473222530009,0.8720766798919564,0.33564178567183645,0.862047697368421,0.808672460460731,0.862047697368421,0.8615577782887228,0.2774057148905839,0.8940044577162379,0.8541361961170054,0.8940044577162379,0.8937293159970133
417,0.3212642439349536,0.8725978185595568,0.8197900740715872,0.8725978185595568,0.8720060697647594,0.33468144504647507,0.8618421052631579,0.8117022930238333,0.8618421052631579,0.8612656806629194,0.2759922897288509,0.8944261335765858,0.8554876104916639,0.8944261335765858,0.8940850506638877
418,0.3217029547317096,0.872350747345337,0.8193523900108829,0.872350747345337,0.8717454506092496,0.33475273847579956,0.8612253289473685,0.8091378740185844,0.8612253289473685,0.8605911061666138,0.27741594264225444,0.8938925845287987,0.8525974964323211,0.8938925845287987,0.8934823018324425
419,0.32225690015685415,0.8724192780470914,0.8188929901996561,0.8724192780470914,0.8718738150496873,0.33441475661177383,0.8631784539473685,0.810943311054559,0.8631784539473685,0.8626516799355977,0.2771531845108445,0.8944347392063888,0.8543758712293228,0.8944347392063888,0.894130575287162
420,0.3229072031497075,0.872412064289012,0.8201566217408153,0.872412064289012,0.8720091270962994,0.33688995398973165,0.8617393092105263,0.8109796696141128,0.8617393092105263,0.861368163454799,0.27846333060415557,0.8937290775625414,0.8550411243267508,0.8937290775625414,0.8935107363701341
421,0.3232647428772346,0.8726591355032317,0.8206276271233846,0.8726591355032317,0.8722554894798507,0.3359677226919877,0.862047697368421,0.8161696967674466,0.862047697368421,0.8616469233261358,0.27921194862220894,0.8946240630620552,0.8552098410982877,0.8946240630620552,0.8944046424047792
422,0.3202329125816032,0.8725184672206833,0.818815330393985,0.8725184672206833,0.8717813772981009,0.3340546222109544,0.8631784539473685,0.8134518407950323,0.8631784539473685,0.8624336857408897,0.2739662110064833,0.8955534710807811,0.8552552939696654,0.8955534710807811,0.8951296917045618
423,0.31928365049489865,0.8726627423822715,0.8206827088364558,0.8726627423822715,0.8722112983488087,0.3334120166929145,0.8615337171052632,0.8108185528428349,0.8615337171052632,0.8611173692804833,0.2738945105689348,0.8944691617256009,0.8550380656370338,0.8944691617256009,0.89422659260004
424,0.3197205116213854,0.8726501183056325,0.8187126539095925,0.8726501183056325,0.87204546108526,0.3340290549554323,0.8627672697368421,0.8153182119113292,0.8627672697368421,0.8621577601663067,0.27482946081837467,0.8939097957884048,0.850485830304011,0.8939097957884048,0.8935388985190877
425,0.32079017982368435,0.8722605753693444,0.819963247300218,0.8722605753693444,0.8718280294572575,0.3345121443271637,0.862047697368421,0.8164146587371075,0.862047697368421,0.8616397580009794,0.2739504702619356,0.8947101193600854,0.8539995563554857,0.8947101193600854,0.8944974353816845
426,0.3205448657081618,0.8727853762696214,0.819952185311187,0.8727853762696214,0.8721699541859103,0.3341797841222663,0.8630756578947368,0.8162500823618728,0.8630756578947368,0.8624188974163204,0.27443204063460813,0.8947531475091004,0.8539396657230418,0.8947531475091004,0.8943701701864066
427,0.321168697083976,0.8724697743536473,0.8202469555634061,0.8724697743536473,0.8719934385862931,0.33459932082577754,0.8619449013157895,0.8093774538388134,0.8619449013157895,0.8614334188911978,0.27636395438953015,0.8942282040911164,0.8532170336825694,0.8942282040911164,0.8939340979260861
428,0.32166301227232313,0.872473381232687,0.8204800596739265,0.872473381232687,0.872104711270676,0.3353235705902702,0.8617393092105263,0.8136058908018049,0.8617393092105263,0.8613864418048465,0.2766312867646418,0.8938151338605715,0.8539360948893971,0.8938151338605715,0.893603032637615
429,0.32140347859645924,0.87268077677747,0.8195915478509148,0.87268077677747,0.8720004294929221,0.33558085247089986,0.8619449013157895,0.8109023100799798,0.8619449013157895,0.8612459015932129,0.276276046609238,0.8946412743216612,0.8549127678501353,0.8946412743216612,0.8942410631819762
430,0.3212113095617691,0.8727222558864266,0.8204987144428167,0.8727222558864266,0.8722197777898687,0.3353396842354222,0.8622532894736842,0.8134910499042672,0.8622532894736842,0.8618002497714358,0.2757192851123398,0.8945982461726462,0.8530629527825113,0.8945982461726462,0.8943347929742775
431,0.32154124042333987,0.872900796398892,0.8200677332557922,0.872900796398892,0.8723596456572513,0.3352253688009162,0.8621504934210527,0.8131727283028738,0.8621504934210527,0.8615326056645568,0.2759406043099941,0.8953125134462966,0.8547611768587704,0.8953125134462966,0.895012573138574
432,0.3194960894567044,0.8732560739843028,0.8205563219410639,0.8732560739843028,0.8726200891975193,0.33363074534817744,0.8621504934210527,0.8130286053358536,0.8621504934210527,0.8614898343308807,0.27518156369145896,0.8947445418792974,0.8518319626739197,0.8947445418792974,0.8943393012903034
433,0.32175425806754404,0.8730883541089566,0.819673027491062,0.8730883541089566,0.8723233352587149,0.33558958768844604,0.8624588815789473,0.8075448838394166,0.8624588815789473,0.8616828810481186,0.27884366956387885,0.8939097957884048,0.850916405273109,0.8939097957884048,0.8934112389607872
434,0.3211828307046564,0.8727312730840259,0.8207638858325147,0.8727312730840259,0.8722943731587639,0.3346111460735923,0.8633840460526315,0.8169466487136063,0.8633840460526315,0.8629775230549422,0.2756530082514685,0.8950715558118121,0.8557575241681187,0.8950715558118121,0.894863293820304
435,0.322168860023812,0.8724156711680517,0.8180476597028802,0.8724156711680517,0.8717184057012757,0.3356610693429646,0.86328125,0.8099093928241398,0.86328125,0.8625965159672311,0.27682939390532424,0.8943917110573737,0.8537754010256504,0.8943917110573737,0.8939624214241604
436,0.3222691380141074,0.8731785260849492,0.8221199540010277,0.8731785260849492,0.8725973899298795,0.3355075716972351,0.8617393092105263,0.8098217183701502,0.8617393092105263,0.8611018195525906,0.27906391906659084,0.8947617531389035,0.8540256829188089,0.8947617531389035,0.8944107072609978
437,0.3211057576611432,0.8730378578024007,0.8206081191452367,0.8730378578024007,0.8725138147929588,0.33394676446914673,0.86328125,0.8146840939892502,0.86328125,0.8627792941106138,0.2748085787335012,0.8959149075325078,0.8563011730628911,0.8959149075325078,0.8956528693945184
438,0.3209240920876092,0.8728448897737765,0.8207438607509446,0.8728448897737765,0.8722912901614488,0.334149580252798,0.8636924342105263,0.8147776663821141,0.8636924342105263,0.8631247058706967,0.27251238000106387,0.8961988933160073,0.8560876212785454,0.8961988933160073,0.8958982472162874
439,0.3204975398953932,0.8732218086334257,0.821067978201474,0.8732218086334257,0.8726970088061342,0.33382987348656906,0.8627672697368421,0.8132400713258406,0.8627672697368421,0.8622573158678959,0.2741677473718586,0.8953469359655086,0.8562534031611121,0.8953469359655086,0.8950789180879377
440,0.32067221895699577,0.873070319713758,0.8201575696521618,0.873070319713758,0.8724711451700294,0.3352831962861513,0.8609169407894737,0.8088731533048031,0.8609169407894737,0.8602483527308045,0.27574445362946765,0.8948650206965397,0.855267071468308,0.8948650206965397,0.8945054485881876
441,0.3210948433792382,0.8732813221375808,0.8212019935452145,0.8732813221375808,0.8727691418742329,0.33523031598643255,0.8647203947368421,0.8164645026333444,0.8647203947368421,0.8642510497049344,0.27582542512112834,0.8953469359655086,0.8551597056377227,0.8953469359655086,0.8950343594005535
442,0.3210466007391612,0.873461666089566,0.8212127469915724,0.873461666089566,0.8729605456359486,0.334689642253675,0.8628700657894737,0.807782496124391,0.8628700657894737,0.8623443558222379,0.27735614704415656,0.8949596826243729,0.8549744034588179,0.8949596826243729,0.8946577268317262
443,0.32038624112735936,0.8734670764081256,0.8215628579054036,0.8734670764081256,0.8728462288515487,0.33457222110346746,0.8623560855263158,0.8085426312998117,0.8623560855263158,0.861713647564403,0.2746457011067966,0.8954674147827508,0.8538500198586109,0.8954674147827508,0.895108506956542
444,0.32009401639522717,0.873302963411819,0.8203923582004532,0.873302963411819,0.8727370238439875,0.3348487254820372,0.862561677631579,0.8084434350324435,0.862561677631579,0.8619586804665994,0.27345701750843726,0.8955620767105841,0.8546980273232084,0.8955620767105841,0.8952617717476774
445,0.3192554512512651,0.8734274007386889,0.8218359279220246,0.8734274007386889,0.8731008990559319,0.33344904215712295,0.8628700657894737,0.8147155418957218,0.8628700657894737,0.862607854120332,0.27301035076001484,0.8952522740376755,0.8560298801046927,0.8952522740376755,0.8950758326619767
446,0.3197606021567615,0.8735680690212373,0.8205464098036318,0.8735680690212373,0.8730139642092132,0.3342565627474534,0.8638980263157895,0.8104385881768038,0.8638980263157895,0.8633452257947076,0.27297234058597614,0.895045738922403,0.8544232968584395,0.895045738922403,0.8947365147215022
447,0.3211465917961089,0.8739558085180056,0.8217792852216466,0.8739558085180056,0.8733725455667078,0.33549147687460246,0.8617393092105263,0.8106299799188098,0.8617393092105263,0.8611129988434144,0.275954092293343,0.8957686118258564,0.8556827955209177,0.8957686118258564,0.8954111488208286
448,0.3193333749130492,0.8736925063481071,0.8211710020882785,0.8736925063481071,0.873160995043915,0.3335775874162975,0.8635896381578947,0.8110795901798861,0.8635896381578947,0.8630416041643905,0.2740163494382657,0.8957772174556595,0.8563477089885465,0.8957772174556595,0.89545267667655
449,0.31800921678212873,0.8736365997229917,0.8212032890828388,0.8736365997229917,0.8729866937426983,0.333619624376297,0.8601973684210527,0.8093282397982016,0.8601973684210527,0.8595335021416431,0.27068503662893445,0.8960525976093561,0.8566698875763203,0.8960525976093561,0.8956796937165588
