global_round,train_loss,train_accuracy,train_f1_macro,train_f1_micro,train_f1_weighted,dev_loss,dev_accuracy,dev_f1_macro,dev_f1_micro,dev_f1_weighted,test_loss,test_accuracy,test_f1_macro,test_f1_micro,test_f1_weighted
1,3.343270596095494,0.7634486607142857,0.09136410317423728,0.7634486607142857,0.7584512241974963,3.3679597754227486,0.7572985197368421,0.18288576445699992,0.7572985197368421,0.7528909422440468,4.19308193283081,0.3652,0.1999333640373209,0.3652,0.29764456841272846
2,2.8995668125152587,0.8188839285714286,0.15861763300399634,0.8188839285714286,0.8106241642782891,2.926616116573936,0.8102384868421053,0.28239846606075797,0.8102384868421053,0.8015888246601559,3.9154125228881838,0.337,0.22702099009410773,0.337,0.270438648007476
3,2.6517492525918143,0.8499107142857143,0.21684789852636643,0.8499107142857143,0.8411803556326669,2.678690195083618,0.8409745065789473,0.4225062138305252,0.8409745065789473,0.8316864754377548,3.7359175327301024,0.34,0.19718703270670868,0.34,0.27377188589240214
4,2.5050981535230363,0.8613058035714286,0.5031086160619594,0.8613058035714286,0.8521062576579996,2.533750810121235,0.8509457236842105,0.6246048309799668,0.8509457236842105,0.8414489246727271,3.6549673950195314,0.3285,0.20485305869912532,0.3285,0.2644130685014993
5,2.3417490318843295,0.8740736607142857,0.6650642337949177,0.8740736607142857,0.8666200843678926,2.370164532410471,0.8627672697368421,0.646857521521774,0.8627672697368421,0.8547803105278676,3.533751304244995,0.3294,0.2426342803091245,0.3294,0.26494177114676787
6,2.265673863547189,0.8809263392857143,0.567647330899876,0.8809263392857143,0.8733493693023201,2.2942575780968917,0.87109375,0.715728976195795,0.87109375,0.8626826950785977,3.470807440185547,0.3385,0.2526528464246308,0.3385,0.2756909757845428
7,2.1779558140890938,0.8877120535714286,0.7559785634314687,0.8877120535714286,0.881431373309084,2.205689078883121,0.8751027960526315,0.7348401059243251,0.8751027960526315,0.8683706405426593,3.382217105102539,0.343,0.28230117054887066,0.343,0.2800475860964078
8,2.0984074143001012,0.8940401785714286,0.7644211409593505,0.8940401785714286,0.8880024531160674,2.1258016511013635,0.8837376644736842,0.7459442628993944,0.8837376644736842,0.8772248824430277,3.3149607460021975,0.337,0.275552535654599,0.337,0.27340358057865816
9,2.000965828214373,0.9076674107142857,0.7846492226817873,0.9076674107142857,0.9028689767200262,2.02739301480745,0.8934004934210527,0.7611111028472284,0.8934004934210527,0.8881293746919571,3.224878760910034,0.3576,0.29544282180602144,0.3576,0.29332124378786784
10,1.9570187991006034,0.9095870535714285,0.659087270243932,0.9095870535714285,0.9051585590504343,1.9818908540826095,0.8961759868421053,0.7670877177386817,0.8961759868421053,0.8912414527398466,3.1791145053863525,0.3505,0.26193061509499393,0.3505,0.2859013335391726
11,1.88179817540305,0.9162946428571429,0.6174235226005926,0.9162946428571429,0.9121953998021175,1.905157026491667,0.901110197368421,0.7076892260093639,0.901110197368421,0.8965427363245384,3.090030834579468,0.3573,0.26765922829881633,0.3573,0.29216852078095484
12,1.8271080248696463,0.9205915178571429,0.8067856251530833,0.9205915178571429,0.9164318109520472,1.8522301159406964,0.9084087171052632,0.7825685208403197,0.9084087171052632,0.903625504394366,3.0600614696502686,0.3532,0.29201482213557556,0.3532,0.28986515974420257
13,1.7648176322664533,0.9248214285714286,0.6786735249142049,0.9248214285714286,0.921087317566523,1.7881238962474622,0.9131373355263158,0.7936466125320495,0.9131373355263158,0.9088654300902675,3.0253307563781737,0.3598,0.26882810816667196,0.3598,0.29330809767118166
14,1.726680268560137,0.9269419642857143,0.6785452691248571,0.9269419642857143,0.9229278468218076,1.7508313655853271,0.9135485197368421,0.7875878878378032,0.9135485197368421,0.908834573216756,2.9750065078735353,0.3619,0.30006331729412955,0.3619,0.29817625974326256
15,1.6791306134632655,0.9286495535714285,0.8220013535779129,0.9286495535714285,0.9250608695198164,1.7020714722181622,0.9140625,0.7992393092895043,0.9140625,0.9101146502046752,2.933994693374634,0.364,0.26982088716462455,0.364,0.29468276949815275
16,1.637414528301784,0.9299888392857143,0.7466366509691884,0.9299888392857143,0.9263107752047948,1.6590546620519537,0.9196134868421053,0.8005509251310002,0.9196134868421053,0.9154691067329486,2.9292640575408937,0.3603,0.2932275525338911,0.3603,0.2910796793802711
17,1.594631656919207,0.9346540178571429,0.7532469482186129,0.9346540178571429,0.9311351310313065,1.6165858005222522,0.9196134868421053,0.8029616888354324,0.9196134868421053,0.9155828818356594,2.8816266124725343,0.3657,0.30433080378957333,0.3657,0.3021650813717895
18,1.56552462714059,0.9371875,0.8325321359795244,0.9371875,0.9338860087928684,1.5874498141439337,0.9230057565789473,0.8082277992114131,0.9230057565789473,0.9192300104328736,2.858262694168091,0.3703,0.3060217890918288,0.3703,0.30399806935665347
19,1.535156102861677,0.9384375,0.7610252668660973,0.9384375,0.9353025919020108,1.556170237691779,0.9247532894736842,0.8133078063049946,0.9247532894736842,0.9211627961305748,2.81613420715332,0.3698,0.30472697220600775,0.3698,0.3025787118315141
20,1.5081351934160505,0.9399553571428572,0.7669253547813301,0.9399553571428572,0.9370845278347434,1.5292622541126453,0.9256784539473685,0.8220776606960312,0.9256784539473685,0.9224432726994951,2.7870900241851806,0.367,0.30519585442332,0.367,0.30323392564732554
21,1.4785889155524117,0.9420535714285714,0.8365952452616083,0.9420535714285714,0.9386506432757057,1.5008851289749146,0.9288651315789473,0.8218392243230463,0.9288651315789473,0.9254737962719272,2.737758141708374,0.3743,0.31079668680112904,0.3743,0.3087834911227184
22,1.4362351308550154,0.9417299107142857,0.8458742235251142,0.9417299107142857,0.9388340614850147,1.457976416537636,0.9260896381578947,0.8219282872599397,0.9260896381578947,0.9227244009299461,2.7381368350982664,0.3682,0.30375210271209085,0.3682,0.3015053210645298
23,1.4152087204796928,0.9444977678571429,0.8442039813002624,0.9444977678571429,0.9413777615920838,1.4375718141856946,0.9299958881578947,0.8229016759027926,0.9299958881578947,0.9265897374836382,2.7030824684143067,0.3741,0.3118378188712263,0.3741,0.3101566497037451
24,1.3852205317361015,0.9469196428571428,0.8559706366768545,0.9469196428571428,0.9443287844817121,1.4076744067041498,0.9313322368421053,0.8312593954715407,0.9313322368421053,0.9282864388518655,2.6872074462890625,0.378,0.31393979420928914,0.378,0.31162324686320153
25,1.3749176713398525,0.9470424107142857,0.8532856489204566,0.9470424107142857,0.944280942561936,1.398736884719447,0.9297902960526315,0.8264348637525629,0.9297902960526315,0.9265736344085168,2.666620457458496,0.378,0.3097471939426121,0.378,0.30728877182540704
26,1.3439983742577688,0.945859375,0.8592088289718746,0.945859375,0.9433853606706966,1.3677183640630621,0.9305098684210527,0.8368699282191219,0.9305098684210527,0.9276976144496591,2.6437795349121096,0.3712,0.30658804887765295,0.3712,0.30426513574394737
27,1.319531113079616,0.9467745535714286,0.8581364654296036,0.9467745535714286,0.944179848208529,1.3418571949005127,0.9318462171052632,0.8357817904158493,0.9318462171052632,0.9288962426965722,2.642927011489868,0.3676,0.2989567873475591,0.3676,0.29696045504447305
28,1.2930877794538225,0.9496763392857143,0.8627930122206567,0.9496763392857143,0.9472432510996097,1.3173847888645374,0.9307154605263158,0.8299768276584836,0.9307154605263158,0.9276980578264804,2.595036881637573,0.3783,0.3131701074873881,0.3783,0.3114198318341028
29,1.2711773777008057,0.9507142857142857,0.8663141060551679,0.9507142857142857,0.9483791624797896,1.2964433745334023,0.9334909539473685,0.8411873979391483,0.9334909539473685,0.9308326569311176,2.585194976425171,0.3765,0.31326946630178615,0.3765,0.31123904670769437
30,1.252913099016462,0.9497098214285714,0.8716148016782144,0.9497098214285714,0.947576453245542,1.2776882083792436,0.9325657894736842,0.8463461673213061,0.9325657894736842,0.9300363656890512,2.577508239364624,0.3688,0.30436342767664404,0.3688,0.3024766949369488
31,1.2351265961783273,0.9495647321428572,0.8679464277761978,0.9495647321428572,0.9472984935143242,1.2593645233857005,0.9339021381578947,0.8469694662873858,0.9339021381578947,0.9314115466104733,2.561744499206543,0.3714,0.30501872422958975,0.3714,0.3030733695815547
32,1.2085591622761318,0.95296875,0.8790806068799422,0.95296875,0.9511029057111061,1.233472228050232,0.9364720394736842,0.8506458361520537,0.9364720394736842,0.9342058592853315,2.542670314025879,0.377,0.31548728883224003,0.377,0.3137175612088751
33,1.1894085311889648,0.9546651785714285,0.8783240794693423,0.9546651785714285,0.9526711608044669,1.2136922384563245,0.9365748355263158,0.8569599140198012,0.9365748355263158,0.9344562222241178,2.527733071899414,0.3788,0.31498643305413315,0.3788,0.3130745692332554
34,1.1696437161309379,0.9529129464285714,0.8703191035297504,0.9529129464285714,0.9506174841145664,1.1951936483383179,0.9349300986842105,0.842660549411175,0.9349300986842105,0.9321715862878307,2.5152752017974853,0.378,0.31046273302857974,0.378,0.3081549979363238
35,1.1560204451424736,0.9549553571428572,0.8777315453839165,0.9549553571428572,0.9529190208904624,1.18003417316236,0.9356496710526315,0.8517705235139971,0.9356496710526315,0.9333537525985609,2.4905279731750487,0.3769,0.312406861905043,0.3769,0.3097454532457196
36,1.121928311075483,0.9534933035714286,0.8737578482997431,0.9534933035714286,0.95131404267447,1.1464657156090987,0.9363692434210527,0.8508013185297065,0.9363692434210527,0.9339158213900264,2.4694452304840087,0.3813,0.3157926602396673,0.3813,0.313216398967608
37,1.1197278778893607,0.9552455357142857,0.8845813347726101,0.9552455357142857,0.9534852143062267,1.1443896795573987,0.9390419407894737,0.8632373599281615,0.9390419407894737,0.9370690094581696,2.464796802520752,0.3764,0.30971479518380485,0.3764,0.3073569996516869
38,1.0931697988510132,0.9553571428571429,0.8781711973969054,0.9553571428571429,0.9532587416370465,1.1185555834519236,0.9377055921052632,0.8577399890851085,0.9377055921052632,0.9355125734713459,2.450530005645752,0.373,0.3059858595670252,0.373,0.303902072101045
39,1.0861034863335746,0.955,0.8840971765598603,0.955,0.9531741887739772,1.1127523811239945,0.9356496710526315,0.8557551310851668,0.9356496710526315,0.9334083088190672,2.4335713714599607,0.3726,0.30488004389862355,0.3726,0.3026921045315139
40,1.0703957741601127,0.9578794642857142,0.8803747624575031,0.9578794642857142,0.9558184833842334,1.097078894314013,0.9398643092105263,0.8561386235905755,0.9398643092105263,0.9375423810310964,2.394740286254883,0.3802,0.31317787920352036,0.3802,0.3108583836680768
41,1.041207001890455,0.9602678571428571,0.8999489721721916,0.9602678571428571,0.9589673887472291,1.0670972309614484,0.9424342105263158,0.8784388923835463,0.9424342105263158,0.9410189337186529,2.3684059051513673,0.3825,0.3172583147177118,0.3825,0.314894682626163
42,1.0373892317499434,0.9592410714285714,0.8915962702132841,0.9592410714285714,0.9576448564892852,1.0635892529236644,0.9412006578947368,0.8668548055907996,0.9412006578947368,0.9394044355202552,2.3354056076049803,0.3816,0.31461903308656025,0.3816,0.3125435247189046
43,1.0043558747427803,0.9579910714285714,0.8891033108695211,0.9579910714285714,0.9562653719770818,1.0305311805323552,0.940172697368421,0.864570865029003,0.940172697368421,0.9381753536708264,2.358835126113892,0.3787,0.3136298035368882,0.3787,0.3115824210057757
44,0.9950079120908465,0.9594754464285714,0.8967327285582,0.9594754464285714,0.9580170981296885,1.020931639169392,0.9415090460526315,0.8743150737419432,0.9415090460526315,0.9398832048230098,2.320680477142334,0.3812,0.3143397624733958,0.3812,0.3120974210782534
45,0.9749711149079459,0.9596540178571429,0.8922790640646397,0.9596540178571429,0.9580343838008977,1.0024084637039585,0.9396587171052632,0.8645232983602874,0.9396587171052632,0.9377623637818909,2.314631507873535,0.3816,0.31446816681269657,0.3816,0.31248745633512565
46,0.9637184882164002,0.96,0.8952747207916604,0.96,0.9584461617602571,0.9898198874373185,0.9419202302631579,0.8699989594407841,0.9419202302631579,0.9400921429584819,2.3083458377838135,0.3762,0.30687783839947835,0.3762,0.3044465217703527
47,0.9421757715088981,0.9612388392857143,0.8981836082233811,0.9612388392857143,0.9597803409567689,0.9689939806335851,0.9451069078947368,0.8757048653340964,0.9451069078947368,0.9434351679153662,2.2933254379272463,0.3767,0.3083958538211945,0.3767,0.3062272776940229
48,0.9332071365628923,0.9620089285714286,0.9084459046359307,0.9620089285714286,0.9608959861372711,0.9603328391125328,0.9444901315789473,0.8822147919756279,0.9444901315789473,0.9431322138392105,2.261586054611206,0.3876,0.3207939475207824,0.3876,0.31838396537211067
49,0.9209084463119507,0.9624553571428571,0.9014904941911583,0.9624553571428571,0.961017253613416,0.9483978716950667,0.9438733552631579,0.8763987875025977,0.9438733552631579,0.9421971280233721,2.266107119369507,0.3789,0.31179225538391,0.3789,0.309708486044317
50,0.9006375919069562,0.9627790178571428,0.9040086425301072,0.9627790178571428,0.9614393701285644,0.9268146282748172,0.9459292763157895,0.878959405645684,0.9459292763157895,0.9442869873305579,2.260239696884155,0.3771,0.3083035159098849,0.3771,0.3059268669499414
51,0.8954034999438695,0.9618303571428571,0.8958566619368167,0.9618303571428571,0.960181149844784,0.9223753370736775,0.9438733552631579,0.8723186729794177,0.9438733552631579,0.9420875102514308,2.2535371864318847,0.3811,0.3134979540714201,0.3811,0.3114075084896305
52,0.8820054033824376,0.9641964285714286,0.9051676298272573,0.9641964285714286,0.9628871098704576,0.9102402109848825,0.9456208881578947,0.8770574679278116,0.9456208881578947,0.9439561184318386,2.207635452270508,0.3852,0.3215276785829345,0.3852,0.3194087179400302
53,0.8625264607157026,0.9644196428571429,0.9077119125070332,0.9644196428571429,0.9632053562546613,0.8902797855828938,0.9449013157894737,0.8794123619336075,0.9449013157894737,0.9433976664205656,2.20696595993042,0.3815,0.3159050492702672,0.3815,0.3141428914829028
54,0.8630173427718026,0.9655915178571428,0.9091851361737605,0.9655915178571428,0.9643553183716508,0.8910329592855353,0.9463404605263158,0.8816105599775279,0.9463404605263158,0.9448682019392537,2.194969563293457,0.3827,0.3136952721954769,0.3827,0.31164180000403496
55,0.8402129851068769,0.9641294642857143,0.9120767325234974,0.9641294642857143,0.9630465936460788,0.8673718320695978,0.9449013157894737,0.8797382811206532,0.9449013157894737,0.9434335142697021,2.166079727935791,0.3845,0.3164269374229485,0.3845,0.31449210521277293
56,0.832623439175742,0.9662276785714285,0.9162357063935674,0.9662276785714285,0.965259414641826,0.8609620928764343,0.9463404605263158,0.8856119134104693,0.9463404605263158,0.9450282364976755,2.1553419082641603,0.3809,0.3159066651680394,0.3809,0.3139643530008194
57,0.8138123413494655,0.9652008928571428,0.9039848271944344,0.9652008928571428,0.963785288076312,0.842581968558462,0.9454152960526315,0.8736792373163121,0.9454152960526315,0.9436259150919666,2.1549701530456544,0.3831,0.3176285464618419,0.3831,0.31525361790630135
58,0.8020057303564889,0.9653236607142858,0.9159079089667703,0.9653236607142858,0.964356439181338,0.8303780587095964,0.944592927631579,0.8750510922291331,0.944592927631579,0.9429991488649382,2.150971227645874,0.3775,0.3103382893763781,0.3775,0.308269706146455
59,0.7884887705530439,0.9636272321428572,0.9086166344474169,0.9636272321428572,0.9624085388124364,0.8168525068383468,0.9441817434210527,0.8803361736239124,0.9441817434210527,0.9427004678796341,2.1521774322509764,0.3726,0.30729617018684113,0.3726,0.30533231869303595
60,0.7804694822856358,0.9666071428571429,0.9140829974229249,0.9666071428571429,0.965537687652114,0.8089421673824913,0.9482935855263158,0.8844597722896909,0.9482935855263158,0.9468776600066092,2.1176782051086427,0.3787,0.31288407898450654,0.3787,0.31060266665453873
61,0.7738464709690639,0.9653236607142858,0.9173081840640039,0.9653236607142858,0.9643917357585928,0.8015457579964086,0.9449013157894737,0.8817617942167637,0.9449013157894737,0.9435252651425513,2.129909269332886,0.3719,0.3050435253227546,0.3719,0.30304422094831474
62,0.7616387810025896,0.9660491071428572,0.9113596942802896,0.9660491071428572,0.9648132019545895,0.7898761128124437,0.9454152960526315,0.8783936023723509,0.9454152960526315,0.9437634498334062,2.108236706542969,0.3772,0.30913209306364553,0.3772,0.30694470462127443
63,0.748695022038051,0.966796875,0.9195945064671485,0.966796875,0.9658943648161715,0.7769014145198622,0.946032072368421,0.8841456142871287,0.946032072368421,0.9447031975028138,2.102162106323242,0.3776,0.31084140438234986,0.3776,0.30852951232919906
64,0.7391029398781913,0.9667633928571429,0.9211548756503625,0.9667633928571429,0.9658953435191219,0.766311388266714,0.946546052631579,0.8787832719415782,0.946546052631579,0.9449770860946572,2.114718928909302,0.3823,0.31442928793627106,0.3823,0.3121472150621126
65,0.732122301033565,0.9656361607142857,0.9172697674152559,0.9656361607142857,0.9646837051767865,0.7614580706546181,0.9442845394736842,0.8791537307990275,0.9442845394736842,0.9428270913851216,2.087729521942139,0.3829,0.3126474175556092,0.3829,0.31062157847701327
66,0.7208337947300503,0.9676339285714286,0.9175674212538683,0.9676339285714286,0.9666006502967986,0.7486079837146559,0.9456208881578947,0.8787114332190555,0.9456208881578947,0.9440770465070374,2.0770313674926757,0.3793,0.31544105299062897,0.3793,0.313165951809815
67,0.7056431317329407,0.9681026785714286,0.9279082614631067,0.9681026785714286,0.9674164956989908,0.733843163440102,0.9486019736842105,0.894164841919526,0.9486019736842105,0.9475445892851355,2.068617155838013,0.3787,0.3129698016015154,0.3787,0.3105445376000593
68,0.6999335656847273,0.9692522321428572,0.9245456781390329,0.9692522321428572,0.9684327492146481,0.7288670132034704,0.950452302631579,0.887539619862124,0.950452302631579,0.9491743877811004,2.051325870895386,0.3781,0.31268931563668695,0.3781,0.31076089331955337
69,0.6921389416285924,0.9687611607142858,0.919684024116526,0.9687611607142858,0.9677546813343396,0.7212036565730446,0.9496299342105263,0.8845860711104729,0.9496299342105263,0.9482331807761838,2.057344010543823,0.3773,0.31000198080793556,0.3773,0.30781057128523664
70,0.6759971918378558,0.9695089285714286,0.9207104301694651,0.9695089285714286,0.968535621769678,0.7043163588172511,0.9491159539473685,0.888871427524912,0.9491159539473685,0.9478324372462728,2.0439716487884523,0.375,0.30553642601749686,0.375,0.3036116223776288
71,0.6674252591814314,0.9680245535714286,0.913820151625179,0.9680245535714286,0.9668462896523595,0.6958549932429665,0.9489103618421053,0.8843009746228139,0.9489103618421053,0.9474187563514301,2.0410601093292238,0.3776,0.3101682646459028,0.3776,0.3078968257938304
72,0.6568376101766313,0.9691852678571429,0.9213670959391737,0.9691852678571429,0.9682503966013626,0.6857148157922845,0.9498355263157895,0.8885734124901757,0.9498355263157895,0.9485743718728873,2.033708980178833,0.3804,0.3115991186969506,0.3804,0.30970516718770047
73,0.65786993094853,0.969296875,0.9210219756106991,0.969296875,0.9683429984672091,0.6875206671263042,0.9505550986842105,0.8903063375638972,0.9505550986842105,0.9492983991372114,2.0262924629211425,0.3781,0.3106683880960156,0.3781,0.3086324071349602
74,0.6514805289677211,0.969296875,0.9237052517108271,0.969296875,0.9684243371474109,0.6806387305259705,0.9486019736842105,0.8863672767419537,0.9486019736842105,0.9472097857715255,1.993206474685669,0.3827,0.315126100029355,0.3827,0.312902716212348
75,0.6446698301179068,0.9697098214285714,0.920915828990403,0.9697098214285714,0.9687202665774052,0.6735963946894595,0.9494243421052632,0.8867003624198031,0.9494243421052632,0.948061368221095,1.991703747177124,0.3758,0.30992307971437416,0.3758,0.3079164946961976
76,0.6360704670633589,0.9704464285714286,0.9197090244947728,0.9704464285714286,0.9693719499973833,0.6655400803214625,0.9489103618421053,0.8834297437749724,0.9489103618421053,0.9473568037986299,1.9895390195846558,0.3741,0.3058874127504791,0.3741,0.3039219741411907
77,0.6337370719228472,0.9683816964285714,0.921272128872824,0.9683816964285714,0.9674640876459782,0.6639098556418168,0.9464432565789473,0.885193277210224,0.9464432565789473,0.9450679296205012,1.9880242115020752,0.3748,0.3055854467386998,0.3748,0.3035105923091174
78,0.6245893066270011,0.970625,0.9235520965890197,0.970625,0.9696945218912086,0.6547512945375944,0.950452302631579,0.8866020706653194,0.950452302631579,0.9489343282002324,1.9680214170455932,0.3781,0.30933610584158094,0.3781,0.3071439867703925
79,0.6216238880157471,0.9703125,0.9188033184628273,0.9703125,0.9692130224666208,0.650814457943565,0.9517886513157895,0.8851987172484279,0.9517886513157895,0.9502594285001092,1.9546586490631104,0.3833,0.3152118067501489,0.3833,0.31318040942599756
80,0.6082115513937814,0.9702120535714286,0.9193360199024527,0.9702120535714286,0.9691044598334185,0.6388987051813226,0.9505550986842105,0.8876764474405896,0.9505550986842105,0.9491606155930717,1.9597547845840455,0.378,0.3129067586057119,0.378,0.31086948029721473
81,0.5995430486542838,0.9709263392857143,0.9283361538234038,0.9709263392857143,0.9701435542555308,0.629636077504409,0.9498355263157895,0.8888516602976761,0.9498355263157895,0.9484926143594723,1.9380984441757203,0.3801,0.3124866686055413,0.3801,0.3102464581864406
82,0.5930446311405727,0.9694754464285714,0.9232135025494097,0.9694754464285714,0.9685143034133952,0.6244280840221205,0.947985197368421,0.8857705423465518,0.947985197368421,0.9464828160782285,1.9474729442596435,0.3746,0.3064230634752908,0.3746,0.3043198319882184
83,0.5860287301880973,0.9701450892857143,0.9244699799255767,0.9701450892857143,0.9692809159853134,0.6174658223202354,0.9513774671052632,0.893104366757196,0.9513774671052632,0.9501680619053557,1.9303441291809083,0.3809,0.3115660299389529,0.3809,0.30943174813185326
84,0.5807328145844596,0.9714285714285714,0.9277255524156567,0.9714285714285714,0.9705977469698288,0.6111147215491847,0.9514802631578947,0.8911194473198979,0.9514802631578947,0.9500690363457485,1.9256936277389527,0.3781,0.310553422233946,0.3781,0.3084821754499128
85,0.5776877931186131,0.9723102678571428,0.9336326790221958,0.9723102678571428,0.971647538027412,0.609434403871235,0.9515830592105263,0.890922904458697,0.9515830592105263,0.9503467342902427,1.9245730409622193,0.3828,0.3143333699367682,0.3828,0.3124725140142471
86,0.5698165958268302,0.9706919642857142,0.9212233260683786,0.9706919642857142,0.969665418703365,0.600560050261648,0.9500411184210527,0.8807375802706483,0.9500411184210527,0.9483802515078262,1.9310816289901733,0.3812,0.31163498319855776,0.3812,0.30942374068794826
87,0.5649161260468619,0.9715625,0.9289997260333578,0.9715625,0.9707717313461474,0.5970245348779779,0.947985197368421,0.8833747015910944,0.947985197368421,0.9464699918880382,1.9197665771484376,0.3781,0.3069163754564782,0.3781,0.3049017593293208
88,0.5599690958431789,0.9718526785714285,0.9263217017584013,0.9718526785714285,0.970952734672606,0.5911231637001038,0.9507606907894737,0.8889698363872981,0.9507606907894737,0.9494149329048919,1.9014816236495973,0.3829,0.3135351521814182,0.3829,0.31154939006397503
89,0.5451477691105434,0.9709263392857143,0.9234330750296372,0.9709263392857143,0.9699578761659965,0.5759324556902835,0.9498355263157895,0.8847617603716367,0.9498355263157895,0.9484051353755365,1.917609895324707,0.3796,0.3113814495084365,0.3796,0.3093192345827249
90,0.5493180768830436,0.9719642857142857,0.9348600176493049,0.9719642857142857,0.9713401361501435,0.5812300475020158,0.9496299342105263,0.8959964237529017,0.9496299342105263,0.9486472938265539,1.887009141921997,0.3799,0.3125399292109042,0.3799,0.31050031710334297
91,0.540775648185185,0.9723102678571428,0.9301748509107386,0.9723102678571428,0.9715314731449858,0.5713730140736228,0.9497327302631579,0.8873273615723493,0.9497327302631579,0.9482820913969805,1.8922315174102784,0.3799,0.310302310015975,0.3799,0.30817848217420934
92,0.5406220473561968,0.9728571428571429,0.9281453126303194,0.9728571428571429,0.971973627252209,0.5718323525629545,0.9490131578947368,0.8848559465451897,0.9490131578947368,0.9475231220425627,1.8766007349014282,0.3762,0.30787850627737245,0.3762,0.3056725902294298
93,0.5317474346501486,0.9719419642857143,0.9326293238452295,0.9719419642857143,0.9712347425234374,0.5631940898142362,0.9487047697368421,0.8884654086127067,0.9487047697368421,0.9474157911173865,1.886431471824646,0.3726,0.3052034287801716,0.3726,0.3031524521028638
94,0.5308232729775565,0.9730022321428572,0.9289046499640878,0.9730022321428572,0.9721604151737858,0.5623394627320139,0.9508634868421053,0.8913036815827826,0.9508634868421053,0.949588800005032,1.8666783027648925,0.3843,0.31284097009485845,0.3843,0.31051671447157553
95,0.522957399232047,0.9720200892857143,0.9335311109725911,0.9720200892857143,0.9713472030530368,0.5554013440483495,0.9467516447368421,0.8893217532211122,0.9467516447368421,0.9455037460459712,1.8428518882751466,0.3756,0.3096369939464806,0.3756,0.3075578389249139
96,0.5155491040434156,0.9721205357142857,0.9295485177481918,0.9721205357142857,0.9713319584370184,0.5492196020327116,0.9505550986842105,0.8939041053341119,0.9505550986842105,0.9494016937924595,1.8621047231674195,0.38,0.31105743796689633,0.38,0.30875102129461274
97,0.5196735967908587,0.971796875,0.9288461531987972,0.971796875,0.9709695953026701,0.5525661236361453,0.9491159539473685,0.8891279703970248,0.9491159539473685,0.9477834283888729,1.8516305307388305,0.3796,0.31057423711087206,0.3796,0.3085401142798956
98,0.5144394903523581,0.9736495535714286,0.9423271685464135,0.9736495535714286,0.9731889669631578,0.5472273638373927,0.950452302631579,0.9075076662801569,0.950452302631579,0.9496429003363592,1.8451646780014037,0.3798,0.31181413098298705,0.3798,0.30915986367444737
99,0.5034357385975974,0.9750111607142857,0.9366004846506704,0.9750111607142857,0.9743698761747779,0.5357863056032282,0.9525082236842105,0.896216441958565,0.9525082236842105,0.9514142934887471,1.8474448305130005,0.3797,0.31261860296685046,0.3797,0.3107305142888101
100,0.502282840864999,0.9739285714285715,0.9272848317752043,0.9739285714285715,0.9729558589597945,0.5345383694297389,0.9520970394736842,0.8902741058922423,0.9520970394736842,0.9506879819275792,1.873953840827942,0.3773,0.3069052506088089,0.3773,0.3046507932210926
101,0.49679468444415503,0.9746540178571429,0.932660478440067,0.9746540178571429,0.9738828472299184,0.530006534174869,0.9526110197368421,0.8914292956478691,0.9526110197368421,0.951294014188765,1.8600147079467773,0.3785,0.30989878440162183,0.3785,0.30793222710289286
102,0.4950581771986825,0.9749553571428572,0.9384528800440404,0.9749553571428572,0.9743503163313478,0.5281915633301986,0.952405427631579,0.8987808602058113,0.952405427631579,0.9513216105301797,1.8533514541625977,0.3791,0.31027489357050786,0.3791,0.30809142274158746
103,0.491957049540111,0.9743191964285715,0.9379413688076232,0.9743191964285715,0.9737370682348636,0.5243077701643893,0.9539473684210527,0.9037042985747814,0.9539473684210527,0.9530959172629778,1.8400196342468262,0.3836,0.3190712421628674,0.3836,0.31741626297151015
104,0.4864902811391013,0.9752120535714286,0.9387584927790588,0.9752120535714286,0.9745984129743905,0.5193209067771309,0.9516858552631579,0.8976345800285674,0.9516858552631579,0.9506049645185265,1.8552304319381714,0.3801,0.3102597769582625,0.3801,0.3082587374714015
105,0.48582725627081735,0.9753125,0.938742222905206,0.9753125,0.9746920614076995,0.5186811324797178,0.9529194078947368,0.8987139021989329,0.9529194078947368,0.9518838895746493,1.850097066116333,0.3816,0.3146311903898904,0.3816,0.3125039262957196
106,0.487581684248788,0.9756138392857143,0.9381593564586282,0.9756138392857143,0.9749734871882023,0.5196488170247329,0.955078125,0.900682751773284,0.955078125,0.9540010023087698,1.823170990753174,0.3811,0.3148277347284759,0.3811,0.31264230407394134
107,0.47520736285618376,0.9746875,0.9361116602926838,0.9746875,0.9739942151068967,0.5064581773783031,0.9528166118421053,0.897885062925812,0.9528166118421053,0.9517422673849644,1.8462209577560424,0.3813,0.31151961298833525,0.3813,0.3094626916596273
108,0.47042199901172094,0.9757589285714285,0.9434022544959356,0.9757589285714285,0.9752673266630102,0.502116123312398,0.9529194078947368,0.900912365666082,0.9529194078947368,0.9519211091717467,1.8316127779006959,0.3788,0.309210605191327,0.3788,0.3070596709543904
109,0.47035881876945496,0.9737053571428571,0.9390891601402412,0.9737053571428571,0.973133726238845,0.5027843447108018,0.9500411184210527,0.8934670221647754,0.9500411184210527,0.948853895156368,1.8383298681259155,0.3739,0.3057960311743688,0.3739,0.3035894613900888
110,0.4679605902944292,0.974296875,0.9381644936382549,0.974296875,0.9736848259899706,0.5003519089598405,0.9520970394736842,0.8979468516730653,0.9520970394736842,0.9509939507841872,1.8417442140579223,0.3734,0.3047642970691523,0.3734,0.30264456407932605
111,0.4655279217447553,0.9764955357142857,0.9453278726815213,0.9764955357142857,0.9760344598179932,0.49848165637568426,0.9545641447368421,0.9080623745882963,0.9545641447368421,0.9537728936444702,1.8033849294662476,0.3769,0.31000957983921335,0.3769,0.30805738952891387
112,0.46227234959602354,0.9737053571428571,0.9360967036234324,0.9737053571428571,0.9730314335981136,0.4950138393201326,0.9527138157894737,0.8993194105849043,0.9527138157894737,0.9516292694760932,1.837872834777832,0.3725,0.3050241250359886,0.3725,0.3028860086824527
113,0.457368004322052,0.9743191964285715,0.9326696166643098,0.9743191964285715,0.9735164680706688,0.49149411289315476,0.9508634868421053,0.890277479221468,0.9508634868421053,0.9495603710111633,1.8305077091217041,0.3831,0.3168160816825981,0.3831,0.31494349332297633
114,0.4569659585612161,0.9756473214285715,0.9439370590066856,0.9756473214285715,0.975171032137055,0.49124014220739665,0.9526110197368421,0.89934268224457,0.9526110197368421,0.9515804896668784,1.8308432388305664,0.3747,0.3059841745202421,0.3747,0.30404693063746624
115,0.4548487515108926,0.9759598214285714,0.9461664354642082,0.9759598214285714,0.9755169589331357,0.4899329103921589,0.9527138157894737,0.905155031586587,0.9527138157894737,0.9518369617740777,1.7982735973358155,0.3814,0.3128570326610921,0.3814,0.3108112379943636
116,0.4571463486126491,0.9769308035714286,0.9455098344231951,0.9769308035714286,0.9764508422197645,0.4906131546748312,0.9539473684210527,0.9021465169206839,0.9539473684210527,0.9529556177806173,1.777183115005493,0.3831,0.3134644549589041,0.3831,0.31125453623008476
117,0.4490980863571167,0.9753236607142857,0.9438425710641276,0.9753236607142857,0.9748401015245024,0.483002621876566,0.953844572368421,0.9006875045205425,0.953844572368421,0.9527453326569454,1.800267565536499,0.3755,0.30648585237756965,0.3755,0.3042005666402249
118,0.44656231454440526,0.97578125,0.9431396580556936,0.97578125,0.9752847100545117,0.4818631818420009,0.9509662828947368,0.8970898245099852,0.9509662828947368,0.9499745474139901,1.7915319564819336,0.3885,0.32360305748199764,0.3885,0.321879060707452
119,0.4429974269866943,0.9761383928571429,0.9404601801182547,0.9761383928571429,0.9755337598774554,0.47675816793190806,0.9539473684210527,0.9014570669729409,0.9539473684210527,0.9529395930075145,1.8144057592391967,0.3809,0.31381282680881567,0.3809,0.3117493551292069
120,0.4482359044892447,0.9750446428571429,0.9380358481126269,0.9750446428571429,0.9743892682096079,0.48251688794085856,0.9512746710526315,0.9003085822799527,0.9512746710526315,0.9502699906517014,1.8179871118545532,0.3793,0.3145601044279914,0.3793,0.3123060151501141
121,0.4482819947174617,0.9754017857142857,0.9407924421432139,0.9754017857142857,0.9748321135391799,0.482451845156519,0.951891447368421,0.8953891415327206,0.951891447368421,0.9506898734029988,1.7927463169097901,0.3806,0.3101732651037629,0.3806,0.30820343517264226
122,0.43992262857300896,0.9764285714285714,0.9465110461589268,0.9764285714285714,0.9759917740950977,0.4738414099341945,0.9535361842105263,0.9053957020043433,0.9535361842105263,0.9525923195510371,1.7941284597396852,0.3762,0.3061523327443195,0.3762,0.3039267966448397
123,0.43823938948767527,0.9759040178571429,0.9400142417333575,0.9759040178571429,0.97527924097061,0.47302842297052083,0.9527138157894737,0.9001545494320048,0.9527138157894737,0.9516519522266489,1.7947384658813477,0.3779,0.3079353804636576,0.3779,0.30580010042722755
124,0.43178718941552297,0.9767299107142857,0.9442765230902271,0.9767299107142857,0.9762025218224311,0.4671097005668439,0.9530222039473685,0.9043692750120066,0.9530222039473685,0.9520546218828126,1.7761995027542115,0.3775,0.30982627083107467,0.3775,0.3077239855470917
125,0.4335643434524536,0.9765625,0.9453002515839813,0.9765625,0.9760819448322997,0.46879568539167704,0.9519942434210527,0.9009059508808075,0.9519942434210527,0.9509792437651599,1.783192099380493,0.3801,0.31023382231293856,0.3801,0.30798700020233366
126,0.43387067011424474,0.9769754464285715,0.9497271299986998,0.9769754464285715,0.9766214408738056,0.4691753732530694,0.9544613486842105,0.9092972928504288,0.9544613486842105,0.9537029025361266,1.7542604690551757,0.3813,0.3118059707681005,0.3813,0.3096995494919232
127,0.42966048921857564,0.9759598214285714,0.9405404230385231,0.9759598214285714,0.9753674870294288,0.4651505225583127,0.9532277960526315,0.898035164804497,0.9532277960526315,0.9521333444102286,1.769712532043457,0.383,0.31450689252247177,0.383,0.3125717464745465
128,0.42672785316194806,0.978203125,0.9469296617906331,0.978203125,0.9777516488717349,0.4624854985036348,0.9544613486842105,0.9016485433854351,0.9544613486842105,0.9535158878692878,1.7782072565078735,0.3826,0.3131948998971337,0.3826,0.31129717360216097
129,0.42720852375030516,0.9778794642857143,0.9478909514080277,0.9778794642857143,0.9774657171931471,0.46275563145938675,0.9541529605263158,0.9040336865607081,0.9541529605263158,0.9532324041693846,1.7614465936660766,0.3808,0.3117189089596965,0.3808,0.30973502148473886
130,0.42556751319340297,0.9786049107142857,0.9490016137151358,0.9786049107142857,0.978187199035481,0.46216171979904175,0.9554893092105263,0.9071563970364049,0.9554893092105263,0.9546183435525026,1.7691705850601196,0.3837,0.3131487664243795,0.3837,0.3111477892189686
131,0.4242352250644139,0.9782254464285715,0.9518491338338043,0.9782254464285715,0.9778904695941494,0.4606535685689826,0.9537417763157895,0.9079255778759139,0.9537417763157895,0.9528958726115611,1.7793464712142943,0.3768,0.3081942462195935,0.3768,0.30586991959819804
132,0.4215883423600878,0.9773102678571428,0.9476023660798937,0.9773102678571428,0.9768752721388743,0.45806730734674556,0.9536389802631579,0.9100556382781553,0.9536389802631579,0.9528482791556735,1.7751892911911011,0.3737,0.3052525960938736,0.3737,0.30320521301333464
133,0.4245872173990522,0.976328125,0.9448788876692309,0.976328125,0.9758442630836154,0.46177131878702266,0.9513774671052632,0.900010836558138,0.9513774671052632,0.950357912398719,1.776553377723694,0.3752,0.30763324032192557,0.3752,0.3053284170900696
134,0.42313340340341843,0.9758147321428572,0.9338107795035169,0.9758147321428572,0.9749937989139739,0.4607254768672742,0.9498355263157895,0.8880760932161167,0.9498355263157895,0.9484431691734511,1.7852232484817505,0.3805,0.311244668611622,0.3805,0.309008494076479
135,0.4132072057042803,0.9776004464285715,0.9398466783705898,0.9776004464285715,0.9769102355284957,0.4506298099693499,0.9510690789473685,0.8923802551985718,0.9510690789473685,0.9497484098915011,1.7841279697418213,0.3785,0.3104631606212257,0.3785,0.30832762603803593
136,0.410860493012837,0.9772991071428572,0.9459657101584679,0.9772991071428572,0.9768155589774572,0.4474951264105345,0.9525082236842105,0.9008133306793079,0.9525082236842105,0.9514980846411603,1.7946773601531982,0.374,0.30536791598763185,0.374,0.3031855666463949
137,0.41117513247898646,0.9766741071428572,0.9305993260586772,0.9766741071428572,0.9757050132018402,0.4479865651381643,0.9530222039473685,0.8916769777907163,0.9530222039473685,0.9516096159797793,1.795906339073181,0.3813,0.31144660785603684,0.3813,0.3092789445781416
138,0.41191367609160284,0.9767299107142857,0.9473167534218646,0.9767299107142857,0.9762820132487416,0.44860639854481343,0.9530222039473685,0.8990080022054519,0.9530222039473685,0.9518902209702468,1.7975996061325072,0.3753,0.30498180383189144,0.3753,0.3029548190990184
139,0.4120836653028216,0.9776450892857143,0.9479019530300759,0.9776450892857143,0.977192534176702,0.4485638533767901,0.9532277960526315,0.9021731926201058,0.9532277960526315,0.9522157427929694,1.7877160488128663,0.3787,0.3105646501740841,0.3787,0.30856458315187035
140,0.412466025352478,0.9773549107142857,0.9471819459300488,0.9773549107142857,0.9769138769489847,0.44840410508607564,0.955078125,0.9081613604765053,0.955078125,0.954174545549106,1.7894251543045043,0.3764,0.3058791297747201,0.3764,0.3037270009312242
141,0.41026878646441867,0.9795982142857143,0.9542413495303016,0.9795982142857143,0.979290189540566,0.4464548308598368,0.9551809210526315,0.9107010033737165,0.9551809210526315,0.9544156961224025,1.7552885862350465,0.3781,0.3088972324438384,0.3781,0.30701287772835417
142,0.4109275243963514,0.9769866071428571,0.9392487439668378,0.9769866071428571,0.9762906033895232,0.44732409715652466,0.9545641447368421,0.8994069718804406,0.9545641447368421,0.9533494651375035,1.7843887086868286,0.3787,0.3091491627226474,0.3787,0.30686279559451307
143,0.4070670213018145,0.9785602678571429,0.9490122492043762,0.9785602678571429,0.9781322846115422,0.44371190667152405,0.9534333881578947,0.9079496789956192,0.9534333881578947,0.9526144462062502,1.7849776222229004,0.3765,0.3065667417644237,0.3765,0.30457067789985337
144,0.4079984525271824,0.9787165178571429,0.9423146670630311,0.9787165178571429,0.9780857318811362,0.444345927552173,0.953125,0.9020239309974338,0.953125,0.9521106930588299,1.7771991859436036,0.3803,0.3105992057375827,0.3803,0.308611303972298
145,0.40620277200426375,0.9789955357142858,0.9473665550023496,0.9789955357142858,0.9785085691014136,0.44334348251945094,0.953844572368421,0.9041402537768418,0.953844572368421,0.9529311443741131,1.792448593521118,0.3734,0.30429053014524976,0.3734,0.30211251484758156
146,0.40511502436229163,0.9784933035714286,0.9493669472479918,0.9784933035714286,0.9780772812726222,0.44263628909462377,0.9529194078947368,0.9054964171354504,0.9529194078947368,0.952056409139574,1.77273860206604,0.3748,0.30688975494826465,0.3748,0.30466721045842177
147,0.4071248372963497,0.9789285714285715,0.9450276560360015,0.9789285714285715,0.978374369826176,0.44441210439330653,0.9548725328947368,0.8964750121955889,0.9548725328947368,0.9536079407796639,1.763833209991455,0.3786,0.31287329665017644,0.3786,0.3107206626575361
148,0.40303825991494313,0.9788058035714285,0.9485624397291996,0.9788058035714285,0.9783400666814651,0.4408205010389027,0.9541529605263158,0.8998499548380868,0.9541529605263158,0.9530178247669084,1.7858996726989746,0.3789,0.30785663276952285,0.3789,0.3057251513956345
149,0.3975271122796195,0.9788616071428572,0.9520026152821904,0.9788616071428572,0.9785103825781277,0.4350030249670932,0.9534333881578947,0.9051931048220483,0.9534333881578947,0.9525230961432429,1.7634026668548584,0.3835,0.31589501001401954,0.3835,0.3139899048420857
150,0.3980531339985984,0.9791183035714286,0.9514879149571225,0.9791183035714286,0.9787525929298482,0.43583694414088603,0.9533305921052632,0.9036705178007571,0.9533305921052632,0.9523870740799061,1.77946607131958,0.378,0.305917788685102,0.378,0.30386782300258236
151,0.40074892010007584,0.9796763392857143,0.9533530987936569,0.9796763392857143,0.979339131338446,0.4379127135402278,0.956311677631579,0.9115142256585687,0.956311677631579,0.9555558047476748,1.7582077409744263,0.3812,0.3087750516791741,0.3812,0.30653812610656944
152,0.4004081652845655,0.9790848214285715,0.9462549167286444,0.9790848214285715,0.9785525936327722,0.4387162515991612,0.9533305921052632,0.8965762113330523,0.9533305921052632,0.952126792757617,1.7576931058883667,0.3853,0.31480017576589037,0.3853,0.3125702915543809
153,0.3939261848585946,0.979375,0.9522119846405106,0.979375,0.9789987782087417,0.43180709136159795,0.9534333881578947,0.9022087898494104,0.9534333881578947,0.9523790346833716,1.7580329347610473,0.3763,0.30739355144037467,0.3763,0.30542014019249636
154,0.4043459241730826,0.9784263392857143,0.9455771792821889,0.9784263392857143,0.9779033873669084,0.44105466886570577,0.9541529605263158,0.8968098241355665,0.9541529605263158,0.9529128289341813,1.775381664276123,0.3752,0.30768528829633135,0.3752,0.30554143834918246
155,0.4014212846755981,0.9785267857142858,0.9408297314148182,0.9785267857142858,0.9778445941011452,0.43958255334904317,0.9525082236842105,0.8900075889984038,0.9525082236842105,0.9511599724034996,1.7777914693832397,0.3812,0.3130666704811741,0.3812,0.3110782411929656
156,0.39603523646082195,0.9796875,0.9569626905234152,0.9796875,0.9794349286139259,0.43419440012229116,0.955078125,0.9122154787828682,0.955078125,0.9543966126878284,1.7678594497680664,0.3752,0.3053814981610433,0.3752,0.3034291092690061
157,0.3950967708655766,0.9788839285714286,0.9497069495428828,0.9788839285714286,0.9784574440311165,0.43371417020496567,0.9546669407894737,0.9032879255301104,0.9546669407894737,0.9536354985137473,1.7781452562332154,0.3748,0.30567395828994937,0.3748,0.3034703368151085
158,0.39356801271438596,0.97828125,0.9496899363247975,0.97828125,0.9778635911699882,0.43181968048999186,0.9536389802631579,0.9049501529733984,0.9536389802631579,0.9526901986473489,1.7768959775924682,0.3773,0.3090843386150651,0.3773,0.30686336838518785
159,0.39490962437220983,0.9789285714285715,0.9406244466791129,0.9789285714285715,0.9782270234248495,0.43464170474755137,0.9542557565789473,0.8928964404685591,0.9542557565789473,0.9528420189784148,1.7799541618347168,0.38,0.3088796965763979,0.38,0.30660807110854776
160,0.39236896174294605,0.9795870535714286,0.9523924933270695,0.9795870535714286,0.9792270605602104,0.43221131280848857,0.9525082236842105,0.8981623167342503,0.9525082236842105,0.9514351359161579,1.7706563150405883,0.3776,0.30807761024958114,0.3776,0.305821541089984
161,0.39341597199440004,0.9797433035714286,0.9446619497639522,0.9797433035714286,0.9791457255988131,0.4327518296869178,0.953844572368421,0.8961758786048131,0.953844572368421,0.9525685714518127,1.7656673360824584,0.3802,0.3101290030126485,0.3802,0.30776738913758345
162,0.3884774429457528,0.9788839285714286,0.9452477058435644,0.9788839285714286,0.9783266029694835,0.4275866856700496,0.952405427631579,0.8986091025169698,0.952405427631579,0.9512805331473733,1.7691157606124879,0.3765,0.3066441879034288,0.3765,0.30458412239503246
163,0.3868445244857243,0.9794866071428572,0.9495602202899678,0.9794866071428572,0.9790502771500765,0.42614989688521937,0.9541529605263158,0.9039094441929747,0.9541529605263158,0.9532202737623748,1.7763096111297607,0.3746,0.3070158337147707,0.3746,0.3051446544824432
164,0.39006667409624374,0.9804575892857142,0.9519651638719168,0.9804575892857142,0.9800690999637267,0.4298429096999921,0.9548725328947368,0.9065344045148684,0.9548725328947368,0.9540128464590917,1.7390159442901612,0.3823,0.3139416032761734,0.3823,0.3117420488814031
165,0.39187393392835346,0.9792522321428572,0.9530006453212486,0.9792522321428572,0.9788981551829536,0.43103675622689097,0.9529194078947368,0.903338531938114,0.9529194078947368,0.9519886417367479,1.7737050722122192,0.3725,0.3031284790960922,0.3725,0.30106486763195356
166,0.3920628585134234,0.9807924107142857,0.9601899001920137,0.9807924107142857,0.9805861174034062,0.43144434376766805,0.9549753289473685,0.9159541621278333,0.9549753289473685,0.9543718796770829,1.7529091478347778,0.3778,0.30995336437002335,0.3778,0.3080013065924257
167,0.39060050657817297,0.9803236607142857,0.953059157641842,0.9803236607142857,0.9799459849980615,0.4302816783127032,0.9545641447368421,0.9037735056442175,0.9545641447368421,0.9535629636128851,1.7710799152374268,0.3769,0.3064799473353725,0.3769,0.3042952450805949
168,0.3894516718387604,0.9799888392857142,0.9534452674544347,0.9799888392857142,0.9796420756543476,0.4298721802862067,0.9537417763157895,0.9062220152211934,0.9537417763157895,0.9529058422693906,1.7483631813049316,0.3747,0.3066308625852793,0.3747,0.3045754945173457
169,0.3915849794660296,0.9808147321428572,0.9601388878248599,0.9808147321428572,0.9805926832881713,0.4320526797520487,0.9549753289473685,0.9150528117952064,0.9549753289473685,0.9543421046552005,1.7368066188812257,0.3779,0.30865780066909376,0.3779,0.3067020407778067
170,0.3905368277004787,0.9792410714285714,0.9546745233847422,0.9792410714285714,0.9789235539201754,0.43054918238991186,0.9528166118421053,0.9058568835388467,0.9528166118421053,0.951926637396088,1.7725104839324952,0.3745,0.3029942732124662,0.3745,0.30085354660126656
171,0.39235178692000255,0.9790290178571428,0.9520829040191483,0.9790290178571428,0.9786621752384003,0.43221425382714523,0.9515830592105263,0.9047679544840171,0.9515830592105263,0.9507089759748739,1.7679830574035644,0.3752,0.306654165488599,0.3752,0.3044679057055737
172,0.3921145050866263,0.9797098214285714,0.9388301869772295,0.9797098214285714,0.9789240366849242,0.4319206240930055,0.9546669407894737,0.8965111653269633,0.9546669407894737,0.9533811696171608,1.766031303024292,0.3757,0.3048102199186793,0.3757,0.3027988792180525
173,0.38718876481056214,0.9807477678571429,0.9557577723561594,0.9807477678571429,0.9804333697069001,0.42732511852916916,0.954358552631579,0.9109926325564178,0.954358552631579,0.9535732960596391,1.7543456306457519,0.3758,0.30563964068531424,0.3758,0.3034631208594503
174,0.3869371610028403,0.9796875,0.9534363620215295,0.9796875,0.9793219133428761,0.42652690410614014,0.9540501644736842,0.9065541981382024,0.9540501644736842,0.9531106480659727,1.7736982498168945,0.3689,0.29964626170818737,0.3689,0.29784244404141025
175,0.3885511369364602,0.9807700892857143,0.9562492409506895,0.9807700892857143,0.9804511569198201,0.42845440538305984,0.9540501644736842,0.9075741017522384,0.9540501644736842,0.9531742938685417,1.749289499092102,0.3735,0.30403668500501885,0.3735,0.3019025096105954
176,0.3826070947306497,0.9820424107142857,0.9606848677884428,0.9820424107142857,0.9818251350227089,0.42267234545004995,0.9553865131578947,0.91317519954352,0.9553865131578947,0.9547179962895874,1.7674945947647094,0.3756,0.3058214021386899,0.3756,0.3035858088610277
177,0.3833288640635354,0.9806696428571429,0.960076886060361,0.9806696428571429,0.9804469970196018,0.424100609202134,0.9539473684210527,0.9101641977291083,0.9539473684210527,0.9532210300247611,1.7617409797668457,0.3745,0.3063483556658401,0.3745,0.30428143232460764
178,0.38504319259098596,0.9808705357142857,0.9525801591240338,0.9808705357142857,0.9804641493168663,0.42566951952482524,0.955797697368421,0.9048693447401606,0.955797697368421,0.9547726086735434,1.7649969678878785,0.3749,0.3049107977165085,0.3749,0.30295394798176856
179,0.38406641176768713,0.9809486607142858,0.955172512495326,0.9809486607142858,0.9806126147463241,0.4246249104800977,0.954358552631579,0.9073745546067045,0.954358552631579,0.9535441142783349,1.763472596359253,0.3741,0.3034504480259857,0.3741,0.3014314754331793
180,0.38493712169783456,0.9820758928571428,0.9599791665492917,0.9820758928571428,0.9818244400496057,0.4254893676230782,0.954358552631579,0.9134393766060844,0.954358552631579,0.9536782027640835,1.741744165611267,0.3727,0.3029658876464626,0.3727,0.30102412763585196
181,0.38368028027670725,0.9806361607142857,0.949164617813735,0.9806361607142857,0.9801213066503458,0.42505251263317306,0.9532277960526315,0.9006023173248512,0.9532277960526315,0.9521266331575853,1.7731268600463868,0.3728,0.30238060848526105,0.3728,0.3001748903014781
182,0.38329638123512266,0.981796875,0.956021631458305,0.981796875,0.9814490329357246,0.4240003902661173,0.955797697368421,0.9080207433464539,0.955797697368421,0.9549635346758035,1.7513962173461914,0.3761,0.30805663358785773,0.3761,0.3061448674236158
183,0.38273440531321934,0.9813058035714286,0.9547718676248366,0.9813058035714286,0.9809539567928048,0.4235771423891971,0.9552837171052632,0.9066809151999984,0.9552837171052632,0.9544158960887655,1.7535402223587035,0.3809,0.3137266160633177,0.3809,0.3120958747664506
184,0.37667186617851256,0.9813058035714286,0.9616079569540217,0.9813058035714286,0.9810872755566147,0.4181074986332341,0.953844572368421,0.9095844282787502,0.953844572368421,0.953109609222527,1.7634597127914429,0.3777,0.3096777008167628,0.3777,0.3076773150380265
185,0.38527361937931603,0.9819754464285714,0.9605940563256544,0.9819754464285714,0.9817236790801722,0.42691637183490555,0.9559004934210527,0.9155475027164826,0.9559004934210527,0.9552683157757605,1.7477033262252808,0.3776,0.30784912785691954,0.3776,0.30596607398851927
186,0.38122583883149286,0.9822321428571429,0.9633276534297235,0.9822321428571429,0.9820322804790593,0.42256056164440353,0.9561060855263158,0.9196560240636595,0.9561060855263158,0.9555366070366139,1.743954031944275,0.3761,0.30474867566215635,0.3761,0.30260556856306103
187,0.3805685091018677,0.9812053571428572,0.9593474873243537,0.9812053571428572,0.9809571192004113,0.42262300221543564,0.9548725328947368,0.9086536338050649,0.9548725328947368,0.9541358819504197,1.7445675733566284,0.3812,0.3122781611657949,0.3812,0.3101166250704893
188,0.38281412158693584,0.9805691964285714,0.9550358249666514,0.9805691964285714,0.9802209755321275,0.42455940811257614,0.9549753289473685,0.9102953263345752,0.9549753289473685,0.9540846388080968,1.7674093145370484,0.3767,0.30553772914243293,0.3767,0.3033691822508503
189,0.37749352301870076,0.9822321428571429,0.9639374434339395,0.9822321428571429,0.9820453239365218,0.42024964251016317,0.9548725328947368,0.9153744822127328,0.9548725328947368,0.9541898766523637,1.7499828639984132,0.3776,0.3067103525095654,0.3776,0.30482131260971385
190,0.3799324309825897,0.9805803571428572,0.955621977054968,0.9805803571428572,0.9802423566649142,0.4225338117072457,0.9537417763157895,0.9029842797141635,0.9537417763157895,0.9527182493276125,1.7580721488952638,0.3783,0.30894532240617467,0.3783,0.3067408023381676
191,0.3790450200012752,0.9812053571428572,0.9603776173522093,0.9812053571428572,0.980963897462307,0.42183076864794683,0.9527138157894737,0.9066341306441302,0.9527138157894737,0.9518774040872872,1.743874799156189,0.3778,0.3084501281242208,0.3778,0.3058776038169278
192,0.3811903710024697,0.9802455357142857,0.9541737251567785,0.9802455357142857,0.9798779867732293,0.42450955353285136,0.9516858552631579,0.9012027995224766,0.9516858552631579,0.950679438261366,1.7640958236694335,0.3769,0.30765800702974155,0.3769,0.30535686409593815
193,0.38064621482576644,0.9812388392857143,0.9544191977730252,0.9812388392857143,0.9808654058721024,0.4229551036106913,0.9555921052631579,0.9107260407614151,0.9555921052631579,0.9547225511192332,1.7531217853546142,0.3781,0.3076993438948704,0.3781,0.3054372896363749
194,0.38147337317466734,0.9818638392857143,0.962715558679194,0.9818638392857143,0.9816705764909585,0.4240379882486243,0.9540501644736842,0.9138960730639022,0.9540501644736842,0.9534038123880013,1.7395624521255493,0.3751,0.3051287158155535,0.3751,0.3030991853201333
195,0.376581141267504,0.9815066964285715,0.9524743671628558,0.9815066964285715,0.9810717141550153,0.41905299613350316,0.956311677631579,0.9052025978619017,0.956311677631579,0.955306233171428,1.7499804210662842,0.376,0.30518385510427615,0.376,0.30305593113905843
196,0.3812278323514121,0.9825334821428572,0.9609041449865995,0.9825334821428572,0.9822871105791536,0.42415361027968557,0.9553865131578947,0.9115002950624902,0.9553865131578947,0.9546263972271507,1.7192514600753783,0.3816,0.3106390609388265,0.3816,0.30839637850624024
197,0.3729296147823334,0.9816517857142857,0.9571346604717101,0.9816517857142857,0.981334947929756,0.4166637753185473,0.9544613486842105,0.9091960893652816,0.9544613486842105,0.9536063515631271,1.740114715385437,0.3769,0.30819087081672203,0.3769,0.3060871856007796
198,0.3746295983450753,0.9825111607142857,0.9580242042740048,0.9825111607142857,0.9821996882529189,0.4182264397018834,0.9552837171052632,0.9098083401581245,0.9552837171052632,0.9545047650130034,1.7288694129943847,0.3775,0.30891896634546706,0.3775,0.3068429530785721
199,0.3776424929073879,0.9830133928571428,0.9641847626020645,0.9830133928571428,0.9828162888474328,0.42106763626399796,0.9562088815789473,0.9127452574643857,0.9562088815789473,0.9554518339140324,1.7449899572372436,0.3759,0.3071593652345386,0.3759,0.3049185777578974
200,0.38098780700138635,0.9833928571428572,0.9680025225359895,0.9833928571428572,0.9832700082711908,0.4234616568214015,0.9572368421052632,0.9226693966586581,0.9572368421052632,0.9567742044837698,1.720621894454956,0.3786,0.3102423734453117,0.3786,0.30812413521165444
201,0.3776941783087594,0.9815959821428571,0.9563727437298322,0.9815959821428571,0.9812557432287033,0.4205835696898009,0.9547697368421053,0.905799635689951,0.9547697368421053,0.9538452066732145,1.7256194856643676,0.3766,0.30803555518825604,0.3766,0.30600689920892216
202,0.37517038549695697,0.9821205357142857,0.9582437104059472,0.9821205357142857,0.9818055452508097,0.41810809624822515,0.956311677631579,0.9094885941109526,0.956311677631579,0.9553965246214013,1.7380847789764404,0.3765,0.30599053136715193,0.3765,0.30396165604465564
203,0.3776354786327907,0.981328125,0.9528379330086718,0.981328125,0.9809145935685857,0.42055381912934153,0.954358552631579,0.9011346161811229,0.954358552631579,0.9532676784539423,1.7500132202148437,0.3736,0.30339828510493116,0.3736,0.30123413464630655
204,0.375072717836925,0.9821428571428571,0.9555464533343686,0.9821428571428571,0.9817707454312007,0.4184332819361436,0.9568256578947368,0.907513825782827,0.9568256578947368,0.9558658658220557,1.7359840530395507,0.3784,0.30930880441743025,0.3784,0.30714472408918575
205,0.37101964558873857,0.9827566964285714,0.9666565243635716,0.9827566964285714,0.9826031029749123,0.4149443601307116,0.9554893092105263,0.9201122160428333,0.9554893092105263,0.9549429239815965,1.7161688016891479,0.3774,0.30701564350589405,0.3774,0.30497706133668645
206,0.3736240700313023,0.981953125,0.9574645697221087,0.981953125,0.9816322458404018,0.41770395479704203,0.9549753289473685,0.9063097474682298,0.9549753289473685,0.9540673334083725,1.7295330053329467,0.3758,0.3067511874817449,0.3758,0.3046688313584883
207,0.37703052146094185,0.9833370535714285,0.9652368465996737,0.9833370535714285,0.9831660715349774,0.4203292398076308,0.9569284539473685,0.917499631547097,0.9569284539473685,0.9563378090711027,1.7080473693847655,0.3775,0.30831120560727016,0.3775,0.3062603007969158
208,0.37380444134984697,0.9821763392857142,0.9654444936886957,0.9821763392857142,0.9820130633831171,0.4167858456310473,0.9555921052631579,0.9185089050488283,0.9555921052631579,0.9549745786055756,1.72252725315094,0.3751,0.3056799891415074,0.3751,0.3036625545089428
209,0.3776248926775796,0.9825334821428572,0.9577608968235584,0.9825334821428572,0.9822048805887776,0.42140648082682963,0.9556949013157895,0.9076335160783578,0.9556949013157895,0.9548196116591615,1.7338685623168946,0.3782,0.3075964817950442,0.3782,0.3054804706805641
210,0.3738985618523189,0.9833928571428572,0.9664253875066307,0.9833928571428572,0.9832362335472257,0.4175410741253903,0.9575452302631579,0.9188615043250012,0.9575452302631579,0.9569481662697606,1.7142833833694457,0.3807,0.3102228765848215,0.3807,0.30822131378962797
211,0.37654017056737626,0.9823325892857143,0.9581732381356212,0.9823325892857143,0.9820283439335068,0.4195665826922969,0.9562088815789473,0.9090087583428591,0.9562088815789473,0.9553477887266348,1.7186641075134277,0.3824,0.3110984270451925,0.3824,0.3087773873388998
212,0.375689446074622,0.9822544642857143,0.9627852009915466,0.9822544642857143,0.9820421709299454,0.41918983898664774,0.9553865131578947,0.9106710575412655,0.9553865131578947,0.9545499105278438,1.7202562452316283,0.3779,0.30686252247149043,0.3779,0.30482056383643324
213,0.37382197822843277,0.9830803571428571,0.9588850812354505,0.9830803571428571,0.9827618010690039,0.416688566145144,0.9571340460526315,0.9117054557197584,0.9571340460526315,0.9563268565932809,1.7245478818893432,0.3796,0.30827383849608603,0.3796,0.3059796461524808
214,0.37254104818616596,0.9819419642857142,0.9562239362847418,0.9819419642857142,0.981582391649652,0.41474450105114985,0.9553865131578947,0.9055421143294546,0.9553865131578947,0.9544264623417777,1.7312456047058105,0.375,0.3047985737426048,0.375,0.30240730484864325
215,0.3752108378069741,0.9821205357142857,0.9645379149340647,0.9821205357142857,0.9819406452062974,0.41829287378411545,0.9548725328947368,0.9123312560771266,0.9548725328947368,0.954161258679589,1.7341150157928467,0.3738,0.3030818104694951,0.3738,0.30090075992203963
216,0.37851913622447425,0.9823883928571429,0.9597725017138856,0.9823883928571429,0.9821099640284662,0.42308225286634343,0.9556949013157895,0.9081239850142024,0.9556949013157895,0.9548682499941935,1.7352945299148559,0.3738,0.3037726746419239,0.3738,0.3018055236870549
217,0.37522556134632656,0.982578125,0.9584438451194263,0.982578125,0.9822676782389033,0.4188043679061689,0.9544613486842105,0.9062031077823832,0.9544613486842105,0.9536026312263484,1.7274176338195801,0.3799,0.30840883423882837,0.3799,0.30644588395237693
218,0.3753999401841845,0.9815066964285715,0.9554037040189577,0.9815066964285715,0.9811461638991064,0.41994830495432806,0.9537417763157895,0.9038194453524266,0.9537417763157895,0.9528110671147987,1.7314715225219726,0.3773,0.3071572309034788,0.3773,0.30532842155512396
219,0.37135283964020865,0.9824888392857143,0.9628785127066921,0.9824888392857143,0.9822786456808084,0.41622950215088694,0.955078125,0.9101270811346499,0.955078125,0.9543198351429366,1.721455145072937,0.3772,0.30853273342194143,0.3772,0.306505466304893
220,0.3714897997038705,0.9836607142857143,0.961723780174375,0.9836607142857143,0.9834043318833182,0.41633927822113037,0.95703125,0.9134423175846038,0.95703125,0.956311632197824,1.7214327823638915,0.379,0.30973335770822796,0.379,0.3078593634251102
221,0.3735882672241756,0.9829464285714286,0.9642418679737004,0.9829464285714286,0.9827561321362698,0.41835818322081314,0.9568256578947368,0.9196386683454774,0.9568256578947368,0.9562310005347087,1.7278089044570923,0.3753,0.30670832231318934,0.3753,0.30478025216673976
222,0.3687166159493583,0.9836049107142857,0.9637182880463614,0.9836049107142857,0.9833876033326476,0.4130857461377194,0.9572368421052632,0.9130726478570492,0.9572368421052632,0.9564589860467374,1.7419764247894287,0.3766,0.3069265449858255,0.3766,0.3048397639176218
223,0.3743533018657139,0.9839732142857143,0.9661238200538123,0.9839732142857143,0.9838046586537383,0.4191039235968339,0.957750822368421,0.9182016766983075,0.957750822368421,0.9571097014994654,1.7270224353790282,0.3801,0.310890913447429,0.3801,0.3089617925253561
224,0.3671652570792607,0.9838504464285714,0.9643049487620565,0.9838504464285714,0.9836351386280665,0.4118043435247321,0.9572368421052632,0.913422663741121,0.9572368421052632,0.9564948931484171,1.7211569217681886,0.3775,0.3070437629614425,0.3775,0.30498577379418246
225,0.3726645815372467,0.9826227678571429,0.9587176930530891,0.9826227678571429,0.9823088916431169,0.4180478704603095,0.9554893092105263,0.9094452554852509,0.9554893092105263,0.9546641868431263,1.726097071838379,0.3747,0.3058234784973563,0.3747,0.3039575706904075
226,0.3733128939356123,0.9833482142857143,0.9600839458985803,0.9833482142857143,0.9830440445665921,0.4190821380991685,0.956311677631579,0.9104221140990341,0.956311677631579,0.9554573394199617,1.7334146146774292,0.3751,0.3052712569649095,0.3751,0.3032287381097565
227,0.3683145504338401,0.9830245535714286,0.9657381009073568,0.9830245535714286,0.9828476545991912,0.41344801062031794,0.9548725328947368,0.912492407150447,0.9548725328947368,0.9541825921448035,1.7216421689987182,0.3786,0.3106490099802589,0.3786,0.3087018065244053
228,0.36612227865627833,0.9842522321428572,0.9698155414475329,0.9842522321428572,0.9841272964377074,0.41093432903289795,0.9547697368421053,0.9161069763729849,0.9547697368421053,0.9541268438688433,1.7231386545181275,0.375,0.30629206838214096,0.375,0.3043179367380012
229,0.37059029170445035,0.98375,0.9659856132087412,0.98375,0.9835750805350909,0.41585842559212133,0.9561060855263158,0.9175001309137667,0.9561060855263158,0.9555343371830662,1.7167526218414306,0.3797,0.31006334385141365,0.3797,0.30802810149700094
230,0.37398103628839763,0.9830580357142857,0.9638601025352894,0.9830580357142857,0.98284506401253,0.4190225946275811,0.9556949013157895,0.9113531280219458,0.9556949013157895,0.9549366120314632,1.7365925342559814,0.3736,0.30421561065503283,0.3736,0.30217028386421185
231,0.37538895402635847,0.9837611607142858,0.9610502651582211,0.9837611607142858,0.9834879449022732,0.42010896456869024,0.9555921052631579,0.9064846354283527,0.9555921052631579,0.9546667135129346,1.727278970336914,0.378,0.31039892923085416,0.378,0.308421283966486
232,0.37103489143507823,0.9833928571428572,0.9647857108321162,0.9833928571428572,0.9831982892556211,0.41626084948840897,0.956311677631579,0.9128511107608605,0.956311677631579,0.9555225701602393,1.7342622278213502,0.374,0.30478799832265313,0.374,0.3026166991361287
233,0.3695601895877293,0.9837388392857143,0.962230165973917,0.9837388392857143,0.9834762292908551,0.4162598299352746,0.9547697368421053,0.9079148966670012,0.9547697368421053,0.9539423144318535,1.7273646188735963,0.379,0.30998471952234785,0.379,0.30782954246804756
234,0.368734040090016,0.983671875,0.9618393505180967,0.983671875,0.9834111042102489,0.4152433338918184,0.9537417763157895,0.903962196930404,0.9537417763157895,0.9528042017357474,1.724471096611023,0.3841,0.3124548443452074,0.3841,0.31045643532087563
235,0.3674088798250471,0.9836049107142857,0.9628820315015076,0.9836049107142857,0.9833585355926595,0.41490742877910014,0.956311677631579,0.9107037632427474,0.956311677631579,0.9555128194556329,1.736821880722046,0.3747,0.30470846249115097,0.3747,0.3026385310541442
236,0.36735600982393535,0.9845535714285715,0.9683464144631888,0.9845535714285715,0.9844060263997145,0.41416671244721665,0.9552837171052632,0.9136303171581261,0.9552837171052632,0.9546368509073817,1.7324089921951293,0.3779,0.30782519482968673,0.3779,0.30577986064960744
237,0.3699381390639714,0.9841629464285714,0.9705622842408964,0.9841629464285714,0.9840483681122344,0.4168306212676199,0.9555921052631579,0.9162012343664797,0.9555921052631579,0.9549673437470169,1.71559426612854,0.3764,0.3055739031909492,0.3764,0.3035732401968648
238,0.36732147012438093,0.9835044642857143,0.9556065576026891,0.9835044642857143,0.9830829704778713,0.41465424393352707,0.9553865131578947,0.8996164264102162,0.9553865131578947,0.9542429360975319,1.7393877506256104,0.3805,0.31159932833005194,0.3805,0.30936822955386106
239,0.36550118463379994,0.9837946428571429,0.9637735174292497,0.9837946428571429,0.9835790834463004,0.4121433370991757,0.9547697368421053,0.9092111997968919,0.9547697368421053,0.953949683943339,1.7429613489151001,0.3746,0.30510195144202445,0.3746,0.30286037939536686
240,0.36736657449177335,0.9838839285714286,0.9656717240386803,0.9838839285714286,0.9837030295233178,0.4149232710662641,0.9548725328947368,0.912516155182114,0.9548725328947368,0.9541751414280291,1.7240933973312378,0.3809,0.3109270942356796,0.3809,0.3087389880592813
241,0.3687212235586984,0.9847879464285715,0.9650323011945613,0.9847879464285715,0.9845714852123527,0.415421082785255,0.957750822368421,0.9104165036192414,0.957750822368421,0.9569184483781626,1.7287404291152955,0.3784,0.30910311356406783,0.3784,0.3072807471130987
242,0.36764296071869984,0.9842633928571428,0.963249734583664,0.9842633928571428,0.9840260676885272,0.41462914253536026,0.9573396381578947,0.9148830314036109,0.9573396381578947,0.9566234827874092,1.732930819129944,0.3764,0.30462259941785186,0.3764,0.3025080080106369
243,0.3694620086465563,0.9828683035714286,0.9572738553333308,0.9828683035714286,0.9825057275858616,0.4163737061776613,0.9548725328947368,0.9013265393171933,0.9548725328947368,0.9537528384681712,1.7521143283843994,0.3726,0.3008939207061584,0.3726,0.29895156743514517
244,0.3734419277736119,0.983671875,0.9648923606110464,0.983671875,0.9834770171613567,0.4203087122816789,0.9544613486842105,0.9117204123615089,0.9544613486842105,0.953725680403128,1.7364966066360474,0.3755,0.3041562167052859,0.3755,0.30202769137391394
245,0.365243182182312,0.985078125,0.9696387779094128,0.985078125,0.9849389547983292,0.41284046675029556,0.9567228618421053,0.9136463237629509,0.9567228618421053,0.9560084623253657,1.721763493347168,0.3825,0.31114235997030865,0.3825,0.30890876688193103
246,0.367163074868066,0.9832477678571429,0.956219513274428,0.9832477678571429,0.9828583109221781,0.41486783090390655,0.9549753289473685,0.9006892701390988,0.9549753289473685,0.9539243138507558,1.7376667867660522,0.3805,0.3111267235098759,0.3805,0.3090213681043463
247,0.3692129191330501,0.9842075892857143,0.9664475453245231,0.9842075892857143,0.9840240876685721,0.41639914794972066,0.9568256578947368,0.9124595539727032,0.9568256578947368,0.9560917042985912,1.7184856800079347,0.3782,0.309191922685095,0.3782,0.30702503596300174
248,0.36475708501679555,0.9842410714285714,0.9667939240310348,0.9842410714285714,0.9840691887633001,0.4118066147754067,0.9552837171052632,0.9111828255437407,0.9552837171052632,0.9545380904622656,1.7204314256668092,0.3766,0.3070520563829671,0.3766,0.3049668078605665
249,0.36325794543538775,0.9843526785714286,0.9656924065333831,0.9843526785714286,0.9841618689284611,0.40972612562932464,0.9568256578947368,0.9122694110029588,0.9568256578947368,0.9560905274516848,1.7257237602233886,0.3755,0.306012670205479,0.3755,0.3038897039958211
250,0.37179647156170437,0.9840959821428571,0.966371223386558,0.9840959821428571,0.9839252235532696,0.4188624949831712,0.955797697368421,0.9130582468494669,0.955797697368421,0.9551168136528716,1.706217424583435,0.3825,0.3119098350426758,0.3825,0.3096903024953797
251,0.36633910860334123,0.9853013392857143,0.9680220442722783,0.9853013392857143,0.9851305825906294,0.41389976990850347,0.9566200657894737,0.9111952977895248,0.9566200657894737,0.9558153769367245,1.7029301122665406,0.3808,0.3088968192280849,0.3808,0.3068267908496835
252,0.3679112890788487,0.9849776785714286,0.9639920395517294,0.9849776785714286,0.984737176512603,0.4152828909848866,0.956311677631579,0.9099555956268569,0.956311677631579,0.955507652102838,1.7005980264663696,0.3786,0.30692018866741977,0.3786,0.30497118025041475
253,0.36785287874085565,0.9847209821428572,0.9665524829136227,0.9847209821428572,0.9845440860545374,0.4148320241978294,0.9564144736842105,0.9132944884977914,0.9564144736842105,0.9556869163970717,1.7230830755233764,0.3742,0.3049497706360634,0.3742,0.30291735576743367
254,0.3666296516145979,0.9842745535714286,0.9639058408786807,0.9842745535714286,0.9840367749271393,0.41354137972781535,0.9559004934210527,0.9095329462952005,0.9559004934210527,0.9550727792886231,1.7386270610809327,0.3783,0.30788188651761744,0.3783,0.30589121276215814
255,0.37098131571497234,0.984140625,0.9620877109576405,0.984140625,0.9838704895674414,0.4173409578047301,0.9568256578947368,0.9060066466405754,0.9568256578947368,0.9558464828776344,1.7292155096054078,0.3786,0.30880833021323956,0.3786,0.3065050630515185
256,0.36838767068726674,0.9844754464285714,0.9646292321784262,0.9844754464285714,0.9842484897663298,0.41558961491835744,0.9566200657894737,0.9124281554492757,0.9566200657894737,0.955840305967675,1.7266741096496583,0.3775,0.3080524686590563,0.3775,0.3059295381241757
257,0.36813379509108407,0.9846875,0.9642219763705139,0.9846875,0.9844689174561443,0.41508138807196365,0.9573396381578947,0.9160498087109185,0.9573396381578947,0.9566653004411695,1.715080874633789,0.3809,0.31335395932840865,0.3809,0.3112207994753622
258,0.3710430301938738,0.98421875,0.9626617999129895,0.98421875,0.9839672589515592,0.4177944456276141,0.9569284539473685,0.9142644881030872,0.9569284539473685,0.9562224079204711,1.7118083171844483,0.3818,0.310251102366334,0.3818,0.308081559404541
259,0.3672431821482522,0.9844084821428571,0.9622581366221855,0.9844084821428571,0.9841360946187667,0.41420994150011164,0.9566200657894737,0.9114289947191099,0.9566200657894737,0.9558421934867319,1.7159971948623658,0.3763,0.3063720261241927,0.3763,0.3042519782542268
260,0.36483503529003686,0.9832924107142857,0.9627551232917098,0.9832924107142857,0.9830593452893861,0.41225484797829076,0.955797697368421,0.9082234115444555,0.955797697368421,0.9549061269398853,1.7342177499771119,0.3799,0.307409717353486,0.3799,0.30517758479668367
261,0.36195175460406714,0.9845089285714286,0.966086202935047,0.9845089285714286,0.9843145433768343,0.40933619988592046,0.9565172697368421,0.9086698664047306,0.9565172697368421,0.9556017617158998,1.7123223947525024,0.3752,0.3070788989284329,0.3752,0.30492135436999535
262,0.36449603744915554,0.984609375,0.9688515930860511,0.984609375,0.9844614483663857,0.4122101554745122,0.956311677631579,0.91213076446047,0.956311677631579,0.9555358727010809,1.7109655517578124,0.3768,0.30604574535065565,0.3768,0.3039466807408796
263,0.364417199747903,0.9858482142857142,0.9743631936291571,0.9858482142857142,0.9857700252355346,0.4122873481951262,0.9583675986842105,0.9219965125014964,0.9583675986842105,0.9578587504231154,1.7134287857055663,0.3771,0.308871696563243,0.3771,0.30672113041763216
264,0.3605349714415414,0.9846763392857143,0.9714261941687982,0.9846763392857143,0.9845695875761594,0.4084484781089582,0.9553865131578947,0.9143100718550337,0.9553865131578947,0.9546840274453215,1.7387071367263793,0.3735,0.30470865291767196,0.3735,0.30252944880659505
265,0.35941414764949253,0.9859821428571428,0.9705174372339777,0.9859821428571428,0.9858388508983202,0.4082014560699463,0.9572368421052632,0.9132643891481461,0.9572368421052632,0.9564741359192608,1.7345542161941527,0.3782,0.30931240869060217,0.3782,0.30704713065572176
266,0.3602136841842106,0.9853459821428572,0.9656249777531658,0.9853459821428572,0.9851216049908521,0.4095596969127655,0.9568256578947368,0.9085094249645813,0.9568256578947368,0.9558931479798976,1.7421504907608032,0.38,0.31149835270765347,0.38,0.30951987230384903
267,0.3624561631679535,0.9851785714285715,0.9640070614372773,0.9851785714285715,0.9849292033622411,0.41051475625289113,0.9586759868421053,0.9122543253249459,0.9586759868421053,0.9578555678464399,1.7552579385757445,0.3753,0.304970179409718,0.3753,0.30297698767488523
268,0.3669261508328574,0.9858147321428572,0.9710825717286522,0.9858147321428572,0.9856884517496206,0.41553504686606557,0.9560032894736842,0.9108817261713428,0.9560032894736842,0.955217706666582,1.7255880193710327,0.3747,0.30511495508061254,0.3747,0.30304325626743445
269,0.3674227045263563,0.9854575892857143,0.9671043967685756,0.9854575892857143,0.9852672317827634,0.4156801386883384,0.9567228618421053,0.9113988781560277,0.9567228618421053,0.9558871908348728,1.73154205493927,0.3761,0.3056771024812694,0.3761,0.30362914641974353
270,0.3618056162766048,0.9847321428571428,0.9722046477544195,0.9847321428571428,0.9846348465938782,0.40973847163350957,0.9578536184210527,0.9177075737396274,0.9578536184210527,0.957180268856961,1.7455538597106934,0.3712,0.29974705059783846,0.3712,0.29770657741114326
271,0.36622101153646197,0.9856361607142857,0.96668662347771,0.9856361607142857,0.9854331104756668,0.4143254945152684,0.9578536184210527,0.9125383992815006,0.9578536184210527,0.9570611264582368,1.7225191663742065,0.3751,0.30742375524808735,0.3751,0.3056048419249735
272,0.36311335240091597,0.9849553571428571,0.9682682015987458,0.9849553571428571,0.9847910287567525,0.4126280593244653,0.9537417763157895,0.9107752759391344,0.9537417763157895,0.9530034516856928,1.7211947111129762,0.3747,0.30671301762409753,0.3747,0.304867941295776
273,0.3631355496815273,0.9852120535714286,0.9698104178984741,0.9852120535714286,0.9850784214072348,0.41236555576324463,0.9554893092105263,0.9185143673095941,0.9554893092105263,0.9549123643654064,1.729032765197754,0.3742,0.3041031395124575,0.3742,0.30201457955629596
274,0.3635771720749991,0.9856361607142857,0.9657642921617813,0.9856361607142857,0.9854143603531319,0.4120981159963106,0.9568256578947368,0.9120295767055889,0.9568256578947368,0.9560506440028341,1.7310102056503296,0.3779,0.30863099736044625,0.3779,0.306566859840102
275,0.3648319150720324,0.9845535714285715,0.9659473844544392,0.9845535714285715,0.9843472404036567,0.4143604134258471,0.9559004934210527,0.9075058569806576,0.9559004934210527,0.9550090533386278,1.747048668861389,0.3743,0.3041274467040788,0.3743,0.3019829256400622
276,0.3625236131463732,0.985,0.9679275039358565,0.985,0.9848277797096884,0.4124783340253328,0.9549753289473685,0.9116611458766544,0.9549753289473685,0.9542247821034886,1.7365171796798706,0.3759,0.30454695560849426,0.3759,0.3024209611420958
277,0.36304518563406807,0.9859709821428572,0.9684930412381018,0.9859709821428572,0.985799204763137,0.4136025278191817,0.9561060855263158,0.906653208387613,0.9561060855263158,0.9551965644600949,1.7287477785110474,0.3767,0.3071226081304858,0.3767,0.30524915646460893
278,0.36756553104945594,0.9843973214285714,0.960094339647279,0.9843973214285714,0.9840707282367157,0.41779373978313644,0.9529194078947368,0.8998646223068789,0.9529194078947368,0.9518740194531263,1.7318300621032714,0.3729,0.3030379980721577,0.3729,0.30118605626228945
279,0.3664035728999547,0.9864174107142857,0.9745194376170281,0.9864174107142857,0.9863349722573705,0.41597476601600647,0.9554893092105263,0.9145505143125883,0.9554893092105263,0.9548355176265997,1.698238416481018,0.3789,0.3082875975043185,0.3789,0.30618780875089785
280,0.36329793214797973,0.9852790178571429,0.9686315682271553,0.9852790178571429,0.9851147601097207,0.41287491509788915,0.955797697368421,0.9115345144696526,0.955797697368421,0.9549804019637292,1.738648715209961,0.3742,0.3050393098163828,0.3742,0.30302376770931005
281,0.3594287989820753,0.9861495535714285,0.9673957758220224,0.9861495535714285,0.9859510629650975,0.4095651052500072,0.957750822368421,0.909155376638416,0.957750822368421,0.9568533230461349,1.734881669807434,0.3745,0.3041542799782225,0.3745,0.3020322413152319
282,0.35794719168118067,0.9857142857142858,0.964418619322054,0.9857142857142858,0.9854674683221949,0.40782583073565837,0.9564144736842105,0.9070113520651146,0.9564144736842105,0.9555151031662041,1.7439783876419068,0.3772,0.306406628808786,0.3772,0.30443145103671043
283,0.36181345411709376,0.9852232142857142,0.9724814916732294,0.9852232142857142,0.9851268743468465,0.4119174668663426,0.9555921052631579,0.9160441948204759,0.9555921052631579,0.9549746478462711,1.718018801689148,0.3741,0.3033313572460485,0.3741,0.30125676349251934
284,0.3592648957456861,0.9869196428571428,0.9737291727566111,0.9869196428571428,0.9868176753986317,0.4089109395679675,0.9580592105263158,0.9199331287564666,0.9580592105263158,0.9574965712078434,1.713702699661255,0.376,0.3048926194753757,0.376,0.3027815130122992
285,0.359665413584028,0.9858370535714286,0.9661926118626469,0.9858370535714286,0.985616101164726,0.4103935282481344,0.9573396381578947,0.9094407180765011,0.9573396381578947,0.9564580041807645,1.7267114719390868,0.3729,0.30399451098927555,0.3729,0.3017843244264591
286,0.35960797786712645,0.9859040178571429,0.9627055594292052,0.9859040178571429,0.9856146505605597,0.4103319848838605,0.9564144736842105,0.9079033969205212,0.9564144736842105,0.9555525318595057,1.7269866487503052,0.3784,0.30868939817619717,0.3784,0.3065045145502556
287,0.36115182859557016,0.9863839285714285,0.9719207097794886,0.9863839285714285,0.9862653537736362,0.41126056721335963,0.9566200657894737,0.914968415993837,0.9566200657894737,0.9559851585580118,1.7177312242507934,0.3762,0.3076792289137412,0.3762,0.30540320830928797
288,0.36243706226348876,0.9861941964285714,0.9683849980525396,0.9861941964285714,0.9860151053939337,0.41305102015796463,0.9559004934210527,0.9092923176446341,0.9559004934210527,0.9550926261933311,1.717165503692627,0.3785,0.3086791301968022,0.3785,0.3065351593967106
289,0.364767849275044,0.9859598214285714,0.9685456547659932,0.9859598214285714,0.9857938818949653,0.415388391206139,0.9562088815789473,0.9160362757502453,0.9562088815789473,0.9556067121808136,1.7170466388702392,0.3775,0.307398688984099,0.3775,0.30516182344176274
290,0.36421136447361535,0.9852232142857142,0.96988652352758,0.9852232142857142,0.9850797101495313,0.4150250632511942,0.9545641447368421,0.9109762810014438,0.9545641447368421,0.9538333883127936,1.7275567300796508,0.3761,0.30598658121542,0.3761,0.3037810370281216
291,0.35949358446257457,0.9860491071428571,0.9738196573680412,0.9860491071428571,0.985952724132399,0.4105672177515532,0.9555921052631579,0.9198563105111995,0.9555921052631579,0.955045389399128,1.7209092321395874,0.3758,0.30658219455275637,0.3758,0.30441119628215507
292,0.3621671543802534,0.98578125,0.9709905814731989,0.98578125,0.9856519030487508,0.41305544031293767,0.9559004934210527,0.9133605692660239,0.9559004934210527,0.9552143397989029,1.7307635696411132,0.3741,0.3068310725414009,0.3741,0.3043984429042738
293,0.35667118753705707,0.9859821428571428,0.9665717097217092,0.9859821428571428,0.9857658328641355,0.4073750345330489,0.9565172697368421,0.9096705459834482,0.9565172697368421,0.9556174542454713,1.7410180549621581,0.374,0.30630389661542673,0.374,0.304165087279927
294,0.36144151943070546,0.9863504464285714,0.9723305149564847,0.9863504464285714,0.986230398029152,0.41266524164300217,0.956311677631579,0.9150286062382647,0.956311677631579,0.9556053118121871,1.7245097341537476,0.3747,0.30569060381217994,0.3747,0.3035608114712156
295,0.35946129935128346,0.985546875,0.9698324360202693,0.985546875,0.9854003310936881,0.40996595432883814,0.9551809210526315,0.9188854269006821,0.9551809210526315,0.9546096895966583,1.731244948577881,0.3714,0.30210287805517766,0.3714,0.29999328817639526
296,0.36622103112084525,0.98609375,0.9648810690385872,0.98609375,0.9858424354964536,0.4168025584597337,0.9548725328947368,0.9040313472306597,0.9548725328947368,0.9538691870224851,1.7346316164016724,0.3763,0.30548690722301775,0.3763,0.30336736966096867
297,0.3655562949180603,0.986171875,0.9680751257890611,0.986171875,0.9859918725353901,0.41602559779819687,0.956311677631579,0.911577345246352,0.956311677631579,0.9555183929436507,1.7361466970443726,0.376,0.3057058535883488,0.376,0.30370563123464256
298,0.3628675481251308,0.9855915178571428,0.9650368055501893,0.9855915178571428,0.9853537574872817,0.4135699130986866,0.9553865131578947,0.9084375285805208,0.9553865131578947,0.9545179409591363,1.7383390945434571,0.3751,0.3050907105523529,0.3751,0.30287125995009123
299,0.36094576256615774,0.9861941964285714,0.9723362096368314,0.9861941964285714,0.986076652055037,0.41281403993305404,0.9566200657894737,0.9103009303244793,0.9566200657894737,0.9558050168053485,1.7183400129318238,0.3767,0.3093059932739287,0.3767,0.30715129013195314
300,0.3633338190828051,0.9853013392857143,0.967041620647221,0.9853013392857143,0.9851124050871899,0.4141564871135511,0.9544613486842105,0.9085747880470301,0.9544613486842105,0.9536071095990015,1.7393089698791504,0.3742,0.3049904801784805,0.3742,0.302861484832129
301,0.3591613153048924,0.9857700892857143,0.9646577669262097,0.9857700892857143,0.9855255185929611,0.4101594200259761,0.9552837171052632,0.9087051297821038,0.9552837171052632,0.9544534658519703,1.7278849857330323,0.3757,0.30606543659939944,0.3757,0.30406758686863994
302,0.35878791332244875,0.9852232142857142,0.9690108472321507,0.9852232142857142,0.9850648387101626,0.409547674028497,0.9546669407894737,0.9097900576768205,0.9546669407894737,0.953873483969289,1.743479974746704,0.3697,0.30004672570337976,0.3697,0.29785074505867415
303,0.355929034948349,0.9859933035714286,0.9700344056928556,0.9859933035714286,0.9858407692842132,0.4078109107519451,0.9549753289473685,0.9105895420001795,0.9549753289473685,0.9541487257503948,1.7371609577178955,0.3721,0.3030545800438491,0.3721,0.3010765445290303
304,0.35945847170693535,0.9866964285714286,0.9679095009829632,0.9866964285714286,0.9864915885941894,0.4111859296497546,0.9571340460526315,0.9075607681178572,0.9571340460526315,0.9561936433486379,1.7231024711608887,0.3737,0.30553920894602593,0.3737,0.3033049075407968
305,0.36707383445331027,0.9858928571428571,0.9634350789053941,0.9858928571428571,0.9856143060997853,0.4181867994760212,0.9565172697368421,0.90011637692298,0.9565172697368421,0.9553478130629949,1.714399903869629,0.3797,0.3104969766712054,0.3797,0.30834954399318454
306,0.36135119148663114,0.9858482142857142,0.9625646935596673,0.9858482142857142,0.9855516804801878,0.41226846607107864,0.9568256578947368,0.9061002291740007,0.9568256578947368,0.9557931277809023,1.7136038604736328,0.3759,0.306903611182627,0.3759,0.304858486500291
307,0.3620661476680211,0.98671875,0.9728555827259375,0.98671875,0.9866050428086903,0.41265150434092474,0.9569284539473685,0.92014454775874,0.9569284539473685,0.9563584377505885,1.7056954263687134,0.3761,0.30672604707854056,0.3761,0.3045238466655623
308,0.3610921818869455,0.986328125,0.9724599668916755,0.986328125,0.9862184266460664,0.4114119175233339,0.956311677631579,0.9153720088051178,0.956311677631579,0.9556394544134861,1.712917085647583,0.3771,0.3072253169073085,0.3771,0.3051611688623737
309,0.35911547882216316,0.9853013392857143,0.9692030633746818,0.9853013392857143,0.9851395709400406,0.40998002102500514,0.9540501644736842,0.9080090794216465,0.9540501644736842,0.9532090397467643,1.7233430753707886,0.3754,0.3037752172638127,0.3754,0.30159363671526196
310,0.3596981804711478,0.9853459821428572,0.9694107859771733,0.9853459821428572,0.9851910345383671,0.4106939231094561,0.9528166118421053,0.9090492260351013,0.9528166118421053,0.9520185147595542,1.7219513286590575,0.3727,0.30163065932654654,0.3727,0.2995524288569306
311,0.3579111693586622,0.985234375,0.9654164348664211,0.985234375,0.9849978769438936,0.40891833838663605,0.9541529605263158,0.9055330934901198,0.9541529605263158,0.9532048526306378,1.7240405714035034,0.376,0.3049072390839658,0.376,0.3027246710301355
312,0.36230078952653066,0.9861160714285714,0.9710980230778878,0.9861160714285714,0.98597549772165,0.41331925360780014,0.9559004934210527,0.9148312903250385,0.9559004934210527,0.9552041322152157,1.7206605262756347,0.3766,0.3058896743217584,0.3766,0.3037322777771031
313,0.3597527687890189,0.9858035714285714,0.9688513769563517,0.9858035714285714,0.9856368833853453,0.41099842598563746,0.9549753289473685,0.906790052170438,0.9549753289473685,0.9541068488680486,1.7364132509231567,0.3719,0.30154064444458173,0.3719,0.2994261093507772
314,0.35696319205420357,0.9864620535714286,0.9691807395378141,0.9864620535714286,0.9862868226871805,0.40850376612261724,0.9562088815789473,0.9047615019404918,0.9562088815789473,0.9552544897528583,1.731804811668396,0.3723,0.3011539983515968,0.3723,0.29914466682022606
315,0.3586332864420755,0.9862388392857143,0.9637589941867203,0.9862388392857143,0.9859505427011952,0.41113752440402385,0.9554893092105263,0.9039586893922967,0.9554893092105263,0.9544954993079108,1.7369679922103882,0.3765,0.30564686275025854,0.3765,0.30360107151983723
316,0.3589568863596235,0.9874441964285714,0.9728906081053434,0.9874441964285714,0.9873183736208301,0.41096424585894537,0.9580592105263158,0.9151628085799931,0.9580592105263158,0.9573924116669408,1.725955122756958,0.3791,0.30921852565806135,0.3791,0.3073411826301099
317,0.3536874442441123,0.9865959821428572,0.9730048653456936,0.9865959821428572,0.9864795882940285,0.4058480356868945,0.9564144736842105,0.9122657474324004,0.9564144736842105,0.9556526146430552,1.7291789270401001,0.3742,0.3033485757597105,0.3742,0.30137061359848205
318,0.35455361809049335,0.9867857142857143,0.9727962057662319,0.9867857142857143,0.9866651327569582,0.4067474838934447,0.956311677631579,0.914358200467996,0.956311677631579,0.955658835076729,1.727413468170166,0.3752,0.3053651325150946,0.3752,0.30315602854962687
319,0.3522975410733904,0.9859375,0.966371851486775,0.9859375,0.9857165238977141,0.40476319193840027,0.9574424342105263,0.9092431079657134,0.9574424342105263,0.9565604629371836,1.7562055465698243,0.3756,0.30423960273907824,0.3756,0.302093978867183
320,0.35411446264811924,0.9863616071428571,0.9756988244150948,0.9863616071428571,0.9862938882553182,0.40670849461304515,0.9559004934210527,0.9155866952628724,0.9559004934210527,0.9553018176389012,1.7312231925964356,0.3708,0.30078713854519984,0.3708,0.2987125177126112
321,0.3621715388979231,0.9871205357142857,0.975099422516022,0.9871205357142857,0.9870372736477863,0.41538113198782267,0.9568256578947368,0.9149349989895293,0.9568256578947368,0.9562217336425496,1.705263055229187,0.3801,0.30915402377215706,0.3801,0.30708871288826367
322,0.35949339730398994,0.985859375,0.9697504359828379,0.985859375,0.9857097212545428,0.4122711780824159,0.9554893092105263,0.9104846206648626,0.9554893092105263,0.9546764423729668,1.7438613258361817,0.3738,0.30346881276412374,0.3738,0.30150750493507206
323,0.35402686272348677,0.9861049107142857,0.9671151572852935,0.9861049107142857,0.985903690364193,0.40632686018943787,0.9567228618421053,0.908008658645627,0.9567228618421053,0.9557882636776645,1.7311617965698243,0.3728,0.3034576221817288,0.3728,0.30151613288003876
324,0.35732862404414584,0.9860491071428571,0.958426267478852,0.9860491071428571,0.9856376352632672,0.40974063151761103,0.9560032894736842,0.8949931480738732,0.9560032894736842,0.954654438498897,1.7430174858093261,0.3772,0.307598146948346,0.3772,0.30545053896365704
325,0.35714123828070504,0.9855915178571428,0.9603597427227546,0.9855915178571428,0.9852383170712129,0.4094137596456628,0.9559004934210527,0.9039740547351162,0.9559004934210527,0.9548089299999729,1.7542193187713624,0.3762,0.3044312808264091,0.3762,0.30233587473539253
326,0.35700748903410773,0.9860491071428571,0.9689402802974418,0.9860491071428571,0.9858747176919892,0.40920045658161763,0.955797697368421,0.9081647596912112,0.955797697368421,0.9548980120032348,1.7512011602401734,0.3722,0.30244252143474104,0.3722,0.30046522979453727
327,0.35920085379055566,0.9866852678571428,0.9716378241026213,0.9866852678571428,0.9865536157381636,0.41185318482549566,0.9567228618421053,0.9111838635203877,0.9567228618421053,0.9559646272239354,1.7413274795532228,0.3777,0.30591259778061786,0.3777,0.3038461276417206
328,0.3539289501735142,0.9862946428571429,0.9661442300553059,0.9862946428571429,0.986065428851884,0.4059848942254719,0.9561060855263158,0.9025552144083117,0.9561060855263158,0.9550578205719974,1.7399270273208618,0.3788,0.30846191103112985,0.3788,0.30646923600788933
329,0.35785456453050885,0.9868638392857143,0.97110961891615,0.9868638392857143,0.9867225482121993,0.4109553553556141,0.9564144736842105,0.9115601849210343,0.9564144736842105,0.9556187685196814,1.7194257493972778,0.3806,0.3094745465672034,0.3806,0.30740453777185434
330,0.3545851457118988,0.98671875,0.9686823613004725,0.98671875,0.9865296962135495,0.40762882169924286,0.9566200657894737,0.9141747620849081,0.9566200657894737,0.955900959693882,1.7322201539993287,0.3791,0.3076494325736382,0.3791,0.30549444628276756
331,0.35651762349264965,0.987734375,0.9784469692795217,0.987734375,0.987685333808614,0.4096319424478631,0.9578536184210527,0.9190319285770185,0.9578536184210527,0.957301018923851,1.7131867074966431,0.3786,0.3073721801587239,0.3786,0.3053230455376608
332,0.3590938026564462,0.9860267857142857,0.9678209829472589,0.9860267857142857,0.985832153683345,0.4118398176996331,0.9567228618421053,0.9104826969018921,0.9567228618421053,0.9559063734504233,1.7247556804656983,0.3818,0.31257259492654643,0.3818,0.31055541029537503
333,0.35239325881004335,0.9869977678571429,0.9725280892438393,0.9869977678571429,0.9868769015852913,0.4047465842021139,0.9575452302631579,0.9123669382906868,0.9575452302631579,0.9567750195796143,1.7208025896072388,0.3779,0.30848152438402854,0.3779,0.3063810034939258
334,0.3580924965654101,0.9866517857142857,0.9707288574899147,0.9866517857142857,0.986499542696818,0.4110229454542461,0.95703125,0.9136622812630462,0.95703125,0.9562529459884814,1.724619874572754,0.38,0.30870056907946436,0.38,0.30667595075324644
335,0.3585505589417049,0.98625,0.9727737233628101,0.98625,0.986141151693735,0.4116648670874144,0.9567228618421053,0.9170078664332877,0.9567228618421053,0.9561333607210296,1.7218443990707397,0.3755,0.30756621519817373,0.3755,0.3058053601248315
336,0.35859046476227896,0.988046875,0.9762798216319043,0.988046875,0.9879670560669265,0.41120446355719315,0.9587787828947368,0.9175617051027528,0.9587787828947368,0.9581753765330812,1.7104447841644288,0.376,0.30798839802694095,0.376,0.305965794147079
337,0.3588187313079834,0.9873660714285715,0.9701163023101144,0.9873660714285715,0.9871959957778201,0.4111117610805913,0.9594983552631579,0.9126206540113738,0.9594983552631579,0.9586692471715943,1.738879170036316,0.3791,0.308380896622129,0.3791,0.306559266675296
338,0.36030673861503604,0.9880022321428571,0.9741273882307337,0.9880022321428571,0.9878883183602782,0.412636598474101,0.9596011513157895,0.9148856310907361,0.9596011513157895,0.9588196921338396,1.7345154720306397,0.3748,0.30430151374777353,0.3748,0.30231853830350264
339,0.3625663801601955,0.9871316964285715,0.9726761929169208,0.9871316964285715,0.9870075407575749,0.4155658514876115,0.957750822368421,0.9128385350921159,0.957750822368421,0.9569659204342803,1.724273627281189,0.38,0.3085510974909954,0.38,0.3067618702325277
340,0.35760849407741,0.9866071428571429,0.967928033251857,0.9866071428571429,0.9864078220401246,0.4102336246716349,0.9564144736842105,0.9093431796812865,0.9564144736842105,0.9555543060823998,1.7356603231430054,0.3792,0.3084084008370759,0.3792,0.3065423729713893
341,0.3532305339404515,0.9874776785714285,0.969931825264579,0.9874776785714285,0.9872986248386714,0.40650645525831924,0.9576480263157895,0.9069483883158828,0.9576480263157895,0.9566811503869892,1.734316296195984,0.3773,0.3072570109973726,0.3773,0.3054852217538859
342,0.35174107466425214,0.9864397321428572,0.9694609215812082,0.9864397321428572,0.9862628207162704,0.4053662231093959,0.956311677631579,0.9030399152160676,0.956311677631579,0.9552205894041631,1.741627912902832,0.3781,0.3113285771687136,0.3781,0.30979073707594196
343,0.3527713293688638,0.9862053571428572,0.9632008817621978,0.9862053571428572,0.9859076997389667,0.40606612751358434,0.9561060855263158,0.8966682474240051,0.9561060855263158,0.9547584214030586,1.754016484451294,0.3782,0.30755720761766503,0.3782,0.3055998298373231
344,0.35440221650259834,0.9871316964285715,0.9713636330509166,0.9871316964285715,0.9869821793405856,0.4079023709422664,0.9575452302631579,0.9142623896556747,0.9575452302631579,0.9567792624195623,1.722496443939209,0.3763,0.3066204656733415,0.3763,0.3047141626078453
345,0.3607100720064981,0.9887834821428572,0.979014910520914,0.9887834821428572,0.9887223672352268,0.4144936188271171,0.9578536184210527,0.9208324456830184,0.9578536184210527,0.9573582754223434,1.7076641372680663,0.3809,0.3107104034230919,0.3809,0.30880323624187833
346,0.35771955149514334,0.9870758928571428,0.9704690865847271,0.9870758928571428,0.9869124840977829,0.41227373167088155,0.9561060855263158,0.9083933542233646,0.9561060855263158,0.9552452933085811,1.7297891538619996,0.3787,0.30804898452274365,0.3787,0.30608333832730744
347,0.35516900266919815,0.98828125,0.9737488972559005,0.98828125,0.9881577781037602,0.40897022893554286,0.958984375,0.9150924785621639,0.958984375,0.9582989331144184,1.7276840423583983,0.3785,0.30817107917216274,0.3785,0.3060462737411325
348,0.35823949813842776,0.9875111607142857,0.9739592498281319,0.9875111607142857,0.9874005383362123,0.41267069860508565,0.9561060855263158,0.910884129539107,0.9561060855263158,0.9553677166650488,1.717624764251709,0.3783,0.3066976949806817,0.3783,0.30466328488987043
349,0.35757912891251703,0.988125,0.9746505908635203,0.988125,0.988013323627594,0.4114988524662821,0.9580592105263158,0.9136001545174164,0.9580592105263158,0.9573258233139071,1.714445016670227,0.3794,0.31113403674583334,0.3794,0.30911386223019716
350,0.3555145917619978,0.9876897321428572,0.9757236163489408,0.9876897321428572,0.9876040424216928,0.40971879739510386,0.957750822368421,0.9148436222930174,0.957750822368421,0.9570774356050342,1.7185474281311035,0.3799,0.30961382955505906,0.3799,0.3077930190720669
351,0.3558717223576137,0.9873772321428571,0.9762703898618158,0.9873772321428571,0.9872957656024961,0.4096878076854505,0.9564144736842105,0.9124783672155429,0.9564144736842105,0.9556380021065367,1.7261885831832886,0.3747,0.30450594344471044,0.3747,0.3025813339956786
352,0.3566648054122925,0.9871763392857142,0.9744546756842093,0.9871763392857142,0.9870760448514095,0.41040639657723277,0.9554893092105263,0.9132590773941784,0.9554893092105263,0.9548010879594867,1.7224466091156005,0.3732,0.30521599180184705,0.3732,0.30330096997953815
353,0.349640291758946,0.9869642857142857,0.9678734342947086,0.9869642857142857,0.9867545380977744,0.4043129823709789,0.9555921052631579,0.9049987804224816,0.9555921052631579,0.9546718882408811,1.7304898956298829,0.3764,0.3073333831616737,0.3764,0.30524249281680993
354,0.3523771904196058,0.98765625,0.9721534406294431,0.98765625,0.9875191284366359,0.40620486046138565,0.9551809210526315,0.9093008063810828,0.9551809210526315,0.954468864234516,1.7088833517074584,0.3793,0.31031165550790807,0.3793,0.3085628441738374
355,0.3489329596928188,0.9881919642857143,0.9743938133861741,0.9881919642857143,0.9880822731016574,0.403603290256701,0.9569284539473685,0.9139002406478604,0.9569284539473685,0.9562702097108516,1.7241253143310546,0.3741,0.3032882426408857,0.3741,0.30129097216519496
356,0.35984109231403894,0.9879352678571428,0.9750852961195932,0.9879352678571428,0.9878383172354547,0.4146587456527509,0.9559004934210527,0.9139920608599441,0.9559004934210527,0.955210226019445,1.7123922840118408,0.3747,0.3051233904610379,0.3747,0.3030368764413307
357,0.35801363144602094,0.9881138392857143,0.9727913027721383,0.9881138392857143,0.9879761838956236,0.41248272751507004,0.9560032894736842,0.903491136455506,0.9560032894736842,0.9549841135496177,1.7069951793670655,0.3768,0.30628078867001407,0.3768,0.30430897724880873
358,0.35552776898656574,0.9881361607142857,0.974729086817878,0.9881361607142857,0.9880233118662232,0.41064542375112834,0.9568256578947368,0.9166819217846156,0.9568256578947368,0.9561914612274112,1.7188120300292968,0.3751,0.3048992751870069,0.3751,0.3029502171004785
359,0.3580335523400988,0.98875,0.9763803902081772,0.98875,0.9886570731275918,0.4127976894378662,0.95703125,0.9103146302958166,0.95703125,0.9562132437996297,1.7200016565322875,0.3758,0.30499428735722384,0.3758,0.30295212430533425
360,0.3546270852429526,0.9876785714285714,0.9733833365473984,0.9876785714285714,0.987552480869589,0.4097209839444411,0.9567228618421053,0.9093451720180431,0.9567228618421053,0.955860393533082,1.709737184715271,0.3748,0.305440153902996,0.3748,0.3034980133908961
361,0.3527878168651036,0.9880691964285714,0.9749977052981738,0.9880691964285714,0.9879619921842784,0.4082817921513005,0.9564144736842105,0.9107931973494509,0.9564144736842105,0.9555890708597318,1.7092646488189698,0.3739,0.3039181356251465,0.3739,0.30195431504655956
362,0.3568112901278904,0.9887611607142858,0.9797026771125756,0.9887611607142858,0.9887097171122691,0.41248570617876557,0.9584703947368421,0.9156791252486359,0.9584703947368421,0.9578365014435055,1.6990654434204102,0.3764,0.30769740774046417,0.3764,0.30609005455145655
363,0.35602517093930924,0.987421875,0.9742072360328009,0.987421875,0.9873096807843118,0.41066320789487737,0.9561060855263158,0.9104436660770168,0.9561060855263158,0.9552730919074629,1.7223844915390014,0.3716,0.30273171720845093,0.3716,0.3007486051779009
364,0.3567920286314828,0.9872321428571429,0.9731939018374118,0.9872321428571429,0.9871083087629521,0.4112279038680227,0.9555921052631579,0.9106622946461609,0.9555921052631579,0.9547661063807947,1.7173401819229126,0.3766,0.30854854686129884,0.3766,0.30665381649873524
365,0.35228719541004727,0.9879910714285715,0.9743889481823963,0.9879910714285715,0.9878759778370649,0.4074518366863853,0.9578536184210527,0.9153296803309223,0.9578536184210527,0.9571209117260361,1.727714323425293,0.376,0.30678142464205804,0.376,0.3046918825107612
366,0.35681649310248237,0.9882477678571429,0.977821026662248,0.9882477678571429,0.9881785576454022,0.4112647301272342,0.9564144736842105,0.910755242300192,0.9564144736842105,0.9556121868120119,1.730104914665222,0.3727,0.30378850203024216,0.3727,0.30169152538003546
367,0.3546358256680625,0.9889955357142857,0.9793487638869381,0.9889955357142857,0.9889382406260047,0.40962196964966624,0.9580592105263158,0.9171521374656795,0.9580592105263158,0.9574334955146871,1.7168068357467652,0.3752,0.3050675209906454,0.3752,0.3029866708815151
368,0.35678706407546995,0.9890178571428572,0.9749515404467564,0.9890178571428572,0.9888994409753991,0.4111375651861492,0.9579564144736842,0.9087878491202342,0.9579564144736842,0.9570039150128592,1.740195636177063,0.373,0.3028377327935349,0.373,0.30074095635800385
369,0.3568767089503152,0.9879352678571428,0.9749192444400127,0.9879352678571428,0.9878322618640901,0.41154086432958903,0.955078125,0.9019030195009143,0.955078125,0.954112652262754,1.7204247667312622,0.3728,0.3031962199996092,0.3728,0.3012553942312219
370,0.3512159320286342,0.9880915178571429,0.9766455512964715,0.9880915178571429,0.9880123166154304,0.4055684601005755,0.9572368421052632,0.9160815371708685,0.9572368421052632,0.9565449471859193,1.7234949264526367,0.3746,0.3047520738739088,0.3746,0.30270840925003617
371,0.3476801095690046,0.9884040178571428,0.978112313860812,0.9884040178571428,0.9883354296401672,0.4031757477082704,0.9559004934210527,0.9150073269432906,0.9559004934210527,0.9552447905517137,1.727296421432495,0.3731,0.3029012448061388,0.3731,0.30091587595686703
372,0.35264002544539313,0.9886607142857143,0.9811793457791691,0.9886607142857143,0.9886233471331696,0.40811627946401896,0.9571340460526315,0.9195436373264272,0.9571340460526315,0.9566229162870505,1.7139393409729005,0.3745,0.30408224655695376,0.3745,0.30199472945078903
373,0.3565298513003758,0.987421875,0.9688709414744926,0.987421875,0.9872202076903258,0.41153665435941594,0.9568256578947368,0.9036079236463159,0.9568256578947368,0.955771633644563,1.7226314577102662,0.3814,0.31011179780068304,0.3814,0.3079013259936417
374,0.35598000764846804,0.988203125,0.9758045992144803,0.988203125,0.9881079191222122,0.4107992649078369,0.9575452302631579,0.9152844702224037,0.9575452302631579,0.9568225497999807,1.7291712997436524,0.3767,0.3062584178196709,0.3767,0.30408276228151565
375,0.35384052515029907,0.9874107142857143,0.9772484156309277,0.9874107142857143,0.9873444445475773,0.4090583010723716,0.955797697368421,0.9172070103840039,0.955797697368421,0.9551589225783294,1.7242665954589844,0.3734,0.3039139591553491,0.3734,0.3019195108987899
376,0.3536441842147282,0.988125,0.9719224651382241,0.988125,0.9879660073986286,0.40837992649329335,0.9572368421052632,0.9082638310247443,0.9572368421052632,0.9563276699800559,1.7243693309783936,0.375,0.3055072163948885,0.375,0.30350091492212317
377,0.3476952632835933,0.9884151785714286,0.9766236610444399,0.9884151785714286,0.9883272057133149,0.4031916496000792,0.9551809210526315,0.9126681823514172,0.9551809210526315,0.9544561454353726,1.7219724142074584,0.3729,0.30403400077150194,0.3729,0.3021729941277178
378,0.349403144802366,0.9888839285714286,0.9777413909674181,0.9888839285714286,0.9888114792833829,0.4048294079931159,0.9571340460526315,0.9120125998506392,0.9571340460526315,0.9563568642702459,1.7302988117218017,0.3742,0.3043266044069949,0.3742,0.3023542420798456
379,0.3478448608943394,0.9886160714285714,0.9783173835363508,0.9886160714285714,0.9885542132780822,0.4034408879907508,0.95703125,0.9140697114443783,0.95703125,0.9563490994405638,1.715890142440796,0.3781,0.30915764926875017,0.3781,0.30701363577717095
380,0.35824708359582086,0.9887165178571429,0.9773249595482376,0.9887165178571429,0.988636537980365,0.41328703572875575,0.9576480263157895,0.918556134953103,0.9576480263157895,0.9570467140900549,1.706254529762268,0.3793,0.308735098890933,0.3793,0.30662717391900035
381,0.35420399597712926,0.987734375,0.9704838175511157,0.987734375,0.9875654867356299,0.40904851963645533,0.9581620065789473,0.909011079930815,0.9581620065789473,0.9572398548729666,1.7193615842819214,0.3774,0.3057693287477695,0.3774,0.3036128484807411
382,0.35908706869397844,0.9881696428571428,0.9730057915808199,0.9881696428571428,0.9880323723487914,0.4142426189623381,0.9553865131578947,0.9081643105116101,0.9553865131578947,0.9545043275285017,1.7076674432754517,0.3768,0.30595357347405305,0.3768,0.3040140297453671
383,0.3536335521084922,0.9886607142857143,0.9769823397643151,0.9886607142857143,0.9885783470488725,0.41043160620488617,0.9561060855263158,0.9114266339747032,0.9561060855263158,0.9553519832044868,1.7042959785461427,0.3819,0.3135726699674081,0.3819,0.3118085790696482
384,0.35375857489449636,0.9879352678571428,0.970459132504032,0.9879352678571428,0.9877552322660207,0.41024816349933024,0.9568256578947368,0.9084774420620751,0.9568256578947368,0.9559542462509341,1.7111275106430053,0.3759,0.3067847946721308,0.3759,0.3048702145466477
385,0.3526898940971919,0.9877901785714286,0.9728005244219415,0.9877901785714286,0.9876571100417092,0.4078520771704222,0.9568256578947368,0.9086909669451027,0.9568256578947368,0.9559429640926714,1.7259484777450562,0.3733,0.3039058745467957,0.3733,0.3016544321244625
386,0.3571624629838126,0.9881919642857143,0.9770551557054643,0.9881919642857143,0.9881155731170556,0.4124445585828078,0.9581620065789473,0.9193381655982277,0.9581620065789473,0.9575475643987911,1.706729288482666,0.3762,0.30712276428591817,0.3762,0.3052869039804837
387,0.35395806091172355,0.9878125,0.9747142867182127,0.9878125,0.9877024713860227,0.4096814315570028,0.9566200657894737,0.9094411388745451,0.9566200657894737,0.9557333286509673,1.7131663686752319,0.377,0.30556752917881036,0.377,0.30352596051987346
388,0.3497443682806832,0.988203125,0.9771748326873269,0.988203125,0.9881289833513488,0.40588644774336563,0.9568256578947368,0.9166954038055891,0.9568256578947368,0.9562138859218761,1.7090398061752319,0.3779,0.30751344231101163,0.3779,0.30556653583423327
389,0.354230614900589,0.9886049107142857,0.9787496775109416,0.9886049107142857,0.9885440745989178,0.4102321690634677,0.9567228618421053,0.9188007019815695,0.9567228618421053,0.9561581507931122,1.7057802730560303,0.3783,0.3100377529117367,0.3783,0.30818263381369154
390,0.35801457933017183,0.9875334821428572,0.9721188251469501,0.9875334821428572,0.9873889872367929,0.4139553088890879,0.9574424342105263,0.9099349279723864,0.9574424342105263,0.9565352899505546,1.725782900619507,0.374,0.3034085768145923,0.374,0.30142572156005903
391,0.3535871689660209,0.987890625,0.9735086666586937,0.987890625,0.9877688347641264,0.40943242060510737,0.9561060855263158,0.9135285076074169,0.9561060855263158,0.9554075962480136,1.7081634824752807,0.3766,0.30557415909087365,0.3766,0.3035512413708157
392,0.3517137220927647,0.9886049107142857,0.9776012317692881,0.9886049107142857,0.9885325436995205,0.4071587904503471,0.956311677631579,0.9172340453629826,0.956311677631579,0.9556715394447587,1.7097967514038086,0.3756,0.3059828674133416,0.3756,0.3038624093389055
393,0.3509159399781908,0.9887276785714286,0.9754866455506391,0.9887276785714286,0.9886238941778044,0.4064184552744815,0.9587787828947368,0.9137575487048902,0.9587787828947368,0.958002522949199,1.7249537321090698,0.3761,0.30486756557668726,0.3761,0.3028444366043371
394,0.35519143104553225,0.9890178571428572,0.97821289926465,0.9890178571428572,0.9889487144135962,0.4104137028518476,0.9581620065789473,0.9144642213706689,0.9581620065789473,0.9574541927156678,1.7131440259933473,0.3749,0.30341839586958647,0.3749,0.3013685075682605
395,0.35626586164746965,0.9881138392857143,0.9742081746710893,0.9881138392857143,0.9879947042610004,0.4117025215374796,0.9573396381578947,0.9108809623728537,0.9573396381578947,0.9564861493175277,1.7215578100204467,0.3724,0.30162147139673556,0.3724,0.29955131104198124
396,0.3575761786528996,0.9873883928571429,0.9710616924291005,0.9873883928571429,0.9872351320143837,0.41319721937179565,0.9564144736842105,0.9090010395147017,0.9564144736842105,0.9555414904089095,1.7412495031356812,0.3733,0.301421616798666,0.3733,0.29938502465207845
397,0.3539910081454686,0.9879352678571428,0.9734420805616031,0.9879352678571428,0.9878145162470462,0.409829600861198,0.9573396381578947,0.9105931750488718,0.9573396381578947,0.9565016650716952,1.7322450883865357,0.3749,0.30700558389333377,0.3749,0.30504907969386386
398,0.3506025469303131,0.9887053571428571,0.9740332636163374,0.9887053571428571,0.9885812252342103,0.4060680850556022,0.9566200657894737,0.9117785546367851,0.9566200657894737,0.9558825139453893,1.733208320045471,0.3769,0.30650733735468,0.3769,0.30435702940060705
399,0.34864197867257257,0.9897879464285714,0.981497164561848,0.9897879464285714,0.9897461832543007,0.40387358163532455,0.9581620065789473,0.9214332460934183,0.9581620065789473,0.9576875904925005,1.7146402467727662,0.3736,0.3032816083812173,0.3736,0.3013932454396718
400,0.3566269099712372,0.9876116071428571,0.9706012448672603,0.9876116071428571,0.9874394050848234,0.4115684283407111,0.9568256578947368,0.9089984318707873,0.9568256578947368,0.9559419266966611,1.7444384517669678,0.3711,0.30088432122388836,0.3711,0.29894765291866243
401,0.3509826632908412,0.9890513392857143,0.978228204220482,0.9890513392857143,0.9889772540410963,0.4069068761248338,0.9573396381578947,0.9216047673794521,0.9573396381578947,0.9568030503333385,1.7414000967025758,0.3753,0.3058004265634438,0.3753,0.30365106993694374
402,0.35532829301697866,0.9891964285714285,0.9774766384637072,0.9891964285714285,0.9891122679487757,0.4116428698364057,0.9576480263157895,0.9201974490230551,0.9576480263157895,0.957094569927122,1.7443135581970215,0.3752,0.3054183029267149,0.3752,0.30328373523098245
