global_round,train_loss,train_mse,train_r2,train_mae,train_mape,dev_loss,dev_mse,dev_r2,dev_mae,dev_mape,test_loss,test_mse,test_r2,test_mae,test_mape
1,137518040.94047618,137518038.4939895,-0.09404211864417156,3438.2658200732717,1.000407623582987,181046996.87179488,181046995.22168237,-0.06677278451550794,3366.520675810007,1.0003725526954257,131745268.50372052,131745270.25484689,-0.09176487407839073,3327.8273320588864,1.0003737506064587
2,137519214.0952381,137519212.36867398,-0.09405145755244071,3438.6080493384748,1.000732345381604,181047846.46153846,181047857.68047756,-0.06677786633180283,3366.841787225946,1.000691316589831,131745996.66843234,131745997.02568981,-0.09177089678323824,3328.1460043939146,1.0006910724666684
3,137520265.16666666,137520266.3852756,-0.09405984291459779,3439.074749618578,1.0011920038125903,181048529.76923078,181048543.58931798,-0.06678190787296567,3367.282209593529,1.0011511893402851,131746501.21579014,131746503.19297215,-0.09177509136007744,3328.5827500652485,1.0011485999060141
4,137519146.41666666,137519147.02347374,-0.09405093769044948,3439.4727228609263,1.0016990929303868,181046963.82051283,181046963.23735258,-0.06677259605608321,3367.6550329978927,1.0016369587021297,131744831.90011351,131744835.6422197,-0.09176127247053589,3328.9480500755267,1.001633119809864
5,137516034.48809522,137516032.47480887,-0.09402615950529469,3439.802901907803,1.0022930193123005,181043840.64102563,181043846.48151526,-0.06675423137513858,3367.964568312253,1.0021396626526191,131741247.64283012,131741251.15863074,-0.0917315680776074,3329.245713211298,1.0021336791949413
6,137510786.23809522,137510787.85310927,-0.09398443525516309,3439.9015784254243,1.0027656238791558,181039121.12820512,181039138.21124026,-0.06672648910531875,3368.0582490323714,1.0025011504712733,131736042.22878043,131736043.5212029,-0.09168841270960315,3329.3307642934,1.0024966475641872
7,137504156.80952382,137504156.8774874,-0.09393168169135802,3439.7940901529005,1.003090155821916,181033367.35897437,181033360.73105514,-0.06669244679151487,3367.9577235516886,1.0026965945355295,131729602.2383655,131729599.94840012,-0.09163501522189055,3329.2278586646253,1.0026979843997041
8,137498752.32142857,137498750.1075028,-0.09388866745007207,3439.923464900333,1.0035952433582669,181029292.56410256,181029288.15170786,-0.06666845016674272,3368.105563976908,1.0030742205714795,131724540.52339514,131724545.76790133,-0.09159313154192872,3329.364919275594,1.0030829206642622
9,137492614.0952381,137492613.4074655,-0.09383984615808849,3439.839655244813,1.003920353142604,181024614.05128205,181024608.12873408,-0.06664087433686938,3368.0378501924247,1.0032644353660851,131719070.07718502,131719069.05499683,-0.09154774636215746,3329.297310607477,1.0032869389826469
10,137487736.27380952,137487738.35447374,-0.09380106205847527,3439.92897263593,1.0043847239636707,181021045.64102563,181021046.6780969,-0.06661988940636276,3368.1349102942445,1.0035607836975227,131715446.56728466,131715446.30806564,-0.09151772488328747,3329.3950203554814,1.0035970038086433
11,137480550.7142857,137480552.45616013,-0.09374389373712999,3439.8433551340286,1.004796199394493,181015836.07692307,181015829.15159363,-0.06658914647539427,3368.085076090308,1.0037902180836973,131709964.60032791,131709974.24866048,-0.09147237826677612,3329.337459686534,1.0038313811540278
12,137475573.7857143,137475570.3620239,-0.09370425805817639,3440.033285268979,1.0053268890456633,181011825.58974358,181011825.04790267,-0.06656555332578873,3368.248554152935,1.004123224139065,131705273.10228276,131705281.30836922,-0.0914334881619836,3329.4880031601224,1.0041651347126073
13,137468190.76190478,137468194.67360443,-0.09364557983768051,3439.989034094509,1.0057194365837585,181007150.3846154,181007159.11233234,-0.06653806050231137,3368.2381998502324,1.0043485501801042,131700430.32538782,131700438.66650102,-0.09139335748951827,3329.4653351916595,1.0044028818103043
14,137462398.73809522,137462396.74349785,-0.09359945367265499,3440.1512073696804,1.0062797027469714,181004097.84615386,181004091.00162444,-0.06651998245026158,3368.4601790173306,1.0047224427371015,131696755.91348216,131696755.71514946,-0.0913628371003552,3329.67787612194,1.0047711472692158
15,137454836.54761904,137454835.88851458,-0.09353930233618146,3440.0554813790527,1.0066507168008187,180998611.15384614,180998616.9227621,-0.06648772785060086,3368.374030363599,1.0048648292743114,131691224.31857738,131691231.98943329,-0.09131706232833281,3329.58722279858,1.0049294161807891
16,137448286.1309524,137448284.37955174,-0.093487180979416,3440.1065578303323,1.0070204430282037,180994661.92307693,180994657.3957593,-0.0664643973576482,3368.445877284211,1.0050357632863118,131686819.15525287,131686806.94740734,-0.09128039227982998,3329.6322120835694,1.005108609158738
17,137439438.64285713,137439439.32943308,-0.0934168130663966,3439.7266607951815,1.0070745041393938,180989724.17948717,180989714.15714735,-0.06643527059742693,3368.186439593575,1.004980610288349,131681489.16105436,131681487.28714903,-0.09123630858558562,3329.3551373761225,1.0050482142652537
18,137430316.05952382,137430314.78120255,-0.0933442215708582,3439.5251622796472,1.0073469567902837,180984526.3846154,180984521.33428204,-0.06640467322628174,3368.087125390833,1.0050837132496862,131675119.89557321,131675121.75479303,-0.0911835578142095,3329.196768780852,1.0051214976367253
19,137422930.64285713,137422925.31218165,-0.09328543371704767,3439.4353806655163,1.0075909920310189,180980190.41025642,180980187.93196592,-0.06637913976934962,3368.0402086024583,1.0051678882677375,131670263.37243032,131670266.39806952,-0.09114332177452789,3329.1253156968073,1.0052080853064922
20,137415913.82142857,137415912.840448,-0.09322964511275678,3439.600951655872,1.0080302043935778,180977155.33333334,180977162.42704347,-0.06636131276091595,3368.2076156249145,1.0053467221168257,131664501.90969858,131664514.59043688,-0.09109565690182597,3329.2193673145957,1.0053536029027665
21,137406354.44047618,137406356.66645628,-0.09315361976397685,3439.287332007742,1.0081998189795707,180970873.4871795,180970876.70663962,-0.06632427577253797,3367.9121916168297,1.0052574660098743,131660717.11237231,131660724.15008114,-0.0910642457579598,3328.9036966458852,1.0052685699182897
22,137401567.58333334,137401570.3363698,-0.09311554151063883,3439.53471961663,1.008554252453605,180970814.87179488,180970810.11130318,-0.06632388337667194,3368.2022542345385,1.0054433106598382,131661178.59402195,131661176.52205902,-0.09106799453645098,3329.1086624913423,1.0054512547621346
23,137397584.8690476,137397582.76097667,-0.09308381785111641,3439.64797100721,1.0087623603717486,180969599.46153846,180969602.44799063,-0.06631676753167759,3368.3658225723657,1.0056280205777637,131659003.61407492,131659005.13462125,-0.09105000038358324,3329.2083045730456,1.005575552668476
24,137388084.17857143,137388084.05896708,-0.09300824972794697,3439.583712184594,1.008945764225102,180967458.6153846,180967465.4642289,-0.06630417590531468,3368.384967563221,1.005708174695696,131655930.40282507,131655925.01279598,-0.09102447560527271,3329.1874496259406,1.0056566422799653
25,137377517.16666666,137377518.6635419,-0.09292419539062613,3439.298054682908,1.0092077138603541,180961744.97435898,180961737.50571623,-0.06627042538520977,3368.070114630773,1.0055375528974415,131651779.085635,131651783.90150326,-0.09099015847312608,3328.892588446515,1.0055012523222333
26,137374387.92857143,137374390.3527098,-0.09289930771881205,3439.48493618128,1.0092727499706786,180961592.46153846,180961612.32996374,-0.06626968781933162,3368.2322081245306,1.005616396709642,131651340.7478875,131651342.12819672,-0.09098649752516597,3329.076193854521,1.0055421164437883
27,137360200.79761904,137360201.0450368,-0.09278642289003858,3439.095577043098,1.0093197830884957,180955402.82051283,180955405.72438,-0.06623311699465217,3367.931355325928,1.0055421735790153,131643898.11930886,131643901.753158,-0.09092483959921904,3328.7071431945574,1.0054234400467525
28,137356484.69047618,137356485.62678406,-0.09275686441100994,3439.1645767487144,1.0094358139285888,180955691.7948718,180955697.71243635,-0.06623483745906289,3368.0197076108434,1.0055895885229182,131644819.9124732,131644823.25579758,-0.09093247603437393,3328.8666961335803,1.0055111610303509
29,137346895.45238096,137346896.46751028,-0.09268057664365381,3438.9188018469576,1.0093191071804373,180949151.2820513,180949144.57911587,-0.06619622480895493,3367.667558602506,1.005466617364862,131637890.75167108,131637892.06906006,-0.09087503772026162,3328.4887286497706,1.0053429589007696
30,137335034.64285713,137335036.64411813,-0.09258622432120367,3439.213148252266,1.0095075933384714,180947570.3846154,180947566.84647352,-0.0661869284257588,3367.765632624038,1.005678532166131,131637219.91095977,131637222.54115535,-0.09086948938408868,3328.6184833713346,1.0056100544353084
31,137337013.83333334,137337017.13056588,-0.0926019803312006,3439.529845152728,1.0095416718195769,180950240.35897437,180950239.26737544,-0.06620267497755017,3368.091353768087,1.0057982771295373,131644206.2403834,131644209.89400762,-0.09092739314330633,3328.9974385143128,1.005709154524017
32,137319614.4047619,137319614.63244447,-0.09246353256010842,3439.2003367334823,1.0096969713307975,180940793.74358973,180940791.15239164,-0.06614700439369225,3367.7536941539342,1.0056302472034044,131633680.86921428,131633685.70557319,-0.09084017984723358,3328.5667873057473,1.005543134057546
33,137313616.58333334,137313619.28267118,-0.09241583579799761,3438.599573477252,1.0093447823055393,180936090.8974359,180936088.36992574,-0.06611929445937403,3367.1763809891254,1.005188020088836,131632685.17341405,131632685.82839413,-0.09083189392713664,3327.9015563653506,1.0050466998186292
34,137300406.33333334,137300408.94663268,-0.09231073930167,3438.2406484291896,1.0090639446719702,180929515.7948718,180929527.8947793,-0.06608063854944768,3366.722760034385,1.0049173810176564,131622701.83907177,131622711.80424322,-0.09074923980832006,3327.406467867837,1.004724116742095
35,137300222.6190476,137300231.28343555,-0.092309325879673,3438.929344561422,1.0097348343494503,180936171.92307693,180936157.41572776,-0.06611970129397737,3367.613707422049,1.0055494918309225,131630319.47710934,131630319.3378037,-0.09081228296655741,3328.3851036115802,1.0053756513752143
36,137291790.51190478,137291792.61374378,-0.09224219097745068,3438.39886907981,1.009358597750989,180928530.8974359,180928538.34625268,-0.0660748078896467,3366.9234146233543,1.005120007738005,131624561.55202422,131624563.69277768,-0.09076458629361484,3327.696476855445,1.0048977033958435
37,137274253.7142857,137274254.1081506,-0.09210266118174415,3437.7074748793675,1.0091587653297345,180920536.87179488,180920543.11219743,-0.06602769803242126,3366.268419393122,1.0046495548562635,131616077.82545088,131616080.60511965,-0.09069428747293728,3327.0051122373684,1.0043966155705535
38,137266553.0,137266553.6719427,-0.09204139938921418,3438.1044711697054,1.0095119584890053,180923304.17948717,180923294.9649958,-0.06604391261620224,3366.6861326179455,1.0050946384131016,131620695.59515701,131620690.2693774,-0.0907324874744111,3327.36248348269,1.0047806852557544
39,137253757.66666666,137253753.16172367,-0.09193956331393904,3436.984274910194,1.0087833588759179,180913767.97435898,180913758.4354677,-0.06598772107241624,3365.7021598245274,1.004448462561032,131613389.0848783,131613382.59068078,-0.09067192919481148,3326.4116146414794,1.0041699554427486
40,137241428.83333334,137241427.04640356,-0.0918415013471805,3436.5226352093887,1.0085255402426172,180911571.05128205,180911568.1920967,-0.06597481562752461,3365.367513467395,1.0040615625416183,131608281.12624542,131608288.33244082,-0.09062971339309733,3326.0385920198078,1.003747980697261
41,137231560.23809522,137231562.66205248,-0.09176302399197134,3436.6484473962787,1.0083115427672509,180916262.92307693,180916277.37721545,-0.06600256328782561,3365.2297979465534,1.0039402969812492,131606010.98322614,131606005.0271902,-0.09061079178426379,3325.8501179416166,1.0035303985159838
42,137212222.66666666,137212220.56725055,-0.09160914551458843,3435.855179991262,1.0080453087498193,180911683.53846154,180911687.6490192,-0.06597551949667024,3364.5220613993392,1.0034300929713775,131600436.47849666,131600431.93313855,-0.09056460789991072,3325.160376919828,1.0029875365885428
43,137212926.42857143,137212931.80088833,-0.09161480382359621,3436.524024232637,1.0084644890292025,180917557.4871795,180917563.644823,-0.06601014228838098,3365.062964370119,1.0038453740057274,131606555.32147811,131606553.45464218,-0.09061533656850451,3325.634074736253,1.003253225009511
44,137186827.0357143,137186830.03991675,-0.09140714796850702,3434.6924184397967,1.0073404977900284,180897977.17948717,180897976.4149148,-0.06589472958150577,3363.3112394430177,1.0025474710478712,131588367.13532601,131588357.26018694,-0.09046454583491914,3323.9471019886923,1.0020178916677676
45,137172411.67857143,137172416.6547501,-0.0912924804629398,3433.1684120600717,1.0063877929246128,180886777.30769232,180886766.48405227,-0.06582867795139835,3361.7416453941914,1.0013073031776982,131580375.93870601,131580367.57203838,-0.09039833578533973,3322.4638796071395,1.0008108996563299
46,137166899.95238096,137166901.9885835,-0.09124860783995481,3432.3113835513636,1.0054128954639294,180889986.74358973,180889981.78744233,-0.06584762329841332,3360.929438644738,1.0006082888708996,131577748.35389078,131577752.2779422,-0.09037666300555736,3321.7199370107273,1.0001731817274755
47,137134832.23809522,137134830.15331024,-0.09099345630496014,3431.616280867463,1.0051923714420452,180880698.7179487,180880701.0468854,-0.06579293892525295,3360.224003013858,1.0002575277393366,131570556.45882204,131570553.61775161,-0.090317008155548,3320.9021186218433,0.9996904150335362
48,137125337.17857143,137125338.6230532,-0.09091794523757346,3431.838999206858,1.0057176050720966,180880881.0,180880876.24505123,-0.06579397123531683,3360.436001427361,1.0005269903189713,131565605.92609408,131565606.56330582,-0.09027601222253545,3321.1972370999038,1.0000671374359993
49,137117786.44047618,137117783.19613782,-0.09085783708477924,3430.03928442847,1.0039402584176416,180871091.84615386,180871098.5962102,-0.06573635895808794,3358.6738507893947,0.9990106587175012,131554946.26485054,131554936.37065046,-0.09018758899854995,3319.5443005142965,0.998661085272669
50,137096255.05952382,137096250.52830988,-0.09068653122710035,3429.5829537082996,1.0038185101251842,180869417.41025642,180869417.96820793,-0.06572645629048757,3358.542653857914,0.9989376621924273,131552833.3030647,131552837.87291755,-0.09017019887814048,3319.302453433825,0.9985530688472664
51,137076707.7857143,137076710.31640917,-0.09053107660412363,3428.5309298151883,1.0038281680752348,180850221.25641027,180850231.0798549,-0.06561340249310477,3357.173788404922,0.9981385874015702,131542559.7936688,131542555.24134731,-0.09008498734880233,3317.811788900732,0.9976788292557999
52,137060469.35714287,137060474.4498417,-0.09040191011766097,3427.219766849649,1.0027228343986794,180850031.43589744,180850053.91559172,-0.06561235859831882,3355.926512093328,0.9970875559356285,131528989.28566024,131528990.35895868,-0.0899725760107386,3316.494020685653,0.9965494734396247
53,137056095.14285713,137056096.10945174,-0.09036707767786734,3426.3135828738573,1.0019617045721265,180842433.64102563,180842448.7540777,-0.06556754714306612,3354.789156466812,0.9961796536462085,131523944.64699206,131523944.82639855,-0.08993076399570765,3315.524765690777,0.9957929388803158
54,137037085.6190476,137037084.9610912,-0.09021583208668504,3425.5418149146703,1.0018027068309439,180833449.94871795,180833453.23860213,-0.065514543385228,3353.90285973934,0.9957274381669726,131515845.36435868,131515849.33278595,-0.0898636771428174,3314.710472645909,0.9954577713527766
55,137024570.72619048,137024570.34686533,-0.0901162704930818,3426.6507840135987,1.002786366677265,180849402.05128205,180849413.32725412,-0.0656085840965448,3355.1922941576922,0.9966717884425057,131527839.56337495,131527839.06429964,-0.08996303530338712,3315.9545934104253,0.9963356581028037
56,136979481.95238096,136979478.52747327,-0.08975753683049126,3423.2881094034237,1.0008211947940786,180819588.82051283,180819575.195312,-0.06543277058990427,3351.922114972791,0.9942970729645446,131494607.60978685,131494607.54608461,-0.08968764777540006,3312.583275968129,0.9938959029423822
57,136985308.89285713,136985311.16754836,-0.0898039391350538,3424.209156004093,1.0014580082281992,180832284.05128205,180832278.4858232,-0.065507621457076,3353.0223121165423,0.9950200049954214,131506139.33106318,131506141.17895566,-0.08978322627483903,3313.7757210542427,0.9947214658941256
58,136976687.16666666,136976693.38582274,-0.08973537928443087,3422.793317096071,1.0007534585512388,180817731.7948718,180817723.3617552,-0.06542185913767384,3351.0076032729776,0.9935060292244742,131491305.5734645,131491307.47293508,-0.08966030027412297,3311.88302543805,0.9932582529628019
59,136939172.2142857,136939171.96735215,-0.08943687290223079,3422.350620254627,1.0009111712920802,180812748.46153846,180812740.72639284,-0.06539250024224885,3350.725401648192,0.9935341829106312,131477335.70639426,131477337.28064209,-0.08954453015804886,3311.6880537830543,0.993341856967005
60,136919127.3809524,136919132.2858828,-0.08927744468603604,3421.91479165697,1.000834124564484,180807726.1025641,180807722.7370749,-0.0653629330327472,3350.3361321706625,0.9932996777319297,131470275.48442426,131470270.97012791,-0.0894859720815897,3311.2991922221677,0.9931141277737113
61,136911245.64285713,136911242.892757,-0.08921467962288743,3421.512556763551,0.9991285465935219,180812586.2820513,180812601.5047391,-0.06539167991451555,3350.014729043439,0.9929263503431333,131480364.05851936,131480362.34261976,-0.08956959865882119,3311.2888496041464,0.992966861744447
62,136897495.07142857,136897500.26506823,-0.08910534841312745,3420.5247214187207,0.9983928595004579,180801936.82051283,180801945.34178495,-0.0653288912191663,3348.7724031802677,0.9920303138371386,131466325.0979947,131466333.35336065,-0.08945334129593996,3309.923709796324,0.9920448647104769
63,136875570.2142857,136875567.81904715,-0.08893086206955592,3420.3405964685717,0.9978479372009031,180798436.6153846,180798428.63428733,-0.06530816992608446,3348.467832924237,0.9920730485987799,131467545.19107075,131467543.47209613,-0.08946336947476041,3309.8842118043913,0.9922760057805606
64,136832038.47619048,136832034.36292252,-0.08858452616270251,3419.5510201600223,0.998121295313174,180786245.58974358,180786241.3683707,-0.0652363596009169,3347.5376044557765,0.9914108659440134,131442158.70097111,131442153.15146919,-0.08925296146429829,3308.9824062845814,0.9916533480524689
65,136820377.85714287,136820383.37786797,-0.0884918352800157,3419.1053172900174,0.9973316051382058,180789839.7179487,180789837.4032197,-0.0652575483099831,3347.3606048223996,0.9913080995813102,131450573.42968848,131450577.18616423,-0.08932277091673857,3309.0847367376805,0.9916936001605128
66,136819792.52380952,136819790.13178834,-0.08848711563592437,3418.297283740868,0.9970238430261783,180785037.17948717,180785028.6728224,-0.06522921410476945,3346.3678171368083,0.9905043998123779,131442170.90831126,131442173.6885601,-0.08925313165389559,3308.134908073084,0.9910318665533799
67,136825032.70238096,136825032.77434096,-0.08852882414070207,3418.4183561326895,0.9956028181885163,180794972.33333334,180794985.4574069,-0.06528788189322432,3346.8235404186207,0.9905636904342368,131454526.51355782,131454520.80783732,-0.08935545146467017,3308.6339628951464,0.991013391341689
68,136771299.4642857,136771298.31333247,-0.08810133285148836,3416.6564611473336,0.9955502496595436,180772666.4871795,180772665.94606346,-0.06515636992178431,3344.7213840482323,0.9890914787571785,131434731.55051078,131434734.55571899,-0.08919148402196297,3306.552254360108,0.989561380290575
69,136728062.85714287,136728062.23669878,-0.08775736278472324,3416.0592417446132,0.9960314197562072,180768851.35897437,180768851.93973687,-0.06513389687193238,3344.125333524345,0.9884863467183925,131432836.09105814,131432833.22945923,-0.08917572784930838,3306.1737117756134,0.9892254275201242
70,136720463.76190478,136720460.13750416,-0.08769688332471848,3413.5163774431953,0.9920121469708528,180749721.07692307,180749727.99594885,-0.06502121395918548,3341.707683225446,0.9867577759492937,131407494.74713078,131407499.51863416,-0.08896578896075957,3303.822285337265,0.9875801306369482
71,136689925.66666666,136689930.9929232,-0.08745400486031119,3412.329005969892,0.9922980352698436,180746110.30769232,180746112.96253607,-0.06499991330597554,3340.9243162504,0.9859990082974398,131408597.4284273,131408599.78677338,-0.08897490681450981,3302.9202334309666,0.9868660580716679
72,136721165.94047618,136721167.62094408,-0.08770251179855393,3411.9989948009897,0.9910534842332135,180733179.02564102,180733174.7907505,-0.06492367846139668,3340.2981014746265,0.9855430623243495,131402588.95068735,131402583.93949866,-0.08892505386168903,3302.4128886369094,0.9864669700339784
73,136686954.19047618,136686952.6763716,-0.0874303104869345,3410.3379518073525,0.9895509699742353,180727850.43589744,180727855.84586376,-0.06489233794872717,3338.5917136194093,0.9840592557621517,131393321.41127506,131393318.05924994,-0.08884826808741875,3300.7351719121725,0.985018884271228
74,136615308.64285713,136615306.9429671,-0.08686032380864783,3410.5689054760287,0.9892861694370276,180735579.7179487,180735591.3350211,-0.06493791732604781,3339.353188066245,0.9846968677503457,131397942.18489091,131397938.30559339,-0.08888655578197957,3301.523187621479,0.9857502915111429
75,136612235.32142857,136612237.1323587,-0.08683590154275,3410.656527720609,0.9890044521545168,180734040.5128205,180734040.04701227,-0.06492877676104292,3338.9919188308427,0.9843248018771096,131392230.84348594,131392234.81689988,-0.08883929132532598,3301.266947582975,0.9854233417543473
76,136641061.5,136641063.23745266,-0.08706523126148813,3409.826839322535,0.9883333062229085,180726206.07692307,180726209.5832483,-0.06488263777031666,3337.8119069504587,0.9833739329033111,131388621.77121957,131388619.17226484,-0.0888093287027436,3300.1080148735973,0.9844858055899449
77,136593908.7142857,136593901.28632665,-0.08669002840450779,3409.58119520781,0.9883239121354885,180727600.2051282,180727600.4591509,-0.06489083314830535,3337.944704829805,0.9833931581481059,131381950.7902636,131381941.36078423,-0.08875399009365248,3300.102253984632,0.9844710447693844
78,136607025.45238096,136607026.15780777,-0.08679444497675814,3406.2481478548616,0.986406830330716,180699148.58974358,180699146.36182502,-0.06472317470913569,3334.4128580333854,0.980847657966058,131355258.26510279,131355261.13701837,-0.08853289273597276,3296.6955049169337,0.982138951886495
79,136573051.0952381,136573053.934043,-0.08652417466117135,3406.2066474887097,0.9867031743702289,180695117.3846154,180695110.3519805,-0.06469939356073895,3334.318817629879,0.981026394501982,131342619.1456678,131342624.49380906,-0.08842817365835054,3296.5493279992443,0.982289480884453
80,136526812.97619048,136526809.43499446,-0.08615627071003318,3403.923881509153,0.9854596877733631,180674284.25641027,180674291.07311255,-0.06457672132272463,3332.1341151149154,0.9793033695309217,131337591.50460336,131337592.21476096,-0.08838647147435075,3294.4658694438067,0.9806027124829478
81,136498126.1547619,136498126.9485585,-0.08592808356766257,3402.8805804114077,0.9846636406987618,180665787.30769232,180665789.40893427,-0.06452662745644777,3331.0156360625956,0.9784837727219644,131330310.5395384,131330305.21140806,-0.08832608453004065,3293.2942644697387,0.979741068008482
82,136507416.8452381,136507418.67706993,-0.08600200508703426,3403.0717850190426,0.985138020851822,180669385.56410256,180669379.98438093,-0.06454778399739203,3331.261557570223,0.9786959719393007,131334832.24063565,131334830.2930707,-0.08836358360080099,3293.3548018309007,0.9799231164948128
83,136461918.94047618,136461918.50709206,-0.08564002273979887,3401.376131627559,0.9845516101757623,180648857.66666666,180648871.3577421,-0.06442694219761891,3329.4784707145122,0.9776636498544266,131320785.71900618,131320782.2923393,-0.08824716869102911,3291.458963530905,0.9788020829580159
84,136428971.83333334,136428974.98977286,-0.08537793642822677,3399.444215972215,0.981945105834451,180648479.7179487,180648471.1065767,-0.06442458382072536,3328.048252542303,0.9756114714373464,131320259.91171649,131320257.63270614,-0.08824282086922697,3289.8329601298665,0.976649443838011
85,136366680.54761904,136366683.26769873,-0.08488236676814243,3397.5208667566462,0.9809323295855062,180632182.7179487,180632187.3927093,-0.06432863623118745,3326.1941036156927,0.9742414314255523,131297915.92432842,131297918.21166696,-0.08805769547420805,3287.8825679271904,0.9751872176145635
86,136319502.2142857,136319498.79039174,-0.08450698470128493,3394.535672105186,0.9791422638684919,180613079.97435898,180613073.07690796,-0.06421601004887201,3323.3155722343604,0.9721873210234333,131266392.68962038,131266398.87281772,-0.0877964966703102,3284.9010976376194,0.972980296033815
87,136247724.9642857,136247717.6650746,-0.08393592089554214,3394.7106874211595,0.9798786558886454,180593524.6153846,180593523.3545819,-0.0641008183457632,3323.2816532886263,0.972425227987508,131251893.35880943,131251891.05570985,-0.08767627129077815,3285.0257803414115,0.9733505750288851
88,136206418.6309524,136206414.5839394,-0.08360732901853085,3391.6738858820727,0.9778072026926908,180587284.7179487,180587270.15795854,-0.06406397299538424,3320.5142789342,0.9702252388220751,131243080.07567158,131243074.43497697,-0.08760320850221959,3282.132491789936,0.9711548272345094
89,136221860.97619048,136221865.30920124,-0.08373024921420225,3389.9014112973127,0.9765114854558502,180583918.8974359,180583924.1059492,-0.06404425724580909,3318.8905526709277,0.9687684726681541,131244565.56791525,131244567.82683145,-0.0876155841477877,3280.4346492152554,0.9695420472461647
90,136238113.52380952,136238111.64447436,-0.08385949898577438,3391.9555437203794,0.9783355893507077,180587982.66666666,180587983.2503836,-0.06406817470881765,3320.5813549773957,0.9703308079671277,131247518.62277715,131247517.90941142,-0.08764003129894693,3282.162731113523,0.9712763531637355
91,136125927.83333334,136125933.24958378,-0.08296704960127022,3390.6706519407508,0.9779002092405777,180576404.05128205,180576412.84615028,-0.06399999908222509,3319.60135290829,0.9697030652936588,131234996.38138479,131234994.27424456,-0.08753624871195553,3281.080857571963,0.9705139707150968
92,136238972.66666666,136238976.27401626,-0.08386637765526572,3386.9121844193073,0.9746270332219473,180555502.6153846,180555504.5412732,-0.06387680228138404,3315.827554629453,0.9664967000286521,131211213.73035692,131211207.27274837,-0.08733912730757454,3277.304810316419,0.9672292557740519
93,136167779.75,136167782.19414592,-0.08329998416369722,3386.1791387641156,0.9747622011954863,180556352.23076922,180556355.0910398,-0.0638818139267956,3315.2548919029787,0.9663636217223505,131198720.71812335,131198725.58111861,-0.08723569230407047,3276.669883513138,0.9670842326932554
94,136133189.2857143,136133191.8699387,-0.08302479647199723,3386.599214447644,0.9749345700284486,180564578.6153846,180564581.97741243,-0.063930288735631,3315.845237762339,0.9666634092184453,131202134.22676252,131202129.43375662,-0.08726389981952454,3277.2143653239746,0.9673500153993103
95,136021338.35714287,136021339.16793534,-0.08213493817838025,3381.0184953566127,0.9707413992267453,180525749.76923078,180525754.4002804,-0.06370150723874723,3310.392695890289,0.9622450139717106,131169526.73275319,131169523.37691487,-0.0869936954511008,3271.6905161373807,0.962646029270155
96,136095000.23809522,136094996.96845034,-0.08272093211061349,3382.1190733438984,0.972155247533125,180525580.25641027,180525587.25335386,-0.06370052236853696,3311.1707459867107,0.9632544796359312,131168429.12170513,131168426.08738373,-0.08698460228089067,3272.527494798604,0.9637817641093035
97,135993622.67857143,135993622.6846525,-0.0819144361960642,3381.0251036882096,0.971380699276632,180517256.07692307,180517246.4273666,-0.06365137619987138,3310.3455269162673,0.962429722148539,131162474.18514314,131162473.06807464,-0.08693526997952006,3271.827614588047,0.9629380401436721
98,136016412.3690476,136016408.51673827,-0.08209571176022412,3379.2956210967773,0.9705134201232704,180496096.46153846,180496087.93328547,-0.06352670522358994,3308.2849304397732,0.9611028878943247,131134304.13671333,131134301.15564822,-0.08670181109053465,3269.656721845959,0.9615408742069649
99,136001512.9047619,136001514.32737282,-0.08197721915614631,3378.054770922657,0.9695393597010744,180476691.46153846,180476698.3258307,-0.06341245695611741,3306.8232778884553,0.9600316986021462,131124373.22360954,131124371.19851726,-0.086619522152376,3268.0833657675967,0.9603922574887244
100,135884087.92857143,135884088.93819842,-0.08104302664611707,3375.70583251168,0.9673069678978001,180493062.41025642,180493060.60285178,-0.06350886745880158,3305.097683723216,0.9580665687285629,131122026.1117417,131122023.90565762,-0.08660007028219985,3266.4141074541853,0.9584238313047078
101,135879091.97619048,135879091.4473638,-0.08100326847678518,3371.584369616575,0.9643804648955606,180463231.4871795,180463217.27417448,-0.06333302333173774,3300.9286840920136,0.9548917204541155,131092118.570816,131092114.92725159,-0.08635221643530189,3262.2300354276454,0.9551625736342789
102,135995123.07142857,135995123.77023643,-0.08192637827195837,3371.491977896242,0.9638181854668744,180465638.3846154,180465633.1539809,-0.06334725828120491,3300.525617265501,0.9543737786829357,131103977.14617229,131103977.11603017,-0.08645051765714529,3262.034396620578,0.954627206165299
103,135844525.6547619,135844529.3483116,-0.0807283053338701,3366.824786697858,0.9610370074539838,180424271.12820512,180424266.56113055,-0.06310351628821098,3296.0037367068862,0.9510051271250856,131060114.56198764,131060112.1405722,-0.08608701132925467,3257.3123766007798,0.9511781602477529
104,135785955.08333334,135785956.7517758,-0.08026232364659247,3367.6909051473817,0.9616517478975075,180432607.33333334,180432600.9841932,-0.06315262472929284,3297.2606527439484,0.9517719062031917,131080152.34859377,131080154.35856579,-0.08625309994527619,3258.7995521463636,0.9520489702497763
105,135696951.51190478,135696949.6316741,-0.07955421626434012,3367.193143872101,0.9618854954895651,180423747.84615386,180423752.52705407,-0.06310048747482244,3296.9249104375544,0.9518868919320044,131054304.20607895,131054296.91695294,-0.08603882093220916,3258.262095633364,0.9521074710369061
106,135794630.7142857,135794627.05048853,-0.08033130130273736,3363.932887765784,0.9589025490861575,180405081.2051282,180405062.79643062,-0.06299036305130112,3293.2708304591047,0.9488001078738123,131043576.65102787,131043581.41869675,-0.08595002226352277,3254.701965266601,0.9489453706379788
107,135590076.76190478,135590073.0858619,-0.07870394640960487,3364.7229886891882,0.9606629667646563,180398756.2820513,180398752.95122585,-0.06295318391374782,3294.3790347748077,0.9503219714802719,131046278.52995333,131046268.48890863,-0.08597228984751903,3256.014089307714,0.9505050963416011
108,135689554.79761904,135689559.6942348,-0.07949542468396786,3357.259250526028,0.9548068542366169,180348913.84615386,180348910.03676146,-0.06265949737900911,3286.5184862440788,0.9441148628970593,130997744.46487577,130997740.03583905,-0.08557013757023246,3248.285625463176,0.9440860001307171
109,135705712.5,135705716.57894558,-0.07962396282029705,3359.1215661240026,0.955359522102467,180363772.7179487,180363774.53003663,-0.06274708257677575,3288.5963038017926,0.945272133560274,131015137.31365871,131015145.42916718,-0.08571437498398105,3250.558249746179,0.9454138176424828
110,135506732.5952381,135506730.7667922,-0.07804090606721581,3356.196415155494,0.954122214376523,180348595.58974358,180348598.59496868,-0.06265766228846759,3285.701683805933,0.9432492183419448,131005141.49224366,131005138.84176517,-0.0856314510155245,3247.809829283188,0.9433111297065458
111,135558313.26190478,135558299.2716375,-0.07845116581869349,3360.6348879558113,0.9577086633825092,180363782.15384614,180363776.87334836,-0.06274709638413656,3289.9695037185,0.946853198349389,131032266.4643713,131032264.9288116,-0.0858562432145249,3252.1177320770817,0.9470327484827378
112,135462353.58333334,135462350.0636005,-0.07768782977934485,3351.529923783427,0.9514578480712937,180311639.87179488,180311654.13465697,-0.062439976572386424,3280.624602329129,0.9397982068962139,130963005.82519864,130963008.41892478,-0.08528231881747117,3242.7273733468837,0.9398011082634712
113,135416004.6190476,135416006.8934538,-0.07731914083782665,3353.05724646232,0.952429822974091,180313999.58974358,180313982.02052233,-0.06245369304022175,3282.4239326090287,0.9410957876930559,130948903.43902132,130948900.69824919,-0.08516540901223024,3244.394025570238,0.9409558600371533
114,135390891.14285713,135390892.09848037,-0.07711933691535244,3350.024112556734,0.9504789391833047,180297753.76923078,180297748.8918219,-0.06235804351075025,3279.6729080606347,0.9389204735367588,130943060.21742968,130943072.72915524,-0.08511711299422764,3241.664163442439,0.9387722412497024
115,135428903.80952382,135428908.74835032,-0.07742178317347959,3349.94036392408,0.950132790965444,180291010.69230768,180291018.7414965,-0.062318387833537825,3279.713530223912,0.9390367465030004,130954502.09408501,130954504.1074062,-0.08521184411597904,3241.6517457352234,0.9386389198432046
116,135504857.55952382,135504855.15733197,-0.07802598441933517,3346.4388513095355,0.9476437914490021,180264766.46153846,180264766.8977825,-0.062163705606510744,3275.9009630487135,0.9362546287688144,130924545.03165595,130924544.03454052,-0.08496356685246664,3237.985996723115,0.9359772051749625
117,135443218.95238096,135443216.881389,-0.07753561333245296,3344.3985967148938,0.9458974379801264,180254713.58974358,180254703.48971528,-0.06210440956664853,3273.629226707495,0.9342927271658098,130913263.9412284,130913253.23360619,-0.08487000068620909,3235.7998256368223,0.9339712849670422
118,135218565.35714287,135218570.13829976,-0.07574840780329173,3344.01045058745,0.9449704662264838,180280859.46153846,180280848.54304916,-0.062258462558868244,3274.0484924766783,0.9338795549766482,130931882.46563248,130931882.66354927,-0.08502438161538128,3236.379699248055,0.9336396721179849
119,135121125.54761904,135121126.672031,-0.07497318400391095,3338.6920424215496,0.9425827578975663,180227323.23076922,180227308.7077681,-0.061942992870485325,3268.2360360271487,0.9302151995505136,130877896.24895951,130877896.96940687,-0.08457700552018332,3230.883123203535,0.930017785760123
120,135140517.10714287,135140516.2704288,-0.07512744040214869,3340.2473518354127,0.9435079711548754,180249878.25641027,180249880.33206677,-0.06207599035257361,3269.5567728241617,0.9310524761743931,130888354.72493379,130888361.61530022,-0.08466372539091505,3231.699191347349,0.930610719927508
121,135282943.30952382,135282949.7029897,-0.07626058755892307,3336.049271114492,0.9398794962980025,180204866.6153846,180204876.52893794,-0.06181081703490099,3264.9613512394567,0.9274614693684302,130864346.88409635,130864343.8139573,-0.08446469136253532,3227.4630953274514,0.927204647933106
122,135188344.58333334,135188347.16764617,-0.07550796514422187,3334.993775127683,0.939360345025567,180187328.12820512,180187324.7010075,-0.06170739740989273,3264.213051942631,0.9270697420581835,130854866.227267,130854860.169752,-0.08438610099187849,3227.046556816469,0.9269467238954079
123,135139838.6190476,135139841.87946495,-0.07512207519968528,3334.290191424911,0.9396190689055383,180185041.94871795,180185034.3420824,-0.06169390205988701,3263.2569696837795,0.9267868692689876,130835959.16054988,130835959.99557844,-0.0842294764220799,3225.905637460694,0.926288377870535
124,135188028.92857143,135188030.76014194,-0.07550544792437153,3333.563654088537,0.939012236523637,180210293.53846154,180210290.19497135,-0.06184271566752875,3263.347057152444,0.9263094527637609,130836087.47534367,130836083.7210996,-0.08423050172779134,3225.586949632994,0.9257702089003383
125,135163105.52380952,135163107.57991728,-0.07530716841722485,3329.798186228591,0.9361452905053698,180169872.02564102,180169877.4405795,-0.06160459392195805,3259.3369388022484,0.9233863929605508,130819941.78030017,130819937.03326781,-0.08409669512833351,3221.87609517654,0.9229215245626657
126,135149078.5952381,135149077.0678531,-0.07519554690696739,3330.083758081365,0.9362684177473659,180204470.2051282,180204483.89914033,-0.06180850356495404,3259.780240679506,0.9233696287039419,130816998.69895321,130816997.53891678,-0.0840723357211699,3221.3066123598596,0.9224072960211017
127,135074825.7142857,135074827.53138822,-0.07460484534467082,3324.025444807823,0.9329103659885001,180145324.07692307,180145330.6766332,-0.06145995843826069,3254.2533166847934,0.9195877313090384,130774294.64346072,130774294.2175011,-0.08371845594819649,3216.3918589133605,0.9188250849839532
128,134840513.16666666,134840509.35684055,-0.07274069752140044,3327.799467248709,0.9354841265708632,180172531.02564102,180172528.7861983,-0.06162021629307213,3258.5378582490944,0.9226663841227986,130809050.23912221,130809048.97687663,-0.08400646648109711,3220.9144843952217,0.9222109208328548
129,135034054.5952381,135034051.93664294,-0.07428044995223604,3319.416534738,0.9291137865482243,180134425.97435898,180134420.53142527,-0.061395673217902846,3249.854926288916,0.9158658641090914,130747204.14251482,130747212.78444713,-0.08349403379405884,3211.3230048691826,0.914694781022427
130,135076160.39285713,135076158.15527698,-0.07461543129102588,3324.97486428137,0.932947612618145,180163999.7179487,180164001.17599466,-0.06156996954652416,3254.5992391347313,0.9197122133381621,130776076.27721024,130776082.64009354,-0.0837332764951706,3216.6480023458003,0.9190327425333175
131,134934966.92857143,134934964.16493565,-0.07349214467332432,3318.9950553327576,0.9292130729634575,180111754.2051282,180111740.44671223,-0.06126203666076058,3249.244209049628,0.9156974004358326,130730331.02207088,130730326.49413648,-0.08335409815478312,3211.366519865164,0.9149548547102306
132,134922295.26190478,134922296.45762354,-0.07339136512834354,3319.8917462119357,0.9301331027165167,180136676.76923078,180136671.55340943,-0.06140893678511694,3250.4917685449695,0.9165843367689993,130744338.77033673,130744340.37975597,-0.08347023035474077,3212.2547017397083,0.9156886777767574
133,135005022.9047619,135005021.53238207,-0.07404949490568025,3315.8884765871226,0.9270099516739381,180085462.2051282,180085455.31776825,-0.06110715830908964,3246.3031493192298,0.9135666921804495,130706752.85887249,130706751.32716466,-0.08315873220995207,3208.2061876274624,0.9127045079390461
134,134685010.29761904,134685013.06928802,-0.0715036271723879,3312.9225818185755,0.9262610970036353,180099135.30769232,180099134.6974358,-0.061187760530189816,3243.7045184381377,0.911762068487158,130664999.17492749,130665006.73610896,-0.08281279737594072,3205.495618391464,0.911082184239492
135,134720770.5952381,134720766.0110423,-0.07178806421477879,3309.699257177567,0.9239112139715059,180066565.07692307,180066577.03534767,-0.06099592289267175,3240.398327512953,0.9093367894380404,130659978.49590112,130659981.15639576,-0.08277115070891328,3202.2659746699683,0.908397975201406
136,134698046.0357143,134698044.94024104,-0.0716073038671945,3310.1443859035194,0.9238600176262123,180045364.4871795,180045361.56206638,-0.0608709161811305,3240.8322991562577,0.9096040510108896,130666558.8543322,130666561.56109464,-0.08282568211405272,3202.893983347928,0.9089707383846364
137,134588250.8809524,134588248.0713796,-0.07073380101371307,3311.2850081850443,0.925203211386315,180053899.15384614,180053888.8139579,-0.06092116081641663,3242.0109850924273,0.9106064512195573,130674162.87905158,130674172.82014881,-0.08288875614522495,3204.199190191159,0.9100433422433226
138,134688575.70238096,134688581.7348302,-0.0715320181416983,3305.9259661191277,0.9215949720468922,179998916.82051283,179998927.4930254,-0.060597315389984585,3236.9725422538245,0.9068418104351238,130637545.10379618,130637548.41740546,-0.08258525199382771,3199.359635163893,0.9065733465318994
139,134531829.54761904,134531833.39015886,-0.07028498689418883,3306.9523417231226,0.9228390796121482,180022585.5128205,180022584.81067863,-0.0607367100405074,3238.174612681071,0.9077166029025923,130645388.21515954,130645400.72649193,-0.08265032359165003,3200.258348837583,0.9071172368727063
140,134478513.8809524,134478517.1484326,-0.0698608228012807,3303.7135880761557,0.9204107088893015,180019789.43589744,180019802.9226705,-0.060720318481989555,3234.947551204799,0.9050341162676847,130627405.71547484,130627404.9892712,-0.08250119403471978,3196.436514133372,0.9041116228881168
141,134578645.52380952,134578644.63928705,-0.07065739969714513,3300.973643905306,0.9178501899966962,179991503.2820513,179991510.34453362,-0.06055361175303653,3231.9788747157136,0.9028319507618915,130601107.46550637,130601113.99447949,-0.08228332219338075,3193.879885916001,0.9021330545593256
142,134170099.42857143,134170098.2713474,-0.06740715748281478,3303.1852222402536,0.9212152144782833,180016421.1025641,180016419.62955013,-0.06070038329876026,3235.0808772833493,0.9054267745823398,130628591.46601085,130628589.83223467,-0.08251101275478723,3196.647489031321,0.9044993045335059
143,134572784.41666666,134572784.2933683,-0.07061077697524532,3301.7253293948515,0.9191380898378041,179998327.6153846,179998338.90211526,-0.06059384726965833,3233.2097636503286,0.9039769700593479,130616188.03884475,130616188.36626297,-0.08240824257632995,3194.971958200332,0.9029957170994499
144,134641427.33333334,134641430.0678164,-0.07115689710127082,3291.0915016290687,0.9109582425073396,179940627.5128205,179940637.776123,-0.060253858247641734,3222.2268301793015,0.8952685052342519,130535769.60247193,130535775.21145535,-0.08174186375557246,3183.4885502139414,0.8940794649321282
145,134078496.21428572,134078493.33882424,-0.06667838287583638,3291.8526460146977,0.91279300150246,179963195.23076922,179963212.95903483,-0.060386876697941405,3224.485530987764,0.8974622434933465,130552922.687098,130552926.48762494,-0.08188399531620738,3186.033506756909,0.8962224057425354
146,134245817.51190478,134245815.7916614,-0.06800953777597485,3291.9326693663106,0.9124760744362473,179962313.15384614,179962310.20595595,-0.06038155745795892,3223.978393420959,0.8969729160740454,130551176.13873124,130551176.19579262,-0.08186949075647476,3185.604820794394,0.8957736896669409
147,134305686.25,134305683.62856013,-0.06848582391150027,3290.4326008293956,0.9106708060807436,179942929.66666666,179942936.08052492,-0.060267400414323546,3222.5508600293824,0.8956303688577415,130545319.96645227,130545325.62727726,-0.08182100745847021,3184.215911028108,0.8945065200506999
148,134299196.57142857,134299198.8358048,-0.06843423332394738,3288.942341501869,0.9100441828807678,179932627.3846154,179932627.0465986,-0.06020665708735584,3221.4392326953703,0.8950725549463376,130537545.46374069,130537536.07453589,-0.08175645591858305,3183.377059795078,0.8938901137206648
149,134548454.5952381,134548459.23367175,-0.0704172558914804,3287.3978878529297,0.9086465596942532,179914925.12820512,179914936.0303875,-0.06010241733125654,3218.828465382067,0.8933216234484084,130510618.93832766,130510621.15062255,-0.08153341361535449,3180.2671760061617,0.8918683920771213
150,133784663.23809524,133784663.47275393,-0.06434078227654805,3287.723840415733,0.9106407963662387,179940240.66666666,179940226.4052321,-0.06025143435062996,3220.8959768695804,0.8948232539410679,130528372.2350864,130528371.11871932,-0.08168050649881509,3182.5403896518637,0.8936420573054628
151,134285485.33333334,134285484.36828336,-0.06832512614595432,3282.8571958799257,0.9067013131124322,179882153.46153846,179882156.60196772,-0.059909272992752616,3214.436404943657,0.8901810567601737,130480733.36864674,130480740.50316311,-0.08128579454525187,3176.0157513514428,0.888766544907576
152,133987823.64285715,133987822.32659769,-0.065957038189697,3278.8108654564267,0.9045067521189034,179893052.74358973,179893056.21373442,-0.05997349614752112,3211.1403931760206,0.8874233994773405,130461088.54988019,130461077.37325327,-0.0811228474086414,3172.239858467742,0.8855474941435475
153,134068445.02380952,134068442.90563506,-0.06659842538560445,3274.8207035776713,0.9009323288912295,179868156.12820512,179868158.3485836,-0.05982679189041451,3207.236057244289,0.8842713378937875,130443306.3591878,130443313.02733417,-0.0809756353770601,3168.983946317802,0.8828723765495965
154,133920757.84523809,133920758.2731416,-0.06542350164473532,3277.6905428274936,0.903308390430929,179875868.43589744,179875864.9822566,-0.0598722012442261,3210.3561551202424,0.886926972397251,130450507.10329172,130450499.5319615,-0.0810351894946717,3171.5851597992223,0.8851559649268917
155,134258399.02380952,134258398.16538063,-0.06810963843878315,3274.1064870853334,0.9005061971799405,179851135.5128205,179851143.1560464,-0.05972653425123209,3205.847901092508,0.8836413229042944,130412257.84134191,130412263.92469212,-0.08071833339141254,3166.95287711961,0.8817340271615928
156,133865821.48809524,133865820.6447717,-0.06498643840566287,3270.4951378428377,0.899448384741254,179823732.35897437,179823734.54141343,-0.059565036049530784,3203.1399012089064,0.8820064511620015,130385092.25652668,130385094.80588418,-0.08049318459087651,3164.385010861346,0.8802006415713232
157,133612510.39285715,133612507.73340528,-0.0629711755553033,3268.6498717223126,0.8981121849255878,179836053.15384614,179836046.74646953,-0.05963758254639551,3202.1106914375455,0.8807992954069847,130385121.40168999,130385113.08447672,-0.08049333606443798,3163.113590192007,0.8786119974836352
158,133910454.5,133910461.70144635,-0.06534158596854045,3265.9962518910565,0.8960271371217078,179795720.43589744,179795712.11792198,-0.05939992113723824,3198.576342896009,0.8785105668188811,130364979.86580905,130364970.96053807,-0.08032641953405317,3160.0774575701457,0.8767853946268448
159,133768132.32142857,133768131.82213715,-0.06420926264273463,3269.1426323592395,0.8983212230172409,179807194.97435898,179807184.48654178,-0.05946751911423065,3202.288923789675,0.8811639606109418,130388184.12057006,130388187.39404167,-0.08051881267690808,3163.652342430083,0.8795099513054054
160,133551100.73809524,133551099.34520172,-0.06248263336935822,3264.3491607047617,0.8949229973069416,179816786.23076922,179816786.47219145,-0.05952409634135236,3199.3183930951814,0.8784606877755495,130386127.04477236,130386124.18585399,-0.08050171499876857,3160.9568188987596,0.8764240843786648
161,133511549.08333333,133511554.94332716,-0.06216803288726025,3265.583658031454,0.89608783397211,179826079.05128205,179826086.43838927,-0.05957889399664973,3199.476727062502,0.8787201606174444,130372056.75268003,130372060.66282624,-0.08038517145669077,3161.178768779549,0.8768000206808184
162,133868340.3095238,133868344.5748802,-0.06500651785031941,3260.064704525861,0.8919589542792401,179759169.82051283,179759158.76894072,-0.059184539943927916,3192.578989046506,0.8741827890781511,130311021.80123597,130311016.03531289,-0.07987929841896158,3154.4373244151957,0.8724561263719972
163,133955787.07142857,133955788.00420123,-0.0657021850931303,3261.0035640058063,0.8930409333962828,179751174.92307693,179751180.0819681,-0.05913752758612478,3193.0521897558983,0.8748975815234414,130307605.00945894,130307604.72294688,-0.0798510290852048,3154.6722942096826,0.8731188708080205
164,133831756.76190476,133831761.04832116,-0.06471547298564229,3252.6179647292674,0.8878317867199668,179708176.56410256,179708168.36848915,-0.05888409214358359,3184.7198866395615,0.8689202710373339,130250545.24504982,130250539.12628709,-0.079378130029087,3146.42656549257,0.8670253598634515
165,133492750.14285715,133492750.5780532,-0.062018432385032574,3254.0169738917834,0.8898233316471339,179697377.7179487,179697371.77320045,-0.05882047598687645,3186.825098402607,0.8707768885697095,130266041.33030647,130266044.39888322,-0.07950662126031482,3148.585552385407,0.8688926305983207
166,133535459.61904761,133535462.98328622,-0.062358236317849425,3244.2574227810615,0.8827481428751464,179652813.4871795,179652827.17851236,-0.05855800843665637,3176.786509230733,0.8632758790099003,130187566.75923824,130187571.9820252,-0.07885632521443853,3138.0487833373077,0.8607463627454676
167,133813656.21428572,133813657.4108812,-0.0645714472121739,3245.768562382242,0.8828218887176589,179666237.66666666,179666242.76670706,-0.058637056334451376,3177.9822890707887,0.8639053850831576,130191083.59288687,130191088.70625436,-0.07888546808975994,3138.772410701572,0.861124764248833
168,133674149.5595238,133674153.25531442,-0.06346160428838443,3244.424965566113,0.8824520935544119,179643111.8974359,179643114.19235206,-0.05850077716761759,3176.7979335596738,0.8634219277120397,130168841.06520368,130168842.76960434,-0.07870111739406904,3138.3581730581227,0.8612370232948826
169,133337057.58333333,133337057.34409952,-0.06077979520405874,3241.79233834112,0.8816663336993613,179627881.33333334,179627884.54698804,-0.05841104040522471,3175.3791031619676,0.8624849332121491,130155451.56589735,130155456.13546644,-0.078590183188191,3136.9433760078305,0.8602457834272502
170,133600099.21428572,133600099.14396203,-0.06287245745524483,3249.5485234874345,0.8875085268781477,179649594.7948718,179649588.72654787,-0.0585389266926295,3182.0225525033206,0.8680354537675614,130180329.00945894,130180321.81193776,-0.07879624350511216,3143.8497498486167,0.866155249555904
171,133337932.0,133337934.03728841,-0.06078676984741671,3235.2680264973924,0.8778548701079572,179605493.33333334,179605485.37564117,-0.058279059057733784,3168.931896162721,0.8575329220135509,130131583.73792407,130131582.32254036,-0.07839234238288095,3129.9045080530614,0.8548324738371006
172,132916335.78571428,132916334.36497681,-0.05743268042200911,3245.366073208462,0.8850627280746911,179675168.35897437,179675174.1675372,-0.05868968231325633,3179.9770040278536,0.8655150294653512,130182229.43397655,130182217.71599789,-0.07881195474433511,3140.998151110917,0.8631408430909433
173,133189484.39285715,133189483.52693844,-0.05960575306855831,3233.3450998089143,0.8767696954712098,179567657.76923078,179567655.75355724,-0.058056157753913595,3167.0316799076704,0.8564584602771146,130100500.13015513,130100498.97402884,-0.0781347566038395,3128.2337077113507,0.8540038916052339
174,133049660.71428572,133049665.68208039,-0.058493414550004896,3233.1593142408833,0.8763384736993176,179592391.1025641,179592383.7163036,-0.05820186090486623,3167.4705672623254,0.8563063975715727,130115401.14894691,130115395.12468097,-0.0782582000793397,3128.335878828041,0.853587185381573
175,133235139.57142857,133235135.93405256,-0.05996894655755303,3230.4566483543854,0.8739889201013556,179584440.43589744,179584431.92587867,-0.05815500702804233,3164.3918541090516,0.8538671139571203,130116156.62277715,130116150.51670629,-0.07826445996614861,3125.200604021662,0.8509143343866689
176,132839872.47619048,132839876.43657373,-0.05682440971881042,3231.9859847765238,0.8759469222169177,179581171.64102563,179581173.27057615,-0.05813580624104997,3166.6112958536696,0.8558425318840605,130121415.15273048,130121418.41459537,-0.07830811470885335,3127.5097740934452,0.853118780601706
177,133346242.8095238,133346246.62878197,-0.06085290171861435,3226.0901606367634,0.8709488994884008,179538819.8974359,179538822.64027834,-0.05788626606086922,3159.3624885540744,0.8506914474747079,130062051.71824947,130062063.32124305,-0.07781624273580734,3120.9392740515686,0.8480510563170625
178,132940548.15476191,132940552.34636407,-0.05762534963076438,3223.916393721787,0.8710440905923491,179501908.5128205,179501899.3952888,-0.05766870535060953,3158.4999519687813,0.8504530474238637,130045880.07718502,130045871.99438508,-0.07768206621551133,3119.5747323740416,0.8474790446172858
179,133149064.67857143,133149065.66343077,-0.05928420365215237,3225.5389838982205,0.870991758442228,179533424.0,179533411.42044574,-0.05785438184184999,3160.2376291334917,0.8513309176874123,130043810.7988397,130043802.82056957,-0.07766491910058448,3121.3381684647634,0.8483833306763
180,132915162.41666667,132915162.55957054,-0.057423357976144285,3219.161864343144,0.8671648670596419,179479066.56410256,179479068.6233438,-0.05753418090776763,3154.356218965581,0.8470447346132411,130020770.25753562,130020775.03775558,-0.07747408929428046,3115.4960541115956,0.8443347895198625
181,132300497.51190476,132300494.25380634,-0.052533286659928624,3219.5592378256233,0.869021763404182,179505008.5128205,179505000.0899842,-0.057686975395412565,3156.2471982404018,0.848562845617318,130017273.6753689,130017272.77903078,-0.07744506629369541,3117.364991816014,0.8455880599954503
182,132568793.1904762,132568798.56662962,-0.0546678154974336,3216.1786873009764,0.8664479865722808,179477780.92307693,179477783.17872918,-0.05752660675648613,3150.9313573734116,0.8453417726602197,129953623.87488964,129953618.9375393,-0.07691757086174467,3112.511316046376,0.8424406515588251
183,132623314.51190476,132623310.7304559,-0.055101493899609055,3218.883167031576,0.8687857928314777,179502185.25641027,179502179.1693081,-0.05767035384695296,3153.7965390514105,0.8475046294785997,130001849.70034052,130001846.13828538,-0.0773172266797324,3115.36110436551,0.844626353011143
184,132899393.26190476,132899394.28221004,-0.05729791145465657,3212.9049410693005,0.8643028657806308,179461833.94871795,179461831.24601954,-0.05743261410195877,3147.1835455763608,0.8425120013558323,129969774.24643713,129969772.4120357,-0.07705143370187084,3108.677255865995,0.8394463280455586
185,132767562.60714285,132767565.6619086,-0.056249132220804965,3206.8397875511573,0.8612348018850235,179401431.46153846,179401434.83428025,-0.0570767438029407,3141.536493703341,0.8389530484733121,129906180.4265355,129906194.32602735,-0.07652456605090463,3102.6584059943434,0.8358319320032868
186,132619431.38095239,132619425.15585865,-0.05507058172029744,3204.584259752051,0.858695656141481,179433724.7179487,179433732.32454485,-0.05726704844500485,3139.587380286736,0.8366058813378094,129924030.92041871,129924037.37871018,-0.07667243032054993,3100.976890951316,0.833425537981174
187,132768163.35714285,132768159.9357527,-0.05625386004140642,3203.910479819491,0.8584979203967202,179391787.94871795,179391779.73539144,-0.05701985361973838,3139.2320450360958,0.8366262248699317,129907602.77361584,129907608.24876225,-0.07653628314081362,3100.5238504726117,0.8335730102269984
188,132224800.01190476,132224806.63013466,-0.051931144213281266,3205.301980318413,0.8615224105569299,179401375.46153846,179401381.249982,-0.05707642807126567,3142.151049690369,0.8392134181495069,129997086.47698322,129997086.76330124,-0.07727778603476487,3103.2720261418754,0.8356813031640968
189,132670043.33333333,132670043.87175798,-0.05547328530589257,3196.267777399792,0.85330179036386,179386838.6153846,179386837.76359877,-0.05699073432392332,3132.604065434864,0.8313362126948923,130057472.78067853,130057462.48623204,-0.07777811590175321,3093.9989107343104,0.8275628569572159
190,132626723.79761904,132626723.44611962,-0.055128644189970766,3199.9127685136737,0.8550546812037254,179399486.25641027,179399487.07186624,-0.05706526711462878,3135.75666907924,0.8336894893574811,130198199.03569177,130198203.2433509,-0.0789444258169123,3097.250901702975,0.8301065152766272
191,132424110.02380952,132424104.57307993,-0.05351668416228805,3194.0760201037906,0.8535409229373139,179321335.8974359,179321334.28842357,-0.056604771969107626,3129.0579991426607,0.8302079039173003,129919255.21957372,129919250.91827655,-0.07663276522014462,3090.595351127887,0.8268191680578346
192,132574044.61904761,132574043.01034689,-0.0547095383316043,3193.549598026023,0.8520082250961087,179354559.02564102,179354547.73149875,-0.056800473627173,3128.7680880364796,0.8290673980934108,130051567.70942111,130051578.95553981,-0.07772935944823556,3090.0409518600427,0.8253791772192856
193,132281961.57142857,132281965.16647378,-0.05238587616612089,3191.684160051956,0.850945448547365,179337495.30769232,179337502.67803222,-0.056700040040156496,3127.9892223956876,0.828635735125313,129837494.92142767,129837492.82863966,-0.07595524100796869,3089.191444680826,0.8253480923225692
194,132933798.88095239,132933801.08245347,-0.05757163909829055,3180.1962191954785,0.8436677483602638,179235810.56410256,179235809.50803813,-0.05610083923051046,3113.8372995815216,0.8191738674566577,129835366.04363728,129835359.92206219,-0.07593756574360078,3074.941841718212,0.8151242699635022
195,132201798.26190476,132201795.59696141,-0.051748077033435314,3187.665792775651,0.851002326595781,179268896.97435898,179268902.54210398,-0.056295831409503894,3123.44933004257,0.8268699454053953,129788164.14226258,129788160.295474,-0.07554642536885381,3084.6663410746296,0.8232498450802166
196,132364324.0595238,132364323.36511847,-0.0530410872142113,3180.4779661398024,0.8443202053631085,179260369.35897437,179260357.79411125,-0.056245483682948016,3116.04643246073,0.8201564034123872,129851960.49413545,129851955.91221799,-0.076075095683519,3077.5778165488423,0.816458535151057
197,132602529.57142857,132602529.83438757,-0.05493616885708463,3178.4742588280214,0.8435799463132087,179228182.41025642,179228174.56340975,-0.05605585228592824,3113.815830658644,0.8190948695543208,129778663.85294488,129778658.16362758,-0.07546768179226326,3075.3471754105126,0.8155370838508182
198,132075612.72619048,132075611.50275433,-0.05074420353962039,3172.6791969523542,0.8404782687789069,179205770.53846154,179205760.29638788,-0.05592378199106074,3109.0438286004924,0.8155647640366049,129931287.43120192,129931288.51627263,-0.0767325200472817,3070.84093123845,0.8116772077870358
199,131852989.02380952,131852982.22939178,-0.048973048245601225,3173.1105987692163,0.8420387576062192,179192804.02564102,179192796.8912802,-0.05584739846563069,3110.0448391651494,0.8167981906958648,129836315.94375078,129836313.47196224,-0.07594546775241318,3072.067532438696,0.8131946462735999
200,132201151.6904762,132201146.69936231,-0.051742914646653926,3168.0415813802256,0.8383520370347638,179148215.58974358,179148210.9338098,-0.055584687195870286,3104.4323696310703,0.812705072944412,129756176.68659352,129756184.53753081,-0.07528144424826522,3065.794771865843,0.809090953012644
201,132036115.66666667,132036115.46291317,-0.050429987807785626,3161.647785002277,0.8345462621724757,179119552.92307693,179119559.10785893,-0.05541586369170992,3098.438138512465,0.808217312461517,129845845.29499306,129845843.48378138,-0.07602444236860673,3059.9684896133544,0.8042992835575344
202,131717402.60714285,131717400.54107307,-0.04789441100526548,3169.0470720565036,0.8412742883193403,179132722.76923078,179132719.49829233,-0.05549340790243118,3106.2394635769037,0.8145878985568263,129805268.10669693,129805265.0976287,-0.0756881718022131,3067.7283261034886,0.8109614937883065
203,131941417.15476191,131941418.52652638,-0.04967661437366533,3161.0222059864373,0.8339353415746884,179124072.2051282,179124071.4631785,-0.055442451583119334,3098.3439686924985,0.8080796958199671,129696358.75621137,129696361.61978151,-0.07478569544349045,3059.5306415382256,0.8044145159752192
204,131708672.75,131708670.31471126,-0.04782495658714159,3163.5567055018173,0.8361045259465727,179129989.92307693,179129996.0311194,-0.0554773605736365,3101.649100242517,0.8105067566341335,129808282.80968596,129808293.98025922,-0.0757132719644984,3063.2867234213563,0.8069872936068084
205,131814162.32142857,131814168.04552567,-0.04866425710506883,3154.903227171018,0.8296677405584403,179064573.33333334,179064569.81397292,-0.05509185344185452,3092.584163558789,0.803916516079116,129756230.62025476,129756237.79337057,-0.07528188557610238,3054.2464719405016,0.8003626549792537
206,132117153.33333333,132117153.29565898,-0.051074694518254304,3155.986291714146,0.830404791172695,179094883.33333334,179094887.83314058,-0.05527049456036015,3092.720224676224,0.8042533625937754,129855764.17757599,129855765.65541722,-0.07610666678885059,3054.0690353052933,0.8000558615965979
207,132002525.14285715,132002524.05851169,-0.050162747148726705,3152.736413546306,0.8275074934439647,179093997.7179487,179093990.49571696,-0.05526520723073136,3089.68620329004,0.8015365985988547,129798640.11073275,129798635.49580182,-0.07563323270352895,3051.1231779126656,0.7973296237993198
208,131463243.47619048,131463248.90676853,-0.045872475588672135,3150.4364035796552,0.8269823321572671,179062699.02564102,179062711.3331489,-0.05508090282231426,3088.4150060858483,0.8010373811755604,129731441.83957624,129731439.43114604,-0.07507638308816467,3049.957866884718,0.7970273989281352
209,131414073.83333333,131414074.54379189,-0.04548126273512132,3145.907294631891,0.8244162498198386,179061332.41025642,179061339.54292572,-0.05507281990177537,3084.639422059107,0.7979844199686814,129730888.36372809,129730892.32496797,-0.07507184925323851,3046.010350943604,0.7937800711592176
210,131195414.75,131195418.59638023,-0.04374171773738755,3142.448517420817,0.8220087237830045,179032156.12820512,179032145.8851691,-0.054900803793266784,3081.4845465039593,0.7955672293308904,129712315.82217178,129712312.49680698,-0.07491787937095484,3042.8005107168083,0.7914380119384812
211,131230299.90476191,131230298.74379489,-0.04401921115420815,3138.7396117927774,0.8202394386378591,178990144.41025642,178990137.71126637,-0.05465328144918291,3077.1176350758624,0.7931490279111062,129682496.32059528,129682487.1869054,-0.07467071887975796,3038.4495407241125,0.7889107660697324
212,131556172.0595238,131556169.85590403,-0.046611719931973994,3138.5162188664435,0.819676719863779,178985752.64102563,178985761.47850454,-0.05462749562488178,3076.3516007692388,0.7926143642372298,129635959.56539287,129635948.61882088,-0.07428505665578355,3038.0124498103423,0.788647225432783
213,131146311.0595238,131146314.37968874,-0.04335106294146507,3140.094318839766,0.8219170626908083,178980260.46153846,178980264.1287418,-0.054595103907434606,3078.699520545128,0.7946861347954348,129616246.74435616,129616257.3252975,-0.07412187612905652,3040.673258240308,0.7909414107753839
214,131531684.73809524,131531680.46062379,-0.0464168914557237,3136.312854630252,0.8184486541102517,178959971.35897437,178959979.11145,-0.05447557966814087,3073.7225268544294,0.7909041857610818,129642727.36234078,129642723.42620128,-0.0743411990638736,3035.6562019643543,0.7869336932333664
215,131623744.79761904,131623744.74974649,-0.04714932053212939,3131.8179042481243,0.8147518013736655,178940194.6153846,178940192.25559717,-0.05435899071680761,3068.5297650633715,0.7869873296464529,129642511.5081347,129642515.40534069,-0.0743394752079185,3030.19153562929,0.7826419461103633
216,131539827.07142857,131539828.48773806,-0.04648171411422353,3137.5420257576875,0.8198964667731726,178953194.2051282,178953197.99816185,-0.054435623704797376,3074.521763567741,0.7920734323468154,129693008.24870728,129693006.8244641,-0.07475789446300585,3036.298670616347,0.7879935930996214
217,131431143.11904761,131431145.8418535,-0.045617075602319535,3126.586109769486,0.8125777860051213,178922934.87179488,178922937.541568,-0.05425732175893083,3064.1089247648533,0.7840023345266303,129618011.60802118,129618012.25837216,-0.07413641915047631,3025.452874441408,0.7795071743581435
218,131484683.85714285,131484691.2300053,-0.04604306269854885,3124.2969251046225,0.8120466118738927,178882625.23076922,178882626.59968576,-0.05401979991734751,3061.68324696712,0.7829760625185721,129669082.13318199,129669084.66583884,-0.07455965301988865,3023.290739206667,0.7786203486917118
219,130519449.73809524,130519448.71398899,-0.03836395398821013,3121.235513425299,0.8116155249342777,178896775.7948718,178896772.9073899,-0.0541031533916303,3060.8151570589116,0.781960226369132,129598401.09244545,129598402.01664312,-0.07397391029493616,3021.9784966597626,0.7772787227478851
220,130140434.14285715,130140435.2466513,-0.03534866449352392,3120.533389830873,0.8116554957772721,178893867.25641027,178893874.2483496,-0.054086073789883615,3061.48398571748,0.78249688667844,129596453.86555682,129596457.97089742,-0.07395780010855413,3023.405300002303,0.7782524925262753
221,131374662.01190476,131374663.75730832,-0.045167725247137414,3118.670894258789,0.8090148100839561,178842700.76923078,178842684.5727884,-0.05378445181228608,3056.1426366781575,0.7793144103378324,129617774.18665658,129617771.96107168,-0.07413442782166824,3017.780436072588,0.7748091503877782
222,130458319.22619048,130458317.03756873,-0.03787761321779537,3114.140408083087,0.8066187365491273,178852225.84615386,178852236.27884507,-0.05384073277985735,3053.9742980221145,0.7772516419007273,129653409.62365998,129653404.78977664,-0.07442971486057948,3015.9352069558377,0.7728659178333486
223,130903884.08333333,130903883.98288888,-0.04142237730979614,3106.1138468164772,0.8007073238516614,178789642.2051282,178789635.96535307,-0.05347187655745156,3044.9702659188174,0.7709914495211333,129552389.54218692,129552385.18710491,-0.0735925716858985,3006.695075999835,0.7663603605944312
224,130103828.76190476,130103827.39610627,-0.035057426116305024,3111.1786517060937,0.8059368094467448,178819909.23076922,178819927.161233,-0.05365035962664355,3052.0027814568616,0.7763464353507167,129610408.67877412,129610403.6025786,-0.07407336669236297,3014.103438478533,0.7720759869884622
225,130135350.91666667,130135353.69309573,-0.035308237552601485,3100.9525406360626,0.7989960701763843,178780622.97435898,178780616.55317697,-0.05341873199446101,3041.835760252598,0.7686615160458993,129589440.55618615,129589432.85317205,-0.07389958339417801,3004.055775844821,0.7642070668065429
226,130206802.17857143,130206801.02747475,-0.035876645842390475,3102.1911920947687,0.799658298760666,178779185.92307693,178779181.92893973,-0.05341027884067939,3043.1540699555326,0.7696288138134373,129493963.38806911,129493955.69731228,-0.07310837013207783,3005.0925466994768,0.7651618883767494
227,130640357.5595238,130640357.52123964,-0.03932585927057075,3101.761973384413,0.7985665474750131,178776144.05128205,178776149.40957806,-0.05339241050146959,3041.7398623992235,0.7686806078243349,129495796.33648631,129495792.35173047,-0.07312359037319704,3003.625784862536,0.7641113195363407
228,131040255.61904761,131040259.19055097,-0.04250732749345998,3095.552263178996,0.7939182215525159,178714828.33333334,178714827.41808134,-0.053031086462145716,3033.176783763445,0.7628235743422395,129432774.99583806,129432775.47004196,-0.07260137338758232,2994.9483258539285,0.7581834883783944
229,130406798.72619048,130406800.40927574,-0.03746776617677949,3099.2474016391097,0.7990544735070466,178710889.94871795,178710901.2164444,-0.05300795233032707,3038.3795956281515,0.7675867664460313,129448814.31075798,129448810.74067013,-0.0727342566795921,3000.3020375894407,0.7632212892604477
230,130148441.85714285,130148442.13154845,-0.03541236427729433,3094.045049274961,0.7964242477836707,178687619.76923078,178687623.36637452,-0.05287079359479452,3034.0521571086,0.7646353888598513,129415803.52200782,129415802.29358573,-0.0724607177282135,2996.097371186415,0.7601012253483838
231,129842478.48809524,129842479.11743711,-0.032978236886801016,3093.498775124727,0.7966006681559967,178697065.30769232,178697072.16172257,-0.05292646818752322,3034.391704199024,0.7647241722812671,129476427.97755076,129476427.6069214,-0.07296311593538896,2996.8371288849467,0.7604665357322847
232,131053194.21428572,131053197.47036289,-0.0426102596121265,3090.063088305649,0.7924209790727568,178644853.0,178644843.0243651,-0.052618721449039896,3027.5507535689917,0.760125501460639,129385323.87488964,129385312.43754005,-0.07220805018438448,2989.579005537395,0.7555441500063352
233,129987658.17857143,129987658.37522414,-0.03413322880285752,3081.4632528395878,0.7896566209217015,178604686.30769232,178604695.1144854,-0.0523821602315373,3022.5849944842166,0.7570686208096112,129371571.2788498,129371566.19285165,-0.0720941359082039,2985.031509018377,0.7527962320176207
234,130003615.41666667,130003617.17745608,-0.03426019106901612,3086.7926305802093,0.7920956149931238,178654129.7948718,178654125.06684962,-0.05267341349347343,3029.0283229167644,0.7608473220802308,129426888.43738176,129426888.2478249,-0.07255258634262796,2991.0718997479507,0.756392416476215
235,130978930.47619048,130978933.95869741,-0.04201944686835701,3073.0401550615206,0.781328665409546,178576610.4871795,178576624.46660474,-0.052216761169453285,3012.229782721935,0.7485346225903619,129310502.48833397,129310502.98746803,-0.07158810891681755,2973.5905072388664,0.7432523336970498
236,129758666.39285715,129758664.20418294,-0.032311436761706336,3072.2793819279896,0.7844621887214571,178562567.3846154,178562551.10416412,-0.05213383750634648,3015.0427960065695,0.7512736056674761,129307362.7700845,129307361.41289537,-0.07156207488340516,2976.807370198722,0.7464607355568728
237,130400178.95238096,130400180.39375007,-0.03741509980740365,3070.532812906163,0.7817749749560046,178550583.4871795,178550583.91711992,-0.0520633239392454,3010.6150301908833,0.7480467933531824,129301995.56337495,129301995.19559056,-0.07151760537380736,2972.2836577980406,0.7429485557815881
238,130080155.32142857,130080153.57231767,-0.03486908602203287,3077.341267864619,0.7863317392224216,178611895.30769232,178611889.84789893,-0.05242455334492746,3019.1104702766124,0.7537054311339346,129375036.59477866,129375025.99132882,-0.07212280704335328,2980.810899021256,0.7487693683851762
239,130611237.26190476,130611238.53615934,-0.03909419950812132,3065.6448547087966,0.7786950404889714,178490965.69230768,178490956.73707607,-0.05171198613985095,3003.9224458229846,0.7440022531652061,129257845.4317064,129257837.27530321,-0.07115167143030532,2965.690644565274,0.7389093994794873
240,130338392.45238096,130338390.56870751,-0.036923523052524665,3064.9198317144596,0.778275292977619,178517604.15384614,178517605.75513226,-0.051869008614383594,3004.383784159636,0.7439291729173447,129263486.84953967,129263488.0242462,-0.07119849883592133,2966.08626002065,0.7387126956604034
241,130666302.60714285,130666299.02155802,-0.03953224015179857,3058.56838955198,0.7717539663397811,178510503.66666666,178510496.643292,-0.0518271200040592,2997.3614843930955,0.7377738585105176,129253109.84108967,129253110.33251527,-0.07111249954893406,2958.91232500715,0.7323636499147248
242,129612505.96428572,129612508.36338036,-0.031148675516163626,3059.24396357437,0.7762958721901162,178488438.43589744,178488445.14512017,-0.051697187231197095,3000.75636615203,0.7414589919635237,129211137.49350485,129211142.1087771,-0.07076471148476937,2962.22899018123,0.7361947582761642
243,130042580.11904761,130042579.3060021,-0.03457015920212925,3055.7336610882057,0.7734893759686888,178457788.58974358,178457783.5942794,-0.051516521940796034,2996.445778687795,0.738582334335842,129204440.32387438,129204442.48707664,-0.07070919213574056,2957.9952279152344,0.7332776109947701
244,130372869.61904761,130372870.56662533,-0.03719783302949908,3053.8631719145037,0.7725787770113589,178439508.41025642,178439504.56721762,-0.05140881748222115,2993.5042110834365,0.7370343412887996,129197543.72884348,129197548.83521883,-0.07065206487084574,2955.253830671942,0.731779992621058
245,129513085.70238096,129513080.0054508,-0.03035766066055734,3046.3597028184504,0.7673205957636569,178442176.66666666,178442171.20513898,-0.051424529959289256,2988.986153021837,0.7326387922909054,129197846.78824568,129197857.36933157,-0.07065462167388015,2950.707759830236,0.7271465520082219
246,129514138.98809524,129514138.66994862,-0.03036608299963972,3047.9545036724635,0.7705042071905782,178425733.82051283,178425734.67101613,-0.051327681915760426,2990.494534575022,0.7346374745402576,129193735.0228276,129193744.84981126,-0.07062054147997587,2952.244113224033,0.7292574540188673
247,128298166.92857143,128298169.39306991,-0.020692285885810513,3047.0425920722387,0.7720115331856735,178442693.7179487,178442692.1218081,-0.05142759932658225,2994.562647784845,0.7373537648125241,129269841.36284526,129269845.56046763,-0.07125118334382674,2956.827405818069,0.7325869275736422
248,129573528.89285715,129573527.84157507,-0.030838561053153857,3046.253662577697,0.768733734407804,178395806.35897437,178395802.39259562,-0.05115131367524661,2989.206216992476,0.7337186517820415,129177500.90477993,129177492.08045633,-0.07048585578952271,2950.96186980595,0.7286649996611584
249,129588087.46428572,129588086.15339716,-0.03095438154102692,3044.320364957764,0.7668114900437896,178395985.58974358,178395984.30265936,-0.051152385533439926,2986.782234308047,0.7317263916059771,129153461.56539287,129153459.5415359,-0.07028669963175327,2948.670963644816,0.7266360352147591
250,128756433.35714285,128756432.90875266,-0.02433805914643483,3031.2880715252386,0.7598523062928575,178339418.1025641,178339424.78819656,-0.05081912316329995,2975.356304838107,0.7237870860134067,129112628.81826207,129112635.29083297,-0.06994839160109834,2937.384040712243,0.7183583521965213
251,130044642.59523809,130044645.09649356,-0.034586593859216475,3030.9470283545197,0.7570976856583874,178318743.7179487,178318747.0609717,-0.05069728498188142,2971.089613945056,0.7207429513844411,129029137.10203052,129029139.19468522,-0.06925646463688584,2932.840841604371,0.7150279951603683
252,128514090.71428572,128514091.52876222,-0.02241008169923253,3030.6105606428214,0.760616415179532,178320802.05128205,178320801.74578604,-0.050709391682895566,2975.439710821861,0.7244267786749764,129041195.15172152,129041187.87450908,-0.06935631129844166,2937.6815086169418,0.7192646884505829
253,129253918.84523809,129253921.05929708,-0.028295888942311054,3024.367588285889,0.7543356609464883,178306207.17948717,178306218.13140607,-0.050623461491668964,2967.159545283287,0.7178598992391761,129120383.04931265,129120371.44546771,-0.07001250063419162,2929.1501627101893,0.7122316520691172
254,129188126.91666667,129188122.40786766,-0.02777241946294584,3021.577300664924,0.7533148150241276,178269405.82051283,178269412.82566392,-0.050406595708045066,2965.219729903417,0.7169595006730933,128996652.91562618,128996662.72887559,-0.06898733418129854,2927.4286547942397,0.711691434158616
255,128610976.15476191,128610977.59170723,-0.023180871006091897,3025.186893517063,0.7583803965657743,178283904.97435898,178283906.29291323,-0.05049199473052468,2970.2899750532247,0.7212150561701604,129018604.57838315,129018602.45821932,-0.06916914735605562,2932.4261927773664,0.7159445398484595
256,129355834.3095238,129355835.15914267,-0.029106679431586846,3017.6339677749647,0.7510018940497758,178243412.66666666,178243414.61926767,-0.05025340797357991,2960.621073386608,0.7137752179784653,128994597.50208096,128994608.83732435,-0.06897031370954676,2922.4733939755984,0.7080467998125105
257,129331442.61904761,129331443.8319912,-0.028912631148717338,3019.6472164442253,0.7533401148810045,178239839.58974358,178239827.2997899,-0.05023227061759372,2962.209239008956,0.7156416097082271,129039263.59213015,129039252.89105847,-0.06934027621073646,2924.10212269619,0.7099156729283421
258,129412764.40476191,129412769.3037499,-0.029559626207671164,3012.824195410524,0.7493820431287807,178178792.0,178178794.33947694,-0.0498726496200701,2954.8965430718204,0.7111608458905864,128912013.36536764,128912009.97151494,-0.06828582203743605,2916.3711997436417,0.704811618458611
259,129377269.38095239,129377272.67143635,-0.029277228267398536,3009.126210014735,0.7456663117894662,178174050.2051282,178174057.2259606,-0.04984473739888018,2951.141349936143,0.707882851825398,128900043.95510152,128900038.69813544,-0.06818661683827809,2912.7692498216593,0.7017454368143276
260,128540019.64285715,128540022.92011972,-0.022616382157345738,3011.1816579869815,0.7497831503087985,178200687.53846154,178200677.55544037,-0.05000159083336575,2956.6513861020408,0.711885503256306,128906123.04174548,128906123.14562276,-0.06823703827680094,2918.6501450564497,0.7062679640002664
261,127925014.53571428,127925014.47896111,-0.01772360485105362,3021.7534357720897,0.7587230450180489,178252513.23076922,178252530.99545625,-0.05030712387203762,2968.88807731714,0.7208633124253532,128960499.8163703,128960502.0033723,-0.06868767249439833,2931.0086602451433,0.7156547590050245
262,128769934.51190476,128769936.83763583,-0.024445491357707905,2996.3799801241785,0.7396506256451948,178104892.87179488,178104896.91418174,-0.04943722807632023,2939.024755670474,0.6999085061505759,128844396.67877412,128844400.53720489,-0.06772554685341436,2900.836656987795,0.6937625298765451
263,127693446.26190476,127693448.52922451,-0.0158813526997712,3009.5325213347874,0.751437845515136,178174040.3846154,178174046.76866725,-0.0498446757819726,2955.248215832007,0.7117486941500673,128951849.94349855,128951847.38417149,-0.06861595220247674,2917.0508529214694,0.7058416072101305
264,128313143.60714285,128313147.07388712,-0.02081144271667501,2997.2334894821756,0.7411138862627479,178105314.23076922,178105316.09364852,-0.049439697983354236,2941.420773188273,0.7014630704530609,128804419.99192837,128804423.85907568,-0.0673942626040489,2903.396437888519,0.6956596952645452
265,128193409.63095239,128193407.44696175,-0.019858838996015926,2990.3880664464973,0.7363807347091034,178100156.0,178100157.18041807,-0.04940930041599789,2935.4296201987145,0.6967521867397485,128782064.78269643,128782061.51750398,-0.0672089472680002,2897.7019471654316,0.6910841178931003
266,128299419.97619048,128299421.79992083,-0.020702249566645348,2993.2545367209686,0.7397131148206214,178078129.87179488,178078124.55930355,-0.04927947887133355,2938.551948758272,0.699817870904211,128772981.95384033,128772983.72265074,-0.06713372014572316,2901.1388162879207,0.6944039592566891
267,128457786.01190476,128457788.92422917,-0.021962159219948374,2986.2351289157355,0.7339584109758005,178051017.87179488,178051029.12118223,-0.04911982598155773,2931.0856678470586,0.6940802331682429,128805392.51128767,128805389.57984091,-0.0674022654720654,2892.8890060980966,0.6879493688649907
268,128097741.22619048,128097746.75277707,-0.01909779826504776,2988.410400348405,0.7372342738185754,178057917.07692307,178057928.13215795,-0.04916047662665668,2934.4038978096764,0.6970418023008407,128813411.29625426,128813414.47960477,-0.06746876731811446,2896.126302033298,0.6906874300931419
269,128470804.91666667,128470805.13412602,-0.02206571132124524,2982.364554429338,0.7334516103001812,178000506.17948717,178000505.93166247,-0.048822131101283084,2926.8355557582317,0.6924504788218654,128736420.09887753,128736426.1210993,-0.06683076957165546,2888.4948367175243,0.6858398987759113
270,128317832.85714285,128317837.20268132,-0.02084875562848576,2974.1263015242293,0.7278771665512382,177979279.64102563,177979286.05817148,-0.04869709846263959,2918.8342102154706,0.6865426048186123,128702609.41531089,128702607.31282549,-0.06655051520741817,2880.7130172023226,0.6801635562202218
271,128583218.36904761,128583210.9393044,-0.02295996989700755,2974.6308059280827,0.7278096390503528,177980528.07692307,177980543.01456308,-0.04870450475440524,2919.2294874344116,0.6866554410228193,128703077.51494513,128703077.72786415,-0.06655441350763391,2880.6876333628556,0.6799730255969672
272,127923451.36904761,127923452.81232756,-0.01771118081497014,2975.4365088109457,0.730828758243196,177982896.58974358,177982900.704256,-0.04871839683361734,2921.966930254912,0.6892316336105025,128711191.89532097,128711196.2860146,-0.06662169149491715,2883.849476843497,0.6828894394385966
273,127984730.46428572,127984731.79357107,-0.018198693487505135,2972.7567220032215,0.7290013433010446,177953326.64102563,177953327.0613219,-0.04854414176032851,2918.942977312284,0.6872992316133704,128655473.35956615,128655475.0313219,-0.06615993291720579,2880.911366826785,0.6811890101824368
274,128338695.16666667,128338689.8829165,-0.021014651759013292,2973.239888890336,0.7282517378123734,177973408.64102563,177973412.83566168,-0.04866249201184947,2918.4978328438906,0.6868237729484266,128671603.767436,128671602.74809071,-0.06629358230464288,2880.351815627703,0.6804398434762151
275,127281819.75,127281820.99263318,-0.0126065978591956,2966.6010788906187,0.7268590184143362,177922366.7948718,177922361.90693733,-0.04836168756424897,2914.825305281541,0.6848793965434857,128681017.8027494,128681019.64279138,-0.06637161952629933,2876.6410845341456,0.6784081713656697
276,128452319.64285715,128452313.70834282,-0.021918600448648684,2962.003545400642,0.7215597697055791,177887140.53846154,177887149.37369934,-0.048154206782333064,2906.9131577320586,0.6794094449676444,128614727.53739437,128614729.133089,-0.06582227418860476,2868.8444949499008,0.6729903148409546
277,127956161.60714285,127956166.37408179,-0.01797143768601006,2959.9532013272956,0.7212486640969641,177879379.33333334,177879381.3070434,-0.04810843545049348,2906.3345860426243,0.679199394062358,128618354.58418463,128618355.14979637,-0.06585232276390673,2868.4921512052892,0.6728508933433117
278,127506689.10714285,127506688.15593736,-0.014395556969207579,2954.705403185494,0.717819007697632,177893876.43589744,177893876.0787732,-0.04819384215928846,2902.418072631726,0.6755343841973095,128650163.05914995,128650155.09950967,-0.06611584697261108,2864.1541614222156,0.668723650223084
279,128484955.5595238,128484960.0431474,-0.02217832248720253,2950.912449296032,0.7131312814380009,177848794.92307693,177848788.3265126,-0.04792817419298112,2894.957035223643,0.6704101847401018,128576862.07945517,128576854.27798669,-0.06550840761615384,2856.6209690663145,0.6635389997132437
280,127757734.9404762,127757736.64949842,-0.01639280495780504,2945.9881903401442,0.7125187608753363,177822985.02564102,177822990.18040326,-0.04777616526222439,2892.239896496137,0.6692531498827788,128524350.07340144,128524334.77133022,-0.06507318172561116,2854.0633938544365,0.6624722183862756
281,127560702.8095238,127560703.11929503,-0.01482527983027726,2945.4303612460694,0.7131098099068881,177779661.41025642,177779671.8995367,-0.047520923450318664,2891.4504809379578,0.6694019743607456,128539077.54143019,128539069.89934056,-0.06519529081647724,2853.1875137481134,0.6624618533169768
282,126913674.36904761,126913679.51714836,-0.009677801868422264,2939.921990691152,0.7108154278198255,177772256.6153846,177772260.42664507,-0.047477253255382434,2889.1664764677676,0.6677947019541541,128554172.1626939,128554168.3015084,-0.06532041033772962,2851.0059772009868,0.6608537668180426
283,128252949.41666667,128252953.3826677,-0.02033256420595797,2941.966510037581,0.7087341699664367,177772340.66666666,177772348.29863173,-0.047477771018429316,2886.943841475707,0.6660318224942463,128499240.0731492,128499242.69860163,-0.06486524527696358,2848.2775784301375,0.6587792908659909
284,127975115.71428572,127975113.63173744,-0.018122174986622275,2926.1955784445718,0.7005468350592856,177700480.05128205,177700471.73663783,-0.04705425689114007,2872.0028546697054,0.6562694219359171,128463588.25476101,128463590.28072709,-0.06456979590382028,2833.288769965786,0.6487418732685362
285,126587635.10714285,126587636.01075175,-0.0070839215861353555,2930.858048231829,0.7069456748657464,177723019.84615386,177723028.47223985,-0.047187166645418666,2881.5127236109515,0.663231526576013,128472253.92861646,128472257.98024914,-0.06464162459155176,2843.3289639004724,0.6563012632613232
286,126739315.22619048,126739316.21157964,-0.00829063257538043,2923.113579425074,0.7014984627818149,177686766.4871795,177686761.7162625,-0.04697347412756181,2872.8155962320475,0.6570866576850457,128428341.8524404,128428340.3554815,-0.06427768196210115,2834.4183870628995,0.6499415441991269
287,127322674.67857143,127322673.8261563,-0.012931607734479655,2921.547856560775,0.698739270005525,177682092.33333334,177682087.26814196,-0.04694593114607515,2869.7894134154685,0.6546065977865773,128411337.88270904,128411339.56616376,-0.06413679747666312,2830.996784088485,0.6470922202913554
288,127269187.46428572,127269189.2280293,-0.01250610426096821,2927.1234483931744,0.7034094064646318,177711966.25641027,177711970.75505507,-0.04712201189519938,2876.1623674325456,0.6590742601179477,128426908.59856224,128426904.88706884,-0.06426578632449842,2837.089404814931,0.6513132721724056
289,126994133.29761904,126994137.14243309,-0.010317892665175687,2920.095544128191,0.7005297218206437,177643634.2051282,177643630.5148767,-0.04671933463330791,2868.952902778601,0.6552802493739203,128371158.6061294,128371154.32355471,-0.06380378486640392,2829.9701052976143,0.6474251606816285
290,127735388.66666667,127735390.22944646,-0.01621502519156115,2914.387578730072,0.6942078125093483,177636819.23076922,177636811.35581842,-0.04667915449506399,2861.611589505122,0.6496668572860503,128328177.6408122,128328186.50002633,-0.06344771318084619,2823.081081387013,0.6422896329092498
291,127284399.40476191,127284400.40814105,-0.01262711872495248,2907.1518761827833,0.6924938239840597,177560777.2051282,177560778.02455536,-0.0462311476755739,2854.710211179195,0.6464252215844888,128272199.2475722,128272196.69743656,-0.06298372916338701,2815.7253486401405,0.6383539435987977
292,127506429.84523809,127506431.26314767,-0.014393513226183208,2909.6602501202196,0.6939873616863959,177566298.4871795,177566300.98835617,-0.046263690317142725,2856.238124890205,0.6475478303220547,128209654.99356791,128209657.30084977,-0.06246546906716155,2817.597808299051,0.6400332813887887
293,127412585.77380952,127412584.69655332,-0.013646905016316602,2906.4405064043544,0.6925824206286899,177552893.76923078,177552892.11850145,-0.04618468200543546,2853.825919463084,0.646044258851349,128233493.52226005,128233505.51259874,-0.06266309771710676,2815.606856366457,0.6386459767853304
294,127197011.64285715,127197010.15282825,-0.01193187451467792,2899.91295954727,0.6880690914582297,177536393.3846154,177536382.4334546,-0.04608740293892932,2848.3039877414703,0.6419462928764526,128233912.90377097,128233917.58146039,-0.0626665125061765,2810.194711535797,0.6345603754792121
295,126782329.38095239,126782332.36955602,-0.008632853051499856,2902.101843373052,0.6917470840624501,177522811.56410256,177522826.52215654,-0.04600752822339271,2851.931654129273,0.6449897207241699,128199918.72014125,128199911.84998795,-0.062384709120998805,2814.0438404889105,0.6380295283509376
296,126850349.34523809,126850348.20730019,-0.009173961636540051,2899.126015332483,0.6907732185181665,177501089.1025641,177501067.82794678,-0.045879320722455486,2847.9785096920455,0.6428685980215124,128141672.03480893,128141673.86131132,-0.06190209452503548,2809.7277332565227,0.6355774987444617
297,126761018.36904761,126761021.5605334,-0.008463312219559205,2887.94496170254,0.6816739231674483,177497795.2820513,177497795.36232156,-0.04586003856169407,2837.9332045744627,0.6347950446447238,128226359.19939463,128226367.52061415,-0.06260394562075322,2799.1385496892217,0.626606062654938
298,126815243.29761904,126815243.00224921,-0.008894677745277413,2896.74712594634,0.6882805673343915,177504723.30769232,177504720.38561743,-0.045900842477689,2845.98614467413,0.6410566057263937,128248956.15336108,128248959.32673445,-0.06279116251526817,2807.493385633434,0.6333165948124228
299,126766276.89285715,126766277.47324017,-0.00850512629672373,2888.9917217379525,0.6831723097805791,177468428.3846154,177468428.62784755,-0.045687002643209906,2838.9350709181567,0.6363882755049542,128146441.66376592,128146444.81542902,-0.06194163112556361,2800.2998908056497,0.6283884398106024
300,126902057.64285715,126902056.77689175,-0.009585335690791785,2880.638371304387,0.6794605169915576,177399814.1025641,177399801.15808117,-0.045282632954956936,2829.4098674853644,0.6311431422301849,128122314.11476856,128122313.27471273,-0.0617416545460594,2790.840427301979,0.6227255085617562
301,125618572.11904761,125618569.5513958,0.0006256089882634708,2877.2546736328377,0.6800434266504845,177387849.2051282,177387851.8765019,-0.04521222489119614,2829.294849380469,0.6314970834534217,128097482.42754446,128097485.15641108,-0.06153590547135823,2791.104878835862,0.6234968348742984
302,126352178.36904761,126352175.76780151,-0.005210687893487886,2877.2408244453727,0.6777207223187551,177401047.84615386,177401049.64264968,-0.04528998932868711,2827.7740516937697,0.6298147055199136,128088173.07680666,128088179.26978058,-0.06145878816668615,2789.104382995459,0.6213653651780502
303,125996998.83333333,125996996.58020036,-0.002385015020627046,2875.648014844883,0.6787141895153077,177377024.46153846,177377019.9745414,-0.04514840069901971,2827.7905210959607,0.6305195388848991,128006127.84865683,128006128.26982784,-0.06077883662491068,2788.86071517546,0.6220938926208477
304,126748969.25,126748961.79173642,-0.008367369206195185,2871.999786335443,0.6758653818459441,177319892.30769232,177319882.39021674,-0.044811732201120114,2820.6484337922852,0.6265135823947472,128018714.29057889,128018710.1161853,-0.06088310160442423,2781.3260816347256,0.6173345719357787
305,126983446.51190476,126983442.43544878,-0.010232809573418988,2865.261314607802,0.6703574848942366,177311535.64102563,177311530.8166033,-0.044762522704835606,2813.9988200970183,0.6215806079333147,128016192.86366503,128016202.54072887,-0.06086232148232096,2774.664959533591,0.6123735693241307
306,127224125.21428572,127224127.01441887,-0.012147606130911592,2861.4556557571605,0.6673659231109299,177287187.4871795,177287178.1069738,-0.04461903063621464,2809.852226504913,0.6190976687194083,127971529.22739312,127971525.49372718,-0.06049208556797159,2770.8294202362185,0.6100679607122442
307,127091417.6904762,127091414.07047935,-0.01109179154869988,2859.280751910238,0.6669861098625132,177253326.53846154,177253336.27648187,-0.04441962636715857,2806.142897602839,0.6174049450955872,127941925.92306723,127941922.91775109,-0.06024677085898511,2766.876301371295,0.6080120851765816
308,125787349.46428572,125787344.10857339,-0.0007170983113018448,2863.299890630302,0.67440222613484,177257890.94871795,177257893.65059224,-0.04444647952019687,2814.8905036877363,0.624348198157788,127903398.7289696,127903405.43413961,-0.0599275788639817,2776.1159164807823,0.6153313756358546
309,124223181.07142857,124223185.52724518,0.011726762777413136,2848.066711808954,0.6661024495745782,177264679.84615386,177264667.87948766,-0.044486394919029504,2806.3864969351353,0.6175563509780718,127915590.68508008,127915601.69796945,-0.06002864854503098,2768.710091252062,0.6092264310082851
310,126657136.32142857,126657132.78423886,-0.007636811942465682,2848.928835228795,0.6634311181023833,177180171.53846154,177180170.0591371,-0.0439885132779092,2797.6427405430723,0.6131115645887514,127920958.74738303,127920962.91767295,-0.06007307663981698,2759.0075319299544,0.6040416319281234
311,125640866.0595238,125640869.82035391,0.00044819638287396657,2842.4285354713597,0.6615461318120716,177168252.17948717,177168245.42693007,-0.043918250454224816,2794.8276406709965,0.611176186177163,127901162.05019549,127901169.06827419,-0.059909046238918684,2756.5313538883174,0.6024692900830511
312,126870823.51190476,126870830.19069433,-0.009336908641543573,2850.7919536048457,0.6633280228879295,177196143.74358973,177196157.51983514,-0.04408271527195651,2799.2048160479617,0.6137541839942912,127889116.71030395,127889100.50330567,-0.05980903479040389,2760.689047143835,0.6049977774054628
313,125923473.21428572,125923475.75588638,-0.0018001108198559823,2841.066075410162,0.6590850326077202,177173754.41025642,177173762.14443678,-0.043950756291114335,2792.7950607538223,0.6096319634079017,127891183.72909573,127891177.001113,-0.0598262425987961,2754.1217704019537,0.6004661934481431
314,125995221.0595238,125995221.77201675,-0.0023708953100303187,2839.8939044078193,0.659287179130011,177143323.2820513,177143311.5695022,-0.0437713341218966,2791.139564856505,0.6092903005068027,127837969.49022575,127837964.29680479,-0.059385272222356456,2752.620893944346,0.6003119326499441
315,125339370.90476191,125339374.0799294,0.0028467838135015633,2833.947762479385,0.6567108100727359,177127881.69230768,177127879.57698724,-0.04368040508103821,2786.6743277127925,0.6064010019359359,127889021.87211502,127889031.80531397,-0.05980846549441243,2748.2556555703845,0.597405971047191
316,125319042.73809524,125319043.0677407,0.0030085297480182405,2827.6850636189893,0.6548770860896587,177060697.5128205,177060703.65792024,-0.04328458828138482,2780.505227125608,0.6036827228128518,127801372.62656073,127801380.3574123,-0.059082103388235385,2742.178670054953,0.5945937472048817
317,123838653.22619048,123838660.10771148,0.01478590330374907,2832.4632535051733,0.6593275000371922,177101078.87179488,177101074.2777607,-0.04352246175996499,2789.2839578542953,0.6089232617463705,127832584.39702359,127832586.73655564,-0.05934070871448327,2751.2642529059785,0.6003082472668321
318,125961451.39285715,125961450.75773552,-0.002102225741895003,2821.6245567365772,0.6493401910293903,177028592.3846154,177028588.90860647,-0.04309536039330242,2772.8514541418126,0.5989478512938025,127710152.54811452,127710168.68739523,-0.05832623794245495,2734.722777927729,0.5896900826058236
319,125164780.82142857,125164782.1106756,0.004235772269361671,2820.3684925976254,0.65107851492011,177021626.12820512,177021622.8415687,-0.04305431463763054,2773.6890012728863,0.5996650480895108,127742477.29902889,127742470.1163094,-0.058593917878158264,2735.644851047585,0.5904555535888127
320,125660241.33333333,125660245.25288382,0.0002940526829869894,2815.1945550725573,0.648581251045619,176962308.7179487,176962318.34332183,-0.04270487815760693,2766.806580100304,0.5963841741484192,127710633.36007063,127710645.9514075,-0.058330192999689556,2728.3606976939564,0.5867560702908688
321,126250506.02380952,126250504.08741574,-0.004401826002833342,2815.9969429231824,0.6463135444815771,177002044.15384614,177002038.54541776,-0.04293891921716453,2766.0069556786466,0.5949898356834205,127725566.24895951,127725558.49430148,-0.05845377231668003,2727.461683993292,0.5851894067550335
322,125841136.32142857,125841135.6551964,-0.0011450437523297108,2809.280335585276,0.6444064823501592,176941718.53846154,176941723.0695711,-0.04258352581204594,2760.13151209171,0.5923721982335431,127660308.2017909,127660317.756432,-0.05791312637298063,2722.027452072199,0.5827864254432396
323,124946289.75,124946288.05169505,0.005974029343241427,2805.8891248035998,0.643144909498357,176947365.53846154,176947362.54015508,-0.042616754939823975,2759.28464111915,0.5915613589775303,127667575.22436625,127667570.15308917,-0.05797322653375203,2720.8884832117833,0.5818085589711351
324,125292213.78571428,125292211.41266158,0.0032219923678385998,2804.5857552486873,0.6425118955735554,176925964.6153846,176925973.6556664,-0.04249072644741103,2757.404133325968,0.5908057270174398,127635221.37823181,127635221.81174488,-0.05770515783765351,2719.126278297404,0.5811171215434473
325,125751554.48809524,125751554.57127337,-0.00043237012842634037,2808.3957215944924,0.6442788362365752,176949116.05128205,176949115.35367507,-0.04262708294199369,2759.6433077928345,0.5918648673347464,127655618.12031782,127655626.96363235,-0.05787425406431779,2721.1254985192068,0.5820176018832366
326,125448200.76190476,125448200.54196079,0.00198100115408284,2805.1849565562748,0.6442990574954719,176905561.3846154,176905577.66067207,-0.04237054830059117,2756.9895595098155,0.5912609960026609,127610921.81334342,127610919.83905952,-0.057503768899004104,2718.561820053426,0.5813811344666122
327,126040757.20238096,126040753.26839474,-0.0027331268783972185,2800.3219095397562,0.6410174039151146,176853704.41025642,176853700.4272429,-0.04206487506536072,2750.5916644212525,0.5878091865613413,127556810.52869214,127556806.98588845,-0.05705533904483118,2712.1180954604934,0.5780760563255358
328,125207998.08333333,125207991.95947115,0.003892010861474393,2791.4404099129497,0.6376171849364104,176818735.7179487,176818731.97634676,-0.04185883247577227,2742.8163615801395,0.5836663749706844,127537362.15033421,127537358.29580171,-0.05689416895771959,2704.0916573924637,0.5733812530667639
329,126089882.77380952,126089880.42961714,-0.0031239642124323286,2794.8204215140568,0.6375815586558273,176834828.2820513,176834829.47268128,-0.04195368282646417,2744.544591811987,0.5843288181566175,127526610.07617606,127526603.82918422,-0.056805047360642735,2705.9972602150483,0.5742532351926504
330,125398271.1904762,125398265.96350461,0.0023782619978679476,2792.195296721799,0.6375891069545518,176835220.64102563,176835228.64418823,-0.04195603484174848,2743.4930218366476,0.5834329340425974,127537110.63513684,127537124.25769812,-0.05689222949848727,2704.8962683156274,0.5734281435155244
331,124391249.29761904,124391251.1281789,0.010389695668760579,2782.130743497894,0.6352091728850804,176795735.4871795,176795741.5252998,-0.04172336716495262,2738.440941132032,0.5810058536612609,127520493.24328415,127520497.7753682,-0.05675444687181552,2700.0707057837894,0.5709193832605058
332,124506005.17857143,124506007.07740316,0.009476740225305647,2779.7348193015373,0.6328337714273571,176779446.17948717,176779449.98971564,-0.04162737348796375,2734.5128404849615,0.5786500129633507,127489807.8993568,127489804.40983169,-0.056500092857472595,2696.19472642702,0.5687073936830799
333,125420260.95238096,125420264.20377831,0.002203252219812324,2776.01799999071,0.6296411152820085,176750140.43589744,176750145.1379185,-0.04145470219721292,2727.781216700872,0.5749844447337201,127459422.3690251,127459410.95321503,-0.05624822416972619,2689.182763644163,0.5646897221555742
334,126158433.78571428,126158431.84231211,-0.0036693336316167002,2770.463226478015,0.6263787855089248,176693641.1025641,176693639.97589934,-0.04112176008484658,2719.711771268111,0.5708882931013989,127408268.19422373,127408266.39559513,-0.055824392396474076,2680.9071365069703,0.5603927717815683
335,123385953.25,123385958.73882401,0.018387426203251622,2769.500940047559,0.6311446208352345,176722503.82051283,176722507.88780084,-0.04129185681981107,2729.0250272628587,0.5762781203969933,127442647.55051078,127442648.8066675,-0.056109317302107,2690.5277315145304,0.5661935741999962
336,124475962.27380952,124475965.46624842,0.009715740055983524,2773.9555759656996,0.6317903774496497,176717422.2820513,176717418.5212248,-0.041261869038201615,2729.7727611920773,0.5770200173924439,127427173.05032161,127427166.75044803,-0.05598101846355119,2690.9570262003012,0.5667226576863115
337,123635010.98809524,123635010.28364356,0.016406065192507535,2759.3967317477577,0.6268563701388603,176628796.5128205,176628794.17702425,-0.040739672918222336,2716.9837784644883,0.5707417603909417,127361775.4004288,127361772.52973361,-0.055439100617046044,2678.5842179312713,0.560455708260986
338,122491454.04761904,122491448.39561446,0.025503816181987826,2765.2964706378325,0.6329787777566469,176645205.53846154,176645206.76792482,-0.040836379882481344,2727.316653331121,0.5771960377919271,127338740.2978938,127338744.7796093,-0.0552482710816391,2689.16225426133,0.5673849910695234
339,123767134.83333333,123767130.24998525,0.0153549681184465,2764.3378302057586,0.6292154116004409,176639368.33333334,176639356.07567692,-0.04080190618545587,2722.157558398369,0.573815826502362,127331741.63248834,127331747.35958718,-0.05519028389641023,2683.9680968914977,0.5639424355839778
340,124826316.64285715,124826312.39205034,0.006928510852001302,2753.3559543149813,0.6216999746852517,176576792.17948717,176576792.1930789,-0.0404332646227088,2706.5779808790257,0.5655368960710058,127292077.35981838,127292073.34768562,-0.0548615078232797,2667.8068882526886,0.554543296087589
341,125574921.53571428,125574925.35436912,0.0009728259083454649,2744.8851864713997,0.6166151865585083,176533886.33333334,176533895.49991286,-0.04018050690773434,2696.175140625391,0.559809056718839,127259791.66073906,127259793.9105646,-0.054594010132200665,2658.003456180191,0.549180006444576
342,124767834.57142857,124767830.20746928,0.007393773255557123,2752.5063809922763,0.6215815039938706,176595498.25641027,176595498.64378136,-0.04054348756498882,2707.8350776831307,0.565584968012531,127331660.24744609,127331660.70421949,-0.05518956578875889,2669.8187715720674,0.5552646310827413
343,124777257.79761904,124777260.28631055,0.007318751072667662,2737.903516537732,0.6143687953493686,176520415.2820513,176520413.700459,-0.040101068877149704,2692.1890416450988,0.5575317292077842,127252612.45705637,127252602.28521484,-0.05453441357948052,2654.1228392215285,0.5471467167205368
344,125293767.76190476,125293770.60056587,0.0032095880515986552,2742.5015190754616,0.6161218251351369,176517401.46153846,176517401.27594897,-0.04008331894167694,2695.433674359933,0.55954823841658,127242264.00857611,127242273.35077102,-0.054448818341104044,2657.460090928758,0.5492642971444371
345,124502263.35714285,124502262.44298744,0.009506531137207674,2737.942718677932,0.6150066024928487,176506771.7948718,176506780.63898945,-0.04002073957410035,2692.502553383509,0.5579854844550791,127232983.76920167,127232986.22541797,-0.05437185650997334,2654.342877602935,0.5475700464060634
346,125139722.61904761,125139725.16260299,0.004435115983512428,2747.1472618059656,0.6186561841606684,176552272.53846154,176552274.97000763,-0.04028880320100847,2699.6359654634425,0.5614807243008867,127292882.2691386,127292879.25162421,-0.05486818629917756,2661.3614795158965,0.5509674458510687
347,124992449.52380952,124992450.37779981,0.005606779129332939,2731.158323387305,0.6111235689515834,176481992.97435898,176482010.20539537,-0.03987478617461715,2685.1906052247073,0.554186142178688,127184409.39967209,127184411.57896855,-0.053969321431016404,2647.1475122966326,0.5438324964983164
348,124353169.67857143,124353169.851562,0.010692656073132856,2723.1201770504317,0.6082966306068069,176437060.92307693,176437054.2077478,-0.03960989453842911,2678.580716469349,0.5510530704178007,127149782.36044899,127149783.97214007,-0.05368236460337772,2640.539697130145,0.5407208153880283
349,124953752.04761904,124953752.38124809,0.005914645927015516,2727.1331022466934,0.6099718062964996,176414734.64102563,176414730.20780462,-0.03947835611907147,2679.576228478016,0.552025945655701,127144527.04124102,127144528.40838939,-0.0536388120729121,2641.1034871049783,0.5412350745919239
350,124592416.78571428,124592417.58585323,0.008789290514902959,2721.6406788982094,0.6092411775871088,176380527.05128205,176380530.16680184,-0.03927684118684982,2676.0087357851176,0.5508803242763074,127079670.46840711,127079671.54887421,-0.053101347305298585,2637.7733869337317,0.5401042916401126
351,123890647.07142857,123890650.0652223,0.014372290632376994,2722.8183329701424,0.6107830243521878,176403768.69230768,176403776.76376826,-0.03941381577152048,2680.6146949193417,0.5531171443346249,127113079.69100769,127113082.58550692,-0.05337822249126578,2642.9966599628833,0.5427280955578443
352,124303298.28571428,124303298.03061542,0.01108941764162652,2717.387780672028,0.6076059640528771,176354562.92307693,176354565.51668435,-0.039123851174113655,2673.542538263859,0.5495982408741542,127056542.8419725,127056548.70640561,-0.0529097297455392,2635.2339338364436,0.5387049413427426
353,124598014.71428572,124598015.86941192,0.008744752663197075,2709.18625216257,0.6052210722990339,176273480.56410256,176273482.48925284,-0.038646090320672455,2663.7262476896626,0.5457742221636974,126994629.58834657,126994632.41113308,-0.052396633251214464,2625.5844847647504,0.5348305515248782
354,124202708.51190476,124202708.93924604,0.011889666858670545,2707.7567620561235,0.6048648193433473,176287852.0,176287852.52453184,-0.03873076205206116,2663.9872295428545,0.5459574838168211,127001044.1188044,127001038.56410556,-0.052449720643116926,2625.996152914612,0.5350033493042556
355,124533081.9404762,124533083.20219481,0.009261332695819857,2701.3383348044895,0.6014743284047752,176237746.15384614,176237754.8119535,-0.03843557418506793,2655.50758939523,0.5420341039132867,126952291.47231682,126952298.11407846,-0.052045811560206934,2617.902736756672,0.5313192235182644
356,124976239.10714285,124976236.7651385,0.005735768572035171,2699.7059705796696,0.5993607859516621,176249154.30769232,176249155.8582022,-0.038502751913360056,2652.5499504774043,0.54030867175174,126974457.0235843,126974465.1613773,-0.05222950850474306,2614.9366886380913,0.5295612638613407
357,123596705.09523809,123596701.17578962,0.016710838137052653,2696.3463825540884,0.6010118458722081,176223256.6153846,176223243.55977625,-0.03835007036948124,2653.8804294757356,0.5415920616447257,126929425.63501072,126929433.12625167,-0.05185633082585328,2615.9091053353027,0.5306535024076295
358,121433571.9404762,121433570.72670896,0.03391989554750552,2688.5984667596363,0.6006983770628347,176202392.4871795,176202386.8412125,-0.03822717752770366,2653.2445697234225,0.541784611563587,126901636.5662757,126901630.30346608,-0.05162593055980347,2616.4585232204863,0.5315844042451642
359,123850452.86904761,123850452.85469182,0.014692084616162338,2688.5828363270984,0.5976715721289747,176176465.05128205,176176456.66913477,-0.03807439066793572,2645.374889966769,0.5377951236735271,126898242.57636525,126898249.23249838,-0.05159791183463658,2607.7024081505956,0.5270115149271675
360,124767817.46428572,124767814.04753798,0.00739390181793087,2690.954958677292,0.5968765981385209,176173390.3846154,176173392.57843405,-0.038056336302742855,2644.8083740931293,0.5373864022765598,126875666.39273553,126875668.29739048,-0.05141078502752627,2606.6518544988385,0.5264124725985084
361,123755068.88095239,123755072.20509775,0.015450897417030762,2686.421626917663,0.5969729894775471,176144895.64102563,176144891.47405007,-0.037888400886591844,2642.522729519086,0.5365886612715937,126848468.6073906,126848467.29643852,-0.05118537202164264,2604.5194001579694,0.5257904064990699
362,122989321.76190476,122989323.38219106,0.021542908863214416,2681.4965363755114,0.5959262012286273,176146834.2820513,176146833.60107163,-0.03789984436980509,2639.9126957930052,0.5354520900908141,126853576.84701727,126853583.5950196,-0.05122777047029525,2601.761905558068,0.524365883357012
363,123683690.78571428,123683684.6148536,0.016018830404811224,2679.546109415236,0.596135284813348,176081178.7179487,176081181.6565351,-0.03751300719752115,2635.8138151046555,0.5346762471447258,126774792.10594022,126774793.84116559,-0.05057484467243767,2597.6256261780577,0.5234185605900885
364,123835052.07142857,123835054.41179012,0.014814588872916534,2673.5887964796275,0.5926646674112834,176068337.84615386,176068340.4187502,-0.03743734351157224,2630.363968433478,0.5319497709857169,126771153.46298398,126771146.6031544,-0.05054462023750883,2592.945188382096,0.5212821835201784
365,122005859.39285715,122005858.4915912,0.02936698797535986,2670.906258554686,0.5961822101905125,176022180.82051283,176022178.28586465,-0.03716534503417601,2632.6884133021035,0.5340896548155166,126723642.18211628,126723644.24130975,-0.05015097111448941,2595.28223365979,0.5236215185938614
366,122536486.26190476,122536492.76010792,0.02514546005283491,2668.5529405758493,0.5934113435938917,176052079.69230768,176052080.45939618,-0.037341535889385824,2629.235144859705,0.5321256631454536,126767401.8549628,126767409.1752068,-0.05051364840417705,2591.4352709890118,0.5209056626126303
367,123519637.23809524,123519632.23174411,0.0173239698523433,2665.289181192716,0.5911290145548038,176017200.4871795,176017200.9791187,-0.03713601753625051,2624.0783990652135,0.5302623261088025,126668890.23786102,126668881.6819571,-0.04969715718553247,2585.7830780063937,0.5185087082166088
368,123072554.79761904,123072562.00409138,0.02088069349674948,2663.2021562263726,0.5920770887302405,175991915.94871795,175991923.1494159,-0.036987074435893996,2624.02045014577,0.5307390296021068,126653895.91196872,126653891.7544131,-0.049572936586752325,2586.3928816380753,0.5197527481506362
369,121795948.51190476,121795945.38226554,0.031036978220805866,2656.5459274167106,0.5915625891945844,175976480.30769232,175976480.84915298,-0.03689608465928562,2620.8111326449957,0.5296530443555808,126663945.71497037,126663940.45800422,-0.049656209569452825,2583.02889239104,0.5183676420716253
370,123579641.92857143,123579644.98175448,0.016846530842261176,2661.1020081043243,0.5904617694312734,175975263.7948718,175975256.28466994,-0.036888869228497656,2619.318333870325,0.5286921495080996,126673715.38176315,126673724.04962479,-0.04973728558571522,2581.0768886628225,0.5171050740522954
371,122044313.40476191,122044315.7895562,0.029061036085675118,2652.7422106294407,0.5902282750796343,175936271.66666666,175936278.02172863,-0.03665919985429711,2615.309136488499,0.5274487797316851,126635587.30356918,126635584.06729828,-0.04942122192041998,2577.136105180794,0.5157945597974976
372,120976293.63095239,120976291.95978074,0.037557834515075994,2648.2471763605163,0.5890705037901286,175963417.87179488,175963420.48137724,-0.0368191298063103,2614.525324815359,0.5270982459220324,126678879.44684072,126678873.90241326,-0.049779962096000885,2576.697229545825,0.515544808280226
373,122474107.38095239,122474108.85051581,0.025641763122358663,2642.657938426449,0.5863852554942666,175877849.17948717,175877861.286491,-0.036314994289131874,2604.3936799917465,0.5236051917866256,126602027.46449742,126602022.18247478,-0.049143096664862274,2566.6057426961647,0.5118824852891555
374,123105572.95238096,123105566.54081675,0.02061812173758726,2647.4390384498097,0.5869702220865574,175883128.02564102,175883128.4975577,-0.036346029973592486,2607.0379213308674,0.5244191753203867,126607659.2097364,126607662.33810046,-0.04918983628431528,2569.046004904551,0.5125665796471957
375,122849765.98809524,122849763.6798087,0.022653193696708596,2648.003125068687,0.5874444453579768,175877600.76923078,175877607.15547615,-0.036313496887586894,2607.8939217909788,0.5248109454691979,126588256.59301299,126588250.51080409,-0.04902897167685838,2569.6607917345914,0.5128135723964834
376,122091404.5,122091409.7823267,0.028686373879972638,2637.476900201468,0.5861427466948259,175830362.17948717,175830366.69745654,-0.03603514465709745,2601.729083097898,0.5230089417299916,126557962.40761761,126557966.1504113,-0.04877800706274482,2564.3122904221004,0.511520253386093
377,123447222.59523809,123447223.22064707,0.01790002888268649,2641.6519798352606,0.5857595520392137,175831462.12820512,175831465.82947448,-0.03604162100939412,2599.489051910547,0.5221331542246386,126565168.79581285,126565165.95071952,-0.0488376713608385,2561.583698612848,0.5102206289025595
378,121794073.29761904,121794078.81714241,0.031051827915320462,2636.025278676124,0.5867200948765088,175807903.23076922,175807913.71703374,-0.035902846253487164,2600.341401191858,0.523193435877572,126521417.10329172,126521405.22739893,-0.04847502896393663,2562.5927077606234,0.5114221002192173
379,122036907.4404762,122036910.22271919,0.02911995200769424,2628.169951888777,0.5839903849068936,175739783.6153846,175739784.08651865,-0.03550140995478679,2591.4188125194646,0.5200178949341464,126458669.51444066,126458665.0500755,-0.04795510501021405,2553.5058643939083,0.5081151587077049
380,122303006.77380952,122303007.44457883,0.027002981961023798,2634.1226542471422,0.584842582841645,175772487.84615386,175772483.52314845,-0.03569408296227272,2595.2622724313,0.5211251216007845,126482270.80640686,126482274.10311605,-0.04815075176679251,2557.3542624031074,0.5093004728494523
381,120126296.10714285,120126298.98831275,0.044320060922036775,2622.916414524828,0.5838448545867806,175771698.33333334,175771698.8112122,-0.03568945924931777,2592.1811260198933,0.5199143559263653,126500292.55744734,126500298.36931022,-0.04830011774155407,2555.4959492793464,0.508795124845059
382,123504699.95238096,123504704.38437058,0.017442730226954417,2624.268866848378,0.5806738935048666,175767719.94871795,175767727.2560929,-0.03566605788378663,2583.384580471577,0.5169815781014269,126508891.74372557,126508890.10078174,-0.04837131688676788,2546.441094500373,0.5055392323884401
383,121982564.78571428,121982564.50258534,0.02955230624605898,2613.433263228053,0.5810736118901884,175701117.41025642,175701122.49418068,-0.035273606480547004,2577.7066103250554,0.516102417552039,126446797.37091689,126446801.43751618,-0.04785679198958781,2541.0038133155263,0.5048771807502299
384,123714890.98809524,123714886.44429493,0.015770600311062144,2621.0061714876265,0.5805074555274276,175710591.12820512,175710584.54388514,-0.03532935917115676,2579.7206532221576,0.5159744126175752,126446691.6531719,126446686.59714845,-0.04785584031459145,2542.436291313003,0.504595136398485
385,121019125.5,121019124.25877701,0.03721707675228747,2609.264087120692,0.5813641882934993,175652655.7179487,175652646.13836226,-0.03498797204062565,2577.851327975591,0.516406719870356,126379432.43612057,126379426.85149598,-0.04729846297876161,2541.679705312505,0.5056129535813575
386,121422608.96428572,121422609.94227561,0.034007095452003755,2610.524769757475,0.5815207726160113,175652820.07692307,175652828.16764575,-0.03498904460129082,2576.975845740392,0.5162731107168833,126390284.04540294,126390289.39388639,-0.04738848019305775,2540.378897028141,0.5048397567023107
387,121370589.67857143,121370589.83461282,0.0344209479867168,2606.7523430103347,0.5817710326684905,175610401.23076922,175610402.96494588,-0.03473906502243973,2574.130123266807,0.5162077389493555,126343615.5270526,126343612.57214527,-0.047001672269615824,2537.864037465502,0.5047628416851463
388,122567723.1904762,122567723.03127739,0.024897003687326502,2610.7798122522377,0.5806452900130304,175620686.58974358,175620688.90029004,-0.03479967224696168,2574.789080742078,0.5159214508220976,126329350.21869089,126329360.22018154,-0.04688356391387072,2538.329173151219,0.5045074491777098
389,121131520.47619048,121131522.3422283,0.036322879607699976,2605.2697059654056,0.5814682791240828,175579416.4871795,175579418.14936352,-0.03455649497781654,2572.1492483371344,0.5155491754217902,126280176.6792786,126280181.23266567,-0.0464760206980217,2535.562703181101,0.5043026995806263
390,120559466.71428572,120559467.66898875,0.04087393278985152,2598.762684543218,0.5811860338625316,175548504.43589744,175548514.4395775,-0.03437440282820692,2567.585018983254,0.5144732970340471,126269462.79152478,126269466.87688434,-0.04638723149695356,2530.4194596428065,0.5025691100640579
391,120465947.82142857,120465948.67592943,0.041617934947099755,2591.439815166451,0.5801992205774518,175498392.1025641,175498388.94116613,-0.03407905124034949,2561.7264368106157,0.5136102561912335,126192345.20620507,126192356.25696711,-0.04574822057776684,2526.485155455596,0.5028004903848068
392,122081572.14285715,122081571.28259489,0.0287646453068251,2590.7523638833136,0.5787180443604969,175473015.87179488,175473001.41323736,-0.03392946177145295,2555.948290794324,0.512393324433502,126172754.62302938,126172762.4442943,-0.045585847868795604,2520.223904403165,0.5011791579532557
393,121193085.76190476,121193086.93346904,0.03583309472876983,2587.946510715144,0.5791068924142627,175487511.92307693,175487516.1301524,-0.03401498600211439,2556.2433622494723,0.5123576048433625,126205700.29764158,126205706.77272487,-0.04585885547287116,2520.0369703466286,0.5007542664633169
394,122081454.75,122081453.98185721,0.028765578507654377,2587.5469757063047,0.5781167667560156,175462935.69230768,175462940.18800566,-0.03387017859338681,2552.430024996782,0.511134270712968,126190760.49867575,126190761.38327454,-0.045735003958507825,2515.8586021574406,0.49946938372749444
395,121065866.23809524,121065864.91502237,0.036845225559923866,2582.6660952681586,0.5781878454503493,175441238.58974358,175441249.4545708,-0.0337423715338101,2551.796707477325,0.5111272049946487,126167056.34228781,126167059.22443691,-0.04553858563997015,2515.4792626956205,0.4997636606015637
396,120801829.16666667,120801828.35859226,0.03894580172258444,2582.7436959346137,0.5785467291290507,175415496.07692307,175415495.0878912,-0.033590620562065965,2551.460200645985,0.5110292168875898,126146518.07895069,126146519.25516888,-0.045368372190044415,2514.862431922977,0.4996201743463611
397,120368589.58333333,120368588.29956545,0.04239249771425191,2576.494771772907,0.5770707295130157,175406349.6153846,175406345.0612204,-0.03353670638680972,2546.501363473061,0.5099302466619098,126139309.18829612,126139311.84109724,-0.04530864479716601,2511.243537655543,0.49928202510820957
398,119514895.5595238,119514897.06228179,0.049184146141862395,2571.106771923247,0.5773783341616203,175388385.58974358,175388374.64438495,-0.03343082033450062,2544.283766850447,0.5097579911024378,126117411.68924202,126117410.19716726,-0.045127147233867904,2508.672258653952,0.49886393238005117
399,120859362.33333333,120859364.73081627,0.038488063848655885,2574.791855329559,0.578242631444625,175380442.69230768,175380445.28989297,-0.03338409865563241,2543.9012813996046,0.5103896897605531,126115362.02144028,126115365.61302902,-0.045110203892069656,2507.629556060033,0.4989412932531688
400,121951504.4404762,121951507.19915888,0.029799386544848705,2570.4753685068517,0.5772742715895918,175337286.4871795,175337299.44247395,-0.03312987286340019,2535.889752638646,0.5084427208611594,126084783.35527809,126084780.39907093,-0.0448567461231415,2499.258119415464,0.4964794185074597
401,121063923.10714285,121063924.22651485,0.03686066495238216,2566.9619153823173,0.5771397788958089,175340391.82051283,175340393.2358193,-0.03314810224377562,2536.3238788384656,0.5091538810887833,126073001.67789128,126073006.14292319,-0.04475917359354997,2500.291864597928,0.4978875099690907
402,120876227.42857143,120876227.82542706,0.0383539073702992,2560.6265185276666,0.5778787403733382,175254190.58974358,175254196.38328585,-0.03264020949316149,2529.681916518089,0.5084663473971793,125984800.96355152,125984800.0567825,-0.044028215234725554,2493.3808230187074,0.49686074237197203
403,120936611.53571428,120936614.76331611,0.037873491461302145,2558.3581459323564,0.5769219048696881,175226964.43589744,175226976.35108343,-0.032479822464856145,2527.4331769882106,0.507740023767233,125944210.63337117,125944212.22385049,-0.04369186638345823,2491.57040157792,0.49679400049502526
404,120496379.25,120496380.00760959,0.041375834645574705,2560.137554767586,0.5767569116247161,175262903.5128205,175262917.55300853,-0.03269159673931754,2529.1200414865443,0.5076710582101429,125986564.07995965,125986571.08134381,-0.044042891605296175,2493.706219841905,0.4967977874189338
405,119378100.0,119378101.44205981,0.05027244097072914,2549.835010781175,0.5767443294794603,175204245.41025642,175204232.088595,-0.032345807756703815,2522.8065328047824,0.5072884299078625,125952468.86669189,125952467.34254362,-0.043760276039479074,2488.097864881081,0.4966996693445922
406,120479041.20238096,120479045.01819675,0.041513745342612096,2555.445130864779,0.5772249497385531,175188980.07692307,175188976.03671443,-0.03225591540071404,2525.3850467388447,0.5078753064870616,125928266.80565014,125928264.58306909,-0.04355970927454744,2490.85141398035,0.49738701501977295
407,121438882.53571428,121438883.57195623,0.033877628536326476,2554.7913524678775,0.5776399475614445,175162679.66666666,175162686.2440104,-0.032101009569038164,2521.37721540989,0.507427331731771,125901160.30949679,125901167.37788527,-0.0433351564177491,2486.393374337812,0.49691310161108865
408,121556593.33333333,121556592.42899665,0.03294118086189779,2554.967693127337,0.5774025778711543,175160916.87179488,175160913.32056358,-0.03209056307430469,2520.54118341666,0.5065530152954812,125902894.914365,125902898.37563677,-0.043349501088632225,2485.319138922266,0.49587222217902444
409,120018485.32142857,120018485.34551789,0.045177785970137885,2547.8642115337507,0.578408613080533,175119153.87179488,175119147.35506198,-0.03184446788083539,2518.5130212857175,0.507275339856018,125844634.16546853,125844634.69286518,-0.04286667356729934,2482.4234628993695,0.4956819249965303
410,119570002.36904761,119570003.29289863,0.04874574156632616,2540.455397941172,0.578252991347475,175061957.64102563,175061957.10633436,-0.0315074890715068,2512.6693075253415,0.5073094612777762,125793594.58973388,125793590.31016763,-0.04244367193740861,2477.2546157019033,0.4962098614773709
411,119693983.90476191,119693982.13025717,0.047759412271811685,2536.413640106008,0.5792488077911255,175061529.94871795,175061546.16488257,-0.031505067704854284,2509.519291743254,0.5081831638126872,125769726.26964308,125769726.48652716,-0.04224591391268806,2474.7253399186334,0.49755617765503896
412,119650033.20238096,119650036.22206849,0.04810902949313789,2536.9850060343742,0.5793643810470097,175051027.58974358,175051023.14591596,-0.031443063526156,2509.217484755394,0.5077339932648891,125754961.36915122,125754955.04060124,-0.042123503857510736,2474.4535421774867,0.49711285944344996
413,119076336.13095239,119076329.84756772,0.0526732229932213,2535.0936370889344,0.5794555261776498,175050046.6153846,175050060.34233323,-0.0314373904540477,2510.7904662780275,0.5080843766807686,125761598.33068483,125761593.47707677,-0.04217851616837964,2475.962593424048,0.4975236424291472
414,120443773.0,120443774.9369262,0.04179434092745715,2533.489543789909,0.5797648614728063,175004309.5128205,175004304.88827357,-0.0311677882268786,2503.5432785902267,0.5075239332901246,125721241.29928112,125721239.71253,-0.04184410702728658,2468.5067529022836,0.49667116142655954
415,121177447.40476191,121177451.09459543,0.03595748761915285,2534.013170942664,0.5799261133518541,174976058.53846154,174976059.31691104,-0.031001358473235152,2501.5333341268392,0.5074450136486444,125696046.110985,125696061.30301811,-0.04163545511107691,2466.74599276372,0.49675722602411715
416,119653043.3095238,119653041.51616894,0.04808512049646507,2527.933349376633,0.5802872002689218,174962424.2820513,174962409.94944137,-0.0309209330912803,2501.142899586604,0.5075216805560478,125675404.05120444,125675405.2642698,-0.0414642798005751,2466.66149639082,0.49694337532356236
417,115500664.15476191,115500664.83787714,0.0811198774510995,2515.094670527038,0.5806317240959944,174977687.7179487,174977691.71540776,-0.031010976960897274,2504.6854913112443,0.5078655994784502,125701820.93479632,125701822.26886198,-0.04168319587730651,2470.710141525817,0.49748069073225876
418,118795828.61904761,118795824.06493542,0.054904822164383194,2525.8891696078435,0.5812245229977868,174975222.2820513,174975225.84177002,-0.03099644743565677,2502.54532899612,0.5078349542824182,125682086.40711313,125682079.68707645,-0.04151959032793573,2467.35912650247,0.49695543432992956
419,120190529.48809524,120190529.78562038,0.043809064704099066,2525.2484583287014,0.5821316341273297,174930783.92307693,174930784.66326243,-0.03073458923864192,2496.894538726562,0.5081263288222392,125638829.34140497,125638827.24281153,-0.041161160008007514,2461.9994207087043,0.49739708728332377
420,119780893.03571428,119780893.51763058,0.04706797775589211,2518.6165886294275,0.5831761994487853,174872937.43589744,174872930.09633097,-0.030393696105415202,2490.6014717664475,0.5089070661659565,125595158.50044142,125595164.8340599,-0.04079933233783395,2455.6714415803413,0.497875195887419
421,120267895.21428572,120267896.98833573,0.043193560154301536,2523.9813775448574,0.5819542629033082,174864699.94871795,174864695.3483248,-0.030345174973928968,2493.369291776266,0.5083870836952026,125571329.7936688,125571329.43131416,-0.04060180983530337,2458.2837585225984,0.49750246287783073
422,119689581.09523809,119689581.27049476,0.04779442386731625,2524.2487362311,0.5821618946075133,174875416.1025641,174875401.7691759,-0.030408259800990267,2495.3843894738416,0.5083315002015655,125596342.22096103,125596337.51375823,-0.04080905026167825,2460.770644146672,0.49790286231370423
423,119286194.08333333,119286196.47867295,0.051003602511126345,2513.893968653111,0.5827770487744661,174829950.92307693,174829946.669314,-0.030140427333565256,2487.598991045585,0.508860894453561,125557668.1339387,125557661.51977505,-0.04048854470106722,2453.6713637410803,0.4987949804635465
424,118518583.96428572,118518580.37592883,0.0571104693378246,2510.442790488402,0.584169109896042,174819375.2051282,174819372.6018705,-0.03007812236486629,2485.545221988971,0.5093006484629358,125561296.71560095,125561293.57310776,-0.04051864330150856,2451.6200653126207,0.4990425721520526
425,118776707.21428572,118776706.20585532,0.05505691670616819,2507.5704538368045,0.5841294700080939,174784196.15384614,174784199.8501633,-0.029870875985373413,2483.044181774824,0.509042702232379,125535675.04174548,125535678.09930919,-0.04030636946069377,2449.644966901995,0.4992498173195758
426,119361062.61904761,119361063.40596402,0.05040798921815848,2507.491702851795,0.5850825005792176,174786553.23076922,174786557.7827534,-0.02988476949579444,2481.067209054262,0.5098172850417887,125541423.146929,125541418.58203085,-0.040353940484561646,2447.4630452720285,0.4997548565539957
427,119623487.13095239,119623483.53592317,0.048320272740382086,2506.903405368328,0.585667160959157,174757488.35897437,174757486.31441703,-0.02971347335697061,2480.8228177474093,0.510030380137431,125501148.47420861,125501141.70510949,-0.040020168506446074,2447.142190860821,0.49994319707054136
428,118862339.82142857,118862340.87284057,0.054375639300498824,2498.989065957211,0.5865727805495357,174688838.82051283,174688840.05086246,-0.029308992931161626,2475.122012254519,0.5103677899698168,125438005.41884223,125438011.96267916,-0.0394970162508721,2441.7126783529015,0.5006176272548607
429,119063932.77380952,119063930.4222733,0.052771868186736626,2502.505889452639,0.5856745565503683,174704483.84615386,174704492.52645907,-0.02940122111178578,2477.667336647327,0.5097672962050886,125457021.58153613,125457013.35698646,-0.03965447962563373,2444.147407322938,0.4999585158355957
430,119034428.16666667,119034428.80305173,0.053006572043409306,2497.8041688257917,0.5873680654497475,174658664.2051282,174658670.79259214,-0.029131228347925253,2473.4448827474544,0.5112418485538617,125413587.42741834,125413576.43266027,-0.039294520530892774,2439.9473632011936,0.5011732518730307
431,118034938.83333333,118034941.31632553,0.06095812094209474,2492.49202105261,0.5880153576280341,174670101.15384614,174670118.94644225,-0.02919868364562439,2473.315976362962,0.5120978379102642,125437593.19207971,125437592.27913457,-0.039493538359397506,2440.439117150674,0.5023873349152168
432,117999225.15476191,117999223.4847612,0.061242278660936345,2490.9193922167733,0.5894218409617997,174629821.30769232,174629828.76907858,-0.028961284153618427,2471.462413341571,0.5125270182851634,125383335.7465002,125383334.94970232,-0.039043911239419415,2438.1184858576407,0.5027000559099903
433,118069777.98809524,118069773.77116337,0.06068100694959078,2487.208374891962,0.5889063614387344,174567402.76923078,174567387.82562473,-0.0285933669781111,2468.004348773223,0.5115019339140191,125304808.93303065,125304800.07028975,-0.038393097570232015,2434.8285910502586,0.5019447252512091
434,118158447.78571428,118158445.79232858,0.0599755654892381,2486.9602880648204,0.5895772298997424,174569078.12820512,174569072.8541616,-0.02860329557472796,2466.8016081895585,0.5127126491258017,125307890.90225753,125307895.19516355,-0.03841874667787426,2433.6034841336614,0.5029390206801335
435,119126026.0,119126024.81682278,0.052277868390689375,2489.393855761914,0.592242724133082,174568399.1025641,174568398.49478266,-0.028599322085791856,2465.450404448387,0.5149906159322684,125308320.12813722,125308325.8089464,-0.03842231514755445,2431.9215530278116,0.5047040076998635
436,119416850.13095239,119416848.30863056,0.04996418538143976,2488.510013498011,0.5926775825154662,174525819.64102563,174525818.99644807,-0.02834843335965731,2464.0520623341586,0.514837361281163,125253084.63892041,125253087.86899877,-0.03796456176912488,2430.5846479716347,0.5047339151540239
437,118342157.52380952,118342159.65592761,0.05851400665115902,2480.4264927847044,0.5938034154223337,174500536.33333334,174500527.67257676,-0.028199410748388498,2462.0309927524663,0.5162215062913403,125234708.80035314,125234701.75459886,-0.037812197180750795,2428.964712611783,0.5061291793966691
438,117070078.77380952,117070083.51702602,0.06863416899001773,2478.816342075666,0.59232054526542,174481454.74358973,174481449.0887144,-0.02808699510731949,2463.581623951594,0.5137228473669981,125210922.0744104,125210919.07818905,-0.037615111618092056,2429.247135866213,0.5034409259520614
439,117020424.27380952,117020423.85204215,0.06902924272496258,2474.6912889423825,0.594762110424709,174481896.30769232,174481885.17829517,-0.028089564652844512,2459.5956821747313,0.5158111958427678,125230478.5395384,125230483.44873846,-0.037777240342014906,2426.2819838767427,0.5061756752859334
440,117742346.01190476,117742345.04188792,0.06328590754739238,2477.936132438126,0.5947429258637104,174485579.56410256,174485594.85487282,-0.02811142296652469,2459.9756602507373,0.5156627289608973,125226628.48429814,125226632.69316912,-0.03774532936971875,2426.2025674470424,0.5055681440711971
441,116512349.01190476,116512346.70793429,0.07307131459612837,2472.530325197038,0.5948078544612581,174445158.0,174445161.67910147,-0.027873180893235316,2457.9635299230235,0.5152616023378581,125171811.51494513,125171809.31750256,-0.03729101145974445,2424.1154525204524,0.5051620793109936
442,116915290.72619048,116915290.90424928,0.06986564116550342,2471.307927723442,0.5961814354339875,174428105.07692307,174428112.41802257,-0.02777272251394658,2456.7432537445657,0.5171807225455984,125159078.83011729,125159068.60701503,-0.037185429983049634,2422.884144812247,0.5071738576908597
443,116853405.09523809,116853406.59347102,0.07035796961358298,2469.944324578558,0.5969189956631258,174415745.12820512,174415743.2874356,-0.027699840598054415,2456.1824745398303,0.5178606227752491,125155908.91133812,125155905.2084073,-0.037159215095213805,2422.1506098712252,0.5072816549753567
444,117864776.58333333,117864776.6503587,0.062311887427651924,2470.091808233942,0.600646036841264,174371136.0,174371126.52748522,-0.027436947832614855,2451.1436788607866,0.5204483608009581,125114684.72745617,125114680.06083292,-0.0368175848570782,2417.5173994534134,0.5103181579587989
445,117128752.16666667,117128755.00435327,0.06816740056456261,2466.3004892113663,0.6008781717632433,174373363.05128205,174373361.59282854,-0.02745011737943326,2451.307798630152,0.5210609195517778,125116768.71156514,125116773.40594415,-0.03683493227803192,2417.7116128433427,0.5106734575297037
446,117990243.47619048,117990241.50428836,0.06131373594067746,2464.233291989281,0.6042302143699361,174294764.66666666,174294766.77728176,-0.0269870176735989,2445.969242499425,0.5237375672197903,125041136.08576113,125041135.50099929,-0.0362081256563751,2412.866881623727,0.5134813348515773
447,116861404.88095239,116861403.4481213,0.07029434962670789,2460.4265314908253,0.6034564847557653,174307613.6153846,174307611.70287916,-0.027062703089032913,2446.769061443133,0.5232200003747919,125029796.90099634,125029800.81867483,-0.03611419584776243,2413.4094635791084,0.5129158552620421
448,119205628.89285715,119205628.48393272,0.05164457136601852,2467.362265899068,0.6064318173091795,174260636.53846154,174260633.24119782,-0.026785894604480776,2443.3504793949614,0.5257764868311563,124986812.50649515,124986817.09314841,-0.035757992383334436,2409.965156223212,0.5153105160252456
449,117921926.17857143,117921923.40110362,0.06185724923659508,2459.332380045028,0.605891220953792,174232491.82051283,174232500.24163935,-0.026620128151195965,2443.3401651199047,0.525864898939724,124936774.62302938,124936773.54037257,-0.03534328456885971,2409.2180938008664,0.5147591904063327
450,115957602.21428572,115957609.51471107,0.07748459637945737,2459.1032284242765,0.6017568428587997,174246052.6153846,174246054.52991557,-0.02669999330349415,2446.2824032918,0.5214523149745022,124961556.65102787,124961559.65427317,-0.03554868555569768,2411.531569470432,0.5100152251893948
451,115766116.88095239,115766113.12031183,0.07900807012396116,2451.52495352711,0.6074107976846226,174166535.7948718,174166546.86557004,-0.026231514871248862,2440.1969055946056,0.5255291815673302,124879719.15727077,124879720.44635859,-0.03487048912139157,2406.3187008300965,0.5146710941941571
452,115148123.3095238,115148125.25005238,0.08392455065465598,2449.3953570666768,0.6057881640575056,174191840.92307693,174191839.6827428,-0.026380546281411732,2441.7220561810027,0.5245210617371684,124901925.70967335,124901931.96575636,-0.035054554603450194,2408.273698891197,0.5142803601049427
453,117353457.45238096,117353458.15338966,0.06637974629076693,2456.8521838840984,0.6095192512778708,174201425.76923078,174201428.7590157,-0.026437047443356176,2440.528307792468,0.5276889199894345,124925988.76453525,124925993.09809794,-0.03525394771312507,2406.8164464936367,0.5166689851380823
454,117711149.6904762,117711148.84687129,0.0635340928157645,2454.909794907662,0.6088895310348421,174158434.76923078,174158431.66177022,-0.02618369812320598,2438.2557212267166,0.5273148846400936,124873680.049691,124873679.01567893,-0.03482042416048281,2404.212566859245,0.5158599917424623
455,118066812.1904762,118066812.68275118,0.060704564262329175,2455.7176485785417,0.611987604681322,174094463.58974358,174094460.76906115,-0.025806766115803015,2435.909304099205,0.5296303665307622,124806366.80438896,124806363.64838934,-0.03426258589160014,2401.946195227394,0.5183086294234927
456,117844819.26190476,117844819.18297148,0.06247066157933556,2452.376506845156,0.6151206535561161,174098005.7948718,174098007.92846593,-0.025827666838903696,2434.2402868759937,0.5318718441723715,124825485.94652541,124825484.19291113,-0.03442103665679075,2400.6286046844457,0.5208951204860732
457,117429457.14285715,117429456.6214143,0.06577513088262155,2450.5209151250974,0.6128918855531745,174050901.33333334,174050896.17950568,-0.02555007299339307,2433.109774271647,0.5296102121522922,124739438.91461723,124739438.26365596,-0.03370797938394521,2399.5956419358895,0.5189972620666866
458,117458849.15476191,117458846.24335106,0.06554131803448937,2446.832419858092,0.6167720450719839,174032556.97435898,174032556.68621698,-0.025442012253151347,2430.8940613514337,0.5341199512616635,124753867.10682306,124753861.00022136,-0.03382749970630461,2397.75656197594,0.5235364900486702
459,115801068.08333333,115801062.77187903,0.07873002375807925,2446.7292073000044,0.6124598265732843,174062828.94871795,174062821.6545577,-0.025620340783324425,2435.053331417915,0.5295214533999453,124757977.78635389,124757982.96815439,-0.033861658198618194,2401.355889098944,0.5186549059389479
460,116810607.22619048,116810610.91706271,0.07069843602074888,2446.1340425014496,0.6228053228925858,174063646.05128205,174063646.71732295,-0.02562520225314535,2431.7208630610735,0.5398041974504861,124808123.63828982,124808120.4029318,-0.03427714400741033,2398.961748561698,0.5288442680423411
461,118758735.11904761,118758735.08805946,0.055199888202876024,2450.3025497709,0.6236007812371765,173993959.23076922,173993955.5576087,-0.025214565045864168,2428.0963118137456,0.5403317963846533,124733179.52024215,124733180.23189647,-0.03365611946333735,2395.0043515010416,0.5289879600671298
462,116313378.64285715,116313377.8598543,0.07465423638938196,2441.9121247984112,0.6192505075420563,173985072.30769232,173985081.06109205,-0.025162274361069104,2428.6265873297666,0.5366391732020644,124716917.93113886,124716916.15198885,-0.03352134004303631,2395.2736749513133,0.5254301549510945
463,115689747.35714285,115689747.9908436,0.07961560255351674,2437.464550302142,0.6215350048554339,173944370.17948717,173944357.91586974,-0.024922323717481598,2426.838759318376,0.5384933536415593,124649031.96872242,124649035.0526328,-0.03295881358764707,2392.988257109976,0.5271815445996676
464,117523966.4404762,117523969.83932304,0.06502321904405006,2442.25098492418,0.6266658787504348,173906973.94871795,173906984.3833466,-0.02470210980391685,2423.8830968416655,0.5432340717155659,124607489.0104679,124607489.29582888,-0.03261452648073404,2390.846998403556,0.5318229184228074
465,117117169.42857143,117117167.94561999,0.06825958287332912,2439.370454813753,0.6297664183528598,173879281.41025642,173879277.25578263,-0.024538852691661894,2423.2207807638706,0.5458686561068299,124579150.55542943,124579152.57553764,-0.03237970183920624,2390.560460568256,0.5346494934654183
466,115161589.17857143,115161590.86676373,0.08381742324070318,2431.1083697733425,0.6289453572380926,173887354.25641027,173887354.13369256,-0.02458644361427087,2423.1254699413594,0.5456977078038151,124617844.1626939,124617851.92060968,-0.032700400908840965,2390.589257707811,0.534488425931284
467,116831963.09523809,116831963.31963457,0.07052856428607546,2436.367243474438,0.6317550323777444,173866683.5128205,173866690.64848706,-0.024464689350282676,2422.114534977155,0.5475373852543247,124584007.81334342,124584009.51052068,-0.03241995095782668,2389.2924006126887,0.5365475534904013
468,115001708.97619048,115001706.52220729,0.08508940333125836,2426.829664664609,0.6319933531226996,173813682.33333334,173813678.3166089,-0.024152327839824794,2419.5597032950473,0.5474296639865637,124500896.19044016,124500904.66900508,-0.03173126629645662,2386.258327507705,0.5361951794065475
469,114532906.41666667,114532910.76875928,0.08881896713925341,2426.128769482885,0.6310385071492719,173849457.74358973,173849457.133266,-0.024363145300922318,2421.4629279283376,0.545821889737221,124546334.86391726,124546329.90354554,-0.03210770239448202,2388.9409850004236,0.5351670397306992
470,116847963.20238096,116847964.93679444,0.07040126140035208,2432.886170387268,0.6368718103306489,173791604.8974359,173791600.41585243,-0.024022239496533482,2418.8444072160964,0.5513260835023989,124504676.32412663,124504666.92933878,-0.03176244391423011,2386.661139063042,0.5409247185796773
471,116953541.75,116953541.53754804,0.06956133342266513,2431.724454235463,0.6386328251094646,173747325.8974359,173747320.20656815,-0.023761329769204087,2416.4588103783435,0.5518165663650755,124478679.45163324,124478673.42348057,-0.03154703734521047,2384.2318070433694,0.5410732870525626
472,117366560.21428572,117366564.08352482,0.06627548040878595,2433.665827523917,0.6399396051130811,173744959.2051282,173744960.62003273,-0.023747426513335945,2416.5950149756213,0.5532467861879928,124460269.77475092,124460271.54966733,-0.031394542159556726,2383.9291612382403,0.5420770612858796
473,116886524.34523809,116886523.90849169,0.07009450063245293,2431.3718860284202,0.6434470861673088,173728037.56410256,173728044.28272122,-0.023647751353107482,2415.803328012809,0.5556974786669827,124455459.3043259,124455466.93616553,-0.03135472662580252,2383.882100723388,0.545401149884676
474,116417931.9404762,116417925.59663934,0.07382249366890414,2428.90748158523,0.6403394855064064,173721905.1025641,173721904.7616041,-0.023611575806367968,2416.533644052652,0.5531498134365843,124428751.07226637,124428749.57446107,-0.031133321508332035,2384.448102320078,0.5426533498456381
475,116659349.91666667,116659345.69808106,0.0719018455695194,2429.9107742934,0.6427972267929404,173718616.84615386,173718628.86206645,-0.023592273412161857,2415.884601434072,0.5552405493242156,124427702.17177449,124427706.25720575,-0.031124675603020346,2383.0543877818964,0.5441572657698045
476,113178036.38095239,113178039.1049392,0.09959781973059145,2413.2530149278186,0.6413369459565876,173630876.97435898,173630874.75166225,-0.02307520492066928,2412.3261601741497,0.5538378760640746,124339534.67045024,124339538.89472215,-0.030394038144737845,2380.6192879284117,0.5433738145164794
477,115052112.39285715,115052108.4033695,0.0846884248017925,2419.2285270066486,0.6509505802752626,173606675.33333334,173606672.70210397,-0.022932600577710405,2411.2047996154197,0.5627728840293471,124346953.77348973,124346953.97299227,-0.030455486437934276,2379.371028042333,0.5521339234070364
478,115456145.63095239,115456143.50286977,0.08147407255313677,2423.923803029316,0.6510867684361091,173638989.69230768,173639002.7756122,-0.02312309720814465,2412.396586026901,0.5629758065775738,124361038.01967461,124361034.13492213,-0.030572167865560607,2380.265566851486,0.5521870975342371
479,116005559.65476191,116005560.5715172,0.07710311569260397,2423.898934812063,0.6486203751778767,173617726.6153846,173617724.67980888,-0.02299772150952273,2411.123020979074,0.5594103391135732,124343720.60713835,124343721.27407882,-0.03042869726276809,2378.643140027165,0.548325270569963
480,114401705.13095239,114401705.89804757,0.08986278405448778,2415.251349290212,0.6506750173115877,173570690.69230768,173570683.44968456,-0.02272054317808836,2409.3208119930364,0.5621778950860837,124322422.58544584,124322422.38172585,-0.030252194664361465,2377.1489401297845,0.5512511487108325
481,114905093.25,114905098.67020485,0.0858579792958365,2414.3880811929703,0.6554495842336387,173516346.41025642,173516342.7723565,-0.022400354734227745,2406.3859301958328,0.5653083981509538,124281421.96872242,124281431.06497972,-0.029912502167780186,2374.761828996627,0.5545207371798856
482,114131872.54761904,114131879.28264077,0.09200942376240606,2410.394612000102,0.6581485772267675,173498536.94871795,173498544.31100592,-0.022295481885319823,2405.6244724469307,0.5676634898564163,124290157.86656576,124290163.38913734,-0.02998486639585396,2374.001492509326,0.5569597906677698
483,114976853.02380952,114976848.36966397,0.08528716550247539,2417.0792568922043,0.6561901498373709,173533224.76923078,173533229.5731517,-0.02249985585814196,2408.2005622448064,0.5663375906898717,124277743.39487955,124277742.45687789,-0.029881934901478946,2375.8295577135013,0.5554247474041107
484,115607433.89285715,115607433.7574775,0.08027046383028169,2417.3513741039096,0.6623033386898305,173461858.07692307,173461857.5400326,-0.02207931453728884,2405.568170021742,0.57190515471147,124198644.066591,124198650.89181212,-0.029226508012849983,2372.868248367839,0.560410692378131
485,116522424.97619048,116522430.18940441,0.0729910941861246,2421.7458926325753,0.6607061306078827,173485548.07692307,173485545.17176914,-0.022218887805738996,2406.998061143435,0.5697682702682508,124202748.92773363,124202740.72764088,-0.02926040022841092,2374.0595507757075,0.5579609666556421
486,114645631.25,114645632.70896912,0.08792219351133224,2412.187793476241,0.6611079722820254,173449908.5128205,173449907.22421607,-0.022008900379551166,2405.4047540762485,0.5705016217787884,124197008.4984235,124197016.91827548,-0.029212967375611187,2373.0588248199106,0.5595735517566267
487,115992090.04761904,115992090.37595804,0.07721027953415882,2417.020812747024,0.669465380230015,173412281.02564102,173412291.48435375,-0.021787259321629282,2403.9674283296636,0.5774991188058677,124166376.26031025,124166379.33704971,-0.028959075642387422,2371.8872183007,0.566450757989813
488,115537009.22619048,115537008.70670323,0.08083073921377681,2413.3267552299158,0.6647979249504071,173382323.6153846,173382332.59901172,-0.021610734306684032,2402.5065759512095,0.5740143522649458,124127925.09698574,124127925.31493323,-0.028640409548852608,2370.4699342929484,0.5631998737189658
489,116782036.8095238,116782039.12900417,0.07092574248820116,2420.413102850318,0.6714457277191344,173400652.66666666,173400646.8889248,-0.021718646542526976,2404.3831630731243,0.5799067857318516,124136644.6636398,124136650.9113494,-0.028712718024550776,2372.115308057497,0.5684977359777931
490,116698378.88095239,116698378.05366684,0.0715913187363244,2419.2780321155274,0.6701028547149643,173372897.6153846,173372881.98216856,-0.02155504898126437,2403.5942250520757,0.5787111229008792,124113483.7106823,124113485.17606613,-0.02852074501469959,2371.262013172078,0.5674161518180976
491,112084174.40476191,112084172.81503555,0.10830021111448207,2399.751287864787,0.6699519878780645,173327866.3846154,173327871.03934702,-0.021289833594791974,2402.498959443508,0.5787515309948699,124049138.96229033,124049148.27731119,-0.02798758912961996,2370.510164720562,0.5678838054150174
492,114490957.8095238,114490954.34368251,0.08915275677648504,2408.8750317068325,0.6708316367539812,173358991.12820512,173358981.62133488,-0.021473144685563827,2403.2977837049043,0.5797213027071925,124101132.62000252,124101137.1529634,-0.028418417713979016,2371.630790957738,0.5689152662507828
493,114649688.46428572,114649691.19159669,0.08788990574035349,2409.360907605716,0.6691652579289635,173337193.35897437,173337184.092684,-0.021344708362685427,2403.4295015579614,0.5788743164823754,124070536.39021315,124070541.40797032,-0.028164872675018104,2371.5885327219257,0.5682717697577045
494,113617526.26190476,113617529.21427843,0.096101400674515,2402.339161498206,0.671935555755645,173251697.84615386,173251682.2828354,-0.020840910972059756,2400.6882811326245,0.5813442388441018,123968728.89796948,123968733.88889909,-0.02732120008605876,2368.979394241816,0.5705507104704702
495,113949108.28571428,113949106.80230309,0.09346349330708792,2404.494755960646,0.6797124925532827,173230225.74358973,173230237.20368928,-0.020714551367102763,2400.5308039738584,0.5886500294439492,123963399.2808677,123963398.29212089,-0.02727698432686365,2369.140879286209,0.5783003979205037
496,113538243.4404762,113538244.19357836,0.09673216266743889,2403.390703706514,0.682803009982797,173233822.43589744,173233812.87930748,-0.020735620114645803,2400.750769358415,0.5913698902572204,123973033.23470804,123973031.40477324,-0.027356813333260233,2369.419305134337,0.5807203904553053
497,112339811.89285715,112339814.43945119,0.10626642189342983,2396.2029569305123,0.6821825445052971,173189025.2051282,173189019.54212326,-0.02047168691333945,2398.5267342787524,0.5910394082037822,123939043.15500063,123939050.51919723,-0.02707521584448358,2367.6712232809346,0.5806388641348313
498,115674987.02380952,115674987.48241447,0.07973303164202683,2410.6257180316106,0.6928480244848156,173186596.35897437,173186588.5717623,-0.020457363046666677,2400.7530839015276,0.6008235155917115,123934826.15209989,123934830.10596406,-0.027040241542080512,2369.504286039701,0.589827433278924
499,114070775.89285715,114070777.40430753,0.09249552747037715,2403.0624826011203,0.6857209436113988,173202260.56410256,173202278.18776974,-0.020549810067595153,2399.704748227046,0.5936219953992212,123931788.00403582,123931790.37658456,-0.02701505149345995,2368.1235548316013,0.5828502304935564
500,112049247.14285715,112049249.08433378,0.10857805126364617,2395.7195207654013,0.6884980783549565,173202058.2820513,173202061.82029253,-0.020548535177968397,2400.2410621887598,0.5959405738961873,123936585.28263336,123936589.67173883,-0.027054822954398317,2368.9246130298734,0.5850618953183616
