global_round,train_loss,train_accuracy,train_f1_macro,train_f1_micro,train_f1_weighted,dev_loss,dev_accuracy,dev_f1_macro,dev_f1_micro,dev_f1_weighted,test_loss,test_accuracy,test_f1_macro,test_f1_micro,test_f1_weighted
1,0.8656910378592355,0.6192857142857143,0.4832978764479104,0.6192857142857143,0.605721594513824,0.875273092796928,0.6186266447368421,0.4688157419077969,0.6186266447368421,0.6038079819202866,1.0093378856941386,0.5992616369629011,0.2423501540735201,0.5992616369629011,0.5713544052719177
2,0.8306668404170445,0.6348325892857143,0.5552064691742877,0.6348325892857143,0.6313094200549554,0.8433133206869426,0.629625822368421,0.5434877351765405,0.629625822368421,0.6248880795878465,1.093695529224132,0.5193841811312961,0.2186107924350707,0.5193841811312961,0.5164453801533537
3,0.803062288420541,0.6483147321428572,0.558473692909267,0.6483147321428572,0.6436460698905934,0.8180088024390372,0.6408305921052632,0.5461437652149556,0.6408305921052632,0.635402417274317,1.0854693455196425,0.5532645456657745,0.22907535328493117,0.5532645456657745,0.5416947567699862
4,0.7726922416687012,0.6658035714285714,0.5840786750011155,0.6658035714285714,0.660822888805117,0.7927535050793698,0.6533717105263158,0.5626204893781888,0.6533717105263158,0.6473632490247819,1.0862427024672328,0.5807939554056264,0.2361490771046376,0.5807939554056264,0.555148379373135
5,0.7446146379198347,0.679765625,0.5996577192440495,0.679765625,0.676571937165578,0.7678696826884621,0.669921875,0.5860170383071072,0.669921875,0.6661700842770932,1.0711490666580188,0.6145538411228626,0.2547611974251995,0.6145538411228626,0.5829507338373671
6,0.7147900775500706,0.6943303571428572,0.6135709094556241,0.6943303571428572,0.6908240398720844,0.7376447069017511,0.6821546052631579,0.5926983469517936,0.6821546052631579,0.6777863990148218,1.0443987961569567,0.6277290603512818,0.23056624356372551,0.6277290603512818,0.5871554647770657
7,0.6816578756059919,0.7067522321428571,0.6241235464567555,0.7067522321428571,0.7033176758175018,0.7079653520333139,0.6902754934210527,0.5910913663105728,0.6902754934210527,0.6856341473076988,1.0402248590777088,0.6317651007288968,0.21987626856868012,0.6317651007288968,0.5870417149546723
8,0.6615864372253418,0.7155580357142857,0.6313981061800006,0.7155580357142857,0.7124044345273616,0.689372574028216,0.700452302631579,0.6071053209684633,0.700452302631579,0.6965280467242785,1.0813616093434677,0.6301988761047477,0.21908750261029392,0.6301988761047477,0.5843909810325872
9,0.6473706323759897,0.7228794642857143,0.6421913791810742,0.7228794642857143,0.7193461603107992,0.6756100340893394,0.7080592105263158,0.6146468580170433,0.7080592105263158,0.7037023322304364,1.1033669093908325,0.630835692710171,0.21882761245197052,0.630835692710171,0.5842855188174679
10,0.6306245582444328,0.7296651785714285,0.6539669824657842,0.7296651785714285,0.726453088296241,0.6592953612929896,0.7130962171052632,0.6275721864154943,0.7130962171052632,0.7089173928369759,1.1005324518024118,0.6256809204581637,0.214790218460474,0.6256809204581637,0.578284990157669
11,0.6186539098194668,0.7352008928571429,0.6627748548839002,0.7352008928571429,0.7324998851993926,0.6525161674148158,0.7164884868421053,0.6320107795761052,0.7164884868421053,0.7130510778332738,1.119012509873856,0.617789557928797,0.21268595495679074,0.617789557928797,0.5703922390435223
12,0.6106368640490941,0.7371763392857142,0.6702210971468826,0.7371763392857142,0.7349953918353552,0.6453276590297097,0.7227590460526315,0.6485518733858149,0.7227590460526315,0.7197584982642105,1.1461612776522085,0.6188910785435832,0.21244258380261932,0.6188910785435832,0.5708387013707895
13,0.5995307374000549,0.7433705357142857,0.6717183560540366,0.7433705357142857,0.7409791994930826,0.6348946439592462,0.7239925986842105,0.6428743417122194,0.7239925986842105,0.7209101557952916,1.1124059545250355,0.6185296420918565,0.2138765141674273,0.6185296420918565,0.571776672057501
14,0.5835322201251983,0.7490625,0.67870023882954,0.7490625,0.7461782742341636,0.6212958818987796,0.7310855263157895,0.6511459187770228,0.7310855263157895,0.7274092087501849,1.1511510648753105,0.6161544882662238,0.20582131923251398,0.6161544882662238,0.5659167966710368
15,0.5798395305020468,0.7511607142857143,0.6803024968089579,0.7511607142857143,0.7488074192003441,0.6198182200130663,0.7333470394736842,0.6470618453503392,0.7333470394736842,0.7298970445385354,1.1079127684099772,0.6188394447647652,0.2047416193483102,0.6188394447647652,0.568528854849047
16,0.5689335233824594,0.7574107142857143,0.6958707479516075,0.7574107142857143,0.7557481992965198,0.6096526572578832,0.737047697368421,0.6599705097588474,0.737047697368421,0.7347407017365477,1.1807345814490817,0.6103026600001721,0.20008872552509357,0.6103026600001721,0.5580562671281155
17,0.5562456607818603,0.7625223214285715,0.6981544249238798,0.7625223214285715,0.7604272671694199,0.6016644270796525,0.7396175986842105,0.6631702073651746,0.7396175986842105,0.7367171332654285,1.1907047782452245,0.6170494737657376,0.19512740207344617,0.6170494737657376,0.5629775422168859
18,0.5493631485530308,0.76546875,0.7049148755594591,0.76546875,0.7632249467278532,0.5923881279794794,0.7474300986842105,0.6698528964171181,0.7474300986842105,0.7445190252560192,1.198226998259863,0.6135900105849247,0.1970196785232474,0.6135900105849247,0.5601639590526019
19,0.5419091987609863,0.7686941964285714,0.7080675634942144,0.7686941964285714,0.7668809002599746,0.5871257311419437,0.7514391447368421,0.6737827295343054,0.7514391447368421,0.7486865630733954,1.2046511208466444,0.6221267953495176,0.19523948549917813,0.6221267953495176,0.5709492600160767
20,0.5346556518759046,0.7726227678571429,0.7192377159111768,0.7726227678571429,0.7713014703141959,0.5816775278041237,0.7523643092105263,0.6873883744934016,0.7523643092105263,0.750352712518655,1.22710943676199,0.6193815994423552,0.19471150884449603,0.6193815994423552,0.5660507403005823
21,0.5301100134849548,0.7737053571428572,0.7185428042631532,0.7737053571428572,0.7722855512594148,0.5787361766162672,0.7530838815789473,0.6852822969546092,0.7530838815789473,0.7511362123351814,1.1901776615102624,0.6236069636756366,0.19391813595122445,0.6236069636756366,0.5705883818046731
22,0.5209963638441903,0.7786830357142858,0.7233283382099417,0.7786830357142858,0.7774821257761716,0.5706799249900015,0.7601768092105263,0.6922150233356742,0.7601768092105263,0.7588482672284224,1.2339795701324412,0.6142354328201509,0.19099440016342722,0.6142354328201509,0.559575677968124
23,0.5176682802609035,0.7793191964285714,0.7269459240894135,0.7793191964285714,0.7782993245180198,0.5707827586876718,0.7571957236842105,0.6964313807715893,0.7571957236842105,0.7558452177935994,1.2460654319467799,0.6191578530674767,0.19399548977135944,0.6191578530674767,0.5661896045533061
24,0.5108464651448386,0.7836607142857143,0.7333279607598896,0.7836607142857143,0.7823450606817378,0.5642671083149157,0.7618215460526315,0.6935667139426686,0.7618215460526315,0.7599779210756236,1.2491055244301916,0.6189168954329922,0.19412389161308172,0.6189168954329922,0.5654076857488467
25,0.5065533775942667,0.7832700892857143,0.7356910481622974,0.7832700892857143,0.7822094985556081,0.559285747377496,0.7631578947368421,0.7052181261459626,0.7631578947368421,0.7617554155419995,1.3344182019742412,0.6188136278753561,0.19536133415128054,0.6188136278753561,0.5663121507175992
26,0.5002359332357134,0.7883482142857143,0.7391644963077102,0.7883482142857143,0.787453834978945,0.5560645931645444,0.765625,0.7041841062595987,0.765625,0.7643575755839012,1.2797346834576164,0.6238909494591361,0.19381491877041307,0.6238909494591361,0.5699343701617056
27,0.49144017151423863,0.7909263392857143,0.7452035940597536,0.7909263392857143,0.7901179924845938,0.5493081133616599,0.76953125,0.709998052937187,0.76953125,0.7683191218798618,1.295107002344597,0.6241491183532267,0.19271070042715385,0.6241491183532267,0.5703109004352894
28,0.4870294579437801,0.7932366071428572,0.7491636530132315,0.7932366071428572,0.792382895863564,0.5461625315641102,0.7685032894736842,0.7048112092170322,0.7685032894736842,0.7672917906027613,1.281624266143391,0.6199925991583694,0.1910490871340737,0.6199925991583694,0.5645999923619268
29,0.4835919201374054,0.7947209821428571,0.7507979595150055,0.7947209821428571,0.7940309905796281,0.5417893874017816,0.7713815789473685,0.7136688851700954,0.7713815789473685,0.7703694997107963,1.2978817972095806,0.6207240776916259,0.19235981889954065,0.6207240776916259,0.5662633134745043
30,0.474812787600926,0.7991852678571428,0.7511414738131219,0.7991852678571428,0.7983752155541971,0.5378234182533465,0.7710731907894737,0.7047456388588486,0.7710731907894737,0.7697624000947171,1.3261727520817606,0.6183317126063871,0.19106433757757466,0.6183317126063871,0.5647329486253028
31,0.474807493516377,0.8002678571428572,0.7545731424126414,0.8002678571428572,0.7996185225199145,0.5371416148386503,0.7729235197368421,0.7164386406788694,0.7729235197368421,0.7720656434481994,1.270332386320044,0.6246396392519986,0.19831833866886842,0.6246396392519986,0.5726391031998752
32,0.46813119649887086,0.8028125,0.7602564120741194,0.8028125,0.8022404245692604,0.5330336140958887,0.7767269736842105,0.722139739733926,0.7767269736842105,0.7759286331761475,1.3314959079276718,0.6223333304647901,0.19545224788727927,0.6223333304647901,0.5694614046199655
33,0.46614009141921997,0.8030133928571429,0.7631934232868914,0.8030133928571429,0.802386408396915,0.5325161202957756,0.7736430921052632,0.7155529569213098,0.7736430921052632,0.7727165175987668,1.3095810147752331,0.6185296420918565,0.19327994360167272,0.6185296420918565,0.5630026558239918
34,0.45916981850351607,0.8067857142857143,0.7638977818753689,0.8067857142857143,0.8059919668736989,0.5254068845196774,0.779296875,0.7264431189203134,0.779296875,0.7783321982292936,1.3004523712545424,0.6127982926430471,0.19129756577401882,0.6127982926430471,0.5584787486452604
35,0.4583752131462097,0.8069866071428572,0.7675662614971116,0.8069866071428572,0.8065910069197534,0.5265965006853405,0.7771381578947368,0.7220607037223955,0.7771381578947368,0.7765153696881976,1.3374382158957412,0.6246310336221956,0.19561156191753962,0.6246310336221956,0.5720210374135899
36,0.4519351361479078,0.8103125,0.7673301126623501,0.8103125,0.8096910789092382,0.5200099364707345,0.779296875,0.7188317662684369,0.779296875,0.778243070047533,1.3281431482727513,0.6274106520485702,0.19847123996952767,0.6274106520485702,0.5752992132633531
37,0.4481600526400975,0.8125446428571429,0.7714678078210208,0.8125446428571429,0.8119482880726022,0.5166246561627639,0.7807360197368421,0.7249881065429491,0.7807360197368421,0.7797403013930087,1.3466758068535902,0.626791046702753,0.1972481192751793,0.626791046702753,0.5743265666263041
38,0.4465838600908007,0.8120982142857143,0.7729251165576583,0.8120982142857143,0.8114855286032847,0.5175218033163171,0.7809416118421053,0.7252922332517417,0.7809416118421053,0.779978489935394,1.4205731840113889,0.6208531621386711,0.19798352541353376,0.6208531621386711,0.568061148610818
39,0.4403778961726597,0.8149441964285714,0.7769324241055922,0.8149441964285714,0.8144384219836963,0.5089200750777596,0.7856702302631579,0.7309242824761067,0.7856702302631579,0.7847223739966777,1.4418151104190577,0.6237532593822879,0.19400713808359565,0.6237532593822879,0.5695061993028431
40,0.4405291739531926,0.8151227678571429,0.7719151215885535,0.8151227678571429,0.8140714479939264,0.5107968716244948,0.7828947368421053,0.7220921759697905,0.7828947368421053,0.7813932022279915,1.4052676486996487,0.6199667822689604,0.1957249967307799,0.6199667822689604,0.5646897144113273
41,0.4333827887262617,0.8202455357142857,0.7844835498769003,0.8202455357142857,0.8196033390373625,0.5079276467624464,0.7849506578947368,0.7353799622901125,0.7849506578947368,0.7841154717715723,1.3830819606912317,0.6240114282763785,0.19680308362435803,0.6240114282763785,0.5698630148312824
42,0.42897118977137977,0.8216517857142858,0.7857623669715466,0.8216517857142858,0.8211607497119686,0.5051319630522477,0.7843338815789473,0.7286539346731667,0.7843338815789473,0.7836057945627932,1.4423264485663727,0.6247429068096348,0.19650241496819332,0.6247429068096348,0.5700639433265182
43,0.4246228769847325,0.8249665178571428,0.7882046233770491,0.8249665178571428,0.824476510547239,0.5003718247539118,0.790296052631579,0.7372277706975991,0.790296052631579,0.7897596478679818,1.4286826699206596,0.6221009784601086,0.19671609754369976,0.6221009784601086,0.5677939153014593
44,0.42225490961756024,0.8239508928571428,0.7892133095081395,0.8239508928571428,0.8233268520866877,0.49626155276047557,0.7911184210526315,0.7392414822691177,0.7911184210526315,0.7902547312165691,1.4282658540811586,0.6222644854263659,0.194860085172378,0.6222644854263659,0.567976584005879
45,0.41810194083622526,0.8262276785714285,0.7912191103119637,0.8262276785714285,0.8257435024756242,0.49292374755206864,0.7928659539473685,0.741952556632415,0.7928659539473685,0.7922023442112125,1.4903113541399515,0.618280078827569,0.1932942835476837,0.618280078827569,0.5624518009530238
46,0.4184088914734977,0.8274888392857143,0.7929488273201865,0.8274888392857143,0.8269782745410377,0.49406714188425166,0.7951274671052632,0.7414677708397648,0.7951274671052632,0.7944624276195903,1.4502973834180803,0.6207154720618229,0.19703514100164665,0.6207154720618229,0.5659425290803505
47,0.41328376821109225,0.8289174107142857,0.7912703295025905,0.8289174107142857,0.8284583060280969,0.4942276854264109,0.7896792763157895,0.7332435880988796,0.7896792763157895,0.7890068962129014,1.5138996238988682,0.6195365007788095,0.19497401631710648,0.6195365007788095,0.5641529464726608
48,0.4078739878109523,0.830625,0.7941327595639082,0.830625,0.8299430003096336,0.4877361200357738,0.7937911184210527,0.7387296607153209,0.7937911184210527,0.7927714769013494,1.5196987254959593,0.6208273452492621,0.196722523171289,0.6208273452492621,0.5674039270334256
49,0.40794777427400863,0.8330245535714286,0.7976669175395076,0.8330245535714286,0.8324814020738153,0.48778788980684784,0.7946134868421053,0.7372157769873763,0.7946134868421053,0.7938596232473826,1.485053800044328,0.6189082898031892,0.1933135455157873,0.6189082898031892,0.5634532782841444
50,0.402490405695779,0.8337276785714286,0.800397311110878,0.8337276785714286,0.8335226823988153,0.4836621802104147,0.7973889802631579,0.7460699359433648,0.7973889802631579,0.7969792152943814,1.4635047159341605,0.6224452036522293,0.19578121717169988,0.6224452036522293,0.5672842300069528
51,0.40107823065349035,0.8342745535714285,0.8014790011603858,0.8342745535714285,0.8339266220106312,0.48339951038360596,0.7963610197368421,0.7404696336308968,0.7963610197368421,0.7958257701638324,1.5346994311512263,0.6188824729137802,0.19430596471490644,0.6188824729137802,0.563128729956513
52,0.39862181629453386,0.8356919642857142,0.8025764926808563,0.8356919642857142,0.8352848494447056,0.4812443256378174,0.7958470394736842,0.7406667253458092,0.7958470394736842,0.7953337147585339,1.5058519270092146,0.6219116546044422,0.19417328720657281,0.6219116546044422,0.5674143172426194
53,0.39650882959365846,0.8363727678571429,0.8012185572242704,0.8363727678571429,0.8359581312763367,0.48076153585785314,0.7987253289473685,0.7401418262262586,0.7987253289473685,0.7979703059933563,1.4448321905207755,0.6254915966024973,0.19893419212975758,0.6254915966024973,0.5714680915981886
54,0.3924945620128087,0.8388058035714285,0.8071083014336259,0.8388058035714285,0.8382268410923892,0.47840356826782227,0.7969777960526315,0.7487109140880795,0.7969777960526315,0.796216248640532,1.466891029788497,0.6242265690214538,0.2007715329903579,0.6242265690214538,0.5698454403514135
55,0.3896359586715698,0.8403683035714286,0.810133141208005,0.8403683035714286,0.8399907326466584,0.47666402866965846,0.8017064144736842,0.7541797058425405,0.8017064144736842,0.801226178707013,1.4415251032066438,0.6269975818180253,0.20039768321093607,0.6269975818180253,0.5737990955010993
56,0.38621806638581413,0.8390625,0.8076504192191217,0.8390625,0.8386704446021813,0.4750418882620962,0.8005756578947368,0.7447086533386392,0.8005756578947368,0.8000252811843921,1.4929227868106212,0.626825469221965,0.1995822061793677,0.626825469221965,0.5728462678222985
57,0.3836398618561881,0.8423325892857143,0.8136901157845634,0.8423325892857143,0.8418667676930979,0.47281697392463684,0.803967927631579,0.7562457592879329,0.803967927631579,0.803152166003098,1.5555757766344323,0.6206810495426108,0.19567238113371682,0.6206810495426108,0.5653783429293352
58,0.3785427112238748,0.8443973214285714,0.8116457287536273,0.8443973214285714,0.8439658407592702,0.4723337167187741,0.8006784539473685,0.7428678000262227,0.8006784539473685,0.7999086228437996,1.5979020035230047,0.6224193867628203,0.20055651649350104,0.6224193867628203,0.568680909518536
59,0.377260353905814,0.8454241071428571,0.8145472914066026,0.8454241071428571,0.8449285209628139,0.4705200838415246,0.8012952302631579,0.7496114132356375,0.8012952302631579,0.8003168015067035,1.6437488122391526,0.6275569477552214,0.19998669024800173,0.6275569477552214,0.5739426646488793
60,0.3783149104458945,0.8466741071428572,0.8165752103765312,0.8466741071428572,0.8464829436027532,0.4692495418222327,0.8035567434210527,0.7480841656418012,0.8035567434210527,0.8031696365705577,1.5865996827404447,0.6228582738827741,0.19930018866647353,0.6228582738827741,0.5690795006998065
61,0.3747147049222674,0.846796875,0.8181037624362361,0.846796875,0.8462494888310672,0.46795213849920975,0.8053042763157895,0.7536874697361818,0.8053042763157895,0.8045451779829925,1.639926574428659,0.6222730910561689,0.1963429862666907,0.6222730910561689,0.5671237867217145
62,0.37015668988227846,0.8477008928571429,0.8169890861073191,0.8477008928571429,0.8473355839668215,0.4658164099643105,0.8042763157894737,0.7502844528833383,0.8042763157894737,0.8037551881977659,1.6357152678392588,0.6239770057571663,0.1972694176279098,0.6239770057571663,0.5699167230525676
63,0.36715662496430534,0.85140625,0.8221433129079194,0.85140625,0.850974975713088,0.46188471505516454,0.8069490131578947,0.7577511111561247,0.8069490131578947,0.8063074970520454,1.6245096630245128,0.6243470478386961,0.19788954503087988,0.6243470478386961,0.5706627524966705
64,0.3665964846951621,0.8503794642857143,0.8186576547695651,0.8503794642857143,0.8499855855629039,0.46458611206004496,0.803967927631579,0.7561695728568365,0.803967927631579,0.8034193997836722,1.6368165316026155,0.6234864848583943,0.19864035579555028,0.6234864848583943,0.5706432104276196
65,0.3616842428275517,0.8533705357142857,0.8239669199027974,0.8533705357142857,0.8529679062690702,0.46537917538693074,0.8045847039473685,0.7560721791588313,0.8045847039473685,0.8038777585435104,1.5811083347763766,0.6250010757037254,0.19939250521842955,0.6250010757037254,0.5709079874582981
66,0.3629557965482984,0.8537723214285714,0.8231686889607376,0.8537723214285714,0.8534341359974532,0.4592853047345814,0.8036595394736842,0.7545771175196873,0.8036595394736842,0.80323073858007,1.6121984356466499,0.6259649062416633,0.19928944729653136,0.6259649062416633,0.5727126874957912
67,0.35950296538216725,0.8550446428571429,0.8290729670780933,0.8550446428571429,0.8547865337168847,0.4579314448331532,0.8075657894736842,0.7586421093645228,0.8075657894736842,0.8070571052703861,1.6688386963116366,0.6238909494591361,0.2003147153438905,0.6238909494591361,0.5698127299302235
68,0.35745516896247864,0.8565178571428571,0.8272347871596993,0.8565178571428571,0.8562071130342542,0.4570022695942929,0.809313322368421,0.7583225541713199,0.809313322368421,0.8088026484992279,1.6694114007243046,0.6240544564253935,0.19892646662455388,0.6240544564253935,0.5697031386111889
69,0.35293021900313243,0.8567410714285715,0.8290038411440356,0.8567410714285715,0.8563185699308087,0.4543543348186894,0.8075657894736842,0.7574156787599148,0.8075657894736842,0.8068676128617479,1.6822175667564812,0.6210424859943375,0.1956157039259076,0.6210424859943375,0.5656765112687723
70,0.3550343101365226,0.8575892857142857,0.8274114754435337,0.8575892857142857,0.8571227754676797,0.4548753139219786,0.8102384868421053,0.761355734083966,0.8102384868421053,0.8094830050371661,1.6643787348728878,0.6203368243504901,0.19639658799051843,0.6203368243504901,0.5658081495116569
71,0.3513103667327336,0.8574665178571429,0.8289034141404581,0.8574665178571429,0.8570118285863786,0.4522313271698199,0.8081825657894737,0.76095771923865,0.8081825657894737,0.8074577194826814,1.6746663927491288,0.6214469505950793,0.19987731209635956,0.6214469505950793,0.5662736687169154
72,0.3465394832406725,0.8603013392857143,0.832451817219032,0.8603013392857143,0.8599345026831796,0.45240628562475504,0.8091077302631579,0.7610536856703527,0.8091077302631579,0.8086016884183403,1.6283510069183862,0.623839315680318,0.20146075407780997,0.623839315680318,0.5708294550331389
73,0.3506623661518097,0.8586049107142857,0.8303803333039635,0.8586049107142857,0.8581503891893789,0.4544794371253566,0.8109580592105263,0.7631997942793103,0.8109580592105263,0.8102034100028679,1.6072435814592636,0.6253022727468309,0.20489509563383562,0.6253022727468309,0.5727628225479547
74,0.3438130673340389,0.8622209821428571,0.8348102353932552,0.8622209821428571,0.8618892711057555,0.45100367382953044,0.8118832236842105,0.7608097995465632,0.8118832236842105,0.8113522016530851,1.6027062350490675,0.6209908522155194,0.1992650450504903,0.6209908522155194,0.565906948916374
75,0.3439925801753998,0.8617745535714286,0.8334373384360274,0.8617745535714286,0.8614614632960869,0.4497888009799154,0.811780427631579,0.7567070524624631,0.811780427631579,0.8112462352263838,1.6904830172149263,0.6246740617712108,0.20138793629948176,0.6246740617712108,0.5715470621196403
76,0.3437171571595328,0.8615290178571429,0.8319661946994567,0.8615290178571429,0.8612160576551654,0.4535106185235475,0.8075657894736842,0.7548448243688883,0.8075657894736842,0.8070512073026999,1.596475917559522,0.6226689500271078,0.20158763691318513,0.6226689500271078,0.5700771115001935
77,0.34003002899033685,0.8633035714285714,0.8376749382385597,0.8633035714285714,0.8630013162152435,0.44870761821144506,0.8095189144736842,0.7580372826901363,0.8095189144736842,0.8088252335892397,1.6285654633418387,0.6234434567093793,0.20138477095531965,0.6234434567093793,0.5694695970068099
78,0.3351918259688786,0.8662946428571429,0.8360814812157346,0.8662946428571429,0.8658782989468016,0.4457210631746995,0.8136307565789473,0.7637150042823512,0.8136307565789473,0.8129984807373052,1.7345076207167622,0.6150443620216346,0.20078028244911358,0.6150443620216346,0.5608275450387133
79,0.34038410101618083,0.8659709821428572,0.8399783201702274,0.8659709821428572,0.865548787851861,0.44671365148142766,0.8106496710526315,0.7607236756970074,0.8106496710526315,0.8098004612279265,1.692435607349374,0.6245707942135745,0.20309187433943612,0.6245707942135745,0.5707191589424891
80,0.33805801136153085,0.8656138392857143,0.8380619544955301,0.8656138392857143,0.8653910409212462,0.44627051604421514,0.8119860197368421,0.7622000918594759,0.8119860197368421,0.8115526966860608,1.7071795939514869,0.6248978081460892,0.20517189269746736,0.6248978081460892,0.5724829359907577
81,0.3356196250234331,0.8673549107142857,0.8408926756842827,0.8673549107142857,0.8670256100826947,0.44692689180374146,0.8125,0.7579512752691102,0.8125,0.8118953792829559,1.6162022765131712,0.6252248220786039,0.20467384425437293,0.6252248220786039,0.5726750701335797
82,0.3307068624666759,0.8680803571428571,0.840204163225802,0.8680803571428571,0.867655476282383,0.44387693624747426,0.8121916118421053,0.7670689360232952,0.8121916118421053,0.8114339934938473,1.6159051614949556,0.6260509625396935,0.20194428850559373,0.6260509625396935,0.5731001612496295
83,0.3322213455608913,0.8679910714285715,0.8417623756764865,0.8679910714285715,0.8677822163181219,0.4441713063340438,0.811780427631579,0.7584258338044988,0.811780427631579,0.8113368087296018,1.6694559749153104,0.6256637091985577,0.2060726527027937,0.6256637091985577,0.5740419690055589
84,0.32919971108436585,0.8707254464285714,0.8447431324075324,0.8707254464285714,0.8703760219240826,0.44250469458730596,0.8147615131578947,0.7646436895582402,0.8147615131578947,0.8141267092441258,1.7037279770517777,0.6241060902042116,0.2027742479200399,0.6241060902042116,0.570930774979813
85,0.3281476712226868,0.8704241071428571,0.8443945891668004,0.8704241071428571,0.8700684705269246,0.4421412787939373,0.8152754934210527,0.763622746584314,0.8152754934210527,0.8146064300733357,1.7267648920479794,0.6206810495426108,0.201910563438184,0.6206810495426108,0.5670059497971984
86,0.3269447585514614,0.87015625,0.8437649087048605,0.87015625,0.8698518012447854,0.4414510507332651,0.815686677631579,0.7628458845029252,0.815686677631579,0.815081877319991,1.8026862678282198,0.6223935698734112,0.20532943429223624,0.6223935698734112,0.5697514103263726
87,0.32506542989185877,0.8703459821428572,0.8472304040612025,0.8703459821428572,0.8702380810278629,0.44461730122566223,0.8121916118421053,0.7656534127176977,0.8121916118421053,0.8119135501238609,1.7202968439325386,0.6228754851423801,0.20791493892662696,0.6228754851423801,0.5717437242413548
88,0.32357066001210893,0.8731919642857143,0.8488609668419579,0.8731919642857143,0.8730608898814504,0.4435289125693472,0.8129111842105263,0.7663781571138547,0.8129111842105263,0.8125866339220166,1.7069327290316265,0.6282281868798568,0.20608303763822797,0.6282281868798568,0.5768977818050239
89,0.3215957192012242,0.8729352678571428,0.8496208821947714,0.8729352678571428,0.8726216788718884,0.44138045216861527,0.8166118421052632,0.7691441450084611,0.8166118421052632,0.8160250001784055,1.8058018301265417,0.6217051194891698,0.19923298176490692,0.6217051194891698,0.5675861806402539
90,0.3193112491709845,0.8749665178571429,0.8467527568202756,0.8749665178571429,0.874647380583336,0.43515093389310333,0.8185649671052632,0.7634120736884905,0.8185649671052632,0.8178821007814937,1.7802395821161388,0.620276584941869,0.2027065714882226,0.620276584941869,0.5683183705418343
91,0.31767272540501185,0.8735044642857143,0.8495011053043628,0.8735044642857143,0.8732488101066848,0.43781142015206187,0.8136307565789473,0.7641325091990955,0.8136307565789473,0.8131448793817327,1.754924117941777,0.6246482448818017,0.20977077806681899,0.6246482448818017,0.5735660296071227
92,0.31229908185345784,0.8765848214285714,0.8499757869795764,0.8765848214285714,0.8761496501942132,0.43555001208656713,0.8181537828947368,0.7706816141295219,0.8181537828947368,0.8174196118314085,1.7406143478956044,0.6244417097665292,0.20576190879060038,0.6244417097665292,0.5721163748566748
93,0.3140466570854187,0.8765066964285714,0.850827126970832,0.8765066964285714,0.8763401950284858,0.440215517031519,0.815172697368421,0.7650066433913849,0.815172697368421,0.8148398765641616,1.7077299030623418,0.6265845115874805,0.20772222802629306,0.6265845115874805,0.5753469255830012
94,0.31343437458787643,0.8772991071428572,0.8547809648240127,0.8772991071428572,0.8770166757942639,0.4353836131723304,0.8180509868421053,0.7707513174916908,0.8180509868421053,0.8174624987691084,1.67093049998858,0.6293469187542491,0.2042044129551074,0.6293469187542491,0.5768277816323306
95,0.3103956264257431,0.8780357142857143,0.8507426645168882,0.8780357142857143,0.8777802559539857,0.4371909028605411,0.8135279605263158,0.7600210042645003,0.8135279605263158,0.8129886206603386,1.8182159437109051,0.6234262454497732,0.20407146166671472,0.6234262454497732,0.570591015701601
96,0.3113548674753734,0.8789397321428571,0.8573827439044103,0.8789397321428571,0.8786529320920704,0.43445267332227605,0.8157894736842105,0.7699138553265618,0.8157894736842105,0.8151230272067913,1.777320805921824,0.6242351746512569,0.20925590442689518,0.6242351746512569,0.5725668636199363
97,0.30795376326356616,0.8806026785714286,0.8564988180790751,0.8806026785714286,0.8804037547535706,0.4334311642144856,0.8199013157894737,0.7754874877782454,0.8199013157894737,0.8195403995030478,1.697606529601526,0.6262574976549659,0.20938562108765565,0.6262574976549659,0.5758539607693275
98,0.30922322622367315,0.879453125,0.8538605537179429,0.879453125,0.879162898339321,0.43584998500974553,0.817125822368421,0.7685025087478993,0.817125822368421,0.8166277734006422,1.7291167801253724,0.6237790762716969,0.20843530887044762,0.6237790762716969,0.571875185978172
99,0.3086189237662724,0.8791629464285714,0.853266016086992,0.8791629464285714,0.8789132455188274,0.4328292169068989,0.8160978618421053,0.7652745003925439,0.8160978618421053,0.8156855806305824,1.7288637682848742,0.6267566241835408,0.21027455698236547,0.6267566241835408,0.5755380132595138
100,0.3050962729964937,0.8806808035714285,0.8580062553315801,0.8806808035714285,0.8804830410185546,0.42811026698664617,0.821032072368421,0.7762462269715006,0.821032072368421,0.8206716287085741,1.7002980038094733,0.627815116649312,0.20772938733687543,0.627815116649312,0.5758159766769454
101,0.30100005567073823,0.8842633928571428,0.8625558115780685,0.8842633928571428,0.8840259908009827,0.43410915763754593,0.8177425986842105,0.7721182640078829,0.8177425986842105,0.8175426768243569,1.802154159173097,0.6216362744507457,0.20649445114411252,0.6216362744507457,0.5687528716024962
102,0.30138161599636076,0.8826004464285714,0.8575958736174162,0.8826004464285714,0.8823773524004024,0.42672415940385117,0.8199013157894737,0.7746509454725459,0.8199013157894737,0.8195089378769073,1.6739385680740027,0.6260853850589055,0.21270164081504692,0.6260853850589055,0.5750685004682798
103,0.2970655381679535,0.8843638392857143,0.8637496202420073,0.8843638392857143,0.8840273827762429,0.42995843761845637,0.817639802631579,0.7749442444242576,0.817639802631579,0.8169702544550069,1.7091858123949821,0.6214125280758672,0.20433570601982523,0.6214125280758672,0.5685791773978763
104,0.30026748418807986,0.8834151785714286,0.8610638393445668,0.8834151785714286,0.8832475300906547,0.4317959798009772,0.8170230263157895,0.7707151089862557,0.8170230263157895,0.8166405256824749,1.7388828994731231,0.6254571740832853,0.2098944844593948,0.6254571740832853,0.5751906608237222
105,0.2953828033379146,0.8865178571428571,0.8646937111283407,0.8865178571428571,0.8863512581056779,0.4319651079805274,0.8211348684210527,0.7774745861607536,0.8211348684210527,0.8209593899996154,1.7595927671004403,0.6253797234150581,0.20798603343309682,0.6253797234150581,0.5748267574704669
106,0.2972102917943682,0.8845647321428571,0.8614053286269308,0.8845647321428571,0.884347005159926,0.4312266942701842,0.8166118421052632,0.7636794578658692,0.8166118421052632,0.8160676615658056,1.7125563109570325,0.6247429068096348,0.21163588915040688,0.6247429068096348,0.5741967882672369
107,0.29476988766874584,0.8861383928571429,0.8621272864531632,0.8861383928571429,0.8859449692507247,0.42869943380355835,0.8189761513157895,0.768184326337236,0.8189761513157895,0.8185539549550924,1.6903783579986285,0.6250785263719525,0.2136711428202481,0.6250785263719525,0.5752675981332271
108,0.29480056175163816,0.88875,0.8661518684374252,0.88875,0.8884420713563713,0.4268901442226611,0.822985197368421,0.7794342645005935,0.822985197368421,0.8223771655834007,1.70421683151644,0.6267652298133439,0.20998070519072326,0.6267652298133439,0.5746043435232802
109,0.2910887679031917,0.8886830357142858,0.867256775291146,0.8886830357142858,0.8884534316030205,0.4243762587246142,0.8227796052631579,0.7774924099153785,0.8227796052631579,0.8221987656950297,1.713569884442705,0.6280904968030085,0.20804042215813098,0.6280904968030085,0.576495682201516
110,0.29589526781014036,0.8855803571428571,0.8628019851923073,0.8855803571428571,0.8854677410392324,0.4302580936958915,0.8211348684210527,0.774485375096652,0.8211348684210527,0.8209430018011238,1.7670001338964716,0.6291317780091736,0.21005801863303566,0.6291317780091736,0.5784206661896428
111,0.29371370119707924,0.8865178571428571,0.8635403910934629,0.8865178571428571,0.8862251767084479,0.4260394651638834,0.8231907894736842,0.7740351562056247,0.8231907894736842,0.8224122193484393,1.7312164001105461,0.6272213281929038,0.2113808382261979,0.6272213281929038,0.5764904213651997
112,0.2908129256112235,0.8873883928571429,0.8655820621678458,0.8873883928571429,0.8871917816231695,0.423775420377129,0.822265625,0.777180087922577,0.822265625,0.8217313751128659,1.6965205691756806,0.6267135960345258,0.2140325709833055,0.6267135960345258,0.5772155464462284
113,0.2892922489983695,0.8898102678571429,0.8698141021991558,0.8898102678571429,0.8896861106520771,0.42715105571244893,0.8181537828947368,0.7718576984239126,0.8181537828947368,0.8178525296939606,1.6722968609449187,0.6251903995593917,0.2071843905694309,0.6251903995593917,0.5738878348058728
114,0.28976094782352446,0.8881808035714286,0.8675063887574825,0.8881808035714286,0.887916726568724,0.4271078470506166,0.8191817434210527,0.7760536527751617,0.8191817434210527,0.8186170654500117,1.834454763740229,0.6250871320017556,0.21128527396048533,0.6250871320017556,0.5748671407733249
115,0.28675058347838267,0.89,0.8696043985488326,0.89,0.8898162553358054,0.4263721531943271,0.821032072368421,0.774088799749455,0.821032072368421,0.8206154230990697,1.8298523851874449,0.6196397683364457,0.2091638215299172,0.6196397683364457,0.5680359260598384
116,0.2852663128716605,0.8915290178571429,0.8681733723581713,0.8915290178571429,0.8913151689725451,0.42210832551905986,0.8220600328947368,0.769662503635062,0.8220600328947368,0.8214527494578048,1.8084144183085726,0.624794540588453,0.2106093964302834,0.624794540588453,0.5733651636098329
117,0.2854703114713941,0.8905803571428571,0.8679204312983176,0.8905803571428571,0.8903022161242823,0.4222474004092969,0.8201069078947368,0.7710299884567043,0.8201069078947368,0.8195206218204598,1.8666318466140925,0.6252248220786039,0.21047077974949294,0.6252248220786039,0.5737891856299138
118,0.2832808722768511,0.8923995535714285,0.8724423548853418,0.8923995535714285,0.8922948054427313,0.4259421009766428,0.8204152960526315,0.7747177706398405,0.8204152960526315,0.8201676452894983,1.8707098921954919,0.6224968374310474,0.2097436103495484,0.6224968374310474,0.5709723387129154
119,0.2851555775744574,0.8918080357142857,0.8706677100582559,0.8918080357142857,0.8916666599639939,0.4238762886900651,0.8217516447368421,0.7781082578288144,0.8217516447368421,0.8213742125853111,1.83451950710423,0.6255002022323004,0.21321390514394237,0.6255002022323004,0.5756592378069678
120,0.28135334747178214,0.892578125,0.8684801773313912,0.892578125,0.8923137601202163,0.42625649665531357,0.8185649671052632,0.7709405037373588,0.8185649671052632,0.8180686551401678,1.822208174095506,0.6212576267394129,0.2158239175881358,0.6212576267394129,0.5703720415185655
121,0.27883306222302573,0.8937946428571428,0.8728840438287833,0.8937946428571428,0.8936554927754183,0.42379434798893173,0.8223684210526315,0.7775459435242142,0.8223684210526315,0.8220654949606513,1.824271598193641,0.6230303864788345,0.20915918249808088,0.6230303864788345,0.5716735635831939
122,0.277942646912166,0.8959821428571428,0.8756190310220822,0.8959821428571428,0.8958139278006112,0.4215128453154313,0.8212376644736842,0.7700359755997894,0.8212376644736842,0.8207617384217811,1.8032444845077646,0.6215846406719275,0.21408936558088182,0.6215846406719275,0.5715793927872669
123,0.27933840700558255,0.8957589285714286,0.8771744786229059,0.8957589285714286,0.895568988414696,0.4253700187331752,0.8208264802631579,0.7726954791303184,0.8208264802631579,0.8201806900510362,1.8588918898313525,0.6245621885837715,0.2142443744598216,0.6245621885837715,0.5754823648295491
124,0.2786583994116102,0.8957589285714286,0.8739465115621174,0.8957589285714286,0.895566838797951,0.4256888079015832,0.821032072368421,0.7727825284445684,0.821032072368421,0.8204383184154552,1.7889832923388995,0.6251215545209676,0.2155614982349943,0.6251215545209676,0.5751891793472358
125,0.27603308277470723,0.8966852678571429,0.8768567580106452,0.8966852678571429,0.8965512223361563,0.4245124678862722,0.8230879934210527,0.7753017166587544,0.8230879934210527,0.822647222235278,1.9410842445113505,0.6240114282763785,0.21460619648780718,0.6240114282763785,0.5730317678828141
126,0.27803308614662714,0.89546875,0.8772878869348607,0.89546875,0.8954205853398088,0.42305998896297653,0.8248355263157895,0.779062170397197,0.8248355263157895,0.8245246969612697,1.8873954045561532,0.624321230949287,0.2132184718417137,0.624321230949287,0.5748053083015614
127,0.27122418642044066,0.8982700892857143,0.879631450620494,0.8982700892857143,0.8981106402111625,0.42035628306238276,0.8192845394736842,0.7748501226997473,0.8192845394736842,0.8188921031551059,1.760438622792756,0.6243900759877111,0.2159394599399595,0.6243900759877111,0.5746762045862599
128,0.27403433774198804,0.8983035714285714,0.880798077972648,0.8983035714285714,0.8981690702354621,0.4224579663653123,0.8238075657894737,0.7795055797618021,0.8238075657894737,0.8234686815278512,1.7963309981852247,0.6287273134084318,0.2162308941217786,0.6287273134084318,0.5795604362823789
129,0.27066708402974266,0.8979799107142857,0.8790994066010586,0.8979799107142857,0.897924084575799,0.4260164013034419,0.8211348684210527,0.7742497830342383,0.8211348684210527,0.8210236662149899,1.8433373289502293,0.6261886526165418,0.21453181587680983,0.6261886526165418,0.5764481682321608
130,0.27194571043763843,0.8980915178571428,0.8796937218356514,0.8980915178571428,0.8979018901908296,0.4225722112153706,0.8232935855263158,0.7767835749660412,0.8232935855263158,0.8227300623958067,1.9064101508087146,0.6267652298133439,0.21195894823591746,0.6267652298133439,0.5757326735148571
131,0.2678744584321976,0.9009040178571428,0.8813319307473826,0.9009040178571428,0.9007207029056326,0.4219304731017665,0.8213404605263158,0.7740335343319159,0.8213404605263158,0.8207991620589649,1.943315930895168,0.6239770057571663,0.21193314342218647,0.6239770057571663,0.5725013730218877
132,0.26779968661921366,0.901015625,0.8801136202566812,0.901015625,0.9008993597532661,0.4202565942939959,0.8214432565789473,0.7758002448927194,0.8214432565789473,0.8211681793976444,1.9354063601893639,0.6237360481226819,0.20906643051624843,0.6237360481226819,0.5720436841687863
133,0.26847890147141046,0.8989174107142858,0.8820881496876518,0.8989174107142858,0.8988423730545654,0.41990194195195246,0.822985197368421,0.7761161219739542,0.822985197368421,0.8227683109400414,1.9696333566380884,0.6241405127234236,0.21021553622257924,0.6241405127234236,0.5735268427190549
134,0.2665142827374595,0.9017410714285714,0.8839290294925739,0.9017410714285714,0.9016855634518995,0.41885156851065786,0.8231907894736842,0.7838509732373637,0.8231907894736842,0.8229195586437728,1.8955479512012319,0.6256378923091487,0.21128763628902902,0.6256378923091487,0.5756813271724394
135,0.2657165199518204,0.9006808035714285,0.8817353883589784,0.9006808035714285,0.9005118415874129,0.4179303489233318,0.822985197368421,0.7782034933251856,0.822985197368421,0.8225968969222781,1.8048354441305692,0.6193815994423552,0.2121305791488383,0.6193815994423552,0.5693152482817261
136,0.2640104934998921,0.9014620535714286,0.8795433058377011,0.9014620535714286,0.9012597375321686,0.4206337991513704,0.8243215460526315,0.7760531908763733,0.8243215460526315,0.8239056977459889,1.9059308057631417,0.6275053139764034,0.21234509926079123,0.6275053139764034,0.5769750605124908
137,0.26450899626527513,0.9010714285714285,0.8839440033862623,0.9010714285714285,0.9009779937578477,0.4181760518174422,0.827405427631579,0.7869073738422631,0.827405427631579,0.8271374736548542,1.8285944415063309,0.6283916938461142,0.213483945462491,0.6283916938461142,0.5788601185959381
138,0.26115782984665464,0.9020647321428571,0.8843481116176378,0.9020647321428571,0.9019486971208062,0.4159083931069625,0.8247327302631579,0.7812333844180713,0.8247327302631579,0.8244544022716793,1.9288819532737542,0.6281765531010387,0.21336388635039655,0.6281765531010387,0.5780165494408571
139,0.2611341332537787,0.9035267857142857,0.8867170926265059,0.9035267857142857,0.9034818746839587,0.41775878636460556,0.824938322368421,0.7835301679149905,0.824938322368421,0.8248864422938628,1.868193952887259,0.6307496364121408,0.21640474377908595,0.6307496364121408,0.581829599853641
140,0.2602806203705924,0.90375,0.8881970167943258,0.90375,0.9036433876943702,0.4200904447781412,0.8237047697368421,0.7806921707302907,0.8237047697368421,0.8233492662066627,1.806988377528553,0.6309905940466253,0.21300008030682743,0.6309905940466253,0.5814122226517985
141,0.2603688631738935,0.9031361607142857,0.8866855360475158,0.9031361607142857,0.9030610154266895,0.4202853958857687,0.8231907894736842,0.7814493947293039,0.8231907894736842,0.8230571178470839,1.9096472732384928,0.6282367925096598,0.2169347446725483,0.6282367925096598,0.580174344439433
142,0.2571613324540002,0.9054241071428571,0.8877919224337395,0.9054241071428571,0.9053023145814667,0.4198996691327346,0.8233963815789473,0.7755418443888685,0.8233963815789473,0.8230687060590014,1.959476852064503,0.6273418070101461,0.21161673384143156,0.6273418070101461,0.5771408173513033
143,0.2579458817413875,0.9048102678571428,0.8895548207180005,0.9048102678571428,0.9047040819800413,0.41355800158099126,0.8264802631578947,0.7839702142360337,0.8264802631578947,0.8262115613452888,1.9545786822097533,0.6264640327702383,0.21251752791349837,0.6264640327702383,0.577254535448289
144,0.25974645069667274,0.9039620535714286,0.8835836599041066,0.9039620535714286,0.9037012390448095,0.42066674797158493,0.8209292763157895,0.7771725039758824,0.8209292763157895,0.8202583923545491,1.9987230996300247,0.6221354009793206,0.2114499081003093,0.6221354009793206,0.571117495583404
145,0.2584809836319515,0.9050669642857143,0.8872736505948727,0.9050669642857143,0.9050185357620942,0.41717831398311417,0.8263774671052632,0.7814056826336058,0.8263774671052632,0.8260983184351167,1.847015794921434,0.62832284880769,0.2148651548614739,0.62832284880769,0.5794047212041253
146,0.2567439726420811,0.9063839285714286,0.8867867053587483,0.9063839285714286,0.9061950512267802,0.4188822931364963,0.8216488486842105,0.7725620638750899,0.8216488486842105,0.8210743201623221,1.8506814788208812,0.6234262454497732,0.2111460760413264,0.6234262454497732,0.5729868689087151
147,0.2582091102429799,0.9055803571428571,0.8874953204709595,0.9055803571428571,0.9055194803212099,0.41897825975167124,0.8248355263157895,0.780176232010432,0.8248355263157895,0.8247184440745229,1.8719945166745657,0.6271352718948736,0.2144733572360194,0.6271352718948736,0.5786641672746287
148,0.2541616369996752,0.9082366071428571,0.8905559398759364,0.9082366071428571,0.9081388235798221,0.41628042177150126,0.8246299342105263,0.7827810900648638,0.8246299342105263,0.8244614949770553,1.896085255267264,0.6196311627066426,0.2145091805469523,0.6196311627066426,0.570935081930772
149,0.2541061850105013,0.9066741071428571,0.8904259902072387,0.9066741071428571,0.9065366796632304,0.4132963748354661,0.826171875,0.7847362424534224,0.826171875,0.825836210170623,1.9218452566754545,0.6226603443973047,0.21587849787634544,0.6226603443973047,0.5741761922025828
150,0.2542291785989489,0.9071986607142857,0.8921763206295993,0.9071986607142857,0.907172342725582,0.41342738113905253,0.8282277960526315,0.7856868717859953,0.8282277960526315,0.8280823102548046,1.9028022235028064,0.6295448482397185,0.21279861571243655,0.6295448482397185,0.5802823847501399
151,0.2529330357483455,0.9077120535714286,0.8919006512300417,0.9077120535714286,0.9076253709565225,0.41166786614217254,0.8264802631578947,0.7857152429689813,0.8264802631578947,0.8262841883925112,1.9750077669039234,0.6247429068096348,0.2129544604618565,0.6247429068096348,0.5749225248847698
152,0.2512400725909642,0.908515625,0.8916363427164699,0.908515625,0.9083691872527964,0.4167965619187606,0.8216488486842105,0.7780917288722733,0.8216488486842105,0.8213792060156012,1.9066945928606585,0.6207326833214288,0.21098211097253425,0.6207326833214288,0.5699780909146343
153,0.2517418680872236,0.90953125,0.8937957086015101,0.90953125,0.9094762375999609,0.416784405708313,0.8241159539473685,0.7764732678631588,0.8241159539473685,0.8239859927845394,1.9087479933362197,0.627290173231328,0.2136406561714496,0.627290173231328,0.578673320139905
154,0.252481124656541,0.9079129464285715,0.8925124249519584,0.9079129464285715,0.9078672997315592,0.4172651171684265,0.823499177631579,0.7798141429338111,0.823499177631579,0.8233140536002947,1.8450371823222587,0.6259821175012693,0.21415751942369718,0.6259821175012693,0.5769380886087859
155,0.24790211251803806,0.9089508928571428,0.8918637945625465,0.9089508928571428,0.908690342859971,0.4121454640438682,0.826171875,0.7815920155161206,0.826171875,0.8254177283522269,1.9134185622206499,0.6239167663485452,0.2108382980100723,0.6239167663485452,0.5731360275083359
156,0.24645872133118765,0.9104352678571429,0.8935740118059011,0.9104352678571429,0.9103351261778067,0.4169568341029318,0.82421875,0.7801213538875075,0.82421875,0.823846634087105,1.897565672949799,0.6271955113034947,0.2154006640608789,0.6271955113034947,0.5783103112207749
157,0.2461128668274198,0.9109821428571429,0.8950773312902879,0.9109821428571429,0.9108355690490451,0.4121777399590141,0.8270970394736842,0.779850510915927,0.8270970394736842,0.8267776605322272,1.8925812722245485,0.6183317126063871,0.2149549865266587,0.6183317126063871,0.5688393586171853
158,0.24688034909112114,0.9111160714285714,0.8950298966993577,0.9111160714285714,0.91104247305134,0.4172604334981818,0.830078125,0.7901362631954624,0.830078125,0.8299122048861781,1.9578677434180094,0.6235811467862276,0.21454196872334327,0.6235811467862276,0.5739688586366978
159,0.24746626479285103,0.9098772321428571,0.8932466929498065,0.9098772321428571,0.9097346556225369,0.4164368023997859,0.8248355263157895,0.7742932159194112,0.8248355263157895,0.8244049691648344,1.921366470495686,0.6238651325697271,0.21367960295512947,0.6238651325697271,0.5744252649506743
160,0.2453610235452652,0.9113058035714285,0.8966382938942307,0.9113058035714285,0.9111690158855575,0.41130285984591436,0.8263774671052632,0.7819048291903753,0.8263774671052632,0.8259852235100645,1.95183887313898,0.6231250484066676,0.21349259626848163,0.6231250484066676,0.5733249872216082
161,0.24381906517914365,0.911796875,0.8961109353018551,0.911796875,0.9116492671453071,0.40913127127446625,0.8280222039473685,0.7825306664562055,0.8280222039473685,0.8274972435016651,1.9721174501483723,0.6244244985069233,0.2092580090784028,0.6244244985069233,0.5736027465823426
162,0.24681143607412065,0.9104799107142857,0.8959797509797267,0.9104799107142857,0.91043050553418,0.41281130439356756,0.8271998355263158,0.7833827176129847,0.8271998355263158,0.8269684339352805,2.02169793860996,0.6256981317177698,0.21437427745530493,0.6256981317177698,0.5769945602399512
163,0.24708455094269344,0.9122544642857143,0.8973790035492929,0.9122544642857143,0.9122188907514525,0.41042355173512507,0.8285361842105263,0.7891272849303496,0.8285361842105263,0.8284079249940414,1.9359948029898972,0.6231852878152888,0.21403616113752003,0.6231852878152888,0.5754156315386997
164,0.24011586342539107,0.9129464285714286,0.8962894208819191,0.9129464285714286,0.9128010131744435,0.40982032292767573,0.8289473684210527,0.7857492367421076,0.8289473684210527,0.8285331522350069,1.8098125782144088,0.6214985843738974,0.21085955409406773,0.6214985843738974,0.5714724187846291
165,0.2414845164333071,0.9139285714285714,0.8992569535665674,0.9139285714285714,0.9138265602164685,0.40986256850393193,0.8283305921052632,0.7850201651746053,0.8283305921052632,0.827888019902925,1.9714970274603412,0.6249838644441194,0.2117487119487837,0.6249838644441194,0.5757946387416979
166,0.23923094987869262,0.9146428571428571,0.899612405535651,0.9146428571428571,0.9146247987889768,0.4065774663498527,0.8289473684210527,0.7834908138914842,0.8289473684210527,0.8288497120641063,1.9846129563523984,0.6235123017478034,0.21465807892722535,0.6235123017478034,0.575549158505947
167,0.23861409417220525,0.9134598214285714,0.8993970700273435,0.9134598214285714,0.9133732089364922,0.4098515604671679,0.8295641447368421,0.7877283503700979,0.8295641447368421,0.8293476925953904,1.9508775564877054,0.625835821794618,0.21581177526008602,0.625835821794618,0.5777914732131239
168,0.23787203192710876,0.9143526785714285,0.9001396257675209,0.9143526785714285,0.9142366147637734,0.4104434502752204,0.829358552631579,0.7880028769421002,0.829358552631579,0.8291979179483132,1.9465833159146235,0.6231078371470616,0.21674247654960901,0.6231078371470616,0.5753033837372592
169,0.24020995446613858,0.913671875,0.8984377086685124,0.913671875,0.9136248945306303,0.40953592563930313,0.8269942434210527,0.7881433503764138,0.8269942434210527,0.826822498246955,1.9585111343280905,0.6260853850589055,0.2117039781297864,0.6260853850589055,0.5774316522561579
170,0.23818936509745461,0.9150334821428572,0.9016544774024524,0.9150334821428572,0.9149583746211949,0.40361416496728597,0.8324424342105263,0.7923414271016819,0.8324424342105263,0.8322022301448997,1.8874248634374424,0.6259476949820573,0.215012408340476,0.6259476949820573,0.5775779008151409
171,0.23508479160921913,0.9151785714285714,0.9008393619026134,0.9151785714285714,0.9150923874372877,0.4050973543995305,0.8312088815789473,0.7920328951858643,0.8312088815789473,0.8309601971731324,1.9393696836902736,0.6258530330542241,0.2111431831807568,0.6258530330542241,0.5764776501589801
172,0.2351293522971017,0.9159151785714286,0.904123849526737,0.9159151785714286,0.9158748401025915,0.4077081131307702,0.8298725328947368,0.7903340886111521,0.8298725328947368,0.8297993584729236,1.9700441805270787,0.624295414059878,0.2130598817717106,0.624295414059878,0.5759937975140554
173,0.23313403512750352,0.916875,0.9013519294387908,0.916875,0.9167347084956767,0.406130546017697,0.8304893092105263,0.7899225949852907,0.8304893092105263,0.8301663828638315,1.8677857573516201,0.6210338803645344,0.21044536138309988,0.6210338803645344,0.570672499539076
174,0.2354830629484994,0.916875,0.9042562293161024,0.916875,0.9168023834322461,0.4079407782931077,0.8284333881578947,0.7886571112598156,0.8284333881578947,0.8282407829433933,1.9380281541829314,0.6257497654965879,0.20959869931413458,0.6257497654965879,0.5753923176595963
175,0.23380440746034895,0.9162388392857143,0.902134983637296,0.9162388392857143,0.9162048458486783,0.4078510184037058,0.8278166118421053,0.7825317153679071,0.8278166118421053,0.8276195170664441,1.9904071214715018,0.6241146958340146,0.21308356529610836,0.6241146958340146,0.575089546618491
176,0.23366753331252507,0.9160491071428571,0.901792563096626,0.9160491071428571,0.9159773377917475,0.40521196942580373,0.8299753289473685,0.7884597671487231,0.8299753289473685,0.8296270792597621,1.9145458322225322,0.6254227515640732,0.20783179148786848,0.6254227515640732,0.574712018816213
177,0.2317091350044523,0.918671875,0.903348648400413,0.918671875,0.9185608275291403,0.40355857893040303,0.8329564144736842,0.7889710734253644,0.8329564144736842,0.8324596576402953,1.9032886252750374,0.6228582738827741,0.20779662521827655,0.6228582738827741,0.5712350006692997
178,0.2298216052566256,0.918359375,0.9040967105403442,0.918359375,0.9183023395944685,0.4068133642798976,0.8318256578947368,0.7901048280826763,0.8318256578947368,0.8315976611160408,2.0446643851032618,0.6226775556569107,0.2100382586198633,0.6226775556569107,0.5728463308083944
179,0.23105860786778587,0.9168973214285714,0.904032980861911,0.9168973214285714,0.9168019608329072,0.40701509933722646,0.8311060855263158,0.787250212377508,0.8311060855263158,0.8307966284729641,2.059240809389951,0.626309131433784,0.213942438007015,0.626309131433784,0.5777156987705603
180,0.2307210762160165,0.917890625,0.9044274414862998,0.917890625,0.9178423082385555,0.4055171091305582,0.8312088815789473,0.7916601539346024,0.8312088815789473,0.8308956709177119,2.163610173938974,0.6269115255199952,0.2103619678608696,0.6269115255199952,0.577038777637756
181,0.22850020757743292,0.9193080357142858,0.9052295142704682,0.9193080357142858,0.919278620131375,0.4048469772464351,0.8314144736842105,0.7885649148858008,0.8314144736842105,0.8313114445650853,2.1040820552963346,0.6240716676849996,0.21270057297532094,0.6240716676849996,0.5747946440697407
182,0.22811450506959643,0.9190959821428571,0.904890731453168,0.9190959821428571,0.9190754786718365,0.4029565108449836,0.8316200657894737,0.7904762246850744,0.8316200657894737,0.8315035748411569,2.1226513415933312,0.6209220071770952,0.21451889080598904,0.6209220071770952,0.5722009487580573
183,0.2271980642420905,0.9196763392857142,0.9077007970831277,0.9196763392857142,0.9195717331770722,0.40375760354493795,0.8312088815789473,0.7924037120729278,0.8312088815789473,0.8308781444888216,2.072919263292563,0.6193385712933401,0.21170866010119385,0.6193385712933401,0.5687132234677196
184,0.2301444272484098,0.9182366071428572,0.9038955044870074,0.9182366071428572,0.9181442598322308,0.4103704267426541,0.826891447368421,0.7799064009233432,0.826891447368421,0.8264586559311096,2.0739381026182677,0.6227205838059259,0.21082224839768063,0.6227205838059259,0.5730334974899067
185,0.22444759820188795,0.9204799107142857,0.9072074577340253,0.9204799107142857,0.920385795725706,0.4035424401885585,0.831311677631579,0.7866834210490815,0.831311677631579,0.8311115779395521,2.097199066267372,0.6193213600337341,0.20927453920714023,0.6193213600337341,0.5690243431882032
186,0.22504017489297048,0.9200223214285714,0.9065672559773255,0.9200223214285714,0.9199811928689645,0.4064929548062776,0.8292557565789473,0.7836952558571818,0.8292557565789473,0.8289707556501192,2.0160237016410556,0.6252592445978159,0.21161561411013538,0.6252592445978159,0.575236656953551
187,0.22620623690741404,0.9213058035714285,0.9068021669028633,0.9213058035714285,0.9212752817059131,0.40434718916290685,0.8348067434210527,0.792037426654837,0.8348067434210527,0.8345080310846463,2.0793907620739143,0.6239511888677572,0.21251271105386485,0.6239511888677572,0.5755566635204744
188,0.22411787228924887,0.9214955357142857,0.907080141896703,0.9214955357142857,0.9214563345370648,0.40643124831350225,0.8319284539473685,0.7856617343449811,0.8319284539473685,0.8316926003945864,2.071000543443779,0.6243986816175142,0.21735465483678626,0.6243986816175142,0.5772540583015211
189,0.22158023944922856,0.9226227678571428,0.9099386534899818,0.9226227678571428,0.9225573448745391,0.410130218455666,0.8301809210526315,0.7860837687430041,0.8301809210526315,0.8298683871901799,2.1499421410393063,0.6195623176682186,0.21146973171712963,0.6195623176682186,0.5703622356795106
190,0.22347635311739786,0.921640625,0.9081420161305144,0.921640625,0.9215277163322529,0.4039379075953835,0.8299753289473685,0.7868337534779731,0.8299753289473685,0.8296606441708405,2.0373235171601776,0.6163696290112992,0.21026171331265497,0.6163696290112992,0.5657777331645886
191,0.2240172858749117,0.9212388392857143,0.9073248884391946,0.9212388392857143,0.9211823260062834,0.4027890108133617,0.8330592105263158,0.7879447511479348,0.8330592105263158,0.8329075406451838,1.9564302306548116,0.622324724834987,0.21641345586192612,0.622324724834987,0.5747084424476402
192,0.22128750162465233,0.9230803571428572,0.910170300054492,0.9230803571428572,0.9230093438679214,0.399285846634915,0.8343955592105263,0.7907277861955236,0.8343955592105263,0.8340926429368012,2.096013154737147,0.6226517387675017,0.21249705559059834,0.6226517387675017,0.5732168994314893
193,0.22270271224634988,0.9212276785714286,0.9073205337910275,0.9212276785714286,0.9210810676518946,0.4053215133516412,0.8318256578947368,0.7884141129982755,0.8318256578947368,0.8312831262442718,2.112434841994118,0.620801528359853,0.21153333083018108,0.620801528359853,0.5718148027868745
194,0.22180816565241132,0.9218191964285715,0.9080312816661725,0.9218191964285715,0.921754624719366,0.4033069971360658,0.8306949013157895,0.7874785628657162,0.8306949013157895,0.8305671177942585,1.9920024686943698,0.6248719912566801,0.2161320141918278,0.6248719912566801,0.5770740058162993
195,0.22104477073465076,0.9218861607142858,0.9111227872311474,0.9218861607142858,0.9218215733485234,0.4044574577557413,0.8324424342105263,0.7918689176616683,0.8324424342105263,0.8322778220680122,2.052161240944344,0.6224107811330172,0.21153698175232966,0.6224107811330172,0.5724306772659133
196,0.21891794673034123,0.9246651785714286,0.911731060066107,0.9246651785714286,0.9245573413159208,0.40301410304872615,0.8318256578947368,0.791634756584462,0.8318256578947368,0.8315241783453537,2.061928262585661,0.6200872610862026,0.20978659022774426,0.6200872610862026,0.5703232756536145
197,0.2212966981104442,0.9229241071428571,0.9099490548966598,0.9229241071428571,0.9229053121552592,0.40545917812146637,0.8304893092105263,0.7884216784960112,0.8304893092105263,0.8304058942597576,1.9094182238696116,0.6239770057571663,0.21303381701043983,0.6239770057571663,0.5756963774778422
198,0.22129902482032776,0.9239732142857143,0.9104595514976925,0.9239732142857143,0.9239380751469194,0.4042266497486516,0.8326480263157895,0.7893646432531513,0.8326480263157895,0.8324007572394665,2.0088258033481874,0.6269201311497982,0.21418996955999892,0.6269201311497982,0.5793541618758619
199,0.21359893807343075,0.9271986607142857,0.9140533691465453,0.9271986607142857,0.9270935180451665,0.3991374781257228,0.8331620065789473,0.788358264932029,0.8331620065789473,0.8328506115685722,2.0962768208082614,0.6198032753027031,0.21275692072361232,0.6198032753027031,0.5707648875841401
200,0.2190708987201963,0.9246875,0.9121159752336887,0.9246875,0.9246685384405721,0.4054032281825417,0.8328536184210527,0.7855814843115753,0.8328536184210527,0.8328501031762611,1.975019803169505,0.6221870347581387,0.21578771746745692,0.6221870347581387,0.5753193510508408
201,0.21729539496558054,0.9249553571428571,0.9130551430150532,0.9249553571428571,0.924912750188302,0.40404210749425384,0.8351151315789473,0.7947227989850422,0.8351151315789473,0.8350416326326563,2.0752644162671974,0.6189341066925983,0.21534098082575448,0.6189341066925983,0.5712521132018614
202,0.21801991479737418,0.9237165178571428,0.9136131666524155,0.9237165178571428,0.9237436321411949,0.4055808876690112,0.833264802631579,0.7916588189470625,0.833264802631579,0.8332576107626003,2.1081561356851903,0.6200786554563996,0.21634834940479156,0.6200786554563996,0.5735879878862291
203,0.2162296564238412,0.9249776785714285,0.9108255923802534,0.9249776785714285,0.924933231400996,0.40165954357699346,0.8319284539473685,0.7881221913182327,0.8319284539473685,0.8316918369884856,2.0133239445669475,0.6212490211096099,0.21334025871789317,0.6212490211096099,0.572447146573125
204,0.2169126272201538,0.9243973214285715,0.910753609807634,0.9243973214285715,0.9243078861764706,0.4065055611886476,0.8316200657894737,0.7862493400779343,0.8316200657894737,0.8313376594039267,1.9972263333407685,0.6202507680524599,0.2154402921112825,0.6202507680524599,0.5721251362659404
205,0.21805893114634922,0.9244084821428571,0.9116887791704996,0.9244084821428571,0.924390530217359,0.4037054510493028,0.8315172697368421,0.7897184152611298,0.8315172697368421,0.8314039680646813,1.9688245080167213,0.6258616386840271,0.213694837620019,0.6258616386840271,0.577376851365324
206,0.21490915502820696,0.9260825892857143,0.9143796111576586,0.9260825892857143,0.9260531422068606,0.4053845327151449,0.8333675986842105,0.7901902399607115,0.8333675986842105,0.8332485706586173,2.0616969818119073,0.6235381186372124,0.21366255762496592,0.6235381186372124,0.5750123163919045
207,0.21523024329117366,0.9265736607142857,0.9142197034284084,0.9265736607142857,0.9265181795856927,0.4038128319539522,0.833264802631579,0.7918852850523723,0.833264802631579,0.8329142033305817,1.9148705401590929,0.6216018519315336,0.2134606182489622,0.6216018519315336,0.5733407212232505
208,0.2138229921034404,0.9275,0.9157408795866634,0.9275,0.9274842781441855,0.4018860459327698,0.8329564144736842,0.78915201501463,0.8329564144736842,0.8327975817587236,1.9193501877240813,0.6269975818180253,0.21597082917542246,0.6269975818180253,0.5787357256241236
209,0.21522917262145452,0.9258035714285714,0.9141119932862709,0.9258035714285714,0.9257746347933969,0.3999688186143574,0.8348067434210527,0.794610063071253,0.8348067434210527,0.834687475390715,1.9655508535076107,0.6258616386840271,0.2190700786874927,0.6258616386840271,0.5788412105974438
210,0.2123289782660348,0.9267745535714286,0.9131549772975875,0.9267745535714286,0.9266628856661969,0.3993563604982276,0.8348067434210527,0.7910352646545465,0.8348067434210527,0.8344137847658835,2.0387000134872197,0.6231422596662737,0.2167286012683281,0.6231422596662737,0.5746582114585356
211,0.21207812760557448,0.9278236607142857,0.9168601673364565,0.9278236607142857,0.927781688347065,0.4026453165631545,0.833264802631579,0.7923349406790042,0.833264802631579,0.8330862216760503,1.9956852045233437,0.6225484712098655,0.21580079879337585,0.6225484712098655,0.5743851696544272
212,0.21082393263067517,0.9278348214285714,0.914743351053515,0.9278348214285714,0.9277763913855684,0.3997737577087001,0.8340871710526315,0.7922757075824229,0.8340871710526315,0.833936343460293,2.0633740131526097,0.6196053458172336,0.21505950193399534,0.6196053458172336,0.5705120473637532
213,0.21317993879318237,0.9275669642857143,0.9144658330128763,0.9275669642857143,0.927523709165428,0.40286851713531896,0.8355263157894737,0.7914899832544039,0.8355263157894737,0.8354000856149176,1.9907596926208506,0.6257411598667848,0.2172006097068818,0.6257411598667848,0.5777161137201633
214,0.21117172283785685,0.926796875,0.9132721791335631,0.926796875,0.9267048294798034,0.4013247082107945,0.8354235197368421,0.7897646980812867,0.8354235197368421,0.8351364961702166,1.9676206661077231,0.619295543144325,0.21819898705564153,0.619295543144325,0.5716170084300934
215,0.21264033351625716,0.9282700892857143,0.915910053172511,0.9282700892857143,0.9282213455616883,0.40262208957421153,0.8335731907894737,0.7902483871341758,0.8335731907894737,0.8334103029320947,2.024307675533282,0.6215502181527155,0.21894206988045545,0.6215502181527155,0.5741969420489617
216,0.20926914981433323,0.9280245535714285,0.9163941373107677,0.9280245535714285,0.9279143111139463,0.4048914956419091,0.8330592105263158,0.792226409401985,0.8330592105263158,0.832647539199645,1.9826805474941718,0.6183489238659932,0.21658111647897166,0.6183489238659932,0.5693229650675026
217,0.2095978831393378,0.9288392857142858,0.9161982465248678,0.9288392857142858,0.9288132841479652,0.4019278178089543,0.8350123355263158,0.7943217564629202,0.8350123355263158,0.834844984011138,1.9311718763279695,0.6239856113869694,0.21336656642857812,0.6239856113869694,0.5745403624887654
218,0.20727145382336207,0.9302901785714286,0.9206740649824449,0.9302901785714286,0.9302653215856834,0.3992253871340501,0.8359375,0.7993607494377889,0.8359375,0.8357666902659595,2.077553707559266,0.6239081607187422,0.22019645113110634,0.6239081607187422,0.576991617140909
219,0.20676219139780316,0.9303683035714285,0.9181196877340846,0.9303683035714285,0.9303003703221834,0.40116312001880844,0.8329564144736842,0.7931757438648088,0.8329564144736842,0.8326181425408703,1.993472830828199,0.6231938934450918,0.2143109112272068,0.6231938934450918,0.5740987618828447
220,0.206642296399389,0.9299441964285714,0.9166120951005663,0.9299441964285714,0.9299127992702383,0.4029315678696883,0.8309004934210527,0.7877264042154322,0.8309004934210527,0.8306412189867273,1.9935983947444404,0.6229185132913952,0.2115010397680253,0.6229185132913952,0.5734449726391188
221,0.2090377366542816,0.927578125,0.9165705030164887,0.927578125,0.9275182656965412,0.4030518092607197,0.8326480263157895,0.7914576117216894,0.8326480263157895,0.8323306357981636,2.023918393210091,0.6224710205416384,0.2194405682411049,0.6224710205416384,0.5752284169574903
222,0.20828622238976616,0.9284709821428572,0.9175649550321273,0.9284709821428572,0.9284439640882431,0.3996830739473042,0.8353207236842105,0.7942713102522821,0.8353207236842105,0.8351999018014252,2.0130102637425473,0.6230045695894254,0.22061260507281175,0.6230045695894254,0.5768865247957767
223,0.2053447985649109,0.9307477678571429,0.9191105155240028,0.9307477678571429,0.9306980672952275,0.3980962681142907,0.8362458881578947,0.7931857388401341,0.8362458881578947,0.8359065869590355,2.0853746689618626,0.6230303864788345,0.21597408162982434,0.6230303864788345,0.5750825186337928
224,0.20704768674714225,0.9296428571428571,0.9168328975445819,0.9296428571428571,0.929609941350101,0.3997667729854584,0.8368626644736842,0.7944126389275648,0.8368626644736842,0.8365260660343942,2.0642003200469095,0.627806511019509,0.21985314979497791,0.627806511019509,0.5810965284922864
225,0.20756744648729053,0.9296540178571429,0.9197714860718785,0.9296540178571429,0.9296252929628375,0.40217286034634236,0.8361430921052632,0.7940626064574551,0.8361430921052632,0.8359752970959639,2.049982220371741,0.6209994578453224,0.2157146125991724,0.6209994578453224,0.5733070698360493
226,0.2056572493485042,0.9307142857142857,0.9192627700334322,0.9307142857142857,0.9306787847499056,0.4004621301826678,0.8329564144736842,0.7877587206229206,0.8329564144736842,0.8326284485010177,1.999397460158035,0.6254571740832853,0.21612612384078814,0.6254571740832853,0.5770423714810793
227,0.20259487211704255,0.9312723214285714,0.9174522826785614,0.9312723214285714,0.9312087513548619,0.3997602431397689,0.834703947368421,0.7885117704774111,0.834703947368421,0.834371474380201,2.047850694613121,0.6242179633916508,0.21553261332505752,0.6242179633916508,0.5760416033193793
228,0.20216453381947108,0.932734375,0.9222771988321484,0.932734375,0.9326997570257936,0.3989624898684652,0.8353207236842105,0.7944765344686981,0.8353207236842105,0.8351099359889282,2.0927837673378904,0.619811880932506,0.2158994489579671,0.619811880932506,0.5726691223562856
229,0.2031777858734131,0.9328683035714286,0.9209195444126953,0.9328683035714286,0.9328264056422849,0.40063910264717906,0.8340871710526315,0.791000921203054,0.8340871710526315,0.8338333595212304,2.034838658651723,0.6200786554563996,0.2133977169087137,0.6200786554563996,0.5712789554671104
230,0.20142488053866794,0.9326450892857143,0.9227452107512853,0.9326450892857143,0.9326520818346689,0.3990635103300998,0.8355263157894737,0.7928323449711393,0.8355263157894737,0.8353145184731927,1.9908168458893871,0.6250182869633314,0.21845312248066523,0.6250182869633314,0.5784261730452381
231,0.20291557720729284,0.9322209821428571,0.9208147763614003,0.9322209821428571,0.932162505755166,0.4017250381017986,0.8322368421052632,0.7913303340150338,0.8322368421052632,0.8320190540991653,1.9768632121302907,0.618237050678554,0.21563406238120061,0.618237050678554,0.5707083237893772
232,0.20200309123311724,0.9328794642857143,0.9226546295887419,0.9328794642857143,0.9328538884398023,0.39681762927456904,0.8377878289473685,0.7973086715324673,0.8377878289473685,0.8375034843400545,2.068367767574859,0.6205175425763535,0.21418229004390632,0.6205175425763535,0.572047290714428
233,0.20037610692637306,0.9319866071428572,0.9193246279382861,0.9319866071428572,0.9319486761170626,0.4011863705359007,0.8344983552631579,0.7940799825192025,0.8344983552631579,0.8344027008955383,1.9924632271012221,0.6194418388509763,0.21647035516938518,0.6194418388509763,0.5714602267944304
234,0.19985016635486058,0.9327901785714285,0.9190156750323645,0.9327901785714285,0.9327226068509474,0.3960798978805542,0.8363486842105263,0.7903333652753918,0.8363486842105263,0.8361315660619266,1.9690346359826005,0.6209994578453224,0.21573643862581712,0.6209994578453224,0.5728580601244732
235,0.20043025382927485,0.9336049107142858,0.9218434571530192,0.9336049107142858,0.9335314843328034,0.39796098753025655,0.8363486842105263,0.7971095667777399,0.8363486842105263,0.8359862960520146,1.945480451652965,0.6190029517310225,0.21443428900751046,0.6190029517310225,0.5705448436915894
236,0.19797610351017544,0.9338504464285714,0.9204355329500196,0.9338504464285714,0.9337748992512409,0.39829523155563756,0.8348067434210527,0.7915803446158917,0.8348067434210527,0.8345182501710774,1.9175141885332045,0.6179100367460393,0.2161666928132498,0.6179100367460393,0.5696849654972223
237,0.2005155749831881,0.9324888392857142,0.9211038781824337,0.9324888392857142,0.9324367254116479,0.4005892668899737,0.8349095394736842,0.7917120979022086,0.8349095394736842,0.8347846386119169,1.9171122582708908,0.6232885553729249,0.22180896380760268,0.6232885553729249,0.5768959567382905
238,0.19657565687383924,0.9346428571428571,0.9244680837938442,0.9346428571428571,0.9345818376422393,0.3988465666770935,0.8380962171052632,0.7970504220928633,0.8380962171052632,0.8378292731600886,1.9548307423209867,0.6211715704413827,0.21388368690587692,0.6211715704413827,0.5720941533851773
239,0.19767119424683707,0.9349330357142858,0.9240804322063884,0.9349330357142858,0.9349118251272552,0.40219233851683767,0.8357319078947368,0.7932812825278301,0.8357319078947368,0.8354574234132448,1.9963937942000352,0.6238737381995302,0.21808903563426413,0.6238737381995302,0.5756631212562108
240,0.19703001303332193,0.9335714285714286,0.9231246391145931,0.9335714285714286,0.9335438785712729,0.40004448671089976,0.8368626644736842,0.7958051340084685,0.8368626644736842,0.8366246328706252,2.010489125026612,0.6186845434283108,0.21374521450484682,0.6186845434283108,0.5701356837458006
241,0.19659629515239171,0.9339620535714286,0.9226162205071393,0.9339620535714286,0.933923976827271,0.3959816239382091,0.8367598684210527,0.7951699486578571,0.8367598684210527,0.8366455104589623,1.9750432252450993,0.6188566560243711,0.21664084457580188,0.6188566560243711,0.5708900870363199
242,0.19714897862502506,0.9348549107142857,0.9239394463180347,0.9348549107142857,0.9348026378689546,0.39655167334958125,0.8369654605263158,0.7962861563184155,0.8369654605263158,0.8367596042128344,1.9544104162196507,0.6166794316842078,0.21763824420313105,0.6166794316842078,0.5694829377033086
243,0.19599398340497698,0.934453125,0.9217539162355866,0.934453125,0.9343893461198346,0.3969190340293081,0.8384046052631579,0.7994226891985494,0.8384046052631579,0.838131819846475,2.012682539784186,0.6191406418078708,0.21547897022393744,0.6191406418078708,0.5711945819993821
244,0.19506207159587316,0.9351004464285714,0.9232426908219866,0.9351004464285714,0.9350903579780128,0.40304117296871383,0.8353207236842105,0.7909033640821901,0.8353207236842105,0.8350801524947324,1.9178439337241922,0.6251817939295887,0.21634859123597425,0.6251817939295887,0.5776839123320254
245,0.19829762407711574,0.933671875,0.923692674921412,0.933671875,0.9336308123488375,0.39871900489455775,0.8351151315789473,0.7913025372181826,0.8351151315789473,0.8349201389812687,2.042887723843007,0.6207154720618229,0.21574982783568528,0.6207154720618229,0.5728916523337078
246,0.1944980754171099,0.9363950892857142,0.9256883909946192,0.9363950892857142,0.9363512109596599,0.3981817756828509,0.8372738486842105,0.7993324410073727,0.8372738486842105,0.8370622483949354,1.9757402773567303,0.6191664586972797,0.21677879599951674,0.6191664586972797,0.5715554887060459
247,0.19901404525552477,0.9343638392857143,0.9253173649527595,0.9343638392857143,0.934371297174601,0.39740626906093796,0.8374794407894737,0.7945162695517076,0.8374794407894737,0.8374351997131256,1.9848663624187137,0.6229185132913952,0.21769093618392124,0.6229185132913952,0.5757894442153633
248,0.1979810290677207,0.9345424107142857,0.9258382484006892,0.9345424107142857,0.9345539185694611,0.3995200709292763,0.8348067434210527,0.7970111942082939,0.8348067434210527,0.8347647877517247,1.9669502299733659,0.6216793025997608,0.21638641833287284,0.6216793025997608,0.5744770762364582
249,0.1924158880540303,0.937109375,0.9268786458075889,0.937109375,0.9370759720028263,0.39822644779556676,0.8355263157894737,0.79256209472606,0.8355263157894737,0.8353395700630537,1.9193769747920195,0.6198979372305362,0.21436010010829257,0.6198979372305362,0.5708836590646214
250,0.19570575049945285,0.9365066964285714,0.9261009575404916,0.9365066964285714,0.9364739707995439,0.4000162545003389,0.835217927631579,0.7922821829413679,0.835217927631579,0.8351073313856793,1.9463202179749808,0.6263521595827991,0.2198121441997604,0.6263521595827991,0.5786556618833998
251,0.19491166421345302,0.9359375,0.9258555609384906,0.9359375,0.9358948027849083,0.4004699352540468,0.8334703947368421,0.7916345799872516,0.8334703947368421,0.8332483590856817,1.9093053047656376,0.6197258246344759,0.21506410216394964,0.6197258246344759,0.570982124826505
252,0.19294088823454722,0.9366852678571429,0.9258794730409036,0.9366852678571429,0.9366374637343402,0.4016135099687074,0.8343955592105263,0.7919131426567161,0.8343955592105263,0.8342885794207856,1.968828883978278,0.6175055721452974,0.21471153300930462,0.6175055721452974,0.5680214948254678
253,0.197827399628503,0.935390625,0.9261600451445613,0.935390625,0.935410010916678,0.40180098383050217,0.8329564144736842,0.7922128852120184,0.8329564144736842,0.8329637360506424,2.0460610781140818,0.6206380213935957,0.21479201746531595,0.6206380213935957,0.5725553812208528
254,0.19320284017494746,0.9364285714285714,0.9272927287623228,0.9364285714285714,0.936427405469173,0.40085639765388087,0.8344983552631579,0.7936059627668746,0.8344983552631579,0.834534280814638,2.0846342256762407,0.6188566560243711,0.21690343575070012,0.6188566560243711,0.5716645208483363
255,0.19087134071758816,0.938671875,0.9297622998374643,0.938671875,0.9386522957773064,0.39706116757894816,0.833984375,0.796320854822886,0.833984375,0.8340461508370217,2.0571088899205017,0.6164384740497233,0.2172534257295741,0.6164384740497233,0.5691704136673871
256,0.1886370847906385,0.9393080357142857,0.9306424282230547,0.9393080357142857,0.9392728809552758,0.40114106943732813,0.8351151315789473,0.7939123052940058,0.8351151315789473,0.8349255197368599,2.0921093718994896,0.6184005576448113,0.2179412987156383,0.6184005576448113,0.5707296586712547
257,0.1901800732101713,0.9383370535714286,0.9286359986678845,0.9383370535714286,0.9383008472647514,0.4021422925748323,0.8325452302631579,0.791909290124707,0.8325452302631579,0.8324429830400731,2.0001279810468544,0.6224365980224262,0.21668748621182735,0.6224365980224262,0.5740428882436996
258,0.1892399058171681,0.9374665178571429,0.9278593859334502,0.9374665178571429,0.9374140917079581,0.4022150588663001,0.8350123355263158,0.7985415124061621,0.8350123355263158,0.8347730991953997,2.047750971033597,0.6202593736822629,0.2143725424002096,0.6202593736822629,0.5703703294270293
259,0.1874713442155293,0.9385602678571429,0.9286565692047356,0.9385602678571429,0.9385514130050367,0.4033539969670145,0.8323396381578947,0.7913953833181392,0.8323396381578947,0.8322856230723704,2.008571968336476,0.6215502181527155,0.2162623305578719,0.6215502181527155,0.5735233389519648
260,0.19028505785124641,0.9380133928571428,0.9292312503271409,0.9380133928571428,0.9379793843282925,0.3974608669155522,0.8380962171052632,0.7976010370662652,0.8380962171052632,0.8378391770446241,2.099658209527666,0.6190373742502345,0.2180628202604624,0.6190373742502345,0.5720322988464482
261,0.1865403060402189,0.9387611607142857,0.9294213976790353,0.9387611607142857,0.9386870647012868,0.3964406612672304,0.8360402960526315,0.7930092803016567,0.8360402960526315,0.835523486056091,2.1321400740287735,0.6178239804480091,0.21157810237771452,0.6178239804480091,0.5672078488731004
262,0.18874310757432666,0.9379910714285714,0.9287723793105398,0.9379910714285714,0.9379686122306496,0.3967764942269576,0.8361430921052632,0.7940064569221257,0.8361430921052632,0.8359780232027475,2.1382981197639697,0.6231164427768646,0.2177060885429502,0.6231164427768646,0.5759208334051413
263,0.18802833812577383,0.9390625,0.9314035666778898,0.9390625,0.9390590504009132,0.3975501421250795,0.837890625,0.8002947621349151,0.837890625,0.8377732409342747,2.007926075839925,0.6232885553729249,0.21865802585337918,0.6232885553729249,0.5769217560975917
264,0.18659074476787021,0.9397991071428572,0.9296022968058696,0.9397991071428572,0.9397424829725406,0.39854215634496587,0.8362458881578947,0.7965960481491806,0.8362458881578947,0.83589968811082,2.066296094510471,0.6201733173842328,0.21346122314029012,0.6201733173842328,0.57092113914439
265,0.1860368308850697,0.9385267857142857,0.929497280287477,0.9385267857142857,0.9385510635080456,0.4014657124092704,0.8343955592105263,0.7943926908065724,0.8343955592105263,0.8344793443197949,1.929286406827917,0.6216018519315336,0.21722298799833856,0.6216018519315336,0.5741505179351687
266,0.18955894223281317,0.9373549107142857,0.927168125885362,0.9373549107142857,0.9373223976872624,0.4041460234867899,0.8370682565789473,0.7987397324120662,0.8370682565789473,0.8369357291848472,2.03132464211858,0.626816863592162,0.2162980445992218,0.626816863592162,0.5793672161482827
267,0.18738382569381168,0.9383147321428571,0.9294267434114631,0.9383147321428571,0.9382952220102623,0.39970215998197856,0.8364514802631579,0.7969745039249118,0.8364514802631579,0.8363533639239191,1.9758349134572348,0.6239511888677572,0.21749041827914303,0.6239511888677572,0.5766494980357407
268,0.18348723888397217,0.9405357142857143,0.9303502036394679,0.9405357142857143,0.9405048388209043,0.3991092302297291,0.8374794407894737,0.797169900432559,0.8374794407894737,0.8373473489346468,2.0559626072520802,0.6161889107854358,0.21238143272548074,0.6161889107854358,0.5676928393210099
269,0.18392539024353027,0.9414508928571429,0.9313418199491716,0.9414508928571429,0.9413986222655012,0.3925880413306387,0.842516447368421,0.7998263746134519,0.842516447368421,0.8422058001111198,2.128407020490389,0.6189082898031892,0.2093526207863751,0.6189082898031892,0.5686116883483521
270,0.18633727874074663,0.939609375,0.9307952291860725,0.939609375,0.9395531045364006,0.39672633534983587,0.8392269736842105,0.8022359965192891,0.8392269736842105,0.8391696032769893,2.065010183771749,0.6153455590647402,0.2183390607022184,0.6153455590647402,0.5677687455909745
271,0.18478937242712293,0.9405022321428571,0.9314417260996077,0.9405022321428571,0.9404528425970895,0.39498071607790497,0.8393297697368421,0.7996133731830591,0.8393297697368421,0.8390215768695297,2.0679746023011516,0.6210424859943375,0.21398020637379694,0.6210424859943375,0.572927202005333
272,0.18235117759023395,0.9408147321428572,0.9324384187282152,0.9408147321428572,0.9407690927616114,0.39792568746365997,0.8361430921052632,0.7953531125480365,0.8361430921052632,0.8358282043367389,2.0790215136226156,0.6152250802474979,0.21806262351175132,0.6152250802474979,0.5682096708987521
273,0.18516623062746865,0.9401450892857143,0.9314418568181055,0.9401450892857143,0.9401019160988199,0.3963503837585449,0.8389185855263158,0.7981519726250447,0.8389185855263158,0.8388002111171954,1.9848058364638008,0.6168429386504651,0.22302582998153134,0.6168429386504651,0.5706024256613642
274,0.1825062177010945,0.9409486607142857,0.9313690408772618,0.9409486607142857,0.9408928095173005,0.3987962352602105,0.8383018092105263,0.7955730461440277,0.8383018092105263,0.8377811752117832,2.0724266555751796,0.6195451064086125,0.21568920841500552,0.6195451064086125,0.5720183052317275
275,0.18350915091378348,0.9415736607142857,0.9336960460776588,0.9415736607142857,0.9415571881688007,0.39736021976721914,0.8381990131578947,0.795437142264506,0.8381990131578947,0.8380596378794675,2.0756419830756907,0.6209736409559133,0.21709986497750872,0.6209736409559133,0.5734239822350146
276,0.18263985540185657,0.9426339285714286,0.9332241941689118,0.9426339285714286,0.9425772431334339,0.39806400317894786,0.8389185855263158,0.7966642269071362,0.8389185855263158,0.8385072242406215,2.0569111009937235,0.6217051194891698,0.21437783017978837,0.6217051194891698,0.5739010667577755
277,0.18206161362784248,0.9423995535714286,0.9327747706579215,0.9423995535714286,0.9423695021397797,0.3926376621974142,0.839124177631579,0.799177448853894,0.839124177631579,0.8388473486598131,2.0005869111935737,0.6214383449652763,0.21268549933279615,0.6214383449652763,0.5731365992961847
278,0.1840339641911643,0.9406584821428572,0.931932443374474,0.9406584821428572,0.9406673318684061,0.39541684640081304,0.837171052631579,0.7963376775430783,0.837171052631579,0.8371439234753015,2.0242270531981035,0.6179616705248574,0.21516677950753024,0.6179616705248574,0.5707640461888324
279,0.180232578090259,0.9423660714285714,0.9346867115041287,0.9423660714285714,0.9423295937112035,0.39472147665525736,0.8381990131578947,0.7956001746460902,0.8381990131578947,0.8378184636440579,2.0129118778639468,0.6177121072605699,0.21467108074670657,0.6177121072605699,0.569976708887595
280,0.18298561692237855,0.9419419642857143,0.9331354228383965,0.9419419642857143,0.9419244767105509,0.3942450018305528,0.8362458881578947,0.7952734265525808,0.8362458881578947,0.8361017178666661,2.047444489062077,0.620319613090884,0.21744264258838106,0.620319613090884,0.5737178094399119
281,0.18044201638017382,0.9431473214285714,0.9335931485667383,0.9431473214285714,0.9431232153326629,0.39419421710466085,0.838610197368421,0.7988960594643009,0.838610197368421,0.8384037479134455,2.060629267902377,0.6188824729137802,0.21678677010382935,0.6188824729137802,0.5720234768950219
282,0.1829599896499089,0.9424665178571429,0.9330431076483537,0.9424665178571429,0.9424680515032271,0.39650300929420873,0.838610197368421,0.7984432501402546,0.838610197368421,0.8384837648222316,2.0299127790565406,0.6220493446812905,0.21612545810842315,0.6220493446812905,0.5754156094530272
283,0.18129746351923262,0.9428236607142857,0.9336285763503388,0.9428236607142857,0.9428426548579171,0.396840889202921,0.8406661184210527,0.8031573252258614,0.8406661184210527,0.840543023833269,2.0224517538965188,0.6212404154798069,0.21517986451661417,0.6212404154798069,0.5742806072959278
284,0.18019966074398586,0.9421763392857143,0.9352312973398972,0.9421763392857143,0.9421740486834254,0.39306676074078206,0.8374794407894737,0.8013954554335505,0.8374794407894737,0.8371105194845058,2.104492619695355,0.6221784291283358,0.21540680946956112,0.6221784291283358,0.5758335869674904
285,0.17887878954410552,0.9437834821428571,0.936329307791056,0.9437834821428571,0.9437651476596333,0.3991021984501889,0.8356291118421053,0.7961441360161167,0.8356291118421053,0.8355372794988086,2.041046056331097,0.6188394447647652,0.21976291122206196,0.6188394447647652,0.5732858575126297
286,0.17900137833186558,0.9433482142857142,0.9337387019756794,0.9433482142857142,0.9433059308148403,0.393582904025128,0.841077302631579,0.7971669539665037,0.841077302631579,0.84068618968921,2.0310770213123353,0.6213867111864582,0.21732418829187372,0.6213867111864582,0.5746232666259675
287,0.18046506089823586,0.9433816964285714,0.9345120811843649,0.9433816964285714,0.9433166525662204,0.39337116166165,0.8390213815789473,0.7982797634482378,0.8390213815789473,0.838546510110784,2.0463450160386465,0.6186845434283108,0.2187405025444205,0.6186845434283108,0.5720272726725856
288,0.18086927899292538,0.9416183035714286,0.9325484726594281,0.9416183035714286,0.9415834101321677,0.3989326749977313,0.8358347039473685,0.798365068497599,0.8358347039473685,0.8355843088231826,2.020181843751548,0.6241060902042116,0.21915096510773388,0.6241060902042116,0.5778701839826722
289,0.17987755979810444,0.9441071428571428,0.9358068624833128,0.9441071428571428,0.9440434887832365,0.3944605604598397,0.841796875,0.8005092789058971,0.841796875,0.8414203774165376,2.051826393269947,0.621825598306412,0.2164395970503182,0.621825598306412,0.5742258844099509
290,0.17632964398179735,0.94328125,0.934854039094241,0.94328125,0.9432608512552301,0.3966875311575438,0.8393297697368421,0.794026245118881,0.8393297697368421,0.8391003566153598,2.0675462380059435,0.622823851363562,0.2199577084474514,0.622823851363562,0.5764546415332901
291,0.17622780936104912,0.9438504464285714,0.9353608511459278,0.9438504464285714,0.9438204501520392,0.3965885403909181,0.8369654605263158,0.7968511376390898,0.8369654605263158,0.8368375416712496,2.1291301982745012,0.6183747407554022,0.22007603349001384,0.6183747407554022,0.5727310623523336
292,0.17673986341272083,0.9446540178571429,0.9359883549976409,0.9446540178571429,0.944626686899711,0.3961833982091201,0.838610197368421,0.7982042494768627,0.838610197368421,0.8383895383369598,2.1326307829655993,0.6201733173842328,0.22026796380863617,0.6201733173842328,0.5742778050515946
293,0.17575791324887957,0.9448883928571429,0.9351828342184424,0.9448883928571429,0.9448668740738216,0.39487356261203166,0.8385074013157895,0.7990986515169413,0.8385074013157895,0.838304322169814,2.1489161777103223,0.6216190631911397,0.22046017163178158,0.6216190631911397,0.5758011847497422
294,0.1793589551959719,0.943125,0.9344901576850589,0.943125,0.9431393440705025,0.39840849136051376,0.8393297697368421,0.798911825631891,0.8393297697368421,0.8393315543486943,2.038628803333947,0.6204917256869444,0.22235403155332523,0.6204917256869444,0.5751925555169446
295,0.17792520131383624,0.944765625,0.9374386003939513,0.944765625,0.9447760762040468,0.39631332535492747,0.8370682565789473,0.7969799786322068,0.8370682565789473,0.8370705859642915,2.0143766471582802,0.6204917256869444,0.221659213467986,0.6204917256869444,0.5752467289338471
296,0.1755939051934651,0.9451004464285714,0.9364907499479498,0.9451004464285714,0.94505031630604,0.3970774725863808,0.8404605263157895,0.8003080800288362,0.8404605263157895,0.840210465539004,2.0390283237431768,0.6158016574443,0.21787067520010153,0.6158016574443,0.5675369693472103
297,0.17475496181419917,0.9457924107142858,0.9369794065087435,0.9457924107142858,0.945770165602287,0.39354998500723587,0.8427220394736842,0.8026181768585768,0.8427220394736842,0.8425923688698471,2.1540070913238543,0.6181423887507207,0.2229186499017081,0.6181423887507207,0.5725074141215744
298,0.17660562319414957,0.9452120535714286,0.9381088146060714,0.9452120535714286,0.9452160752280091,0.3929281956271121,0.841077302631579,0.8026871535490626,0.841077302631579,0.840992999566061,2.06390243071151,0.6196225570768397,0.2197420389894394,0.6196225570768397,0.5731142503293553
299,0.17767034309250967,0.9437165178571428,0.9364858209281819,0.9437165178571428,0.9437038781893212,0.40155908779094096,0.8395353618421053,0.8038695939972429,0.8395353618421053,0.839423078680319,2.1703538776103666,0.6234176398199702,0.21925652316480002,0.6234176398199702,0.5765436779452227
300,0.17397873844419207,0.94609375,0.9389918583942084,0.94609375,0.9461018794413298,0.3925361852896841,0.8406661184210527,0.8041891715666656,0.8406661184210527,0.8405738658051145,2.0840237578456233,0.6257841880157999,0.21785631252384702,0.6257841880157999,0.5785423850352134
301,0.17393682675702232,0.9454017857142857,0.9366817319837869,0.9454017857142857,0.9453981104529414,0.39659351267312704,0.8407689144736842,0.8011016868563479,0.8407689144736842,0.8406622220364847,2.156853981047119,0.623348794781546,0.22206980512300897,0.623348794781546,0.5772607525902839
302,0.1726424046073641,0.9470758928571429,0.9388538363393002,0.9470758928571429,0.9470416921556554,0.3984529893649252,0.8404605263157895,0.801274172536996,0.8404605263157895,0.840163476305276,2.1227129536563534,0.6225570768396685,0.21554020791611966,0.6225570768396685,0.5736678631543987
303,0.17409524278981345,0.9456808035714286,0.9356165027798882,0.9456808035714286,0.9456634908730754,0.3972836748549813,0.8397409539473685,0.8017279751785775,0.8397409539473685,0.8394085731985353,2.1430658283912196,0.6222214572773509,0.22108560684931494,0.6222214572773509,0.5760878216988119
304,0.1738691087280001,0.9464174107142858,0.9381122387496655,0.9464174107142858,0.9464068251155405,0.39856179607541936,0.8374794407894737,0.7969524308889894,0.8374794407894737,0.8371886399470214,2.143235664519997,0.6202077399034448,0.21905307425626633,0.6202077399034448,0.5730677165979408
305,0.17380695981638772,0.9446651785714286,0.9380170348283084,0.9446651785714286,0.9446747002715375,0.39487165526339885,0.8394325657894737,0.7986563553624894,0.8394325657894737,0.8393899798507904,2.04560062132767,0.6209908522155194,0.22004848322176465,0.6209908522155194,0.5750901597841889
306,0.17170022674969265,0.9463950892857143,0.9377257208824566,0.9463950892857143,0.9463475864261383,0.39583281153126765,0.8379934210526315,0.796940895160486,0.8379934210526315,0.8376797964934399,2.1419664221171124,0.6216620913401547,0.21537282738546426,0.6216620913401547,0.5738993582096257
307,0.17179000462804522,0.947890625,0.9412763059322474,0.947890625,0.9478846100029439,0.39411813177560506,0.8412828947368421,0.8052954538810563,0.8412828947368421,0.8411734367545053,2.059645716280619,0.6206982608022168,0.21853064873681485,0.6206982608022168,0.5737316843221104
308,0.17229373233658926,0.9470535714285714,0.9401279921578185,0.9470535714285714,0.9470265635372003,0.39605904880322906,0.8401521381578947,0.8055890095149992,0.8401521381578947,0.8399000006970061,2.0459374768450242,0.6182886844573721,0.21850713197638671,0.6182886844573721,0.5701545903753299
309,0.17364893470491682,0.9450334821428571,0.9373339516063302,0.9450334821428571,0.9450395672480936,0.3970454146987514,0.836657072368421,0.7991705826229497,0.836657072368421,0.8366592529486742,2.029999993663482,0.6248547799970741,0.21934802526861577,0.6248547799970741,0.5781094834237369
310,0.16719650396278926,0.9480022321428572,0.940529992993788,0.9480022321428572,0.9479683566850672,0.39223946709381907,0.8402549342105263,0.8018489487237103,0.8402549342105263,0.8399461198641597,1.9748846146934889,0.6189599235820074,0.21610079782547742,0.6189599235820074,0.5707809834357046
311,0.17105473697185516,0.9459151785714286,0.9378193415616563,0.9459151785714286,0.9458532492854951,0.3920569702198631,0.8400493421052632,0.797999614788453,0.8400493421052632,0.8395744246302671,2.105225664171474,0.6194934726297944,0.2166562397077835,0.6194934726297944,0.5713033830779123
312,0.17134343360151563,0.9475,0.9392103923107626,0.9475,0.947476310318464,0.3938754357789692,0.8373766447368421,0.7939134097447283,0.8373766447368421,0.837081329442833,1.9884077457743847,0.6184091632746143,0.21741552835790534,0.6184091632746143,0.5701016741178883
313,0.17198634598936352,0.94765625,0.9400189090329248,0.94765625,0.9476460382327826,0.39154112025311116,0.8404605263157895,0.8016860903316205,0.8404605263157895,0.8405013499790298,2.057718648012516,0.6141063483731057,0.21937958527592458,0.6141063483731057,0.5668716079574148
314,0.17023688129016332,0.9475,0.9394674238276144,0.9475,0.9474840570198395,0.39459281375533656,0.8411800986842105,0.8017389426600278,0.8411800986842105,0.8410230334979779,2.0668505979401086,0.6223505417243961,0.21948327026274228,0.6223505417243961,0.5749099775883526
315,0.16776783892086575,0.9493526785714286,0.9422868836104514,0.9493526785714286,0.9493383039736891,0.3965222004212831,0.8395353618421053,0.7971636136400091,0.8395353618421053,0.8392741850453094,2.0531989767956786,0.6218169926766091,0.2201433328972671,0.6218169926766091,0.5749708183371368
316,0.1705863665682929,0.9480133928571428,0.9422708608137885,0.9480133928571428,0.9480240796254025,0.39609106434018987,0.8394325657894737,0.8024408497453555,0.8394325657894737,0.8395145232717366,2.0569745168272857,0.6196483739662487,0.22326630822851715,0.6196483739662487,0.5737895839293854
317,0.16674092888832093,0.9488727678571428,0.9417209926436945,0.9488727678571428,0.9488713812289864,0.3939964457562095,0.8399465460526315,0.8022177073145934,0.8399465460526315,0.8398534151628495,2.0985506262962703,0.622324724834987,0.2151940820207047,0.622324724834987,0.5747223887925973
318,0.171025173834392,0.94734375,0.9411682807778491,0.94734375,0.9473315216973968,0.3941862426306072,0.8396381578947368,0.8001027540519728,0.8396381578947368,0.83958747753317,2.0751632575926067,0.6164815021987384,0.21688332839677832,0.6164815021987384,0.5693555962430097
319,0.17142794013023377,0.9476450892857143,0.9414963077647818,0.9476450892857143,0.9476370880168681,0.3950417920162803,0.8384046052631579,0.8003614414753146,0.8384046052631579,0.8382244792565129,1.9725592714543443,0.6230303864788345,0.21553733561041466,0.6230303864788345,0.5755241244529061
320,0.16723200627735682,0.9482254464285714,0.9423448202971879,0.9482254464285714,0.9482056119022075,0.3926538181932349,0.83984375,0.8048129768164332,0.83984375,0.8398184641997839,2.044225699228425,0.6180133043036755,0.2179080259130301,0.6180133043036755,0.5709036149478823
321,0.16778568267822266,0.94921875,0.9398621641519153,0.94921875,0.9491914210765042,0.39366763830184937,0.8380962171052632,0.7959005311792634,0.8380962171052632,0.8377074329196953,1.9710168208841865,0.6197172190046728,0.21804511978595273,0.6197172190046728,0.5720182269977372
322,0.1685840222665242,0.9479241071428571,0.9395003275141258,0.9479241071428571,0.9479427232930906,0.3950264893080059,0.841077302631579,0.8000787170330479,0.841077302631579,0.8410127797642458,2.0931005217826453,0.6219977109024724,0.2231563433852199,0.6219977109024724,0.5768579738291941
323,0.16820052802562713,0.9479464285714285,0.9416263217771377,0.9479464285714285,0.9479405361209773,0.39285933343987717,0.8397409539473685,0.802002240268731,0.8397409539473685,0.8395893831709365,2.048373608490976,0.6228324569933651,0.21936819779110817,0.6228324569933651,0.5763162937678765
324,0.1682152329172407,0.9480133928571428,0.9409504237366118,0.9480133928571428,0.9480024967696413,0.39444318727443095,0.8384046052631579,0.8016248543253889,0.8384046052631579,0.8382559766542715,2.0595735433884332,0.6213608942970491,0.22529912811834735,0.6213608942970491,0.5768179885070043
325,0.16861837804317475,0.9491741071428571,0.9425157849218605,0.9491741071428571,0.9491654578212922,0.39389754439655106,0.8390213815789473,0.8023688963051381,0.8390213815789473,0.8389500404883032,2.076652099914625,0.6179100367460393,0.22170863993338424,0.6179100367460393,0.5716041915982095
326,0.16671075310025896,0.9503125,0.9438492253097797,0.9503125,0.950310813141493,0.39458024031237554,0.8393297697368421,0.8023026455826103,0.8393297697368421,0.8392957737468423,2.108989047459208,0.6184435857938263,0.214911562968706,0.6184435857938263,0.5700386703183599
327,0.16304537415504455,0.9501674107142857,0.9440932370607242,0.9501674107142857,0.950120506275728,0.39282775082086263,0.8413856907894737,0.8005166960868751,0.8413856907894737,0.8409686744282353,2.09534143722834,0.6154660378819824,0.21498310336621484,0.6154660378819824,0.5665077153228256
328,0.1667142357145037,0.9490959821428572,0.9413695694201504,0.9490959821428572,0.9490884759184267,0.3948649591521213,0.8397409539473685,0.8002299533980779,0.8397409539473685,0.8395361349378854,2.1846418167663897,0.621274837999019,0.21445684307750548,0.621274837999019,0.5732400136842656
329,0.16504552185535432,0.9492299107142858,0.9408528912538661,0.9492299107142858,0.9492152864832459,0.3978150832025628,0.8379934210526315,0.8023057403982127,0.8379934210526315,0.8378590018467231,2.13686823508424,0.6219632883832603,0.22430631038460927,0.6219632883832603,0.5759850153040107
330,0.16255317568778993,0.9504575892857143,0.9425311750110802,0.9504575892857143,0.9504491255816437,0.39691540755723653,0.8400493421052632,0.801534322652491,0.8400493421052632,0.8399469929644505,2.19698926512307,0.6217481476381849,0.2161642139683662,0.6217481476381849,0.5737033675174655
331,0.16604183835642677,0.9503794642857143,0.9435832618751311,0.9503794642857143,0.9503582743814634,0.39268550276756287,0.8408717105263158,0.8047218824368371,0.8408717105263158,0.8405998084173731,2.076477975228501,0.6251817939295887,0.2201203744741518,0.6251817939295887,0.5779246602902338
332,0.16434272680963788,0.9496316964285715,0.9441412597545247,0.9496316964285715,0.9496429951611531,0.3930595705383702,0.8403577302631579,0.8007553650377346,0.8403577302631579,0.8402674073119072,2.1575601772292656,0.6240974845744086,0.2186187621819364,0.6240974845744086,0.5769130944312906
333,0.16246806400162833,0.9498214285714286,0.9444806758869376,0.9498214285714286,0.9498155824503202,0.3925696705517016,0.841077302631579,0.8047624705430163,0.841077302631579,0.8410291994354105,2.2253319383817542,0.6214039224460642,0.21858412725126494,0.6214039224460642,0.5747021790275577
334,0.16589825442859105,0.9496540178571429,0.9432845969165233,0.9496540178571429,0.9496328212359577,0.3911796149454619,0.8409745065789473,0.8048289653715424,0.8409745065789473,0.8409435223846728,2.199068072759261,0.6205175425763535,0.2192682535902354,0.6205175425763535,0.5732830782301425
335,0.16520907981055125,0.9510491071428572,0.9445383113035414,0.9510491071428572,0.9510496067012868,0.3937837497184151,0.8427220394736842,0.8039951301103079,0.8427220394736842,0.8425731568179367,2.288927529503109,0.6225828937290776,0.2152810188958796,0.6225828937290776,0.5738504060188641
336,0.1646823778322765,0.9497544642857143,0.9433477094807349,0.9497544642857143,0.9497446309101213,0.3946943800700338,0.8401521381578947,0.8022569876974458,0.8401521381578947,0.8399477488614879,2.3057936570532003,0.6242782028002719,0.21918274068670326,0.6242782028002719,0.5779300016092132
337,0.16242075511387416,0.9505691964285714,0.9431832428680907,0.9505691964285714,0.95056354804645,0.3941635520834672,0.8429276315789473,0.8049190322333234,0.8429276315789473,0.8428369222210136,2.264101990112338,0.6170322625061315,0.21707130764216429,0.6170322625061315,0.5692839164871086
338,0.1633139763559614,0.9507366071428571,0.9446785856958417,0.9507366071428571,0.9507420891263041,0.39310427559049504,0.8394325657894737,0.8036859073879002,0.8394325657894737,0.839425150208725,2.1923506194077813,0.620242162422657,0.22107557317220033,0.620242162422657,0.5740969027918007
339,0.16125915237835475,0.9510602678571428,0.9448724696137505,0.9510602678571428,0.9510552275047495,0.39402942908437627,0.8385074013157895,0.8009846379931114,0.8385074013157895,0.8383489964522781,2.1712975344235197,0.6237532593822879,0.21884207410838014,0.6237532593822879,0.5765299702889115
340,0.1649859356880188,0.95125,0.9454225754082008,0.95125,0.9512623762634957,0.39463987319093,0.8401521381578947,0.802438163221335,0.8401521381578947,0.8402011974702353,2.16140504888223,0.619278331884719,0.21982983816284155,0.619278331884719,0.5727588467686014
341,0.16282085946628025,0.9510044642857143,0.9421954555621964,0.9510044642857143,0.950969692082292,0.3944501641549562,0.8385074013157895,0.798464887142272,0.8385074013157895,0.8383355626008688,2.1664597937183907,0.6147259537189229,0.21751484146436398,0.6147259537189229,0.5676346910999726
342,0.16212191896779196,0.9520647321428571,0.9459035974744633,0.9520647321428571,0.9520340449303278,0.39092237541550084,0.841077302631579,0.8052913236231044,0.841077302631579,0.8408058659156703,2.322709744907448,0.6193127544039311,0.2167922014208731,0.6193127544039311,0.5722683347580966
343,0.16266714649541036,0.950546875,0.9432344941864775,0.950546875,0.9505317095095573,0.3936279651365782,0.8394325657894737,0.8007042361644537,0.8394325657894737,0.8393373835679097,2.2648935074512937,0.6202077399034448,0.22239083983605482,0.6202077399034448,0.5749006884138657
344,0.16310055596487863,0.9504129464285714,0.942084769085601,0.9504129464285714,0.9503791981953097,0.39333266019821167,0.8424136513157895,0.8026367043776036,0.8424136513157895,0.8421908912414802,2.2118539003805013,0.6158791081125272,0.21571026541356914,0.6158791081125272,0.5681186767138012
345,0.16368889331817627,0.9511049107142857,0.9442749540485175,0.9511049107142857,0.9511092329698673,0.39486549559392425,0.8411800986842105,0.8021220500674026,0.8411800986842105,0.8410107334376601,2.1780992342662646,0.6211027254029586,0.22102965898180887,0.6211027254029586,0.5747140729142142
346,0.16054575528417314,0.9520870535714285,0.9449553640838403,0.9520870535714285,0.9520880658646882,0.3935857132861489,0.8414884868421053,0.805166746653151,0.8414884868421053,0.8413708745084648,2.199620846894543,0.6205777819849746,0.2212090120287713,0.6205777819849746,0.5744385885172918
347,0.15835282385349272,0.9537946428571429,0.9468405227531261,0.9537946428571429,0.9537701235212777,0.3936624479921241,0.8400493421052632,0.7997659379240387,0.8400493421052632,0.8397347863717282,2.2427737565483477,0.6190804023992496,0.21955320691070576,0.6190804023992496,0.571595515712345
348,0.1634872555732727,0.9505915178571429,0.9449848271691544,0.9505915178571429,0.9505772380700406,0.395792123518492,0.8379934210526315,0.8019483510816204,0.8379934210526315,0.8380557286977312,2.1773451822743315,0.6179960930440694,0.22443294828180158,0.6179960930440694,0.5730105716889796
349,0.16051322196211135,0.9526450892857142,0.9466141290412529,0.9526450892857142,0.9526521077560847,0.3932758852055198,0.837890625,0.7993792528201017,0.837890625,0.8379756436108168,2.2015129434946794,0.619304148774128,0.2205373811512195,0.619304148774128,0.5716458828270559
350,0.15945405151162828,0.9522321428571429,0.9460602181033817,0.9522321428571429,0.9521979761697328,0.392121495384919,0.8412828947368421,0.8061649886807128,0.8412828947368421,0.8411981839321673,2.1592298436121564,0.6169720230975104,0.21922527110168194,0.6169720230975104,0.5696874011441044
351,0.16145704933575222,0.9513950892857143,0.9447237632135436,0.9513950892857143,0.9513903059215217,0.3941070672712828,0.839124177631579,0.8039682529847696,0.839124177631579,0.8390771856646957,2.265279915960976,0.6199151484901423,0.22000880107632534,0.6199151484901423,0.5730910912172753
352,0.16136627197265624,0.9513839285714286,0.9442221600648936,0.9513839285714286,0.9513702901969191,0.39428726779787165,0.8411800986842105,0.8017430632422835,0.8411800986842105,0.8409830530163478,2.2207353861833816,0.6193815994423552,0.219491445932832,0.6193815994423552,0.5718344982391838
353,0.16402757287025452,0.9525669642857143,0.9459531744498237,0.9525669642857143,0.9525301872861435,0.3939102605769509,0.841077302631579,0.8033201771636425,0.841077302631579,0.8410258832619507,2.2990518590315983,0.6121958985568359,0.2210508058609378,0.6121958985568359,0.5657766115758383
354,0.16225452865873063,0.9513392857142857,0.9444559856228807,0.9513392857142857,0.9513205617178715,0.3919425920436257,0.8403577302631579,0.8057122521067929,0.8403577302631579,0.8401280885939713,2.174378383972435,0.6197086133748698,0.22370630721630208,0.6197086133748698,0.5742696710119222
355,0.16005393692425318,0.9518191964285714,0.9457073968455315,0.9518191964285714,0.9518335680040515,0.38990102002495214,0.8439555921052632,0.8075875007261771,0.8439555921052632,0.8438206893349919,2.1595179977722125,0.6200270216775815,0.2236558312559859,0.6200270216775815,0.5751073431447832
356,0.15866083187716348,0.9518415178571429,0.9455409803397484,0.9518415178571429,0.9518105192027043,0.3924329704359958,0.8415912828947368,0.8086839074160735,0.8415912828947368,0.8413056159590023,2.1829824226946464,0.6205347538359595,0.22140639718413077,0.6205347538359595,0.5741580481821971
357,0.15870555196489605,0.9536160714285714,0.9478866467945662,0.9536160714285714,0.9536097439568727,0.3921910853762376,0.8427220394736842,0.8090926327985348,0.8427220394736842,0.8427081440264823,2.164040482614707,0.616748276722632,0.22258380241426262,0.616748276722632,0.5703927571098392
358,0.15840133343424115,0.9529910714285714,0.9463779840280305,0.9529910714285714,0.9529898610229117,0.38874503342728867,0.8446751644736842,0.8098464222278732,0.8446751644736842,0.8446046025703321,2.217667695752805,0.6190201629906285,0.2231270318785343,0.6190201629906285,0.572659546168945
359,0.15724653133324215,0.9533705357142858,0.9466264477223003,0.9533705357142858,0.9533649739590713,0.39066457277850103,0.8411800986842105,0.8036554280031761,0.8411800986842105,0.8410438035497814,2.1785902579895593,0.6173248539194341,0.2215979307123936,0.6173248539194341,0.5713198300689997
360,0.1554036442722593,0.9548549107142857,0.9483931213633384,0.9548549107142857,0.9548413029578933,0.3929172487635362,0.8406661184210527,0.8049461852764823,0.8406661184210527,0.8404935752028064,2.2876876438847784,0.61625775582386,0.2236448789906468,0.61625775582386,0.5694215629724525
361,0.1603354847431183,0.9523214285714285,0.9452536708773269,0.9523214285714285,0.9523206545838858,0.39197318961745814,0.8412828947368421,0.8083707668692101,0.8412828947368421,0.8411930984201321,2.1821011661663543,0.6247429068096348,0.2234560225941579,0.6247429068096348,0.5789696706811014
362,0.15696867930037633,0.9538058035714285,0.9473071760030379,0.9538058035714285,0.9537822859320207,0.3893583526736812,0.8414884868421053,0.8107609556905978,0.8414884868421053,0.8413177841869369,2.1517936327988356,0.6226775556569107,0.2200025499749629,0.6226775556569107,0.5762514516748214
363,0.15806107925517218,0.9543861607142857,0.9493653790431138,0.9543861607142857,0.9544046537421712,0.3865502633546528,0.8411800986842105,0.8054404355078375,0.8411800986842105,0.8411126394232987,2.1053548294161204,0.6234606679689854,0.22083363497545944,0.6234606679689854,0.5773945187626328
364,0.15617119486842837,0.9551450892857143,0.9498533129327085,0.9551450892857143,0.9551368829331315,0.38734115111200434,0.8471422697368421,0.8150870944855202,0.8471422697368421,0.8470061774468989,2.1520256362515293,0.6198721203411272,0.22247714940360566,0.6198721203411272,0.5733019303803338
365,0.15557629270212991,0.9545089285714285,0.9484043814648471,0.9545089285714285,0.9544697235301823,0.38654463228426483,0.8420024671052632,0.802163018238972,0.8420024671052632,0.8415472044042387,2.199602966130995,0.6194762613701884,0.21392141834458206,0.6194762613701884,0.5696660579847553
366,0.15732530329908642,0.953984375,0.9488734109272016,0.953984375,0.9539822399068484,0.3918151510389228,0.8385074013157895,0.8065354987762393,0.8385074013157895,0.8383807770483586,2.086976926882753,0.6225226543204564,0.22275224568403998,0.6225226543204564,0.5765049711972716
367,0.15483769297599792,0.9545200892857143,0.9492998715268429,0.9545200892857143,0.9544955243877858,0.39067973431787995,0.8456003289473685,0.8107443572322423,0.8456003289473685,0.8456312673162542,2.103841644910691,0.619295543144325,0.22545505543498362,0.619295543144325,0.5745557218518422
368,0.15455410744462694,0.9534598214285714,0.9476678225072217,0.9534598214285714,0.9534237331123983,0.38804849197990016,0.8431332236842105,0.8070895265893572,0.8431332236842105,0.8429572666711764,2.1541464448526053,0.6179014311162362,0.22041212112972894,0.6179014311162362,0.5714114469976964
369,0.1568196679864611,0.953671875,0.9463633833901227,0.953671875,0.9536424499280831,0.3912480991137655,0.84375,0.8097586773535635,0.84375,0.8435329736511771,2.1133606344740734,0.6210941197731557,0.22055159396893861,0.6210941197731557,0.574527150573567
370,0.15778212513242448,0.9526785714285714,0.9465535029228771,0.9526785714285714,0.9526611016116564,0.3929805928154996,0.8387129934210527,0.8010345492422782,0.8387129934210527,0.8385522385539389,2.0164679897851947,0.6213436830374431,0.2221185933113714,0.6213436830374431,0.5743847251022622
371,0.1558066165447235,0.953984375,0.9478820140599863,0.953984375,0.9539594860289703,0.3903713414543553,0.843030427631579,0.8050625432350829,0.843030427631579,0.8427044045028594,2.0932470542787924,0.6216104575613366,0.22103788977449113,0.6216104575613366,0.5747264876170182
372,0.15276237062045506,0.9547321428571428,0.9488346330419438,0.9547321428571428,0.9546947019577967,0.3916344297559638,0.841077302631579,0.8030350998968772,0.841077302631579,0.840912792413028,2.0912075532844745,0.6180046986738724,0.2228182283289367,0.6180046986738724,0.571409624736959
373,0.15382359547274455,0.9543080357142857,0.9488459607596077,0.9543080357142857,0.9543246737979045,0.3903235071583798,0.83984375,0.8015647665463412,0.83984375,0.839626329267085,2.120671273820742,0.621799781417003,0.21816754584989845,0.621799781417003,0.5744990877659588
374,0.15223190452371324,0.9556808035714286,0.9503881082091811,0.9556808035714286,0.9556711504744909,0.3866573038854097,0.8435444078947368,0.8089338795288913,0.8435444078947368,0.8434265070925273,2.1379519696151656,0.6163782346411022,0.2192514682306642,0.6163782346411022,0.5692324006176713
375,0.1524866859827723,0.9552232142857143,0.9486111104365343,0.9552232142857143,0.9551844503616863,0.3892882732968581,0.8438527960526315,0.805375143447194,0.8438527960526315,0.8435718058068686,2.227737654109295,0.6152939252859221,0.21643781727085035,0.6152939252859221,0.5675664417525258
376,0.1554418786934444,0.9559151785714286,0.9503461460481498,0.9559151785714286,0.955921196925457,0.38789811573530497,0.8427220394736842,0.8073480622409605,0.8427220394736842,0.8426676179942638,2.2115960580827068,0.6186329096494927,0.21831093134632112,0.6186329096494927,0.5729456888604455
377,0.15241607563836235,0.956171875,0.9500868450550543,0.956171875,0.9561657300958459,0.38642684409492895,0.8478618421052632,0.8141512738741216,0.8478618421052632,0.8478238362557035,2.230635256551553,0.6174195158472673,0.22076755855260216,0.6174195158472673,0.572635480003617
378,0.15279173799923487,0.9547433035714286,0.9499619028209343,0.9547433035714286,0.9547604600139816,0.3879366987629941,0.8432360197368421,0.8062909497638339,0.8432360197368421,0.843284581018235,2.232996915661558,0.6178239804480091,0.21843968949265186,0.6178239804480091,0.5729198099146295
379,0.1545536014011928,0.9557142857142857,0.9484311670658591,0.9557142857142857,0.9556915307088645,0.3900937751719826,0.844469572368421,0.8082289830966628,0.844469572368421,0.8444434805027082,2.2039351429730853,0.6160340094489816,0.22462911239540467,0.6160340094489816,0.5714431909297613
380,0.1512364142707416,0.9565848214285714,0.9505133266960947,0.9565848214285714,0.9565677503274518,0.3875742052730761,0.8436472039473685,0.8101582867878364,0.8436472039473685,0.8434823616585833,2.1692146922048705,0.61725600888101,0.2193521281260651,0.61725600888101,0.5703695807334734
381,0.1541883130158697,0.9539285714285715,0.9455238064965871,0.9539285714285715,0.9538942725572507,0.3891447359009793,0.8433388157894737,0.8055480673502368,0.8433388157894737,0.8430101606625326,2.2421895978795527,0.6176432622221457,0.2213493530605097,0.6176432622221457,0.5712287251877256
382,0.15228297655071532,0.9558928571428571,0.9494510489323525,0.9558928571428571,0.9558805760157671,0.38971897018583196,0.8420024671052632,0.806438906225068,0.8420024671052632,0.8418399526210066,2.1623748105632,0.6134351092484703,0.21972123669592386,0.6134351092484703,0.5667210120073671
383,0.15210795862334114,0.9560379464285714,0.9492970870225843,0.9560379464285714,0.9560123229161506,0.38807366866814463,0.8452919407894737,0.8097847425994582,0.8452919407894737,0.8451272407771245,2.246538450911549,0.6197946696729,0.2209225538478783,0.6197946696729,0.5729302395816351
384,0.151526132779462,0.9561383928571429,0.9488913248288026,0.9561383928571429,0.9560894625051494,0.39017649700767115,0.8413856907894737,0.8088272941628546,0.8413856907894737,0.8408861639679394,2.153075549257467,0.6130736727967436,0.21504681528191166,0.6130736727967436,0.5651625732333114
385,0.150020155949252,0.9568303571428571,0.9501681889406708,0.9568303571428571,0.9568009235073024,0.39356286117905065,0.8416940789473685,0.8078400707849097,0.8416940789473685,0.8415445757077994,2.129822858338918,0.6176174453327367,0.21789938736550302,0.6176174453327367,0.5693472003238256
386,0.1497039070725441,0.9567745535714286,0.9507346349684819,0.9567745535714286,0.9567447945423554,0.3904665034068258,0.8432360197368421,0.8073201510499902,0.8432360197368421,0.8428920581948123,2.159417811650017,0.6194848669999914,0.21969233885106407,0.6194848669999914,0.5724029823885056
387,0.15149098098278047,0.9562053571428571,0.9504593274808907,0.9562053571428571,0.9562196624939737,0.390985170477315,0.842516447368421,0.8057752450336426,0.842516447368421,0.8424273422633829,2.0136562938022466,0.6210683028837466,0.22041186269441596,0.6210683028837466,0.5744560597879903
388,0.1522806296178273,0.9560267857142857,0.9505973811879297,0.9560267857142857,0.9560206141135595,0.39124033639305517,0.8407689144736842,0.8034956476045029,0.8407689144736842,0.8405643060967646,2.1504263004667763,0.6216879082295638,0.22290848845831737,0.6216879082295638,0.5752055715369199
389,0.15085523681981222,0.9561383928571429,0.9513048808649157,0.9561383928571429,0.9561147013301456,0.3917309735950671,0.8431332236842105,0.8102295503633535,0.8431332236842105,0.8430962114912315,2.1228134717606686,0.6190287686204314,0.22176266969126543,0.6190287686204314,0.5728916713323692
390,0.15018643783671515,0.9561272321428571,0.9512960733079808,0.9561272321428571,0.9561123510439629,0.3913236417268452,0.8441611842105263,0.8101408900656992,0.8441611842105263,0.8439211408741443,2.230306309982685,0.6191578530674767,0.21915970479944788,0.6191578530674767,0.5722916470033232
391,0.14854256766183035,0.9567410714285715,0.9515618772960224,0.9567410714285715,0.956734142357782,0.38982684518161576,0.8431332236842105,0.8068474559626141,0.8431332236842105,0.8431633137861851,2.22197079777099,0.6120065747011695,0.21943953222727183,0.6120065747011695,0.5645540248906171
392,0.15118124318974357,0.9564732142857143,0.951303260319867,0.9564732142857143,0.9564545753376666,0.38848351961687994,0.840563322368421,0.8027696609456549,0.840563322368421,0.8404135925336426,2.1119080294719725,0.6160512207085875,0.2233492550820226,0.6160512207085875,0.5702087423724326
393,0.14850718285356249,0.9566294642857143,0.9516931798799358,0.9566294642857143,0.9566299239167293,0.3852659385455282,0.8451891447368421,0.8113875818526971,0.8451891447368421,0.8451166099259988,2.1930258612225972,0.6146829255699078,0.21991134121561653,0.6146829255699078,0.5683301079629284
394,0.14862753314631325,0.9578683035714286,0.9519574862740132,0.9578683035714286,0.9578378127787953,0.3920115154040487,0.8426192434210527,0.8086469991495769,0.8426192434210527,0.8424006033827813,2.1517217087008884,0.6156295448482397,0.22391130785774843,0.6156295448482397,0.5704962055492298
395,0.14729763375861304,0.9574888392857143,0.9530895597187302,0.9574888392857143,0.957496627586956,0.3908079988078067,0.8439555921052632,0.8103586789937633,0.8439555921052632,0.8439545083047789,2.240140893258803,0.6188738672839772,0.2201446076348042,0.6188738672839772,0.572991681573918
396,0.14792677279029573,0.95765625,0.9525533625691265,0.95765625,0.9576323551665564,0.39434018103699936,0.8406661184210527,0.8062021344922391,0.8406661184210527,0.8404785500769281,2.290131931952133,0.6181940225295388,0.22240500149626335,0.6181940225295388,0.5733254699519112
397,0.1484528123480933,0.9563616071428571,0.9490925324587275,0.9563616071428571,0.956344172959449,0.3942860223745045,0.8420024671052632,0.8026221086670728,0.8420024671052632,0.8417946245610074,2.13786756425136,0.6176002340731307,0.22431444828673416,0.6176002340731307,0.5725507806763745
398,0.14796367317438125,0.9569977678571429,0.9501393911245716,0.9569977678571429,0.9569852411753614,0.397708208937394,0.8369654605263158,0.8007594138578902,0.8369654605263158,0.8367605760157294,2.183960099161309,0.618271473197766,0.21964968063060258,0.618271473197766,0.5714551295286754
399,0.1495085433125496,0.9568526785714285,0.9513203038735838,0.9568526785714285,0.9568473001983007,0.3949077192105745,0.8395353618421053,0.8006987119492506,0.8395353618421053,0.8394549006134884,2.1796281282382037,0.6193557825529461,0.2249433764942726,0.6193557825529461,0.5741445328845194
400,0.15065661455903734,0.9567857142857142,0.9506790569162229,0.9567857142857142,0.9567814168059918,0.39077943563461304,0.8433388157894737,0.8070098147825907,0.8433388157894737,0.8432417077564426,2.0854127650697825,0.6188136278753561,0.22258927275482704,0.6188136278753561,0.5727550259760742
401,0.1483464430485453,0.9570200892857142,0.9527412596711669,0.9570200892857142,0.9570250289330753,0.39188528217767415,0.8412828947368421,0.8037544361632195,0.8412828947368421,0.8411170529138046,2.1498877196201445,0.6195795289278245,0.21967832790366892,0.6195795289278245,0.5725834518070723
402,0.14801254212856294,0.957578125,0.9522001110260556,0.957578125,0.957546827560781,0.39255030217923614,0.8413856907894737,0.8037550214190572,0.8413856907894737,0.8412879652957583,2.1881973214643247,0.6136502499935458,0.22016690740818814,0.6136502499935458,0.5668547499717215
403,0.1471860008580344,0.9587834821428571,0.9537071185233386,0.9587834821428571,0.958756393282755,0.39274106370775325,0.8411800986842105,0.8073468480606493,0.8411800986842105,0.8411045577095405,2.1585566409067947,0.6171785582127828,0.22050406557269256,0.6171785582127828,0.5696970535817534
404,0.14849763631820678,0.9573883928571428,0.9513388670638783,0.9573883928571428,0.9573736942642354,0.39097752853443746,0.8429276315789473,0.8051436544244037,0.8429276315789473,0.842871124414177,2.163405156952768,0.6133576585802432,0.2191930274698856,0.6133576585802432,0.56627576687232
405,0.14673132768699101,0.9569196428571428,0.950430873634614,0.9569196428571428,0.9569038100498714,0.3947304612711856,0.8423108552631579,0.8076290226156256,0.8423108552631579,0.8422078358534919,2.1437587448310618,0.6175658115539185,0.2234681742213736,0.6175658115539185,0.5721519966243527
406,0.14989104283707483,0.9565178571428572,0.9511993200802495,0.9565178571428572,0.9565217988974163,0.39389057535874217,0.8401521381578947,0.803292080349527,0.8401521381578947,0.8402023840375517,2.168829947374834,0.6108189977883531,0.22480348668643174,0.6108189977883531,0.5665164688264179
407,0.1465434913124357,0.958671875,0.9542807804992108,0.958671875,0.9586770469637155,0.391591909684633,0.8442639802631579,0.8138023824798507,0.8442639802631579,0.8442846541412028,2.142029564143649,0.6185726702408716,0.22258531007809795,0.6185726702408716,0.5725988212649018
408,0.14553905005965914,0.9585714285714285,0.953089211106971,0.9585714285714285,0.9585587228273391,0.39343790945253876,0.8424136513157895,0.8047198487319959,0.8424136513157895,0.8422564372622856,2.150107572338517,0.6152939252859221,0.21869323381059627,0.6152939252859221,0.5687514153557363
409,0.1458515468239784,0.9585491071428571,0.9540112808330912,0.9585491071428571,0.9585572209284201,0.39464490664632695,0.839124177631579,0.7986363200425073,0.839124177631579,0.8390061137066084,2.175587589217169,0.6199581766391573,0.22204460301899995,0.6199581766391573,0.5744014418987714
410,0.14577453242880958,0.9580803571428571,0.9524820852944688,0.9580803571428571,0.9580707498105803,0.39500044992095545,0.8427220394736842,0.8071511308350356,0.8427220394736842,0.8427002734481475,2.257420233132834,0.6151132070600587,0.2223068172674086,0.6151132070600587,0.5683580820776822
411,0.1451705613732338,0.9593191964285714,0.9536690418476148,0.9593191964285714,0.9592892235110334,0.389172795571779,0.8432360197368421,0.8079089175664758,0.8432360197368421,0.8430209001458303,2.230713933831183,0.6167396710928289,0.21825628103441547,0.6167396710928289,0.5689314447814391
412,0.1457617743100439,0.9586941964285715,0.9529517811516384,0.9586941964285715,0.9586917114654748,0.393551788832012,0.8431332236842105,0.8080684195725366,0.8431332236842105,0.8429751000285767,2.14910087861983,0.6166966429438139,0.2166550276699757,0.6166966429438139,0.5697815884123664
413,0.14792425023657935,0.9572544642857143,0.9522485278332455,0.9572544642857143,0.9572472967174641,0.3981467328573528,0.8422080592105263,0.8052081493427742,0.8422080592105263,0.8421467712141005,2.1700859728392374,0.6168257273908591,0.22391396764030752,0.6168257273908591,0.5725887815298668
414,0.14444744591202055,0.9589955357142858,0.9539387887758836,0.9589955357142858,0.9589819069480694,0.39278040591039154,0.8408717105263158,0.8063901864239574,0.8408717105263158,0.8405549099794655,2.1958456516581837,0.6187447828369319,0.21797096457606555,0.6187447828369319,0.5706433099613296
415,0.14376083727393832,0.9605915178571428,0.955393814501102,0.9605915178571428,0.9605865914963774,0.38832912476439224,0.84375,0.8067955750387205,0.84375,0.843555364346791,2.180778624739527,0.6148894606851802,0.21327222253714753,0.6148894606851802,0.5652695900102415
416,0.14186855341706958,0.9603236607142858,0.9548574137483323,0.9603236607142858,0.9602970556434843,0.39418853897797435,0.8423108552631579,0.8068965348274774,0.8423108552631579,0.8418597612520307,2.132921934220136,0.6152078689878919,0.21320983624267856,0.6152078689878919,0.5659243469999187
417,0.1425187670333045,0.9601897321428572,0.9553052324263491,0.9601897321428572,0.9601584700555582,0.39110205048008967,0.842516447368421,0.8044287300225731,0.842516447368421,0.8421459429267136,2.23786915536048,0.6121700816674268,0.2130354261760509,0.6121700816674268,0.5623665444907053
418,0.14291330043758665,0.9607254464285714,0.9561270764386739,0.9607254464285714,0.9607184038234553,0.39360084816029195,0.8416940789473685,0.8033596419157147,0.8416940789473685,0.8416761459722139,2.2030813212866738,0.6162405445642539,0.21872049457777795,0.6162405445642539,0.5682142835813376
419,0.14357304219688688,0.9593638392857143,0.9520473745411786,0.9593638392857143,0.9593501791734523,0.3992841447654523,0.8407689144736842,0.8008537203062895,0.8407689144736842,0.8406450893921139,2.1518912819420115,0.6143645172671962,0.22044045585136132,0.6143645172671962,0.5676344570657376
420,0.14458387230123793,0.9590959821428572,0.954778751994018,0.9590959821428572,0.9590890283621814,0.40132646027364227,0.8394325657894737,0.8012482750055524,0.8394325657894737,0.8393174889887028,2.2048351298379543,0.6139772639260604,0.218956802406091,0.6139772639260604,0.5660412556045059
421,0.14582703607422964,0.9591294642857143,0.9529546409365344,0.9591294642857143,0.9591142125831132,0.4002936607912967,0.8385074013157895,0.7989826495604745,0.8385074013157895,0.8383293317153617,2.1144939716269153,0.6154316153627704,0.2181846388081001,0.6154316153627704,0.5680775481195074
422,0.14133557732616153,0.9610714285714286,0.9565967213228733,0.9610714285714286,0.9610579220079202,0.39624144215332835,0.8411800986842105,0.8061320027907716,0.8411800986842105,0.841042056341738,2.1824921702211806,0.6174109102174643,0.21628856513647646,0.6174109102174643,0.5691022199111779
423,0.14229600076164517,0.9594754464285714,0.9530304349612975,0.9594754464285714,0.9594559881370059,0.3945186640086927,0.8424136513157895,0.8063924953300701,0.8424136513157895,0.8421241300638421,2.1439275143186585,0.6175916284433276,0.2173448890379555,0.6175916284433276,0.5697834581032107
424,0.1443291179197175,0.9593303571428572,0.9541130964807224,0.9593303571428572,0.9593203325736109,0.3942152057823382,0.8396381578947368,0.8039295966606055,0.8396381578947368,0.8394723145845456,2.1320447206392554,0.6199495710093543,0.22285338757334036,0.6199495710093543,0.5734684604684914
