global_round,train_loss,train_accuracy,train_f1_macro,train_f1_micro,train_f1_weighted,dev_loss,dev_accuracy,dev_f1_macro,dev_f1_micro,dev_f1_weighted,test_loss,test_accuracy,test_f1_macro,test_f1_micro,test_f1_weighted
1,0.6376025920199062,0.8361482418111753,0.5926249080622448,0.8361482418111753,0.798602512785266,0.6371492178816545,0.8342927631578947,0.5836209112286016,0.8342927631578947,0.7952373712833785,0.6437416553822681,0.7754566449716566,0.5472629324466349,0.7754566449716566,0.7128661767276945
2,0.5492231300341142,0.842914559248555,0.5573639839722856,0.842914559248555,0.7898609936204559,0.5487470093526339,0.8406661184210527,0.5432377411448694,0.8406661184210527,0.7846662277695623,0.5677376412904841,0.7711526348939743,0.5028644564561252,0.7711526348939743,0.6910265570238536
3,0.4514805701541533,0.8770923651252408,0.7139574905107353,0.8770923651252408,0.8552246374092698,0.45227614358851786,0.8741776315789473,0.7048801186519991,0.8741776315789473,0.8512921371604838,0.48711612668579024,0.801595633004409,0.6283412182568009,0.801595633004409,0.7590811732969701
4,0.38048931077725623,0.8920475072254336,0.7692878030476871,0.8920475072254336,0.879344296506998,0.3826612971330944,0.8881578947368421,0.7588095949083062,0.8881578947368421,0.8745040596061487,0.4353521486465455,0.8170270837707327,0.6805062434447885,0.8170270837707327,0.7881093082142977
5,0.33436761426098777,0.8906099470134875,0.7599086663598686,0.8906099470134875,0.8757545591827967,0.33757910759825455,0.8858963815789473,0.7471622580626731,0.8858963815789473,0.8698397261511688,0.4099335600892811,0.8118832668486248,0.6639797791736732,0.8118832668486248,0.7788390066275754
6,0.3023795459656357,0.8897293473025049,0.7540355568155729,0.8897293473025049,0.87350824332141,0.3065027218115957,0.8856907894736842,0.7430543309719984,0.8856907894736842,0.8684516148534474,0.3988367397445304,0.8085240394709217,0.6518828441152786,0.8085240394709217,0.772195048623181
7,0.28421915079931764,0.8972558405587668,0.7827985103519595,0.8972558405587668,0.8859096728006016,0.28898194745967265,0.8920641447368421,0.7688818655621219,0.8920641447368421,0.8794024911466497,0.39557797013274165,0.8189166491706907,0.6875346255963208,0.8189166491706907,0.7919255875038823
8,0.26780640952619283,0.9003115968208093,0.7951265248608412,0.9003115968208093,0.8911267825520176,0.27288641035556793,0.8930921052631579,0.7774786521045252,0.8930921052631579,0.8825398220313375,0.39749833194368056,0.8208062145706487,0.6974257294421564,0.8208062145706487,0.7969738834797432
9,0.25688803428514845,0.9030211343930635,0.804969773028936,0.9030211343930635,0.8954034635849065,0.2624786041284862,0.8949424342105263,0.7866935981835643,0.8949424342105263,0.8862262941667968,0.4015713085678729,0.8232206592483728,0.7065847926860676,0.8232206592483728,0.8018976187080114
10,0.24913255103750725,0.9045640655105973,0.8118696095626019,0.9045640655105973,0.8982288543612275,0.2548689528515464,0.8951480263157895,0.7916708657671858,0.8951480263157895,0.8878430459036653,0.4048690945504469,0.8262649590594163,0.7161623771718901,0.8262649590594163,0.8072433601322776
11,0.24386738731681956,0.9064080563583815,0.8185710265382439,0.9064080563583815,0.9011262619381175,0.24980197062617854,0.8963815789473685,0.7980555651662458,0.8963815789473685,0.8903557065647894,0.40741516111929726,0.8276296451816082,0.7221120976604227,0.8276296451816082,0.8103369908859728
12,0.23974121868725226,0.9057381984585742,0.8136403052011341,0.9057381984585742,0.8993151488806319,0.24570217728614807,0.89453125,0.7903246556539225,0.89453125,0.8871465307156322,0.4124686761786401,0.8262649590594163,0.7157979054838524,0.8262649590594163,0.807088072001594
13,0.23676240412600927,0.9073262885356455,0.8205840888941454,0.9073262885356455,0.902166806953211,0.24273360716669182,0.897203947368421,0.7994339286538982,0.897203947368421,0.8911580981546254,0.41282519224484426,0.8290993071593533,0.7244814220409064,0.8290993071593533,0.8119540932779314
14,0.23321347573129658,0.9075370303468208,0.8201234791807828,0.9075370303468208,0.9021263579416979,0.23913922670640445,0.8969983552631579,0.79846795672567,0.8969983552631579,0.8907695885223287,0.41770927705310257,0.8292042830149066,0.7240168832811907,0.8292042830149066,0.8118012325233396
15,0.23066137710977383,0.9092229648362236,0.8297221062141291,0.9092229648362236,0.905810343301275,0.2368374968829908,0.8992598684210527,0.8091713924909276,0.8992598684210527,0.8950546612860737,0.41344604300972093,0.8305689691370984,0.7325996488220792,0.8305689691370984,0.8159908080496399
16,0.22789668778463595,0.9091552263969171,0.8267849538760192,0.9091552263969171,0.9048992521755083,0.23393486675463224,0.899671052631579,0.8068350939509665,0.899671052631579,0.8945502079356732,0.4188779245498124,0.829414234726013,0.7275365912562721,0.829414234726013,0.8133761576338666
17,0.2259548570321934,0.9094638126204239,0.8292234527032746,0.9094638126204239,0.9057765957037387,0.23196691509924436,0.899671052631579,0.808719673660951,0.899671052631579,0.8951153484970931,0.41769668605681504,0.830359017425992,0.7312967249793245,0.830359017425992,0.8153558071591731
18,0.22456999938497194,0.9100057201348748,0.8318772418232679,0.9100057201348748,0.9068270306514936,0.23049218011529823,0.9013157894736842,0.8134649254425367,0.9013157894736842,0.8973153906322419,0.4203697936814697,0.8315137518370774,0.7344633018572266,0.8315137518370774,0.8171727320536336
19,0.22410439864978166,0.9103067798651252,0.8303707976644938,0.9103067798651252,0.9065215056304226,0.23006464305676913,0.9000822368421053,0.808675230983051,0.9000822368421053,0.8952970991171815,0.42025238175415175,0.830359017425992,0.7306433861419193,0.830359017425992,0.8150816743307097
20,0.22146386987671457,0.9108336343930635,0.8349262484395121,0.9108336343930635,0.9081300282627268,0.2277288578058544,0.901110197368421,0.8147517846177844,0.901110197368421,0.8975996927850618,0.42098579194248914,0.8317237035481839,0.7362677905983759,0.8317237035481839,0.8180157614163236
21,0.22038294621859902,0.9109841642581888,0.8357383239593423,0.9109841642581888,0.9084429174748961,0.22648594332368752,0.9015213815789473,0.8162940240537238,0.9015213815789473,0.8982542899985964,0.4259384254460172,0.8318286794037372,0.7369006971178513,0.8318286794037372,0.8183244190785517
22,0.2209598596040913,0.9111422206165704,0.834168832714569,0.9111422206165704,0.908053761216879,0.2268272152072505,0.9025493421052632,0.8165783530353721,0.9025493421052632,0.8988316777130516,0.42181443232036353,0.8320386311148436,0.7354492395311208,0.8320386311148436,0.8178086443075127
23,0.21897025236963996,0.9112325385356455,0.8358600863906644,0.9112325385356455,0.9085988475472622,0.22483394726326592,0.9021381578947368,0.8171578754509328,0.9021381578947368,0.8988066027928989,0.4244098398907205,0.83224858282595,0.7375576242161838,0.83224858282595,0.8187780410034492
24,0.21816476751729014,0.9115486512524085,0.8389008389001906,0.9115486512524085,0.9096482231737947,0.22412320265644475,0.90234375,0.8200759677516699,0.90234375,0.8997674102093105,0.42124498003099287,0.83224858282595,0.7403113272250861,0.83224858282595,0.8199210750177891
25,0.21649240896191901,0.9118572374759152,0.8401593977506836,0.9118572374759152,0.9101676227104625,0.22273685822361394,0.9033717105263158,0.8227858149272688,0.9033717105263158,0.9010622366890261,0.43029617339704257,0.8320386311148436,0.7404877283332043,0.8320386311148436,0.8199030395478183
26,0.2161211647050229,0.9121131382466281,0.8410936670946316,0.9121131382466281,0.9105659863076133,0.2219831700387754,0.9021381578947368,0.821249808531349,0.9021381578947368,0.9000121193723495,0.4272845922436455,0.8323535586815033,0.7410242070092847,0.8323535586815033,0.8202613394128996
27,0.21499001919534166,0.9121357177263969,0.8417928464936024,0.9121357177263969,0.9107811684530472,0.22062216228560397,0.9025493421052632,0.8227165354330709,0.9025493421052632,0.9006415728281704,0.4294420998686631,0.8320386311148436,0.7414821545071553,0.8320386311148436,0.8203135108729825
28,0.21541254724840667,0.9120755057803468,0.8385613530164084,0.9120755057803468,0.9098042728378752,0.22058244127976268,0.9033717105263158,0.8211441802853644,0.9033717105263158,0.9005792655939366,0.42735844339964996,0.8326684862481629,0.7394457329926734,0.8326684862481629,0.8197436046981741
29,0.21451293638331353,0.9122185091522158,0.840206174536904,0.9122185091522158,0.9103575062563799,0.2199381338922601,0.9031661184210527,0.8221372973695629,0.9031661184210527,0.9007720289778621,0.43189124927885164,0.8329834138148225,0.7409977420497558,0.8329834138148225,0.8205231387421897
30,0.21308145544317647,0.9125722543352601,0.8442287558143435,0.9125722543352601,0.9117040404481799,0.21901497950679377,0.9039884868421053,0.8278298080892903,0.9039884868421053,0.9028349241654784,0.4350218771636774,0.8320386311148436,0.7431473549145549,0.8320386311148436,0.820998601094251
31,0.2125922216098892,0.9125948338150289,0.8437772639690071,0.9125948338150289,0.9115842223258461,0.21833620181209162,0.9037828947368421,0.8266951707504249,0.9037828947368421,0.9024046308677878,0.4332068903391636,0.8324585345370564,0.7430117465983425,0.8324585345370564,0.8211264859583439
32,0.212734697038498,0.912655045761079,0.8413914960852737,0.912655045761079,0.9109178472034242,0.2180120011693553,0.9025493421052632,0.8207301313303319,0.9025493421052632,0.900059408728059,0.43591418129642445,0.8321436069703968,0.7399979363119231,0.8321436069703968,0.8197459439987136
33,0.21145079154270002,0.9127227842003853,0.8419744595878765,0.9127227842003853,0.9111215960213035,0.21666713215802846,0.9029605263157895,0.8220317120120657,0.9029605263157895,0.9006412249302559,0.439702587057106,0.8319336552592904,0.7402754869070618,0.8319336552592904,0.8197697951369147
34,0.21127380470894205,0.912858261078998,0.8441395294803591,0.912858261078998,0.911819168925651,0.2170882413261815,0.905016447368421,0.8287477956832734,0.905016447368421,0.9036066756182336,0.436376539656727,0.8321436069703968,0.7426753159911327,0.8321436069703968,0.8208505647228806
35,0.21112793431346358,0.912910946531792,0.8420528973658294,0.912910946531792,0.9112364572306715,0.21649660013223948,0.9037828947368421,0.8231800302007792,0.9037828947368421,0.9013775717391154,0.4415981741405049,0.8319336552592904,0.7397734728965928,0.8319336552592904,0.8195621790239732
36,0.2096491087378794,0.9129034200385356,0.8446863230794728,0.9129034200385356,0.9120000978151924,0.2153966967996798,0.9046052631578947,0.828683668223994,0.9046052631578947,0.9033860158025634,0.44386767985664094,0.83224858282595,0.7432743921191887,0.83224858282595,0.8211426745708266
37,0.20957362559948814,0.913144267822736,0.8466870851563524,0.913144267822736,0.9126975530277314,0.2154167702323512,0.903577302631579,0.828102173747757,0.903577302631579,0.9027108490886991,0.43929533751451894,0.8316187276926307,0.7446192677530987,0.8316187276926307,0.8214166327500814
38,0.20888792233889733,0.913114161849711,0.8453590558112123,0.913114161849711,0.9122990605126549,0.21454128936717384,0.9043996710526315,0.8287350788913123,0.9043996710526315,0.9032996909005803,0.44054588639833786,0.8319336552592904,0.7431323330830812,0.8319336552592904,0.8209464536402735
39,0.2092214597385513,0.9131969532755299,0.8461250521125412,0.9131969532755299,0.9125615521666887,0.2149513740288584,0.9048108552631579,0.8299707352989252,0.9048108552631579,0.9038599891588712,0.44663036507817344,0.8320386311148436,0.7442081650386319,0.8320386311148436,0.8214335193027034
40,0.20861660010093439,0.9130087909441233,0.8467587125712892,0.9130087909441233,0.9126508463814862,0.21407325644242137,0.9039884868421053,0.829661314811625,0.9039884868421053,0.9033638887578155,0.4388955142876943,0.831303800125971,0.7443790603685619,0.831303800125971,0.8211795325070612
41,0.20860818866819775,0.9134904865125241,0.8449207471593034,0.9134904865125241,0.912357333306388,0.2140352012295472,0.9046052631578947,0.827665188657663,0.9046052631578947,0.9030901355369672,0.44668969581439016,0.8323535586815033,0.7425080626274054,0.8323535586815033,0.8208733895571214
42,0.20862235510739746,0.913227059248555,0.8472417321175043,0.913227059248555,0.9128983529821416,0.21417687990163503,0.9037828947368421,0.8292142519525535,0.9037828947368421,0.9031332612589452,0.441281170447584,0.8308838967037582,0.743457078829297,0.8308838967037582,0.8206178092964531
43,0.20794277992781418,0.9135431719653179,0.847260243877467,0.9135431719653179,0.9130607700779491,0.21384365621366,0.9046052631578947,0.8298521145448843,0.9046052631578947,0.9037241776593544,0.448828489858514,0.8309888725593113,0.7433776540919398,0.8309888725593113,0.8206316713822488
44,0.20802142196882206,0.9136861753371869,0.8467031410761445,0.9136861753371869,0.9129707825590021,0.2136837479315306,0.9046052631578947,0.8295204174003845,0.9046052631578947,0.9036283227855852,0.44449600545443485,0.8314087759815243,0.7430563131998507,0.8314087759815243,0.8206850076739741
45,0.20794903399397643,0.913573277938343,0.8482315490754138,0.913573277938343,0.9133551698721903,0.21370667689724973,0.9041940789473685,0.8307590301712552,0.9041940789473685,0.90378152249357,0.4440802986597329,0.8308838967037582,0.7445942883459288,0.8308838967037582,0.8210814470636869
46,0.20720844220563855,0.9133249036608864,0.8480824224398107,0.9133249036608864,0.9131885291164711,0.2125378055007834,0.9043996710526315,0.8313641530275472,0.9043996710526315,0.9040574240140885,0.441513444767663,0.8315137518370774,0.745732899630599,0.8315137518370774,0.8218240658386953
47,0.20693923245849866,0.9136560693641619,0.8486523972267346,0.9136560693641619,0.9135172141029178,0.21257957737696798,0.9043996710526315,0.8313641530275472,0.9043996710526315,0.9040574240140885,0.4450780743314217,0.8310938484148646,0.7451929808987009,0.8310938484148646,0.8214181585825431
48,0.2062917926235695,0.9135883309248555,0.8486200291419315,0.9135883309248555,0.9134741301439272,0.21208616542188743,0.9052220394736842,0.8331331872814123,0.9052220394736842,0.9049740015086812,0.4413045462179454,0.8315137518370774,0.745732899630599,0.8315137518370774,0.8218240658386953
49,0.2062768914049531,0.9134829600192679,0.8487383587126655,0.9134829600192679,0.9134554012013404,0.21223020945724688,0.905016447368421,0.8328507417391149,0.905016447368421,0.9047906472882292,0.44467935944064035,0.8315137518370774,0.7460131989750245,0.8315137518370774,0.8219380611872474
50,0.20567093290000982,0.9136711223506744,0.8493705742083117,0.9136711223506744,0.9137303800671451,0.21158937247175919,0.9052220394736842,0.8336077839034759,0.9052220394736842,0.9051098266006503,0.4487411961469384,0.8321436069703968,0.7477028808391357,0.8321436069703968,0.8229043114056807
51,0.2058206342433459,0.913716281310212,0.8486846640581392,0.913716281310212,0.9135565058045755,0.2120529664190192,0.9046052631578947,0.8316464379459113,0.9046052631578947,0.9042406968857549,0.4499293604794105,0.8315137518370774,0.7453577283699517,0.8315137518370774,0.82167134742367
52,0.20474205738891757,0.9136184368978806,0.8488502634456632,0.9136184368978806,0.9135551380034714,0.2114881755490052,0.905016447368421,0.8328507417391149,0.905016447368421,0.9047906472882292,0.4533375873551658,0.8317237035481839,0.7462364790863157,0.8317237035481839,0.8221220456731939
53,0.20518100632063915,0.9139345496146436,0.8488974025545002,0.9139345496146436,0.9137263817985001,0.21193162861623263,0.9052220394736842,0.8326549763431442,0.9052220394736842,0.9048368880302814,0.4503127907019765,0.8315137518370774,0.7453577283699517,0.8315137518370774,0.82167134742367
54,0.20520609393285189,0.9135281189788054,0.8495106704261333,0.9135281189788054,0.9136987691353499,0.2119859017823872,0.9052220394736842,0.8339221926527274,0.9052220394736842,0.9051996673849422,0.43994406515776596,0.831303800125971,0.7466255667406467,0.831303800125971,0.822093293171584
55,0.2045083078690347,0.9138291787090559,0.8501728098124154,0.9138291787090559,0.914038664121057,0.21170614424504733,0.905016447368421,0.8344203154841905,0.905016447368421,0.905238727380651,0.45355783567793,0.8311988242704178,0.7467908085002389,0.8311988242704178,0.822113452391155
56,0.20522655802195702,0.9140474470134875,0.8482388449161411,0.9140474470134875,0.9135931380976232,0.21240536319582085,0.9052220394736842,0.8315248756011444,0.9052220394736842,0.9045118709688508,0.4555151541518885,0.8309888725593113,0.7429944097380486,0.8309888725593113,0.82047500240521
57,0.20469781187917455,0.9140700264932563,0.8497129941712637,0.9140700264932563,0.914027834868179,0.21163074280086316,0.905016447368421,0.8330094836388281,0.905016447368421,0.904836091792392,0.4512803232171769,0.831303800125971,0.7454160558918209,0.831303800125971,0.8216020397525129
58,0.20464524437237336,0.9144839836223507,0.8499946329585568,0.9144839836223507,0.9143152020902401,0.21183952846025167,0.9041940789473685,0.8312430405057086,0.9041940789473685,0.9039203414672873,0.4605270351228308,0.8307789208482049,0.7442943305685125,0.8307789208482049,0.8209128087440956
59,0.20364987916225183,0.9138216522157996,0.8505647001350463,0.9138216522157996,0.9141465572031191,0.2111318550611797,0.9043996710526315,0.8335786873351201,0.9043996710526315,0.9046898295109762,0.45518669176321935,0.8307789208482049,0.746068571271334,0.8307789208482049,0.8216335286910509
60,0.2041665582355966,0.9141452914258189,0.8503442568962538,0.9141452914258189,0.9142460480941058,0.21181672497799522,0.9041940789473685,0.8323582315630029,0.9041940789473685,0.9042392019670822,0.45250221913586186,0.8309888725593113,0.7458280079972848,0.8309888725593113,0.8216295174768687
61,0.20385227503115042,0.9141076589595376,0.8507257577626813,0.9141076589595376,0.914336072759822,0.21176119227158396,0.9041940789473685,0.8326732661572751,0.9041940789473685,0.904329023877161,0.45315412896384766,0.8311988242704178,0.7466064390363976,0.8311988242704178,0.8220387476716757
62,0.2035596334520792,0.9142130298651252,0.8506439364715321,0.9142130298651252,0.9143655722212151,0.21145030934559672,0.9052220394736842,0.8343908503379127,0.9052220394736842,0.9053333742569847,0.45393746733390156,0.8308838967037582,0.746087448453334,0.8308838967037582,0.8216879876019411
63,0.20371654692872182,0.9144839836223507,0.8505579568491927,0.9144839836223507,0.914476627178385,0.21177904150987925,0.9046052631578947,0.8322865809705979,0.9046052631578947,0.9044241268217964,0.45629496149423115,0.8311988242704178,0.7456785228648135,0.8311988242704178,0.8216621650260564
64,0.20336424790480692,0.9145065631021194,0.8512083982536034,0.9145065631021194,0.9146738311267945,0.2112997856579329,0.9052220394736842,0.8342350233129916,0.9052220394736842,0.9052889452382088,0.4438163511347125,0.8309888725593113,0.7461988222802962,0.8309888725593113,0.8217799277596654
65,0.2019793663985008,0.914378612716763,0.8522220432541211,0.914378612716763,0.9148979787228568,0.21027784049510956,0.9058388157894737,0.8369201388085666,0.9058388157894737,0.9063619177020422,0.4544872610153032,0.8318286794037372,0.748919842053307,0.8318286794037372,0.8232560813145258
66,0.20234833505571692,0.9146646194605009,0.8515316737510802,0.9146646194605009,0.9148453324168251,0.21100506108058126,0.9066611842105263,0.836828840587549,0.9066611842105263,0.9067489684262686,0.45205726224085174,0.8307789208482049,0.7457908746810697,0.8307789208482049,0.8215209637493884
67,0.20207229592552076,0.9146570929672447,0.8524614113595119,0.9146570929672447,0.9151062659764793,0.2106214150002128,0.9060444078947368,0.8368983711981717,0.9060444078947368,0.9064592404483316,0.4467723610870182,0.8316187276926307,0.7480612209902044,0.8316187276926307,0.8228151843324406
68,0.2013292237398482,0.9148527817919075,0.8519323628618892,0.9148527817919075,0.9150540143841143,0.21005633551823466,0.9060444078947368,0.8359818940553575,0.9060444078947368,0.9061986820680227,0.45663863410475175,0.8309888725593113,0.7460136177821304,0.8309888725593113,0.8217048247596992
69,0.20109146552049126,0.9149280467244701,0.852810422829345,0.9149280467244701,0.9153418619520685,0.20984412337604322,0.9064555921052632,0.837309526286172,0.9064555921052632,0.9067826785093269,0.45545961486174485,0.8316187276926307,0.7477873024028743,0.8316187276926307,0.8227043882226348
70,0.20146583649464425,0.9153420038535646,0.8523822225389865,0.9153420038535646,0.9154276239318765,0.21015608938116775,0.9060444078947368,0.835207570739374,0.9060444078947368,0.9059777692896989,0.4595339103528939,0.8308838967037582,0.7451572924986811,0.8308838967037582,0.8213104460622138
71,0.2015772489166903,0.9151764210019268,0.8513944170947183,0.9151764210019268,0.9150621110826961,0.21033515741950587,0.9066611842105263,0.8354319291819292,0.9066611842105263,0.9063495562197762,0.46240596128766487,0.8307789208482049,0.7441999215337591,0.8307789208482049,0.8208743583138565
72,0.20068103198486026,0.915123735549133,0.8531191757159117,0.915123735549133,0.9155281209205329,0.20962748402043394,0.9064555921052632,0.8371576402956551,0.9064555921052632,0.9067395105967616,0.4560000754168573,0.8315137518370774,0.7475842938806976,0.8315137518370774,0.8225753333217884
73,0.20014322757261566,0.915010838150289,0.8539667393307708,0.915010838150289,0.915711514286305,0.20904166055353066,0.9081003289473685,0.8413504614661886,0.9081003289473685,0.9087561913536811,0.4565935978963549,0.8325635103926097,0.7506896290602544,0.8325635103926097,0.8242996326468454
74,0.20019829830222965,0.915214053468208,0.8534787274320573,0.915214053468208,0.915675763813318,0.2089907668138805,0.9076891447368421,0.8399023082233319,0.9076891447368421,0.9081389152160787,0.46038292072761866,0.8315137518370774,0.747767219156865,0.8315137518370774,0.8226493438415949
75,0.19961488097618998,0.9149205202312138,0.853028534829422,0.9149205202312138,0.9154000359613043,0.20868009485696493,0.9066611842105263,0.8381945543538791,0.9066611842105263,0.9071372480085181,0.4630889957776571,0.8320386311148436,0.7485985178898242,0.8320386311148436,0.8232202518017038
76,0.2010154429830338,0.9160419677263969,0.8524642771039288,0.9160419677263969,0.9158006875512511,0.20985749912889382,0.9056332236842105,0.8333809851225666,0.9056332236842105,0.9052497431798247,0.46618197935608136,0.8318286794037372,0.7455988141343661,0.8318286794037372,0.8219089797928719
77,0.1997075710510243,0.9157710139691715,0.8539275740966122,0.9157710139691715,0.9160836255436391,0.20853938789744125,0.9072779605263158,0.8387397722089309,0.9072779605263158,0.9076021714455087,0.45867374197114746,0.8314087759815243,0.7471057453055869,0.8314087759815243,0.8223347043160415
78,0.19955511241864146,0.9155000602119461,0.8548534613310694,0.9155000602119461,0.9162097446882135,0.20831122602287092,0.9087171052631579,0.8424877359274965,0.9087171052631579,0.9093890582811482,0.45635574586797406,0.83224858282595,0.7496369356400949,0.83224858282595,0.8237337858572324
79,0.1997659788081182,0.9157484344894027,0.8546156766257053,0.9157484344894027,0.9162678316150379,0.2083829508015984,0.9087171052631579,0.8420513108561639,0.9087171052631579,0.9092656212930887,0.45669587870342954,0.8320386311148436,0.7486894972470868,0.8320386311148436,0.8232570417281204
80,0.1994731042369023,0.9156581165703276,0.8539771979612646,0.9156581165703276,0.916040979415131,0.20817523724154421,0.9078947368421053,0.8398870914316634,0.9078947368421053,0.9082379930965427,0.4635948142583896,0.8319336552592904,0.7480304998373719,0.8319336552592904,0.8229434863410604
81,0.19951349192501722,0.9153269508670521,0.8549026121849179,0.9153269508670521,0.9161359914642889,0.20807747778139615,0.9087171052631579,0.8427768907329327,0.9087171052631579,0.909470707714932,0.4529050280510716,0.8326684862481629,0.7508012889419862,0.8326684862481629,0.8243918025644615
82,0.19983628676461346,0.9157785404624278,0.8544910870721918,0.9157785404624278,0.9162476423694366,0.20839746453260122,0.908922697368421,0.8420416983138888,0.908922697368421,0.9093664575517212,0.4539895129884563,0.8323535586815033,0.7490244542015659,0.8323535586815033,0.8235333346511073
83,0.19918390350534737,0.9158538053949904,0.8546456538682426,0.9158538053949904,0.9163294538851309,0.20805724435730985,0.9085115131578947,0.8413285682837032,0.9085115131578947,0.9089572767731737,0.4525967608248014,0.8318286794037372,0.7482842660371865,0.8318286794037372,0.8229992771164558
84,0.1990796690788802,0.9155903781310212,0.8553853184758944,0.9155903781310212,0.9164057347194893,0.20817500431286662,0.9081003289473685,0.8416419301375595,0.9081003289473685,0.9088385212540467,0.4589355008932014,0.8320386311148436,0.7498632762278405,0.8320386311148436,0.8237307930383553
85,0.19947280437615567,0.9154022157996147,0.8546051845688332,0.9154022157996147,0.9160900354648263,0.20851887135129227,0.9085115131578947,0.8420603028019105,0.9085115131578947,0.9091644410567966,0.4509278660733585,0.8321436069703968,0.7493448762265515,0.8321436069703968,0.8235688343070616
86,0.1987276292605207,0.9156731695568401,0.8553610252348547,0.9156731695568401,0.9164408144540336,0.20818406108178591,0.9087171052631579,0.8424877359274965,0.9087171052631579,0.9093890582811482,0.4612874508579814,0.8314087759815243,0.7485645153412113,0.8314087759815243,0.8229243601149231
87,0.19926365707536195,0.9160494942196532,0.8545956807470346,0.9160494942196532,0.9164137661528057,0.20834269805958397,0.907483552631579,0.839022272115904,0.907483552631579,0.9077857146515093,0.45966213120649324,0.8310938484148646,0.7464950147669598,0.8310938484148646,0.821946782083681
88,0.19937537636371017,0.9164258188824663,0.8548831382854423,0.9164258188824663,0.9166847243391871,0.2088049579607813,0.9076891447368421,0.8390041198903043,0.9076891447368421,0.9078837198780505,0.47376129318379867,0.831303800125971,0.7464406063217579,0.831303800125971,0.8220182791925759
89,0.1985511271308153,0.9165161368015414,0.8563128060566189,0.9165161368015414,0.9171363566922416,0.20786931797077782,0.9095394736842105,0.8434742720196219,0.9095394736842105,0.9100830481282863,0.4646962333596506,0.8314087759815243,0.7479294260996838,0.8314087759815243,0.8226679611635423
90,0.19854830486811195,0.9162903420038536,0.8568345163199407,0.9162903420038536,0.9171694510566184,0.20808462484886772,0.9095394736842105,0.8444784531559066,0.9095394736842105,0.9103666958142589,0.4588145900493456,0.8316187276926307,0.7489678567485581,0.8316187276926307,0.8231812622724345
91,0.19831076918998894,0.9162903420038536,0.8566584586716358,0.9162903420038536,0.917119799679031,0.2077733011622178,0.9097450657894737,0.8444760790389008,0.9097450657894737,0.9104700466007304,0.45529938411142,0.8308838967037582,0.7479176005972952,0.8308838967037582,0.8224278624985797
92,0.2003711276976589,0.9167946170520231,0.8532818607584884,0.9167946170520231,0.9164102724957094,0.21002269967606194,0.907483552631579,0.8359411258900014,0.907483552631579,0.9069044420788762,0.4776801596087316,0.8299391140037792,0.7413014287654078,0.8299391140037792,0.8193203956143903
93,0.19813970081608648,0.9164107658959537,0.8568408662218776,0.9164107658959537,0.9172323142287981,0.2080667246329157,0.9091282894736842,0.8431972506305259,0.9091282894736842,0.9097972156762781,0.4612923237973593,0.8305689691370984,0.7475840908947631,0.8305689691370984,0.8221519748957484
94,0.19800893299152397,0.9163806599229287,0.8563876793126426,0.9163806599229287,0.9170890569038406,0.20759026314082898,0.9091282894736842,0.8429079702564723,0.9091282894736842,0.9097154233996126,0.46428330670928797,0.8314087759815243,0.748202198554596,0.8314087759815243,0.8227781448678474
95,0.19746582769934154,0.9164107658959537,0.8572393285764317,0.9164107658959537,0.917344636694679,0.2075086557551434,0.9081003289473685,0.8419319620728254,0.9081003289473685,0.9089203373071101,0.4653022869930231,0.8317237035481839,0.7497080576035847,0.8317237035481839,0.8235266510926904
96,0.1984384816735696,0.917050517822736,0.8570334536761759,0.917050517822736,0.9176103563835735,0.20835545580638082,0.908922697368421,0.8418949200017287,0.908922697368421,0.909324821703744,0.4683529463180744,0.8308838967037582,0.7469159475833992,0.8308838967037582,0.8220234187484661
97,0.19806697826854067,0.9169601999036608,0.8570603190235178,0.9169601999036608,0.9175723683429364,0.20780054519051,0.9087171052631579,0.8421971465924745,0.9087171052631579,0.9093068959036833,0.4597508883791613,0.8308838967037582,0.747007502590157,0.8308838967037582,0.8220604364661013
98,0.19694371900462002,0.9171408357418112,0.8564348034374709,0.9171408357418112,0.9174858322331411,0.2070957179132261,0.9083059210526315,0.8400048617828759,0.9083059210526315,0.9084778557518631,0.46160889537850525,0.831303800125971,0.7466255667406467,0.831303800125971,0.822093293171584
99,0.19765536418195404,0.9166064547206165,0.85722824089994,0.9166064547206165,0.9174408155048948,0.2079175702835384,0.9087171052631579,0.8427768907329327,0.9087171052631579,0.909470707714932,0.4594863712124381,0.8309888725593113,0.7481192943662753,0.8309888725593113,0.8225563166524065
100,0.19715660876506555,0.9168096700385356,0.8573317790205526,0.9168096700385356,0.9175730159768574,0.20714445647440458,0.907483552631579,0.8402121160798239,0.907483552631579,0.9081230149562155,0.45142071687096486,0.8318286794037372,0.7492808644084727,0.8318286794037372,0.82340173451399
101,0.1966094865045566,0.9168548289980732,0.8574139781787375,0.9168548289980732,0.9176191031538549,0.20676195386208987,0.9078947368421053,0.8412147667282257,0.9078947368421053,0.9086140004791204,0.4609552545004874,0.831303800125971,0.7485435035132546,0.831303800125971,0.8228687616605943
102,0.1971076905210583,0.9169827793834296,0.8563144165505423,0.9169827793834296,0.9173720845587884,0.20713046977394506,0.9085115131578947,0.8407365932561901,0.9085115131578947,0.9087891916825471,0.467622440914484,0.8306739449926517,0.7458647972772567,0.8306739449926517,0.8215041389067604
103,0.19687811120167403,0.9172085741811176,0.857217044788902,0.9172085741811176,0.917742160390384,0.2066471451207211,0.9091282894736842,0.8421784559873713,0.9091282894736842,0.9095086862548565,0.46594779927665986,0.8311988242704178,0.7471583430572455,0.8311988242704178,0.8222622545274294
104,0.19647648953518657,0.9166817196531792,0.8581476808214861,0.9166817196531792,0.91773789460515,0.20660618574995743,0.9093338815789473,0.8446217451064546,0.9093338815789473,0.910302811306315,0.4544830860496944,0.8321436069703968,0.7507777155325022,0.8321436069703968,0.8241460409370928
105,0.1971268819533791,0.9173967365125241,0.8572121104688502,0.9173967365125241,0.9178356023674664,0.20729944031489522,0.9095394736842105,0.8425995549577727,0.9095394736842105,0.9098349209925869,0.4685740983713932,0.8315137518370774,0.7471252322566627,0.8315137518370774,0.8223894252606015
106,0.19599181066243865,0.9171257827552987,0.8576174251446748,0.9171257827552987,0.9178137366421064,0.2066978224013981,0.9091282894736842,0.8424713502740409,0.9091282894736842,0.9095917700875882,0.46636770024610974,0.8315137518370774,0.7482227940328268,0.8315137518370774,0.822833493230356
107,0.19671813164602583,0.9174644749518305,0.8573605261112138,0.9174644749518305,0.9179118781375513,0.20698052644729614,0.9095394736842105,0.842452492671644,0.9095394736842105,0.9097931106634641,0.4675819646929233,0.8320386311148436,0.7476832503037912,0.8320386311148436,0.8228495918108073
108,0.19616449697513802,0.9174042630057804,0.8583113300960898,0.9174042630057804,0.918150810244535,0.20640413933678678,0.9091282894736842,0.8429079702564723,0.9091282894736842,0.9097154233996126,0.4623648871049995,0.8315137518370774,0.7485854754181416,0.8315137518370774,0.8229799153128843
109,0.19590610406417147,0.9174268424855492,0.8591866450629112,0.9174268424855492,0.9184090200281898,0.20651641252793765,0.9093338815789473,0.8444802526569473,0.9093338815789473,0.9102630166637897,0.4630492740185001,0.83224858282595,0.7504441416321959,0.83224858282595,0.8240591393181045
110,0.19523639655411817,0.9174418954720617,0.8586514879367277,0.9174418954720617,0.9182659093767371,0.20627440512180328,0.9099506578947368,0.8453267662569988,0.9099506578947368,0.910813954157073,0.47241920325377146,0.8320386311148436,0.7496837707987829,0.8320386311148436,0.8236584513315841
111,0.1951463787829026,0.917795640655106,0.8589874210865851,0.917795640655106,0.9185399790907067,0.20614793975102275,0.9103618421052632,0.8453257947396136,0.9103618421052632,0.911021687861668,0.46755878133931983,0.8318286794037372,0.749100549101062,0.8318286794037372,0.8233290067839741
112,0.19559113210451168,0.9176451107899807,0.8591515264855952,0.9176451107899807,0.918509992219162,0.20651843202741524,0.9097450657894737,0.8450443601534886,0.9097450657894737,0.9106302488446272,0.4686878827372544,0.8328784379592694,0.7512921812481284,0.8328784379592694,0.8246839239054378
113,0.19536687850033388,0.9177881141618497,0.85899096919521,0.9177881141618497,0.9185371703941306,0.2059943848534634,0.91015625,0.845184616264236,0.91015625,0.9108779279374013,0.46356655932914403,0.8319336552592904,0.7493022528337645,0.8319336552592904,0.8234574773911755
114,0.19545078504407107,0.9175848988439307,0.8585787460181058,0.9175848988439307,0.9183178176632582,0.20621866615195023,0.9103618421052632,0.8451832946906739,0.9103618421052632,0.9109814100464666,0.46664366893800346,0.83224858282595,0.7492756398841023,0.83224858282595,0.8235879033801952
115,0.19605401100910239,0.9179160645472062,0.8576500028912375,0.9179160645472062,0.9182214032979905,0.2067789458914807,0.9099506578947368,0.8430218575369597,0.9099506578947368,0.9101613908933444,0.47242237438856244,0.8319336552592904,0.7467391839170631,0.8319336552592904,0.8224196301338326
116,0.19502873698640652,0.9182246507707129,0.858533280136502,0.9182246507707129,0.9186278727054762,0.20613515063336021,0.9093338815789473,0.8421681744404041,0.9093338815789473,0.9096090641168614,0.47297427550649634,0.8316187276926307,0.7472367712776006,0.8316187276926307,0.8224814373540844
117,0.19571223731560056,0.9180289619460501,0.8596939193577056,0.9180289619460501,0.9188576408085593,0.20627815864588084,0.9097450657894737,0.8446186754104754,0.9097450657894737,0.9105102853652193,0.46019056092133526,0.83224858282595,0.7498169959621765,0.83224858282595,0.8238064305502162
118,0.19550729541535092,0.918314968689788,0.8592884589746257,0.918314968689788,0.918887721941995,0.2067754699995643,0.9109786184210527,0.8456073484648168,0.9109786184210527,0.911412361444459,0.47828422909445706,0.8323535586815033,0.7487512851230141,0.8323535586815033,0.823422797156693
119,0.19494129384299005,0.9182923892100193,0.8597646936259913,0.9182923892100193,0.9190110810005168,0.20576832482689306,0.9111842105263158,0.846603631436631,0.9111842105263158,0.9117980943579668,0.4656005436423544,0.8318286794037372,0.7487387421325328,0.8318286794037372,0.8231829575628123
120,0.19448396618081426,0.9179235910404624,0.8601906463807554,0.9179235910404624,0.9189439709171475,0.20551297068595886,0.9107730263157895,0.8474346910427029,0.9107730263157895,0.9118239495558024,0.460886055547701,0.8321436069703968,0.7505109447804226,0.8321436069703968,0.8240387675053984
121,0.19469147042042947,0.9182547567437379,0.8593547354742893,0.9182547567437379,0.9188760837728651,0.20539083606318423,0.9099506578947368,0.8440415301269699,0.9099506578947368,0.9104509169290274,0.4726250845795791,0.8318286794037372,0.7484663531256253,0.8318286794037372,0.8230728989631477
122,0.19467996698238946,0.9179838029865125,0.8602886075336935,0.9179838029865125,0.9190021403162159,0.20534378211749227,0.911389802631579,0.848283006315004,0.911389802631579,0.9123755319970595,0.47065286752233076,0.8334033172370355,0.7527361173774471,0.8334033172370355,0.8255011636760797
123,0.19595906902140506,0.9184880780346821,0.8593100204565861,0.9184880780346821,0.9189811712845495,0.20680582601773112,0.911389802631579,0.8460345176442161,0.911389802631579,0.9117403989852505,0.4732499659974961,0.831303800125971,0.746717895508695,0.831303800125971,0.8221307238214272
124,0.19432513071277926,0.9179536970134875,0.8596443579767697,0.9179536970134875,0.9188054898499358,0.20533730560227445,0.9120065789473685,0.8484425883641784,0.9120065789473685,0.9127330245540336,0.4665777831174685,0.8324585345370564,0.7500402474190355,0.8324585345370564,0.8239906958971428
125,0.1936964912910682,0.9185558164739884,0.8602471363662881,0.9185558164739884,0.9192807598057477,0.2044741127051805,0.911389802631579,0.8463204784950025,0.911389802631579,0.9118215422230066,0.47209203766344876,0.8321436069703968,0.749164017232704,0.8321436069703968,0.8234957979285602
126,0.19428219357666943,0.9180289619460501,0.859889354518149,0.9180289619460501,0.9189127366929591,0.20517328930528542,0.9122121710526315,0.8485882607582791,0.9122121710526315,0.9128780730633241,0.4715190368016027,0.8316187276926307,0.7491480060688971,0.8316187276926307,0.8232538833536434
127,0.1941305258255703,0.9184654985549133,0.8599612724981364,0.9184654985549133,0.9191542484244174,0.2054184792857421,0.9111842105263158,0.8460353468741757,0.9111842105263158,0.9116372051534798,0.469137783351376,0.8314087759815243,0.7479294260996838,0.8314087759815243,0.8226679611635423
128,0.1943406129044145,0.9187063463391136,0.8599814619770254,0.9187063463391136,0.9192816857256816,0.20535688180672496,0.9105674342105263,0.8446056036548353,0.9105674342105263,0.9109212843586636,0.465893151628453,0.8317237035481839,0.7478988305861423,0.8317237035481839,0.8227964232491134
129,0.193817687746647,0.9186837668593449,0.8604643627378644,0.9186837668593449,0.919406913427748,0.20530174437322116,0.911389802631579,0.846605019911719,0.911389802631579,0.9119021783253457,0.4729367645127719,0.83224858282595,0.7492756398841023,0.83224858282595,0.8235879033801952
130,0.19420023118944296,0.9184805515414258,0.8604112189156623,0.9184805515414258,0.919288961761655,0.205417726384966,0.9124177631578947,0.8490122558621076,0.9124177631578947,0.9131017058127352,0.47371478213899504,0.8323535586815033,0.7503770141750635,0.8323535586815033,0.8240793187065906
131,0.19343385668848292,0.9186912933526011,0.8602603278571002,0.9186912933526011,0.9193530326231258,0.2048202478571942,0.9120065789473685,0.8476022257861715,0.9120065789473685,0.9124954165425198,0.47487245940271106,0.8325635103926097,0.7497914993659556,0.8325635103926097,0.8239373343940298
132,0.1937185746109784,0.9186687138728323,0.8614073618227255,0.9186687138728323,0.9196650648850623,0.20514066517353058,0.9124177631578947,0.8498384218563573,0.9124177631578947,0.9133345305782358,0.4658514756053129,0.8327734621037162,0.7517128835792846,0.8327734621037162,0.824805905699055
133,0.19338257343782855,0.9185482899807321,0.8609681945280567,0.9185482899807321,0.9194803031275616,0.20494012299336886,0.9124177631578947,0.8491508005680841,0.9124177631578947,0.9131408141589211,0.47052369736183497,0.8325635103926097,0.7512238544866582,0.8325635103926097,0.8245146624885693
134,0.19380270679676923,0.9186611873795761,0.8607436783048873,0.9186611873795761,0.9194743374457119,0.2052143631797088,0.9124177631578947,0.8487341365555665,0.9124177631578947,0.9130231208252172,0.4694486102736499,0.8320386311148436,0.7496837707987829,0.8320386311148436,0.8236584513315841
135,0.19365216633717677,0.9187891377649325,0.8605939974916454,0.9187891377649325,0.9194968835182212,0.20534778190286537,0.9115953947368421,0.8470316749282668,0.9115953947368421,0.9121266152162798,0.4720130573168988,0.8317237035481839,0.7483548291340143,0.8317237035481839,0.8229808432913633
136,0.19407253564552535,0.9189697736030829,0.8603108347717549,0.9189697736030829,0.9195080040111846,0.20571553863977132,0.9120065789473685,0.8473193134696595,0.9120065789473685,0.9124152161266338,0.4759916830858763,0.8316187276926307,0.7475124871374288,0.8316187276926307,0.8225931398556773
137,0.19288935240982585,0.9190977239884393,0.8614956558166117,0.9190977239884393,0.9199078087444242,0.20425002198470266,0.9124177631578947,0.8488733682547601,0.9124177631578947,0.9130624748373177,0.4637431952724581,0.8323535586815033,0.7500184819763225,0.8323535586815033,0.8239348083836806
138,0.1929702778025629,0.9191278299614644,0.8617034257457121,0.9191278299614644,0.9199816670994267,0.2046728016514527,0.9130345394736842,0.8502817760788863,0.9130345394736842,0.9137718694976942,0.4721542246046873,0.8329834138148225,0.7511364597882897,0.8329834138148225,0.824668374553478
139,0.19411195379633434,0.9196396315028902,0.860816245012147,0.9196396315028902,0.9199889964495732,0.20590737932606748,0.9118009868421053,0.8464629179930462,0.9118009868421053,0.9120686814198038,0.4820798436633784,0.8319336552592904,0.7470175614077823,0.8319336552592904,0.8225327251372988
140,0.19366819016735906,0.919346098265896,0.860795658888112,0.919346098265896,0.9198353322779655,0.20529539020437942,0.9118009868421053,0.846606124784105,0.9118009868421053,0.9121093825945084,0.47885922920846546,0.8316187276926307,0.7471446651786304,0.8316187276926307,0.8224441019419274
141,0.19333462483161676,0.9188644026974951,0.8613012559753903,0.9188644026974951,0.9197346355626306,0.20458569652155825,0.9138569078947368,0.8516975512459891,0.9138569078947368,0.9145872655308128,0.4660649916691713,0.8324585345370564,0.7505780009985086,0.8324585345370564,0.8242074730775105
142,0.1931254267405453,0.9190676180154143,0.8615177480583189,0.9190676180154143,0.9198987722242027,0.20489344314525001,0.9130345394736842,0.8502817760788863,0.9130345394736842,0.9137718694976942,0.4671708710073999,0.8323535586815033,0.7501082608031535,0.8323535586815033,0.8239710095656311
143,0.19249006698126966,0.9192181478805395,0.8616144065031903,0.9192181478805395,0.920002361389334,0.2043940432761845,0.9132401315789473,0.8504299811591769,0.9132401315789473,0.9139176522370287,0.4694920520108712,0.8321436069703968,0.7496154292824417,0.8321436069703968,0.8236780177067394
144,0.1931281280712815,0.9192557803468208,0.8617363733707345,0.9192557803468208,0.9200558542489341,0.20515352095428266,0.9132401315789473,0.8504299811591769,0.9132401315789473,0.9139176522370287,0.48167859460535156,0.8323535586815033,0.7499286057311192,0.8323535586815033,0.823898558022303
145,0.19326530147150073,0.9191353564547207,0.8619246037673951,0.9191353564547207,0.9200477958479378,0.20471313517344625,0.9124177631578947,0.8498384218563573,0.9124177631578947,0.9133345305782358,0.4721503744674985,0.8328784379592694,0.7511139598467014,0.8328784379592694,0.8246121390731636
146,0.19303598727219826,0.9197600553949904,0.8621662975941707,0.9197600553949904,0.9204326587491758,0.20499855672058306,0.9124177631578947,0.8484546360917249,0.9124177631578947,0.9129440420514772,0.4752287209947495,0.8323535586815033,0.7495681237507335,0.8323535586815033,0.8237530634330812
147,0.1927891012302713,0.919549313583815,0.8618412367897317,0.919549313583815,0.9202341303425191,0.20486825704574585,0.912828947368421,0.8494443049285452,0.912828947368421,0.9134314629809674,0.47514199524798767,0.8326684862481629,0.7497224512373575,0.8326684862481629,0.8239564300544678
148,0.19284809198453018,0.9193686777456648,0.8623070496876579,0.9193686777456648,0.9202739942890785,0.2045449794907319,0.912828947368421,0.8504072004068958,0.912828947368421,0.9137030902284806,0.46936960841536696,0.8325635103926097,0.7507789076657649,0.8325635103926097,0.8243355926911184
149,0.19344725409569308,0.9198428468208093,0.8621125141364673,0.9198428468208093,0.9204592995997347,0.20534730898706535,0.9126233552631579,0.8487404488688644,0.9126233552631579,0.9131285981166402,0.47879337822717705,0.8325635103926097,0.7493387629627413,0.8325635103926097,0.8237543323534854
150,0.19316812511354053,0.9191880419075145,0.8629622183311185,0.9191880419075145,0.9203660061098141,0.20457065340719724,0.9124177631578947,0.8510550754290732,0.9124177631578947,0.9136756786014067,0.4711624174440405,0.8325635103926097,0.7520187280579025,0.8325635103926097,0.8248339411171662
151,0.19297397886052986,0.9192708333333334,0.8621239904835949,0.9192708333333334,0.9201727510523254,0.2046963846997211,0.9122121710526315,0.8491423733523753,0.9122121710526315,0.913034384631554,0.46541882926567296,0.8332983413814823,0.7516502703475116,0.8332983413814823,0.8250169368862754
152,0.19263262532809336,0.9195869460500964,0.8624908244729736,0.9195869460500964,0.9204365788074638,0.20472860963721023,0.9109786184210527,0.8473014725633972,0.9109786184210527,0.9118908984476667,0.475698146378571,0.8324585345370564,0.7502198873882162,0.8324585345370564,0.8240631512386568
153,0.192372310282178,0.9198578998073218,0.8622122710896574,0.9198578998073218,0.9204951423226442,0.20433266147186882,0.9115953947368421,0.8470316749282668,0.9115953947368421,0.9121266152162798,0.47296944297513815,0.8324585345370564,0.7494989813543558,0.8324585345370564,0.8237721457142053
154,0.19182518285363626,0.9195794195568401,0.8624756727866854,0.9195794195568401,0.9204284888745813,0.20414870428411583,0.9124177631578947,0.8491508005680841,0.9124177631578947,0.9131408141589211,0.47598456927214805,0.8326684862481629,0.7509797342396461,0.8326684862481629,0.8244636775786859
155,0.19227133656857331,0.9200686416184971,0.8630782022596979,0.9200686416184971,0.9208465274073605,0.20424889577062508,0.912828947368421,0.8497211185106424,0.912828947368421,0.9135096790248819,0.4709281282166636,0.8325635103926097,0.7504212122611332,0.8325635103926097,0.8241914591466385
156,0.1922750553701195,0.9198578998073218,0.8627080671311032,0.9198578998073218,0.9206352580689171,0.2041971620760466,0.9126233552631579,0.8492974492324792,0.9126233552631579,0.9132861382948776,0.4794119787446446,0.8327734621037162,0.7504652101813705,0.8327734621037162,0.8243034299647505
157,0.19214123582219803,0.9198578998073218,0.8623182619305949,0.9198578998073218,0.9205251270150385,0.20417416017306478,0.9124177631578947,0.8488733682547601,0.9124177631578947,0.9130624748373177,0.4813376184323744,0.83224858282595,0.7490036353755279,0.83224858282595,0.8234779704259603
158,0.19248339843887813,0.9194364161849711,0.8633543543785094,0.9194364161849711,0.9206026236780682,0.20405494460934087,0.9126233552631579,0.8513379761929333,0.9126233552631579,0.913859659740079,0.4754464584640312,0.8327734621037162,0.7523296763612781,0.8327734621037162,0.8250535850781479
159,0.1923485213391813,0.9200611151252408,0.8629855162214055,0.9200611151252408,0.9208165499759848,0.20403698557301572,0.9120065789473685,0.8485814401940213,0.9120065789473685,0.9127721937099564,0.4788419690523582,0.8325635103926097,0.7500619623510718,0.8325635103926097,0.8240465407884677
160,0.19303456243120407,0.9201439065510597,0.8632617167661802,0.9201439065510597,0.9209364630264621,0.20446231569114484,0.9124177631578947,0.8490122558621076,0.9124177631578947,0.9131017058127352,0.483110640333301,0.8319336552592904,0.749392354191667,0.8319336552592904,0.8234938185486994
161,0.1919373355963786,0.920294436416185,0.8634559007248668,0.920294436416185,0.9210675603822156,0.20374243510396858,0.9130345394736842,0.8502817760788863,0.9130345394736842,0.9137718694976942,0.483916129043266,0.8315137518370774,0.7487662264070116,0.8315137518370774,0.8230528287137179
162,0.19263698505183866,0.9199181117533719,0.8633425266353709,0.9199181117533719,0.9208446256402939,0.20420786110978378,0.9134457236842105,0.8513978943613182,0.9134457236842105,0.9142946122177404,0.472858914251766,0.8327734621037162,0.7511804807829048,0.8327734621037162,0.8245917277714551
163,0.1922397416278806,0.9201288535645472,0.8632586726020003,0.9201288535645472,0.9209279723951214,0.20384450884241806,0.912828947368421,0.8501337821320556,0.912828947368421,0.9136260886937404,0.479076310163182,0.8318286794037372,0.7491907556516939,0.8318286794037372,0.8233653953325696
164,0.19261637889925456,0.9205051782273603,0.8634804717850335,0.9205051782273603,0.9211812135267464,0.20448285498117147,0.912828947368421,0.8495828829577894,0.912828947368421,0.9134706322324476,0.48167963391363483,0.8319336552592904,0.7487595858644622,0.8319336552592904,0.8232383912995683
165,0.19218129625899255,0.9202718569364162,0.8641100696744047,0.9202718569364162,0.9212403790067428,0.20392249446166189,0.9124177631578947,0.8498384218563573,0.9124177631578947,0.9133345305782358,0.47264592428055224,0.8324585345370564,0.7508455700663379,0.8324585345370564,0.8243152013250112
166,0.19284604271597486,0.9209417148362236,0.8627665094386052,0.9209417148362236,0.9211986094847091,0.20497084134503415,0.9118009868421053,0.8454503701692409,0.9118009868421053,0.9117801676966165,0.4861231716946096,0.8311988242704178,0.7454917175606536,0.8311988242704178,0.8215862327074558
167,0.1920286037300593,0.9205653901734104,0.8641865245731382,0.9205653901734104,0.9214110336413646,0.2039652866752524,0.9124177631578947,0.8495643890992728,0.9124177631578947,0.913257407467838,0.4802839724101015,0.8327734621037162,0.7506446097609779,0.8327734621037162,0.8243757982186621
168,0.19163099525636332,0.9205503371868978,0.8637990879776123,0.9205503371868978,0.9212941038501976,0.20353766020975614,0.9132401315789473,0.8502923976608188,0.9132401315789473,0.9138787896275777,0.48185928368953856,0.8327734621037162,0.7505549586284739,0.8327734621037162,0.8243396386534307
169,0.1920738899236929,0.9206256021194605,0.8637510088235634,0.9206256021194605,0.9213186291294033,0.20379574989017687,0.9130345394736842,0.8498685574948497,0.9130345394736842,0.9136551877910675,0.47856123315269344,0.8325635103926097,0.749701148940548,0.8325635103926097,0.8239008333059409
170,0.19121700941597566,0.920497651734104,0.8646199224244387,0.920497651734104,0.9214985660854258,0.20268241590575167,0.9126233552631579,0.8503950758326604,0.9126233552631579,0.9135953621780748,0.4660404412881081,0.8328784379592694,0.7518245375284294,0.8328784379592694,0.8248981127147929
171,0.19183160345965497,0.9207911849710982,0.863657031567377,0.9207911849710982,0.9213757591385627,0.20391242676659635,0.9126233552631579,0.8486003330763376,0.9126233552631579,0.9130889036382123,0.48186364810606425,0.8330883896703758,0.7498979535222877,0.8330883896703758,0.8242151469359783
172,0.1920066820690857,0.9204374397880539,0.8647355632819607,0.9204374397880539,0.9215003753984199,0.2037734130495473,0.9126233552631579,0.8509358512906287,0.9126233552631579,0.9137470969462624,0.47418356906609355,0.833193365525929,0.752248056935232,0.833193365525929,0.8252103295822736
173,0.1919329528318205,0.9205954961464354,0.8637493658081451,0.9205954961464354,0.921302926433097,0.20365948033960243,0.9124177631578947,0.8488733682547601,0.9124177631578947,0.9130624748373177,0.47691243696733354,0.8328784379592694,0.7502170329759017,0.8328784379592694,0.8242502767091806
174,0.1918033876371981,0.9204148603082851,0.8638297781536197,0.9204148603082851,0.9212340913688095,0.20375424545062215,0.9140625,0.8522545304981113,0.9140625,0.9148483610235459,0.47900615851217876,0.8328784379592694,0.7508459027080452,0.8328784379592694,0.8245040957217679
175,0.19124289034993203,0.9203922808285164,0.8641763749198712,0.9203922808285164,0.9213202572810953,0.20320776261781393,0.9134457236842105,0.851533302423072,0.9134457236842105,0.9143327211234817,0.4763351447838033,0.8332983413814823,0.7519170752650929,0.8332983413814823,0.8251244165589418
176,0.19176987234165674,0.9204825987475915,0.8632107326673413,0.9204825987475915,0.9210934826642098,0.20337007626106865,0.911389802631579,0.846462926013886,0.911389802631579,0.9118619234542811,0.4764053676275053,0.8327734621037162,0.7494715141133653,0.8327734621037162,0.8239018728857377
177,0.1919692174490247,0.9205127047206165,0.8646054170013935,0.9205127047206165,0.9215021504934096,0.20339062339381167,0.9136513157894737,0.8526230312873062,0.9136513157894737,0.9147431956399916,0.4692875070529852,0.8326684862481629,0.751512759309244,0.8326684862481629,0.8246781354694597
178,0.19122295296950148,0.9205503371868978,0.8650316482833376,0.9205503371868978,0.921640982916761,0.20280853227565163,0.9144736842105263,0.8544207115270608,0.9144736842105263,0.915665516574923,0.4711892915302631,0.8328784379592694,0.7522655396469438,0.8328784379592694,0.8250752755536228
179,0.19167278460110312,0.9206331286127167,0.8637206968890517,0.9206331286127167,0.921313869197851,0.20344309508800507,0.912828947368421,0.8494443049285452,0.912828947368421,0.9134314629809674,0.47172881258953125,0.8327734621037162,0.7502854207810485,0.8327734621037162,0.8242308649475605
180,0.1910335125118092,0.9207083935452793,0.8647603998881948,0.9207083935452793,0.9216452574525461,0.20308798551559448,0.9142680921052632,0.8533443054008125,0.9142680921052632,0.9152591967693547,0.4777152979922049,0.8326684862481629,0.7514241617031531,0.8326684862481629,0.8246425136801837
181,0.19119975949872667,0.9204299132947977,0.8646849860085597,0.9204299132947977,0.9214823457267362,0.20329144597053528,0.9142680921052632,0.8538736043506631,0.9142680921052632,0.9154076107421424,0.4821908396005681,0.8323535586815033,0.7515315867769656,0.8323535586815033,0.8245435945272824
182,0.19195761217202753,0.9207309730250481,0.8643255902947691,0.9207309730250481,0.9215342434052478,0.20380060923726936,0.9150904605263158,0.8540885250457401,0.9150904605263158,0.9158857162829782,0.4795253391454081,0.8319336552592904,0.7491217565668125,0.8319336552592904,0.8233846468980168
183,0.1909260811546175,0.9204825987475915,0.8648921985753649,0.9204825987475915,0.9215673372103245,0.20288297690843282,0.9140625,0.85372081110171,0.9140625,0.915260062327687,0.47669218856948475,0.8329834138148225,0.7522891837854806,0.8329834138148225,0.8251321635507942
184,0.19160056338144865,0.9208513969171483,0.8649530069136312,0.9208513969171483,0.9217721378287645,0.20354006478660985,0.9134457236842105,0.8516683779814453,0.9134457236842105,0.9143707110203143,0.47312188990697274,0.8326684862481629,0.7508905598945004,0.8326684862481629,0.8244277644646315
185,0.19153359673041598,0.9199105852601156,0.8648054067056832,0.9199105852601156,0.9212507795820466,0.20328347228075327,0.9155016447368421,0.8572583155201121,0.9155016447368421,0.9169825662071097,0.47795457627726734,0.8328784379592694,0.7537473120748415,0.8328784379592694,0.8256687131564661
186,0.19330544304640995,0.9214911488439307,0.8638984567146789,0.9214911488439307,0.9217970073600228,0.2058348436104624,0.9140625,0.8496260532045821,0.9140625,0.9141029751550223,0.5007055526817894,0.8323535586815033,0.7473719404844158,0.8323535586815033,0.8228633037624801
187,0.19047810483242963,0.9212277215799615,0.8647168028413821,0.9212277215799615,0.9218963340897247,0.20279871319469653,0.9155016447368421,0.853993109914243,0.9155016447368421,0.9160666582021114,0.48010892351710344,0.8335082930925887,0.7515170087141367,0.8335082930925887,0.8250574370272657
188,0.19129801172626731,0.9214911488439307,0.86552613116999,0.9214911488439307,0.9222583474691903,0.20329700096657402,0.9157072368421053,0.8546831570503852,0.9157072368421053,0.9163654915099092,0.4824008508287206,0.833193365525929,0.7518052630031611,0.833193365525929,0.8250321754104472
189,0.1917391103012254,0.9212804070327553,0.8652458363293314,0.9212804070327553,0.9220724266543788,0.20366121906983226,0.9150904605263158,0.8538212139966432,0.9150904605263158,0.9158103595804911,0.47876282039120144,0.8337182448036952,0.7521869330907951,0.8337182448036952,0.8254218668182682
190,0.1911859425333883,0.9211072976878613,0.8656381392057493,0.9211072976878613,0.922094940843292,0.2026414659462477,0.9155016447368421,0.8554544592799375,0.9155016447368421,0.9164784889021697,0.4744018131310565,0.8329834138148225,0.7524650936519426,0.8329834138148225,0.8252027920431472
191,0.1909836202802456,0.9212578275529865,0.8655664899263629,0.9212578275529865,0.9221513271930974,0.20288945342365064,0.9150904605263158,0.8542216873425759,0.9150904605263158,0.9159232181613464,0.4741451790070999,0.8329834138148225,0.7515817340282616,0.8329834138148225,0.8248477241974238
192,0.1905896606530298,0.920986873795761,0.8657864394621461,0.920986873795761,0.9220752308711585,0.20270147527519025,0.9161184210526315,0.8569629537371473,0.9161184210526315,0.9172152935284302,0.48130312138386644,0.8324585345370564,0.7521704873190023,0.8324585345370564,0.8248473105846257
193,0.1907626817106971,0.9212503010597303,0.8651001315535111,0.9212503010597303,0.9220160536717855,0.2025212104383268,0.9142680921052632,0.851998081502015,0.9142680921052632,0.9148799369004138,0.4730569278395479,0.8326684862481629,0.7506224566582875,0.8326684862481629,0.8243197321390907
194,0.19011417217911553,0.921558887283237,0.8654921976743175,0.921558887283237,0.9222830874707713,0.2026269631950479,0.9150904605263158,0.8531471286912298,0.9150904605263158,0.9156198907129405,0.47504824291075476,0.833193365525929,0.7511813115258286,0.833193365525929,0.8247807192845583
195,0.19062567483597867,0.921701890655106,0.8659673425120981,0.921701890655106,0.9224896696132999,0.20331927114411405,0.9161184210526315,0.8555247104032354,0.9161184210526315,0.9168109206029103,0.4907062112621818,0.8326684862481629,0.7508012889419862,0.8326684862481629,0.8243918025644615
196,0.19021370892120465,0.9206180756262042,0.8655805244786576,0.9206180756262042,0.9218293070057761,0.20247842685172432,0.9146792763157895,0.8553550124537173,0.9146792763157895,0.9160314505482797,0.4789155014617939,0.8332983413814823,0.7535869062090161,0.8332983413814823,0.8257950501415491
197,0.19031317043970544,0.9216567316955684,0.8652395585651649,0.9216567316955684,0.9222611521877702,0.2030626245235142,0.9144736842105263,0.8517377414343914,0.9144736842105263,0.9149099012589064,0.47595236120217993,0.8334033172370355,0.7510464636324585,0.8334033172370355,0.8248204073249689
198,0.19099998169781385,0.9215137283236994,0.8653159771371235,0.9215137283236994,0.9222104379534362,0.20343002833818136,0.9142680921052632,0.8515876874783916,0.9142680921052632,0.9147638245050329,0.48194066899528076,0.8330883896703758,0.7508903176894561,0.8330883896703758,0.8246162199705881
199,0.18948629604713535,0.9211750361271677,0.8660555316963374,0.9211750361271677,0.9222466300172063,0.20211593336180636,0.9163240131578947,0.856990854528276,0.9163240131578947,0.91732773400289,0.481135315925615,0.833193365525929,0.7532138314056891,0.833193365525929,0.8255980382030591
200,0.19037765176941665,0.9218298410404624,0.8658002041759008,0.9218298410404624,0.9225072873196168,0.20349766000321037,0.9146792763157895,0.8522994971307734,0.9146792763157895,0.9151726311021309,0.49277885297304336,0.8328784379592694,0.7504871339256334,0.8328784379592694,0.8243593517183051
201,0.19050171269329985,0.9216943641618497,0.8658362675125375,0.9216943641618497,0.922448868721746,0.20278641346253848,0.9140625,0.8517114270668773,0.9140625,0.9146951044178376,0.4782442696425386,0.8329834138148225,0.7511364597882897,0.8329834138148225,0.824668374553478
202,0.19040854737478413,0.9213481454720617,0.8661321008741119,0.9213481454720617,0.9223563090427122,0.2022912698356729,0.9146792763157895,0.8544432430249668,0.9146792763157895,0.9157765770181151,0.4713247158986391,0.8324585345370564,0.7517312275054079,0.8324585345370564,0.8246711433580093
203,0.19005485338397568,0.9214911488439307,0.8659093724003137,0.9214911488439307,0.9223663858983204,0.20271810026545273,0.9142680921052632,0.852809790851947,0.9142680921052632,0.9151089151895433,0.48478488343467285,0.8324585345370564,0.7508455700663379,0.8324585345370564,0.8243152013250112
204,0.19073656465506508,0.9212051421001927,0.8657184937776077,0.9212051421001927,0.9221673082711828,0.20277573638840726,0.9146792763157895,0.8540476900271875,0.9146792763157895,0.915665627480293,0.4766170085790451,0.8323535586815033,0.7509119094766101,0.8323535586815033,0.8242946181782103
205,0.19066769405768785,0.9224394869942196,0.8658156285848518,0.9224394869942196,0.9228193455723405,0.2033126801252365,0.9140625,0.8497675228317082,0.9140625,0.91414332335282,0.48315701969226016,0.8319336552592904,0.7474794974699728,0.8319336552592904,0.8227201956783536
206,0.19054022009317587,0.9219954238921002,0.8663965453047802,0.9219954238921002,0.9227595760210918,0.20325970963427895,0.9155016447368421,0.8545291015801946,0.9155016447368421,0.9162180575970504,0.48773053326627774,0.8330883896703758,0.7511589103679598,0.8330883896703758,0.8247245679633234
207,0.18967387935789104,0.921528781310212,0.8659181538562573,0.921528781310212,0.9223879689489252,0.20246606202502,0.9140625,0.8523894709941222,0.9140625,0.9148863763416815,0.482512525242716,0.8326684862481629,0.7510688121162203,0.8326684862481629,0.8244995419731279
208,0.19067632372496446,0.9215889932562621,0.8654226766945079,0.9215889932562621,0.9222786884546227,0.20331489020272306,0.9142680921052632,0.8514502091596066,0.9142680921052632,0.914724877216787,0.49202840466622466,0.8324585345370564,0.7497700553506446,0.8324585345370564,0.8238816433431408
209,0.18976648039900498,0.9209642943159922,0.8661842453528668,0.9209642943159922,0.9221751274278007,0.2021461717392269,0.9150904605263158,0.8557944227471916,0.9150904605263158,0.9163642131813979,0.47362900886519627,0.8336132689481419,0.7546148179059571,0.8336132689481419,0.8263492115627643
210,0.1902495378588895,0.9216341522157996,0.866253215731501,0.9216341522157996,0.9225358349095648,0.20290829633411608,0.9146792763157895,0.8535157390972614,0.9146792763157895,0.9155160666754448,0.4822867004004892,0.8330883896703758,0.7521363157476149,0.8330883896703758,0.825118089960126
211,0.18993181633352085,0.9218147880539499,0.866064881299248,0.9218147880539499,0.922574422807677,0.20311454330620013,0.9142680921052632,0.8524054388295405,0.9142680921052632,0.9149949635473723,0.49155162129361113,0.8327734621037162,0.7509129806718098,0.8327734621037162,0.8244839828450009
212,0.18915579871405527,0.921415883911368,0.8662891918819144,0.921415883911368,0.9224349177209642,0.2021948067765487,0.9150904605263158,0.8548826115974888,0.9150904605263158,0.9161089782388047,0.47696660681479675,0.8330883896703758,0.7529274165133304,0.8330883896703758,0.8254357202831016
213,0.190454711889945,0.9214911488439307,0.8663996770809723,0.9214911488439307,0.9225042704135232,0.20342098098052175,0.9148848684210527,0.8543333333333334,0.9148848684210527,0.9158502946820175,0.4804736587422099,0.833193365525929,0.7526884656074179,0.833193365525929,0.8253872786341064
214,0.18999564294525653,0.9216642581888247,0.86646788282873,0.9216642581888247,0.9226115303936184,0.20290024343289828,0.9161184210526315,0.8559208233626838,0.9161184210526315,0.9169225874339858,0.4827272054054345,0.8328784379592694,0.7521775294478694,0.8328784379592694,0.82503993911931
215,0.18899512036859645,0.9219878973988439,0.8663280653024761,0.9219878973988439,0.922736434010579,0.2025828259555917,0.9150904605263158,0.8534177641734584,0.9150904605263158,0.915696436306645,0.49077489015411835,0.8336132689481419,0.752252703486209,0.8336132689481419,0.8254012023481191
216,0.1898433790041532,0.9213180394990366,0.8666983793738302,0.9213180394990366,0.9224997271886988,0.20261197262688688,0.9148848684210527,0.8552507071071275,0.9148848684210527,0.9161073496267192,0.4799468332595393,0.833193365525929,0.7538224867064217,0.833193365525929,0.8258417644372671
217,0.1893149631417326,0.9219276854527938,0.8666240522592137,0.9219276854527938,0.9227893503823367,0.20256873180991725,0.9157072368421053,0.8548164981993297,0.9157072368421053,0.9164031309980227,0.49038957474538564,0.8336132689481419,0.7527835795368986,0.8336132689481419,0.8256148840403651
218,0.18949953851385154,0.9221760597302505,0.8663097314585548,0.9221760597302505,0.9228265153034585,0.20277001120542226,0.9144736842105263,0.8517377414343914,0.9144736842105263,0.9149099012589064,0.4848119375737254,0.8330883896703758,0.7509799457370092,0.8330883896703758,0.8246523850103115
219,0.1896126256225656,0.9221986392100193,0.8667202198847925,0.9221986392100193,0.9229539187255703,0.20248433790708842,0.9159128289473685,0.8547036057297456,0.9159128289473685,0.9164750929553859,0.47490255885982174,0.8327734621037162,0.7510914106028612,0.8327734621037162,0.8245558615404086
220,0.1907190955988704,0.922018003371869,0.8659148982894428,0.922018003371869,0.9226348940354819,0.2041153382313879,0.9159128289473685,0.8547036057297456,0.9159128289473685,0.9164750929553859,0.4962295895861198,0.8326684862481629,0.7500836267098543,0.8326684862481629,0.8241023430381995
221,0.1894960884212988,0.9218223145472062,0.8667043197128762,0.9218223145472062,0.9227583985682346,0.20283816676390798,0.915296052631579,0.8546409588859458,0.915296052631579,0.9161454555993728,0.49150272213359003,0.8334033172370355,0.752648051626067,0.8334033172370355,0.8254657704610171
222,0.19000040207180213,0.921242774566474,0.8670692980059298,0.921242774566474,0.9225648889346544,0.2024109606680117,0.915296052631579,0.856464706514343,0.915296052631579,0.9166563149695498,0.4719371657999228,0.8335082930925887,0.7549331186138917,0.8335082930925887,0.8264286611317717
223,0.19023962967772476,0.921731996628131,0.8665282947779795,0.921731996628131,0.9226629659350238,0.20316334147202342,0.9155016447368421,0.8546622738521952,0.9155016447368421,0.9162556121548595,0.49543500527248346,0.8332983413814823,0.7524480939668001,0.8332983413814823,0.8253380672054592
224,0.19020255128198046,0.9224921724470135,0.8668750193472606,0.9224921724470135,0.9231462785583663,0.20317738620858444,0.9155016447368421,0.8537231164355371,0.9155016447368421,0.9159902442963274,0.4952996537987234,0.8328784379592694,0.7505769721771158,0.8328784379592694,0.8243956114422493
225,0.18995392563715147,0.9222663776493256,0.8672488197370807,0.9222663776493256,0.923137303519894,0.2026013528045855,0.9155016447368421,0.8550598273061345,0.9155016447368421,0.9163675733533279,0.48598520113294075,0.8327734621037162,0.7517128835792846,0.8327734621037162,0.824805905699055
226,0.18972361156706177,0.9214685693641619,0.8672651636916612,0.9214685693641619,0.9227351711362132,0.20243390296634875,0.9159128289473685,0.8573188311363702,0.9159128289473685,0.9172099049335599,0.47821870581983095,0.8342431240814613,0.7558009902513132,0.8342431240814613,0.8271093793675137
227,0.18913662558518393,0.9229738680154143,0.8672715727634526,0.9229738680154143,0.9235019500040471,0.20240634601367147,0.9157072368421053,0.8538761393944723,0.9157072368421053,0.9161371622984416,0.48932464577534507,0.8317237035481839,0.7487178465235536,0.8317237035481839,0.8231274805467291
228,0.18896886196726778,0.9220932683044316,0.8672582961461976,0.9220932683044316,0.923051973303931,0.2022008739019695,0.9169407894736842,0.8579806801411336,0.9169407894736842,0.9179190682501016,0.4864330543031118,0.8328784379592694,0.7522655396469438,0.8328784379592694,0.8250752755536228
229,0.18956918787634672,0.9214836223506744,0.8676902875439794,0.9214836223506744,0.9228615058763776,0.20201579834285535,0.9138569078947368,0.8544798885715985,0.9138569078947368,0.9153666550870535,0.4741676805551478,0.8338232206592484,0.7560361511500333,0.8338232206592484,0.8270119714049557
230,0.18875165524854826,0.9221459537572254,0.8675074353223593,0.9221459537572254,0.9231487891322636,0.20168751164486534,0.9163240131578947,0.8568612285326875,0.9163240131578947,0.9172913503240464,0.4828766423840496,0.8336132689481419,0.7534860821616187,0.8336132689481419,0.8258970990550557
231,0.18934763439703078,0.9222814306358381,0.8677684427164349,0.9222814306358381,0.9232910724151866,0.20228740572929382,0.915296052631579,0.855168416381552,0.915296052631579,0.9162937032649554,0.48824061227150134,0.8334033172370355,0.7532625212714051,0.8334033172370355,0.8257125169610927
232,0.18918270732568637,0.9226050698458574,0.8677681330703451,0.9226050698458574,0.9234555579783139,0.202351744237699,0.9155016447368421,0.8545291015801946,0.9155016447368421,0.9162180575970504,0.4847357809205729,0.83224858282595,0.7504441416321959,0.83224858282595,0.8240591393181045
233,0.1893199528917412,0.9225222784200385,0.8677689783653545,0.9225222784200385,0.9234137422742086,0.20214339463334335,0.9161184210526315,0.856052211712296,0.9161184210526315,0.9169595773896699,0.4791896058034927,0.8326684862481629,0.7516896677337288,0.8326684862481629,0.8247492341434426
234,0.18940784558223162,0.9228459176300579,0.8677278017249082,0.9228459176300579,0.9235663276703958,0.2022232860326767,0.9161184210526315,0.8552590005820238,0.9161184210526315,0.9167358913934875,0.487521329059737,0.8325635103926097,0.7506896290602544,0.8325635103926097,0.8242996326468454
235,0.18887188612897962,0.9224846459537572,0.8680512613176493,0.9224846459537572,0.923473972735465,0.2015598228103236,0.9155016447368421,0.8551916944189407,0.9155016447368421,0.9164046608773141,0.4825688297073305,0.833193365525929,0.7533010628622269,0.833193365525929,0.8256329982013617
236,0.18925022707107209,0.9222663776493256,0.8679468419354215,0.9222663776493256,0.9233334664232956,0.2019462797202562,0.915296052631579,0.8552994742174782,0.915296052631579,0.9163304763973393,0.4850914661508384,0.8332983413814823,0.7537606977846536,0.8332983413814823,0.8258646421461674
237,0.1896680464289781,0.9220932683044316,0.8675201783129824,0.9220932683044316,0.9231255332608221,0.20222140927063792,0.9148848684210527,0.8543333333333334,0.9148848684210527,0.9158502946820175,0.48437602665653107,0.8330883896703758,0.7528398949555601,0.8330883896703758,0.8254006193587132
238,0.18946062436108416,0.9221309007707129,0.8676645978391706,0.9221309007707129,0.9231852356898458,0.20186124193040947,0.915296052631579,0.855168416381552,0.915296052631579,0.9162937032649554,0.4877351600533645,0.8326684862481629,0.7522181085277755,0.8326684862481629,0.8249613756338295
239,0.1885392299076266,0.9227330202312138,0.8679364272034817,0.9227330202312138,0.9235679281264766,0.20168294639963852,0.9157072368421053,0.8550821949861858,0.9157072368421053,0.9164780574632868,0.48355394877132035,0.8327734621037162,0.7514471138431602,0.8327734621037162,0.8246990347943087
240,0.18909068798972922,0.9224545399807321,0.8679130396141802,0.9224545399807321,0.9234198140832873,0.20228768257718338,0.9150904605263158,0.8547510746535625,0.9150904605263158,0.9160720581912313,0.4889282498969367,0.8330883896703758,0.7525767638433672,0.8330883896703758,0.8252950302325754
241,0.1887029153734503,0.922048109344894,0.867290703277533,0.922048109344894,0.9230380991224081,0.2022858865951237,0.9144736842105263,0.8538946147438615,0.9144736842105263,0.915518150925469,0.48627484352829425,0.8332983413814823,0.7529756825053808,0.8332983413814823,0.825549984744686
242,0.1887293148764296,0.9215137283236994,0.8674190766976557,0.9215137283236994,0.9228012712878862,0.2016069394977469,0.9146792763157895,0.8556126800987828,0.9146792763157895,0.9161032540452256,0.4742237895745929,0.8338232206592484,0.7553538606806953,0.8338232206592484,0.8267398882571065
243,0.188527155358897,0.9224695929672447,0.8677424563291496,0.9224695929672447,0.9233795027705927,0.20125183227815127,0.9161184210526315,0.8565745482613427,0.9161184210526315,0.9171063857575285,0.49008733803750887,0.8328784379592694,0.7520894242725267,0.8328784379592694,0.8250045546834376
244,0.18920972759553692,0.9218674735067437,0.867601121367412,0.9218674735067437,0.9230330443953833,0.2022468267302764,0.9146792763157895,0.8554840025152267,0.9146792763157895,0.9160674083387387,0.4812034349743869,0.8338232206592484,0.7545792633946165,0.8338232206592484,0.8264302410880976
245,0.18848064757151411,0.9222814306358381,0.8675723481126438,0.9222814306358381,0.9232359791376715,0.20159631261700078,0.9150904605263158,0.8548826115974888,0.9150904605263158,0.9161089782388047,0.48007418196816515,0.8332983413814823,0.7529756825053808,0.8332983413814823,0.825549984744686
246,0.18845028346960715,0.9226427023121387,0.8680094147069515,0.9226427023121387,0.9235426048501372,0.20223573712926163,0.9150904605263158,0.8546192148679735,0.9150904605263158,0.9160350225401056,0.4919149298115285,0.8327734621037162,0.7521539246936169,0.8327734621037162,0.8249830595378589
247,0.18846466396585365,0.9219954238921002,0.8675299954981637,0.9219954238921002,0.923078416071119,0.20169862947965922,0.9148848684210527,0.8552507071071275,0.9148848684210527,0.9161073496267192,0.4859087925084419,0.8337182448036952,0.7542943175900587,0.8337182448036952,0.8262685854564782
248,0.18862437139586447,0.9219502649325626,0.8677824346524954,0.9219502649325626,0.9231260817606829,0.20183548017552025,0.9136513157894737,0.8535469107551488,0.9136513157894737,0.9150015431169457,0.4766911800959369,0.834138148225908,0.7554318665823008,0.834138148225908,0.8269141815909655
249,0.18929169095894735,0.9220706888246628,0.867531830754158,0.9220706888246628,0.9231172985441222,0.20218559315330104,0.9146792763157895,0.8547053377232108,0.9146792763157895,0.9158499675971167,0.48746059681972287,0.833193365525929,0.7533010628622269,0.833193365525929,0.8256329982013617
250,0.18840828041235605,0.9223416425818882,0.8678404599435522,0.9223416425818882,0.9233419572956976,0.20196969022876338,0.9161184210526315,0.8567043336910949,0.9161184210526315,0.9171428018692098,0.4937639013699266,0.8337182448036952,0.7538597658849783,0.8337182448036952,0.8260944534141088
251,0.1883729367529496,0.9226652817919075,0.8679934001585139,0.9226652817919075,0.9235495717433605,0.20177697507958664,0.9165296052631579,0.8566270938363961,0.9165296052631579,0.9173298296524467,0.4851771019572799,0.8338232206592484,0.7537097694852453,0.8338232206592484,0.8260817220643005
252,0.1891093376830134,0.9224018545279383,0.867738290320359,0.9224018545279383,0.9233438884151909,0.2022424246135511,0.9150904605263158,0.8547510746535625,0.9150904605263158,0.9160720581912313,0.4872185751942809,0.8339281965148015,0.7540834678111297,0.8339281965148015,0.8262791068084807
253,0.18880342888809123,0.9225975433526011,0.8678187497299344,0.9225975433526011,0.9234659907658773,0.20247377612088857,0.9150904605263158,0.8542216873425759,0.9150904605263158,0.9159232181613464,0.4948830432108964,0.8336132689481419,0.7531355889457751,0.8336132689481419,0.8257563746511651
254,0.1886013007950691,0.9228383911368016,0.8678667193648584,0.9228383911368016,0.9236017262135666,0.202155476337985,0.915296052631579,0.8537053151664165,0.915296052631579,0.9158815159154683,0.4969327811581133,0.8328784379592694,0.7512921812481284,0.8328784379592694,0.8246839239054378
255,0.18904578341224978,0.9224846459537572,0.868155385523838,0.9224846459537572,0.923503212092737,0.20194587346754575,0.9159128289473685,0.8565476780655696,0.9159128289473685,0.9169942650612267,0.4868277559354479,0.8347680033592274,0.7559315732449903,0.8347680033592274,0.8273998405151557
256,0.1890818344604992,0.9224093810211946,0.8686223594848244,0.9224093810211946,0.923595678003782,0.20144199776022056,0.9144736842105263,0.8548119293611083,0.9144736842105263,0.9157748385818413,0.47702936184599,0.8344530757925677,0.7566217151206076,0.8344530757925677,0.8275324851555027
257,0.18785174156544526,0.9222814306358381,0.8683863931472815,0.9222814306358381,0.9234642790745204,0.2008162995702342,0.9136513157894737,0.8534158902203497,0.9136513157894737,0.914964981260513,0.4838320787979629,0.8337182448036952,0.7557544704043229,0.8337182448036952,0.8268518700238172
258,0.18840372921299614,0.922334116088632,0.8686234273368842,0.922334116088632,0.9235575005804642,0.2012506786145662,0.9144736842105263,0.854551435160785,0.9144736842105263,0.9157020711225003,0.4769601227229517,0.8343480999370145,0.7566796428649125,0.8343480999370145,0.827507734152515
259,0.18887110910089489,0.9220706888246628,0.868274306826945,0.9220706888246628,0.9233251858844862,0.20182131779821297,0.9142680921052632,0.8546579281763858,0.9142680921052632,0.9156267828400786,0.48700791101808083,0.8348729792147807,0.7574083481140481,0.8348729792147807,0.8280374414527802
260,0.18804370145347538,0.922823338150289,0.86873793357479,0.922823338150289,0.9238392706378011,0.2014087571909553,0.9171463815789473,0.8585243878982356,0.9171463815789473,0.9181761515094613,0.48689442363677343,0.834138148225908,0.7551737429228329,0.834138148225908,0.8268109520221847
261,0.18851281188586314,0.9218524205202312,0.8682115459831166,0.9218524205202312,0.9231958945560041,0.2014062451688867,0.9130345394736842,0.8530906750973417,0.9130345394736842,0.9145586995270254,0.4751807134766652,0.8342431240814613,0.756652610654392,0.8342431240814613,0.827449085817072
262,0.18898335819873735,0.9223868015414258,0.8681730363940499,0.9223868015414258,0.923458300303317,0.20174907304738698,0.9138569078947368,0.8534367341760919,0.9138569078947368,0.9150757586613952,0.47847769032900206,0.8340331723703548,0.7552340865043017,0.8340331723703548,0.8267874469909972
263,0.18878502987310836,0.9228459176300579,0.868349623662583,0.9228459176300579,0.9237416196178718,0.20241200923919678,0.9138569078947368,0.8523730412689444,0.9138569078947368,0.9147775009917144,0.49568226474837646,0.8339281965148015,0.7536466515069957,0.8339281965148015,0.8261037723047727
264,0.18858145286467265,0.9225900168593449,0.8687139816958365,0.9225900168593449,0.9237135815605683,0.201704992275489,0.9140625,0.8535891383216363,0.9140625,0.9152232171147479,0.4879486337820322,0.8344530757925677,0.7561102986867136,0.8344530757925677,0.8273283668540654
265,0.18911624744333513,0.9224771194605009,0.8684170336593864,0.9224771194605009,0.9235727690236011,0.2022140904476768,0.9146792763157895,0.854574450372962,0.9146792763157895,0.9158133296354654,0.48467342376258477,0.8337182448036952,0.75472654025108,0.8337182448036952,0.826441539500846
266,0.18804186335648185,0.9225674373795761,0.8685229580630482,0.9225674373795761,0.9236485299879926,0.2009873052960948,0.9157072368421053,0.8558714823214474,0.9157072368421053,0.916700044511242,0.4832331151639917,0.8342431240814613,0.7553717473313026,0.8342431240814613,0.8269377885754843
267,0.18870865046863153,0.9224996989402697,0.8685005777544841,0.9224996989402697,0.9236077017204998,0.20139296039154655,0.9159128289473685,0.856676988439859,0.9159128289473685,0.9170304863154347,0.48156575103680077,0.8337182448036952,0.7543809479161783,0.8337182448036952,0.8263032702515926
268,0.18838217354923315,0.9224921724470135,0.8685372889938237,0.9224921724470135,0.9236141459862431,0.20091719768549265,0.9165296052631579,0.8576641157286318,0.9165296052631579,0.9176211009130947,0.4842741079949141,0.8349779550703338,0.7569261779060418,0.8349779550703338,0.8278928548831344
269,0.1889629550924191,0.9230641859344894,0.8688239186849891,0.9230641859344894,0.9239860089136349,0.20161881101758858,0.9159128289473685,0.8558963577064398,0.9159128289473685,0.9168114508487141,0.48992306881283304,0.8339281965148015,0.7545179380495362,0.8339281965148015,0.82645325524177
270,0.18905676640067717,0.9232372952793835,0.8684294586142656,0.9232372952793835,0.9239627147354363,0.20246189989541707,0.9177631578947368,0.8577038836542017,0.9177631578947368,0.9182573164802603,0.49847701980915987,0.8338232206592484,0.7530955245469466,0.8338232206592484,0.8258349283507243
271,0.18886392748769307,0.9233501926782274,0.8691257159243833,0.9233501926782274,0.9242162930412422,0.20241486947787435,0.9175575657894737,0.8581984715686868,0.9175575657894737,0.9182931885014568,0.5012392864841987,0.8337182448036952,0.7535979100053672,0.8337182448036952,0.8259894054380243
272,0.18864158054307706,0.9216793111753372,0.8682925146952146,0.9216793111753372,0.9231296345978613,0.20189333746307775,0.9130345394736842,0.8537385885222719,0.9130345394736842,0.914738556146166,0.4862061053821076,0.8346630275036742,0.7584431862228356,0.8346630275036742,0.8283529191711361
273,0.18853021730347636,0.923252348265896,0.8691123318439393,0.923252348265896,0.9241628022523718,0.2019784285833961,0.9177631578947368,0.8587459052575332,0.9177631578947368,0.9185515563078293,0.4972273735796832,0.8336132689481419,0.7538350678275754,0.8336132689481419,0.8260370613919753
274,0.1877159087242189,0.9231695568400771,0.8690856604235782,0.9231695568400771,0.9241131972726466,0.20070914610436089,0.91796875,0.8595473770758388,0.91796875,0.9188812929624749,0.4817902018311593,0.8335082930925887,0.7540708228504159,0.8335082930925887,0.82608395619888
275,0.18733982042712743,0.9229512885356455,0.8689447823913525,0.9229512885356455,0.9239625135220148,0.2008824160224513,0.9163240131578947,0.8567312843856302,0.9163240131578947,0.9172548527211211,0.489463573189911,0.8337182448036952,0.7544674852133919,0.8337182448036952,0.8263379079904075
276,0.18791967350451244,0.9234630900770713,0.8691907552568052,0.9234630900770713,0.9242919415932966,0.20186315006331393,0.91796875,0.8586468235456068,0.91796875,0.9186276733341492,0.4973790768738081,0.8334033172370355,0.7529997450717257,0.8334033172370355,0.8256070555017792
277,0.18756275948474402,0.9233125602119461,0.8692279734313626,0.9233125602119461,0.9242259437770977,0.2014550158852025,0.9173519736842105,0.8580396347838208,0.9173519736842105,0.9181443140893685,0.4888940783651241,0.8339281965148015,0.7543444304126952,0.8339281965148015,0.8263837376847606
278,0.18758177445745652,0.9233727721579962,0.8693004418740529,0.9233727721579962,0.9242769409404036,0.201331952684804,0.9173519736842105,0.8580396347838208,0.9173519736842105,0.9181443140893685,0.49019096685061553,0.8329834138148225,0.7524650936519426,0.8329834138148225,0.8252027920431472
279,0.18800025960154157,0.9231319243737958,0.8690927420510233,0.9231319243737958,0.924096039346883,0.20169708368025327,0.9161184210526315,0.8565745482613427,0.9161184210526315,0.9171063857575285,0.49097316965395077,0.8339281965148015,0.7546910729819407,0.8339281965148015,0.8265225843043053
280,0.18845645629716518,0.9236512524084779,0.8695101811102028,0.9236512524084779,0.9244774569738717,0.20189805328845978,0.91796875,0.8589057111119851,0.91796875,0.9187007037707761,0.4949791774688687,0.8332983413814823,0.7527123151663144,0.8332983413814823,0.8254442417319716
281,0.18769022513733663,0.9240200505780347,0.8693572915965568,0.9240200505780347,0.9246211036857631,0.2012241106284292,0.9177631578947368,0.8573077695978126,0.9177631578947368,0.9181450618005925,0.49141850906736884,0.8327734621037162,0.7508236206428319,0.8327734621037162,0.8244479702474484
282,0.18789427051309907,0.9242684248554913,0.8697472796126977,0.9242684248554913,0.9248570198157672,0.201846854467141,0.9187911184210527,0.8596770764382629,0.9187911184210527,0.9193341362283067,0.5051558328330604,0.8319336552592904,0.7496620728534635,0.8319336552592904,0.8236025464751076
283,0.18816924116687278,0.9220330563583815,0.8687074406429446,0.9220330563583815,0.9234267332119777,0.20159949126996493,0.9144736842105263,0.8557137641474991,0.9144736842105263,0.9160259759132222,0.49173853592839584,0.8339281965148015,0.7567400023760822,0.8339281965148015,0.827340012967367
284,0.18787328740994594,0.9214459898843931,0.8682247903278351,0.9214459898843931,0.9229908713950238,0.20187902136852867,0.9136513157894737,0.8552216394210339,0.9136513157894737,0.9154666067057747,0.4898738347755719,0.8339281965148015,0.7579941989774501,0.8339281965148015,0.8278375385414158
285,0.18841322992348716,0.9233878251445087,0.8693304328867522,0.9233878251445087,0.9242930304327922,0.20226983804451792,0.9163240131578947,0.856990854528276,0.9163240131578947,0.91732773400289,0.4990373151582153,0.834138148225908,0.7546549937117941,0.834138148225908,0.8266032272704942
286,0.18754551077336934,0.92268033477842,0.8692984293686546,0.92268033477842,0.9239232364872105,0.20128185968650014,0.9146792763157895,0.8554840025152267,0.9146792763157895,0.9160674083387387,0.48975714768978973,0.8338232206592484,0.7562058142319571,0.8338232206592484,0.8270795315798911
287,0.18794276655753914,0.9238318882466281,0.8696979476058937,0.9238318882466281,0.9246220447869598,0.20154521026109395,0.9187911184210527,0.8601922022486055,0.9187911184210527,0.9194796417295253,0.49495959861324085,0.8334033172370355,0.7532625212714051,0.8334033172370355,0.8257125169610927
288,0.1878221686462906,0.9238695207129094,0.8696649510266097,0.9238695207129094,0.9246318248627642,0.201432718258155,0.91796875,0.8585168993970804,0.91796875,0.9185909863050734,0.5026731113288274,0.8334033172370355,0.7528240881116374,0.8334033172370355,0.8255365088778542
289,0.1875245784317827,0.9244565871868978,0.8702988810077599,0.9244565871868978,0.9251082080649253,0.20108669996261597,0.9187911184210527,0.8596770764382629,0.9187911184210527,0.9193341362283067,0.4953765869516048,0.8323535586815033,0.7508230011346684,0.8323535586815033,0.8242588566017018
290,0.1869590639178004,0.924832911849711,0.8701583755994358,0.924832911849711,0.9252584266997282,0.19999869089377553,0.9175575657894737,0.8567513725645723,0.9175575657894737,0.917883758684653,0.48615545662616244,0.83224858282595,0.7497270146463777,0.83224858282595,0.8237701328594198
291,0.18676806211127023,0.9245318521194605,0.8706483166511658,0.9245318521194605,0.9252450378127484,0.20058998857673846,0.9181743421052632,0.8593236917182974,0.9181743421052632,0.9189226021228978,0.5030583587484702,0.8329834138148225,0.7523771861431101,0.8329834138148225,0.8251675017664339
292,0.18718871711134222,0.924200686416185,0.8703568285240451,0.924200686416185,0.9249949029711372,0.20088396025331398,0.9169407894736842,0.8575932451407706,0.9169407894736842,0.9178102120976696,0.491930731612295,0.8327734621037162,0.7523296763612781,0.8327734621037162,0.8250535850781479
293,0.1870352599432473,0.9242910043352601,0.870187943155533,0.9242910043352601,0.9249930353127366,0.20111233466549924,0.916735197368421,0.8567839924820901,0.916735197368421,0.917478157962818,0.49435874515037287,0.8324585345370564,0.7512895940984907,0.8324585345370564,0.8244937763242313
294,0.18841508607988414,0.9246071170520231,0.869869319212508,0.9246071170520231,0.925062571915619,0.2024857919467123,0.9161184210526315,0.8543185747575734,0.9161184210526315,0.9164695565429445,0.5088248262629648,0.8332983413814823,0.7512036632017964,0.8332983413814823,0.8248368284989269
295,0.18749060219078395,0.9244490606936416,0.8705344374321962,0.9244490606936416,0.9251709406505363,0.20062352481641268,0.9175575657894737,0.8581984715686868,0.9175575657894737,0.9182931885014568,0.4866674604371844,0.8320386311148436,0.7508436424849515,0.8320386311148436,0.8241251805863694
296,0.18707340392992905,0.9236361994219653,0.8700905563161849,0.9236361994219653,0.9246330397648959,0.20099819412356928,0.9169407894736842,0.8579806801411336,0.9169407894736842,0.9179190682501016,0.4968833688700522,0.8335082930925887,0.7544168515392757,0.8335082930925887,0.8262224000305188
297,0.18744079424122165,0.9239673651252408,0.8699987462583086,0.9239673651252408,0.9247755768088544,0.20053801724785253,0.9177631578947368,0.8587459052575332,0.9177631578947368,0.9185515563078293,0.48816161575673783,0.8329834138148225,0.7526406246646538,0.8329834138148225,0.8252732290391295
298,0.18722054680992414,0.9235233020231214,0.8699177428815603,0.9235233020231214,0.9245270196246159,0.20056408094732384,0.9163240131578947,0.8572491564124373,0.9163240131578947,0.9174001610755972,0.48802495653479633,0.8338232206592484,0.7551823733805121,0.8338232206592484,0.8266714043944104
299,0.18778256816441383,0.9243060573217726,0.8701228390260515,0.9243060573217726,0.9249822663106061,0.201291140757109,0.9173519736842105,0.8571244435364296,0.9173519736842105,0.9178859733181998,0.5073566403605221,0.833193365525929,0.7523363289438061,0.833193365525929,0.8252458155403631
300,0.18783063088366062,0.9243888487475915,0.8703621892192526,0.9243888487475915,0.9250918025324354,0.2012275606393814,0.9175575657894737,0.8579382863202716,0.9175575657894737,0.9182197919974783,0.5030858804016786,0.8330883896703758,0.7524888642098696,0.8330883896703758,0.8252597381907681
301,0.18742443259396305,0.9233050337186898,0.8698819447821412,0.9233050337186898,0.9244056997040153,0.20042809295026878,0.9157072368421053,0.8566492509998123,0.9157072368421053,0.9169179066351568,0.4881738579726234,0.835082930925887,0.7577167926809725,0.835082930925887,0.8282560842481359
302,0.18712614706371103,0.9248780708092486,0.8705375920814291,0.9248780708092486,0.9253887812878882,0.20053311868717796,0.9173519736842105,0.8568600345000956,0.9173519736842105,0.9178111155376003,0.4995706828607122,0.8339281965148015,0.752942823568294,0.8339281965148015,0.8258207499381984
303,0.1877466108011143,0.9244641136801541,0.8703961973445222,0.9244641136801541,0.9251395216030566,0.20137088079201548,0.9173519736842105,0.8572561570313093,0.9173519736842105,0.9179232266942191,0.5035686137519563,0.8330883896703758,0.7524888642098696,0.8330883896703758,0.8252597381907681
304,0.18667867007397962,0.9239748916184971,0.8702331319647109,0.9239748916184971,0.9248454147243588,0.19979747424000188,0.9171463815789473,0.8581393307307346,0.9171463815789473,0.9180680728417979,0.4855423116418661,0.8338232206592484,0.7539716010548593,0.8338232206592484,0.8261867750033284
305,0.18602783788490845,0.9247275409441233,0.8707252186755529,0.9247275409441233,0.9253658365329883,0.1997499113020144,0.9173519736842105,0.8572561570313093,0.9173519736842105,0.9179232266942191,0.4936592988349199,0.8337182448036952,0.7531595971503817,0.8337182448036952,0.8258133719909664
306,0.18675576661478346,0.9246673289980732,0.8707901318936975,0.9246673289980732,0.9253537067174634,0.2001689735211824,0.9189967105263158,0.8603540582386628,0.9189967105263158,0.9196292772070835,0.5011829990262423,0.8335082930925887,0.7529358927388293,0.8335082930925887,0.8256287862932872
307,0.1876277888125537,0.9247049614643545,0.8703808111579592,0.9247049614643545,0.9252569565740784,0.20057528191491178,0.9181743421052632,0.8580212307498236,0.9181743421052632,0.9185543364915895,0.49393831359571755,0.8336132689481419,0.7525185722405999,0.8336132689481419,0.8255082607497906
308,0.18749204074142067,0.9254952432562621,0.8704701229420369,0.9254952432562621,0.9256801493154955,0.20091170464691363,0.91796875,0.8565287945810924,0.91796875,0.9180266575922893,0.50505415844662,0.8334033172370355,0.7505959980074421,0.8334033172370355,0.8246383231629977
309,0.18741013147008673,0.9233577191714836,0.8701179214934626,0.9233577191714836,0.9244986837417185,0.20063704095388712,0.9163240131578947,0.8580165385635762,0.9163240131578947,0.9176147464742271,0.48711557456382354,0.8349779550703338,0.7576892375043762,0.8349779550703338,0.8281972348675212
310,0.18750874940772508,0.9243211103082851,0.8703949865332226,0.9243211103082851,0.9250667371436755,0.20120494773513392,0.9181743421052632,0.8593236917182974,0.9181743421052632,0.9189226021228978,0.4954839010161561,0.8340331723703548,0.7537585906140509,0.8340331723703548,0.8261961061977868
311,0.18658434301040536,0.9247802263969171,0.8704103481897292,0.9247802263969171,0.92530332957093,0.20063557671873192,0.9175575657894737,0.8572821646974462,0.9175575657894737,0.9180342772818182,0.4967858887835008,0.8330883896703758,0.751693482600245,0.8330883896703758,0.8249399446281515
312,0.1884533243544529,0.9253898723506744,0.8697932492681595,0.9253898723506744,0.9254340581509335,0.2025746663934306,0.9185855263157895,0.856865271690424,0.9185855263157895,0.9184309358220503,0.5117553023888538,0.8328784379592694,0.7489448340522723,0.8328784379592694,0.8237353438517534
313,0.1881992693466488,0.9232674012524085,0.8702443821428452,0.9232674012524085,0.9244878927263843,0.2013422744838815,0.9165296052631579,0.8584286803966438,0.9165296052631579,0.9178348250130476,0.4902508205634667,0.8339281965148015,0.7573277833003429,0.8339281965148015,0.827573453714499
314,0.18752067353798935,0.9244340077071291,0.8709933290157501,0.9244340077071291,0.9252926681898799,0.20074798794169174,0.9177631578947368,0.8591313932814595,0.9177631578947368,0.9186600108907336,0.48963308331847766,0.8338232206592484,0.7545792633946165,0.8338232206592484,0.8264302410880976
315,0.18687166338194314,0.925118918593449,0.8706262189855658,0.925118918593449,0.925535375806702,0.2002683626978021,0.9187911184210527,0.8588947435486436,0.9187911184210527,0.9191124306245335,0.4948906634075662,0.8335082930925887,0.7517849256877889,0.8335082930925887,0.8251655124464345
316,0.18666632019830348,0.9243361632947977,0.8704767561543902,0.9243361632947977,0.9250974381065562,0.20049057508769788,0.9175575657894737,0.8583280836400526,0.9175575657894737,0.9183297148413422,0.4981884287356229,0.8335082930925887,0.7536361901935429,0.8335082930925887,0.825909840825644
317,0.18630272366809936,0.9242458453757225,0.8701710750418081,0.9242458453757225,0.9249653960649712,0.2003785661960903,0.9177631578947368,0.858487327284132,0.9177631578947368,0.9184786857102396,0.4957265570312394,0.8336132689481419,0.7533110245360335,0.8336132689481419,0.8258268323694518
318,0.1879570347495621,0.9238544677263969,0.8705958543151453,0.9238544677263969,0.9248860616438502,0.20148607304221705,0.9169407894736842,0.8581091931647117,0.9169407894736842,0.9179551273410803,0.4963140381926777,0.8344530757925677,0.7565367069586411,0.8344530757925677,0.8274985808196379
319,0.1868928701747819,0.9239447856454721,0.8705580526876151,0.9239447856454721,0.9249214599706823,0.2009487387381102,0.9173519736842105,0.8585555555555555,0.9173519736842105,0.9182894165752924,0.497264364399931,0.8348729792147807,0.756899319551948,0.8348729792147807,0.8278343930691273
320,0.18646139319921504,0.9245845375722543,0.8706675339883607,0.9245845375722543,0.9252771510284064,0.2003201701139149,0.9181743421052632,0.8589363329415935,0.9181743421052632,0.91881333078279,0.49413026280195904,0.8338232206592484,0.7537097694852453,0.8338232206592484,0.8260817220643005
321,0.18690399745181346,0.9245619580924855,0.8706180287987585,0.9245619580924855,0.9252517331322359,0.2005966940992757,0.9187911184210527,0.8600638979962774,0.9187911184210527,0.919443436007491,0.49511483190892097,0.8334033172370355,0.7528240881116374,0.8334033172370355,0.8255365088778542
322,0.18718093902102326,0.924546905105973,0.8705360904082894,0.924546905105973,0.9252209624901885,0.2005512086968673,0.919202302631579,0.8603875722537653,0.919202302631579,0.9197425709815811,0.49612540338261146,0.8338232206592484,0.7531835582935634,0.8338232206592484,0.8258703283377842
323,0.1879037550878433,0.9230942919075145,0.8700636759146037,0.9230942919075145,0.9243488333414654,0.20106082291979538,0.9175575657894737,0.8603592409845926,0.9175575657894737,0.9188988692622513,0.48650290351341485,0.8336132689481419,0.7567417729120616,0.8336132689481419,0.8271965446291638
324,0.18603884079897334,0.9245017461464354,0.8710086689515346,0.9245017461464354,0.9253313918195532,0.1996733679583198,0.9181743421052632,0.859580343778171,0.9181743421052632,0.9189948818654132,0.489766528231993,0.8332983413814823,0.7532381996372131,0.8332983413814823,0.8256552979934375
325,0.18695070501237476,0.92497591522158,0.8715014245077237,0.92497591522158,0.9257108697200156,0.20086297079136498,0.9189967105263158,0.8606100173748701,0.9189967105263158,0.9197015054245861,0.5051963783827195,0.8337182448036952,0.7539468633458839,0.8337182448036952,0.8261293744437707
326,0.18632938827680484,0.9248404383429673,0.8713292961849548,0.9248404383429673,0.9255936238129908,0.20011879582154124,0.9175575657894737,0.8584573768144622,0.9175575657894737,0.9183661270767551,0.49188358692869577,0.834138148225908,0.7545682096505661,0.834138148225908,0.8265684416800237
327,0.18650075577931596,0.9249232297687862,0.8714090480069675,0.9249232297687862,0.9256580968445834,0.20009273604342812,0.9187911184210527,0.860447862937209,0.9187911184210527,0.919551714120524,0.4975844421557912,0.8343480999370145,0.7549655570108931,0.8343480999370145,0.8268227168562277
328,0.18618506442949262,0.9249533357418112,0.8712635166575335,0.9249533357418112,0.9256322566852098,0.19976599671338735,0.9183799342105263,0.8596129506552834,0.9183799342105263,0.9191082190400955,0.48827416091412773,0.8336132689481419,0.7531355889457751,0.8336132689481419,0.8257563746511651
329,0.18643345342148707,0.9250963391136802,0.8712660851271377,0.9250963391136802,0.9257053410094261,0.20006656882010007,0.9181743421052632,0.8591948906477114,0.9181743421052632,0.9188862922816885,0.4958140909884523,0.8336132689481419,0.7532233540540458,0.8336132689481419,0.8257916274217529
330,0.18680868141338774,0.9245393786127167,0.8709168330841239,0.9245393786127167,0.9253246119556979,0.20047953724861145,0.9173519736842105,0.8581690909518209,0.9173519736842105,0.9181807600751162,0.5002268844734038,0.833193365525929,0.7530390865926541,0.833193365525929,0.8255279756666386
331,0.18642379756952296,0.9259468328516378,0.8709644828113838,0.9259468328516378,0.926047631819185,0.20041465602423014,0.9185855263157895,0.8575404714569724,0.9185855263157895,0.9186238711994946,0.5006897041158418,0.833193365525929,0.7494636126639003,0.833193365525929,0.8240860254198177
332,0.187147797991545,0.9243436897880539,0.8710182530139263,0.9243436897880539,0.9252537739132638,0.2004261503094121,0.91796875,0.8598018451026588,0.91796875,0.9189527416883367,0.49309035095126347,0.8343480999370145,0.7559128507877512,0.8343480999370145,0.8272017772367483
333,0.18671529194580566,0.9247350674373795,0.8707230236484891,0.9247350674373795,0.9253690234240959,0.2001535774845826,0.9187911184210527,0.8598063361949542,0.9187911184210527,0.9193706836346847,0.5066504969758044,0.8328784379592694,0.7516474689854764,0.8328784379592694,0.8248269101975498
334,0.1856179380635076,0.9251113921001927,0.8709808849797684,0.9251113921001927,0.9256321922384185,0.19948504473033704,0.9198190789473685,0.8612612865628466,0.9198190789473685,0.9203008835682538,0.49744558495782437,0.8330883896703758,0.751693482600245,0.8330883896703758,0.8249399446281515
335,0.18692750591418647,0.9252318159922929,0.8713654532914088,0.9252318159922929,0.9258019431185088,0.20054269934955396,0.9194078947368421,0.8608069988962022,0.9194078947368421,0.9199649374729699,0.504821819716483,0.8334033172370355,0.7524716345268505,0.8334033172370355,0.8253948397300059
336,0.18611398488570272,0.9250135476878613,0.8711259507951763,0.9250135476878613,0.9256238326413221,0.19973358355070414,0.919202302631579,0.8607724352216126,0.919202302631579,0.9198513173441619,0.4956111491614972,0.8330883896703758,0.7522245956244362,0.8330883896703758,0.8251535741575989
337,0.18724280047393718,0.925322133911368,0.8714173765534338,0.925322133911368,0.9258622717864586,0.20119301582637586,0.9189967105263158,0.859967738192421,0.9189967105263158,0.9195200833019171,0.5053384644430073,0.8330883896703758,0.751870903160464,0.8330883896703758,0.8250113478926928
338,0.1871365873225622,0.9252845014450867,0.8712120436575983,0.9252845014450867,0.9257850851165115,0.20073308913331284,0.9189967105263158,0.8597085910274569,0.9189967105263158,0.9194467152283944,0.4990180590661814,0.8326684862481629,0.7508012889419862,0.8326684862481629,0.8243918025644615
339,0.18665196903064302,0.9245995905587668,0.8708525730429199,0.9245995905587668,0.9253370193038508,0.20042750788362404,0.9187911184210527,0.8601922022486055,0.9187911184210527,0.9194796417295253,0.49552174078024114,0.834138148225908,0.7545682096505661,0.834138148225908,0.8265684416800237
340,0.18638146780646606,0.9250286006743738,0.871263775341457,0.9250286006743738,0.9256704248124338,0.19986839043466667,0.919202302631579,0.860516177530676,0.919202302631579,0.9197789333378001,0.49000638012572695,0.8345580516481209,0.7547553332183313,0.8345580516481209,0.8268333129852448
341,0.18679743238611718,0.9258489884393064,0.8709772576976278,0.9258489884393064,0.9260022437406416,0.20076910445564672,0.9185855263157895,0.8578081832581137,0.9185855263157895,0.9187002005479737,0.5083917489628469,0.8325635103926097,0.7489747952783312,0.8325635103926097,0.8236070335502758
342,0.1873984007247381,0.9262253131021194,0.8716802766148182,0.9262253131021194,0.9263915475132832,0.20132365116947576,0.9194078947368421,0.8591121266747119,0.9194078947368421,0.9194836907997737,0.5101107757381349,0.833193365525929,0.7501005875242546,0.833193365525929,0.8243440527403876
343,0.18695014198391424,0.9263156310211946,0.8721991678355647,0.9263156310211946,0.9265847799625282,0.20096661150455475,0.9198190789473685,0.8602249416424984,0.9198190789473685,0.9200067179187315,0.5099431316616804,0.8329834138148225,0.7506887662072446,0.8329834138148225,0.8244878033821016
344,0.1865548130864123,0.9260597302504817,0.8723313952721168,0.9260597302504817,0.9264935863060895,0.20067508989258817,0.9187911184210527,0.8596770764382629,0.9187911184210527,0.9193341362283067,0.5031197429479182,0.8335082930925887,0.7524066880483784,0.8335082930925887,0.8254159832715964
345,0.18648400037102617,0.9254877167630058,0.871857249809274,0.9254877167630058,0.92607048028925,0.20047896786739952,0.9183799342105263,0.8592260878712805,0.9183799342105263,0.9189990515366269,0.5055288470344536,0.8339281965148015,0.753471264325697,0.8339281965148015,0.826033304602089
346,0.18712107185453808,0.9255705081888247,0.8722796241883091,0.9255705081888247,0.9262318086730835,0.20061082040008746,0.919202302631579,0.8607724352216126,0.919202302631579,0.9198513173441619,0.48822188840401964,0.8347680033592274,0.7553270406666992,0.8347680033592274,0.8271575942582483
347,0.18588624471127413,0.9265113198458574,0.8720816386918893,0.9265113198458574,0.926649485372394,0.2001082834444548,0.9189967105263158,0.8586590034584151,0.9189967105263158,0.9191485990274307,0.5072482660390889,0.833193365525929,0.7505526035520579,0.833193365525929,0.8245268621272465
348,0.1863265809152627,0.9255705081888247,0.8723435126465362,0.9255705081888247,0.9262498591862114,0.2004524500746476,0.9187911184210527,0.8600638979962774,0.9187911184210527,0.919443436007491,0.5058905871981161,0.8338232206592484,0.7543193967524622,0.8338232206592484,0.8263261817191547
349,0.18612739761038782,0.9266467967244701,0.8721994662225465,0.9266467967244701,0.926751017762538,0.2006365970561379,0.9183799342105263,0.8573821422649704,0.9183799342105263,0.9184758125380107,0.5052223682854072,0.8332983413814823,0.7501218560172953,0.8332983413814823,0.8243995470957941
350,0.18576760246976493,0.9254801902697495,0.8723247779561036,0.9254801902697495,0.9261988166723847,0.19992853387405998,0.9183799342105263,0.8593553607709421,0.9183799342105263,0.9190355546708201,0.4965120531820385,0.834138148225908,0.7550011980477032,0.834138148225908,0.8267418983570178
351,0.1863312173584523,0.9265037933526011,0.872375853625419,0.9265037933526011,0.9267296209698941,0.2005403669256913,0.919202302631579,0.8590837842246986,0.919202302631579,0.9193726100491622,0.5055945068879361,0.8339281965148015,0.7520544257979598,0.8339281965148015,0.8254626221220847
352,0.18599507028886578,0.9263081045279383,0.8725947649978136,0.9263081045279383,0.9266935101448941,0.19997084219204753,0.919202302631579,0.859609200543334,0.919202302631579,0.9195219879378269,0.4953489608682556,0.8337182448036952,0.7525419692820574,0.8337182448036952,0.8255649092124455
353,0.18540229681369658,0.9260446772639692,0.8722623232052418,0.9260446772639692,0.9264663920060434,0.19933223096947922,0.9204358552631579,0.8620093391590857,0.9204358552631579,0.9208235193510523,0.4920668800713609,0.8336132689481419,0.752252703486209,0.8336132689481419,0.8254012023481191
354,0.18582960442139235,0.9259618858381503,0.8724482697793148,0.9259618858381503,0.9264773785549234,0.19998113497307426,0.9198190789473685,0.8612612865628466,0.9198190789473685,0.9203008835682538,0.4986507785988535,0.8339281965148015,0.7532074723209947,0.8339281965148015,0.8259272436762084
355,0.18512675319735486,0.9256758790944123,0.8723539180503034,0.9256758790944123,0.9263061329630295,0.19941778637860952,0.919202302631579,0.860516177530676,0.919202302631579,0.9197789333378001,0.49295567169726057,0.8342431240814613,0.754853604946165,0.8342431240814613,0.8267303361610764
356,0.18508796808749495,0.9264661608863198,0.8730245927707618,0.9264661608863198,0.9268952012726018,0.19924211266793704,0.9189967105263158,0.859578533954688,0.9189967105263158,0.9194098584038681,0.48667613377021485,0.8343480999370145,0.7536555824340108,0.8343480999370145,0.8262966088288645
357,0.18593579371368266,0.9274897639691715,0.872900731771475,0.9274897639691715,0.9273731555672515,0.2005010004106321,0.919202302631579,0.8570657652321764,0.919202302631579,0.9187954216570272,0.504640070112618,0.8326684862481629,0.7480775380860651,0.8326684862481629,0.8232899246041042
358,0.1863884105129968,0.9260220977842004,0.8724662925809836,0.9260220977842004,0.926512876194,0.20008429179066106,0.9187911184210527,0.8594175936545916,0.9187911184210527,0.9192606970731126,0.4988944115144176,0.8330883896703758,0.75195946965258,0.8330883896703758,0.8250469768932814
359,0.18608899962925038,0.9270231213872833,0.8729290657580995,0.9270231213872833,0.9271479231029284,0.19966617383454976,0.919202302631579,0.8585530806656164,0.919202302631579,0.9192213447734835,0.49428460989933465,0.8335082930925887,0.7509785493490897,0.8335082930925887,0.824839961145788
360,0.18529735972139416,0.926616690751445,0.8730059168637158,0.926616690751445,0.9269657079064726,0.1991154449550729,0.9194078947368421,0.8599012050027055,0.9194078947368421,0.9197082439594751,0.4991281724091265,0.8342431240814613,0.7528360570072719,0.8342431240814613,0.8259192626410969
361,0.1856765111115167,0.9253748193641619,0.8726058089983195,0.9253748193641619,0.9262245688381917,0.19945444872504786,0.9181743421052632,0.859580343778171,0.9181743421052632,0.9189948818654132,0.49394755163989645,0.834138148225908,0.7562863095197614,0.834138148225908,0.827255259068381
362,0.18584876968336933,0.9269403299614644,0.8730906750445908,0.9269403299614644,0.9271525006008471,0.19992706336473165,0.9198190789473685,0.8600939374334565,0.9198190789473685,0.9199694254332434,0.5024435238855215,0.8339281965148015,0.751786021462234,0.8339281965148015,0.8253542322574897
363,0.1861276091121295,0.9250888126204239,0.8721387063330085,0.9250888126204239,0.9259477709650121,0.20047769813161148,0.9185855263157895,0.8602859701913461,0.9185855263157895,0.9194019427605621,0.4960080601201447,0.8342431240814613,0.7560574339111661,0.8342431240814613,0.8272117760872849
364,0.18630953509224174,0.9257586705202312,0.8728801524870982,0.9257586705202312,0.9264966939946235,0.20051566864314832,0.9194078947368421,0.8610629208871976,0.9194078947368421,0.9200372504192306,0.5034696328997887,0.8337182448036952,0.7545539296137769,0.8337182448036952,0.8263724987361648
365,0.18646613683601795,0.9273693400770713,0.8725617916222794,0.9273693400770713,0.9272158598192674,0.20066366383903905,0.9196134868421053,0.8575196612220206,0.9196134868421053,0.9191300406756455,0.5070506503245121,0.8338232206592484,0.749678438227612,0.8338232206592484,0.8244534866024936
366,0.18479083115252914,0.9275273964354528,0.8738222385314109,0.9275273964354528,0.9276556479286997,0.198834459248342,0.9208470394736842,0.861301614254447,0.9208470394736842,0.9208283556251686,0.4958904847462038,0.8328784379592694,0.7500364757652906,0.8328784379592694,0.8241773128272979
367,0.18636873404644358,0.9257285645472062,0.8728243752166509,0.9257285645472062,0.9264656943586361,0.20030634811050013,0.9194078947368421,0.8611904080344811,0.9194078947368421,0.9200732374420121,0.49149904325182087,0.8352928826369935,0.7569210079561834,0.8352928826369935,0.8280338127137016
368,0.18543580190237316,0.9272037572254336,0.8729783949199836,0.9272037572254336,0.9272524794724077,0.20026994222088865,0.919202302631579,0.8577469470750435,0.919202302631579,0.918990851611522,0.5119388612934003,0.8338232206592484,0.7503185786976683,0.8338232206592484,0.8247133477569232
369,0.1853607188702089,0.9270231213872833,0.8732798096486581,0.9270231213872833,0.9272479680096786,0.1999768167734146,0.9202302631578947,0.8608114044209773,0.9202302631578947,0.9203798386361501,0.5128432902723157,0.8335082930925887,0.7514275090490292,0.8335082930925887,0.8250213139605729
370,0.18615049505624237,0.925811355973025,0.8729809204660703,0.925811355973025,0.9265518341440878,0.19977762667756332,0.9189967105263158,0.8607375239623346,0.9189967105263158,0.9197374503427681,0.4917182324940283,0.8346630275036742,0.7559055444775713,0.8346630275036742,0.8273418273628259
371,0.18575729220129392,0.9260145712909441,0.8731030244570681,0.9260145712909441,0.9266892715291456,0.1997736959080947,0.9187911184210527,0.8599352763454806,0.9187911184210527,0.9194071167681803,0.4961595183882472,0.834138148225908,0.7550011980477032,0.834138148225908,0.8267418983570178
372,0.18513091265982975,0.9273542870905588,0.8736310099211742,0.9273542870905588,0.9275142848454901,0.1991730693139528,0.9200246710526315,0.8595952883697443,0.9200246710526315,0.9199299838343883,0.5013608585604344,0.8338232206592484,0.7514046409684783,0.8338232206592484,0.8251531166516687
373,0.18562501518195765,0.926872591522158,0.8738369975100678,0.926872591522158,0.9273306441078866,0.19980334765032717,0.9204358552631579,0.8621372444718651,0.9204358552631579,0.9208597781364427,0.49956755496212696,0.8339281965148015,0.7532074723209947,0.8339281965148015,0.8259272436762084
374,0.1862167390583797,0.927188704238921,0.8736361548864212,0.927188704238921,0.9274326483789177,0.20052299138746763,0.9204358552631579,0.8613650107590505,0.9204358552631579,0.9206405101575029,0.5067563131029256,0.8339281965148015,0.7522328768276405,0.8339281965148015,0.825534637161203
375,0.18593620651030127,0.9259694123314065,0.8732662748978778,0.9259694123314065,0.9267124724390128,0.20027190133144981,0.9185855263157895,0.8601584462049578,0.9185855263157895,0.9193660407447509,0.5046638057508714,0.8340331723703548,0.7559191716560631,0.8340331723703548,0.8270610375877284
376,0.185715751682977,0.9265941112716763,0.8734609229848509,0.9265941112716763,0.9270835080811479,0.2003652539692427,0.9189967105263158,0.8597085910274569,0.9189967105263158,0.9194467152283944,0.5045947503472936,0.834138148225908,0.7541328848254845,0.834138148225908,0.8263938036273392
377,0.18605712394953233,0.9262253131021194,0.8731894349300506,0.9262253131021194,0.9268203341271867,0.2002688528675782,0.9185855263157895,0.859386662150245,0.9185855263157895,0.9191482531614694,0.49390373221470885,0.834138148225908,0.7547416844494703,0.834138148225908,0.8266379656699051
378,0.1849224210531955,0.9267521676300579,0.8735184582236493,0.9267521676300579,0.9271795392819817,0.1996850089022988,0.9189967105263158,0.8591864152323111,0.9189967105263158,0.9192985921429417,0.5007272569567072,0.8340331723703548,0.7532313391781509,0.8340331723703548,0.8259841179907241
379,0.18538852983471976,0.9272790221579962,0.8734222695733169,0.9272790221579962,0.9274169793623647,0.20019787549972534,0.9198190789473685,0.8594339656196537,0.9198190789473685,0.9197811961912029,0.506399560770567,0.8338232206592484,0.7513146772343395,0.8338232206592484,0.825116742320808
380,0.18558521700847125,0.9276703998073218,0.8744678666189465,0.9276703998073218,0.9279115137664625,0.20039771497249603,0.9202302631578947,0.8608114044209773,0.9202302631578947,0.9203798386361501,0.505439733410242,0.8336132689481419,0.7518968653302888,0.8336132689481419,0.8252577778886249
381,0.18511191428224474,0.9269403299614644,0.8735766919523524,0.9269403299614644,0.9272908493339365,0.2002296894788742,0.9196134868421053,0.8601934610503148,0.9196134868421053,0.9198945654882348,0.506248348316875,0.8339281965148015,0.7523219572041072,0.8339281965148015,0.8255705714208023
382,0.18520244885673873,0.9274521315028902,0.8728853169978894,0.9274521315028902,0.9273499570216744,0.20035986053316215,0.9189967105263158,0.8569078495439368,0.9189967105263158,0.918647896700572,0.5060012076998768,0.8329834138148225,0.748413389273614,0.8329834138148225,0.82356632797509
383,0.1850470388326112,0.9267672206165704,0.8735572439220067,0.9267672206165704,0.9271981356152106,0.19971264820349843,0.9200246710526315,0.8616809517212793,0.9200246710526315,0.9205233353204211,0.4955707794223892,0.8335082930925887,0.7526717192353831,0.8335082930925887,0.8255226014408853
384,0.1855849663158143,0.9277005057803468,0.8736759953449399,0.9277005057803468,0.9277005057803468,0.20074503908031865,0.9196134868421053,0.8586053975358929,0.9196134868421053,0.9194416330694118,0.5107292656184694,0.8336132689481419,0.7501853543131809,0.8336132689481419,0.8245657730286012
385,0.18588717049256914,0.9274671844894027,0.8740916176000335,0.9274671844894027,0.9277022647833079,0.2008398512476369,0.920641447368421,0.861528871408498,0.920641447368421,0.9207902518390564,0.5095182815670292,0.8342431240814613,0.7529248239249714,0.8342431240814613,0.8259550557946973
386,0.1853100202101963,0.9278359826589595,0.873468211712143,0.9278359826589595,0.9277086342770974,0.20033655041142515,0.9200246710526315,0.8586561013727965,0.9200246710526315,0.9196608636192721,0.5047189266071483,0.8337182448036952,0.7497496365949303,0.8337182448036952,0.8244357419027625
387,0.18453049622404322,0.927647820327553,0.8736339251204827,0.927647820327553,0.9276621220554038,0.19964925160533503,0.9202302631578947,0.8600225063853635,0.9202302631578947,0.9201547675381172,0.5012496541008438,0.8345580516481209,0.7521001099063682,0.8345580516481209,0.8257629380950325
388,0.18542233874630146,0.9276252408477842,0.8744407354966344,0.9276252408477842,0.9278811011751281,0.20003608653419896,0.9208470394736842,0.8618228210313187,0.9208470394736842,0.920977007869122,0.4896333786261425,0.8344530757925677,0.7532377753829512,0.8344530757925677,0.8261755053757047
389,0.1857837838531689,0.9269930154142582,0.8738407143728513,0.9269930154142582,0.9273923972680943,0.20026872816838717,0.9196134868421053,0.8600629392430794,0.9196134868421053,0.9198574695457885,0.4909086246313279,0.8337182448036952,0.753071650405171,0.8337182448036952,0.8257780216961256
390,0.18456821980561364,0.9272413896917149,0.8731550458585412,0.9272413896917149,0.9273218094562866,0.19974952308755173,0.9198190789473685,0.8594339656196537,0.9198190789473685,0.9197811961912029,0.5033853458502251,0.833193365525929,0.7502816892462669,0.833193365525929,0.8244173254606196
391,0.18519618507180372,0.9268801180154143,0.8737628126517388,0.9268801180154143,0.9273133890680414,0.20033501088619232,0.9200246710526315,0.8612962091289,0.9200246710526315,0.9204143385725047,0.5027759584113126,0.8332983413814823,0.7528879880397907,0.8332983413814823,0.8255147849115283
392,0.18505382556504138,0.9270080684007708,0.8736575558506798,0.9270080684007708,0.9273479278126467,0.2004128945501227,0.9196134868421053,0.8601934610503148,0.9196134868421053,0.9198945654882348,0.5042504594527747,0.8330883896703758,0.75195946965258,0.8330883896703758,0.8250469768932814
393,0.1845488453818654,0.9269102239884393,0.873622950120448,0.9269102239884393,0.927288840028788,0.19983448009741933,0.9196134868421053,0.8603236575380244,0.9196134868421053,0.9199315452511205,0.49765212545118587,0.8340331723703548,0.7531431310488256,0.8340331723703548,0.8259486184513684
394,0.18821904485280802,0.9274295520231214,0.8716194927182137,0.9274295520231214,0.9269746721991025,0.2038507994852568,0.9185855263157895,0.8545044941606731,0.9185855263157895,0.9177517582394218,0.5212767313264034,0.8330883896703758,0.7459971552856628,0.8330883896703758,0.8226274490038722
395,0.18502741345780432,0.9265941112716763,0.8737070908310791,0.9265941112716763,0.9271532513126224,0.20089806224170484,0.9189967105263158,0.8602256035032289,0.9189967105263158,0.9195929931593972,0.5058889794995398,0.8343480999370145,0.7549655570108931,0.8343480999370145,0.8268227168562277
396,0.18611031698927943,0.9274069725433526,0.873690307146633,0.9274069725433526,0.9275576234717547,0.20147969612949773,0.9200246710526315,0.8602560537558527,0.9200246710526315,0.9201186173231389,0.5021580774419178,0.834138148225908,0.7520998191595005,0.834138148225908,0.8255750233671516
397,0.18487883174005962,0.9274897639691715,0.8739828207400694,0.9274897639691715,0.9276825906912132,0.20067686313077024,0.920641447368421,0.861528871408498,0.920641447368421,0.9207902518390564,0.5048773208511443,0.8338232206592484,0.7524766154447425,0.8338232206592484,0.8255857783073675
