=====Setting up data=====
Dataset name:adult
train_option:original
augment_option:None
mix_ratio:-1
n_sample:-1
Training dataset size: 34304 samples
Validation dataset size: 3840 samples

=====Setting up parameters for training=====
num_epochs: 100
learning_rate: 0.001
patience: 30
early_stop_criterion: loss
=====Setting up trainer=====
input_size: 107
model: DNN_Adult
----------------------------------------------------------------
        Layer (type)               Output Shape         Param #
================================================================
            Linear-1                  [-1, 128]          13,824
       BatchNorm1d-2                  [-1, 128]             256
              ReLU-3                  [-1, 128]               0
           Dropout-4                  [-1, 128]               0
            Linear-5                   [-1, 64]           8,256
       BatchNorm1d-6                   [-1, 64]             128
              ReLU-7                   [-1, 64]               0
           Dropout-8                   [-1, 64]               0
            Linear-9                   [-1, 32]           2,080
      BatchNorm1d-10                   [-1, 32]              64
             ReLU-11                   [-1, 32]               0
          Dropout-12                   [-1, 32]               0
           Linear-13                   [-1, 16]             528
      BatchNorm1d-14                   [-1, 16]              32
             ReLU-15                   [-1, 16]               0
          Dropout-16                   [-1, 16]               0
           Linear-17                    [-1, 1]              17
          Sigmoid-18                    [-1, 1]               0
================================================================
Total params: 25,185
Trainable params: 25,185
Non-trainable params: 0
----------------------------------------------------------------
Input size (MB): 0.00
Forward/backward pass size (MB): 0.01
Params size (MB): 0.10
Estimated Total Size (MB): 0.10
----------------------------------------------------------------
=====Setting up output files=====
weight_dir, weight_file: /home/thuy/Research/minh_data_synth/TabularDA/output/pilot_ctgan_v1/adult/weight/, adult_seed42_real_original.weights.pth
acc_dir, acc_file: /home/thuy/Research/minh_data_synth/TabularDA/output/pilot_ctgan_v1/adult/acc/, adult_seed42_real_original.epochs.csv
report_file: adult_seed42_real_original.report.txt
==========================================================================================
Start training...
-----------------------
Epoch 1/100
Training statistic: Loss: 0.3934, train_score: {'accuracy': 0.8252333722287047, 'balanced_accuracy': 0.7835925141618036, 'f1_macro': 0.7720419633478286, 'f1_micro': 0.8252333722287047, 'f1_weighted': 0.8285130647504376, 'f1_binary': 0.6619265278483155, 'pr_auc': 0.7169481338006316, 'precision_macro': 0.7630519493903063, 'precision_micro': 0.8252333722287047, 'precision_weighted': 0.8334052389706283, 'precision_binary': 0.6258670366022836, 'recall_macro': 0.7835925141618036, 'recall_micro': 0.8252333722287047, 'recall_weighted': 0.8252333722287047, 'recall_binary': 0.7023952095808383, 'roc_auc': 0.8865569693624706}
Validation statistic: Loss: 0.3897, dev_score: {'accuracy': 0.8290575916230366, 'balanced_accuracy': 0.7868145651604721, 'f1_macro': 0.7749549789968144, 'f1_micro': 0.8290575916230366, 'f1_weighted': 0.8323216574141543, 'f1_binary': 0.6646122239342578, 'pr_auc': 0.7222710609898094, 'precision_macro': 0.7656905731287191, 'precision_micro': 0.8290575916230366, 'precision_weighted': 0.8371944928615115, 'precision_binary': 0.6281553398058253, 'recall_macro': 0.7868145651604721, 'recall_micro': 0.8290575916230366, 'recall_weighted': 0.8290575916230366, 'recall_binary': 0.7055616139585605, 'roc_auc': 0.8894598563288231}
Saving model...
Model saved!
-------------------------------------------
-----------------------
Epoch 2/100
Training statistic: Loss: 0.3473, train_score: {'accuracy': 0.8415985997666278, 'balanced_accuracy': 0.7780492851551044, 'f1_macro': 0.7819800526724003, 'f1_micro': 0.8415985997666278, 'f1_weighted': 0.840447868019746, 'f1_binary': 0.6679711385593738, 'pr_auc': 0.7406688810984527, 'precision_macro': 0.7862493057018454, 'precision_micro': 0.8415985997666278, 'precision_weighted': 0.8395024027716175, 'precision_binary': 0.6824087956021989, 'recall_macro': 0.7780492851551044, 'recall_micro': 0.8415985997666278, 'recall_weighted': 0.8415985997666278, 'recall_binary': 0.6541317365269461, 'roc_auc': 0.8987691343114004}
Validation statistic: Loss: 0.3451, dev_score: {'accuracy': 0.8408376963350785, 'balanced_accuracy': 0.775541114726953, 'f1_macro': 0.7790563165905632, 'f1_micro': 0.8408376963350785, 'f1_weighted': 0.8397978117255175, 'f1_binary': 0.6622222222222223, 'pr_auc': 0.744807927237763, 'precision_macro': 0.7828382441231895, 'precision_micro': 0.8408376963350785, 'precision_weighted': 0.8389175586766519, 'precision_binary': 0.6749716874292185, 'recall_macro': 0.775541114726953, 'recall_micro': 0.8408376963350785, 'recall_weighted': 0.8408376963350785, 'recall_binary': 0.6499454743729552, 'roc_auc': 0.9003116394088618}
Saving model...
Model saved!
-------------------------------------------
-----------------------
Epoch 3/100
Training statistic: Loss: 0.3362, train_score: {'accuracy': 0.8451575262543757, 'balanced_accuracy': 0.7725258468793227, 'f1_macro': 0.7821465487762074, 'f1_micro': 0.8451575262543757, 'f1_weighted': 0.8422318701076351, 'f1_binary': 0.6649835900025246, 'pr_auc': 0.748871203512217, 'precision_macro': 0.7939511319351905, 'precision_micro': 0.8451575262543757, 'precision_weighted': 0.840613396714958, 'precision_binary': 0.7029623698959168, 'recall_macro': 0.7725258468793227, 'recall_micro': 0.8451575262543757, 'recall_weighted': 0.8451575262543757, 'recall_binary': 0.6308982035928143, 'roc_auc': 0.902499377642709}
Validation statistic: Loss: 0.3346, dev_score: {'accuracy': 0.8476439790575916, 'balanced_accuracy': 0.7725588277610008, 'f1_macro': 0.782908003941801, 'f1_micro': 0.8476439790575916, 'f1_weighted': 0.8445406245458087, 'f1_binary': 0.6643598615916955, 'pr_auc': 0.7518973628449837, 'precision_macro': 0.7957326231500038, 'precision_micro': 0.8476439790575916, 'precision_weighted': 0.8428945411886448, 'precision_binary': 0.7050183598531212, 'recall_macro': 0.7725588277610008, 'recall_micro': 0.8476439790575916, 'recall_weighted': 0.8476439790575916, 'recall_binary': 0.6281352235550709, 'roc_auc': 0.9036988772942367}
Saving model...
Model saved!
-------------------------------------------
-----------------------
Epoch 4/100
Training statistic: Loss: 0.3305, train_score: {'accuracy': 0.8462660443407235, 'balanced_accuracy': 0.7746795033150051, 'f1_macro': 0.7840110181979585, 'f1_micro': 0.8462660443407235, 'f1_weighted': 0.8434787078083589, 'f1_binary': 0.6680524061476443, 'pr_auc': 0.754513002414874, 'precision_macro': 0.7953672291939089, 'precision_micro': 0.8462660443407235, 'precision_weighted': 0.841903591284662, 'precision_binary': 0.7046239702365135, 'recall_macro': 0.7746795033150051, 'recall_micro': 0.8462660443407235, 'recall_weighted': 0.8462660443407235, 'recall_binary': 0.6350898203592814, 'roc_auc': 0.9048187889550632}
Validation statistic: Loss: 0.3309, dev_score: {'accuracy': 0.8463350785340314, 'balanced_accuracy': 0.7720706703214928, 'f1_macro': 0.7816645292443866, 'f1_micro': 0.8463350785340314, 'f1_weighted': 0.8434421679597472, 'f1_binary': 0.6628374497415278, 'pr_auc': 0.7506621267396005, 'precision_macro': 0.7933790361258377, 'precision_micro': 0.8463350785340314, 'precision_weighted': 0.8418001688250425, 'precision_binary': 0.7002427184466019, 'recall_macro': 0.7720706703214928, 'recall_micro': 0.8463350785340314, 'recall_weighted': 0.8463350785340314, 'recall_binary': 0.6292257360959651, 'roc_auc': 0.9035249512499949}
Saving model...
Model saved!
-------------------------------------------
-----------------------
Epoch 5/100
Training statistic: Loss: 0.3253, train_score: {'accuracy': 0.8480746791131856, 'balanced_accuracy': 0.7761186150645104, 'f1_macro': 0.7860807276975313, 'f1_micro': 0.8480746791131856, 'f1_weighted': 0.8451385832240947, 'f1_binary': 0.6709212687981803, 'pr_auc': 0.7603563276789242, 'precision_macro': 0.7983429479432926, 'precision_micro': 0.8480746791131856, 'precision_weighted': 0.843577003922531, 'precision_binary': 0.7101391118245051, 'recall_macro': 0.7761186150645104, 'recall_micro': 0.8480746791131856, 'recall_weighted': 0.8480746791131856, 'recall_binary': 0.635808383233533, 'roc_auc': 0.9072210927162259}
Validation statistic: Loss: 0.3269, dev_score: {'accuracy': 0.8492146596858638, 'balanced_accuracy': 0.7769494273400472, 'f1_macro': 0.7861882956282642, 'f1_micro': 0.8492146596858638, 'f1_weighted': 0.8465404455889166, 'f1_binary': 0.6701030927835051, 'pr_auc': 0.7588816451285598, 'precision_macro': 0.7973349078195584, 'precision_micro': 0.8492146596858638, 'precision_weighted': 0.8449913311343052, 'precision_binary': 0.7056694813027744, 'recall_macro': 0.7769494273400472, 'recall_micro': 0.8492146596858638, 'recall_weighted': 0.8492146596858638, 'recall_binary': 0.6379498364231189, 'roc_auc': 0.9058855371290783}
Saving model...
Model saved!
-------------------------------------------
-----------------------
Epoch 6/100
Training statistic: Loss: 0.3230, train_score: {'accuracy': 0.8492998833138856, 'balanced_accuracy': 0.7760353415806258, 'f1_macro': 0.7869938757747899, 'f1_micro': 0.8492998833138856, 'f1_weighted': 0.8460736822762626, 'f1_binary': 0.6717916137229988, 'pr_auc': 0.7641139972631712, 'precision_macro': 0.8007588677572288, 'precision_micro': 0.8492998833138856, 'precision_weighted': 0.8445204602436918, 'precision_binary': 0.715426251691475, 'recall_macro': 0.7760353415806258, 'recall_micro': 0.8492998833138856, 'recall_weighted': 0.8492998833138856, 'recall_binary': 0.6331736526946108, 'roc_auc': 0.9085843184437141}
Validation statistic: Loss: 0.3241, dev_score: {'accuracy': 0.8547120418848168, 'balanced_accuracy': 0.7794473133685268, 'f1_macro': 0.7917018521646118, 'f1_micro': 0.8547120418848168, 'f1_weighted': 0.8512631262171235, 'f1_binary': 0.6771378708551483, 'pr_auc': 0.7627446211019145, 'precision_macro': 0.807342561422818, 'precision_micro': 0.8547120418848168, 'precision_weighted': 0.8497955344361435, 'precision_binary': 0.7256857855361596, 'recall_macro': 0.7794473133685268, 'recall_micro': 0.8547120418848168, 'recall_weighted': 0.8547120418848168, 'recall_binary': 0.6346782988004362, 'roc_auc': 0.9075872325511418}
Saving model...
Model saved!
-------------------------------------------
-----------------------
Epoch 7/100
Training statistic: Loss: 0.3214, train_score: {'accuracy': 0.850583430571762, 'balanced_accuracy': 0.7743261336948163, 'f1_macro': 0.7871871463490343, 'f1_micro': 0.850583430571762, 'f1_weighted': 0.8467545796272574, 'f1_binary': 0.671034039820167, 'pr_auc': 0.7669499196830715, 'precision_macro': 0.8040123210348196, 'precision_micro': 0.850583430571762, 'precision_weighted': 0.8452784553926546, 'precision_binary': 0.7235457063711911, 'recall_macro': 0.7743261336948163, 'recall_micro': 0.850583430571762, 'recall_weighted': 0.850583430571762, 'recall_binary': 0.62562874251497, 'roc_auc': 0.9096511681611709}
Validation statistic: Loss: 0.3247, dev_score: {'accuracy': 0.8547120418848168, 'balanced_accuracy': 0.776836168803678, 'f1_macro': 0.7904868726946613, 'f1_micro': 0.8547120418848168, 'f1_weighted': 0.8507947620618711, 'f1_binary': 0.6744868035190615, 'pr_auc': 0.7626966386090136, 'precision_macro': 0.8084492988494971, 'precision_micro': 0.8547120418848168, 'precision_weighted': 0.8493930634074939, 'precision_binary': 0.7296954314720813, 'recall_macro': 0.776836168803678, 'recall_micro': 0.8547120418848168, 'recall_weighted': 0.8547120418848168, 'recall_binary': 0.6270447110141767, 'roc_auc': 0.9070677083196377}
-----------------------
Epoch 8/100
Training statistic: Loss: 0.3194, train_score: {'accuracy': 0.8517211201866978, 'balanced_accuracy': 0.7754841339303653, 'f1_macro': 0.7886253068609033, 'f1_micro': 0.8517211201866978, 'f1_weighted': 0.8478502733976894, 'f1_binary': 0.6731399909973635, 'pr_auc': 0.7699719052070348, 'precision_macro': 0.8058863874759117, 'precision_micro': 0.8517211201866978, 'precision_weighted': 0.8464223871265616, 'precision_binary': 0.7268434939591724, 'recall_macro': 0.7754841339303653, 'recall_micro': 0.8517211201866978, 'recall_weighted': 0.8517211201866978, 'recall_binary': 0.6268263473053892, 'roc_auc': 0.9106189118100089}
Validation statistic: Loss: 0.3228, dev_score: {'accuracy': 0.8549738219895288, 'balanced_accuracy': 0.7777544457262464, 'f1_macro': 0.7911261273354062, 'f1_micro': 0.8549738219895288, 'f1_weighted': 0.8511647265698227, 'f1_binary': 0.6756440281030445, 'pr_auc': 0.7640162544844022, 'precision_macro': 0.8086040587844683, 'precision_micro': 0.8549738219895288, 'precision_weighted': 0.8497525617894952, 'precision_binary': 0.729456384323641, 'recall_macro': 0.7777544457262464, 'recall_micro': 0.8549738219895288, 'recall_weighted': 0.8549738219895288, 'recall_binary': 0.6292257360959651, 'roc_auc': 0.9080117172811489}
Saving model...
Model saved!
-------------------------------------------
-----------------------
Epoch 9/100
Training statistic: Loss: 0.3170, train_score: {'accuracy': 0.8514002333722287, 'balanced_accuracy': 0.779859548161679, 'f1_macro': 0.7904107119630719, 'f1_micro': 0.8514002333722287, 'f1_weighted': 0.8483923140814462, 'f1_binary': 0.677349885989359, 'pr_auc': 0.7728038038661047, 'precision_macro': 0.8034995663127735, 'precision_micro': 0.8514002333722287, 'precision_weighted': 0.8468975114222985, 'precision_binary': 0.7188760419467599, 'recall_macro': 0.779859548161679, 'recall_micro': 0.8514002333722287, 'recall_weighted': 0.8514002333722287, 'recall_binary': 0.6403592814371257, 'roc_auc': 0.9117593382459916}
Validation statistic: Loss: 0.3207, dev_score: {'accuracy': 0.8544502617801047, 'balanced_accuracy': 0.7803941397065646, 'f1_macro': 0.7919268495402036, 'f1_micro': 0.8544502617801047, 'f1_weighted': 0.8512255585700239, 'f1_binary': 0.6778679026651216, 'pr_auc': 0.7678860798334471, 'precision_macro': 0.8064262927157488, 'precision_micro': 0.8544502617801047, 'precision_weighted': 0.8497394637247455, 'precision_binary': 0.723114956736712, 'recall_macro': 0.7803941397065646, 'recall_micro': 0.8544502617801047, 'recall_weighted': 0.8544502617801047, 'recall_binary': 0.6379498364231189, 'roc_auc': 0.9091871267680445}
Saving model...
Model saved!
-------------------------------------------
-----------------------
Epoch 10/100
Training statistic: Loss: 0.3155, train_score: {'accuracy': 0.8529171528588098, 'balanced_accuracy': 0.7813494184019159, 'f1_macro': 0.7922918589447777, 'f1_micro': 0.8529171528588098, 'f1_weighted': 0.8498400591072337, 'f1_binary': 0.6800761421319796, 'pr_auc': 0.7739961510394107, 'precision_macro': 0.8059490715279798, 'precision_micro': 0.8529171528588098, 'precision_weighted': 0.8483796403766946, 'precision_binary': 0.7232118758434548, 'recall_macro': 0.7813494184019159, 'recall_micro': 0.8529171528588098, 'recall_weighted': 0.8529171528588098, 'recall_binary': 0.6417964071856287, 'roc_auc': 0.9123398925250156}
Validation statistic: Loss: 0.3196, dev_score: {'accuracy': 0.8575916230366493, 'balanced_accuracy': 0.7850721116913237, 'f1_macro': 0.796584473512755, 'f1_micro': 0.8575916230366493, 'f1_weighted': 0.854500438596146, 'f1_binary': 0.6851851851851852, 'pr_auc': 0.7702630748768798, 'precision_macro': 0.8109768516071186, 'precision_micro': 0.8575916230366493, 'precision_weighted': 0.8530955668296152, 'precision_binary': 0.7299630086313194, 'recall_macro': 0.7850721116913237, 'recall_micro': 0.8575916230366493, 'recall_weighted': 0.8575916230366493, 'recall_binary': 0.6455834242093784, 'roc_auc': 0.9099016134551893}
Saving model...
Model saved!
-------------------------------------------
-----------------------
Epoch 11/100
Training statistic: Loss: 0.3151, train_score: {'accuracy': 0.8521878646441073, 'balanced_accuracy': 0.7789186686403513, 'f1_macro': 0.7905989139374645, 'f1_micro': 0.8521878646441073, 'f1_weighted': 0.8488385865437138, 'f1_binary': 0.6770348651921728, 'pr_auc': 0.7757689482604846, 'precision_macro': 0.8054330128739278, 'precision_micro': 0.8521878646441073, 'precision_weighted': 0.8473649735983313, 'precision_binary': 0.7236680746695735, 'recall_macro': 0.7789186686403513, 'recall_micro': 0.8521878646441073, 'recall_weighted': 0.8521878646441073, 'recall_binary': 0.6360479041916167, 'roc_auc': 0.913133932674566}
Validation statistic: Loss: 0.3200, dev_score: {'accuracy': 0.8547120418848168, 'balanced_accuracy': 0.7809393959770117, 'f1_macro': 0.7923862420852212, 'f1_micro': 0.8547120418848168, 'f1_weighted': 0.8515257730942974, 'f1_binary': 0.6786334684423856, 'pr_auc': 0.7711192700472137, 'precision_macro': 0.8067450063574094, 'precision_micro': 0.8547120418848168, 'precision_weighted': 0.850046157519878, 'precision_binary': 0.7234567901234568, 'recall_macro': 0.7809393959770117, 'recall_micro': 0.8547120418848168, 'recall_weighted': 0.8547120418848168, 'recall_binary': 0.6390403489640131, 'roc_auc': 0.9102881575146381}
-----------------------
Epoch 12/100
Training statistic: Loss: 0.3139, train_score: {'accuracy': 0.8530630105017503, 'balanced_accuracy': 0.7764117349566197, 'f1_macro': 0.790118079192642, 'f1_micro': 0.8530630105017503, 'f1_weighted': 0.8490629410908002, 'f1_binary': 0.6751789514412846, 'pr_auc': 0.7767243085375793, 'precision_macro': 0.8083022739556293, 'precision_micro': 0.8530630105017503, 'precision_weighted': 0.8477139612480667, 'precision_binary': 0.7314517255833449, 'recall_macro': 0.7764117349566197, 'recall_micro': 0.8530630105017503, 'recall_weighted': 0.8530630105017503, 'recall_binary': 0.6269461077844312, 'roc_auc': 0.9137367855880988}
Validation statistic: Loss: 0.3202, dev_score: {'accuracy': 0.8573298429319371, 'balanced_accuracy': 0.7796775869433005, 'f1_macro': 0.793916972267237, 'f1_micro': 0.8573298429319371, 'f1_weighted': 0.8533497052262246, 'f1_binary': 0.6796002351557907, 'pr_auc': 0.7694528162590037, 'precision_macro': 0.8127924094539001, 'precision_micro': 0.8573298429319371, 'precision_weighted': 0.8520692046969648, 'precision_binary': 0.7372448979591837, 'recall_macro': 0.7796775869433005, 'recall_micro': 0.8573298429319371, 'recall_weighted': 0.8573298429319371, 'recall_binary': 0.6303162486368593, 'roc_auc': 0.9100158111170673}
-----------------------
Epoch 13/100
Training statistic: Loss: 0.3133, train_score: {'accuracy': 0.8546091015169195, 'balanced_accuracy': 0.7804785338693997, 'f1_macro': 0.7932394247620294, 'f1_micro': 0.8546091015169195, 'f1_weighted': 0.8510076255197382, 'f1_binary': 0.6805947193027428, 'pr_auc': 0.7784287996921776, 'precision_macro': 0.8097628255779428, 'precision_micro': 0.8546091015169195, 'precision_weighted': 0.8496372708038791, 'precision_binary': 0.7320099255583127, 'recall_macro': 0.7804785338693997, 'recall_micro': 0.8546091015169195, 'recall_weighted': 0.8546091015169195, 'recall_binary': 0.6359281437125749, 'roc_auc': 0.9144466631719206}
Validation statistic: Loss: 0.3195, dev_score: {'accuracy': 0.8549738219895288, 'balanced_accuracy': 0.7792465283347314, 'f1_macro': 0.7918191419204248, 'f1_micro': 0.8549738219895288, 'f1_weighted': 0.8514318770046646, 'f1_binary': 0.6771561771561772, 'pr_auc': 0.7690118603521374, 'precision_macro': 0.8079687494174073, 'precision_micro': 0.8549738219895288, 'precision_weighted': 0.8499813840385744, 'precision_binary': 0.7271589486858573, 'recall_macro': 0.7792465283347314, 'recall_micro': 0.8549738219895288, 'recall_weighted': 0.8549738219895288, 'recall_binary': 0.6335877862595419, 'roc_auc': 0.9102445820910268}
Saving model...
Model saved!
-------------------------------------------
-----------------------
Epoch 14/100
Training statistic: Loss: 0.3136, train_score: {'accuracy': 0.8544340723453909, 'balanced_accuracy': 0.7770338382240531, 'f1_macro': 0.7914950743153412, 'f1_micro': 0.8544340723453909, 'f1_weighted': 0.8502434859840401, 'f1_binary': 0.6769390133367862, 'pr_auc': 0.7793370824611361, 'precision_macro': 0.8109530657665196, 'precision_micro': 0.8544340723453909, 'precision_weighted': 0.8490054401022701, 'precision_binary': 0.7367531003382187, 'recall_macro': 0.7770338382240531, 'recall_micro': 0.8544340723453909, 'recall_weighted': 0.8544340723453909, 'recall_binary': 0.6261077844311377, 'roc_auc': 0.9146253201271963}
Validation statistic: Loss: 0.3227, dev_score: {'accuracy': 0.8552356020942409, 'balanced_accuracy': 0.7760615780839661, 'f1_macro': 0.7905400856357752, 'f1_micro': 0.8552356020942409, 'f1_weighted': 0.8510607147862758, 'f1_binary': 0.6741308190925162, 'pr_auc': 0.7683132433675426, 'precision_macro': 0.8099232456140351, 'precision_micro': 0.8552356020942409, 'precision_weighted': 0.8497419801138972, 'precision_binary': 0.7333333333333333, 'recall_macro': 0.7760615780839661, 'recall_micro': 0.8552356020942409, 'recall_weighted': 0.8552356020942409, 'recall_binary': 0.623773173391494, 'roc_auc': 0.9091018541718396}
-----------------------
Epoch 15/100
Training statistic: Loss: 0.3124, train_score: {'accuracy': 0.8546382730455075, 'balanced_accuracy': 0.7794828776692662, 'f1_macro': 0.7928025992536982, 'f1_micro': 0.8546382730455075, 'f1_weighted': 0.850850932956908, 'f1_binary': 0.6796116504854369, 'pr_auc': 0.7802390781627504, 'precision_macro': 0.8102631795520481, 'precision_micro': 0.8546382730455075, 'precision_weighted': 0.849516180639651, 'precision_binary': 0.7337220602526725, 'recall_macro': 0.7794828776692662, 'recall_micro': 0.8546382730455075, 'recall_weighted': 0.8546382730455075, 'recall_binary': 0.6329341317365269, 'roc_auc': 0.9149888322083177}
Validation statistic: Loss: 0.3198, dev_score: {'accuracy': 0.8575916230366493, 'balanced_accuracy': 0.7813419051701114, 'f1_macro': 0.7948964138455975, 'f1_micro': 0.8575916230366493, 'f1_weighted': 0.8538512838519559, 'f1_binary': 0.6814988290398126, 'pr_auc': 0.7708073873621591, 'precision_macro': 0.8125899699449777, 'precision_micro': 0.8575916230366493, 'precision_weighted': 0.8525244127689543, 'precision_binary': 0.7357774968394437, 'recall_macro': 0.7813419051701114, 'recall_micro': 0.8575916230366493, 'recall_weighted': 0.8575916230366493, 'recall_binary': 0.6346782988004362, 'roc_auc': 0.9104123099069101}
-----------------------
Epoch 16/100
Training statistic: Loss: 0.3103, train_score: {'accuracy': 0.8544049008168028, 'balanced_accuracy': 0.7791662259745837, 'f1_macro': 0.7924699524132466, 'f1_micro': 0.8544049008168028, 'f1_weighted': 0.8506114803106417, 'f1_binary': 0.6790972802674725, 'pr_auc': 0.7803923655308913, 'precision_macro': 0.8099116540402815, 'precision_micro': 0.8544049008168028, 'precision_weighted': 0.8492691703093387, 'precision_binary': 0.733166736082188, 'recall_macro': 0.7791662259745837, 'recall_micro': 0.8544049008168028, 'recall_weighted': 0.8544049008168028, 'recall_binary': 0.6324550898203593, 'roc_auc': 0.915376728225}
Validation statistic: Loss: 0.3192, dev_score: {'accuracy': 0.8568062827225131, 'balanced_accuracy': 0.7789600950545275, 'f1_macro': 0.7931607042755571, 'f1_micro': 0.8568062827225131, 'f1_weighted': 0.852811539006871, 'f1_binary': 0.678424456202234, 'pr_auc': 0.7703491505423112, 'precision_macro': 0.8119899639697776, 'precision_micro': 0.8568062827225131, 'precision_weighted': 0.8515127033316483, 'precision_binary': 0.735969387755102, 'recall_macro': 0.7789600950545275, 'recall_micro': 0.8568062827225131, 'recall_weighted': 0.8568062827225131, 'recall_binary': 0.6292257360959651, 'roc_auc': 0.9101260644518081}
Saving model...
Model saved!
-------------------------------------------
-----------------------
Epoch 17/100
Training statistic: Loss: 0.3105, train_score: {'accuracy': 0.8548716452742123, 'balanced_accuracy': 0.7778102491507537, 'f1_macro': 0.7922076877721389, 'f1_micro': 0.8548716452742123, 'f1_weighted': 0.8507273357342345, 'f1_binary': 0.6780977030087351, 'pr_auc': 0.7814342835516636, 'precision_macro': 0.8115326871794939, 'precision_micro': 0.8548716452742123, 'precision_weighted': 0.849494764075615, 'precision_binary': 0.7375087966220971, 'recall_macro': 0.7778102491507537, 'recall_micro': 0.8548716452742123, 'recall_weighted': 0.8548716452742123, 'recall_binary': 0.6275449101796408, 'roc_auc': 0.91569398033859}
Validation statistic: Loss: 0.3182, dev_score: {'accuracy': 0.8568062827225131, 'balanced_accuracy': 0.7785870744024063, 'f1_macro': 0.7929869338073159, 'f1_micro': 0.8568062827225131, 'f1_weighted': 0.8527442308113619, 'f1_binary': 0.6780459093584461, 'pr_auc': 0.7718602090020936, 'precision_macro': 0.8121639960331959, 'precision_micro': 0.8568062827225131, 'precision_weighted': 0.8514634558581, 'precision_binary': 0.7365728900255755, 'recall_macro': 0.7785870744024063, 'recall_micro': 0.8568062827225131, 'recall_weighted': 0.8568062827225131, 'recall_binary': 0.6281352235550709, 'roc_auc': 0.9108118138983814}
Saving model...
Model saved!
-------------------------------------------
-----------------------
Epoch 18/100
Training statistic: Loss: 0.3098, train_score: {'accuracy': 0.8554550758459744, 'balanced_accuracy': 0.7768155859511212, 'f1_macro': 0.7922022234455313, 'f1_micro': 0.8554550758459744, 'f1_weighted': 0.8509969754785133, 'f1_binary': 0.6775558013925945, 'pr_auc': 0.7822458108724739, 'precision_macro': 0.8132956835075746, 'precision_micro': 0.8554550758459744, 'precision_weighted': 0.8499035130694174, 'precision_binary': 0.7419124982186119, 'recall_macro': 0.7768155859511212, 'recall_micro': 0.8554550758459744, 'recall_weighted': 0.8554550758459744, 'recall_binary': 0.6234730538922155, 'roc_auc': 0.9160395168013374}
Validation statistic: Loss: 0.3195, dev_score: {'accuracy': 0.8557591623036649, 'balanced_accuracy': 0.7764060493206177, 'f1_macro': 0.7911216634290237, 'f1_micro': 0.8557591623036649, 'f1_weighted': 0.8515311094361001, 'f1_binary': 0.6749262536873156, 'pr_auc': 0.7714756436998693, 'precision_macro': 0.8109031401002926, 'precision_micro': 0.8557591623036649, 'precision_weighted': 0.8502512231815194, 'precision_binary': 0.7352185089974294, 'recall_macro': 0.7764060493206177, 'recall_micro': 0.8557591623036649, 'recall_weighted': 0.8557591623036649, 'recall_binary': 0.623773173391494, 'roc_auc': 0.91040911688018}
-----------------------
Epoch 19/100
Training statistic: Loss: 0.3099, train_score: {'accuracy': 0.8551925320886814, 'balanced_accuracy': 0.7711207742632744, 'f1_macro': 0.7892419601230729, 'f1_micro': 0.8551925320886814, 'f1_weighted': 0.8497035295408554, 'f1_binary': 0.6713453389830508, 'pr_auc': 0.7838691622384646, 'precision_macro': 0.8157531024965096, 'precision_micro': 0.8551925320886814, 'precision_weighted': 0.8491319380554534, 'precision_binary': 0.7506662718389103, 'recall_macro': 0.7711207742632744, 'recall_micro': 0.8551925320886814, 'recall_weighted': 0.8551925320886814, 'recall_binary': 0.6071856287425149, 'roc_auc': 0.9167245993935769}
Validation statistic: Loss: 0.3206, dev_score: {'accuracy': 0.8578534031413613, 'balanced_accuracy': 0.7725616451375275, 'f1_macro': 0.790953450241618, 'f1_micro': 0.8578534031413613, 'f1_weighted': 0.852435776229073, 'f1_binary': 0.6726943942133815, 'pr_auc': 0.771842526277334, 'precision_macro': 0.8176936926523156, 'precision_micro': 0.8578534031413613, 'precision_weighted': 0.8518363232307594, 'precision_binary': 0.7520215633423181, 'recall_macro': 0.7725616451375275, 'recall_micro': 0.8578534031413613, 'recall_weighted': 0.8578534031413613, 'recall_binary': 0.608505997818975, 'roc_auc': 0.910518431089412}
-----------------------
Epoch 20/100
Training statistic: Loss: 0.3090, train_score: {'accuracy': 0.8569719953325554, 'balanced_accuracy': 0.7777370904161596, 'f1_macro': 0.7938479329577115, 'f1_micro': 0.8569719953325554, 'f1_weighted': 0.852349752587094, 'f1_binary': 0.6797727124289726, 'pr_auc': 0.7856317273188782, 'precision_macro': 0.8162178939258509, 'precision_micro': 0.8569719953325554, 'precision_weighted': 0.8514107961131908, 'precision_binary': 0.7475937365321075, 'recall_macro': 0.7777370904161596, 'recall_micro': 0.8569719953325554, 'recall_weighted': 0.8569719953325554, 'recall_binary': 0.6232335329341318, 'roc_auc': 0.9171445670171419}
Validation statistic: Loss: 0.3184, dev_score: {'accuracy': 0.8581151832460733, 'balanced_accuracy': 0.7760910666249445, 'f1_macro': 0.7928661867785872, 'f1_micro': 0.8581151832460733, 'f1_weighted': 0.8533067217526673, 'f1_binary': 0.6766109785202864, 'pr_auc': 0.7732952059874377, 'precision_macro': 0.8163469273649238, 'precision_micro': 0.8581151832460733, 'precision_weighted': 0.8523815738375401, 'precision_binary': 0.7470355731225297, 'recall_macro': 0.7760910666249445, 'recall_micro': 0.8581151832460733, 'recall_weighted': 0.8581151832460733, 'recall_binary': 0.6183206106870229, 'roc_auc': 0.9115353161904111}
-----------------------
Epoch 21/100
Training statistic: Loss: 0.3099, train_score: {'accuracy': 0.8562135355892648, 'balanced_accuracy': 0.7723640339837101, 'f1_macro': 0.7906583458801517, 'f1_micro': 0.8562135355892648, 'f1_weighted': 0.8507355097797612, 'f1_binary': 0.6735112936344969, 'pr_auc': 0.7858779635257476, 'precision_macro': 0.8174493960925965, 'precision_micro': 0.8562135355892648, 'precision_weighted': 0.8502346155841499, 'precision_binary': 0.7535200829998517, 'recall_macro': 0.7723640339837101, 'recall_micro': 0.8562135355892648, 'recall_weighted': 0.8562135355892648, 'recall_binary': 0.6088622754491018, 'roc_auc': 0.9172411836565973}
Validation statistic: Loss: 0.3203, dev_score: {'accuracy': 0.8599476439790575, 'balanced_accuracy': 0.7731934887798919, 'f1_macro': 0.7929480771484967, 'f1_micro': 0.8599476439790575, 'f1_weighted': 0.8541819196360687, 'f1_binary': 0.6751669702489375, 'pr_auc': 0.7724572239075332, 'precision_macro': 0.8224076783260186, 'precision_micro': 0.8599476439790575, 'precision_weighted': 0.8539985138289574, 'precision_binary': 0.7616438356164383, 'recall_macro': 0.7731934887798919, 'recall_micro': 0.8599476439790575, 'recall_weighted': 0.8599476439790575, 'recall_binary': 0.6063249727371864, 'roc_auc': 0.9112456898834772}
-----------------------
Epoch 22/100
Training statistic: Loss: 0.3088, train_score: {'accuracy': 0.8567094515752626, 'balanced_accuracy': 0.7772387658158423, 'f1_macro': 0.7934022105183725, 'f1_micro': 0.8567094515752626, 'f1_weighted': 0.8520521524334298, 'f1_binary': 0.6790381599581808, 'pr_auc': 0.7854889288883641, 'precision_macro': 0.8158873239650083, 'precision_micro': 0.8567094515752626, 'precision_weighted': 0.8511147441195474, 'precision_binary': 0.7471958584987057, 'recall_macro': 0.7772387658158423, 'recall_micro': 0.8567094515752626, 'recall_weighted': 0.8567094515752626, 'recall_binary': 0.6222754491017964, 'roc_auc': 0.9173224803766936}
Validation statistic: Loss: 0.3207, dev_score: {'accuracy': 0.8575916230366493, 'balanced_accuracy': 0.7757465953882927, 'f1_macro': 0.7922799901961529, 'f1_micro': 0.8575916230366493, 'f1_weighted': 0.8528350335300585, 'f1_binary': 0.6758045292014303, 'pr_auc': 0.7705071785135689, 'precision_macro': 0.8153278986760164, 'precision_micro': 0.8575916230366493, 'precision_weighted': 0.8518534672487826, 'precision_binary': 0.7450722733245729, 'recall_macro': 0.7757465953882927, 'recall_micro': 0.8575916230366493, 'recall_weighted': 0.8575916230366493, 'recall_binary': 0.6183206106870229, 'roc_auc': 0.9102160326755573}
-----------------------
Epoch 23/100
Training statistic: Loss: 0.3080, train_score: {'accuracy': 0.8578179696616103, 'balanced_accuracy': 0.7781338980350136, 'f1_macro': 0.7947134805984752, 'f1_micro': 0.8578179696616103, 'f1_weighted': 0.8530833068496545, 'f1_binary': 0.6808956396490768, 'pr_auc': 0.788254830189875, 'precision_macro': 0.817931281401761, 'precision_micro': 0.8578179696616103, 'precision_weighted': 0.8522503876864198, 'precision_binary': 0.7510109763142692, 'recall_macro': 0.7781338980350136, 'recall_micro': 0.8578179696616103, 'recall_weighted': 0.8578179696616103, 'recall_binary': 0.6227544910179641, 'roc_auc': 0.918161815204916}
Validation statistic: Loss: 0.3201, dev_score: {'accuracy': 0.8591623036649214, 'balanced_accuracy': 0.7745418851855205, 'f1_macro': 0.7929685296369424, 'f1_micro': 0.8591623036649214, 'f1_weighted': 0.8538300274237788, 'f1_binary': 0.6759036144578313, 'pr_auc': 0.7736948026415894, 'precision_macro': 0.819674999376698, 'precision_micro': 0.8591623036649214, 'precision_weighted': 0.8532747364445694, 'precision_binary': 0.7550471063257066, 'recall_macro': 0.7745418851855205, 'recall_micro': 0.8591623036649214, 'recall_weighted': 0.8591623036649214, 'recall_binary': 0.6117775354416576, 'roc_auc': 0.9113835535081785}
-----------------------
Epoch 24/100
Training statistic: Loss: 0.3071, train_score: {'accuracy': 0.858955659276546, 'balanced_accuracy': 0.7830268733647244, 'f1_macro': 0.7979067154177066, 'f1_micro': 0.858955659276546, 'f1_weighted': 0.8548697446114011, 'f1_binary': 0.6868320487078179, 'pr_auc': 0.7891112407540848, 'precision_macro': 0.8179116987601576, 'precision_micro': 0.858955659276546, 'precision_weighted': 0.8538062777014624, 'precision_binary': 0.747919311609536, 'recall_macro': 0.7830268733647244, 'recall_micro': 0.858955659276546, 'recall_weighted': 0.858955659276546, 'recall_binary': 0.6349700598802395, 'roc_auc': 0.918695132681032}
Validation statistic: Loss: 0.3189, dev_score: {'accuracy': 0.8599476439790575, 'balanced_accuracy': 0.7806539018223166, 'f1_macro': 0.7964991723848271, 'f1_micro': 0.8599476439790575, 'f1_weighted': 0.8555749645020994, 'f1_binary': 0.6828689982216953, 'pr_auc': 0.775328004239085, 'precision_macro': 0.8181243346817118, 'precision_micro': 0.8599476439790575, 'precision_weighted': 0.8545546383065051, 'precision_binary': 0.7480519480519481, 'recall_macro': 0.7806539018223166, 'recall_micro': 0.8599476439790575, 'recall_weighted': 0.8599476439790575, 'recall_binary': 0.6281352235550709, 'roc_auc': 0.911887112606032}
-----------------------
Epoch 25/100
Training statistic: Loss: 0.3064, train_score: {'accuracy': 0.8592473745624271, 'balanced_accuracy': 0.7816769931021105, 'f1_macro': 0.7975228083882846, 'f1_micro': 0.8592473745624271, 'f1_weighted': 0.8548545499924176, 'f1_binary': 0.6857291734514427, 'pr_auc': 0.7899008342836671, 'precision_macro': 0.8192711217971824, 'precision_micro': 0.8592473745624271, 'precision_weighted': 0.8539353480777881, 'precision_binary': 0.7516778523489933, 'recall_macro': 0.7816769931021105, 'recall_micro': 0.8592473745624271, 'recall_weighted': 0.8592473745624271, 'recall_binary': 0.6304191616766467, 'roc_auc': 0.9189872757377647}
Validation statistic: Loss: 0.3186, dev_score: {'accuracy': 0.8581151832460733, 'balanced_accuracy': 0.7753450253207019, 'f1_macro': 0.7925098131020947, 'f1_micro': 0.8581151832460733, 'f1_weighted': 0.8531672922016951, 'f1_binary': 0.6758373205741627, 'pr_auc': 0.7745760634703021, 'precision_macro': 0.8167496731955532, 'precision_micro': 0.8581151832460733, 'precision_weighted': 0.8523132675506757, 'precision_binary': 0.7483443708609272, 'recall_macro': 0.7753450253207019, 'recall_micro': 0.8581151832460733, 'recall_weighted': 0.8581151832460733, 'recall_binary': 0.6161395856052344, 'roc_auc': 0.9120148336752376}
-----------------------
Epoch 26/100
Training statistic: Loss: 0.3061, train_score: {'accuracy': 0.8586639439906651, 'balanced_accuracy': 0.7788960836522096, 'f1_macro': 0.7957535884891651, 'f1_micro': 0.8586639439906651, 'f1_weighted': 0.8538857330209061, 'f1_binary': 0.6823992133726647, 'pr_auc': 0.7893481148485099, 'precision_macro': 0.8194578741498286, 'precision_micro': 0.8586639439906651, 'precision_weighted': 0.8531287440961846, 'precision_binary': 0.7538015930485156, 'recall_macro': 0.7788960836522096, 'recall_micro': 0.8586639439906651, 'recall_weighted': 0.8586639439906651, 'recall_binary': 0.6233532934131737, 'roc_auc': 0.918952296717787}
Validation statistic: Loss: 0.3192, dev_score: {'accuracy': 0.8609947643979058, 'balanced_accuracy': 0.777985658426529, 'f1_macro': 0.796105394097026, 'f1_micro': 0.8609947643979058, 'f1_weighted': 0.8559059924346349, 'f1_binary': 0.6810810810810811, 'pr_auc': 0.7740299814358785, 'precision_macro': 0.8220445493538324, 'precision_micro': 0.8609947643979058, 'precision_weighted': 0.8553298880274683, 'precision_binary': 0.7580213903743316, 'recall_macro': 0.777985658426529, 'recall_micro': 0.8609947643979058, 'recall_weighted': 0.8609947643979058, 'recall_binary': 0.6183206106870229, 'roc_auc': 0.9111810780484672}
-----------------------
Epoch 27/100
Training statistic: Loss: 0.3059, train_score: {'accuracy': 0.8583430571761961, 'balanced_accuracy': 0.7761263281381703, 'f1_macro': 0.7941789769959351, 'f1_micro': 0.8583430571761961, 'f1_weighted': 0.853113382929529, 'f1_binary': 0.6792602377807133, 'pr_auc': 0.7902119375078981, 'precision_macro': 0.8202965759138012, 'precision_micro': 0.8583430571761961, 'precision_weighted': 0.8526085150728786, 'precision_binary': 0.7572901325478645, 'recall_macro': 0.7761263281381703, 'recall_micro': 0.8583430571761961, 'recall_weighted': 0.8583430571761961, 'recall_binary': 0.6158083832335329, 'roc_auc': 0.9192665444275353}
Validation statistic: Loss: 0.3216, dev_score: {'accuracy': 0.8596858638743455, 'balanced_accuracy': 0.773021253161566, 'f1_macro': 0.7926523390410516, 'f1_micro': 0.8596858638743455, 'f1_weighted': 0.8539454239024337, 'f1_binary': 0.6747572815533981, 'pr_auc': 0.7727930620309728, 'precision_macro': 0.8218678077056445, 'precision_micro': 0.8596858638743455, 'precision_weighted': 0.8537196565398432, 'precision_binary': 0.7606019151846786, 'recall_macro': 0.773021253161566, 'recall_micro': 0.8596858638743455, 'recall_weighted': 0.8596858638743455, 'recall_binary': 0.6063249727371864, 'roc_auc': 0.9105826672742182}
-----------------------
Epoch 28/100
Training statistic: Loss: 0.3054, train_score: {'accuracy': 0.8591598599766628, 'balanced_accuracy': 0.777031621292702, 'f1_macro': 0.7952688280581335, 'f1_micro': 0.8591598599766628, 'f1_weighted': 0.8539217962632376, 'f1_binary': 0.6808988764044944, 'pr_auc': 0.7915178853441127, 'precision_macro': 0.8217036202735317, 'precision_micro': 0.8591598599766628, 'precision_weighted': 0.8534835765467481, 'precision_binary': 0.7597345132743363, 'recall_macro': 0.777031621292702, 'recall_micro': 0.8591598599766628, 'recall_weighted': 0.8591598599766628, 'recall_binary': 0.6168862275449102, 'roc_auc': 0.9196883456380721}
Validation statistic: Loss: 0.3203, dev_score: {'accuracy': 0.8589005235602094, 'balanced_accuracy': 0.7713854843502247, 'f1_macro': 0.7912160843255904, 'f1_micro': 0.8589005235602094, 'f1_weighted': 0.853018979185339, 'f1_binary': 0.6723404255319149, 'pr_auc': 0.7734250671171262, 'precision_macro': 0.8209461140411981, 'precision_micro': 0.8589005235602094, 'precision_weighted': 0.8528316712767127, 'precision_binary': 0.7596153846153846, 'recall_macro': 0.7713854843502247, 'recall_micro': 0.8589005235602094, 'recall_weighted': 0.8589005235602094, 'recall_binary': 0.6030534351145038, 'roc_auc': 0.9112716097475217}
-----------------------
Epoch 29/100
Training statistic: Loss: 0.3061, train_score: {'accuracy': 0.8579638273045508, 'balanced_accuracy': 0.7688116786096146, 'f1_macro': 0.7902734996871712, 'f1_micro': 0.8579638273045508, 'f1_weighted': 0.8513772716775964, 'f1_binary': 0.6711246200607903, 'pr_auc': 0.7915314761070908, 'precision_macro': 0.8240452841323893, 'precision_micro': 0.8579638273045508, 'precision_weighted': 0.851948325263255, 'precision_binary': 0.7696359411309063, 'recall_macro': 0.7688116786096146, 'recall_micro': 0.8579638273045508, 'recall_weighted': 0.8579638273045508, 'recall_binary': 0.5949700598802395, 'roc_auc': 0.9196088755770373}
Validation statistic: Loss: 0.3196, dev_score: {'accuracy': 0.8578534031413613, 'balanced_accuracy': 0.7647282114429814, 'f1_macro': 0.7870192709024806, 'f1_micro': 0.8578534031413613, 'f1_weighted': 0.8508760964251393, 'f1_binary': 0.6641929499072357, 'pr_auc': 0.7746478539216213, 'precision_macro': 0.8226739926739927, 'precision_micro': 0.8578534031413613, 'precision_weighted': 0.8515443683715936, 'precision_binary': 0.7671428571428571, 'recall_macro': 0.7647282114429814, 'recall_micro': 0.8578534031413613, 'recall_weighted': 0.8578534031413613, 'recall_binary': 0.5856052344601963, 'roc_auc': 0.9120431952656054}
-----------------------
Epoch 30/100
Training statistic: Loss: 0.3062, train_score: {'accuracy': 0.8594224037339556, 'balanced_accuracy': 0.7753376779029677, 'f1_macro': 0.7946653233288246, 'f1_micro': 0.8594224037339556, 'f1_weighted': 0.8538014447522418, 'f1_binary': 0.6793532503825936, 'pr_auc': 0.7913389128962186, 'precision_macro': 0.8233838871946542, 'precision_micro': 0.8594224037339556, 'precision_weighted': 0.8536657493856932, 'precision_binary': 0.7643359784398862, 'recall_macro': 0.7753376779029677, 'recall_micro': 0.8594224037339556, 'recall_weighted': 0.8594224037339556, 'recall_binary': 0.611377245508982, 'roc_auc': 0.9197853941172803}
Validation statistic: Loss: 0.3193, dev_score: {'accuracy': 0.856544502617801, 'balanced_accuracy': 0.766851198568322, 'f1_macro': 0.787071383206005, 'f1_micro': 0.856544502617801, 'f1_weighted': 0.8503040207641293, 'f1_binary': 0.6654456654456654, 'pr_auc': 0.7758073264337115, 'precision_macro': 0.8179279343388028, 'precision_micro': 0.856544502617801, 'precision_weighted': 0.8501787773169738, 'precision_binary': 0.7558945908460472, 'recall_macro': 0.766851198568322, 'recall_micro': 0.856544502617801, 'recall_weighted': 0.856544502617801, 'recall_binary': 0.5943293347873501, 'roc_auc': 0.9123640005394338}
-----------------------
Epoch 31/100
Training statistic: Loss: 0.3035, train_score: {'accuracy': 0.8596849474912486, 'balanced_accuracy': 0.7836307331345793, 'f1_macro': 0.798775912878738, 'f1_micro': 0.8596849474912486, 'f1_weighted': 0.8555511423849911, 'f1_binary': 0.6880674448767834, 'pr_auc': 0.7917039898374486, 'precision_macro': 0.8192231098995866, 'precision_micro': 0.8596849474912486, 'precision_weighted': 0.8545418340734404, 'precision_binary': 0.7503536067892503, 'recall_macro': 0.7836307331345793, 'recall_micro': 0.8596849474912486, 'recall_weighted': 0.8596849474912486, 'recall_binary': 0.6353293413173653, 'roc_auc': 0.9201638912687546}
Validation statistic: Loss: 0.3196, dev_score: {'accuracy': 0.8602094240837697, 'balanced_accuracy': 0.7789610341800364, 'f1_macro': 0.7959235124349918, 'f1_micro': 0.8602094240837697, 'f1_weighted': 0.8554719361917422, 'f1_binary': 0.6813842482100239, 'pr_auc': 0.7722670612364321, 'precision_macro': 0.819635354726189, 'precision_micro': 0.8602094240837697, 'precision_weighted': 0.8546397429729984, 'precision_binary': 0.7523056653491436, 'recall_macro': 0.7789610341800364, 'recall_micro': 0.8602094240837697, 'recall_weighted': 0.8602094240837697, 'recall_binary': 0.6226826608505998, 'roc_auc': 0.9113426076359918}
-----------------------
Epoch 32/100
Training statistic: Loss: 0.3038, train_score: {'accuracy': 0.8593640606767795, 'balanced_accuracy': 0.7759486734206096, 'f1_macro': 0.7949135156912439, 'f1_micro': 0.8593640606767795, 'f1_weighted': 0.853873841488492, 'f1_binary': 0.6799442342162916, 'pr_auc': 0.7919476132836627, 'precision_macro': 0.8228577006304173, 'precision_micro': 0.8593640606767795, 'precision_weighted': 0.8536326986938606, 'precision_binary': 0.7628482049754208, 'recall_macro': 0.7759486734206096, 'recall_micro': 0.8593640606767795, 'recall_weighted': 0.8593640606767795, 'recall_binary': 0.6132934131736527, 'roc_auc': 0.9202246467342985}
Validation statistic: Loss: 0.3196, dev_score: {'accuracy': 0.856020942408377, 'balanced_accuracy': 0.7668797479837914, 'f1_macro': 0.7866726992635384, 'f1_micro': 0.856020942408377, 'f1_weighted': 0.8499075986600717, 'f1_binary': 0.6650426309378806, 'pr_auc': 0.7715649244259319, 'precision_macro': 0.816616344493343, 'precision_micro': 0.856020942408377, 'precision_weighted': 0.8496363999613841, 'precision_binary': 0.7531034482758621, 'recall_macro': 0.7668797479837914, 'recall_micro': 0.856020942408377, 'recall_weighted': 0.856020942408377, 'recall_binary': 0.5954198473282443, 'roc_auc': 0.9112205213198394}
-----------------------
Epoch 33/100
Training statistic: Loss: 0.3030, train_score: {'accuracy': 0.8602100350058343, 'balanced_accuracy': 0.7787407368063718, 'f1_macro': 0.7969300516054315, 'f1_micro': 0.8602100350058343, 'f1_weighted': 0.8550645681281677, 'f1_binary': 0.6835710512414157, 'pr_auc': 0.7920328649874246, 'precision_macro': 0.8231858599633702, 'precision_micro': 0.8602100350058343, 'precision_weighted': 0.8546417364976114, 'precision_binary': 0.7618486900206064, 'recall_macro': 0.7787407368063718, 'recall_micro': 0.8602100350058343, 'recall_weighted': 0.8602100350058343, 'recall_binary': 0.619880239520958, 'roc_auc': 0.9203383452916766}
Validation statistic: Loss: 0.3178, dev_score: {'accuracy': 0.856544502617801, 'balanced_accuracy': 0.7702083844374131, 'f1_macro': 0.7887522927484565, 'f1_micro': 0.856544502617801, 'f1_weighted': 0.8509682487560897, 'f1_binary': 0.6690821256038647, 'pr_auc': 0.7736641087686623, 'precision_macro': 0.8159214075179886, 'precision_micro': 0.856544502617801, 'precision_weighted': 0.8503695146350797, 'precision_binary': 0.7496617050067659, 'recall_macro': 0.7702083844374131, 'recall_micro': 0.856544502617801, 'recall_weighted': 0.856544502617801, 'recall_binary': 0.604143947655398, 'roc_auc': 0.9118685179209565}
Saving model...
Model saved!
-------------------------------------------
-----------------------
Epoch 34/100
Training statistic: Loss: 0.3030, train_score: {'accuracy': 0.8612310385064177, 'balanced_accuracy': 0.7777105334260134, 'f1_macro': 0.7972682930771182, 'f1_micro': 0.8612310385064177, 'f1_weighted': 0.8556668942013501, 'f1_binary': 0.6833943427620632, 'pr_auc': 0.7937706580194129, 'precision_macro': 0.82631897141795, 'precision_micro': 0.8612310385064177, 'precision_weighted': 0.8556431061248426, 'precision_binary': 0.7691385767790262, 'recall_macro': 0.7777105334260134, 'recall_micro': 0.8612310385064177, 'recall_weighted': 0.8612310385064177, 'recall_binary': 0.6148502994011976, 'roc_auc': 0.9209712376250199}
Validation statistic: Loss: 0.3175, dev_score: {'accuracy': 0.8578534031413613, 'balanced_accuracy': 0.7699505005726788, 'f1_macro': 0.7896666675116801, 'f1_micro': 0.8578534031413613, 'f1_weighted': 0.8519282109418166, 'f1_binary': 0.6699088145896657, 'pr_auc': 0.7725510537850344, 'precision_macro': 0.8192490724023712, 'precision_micro': 0.8578534031413613, 'precision_weighted': 0.8516806294445176, 'precision_binary': 0.7568681318681318, 'recall_macro': 0.7699505005726788, 'recall_micro': 0.8578534031413613, 'recall_weighted': 0.8578534031413613, 'recall_binary': 0.6008724100327154, 'roc_auc': 0.9119977415909765}
Saving model...
Model saved!
-------------------------------------------
-----------------------
Epoch 35/100
Training statistic: Loss: 0.3017, train_score: {'accuracy': 0.8602683780630105, 'balanced_accuracy': 0.7838539965960867, 'f1_macro': 0.7993537958836634, 'f1_micro': 0.8602683780630105, 'f1_weighted': 0.8560500238968423, 'f1_binary': 0.6887993762993763, 'pr_auc': 0.7942322218117603, 'precision_macro': 0.8204149485514822, 'precision_micro': 0.8602683780630105, 'precision_weighted': 0.8551061394215885, 'precision_binary': 0.7527690996875888, 'recall_macro': 0.7838539965960867, 'recall_micro': 0.8602683780630105, 'recall_weighted': 0.8602683780630105, 'recall_binary': 0.6348502994011976, 'roc_auc': 0.9211380432347799}
Validation statistic: Loss: 0.3189, dev_score: {'accuracy': 0.8575916230366493, 'balanced_accuracy': 0.7776116986488989, 'f1_macro': 0.7931636345105233, 'f1_micro': 0.8575916230366493, 'f1_weighted': 0.8531795750418957, 'f1_binary': 0.6777251184834123, 'pr_auc': 0.7744522294184991, 'precision_macro': 0.8143708957754004, 'precision_micro': 0.8575916230366493, 'precision_weighted': 0.8520514771366121, 'precision_binary': 0.74189364461738, 'recall_macro': 0.7776116986488989, 'recall_micro': 0.8575916230366493, 'recall_weighted': 0.8575916230366493, 'recall_binary': 0.623773173391494, 'roc_auc': 0.9119676895746927}
-----------------------
Epoch 36/100
Training statistic: Loss: 0.3016, train_score: {'accuracy': 0.860705950991832, 'balanced_accuracy': 0.7763891037824082, 'f1_macro': 0.7962082447781919, 'f1_micro': 0.860705950991832, 'f1_weighted': 0.8550036648059748, 'f1_binary': 0.6815605201733911, 'pr_auc': 0.7952362342746091, 'precision_macro': 0.8258783102256206, 'precision_micro': 0.860705950991832, 'precision_weighted': 0.855047911210375, 'precision_binary': 0.7689992475545523, 'recall_macro': 0.7763891037824082, 'recall_micro': 0.860705950991832, 'recall_weighted': 0.860705950991832, 'recall_binary': 0.6119760479041916, 'roc_auc': 0.9214013315443927}
Validation statistic: Loss: 0.3185, dev_score: {'accuracy': 0.8604712041884817, 'balanced_accuracy': 0.770926815451695, 'f1_macro': 0.7922531693977529, 'f1_micro': 0.8604712041884817, 'f1_weighted': 0.8541449085911688, 'f1_binary': 0.6732066217044758, 'pr_auc': 0.7734919941527629, 'precision_macro': 0.8252136012164042, 'precision_micro': 0.8604712041884817, 'precision_weighted': 0.8544868451555956, 'precision_binary': 0.7689075630252101, 'recall_macro': 0.770926815451695, 'recall_micro': 0.8604712041884817, 'recall_weighted': 0.8604712041884817, 'recall_binary': 0.5986913849509269, 'roc_auc': 0.9121269652609962}
-----------------------
Epoch 37/100
Training statistic: Loss: 0.3021, train_score: {'accuracy': 0.8611726954492416, 'balanced_accuracy': 0.7727596638577838, 'f1_macro': 0.7948106715392342, 'f1_micro': 0.8611726954492416, 'f1_weighted': 0.8546539329056322, 'f1_binary': 0.6781197159283057, 'pr_auc': 0.7945359661661288, 'precision_macro': 0.8295894983091967, 'precision_micro': 0.8611726954492416, 'precision_weighted': 0.8555228287959781, 'precision_binary': 0.779020979020979, 'recall_macro': 0.7727596638577838, 'recall_micro': 0.8611726954492416, 'recall_weighted': 0.8611726954492416, 'recall_binary': 0.6003592814371258, 'roc_auc': 0.921404003408532}
Validation statistic: Loss: 0.3196, dev_score: {'accuracy': 0.8570680628272251, 'balanced_accuracy': 0.7638384839358825, 'f1_macro': 0.7859394006073323, 'f1_micro': 0.8570680628272251, 'f1_weighted': 0.8500908643533392, 'f1_binary': 0.6625463535228677, 'pr_auc': 0.77383280413236, 'precision_macro': 0.8212337159528892, 'precision_micro': 0.8570680628272251, 'precision_weighted': 0.8506658966362768, 'precision_binary': 0.7646219686162625, 'recall_macro': 0.7638384839358825, 'recall_micro': 0.8570680628272251, 'recall_weighted': 0.8570680628272251, 'recall_binary': 0.5845147219193021, 'roc_auc': 0.9116923379754933}
-----------------------
Epoch 38/100
Training statistic: Loss: 0.2998, train_score: {'accuracy': 0.8623103850641773, 'balanced_accuracy': 0.7882080035840391, 'f1_macro': 0.8029938550032065, 'f1_micro': 0.8623103850641773, 'f1_weighted': 0.8584316326997439, 'f1_binary': 0.6948933419521655, 'pr_auc': 0.7953671601425237, 'precision_macro': 0.822689823931426, 'precision_micro': 0.8623103850641773, 'precision_weighted': 0.8574467832484802, 'precision_binary': 0.7549157303370787, 'recall_macro': 0.7882080035840391, 'recall_micro': 0.8623103850641773, 'recall_weighted': 0.8623103850641773, 'recall_binary': 0.6437125748502994, 'roc_auc': 0.9217163944382736}
Validation statistic: Loss: 0.3184, dev_score: {'accuracy': 0.8591623036649214, 'balanced_accuracy': 0.778645112358854, 'f1_macro': 0.7949219646522886, 'f1_micro': 0.8591623036649214, 'f1_weighted': 0.854595170114912, 'f1_binary': 0.6801426872770512, 'pr_auc': 0.7733653104190507, 'precision_macro': 0.817391397366366, 'precision_micro': 0.8591623036649214, 'precision_weighted': 0.8536171702523622, 'precision_binary': 0.7477124183006536, 'recall_macro': 0.778645112358854, 'recall_micro': 0.8591623036649214, 'recall_weighted': 0.8591623036649214, 'recall_binary': 0.623773173391494, 'roc_auc': 0.9116675450620593}
-----------------------
Epoch 39/100
Training statistic: Loss: 0.3030, train_score: {'accuracy': 0.8602975495915987, 'balanced_accuracy': 0.7708820615614125, 'f1_macro': 0.7931720315279065, 'f1_micro': 0.8602975495915987, 'f1_weighted': 0.8535984029529518, 'f1_binary': 0.6753440444715613, 'pr_auc': 0.7949874453638759, 'precision_macro': 0.8286580083989284, 'precision_micro': 0.8602975495915987, 'precision_weighted': 0.8545553514554115, 'precision_binary': 0.7781596625527262, 'recall_macro': 0.7708820615614125, 'recall_micro': 0.8602975495915987, 'recall_weighted': 0.8602975495915987, 'recall_binary': 0.5965269461077845, 'roc_auc': 0.9214735757948045}
Validation statistic: Loss: 0.3215, dev_score: {'accuracy': 0.8570680628272251, 'balanced_accuracy': 0.7619733806752763, 'f1_macro': 0.7849652599073598, 'f1_micro': 0.8570680628272251, 'f1_weighted': 0.8497013207567506, 'f1_binary': 0.6604477611940298, 'pr_auc': 0.7736104413582614, 'precision_macro': 0.822544711510222, 'precision_micro': 0.8570680628272251, 'precision_weighted': 0.8506675071277644, 'precision_binary': 0.768451519536903, 'recall_macro': 0.7619733806752763, 'recall_micro': 0.8570680628272251, 'recall_weighted': 0.8570680628272251, 'recall_binary': 0.579062159214831, 'roc_auc': 0.9115176606308445}
-----------------------
Epoch 40/100
Training statistic: Loss: 0.2996, train_score: {'accuracy': 0.8616686114352392, 'balanced_accuracy': 0.7800296514568241, 'f1_macro': 0.7987248360789199, 'f1_micro': 0.8616686114352392, 'f1_weighted': 0.8564479227124145, 'f1_binary': 0.686168100595632, 'pr_auc': 0.7958002622793272, 'precision_macro': 0.8259101503371404, 'precision_micro': 0.8616686114352392, 'precision_weighted': 0.8561911593017154, 'precision_binary': 0.7668639053254438, 'recall_macro': 0.7800296514568241, 'recall_micro': 0.8616686114352392, 'recall_weighted': 0.8616686114352392, 'recall_binary': 0.6208383233532934, 'roc_auc': 0.9217552461602057}
Validation statistic: Loss: 0.3178, dev_score: {'accuracy': 0.8607329842931937, 'balanced_accuracy': 0.7740832162869907, 'f1_macro': 0.7940184007417705, 'f1_micro': 0.8607329842931937, 'f1_weighted': 0.8549637378775233, 'f1_binary': 0.6767922235722965, 'pr_auc': 0.7751929320095425, 'precision_macro': 0.8237965969612207, 'precision_micro': 0.8607329842931937, 'precision_weighted': 0.8548531868178246, 'precision_binary': 0.7640603566529492, 'recall_macro': 0.7740832162869907, 'recall_micro': 0.8607329842931937, 'recall_weighted': 0.8607329842931937, 'recall_binary': 0.6074154852780806, 'roc_auc': 0.9119883503358877}
-----------------------
Epoch 41/100
Training statistic: Loss: 0.2991, train_score: {'accuracy': 0.8626604434072346, 'balanced_accuracy': 0.78462322558893, 'f1_macro': 0.8016681284388358, 'f1_micro': 0.8626604434072346, 'f1_weighted': 0.8580723839435411, 'f1_binary': 0.691683038637852, 'pr_auc': 0.7967821373078599, 'precision_macro': 0.825489618192881, 'precision_micro': 0.8626604434072346, 'precision_weighted': 0.8574594375308623, 'precision_binary': 0.763150289017341, 'recall_macro': 0.78462322558893, 'recall_micro': 0.8626604434072346, 'recall_weighted': 0.8626604434072346, 'recall_binary': 0.6324550898203593, 'roc_auc': 0.9222263325258468}
Validation statistic: Loss: 0.3196, dev_score: {'accuracy': 0.8615183246073298, 'balanced_accuracy': 0.7798222122716657, 'f1_macro': 0.7973992698561558, 'f1_micro': 0.8615183246073298, 'f1_weighted': 0.8566549435349979, 'f1_binary': 0.6834230999401556, 'pr_auc': 0.7759163800129517, 'precision_macro': 0.8222219050041439, 'precision_micro': 0.8615183246073298, 'precision_weighted': 0.8559773934695103, 'precision_binary': 0.7572944297082228, 'recall_macro': 0.7798222122716657, 'recall_micro': 0.8615183246073298, 'recall_weighted': 0.8615183246073298, 'recall_binary': 0.6226826608505998, 'roc_auc': 0.9119305002045416}
-----------------------
Epoch 42/100
Training statistic: Loss: 0.3003, train_score: {'accuracy': 0.8620186697782963, 'balanced_accuracy': 0.781925543436844, 'f1_macro': 0.7998979154109719, 'f1_micro': 0.8620186697782963, 'f1_weighted': 0.8570750285930432, 'f1_binary': 0.6884057971014492, 'pr_auc': 0.7946548184563654, 'precision_macro': 0.8255819845479735, 'precision_micro': 0.8620186697782963, 'precision_weighted': 0.8566468209373564, 'precision_binary': 0.7650073206442167, 'recall_macro': 0.781925543436844, 'recall_micro': 0.8620186697782963, 'recall_weighted': 0.8620186697782963, 'recall_binary': 0.625748502994012, 'roc_auc': 0.9217174636457898}
Validation statistic: Loss: 0.3200, dev_score: {'accuracy': 0.8596858638743455, 'balanced_accuracy': 0.7752593770742935, 'f1_macro': 0.7937381633557642, 'f1_micro': 0.8596858638743455, 'f1_weighted': 0.85437341022146, 'f1_binary': 0.6771084337349398, 'pr_auc': 0.775301331049104, 'precision_macro': 0.8205104428243937, 'precision_micro': 0.8596858638743455, 'precision_weighted': 0.8538447985249953, 'precision_binary': 0.756393001345895, 'recall_macro': 0.7752593770742935, 'recall_micro': 0.8596858638743455, 'recall_weighted': 0.8596858638743455, 'recall_binary': 0.6128680479825518, 'roc_auc': 0.911806911287575}
-----------------------
Epoch 43/100
Training statistic: Loss: 0.2988, train_score: {'accuracy': 0.8624562427071178, 'balanced_accuracy': 0.783270320138743, 'f1_macro': 0.8008794729967811, 'f1_micro': 0.8624562427071178, 'f1_weighted': 0.8576658975630992, 'f1_binary': 0.6901491752645068, 'pr_auc': 0.7971736348988121, 'precision_macro': 0.8258115321383368, 'precision_micro': 0.8624562427071178, 'precision_weighted': 0.8571662489590889, 'precision_binary': 0.764671617882627, 'recall_macro': 0.783270320138743, 'recall_micro': 0.8624562427071178, 'recall_weighted': 0.8624562427071178, 'recall_binary': 0.6288622754491018, 'roc_auc': 0.922509677136279}
Validation statistic: Loss: 0.3172, dev_score: {'accuracy': 0.8594240837696335, 'balanced_accuracy': 0.7747141208038464, 'f1_macro': 0.7932633568687826, 'f1_micro': 0.8594240837696335, 'f1_weighted': 0.854066320138144, 'f1_binary': 0.6763110307414105, 'pr_auc': 0.7781363964067795, 'precision_macro': 0.8202025854293316, 'precision_micro': 0.8594240837696335, 'precision_weighted': 0.853547575028578, 'precision_binary': 0.7560646900269542, 'recall_macro': 0.7747141208038464, 'recall_micro': 0.8594240837696335, 'recall_weighted': 0.8594240837696335, 'recall_binary': 0.6117775354416576, 'roc_auc': 0.9126498703443322}
Saving model...
Model saved!
-------------------------------------------
-----------------------
Epoch 44/100
Training statistic: Loss: 0.2989, train_score: {'accuracy': 0.8625729288214703, 'balanced_accuracy': 0.7804244268886061, 'f1_macro': 0.7996502671745913, 'f1_micro': 0.8625729288214703, 'f1_weighted': 0.8572308403749521, 'f1_binary': 0.6873714247793483, 'pr_auc': 0.7975377818887603, 'precision_macro': 0.8278726727960086, 'precision_micro': 0.8625729288214703, 'precision_weighted': 0.8571419608167176, 'precision_binary': 0.7707992260753088, 'recall_macro': 0.7804244268886061, 'recall_micro': 0.8625729288214703, 'recall_weighted': 0.8625729288214703, 'recall_binary': 0.6202395209580839, 'roc_auc': 0.92250388309382}
Validation statistic: Loss: 0.3177, dev_score: {'accuracy': 0.8607329842931937, 'balanced_accuracy': 0.7752022782433545, 'f1_macro': 0.7945608731587468, 'f1_micro': 0.8607329842931937, 'f1_weighted': 0.8551779454433462, 'f1_binary': 0.6779661016949152, 'pr_auc': 0.7759934620576152, 'precision_macro': 0.8230917650690746, 'precision_micro': 0.8607329842931937, 'precision_weighted': 0.8549025996984791, 'precision_binary': 0.7619047619047619, 'recall_macro': 0.7752022782433545, 'recall_micro': 0.8607329842931937, 'recall_weighted': 0.8607329842931937, 'recall_binary': 0.6106870229007634, 'roc_auc': 0.9123666300908584}
-----------------------
Epoch 45/100
Training statistic: Loss: 0.2997, train_score: {'accuracy': 0.862193698949825, 'balanced_accuracy': 0.7800925568839183, 'f1_macro': 0.7991835323698937, 'f1_micro': 0.862193698949825, 'f1_weighted': 0.856871207011868, 'f1_binary': 0.6866958482557368, 'pr_auc': 0.7967514102030671, 'precision_macro': 0.8271534072940101, 'precision_micro': 0.862193698949825, 'precision_weighted': 0.8567350595850793, 'precision_binary': 0.7694708680142688, 'recall_macro': 0.7800925568839183, 'recall_micro': 0.862193698949825, 'recall_weighted': 0.862193698949825, 'recall_binary': 0.62, 'roc_auc': 0.9224998579778352}
Validation statistic: Loss: 0.3186, dev_score: {'accuracy': 0.8612565445026178, 'balanced_accuracy': 0.7766658114363699, 'f1_macro': 0.7956910860523392, 'f1_micro': 0.8612565445026178, 'f1_weighted': 0.8558634522641013, 'f1_binary': 0.6799516908212561, 'pr_auc': 0.778043474990244, 'precision_macro': 0.8234712821479064, 'precision_micro': 0.8612565445026178, 'precision_weighted': 0.855512926484566, 'precision_binary': 0.7618403247631935, 'recall_macro': 0.7766658114363699, 'recall_micro': 0.8612565445026178, 'recall_weighted': 0.8612565445026178, 'recall_binary': 0.613958560523446, 'roc_auc': 0.9125965280154287}
-----------------------
Epoch 46/100
Training statistic: Loss: 0.2998, train_score: {'accuracy': 0.8612018669778296, 'balanced_accuracy': 0.7718858003237643, 'f1_macro': 0.794399543783061, 'f1_micro': 0.8612018669778296, 'f1_weighted': 0.8545011221742601, 'f1_binary': 0.6772048846675712, 'pr_auc': 0.7980321054891456, 'precision_macro': 0.8303133649913504, 'precision_micro': 0.8612018669778296, 'precision_weighted': 0.8555701028947135, 'precision_binary': 0.7810641627543036, 'recall_macro': 0.7718858003237643, 'recall_micro': 0.8612018669778296, 'recall_weighted': 0.8612018669778296, 'recall_binary': 0.5977245508982036, 'roc_auc': 0.9230534834688509}
Validation statistic: Loss: 0.3204, dev_score: {'accuracy': 0.8602094240837697, 'balanced_accuracy': 0.7681434352685204, 'f1_macro': 0.7906440291654129, 'f1_micro': 0.8602094240837697, 'f1_weighted': 0.8533855706312878, 'f1_binary': 0.6699629171817059, 'pr_auc': 0.7761376094141739, 'precision_macro': 0.8264751632692544, 'precision_micro': 0.8602094240837697, 'precision_weighted': 0.8541824593724914, 'precision_binary': 0.7731811697574893, 'recall_macro': 0.7681434352685204, 'recall_micro': 0.8602094240837697, 'recall_weighted': 0.8602094240837697, 'recall_binary': 0.5910577971646674, 'roc_auc': 0.9119087124927359}
-----------------------
Epoch 47/100
Training statistic: Loss: 0.3023, train_score: {'accuracy': 0.8613768961493582, 'balanced_accuracy': 0.7704587893245518, 'f1_macro': 0.7938242190960618, 'f1_micro': 0.8613768961493582, 'f1_weighted': 0.8543469009122351, 'f1_binary': 0.6758084322554236, 'pr_auc': 0.7990114918094254, 'precision_macro': 0.8318752668784375, 'precision_micro': 0.8613768961493582, 'precision_weighted': 0.8558153814732854, 'precision_binary': 0.7851934051997463, 'recall_macro': 0.7704587893245518, 'recall_micro': 0.8613768961493582, 'recall_weighted': 0.8613768961493582, 'recall_binary': 0.5931736526946108, 'roc_auc': 0.9233715761689117}
Validation statistic: Loss: 0.3222, dev_score: {'accuracy': 0.8596858638743455, 'balanced_accuracy': 0.7655608401191412, 'f1_macro': 0.7889036251105217, 'f1_micro': 0.8596858638743455, 'f1_weighted': 0.8524540438198138, 'f1_binary': 0.6666666666666666, 'pr_auc': 0.7761130317274129, 'precision_macro': 0.8269616338265025, 'precision_micro': 0.8596858638743455, 'precision_weighted': 0.8536188614208489, 'precision_binary': 0.7756874095513748, 'recall_macro': 0.7655608401191412, 'recall_micro': 0.8596858638743455, 'recall_weighted': 0.8596858638743455, 'recall_binary': 0.5845147219193021, 'roc_auc': 0.9122730931901756}
-----------------------
Epoch 48/100
Training statistic: Loss: 0.2979, train_score: {'accuracy': 0.8626021003500584, 'balanced_accuracy': 0.7805655022388698, 'f1_macro': 0.7997405175462868, 'f1_micro': 0.8626021003500584, 'f1_weighted': 0.8572801731586112, 'f1_binary': 0.687541462120207, 'pr_auc': 0.7985751840523853, 'precision_macro': 0.8278531656351689, 'precision_micro': 0.8626021003500584, 'precision_weighted': 0.8571775834677224, 'precision_binary': 0.7706722189173111, 'recall_macro': 0.7805655022388698, 'recall_micro': 0.8626021003500584, 'recall_weighted': 0.8626021003500584, 'recall_binary': 0.6205988023952096, 'roc_auc': 0.9230221416018713}
Validation statistic: Loss: 0.3170, dev_score: {'accuracy': 0.8596858638743455, 'balanced_accuracy': 0.7752593770742935, 'f1_macro': 0.7937381633557642, 'f1_micro': 0.8596858638743455, 'f1_weighted': 0.85437341022146, 'f1_binary': 0.6771084337349398, 'pr_auc': 0.7774931108839299, 'precision_macro': 0.8205104428243937, 'precision_micro': 0.8596858638743455, 'precision_weighted': 0.8538447985249953, 'precision_binary': 0.756393001345895, 'recall_macro': 0.7752593770742935, 'recall_micro': 0.8596858638743455, 'recall_weighted': 0.8596858638743455, 'recall_binary': 0.6128680479825518, 'roc_auc': 0.9129526444083903}
Saving model...
Model saved!
-------------------------------------------
-----------------------
Epoch 49/100
Training statistic: Loss: 0.2973, train_score: {'accuracy': 0.8628354725787631, 'balanced_accuracy': 0.7843329461401147, 'f1_macro': 0.8016798059736772, 'f1_micro': 0.8628354725787631, 'f1_weighted': 0.8581578800920534, 'f1_binary': 0.691550774075046, 'pr_auc': 0.799005691064785, 'precision_macro': 0.8260740926052375, 'precision_micro': 0.8628354725787631, 'precision_weighted': 0.8576115247706964, 'precision_binary': 0.7645778938207136, 'recall_macro': 0.7843329461401147, 'recall_micro': 0.8628354725787631, 'recall_weighted': 0.8628354725787631, 'recall_binary': 0.6312574850299402, 'roc_auc': 0.9232548662797814}
Validation statistic: Loss: 0.3150, dev_score: {'accuracy': 0.8594240837696335, 'balanced_accuracy': 0.7762062034123314, 'f1_macro': 0.7939799282735116, 'f1_micro': 0.8594240837696335, 'f1_weighted': 0.8543478301849365, 'f1_binary': 0.6778644271145771, 'pr_auc': 0.7781473777432879, 'precision_macro': 0.8193376764386536, 'precision_micro': 0.8594240837696335, 'precision_weighted': 0.8536530234038805, 'precision_binary': 0.7533333333333333, 'recall_macro': 0.7762062034123314, 'recall_micro': 0.8594240837696335, 'recall_weighted': 0.8594240837696335, 'recall_binary': 0.6161395856052344, 'roc_auc': 0.9134915146253771}
Saving model...
Model saved!
-------------------------------------------
-----------------------
Epoch 50/100
Training statistic: Loss: 0.2976, train_score: {'accuracy': 0.8635939323220537, 'balanced_accuracy': 0.7821548572734978, 'f1_macro': 0.8012996918426933, 'f1_micro': 0.8635939323220537, 'f1_weighted': 0.858355685779713, 'f1_binary': 0.6900437491714172, 'pr_auc': 0.7993278186524806, 'precision_macro': 0.8292664149367059, 'precision_micro': 0.8635939323220537, 'precision_weighted': 0.8582686138810741, 'precision_binary': 0.7727137767220903, 'recall_macro': 0.7821548572734978, 'recall_micro': 0.8635939323220537, 'recall_weighted': 0.8635939323220537, 'recall_binary': 0.6233532934131737, 'roc_auc': 0.9233777720301781}
Validation statistic: Loss: 0.3186, dev_score: {'accuracy': 0.8570680628272251, 'balanced_accuracy': 0.7705528556740648, 'f1_macro': 0.7893391714888145, 'f1_micro': 0.8570680628272251, 'f1_weighted': 0.8514396231038115, 'f1_binary': 0.6698911729141476, 'pr_auc': 0.7758367849746431, 'precision_macro': 0.8169768032423617, 'precision_micro': 0.8570680628272251, 'precision_weighted': 0.8509159513819775, 'precision_binary': 0.751696065128901, 'recall_macro': 0.7705528556740648, 'recall_micro': 0.8570680628272251, 'recall_weighted': 0.8570680628272251, 'recall_binary': 0.604143947655398, 'roc_auc': 0.9124612939421521}
-----------------------
Epoch 51/100
Training statistic: Loss: 0.2975, train_score: {'accuracy': 0.8630396732788798, 'balanced_accuracy': 0.786578997808471, 'f1_macro': 0.8028684983590668, 'f1_micro': 0.8630396732788798, 'f1_weighted': 0.858721988780436, 'f1_binary': 0.6939573691415162, 'pr_auc': 0.7987172392466945, 'precision_macro': 0.8252418542512995, 'precision_micro': 0.8630396732788798, 'precision_weighted': 0.8579783631933067, 'precision_binary': 0.7614075239593764, 'recall_macro': 0.786578997808471, 'recall_micro': 0.8630396732788798, 'recall_weighted': 0.8630396732788798, 'recall_binary': 0.6374850299401198, 'roc_auc': 0.9233156125081114}
Validation statistic: Loss: 0.3190, dev_score: {'accuracy': 0.8581151832460733, 'balanced_accuracy': 0.7757180459728232, 'f1_macro': 0.7926882361257801, 'f1_micro': 0.8581151832460733, 'f1_weighted': 0.8532371256788566, 'f1_binary': 0.6762246117084827, 'pr_auc': 0.7751788137815525, 'precision_macro': 0.8165473536577319, 'precision_micro': 0.8581151832460733, 'precision_weighted': 0.8523468807880207, 'precision_binary': 0.7476882430647291, 'recall_macro': 0.7757180459728232, 'recall_micro': 0.8581151832460733, 'recall_weighted': 0.8581151832460733, 'recall_binary': 0.6172300981461287, 'roc_auc': 0.9122118622069976}
-----------------------
Epoch 52/100
Training statistic: Loss: 0.2978, train_score: {'accuracy': 0.8628646441073512, 'balanced_accuracy': 0.7809420341730731, 'f1_macro': 0.8001327009897694, 'f1_micro': 0.8628646441073512, 'f1_weighted': 0.8575566822450201, 'f1_binary': 0.6881592039800996, 'pr_auc': 0.8004498671762665, 'precision_macro': 0.828256255316336, 'precision_micro': 0.8628646441073512, 'precision_weighted': 0.8574648714923344, 'precision_binary': 0.7713011152416357, 'recall_macro': 0.7809420341730731, 'recall_micro': 0.8628646441073512, 'recall_weighted': 0.8628646441073512, 'recall_binary': 0.6211976047904192, 'roc_auc': 0.9237791312862128}
Validation statistic: Loss: 0.3194, dev_score: {'accuracy': 0.8570680628272251, 'balanced_accuracy': 0.7701798350219435, 'f1_macro': 0.7891545803471349, 'f1_micro': 0.8570680628272251, 'f1_weighted': 0.8513668387444869, 'f1_binary': 0.6694915254237288, 'pr_auc': 0.7742625157814165, 'precision_macro': 0.817195338427105, 'precision_micro': 0.8570680628272251, 'precision_weighted': 0.8508920323243979, 'precision_binary': 0.7523809523809524, 'recall_macro': 0.7701798350219435, 'recall_micro': 0.8570680628272251, 'recall_weighted': 0.8570680628272251, 'recall_binary': 0.6030534351145038, 'roc_auc': 0.9120946593434912}
-----------------------
Epoch 53/100
Training statistic: Loss: 0.2970, train_score: {'accuracy': 0.8637106184364061, 'balanced_accuracy': 0.7861293533257434, 'f1_macro': 0.8032214569872952, 'f1_micro': 0.8637106184364061, 'f1_weighted': 0.8591721808784543, 'f1_binary': 0.6941207280345686, 'pr_auc': 0.8012575811587432, 'precision_macro': 0.8270707835046374, 'precision_micro': 0.8637106184364061, 'precision_weighted': 0.8585962483686005, 'precision_binary': 0.7655979202772963, 'recall_macro': 0.7861293533257434, 'recall_micro': 0.8637106184364061, 'recall_weighted': 0.8637106184364061, 'recall_binary': 0.6348502994011976, 'roc_auc': 0.9240596931859382}
Validation statistic: Loss: 0.3203, dev_score: {'accuracy': 0.8554973821989529, 'balanced_accuracy': 0.7702654832683521, 'f1_macro': 0.787949876428792, 'f1_micro': 0.8554973821989529, 'f1_weighted': 0.8501712801669827, 'f1_binary': 0.6682692307692307, 'pr_auc': 0.7730232218401833, 'precision_macro': 0.8134178976454686, 'precision_micro': 0.8554973821989529, 'precision_weighted': 0.8493464687216594, 'precision_binary': 0.7443105756358769, 'recall_macro': 0.7702654832683521, 'recall_micro': 0.8554973821989529, 'recall_weighted': 0.8554973821989529, 'recall_binary': 0.6063249727371864, 'roc_auc': 0.9118715231225848}
-----------------------
Epoch 54/100
Training statistic: Loss: 0.2963, train_score: {'accuracy': 0.8637106184364061, 'balanced_accuracy': 0.7841400731125485, 'f1_macro': 0.8023143169497675, 'f1_micro': 0.8637106184364061, 'f1_weighted': 0.8588127979032383, 'f1_binary': 0.6921454928835002, 'pr_auc': 0.8008242003698968, 'precision_macro': 0.8282838868888878, 'precision_micro': 0.8637106184364061, 'precision_weighted': 0.8584759530419502, 'precision_binary': 0.7694110753003223, 'recall_macro': 0.7841400731125485, 'recall_micro': 0.8637106184364061, 'recall_weighted': 0.8637106184364061, 'recall_binary': 0.6289820359281437, 'roc_auc': 0.9240972101304525}
Validation statistic: Loss: 0.3197, dev_score: {'accuracy': 0.8552356020942409, 'balanced_accuracy': 0.7689741856936625, 'f1_macro': 0.7871036058630106, 'f1_micro': 0.8552356020942409, 'f1_weighted': 0.849718203047288, 'f1_binary': 0.6666666666666666, 'pr_auc': 0.7731891157136903, 'precision_macro': 0.8135122046906225, 'precision_micro': 0.8552356020942409, 'precision_weighted': 0.8489842369010617, 'precision_binary': 0.7452830188679245, 'recall_macro': 0.7689741856936625, 'recall_micro': 0.8552356020942409, 'recall_weighted': 0.8552356020942409, 'recall_binary': 0.6030534351145038, 'roc_auc': 0.9116746824159266}
-----------------------
Epoch 55/100
Training statistic: Loss: 0.2965, train_score: {'accuracy': 0.8630105017502917, 'balanced_accuracy': 0.7893203488895715, 'f1_macro': 0.8040673639249085, 'f1_micro': 0.8630105017502917, 'f1_weighted': 0.8591796053338138, 'f1_binary': 0.6966016281173278, 'pr_auc': 0.8004607090652005, 'precision_macro': 0.823667025291215, 'precision_micro': 0.8630105017502917, 'precision_weighted': 0.8582084913394855, 'precision_binary': 0.7563131313131313, 'recall_macro': 0.7893203488895715, 'recall_micro': 0.8630105017502917, 'recall_weighted': 0.8630105017502917, 'recall_binary': 0.64562874251497, 'roc_auc': 0.9242161484974517}
Validation statistic: Loss: 0.3181, dev_score: {'accuracy': 0.8589005235602094, 'balanced_accuracy': 0.7795919386968919, 'f1_macro': 0.795151622600955, 'f1_micro': 0.8589005235602094, 'f1_weighted': 0.8545628461134277, 'f1_binary': 0.6808762581409118, 'pr_auc': 0.7743859961546744, 'precision_macro': 0.816306964220146, 'precision_micro': 0.8589005235602094, 'precision_weighted': 0.8534734004457022, 'precision_binary': 0.7448186528497409, 'recall_macro': 0.7795919386968919, 'recall_micro': 0.8589005235602094, 'recall_weighted': 0.8589005235602094, 'recall_binary': 0.6270447110141767, 'roc_auc': 0.9119331297559664}
-----------------------
Epoch 56/100
Training statistic: Loss: 0.2964, train_score: {'accuracy': 0.8638856476079346, 'balanced_accuracy': 0.7914009389627994, 'f1_macro': 0.8057098741295774, 'f1_micro': 0.8638856476079346, 'f1_weighted': 0.860232216476817, 'f1_binary': 0.6993944079371215, 'pr_auc': 0.8005391100274248, 'precision_macro': 0.8245205334700116, 'precision_micro': 0.8638856476079346, 'precision_weighted': 0.859233550451587, 'precision_binary': 0.7568321249302844, 'recall_macro': 0.7914009389627994, 'recall_micro': 0.8638856476079346, 'recall_weighted': 0.8638856476079346, 'recall_binary': 0.650059880239521, 'roc_auc': 0.9243786541841116}
Validation statistic: Loss: 0.3191, dev_score: {'accuracy': 0.8599476439790575, 'balanced_accuracy': 0.7817729637786803, 'f1_macro': 0.7970157934763575, 'f1_micro': 0.8599476439790575, 'f1_weighted': 0.8557758569922777, 'f1_binary': 0.6839929119905493, 'pr_auc': 0.7742215011341191, 'precision_macro': 0.8175479564328001, 'precision_micro': 0.8599476439790575, 'precision_weighted': 0.8546757251571685, 'precision_binary': 0.7461340206185567, 'recall_macro': 0.7817729637786803, 'recall_micro': 0.8599476439790575, 'recall_weighted': 0.8599476439790575, 'recall_binary': 0.6314067611777535, 'roc_auc': 0.9121979631494664}
-----------------------
Epoch 57/100
Training statistic: Loss: 0.2958, train_score: {'accuracy': 0.8635647607934656, 'balanced_accuracy': 0.779496733490212, 'f1_macro': 0.8000255122585733, 'f1_micro': 0.8635647607934656, 'f1_weighted': 0.8578333055227354, 'f1_binary': 0.6873036036638364, 'pr_auc': 0.8017417316155435, 'precision_macro': 0.8309826120156714, 'precision_micro': 0.8635647607934656, 'precision_weighted': 0.8581730694121216, 'precision_binary': 0.7779627667625246, 'recall_macro': 0.779496733490212, 'recall_micro': 0.8635647607934656, 'recall_weighted': 0.8635647607934656, 'recall_binary': 0.615568862275449, 'roc_auc': 0.9245060261274597}
Validation statistic: Loss: 0.3172, dev_score: {'accuracy': 0.8586387434554974, 'balanced_accuracy': 0.7700941867755351, 'f1_macro': 0.7903658536585366, 'f1_micro': 0.8586387434554974, 'f1_weighted': 0.852563082620355, 'f1_binary': 0.6707317073170732, 'pr_auc': 0.7750459633301584, 'precision_macro': 0.8211087247686715, 'precision_micro': 0.8586387434554974, 'precision_weighted': 0.8525049409068503, 'precision_binary': 0.7607192254495159, 'recall_macro': 0.7700941867755351, 'recall_micro': 0.8586387434554974, 'recall_weighted': 0.8586387434554974, 'recall_binary': 0.5997818974918212, 'roc_auc': 0.9124827060037543}
-----------------------
Epoch 58/100
Training statistic: Loss: 0.2975, train_score: {'accuracy': 0.8622520420070011, 'balanced_accuracy': 0.7711590625151548, 'f1_macro': 0.7948811665544984, 'f1_micro': 0.8622520420070011, 'f1_weighted': 0.8551672293894265, 'f1_binary': 0.6773267732677327, 'pr_auc': 0.8005994699656345, 'precision_macro': 0.8337190163294219, 'precision_micro': 0.8622520420070011, 'precision_weighted': 0.8568219359780881, 'precision_binary': 0.7886696371737747, 'recall_macro': 0.7711590625151548, 'recall_micro': 0.8622520420070011, 'recall_weighted': 0.8622520420070011, 'recall_binary': 0.5935329341317366, 'roc_auc': 0.9243023063013965}
Validation statistic: Loss: 0.3202, dev_score: {'accuracy': 0.8573298429319371, 'balanced_accuracy': 0.7628916575978446, 'f1_macro': 0.7856521948179496, 'f1_micro': 0.8573298429319371, 'f1_weighted': 0.8500939373052195, 'f1_binary': 0.6617008069522036, 'pr_auc': 0.7742195762821167, 'precision_macro': 0.8225854181993175, 'precision_micro': 0.8573298429319371, 'precision_weighted': 0.8509581268831097, 'precision_binary': 0.7680115273775217, 'recall_macro': 0.7628916575978446, 'recall_micro': 0.8573298429319371, 'recall_weighted': 0.8573298429319371, 'recall_binary': 0.5812431842966194, 'roc_auc': 0.9117152526379096}
-----------------------
Epoch 59/100
Training statistic: Loss: 0.2965, train_score: {'accuracy': 0.8643815635939324, 'balanced_accuracy': 0.7819853313042253, 'f1_macro': 0.8018709889668958, 'f1_micro': 0.8643815635939324, 'f1_weighted': 0.8589437441963585, 'f1_binary': 0.6905823627287854, 'pr_auc': 0.8016685074000963, 'precision_macro': 0.8313419989186674, 'precision_micro': 0.8643815635939324, 'precision_weighted': 0.8590933389564676, 'precision_binary': 0.7772284644194757, 'recall_macro': 0.7819853313042253, 'recall_micro': 0.8643815635939324, 'recall_weighted': 0.8643815635939324, 'recall_binary': 0.6213173652694611, 'roc_auc': 0.9245521359902639}
Validation statistic: Loss: 0.3200, dev_score: {'accuracy': 0.8591623036649214, 'balanced_accuracy': 0.7719307406206718, 'f1_macro': 0.7916952999982567, 'f1_micro': 0.8591623036649214, 'f1_weighted': 0.8533279905603526, 'f1_binary': 0.6731470230862697, 'pr_auc': 0.77571448940631, 'precision_macro': 0.821253703947786, 'precision_micro': 0.8591623036649214, 'precision_weighted': 0.8531277424906442, 'precision_binary': 0.7599451303155007, 'recall_macro': 0.7719307406206718, 'recall_micro': 0.8591623036649214, 'recall_weighted': 0.8591623036649214, 'recall_binary': 0.604143947655398, 'roc_auc': 0.9122035979025196}
-----------------------
Epoch 60/100
Training statistic: Loss: 0.2955, train_score: {'accuracy': 0.8645274212368728, 'balanced_accuracy': 0.7787121476291535, 'f1_macro': 0.8004430777521174, 'f1_micro': 0.8645274212368728, 'f1_weighted': 0.8584376601912196, 'f1_binary': 0.6873569408913424, 'pr_auc': 0.8027189189064021, 'precision_macro': 0.8340370610287324, 'precision_micro': 0.8645274212368728, 'precision_weighted': 0.8592354689104129, 'precision_binary': 0.7849015990159902, 'recall_macro': 0.7787121476291535, 'recall_micro': 0.8645274212368728, 'recall_weighted': 0.8645274212368728, 'recall_binary': 0.611377245508982, 'roc_auc': 0.9247922989347184}
Validation statistic: Loss: 0.3185, dev_score: {'accuracy': 0.8599476439790575, 'balanced_accuracy': 0.7705823442150432, 'f1_macro': 0.7916596793432769, 'f1_micro': 0.8599476439790575, 'f1_weighted': 0.8536715210289927, 'f1_binary': 0.6723821187997551, 'pr_auc': 0.7753645328028326, 'precision_macro': 0.8241015377526926, 'precision_micro': 0.8599476439790575, 'precision_weighted': 0.8539132492123076, 'precision_binary': 0.7667597765363129, 'recall_macro': 0.7705823442150432, 'recall_micro': 0.8599476439790575, 'recall_weighted': 0.8599476439790575, 'recall_binary': 0.5986913849509269, 'roc_auc': 0.9122441681245025}
-----------------------
Epoch 61/100
Training statistic: Loss: 0.2945, train_score: {'accuracy': 0.8639148191365228, 'balanced_accuracy': 0.7845592347891952, 'f1_macro': 0.802675637567148, 'f1_micro': 0.8639148191365228, 'f1_weighted': 0.859050189171568, 'f1_binary': 0.6927484686820786, 'pr_auc': 0.8023033859878768, 'precision_macro': 0.8285151280556136, 'precision_micro': 0.8639148191365228, 'precision_weighted': 0.8587046385437471, 'precision_binary': 0.7696472998682863, 'recall_macro': 0.7845592347891952, 'recall_micro': 0.8639148191365228, 'recall_weighted': 0.8639148191365228, 'recall_binary': 0.6298203592814371, 'roc_auc': 0.9245541751052463}
Validation statistic: Loss: 0.3204, dev_score: {'accuracy': 0.8589005235602094, 'balanced_accuracy': 0.7736236082629522, 'f1_macro': 0.7923123765172112, 'f1_micro': 0.8589005235602094, 'f1_weighted': 0.8534515628451791, 'f1_binary': 0.6747133373566687, 'pr_auc': 0.7738989188685873, 'precision_macro': 0.8195858195858196, 'precision_micro': 0.8589005235602094, 'precision_weighted': 0.8529529144974172, 'precision_binary': 0.7554054054054054, 'recall_macro': 0.7736236082629522, 'recall_micro': 0.8589005235602094, 'recall_weighted': 0.8589005235602094, 'recall_binary': 0.6095965103598692, 'roc_auc': 0.9115556013014027}
-----------------------
Epoch 62/100
Training statistic: Loss: 0.2956, train_score: {'accuracy': 0.8635355892648775, 'balanced_accuracy': 0.7820350967944558, 'f1_macro': 0.8011957829829868, 'f1_micro': 0.8635355892648775, 'f1_weighted': 0.8582875622305195, 'f1_binary': 0.6898700609917794, 'pr_auc': 0.802495941405448, 'precision_macro': 0.8292005050881113, 'precision_micro': 0.8635355892648775, 'precision_weighted': 0.8582035216087508, 'precision_binary': 0.7726462726462726, 'recall_macro': 0.7820350967944558, 'recall_micro': 0.8635355892648775, 'recall_weighted': 0.8635355892648775, 'recall_binary': 0.6231137724550898, 'roc_auc': 0.9249518741152479}
Validation statistic: Loss: 0.3240, dev_score: {'accuracy': 0.8583769633507854, 'balanced_accuracy': 0.7721600750699367, 'f1_macro': 0.7911769107314689, 'f1_micro': 0.8583769633507854, 'f1_weighted': 0.8527640378666614, 'f1_binary': 0.6727162734422263, 'pr_auc': 0.772849035198491, 'precision_macro': 0.8191895054418317, 'precision_micro': 0.8583769633507854, 'precision_weighted': 0.8523352854278547, 'precision_binary': 0.7554347826086957, 'recall_macro': 0.7721600750699367, 'recall_micro': 0.8583769633507854, 'recall_weighted': 0.8583769633507854, 'recall_binary': 0.6063249727371864, 'roc_auc': 0.9109872425434374}
-----------------------
Epoch 63/100
Training statistic: Loss: 0.2966, train_score: {'accuracy': 0.8631271878646442, 'balanced_accuracy': 0.7768528350164308, 'f1_macro': 0.7984001095456047, 'f1_micro': 0.8631271878646442, 'f1_weighted': 0.8569823808001719, 'f1_binary': 0.684168012924071, 'pr_auc': 0.8025987700817303, 'precision_macro': 0.8317305564869457, 'precision_micro': 0.8631271878646442, 'precision_weighted': 0.8576828218442871, 'precision_binary': 0.7811251152782047, 'recall_macro': 0.7768528350164308, 'recall_micro': 0.8631271878646442, 'recall_weighted': 0.8631271878646442, 'recall_binary': 0.608622754491018, 'roc_auc': 0.9251304340797771}
Validation statistic: Loss: 0.3217, dev_score: {'accuracy': 0.8578534031413613, 'balanced_accuracy': 0.7673393560078301, 'f1_macro': 0.7883554802682549, 'f1_micro': 0.8578534031413613, 'f1_weighted': 0.8514084153189581, 'f1_binary': 0.6670754138565297, 'pr_auc': 0.7737138962630715, 'precision_macro': 0.8209073069021555, 'precision_micro': 0.8578534031413613, 'precision_weighted': 0.8515824520238372, 'precision_binary': 0.7619047619047619, 'recall_macro': 0.7673393560078301, 'recall_micro': 0.8578534031413613, 'recall_weighted': 0.8578534031413613, 'recall_binary': 0.5932388222464559, 'roc_auc': 0.9117716001684416}
-----------------------
Epoch 64/100
Training statistic: Loss: 0.2946, train_score: {'accuracy': 0.8639439906651109, 'balanced_accuracy': 0.7882322974567642, 'f1_macro': 0.804360614923668, 'f1_micro': 0.8639439906651109, 'f1_weighted': 0.8597298794090558, 'f1_binary': 0.6963936987371436, 'pr_auc': 0.8023677907141445, 'precision_macro': 0.8263896983824791, 'precision_micro': 0.8639439906651109, 'precision_weighted': 0.8589827304879623, 'precision_binary': 0.7628351397604107, 'recall_macro': 0.7882322974567642, 'recall_micro': 0.8639439906651109, 'recall_weighted': 0.8639439906651109, 'recall_binary': 0.6405988023952096, 'roc_auc': 0.9250307345201614}
Validation statistic: Loss: 0.3203, dev_score: {'accuracy': 0.8589005235602094, 'balanced_accuracy': 0.7780998560884069, 'f1_macro': 0.7944530536297059, 'f1_micro': 0.8589005235602094, 'f1_weighted': 0.8542906764824314, 'f1_binary': 0.6793575252825699, 'pr_auc': 0.7742726935918097, 'precision_macro': 0.8170811518324608, 'precision_micro': 0.8589005235602094, 'precision_weighted': 0.8533173090101698, 'precision_binary': 0.7473821989528796, 'recall_macro': 0.7780998560884069, 'recall_micro': 0.8589005235602094, 'recall_weighted': 0.8589005235602094, 'recall_binary': 0.6226826608505998, 'roc_auc': 0.9118459789087437}
-----------------------
Epoch 65/100
Training statistic: Loss: 0.2954, train_score: {'accuracy': 0.8644690781796966, 'balanced_accuracy': 0.7851691911202663, 'f1_macro': 0.8034144513160573, 'f1_micro': 0.8644690781796966, 'f1_weighted': 0.8595985143532631, 'f1_binary': 0.6938587243015287, 'pr_auc': 0.8031951225681959, 'precision_macro': 0.8294728879894369, 'precision_micro': 0.8644690781796966, 'precision_weighted': 0.8592980297164471, 'precision_binary': 0.7713155581599765, 'recall_macro': 0.7851691911202663, 'recall_micro': 0.8644690781796966, 'recall_weighted': 0.8644690781796966, 'recall_binary': 0.6305389221556886, 'roc_auc': 0.925453644196374}
Validation statistic: Loss: 0.3229, dev_score: {'accuracy': 0.856544502617801, 'balanced_accuracy': 0.7720734876980193, 'f1_macro': 0.7896687968793141, 'f1_micro': 0.856544502617801, 'f1_weighted': 0.851328570136805, 'f1_binary': 0.6710684273709484, 'pr_auc': 0.7731323467609407, 'precision_macro': 0.8148770160930954, 'precision_micro': 0.856544502617801, 'precision_weighted': 0.8505150988829598, 'precision_binary': 0.7463284379172229, 'recall_macro': 0.7720734876980193, 'recall_micro': 0.856544502617801, 'recall_weighted': 0.856544502617801, 'recall_binary': 0.6095965103598692, 'roc_auc': 0.9114252506807721}
-----------------------
Epoch 66/100
Training statistic: Loss: 0.2947, train_score: {'accuracy': 0.8640023337222871, 'balanced_accuracy': 0.7794611933094859, 'f1_macro': 0.8003683218836524, 'f1_micro': 0.8640023337222871, 'f1_weighted': 0.8581695995587169, 'f1_binary': 0.6876591183170306, 'pr_auc': 0.8037078110209712, 'precision_macro': 0.8321285568045371, 'precision_micro': 0.8640023337222871, 'precision_weighted': 0.8586498081399234, 'precision_binary': 0.7804136253041363, 'recall_macro': 0.7794611933094859, 'recall_micro': 0.8640023337222871, 'recall_weighted': 0.8640023337222871, 'recall_binary': 0.6146107784431137, 'roc_auc': 0.9253912883835107}
Validation statistic: Loss: 0.3234, dev_score: {'accuracy': 0.8573298429319371, 'balanced_accuracy': 0.7688599880317846, 'f1_macro': 0.7887054706091127, 'f1_micro': 0.8573298429319371, 'f1_weighted': 0.8513090550983774, 'f1_binary': 0.6682897139379185, 'pr_auc': 0.7717893449314248, 'precision_macro': 0.818629231730836, 'precision_micro': 0.8573298429319371, 'precision_weighted': 0.8510867544695974, 'precision_binary': 0.756198347107438, 'recall_macro': 0.7688599880317846, 'recall_micro': 0.8573298429319371, 'recall_weighted': 0.8573298429319371, 'recall_binary': 0.5986913849509269, 'roc_auc': 0.9110248075637919}
-----------------------
Epoch 67/100
Training statistic: Loss: 0.2935, train_score: {'accuracy': 0.8647899649941657, 'balanced_accuracy': 0.7851783128690555, 'f1_macro': 0.803685358340805, 'f1_micro': 0.8647899649941657, 'f1_weighted': 0.8598536712802078, 'f1_binary': 0.6941603431210821, 'pr_auc': 0.8048022985654931, 'precision_macro': 0.8302475899872905, 'precision_micro': 0.8647899649941657, 'precision_weighted': 0.859626155668029, 'precision_binary': 0.7729610580455547, 'recall_macro': 0.7851783128690555, 'recall_micro': 0.8647899649941657, 'recall_weighted': 0.8647899649941657, 'recall_binary': 0.629940119760479, 'roc_auc': 0.9257549574972693}
Validation statistic: Loss: 0.3208, dev_score: {'accuracy': 0.8583769633507854, 'balanced_accuracy': 0.772533095722058, 'f1_macro': 0.7913595670949781, 'f1_micro': 0.8583769633507854, 'f1_weighted': 0.8528360331291736, 'f1_binary': 0.6731117824773414, 'pr_auc': 0.772945882632518, 'precision_macro': 0.8189676397088436, 'precision_micro': 0.8583769633507854, 'precision_weighted': 0.8523579625556424, 'precision_binary': 0.7547425474254743, 'recall_macro': 0.772533095722058, 'recall_micro': 0.8583769633507854, 'recall_weighted': 0.8583769633507854, 'recall_binary': 0.6074154852780806, 'roc_auc': 0.9120153971505429}
-----------------------
Epoch 68/100
Training statistic: Loss: 0.2925, train_score: {'accuracy': 0.8655484247374562, 'balanced_accuracy': 0.789049259752766, 'f1_macro': 0.8060650383197228, 'f1_micro': 0.8655484247374562, 'f1_weighted': 0.8611463094929518, 'f1_binary': 0.6986596927100359, 'pr_auc': 0.804595025871518, 'precision_macro': 0.8296624830467194, 'precision_micro': 0.8655484247374562, 'precision_weighted': 0.8606028878982718, 'precision_binary': 0.7693304535637149, 'recall_macro': 0.789049259752766, 'recall_micro': 0.8655484247374562, 'recall_weighted': 0.8655484247374562, 'recall_binary': 0.6398802395209581, 'roc_auc': 0.9257549367135378}
Validation statistic: Loss: 0.3212, dev_score: {'accuracy': 0.8586387434554974, 'balanced_accuracy': 0.7768085585137174, 'f1_macro': 0.7936305181926884, 'f1_micro': 0.8586387434554974, 'f1_weighted': 0.8538480253624358, 'f1_binary': 0.6778042959427207, 'pr_auc': 0.7732227630136188, 'precision_macro': 0.81716903420524, 'precision_micro': 0.8586387434554974, 'precision_weighted': 0.8529461161214047, 'precision_binary': 0.7483530961791831, 'recall_macro': 0.7768085585137174, 'recall_micro': 0.8586387434554974, 'recall_weighted': 0.8586387434554974, 'recall_binary': 0.6194111232279171, 'roc_auc': 0.9114665722031621}
-----------------------
Epoch 69/100
Training statistic: Loss: 0.2943, train_score: {'accuracy': 0.8644399066511085, 'balanced_accuracy': 0.7846221402162894, 'f1_macro': 0.8031398820522881, 'f1_micro': 0.8644399066511085, 'f1_weighted': 0.8594760435059587, 'f1_binary': 0.6932875717774404, 'pr_auc': 0.8037963245828428, 'precision_macro': 0.8297493691283275, 'precision_micro': 0.8644399066511085, 'precision_weighted': 0.8592425333439426, 'precision_binary': 0.7722393765622703, 'recall_macro': 0.7846221402162894, 'recall_micro': 0.8644399066511085, 'recall_weighted': 0.8644399066511085, 'recall_binary': 0.6289820359281437, 'roc_auc': 0.9256801175897337}
Validation statistic: Loss: 0.3223, dev_score: {'accuracy': 0.8583769633507854, 'balanced_accuracy': 0.7736521576784217, 'f1_macro': 0.7919046182006277, 'f1_micro': 0.8583769633507854, 'f1_weighted': 0.85305055496219, 'f1_binary': 0.6742925948223961, 'pr_auc': 0.7738381648334918, 'precision_macro': 0.8183141770488136, 'precision_micro': 0.8583769633507854, 'precision_weighted': 0.8524328278188461, 'precision_binary': 0.7526881720430108, 'recall_macro': 0.7736521576784217, 'recall_micro': 0.8583769633507854, 'recall_weighted': 0.8583769633507854, 'recall_binary': 0.6106870229007634, 'roc_auc': 0.9116664181114487}
-----------------------
Epoch 70/100
Training statistic: Loss: 0.2943, train_score: {'accuracy': 0.8638564760793466, 'balanced_accuracy': 0.7807856943267342, 'f1_macro': 0.800874929130704, 'f1_micro': 0.8638564760793466, 'f1_weighted': 0.8583061027059484, 'f1_binary': 0.6888874075061663, 'pr_auc': 0.8054893589578649, 'precision_macro': 0.830835309805652, 'precision_micro': 0.8638564760793466, 'precision_weighted': 0.8585077334442996, 'precision_binary': 0.7768756577958201, 'recall_macro': 0.7807856943267342, 'recall_micro': 0.8638564760793466, 'recall_weighted': 0.8638564760793466, 'recall_binary': 0.6188023952095808, 'roc_auc': 0.9258975084924636}
Validation statistic: Loss: 0.3200, dev_score: {'accuracy': 0.8589005235602094, 'balanced_accuracy': 0.7717585050023459, 'f1_macro': 0.7914000253888593, 'f1_micro': 0.8589005235602094, 'f1_weighted': 0.8530916909978336, 'f1_binary': 0.6727383120825744, 'pr_auc': 0.7752771789634402, 'precision_macro': 0.8207141907168507, 'precision_micro': 0.8589005235602094, 'precision_weighted': 0.8528489606435076, 'precision_binary': 0.7589041095890411, 'recall_macro': 0.7717585050023459, 'recall_micro': 0.8589005235602094, 'recall_weighted': 0.8589005235602094, 'recall_binary': 0.604143947655398, 'roc_auc': 0.91217504848705}
-----------------------
Epoch 71/100
Training statistic: Loss: 0.2948, train_score: {'accuracy': 0.8641190198366394, 'balanced_accuracy': 0.7814464091485367, 'f1_macro': 0.8014018375419225, 'f1_micro': 0.8641190198366394, 'f1_weighted': 0.8586364754541486, 'f1_binary': 0.6897975492807672, 'pr_auc': 0.8054120508590825, 'precision_macro': 0.8310473185364455, 'precision_micro': 0.8641190198366394, 'precision_weighted': 0.8588017823925372, 'precision_binary': 0.776927692769277, 'recall_macro': 0.7814464091485367, 'recall_micro': 0.8641190198366394, 'recall_weighted': 0.8641190198366394, 'recall_binary': 0.6202395209580839, 'roc_auc': 0.9260926608025755}
Validation statistic: Loss: 0.3198, dev_score: {'accuracy': 0.8578534031413613, 'balanced_accuracy': 0.7699505005726788, 'f1_macro': 0.7896666675116801, 'f1_micro': 0.8578534031413613, 'f1_weighted': 0.8519282109418166, 'f1_binary': 0.6699088145896657, 'pr_auc': 0.7750230113683096, 'precision_macro': 0.8192490724023712, 'precision_micro': 0.8578534031413613, 'precision_weighted': 0.8516806294445176, 'precision_binary': 0.7568681318681318, 'recall_macro': 0.7699505005726788, 'recall_micro': 0.8578534031413613, 'recall_weighted': 0.8578534031413613, 'recall_binary': 0.6008724100327154, 'roc_auc': 0.9124023168601955}
-----------------------
Epoch 72/100
Training statistic: Loss: 0.2976, train_score: {'accuracy': 0.8626021003500584, 'balanced_accuracy': 0.7685486258489578, 'f1_macro': 0.793836131035879, 'f1_micro': 0.8626021003500584, 'f1_weighted': 0.854898144398, 'f1_binary': 0.6747686783593426, 'pr_auc': 0.8046459414254652, 'precision_macro': 0.8368699236845298, 'precision_micro': 0.8626021003500584, 'precision_weighted': 0.8574173285618913, 'precision_binary': 0.7968036529680366, 'recall_macro': 0.7685486258489578, 'recall_micro': 0.8626021003500584, 'recall_weighted': 0.8626021003500584, 'recall_binary': 0.5851497005988024, 'roc_auc': 0.9255932369737964}
Validation statistic: Loss: 0.3215, dev_score: {'accuracy': 0.8568062827225131, 'balanced_accuracy': 0.7588169798399805, 'f1_macro': 0.783082323016679, 'f1_micro': 0.8568062827225131, 'f1_weighted': 0.8488280724445132, 'f1_binary': 0.6566227244193346, 'pr_auc': 0.7773914329305169, 'precision_macro': 0.8241752864477467, 'precision_micro': 0.8568062827225131, 'precision_weighted': 0.8504334544387053, 'precision_binary': 0.7736686390532544, 'recall_macro': 0.7588169798399805, 'recall_micro': 0.8568062827225131, 'recall_weighted': 0.8568062827225131, 'recall_binary': 0.5703380588876772, 'roc_auc': 0.9131092905432691}
-----------------------
Epoch 73/100
Training statistic: Loss: 0.2938, train_score: {'accuracy': 0.8640315052508751, 'balanced_accuracy': 0.7784655371093525, 'f1_macro': 0.7999170949743406, 'f1_micro': 0.8640315052508751, 'f1_weighted': 0.8580016779509692, 'f1_binary': 0.6866554621848739, 'pr_auc': 0.8049568753370199, 'precision_macro': 0.8329190902056929, 'precision_micro': 0.8640315052508751, 'precision_weighted': 0.858682456032085, 'precision_binary': 0.7826819923371647, 'recall_macro': 0.7784655371093525, 'recall_micro': 0.8640315052508751, 'recall_weighted': 0.8640315052508751, 'recall_binary': 0.6116167664670659, 'roc_auc': 0.9261447794730632}
Validation statistic: Loss: 0.3213, dev_score: {'accuracy': 0.8568062827225131, 'balanced_accuracy': 0.7670234341866478, 'f1_macro': 0.7873655312437449, 'f1_micro': 0.8568062827225131, 'f1_weighted': 0.8505397559056017, 'f1_binary': 0.6658521686010995, 'pr_auc': 0.7771393752741941, 'precision_macro': 0.8184722222222223, 'precision_micro': 0.8568062827225131, 'precision_weighted': 0.8504602239674229, 'precision_binary': 0.7569444444444444, 'recall_macro': 0.7670234341866478, 'recall_micro': 0.8568062827225131, 'recall_weighted': 0.8568062827225131, 'recall_binary': 0.5943293347873501, 'roc_auc': 0.9126179400770309}
-----------------------
Epoch 74/100
Training statistic: Loss: 0.2950, train_score: {'accuracy': 0.8632147024504084, 'balanced_accuracy': 0.7741500493036295, 'f1_macro': 0.7971511703302034, 'f1_micro': 0.8632147024504084, 'f1_weighted': 0.8565181843195304, 'f1_binary': 0.6813888700142692, 'pr_auc': 0.8061334341613561, 'precision_macro': 0.8339919159506081, 'precision_micro': 0.8632147024504084, 'precision_weighted': 0.857835626461445, 'precision_binary': 0.7874980367520025, 'recall_macro': 0.7741500493036295, 'recall_micro': 0.8632147024504084, 'recall_weighted': 0.8632147024504084, 'recall_binary': 0.6004790419161676, 'roc_auc': 0.9263560553401488}
Validation statistic: Loss: 0.3236, dev_score: {'accuracy': 0.8575916230366493, 'balanced_accuracy': 0.7645559758246555, 'f1_macro': 0.7867235053670123, 'f1_micro': 0.8575916230366493, 'f1_weighted': 0.8506399820663305, 'f1_binary': 0.6637824474660075, 'pr_auc': 0.7780505138586523, 'precision_macro': 0.8221072905056167, 'precision_micro': 0.8575916230366493, 'precision_weighted': 0.8512519904256458, 'precision_binary': 0.7660485021398002, 'recall_macro': 0.7645559758246555, 'recall_micro': 0.8575916230366493, 'recall_weighted': 0.8575916230366493, 'recall_binary': 0.5856052344601963, 'roc_auc': 0.9125349213820472}
-----------------------
Epoch 75/100
Training statistic: Loss: 0.2949, train_score: {'accuracy': 0.8645274212368728, 'balanced_accuracy': 0.7785903549630395, 'f1_macro': 0.800384738721457, 'f1_micro': 0.8645274212368728, 'f1_weighted': 0.8584141931585202, 'f1_binary': 0.6872306034482759, 'pr_auc': 0.8053712302721803, 'precision_macro': 0.8341272182029994, 'precision_micro': 0.8645274212368728, 'precision_weighted': 0.8592369517744848, 'precision_binary': 0.7851646660510927, 'recall_macro': 0.7785903549630395, 'recall_micro': 0.8645274212368728, 'recall_weighted': 0.8645274212368728, 'recall_binary': 0.6110179640718563, 'roc_auc': 0.9261177005803279}
Validation statistic: Loss: 0.3200, dev_score: {'accuracy': 0.8596858638743455, 'balanced_accuracy': 0.7704101085967173, 'f1_macro': 0.7913632674954585, 'f1_micro': 0.8596858638743455, 'f1_weighted': 0.8534349401434318, 'f1_binary': 0.6719706242350061, 'pr_auc': 0.7765752558477237, 'precision_macro': 0.8235477342078189, 'precision_micro': 0.8596858638743455, 'precision_weighted': 0.8536275018179286, 'precision_binary': 0.7656903765690377, 'recall_macro': 0.7704101085967173, 'recall_micro': 0.8596858638743455, 'recall_weighted': 0.8596858638743455, 'recall_binary': 0.5986913849509269, 'roc_auc': 0.9125845072089153}
-----------------------
Epoch 76/100
Training statistic: Loss: 0.2934, train_score: {'accuracy': 0.8639439906651109, 'balanced_accuracy': 0.7770273721742785, 'f1_macro': 0.7991527786065356, 'f1_micro': 0.8639439906651109, 'f1_weighted': 0.8576545509737544, 'f1_binary': 0.6850776502363268, 'pr_auc': 0.8058951556760348, 'precision_macro': 0.8337505814691082, 'precision_micro': 0.8639439906651109, 'precision_weighted': 0.8586007749927845, 'precision_binary': 0.7852941176470588, 'recall_macro': 0.7770273721742785, 'recall_micro': 0.8639439906651109, 'recall_weighted': 0.8639439906651109, 'recall_binary': 0.6075449101796407, 'roc_auc': 0.9263461091700133}
Validation statistic: Loss: 0.3199, dev_score: {'accuracy': 0.8602094240837697, 'balanced_accuracy': 0.7696355178770053, 'f1_macro': 0.7913969495531337, 'f1_micro': 0.8602094240837697, 'f1_weighted': 0.8536857254956328, 'f1_binary': 0.6715867158671587, 'pr_auc': 0.7759132404210679, 'precision_macro': 0.8254222357629033, 'precision_micro': 0.8602094240837697, 'precision_weighted': 0.8541846654070501, 'precision_binary': 0.770098730606488, 'recall_macro': 0.7696355178770053, 'recall_micro': 0.8602094240837697, 'recall_weighted': 0.8602094240837697, 'recall_binary': 0.5954198473282443, 'roc_auc': 0.912782474866184}
-----------------------
Epoch 77/100
Training statistic: Loss: 0.2926, train_score: {'accuracy': 0.8647024504084014, 'balanced_accuracy': 0.7871909401405441, 'f1_macro': 0.804525633238992, 'f1_micro': 0.8647024504084014, 'f1_weighted': 0.8601464768687616, 'f1_binary': 0.6960681520314548, 'pr_auc': 0.8055692146855282, 'precision_macro': 0.8287811292641388, 'precision_micro': 0.8647024504084014, 'precision_weighted': 0.8596460767575961, 'precision_binary': 0.7685962373371925, 'recall_macro': 0.7871909401405441, 'recall_micro': 0.8647024504084014, 'recall_weighted': 0.8647024504084014, 'recall_binary': 0.6360479041916167, 'roc_auc': 0.9262041124076567}
Validation statistic: Loss: 0.3200, dev_score: {'accuracy': 0.8573298429319371, 'balanced_accuracy': 0.7752013391178456, 'f1_macro': 0.7918089798640013, 'f1_micro': 0.8573298429319371, 'f1_weighted': 0.8525296677095079, 'f1_binary': 0.6750149075730472, 'pr_auc': 0.7739538806417855, 'precision_macro': 0.815015479876161, 'precision_micro': 0.8573298429319371, 'precision_weighted': 0.851553012497366, 'precision_binary': 0.7447368421052631, 'recall_macro': 0.7752013391178456, 'recall_micro': 0.8573298429319371, 'recall_weighted': 0.8573298429319371, 'recall_binary': 0.6172300981461287, 'roc_auc': 0.9121945822976344}
-----------------------
Epoch 78/100
Training statistic: Loss: 0.2963, train_score: {'accuracy': 0.8649649941656943, 'balanced_accuracy': 0.785740582083038, 'f1_macro': 0.8040875664579574, 'f1_micro': 0.8649649941656943, 'f1_weighted': 0.8600939079254343, 'f1_binary': 0.6948783863950959, 'pr_auc': 0.8053459982235791, 'precision_macro': 0.8303148895380474, 'precision_micro': 0.8649649941656943, 'precision_weighted': 0.8598307747669471, 'precision_binary': 0.7727605922885208, 'recall_macro': 0.785740582083038, 'recall_micro': 0.8649649941656943, 'recall_weighted': 0.8649649941656943, 'recall_binary': 0.6312574850299402, 'roc_auc': 0.9259638201422069}
Validation statistic: Loss: 0.3241, dev_score: {'accuracy': 0.8570680628272251, 'balanced_accuracy': 0.7720449382825498, 'f1_macro': 0.7900726248953744, 'f1_micro': 0.8570680628272251, 'f1_weighted': 0.8517282966899322, 'f1_binary': 0.6714801444043321, 'pr_auc': 0.7763056977559605, 'precision_macro': 0.8161226605554646, 'precision_micro': 0.8570680628272251, 'precision_weighted': 0.8510229047235832, 'precision_binary': 0.748993288590604, 'recall_macro': 0.7720449382825498, 'recall_micro': 0.8570680628272251, 'recall_weighted': 0.8570680628272251, 'recall_binary': 0.608505997818975, 'roc_auc': 0.912342964128035}
-----------------------
Epoch 79/100
Training statistic: Loss: 0.2938, train_score: {'accuracy': 0.8651400233372228, 'balanced_accuracy': 0.7881703388441013, 'f1_macro': 0.8053307263082745, 'f1_micro': 0.8651400233372228, 'f1_weighted': 0.8606671529052384, 'f1_binary': 0.6974278421362654, 'pr_auc': 0.8062832067953255, 'precision_macro': 0.8292262828331459, 'precision_micro': 0.8651400233372228, 'precision_weighted': 0.8601421362295651, 'precision_binary': 0.7689421272910953, 'recall_macro': 0.7881703388441013, 'recall_micro': 0.8651400233372228, 'recall_weighted': 0.8651400233372228, 'recall_binary': 0.6380838323353294, 'roc_auc': 0.9266285092753174}
Validation statistic: Loss: 0.3198, dev_score: {'accuracy': 0.8583769633507854, 'balanced_accuracy': 0.7766363228953916, 'f1_macro': 0.793336987351238, 'f1_micro': 0.8583769633507854, 'f1_weighted': 0.8536120187721903, 'f1_binary': 0.6774001192605844, 'pr_auc': 0.7753168636626511, 'precision_macro': 0.8166580667354661, 'precision_micro': 0.8583769633507854, 'precision_weighted': 0.8526814270302591, 'precision_binary': 0.7473684210526316, 'recall_macro': 0.7766363228953916, 'recall_micro': 0.8583769633507854, 'recall_weighted': 0.8583769633507854, 'recall_binary': 0.6194111232279171, 'roc_auc': 0.9119530392167543}
-----------------------
Epoch 80/100
Training statistic: Loss: 0.2946, train_score: {'accuracy': 0.8638856476079346, 'balanced_accuracy': 0.7777195628026632, 'f1_macro': 0.7994391022554519, 'f1_micro': 0.8638856476079346, 'f1_weighted': 0.8577434593621135, 'f1_binary': 0.6857489224137931, 'pr_auc': 0.8061089127532824, 'precision_macro': 0.8330828340131081, 'precision_micro': 0.8638856476079346, 'precision_weighted': 0.8585251128609305, 'precision_binary': 0.783471837488458, 'recall_macro': 0.7777195628026632, 'recall_micro': 0.8638856476079346, 'recall_weighted': 0.8638856476079346, 'recall_binary': 0.6097005988023952, 'roc_auc': 0.9263940918779487}
Validation statistic: Loss: 0.3200, dev_score: {'accuracy': 0.856544502617801, 'balanced_accuracy': 0.765359115959837, 'f1_macro': 0.7863111582944582, 'f1_micro': 0.856544502617801, 'f1_weighted': 0.8500022184890513, 'f1_binary': 0.6638036809815951, 'pr_auc': 0.7751871763531285, 'precision_macro': 0.818874360072785, 'precision_micro': 0.856544502617801, 'precision_weighted': 0.8501245284497282, 'precision_binary': 0.758765778401122, 'recall_macro': 0.765359115959837, 'recall_micro': 0.856544502617801, 'recall_weighted': 0.856544502617801, 'recall_binary': 0.5899672846237731, 'roc_auc': 0.912231396017582}
Early stopping by loss triggered!
Testing statistic: loss: 0.3168763664199229, scores: {'accuracy': 0.8567377376326016, 'balanced_accuracy': 0.7710028678958412, 'f1_macro': 0.7889099921471779, 'f1_micro': 0.8567377376326016, 'f1_weighted': 0.8514090431568151, 'f1_binary': 0.6692531522793405, 'pr_auc': 0.7752771916549557, 'precision_macro': 0.8147015611622573, 'precision_micro': 0.8567377376326016, 'precision_weighted': 0.8506139311308233, 'precision_binary': 0.745945945945946, 'recall_macro': 0.7710028678958412, 'recall_micro': 0.8567377376326016, 'recall_weighted': 0.8567377376326016, 'recall_binary': 0.6068601583113457, 'roc_auc': 0.9112375860741939}
Finish training!
