/home/thuy/miniconda3/envs/env/lib/python3.10/site-packages/sklearn/metrics/_classification.py:2480: UserWarning: y_pred contains classes not in y_true
  warnings.warn("y_pred contains classes not in y_true")
/home/thuy/miniconda3/envs/env/lib/python3.10/site-packages/sklearn/metrics/_classification.py:2480: UserWarning: y_pred contains classes not in y_true
  warnings.warn("y_pred contains classes not in y_true")
/home/thuy/miniconda3/envs/env/lib/python3.10/site-packages/sklearn/metrics/_classification.py:2480: UserWarning: y_pred contains classes not in y_true
  warnings.warn("y_pred contains classes not in y_true")
/home/thuy/miniconda3/envs/env/lib/python3.10/site-packages/sklearn/metrics/_classification.py:2480: UserWarning: y_pred contains classes not in y_true
  warnings.warn("y_pred contains classes not in y_true")
/home/thuy/miniconda3/envs/env/lib/python3.10/site-packages/sklearn/metrics/_classification.py:2480: UserWarning: y_pred contains classes not in y_true
  warnings.warn("y_pred contains classes not in y_true")
/home/thuy/miniconda3/envs/env/lib/python3.10/site-packages/sklearn/metrics/_classification.py:2480: UserWarning: y_pred contains classes not in y_true
  warnings.warn("y_pred contains classes not in y_true")
/home/thuy/miniconda3/envs/env/lib/python3.10/site-packages/sklearn/metrics/_classification.py:2480: UserWarning: y_pred contains classes not in y_true
  warnings.warn("y_pred contains classes not in y_true")
/home/thuy/miniconda3/envs/env/lib/python3.10/site-packages/sklearn/metrics/_classification.py:2480: UserWarning: y_pred contains classes not in y_true
  warnings.warn("y_pred contains classes not in y_true")
=====Setting up data=====
Dataset name:mnist28
train_option:mix
augment_option:dnn
mix_ratio:-1
n_sample:-1
Training dataset size: 154112 samples
Validation dataset size: 6144 samples

=====Setting up parameters for training=====
num_epochs: 100
learning_rate: 0.001
patience: 30
early_stop_criterion: loss
=====Setting up trainer=====
input_size: 784
model: DNN_MNIST28
----------------------------------------------------------------
        Layer (type)               Output Shape         Param #
================================================================
           Dropout-1                  [-1, 784]               0
            Linear-2                  [-1, 512]         401,920
         LeakyReLU-3                  [-1, 512]               0
       BatchNorm1d-4                  [-1, 512]           1,024
           Dropout-5                  [-1, 512]               0
            Linear-6                 [-1, 1024]         525,312
         LeakyReLU-7                 [-1, 1024]               0
       BatchNorm1d-8                 [-1, 1024]           2,048
           Dropout-9                 [-1, 1024]               0
           Linear-10                  [-1, 256]         262,400
        LeakyReLU-11                  [-1, 256]               0
      BatchNorm1d-12                  [-1, 256]             512
          Dropout-13                  [-1, 256]               0
           Linear-14                  [-1, 128]          32,896
        LeakyReLU-15                  [-1, 128]               0
      BatchNorm1d-16                  [-1, 128]             256
          Dropout-17                  [-1, 128]               0
================================================================
Total params: 1,226,368
Trainable params: 1,226,368
Non-trainable params: 0
----------------------------------------------------------------
Input size (MB): 0.00
Forward/backward pass size (MB): 0.06
Params size (MB): 4.68
Estimated Total Size (MB): 4.75
----------------------------------------------------------------
=====Setting up output files=====
weight_dir, weight_file: /home/thuy/Research/minh_data_synth/TabularDA/output/pilot_ctgan_v1/mnist28/weight/, mnist28_seed42_ctgan_xonly_dnn_mix.weights.pth
acc_dir, acc_file: /home/thuy/Research/minh_data_synth/TabularDA/output/pilot_ctgan_v1/mnist28/acc/, mnist28_seed42_ctgan_xonly_dnn_mix.epochs.csv
report_file: mnist28_seed42_ctgan_xonly_dnn_mix.report.txt
==========================================================================================
Start training...
-----------------------
Epoch 1/100
Training statistic: Loss: 1.6760, train_score: {'accuracy': 0.7857411709735616, 'balanced_accuracy': 0.7607766519041541, 'f1_macro': 0.483813779849506, 'f1_micro': 0.7857411709735616, 'f1_weighted': 0.7861163334702584, 'precision_macro': 0.5001739281818307, 'precision_micro': 0.7857411709735616, 'precision_weighted': 0.794346165924403, 'recall_macro': 0.4754854074400964, 'recall_micro': 0.7857411709735616, 'recall_weighted': 0.7857411709735616}
Validation statistic: Loss: 1.3969, dev_score: {'accuracy': 0.8574506878833085, 'balanced_accuracy': 0.855301031721601, 'f1_macro': 0.66174545581243, 'f1_micro': 0.8574506878833085, 'f1_weighted': 0.8628660847042464, 'precision_macro': 0.6756531235641889, 'precision_micro': 0.8574506878833085, 'precision_weighted': 0.8811205224017719, 'recall_macro': 0.6579238705550777, 'recall_micro': 0.8574506878833085, 'recall_weighted': 0.8574506878833085}
Saving model...
Model saved!
-------------------------------------------
-----------------------
Epoch 2/100
Training statistic: Loss: 1.3168, train_score: {'accuracy': 0.8248861084792399, 'balanced_accuracy': 0.8081978095441056, 'f1_macro': 0.6292727826476224, 'f1_micro': 0.8248861084792399, 'f1_weighted': 0.8256883209795363, 'precision_macro': 0.6406408514596058, 'precision_micro': 0.8248861084792399, 'precision_weighted': 0.8294724629978086, 'recall_macro': 0.621690622726235, 'recall_micro': 0.8248861084792399, 'recall_weighted': 0.8248861084792399}
Validation statistic: Loss: 0.9991, dev_score: {'accuracy': 0.8988894414056026, 'balanced_accuracy': 0.8970923301163183, 'f1_macro': 0.8198544615286957, 'f1_micro': 0.8988894414056026, 'f1_weighted': 0.9034697263322072, 'precision_macro': 0.8294032272112588, 'precision_micro': 0.8988894414056026, 'precision_weighted': 0.9137559642055719, 'recall_macro': 0.8155384819239256, 'recall_micro': 0.8988894414056026, 'recall_weighted': 0.8988894414056026}
Saving model...
Model saved!
-------------------------------------------
-----------------------
Epoch 3/100
Training statistic: Loss: 1.1185, train_score: {'accuracy': 0.8406167663893468, 'balanced_accuracy': 0.8274781505516969, 'f1_macro': 0.6421830783355426, 'f1_micro': 0.8406167663893468, 'f1_weighted': 0.8414984970243565, 'precision_macro': 0.6501155684512068, 'precision_micro': 0.8406167663893468, 'precision_weighted': 0.8441219249332657, 'recall_macro': 0.6365216542705361, 'recall_micro': 0.8406167663893468, 'recall_weighted': 0.8406167663893468}
Validation statistic: Loss: 0.8208, dev_score: {'accuracy': 0.917288247969501, 'balanced_accuracy': 0.9157893170105375, 'f1_macro': 0.7071315464277084, 'f1_micro': 0.917288247969501, 'f1_weighted': 0.920470594437955, 'precision_macro': 0.7122491911173131, 'precision_micro': 0.917288247969501, 'precision_weighted': 0.9267878857492592, 'recall_macro': 0.7044533207773365, 'recall_micro': 0.917288247969501, 'recall_weighted': 0.917288247969501}
Saving model...
Model saved!
-------------------------------------------
-----------------------
Epoch 4/100
Training statistic: Loss: 0.9559, train_score: {'accuracy': 0.8520773034641193, 'balanced_accuracy': 0.835398937719361, 'f1_macro': 0.6495262876557331, 'f1_micro': 0.8520773034641193, 'f1_weighted': 0.8510017416537403, 'precision_macro': 0.6598272802861358, 'precision_micro': 0.8520773034641193, 'precision_weighted': 0.8527186364470553, 'recall_macro': 0.6426145674764315, 'recall_micro': 0.8520773034641193, 'recall_weighted': 0.8520773034641193}
Validation statistic: Loss: 0.6383, dev_score: {'accuracy': 0.9217636333499089, 'balanced_accuracy': 0.9205945988499016, 'f1_macro': 0.9201629386040782, 'f1_micro': 0.9217636333499089, 'f1_weighted': 0.9212489376566836, 'precision_macro': 0.922752804423757, 'precision_micro': 0.9217636333499089, 'precision_weighted': 0.9237118578717296, 'recall_macro': 0.9205945988499016, 'recall_micro': 0.9217636333499089, 'recall_weighted': 0.9217636333499089}
Saving model...
Model saved!
-------------------------------------------
-----------------------
Epoch 5/100
Training statistic: Loss: 0.8327, train_score: {'accuracy': 0.8629278232767013, 'balanced_accuracy': 0.854011003815827, 'f1_macro': 0.7793987821143997, 'f1_micro': 0.8629278232767013, 'f1_weighted': 0.8625072575409561, 'precision_macro': 0.7838982956080547, 'precision_micro': 0.8629278232767013, 'precision_weighted': 0.8630263372191607, 'recall_macro': 0.77637363983257, 'recall_micro': 0.8629278232767013, 'recall_weighted': 0.8629278232767013}
Validation statistic: Loss: 0.5146, dev_score: {'accuracy': 0.9335322393502403, 'balanced_accuracy': 0.9324126013464792, 'f1_macro': 0.9327102340713112, 'f1_micro': 0.9335322393502403, 'f1_weighted': 0.9334829895133083, 'precision_macro': 0.934354286644014, 'precision_micro': 0.9335322393502403, 'precision_weighted': 0.9347719400020478, 'recall_macro': 0.9324126013464792, 'recall_micro': 0.9335322393502403, 'recall_weighted': 0.9335322393502403}
Saving model...
Model saved!
-------------------------------------------
-----------------------
Epoch 6/100
Training statistic: Loss: 0.7576, train_score: {'accuracy': 0.8662764286734072, 'balanced_accuracy': 0.8562376837798688, 'f1_macro': 0.8611824346862699, 'f1_micro': 0.8662764286734072, 'f1_weighted': 0.8659671337974776, 'precision_macro': 0.8674711482880646, 'precision_micro': 0.8662764286734072, 'precision_weighted': 0.8664424231440964, 'recall_macro': 0.8562376837798688, 'recall_micro': 0.8662764286734072, 'recall_weighted': 0.8662764286734072}
Validation statistic: Loss: 0.4504, dev_score: {'accuracy': 0.9343610144206862, 'balanced_accuracy': 0.9334299408452915, 'f1_macro': 0.9335577970130379, 'f1_micro': 0.9343610144206862, 'f1_weighted': 0.9343198372590786, 'precision_macro': 0.9351183747727163, 'precision_micro': 0.9343610144206862, 'precision_weighted': 0.935681790255036, 'recall_macro': 0.9334299408452915, 'recall_micro': 0.9343610144206862, 'recall_weighted': 0.9343610144206862}
Saving model...
Model saved!
-------------------------------------------
-----------------------
Epoch 7/100
Training statistic: Loss: 0.6854, train_score: {'accuracy': 0.8729736394668189, 'balanced_accuracy': 0.8629894148777083, 'f1_macro': 0.8678416444679021, 'f1_micro': 0.8729736394668189, 'f1_weighted': 0.8726557960397312, 'precision_macro': 0.8743659660008831, 'precision_micro': 0.8729736394668189, 'precision_weighted': 0.8733502129039113, 'recall_macro': 0.8629894148777083, 'recall_micro': 0.8729736394668189, 'recall_weighted': 0.8729736394668189}
Validation statistic: Loss: 0.3852, dev_score: {'accuracy': 0.9406597049560749, 'balanced_accuracy': 0.9397388921934751, 'f1_macro': 0.9399820658220829, 'f1_micro': 0.9406597049560749, 'f1_weighted': 0.9405769654670331, 'precision_macro': 0.9414054128738532, 'precision_micro': 0.9406597049560749, 'precision_weighted': 0.9416608556866236, 'recall_macro': 0.9397388921934751, 'recall_micro': 0.9406597049560749, 'recall_weighted': 0.9406597049560749}
Saving model...
Model saved!
-------------------------------------------
-----------------------
Epoch 8/100
Training statistic: Loss: 0.6291, train_score: {'accuracy': 0.8797876620763949, 'balanced_accuracy': 0.8704615637457829, 'f1_macro': 0.8747692337992271, 'f1_micro': 0.8797876620763949, 'f1_weighted': 0.8796837595999517, 'precision_macro': 0.8802148160013583, 'precision_micro': 0.8797876620763949, 'precision_weighted': 0.8803639027248035, 'recall_macro': 0.8704615637457829, 'recall_micro': 0.8797876620763949, 'recall_weighted': 0.8797876620763949}
Validation statistic: Loss: 0.3520, dev_score: {'accuracy': 0.9409912149842533, 'balanced_accuracy': 0.9399994493928071, 'f1_macro': 0.9404007021551528, 'f1_micro': 0.9409912149842533, 'f1_weighted': 0.9409681534367279, 'precision_macro': 0.9418099094743514, 'precision_micro': 0.9409912149842533, 'precision_weighted': 0.9419455380786527, 'recall_macro': 0.9399994493928071, 'recall_micro': 0.9409912149842533, 'recall_weighted': 0.9409912149842533}
Saving model...
Model saved!
-------------------------------------------
-----------------------
Epoch 9/100
Training statistic: Loss: 0.5852, train_score: {'accuracy': 0.8814165379573508, 'balanced_accuracy': 0.8752180919229531, 'f1_macro': 0.8767796916856607, 'f1_micro': 0.8814165379573508, 'f1_weighted': 0.8814191861245755, 'precision_macro': 0.8792127488641235, 'precision_micro': 0.8814165379573508, 'precision_weighted': 0.8820407289616915, 'recall_macro': 0.8752180919229531, 'recall_micro': 0.8814165379573508, 'recall_weighted': 0.8814165379573508}
Validation statistic: Loss: 0.3133, dev_score: {'accuracy': 0.9421515000828775, 'balanced_accuracy': 0.9411809999404884, 'f1_macro': 0.9414654858565115, 'f1_micro': 0.9421515000828775, 'f1_weighted': 0.9421275904431493, 'precision_macro': 0.9429016438577481, 'precision_micro': 0.9421515000828775, 'precision_weighted': 0.9432468425027489, 'recall_macro': 0.9411809999404884, 'recall_micro': 0.9421515000828775, 'recall_weighted': 0.9421515000828775}
Saving model...
Model saved!
-------------------------------------------
-----------------------
Epoch 10/100
Training statistic: Loss: 0.5562, train_score: {'accuracy': 0.8845899256298104, 'balanced_accuracy': 0.8751337129329777, 'f1_macro': 0.880023571029233, 'f1_micro': 0.8845899256298104, 'f1_weighted': 0.8843915660179649, 'precision_macro': 0.8860632958163597, 'precision_micro': 0.8845899256298104, 'precision_weighted': 0.8850139289441895, 'recall_macro': 0.8751337129329777, 'recall_micro': 0.8845899256298104, 'recall_weighted': 0.8845899256298104}
Validation statistic: Loss: 0.2995, dev_score: {'accuracy': 0.9433117851815017, 'balanced_accuracy': 0.9426091914236627, 'f1_macro': 0.9427225027527962, 'f1_micro': 0.9433117851815017, 'f1_weighted': 0.9433363099788259, 'precision_macro': 0.9437614612825203, 'precision_micro': 0.9433117851815017, 'precision_weighted': 0.9442700942863116, 'recall_macro': 0.9426091914236627, 'recall_micro': 0.9433117851815017, 'recall_weighted': 0.9433117851815017}
Saving model...
Model saved!
-------------------------------------------
-----------------------
Epoch 11/100
Training statistic: Loss: 0.5157, train_score: {'accuracy': 0.8886069541967889, 'balanced_accuracy': 0.8810058685605865, 'f1_macro': 0.8844383392207202, 'f1_micro': 0.8886069541967889, 'f1_weighted': 0.8884683694459744, 'precision_macro': 0.8887425114755588, 'precision_micro': 0.8886069541967889, 'precision_weighted': 0.8888486051814081, 'recall_macro': 0.8810058685605865, 'recall_micro': 0.8886069541967889, 'recall_weighted': 0.8886069541967889}
Validation statistic: Loss: 0.2630, dev_score: {'accuracy': 0.947289905519642, 'balanced_accuracy': 0.9465321289757466, 'f1_macro': 0.9468340530794631, 'f1_micro': 0.947289905519642, 'f1_weighted': 0.9472443812992424, 'precision_macro': 0.9479434725728864, 'precision_micro': 0.947289905519642, 'precision_weighted': 0.9480039928374656, 'recall_macro': 0.9465321289757466, 'recall_micro': 0.947289905519642, 'recall_weighted': 0.947289905519642}
Saving model...
Model saved!
-------------------------------------------
-----------------------
Epoch 12/100
Training statistic: Loss: 0.4936, train_score: {'accuracy': 0.8920658818643166, 'balanced_accuracy': 0.8857981751339116, 'f1_macro': 0.8884436210267831, 'f1_micro': 0.8920658818643166, 'f1_weighted': 0.8920745550947291, 'precision_macro': 0.891595242687892, 'precision_micro': 0.8920658818643166, 'precision_weighted': 0.8924779686051202, 'recall_macro': 0.8857981751339116, 'recall_micro': 0.8920658818643166, 'recall_weighted': 0.8920658818643166}
Validation statistic: Loss: 0.2508, dev_score: {'accuracy': 0.9462953754351069, 'balanced_accuracy': 0.9456600485941561, 'f1_macro': 0.9459357388041338, 'f1_micro': 0.9462953754351069, 'f1_weighted': 0.9463571915813285, 'precision_macro': 0.94663053345253, 'precision_micro': 0.9462953754351069, 'precision_weighted': 0.9468320829630541, 'recall_macro': 0.9456600485941561, 'recall_micro': 0.9462953754351069, 'recall_weighted': 0.9462953754351069}
Saving model...
Model saved!
-------------------------------------------
-----------------------
Epoch 13/100
Training statistic: Loss: 0.4762, train_score: {'accuracy': 0.8930847404830817, 'balanced_accuracy': 0.8851133822022852, 'f1_macro': 0.8892706413695638, 'f1_micro': 0.8930847404830817, 'f1_weighted': 0.8929777105671441, 'precision_macro': 0.8944521850968077, 'precision_micro': 0.8930847404830817, 'precision_weighted': 0.8935193281464523, 'recall_macro': 0.8851133822022852, 'recall_micro': 0.8930847404830817, 'recall_weighted': 0.8930847404830817}
Validation statistic: Loss: 0.2431, dev_score: {'accuracy': 0.947289905519642, 'balanced_accuracy': 0.9465682568186569, 'f1_macro': 0.9467194534732876, 'f1_micro': 0.947289905519642, 'f1_weighted': 0.9472839770101679, 'precision_macro': 0.9478803052637594, 'precision_micro': 0.947289905519642, 'precision_weighted': 0.948255963762314, 'recall_macro': 0.9465682568186569, 'recall_micro': 0.947289905519642, 'recall_weighted': 0.947289905519642}
Saving model...
Model saved!
-------------------------------------------
-----------------------
Epoch 14/100
Training statistic: Loss: 0.4621, train_score: {'accuracy': 0.8959012031617065, 'balanced_accuracy': 0.8887156435120088, 'f1_macro': 0.8919827255325498, 'f1_micro': 0.8959012031617065, 'f1_weighted': 0.8958117268343769, 'precision_macro': 0.8962077437057134, 'precision_micro': 0.8959012031617065, 'precision_weighted': 0.8964190724029277, 'recall_macro': 0.8887156435120088, 'recall_micro': 0.8959012031617065, 'recall_weighted': 0.8959012031617065}
Validation statistic: Loss: 0.2334, dev_score: {'accuracy': 0.9486159456323554, 'balanced_accuracy': 0.9478379996822321, 'f1_macro': 0.9479063672970774, 'f1_micro': 0.9486159456323554, 'f1_weighted': 0.9485535703571442, 'precision_macro': 0.9489418051911198, 'precision_micro': 0.9486159456323554, 'precision_weighted': 0.9494378458215358, 'recall_macro': 0.9478379996822321, 'recall_micro': 0.9486159456323554, 'recall_weighted': 0.9486159456323554}
Saving model...
Model saved!
-------------------------------------------
-----------------------
Epoch 15/100
Training statistic: Loss: 0.4498, train_score: {'accuracy': 0.8998403571845757, 'balanced_accuracy': 0.8936844169915, 'f1_macro': 0.8959033865069254, 'f1_micro': 0.8998403571845757, 'f1_weighted': 0.899754328837302, 'precision_macro': 0.8986730823643162, 'precision_micro': 0.8998403571845757, 'precision_weighted': 0.9001177605568567, 'recall_macro': 0.8936844169915, 'recall_micro': 0.8998403571845757, 'recall_weighted': 0.8998403571845757}
Validation statistic: Loss: 0.2246, dev_score: {'accuracy': 0.949113210674623, 'balanced_accuracy': 0.948386987593848, 'f1_macro': 0.9485839135901196, 'f1_micro': 0.949113210674623, 'f1_weighted': 0.9490917689585506, 'precision_macro': 0.9496510768862363, 'precision_micro': 0.949113210674623, 'precision_weighted': 0.9499262897749694, 'recall_macro': 0.948386987593848, 'recall_micro': 0.949113210674623, 'recall_weighted': 0.949113210674623}
Saving model...
Model saved!
-------------------------------------------
-----------------------
Epoch 16/100
Training statistic: Loss: 0.4302, train_score: {'accuracy': 0.8980103053980039, 'balanced_accuracy': 0.8918684241921507, 'f1_macro': 0.8948401830894959, 'f1_micro': 0.8980103053980039, 'f1_weighted': 0.8979598217973935, 'precision_macro': 0.8988901506032135, 'precision_micro': 0.8980103053980039, 'precision_weighted': 0.8987299798615489, 'recall_macro': 0.8918684241921507, 'recall_micro': 0.8980103053980039, 'recall_weighted': 0.8980103053980039}
Validation statistic: Loss: 0.2146, dev_score: {'accuracy': 0.949113210674623, 'balanced_accuracy': 0.9484417696404834, 'f1_macro': 0.9484800306543366, 'f1_micro': 0.949113210674623, 'f1_weighted': 0.9491807203351469, 'precision_macro': 0.9492691377972449, 'precision_micro': 0.949113210674623, 'precision_weighted': 0.9499799226924712, 'recall_macro': 0.9484417696404834, 'recall_micro': 0.949113210674623, 'recall_weighted': 0.949113210674623}
Saving model...
Model saved!
-------------------------------------------
-----------------------
Epoch 17/100
Training statistic: Loss: 0.4232, train_score: {'accuracy': 0.9021246771451192, 'balanced_accuracy': 0.8953545878849012, 'f1_macro': 0.8983188228019616, 'f1_micro': 0.9021246771451192, 'f1_weighted': 0.9022479396643669, 'precision_macro': 0.9027745235366756, 'precision_micro': 0.9021246771451192, 'precision_weighted': 0.903523562249838, 'recall_macro': 0.8953545878849012, 'recall_micro': 0.9021246771451192, 'recall_weighted': 0.9021246771451192}
Validation statistic: Loss: 0.2043, dev_score: {'accuracy': 0.9522625559423172, 'balanced_accuracy': 0.9519176828452031, 'f1_macro': 0.9519567162294991, 'f1_micro': 0.9522625559423172, 'f1_weighted': 0.9523430018324991, 'precision_macro': 0.9528182292363458, 'precision_micro': 0.9522625559423172, 'precision_weighted': 0.9532455271709299, 'recall_macro': 0.9519176828452031, 'recall_micro': 0.9522625559423172, 'recall_weighted': 0.9522625559423172}
Saving model...
Model saved!
-------------------------------------------
-----------------------
Epoch 18/100
Training statistic: Loss: 0.4172, train_score: {'accuracy': 0.9030461925837476, 'balanced_accuracy': 0.8961683255155901, 'f1_macro': 0.8991850480060999, 'f1_micro': 0.9030461925837476, 'f1_weighted': 0.9029312950992355, 'precision_macro': 0.9032115111508341, 'precision_micro': 0.9030461925837476, 'precision_weighted': 0.9034101514851699, 'recall_macro': 0.8961683255155901, 'recall_micro': 0.9030461925837476, 'recall_weighted': 0.9030461925837476}
Validation statistic: Loss: 0.2014, dev_score: {'accuracy': 0.9537543510691199, 'balanced_accuracy': 0.9532193808380631, 'f1_macro': 0.953536281053457, 'f1_micro': 0.9537543510691199, 'f1_weighted': 0.953839196283827, 'precision_macro': 0.9545279728560025, 'precision_micro': 0.9537543510691199, 'precision_weighted': 0.9545965752390045, 'recall_macro': 0.9532193808380631, 'recall_micro': 0.9537543510691199, 'recall_weighted': 0.9537543510691199}
Saving model...
Model saved!
-------------------------------------------
-----------------------
Epoch 19/100
Training statistic: Loss: 0.4072, train_score: {'accuracy': 0.9053110439082638, 'balanced_accuracy': 0.9002431295968559, 'f1_macro': 0.9023597414523797, 'f1_micro': 0.9053110439082638, 'f1_weighted': 0.9053023502784242, 'precision_macro': 0.9051203769884604, 'precision_micro': 0.9053110439082638, 'precision_weighted': 0.9057282706749186, 'recall_macro': 0.9002431295968559, 'recall_micro': 0.9053110439082638, 'recall_weighted': 0.9053110439082638}
Validation statistic: Loss: 0.1889, dev_score: {'accuracy': 0.9554119012100116, 'balanced_accuracy': 0.9548100037961644, 'f1_macro': 0.9548734911054391, 'f1_micro': 0.9554119012100116, 'f1_weighted': 0.9553525270140145, 'precision_macro': 0.9554693287616617, 'precision_micro': 0.9554119012100116, 'precision_weighted': 0.9558244987899396, 'recall_macro': 0.9548100037961644, 'recall_micro': 0.9554119012100116, 'recall_weighted': 0.9554119012100116}
Saving model...
Model saved!
-------------------------------------------
-----------------------
Epoch 20/100
Training statistic: Loss: 0.4053, train_score: {'accuracy': 0.9072968447830545, 'balanced_accuracy': 0.8987321633073491, 'f1_macro': 0.9034448076471886, 'f1_micro': 0.9072968447830545, 'f1_weighted': 0.9071637197504349, 'precision_macro': 0.9094800518310782, 'precision_micro': 0.9072968447830545, 'precision_weighted': 0.9078840836082137, 'recall_macro': 0.8987321633073491, 'recall_micro': 0.9072968447830545, 'recall_weighted': 0.9072968447830545}
Validation statistic: Loss: 0.1991, dev_score: {'accuracy': 0.9522625559423172, 'balanced_accuracy': 0.9516116541197489, 'f1_macro': 0.951680933924399, 'f1_micro': 0.9522625559423172, 'f1_weighted': 0.9522477737133667, 'precision_macro': 0.9527278587190322, 'precision_micro': 0.9522625559423172, 'precision_weighted': 0.9531882762711981, 'recall_macro': 0.9516116541197489, 'recall_micro': 0.9522625559423172, 'recall_weighted': 0.9522625559423172}
-----------------------
Epoch 21/100
Training statistic: Loss: 0.3993, train_score: {'accuracy': 0.9078354770464782, 'balanced_accuracy': 0.9018556501439179, 'f1_macro': 0.9045962105218305, 'f1_micro': 0.9078354770464782, 'f1_weighted': 0.9079270848959295, 'precision_macro': 0.9080952696686755, 'precision_micro': 0.9078354770464782, 'precision_weighted': 0.9086138361553737, 'recall_macro': 0.9018556501439179, 'recall_micro': 0.9078354770464782, 'recall_weighted': 0.9078354770464782}
Validation statistic: Loss: 0.1863, dev_score: {'accuracy': 0.9547488811536549, 'balanced_accuracy': 0.9543503920499521, 'f1_macro': 0.9543595561086026, 'f1_micro': 0.9547488811536549, 'f1_weighted': 0.954792613352746, 'precision_macro': 0.9550150658182153, 'precision_micro': 0.9547488811536549, 'precision_weighted': 0.9554665171506008, 'recall_macro': 0.9543503920499521, 'recall_micro': 0.9547488811536549, 'recall_weighted': 0.9547488811536549}
Saving model...
Model saved!
-------------------------------------------
-----------------------
Epoch 22/100
Training statistic: Loss: 0.3849, train_score: {'accuracy': 0.9125663556011265, 'balanced_accuracy': 0.9073518784859459, 'f1_macro': 0.909659215981398, 'f1_micro': 0.9125663556011265, 'f1_weighted': 0.9124833047653343, 'precision_macro': 0.9121699454131609, 'precision_micro': 0.9125663556011265, 'precision_weighted': 0.9125422422419508, 'recall_macro': 0.9073518784859459, 'recall_micro': 0.9125663556011265, 'recall_weighted': 0.9125663556011265}
Validation statistic: Loss: 0.1814, dev_score: {'accuracy': 0.9552461461959224, 'balanced_accuracy': 0.9546154950300029, 'f1_macro': 0.9547467982242617, 'f1_micro': 0.9552461461959224, 'f1_weighted': 0.9552101764845995, 'precision_macro': 0.9553978374436293, 'precision_micro': 0.9552461461959224, 'precision_weighted': 0.9556836448883359, 'recall_macro': 0.9546154950300029, 'recall_micro': 0.9552461461959224, 'recall_weighted': 0.9552461461959224}
Saving model...
Model saved!
-------------------------------------------
-----------------------
Epoch 23/100
Training statistic: Loss: 0.3835, train_score: {'accuracy': 0.913273716043454, 'balanced_accuracy': 0.9057050953167808, 'f1_macro': 0.9095915989732981, 'f1_micro': 0.913273716043454, 'f1_weighted': 0.9131057354172164, 'precision_macro': 0.9144716824521837, 'precision_micro': 0.913273716043454, 'precision_weighted': 0.913507752057282, 'recall_macro': 0.9057050953167808, 'recall_micro': 0.913273716043454, 'recall_weighted': 0.913273716043454}
Validation statistic: Loss: 0.1874, dev_score: {'accuracy': 0.9545831261395658, 'balanced_accuracy': 0.9539301281066022, 'f1_macro': 0.9541406181654633, 'f1_micro': 0.9545831261395658, 'f1_weighted': 0.9545550924950842, 'precision_macro': 0.9548243444883051, 'precision_micro': 0.9545831261395658, 'precision_weighted': 0.9549947847578489, 'recall_macro': 0.9539301281066022, 'recall_micro': 0.9545831261395658, 'recall_weighted': 0.9545831261395658}
-----------------------
Epoch 24/100
Training statistic: Loss: 0.3828, train_score: {'accuracy': 0.9129622178670163, 'balanced_accuracy': 0.9089044421626598, 'f1_macro': 0.910215971339408, 'f1_micro': 0.9129622178670163, 'f1_weighted': 0.9128985357173237, 'precision_macro': 0.9117392056761908, 'precision_micro': 0.9129622178670163, 'precision_weighted': 0.9129706374287406, 'recall_macro': 0.9089044421626598, 'recall_micro': 0.9129622178670163, 'recall_weighted': 0.9129622178670163}
Validation statistic: Loss: 0.1809, dev_score: {'accuracy': 0.9549146361677441, 'balanced_accuracy': 0.954275562680713, 'f1_macro': 0.9545228051020072, 'f1_micro': 0.9549146361677441, 'f1_weighted': 0.9548875749437085, 'precision_macro': 0.9550746284930156, 'precision_micro': 0.9549146361677441, 'precision_weighted': 0.9551671807361419, 'recall_macro': 0.954275562680713, 'recall_micro': 0.9549146361677441, 'recall_weighted': 0.9549146361677441}
Saving model...
Model saved!
-------------------------------------------
-----------------------
Epoch 25/100
Training statistic: Loss: 0.3739, train_score: {'accuracy': 0.9125468869650992, 'balanced_accuracy': 0.9088150599691357, 'f1_macro': 0.9095580862410426, 'f1_micro': 0.9125468869650992, 'f1_weighted': 0.9126047344381598, 'precision_macro': 0.9106562089102714, 'precision_micro': 0.9125468869650992, 'precision_weighted': 0.9129529176578588, 'recall_macro': 0.9088150599691357, 'recall_micro': 0.9125468869650992, 'recall_weighted': 0.9125468869650992}
Validation statistic: Loss: 0.1794, dev_score: {'accuracy': 0.9569036963368142, 'balanced_accuracy': 0.9562047773113955, 'f1_macro': 0.9564354487226941, 'f1_micro': 0.9569036963368142, 'f1_weighted': 0.9569295433083201, 'precision_macro': 0.9570594733128491, 'precision_micro': 0.9569036963368142, 'precision_weighted': 0.9573459505892444, 'recall_macro': 0.9562047773113955, 'recall_micro': 0.9569036963368142, 'recall_weighted': 0.9569036963368142}
Saving model...
Model saved!
-------------------------------------------
-----------------------
Epoch 26/100
Training statistic: Loss: 0.3721, train_score: {'accuracy': 0.9171285059768712, 'balanced_accuracy': 0.9104346865591719, 'f1_macro': 0.9142746502787104, 'f1_micro': 0.9171285059768712, 'f1_weighted': 0.9170509090288989, 'precision_macro': 0.9186116369724215, 'precision_micro': 0.9171285059768712, 'precision_weighted': 0.9173180419748842, 'recall_macro': 0.9104346865591719, 'recall_micro': 0.9171285059768712, 'recall_weighted': 0.9171285059768712}
Validation statistic: Loss: 0.1795, dev_score: {'accuracy': 0.956737941322725, 'balanced_accuracy': 0.9561682390371194, 'f1_macro': 0.9561391648474293, 'f1_micro': 0.956737941322725, 'f1_weighted': 0.9567237079406249, 'precision_macro': 0.9564946324084136, 'precision_micro': 0.956737941322725, 'precision_weighted': 0.957088391447561, 'recall_macro': 0.9561682390371194, 'recall_micro': 0.956737941322725, 'recall_weighted': 0.956737941322725}
-----------------------
Epoch 27/100
Training statistic: Loss: 0.3600, train_score: {'accuracy': 0.9184004568639921, 'balanced_accuracy': 0.9136394802786209, 'f1_macro': 0.915343730098653, 'f1_micro': 0.9184004568639921, 'f1_weighted': 0.9183508175798651, 'precision_macro': 0.9175147343791258, 'precision_micro': 0.9184004568639921, 'precision_weighted': 0.9185862958576663, 'recall_macro': 0.9136394802786209, 'recall_micro': 0.9184004568639921, 'recall_weighted': 0.9184004568639921}
Validation statistic: Loss: 0.1745, dev_score: {'accuracy': 0.9562406762804575, 'balanced_accuracy': 0.9554962492957377, 'f1_macro': 0.9555652526826947, 'f1_micro': 0.9562406762804575, 'f1_weighted': 0.9562051454433249, 'precision_macro': 0.9559985950178689, 'precision_micro': 0.9562406762804575, 'precision_weighted': 0.9565223550634461, 'recall_macro': 0.9554962492957377, 'recall_micro': 0.9562406762804575, 'recall_weighted': 0.9562406762804575}
Saving model...
Model saved!
-------------------------------------------
-----------------------
Epoch 28/100
Training statistic: Loss: 0.3597, train_score: {'accuracy': 0.9189131309460459, 'balanced_accuracy': 0.9118419501676694, 'f1_macro': 0.9160009430293206, 'f1_micro': 0.9189131309460459, 'f1_weighted': 0.9188742151657718, 'precision_macro': 0.9210614044974774, 'precision_micro': 0.9189131309460459, 'precision_weighted': 0.9194670222236702, 'recall_macro': 0.9118419501676694, 'recall_micro': 0.9189131309460459, 'recall_weighted': 0.9189131309460459}
Validation statistic: Loss: 0.1772, dev_score: {'accuracy': 0.9545831261395658, 'balanced_accuracy': 0.9539947752144746, 'f1_macro': 0.9540309816654027, 'f1_micro': 0.9545831261395658, 'f1_weighted': 0.9546147546201186, 'precision_macro': 0.9546142243956229, 'precision_micro': 0.9545831261395658, 'precision_weighted': 0.9551823256685106, 'recall_macro': 0.9539947752144746, 'recall_micro': 0.9545831261395658, 'recall_weighted': 0.9545831261395658}
-----------------------
Epoch 29/100
Training statistic: Loss: 0.3611, train_score: {'accuracy': 0.9177644814204317, 'balanced_accuracy': 0.9126612838029933, 'f1_macro': 0.914605585029433, 'f1_micro': 0.9177644814204317, 'f1_weighted': 0.9177453539418123, 'precision_macro': 0.9170175298300199, 'precision_micro': 0.9177644814204317, 'precision_weighted': 0.9180484197404599, 'recall_macro': 0.9126612838029933, 'recall_micro': 0.9177644814204317, 'recall_weighted': 0.9177644814204317}
Validation statistic: Loss: 0.1724, dev_score: {'accuracy': 0.9565721863086358, 'balanced_accuracy': 0.9559650122438607, 'f1_macro': 0.9561063113776707, 'f1_micro': 0.9565721863086358, 'f1_weighted': 0.9565746532731854, 'precision_macro': 0.9567814545362726, 'precision_micro': 0.9565721863086358, 'precision_weighted': 0.9570994741710943, 'recall_macro': 0.9559650122438607, 'recall_micro': 0.9565721863086358, 'recall_weighted': 0.9565721863086358}
Saving model...
Model saved!
-------------------------------------------
-----------------------
Epoch 30/100
Training statistic: Loss: 0.3597, train_score: {'accuracy': 0.9204122159201527, 'balanced_accuracy': 0.9144663788932043, 'f1_macro': 0.9170231222985766, 'f1_micro': 0.9204122159201527, 'f1_weighted': 0.9203430330128719, 'precision_macro': 0.9201221199969059, 'precision_micro': 0.9204122159201527, 'precision_weighted': 0.9206432075137183, 'recall_macro': 0.9144663788932043, 'recall_micro': 0.9204122159201527, 'recall_weighted': 0.9204122159201527}
Validation statistic: Loss: 0.1763, dev_score: {'accuracy': 0.9549146361677441, 'balanced_accuracy': 0.9541902708028799, 'f1_macro': 0.9543377109456548, 'f1_micro': 0.9549146361677441, 'f1_weighted': 0.954864146966665, 'precision_macro': 0.9548531939423561, 'precision_micro': 0.9549146361677441, 'precision_weighted': 0.9551697421188834, 'recall_macro': 0.9541902708028799, 'recall_micro': 0.9549146361677441, 'recall_weighted': 0.9549146361677441}
-----------------------
Epoch 31/100
Training statistic: Loss: 0.3492, train_score: {'accuracy': 0.9206912663698781, 'balanced_accuracy': 0.9148696860911605, 'f1_macro': 0.917467070787765, 'f1_micro': 0.9206912663698781, 'f1_weighted': 0.9205887229059676, 'precision_macro': 0.9206927027847767, 'precision_micro': 0.9206912663698781, 'precision_weighted': 0.9208874251991946, 'recall_macro': 0.9148696860911605, 'recall_micro': 0.9206912663698781, 'recall_weighted': 0.9206912663698781}
Validation statistic: Loss: 0.1726, dev_score: {'accuracy': 0.9552461461959224, 'balanced_accuracy': 0.9547200123503506, 'f1_macro': 0.95479714960231, 'f1_micro': 0.9552461461959224, 'f1_weighted': 0.9552508444268626, 'precision_macro': 0.9552946501722888, 'precision_micro': 0.9552461461959224, 'precision_weighted': 0.9556689029044235, 'recall_macro': 0.9547200123503506, 'recall_micro': 0.9552461461959224, 'recall_weighted': 0.9552461461959224}
-----------------------
Epoch 32/100
Training statistic: Loss: 0.3568, train_score: {'accuracy': 0.9222033304346697, 'balanced_accuracy': 0.916832991198777, 'f1_macro': 0.919241671314943, 'f1_micro': 0.9222033304346697, 'f1_weighted': 0.9221181618551539, 'precision_macro': 0.922327963098323, 'precision_micro': 0.9222033304346697, 'precision_weighted': 0.9224311137810626, 'recall_macro': 0.916832991198777, 'recall_micro': 0.9222033304346697, 'recall_weighted': 0.9222033304346697}
Validation statistic: Loss: 0.1755, dev_score: {'accuracy': 0.95773247140726, 'balanced_accuracy': 0.957045530301202, 'f1_macro': 0.9571542621308066, 'f1_micro': 0.95773247140726, 'f1_weighted': 0.9577290801352472, 'precision_macro': 0.9577471470902539, 'precision_micro': 0.95773247140726, 'precision_weighted': 0.9582056396019082, 'recall_macro': 0.957045530301202, 'recall_micro': 0.95773247140726, 'recall_weighted': 0.95773247140726}
-----------------------
Epoch 33/100
Training statistic: Loss: 0.3456, train_score: {'accuracy': 0.9232935740522019, 'balanced_accuracy': 0.9179676181564533, 'f1_macro': 0.9205467633728392, 'f1_micro': 0.9232935740522019, 'f1_weighted': 0.9232849256237329, 'precision_macro': 0.9237678275988562, 'precision_micro': 0.9232935740522019, 'precision_weighted': 0.9236933181069228, 'recall_macro': 0.9179676181564533, 'recall_micro': 0.9232935740522019, 'recall_weighted': 0.9232935740522019}
Validation statistic: Loss: 0.1764, dev_score: {'accuracy': 0.9564064312945466, 'balanced_accuracy': 0.9559039333563735, 'f1_macro': 0.9559960961359639, 'f1_micro': 0.9564064312945466, 'f1_weighted': 0.9564517339728891, 'precision_macro': 0.9565711302803152, 'precision_micro': 0.9564064312945466, 'precision_weighted': 0.9569816886003065, 'recall_macro': 0.9559039333563735, 'recall_micro': 0.9564064312945466, 'recall_weighted': 0.9564064312945466}
-----------------------
Epoch 34/100
Training statistic: Loss: 0.3411, train_score: {'accuracy': 0.9243319013069944, 'balanced_accuracy': 0.9197861126447057, 'f1_macro': 0.9218633990719833, 'f1_micro': 0.9243319013069944, 'f1_weighted': 0.9243441025075986, 'precision_macro': 0.9244352956544575, 'precision_micro': 0.9243319013069944, 'precision_weighted': 0.9247388615321318, 'recall_macro': 0.9197861126447057, 'recall_micro': 0.9243319013069944, 'recall_weighted': 0.9243319013069944}
Validation statistic: Loss: 0.1631, dev_score: {'accuracy': 0.9564064312945466, 'balanced_accuracy': 0.9558756858101771, 'f1_macro': 0.9559503310793191, 'f1_micro': 0.9564064312945466, 'f1_weighted': 0.9564204217746262, 'precision_macro': 0.9563162592067455, 'precision_micro': 0.9564064312945466, 'precision_weighted': 0.9567276676218344, 'recall_macro': 0.9558756858101771, 'recall_micro': 0.9564064312945466, 'recall_weighted': 0.9564064312945466}
Saving model...
Model saved!
-------------------------------------------
-----------------------
Epoch 35/100
Training statistic: Loss: 0.3352, train_score: {'accuracy': 0.9266032421768531, 'balanced_accuracy': 0.9223566539896112, 'f1_macro': 0.9239144214319943, 'f1_micro': 0.9266032421768531, 'f1_weighted': 0.9266496930094027, 'precision_macro': 0.9257085604006772, 'precision_micro': 0.9266032421768531, 'precision_weighted': 0.9268724777220568, 'recall_macro': 0.9223566539896112, 'recall_micro': 0.9266032421768531, 'recall_weighted': 0.9266032421768531}
Validation statistic: Loss: 0.1616, dev_score: {'accuracy': 0.9585612464777059, 'balanced_accuracy': 0.9579503853582942, 'f1_macro': 0.9581620835527843, 'f1_micro': 0.9585612464777059, 'f1_weighted': 0.958587886939737, 'precision_macro': 0.9586720049954962, 'precision_micro': 0.9585612464777059, 'precision_weighted': 0.9589145235269549, 'recall_macro': 0.9579503853582942, 'recall_micro': 0.9585612464777059, 'recall_weighted': 0.9585612464777059}
Saving model...
Model saved!
-------------------------------------------
-----------------------
Epoch 36/100
Training statistic: Loss: 0.3353, train_score: {'accuracy': 0.9274144353446597, 'balanced_accuracy': 0.9232945572026395, 'f1_macro': 0.9244882784084834, 'f1_micro': 0.9274144353446597, 'f1_weighted': 0.9274478543481478, 'precision_macro': 0.9260077684481349, 'precision_micro': 0.9274144353446597, 'precision_weighted': 0.9277542942556394, 'recall_macro': 0.9232945572026395, 'recall_micro': 0.9274144353446597, 'recall_weighted': 0.9274144353446597}
Validation statistic: Loss: 0.1671, dev_score: {'accuracy': 0.9585612464777059, 'balanced_accuracy': 0.9579936022181309, 'f1_macro': 0.9581571405950801, 'f1_micro': 0.9585612464777059, 'f1_weighted': 0.9585902063094754, 'precision_macro': 0.9587049093616127, 'precision_micro': 0.9585612464777059, 'precision_weighted': 0.959008325291862, 'recall_macro': 0.9579936022181309, 'recall_micro': 0.9585612464777059, 'recall_weighted': 0.9585612464777059}
-----------------------
Epoch 37/100
Training statistic: Loss: 0.3362, train_score: {'accuracy': 0.9267849494464417, 'balanced_accuracy': 0.9227356306075543, 'f1_macro': 0.9239789664413205, 'f1_micro': 0.9267849494464417, 'f1_weighted': 0.9268037714959668, 'precision_macro': 0.9256654557691348, 'precision_micro': 0.9267849494464417, 'precision_weighted': 0.9271478374833173, 'recall_macro': 0.9227356306075543, 'recall_micro': 0.9267849494464417, 'recall_weighted': 0.9267849494464417}
Validation statistic: Loss: 0.1633, dev_score: {'accuracy': 0.9580639814354385, 'balanced_accuracy': 0.9575492596301602, 'f1_macro': 0.9576836588887818, 'f1_micro': 0.9580639814354385, 'f1_weighted': 0.9580592932664106, 'precision_macro': 0.9581711183325302, 'precision_micro': 0.9580639814354385, 'precision_weighted': 0.9584140593618589, 'recall_macro': 0.9575492596301602, 'recall_micro': 0.9580639814354385, 'recall_weighted': 0.9580639814354385}
-----------------------
Epoch 38/100
Training statistic: Loss: 0.3297, train_score: {'accuracy': 0.9292185289498618, 'balanced_accuracy': 0.9237951533482789, 'f1_macro': 0.9269015405542527, 'f1_micro': 0.9292185289498618, 'f1_weighted': 0.9291775428328921, 'precision_macro': 0.9305202256597858, 'precision_micro': 0.9292185289498618, 'precision_weighted': 0.9294472539647444, 'recall_macro': 0.9237951533482789, 'recall_micro': 0.9292185289498618, 'recall_weighted': 0.9292185289498618}
Validation statistic: Loss: 0.1597, dev_score: {'accuracy': 0.9598872865904193, 'balanced_accuracy': 0.9593017742689401, 'f1_macro': 0.9594584377819956, 'f1_micro': 0.9598872865904193, 'f1_weighted': 0.9598787358595428, 'precision_macro': 0.9600167536289508, 'precision_micro': 0.9598872865904193, 'precision_weighted': 0.9602790301553682, 'recall_macro': 0.9593017742689401, 'recall_micro': 0.9598872865904193, 'recall_weighted': 0.9598872865904193}
Saving model...
Model saved!
-------------------------------------------
-----------------------
Epoch 39/100
Training statistic: Loss: 0.3281, train_score: {'accuracy': 0.9295300271262995, 'balanced_accuracy': 0.9254056344237561, 'f1_macro': 0.9273648941169377, 'f1_micro': 0.9295300271262995, 'f1_weighted': 0.9295461299337678, 'precision_macro': 0.9299913831551601, 'precision_micro': 0.9295300271262995, 'precision_weighted': 0.930149965974186, 'recall_macro': 0.9254056344237561, 'recall_micro': 0.9295300271262995, 'recall_weighted': 0.9295300271262995}
Validation statistic: Loss: 0.1540, dev_score: {'accuracy': 0.9608818166749544, 'balanced_accuracy': 0.960472716960504, 'f1_macro': 0.9605762330491169, 'f1_micro': 0.9608818166749544, 'f1_weighted': 0.9609040669599881, 'precision_macro': 0.9610355055185943, 'precision_micro': 0.9608818166749544, 'precision_weighted': 0.9612912019380113, 'recall_macro': 0.960472716960504, 'recall_micro': 0.9608818166749544, 'recall_weighted': 0.9608818166749544}
Saving model...
Model saved!
-------------------------------------------
-----------------------
Epoch 40/100
Training statistic: Loss: 0.3232, train_score: {'accuracy': 0.9307565511960232, 'balanced_accuracy': 0.9262189824033648, 'f1_macro': 0.9283534572982838, 'f1_micro': 0.9307565511960232, 'f1_weighted': 0.9307468481419118, 'precision_macro': 0.9309711463927062, 'precision_micro': 0.9307565511960232, 'precision_weighted': 0.9310323423847738, 'recall_macro': 0.9262189824033648, 'recall_micro': 0.9307565511960232, 'recall_weighted': 0.9307565511960232}
Validation statistic: Loss: 0.1579, dev_score: {'accuracy': 0.9618763467594895, 'balanced_accuracy': 0.9614311625420303, 'f1_macro': 0.9614997911824255, 'f1_micro': 0.9618763467594895, 'f1_weighted': 0.9618940966787598, 'precision_macro': 0.9619115077088114, 'precision_micro': 0.9618763467594895, 'precision_weighted': 0.9622591098896264, 'recall_macro': 0.9614311625420303, 'recall_micro': 0.9618763467594895, 'recall_weighted': 0.9618763467594895}
-----------------------
Epoch 41/100
Training statistic: Loss: 0.3159, train_score: {'accuracy': 0.9335405661479357, 'balanced_accuracy': 0.9297185151851666, 'f1_macro': 0.9312069306921453, 'f1_micro': 0.9335405661479357, 'f1_weighted': 0.9336206360105532, 'precision_macro': 0.9333070378652039, 'precision_micro': 0.9335405661479357, 'precision_weighted': 0.9341140182981233, 'recall_macro': 0.9297185151851666, 'recall_micro': 0.9335405661479357, 'recall_weighted': 0.9335405661479357}
Validation statistic: Loss: 0.1470, dev_score: {'accuracy': 0.9618763467594895, 'balanced_accuracy': 0.9612894219226222, 'f1_macro': 0.9614743116580362, 'f1_micro': 0.9618763467594895, 'f1_weighted': 0.9619065024477549, 'precision_macro': 0.9619452808385118, 'precision_micro': 0.9618763467594895, 'precision_weighted': 0.9622206981151111, 'recall_macro': 0.9612894219226222, 'recall_micro': 0.9618763467594895, 'recall_weighted': 0.9618763467594895}
Saving model...
Model saved!
-------------------------------------------
-----------------------
Epoch 42/100
Training statistic: Loss: 0.3180, train_score: {'accuracy': 0.933345879787662, 'balanced_accuracy': 0.9301580652710462, 'f1_macro': 0.9311107212167666, 'f1_micro': 0.933345879787662, 'f1_weighted': 0.9333376823119686, 'precision_macro': 0.93223567055356, 'precision_micro': 0.933345879787662, 'precision_weighted': 0.9334551859022802, 'recall_macro': 0.9301580652710462, 'recall_micro': 0.933345879787662, 'recall_weighted': 0.933345879787662}
Validation statistic: Loss: 0.1477, dev_score: {'accuracy': 0.9610475716890436, 'balanced_accuracy': 0.9605075955929182, 'f1_macro': 0.960669755015241, 'f1_micro': 0.9610475716890436, 'f1_weighted': 0.9610514206359034, 'precision_macro': 0.9610251726963364, 'precision_micro': 0.9610475716890436, 'precision_weighted': 0.9612480322017126, 'recall_macro': 0.9605075955929182, 'recall_micro': 0.9610475716890436, 'recall_weighted': 0.9610475716890436}
-----------------------
Epoch 43/100
Training statistic: Loss: 0.3149, train_score: {'accuracy': 0.9315807234545148, 'balanced_accuracy': 0.9288171256793017, 'f1_macro': 0.9290670341985893, 'f1_micro': 0.9315807234545148, 'f1_weighted': 0.9316696889324864, 'precision_macro': 0.9298003506567116, 'precision_micro': 0.9315807234545148, 'precision_weighted': 0.93213527974537, 'recall_macro': 0.9288171256793017, 'recall_micro': 0.9315807234545148, 'recall_weighted': 0.9315807234545148}
Validation statistic: Loss: 0.1473, dev_score: {'accuracy': 0.9618763467594895, 'balanced_accuracy': 0.9613278678439391, 'f1_macro': 0.9615441314979517, 'f1_micro': 0.9618763467594895, 'f1_weighted': 0.9618974107414745, 'precision_macro': 0.9620560127119449, 'precision_micro': 0.9618763467594895, 'precision_weighted': 0.9622169940464226, 'recall_macro': 0.9613278678439391, 'recall_micro': 0.9618763467594895, 'recall_weighted': 0.9618763467594895}
-----------------------
Epoch 44/100
Training statistic: Loss: 0.3161, train_score: {'accuracy': 0.9346437888561527, 'balanced_accuracy': 0.9307974145695734, 'f1_macro': 0.9319409445538103, 'f1_micro': 0.9346437888561527, 'f1_weighted': 0.9346792144760636, 'precision_macro': 0.9333986031057988, 'precision_micro': 0.9346437888561527, 'precision_weighted': 0.9349405608515631, 'recall_macro': 0.9307974145695734, 'recall_micro': 0.9346437888561527, 'recall_weighted': 0.9346437888561527}
Validation statistic: Loss: 0.1528, dev_score: {'accuracy': 0.9617105917454003, 'balanced_accuracy': 0.9609944816135986, 'f1_macro': 0.9612478096282647, 'f1_micro': 0.9617105917454003, 'f1_weighted': 0.9616844819762785, 'precision_macro': 0.9617925868190482, 'precision_micro': 0.9617105917454003, 'precision_weighted': 0.9619425120563658, 'recall_macro': 0.9609944816135986, 'recall_micro': 0.9617105917454003, 'recall_weighted': 0.9617105917454003}
-----------------------
Epoch 45/100
Training statistic: Loss: 0.3078, train_score: {'accuracy': 0.9348839020338235, 'balanced_accuracy': 0.9311747995528309, 'f1_macro': 0.9322561252558973, 'f1_micro': 0.9348839020338235, 'f1_weighted': 0.9349291114787764, 'precision_macro': 0.933918156228289, 'precision_micro': 0.9348839020338235, 'precision_weighted': 0.9353900281236505, 'recall_macro': 0.9311747995528309, 'recall_micro': 0.9348839020338235, 'recall_weighted': 0.9348839020338235}
Validation statistic: Loss: 0.1497, dev_score: {'accuracy': 0.9615448367313111, 'balanced_accuracy': 0.9609706660755236, 'f1_macro': 0.9611276386128639, 'f1_micro': 0.9615448367313111, 'f1_weighted': 0.9615775158040076, 'precision_macro': 0.9615236121200341, 'precision_micro': 0.9615448367313111, 'precision_weighted': 0.9618465140037125, 'recall_macro': 0.9609706660755236, 'recall_micro': 0.9615448367313111, 'recall_weighted': 0.9615448367313111}
-----------------------
Epoch 46/100
Training statistic: Loss: 0.3108, train_score: {'accuracy': 0.9354874297506717, 'balanced_accuracy': 0.9307928724965604, 'f1_macro': 0.9329154190229417, 'f1_micro': 0.9354874297506717, 'f1_weighted': 0.9354478850816549, 'precision_macro': 0.9354143466424383, 'precision_micro': 0.9354874297506717, 'precision_weighted': 0.9356496041552923, 'recall_macro': 0.9307928724965604, 'recall_micro': 0.9354874297506717, 'recall_weighted': 0.9354874297506717}
Validation statistic: Loss: 0.1544, dev_score: {'accuracy': 0.9600530416045086, 'balanced_accuracy': 0.9597114182106224, 'f1_macro': 0.9597302623278152, 'f1_micro': 0.9600530416045086, 'f1_weighted': 0.96005019696785, 'precision_macro': 0.9600971366435033, 'precision_micro': 0.9600530416045086, 'precision_weighted': 0.9603942707313682, 'recall_macro': 0.9597114182106224, 'recall_micro': 0.9600530416045086, 'recall_weighted': 0.9600530416045086}
-----------------------
Epoch 47/100
Training statistic: Loss: 0.3097, train_score: {'accuracy': 0.9381221851597077, 'balanced_accuracy': 0.9338807897134801, 'f1_macro': 0.9356092179006641, 'f1_micro': 0.9381221851597077, 'f1_weighted': 0.9381101806611856, 'precision_macro': 0.9374804535832626, 'precision_micro': 0.9381221851597077, 'precision_weighted': 0.9382305809828765, 'recall_macro': 0.9338807897134801, 'recall_micro': 0.9381221851597077, 'recall_weighted': 0.9381221851597077}
Validation statistic: Loss: 0.1532, dev_score: {'accuracy': 0.9617105917454003, 'balanced_accuracy': 0.9613025789122138, 'f1_macro': 0.9613273218349108, 'f1_micro': 0.9617105917454003, 'f1_weighted': 0.9617431090410314, 'precision_macro': 0.9615306565277463, 'precision_micro': 0.9617105917454003, 'precision_weighted': 0.9619515881576088, 'recall_macro': 0.9613025789122138, 'recall_micro': 0.9617105917454003, 'recall_weighted': 0.9617105917454003}
-----------------------
Epoch 48/100
Training statistic: Loss: 0.3077, train_score: {'accuracy': 0.9393876465014861, 'balanced_accuracy': 0.935067833899571, 'f1_macro': 0.937217382726069, 'f1_micro': 0.9393876465014861, 'f1_weighted': 0.9393567000824489, 'precision_macro': 0.939549973009167, 'precision_micro': 0.9393876465014861, 'precision_weighted': 0.9394669590138814, 'recall_macro': 0.935067833899571, 'recall_micro': 0.9393876465014861, 'recall_weighted': 0.9393876465014861}
Validation statistic: Loss: 0.1522, dev_score: {'accuracy': 0.9617105917454003, 'balanced_accuracy': 0.9611887888020773, 'f1_macro': 0.9612997431918495, 'f1_micro': 0.9617105917454003, 'f1_weighted': 0.9617096452781003, 'precision_macro': 0.9616657427807075, 'precision_micro': 0.9617105917454003, 'precision_weighted': 0.96196577839254, 'recall_macro': 0.9611887888020773, 'recall_micro': 0.9617105917454003, 'recall_weighted': 0.9617105917454003}
-----------------------
Epoch 49/100
Training statistic: Loss: 0.3031, train_score: {'accuracy': 0.9361234051942321, 'balanced_accuracy': 0.9313071926043419, 'f1_macro': 0.9339119127729099, 'f1_micro': 0.9361234051942321, 'f1_weighted': 0.9361157120720945, 'precision_macro': 0.936947214864895, 'precision_micro': 0.9361234051942321, 'precision_weighted': 0.9363983762331957, 'recall_macro': 0.9313071926043419, 'recall_micro': 0.9361234051942321, 'recall_weighted': 0.9361234051942321}
Validation statistic: Loss: 0.1550, dev_score: {'accuracy': 0.9600530416045086, 'balanced_accuracy': 0.9596358262167577, 'f1_macro': 0.9596856838690929, 'f1_micro': 0.9600530416045086, 'f1_weighted': 0.9600850009696407, 'precision_macro': 0.9600377777302596, 'precision_micro': 0.9600530416045086, 'precision_weighted': 0.9604181841081596, 'recall_macro': 0.9596358262167577, 'recall_micro': 0.9600530416045086, 'recall_weighted': 0.9600530416045086}
-----------------------
Epoch 50/100
Training statistic: Loss: 0.3050, train_score: {'accuracy': 0.9397899983127183, 'balanced_accuracy': 0.9371260205365802, 'f1_macro': 0.9375622169023347, 'f1_micro': 0.9397899983127183, 'f1_weighted': 0.9398091143825962, 'precision_macro': 0.9381800943874772, 'precision_micro': 0.9397899983127183, 'precision_weighted': 0.9399879151494192, 'recall_macro': 0.9371260205365802, 'recall_micro': 0.9397899983127183, 'recall_weighted': 0.9397899983127183}
Validation statistic: Loss: 0.1562, dev_score: {'accuracy': 0.9598872865904193, 'balanced_accuracy': 0.9595334145255172, 'f1_macro': 0.9595579111260448, 'f1_micro': 0.9598872865904193, 'f1_weighted': 0.9599170368729936, 'precision_macro': 0.959960748209617, 'precision_micro': 0.9598872865904193, 'precision_weighted': 0.9603350299452831, 'recall_macro': 0.9595334145255172, 'recall_micro': 0.9598872865904193, 'recall_weighted': 0.9598872865904193}
-----------------------
Epoch 51/100
Training statistic: Loss: 0.3028, train_score: {'accuracy': 0.9397640401313484, 'balanced_accuracy': 0.9371620061671342, 'f1_macro': 0.9375966042382448, 'f1_micro': 0.9397640401313484, 'f1_weighted': 0.9398005476035216, 'precision_macro': 0.9383649543313404, 'precision_micro': 0.9397640401313484, 'precision_weighted': 0.9401398202993639, 'recall_macro': 0.9371620061671342, 'recall_micro': 0.9397640401313484, 'recall_weighted': 0.9397640401313484}
Validation statistic: Loss: 0.1513, dev_score: {'accuracy': 0.9615448367313111, 'balanced_accuracy': 0.9611361009306855, 'f1_macro': 0.9612054997694965, 'f1_micro': 0.9615448367313111, 'f1_weighted': 0.9615598021568411, 'precision_macro': 0.9615928661176307, 'precision_micro': 0.9615448367313111, 'precision_weighted': 0.9618896701388026, 'recall_macro': 0.9611361009306855, 'recall_micro': 0.9615448367313111, 'recall_weighted': 0.9615448367313111}
-----------------------
Epoch 52/100
Training statistic: Loss: 0.2996, train_score: {'accuracy': 0.9400885173984711, 'balanced_accuracy': 0.936204457004669, 'f1_macro': 0.9376331073700287, 'f1_micro': 0.9400885173984711, 'f1_weighted': 0.9400645560000799, 'precision_macro': 0.939384546648412, 'precision_micro': 0.9400885173984711, 'precision_weighted': 0.9402674699136928, 'recall_macro': 0.936204457004669, 'recall_micro': 0.9400885173984711, 'recall_weighted': 0.9400885173984711}
Validation statistic: Loss: 0.1554, dev_score: {'accuracy': 0.9597215315763302, 'balanced_accuracy': 0.9594282675113576, 'f1_macro': 0.9593641159408142, 'f1_micro': 0.9597215315763302, 'f1_weighted': 0.9597553506968781, 'precision_macro': 0.9596408308783934, 'precision_micro': 0.9597215315763302, 'precision_weighted': 0.9601262099888055, 'recall_macro': 0.9594282675113576, 'recall_micro': 0.9597215315763302, 'recall_weighted': 0.9597215315763302}
-----------------------
Epoch 53/100
Training statistic: Loss: 0.3019, train_score: {'accuracy': 0.9408932210209353, 'balanced_accuracy': 0.937682939688863, 'f1_macro': 0.9384054202582768, 'f1_micro': 0.9408932210209353, 'f1_weighted': 0.9408943351712235, 'precision_macro': 0.9394213763950624, 'precision_micro': 0.9408932210209353, 'precision_weighted': 0.9410987563379679, 'recall_macro': 0.937682939688863, 'recall_micro': 0.9408932210209353, 'recall_weighted': 0.9408932210209353}
Validation statistic: Loss: 0.1641, dev_score: {'accuracy': 0.9607160616608652, 'balanced_accuracy': 0.9602914294616021, 'f1_macro': 0.9603157540861863, 'f1_micro': 0.9607160616608652, 'f1_weighted': 0.9607725545034594, 'precision_macro': 0.9606771442702231, 'precision_micro': 0.9607160616608652, 'precision_weighted': 0.9611549500184733, 'recall_macro': 0.9602914294616021, 'recall_micro': 0.9607160616608652, 'recall_weighted': 0.9607160616608652}
-----------------------
Epoch 54/100
Training statistic: Loss: 0.2956, train_score: {'accuracy': 0.941704414188742, 'balanced_accuracy': 0.9380827318438296, 'f1_macro': 0.9393466849844915, 'f1_micro': 0.941704414188742, 'f1_weighted': 0.9416871593380761, 'precision_macro': 0.9409131541670233, 'precision_micro': 0.941704414188742, 'precision_weighted': 0.9418468391876017, 'recall_macro': 0.9380827318438296, 'recall_micro': 0.941704414188742, 'recall_weighted': 0.941704414188742}
Validation statistic: Loss: 0.1533, dev_score: {'accuracy': 0.9602187966185977, 'balanced_accuracy': 0.9597626931064112, 'f1_macro': 0.9598843585711542, 'f1_micro': 0.9602187966185977, 'f1_weighted': 0.9602752674193347, 'precision_macro': 0.9603299594716963, 'precision_micro': 0.9602187966185977, 'precision_weighted': 0.9606458947983262, 'recall_macro': 0.9597626931064112, 'recall_micro': 0.9602187966185977, 'recall_weighted': 0.9602187966185977}
-----------------------
Epoch 55/100
Training statistic: Loss: 0.2949, train_score: {'accuracy': 0.9410100328370994, 'balanced_accuracy': 0.9373658058701894, 'f1_macro': 0.9388343359420587, 'f1_micro': 0.9410100328370994, 'f1_weighted': 0.9409968385127454, 'precision_macro': 0.9406522656103735, 'precision_micro': 0.9410100328370994, 'precision_weighted': 0.9412129336822268, 'recall_macro': 0.9373658058701894, 'recall_micro': 0.9410100328370994, 'recall_weighted': 0.9410100328370994}
Validation statistic: Loss: 0.1558, dev_score: {'accuracy': 0.9610475716890436, 'balanced_accuracy': 0.9605069204858985, 'f1_macro': 0.9606047821402173, 'f1_micro': 0.9610475716890436, 'f1_weighted': 0.9610906851841551, 'precision_macro': 0.9609431445578436, 'precision_micro': 0.9610475716890436, 'precision_weighted': 0.9613736263786994, 'recall_macro': 0.9605069204858985, 'recall_micro': 0.9610475716890436, 'recall_weighted': 0.9610475716890436}
-----------------------
Epoch 56/100
Training statistic: Loss: 0.2938, train_score: {'accuracy': 0.9412696146507976, 'balanced_accuracy': 0.9377332009036886, 'f1_macro': 0.9390103108184519, 'f1_micro': 0.9412696146507976, 'f1_weighted': 0.9412702427830105, 'precision_macro': 0.9405089932739829, 'precision_micro': 0.9412696146507976, 'precision_weighted': 0.9414607955129981, 'recall_macro': 0.9377332009036886, 'recall_micro': 0.9412696146507976, 'recall_weighted': 0.9412696146507976}
Validation statistic: Loss: 0.1640, dev_score: {'accuracy': 0.9582297364495276, 'balanced_accuracy': 0.957387614262705, 'f1_macro': 0.9577168921408974, 'f1_micro': 0.9582297364495276, 'f1_weighted': 0.9582805084836354, 'precision_macro': 0.9584630007115749, 'precision_micro': 0.9582297364495276, 'precision_weighted': 0.9587395983712265, 'recall_macro': 0.957387614262705, 'recall_micro': 0.9582297364495276, 'recall_weighted': 0.9582297364495276}
-----------------------
Epoch 57/100
Training statistic: Loss: 0.2921, train_score: {'accuracy': 0.9431775409814789, 'balanced_accuracy': 0.9387103990050317, 'f1_macro': 0.9407292540539167, 'f1_micro': 0.9431775409814789, 'f1_weighted': 0.9431996055755035, 'precision_macro': 0.943169062266049, 'precision_micro': 0.9431775409814789, 'precision_weighted': 0.9435195242661099, 'recall_macro': 0.9387103990050317, 'recall_micro': 0.9431775409814789, 'recall_weighted': 0.9431775409814789}
Validation statistic: Loss: 0.1620, dev_score: {'accuracy': 0.9583954914636168, 'balanced_accuracy': 0.9578862077380478, 'f1_macro': 0.9579275141972532, 'f1_micro': 0.9583954914636168, 'f1_weighted': 0.9584683434388435, 'precision_macro': 0.9583079034450975, 'precision_micro': 0.9583954914636168, 'precision_weighted': 0.9588721376858445, 'recall_macro': 0.9578862077380478, 'recall_micro': 0.9583954914636168, 'recall_weighted': 0.9583954914636168}
-----------------------
Epoch 58/100
Training statistic: Loss: 0.2889, train_score: {'accuracy': 0.9440211818759978, 'balanced_accuracy': 0.9395669383190508, 'f1_macro': 0.9415578146662222, 'f1_micro': 0.9440211818759978, 'f1_weighted': 0.9440360105894223, 'precision_macro': 0.9441418450422443, 'precision_micro': 0.9440211818759978, 'precision_weighted': 0.944495171395079, 'recall_macro': 0.9395669383190508, 'recall_micro': 0.9440211818759978, 'recall_weighted': 0.9440211818759978}
Validation statistic: Loss: 0.1524, dev_score: {'accuracy': 0.9587270014917951, 'balanced_accuracy': 0.9581026249407574, 'f1_macro': 0.9582107174420658, 'f1_micro': 0.9587270014917951, 'f1_weighted': 0.9587849072043486, 'precision_macro': 0.9587301014613907, 'precision_micro': 0.9587270014917951, 'precision_weighted': 0.9592498647323979, 'recall_macro': 0.9581026249407574, 'recall_micro': 0.9587270014917951, 'recall_weighted': 0.9587270014917951}
-----------------------
Epoch 59/100
Training statistic: Loss: 0.2933, train_score: {'accuracy': 0.9431386037094242, 'balanced_accuracy': 0.9373416883909609, 'f1_macro': 0.9402736956520918, 'f1_micro': 0.9431386037094242, 'f1_weighted': 0.9430861851615435, 'precision_macro': 0.9434861585170952, 'precision_micro': 0.9431386037094242, 'precision_weighted': 0.9432189448152245, 'recall_macro': 0.9373416883909609, 'recall_micro': 0.9431386037094242, 'recall_weighted': 0.9431386037094242}
Validation statistic: Loss: 0.1657, dev_score: {'accuracy': 0.9585612464777059, 'balanced_accuracy': 0.9582244683609769, 'f1_macro': 0.9582326925600604, 'f1_micro': 0.9585612464777059, 'f1_weighted': 0.95862389646229, 'precision_macro': 0.9587930782267241, 'precision_micro': 0.9585612464777059, 'precision_weighted': 0.9592233745322644, 'recall_macro': 0.9582244683609769, 'recall_micro': 0.9585612464777059, 'recall_weighted': 0.9585612464777059}
-----------------------
Epoch 60/100
Training statistic: Loss: 0.2852, train_score: {'accuracy': 0.946344439108596, 'balanced_accuracy': 0.9427609234351211, 'f1_macro': 0.9439169455594179, 'f1_micro': 0.946344439108596, 'f1_weighted': 0.9463498118996672, 'precision_macro': 0.9452840209081608, 'precision_micro': 0.946344439108596, 'precision_weighted': 0.9464997654042173, 'recall_macro': 0.9427609234351211, 'recall_micro': 0.946344439108596, 'recall_weighted': 0.946344439108596}
Validation statistic: Loss: 0.1506, dev_score: {'accuracy': 0.9602187966185977, 'balanced_accuracy': 0.9596489683108682, 'f1_macro': 0.9598060304356221, 'f1_micro': 0.9602187966185977, 'f1_weighted': 0.9602755635169987, 'precision_macro': 0.9602970338349983, 'precision_micro': 0.9602187966185977, 'precision_weighted': 0.9606638209482142, 'recall_macro': 0.9596489683108682, 'recall_micro': 0.9602187966185977, 'recall_weighted': 0.9602187966185977}
-----------------------
Epoch 61/100
Training statistic: Loss: 0.2829, train_score: {'accuracy': 0.945383986397913, 'balanced_accuracy': 0.9410580290126994, 'f1_macro': 0.9434274595027338, 'f1_micro': 0.945383986397913, 'f1_weighted': 0.9453654888406519, 'precision_macro': 0.9460956691719945, 'precision_micro': 0.945383986397913, 'precision_weighted': 0.9455560049959403, 'recall_macro': 0.9410580290126994, 'recall_micro': 0.945383986397913, 'recall_weighted': 0.945383986397913}
Validation statistic: Loss: 0.1575, dev_score: {'accuracy': 0.9585612464777059, 'balanced_accuracy': 0.958014616968873, 'f1_macro': 0.9580736381986462, 'f1_micro': 0.9585612464777059, 'f1_weighted': 0.9585667660308684, 'precision_macro': 0.9586103315352805, 'precision_micro': 0.9585612464777059, 'precision_weighted': 0.9590468155214362, 'recall_macro': 0.958014616968873, 'recall_micro': 0.9585612464777059, 'recall_weighted': 0.9585612464777059}
-----------------------
Epoch 62/100
Training statistic: Loss: 0.2751, train_score: {'accuracy': 0.9472270172751697, 'balanced_accuracy': 0.9435413860934296, 'f1_macro': 0.9449347673440878, 'f1_micro': 0.9472270172751697, 'f1_weighted': 0.9472216533829988, 'precision_macro': 0.9467229176181933, 'precision_micro': 0.9472270172751697, 'precision_weighted': 0.9474857157598274, 'recall_macro': 0.9435413860934296, 'recall_micro': 0.9472270172751697, 'recall_weighted': 0.9472270172751697}
Validation statistic: Loss: 0.1484, dev_score: {'accuracy': 0.9608818166749544, 'balanced_accuracy': 0.9604319525491704, 'f1_macro': 0.9604881739661273, 'f1_micro': 0.9608818166749544, 'f1_weighted': 0.9609335089162059, 'precision_macro': 0.9609317082829903, 'precision_micro': 0.9608818166749544, 'precision_weighted': 0.9613705887653627, 'recall_macro': 0.9604319525491704, 'recall_micro': 0.9608818166749544, 'recall_weighted': 0.9608818166749544}
-----------------------
Epoch 63/100
Training statistic: Loss: 0.2722, train_score: {'accuracy': 0.9495697431437954, 'balanced_accuracy': 0.9472215379413319, 'f1_macro': 0.9476655774808229, 'f1_micro': 0.9495697431437954, 'f1_weighted': 0.9495639750249881, 'precision_macro': 0.9481924712250878, 'precision_micro': 0.9495697431437954, 'precision_weighted': 0.9496259157021543, 'recall_macro': 0.9472215379413319, 'recall_micro': 0.9495697431437954, 'recall_weighted': 0.9495697431437954}
Validation statistic: Loss: 0.1439, dev_score: {'accuracy': 0.9620421017735786, 'balanced_accuracy': 0.9615254913418717, 'f1_macro': 0.96164872522477, 'f1_micro': 0.9620421017735786, 'f1_weighted': 0.9620521794477368, 'precision_macro': 0.9620481197640094, 'precision_micro': 0.9620421017735786, 'precision_weighted': 0.9623398511578841, 'recall_macro': 0.9615254913418717, 'recall_micro': 0.9620421017735786, 'recall_weighted': 0.9620421017735786}
Saving model...
Model saved!
-------------------------------------------
-----------------------
Epoch 64/100
Training statistic: Loss: 0.2715, train_score: {'accuracy': 0.9490181317896869, 'balanced_accuracy': 0.9456416572648566, 'f1_macro': 0.9468555843100317, 'f1_micro': 0.9490181317896869, 'f1_weighted': 0.9490314890108148, 'precision_macro': 0.9483257472779268, 'precision_micro': 0.9490181317896869, 'precision_weighted': 0.9492171312864184, 'recall_macro': 0.9456416572648566, 'recall_micro': 0.9490181317896869, 'recall_weighted': 0.9490181317896869}
Validation statistic: Loss: 0.1455, dev_score: {'accuracy': 0.9622078567876678, 'balanced_accuracy': 0.9617917747854856, 'f1_macro': 0.9617455874366945, 'f1_micro': 0.9622078567876678, 'f1_weighted': 0.9622318600409242, 'precision_macro': 0.9619714726882054, 'precision_micro': 0.9622078567876678, 'precision_weighted': 0.9625266762071205, 'recall_macro': 0.9617917747854856, 'recall_micro': 0.9622078567876678, 'recall_weighted': 0.9622078567876678}
-----------------------
Epoch 65/100
Training statistic: Loss: 0.2639, train_score: {'accuracy': 0.9506080703985879, 'balanced_accuracy': 0.9486579838938933, 'f1_macro': 0.9485396144116927, 'f1_micro': 0.9506080703985879, 'f1_weighted': 0.9506268852808949, 'precision_macro': 0.9485275763141127, 'precision_micro': 0.9506080703985879, 'precision_weighted': 0.9507268332144572, 'recall_macro': 0.9486579838938933, 'recall_micro': 0.9506080703985879, 'recall_weighted': 0.9506080703985879}
Validation statistic: Loss: 0.1409, dev_score: {'accuracy': 0.9618763467594895, 'balanced_accuracy': 0.9613990603449324, 'f1_macro': 0.9615052482564412, 'f1_micro': 0.9618763467594895, 'f1_weighted': 0.961924228715937, 'precision_macro': 0.9619653462160909, 'precision_micro': 0.9618763467594895, 'precision_weighted': 0.9623244242491771, 'recall_macro': 0.9613990603449324, 'recall_micro': 0.9618763467594895, 'recall_weighted': 0.9618763467594895}
Saving model...
Model saved!
-------------------------------------------
-----------------------
Epoch 66/100
Training statistic: Loss: 0.2730, train_score: {'accuracy': 0.9494399522369463, 'balanced_accuracy': 0.9459843795249123, 'f1_macro': 0.9473595710337916, 'f1_micro': 0.9494399522369463, 'f1_weighted': 0.9494689861871652, 'precision_macro': 0.9489454030667337, 'precision_micro': 0.9494399522369463, 'precision_weighted': 0.9496701781171503, 'recall_macro': 0.9459843795249123, 'recall_micro': 0.9494399522369463, 'recall_weighted': 0.9494399522369463}
Validation statistic: Loss: 0.1537, dev_score: {'accuracy': 0.959555776562241, 'balanced_accuracy': 0.9590866925125198, 'f1_macro': 0.9591706933327948, 'f1_micro': 0.959555776562241, 'f1_weighted': 0.9596288144181252, 'precision_macro': 0.9598310605399597, 'precision_micro': 0.959555776562241, 'precision_weighted': 0.9602790680623948, 'recall_macro': 0.9590866925125198, 'recall_micro': 0.959555776562241, 'recall_weighted': 0.959555776562241}
-----------------------
Epoch 67/100
Training statistic: Loss: 0.2691, train_score: {'accuracy': 0.9496995340506444, 'balanced_accuracy': 0.9471934900395584, 'f1_macro': 0.9475176125598026, 'f1_micro': 0.9496995340506444, 'f1_weighted': 0.9497121475423722, 'precision_macro': 0.9481125968110208, 'precision_micro': 0.9496995340506444, 'precision_weighted': 0.9499321909094831, 'recall_macro': 0.9471934900395584, 'recall_micro': 0.9496995340506444, 'recall_weighted': 0.9496995340506444}
Validation statistic: Loss: 0.1460, dev_score: {'accuracy': 0.9615448367313111, 'balanced_accuracy': 0.9611163242730519, 'f1_macro': 0.9612037199893566, 'f1_micro': 0.9615448367313111, 'f1_weighted': 0.9615749613441201, 'precision_macro': 0.9617444833666108, 'precision_micro': 0.9615448367313111, 'precision_weighted': 0.9620599863327117, 'recall_macro': 0.9611163242730519, 'recall_micro': 0.9615448367313111, 'recall_weighted': 0.9615448367313111}
-----------------------
Epoch 68/100
Training statistic: Loss: 0.2670, train_score: {'accuracy': 0.9503549781302322, 'balanced_accuracy': 0.947531813538669, 'f1_macro': 0.9482461261453151, 'f1_micro': 0.9503549781302322, 'f1_weighted': 0.9503984888544227, 'precision_macro': 0.9490956578222975, 'precision_micro': 0.9503549781302322, 'precision_weighted': 0.9505633669558206, 'recall_macro': 0.947531813538669, 'recall_micro': 0.9503549781302322, 'recall_weighted': 0.9503549781302322}
Validation statistic: Loss: 0.1428, dev_score: {'accuracy': 0.9622078567876678, 'balanced_accuracy': 0.9618084537238454, 'f1_macro': 0.9618318639667143, 'f1_micro': 0.9622078567876678, 'f1_weighted': 0.9622351682281879, 'precision_macro': 0.9621453621651289, 'precision_micro': 0.9622078567876678, 'precision_weighted': 0.9625523203169903, 'recall_macro': 0.9618084537238454, 'recall_micro': 0.9622078567876678, 'recall_weighted': 0.9622078567876678}
-----------------------
Epoch 69/100
Training statistic: Loss: 0.2596, train_score: {'accuracy': 0.9522239671888587, 'balanced_accuracy': 0.9500526767723925, 'f1_macro': 0.9505580915555985, 'f1_micro': 0.9522239671888587, 'f1_weighted': 0.9522501481798556, 'precision_macro': 0.9511602963973388, 'precision_micro': 0.9522239671888587, 'precision_weighted': 0.9523603273450205, 'recall_macro': 0.9500526767723925, 'recall_micro': 0.9522239671888587, 'recall_weighted': 0.9522239671888587}
Validation statistic: Loss: 0.1369, dev_score: {'accuracy': 0.9622078567876678, 'balanced_accuracy': 0.9617850175964568, 'f1_macro': 0.9618518534142447, 'f1_micro': 0.9622078567876678, 'f1_weighted': 0.9622505637011718, 'precision_macro': 0.962243510965879, 'precision_micro': 0.9622078567876678, 'precision_weighted': 0.9626254424814839, 'recall_macro': 0.9617850175964568, 'recall_micro': 0.9622078567876678, 'recall_weighted': 0.9622078567876678}
Saving model...
Model saved!
-------------------------------------------
-----------------------
Epoch 70/100
Training statistic: Loss: 0.2627, train_score: {'accuracy': 0.9506015808532454, 'balanced_accuracy': 0.9471253736248434, 'f1_macro': 0.9486551276791015, 'f1_micro': 0.9506015808532454, 'f1_weighted': 0.9506192981350925, 'precision_macro': 0.95047084861589, 'precision_micro': 0.9506015808532454, 'precision_weighted': 0.9508164938057059, 'recall_macro': 0.9471253736248434, 'recall_micro': 0.9506015808532454, 'recall_weighted': 0.9506015808532454}
Validation statistic: Loss: 0.1462, dev_score: {'accuracy': 0.9615448367313111, 'balanced_accuracy': 0.9610161159072179, 'f1_macro': 0.9611254507290781, 'f1_micro': 0.9615448367313111, 'f1_weighted': 0.9615920006729785, 'precision_macro': 0.9616104605109843, 'precision_micro': 0.9615448367313111, 'precision_weighted': 0.9620133914917731, 'recall_macro': 0.9610161159072179, 'recall_micro': 0.9615448367313111, 'recall_weighted': 0.9615448367313111}
-----------------------
Epoch 71/100
Training statistic: Loss: 0.2584, train_score: {'accuracy': 0.9527690889976248, 'balanced_accuracy': 0.949862415200319, 'f1_macro': 0.9507747730943971, 'f1_micro': 0.9527690889976248, 'f1_weighted': 0.9527769876185694, 'precision_macro': 0.9518715520552679, 'precision_micro': 0.9527690889976248, 'precision_weighted': 0.9529103779958784, 'recall_macro': 0.949862415200319, 'recall_micro': 0.9527690889976248, 'recall_weighted': 0.9527690889976248}
Validation statistic: Loss: 0.1434, dev_score: {'accuracy': 0.9617105917454003, 'balanced_accuracy': 0.9612678127543282, 'f1_macro': 0.9612896635763221, 'f1_micro': 0.9617105917454003, 'f1_weighted': 0.9617526544048228, 'precision_macro': 0.9615712239105478, 'precision_micro': 0.9617105917454003, 'precision_weighted': 0.962059965714275, 'recall_macro': 0.9612678127543282, 'recall_micro': 0.9617105917454003, 'recall_weighted': 0.9617105917454003}
-----------------------
Epoch 72/100
Training statistic: Loss: 0.2614, train_score: {'accuracy': 0.9534894285306371, 'balanced_accuracy': 0.9510391520698821, 'f1_macro': 0.9516146037779338, 'f1_micro': 0.9534894285306371, 'f1_weighted': 0.9534938732593348, 'precision_macro': 0.9523144747654838, 'precision_micro': 0.9534894285306371, 'precision_weighted': 0.953590219077333, 'recall_macro': 0.9510391520698821, 'recall_micro': 0.9534894285306371, 'recall_weighted': 0.9534894285306371}
Validation statistic: Loss: 0.1390, dev_score: {'accuracy': 0.9617105917454003, 'balanced_accuracy': 0.9612014473114616, 'f1_macro': 0.9612202202214677, 'f1_micro': 0.9617105917454003, 'f1_weighted': 0.9617302284049566, 'precision_macro': 0.9615775107520917, 'precision_micro': 0.9617105917454003, 'precision_weighted': 0.9620910375437812, 'recall_macro': 0.9612014473114616, 'recall_micro': 0.9617105917454003, 'recall_weighted': 0.9617105917454003}
-----------------------
Epoch 73/100
Training statistic: Loss: 0.2603, train_score: {'accuracy': 0.9538268848884447, 'balanced_accuracy': 0.9508683243486361, 'f1_macro': 0.9516765294090485, 'f1_micro': 0.9538268848884447, 'f1_weighted': 0.9538491952587569, 'precision_macro': 0.9527816163523442, 'precision_micro': 0.9538268848884447, 'precision_weighted': 0.9540960418482192, 'recall_macro': 0.9508683243486361, 'recall_micro': 0.9538268848884447, 'recall_weighted': 0.9538268848884447}
Validation statistic: Loss: 0.1362, dev_score: {'accuracy': 0.9643626719708271, 'balanced_accuracy': 0.9640214012288848, 'f1_macro': 0.9640263902628075, 'f1_micro': 0.9643626719708271, 'f1_weighted': 0.9643486166919276, 'precision_macro': 0.9643239766898677, 'precision_micro': 0.9643626719708271, 'precision_weighted': 0.9646325508263606, 'recall_macro': 0.9640214012288848, 'recall_micro': 0.9643626719708271, 'recall_weighted': 0.9643626719708271}
Saving model...
Model saved!
-------------------------------------------
-----------------------
Epoch 74/100
Training statistic: Loss: 0.2559, train_score: {'accuracy': 0.9541708307915947, 'balanced_accuracy': 0.951726624384634, 'f1_macro': 0.9524662709415604, 'f1_micro': 0.9541708307915947, 'f1_weighted': 0.9542051953611763, 'precision_macro': 0.9533194268052487, 'precision_micro': 0.9541708307915947, 'precision_weighted': 0.9543342641494746, 'recall_macro': 0.951726624384634, 'recall_micro': 0.9541708307915947, 'recall_weighted': 0.9541708307915947}
Validation statistic: Loss: 0.1342, dev_score: {'accuracy': 0.9636996519144704, 'balanced_accuracy': 0.9633100298962882, 'f1_macro': 0.963321335515617, 'f1_micro': 0.9636996519144704, 'f1_weighted': 0.9637417710249752, 'precision_macro': 0.9636045380024063, 'precision_micro': 0.9636996519144704, 'precision_weighted': 0.9640593025226382, 'recall_macro': 0.9633100298962882, 'recall_micro': 0.9636996519144704, 'recall_weighted': 0.9636996519144704}
Saving model...
Model saved!
-------------------------------------------
-----------------------
Epoch 75/100
Training statistic: Loss: 0.2550, train_score: {'accuracy': 0.9539631653406362, 'balanced_accuracy': 0.9508917030121606, 'f1_macro': 0.9520195680076148, 'f1_micro': 0.9539631653406362, 'f1_weighted': 0.95396455259842, 'precision_macro': 0.9532927180735962, 'precision_micro': 0.9539631653406362, 'precision_weighted': 0.954068520308473, 'recall_macro': 0.9508917030121606, 'recall_micro': 0.9539631653406362, 'recall_weighted': 0.9539631653406362}
Validation statistic: Loss: 0.1467, dev_score: {'accuracy': 0.9608818166749544, 'balanced_accuracy': 0.9604287829889078, 'f1_macro': 0.9604817959094877, 'f1_micro': 0.9608818166749544, 'f1_weighted': 0.9609154539854237, 'precision_macro': 0.9609324001790217, 'precision_micro': 0.9608818166749544, 'precision_weighted': 0.9613444878738937, 'recall_macro': 0.9604287829889078, 'recall_micro': 0.9608818166749544, 'recall_weighted': 0.9608818166749544}
-----------------------
Epoch 76/100
Training statistic: Loss: 0.2532, train_score: {'accuracy': 0.9530870767194051, 'balanced_accuracy': 0.9496366106203957, 'f1_macro': 0.951055195875482, 'f1_micro': 0.9530870767194051, 'f1_weighted': 0.9531168885682727, 'precision_macro': 0.9528081197195268, 'precision_micro': 0.9530870767194051, 'precision_weighted': 0.9533905512667801, 'recall_macro': 0.9496366106203957, 'recall_micro': 0.9530870767194051, 'recall_weighted': 0.9530870767194051}
Validation statistic: Loss: 0.1489, dev_score: {'accuracy': 0.9612133267031328, 'balanced_accuracy': 0.9607714380397996, 'f1_macro': 0.9607725879353202, 'f1_micro': 0.9612133267031328, 'f1_weighted': 0.9612321178734982, 'precision_macro': 0.9611246528149222, 'precision_micro': 0.9612133267031328, 'precision_weighted': 0.9616033565317602, 'recall_macro': 0.9607714380397996, 'recall_micro': 0.9612133267031328, 'recall_weighted': 0.9612133267031328}
-----------------------
Epoch 77/100
Training statistic: Loss: 0.2443, train_score: {'accuracy': 0.9570781471050138, 'balanced_accuracy': 0.9538066498958206, 'f1_macro': 0.9550690233589144, 'f1_micro': 0.9570781471050138, 'f1_weighted': 0.9570926166768542, 'precision_macro': 0.9565341007298127, 'precision_micro': 0.9570781471050138, 'precision_weighted': 0.9572414839842831, 'recall_macro': 0.9538066498958206, 'recall_micro': 0.9570781471050138, 'recall_weighted': 0.9570781471050138}
Validation statistic: Loss: 0.1379, dev_score: {'accuracy': 0.9635338969003813, 'balanced_accuracy': 0.9631072021920947, 'f1_macro': 0.9631543825242537, 'f1_micro': 0.9635338969003813, 'f1_weighted': 0.9635529011486141, 'precision_macro': 0.9634669031082295, 'precision_micro': 0.9635338969003813, 'precision_weighted': 0.9638426051833043, 'recall_macro': 0.9631072021920947, 'recall_micro': 0.9635338969003813, 'recall_weighted': 0.9635338969003813}
-----------------------
Epoch 78/100
Training statistic: Loss: 0.2480, train_score: {'accuracy': 0.9559165184887147, 'balanced_accuracy': 0.9530361556209821, 'f1_macro': 0.9536984480479174, 'f1_micro': 0.9559165184887147, 'f1_weighted': 0.9559766872677616, 'precision_macro': 0.9547108784831735, 'precision_micro': 0.9559165184887147, 'precision_weighted': 0.9562983726900774, 'recall_macro': 0.9530361556209821, 'recall_micro': 0.9559165184887147, 'recall_weighted': 0.9559165184887147}
Validation statistic: Loss: 0.1337, dev_score: {'accuracy': 0.963368141886292, 'balanced_accuracy': 0.9630535591268838, 'f1_macro': 0.9630943793051895, 'f1_micro': 0.963368141886292, 'f1_weighted': 0.963404804927874, 'precision_macro': 0.9634037218518111, 'precision_micro': 0.963368141886292, 'precision_weighted': 0.9637172965262509, 'recall_macro': 0.9630535591268838, 'recall_micro': 0.963368141886292, 'recall_weighted': 0.963368141886292}
Saving model...
Model saved!
-------------------------------------------
-----------------------
Epoch 79/100
Training statistic: Loss: 0.2470, train_score: {'accuracy': 0.9566563266577544, 'balanced_accuracy': 0.9535259721748266, 'f1_macro': 0.954697179562158, 'f1_micro': 0.9566563266577544, 'f1_weighted': 0.9566663638444101, 'precision_macro': 0.955976828192241, 'precision_micro': 0.9566563266577544, 'precision_weighted': 0.9567490889796355, 'recall_macro': 0.9535259721748266, 'recall_micro': 0.9566563266577544, 'recall_weighted': 0.9566563266577544}
Validation statistic: Loss: 0.1371, dev_score: {'accuracy': 0.9628708768440245, 'balanced_accuracy': 0.9624297340962409, 'f1_macro': 0.9624621909637299, 'f1_micro': 0.9628708768440245, 'f1_weighted': 0.9628991461443924, 'precision_macro': 0.9627388108520117, 'precision_micro': 0.9628708768440245, 'precision_weighted': 0.9631790356676129, 'recall_macro': 0.9624297340962409, 'recall_micro': 0.9628708768440245, 'recall_weighted': 0.9628708768440245}
-----------------------
Epoch 80/100
Training statistic: Loss: 0.2456, train_score: {'accuracy': 0.9575324152789856, 'balanced_accuracy': 0.956093746632523, 'f1_macro': 0.9557304301017012, 'f1_micro': 0.9575324152789856, 'f1_weighted': 0.9575687447868082, 'precision_macro': 0.9554741883968706, 'precision_micro': 0.9575324152789856, 'precision_weighted': 0.9577122560652603, 'recall_macro': 0.956093746632523, 'recall_micro': 0.9575324152789856, 'recall_weighted': 0.9575324152789856}
Validation statistic: Loss: 0.1303, dev_score: {'accuracy': 0.9645284269849163, 'balanced_accuracy': 0.9639581950010531, 'f1_macro': 0.9641462403574728, 'f1_micro': 0.9645284269849163, 'f1_weighted': 0.9645481777687934, 'precision_macro': 0.964550549273224, 'precision_micro': 0.9645284269849163, 'precision_weighted': 0.964784831334841, 'recall_macro': 0.9639581950010531, 'recall_micro': 0.9645284269849163, 'recall_weighted': 0.9645284269849163}
Saving model...
Model saved!
-------------------------------------------
-----------------------
Epoch 81/100
Training statistic: Loss: 0.2444, train_score: {'accuracy': 0.9559424766700845, 'balanced_accuracy': 0.9517968231879627, 'f1_macro': 0.9535131897190947, 'f1_micro': 0.9559424766700845, 'f1_weighted': 0.9559574824909703, 'precision_macro': 0.9556111571001942, 'precision_micro': 0.9559424766700845, 'precision_weighted': 0.9562649965166763, 'recall_macro': 0.9517968231879627, 'recall_micro': 0.9559424766700845, 'recall_weighted': 0.9559424766700845}
Validation statistic: Loss: 0.1337, dev_score: {'accuracy': 0.9638654069285596, 'balanced_accuracy': 0.9634847211583999, 'f1_macro': 0.9635048228511189, 'f1_micro': 0.9638654069285596, 'f1_weighted': 0.9638773047981652, 'precision_macro': 0.9638022380337048, 'precision_micro': 0.9638654069285596, 'precision_weighted': 0.9641699306618281, 'recall_macro': 0.9634847211583999, 'recall_micro': 0.9638654069285596, 'recall_weighted': 0.9638654069285596}
-----------------------
Epoch 82/100
Training statistic: Loss: 0.2419, train_score: {'accuracy': 0.9581489220865186, 'balanced_accuracy': 0.9556496281149887, 'f1_macro': 0.9562088850328421, 'f1_micro': 0.9581489220865186, 'f1_weighted': 0.9581628946233209, 'precision_macro': 0.956860944492864, 'precision_micro': 0.9581489220865186, 'precision_weighted': 0.9582518539495548, 'recall_macro': 0.9556496281149887, 'recall_micro': 0.9581489220865186, 'recall_weighted': 0.9581489220865186}
Validation statistic: Loss: 0.1389, dev_score: {'accuracy': 0.9615448367313111, 'balanced_accuracy': 0.9610365151187528, 'f1_macro': 0.9611173049802766, 'f1_micro': 0.9615448367313111, 'f1_weighted': 0.9615796718769292, 'precision_macro': 0.96146064512079, 'precision_micro': 0.9615448367313111, 'precision_weighted': 0.9618794726498536, 'recall_macro': 0.9610365151187528, 'recall_micro': 0.9615448367313111, 'recall_weighted': 0.9615448367313111}
-----------------------
Epoch 83/100
Training statistic: Loss: 0.2418, train_score: {'accuracy': 0.9582722234480252, 'balanced_accuracy': 0.9566022464032331, 'f1_macro': 0.9564491820576819, 'f1_micro': 0.9582722234480252, 'f1_weighted': 0.9583039345904785, 'precision_macro': 0.9564525057526356, 'precision_micro': 0.9582722234480252, 'precision_weighted': 0.9584785231487623, 'recall_macro': 0.9566022464032331, 'recall_micro': 0.9582722234480252, 'recall_weighted': 0.9582722234480252}
Validation statistic: Loss: 0.1410, dev_score: {'accuracy': 0.9610475716890436, 'balanced_accuracy': 0.9603395429091888, 'f1_macro': 0.9605611026083579, 'f1_micro': 0.9610475716890436, 'f1_weighted': 0.9610681338154631, 'precision_macro': 0.9611582471249891, 'precision_micro': 0.9610475716890436, 'precision_weighted': 0.9614671607108436, 'recall_macro': 0.9603395429091888, 'recall_micro': 0.9610475716890436, 'recall_weighted': 0.9610475716890436}
-----------------------
Epoch 84/100
Training statistic: Loss: 0.2400, train_score: {'accuracy': 0.9585772320791205, 'balanced_accuracy': 0.956016659467176, 'f1_macro': 0.9564875351352159, 'f1_micro': 0.9585772320791205, 'f1_weighted': 0.9586179023765828, 'precision_macro': 0.9571003560587663, 'precision_micro': 0.9585772320791205, 'precision_weighted': 0.9587786599909079, 'recall_macro': 0.956016659467176, 'recall_micro': 0.9585772320791205, 'recall_weighted': 0.9585772320791205}
Validation statistic: Loss: 0.1380, dev_score: {'accuracy': 0.9630366318581137, 'balanced_accuracy': 0.9624999548658909, 'f1_macro': 0.9626706719101341, 'f1_micro': 0.9630366318581137, 'f1_weighted': 0.9630388561799256, 'precision_macro': 0.9631229442463265, 'precision_micro': 0.9630366318581137, 'precision_weighted': 0.9633315695384193, 'recall_macro': 0.9624999548658909, 'recall_micro': 0.9630366318581137, 'recall_weighted': 0.9630366318581137}
-----------------------
Epoch 85/100
Training statistic: Loss: 0.2377, train_score: {'accuracy': 0.9590120316170649, 'balanced_accuracy': 0.9564847465802476, 'f1_macro': 0.9569196095258409, 'f1_micro': 0.9590120316170649, 'f1_weighted': 0.9590117667409304, 'precision_macro': 0.9574359413295375, 'precision_micro': 0.9590120316170649, 'precision_weighted': 0.9590666912281631, 'recall_macro': 0.9564847465802476, 'recall_micro': 0.9590120316170649, 'recall_weighted': 0.9590120316170649}
Validation statistic: Loss: 0.1410, dev_score: {'accuracy': 0.961379081717222, 'balanced_accuracy': 0.9608131247956931, 'f1_macro': 0.9610000717378178, 'f1_micro': 0.961379081717222, 'f1_weighted': 0.9614094456301773, 'precision_macro': 0.9614761232331543, 'precision_micro': 0.961379081717222, 'precision_weighted': 0.9617295026646188, 'recall_macro': 0.9608131247956931, 'recall_micro': 0.961379081717222, 'recall_weighted': 0.961379081717222}
-----------------------
Epoch 86/100
Training statistic: Loss: 0.2402, train_score: {'accuracy': 0.9589081988915856, 'balanced_accuracy': 0.9560438478475117, 'f1_macro': 0.9570257980126297, 'f1_micro': 0.9589081988915856, 'f1_weighted': 0.9589186621430215, 'precision_macro': 0.9583761812031446, 'precision_micro': 0.9589081988915856, 'precision_weighted': 0.9592075217381818, 'recall_macro': 0.9560438478475117, 'recall_micro': 0.9589081988915856, 'recall_weighted': 0.9589081988915856}
Validation statistic: Loss: 0.1366, dev_score: {'accuracy': 0.9635338969003813, 'balanced_accuracy': 0.9630653295317051, 'f1_macro': 0.9631315144964641, 'f1_micro': 0.9635338969003813, 'f1_weighted': 0.9635300339390215, 'precision_macro': 0.9634664815877192, 'precision_micro': 0.9635338969003813, 'precision_weighted': 0.9637974538897605, 'recall_macro': 0.9630653295317051, 'recall_micro': 0.9635338969003813, 'recall_weighted': 0.9635338969003813}
-----------------------
Epoch 87/100
Training statistic: Loss: 0.2387, train_score: {'accuracy': 0.9597388606954197, 'balanced_accuracy': 0.9564519151603381, 'f1_macro': 0.9578127866706299, 'f1_micro': 0.9597388606954197, 'f1_weighted': 0.9597544678332702, 'precision_macro': 0.959395261863869, 'precision_micro': 0.9597388606954197, 'precision_weighted': 0.9599244752593803, 'recall_macro': 0.9564519151603381, 'recall_micro': 0.9597388606954197, 'recall_weighted': 0.9597388606954197}
Validation statistic: Loss: 0.1344, dev_score: {'accuracy': 0.9638654069285596, 'balanced_accuracy': 0.9633393123608961, 'f1_macro': 0.963463958768692, 'f1_micro': 0.9638654069285596, 'f1_weighted': 0.9638735042321175, 'precision_macro': 0.9638019048931223, 'precision_micro': 0.9638654069285596, 'precision_weighted': 0.9640946561297169, 'recall_macro': 0.9633393123608961, 'recall_micro': 0.9638654069285596, 'recall_weighted': 0.9638654069285596}
-----------------------
Epoch 88/100
Training statistic: Loss: 0.2292, train_score: {'accuracy': 0.9606668656793905, 'balanced_accuracy': 0.9583156723945697, 'f1_macro': 0.9587862631239104, 'f1_micro': 0.9606668656793905, 'f1_weighted': 0.9606679369725688, 'precision_macro': 0.9593932411188615, 'precision_micro': 0.9606668656793905, 'precision_weighted': 0.960757285581868, 'recall_macro': 0.9583156723945697, 'recall_micro': 0.9606668656793905, 'recall_weighted': 0.9606668656793905}
Validation statistic: Loss: 0.1329, dev_score: {'accuracy': 0.9648599370130947, 'balanced_accuracy': 0.9643181511511031, 'f1_macro': 0.9645260915523804, 'f1_micro': 0.9648599370130947, 'f1_weighted': 0.9648711412357552, 'precision_macro': 0.9649620533795698, 'precision_micro': 0.9648599370130947, 'precision_weighted': 0.9651191231632478, 'recall_macro': 0.9643181511511031, 'recall_micro': 0.9648599370130947, 'recall_weighted': 0.9648599370130947}
-----------------------
Epoch 89/100
Training statistic: Loss: 0.2326, train_score: {'accuracy': 0.9599595052370631, 'balanced_accuracy': 0.9575186258080468, 'f1_macro': 0.958429397470983, 'f1_micro': 0.9599595052370631, 'f1_weighted': 0.9599667122388853, 'precision_macro': 0.9593942239002662, 'precision_micro': 0.9599595052370631, 'precision_weighted': 0.9600270182064233, 'recall_macro': 0.9575186258080468, 'recall_micro': 0.9599595052370631, 'recall_weighted': 0.9599595052370631}
Validation statistic: Loss: 0.1368, dev_score: {'accuracy': 0.962373611801757, 'balanced_accuracy': 0.9616872734494241, 'f1_macro': 0.9619611755229764, 'f1_micro': 0.962373611801757, 'f1_weighted': 0.9624025093007643, 'precision_macro': 0.9624772404193006, 'precision_micro': 0.962373611801757, 'precision_weighted': 0.9626780465194904, 'recall_macro': 0.9616872734494241, 'recall_micro': 0.962373611801757, 'recall_weighted': 0.962373611801757}
-----------------------
Epoch 90/100
Training statistic: Loss: 0.2299, train_score: {'accuracy': 0.9604072838656924, 'balanced_accuracy': 0.9578842733937204, 'f1_macro': 0.9582168084073514, 'f1_micro': 0.9604072838656924, 'f1_weighted': 0.9604268055613326, 'precision_macro': 0.958683280704476, 'precision_micro': 0.9604072838656924, 'precision_weighted': 0.9605661568607284, 'recall_macro': 0.9578842733937204, 'recall_micro': 0.9604072838656924, 'recall_weighted': 0.9604072838656924}
Validation statistic: Loss: 0.1320, dev_score: {'accuracy': 0.9643626719708271, 'balanced_accuracy': 0.9638882635400456, 'f1_macro': 0.9640956841430116, 'f1_micro': 0.9643626719708271, 'f1_weighted': 0.9643630336843425, 'precision_macro': 0.9645411062077169, 'precision_micro': 0.9643626719708271, 'precision_weighted': 0.9646167357249615, 'recall_macro': 0.9638882635400456, 'recall_micro': 0.9643626719708271, 'recall_weighted': 0.9643626719708271}
-----------------------
Epoch 91/100
Training statistic: Loss: 0.2331, train_score: {'accuracy': 0.9603034511402131, 'balanced_accuracy': 0.9576699444401291, 'f1_macro': 0.9581492221796962, 'f1_micro': 0.9603034511402131, 'f1_weighted': 0.9603332504385594, 'precision_macro': 0.9588809577890002, 'precision_micro': 0.9603034511402131, 'precision_weighted': 0.9605461243731896, 'recall_macro': 0.9576699444401291, 'recall_micro': 0.9603034511402131, 'recall_weighted': 0.9603034511402131}
Validation statistic: Loss: 0.1431, dev_score: {'accuracy': 0.9610475716890436, 'balanced_accuracy': 0.9603870902594901, 'f1_macro': 0.9606148463991498, 'f1_micro': 0.9610475716890436, 'f1_weighted': 0.9610656878747708, 'precision_macro': 0.961108383591092, 'precision_micro': 0.9610475716890436, 'precision_weighted': 0.9613591642969193, 'recall_macro': 0.9603870902594901, 'recall_micro': 0.9610475716890436, 'recall_weighted': 0.9610475716890436}
-----------------------
Epoch 92/100
Training statistic: Loss: 0.2361, train_score: {'accuracy': 0.9600957856892546, 'balanced_accuracy': 0.9576411808012206, 'f1_macro': 0.9582167459888412, 'f1_micro': 0.9600957856892546, 'f1_weighted': 0.9601224903225567, 'precision_macro': 0.9590014624191342, 'precision_micro': 0.9600957856892546, 'precision_weighted': 0.9603167822308681, 'recall_macro': 0.9576411808012206, 'recall_micro': 0.9600957856892546, 'recall_weighted': 0.9600957856892546}
Validation statistic: Loss: 0.1474, dev_score: {'accuracy': 0.9588927565058843, 'balanced_accuracy': 0.9583000306588276, 'f1_macro': 0.958395735637878, 'f1_micro': 0.9588927565058843, 'f1_weighted': 0.9589512337739017, 'precision_macro': 0.9588016868287527, 'precision_micro': 0.9588927565058843, 'precision_weighted': 0.9593247072033431, 'recall_macro': 0.9583000306588276, 'recall_micro': 0.9588927565058843, 'recall_weighted': 0.9588927565058843}
-----------------------
Epoch 93/100
Training statistic: Loss: 0.2273, train_score: {'accuracy': 0.9623022311056887, 'balanced_accuracy': 0.9602189732004238, 'f1_macro': 0.9604731272529297, 'f1_micro': 0.9623022311056887, 'f1_weighted': 0.9623296263328933, 'precision_macro': 0.9608080765313364, 'precision_micro': 0.9623022311056887, 'precision_weighted': 0.9624438544771121, 'recall_macro': 0.9602189732004238, 'recall_micro': 0.9623022311056887, 'recall_weighted': 0.9623022311056887}
Validation statistic: Loss: 0.1436, dev_score: {'accuracy': 0.9630366318581137, 'balanced_accuracy': 0.9624447401394363, 'f1_macro': 0.9625773897622466, 'f1_micro': 0.9630366318581137, 'f1_weighted': 0.9630803233373473, 'precision_macro': 0.9629461981043941, 'precision_micro': 0.9630366318581137, 'precision_weighted': 0.9633663892941021, 'recall_macro': 0.9624447401394363, 'recall_micro': 0.9630366318581137, 'recall_weighted': 0.9630366318581137}
-----------------------
Epoch 94/100
Training statistic: Loss: 0.2287, train_score: {'accuracy': 0.9627110724622633, 'balanced_accuracy': 0.9607957064960331, 'f1_macro': 0.9607625399525201, 'f1_micro': 0.9627110724622633, 'f1_weighted': 0.9627254963837247, 'precision_macro': 0.9608449019374016, 'precision_micro': 0.9627110724622633, 'precision_weighted': 0.9628363924219159, 'recall_macro': 0.9607957064960331, 'recall_micro': 0.9627110724622633, 'recall_weighted': 0.9627110724622633}
Validation statistic: Loss: 0.1440, dev_score: {'accuracy': 0.9618763467594895, 'balanced_accuracy': 0.9612478169412306, 'f1_macro': 0.9613630470648424, 'f1_micro': 0.9618763467594895, 'f1_weighted': 0.9618938958375611, 'precision_macro': 0.9617333023148538, 'precision_micro': 0.9618763467594895, 'precision_weighted': 0.9621743482904713, 'recall_macro': 0.9612478169412306, 'recall_micro': 0.9618763467594895, 'recall_weighted': 0.9618763467594895}
-----------------------
Epoch 95/100
Training statistic: Loss: 0.2309, train_score: {'accuracy': 0.9605825015899386, 'balanced_accuracy': 0.9576810583514188, 'f1_macro': 0.9585314131104316, 'f1_micro': 0.9605825015899386, 'f1_weighted': 0.9606224196689386, 'precision_macro': 0.959515780686959, 'precision_micro': 0.9605825015899386, 'precision_weighted': 0.9607677164100294, 'recall_macro': 0.9576810583514188, 'recall_micro': 0.9605825015899386, 'recall_weighted': 0.9605825015899386}
Validation statistic: Loss: 0.1517, dev_score: {'accuracy': 0.961379081717222, 'balanced_accuracy': 0.9608732367933733, 'f1_macro': 0.960885836838643, 'f1_micro': 0.961379081717222, 'f1_weighted': 0.9614374243171359, 'precision_macro': 0.9611483418597278, 'precision_micro': 0.961379081717222, 'precision_weighted': 0.9617473458449995, 'recall_macro': 0.9608732367933733, 'recall_micro': 0.961379081717222, 'recall_weighted': 0.961379081717222}
-----------------------
Epoch 96/100
Training statistic: Loss: 0.2228, train_score: {'accuracy': 0.9637169519903436, 'balanced_accuracy': 0.9617262861521623, 'f1_macro': 0.9618993575363101, 'f1_micro': 0.9637169519903436, 'f1_weighted': 0.9637508745079849, 'precision_macro': 0.9621993275964691, 'precision_micro': 0.9637169519903436, 'precision_weighted': 0.9638954743963152, 'recall_macro': 0.9617262861521623, 'recall_micro': 0.9637169519903436, 'recall_weighted': 0.9637169519903436}
Validation statistic: Loss: 0.1347, dev_score: {'accuracy': 0.9632023868722028, 'balanced_accuracy': 0.9625457689426149, 'f1_macro': 0.9628155847841893, 'f1_micro': 0.9632023868722028, 'f1_weighted': 0.9632195560624373, 'precision_macro': 0.9633237199088656, 'precision_micro': 0.9632023868722028, 'precision_weighted': 0.9634794955955258, 'recall_macro': 0.9625457689426149, 'recall_micro': 0.9632023868722028, 'recall_weighted': 0.9632023868722028}
-----------------------
Epoch 97/100
Training statistic: Loss: 0.2288, train_score: {'accuracy': 0.9621594611081548, 'balanced_accuracy': 0.9601295178631408, 'f1_macro': 0.9601266390797993, 'f1_micro': 0.9621594611081548, 'f1_weighted': 0.9622172654516772, 'precision_macro': 0.9603275087787493, 'precision_micro': 0.9621594611081548, 'precision_weighted': 0.9624423039104271, 'recall_macro': 0.9601295178631408, 'recall_micro': 0.9621594611081548, 'recall_weighted': 0.9621594611081548}
Validation statistic: Loss: 0.1441, dev_score: {'accuracy': 0.9617105917454003, 'balanced_accuracy': 0.9611559414144818, 'f1_macro': 0.961336643394287, 'f1_micro': 0.9617105917454003, 'f1_weighted': 0.9617704895211906, 'precision_macro': 0.9618961371557424, 'precision_micro': 0.9617105917454003, 'precision_weighted': 0.9622152318208337, 'recall_macro': 0.9611559414144818, 'recall_micro': 0.9617105917454003, 'recall_weighted': 0.9617105917454003}
-----------------------
Epoch 98/100
Training statistic: Loss: 0.2248, train_score: {'accuracy': 0.9629122483678794, 'balanced_accuracy': 0.9614822038687804, 'f1_macro': 0.9611791699154384, 'f1_micro': 0.9629122483678794, 'f1_weighted': 0.9629556251143782, 'precision_macro': 0.9610081959408173, 'precision_micro': 0.9629122483678794, 'precision_weighted': 0.9631197625605668, 'recall_macro': 0.9614822038687804, 'recall_micro': 0.9629122483678794, 'recall_weighted': 0.9629122483678794}
Validation statistic: Loss: 0.1432, dev_score: {'accuracy': 0.962373611801757, 'balanced_accuracy': 0.9618506644133283, 'f1_macro': 0.9620007864716106, 'f1_micro': 0.962373611801757, 'f1_weighted': 0.9623849624245628, 'precision_macro': 0.9623961356968952, 'precision_micro': 0.962373611801757, 'precision_weighted': 0.9626489904347098, 'recall_macro': 0.9618506644133283, 'recall_micro': 0.962373611801757, 'recall_weighted': 0.962373611801757}
-----------------------
Epoch 99/100
Training statistic: Loss: 0.2258, train_score: {'accuracy': 0.963593650628837, 'balanced_accuracy': 0.9605168738236527, 'f1_macro': 0.9617624979706395, 'f1_micro': 0.963593650628837, 'f1_weighted': 0.9635995387624271, 'precision_macro': 0.9631803261546269, 'precision_micro': 0.963593650628837, 'precision_weighted': 0.9637264580033169, 'recall_macro': 0.9605168738236527, 'recall_micro': 0.963593650628837, 'recall_weighted': 0.963593650628837}
Validation statistic: Loss: 0.1406, dev_score: {'accuracy': 0.9615448367313111, 'balanced_accuracy': 0.9610391872501198, 'f1_macro': 0.9611052587703878, 'f1_micro': 0.9615448367313111, 'f1_weighted': 0.9615836701568862, 'precision_macro': 0.961534766705153, 'precision_micro': 0.9615448367313111, 'precision_weighted': 0.9619941774612605, 'recall_macro': 0.9610391872501198, 'recall_micro': 0.9615448367313111, 'recall_weighted': 0.9615448367313111}
-----------------------
Epoch 100/100
Training statistic: Loss: 0.2209, train_score: {'accuracy': 0.9637753578984256, 'balanced_accuracy': 0.9608454698164521, 'f1_macro': 0.961738878635597, 'f1_micro': 0.9637753578984256, 'f1_weighted': 0.9637780552697006, 'precision_macro': 0.962756202148831, 'precision_micro': 0.9637753578984256, 'precision_weighted': 0.9638646098652305, 'recall_macro': 0.9608454698164521, 'recall_micro': 0.9637753578984256, 'recall_weighted': 0.9637753578984256}
Validation statistic: Loss: 0.1478, dev_score: {'accuracy': 0.9620421017735786, 'balanced_accuracy': 0.961583267902172, 'f1_macro': 0.9616236987626348, 'f1_micro': 0.9620421017735786, 'f1_weighted': 0.9620975352607858, 'precision_macro': 0.9619043486681722, 'precision_micro': 0.9620421017735786, 'precision_weighted': 0.9623957492790814, 'recall_macro': 0.961583267902172, 'recall_micro': 0.9620421017735786, 'recall_weighted': 0.9620421017735786}
Testing statistic: loss: 0.13403209027253446, scores: {'accuracy': 0.9616124784766535, 'balanced_accuracy': 0.9615899034002732, 'f1_macro': 0.9615852063564198, 'f1_micro': 0.9616124784766535, 'f1_weighted': 0.9616264933211398, 'precision_macro': 0.9617902158234966, 'precision_micro': 0.9616124784766535, 'precision_weighted': 0.9618511818563089, 'recall_macro': 0.9615899034002732, 'recall_micro': 0.9616124784766535, 'recall_weighted': 0.9616124784766535}
Finish training!
