/home/thuy/miniconda3/envs/env/lib/python3.10/site-packages/sklearn/metrics/_classification.py:2480: UserWarning: y_pred contains classes not in y_true
  warnings.warn("y_pred contains classes not in y_true")
/home/thuy/miniconda3/envs/env/lib/python3.10/site-packages/sklearn/metrics/_classification.py:2480: UserWarning: y_pred contains classes not in y_true
  warnings.warn("y_pred contains classes not in y_true")
/home/thuy/miniconda3/envs/env/lib/python3.10/site-packages/sklearn/metrics/_classification.py:2480: UserWarning: y_pred contains classes not in y_true
  warnings.warn("y_pred contains classes not in y_true")
/home/thuy/miniconda3/envs/env/lib/python3.10/site-packages/sklearn/metrics/_classification.py:2480: UserWarning: y_pred contains classes not in y_true
  warnings.warn("y_pred contains classes not in y_true")
/home/thuy/miniconda3/envs/env/lib/python3.10/site-packages/sklearn/metrics/_classification.py:2480: UserWarning: y_pred contains classes not in y_true
  warnings.warn("y_pred contains classes not in y_true")
/home/thuy/miniconda3/envs/env/lib/python3.10/site-packages/sklearn/metrics/_classification.py:2480: UserWarning: y_pred contains classes not in y_true
  warnings.warn("y_pred contains classes not in y_true")
=====Setting up data=====
Dataset name:mnist28
train_option:mix
augment_option:compare_xgb
mix_ratio:-1
n_sample:-1
Training dataset size: 154112 samples
Validation dataset size: 6144 samples

=====Setting up parameters for training=====
num_epochs: 100
learning_rate: 0.001
patience: 30
early_stop_criterion: loss
=====Setting up trainer=====
input_size: 784
model: DNN_MNIST28
----------------------------------------------------------------
        Layer (type)               Output Shape         Param #
================================================================
           Dropout-1                  [-1, 784]               0
            Linear-2                  [-1, 512]         401,920
         LeakyReLU-3                  [-1, 512]               0
       BatchNorm1d-4                  [-1, 512]           1,024
           Dropout-5                  [-1, 512]               0
            Linear-6                 [-1, 1024]         525,312
         LeakyReLU-7                 [-1, 1024]               0
       BatchNorm1d-8                 [-1, 1024]           2,048
           Dropout-9                 [-1, 1024]               0
           Linear-10                  [-1, 256]         262,400
        LeakyReLU-11                  [-1, 256]               0
      BatchNorm1d-12                  [-1, 256]             512
          Dropout-13                  [-1, 256]               0
           Linear-14                  [-1, 128]          32,896
        LeakyReLU-15                  [-1, 128]               0
      BatchNorm1d-16                  [-1, 128]             256
          Dropout-17                  [-1, 128]               0
================================================================
Total params: 1,226,368
Trainable params: 1,226,368
Non-trainable params: 0
----------------------------------------------------------------
Input size (MB): 0.00
Forward/backward pass size (MB): 0.06
Params size (MB): 4.68
Estimated Total Size (MB): 4.75
----------------------------------------------------------------
=====Setting up output files=====
weight_dir, weight_file: /home/thuy/Research/minh_data_synth/TabularDA/output/pilot_ctgan_v1/mnist28/weight/, mnist28_seed42_ctgan_full_xgb_mix.weights.pth
acc_dir, acc_file: /home/thuy/Research/minh_data_synth/TabularDA/output/pilot_ctgan_v1/mnist28/acc/, mnist28_seed42_ctgan_full_xgb_mix.epochs.csv
report_file: mnist28_seed42_ctgan_full_xgb_mix.report.txt
==========================================================================================
Start training...
-----------------------
Epoch 1/100
Training statistic: Loss: 1.7437, train_score: {'accuracy': 0.7666294599400366, 'balanced_accuracy': 0.7086291094014896, 'f1_macro': 0.32166676912037334, 'f1_micro': 0.7666294599400366, 'f1_weighted': 0.7621370321666429, 'precision_macro': 0.34757907720550657, 'precision_micro': 0.7666294599400366, 'precision_weighted': 0.7741549245212256, 'recall_macro': 0.30809961278325637, 'recall_micro': 0.7666294599400366, 'recall_weighted': 0.7666294599400366}
Validation statistic: Loss: 1.5424, dev_score: {'accuracy': 0.8368970661362506, 'balanced_accuracy': 0.83211632777076, 'f1_macro': 0.554595692346312, 'f1_micro': 0.8368970661362506, 'f1_weighted': 0.8350616315216225, 'precision_macro': 0.567111398192451, 'precision_micro': 0.8368970661362506, 'precision_weighted': 0.8514323579862051, 'recall_macro': 0.5547442185138399, 'recall_micro': 0.8368970661362506, 'recall_weighted': 0.8368970661362506}
Saving model...
Model saved!
-------------------------------------------
-----------------------
Epoch 2/100
Training statistic: Loss: 1.4977, train_score: {'accuracy': 0.7853323296169871, 'balanced_accuracy': 0.7428438093203742, 'f1_macro': 0.4832596677133254, 'f1_micro': 0.7853323296169871, 'f1_weighted': 0.7875195062906716, 'precision_macro': 0.5099648360310096, 'precision_micro': 0.7853323296169871, 'precision_weighted': 0.7974587543976055, 'recall_macro': 0.46427738082523384, 'recall_micro': 0.7853323296169871, 'recall_weighted': 0.7853323296169871}
Validation statistic: Loss: 1.3982, dev_score: {'accuracy': 0.8508204873197415, 'balanced_accuracy': 0.8456969574528024, 'f1_macro': 0.6612976666309154, 'f1_micro': 0.8508204873197415, 'f1_weighted': 0.8629439956488169, 'precision_macro': 0.6800790098678712, 'precision_micro': 0.8508204873197415, 'precision_weighted': 0.884988087033953, 'recall_macro': 0.6505361211175403, 'recall_micro': 0.8508204873197415, 'recall_weighted': 0.8508204873197415}
Saving model...
Model saved!
-------------------------------------------
-----------------------
Epoch 3/100
Training statistic: Loss: 1.2230, train_score: {'accuracy': 0.8051124638207847, 'balanced_accuracy': 0.7729702007543306, 'f1_macro': 0.6113747245029673, 'f1_micro': 0.8051124638207847, 'f1_weighted': 0.8029527462311432, 'precision_macro': 0.6362760008210281, 'precision_micro': 0.8051124638207847, 'precision_weighted': 0.8077634223197236, 'recall_macro': 0.5945924621187159, 'recall_micro': 0.8051124638207847, 'recall_weighted': 0.8051124638207847}
Validation statistic: Loss: 0.9679, dev_score: {'accuracy': 0.8915962207856788, 'balanced_accuracy': 0.8887841471482881, 'f1_macro': 0.8081533464761678, 'f1_micro': 0.8915962207856788, 'f1_weighted': 0.8909912921649877, 'precision_macro': 0.8146683530339495, 'precision_micro': 0.8915962207856788, 'precision_weighted': 0.8971232256887478, 'recall_macro': 0.8079855883166256, 'recall_micro': 0.8915962207856788, 'recall_weighted': 0.8915962207856788}
Saving model...
Model saved!
-------------------------------------------
-----------------------
Epoch 4/100
Training statistic: Loss: 1.0637, train_score: {'accuracy': 0.8133606759510429, 'balanced_accuracy': 0.785865520917559, 'f1_macro': 0.8059332575669517, 'f1_micro': 0.8133606759510429, 'f1_weighted': 0.8119346615874307, 'precision_macro': 0.8324866563075682, 'precision_micro': 0.8133606759510429, 'precision_weighted': 0.8148569096278775, 'recall_macro': 0.785865520917559, 'recall_micro': 0.8133606759510429, 'recall_weighted': 0.8133606759510429}
Validation statistic: Loss: 0.7706, dev_score: {'accuracy': 0.905022376926902, 'balanced_accuracy': 0.9031638454034118, 'f1_macro': 0.9038157572992368, 'f1_micro': 0.905022376926902, 'f1_weighted': 0.9050912138203348, 'precision_macro': 0.9086813821692152, 'precision_micro': 0.905022376926902, 'precision_weighted': 0.9092266565708202, 'recall_macro': 0.9031638454034118, 'recall_micro': 0.905022376926902, 'recall_weighted': 0.905022376926902}
Saving model...
Model saved!
-------------------------------------------
-----------------------
Epoch 5/100
Training statistic: Loss: 0.9399, train_score: {'accuracy': 0.8171246122496658, 'balanced_accuracy': 0.7896498053407656, 'f1_macro': 0.8094870280157508, 'f1_micro': 0.8171246122496658, 'f1_weighted': 0.8153969413998323, 'precision_macro': 0.8373396277345508, 'precision_micro': 0.8171246122496658, 'precision_weighted': 0.8189556187624171, 'recall_macro': 0.7896498053407656, 'recall_micro': 0.8171246122496658, 'recall_weighted': 0.8171246122496658}
Validation statistic: Loss: 0.6398, dev_score: {'accuracy': 0.9060169070114371, 'balanced_accuracy': 0.9036513212221395, 'f1_macro': 0.9041356652553667, 'f1_micro': 0.9060169070114371, 'f1_weighted': 0.9055167980131845, 'precision_macro': 0.90937388325904, 'precision_micro': 0.9060169070114371, 'precision_weighted': 0.9096277913921914, 'recall_macro': 0.9036513212221395, 'recall_micro': 0.9060169070114371, 'recall_weighted': 0.9060169070114371}
Saving model...
Model saved!
-------------------------------------------
-----------------------
Epoch 6/100
Training statistic: Loss: 0.8816, train_score: {'accuracy': 0.8174620686074734, 'balanced_accuracy': 0.7864332987789451, 'f1_macro': 0.8092824684879949, 'f1_micro': 0.8174620686074734, 'f1_weighted': 0.8158049816183411, 'precision_macro': 0.8420796052004274, 'precision_micro': 0.8174620686074734, 'precision_weighted': 0.8205178608603589, 'recall_macro': 0.7864332987789451, 'recall_micro': 0.8174620686074734, 'recall_weighted': 0.8174620686074734}
Validation statistic: Loss: 0.5964, dev_score: {'accuracy': 0.9070114370959722, 'balanced_accuracy': 0.9046555558044739, 'f1_macro': 0.9051859397002822, 'f1_micro': 0.9070114370959722, 'f1_weighted': 0.90653466334832, 'precision_macro': 0.9105273694136506, 'precision_micro': 0.9070114370959722, 'precision_weighted': 0.9107185705490755, 'recall_macro': 0.9046555558044739, 'recall_micro': 0.9070114370959722, 'recall_weighted': 0.9070114370959722}
Saving model...
Model saved!
-------------------------------------------
-----------------------
Epoch 7/100
Training statistic: Loss: 0.8011, train_score: {'accuracy': 0.8239451244045842, 'balanced_accuracy': 0.8000010129802488, 'f1_macro': 0.8178272135828555, 'f1_micro': 0.8239451244045842, 'f1_weighted': 0.8225099675232462, 'precision_macro': 0.8431923396296301, 'precision_micro': 0.8239451244045842, 'precision_weighted': 0.8259998865714122, 'recall_macro': 0.8000010129802488, 'recall_micro': 0.8239451244045842, 'recall_weighted': 0.8239451244045842}
Validation statistic: Loss: 0.5041, dev_score: {'accuracy': 0.9101607823636665, 'balanced_accuracy': 0.9078408102991913, 'f1_macro': 0.9083954100426999, 'f1_micro': 0.9101607823636665, 'f1_weighted': 0.9092188340838007, 'precision_macro': 0.9138178821145319, 'precision_micro': 0.9101607823636665, 'precision_weighted': 0.9131029150202784, 'recall_macro': 0.9078408102991913, 'recall_micro': 0.9101607823636665, 'recall_weighted': 0.9101607823636665}
Saving model...
Model saved!
-------------------------------------------
-----------------------
Epoch 8/100
Training statistic: Loss: 0.7445, train_score: {'accuracy': 0.8283645047827949, 'balanced_accuracy': 0.8052354351909059, 'f1_macro': 0.8227201795632851, 'f1_micro': 0.8283645047827949, 'f1_weighted': 0.8268763776534084, 'precision_macro': 0.846238774919215, 'precision_micro': 0.8283645047827949, 'precision_weighted': 0.829529825160249, 'recall_macro': 0.8052354351909059, 'recall_micro': 0.8283645047827949, 'recall_weighted': 0.8283645047827949}
Validation statistic: Loss: 0.4269, dev_score: {'accuracy': 0.9212663683076413, 'balanced_accuracy': 0.9192543752777637, 'f1_macro': 0.9196567866156748, 'f1_micro': 0.9212663683076413, 'f1_weighted': 0.9206413858742797, 'precision_macro': 0.9230874867703898, 'precision_micro': 0.9212663683076413, 'precision_weighted': 0.9229770243968048, 'recall_macro': 0.9192543752777637, 'recall_micro': 0.9212663683076413, 'recall_weighted': 0.9212663683076413}
Saving model...
Model saved!
-------------------------------------------
-----------------------
Epoch 9/100
Training statistic: Loss: 0.7008, train_score: {'accuracy': 0.8319921606292263, 'balanced_accuracy': 0.8116405403820279, 'f1_macro': 0.8284943707515422, 'f1_micro': 0.8319921606292263, 'f1_weighted': 0.8307956159725604, 'precision_macro': 0.8507107175103588, 'precision_micro': 0.8319921606292263, 'precision_weighted': 0.8333272739062543, 'recall_macro': 0.8116405403820279, 'recall_micro': 0.8319921606292263, 'recall_weighted': 0.8319921606292263}
Validation statistic: Loss: 0.3975, dev_score: {'accuracy': 0.9255759986739599, 'balanced_accuracy': 0.9238601143073548, 'f1_macro': 0.9242967679106, 'f1_micro': 0.9255759986739599, 'f1_weighted': 0.9253226642650584, 'precision_macro': 0.927672097859744, 'precision_micro': 0.9255759986739599, 'precision_weighted': 0.9279383462026988, 'recall_macro': 0.9238601143073548, 'recall_micro': 0.9255759986739599, 'recall_weighted': 0.9255759986739599}
Saving model...
Model saved!
-------------------------------------------
-----------------------
Epoch 10/100
Training statistic: Loss: 0.6611, train_score: {'accuracy': 0.835295339208535, 'balanced_accuracy': 0.817102911847963, 'f1_macro': 0.8319292399777692, 'f1_micro': 0.835295339208535, 'f1_weighted': 0.8343399352561663, 'precision_macro': 0.8508373151560076, 'precision_micro': 0.835295339208535, 'precision_weighted': 0.8361761892635874, 'recall_macro': 0.817102911847963, 'recall_micro': 0.835295339208535, 'recall_weighted': 0.835295339208535}
Validation statistic: Loss: 0.3607, dev_score: {'accuracy': 0.9320404442234378, 'balanced_accuracy': 0.9301196890890056, 'f1_macro': 0.9308102364967755, 'f1_micro': 0.9320404442234378, 'f1_weighted': 0.9316764063359987, 'precision_macro': 0.9334532966352788, 'precision_micro': 0.9320404442234378, 'precision_weighted': 0.933214009388767, 'recall_macro': 0.9301196890890056, 'recall_micro': 0.9320404442234378, 'recall_weighted': 0.9320404442234378}
Saving model...
Model saved!
-------------------------------------------
-----------------------
Epoch 11/100
Training statistic: Loss: 0.6376, train_score: {'accuracy': 0.8363012187366153, 'balanced_accuracy': 0.8160295413711729, 'f1_macro': 0.8331111132320157, 'f1_micro': 0.8363012187366153, 'f1_weighted': 0.8350919060049903, 'precision_macro': 0.8556723143505188, 'precision_micro': 0.8363012187366153, 'precision_weighted': 0.8376867275420067, 'recall_macro': 0.8160295413711729, 'recall_micro': 0.8363012187366153, 'recall_weighted': 0.8363012187366153}
Validation statistic: Loss: 0.3388, dev_score: {'accuracy': 0.9300513840543676, 'balanced_accuracy': 0.928006737119048, 'f1_macro': 0.928839512816937, 'f1_micro': 0.9300513840543676, 'f1_weighted': 0.9296623156727, 'precision_macro': 0.9324190012797653, 'precision_micro': 0.9300513840543676, 'precision_weighted': 0.9319441119524312, 'recall_macro': 0.928006737119048, 'recall_micro': 0.9300513840543676, 'recall_weighted': 0.9300513840543676}
Saving model...
Model saved!
-------------------------------------------
-----------------------
Epoch 12/100
Training statistic: Loss: 0.6073, train_score: {'accuracy': 0.8389229950549665, 'balanced_accuracy': 0.8199906207687695, 'f1_macro': 0.8363650475028871, 'f1_micro': 0.8389229950549665, 'f1_weighted': 0.8377616595556234, 'precision_macro': 0.85887141528332, 'precision_micro': 0.8389229950549665, 'precision_weighted': 0.8406951091773994, 'recall_macro': 0.8199906207687695, 'recall_micro': 0.8389229950549665, 'recall_weighted': 0.8389229950549665}
Validation statistic: Loss: 0.3180, dev_score: {'accuracy': 0.9312116691529919, 'balanced_accuracy': 0.9293778538996806, 'f1_macro': 0.9299152657503018, 'f1_micro': 0.9312116691529919, 'f1_weighted': 0.9308891142597395, 'precision_macro': 0.9329846125445271, 'precision_micro': 0.9312116691529919, 'precision_weighted': 0.9330154190062532, 'recall_macro': 0.9293778538996806, 'recall_micro': 0.9312116691529919, 'recall_weighted': 0.9312116691529919}
Saving model...
Model saved!
-------------------------------------------
-----------------------
Epoch 13/100
Training statistic: Loss: 0.5932, train_score: {'accuracy': 0.8387412877853777, 'balanced_accuracy': 0.8191769090424692, 'f1_macro': 0.8355517046165298, 'f1_micro': 0.8387412877853777, 'f1_weighted': 0.8375420737715183, 'precision_macro': 0.8564871037817433, 'precision_micro': 0.8387412877853777, 'precision_weighted': 0.8397382489295695, 'recall_macro': 0.8191769090424692, 'recall_micro': 0.8387412877853777, 'recall_weighted': 0.8387412877853777}
Validation statistic: Loss: 0.3120, dev_score: {'accuracy': 0.926570528758495, 'balanced_accuracy': 0.9241297147923755, 'f1_macro': 0.925043524232127, 'f1_micro': 0.926570528758495, 'f1_weighted': 0.9262339882634644, 'precision_macro': 0.9301689470417432, 'precision_micro': 0.926570528758495, 'precision_weighted': 0.9299591810056059, 'recall_macro': 0.9241297147923755, 'recall_micro': 0.926570528758495, 'recall_weighted': 0.926570528758495}
Saving model...
Model saved!
-------------------------------------------
-----------------------
Epoch 14/100
Training statistic: Loss: 0.5839, train_score: {'accuracy': 0.8413241268316741, 'balanced_accuracy': 0.8215401497837101, 'f1_macro': 0.8380149546682951, 'f1_micro': 0.8413241268316741, 'f1_weighted': 0.8401578770507746, 'precision_macro': 0.8601607571132682, 'precision_micro': 0.8413241268316741, 'precision_weighted': 0.842805116498058, 'recall_macro': 0.8215401497837101, 'recall_micro': 0.8413241268316741, 'recall_weighted': 0.8413241268316741}
Validation statistic: Loss: 0.3148, dev_score: {'accuracy': 0.9277308138571192, 'balanced_accuracy': 0.9254526658959333, 'f1_macro': 0.926570816000614, 'f1_micro': 0.9277308138571192, 'f1_weighted': 0.927449628135033, 'precision_macro': 0.9308251602413886, 'precision_micro': 0.9277308138571192, 'precision_weighted': 0.9302123575799294, 'recall_macro': 0.9254526658959333, 'recall_micro': 0.9277308138571192, 'recall_weighted': 0.9277308138571192}
-----------------------
Epoch 15/100
Training statistic: Loss: 0.5686, train_score: {'accuracy': 0.844400171323997, 'balanced_accuracy': 0.8261153860861411, 'f1_macro': 0.8430290052721079, 'f1_micro': 0.844400171323997, 'f1_weighted': 0.8433404135956847, 'precision_macro': 0.865191958006536, 'precision_micro': 0.844400171323997, 'precision_weighted': 0.8460144666603491, 'recall_macro': 0.8261153860861411, 'recall_micro': 0.844400171323997, 'recall_weighted': 0.844400171323997}
Validation statistic: Loss: 0.2914, dev_score: {'accuracy': 0.935024034477043, 'balanced_accuracy': 0.9334235305100759, 'f1_macro': 0.9336759871412104, 'f1_micro': 0.935024034477043, 'f1_weighted': 0.9346155751186657, 'precision_macro': 0.9360057118913188, 'precision_micro': 0.935024034477043, 'precision_weighted': 0.9362277232089689, 'recall_macro': 0.9334235305100759, 'recall_micro': 0.935024034477043, 'recall_weighted': 0.935024034477043}
Saving model...
Model saved!
-------------------------------------------
-----------------------
Epoch 16/100
Training statistic: Loss: 0.5517, train_score: {'accuracy': 0.8458668085713915, 'balanced_accuracy': 0.8283717637180601, 'f1_macro': 0.8427031035710939, 'f1_micro': 0.8458668085713915, 'f1_weighted': 0.8446987238715308, 'precision_macro': 0.8621823870150369, 'precision_micro': 0.8458668085713915, 'precision_weighted': 0.8470437681411105, 'recall_macro': 0.8283717637180601, 'recall_micro': 0.8458668085713915, 'recall_weighted': 0.8458668085713915}
Validation statistic: Loss: 0.2667, dev_score: {'accuracy': 0.9408254599701641, 'balanced_accuracy': 0.9394827872821262, 'f1_macro': 0.93975272861838, 'f1_micro': 0.9408254599701641, 'f1_weighted': 0.9404948615204076, 'precision_macro': 0.9417920703709278, 'precision_micro': 0.9408254599701641, 'precision_weighted': 0.9418914004774405, 'recall_macro': 0.9394827872821262, 'recall_micro': 0.9408254599701641, 'recall_weighted': 0.9408254599701641}
Saving model...
Model saved!
-------------------------------------------
-----------------------
Epoch 17/100
Training statistic: Loss: 0.5387, train_score: {'accuracy': 0.8485145430711124, 'balanced_accuracy': 0.8315971855789466, 'f1_macro': 0.8464235714409216, 'f1_micro': 0.8485145430711124, 'f1_weighted': 0.8476417402160911, 'precision_macro': 0.865784446992374, 'precision_micro': 0.8485145430711124, 'precision_weighted': 0.8498000971786086, 'recall_macro': 0.8315971855789466, 'recall_micro': 0.8485145430711124, 'recall_weighted': 0.8485145430711124}
Validation statistic: Loss: 0.2592, dev_score: {'accuracy': 0.9404939499419858, 'balanced_accuracy': 0.9389725984515497, 'f1_macro': 0.9394119896586268, 'f1_micro': 0.9404939499419858, 'f1_weighted': 0.9402908150266591, 'precision_macro': 0.941440630916604, 'precision_micro': 0.9404939499419858, 'precision_weighted': 0.9416211481348976, 'recall_macro': 0.9389725984515497, 'recall_micro': 0.9404939499419858, 'recall_weighted': 0.9404939499419858}
Saving model...
Model saved!
-------------------------------------------
-----------------------
Epoch 18/100
Training statistic: Loss: 0.5393, train_score: {'accuracy': 0.849838410320973, 'balanced_accuracy': 0.8318377774639968, 'f1_macro': 0.8489689845360016, 'f1_micro': 0.849838410320973, 'f1_weighted': 0.8490447708933045, 'precision_macro': 0.8703620748523087, 'precision_micro': 0.849838410320973, 'precision_weighted': 0.8513468532432108, 'recall_macro': 0.8318377774639968, 'recall_micro': 0.849838410320973, 'recall_weighted': 0.849838410320973}
Validation statistic: Loss: 0.2552, dev_score: {'accuracy': 0.9444720702801259, 'balanced_accuracy': 0.9432817046154346, 'f1_macro': 0.9435994974315447, 'f1_micro': 0.9444720702801259, 'f1_weighted': 0.9443155717769255, 'precision_macro': 0.9450013662237697, 'precision_micro': 0.9444720702801259, 'precision_weighted': 0.9452123252871962, 'recall_macro': 0.9432817046154346, 'recall_micro': 0.9444720702801259, 'recall_weighted': 0.9444720702801259}
Saving model...
Model saved!
-------------------------------------------
-----------------------
Epoch 19/100
Training statistic: Loss: 0.5265, train_score: {'accuracy': 0.8498708580476851, 'balanced_accuracy': 0.8319025469270883, 'f1_macro': 0.848138658323867, 'f1_micro': 0.8498708580476851, 'f1_weighted': 0.8490784351914189, 'precision_macro': 0.8683988003209956, 'precision_micro': 0.8498708580476851, 'precision_weighted': 0.8511864501810485, 'recall_macro': 0.8319025469270883, 'recall_micro': 0.8498708580476851, 'recall_weighted': 0.8498708580476851}
Validation statistic: Loss: 0.2558, dev_score: {'accuracy': 0.9393336648433616, 'balanced_accuracy': 0.9377503380245287, 'f1_macro': 0.9381611841087448, 'f1_micro': 0.9393336648433616, 'f1_weighted': 0.9391386634479789, 'precision_macro': 0.9400310505862371, 'precision_micro': 0.9393336648433616, 'precision_weighted': 0.9403488117886005, 'recall_macro': 0.9377503380245287, 'recall_micro': 0.9393336648433616, 'recall_weighted': 0.9393336648433616}
-----------------------
Epoch 20/100
Training statistic: Loss: 0.5165, train_score: {'accuracy': 0.85406310433891, 'balanced_accuracy': 0.8368563537635397, 'f1_macro': 0.8531256549793875, 'f1_micro': 0.85406310433891, 'f1_weighted': 0.8533744893465531, 'precision_macro': 0.8738930898978404, 'precision_micro': 0.85406310433891, 'precision_weighted': 0.8556932830392958, 'recall_macro': 0.8368563537635397, 'recall_micro': 0.85406310433891, 'recall_weighted': 0.85406310433891}
Validation statistic: Loss: 0.2411, dev_score: {'accuracy': 0.945466600364661, 'balanced_accuracy': 0.9440639639044486, 'f1_macro': 0.944627560778082, 'f1_micro': 0.945466600364661, 'f1_weighted': 0.9453238751661714, 'precision_macro': 0.946241719870122, 'precision_micro': 0.945466600364661, 'precision_weighted': 0.9461956181788037, 'recall_macro': 0.9440639639044486, 'recall_micro': 0.945466600364661, 'recall_weighted': 0.945466600364661}
Saving model...
Model saved!
-------------------------------------------
-----------------------
Epoch 21/100
Training statistic: Loss: 0.5231, train_score: {'accuracy': 0.8514543071112438, 'balanced_accuracy': 0.8349055914690643, 'f1_macro': 0.8489516067142668, 'f1_micro': 0.8514543071112438, 'f1_weighted': 0.8502975017099367, 'precision_macro': 0.8676062429586725, 'precision_micro': 0.8514543071112438, 'precision_weighted': 0.8525881237276041, 'recall_macro': 0.8349055914690643, 'recall_micro': 0.8514543071112438, 'recall_weighted': 0.8514543071112438}
Validation statistic: Loss: 0.2545, dev_score: {'accuracy': 0.9381733797447372, 'balanced_accuracy': 0.9366753918404163, 'f1_macro': 0.9371822906689957, 'f1_micro': 0.9381733797447372, 'f1_weighted': 0.937823770619772, 'precision_macro': 0.9399555832912663, 'precision_micro': 0.9381733797447372, 'precision_weighted': 0.9396987096713016, 'recall_macro': 0.9366753918404163, 'recall_micro': 0.9381733797447372, 'recall_weighted': 0.9381733797447372}
-----------------------
Epoch 22/100
Training statistic: Loss: 0.5135, train_score: {'accuracy': 0.8546796111464431, 'balanced_accuracy': 0.8355375403311681, 'f1_macro': 0.8528985951262413, 'f1_micro': 0.8546796111464431, 'f1_weighted': 0.8538372403712655, 'precision_macro': 0.8753209812295047, 'precision_micro': 0.8546796111464431, 'precision_weighted': 0.856419056535528, 'recall_macro': 0.8355375403311681, 'recall_micro': 0.8546796111464431, 'recall_weighted': 0.8546796111464431}
Validation statistic: Loss: 0.2503, dev_score: {'accuracy': 0.9386706447870048, 'balanced_accuracy': 0.9367908182927861, 'f1_macro': 0.9375462535332575, 'f1_micro': 0.9386706447870048, 'f1_weighted': 0.9385547532884323, 'precision_macro': 0.9410687538318954, 'precision_micro': 0.9386706447870048, 'precision_weighted': 0.941100955912493, 'recall_macro': 0.9367908182927861, 'recall_micro': 0.9386706447870048, 'recall_weighted': 0.9386706447870048}
-----------------------
Epoch 23/100
Training statistic: Loss: 0.5030, train_score: {'accuracy': 0.8572105338299999, 'balanced_accuracy': 0.841133284222126, 'f1_macro': 0.8566453679853563, 'f1_micro': 0.8572105338299999, 'f1_weighted': 0.856397005672487, 'precision_macro': 0.8759416948855266, 'precision_micro': 0.8572105338299999, 'precision_weighted': 0.858468177087801, 'recall_macro': 0.841133284222126, 'recall_micro': 0.8572105338299999, 'recall_weighted': 0.8572105338299999}
Validation statistic: Loss: 0.2292, dev_score: {'accuracy': 0.9469583954914637, 'balanced_accuracy': 0.9456429896527083, 'f1_macro': 0.9460506577037213, 'f1_micro': 0.9469583954914637, 'f1_weighted': 0.946711142917638, 'precision_macro': 0.9476309827711609, 'precision_micro': 0.9469583954914637, 'precision_weighted': 0.9476074898728392, 'recall_macro': 0.9456429896527083, 'recall_micro': 0.9469583954914637, 'recall_weighted': 0.9469583954914637}
Saving model...
Model saved!
-------------------------------------------
-----------------------
Epoch 24/100
Training statistic: Loss: 0.4982, train_score: {'accuracy': 0.8594559165184887, 'balanced_accuracy': 0.844341948328367, 'f1_macro': 0.8583108766450194, 'f1_micro': 0.8594559165184887, 'f1_weighted': 0.8586205387932707, 'precision_macro': 0.8752615864562923, 'precision_micro': 0.8594559165184887, 'precision_weighted': 0.8601600050354836, 'recall_macro': 0.844341948328367, 'recall_micro': 0.8594559165184887, 'recall_weighted': 0.8594559165184887}
Validation statistic: Loss: 0.2275, dev_score: {'accuracy': 0.9444720702801259, 'balanced_accuracy': 0.9430756941353741, 'f1_macro': 0.9433393614215726, 'f1_micro': 0.9444720702801259, 'f1_weighted': 0.9441313953198437, 'precision_macro': 0.944995046417184, 'precision_micro': 0.9444720702801259, 'precision_weighted': 0.9451578898415013, 'recall_macro': 0.9430756941353741, 'recall_micro': 0.9444720702801259, 'recall_weighted': 0.9444720702801259}
Saving model...
Model saved!
-------------------------------------------
-----------------------
Epoch 25/100
Training statistic: Loss: 0.5002, train_score: {'accuracy': 0.8573792620089037, 'balanced_accuracy': 0.8402628654465609, 'f1_macro': 0.8561372108705061, 'f1_micro': 0.8573792620089037, 'f1_weighted': 0.8566818442563111, 'precision_macro': 0.8756649375677386, 'precision_micro': 0.8573792620089037, 'precision_weighted': 0.8585672968219697, 'recall_macro': 0.8402628654465609, 'recall_micro': 0.8573792620089037, 'recall_weighted': 0.8573792620089037}
Validation statistic: Loss: 0.2355, dev_score: {'accuracy': 0.9429802751533234, 'balanced_accuracy': 0.9414572516990323, 'f1_macro': 0.9420436087830748, 'f1_micro': 0.9429802751533234, 'f1_weighted': 0.9426517507755152, 'precision_macro': 0.9445576997831614, 'precision_micro': 0.9429802751533234, 'precision_weighted': 0.9442048214311701, 'recall_macro': 0.9414572516990323, 'recall_micro': 0.9429802751533234, 'recall_weighted': 0.9429802751533234}
-----------------------
Epoch 26/100
Training statistic: Loss: 0.4919, train_score: {'accuracy': 0.8592806987942425, 'balanced_accuracy': 0.8445834758586491, 'f1_macro': 0.8591889887817251, 'f1_micro': 0.8592806987942425, 'f1_weighted': 0.8586090300538264, 'precision_macro': 0.8771327706456079, 'precision_micro': 0.8592806987942425, 'precision_weighted': 0.8603258413668471, 'recall_macro': 0.8445834758586491, 'recall_micro': 0.8592806987942425, 'recall_weighted': 0.8592806987942425}
Validation statistic: Loss: 0.2215, dev_score: {'accuracy': 0.9424830101110558, 'balanced_accuracy': 0.9410647813277375, 'f1_macro': 0.9415039792070028, 'f1_micro': 0.9424830101110558, 'f1_weighted': 0.9421031528686139, 'precision_macro': 0.9436836033248441, 'precision_micro': 0.9424830101110558, 'precision_weighted': 0.943438993325104, 'recall_macro': 0.9410647813277375, 'recall_micro': 0.9424830101110558, 'recall_weighted': 0.9424830101110558}
Saving model...
Model saved!
-------------------------------------------
-----------------------
Epoch 27/100
Training statistic: Loss: 0.4941, train_score: {'accuracy': 0.858716108349449, 'balanced_accuracy': 0.8420615660731874, 'f1_macro': 0.8576041653493102, 'f1_micro': 0.858716108349449, 'f1_weighted': 0.8578771876441785, 'precision_macro': 0.8778703593345988, 'precision_micro': 0.858716108349449, 'precision_weighted': 0.8603219580672244, 'recall_macro': 0.8420615660731874, 'recall_micro': 0.858716108349449, 'recall_weighted': 0.858716108349449}
Validation statistic: Loss: 0.2425, dev_score: {'accuracy': 0.9406597049560749, 'balanced_accuracy': 0.9389330543055893, 'f1_macro': 0.9396407345822377, 'f1_micro': 0.9406597049560749, 'f1_weighted': 0.9402833837744554, 'precision_macro': 0.9428015626286832, 'precision_micro': 0.9406597049560749, 'precision_weighted': 0.9423061403234237, 'recall_macro': 0.9389330543055893, 'recall_micro': 0.9406597049560749, 'recall_weighted': 0.9406597049560749}
-----------------------
Epoch 28/100
Training statistic: Loss: 0.4898, train_score: {'accuracy': 0.8618116214777992, 'balanced_accuracy': 0.8465411964378321, 'f1_macro': 0.8610371875269841, 'f1_micro': 0.8618116214777992, 'f1_weighted': 0.8611694889812174, 'precision_macro': 0.8787603621342456, 'precision_micro': 0.8618116214777992, 'precision_weighted': 0.8627812744485033, 'recall_macro': 0.8465411964378321, 'recall_micro': 0.8618116214777992, 'recall_weighted': 0.8618116214777992}
Validation statistic: Loss: 0.2274, dev_score: {'accuracy': 0.9477871705619095, 'balanced_accuracy': 0.9463932834452857, 'f1_macro': 0.9470401263328382, 'f1_micro': 0.9477871705619095, 'f1_weighted': 0.9475317588544123, 'precision_macro': 0.9491193154670992, 'precision_micro': 0.9477871705619095, 'precision_weighted': 0.9486800299265654, 'recall_macro': 0.9463932834452857, 'recall_micro': 0.9477871705619095, 'recall_weighted': 0.9477871705619095}
-----------------------
Epoch 29/100
Training statistic: Loss: 0.4863, train_score: {'accuracy': 0.8636416732643711, 'balanced_accuracy': 0.8494326094343883, 'f1_macro': 0.863632330615195, 'f1_micro': 0.8636416732643711, 'f1_weighted': 0.8630821490187697, 'precision_macro': 0.8807279185734964, 'precision_micro': 0.8636416732643711, 'precision_weighted': 0.8646527638145606, 'recall_macro': 0.8494326094343883, 'recall_micro': 0.8636416732643711, 'recall_weighted': 0.8636416732643711}
Validation statistic: Loss: 0.2208, dev_score: {'accuracy': 0.9474556605337311, 'balanced_accuracy': 0.9460598245397088, 'f1_macro': 0.9468875897434259, 'f1_micro': 0.9474556605337311, 'f1_weighted': 0.9472826742844993, 'precision_macro': 0.9491167501555557, 'precision_micro': 0.9474556605337311, 'precision_weighted': 0.9484819009281779, 'recall_macro': 0.9460598245397088, 'recall_micro': 0.9474556605337311, 'recall_weighted': 0.9474556605337311}
Saving model...
Model saved!
-------------------------------------------
-----------------------
Epoch 30/100
Training statistic: Loss: 0.4746, train_score: {'accuracy': 0.8650174568769712, 'balanced_accuracy': 0.8517790291755432, 'f1_macro': 0.8652331363740261, 'f1_micro': 0.8650174568769712, 'f1_weighted': 0.8646782574980023, 'precision_macro': 0.8810405679346813, 'precision_micro': 0.8650174568769712, 'precision_weighted': 0.8659983454578815, 'recall_macro': 0.8517790291755432, 'recall_micro': 0.8650174568769712, 'recall_weighted': 0.8650174568769712}
Validation statistic: Loss: 0.2042, dev_score: {'accuracy': 0.9486159456323554, 'balanced_accuracy': 0.9473949500245441, 'f1_macro': 0.9480737262516964, 'f1_micro': 0.9486159456323554, 'f1_weighted': 0.9484630420837581, 'precision_macro': 0.9495604478989567, 'precision_micro': 0.9486159456323554, 'precision_weighted': 0.9491162905417795, 'recall_macro': 0.9473949500245441, 'recall_micro': 0.9486159456323554, 'recall_weighted': 0.9486159456323554}
Saving model...
Model saved!
-------------------------------------------
-----------------------
Epoch 31/100
Training statistic: Loss: 0.4780, train_score: {'accuracy': 0.8654976832323128, 'balanced_accuracy': 0.8509734802136812, 'f1_macro': 0.86554193285467, 'f1_micro': 0.8654976832323128, 'f1_weighted': 0.8651004537479019, 'precision_macro': 0.8832315936677793, 'precision_micro': 0.8654976832323128, 'precision_weighted': 0.866783036009089, 'recall_macro': 0.8509734802136812, 'recall_micro': 0.8654976832323128, 'recall_weighted': 0.8654976832323128}
Validation statistic: Loss: 0.2218, dev_score: {'accuracy': 0.9487817006464445, 'balanced_accuracy': 0.9474466733722415, 'f1_macro': 0.9479724171680459, 'f1_micro': 0.9487817006464445, 'f1_weighted': 0.9486882872732799, 'precision_macro': 0.9497589873423842, 'precision_micro': 0.9487817006464445, 'precision_weighted': 0.9498211496241475, 'recall_macro': 0.9474466733722415, 'recall_micro': 0.9487817006464445, 'recall_weighted': 0.9487817006464445}
-----------------------
Epoch 32/100
Training statistic: Loss: 0.4805, train_score: {'accuracy': 0.8664062195802562, 'balanced_accuracy': 0.8533789510027692, 'f1_macro': 0.8666907186911447, 'f1_micro': 0.8664062195802562, 'f1_weighted': 0.8659165384347245, 'precision_macro': 0.8828422596127135, 'precision_micro': 0.8664062195802562, 'precision_weighted': 0.8673399020898073, 'recall_macro': 0.8533789510027692, 'recall_micro': 0.8664062195802562, 'recall_weighted': 0.8664062195802562}
Validation statistic: Loss: 0.2210, dev_score: {'accuracy': 0.9492789656887121, 'balanced_accuracy': 0.9477184818708364, 'f1_macro': 0.9487265405886035, 'f1_micro': 0.9492789656887121, 'f1_weighted': 0.9491740818107381, 'precision_macro': 0.95096489236231, 'precision_micro': 0.9492789656887121, 'precision_weighted': 0.9502708674864373, 'recall_macro': 0.9477184818708364, 'recall_micro': 0.9492789656887121, 'recall_weighted': 0.9492789656887121}
-----------------------
Epoch 33/100
Training statistic: Loss: 0.4711, train_score: {'accuracy': 0.8693589627110725, 'balanced_accuracy': 0.8555790036067241, 'f1_macro': 0.8696314771590459, 'f1_micro': 0.8693589627110725, 'f1_weighted': 0.8688497166317621, 'precision_macro': 0.8864526083140097, 'precision_micro': 0.8693589627110725, 'precision_weighted': 0.8702925568861168, 'recall_macro': 0.8555790036067241, 'recall_micro': 0.8693589627110725, 'recall_weighted': 0.8693589627110725}
Validation statistic: Loss: 0.2185, dev_score: {'accuracy': 0.9497762307309796, 'balanced_accuracy': 0.9484947318433479, 'f1_macro': 0.9492061593072461, 'f1_micro': 0.9497762307309796, 'f1_weighted': 0.9496762086088154, 'precision_macro': 0.9511159797634938, 'precision_micro': 0.9497762307309796, 'precision_weighted': 0.9507496763716264, 'recall_macro': 0.9484947318433479, 'recall_micro': 0.9497762307309796, 'recall_weighted': 0.9497762307309796}
-----------------------
Epoch 34/100
Training statistic: Loss: 0.4682, train_score: {'accuracy': 0.8690085272625799, 'balanced_accuracy': 0.8564075424101383, 'f1_macro': 0.8688507958082257, 'f1_micro': 0.8690085272625799, 'f1_weighted': 0.8683093287910731, 'precision_macro': 0.8841162630106043, 'precision_micro': 0.8690085272625799, 'precision_weighted': 0.8697391359260124, 'recall_macro': 0.8564075424101383, 'recall_micro': 0.8690085272625799, 'recall_weighted': 0.8690085272625799}
Validation statistic: Loss: 0.2246, dev_score: {'accuracy': 0.9462953754351069, 'balanced_accuracy': 0.9444781367506818, 'f1_macro': 0.9455133352738707, 'f1_micro': 0.9462953754351069, 'f1_weighted': 0.9461184304819781, 'precision_macro': 0.9481239366618055, 'precision_micro': 0.9462953754351069, 'precision_weighted': 0.9474809331647938, 'recall_macro': 0.9444781367506818, 'recall_micro': 0.9462953754351069, 'recall_weighted': 0.9462953754351069}
-----------------------
Epoch 35/100
Training statistic: Loss: 0.4730, train_score: {'accuracy': 0.8678533881916233, 'balanced_accuracy': 0.8522602797211307, 'f1_macro': 0.8674362634551551, 'f1_micro': 0.8678533881916233, 'f1_weighted': 0.867104091778972, 'precision_macro': 0.8861518184206055, 'precision_micro': 0.8678533881916233, 'precision_weighted': 0.8690328780257472, 'recall_macro': 0.8522602797211307, 'recall_micro': 0.8678533881916233, 'recall_weighted': 0.8678533881916233}
Validation statistic: Loss: 0.2376, dev_score: {'accuracy': 0.9403281949278965, 'balanced_accuracy': 0.9386211206143711, 'f1_macro': 0.9392327580970127, 'f1_micro': 0.9403281949278965, 'f1_weighted': 0.9400359867050075, 'precision_macro': 0.9425281733175765, 'precision_micro': 0.9403281949278965, 'precision_weighted': 0.94234884474729, 'recall_macro': 0.9386211206143711, 'recall_micro': 0.9403281949278965, 'recall_weighted': 0.9403281949278965}
-----------------------
Epoch 36/100
Training statistic: Loss: 0.4617, train_score: {'accuracy': 0.8706049554168235, 'balanced_accuracy': 0.8545988981324655, 'f1_macro': 0.8709104703395258, 'f1_micro': 0.8706049554168235, 'f1_weighted': 0.8700936033781648, 'precision_macro': 0.8905445848883021, 'precision_micro': 0.8706049554168235, 'precision_weighted': 0.8720475578768291, 'recall_macro': 0.8545988981324655, 'recall_micro': 0.8706049554168235, 'recall_weighted': 0.8706049554168235}
Validation statistic: Loss: 0.2127, dev_score: {'accuracy': 0.9464611304491961, 'balanced_accuracy': 0.9452570225051629, 'f1_macro': 0.9457136810163986, 'f1_micro': 0.9464611304491961, 'f1_weighted': 0.9462561664045842, 'precision_macro': 0.9472564413838249, 'precision_micro': 0.9464611304491961, 'precision_weighted': 0.947120431107704, 'recall_macro': 0.9452570225051629, 'recall_micro': 0.9464611304491961, 'recall_weighted': 0.9464611304491961}
-----------------------
Epoch 37/100
Training statistic: Loss: 0.4662, train_score: {'accuracy': 0.8720910613002453, 'balanced_accuracy': 0.8582316792319322, 'f1_macro': 0.871603425716749, 'f1_micro': 0.8720910613002453, 'f1_weighted': 0.8715856413935279, 'precision_macro': 0.8878437994143524, 'precision_micro': 0.8720910613002453, 'precision_weighted': 0.8730286943672029, 'recall_macro': 0.8582316792319322, 'recall_micro': 0.8720910613002453, 'recall_weighted': 0.8720910613002453}
Validation statistic: Loss: 0.2138, dev_score: {'accuracy': 0.9487817006464445, 'balanced_accuracy': 0.9474007626348208, 'f1_macro': 0.9482771971755211, 'f1_micro': 0.9487817006464445, 'f1_weighted': 0.9486594667649063, 'precision_macro': 0.9502548400764981, 'precision_micro': 0.9487817006464445, 'precision_weighted': 0.9496157249937531, 'recall_macro': 0.9474007626348208, 'recall_micro': 0.9487817006464445, 'recall_weighted': 0.9487817006464445}
-----------------------
Epoch 38/100
Training statistic: Loss: 0.4625, train_score: {'accuracy': 0.8716757303983282, 'balanced_accuracy': 0.8556568864555713, 'f1_macro': 0.8709855488892373, 'f1_micro': 0.8716757303983282, 'f1_weighted': 0.8708347121702733, 'precision_macro': 0.8904731922729676, 'precision_micro': 0.8716757303983282, 'precision_weighted': 0.8731807318498338, 'recall_macro': 0.8556568864555713, 'recall_micro': 0.8716757303983282, 'recall_weighted': 0.8716757303983282}
Validation statistic: Loss: 0.2351, dev_score: {'accuracy': 0.9453008453505719, 'balanced_accuracy': 0.9437198693170009, 'f1_macro': 0.944717923260528, 'f1_micro': 0.9453008453505719, 'f1_weighted': 0.9452279281433842, 'precision_macro': 0.9475838122898516, 'precision_micro': 0.9453008453505719, 'precision_weighted': 0.9469958438000419, 'recall_macro': 0.9437198693170009, 'recall_micro': 0.9453008453505719, 'recall_weighted': 0.9453008453505719}
-----------------------
Epoch 39/100
Training statistic: Loss: 0.4548, train_score: {'accuracy': 0.8734863135488727, 'balanced_accuracy': 0.8605848499727804, 'f1_macro': 0.8730178698342822, 'f1_micro': 0.8734863135488727, 'f1_weighted': 0.8728640265699351, 'precision_macro': 0.887991211075214, 'precision_micro': 0.8734863135488727, 'precision_weighted': 0.8741154788295125, 'recall_macro': 0.8605848499727804, 'recall_micro': 0.8734863135488727, 'recall_weighted': 0.8734863135488727}
Validation statistic: Loss: 0.1991, dev_score: {'accuracy': 0.9527598209845848, 'balanced_accuracy': 0.9514961376182889, 'f1_macro': 0.9524014379451483, 'f1_micro': 0.9527598209845848, 'f1_weighted': 0.952607176698721, 'precision_macro': 0.9543238940568284, 'precision_micro': 0.9527598209845848, 'precision_weighted': 0.9534743315260402, 'recall_macro': 0.9514961376182889, 'recall_micro': 0.9527598209845848, 'recall_weighted': 0.9527598209845848}
Saving model...
Model saved!
-------------------------------------------
-----------------------
Epoch 40/100
Training statistic: Loss: 0.4591, train_score: {'accuracy': 0.8704232481472348, 'balanced_accuracy': 0.8537858510203291, 'f1_macro': 0.8700372384606012, 'f1_micro': 0.8704232481472348, 'f1_weighted': 0.8699085681595344, 'precision_macro': 0.8893336655247556, 'precision_micro': 0.8704232481472348, 'precision_weighted': 0.8717250482520974, 'recall_macro': 0.8537858510203291, 'recall_micro': 0.8704232481472348, 'recall_weighted': 0.8704232481472348}
Validation statistic: Loss: 0.2260, dev_score: {'accuracy': 0.94364329520968, 'balanced_accuracy': 0.9418549968581447, 'f1_macro': 0.9432838992426087, 'f1_micro': 0.94364329520968, 'f1_weighted': 0.9436983859376085, 'precision_macro': 0.9461094290229177, 'precision_micro': 0.94364329520968, 'precision_weighted': 0.9451574936647053, 'recall_macro': 0.9418549968581447, 'recall_micro': 0.94364329520968, 'recall_weighted': 0.94364329520968}
-----------------------
Epoch 41/100
Training statistic: Loss: 0.4525, train_score: {'accuracy': 0.8755499889677729, 'balanced_accuracy': 0.861048267764656, 'f1_macro': 0.8745955767039805, 'f1_micro': 0.8755499889677729, 'f1_weighted': 0.875207861286749, 'precision_macro': 0.8912282198785304, 'precision_micro': 0.8755499889677729, 'precision_weighted': 0.8767806680998714, 'recall_macro': 0.861048267764656, 'recall_micro': 0.8755499889677729, 'recall_weighted': 0.8755499889677729}
Validation statistic: Loss: 0.2098, dev_score: {'accuracy': 0.9492789656887121, 'balanced_accuracy': 0.9475266421998005, 'f1_macro': 0.9487180650860714, 'f1_micro': 0.9492789656887121, 'f1_weighted': 0.9491967975609997, 'precision_macro': 0.9514190886511343, 'precision_micro': 0.9492789656887121, 'precision_weighted': 0.9505756181061177, 'recall_macro': 0.9475266421998005, 'recall_micro': 0.9492789656887121, 'recall_weighted': 0.9492789656887121}
-----------------------
Epoch 42/100
Training statistic: Loss: 0.4444, train_score: {'accuracy': 0.8776006852959881, 'balanced_accuracy': 0.8618008092164284, 'f1_macro': 0.8776105224812772, 'f1_micro': 0.8776006852959881, 'f1_weighted': 0.8771463418980253, 'precision_macro': 0.8965905880573043, 'precision_micro': 0.8776006852959881, 'precision_weighted': 0.8789375527153834, 'recall_macro': 0.8618008092164284, 'recall_micro': 0.8776006852959881, 'recall_weighted': 0.8776006852959881}
Validation statistic: Loss: 0.2060, dev_score: {'accuracy': 0.949113210674623, 'balanced_accuracy': 0.9475746770025706, 'f1_macro': 0.9485703043831976, 'f1_micro': 0.949113210674623, 'f1_weighted': 0.9490441643919848, 'precision_macro': 0.9510934677478495, 'precision_micro': 0.949113210674623, 'precision_weighted': 0.9504693455241211, 'recall_macro': 0.9475746770025706, 'recall_micro': 0.949113210674623, 'recall_weighted': 0.949113210674623}
-----------------------
Epoch 43/100
Training statistic: Loss: 0.4510, train_score: {'accuracy': 0.8762768180461277, 'balanced_accuracy': 0.8606341847634991, 'f1_macro': 0.8762962191243826, 'f1_micro': 0.8762768180461277, 'f1_weighted': 0.8758402898665385, 'precision_macro': 0.894872423341677, 'precision_micro': 0.8762768180461277, 'precision_weighted': 0.8775326567947389, 'recall_macro': 0.8606341847634991, 'recall_micro': 0.8762768180461277, 'recall_weighted': 0.8762768180461277}
Validation statistic: Loss: 0.2111, dev_score: {'accuracy': 0.9497762307309796, 'balanced_accuracy': 0.9481097906853726, 'f1_macro': 0.9491967433909341, 'f1_micro': 0.9497762307309796, 'f1_weighted': 0.9497343107075088, 'precision_macro': 0.9516994561864637, 'precision_micro': 0.9497762307309796, 'precision_weighted': 0.9510812229816947, 'recall_macro': 0.9481097906853726, 'recall_micro': 0.9497762307309796, 'recall_weighted': 0.9497762307309796}
-----------------------
Epoch 44/100
Training statistic: Loss: 0.4515, train_score: {'accuracy': 0.8779316521084533, 'balanced_accuracy': 0.8670834366449173, 'f1_macro': 0.8772984409025805, 'f1_micro': 0.8779316521084533, 'f1_weighted': 0.877585828649076, 'precision_macro': 0.8891326086057696, 'precision_micro': 0.8779316521084533, 'precision_weighted': 0.8783431320349779, 'recall_macro': 0.8670834366449173, 'recall_micro': 0.8779316521084533, 'recall_weighted': 0.8779316521084533}
Validation statistic: Loss: 0.2242, dev_score: {'accuracy': 0.9456323553787502, 'balanced_accuracy': 0.9438046091288813, 'f1_macro': 0.9448734980289781, 'f1_micro': 0.9456323553787502, 'f1_weighted': 0.9456237306985872, 'precision_macro': 0.9477861048732343, 'precision_micro': 0.9456323553787502, 'precision_weighted': 0.9474067301087823, 'recall_macro': 0.9438046091288813, 'recall_micro': 0.9456323553787502, 'recall_weighted': 0.9456323553787502}
-----------------------
Epoch 45/100
Training statistic: Loss: 0.4301, train_score: {'accuracy': 0.8816566511350215, 'balanced_accuracy': 0.8699598614496742, 'f1_macro': 0.8821265128294498, 'f1_micro': 0.8816566511350215, 'f1_weighted': 0.8813388825887267, 'precision_macro': 0.8962424777410547, 'precision_micro': 0.8816566511350215, 'precision_weighted': 0.8824057095940459, 'recall_macro': 0.8699598614496742, 'recall_micro': 0.8816566511350215, 'recall_weighted': 0.8816566511350215}
Validation statistic: Loss: 0.1949, dev_score: {'accuracy': 0.9525940659704956, 'balanced_accuracy': 0.9512676791401093, 'f1_macro': 0.9521781590676666, 'f1_micro': 0.9525940659704956, 'f1_weighted': 0.952587286172912, 'precision_macro': 0.9539336346384519, 'precision_micro': 0.9525940659704956, 'precision_weighted': 0.953405569644873, 'recall_macro': 0.9512676791401093, 'recall_micro': 0.9525940659704956, 'recall_weighted': 0.9525940659704956}
Saving model...
Model saved!
-------------------------------------------
-----------------------
Epoch 46/100
Training statistic: Loss: 0.4418, train_score: {'accuracy': 0.8794437161732449, 'balanced_accuracy': 0.8662147874339163, 'f1_macro': 0.8791155712873182, 'f1_micro': 0.8794437161732449, 'f1_weighted': 0.8790933763651528, 'precision_macro': 0.8946943818214566, 'precision_micro': 0.8794437161732449, 'precision_weighted': 0.8804372511250377, 'recall_macro': 0.8662147874339163, 'recall_micro': 0.8794437161732449, 'recall_weighted': 0.8794437161732449}
Validation statistic: Loss: 0.2114, dev_score: {'accuracy': 0.9471241505055528, 'balanced_accuracy': 0.9455742742095957, 'f1_macro': 0.946555928486104, 'f1_micro': 0.9471241505055528, 'f1_weighted': 0.9470802225846153, 'precision_macro': 0.9489100363749661, 'precision_micro': 0.9471241505055528, 'precision_weighted': 0.9483742330703414, 'recall_macro': 0.9455742742095957, 'recall_micro': 0.9471241505055528, 'recall_weighted': 0.9471241505055528}
-----------------------
Epoch 47/100
Training statistic: Loss: 0.4348, train_score: {'accuracy': 0.8820395343102262, 'balanced_accuracy': 0.8701157173775875, 'f1_macro': 0.8823432407090339, 'f1_micro': 0.8820395343102262, 'f1_weighted': 0.881716316303937, 'precision_macro': 0.896467023259162, 'precision_micro': 0.8820395343102262, 'precision_weighted': 0.8828038751290045, 'recall_macro': 0.8701157173775875, 'recall_micro': 0.8820395343102262, 'recall_weighted': 0.8820395343102262}
Validation statistic: Loss: 0.1983, dev_score: {'accuracy': 0.9519310459141389, 'balanced_accuracy': 0.9505598153985751, 'f1_macro': 0.9514576307610699, 'f1_micro': 0.9519310459141389, 'f1_weighted': 0.951887998138664, 'precision_macro': 0.953305412873711, 'precision_micro': 0.9519310459141389, 'precision_weighted': 0.9527804673267898, 'recall_macro': 0.9505598153985751, 'recall_micro': 0.9519310459141389, 'recall_weighted': 0.9519310459141389}
-----------------------
Epoch 48/100
Training statistic: Loss: 0.4386, train_score: {'accuracy': 0.8819746388568017, 'balanced_accuracy': 0.8659106599909325, 'f1_macro': 0.8812722727137341, 'f1_micro': 0.8819746388568017, 'f1_weighted': 0.8815680029433657, 'precision_macro': 0.8997134549485635, 'precision_micro': 0.8819746388568017, 'precision_weighted': 0.8832514190357306, 'recall_macro': 0.8659106599909325, 'recall_micro': 0.8819746388568017, 'recall_weighted': 0.8819746388568017}
Validation statistic: Loss: 0.2132, dev_score: {'accuracy': 0.947289905519642, 'balanced_accuracy': 0.9455869914278289, 'f1_macro': 0.9465335740355234, 'f1_micro': 0.947289905519642, 'f1_weighted': 0.9472222119814316, 'precision_macro': 0.948815608645844, 'precision_micro': 0.947289905519642, 'precision_weighted': 0.9484503896668813, 'recall_macro': 0.9455869914278289, 'recall_micro': 0.947289905519642, 'recall_weighted': 0.947289905519642}
-----------------------
Epoch 49/100
Training statistic: Loss: 0.4285, train_score: {'accuracy': 0.8832595688346074, 'balanced_accuracy': 0.8699433947837217, 'f1_macro': 0.882904477442934, 'f1_micro': 0.8832595688346074, 'f1_weighted': 0.8827057211315432, 'precision_macro': 0.8988038720829172, 'precision_micro': 0.8832595688346074, 'precision_weighted': 0.8842720863398537, 'recall_macro': 0.8699433947837217, 'recall_micro': 0.8832595688346074, 'recall_weighted': 0.8832595688346074}
Validation statistic: Loss: 0.1981, dev_score: {'accuracy': 0.9517652909000497, 'balanced_accuracy': 0.950359862047353, 'f1_macro': 0.9511485726219051, 'f1_micro': 0.9517652909000497, 'f1_weighted': 0.9516822724693175, 'precision_macro': 0.9532083681810825, 'precision_micro': 0.9517652909000497, 'precision_weighted': 0.9528466163303034, 'recall_macro': 0.950359862047353, 'recall_micro': 0.9517652909000497, 'recall_weighted': 0.9517652909000497}
-----------------------
Epoch 50/100
Training statistic: Loss: 0.4297, train_score: {'accuracy': 0.8839799083676197, 'balanced_accuracy': 0.8675023247967154, 'f1_macro': 0.8831149018608311, 'f1_micro': 0.8839799083676197, 'f1_weighted': 0.883453480551048, 'precision_macro': 0.9029577589500482, 'precision_micro': 0.8839799083676197, 'precision_weighted': 0.8856458806871556, 'recall_macro': 0.8675023247967154, 'recall_micro': 0.8839799083676197, 'recall_weighted': 0.8839799083676197}
Validation statistic: Loss: 0.1981, dev_score: {'accuracy': 0.9494447207028013, 'balanced_accuracy': 0.947867576032827, 'f1_macro': 0.9489525263865856, 'f1_micro': 0.9494447207028013, 'f1_weighted': 0.949442682116937, 'precision_macro': 0.9513934005557567, 'precision_micro': 0.9494447207028013, 'precision_weighted': 0.950760614610563, 'recall_macro': 0.947867576032827, 'recall_micro': 0.9494447207028013, 'recall_weighted': 0.9494447207028013}
-----------------------
Epoch 51/100
Training statistic: Loss: 0.4350, train_score: {'accuracy': 0.884512051085701, 'balanced_accuracy': 0.869662470281195, 'f1_macro': 0.8841052822886493, 'f1_micro': 0.884512051085701, 'f1_weighted': 0.8842068131597323, 'precision_macro': 0.9012622437386678, 'precision_micro': 0.884512051085701, 'precision_weighted': 0.885735849608172, 'recall_macro': 0.869662470281195, 'recall_micro': 0.884512051085701, 'recall_weighted': 0.884512051085701}
Validation statistic: Loss: 0.2052, dev_score: {'accuracy': 0.9506050058014255, 'balanced_accuracy': 0.9490481671680758, 'f1_macro': 0.9500734845495249, 'f1_micro': 0.9506050058014255, 'f1_weighted': 0.9505743443696905, 'precision_macro': 0.9523789116379493, 'precision_micro': 0.9506050058014255, 'precision_weighted': 0.9517949179215546, 'recall_macro': 0.9490481671680758, 'recall_micro': 0.9506050058014255, 'recall_weighted': 0.9506050058014255}
-----------------------
Epoch 52/100
Training statistic: Loss: 0.4267, train_score: {'accuracy': 0.8850117460770699, 'balanced_accuracy': 0.8729009094945226, 'f1_macro': 0.8846887128598506, 'f1_micro': 0.8850117460770699, 'f1_weighted': 0.8845815180917292, 'precision_macro': 0.8986883904828076, 'precision_micro': 0.8850117460770699, 'precision_weighted': 0.8856621716272215, 'recall_macro': 0.8729009094945226, 'recall_micro': 0.8850117460770699, 'recall_weighted': 0.8850117460770699}
Validation statistic: Loss: 0.2175, dev_score: {'accuracy': 0.9502734957732472, 'balanced_accuracy': 0.9486949508464283, 'f1_macro': 0.9495313993631875, 'f1_micro': 0.9502734957732472, 'f1_weighted': 0.9502512774315387, 'precision_macro': 0.9517184195468312, 'precision_micro': 0.9502734957732472, 'precision_weighted': 0.9515311607227182, 'recall_macro': 0.9486949508464283, 'recall_micro': 0.9502734957732472, 'recall_weighted': 0.9502734957732472}
-----------------------
Epoch 53/100
Training statistic: Loss: 0.4224, train_score: {'accuracy': 0.8854205874336444, 'balanced_accuracy': 0.869527253271541, 'f1_macro': 0.8850869787712747, 'f1_micro': 0.8854205874336444, 'f1_weighted': 0.8850540360359066, 'precision_macro': 0.9033576933732098, 'precision_micro': 0.8854205874336444, 'precision_weighted': 0.8866390490952714, 'recall_macro': 0.869527253271541, 'recall_micro': 0.8854205874336444, 'recall_weighted': 0.8854205874336444}
Validation statistic: Loss: 0.2024, dev_score: {'accuracy': 0.9535885960550307, 'balanced_accuracy': 0.9522300891965436, 'f1_macro': 0.9530078548490228, 'f1_micro': 0.9535885960550307, 'f1_weighted': 0.9535537905565543, 'precision_macro': 0.9547444833328399, 'precision_micro': 0.9535885960550307, 'precision_weighted': 0.9544513077369017, 'recall_macro': 0.9522300891965436, 'recall_micro': 0.9535885960550307, 'recall_weighted': 0.9535885960550307}
-----------------------
Epoch 54/100
Training statistic: Loss: 0.4134, train_score: {'accuracy': 0.8893078250937739, 'balanced_accuracy': 0.8775966078368083, 'f1_macro': 0.8889343588909412, 'f1_micro': 0.8893078250937739, 'f1_weighted': 0.8890085943751626, 'precision_macro': 0.9019826698973675, 'precision_micro': 0.8893078250937739, 'precision_weighted': 0.8899008994876698, 'recall_macro': 0.8775966078368083, 'recall_micro': 0.8893078250937739, 'recall_weighted': 0.8893078250937739}
Validation statistic: Loss: 0.1827, dev_score: {'accuracy': 0.95574341123819, 'balanced_accuracy': 0.9544915815667245, 'f1_macro': 0.955304822411307, 'f1_micro': 0.95574341123819, 'f1_weighted': 0.9556563965065805, 'precision_macro': 0.956859111758637, 'precision_micro': 0.95574341123819, 'precision_weighted': 0.9562999556581866, 'recall_macro': 0.9544915815667245, 'recall_micro': 0.95574341123819, 'recall_weighted': 0.95574341123819}
Saving model...
Model saved!
-------------------------------------------
-----------------------
Epoch 55/100
Training statistic: Loss: 0.4166, train_score: {'accuracy': 0.8877957610289823, 'balanced_accuracy': 0.8720548664781234, 'f1_macro': 0.8872552968682351, 'f1_micro': 0.8877957610289823, 'f1_weighted': 0.8874497600584285, 'precision_macro': 0.9054294129109286, 'precision_micro': 0.8877957610289823, 'precision_weighted': 0.8891250285667213, 'recall_macro': 0.8720548664781234, 'recall_micro': 0.8877957610289823, 'recall_weighted': 0.8877957610289823}
Validation statistic: Loss: 0.1908, dev_score: {'accuracy': 0.9512680258577823, 'balanced_accuracy': 0.949812042680198, 'f1_macro': 0.9505512913220736, 'f1_micro': 0.9512680258577823, 'f1_weighted': 0.9511082300269208, 'precision_macro': 0.9524394181101945, 'precision_micro': 0.9512680258577823, 'precision_weighted': 0.9520747277011217, 'recall_macro': 0.949812042680198, 'recall_micro': 0.9512680258577823, 'recall_weighted': 0.9512680258577823}
-----------------------
Epoch 56/100
Training statistic: Loss: 0.4161, train_score: {'accuracy': 0.886932651498436, 'balanced_accuracy': 0.8730512238657571, 'f1_macro': 0.8872075352911993, 'f1_micro': 0.886932651498436, 'f1_weighted': 0.8864199359932802, 'precision_macro': 0.904149987196744, 'precision_micro': 0.886932651498436, 'precision_weighted': 0.8880584762613, 'recall_macro': 0.8730512238657571, 'recall_micro': 0.886932651498436, 'recall_weighted': 0.886932651498436}
Validation statistic: Loss: 0.2007, dev_score: {'accuracy': 0.9489474556605337, 'balanced_accuracy': 0.947324184548305, 'f1_macro': 0.9484538354702478, 'f1_micro': 0.9489474556605337, 'f1_weighted': 0.9488736052238073, 'precision_macro': 0.9508164502077999, 'precision_micro': 0.9489474556605337, 'precision_weighted': 0.9500080119335691, 'recall_macro': 0.947324184548305, 'recall_micro': 0.9489474556605337, 'recall_weighted': 0.9489474556605337}
-----------------------
Epoch 57/100
Training statistic: Loss: 0.4160, train_score: {'accuracy': 0.8898594364478825, 'balanced_accuracy': 0.8762884292380126, 'f1_macro': 0.8890958910552827, 'f1_micro': 0.8898594364478825, 'f1_weighted': 0.8894145296674726, 'precision_macro': 0.904583254797257, 'precision_micro': 0.8898594364478825, 'precision_weighted': 0.8907806780816967, 'recall_macro': 0.8762884292380126, 'recall_micro': 0.8898594364478825, 'recall_weighted': 0.8898594364478825}
Validation statistic: Loss: 0.2137, dev_score: {'accuracy': 0.9474556605337311, 'balanced_accuracy': 0.9457818436789658, 'f1_macro': 0.9469804529492553, 'f1_micro': 0.9474556605337311, 'f1_weighted': 0.9473493106615537, 'precision_macro': 0.9497220618273173, 'precision_micro': 0.9474556605337311, 'precision_weighted': 0.9487656833204247, 'recall_macro': 0.9457818436789658, 'recall_micro': 0.9474556605337311, 'recall_weighted': 0.9474556605337311}
-----------------------
Epoch 58/100
Training statistic: Loss: 0.4062, train_score: {'accuracy': 0.8917803418692486, 'balanced_accuracy': 0.8788919061790379, 'f1_macro': 0.8918820790059037, 'f1_micro': 0.8917803418692486, 'f1_weighted': 0.8914473691744252, 'precision_macro': 0.9067036553245156, 'precision_micro': 0.8917803418692486, 'precision_weighted': 0.8925842734872492, 'recall_macro': 0.8788919061790379, 'recall_micro': 0.8917803418692486, 'recall_weighted': 0.8917803418692486}
Validation statistic: Loss: 0.1855, dev_score: {'accuracy': 0.9522625559423172, 'balanced_accuracy': 0.95096945228589, 'f1_macro': 0.951882691621198, 'f1_micro': 0.9522625559423172, 'f1_weighted': 0.9522286716950389, 'precision_macro': 0.9538107083927823, 'precision_micro': 0.9522625559423172, 'precision_weighted': 0.9531841463002694, 'recall_macro': 0.95096945228589, 'recall_micro': 0.9522625559423172, 'recall_weighted': 0.9522625559423172}
-----------------------
Epoch 59/100
Training statistic: Loss: 0.4063, train_score: {'accuracy': 0.8913195841499345, 'balanced_accuracy': 0.8786374884570897, 'f1_macro': 0.8911691958756858, 'f1_micro': 0.8913195841499345, 'f1_weighted': 0.8910321814659738, 'precision_macro': 0.9057180143406661, 'precision_micro': 0.8913195841499345, 'precision_weighted': 0.892085194330454, 'recall_macro': 0.8786374884570897, 'recall_micro': 0.8913195841499345, 'recall_weighted': 0.8913195841499345}
Validation statistic: Loss: 0.1922, dev_score: {'accuracy': 0.9525940659704956, 'balanced_accuracy': 0.9511228685370379, 'f1_macro': 0.9520244279278535, 'f1_micro': 0.9525940659704956, 'f1_weighted': 0.9525281014844906, 'precision_macro': 0.9541175688943998, 'precision_micro': 0.9525940659704956, 'precision_weighted': 0.9536190921179771, 'recall_macro': 0.9511228685370379, 'recall_micro': 0.9525940659704956, 'recall_weighted': 0.9525940659704956}
-----------------------
Epoch 60/100
Training statistic: Loss: 0.4122, train_score: {'accuracy': 0.8899697587187042, 'balanced_accuracy': 0.8757212886870495, 'f1_macro': 0.8898844183394136, 'f1_micro': 0.8899697587187042, 'f1_weighted': 0.8895223671162943, 'precision_macro': 0.9068130089352884, 'precision_micro': 0.8899697587187042, 'precision_weighted': 0.8910326980744506, 'recall_macro': 0.8757212886870495, 'recall_micro': 0.8899697587187042, 'recall_weighted': 0.8899697587187042}
Validation statistic: Loss: 0.1977, dev_score: {'accuracy': 0.9497762307309796, 'balanced_accuracy': 0.9480611910776137, 'f1_macro': 0.9491931758471154, 'f1_micro': 0.9497762307309796, 'f1_weighted': 0.9497579764582259, 'precision_macro': 0.951737291378001, 'precision_micro': 0.9497762307309796, 'precision_weighted': 0.951104564356227, 'recall_macro': 0.9480611910776137, 'recall_micro': 0.9497762307309796, 'recall_weighted': 0.9497762307309796}
-----------------------
Epoch 61/100
Training statistic: Loss: 0.4054, train_score: {'accuracy': 0.8928900541228082, 'balanced_accuracy': 0.8792973964432594, 'f1_macro': 0.893528891232507, 'f1_micro': 0.8928900541228082, 'f1_weighted': 0.8926554141375366, 'precision_macro': 0.9100869256879969, 'precision_micro': 0.8928900541228082, 'precision_weighted': 0.8940201319716597, 'recall_macro': 0.8792973964432594, 'recall_micro': 0.8928900541228082, 'recall_weighted': 0.8928900541228082}
Validation statistic: Loss: 0.1832, dev_score: {'accuracy': 0.9547488811536549, 'balanced_accuracy': 0.9534000798525236, 'f1_macro': 0.9543571229439177, 'f1_micro': 0.9547488811536549, 'f1_weighted': 0.954706865943925, 'precision_macro': 0.9563075310852984, 'precision_micro': 0.9547488811536549, 'precision_weighted': 0.9556281703745365, 'recall_macro': 0.9534000798525236, 'recall_micro': 0.9547488811536549, 'recall_weighted': 0.9547488811536549}
-----------------------
Epoch 62/100
Training statistic: Loss: 0.4005, train_score: {'accuracy': 0.8937596531986969, 'balanced_accuracy': 0.8813500426240883, 'f1_macro': 0.8933292787293985, 'f1_micro': 0.8937596531986969, 'f1_weighted': 0.8935673368148678, 'precision_macro': 0.9073548104377552, 'precision_micro': 0.8937596531986969, 'precision_weighted': 0.8946594075709317, 'recall_macro': 0.8813500426240883, 'recall_micro': 0.8937596531986969, 'recall_weighted': 0.8937596531986969}
Validation statistic: Loss: 0.1877, dev_score: {'accuracy': 0.9525940659704956, 'balanced_accuracy': 0.9510621095527394, 'f1_macro': 0.9520221779547675, 'f1_micro': 0.9525940659704956, 'f1_weighted': 0.9525248389033788, 'precision_macro': 0.9543192209458313, 'precision_micro': 0.9525940659704956, 'precision_weighted': 0.9537492351707643, 'recall_macro': 0.9510621095527394, 'recall_micro': 0.9525940659704956, 'recall_weighted': 0.9525940659704956}
-----------------------
Epoch 63/100
Training statistic: Loss: 0.4006, train_score: {'accuracy': 0.8957779018001999, 'balanced_accuracy': 0.8829157141550553, 'f1_macro': 0.8954946706095608, 'f1_micro': 0.8957779018001999, 'f1_weighted': 0.89541463862845, 'precision_macro': 0.9102167962046595, 'precision_micro': 0.8957779018001999, 'precision_weighted': 0.896555217260012, 'recall_macro': 0.8829157141550553, 'recall_micro': 0.8957779018001999, 'recall_weighted': 0.8957779018001999}
Validation statistic: Loss: 0.1807, dev_score: {'accuracy': 0.9545831261395658, 'balanced_accuracy': 0.9531285018675597, 'f1_macro': 0.9540352010793336, 'f1_micro': 0.9545831261395658, 'f1_weighted': 0.9544761944740388, 'precision_macro': 0.9561391483939458, 'precision_micro': 0.9545831261395658, 'precision_weighted': 0.955535200373535, 'recall_macro': 0.9531285018675597, 'recall_micro': 0.9545831261395658, 'recall_weighted': 0.9545831261395658}
Saving model...
Model saved!
-------------------------------------------
-----------------------
Epoch 64/100
Training statistic: Loss: 0.3903, train_score: {'accuracy': 0.8961023790673226, 'balanced_accuracy': 0.8848866169909666, 'f1_macro': 0.8960904021391197, 'f1_micro': 0.8961023790673226, 'f1_weighted': 0.8958425902521806, 'precision_macro': 0.9091898551572157, 'precision_micro': 0.8961023790673226, 'precision_weighted': 0.8968156571678028, 'recall_macro': 0.8848866169909666, 'recall_micro': 0.8961023790673226, 'recall_weighted': 0.8961023790673226}
Validation statistic: Loss: 0.1786, dev_score: {'accuracy': 0.9525940659704956, 'balanced_accuracy': 0.9512494517776953, 'f1_macro': 0.9519747713202523, 'f1_micro': 0.9525940659704956, 'f1_weighted': 0.9524813860590353, 'precision_macro': 0.9538103818072315, 'precision_micro': 0.9525940659704956, 'precision_weighted': 0.9534440437603524, 'recall_macro': 0.9512494517776953, 'recall_micro': 0.9525940659704956, 'recall_weighted': 0.9525940659704956}
Saving model...
Model saved!
-------------------------------------------
-----------------------
Epoch 65/100
Training statistic: Loss: 0.3948, train_score: {'accuracy': 0.8971407063221151, 'balanced_accuracy': 0.8844779966433363, 'f1_macro': 0.8973935334802581, 'f1_micro': 0.8971407063221151, 'f1_weighted': 0.8968744199466727, 'precision_macro': 0.9123417727720126, 'precision_micro': 0.8971407063221151, 'precision_weighted': 0.8980610306263732, 'recall_macro': 0.8844779966433363, 'recall_micro': 0.8971407063221151, 'recall_weighted': 0.8971407063221151}
Validation statistic: Loss: 0.1760, dev_score: {'accuracy': 0.9530913310127631, 'balanced_accuracy': 0.9516354812392919, 'f1_macro': 0.9526100427699962, 'f1_micro': 0.9530913310127631, 'f1_weighted': 0.9530421483625985, 'precision_macro': 0.9547665760696994, 'precision_micro': 0.9530913310127631, 'precision_weighted': 0.9541475464169157, 'recall_macro': 0.9516354812392919, 'recall_micro': 0.9530913310127631, 'recall_weighted': 0.9530913310127631}
Saving model...
Model saved!
-------------------------------------------
-----------------------
Epoch 66/100
Training statistic: Loss: 0.3933, train_score: {'accuracy': 0.8965501576959518, 'balanced_accuracy': 0.8843981582622196, 'f1_macro': 0.8968224807944971, 'f1_micro': 0.8965501576959518, 'f1_weighted': 0.8962387203052502, 'precision_macro': 0.9113639335069736, 'precision_micro': 0.8965501576959518, 'precision_weighted': 0.8974105084838262, 'recall_macro': 0.8843981582622196, 'recall_micro': 0.8965501576959518, 'recall_weighted': 0.8965501576959518}
Validation statistic: Loss: 0.1834, dev_score: {'accuracy': 0.9507707608155147, 'balanced_accuracy': 0.9493503690697389, 'f1_macro': 0.9501520481165568, 'f1_micro': 0.9507707608155147, 'f1_weighted': 0.9507184840180745, 'precision_macro': 0.9521271345105357, 'precision_micro': 0.9507707608155147, 'precision_weighted': 0.9518030790620946, 'recall_macro': 0.9493503690697389, 'recall_micro': 0.9507707608155147, 'recall_weighted': 0.9507707608155147}
-----------------------
Epoch 67/100
Training statistic: Loss: 0.3915, train_score: {'accuracy': 0.8973353926823887, 'balanced_accuracy': 0.8851885422774899, 'f1_macro': 0.8973739957136078, 'f1_micro': 0.8973353926823887, 'f1_weighted': 0.8971179348659681, 'precision_macro': 0.9113985726208348, 'precision_micro': 0.8973353926823887, 'precision_weighted': 0.8981396989788273, 'recall_macro': 0.8851885422774899, 'recall_micro': 0.8973353926823887, 'recall_weighted': 0.8973353926823887}
Validation statistic: Loss: 0.1821, dev_score: {'accuracy': 0.9517652909000497, 'balanced_accuracy': 0.9502479920743518, 'f1_macro': 0.9512223948524439, 'f1_micro': 0.9517652909000497, 'f1_weighted': 0.9517156292148803, 'precision_macro': 0.9534368580524326, 'precision_micro': 0.9517652909000497, 'precision_weighted': 0.9528581743977387, 'recall_macro': 0.9502479920743518, 'recall_micro': 0.9517652909000497, 'recall_weighted': 0.9517652909000497}
-----------------------
Epoch 68/100
Training statistic: Loss: 0.3925, train_score: {'accuracy': 0.899016184926084, 'balanced_accuracy': 0.8887185214232464, 'f1_macro': 0.8987646611469728, 'f1_micro': 0.899016184926084, 'f1_weighted': 0.8987872266438444, 'precision_macro': 0.9105117884633088, 'precision_micro': 0.899016184926084, 'precision_weighted': 0.8996321891903695, 'recall_macro': 0.8887185214232464, 'recall_micro': 0.899016184926084, 'recall_weighted': 0.899016184926084}
Validation statistic: Loss: 0.1966, dev_score: {'accuracy': 0.9484501906182662, 'balanced_accuracy': 0.9469617256437937, 'f1_macro': 0.9479218399713071, 'f1_micro': 0.9484501906182662, 'f1_weighted': 0.9483337234673003, 'precision_macro': 0.9503732981695754, 'precision_micro': 0.9484501906182662, 'precision_weighted': 0.9496628177848178, 'recall_macro': 0.9469617256437937, 'recall_micro': 0.9484501906182662, 'recall_weighted': 0.9484501906182662}
-----------------------
Epoch 69/100
Training statistic: Loss: 0.3888, train_score: {'accuracy': 0.9002491985411502, 'balanced_accuracy': 0.8900115854187579, 'f1_macro': 0.9000865082658869, 'f1_micro': 0.9002491985411502, 'f1_weighted': 0.9000116863800673, 'precision_macro': 0.9115673762945088, 'precision_micro': 0.9002491985411502, 'precision_weighted': 0.9007556059788847, 'recall_macro': 0.8900115854187579, 'recall_micro': 0.9002491985411502, 'recall_weighted': 0.9002491985411502}
Validation statistic: Loss: 0.1924, dev_score: {'accuracy': 0.9499419857450688, 'balanced_accuracy': 0.9483992081283368, 'f1_macro': 0.9491500385918181, 'f1_micro': 0.9499419857450688, 'f1_weighted': 0.9498955189195749, 'precision_macro': 0.9512824117728795, 'precision_micro': 0.9499419857450688, 'precision_weighted': 0.9511731787420401, 'recall_macro': 0.9483992081283368, 'recall_micro': 0.9499419857450688, 'recall_weighted': 0.9499419857450688}
-----------------------
Epoch 70/100
Training statistic: Loss: 0.3879, train_score: {'accuracy': 0.8997624826404662, 'balanced_accuracy': 0.8872071724273776, 'f1_macro': 0.8994148728113428, 'f1_micro': 0.8997624826404662, 'f1_weighted': 0.8995058537162534, 'precision_macro': 0.9137986436414745, 'precision_micro': 0.8997624826404662, 'precision_weighted': 0.9006287702653769, 'recall_macro': 0.8872071724273776, 'recall_micro': 0.8997624826404662, 'recall_weighted': 0.8997624826404662}
Validation statistic: Loss: 0.1954, dev_score: {'accuracy': 0.9507707608155147, 'balanced_accuracy': 0.9492639183458987, 'f1_macro': 0.9503283543788437, 'f1_micro': 0.9507707608155147, 'f1_weighted': 0.9506878447553988, 'precision_macro': 0.9527439783000631, 'precision_micro': 0.9507707608155147, 'precision_weighted': 0.9519162954665633, 'recall_macro': 0.9492639183458987, 'recall_micro': 0.9507707608155147, 'recall_weighted': 0.9507707608155147}
-----------------------
Epoch 71/100
Training statistic: Loss: 0.3833, train_score: {'accuracy': 0.9009695380741626, 'balanced_accuracy': 0.8875062369625313, 'f1_macro': 0.9003960378523983, 'f1_micro': 0.9009695380741626, 'f1_weighted': 0.9007460204200549, 'precision_macro': 0.9153277808698034, 'precision_micro': 0.9009695380741626, 'precision_weighted': 0.9018797177805331, 'recall_macro': 0.8875062369625313, 'recall_micro': 0.9009695380741626, 'recall_weighted': 0.9009695380741626}
Validation statistic: Loss: 0.1828, dev_score: {'accuracy': 0.9520968009282281, 'balanced_accuracy': 0.9505666911753771, 'f1_macro': 0.951470271104421, 'f1_micro': 0.9520968009282281, 'f1_weighted': 0.9520900404224749, 'precision_macro': 0.9537229348224452, 'precision_micro': 0.9520968009282281, 'precision_weighted': 0.9533694031773684, 'recall_macro': 0.9505666911753771, 'recall_micro': 0.9520968009282281, 'recall_weighted': 0.9520968009282281}
-----------------------
Epoch 72/100
Training statistic: Loss: 0.3885, train_score: {'accuracy': 0.9003724999026568, 'balanced_accuracy': 0.8882655147637932, 'f1_macro': 0.899590710538315, 'f1_micro': 0.9003724999026568, 'f1_weighted': 0.9001493753121628, 'precision_macro': 0.9131139600899946, 'precision_micro': 0.9003724999026568, 'precision_weighted': 0.9012503065350005, 'recall_macro': 0.8882655147637932, 'recall_micro': 0.9003724999026568, 'recall_weighted': 0.9003724999026568}
Validation statistic: Loss: 0.1903, dev_score: {'accuracy': 0.9515995358859606, 'balanced_accuracy': 0.9502229270296503, 'f1_macro': 0.9510450109347195, 'f1_micro': 0.9515995358859606, 'f1_weighted': 0.951506954688735, 'precision_macro': 0.9530097870609728, 'precision_micro': 0.9515995358859606, 'precision_weighted': 0.9525155943645691, 'recall_macro': 0.9502229270296503, 'recall_micro': 0.9515995358859606, 'recall_weighted': 0.9515995358859606}
-----------------------
Epoch 73/100
Training statistic: Loss: 0.3931, train_score: {'accuracy': 0.9000869599075889, 'balanced_accuracy': 0.8858064350210031, 'f1_macro': 0.8988464203376989, 'f1_micro': 0.9000869599075889, 'f1_weighted': 0.8997029972714004, 'precision_macro': 0.9145266390835756, 'precision_micro': 0.9000869599075889, 'precision_weighted': 0.9010409859959291, 'recall_macro': 0.8858064350210031, 'recall_micro': 0.9000869599075889, 'recall_weighted': 0.9000869599075889}
Validation statistic: Loss: 0.2020, dev_score: {'accuracy': 0.9461296204210178, 'balanced_accuracy': 0.9443952175952758, 'f1_macro': 0.945424004366078, 'f1_micro': 0.9461296204210178, 'f1_weighted': 0.9460638900588673, 'precision_macro': 0.9484339196783609, 'precision_micro': 0.9461296204210178, 'precision_weighted': 0.9478982218303439, 'recall_macro': 0.9443952175952758, 'recall_micro': 0.9461296204210178, 'recall_weighted': 0.9461296204210178}
-----------------------
Epoch 74/100
Training statistic: Loss: 0.3761, train_score: {'accuracy': 0.9023907485041598, 'balanced_accuracy': 0.890968232523947, 'f1_macro': 0.9021929677888588, 'f1_micro': 0.9023907485041598, 'f1_weighted': 0.9020449306691033, 'precision_macro': 0.9153181798932584, 'precision_micro': 0.9023907485041598, 'precision_weighted': 0.9030632504280973, 'recall_macro': 0.890968232523947, 'recall_micro': 0.9023907485041598, 'recall_weighted': 0.9023907485041598}
Validation statistic: Loss: 0.1790, dev_score: {'accuracy': 0.9520968009282281, 'balanced_accuracy': 0.9506779523511696, 'f1_macro': 0.9515721909297505, 'f1_micro': 0.9520968009282281, 'f1_weighted': 0.9520655152270479, 'precision_macro': 0.9535740045973098, 'precision_micro': 0.9520968009282281, 'precision_weighted': 0.9531002434519621, 'recall_macro': 0.9506779523511696, 'recall_micro': 0.9520968009282281, 'recall_weighted': 0.9520968009282281}
-----------------------
Epoch 75/100
Training statistic: Loss: 0.3778, train_score: {'accuracy': 0.9033771593962127, 'balanced_accuracy': 0.8911997453892573, 'f1_macro': 0.9029283773913731, 'f1_micro': 0.9033771593962127, 'f1_weighted': 0.9030599799482104, 'precision_macro': 0.9164901702254007, 'precision_micro': 0.9033771593962127, 'precision_weighted': 0.9040558425194052, 'recall_macro': 0.8911997453892573, 'recall_micro': 0.9033771593962127, 'recall_weighted': 0.9033771593962127}
Validation statistic: Loss: 0.1899, dev_score: {'accuracy': 0.9522625559423172, 'balanced_accuracy': 0.9507659568945508, 'f1_macro': 0.9516875501502172, 'f1_micro': 0.9522625559423172, 'f1_weighted': 0.952148689000068, 'precision_macro': 0.9538696606629535, 'precision_micro': 0.9522625559423172, 'precision_weighted': 0.9532519649308846, 'recall_macro': 0.9507659568945508, 'recall_micro': 0.9522625559423172, 'recall_weighted': 0.9522625559423172}
-----------------------
Epoch 76/100
Training statistic: Loss: 0.3806, train_score: {'accuracy': 0.9041234571105948, 'balanced_accuracy': 0.8949616125353078, 'f1_macro': 0.9036364577405079, 'f1_micro': 0.9041234571105948, 'f1_weighted': 0.9038827500030565, 'precision_macro': 0.9136465633712408, 'precision_micro': 0.9041234571105948, 'precision_weighted': 0.9045293305343401, 'recall_macro': 0.8949616125353078, 'recall_micro': 0.9041234571105948, 'recall_weighted': 0.9041234571105948}
Validation statistic: Loss: 0.1834, dev_score: {'accuracy': 0.9522625559423172, 'balanced_accuracy': 0.950843478830989, 'f1_macro': 0.9517269218126149, 'f1_micro': 0.9522625559423172, 'f1_weighted': 0.9521083980382435, 'precision_macro': 0.9535992359639772, 'precision_micro': 0.9522625559423172, 'precision_weighted': 0.9529202742929849, 'recall_macro': 0.950843478830989, 'recall_micro': 0.9522625559423172, 'recall_weighted': 0.9522625559423172}
-----------------------
Epoch 77/100
Training statistic: Loss: 0.3768, train_score: {'accuracy': 0.9036691889366231, 'balanced_accuracy': 0.8922260136397302, 'f1_macro': 0.9036492018713076, 'f1_micro': 0.9036691889366231, 'f1_weighted': 0.9033509257693569, 'precision_macro': 0.9171843266618065, 'precision_micro': 0.9036691889366231, 'precision_weighted': 0.9044273264727228, 'recall_macro': 0.8922260136397302, 'recall_micro': 0.9036691889366231, 'recall_weighted': 0.9036691889366231}
Validation statistic: Loss: 0.1859, dev_score: {'accuracy': 0.9525940659704956, 'balanced_accuracy': 0.9511495013539033, 'f1_macro': 0.9520873787206936, 'f1_micro': 0.9525940659704956, 'f1_weighted': 0.9525216910159492, 'precision_macro': 0.9542096369245747, 'precision_micro': 0.9525940659704956, 'precision_weighted': 0.9535960201982571, 'recall_macro': 0.9511495013539033, 'recall_micro': 0.9525940659704956, 'recall_weighted': 0.9525940659704956}
-----------------------
Epoch 78/100
Training statistic: Loss: 0.3757, train_score: {'accuracy': 0.9065375679779875, 'balanced_accuracy': 0.8966933903751304, 'f1_macro': 0.9059522030009189, 'f1_micro': 0.9065375679779875, 'f1_weighted': 0.9063352041925676, 'precision_macro': 0.9165904039756182, 'precision_micro': 0.9065375679779875, 'precision_weighted': 0.9070180057788658, 'recall_macro': 0.8966933903751304, 'recall_micro': 0.9065375679779875, 'recall_weighted': 0.9065375679779875}
Validation statistic: Loss: 0.1742, dev_score: {'accuracy': 0.9559091662522792, 'balanced_accuracy': 0.9545372700677414, 'f1_macro': 0.955268494266152, 'f1_micro': 0.9559091662522792, 'f1_weighted': 0.9558228047867494, 'precision_macro': 0.956950955865475, 'precision_micro': 0.9559091662522792, 'precision_weighted': 0.9566502977602036, 'recall_macro': 0.9545372700677414, 'recall_micro': 0.9559091662522792, 'recall_weighted': 0.9559091662522792}
Saving model...
Model saved!
-------------------------------------------
-----------------------
Epoch 79/100
Training statistic: Loss: 0.3716, train_score: {'accuracy': 0.9063558607083988, 'balanced_accuracy': 0.89359758405948, 'f1_macro': 0.9057984331245633, 'f1_micro': 0.9063558607083988, 'f1_weighted': 0.9060328731395423, 'precision_macro': 0.9198345060568045, 'precision_micro': 0.9063558607083988, 'precision_weighted': 0.9070849764173635, 'recall_macro': 0.89359758405948, 'recall_micro': 0.9063558607083988, 'recall_weighted': 0.9063558607083988}
Validation statistic: Loss: 0.1737, dev_score: {'accuracy': 0.9537543510691199, 'balanced_accuracy': 0.9524537932323746, 'f1_macro': 0.9532970189386129, 'f1_micro': 0.9537543510691199, 'f1_weighted': 0.9536846612654447, 'precision_macro': 0.9551135114316771, 'precision_micro': 0.9537543510691199, 'precision_weighted': 0.9545602139672489, 'recall_macro': 0.9524537932323746, 'recall_micro': 0.9537543510691199, 'recall_weighted': 0.9537543510691199}
Saving model...
Model saved!
-------------------------------------------
-----------------------
Epoch 80/100
Training statistic: Loss: 0.3724, train_score: {'accuracy': 0.9056809479927836, 'balanced_accuracy': 0.8940963458417647, 'f1_macro': 0.9059999197602066, 'f1_micro': 0.9056809479927836, 'f1_weighted': 0.905386082231297, 'precision_macro': 0.9195771654593056, 'precision_micro': 0.9056809479927836, 'precision_weighted': 0.9063835177558794, 'recall_macro': 0.8940963458417647, 'recall_micro': 0.9056809479927836, 'recall_weighted': 0.9056809479927836}
Validation statistic: Loss: 0.1725, dev_score: {'accuracy': 0.9540858610972982, 'balanced_accuracy': 0.9528119836405, 'f1_macro': 0.9535652994255825, 'f1_micro': 0.9540858610972982, 'f1_weighted': 0.9540560009710569, 'precision_macro': 0.9551131096945739, 'precision_micro': 0.9540858610972982, 'precision_weighted': 0.9547912531087065, 'recall_macro': 0.9528119836405, 'recall_micro': 0.9540858610972982, 'recall_weighted': 0.9540858610972982}
Saving model...
Model saved!
-------------------------------------------
-----------------------
Epoch 81/100
Training statistic: Loss: 0.3704, train_score: {'accuracy': 0.9075694056874375, 'balanced_accuracy': 0.8948863643540331, 'f1_macro': 0.9072736557263976, 'f1_micro': 0.9075694056874375, 'f1_weighted': 0.9074365880137087, 'precision_macro': 0.9212657519404794, 'precision_micro': 0.9075694056874375, 'precision_weighted': 0.9084888149922321, 'recall_macro': 0.8948863643540331, 'recall_micro': 0.9075694056874375, 'recall_weighted': 0.9075694056874375}
Validation statistic: Loss: 0.1680, dev_score: {'accuracy': 0.9555776562241007, 'balanced_accuracy': 0.9543338359853178, 'f1_macro': 0.9550752022316807, 'f1_micro': 0.9555776562241007, 'f1_weighted': 0.9555748795125687, 'precision_macro': 0.9566293540902432, 'precision_micro': 0.9555776562241007, 'precision_weighted': 0.9563563353923883, 'recall_macro': 0.9543338359853178, 'recall_micro': 0.9555776562241007, 'recall_weighted': 0.9555776562241007}
Saving model...
Model saved!
-------------------------------------------
-----------------------
Epoch 82/100
Training statistic: Loss: 0.3695, train_score: {'accuracy': 0.9070372629693564, 'balanced_accuracy': 0.8956465104966235, 'f1_macro': 0.9069508964614927, 'f1_micro': 0.9070372629693564, 'f1_weighted': 0.9067033731176384, 'precision_macro': 0.9198919226470718, 'precision_micro': 0.9070372629693564, 'precision_weighted': 0.9076092414214078, 'recall_macro': 0.8956465104966235, 'recall_micro': 0.9070372629693564, 'recall_weighted': 0.9070372629693564}
Validation statistic: Loss: 0.1831, dev_score: {'accuracy': 0.9527598209845848, 'balanced_accuracy': 0.951477615116317, 'f1_macro': 0.9521144716812551, 'f1_micro': 0.9527598209845848, 'f1_weighted': 0.9527020385293133, 'precision_macro': 0.9540182534156495, 'precision_micro': 0.9527598209845848, 'precision_weighted': 0.9538670203151426, 'recall_macro': 0.951477615116317, 'recall_micro': 0.9527598209845848, 'recall_weighted': 0.9527598209845848}
-----------------------
Epoch 83/100
Training statistic: Loss: 0.3630, train_score: {'accuracy': 0.9097174451957896, 'balanced_accuracy': 0.898488018059043, 'f1_macro': 0.9093825572699729, 'f1_micro': 0.9097174451957896, 'f1_weighted': 0.9094488064632906, 'precision_macro': 0.9218119560055202, 'precision_micro': 0.9097174451957896, 'precision_weighted': 0.9102861899301151, 'recall_macro': 0.898488018059043, 'recall_micro': 0.9097174451957896, 'recall_weighted': 0.9097174451957896}
Validation statistic: Loss: 0.1804, dev_score: {'accuracy': 0.9525940659704956, 'balanced_accuracy': 0.9510484353695015, 'f1_macro': 0.9520114506200134, 'f1_micro': 0.9525940659704956, 'f1_weighted': 0.9525157225650168, 'precision_macro': 0.9542898454654688, 'precision_micro': 0.9525940659704956, 'precision_weighted': 0.953702059073468, 'recall_macro': 0.9510484353695015, 'recall_micro': 0.9525940659704956, 'recall_weighted': 0.9525940659704956}
-----------------------
Epoch 84/100
Training statistic: Loss: 0.3581, train_score: {'accuracy': 0.9104053370020896, 'balanced_accuracy': 0.9007785576414798, 'f1_macro': 0.9102056991584838, 'f1_micro': 0.9104053370020896, 'f1_weighted': 0.9102386901129951, 'precision_macro': 0.9210222333445997, 'precision_micro': 0.9104053370020896, 'precision_weighted': 0.9109446724893012, 'recall_macro': 0.9007785576414798, 'recall_micro': 0.9104053370020896, 'recall_weighted': 0.9104053370020896}
Validation statistic: Loss: 0.1727, dev_score: {'accuracy': 0.9535885960550307, 'balanced_accuracy': 0.9520888362476635, 'f1_macro': 0.9530718940655827, 'f1_micro': 0.9535885960550307, 'f1_weighted': 0.9535457938006123, 'precision_macro': 0.9552742498837976, 'precision_micro': 0.9535885960550307, 'precision_weighted': 0.9546701714920816, 'recall_macro': 0.9520888362476635, 'recall_micro': 0.9535885960550307, 'recall_weighted': 0.9535885960550307}
-----------------------
Epoch 85/100
Training statistic: Loss: 0.3588, train_score: {'accuracy': 0.9111256765351019, 'balanced_accuracy': 0.899281399613009, 'f1_macro': 0.9102220394716559, 'f1_micro': 0.9111256765351019, 'f1_weighted': 0.9108864432231685, 'precision_macro': 0.9227437949575954, 'precision_micro': 0.9111256765351019, 'precision_weighted': 0.9117061879925331, 'recall_macro': 0.899281399613009, 'recall_micro': 0.9111256765351019, 'recall_weighted': 0.9111256765351019}
Validation statistic: Loss: 0.1766, dev_score: {'accuracy': 0.9530913310127631, 'balanced_accuracy': 0.9515074260950616, 'f1_macro': 0.9523710340060252, 'f1_micro': 0.9530913310127631, 'f1_weighted': 0.9529982072885813, 'precision_macro': 0.9545729431205728, 'precision_micro': 0.9530913310127631, 'precision_weighted': 0.9541934636248308, 'recall_macro': 0.9515074260950616, 'recall_micro': 0.9530913310127631, 'recall_weighted': 0.9530913310127631}
-----------------------
Epoch 86/100
Training statistic: Loss: 0.3593, train_score: {'accuracy': 0.9092047711137358, 'balanced_accuracy': 0.9004468754210866, 'f1_macro': 0.9088827569333032, 'f1_micro': 0.9092047711137358, 'f1_weighted': 0.9089478356236095, 'precision_macro': 0.9185960603148627, 'precision_micro': 0.9092047711137358, 'precision_weighted': 0.9095480590526475, 'recall_macro': 0.9004468754210866, 'recall_micro': 0.9092047711137358, 'recall_weighted': 0.9092047711137358}
Validation statistic: Loss: 0.1889, dev_score: {'accuracy': 0.952925575998674, 'balanced_accuracy': 0.95154356210271, 'f1_macro': 0.9526177138092977, 'f1_micro': 0.952925575998674, 'f1_weighted': 0.9529125337249281, 'precision_macro': 0.9548545734783691, 'precision_micro': 0.952925575998674, 'precision_weighted': 0.954040437721248, 'recall_macro': 0.95154356210271, 'recall_micro': 0.952925575998674, 'recall_weighted': 0.952925575998674}
-----------------------
Epoch 87/100
Training statistic: Loss: 0.3559, train_score: {'accuracy': 0.9093150933845575, 'balanced_accuracy': 0.8975932094029238, 'f1_macro': 0.908932193289892, 'f1_micro': 0.9093150933845575, 'f1_weighted': 0.9091237093549902, 'precision_macro': 0.9219702776177741, 'precision_micro': 0.9093150933845575, 'precision_weighted': 0.9100160104876913, 'recall_macro': 0.8975932094029238, 'recall_micro': 0.9093150933845575, 'recall_weighted': 0.9093150933845575}
Validation statistic: Loss: 0.1816, dev_score: {'accuracy': 0.952925575998674, 'balanced_accuracy': 0.9515394935622596, 'f1_macro': 0.9525590081685017, 'f1_micro': 0.952925575998674, 'f1_weighted': 0.9528762072167237, 'precision_macro': 0.9546958589913954, 'precision_micro': 0.952925575998674, 'precision_weighted': 0.9539198969856021, 'recall_macro': 0.9515394935622596, 'recall_micro': 0.952925575998674, 'recall_weighted': 0.952925575998674}
-----------------------
Epoch 88/100
Training statistic: Loss: 0.3488, train_score: {'accuracy': 0.9128518955961945, 'balanced_accuracy': 0.9029774928117881, 'f1_macro': 0.9126209682953483, 'f1_micro': 0.9128518955961945, 'f1_weighted': 0.9125994504569036, 'precision_macro': 0.9237366946388198, 'precision_micro': 0.9128518955961945, 'precision_weighted': 0.9133469743775272, 'recall_macro': 0.9029774928117881, 'recall_micro': 0.9128518955961945, 'recall_weighted': 0.9128518955961945}
Validation statistic: Loss: 0.1696, dev_score: {'accuracy': 0.9549146361677441, 'balanced_accuracy': 0.9536596996894019, 'f1_macro': 0.9544091123190459, 'f1_micro': 0.9549146361677441, 'f1_weighted': 0.9548681999543573, 'precision_macro': 0.9560271692789349, 'precision_micro': 0.9549146361677441, 'precision_weighted': 0.9556628736912555, 'recall_macro': 0.9536596996894019, 'recall_micro': 0.9549146361677441, 'recall_weighted': 0.9549146361677441}
-----------------------
Epoch 89/100
Training statistic: Loss: 0.3585, train_score: {'accuracy': 0.910982906537568, 'balanced_accuracy': 0.8985661821630387, 'f1_macro': 0.910015242105426, 'f1_micro': 0.910982906537568, 'f1_weighted': 0.9107545039733966, 'precision_macro': 0.9233238775660441, 'precision_micro': 0.910982906537568, 'precision_weighted': 0.9117280146629597, 'recall_macro': 0.8985661821630387, 'recall_micro': 0.910982906537568, 'recall_weighted': 0.910982906537568}
Validation statistic: Loss: 0.1767, dev_score: {'accuracy': 0.9554119012100116, 'balanced_accuracy': 0.9541024192551703, 'f1_macro': 0.9549316960131309, 'f1_micro': 0.9554119012100116, 'f1_weighted': 0.9553648066567137, 'precision_macro': 0.9568260088173279, 'precision_micro': 0.9554119012100116, 'precision_weighted': 0.9563427270410849, 'recall_macro': 0.9541024192551703, 'recall_micro': 0.9554119012100116, 'recall_weighted': 0.9554119012100116}
-----------------------
Epoch 90/100
Training statistic: Loss: 0.3541, train_score: {'accuracy': 0.9120082547016756, 'balanced_accuracy': 0.9005777905956853, 'f1_macro': 0.9105639447078829, 'f1_micro': 0.9120082547016756, 'f1_weighted': 0.9118111342599696, 'precision_macro': 0.9221535147171178, 'precision_micro': 0.9120082547016756, 'precision_weighted': 0.9126130642838766, 'recall_macro': 0.9005777905956853, 'recall_micro': 0.9120082547016756, 'recall_weighted': 0.9120082547016756}
Validation statistic: Loss: 0.1710, dev_score: {'accuracy': 0.9562406762804575, 'balanced_accuracy': 0.9549838320719214, 'f1_macro': 0.9557273281115817, 'f1_micro': 0.9562406762804575, 'f1_weighted': 0.956167512405218, 'precision_macro': 0.9572926277420383, 'precision_micro': 0.9562406762804575, 'precision_weighted': 0.9568853516521736, 'recall_macro': 0.9549838320719214, 'recall_micro': 0.9562406762804575, 'recall_weighted': 0.9562406762804575}
-----------------------
Epoch 91/100
Training statistic: Loss: 0.3634, train_score: {'accuracy': 0.9133905278596182, 'balanced_accuracy': 0.9023766958833532, 'f1_macro': 0.9122730368614249, 'f1_micro': 0.9133905278596182, 'f1_weighted': 0.9132194216653212, 'precision_macro': 0.9236628661518802, 'precision_micro': 0.9133905278596182, 'precision_weighted': 0.9139727384824399, 'recall_macro': 0.9023766958833532, 'recall_micro': 0.9133905278596182, 'recall_weighted': 0.9133905278596182}
Validation statistic: Loss: 0.1681, dev_score: {'accuracy': 0.9575667163931709, 'balanced_accuracy': 0.9563987953324016, 'f1_macro': 0.9571101855197959, 'f1_micro': 0.9575667163931709, 'f1_weighted': 0.9575200258511972, 'precision_macro': 0.9585981303408975, 'precision_micro': 0.9575667163931709, 'precision_weighted': 0.9582270440148167, 'recall_macro': 0.9563987953324016, 'recall_micro': 0.9575667163931709, 'recall_weighted': 0.9575667163931709}
-----------------------
Epoch 92/100
Training statistic: Loss: 0.3563, train_score: {'accuracy': 0.9120017651563331, 'balanced_accuracy': 0.900053275666035, 'f1_macro': 0.9112002467050445, 'f1_micro': 0.9120017651563331, 'f1_weighted': 0.9118086387375904, 'precision_macro': 0.9239829966564755, 'precision_micro': 0.9120017651563331, 'precision_weighted': 0.9126692840473904, 'recall_macro': 0.900053275666035, 'recall_micro': 0.9120017651563331, 'recall_weighted': 0.9120017651563331}
Validation statistic: Loss: 0.1754, dev_score: {'accuracy': 0.9547488811536549, 'balanced_accuracy': 0.9533737462151374, 'f1_macro': 0.95411959997022, 'f1_micro': 0.9547488811536549, 'f1_weighted': 0.9546604645469108, 'precision_macro': 0.9555790867768884, 'precision_micro': 0.9547488811536549, 'precision_weighted': 0.9552714623283989, 'recall_macro': 0.9533737462151374, 'recall_micro': 0.9547488811536549, 'recall_weighted': 0.9547488811536549}
-----------------------
Epoch 93/100
Training statistic: Loss: 0.3447, train_score: {'accuracy': 0.9144158760237258, 'balanced_accuracy': 0.9036313684646562, 'f1_macro': 0.9141191555876624, 'f1_micro': 0.9144158760237258, 'f1_weighted': 0.9142418924436583, 'precision_macro': 0.9258713673051109, 'precision_micro': 0.9144158760237258, 'precision_weighted': 0.9149468422390499, 'recall_macro': 0.9036313684646562, 'recall_micro': 0.9144158760237258, 'recall_weighted': 0.9144158760237258}
Validation statistic: Loss: 0.1717, dev_score: {'accuracy': 0.9569036963368142, 'balanced_accuracy': 0.9556055220386833, 'f1_macro': 0.9563934106153724, 'f1_micro': 0.9569036963368142, 'f1_weighted': 0.9568110743574205, 'precision_macro': 0.9579998090092129, 'precision_micro': 0.9569036963368142, 'precision_weighted': 0.9575231013211869, 'recall_macro': 0.9556055220386833, 'recall_micro': 0.9569036963368142, 'recall_weighted': 0.9569036963368142}
-----------------------
Epoch 94/100
Training statistic: Loss: 0.3522, train_score: {'accuracy': 0.9130984983192078, 'balanced_accuracy': 0.9009384583545967, 'f1_macro': 0.9122365515732189, 'f1_micro': 0.9130984983192078, 'f1_weighted': 0.9130137874340595, 'precision_macro': 0.9250763083009239, 'precision_micro': 0.9130984983192078, 'precision_weighted': 0.9139023645518572, 'recall_macro': 0.9009384583545967, 'recall_micro': 0.9130984983192078, 'recall_weighted': 0.9130984983192078}
Validation statistic: Loss: 0.1770, dev_score: {'accuracy': 0.9550803911818333, 'balanced_accuracy': 0.9536427773722617, 'f1_macro': 0.9544587344962174, 'f1_micro': 0.9550803911818333, 'f1_weighted': 0.9550401845216638, 'precision_macro': 0.9564690109883296, 'precision_micro': 0.9550803911818333, 'precision_weighted': 0.9561502526619525, 'recall_macro': 0.9536427773722617, 'recall_micro': 0.9550803911818333, 'recall_weighted': 0.9550803911818333}
-----------------------
Epoch 95/100
Training statistic: Loss: 0.3498, train_score: {'accuracy': 0.9156618687294769, 'balanced_accuracy': 0.90498880033704, 'f1_macro': 0.9152266674273049, 'f1_micro': 0.9156618687294769, 'f1_weighted': 0.9155168178889624, 'precision_macro': 0.9267135625656401, 'precision_micro': 0.9156618687294769, 'precision_weighted': 0.9162902302276117, 'recall_macro': 0.90498880033704, 'recall_micro': 0.9156618687294769, 'recall_weighted': 0.9156618687294769}
Validation statistic: Loss: 0.1722, dev_score: {'accuracy': 0.9550803911818333, 'balanced_accuracy': 0.953947320819523, 'f1_macro': 0.9545587724254256, 'f1_micro': 0.9550803911818333, 'f1_weighted': 0.9550218501022021, 'precision_macro': 0.9560812375793167, 'precision_micro': 0.9550803911818333, 'precision_weighted': 0.9558473552289276, 'recall_macro': 0.953947320819523, 'recall_micro': 0.9550803911818333, 'recall_weighted': 0.9550803911818333}
-----------------------
Epoch 96/100
Training statistic: Loss: 0.3453, train_score: {'accuracy': 0.9173296818824873, 'balanced_accuracy': 0.9080828077180918, 'f1_macro': 0.9168399846265365, 'f1_micro': 0.9173296818824873, 'f1_weighted': 0.9172184209891671, 'precision_macro': 0.9265342053658555, 'precision_micro': 0.9173296818824873, 'precision_weighted': 0.9177150727174115, 'recall_macro': 0.9080828077180918, 'recall_micro': 0.9173296818824873, 'recall_weighted': 0.9173296818824873}
Validation statistic: Loss: 0.1781, dev_score: {'accuracy': 0.9545831261395658, 'balanced_accuracy': 0.9534341787691826, 'f1_macro': 0.9542669640029382, 'f1_micro': 0.9545831261395658, 'f1_weighted': 0.9545667353363546, 'precision_macro': 0.9558642585071174, 'precision_micro': 0.9545831261395658, 'precision_weighted': 0.95528821697403, 'recall_macro': 0.9534341787691826, 'recall_micro': 0.9545831261395658, 'recall_weighted': 0.9545831261395658}
-----------------------
Epoch 97/100
Training statistic: Loss: 0.3488, train_score: {'accuracy': 0.9175178786974184, 'balanced_accuracy': 0.9059606026245609, 'f1_macro': 0.9167472365817495, 'f1_micro': 0.9175178786974184, 'f1_weighted': 0.9173683554302058, 'precision_macro': 0.9288765620874571, 'precision_micro': 0.9175178786974184, 'precision_weighted': 0.9181013471784482, 'recall_macro': 0.9059606026245609, 'recall_micro': 0.9175178786974184, 'recall_weighted': 0.9175178786974184}
Validation statistic: Loss: 0.1754, dev_score: {'accuracy': 0.9552461461959224, 'balanced_accuracy': 0.9538301825957267, 'f1_macro': 0.9545924073066319, 'f1_micro': 0.9552461461959224, 'f1_weighted': 0.9551998339628994, 'precision_macro': 0.9563506485072149, 'precision_micro': 0.9552461461959224, 'precision_weighted': 0.9561073502415077, 'recall_macro': 0.9538301825957267, 'recall_micro': 0.9552461461959224, 'recall_weighted': 0.9552461461959224}
-----------------------
Epoch 98/100
Training statistic: Loss: 0.3429, train_score: {'accuracy': 0.9193738886653601, 'balanced_accuracy': 0.909942070429965, 'f1_macro': 0.9192246079270212, 'f1_micro': 0.9193738886653601, 'f1_weighted': 0.919161918038296, 'precision_macro': 0.9298344224256649, 'precision_micro': 0.9193738886653601, 'precision_weighted': 0.9198510922070794, 'recall_macro': 0.909942070429965, 'recall_micro': 0.9193738886653601, 'recall_weighted': 0.9193738886653601}
Validation statistic: Loss: 0.1725, dev_score: {'accuracy': 0.9549146361677441, 'balanced_accuracy': 0.953567392654616, 'f1_macro': 0.9543646361981863, 'f1_micro': 0.9549146361677441, 'f1_weighted': 0.9548403909529886, 'precision_macro': 0.9560675518822729, 'precision_micro': 0.9549146361677441, 'precision_weighted': 0.9556370791494114, 'recall_macro': 0.953567392654616, 'recall_micro': 0.9549146361677441, 'recall_weighted': 0.9549146361677441}
-----------------------
Epoch 99/100
Training statistic: Loss: 0.3468, train_score: {'accuracy': 0.917712565057692, 'balanced_accuracy': 0.9077473731004506, 'f1_macro': 0.9168360487505994, 'f1_micro': 0.917712565057692, 'f1_weighted': 0.9175416048694793, 'precision_macro': 0.9270769489872979, 'precision_micro': 0.917712565057692, 'precision_weighted': 0.9181246740387969, 'recall_macro': 0.9077473731004506, 'recall_micro': 0.917712565057692, 'recall_weighted': 0.917712565057692}
Validation statistic: Loss: 0.1869, dev_score: {'accuracy': 0.9532570860268523, 'balanced_accuracy': 0.9519375636973665, 'f1_macro': 0.9526727840576541, 'f1_micro': 0.9532570860268523, 'f1_weighted': 0.9531843532326171, 'precision_macro': 0.9543948121778468, 'precision_micro': 0.9532570860268523, 'precision_weighted': 0.9540669616817169, 'recall_macro': 0.9519375636973665, 'recall_micro': 0.9532570860268523, 'recall_weighted': 0.9532570860268523}
-----------------------
Epoch 100/100
Training statistic: Loss: 0.3392, train_score: {'accuracy': 0.9195101691175517, 'balanced_accuracy': 0.9096005980856372, 'f1_macro': 0.9188765792996891, 'f1_micro': 0.9195101691175517, 'f1_weighted': 0.9193523405173583, 'precision_macro': 0.9292332944522709, 'precision_micro': 0.9195101691175517, 'precision_weighted': 0.9199222656899216, 'recall_macro': 0.9096005980856372, 'recall_micro': 0.9195101691175517, 'recall_weighted': 0.9195101691175517}
Validation statistic: Loss: 0.1708, dev_score: {'accuracy': 0.956737941322725, 'balanced_accuracy': 0.9554921435491662, 'f1_macro': 0.95609388289022, 'f1_micro': 0.956737941322725, 'f1_weighted': 0.9566385823368567, 'precision_macro': 0.9573877616944625, 'precision_micro': 0.956737941322725, 'precision_weighted': 0.9572064959760261, 'recall_macro': 0.9554921435491662, 'recall_micro': 0.956737941322725, 'recall_weighted': 0.956737941322725}
Testing statistic: loss: 0.17398324089005376, scores: {'accuracy': 0.9572571660083055, 'balanced_accuracy': 0.9570285601994358, 'f1_macro': 0.9572112413644351, 'f1_micro': 0.9572571660083055, 'f1_weighted': 0.9572395204972504, 'precision_macro': 0.9580749619031288, 'precision_micro': 0.9572571660083055, 'precision_weighted': 0.9578986906588612, 'recall_macro': 0.9570285601994358, 'recall_micro': 0.9572571660083055, 'recall_weighted': 0.9572571660083055}
Finish training!
