=====Setting up data=====
Dataset name:covertype
train_option:mix
augment_option:compare_rf
mix_ratio:-1
n_sample:-1
Training dataset size: 614016 samples
Validation dataset size: 57216 samples

=====Setting up parameters for training=====
num_epochs: 100
learning_rate: 0.001
patience: 30
early_stop_criterion: loss
=====Setting up trainer=====
input_size: 98
model: DNN_Covertype
----------------------------------------------------------------
        Layer (type)               Output Shape         Param #
================================================================
            Linear-1                  [-1, 150]          14,850
              ReLU-2                  [-1, 150]               0
           Dropout-3                  [-1, 150]               0
            Linear-4                  [-1, 250]          37,750
              ReLU-5                  [-1, 250]               0
           Dropout-6                  [-1, 250]               0
            Linear-7                  [-1, 300]          75,300
              ReLU-8                  [-1, 300]               0
           Dropout-9                  [-1, 300]               0
           Linear-10                  [-1, 250]          75,250
             ReLU-11                  [-1, 250]               0
          Dropout-12                  [-1, 250]               0
           Linear-13                  [-1, 150]          37,650
             ReLU-14                  [-1, 150]               0
          Dropout-15                  [-1, 150]               0
           Linear-16                    [-1, 7]           1,057
================================================================
Total params: 241,857
Trainable params: 241,857
Non-trainable params: 0
----------------------------------------------------------------
Input size (MB): 0.00
Forward/backward pass size (MB): 0.03
Params size (MB): 0.92
Estimated Total Size (MB): 0.95
----------------------------------------------------------------
=====Setting up output files=====
weight_dir, weight_file: /home/thuy/Research/minh_data_synth/TabularDA/output/corrected_v2/covertype/weight/, covertype_seed43_ctgan_full_rf_mix.weights.pth
acc_dir, acc_file: /home/thuy/Research/minh_data_synth/TabularDA/output/corrected_v2/covertype/acc/, covertype_seed43_ctgan_full_rf_mix.epochs.csv
report_file: covertype_seed43_ctgan_full_rf_mix.report.txt
==========================================================================================
Start training...
-----------------------
Epoch 1/100
Training statistic: Loss: 0.7370, train_score: {'accuracy': 0.7583900597969413, 'balanced_accuracy': 0.5087032084340799, 'f1_macro': 0.5121458195030216, 'f1_micro': 0.7583900597969413, 'f1_weighted': 0.7460435531999253, 'precision_macro': 0.5676823884261206, 'precision_micro': 0.7583900597969413, 'precision_weighted': 0.7446147277228934, 'recall_macro': 0.5087032084340799, 'recall_micro': 0.7583900597969413, 'recall_weighted': 0.7583900597969413}
Validation statistic: Loss: 0.8196, dev_score: {'accuracy': 0.7355387821579307, 'balanced_accuracy': 0.47741245324326215, 'f1_macro': 0.4767080729916605, 'f1_micro': 0.7355387821579307, 'f1_weighted': 0.7217975583521865, 'precision_macro': 0.5341255794905758, 'precision_micro': 0.7355387821579307, 'precision_weighted': 0.7197456370746519, 'recall_macro': 0.47741245324326215, 'recall_micro': 0.7355387821579307, 'recall_weighted': 0.7355387821579307}
Saving model...
Model saved!
-------------------------------------------
-----------------------
Epoch 2/100
Training statistic: Loss: 0.7273, train_score: {'accuracy': 0.7570380722938667, 'balanced_accuracy': 0.503963213220916, 'f1_macro': 0.5123680774057401, 'f1_micro': 0.7570380722938667, 'f1_weighted': 0.7448247496828048, 'precision_macro': 0.5682869852722913, 'precision_micro': 0.7570380722938667, 'precision_weighted': 0.7423736379366098, 'recall_macro': 0.503963213220916, 'recall_micro': 0.7570380722938667, 'recall_weighted': 0.7570380722938667}
Validation statistic: Loss: 0.8086, dev_score: {'accuracy': 0.7341902943906411, 'balanced_accuracy': 0.4717773028802343, 'f1_macro': 0.4759943916365924, 'f1_micro': 0.7341902943906411, 'f1_weighted': 0.7204880874332972, 'precision_macro': 0.5336810535698663, 'precision_micro': 0.7341902943906411, 'precision_weighted': 0.7172106799041306, 'recall_macro': 0.4717773028802343, 'recall_micro': 0.7341902943906411, 'recall_weighted': 0.7341902943906411}
Saving model...
Model saved!
-------------------------------------------
-----------------------
Epoch 3/100
Training statistic: Loss: 0.7027, train_score: {'accuracy': 0.7627392244152654, 'balanced_accuracy': 0.49857556953248555, 'f1_macro': 0.5093328747903152, 'f1_micro': 0.7627392244152654, 'f1_weighted': 0.7498993183604358, 'precision_macro': 0.5772420835977691, 'precision_micro': 0.7627392244152654, 'precision_weighted': 0.7481070653322639, 'recall_macro': 0.49857556953248555, 'recall_micro': 0.7627392244152654, 'recall_weighted': 0.7627392244152654}
Validation statistic: Loss: 0.7823, dev_score: {'accuracy': 0.7392865273813068, 'balanced_accuracy': 0.4717883302915448, 'f1_macro': 0.4772222250666583, 'f1_micro': 0.7392865273813068, 'f1_weighted': 0.7249822235111697, 'precision_macro': 0.5429297930334073, 'precision_micro': 0.7392865273813068, 'precision_weighted': 0.7223401979022059, 'recall_macro': 0.4717883302915448, 'recall_micro': 0.7392865273813068, 'recall_weighted': 0.7392865273813068}
Saving model...
Model saved!
-------------------------------------------
-----------------------
Epoch 4/100
Training statistic: Loss: 0.7020, train_score: {'accuracy': 0.7678083631014919, 'balanced_accuracy': 0.46684069116828997, 'f1_macro': 0.4578471772447266, 'f1_micro': 0.7678083631014919, 'f1_weighted': 0.7518872825342826, 'precision_macro': 0.6517535162232323, 'precision_micro': 0.7678083631014919, 'precision_weighted': 0.755454857825564, 'recall_macro': 0.46684069116828997, 'recall_micro': 0.7678083631014919, 'recall_weighted': 0.7678083631014919}
Validation statistic: Loss: 0.7822, dev_score: {'accuracy': 0.7468520691406455, 'balanced_accuracy': 0.45123474356098436, 'f1_macro': 0.43972088526197883, 'f1_micro': 0.7468520691406455, 'f1_weighted': 0.729803639465825, 'precision_macro': 0.48816190792937336, 'precision_micro': 0.7468520691406455, 'precision_weighted': 0.7274688321679119, 'recall_macro': 0.45123474356098436, 'recall_micro': 0.7468520691406455, 'recall_weighted': 0.7468520691406455}
Saving model...
Model saved!
-------------------------------------------
-----------------------
Epoch 5/100
Training statistic: Loss: 0.6966, train_score: {'accuracy': 0.7692727447463883, 'balanced_accuracy': 0.46730565593534473, 'f1_macro': 0.46232272915691974, 'f1_micro': 0.7692727447463883, 'f1_weighted': 0.7542132080764254, 'precision_macro': 0.5114168838588335, 'precision_micro': 0.7692727447463883, 'precision_weighted': 0.7518794552939483, 'recall_macro': 0.46730565593534473, 'recall_micro': 0.7692727447463883, 'recall_weighted': 0.7692727447463883}
Validation statistic: Loss: 0.7750, dev_score: {'accuracy': 0.74765765923539, 'balanced_accuracy': 0.45293793109127917, 'f1_macro': 0.4451043553734622, 'f1_micro': 0.74765765923539, 'f1_weighted': 0.7315837907991037, 'precision_macro': 0.4910793863416368, 'precision_micro': 0.74765765923539, 'precision_weighted': 0.7284326149106382, 'recall_macro': 0.45293793109127917, 'recall_micro': 0.74765765923539, 'recall_weighted': 0.74765765923539}
Saving model...
Model saved!
-------------------------------------------
-----------------------
Epoch 6/100
Training statistic: Loss: 0.7041, train_score: {'accuracy': 0.7702989521282401, 'balanced_accuracy': 0.4731845166600509, 'f1_macro': 0.4708372021679717, 'f1_micro': 0.7702989521282401, 'f1_weighted': 0.7567297668149386, 'precision_macro': 0.550034381867536, 'precision_micro': 0.7702989521282401, 'precision_weighted': 0.7547347505370787, 'recall_macro': 0.4731845166600509, 'recall_micro': 0.7702989521282401, 'recall_weighted': 0.7702989521282401}
Validation statistic: Loss: 0.7857, dev_score: {'accuracy': 0.7505297630514352, 'balanced_accuracy': 0.46061126007292924, 'f1_macro': 0.4548582083354557, 'f1_micro': 0.7505297630514352, 'f1_weighted': 0.7361346189476635, 'precision_macro': 0.4919126774263162, 'precision_micro': 0.7505297630514352, 'precision_weighted': 0.7323277949590997, 'recall_macro': 0.46061126007292924, 'recall_micro': 0.7505297630514352, 'recall_weighted': 0.7505297630514352}
-----------------------
Epoch 7/100
Training statistic: Loss: 0.6923, train_score: {'accuracy': 0.7724653899343716, 'balanced_accuracy': 0.471768544658183, 'f1_macro': 0.47079538005447585, 'f1_micro': 0.7724653899343716, 'f1_weighted': 0.7585062648995236, 'precision_macro': 0.5163501763540003, 'precision_micro': 0.7724653899343716, 'precision_weighted': 0.7559460816809758, 'recall_macro': 0.471768544658183, 'recall_micro': 0.7724653899343716, 'recall_weighted': 0.7724653899343716}
Validation statistic: Loss: 0.7739, dev_score: {'accuracy': 0.7521934817253638, 'balanced_accuracy': 0.45868899581399425, 'f1_macro': 0.45524711149883706, 'f1_micro': 0.7521934817253638, 'f1_weighted': 0.7373557590348617, 'precision_macro': 0.4979810648172223, 'precision_micro': 0.7521934817253638, 'precision_weighted': 0.7340675142453148, 'recall_macro': 0.45868899581399425, 'recall_micro': 0.7521934817253638, 'recall_weighted': 0.7521934817253638}
Saving model...
Model saved!
-------------------------------------------
-----------------------
Epoch 8/100
Training statistic: Loss: 0.6687, train_score: {'accuracy': 0.7688068791730397, 'balanced_accuracy': 0.4704339879952526, 'f1_macro': 0.4705187688279418, 'f1_micro': 0.7688068791730397, 'f1_weighted': 0.7541071263170563, 'precision_macro': 0.5807886962503713, 'precision_micro': 0.7688068791730397, 'precision_weighted': 0.7549695115802162, 'recall_macro': 0.4704339879952526, 'recall_micro': 0.7688068791730397, 'recall_weighted': 0.7688068791730397}
Validation statistic: Loss: 0.7452, dev_score: {'accuracy': 0.7480779671109088, 'balanced_accuracy': 0.45219141164627225, 'f1_macro': 0.445757293771034, 'f1_micro': 0.7480779671109088, 'f1_weighted': 0.732146802325845, 'precision_macro': 0.556068170180237, 'precision_micro': 0.7480779671109088, 'precision_weighted': 0.7327940563115986, 'recall_macro': 0.45219141164627225, 'recall_micro': 0.7480779671109088, 'recall_weighted': 0.7480779671109088}
Saving model...
Model saved!
-------------------------------------------
-----------------------
Epoch 9/100
Training statistic: Loss: 0.6873, train_score: {'accuracy': 0.7751090956180945, 'balanced_accuracy': 0.48079804755544764, 'f1_macro': 0.48213140841254604, 'f1_micro': 0.7751090956180945, 'f1_weighted': 0.7611063728102366, 'precision_macro': 0.592248238850235, 'precision_micro': 0.7751090956180945, 'precision_weighted': 0.7623783386977769, 'recall_macro': 0.48079804755544764, 'recall_micro': 0.7751090956180945, 'recall_weighted': 0.7751090956180945}
Validation statistic: Loss: 0.7697, dev_score: {'accuracy': 0.7541198928214917, 'balanced_accuracy': 0.4607896822761383, 'f1_macro': 0.4538820253524074, 'f1_micro': 0.7541198928214917, 'f1_weighted': 0.7387272058878692, 'precision_macro': 0.5368522898849339, 'precision_micro': 0.7541198928214917, 'precision_weighted': 0.7383736779761653, 'recall_macro': 0.4607896822761383, 'recall_micro': 0.7541198928214917, 'recall_weighted': 0.7541198928214917}
-----------------------
Epoch 10/100
Training statistic: Loss: 0.6801, train_score: {'accuracy': 0.775187282847188, 'balanced_accuracy': 0.5018695645491988, 'f1_macro': 0.5132325884223434, 'f1_micro': 0.775187282847188, 'f1_weighted': 0.7612109051950489, 'precision_macro': 0.6068166401924431, 'precision_micro': 0.775187282847188, 'precision_weighted': 0.7630653993757, 'recall_macro': 0.5018695645491988, 'recall_micro': 0.775187282847188, 'recall_weighted': 0.775187282847188}
Validation statistic: Loss: 0.7602, dev_score: {'accuracy': 0.7550480727132625, 'balanced_accuracy': 0.4755867910664128, 'f1_macro': 0.47984044125430797, 'f1_micro': 0.7550480727132625, 'f1_weighted': 0.7395633799453977, 'precision_macro': 0.5773299411534277, 'precision_micro': 0.7550480727132625, 'precision_weighted': 0.7410642736239706, 'recall_macro': 0.4755867910664128, 'recall_micro': 0.7550480727132625, 'recall_weighted': 0.7550480727132625}
-----------------------
Epoch 11/100
Training statistic: Loss: 0.6691, train_score: {'accuracy': 0.7767559141308756, 'balanced_accuracy': 0.47999567516885105, 'f1_macro': 0.49261685535673694, 'f1_micro': 0.7767559141308756, 'f1_weighted': 0.7621821608808756, 'precision_macro': 0.6401887947089159, 'precision_micro': 0.7767559141308756, 'precision_weighted': 0.765196541844247, 'recall_macro': 0.47999567516885105, 'recall_micro': 0.7767559141308756, 'recall_weighted': 0.7767559141308756}
Validation statistic: Loss: 0.7461, dev_score: {'accuracy': 0.757359766028616, 'balanced_accuracy': 0.4611004000718461, 'f1_macro': 0.46617425326296313, 'f1_micro': 0.757359766028616, 'f1_weighted': 0.7414153694230887, 'precision_macro': 0.6185119412186623, 'precision_micro': 0.757359766028616, 'precision_weighted': 0.7438346920816241, 'recall_macro': 0.4611004000718461, 'recall_micro': 0.757359766028616, 'recall_weighted': 0.757359766028616}
-----------------------
Epoch 12/100
Training statistic: Loss: 0.6684, train_score: {'accuracy': 0.7769236908933054, 'balanced_accuracy': 0.4580056855786889, 'f1_macro': 0.4635431044158326, 'f1_micro': 0.7769236908933054, 'f1_weighted': 0.761085571065647, 'precision_macro': 0.5769117518353724, 'precision_micro': 0.7769236908933054, 'precision_weighted': 0.7632105394839382, 'recall_macro': 0.4580056855786889, 'recall_micro': 0.7769236908933054, 'recall_weighted': 0.7769236908933054}
Validation statistic: Loss: 0.7452, dev_score: {'accuracy': 0.7575699199663753, 'balanced_accuracy': 0.4415084865321555, 'f1_macro': 0.4433687956483114, 'f1_micro': 0.7575699199663753, 'f1_weighted': 0.7403697044405816, 'precision_macro': 0.5247614954587582, 'precision_micro': 0.7575699199663753, 'precision_weighted': 0.74178078350421, 'recall_macro': 0.4415084865321555, 'recall_micro': 0.7575699199663753, 'recall_weighted': 0.7575699199663753}
-----------------------
Epoch 13/100
Training statistic: Loss: 0.6713, train_score: {'accuracy': 0.7785314157915398, 'balanced_accuracy': 0.4753966942659787, 'f1_macro': 0.4773419922760918, 'f1_micro': 0.7785314157915398, 'f1_weighted': 0.7629036352440772, 'precision_macro': 0.613879985089809, 'precision_micro': 0.7785314157915398, 'precision_weighted': 0.7663969967963081, 'recall_macro': 0.4753966942659787, 'recall_micro': 0.7785314157915398, 'recall_weighted': 0.7785314157915398}
Validation statistic: Loss: 0.7485, dev_score: {'accuracy': 0.7584630742018529, 'balanced_accuracy': 0.45714550620583044, 'f1_macro': 0.4497927762669942, 'f1_micro': 0.7584630742018529, 'f1_weighted': 0.7414223905863145, 'precision_macro': 0.5513450542312925, 'precision_micro': 0.7584630742018529, 'precision_weighted': 0.74420119792467, 'recall_macro': 0.45714550620583044, 'recall_micro': 0.7584630742018529, 'recall_weighted': 0.7584630742018529}
-----------------------
Epoch 14/100
Training statistic: Loss: 0.6472, train_score: {'accuracy': 0.7801863788073515, 'balanced_accuracy': 0.47255128739982766, 'f1_macro': 0.4730888685446774, 'f1_micro': 0.7801863788073515, 'f1_weighted': 0.7640550236910861, 'precision_macro': 0.623117039206548, 'precision_micro': 0.7801863788073515, 'precision_weighted': 0.7694358558847869, 'recall_macro': 0.47255128739982766, 'recall_micro': 0.7801863788073515, 'recall_weighted': 0.7801863788073515}
Validation statistic: Loss: 0.7201, dev_score: {'accuracy': 0.7615803576119508, 'balanced_accuracy': 0.4556219838099172, 'f1_macro': 0.448801257580833, 'f1_micro': 0.7615803576119508, 'f1_weighted': 0.7441383132081459, 'precision_macro': 0.5825383476157142, 'precision_micro': 0.7615803576119508, 'precision_weighted': 0.7477671530964836, 'recall_macro': 0.4556219838099172, 'recall_micro': 0.7615803576119508, 'recall_weighted': 0.7615803576119508}
Saving model...
Model saved!
-------------------------------------------
-----------------------
Epoch 15/100
Training statistic: Loss: 0.6414, train_score: {'accuracy': 0.7817892170037677, 'balanced_accuracy': 0.4701175006803853, 'f1_macro': 0.46706078327266515, 'f1_micro': 0.7817892170037677, 'f1_weighted': 0.7658344143799384, 'precision_macro': 0.6246396238020412, 'precision_micro': 0.7817892170037677, 'precision_weighted': 0.7705233922782664, 'recall_macro': 0.4701175006803853, 'recall_micro': 0.7817892170037677, 'recall_weighted': 0.7817892170037677}
Validation statistic: Loss: 0.7110, dev_score: {'accuracy': 0.7630689480044133, 'balanced_accuracy': 0.45807702785386073, 'f1_macro': 0.45130647227340503, 'f1_micro': 0.7630689480044133, 'f1_weighted': 0.7460609691305181, 'precision_macro': 0.5253300702572592, 'precision_micro': 0.7630689480044133, 'precision_weighted': 0.747615084338936, 'recall_macro': 0.45807702785386073, 'recall_micro': 0.7630689480044133, 'recall_weighted': 0.7630689480044133}
Saving model...
Model saved!
-------------------------------------------
-----------------------
Epoch 16/100
Training statistic: Loss: 0.6217, train_score: {'accuracy': 0.7817256898801292, 'balanced_accuracy': 0.4708227103503538, 'f1_macro': 0.4675890680377341, 'f1_micro': 0.7817256898801292, 'f1_weighted': 0.7663866733999372, 'precision_macro': 0.6333461989661885, 'precision_micro': 0.7817256898801292, 'precision_weighted': 0.7698090512463535, 'recall_macro': 0.4708227103503538, 'recall_micro': 0.7817256898801292, 'recall_weighted': 0.7817256898801292}
Validation statistic: Loss: 0.6845, dev_score: {'accuracy': 0.7635943328488117, 'balanced_accuracy': 0.45831235686682376, 'f1_macro': 0.4513052338474165, 'f1_micro': 0.7635943328488117, 'f1_weighted': 0.746928491577035, 'precision_macro': 0.516086539336499, 'precision_micro': 0.7635943328488117, 'precision_weighted': 0.7472751174789294, 'recall_macro': 0.45831235686682376, 'recall_micro': 0.7635943328488117, 'recall_weighted': 0.7635943328488117}
Saving model...
Model saved!
-------------------------------------------
-----------------------
Epoch 17/100
Training statistic: Loss: 0.6177, train_score: {'accuracy': 0.7827551550631932, 'balanced_accuracy': 0.4636772560370301, 'f1_macro': 0.4608776940308255, 'f1_micro': 0.7827551550631932, 'f1_weighted': 0.766344509109624, 'precision_macro': 0.639524305623038, 'precision_micro': 0.7827551550631932, 'precision_weighted': 0.7707759905287179, 'recall_macro': 0.4636772560370301, 'recall_micro': 0.7827551550631932, 'recall_weighted': 0.7827551550631932}
Validation statistic: Loss: 0.6829, dev_score: {'accuracy': 0.7641547433495035, 'balanced_accuracy': 0.45068936855431474, 'f1_macro': 0.4438883141628076, 'f1_micro': 0.7641547433495035, 'f1_weighted': 0.7465174229918512, 'precision_macro': 0.5127706167172674, 'precision_micro': 0.7641547433495035, 'precision_weighted': 0.7467283842644817, 'recall_macro': 0.45068936855431474, 'recall_micro': 0.7641547433495035, 'recall_weighted': 0.7641547433495035}
Saving model...
Model saved!
-------------------------------------------
-----------------------
Epoch 18/100
Training statistic: Loss: 0.6182, train_score: {'accuracy': 0.7854314387590383, 'balanced_accuracy': 0.47070686650787436, 'f1_macro': 0.465454280898256, 'f1_micro': 0.7854314387590383, 'f1_weighted': 0.7694670469404316, 'precision_macro': 0.6092482560303278, 'precision_micro': 0.7854314387590383, 'precision_weighted': 0.7730885459547961, 'recall_macro': 0.47070686650787436, 'recall_micro': 0.7854314387590383, 'recall_weighted': 0.7854314387590383}
Validation statistic: Loss: 0.6849, dev_score: {'accuracy': 0.7673245652440412, 'balanced_accuracy': 0.45872315536065356, 'f1_macro': 0.450060284049401, 'f1_micro': 0.7673245652440412, 'f1_weighted': 0.7502462889463458, 'precision_macro': 0.524226534009875, 'precision_micro': 0.7673245652440412, 'precision_weighted': 0.7522206907832589, 'recall_macro': 0.45872315536065356, 'recall_micro': 0.7673245652440412, 'recall_weighted': 0.7673245652440412}
-----------------------
Epoch 19/100
Training statistic: Loss: 0.6241, train_score: {'accuracy': 0.7871597023021252, 'balanced_accuracy': 0.4607194070361121, 'f1_macro': 0.45949309450192294, 'f1_micro': 0.7871597023021252, 'f1_weighted': 0.7702684436865737, 'precision_macro': 0.68818084734847, 'precision_micro': 0.7871597023021252, 'precision_weighted': 0.778544366532962, 'recall_macro': 0.4607194070361121, 'recall_micro': 0.7871597023021252, 'recall_weighted': 0.7871597023021252}
Validation statistic: Loss: 0.6936, dev_score: {'accuracy': 0.7691634121994361, 'balanced_accuracy': 0.44908260332479566, 'f1_macro': 0.4449923160800693, 'f1_micro': 0.7691634121994361, 'f1_weighted': 0.7512323152449801, 'precision_macro': 0.5343179151262788, 'precision_micro': 0.7691634121994361, 'precision_weighted': 0.7549073350058755, 'recall_macro': 0.44908260332479566, 'recall_micro': 0.7691634121994361, 'recall_weighted': 0.7691634121994361}
-----------------------
Epoch 20/100
Training statistic: Loss: 0.6227, train_score: {'accuracy': 0.7875669274536538, 'balanced_accuracy': 0.4653781671205152, 'f1_macro': 0.46857955822384273, 'f1_micro': 0.7875669274536538, 'f1_weighted': 0.7720100029456844, 'precision_macro': 0.5954807694143539, 'precision_micro': 0.7875669274536538, 'precision_weighted': 0.7742982654364748, 'recall_macro': 0.4653781671205152, 'recall_micro': 0.7875669274536538, 'recall_weighted': 0.7875669274536538}
Validation statistic: Loss: 0.6897, dev_score: {'accuracy': 0.770722053904485, 'balanced_accuracy': 0.4535682701125864, 'f1_macro': 0.4545150651640842, 'f1_micro': 0.770722053904485, 'f1_weighted': 0.7541242334565955, 'precision_macro': 0.5282512247368275, 'precision_micro': 0.770722053904485, 'precision_weighted': 0.7548375250004615, 'recall_macro': 0.4535682701125864, 'recall_micro': 0.770722053904485, 'recall_weighted': 0.770722053904485}
-----------------------
Epoch 21/100
Training statistic: Loss: 0.6084, train_score: {'accuracy': 0.7894271319458358, 'balanced_accuracy': 0.46845514026813756, 'f1_macro': 0.47245500981798694, 'f1_micro': 0.7894271319458358, 'f1_weighted': 0.7742074782678876, 'precision_macro': 0.7796939082081771, 'precision_micro': 0.7894271319458358, 'precision_weighted': 0.7920922154960268, 'recall_macro': 0.46845514026813756, 'recall_micro': 0.7894271319458358, 'recall_weighted': 0.7894271319458358}
Validation statistic: Loss: 0.6713, dev_score: {'accuracy': 0.772736029141346, 'balanced_accuracy': 0.45743533468319314, 'f1_macro': 0.4595008477766411, 'f1_micro': 0.772736029141346, 'f1_weighted': 0.7566167431760387, 'precision_macro': 0.6756666150019235, 'precision_micro': 0.772736029141346, 'precision_weighted': 0.7743085397068232, 'recall_macro': 0.45743533468319314, 'recall_micro': 0.772736029141346, 'recall_weighted': 0.772736029141346}
Saving model...
Model saved!
-------------------------------------------
-----------------------
Epoch 22/100
Training statistic: Loss: 0.5961, train_score: {'accuracy': 0.7892772730900733, 'balanced_accuracy': 0.4688219045120499, 'f1_macro': 0.46994868557698455, 'f1_micro': 0.7892772730900733, 'f1_weighted': 0.7733940210043552, 'precision_macro': 0.5408376003046536, 'precision_micro': 0.7892772730900733, 'precision_weighted': 0.7742342420133326, 'recall_macro': 0.4688219045120499, 'recall_micro': 0.7892772730900733, 'recall_weighted': 0.7892772730900733}
Validation statistic: Loss: 0.6586, dev_score: {'accuracy': 0.7729636959072521, 'balanced_accuracy': 0.4582386806036484, 'f1_macro': 0.45777040322447665, 'f1_micro': 0.7729636959072521, 'f1_weighted': 0.7561174876507275, 'precision_macro': 0.5338190187780559, 'precision_micro': 0.7729636959072521, 'precision_weighted': 0.757784083638759, 'recall_macro': 0.4582386806036484, 'recall_micro': 0.7729636959072521, 'recall_weighted': 0.7729636959072521}
Saving model...
Model saved!
-------------------------------------------
-----------------------
Epoch 23/100
Training statistic: Loss: 0.6052, train_score: {'accuracy': 0.7937111405399154, 'balanced_accuracy': 0.4806135774711757, 'f1_macro': 0.485365926731996, 'f1_micro': 0.7937111405399154, 'f1_weighted': 0.778063480200672, 'precision_macro': 0.6399332169595624, 'precision_micro': 0.7937111405399154, 'precision_weighted': 0.7836633164286533, 'recall_macro': 0.4806135774711757, 'recall_micro': 0.7937111405399154, 'recall_weighted': 0.7937111405399154}
Validation statistic: Loss: 0.6696, dev_score: {'accuracy': 0.7763611845676959, 'balanced_accuracy': 0.46327539586941313, 'f1_macro': 0.46081415515394936, 'f1_micro': 0.7763611845676959, 'f1_weighted': 0.7594129044308993, 'precision_macro': 0.5943269918550185, 'precision_micro': 0.7763611845676959, 'precision_weighted': 0.7640830074773388, 'recall_macro': 0.46327539586941313, 'recall_micro': 0.7763611845676959, 'recall_weighted': 0.7763611845676959}
-----------------------
Epoch 24/100
Training statistic: Loss: 0.5767, train_score: {'accuracy': 0.7941118500890194, 'balanced_accuracy': 0.482635077267292, 'f1_macro': 0.49013656994016447, 'f1_micro': 0.7941118500890194, 'f1_weighted': 0.7790473051413543, 'precision_macro': 0.6133182068610971, 'precision_micro': 0.7941118500890194, 'precision_weighted': 0.7806464409364006, 'recall_macro': 0.482635077267292, 'recall_micro': 0.7941118500890194, 'recall_weighted': 0.7941118500890194}
Validation statistic: Loss: 0.6348, dev_score: {'accuracy': 0.7767464667869214, 'balanced_accuracy': 0.46587204303292484, 'f1_macro': 0.46783384325258887, 'f1_micro': 0.7767464667869214, 'f1_weighted': 0.7604311993418916, 'precision_macro': 0.5644085453342161, 'precision_micro': 0.7767464667869214, 'precision_weighted': 0.7617020185699523, 'recall_macro': 0.46587204303292484, 'recall_micro': 0.7767464667869214, 'recall_weighted': 0.7767464667869214}
Saving model...
Model saved!
-------------------------------------------
-----------------------
Epoch 25/100
Training statistic: Loss: 0.5857, train_score: {'accuracy': 0.7931117051168655, 'balanced_accuracy': 0.47655223865924395, 'f1_macro': 0.48481645827785075, 'f1_micro': 0.7931117051168655, 'f1_weighted': 0.7776957152424061, 'precision_macro': 0.615627806107924, 'precision_micro': 0.7931117051168655, 'precision_weighted': 0.7802762300315477, 'recall_macro': 0.47655223865924395, 'recall_micro': 0.7931117051168655, 'recall_weighted': 0.7931117051168655}
Validation statistic: Loss: 0.6474, dev_score: {'accuracy': 0.7762035691143763, 'balanced_accuracy': 0.457925804759265, 'f1_macro': 0.4572952080225781, 'f1_micro': 0.7762035691143763, 'f1_weighted': 0.759216926217493, 'precision_macro': 0.5462740275194861, 'precision_micro': 0.7762035691143763, 'precision_weighted': 0.7598949303199518, 'recall_macro': 0.457925804759265, 'recall_micro': 0.7762035691143763, 'recall_weighted': 0.7762035691143763}
-----------------------
Epoch 26/100
Training statistic: Loss: 0.5881, train_score: {'accuracy': 0.7935824573920324, 'balanced_accuracy': 0.4845688252173188, 'f1_macro': 0.5002295018780429, 'f1_micro': 0.7935824573920324, 'f1_weighted': 0.7788410452179408, 'precision_macro': 0.6319409756001173, 'precision_micro': 0.7935824573920324, 'precision_weighted': 0.7818988928374828, 'recall_macro': 0.4845688252173188, 'recall_micro': 0.7935824573920324, 'recall_weighted': 0.7935824573920324}
Validation statistic: Loss: 0.6469, dev_score: {'accuracy': 0.7767990052713613, 'balanced_accuracy': 0.46323673521978187, 'f1_macro': 0.47061154218955403, 'f1_micro': 0.7767990052713613, 'f1_weighted': 0.7605993337803612, 'precision_macro': 0.5879212216419362, 'precision_micro': 0.7767990052713613, 'precision_weighted': 0.7629401066695032, 'recall_macro': 0.46323673521978187, 'recall_micro': 0.7767990052713613, 'recall_weighted': 0.7767990052713613}
-----------------------
Epoch 27/100
Training statistic: Loss: 0.5751, train_score: {'accuracy': 0.7946412427860065, 'balanced_accuracy': 0.474306769610901, 'f1_macro': 0.47944377922927733, 'f1_micro': 0.7946412427860065, 'f1_weighted': 0.7799089609313591, 'precision_macro': 0.7441851743828949, 'precision_micro': 0.7946412427860065, 'precision_weighted': 0.794996293449454, 'recall_macro': 0.474306769610901, 'recall_micro': 0.7946412427860065, 'recall_weighted': 0.7946412427860065}
Validation statistic: Loss: 0.6325, dev_score: {'accuracy': 0.7777096723349853, 'balanced_accuracy': 0.4634815037938564, 'f1_macro': 0.4665782903315147, 'f1_micro': 0.7777096723349853, 'f1_weighted': 0.761960988195725, 'precision_macro': 0.6451428634051947, 'precision_micro': 0.7777096723349853, 'precision_weighted': 0.7752856158638364, 'recall_macro': 0.4634815037938564, 'recall_micro': 0.7777096723349853, 'recall_weighted': 0.7777096723349853}
Saving model...
Model saved!
-------------------------------------------
-----------------------
Epoch 28/100
Training statistic: Loss: 0.5681, train_score: {'accuracy': 0.7935906018950629, 'balanced_accuracy': 0.47847792537303163, 'f1_macro': 0.4797403158430788, 'f1_micro': 0.7935906018950629, 'f1_weighted': 0.7789473737275943, 'precision_macro': 0.7308044083054213, 'precision_micro': 0.7935906018950629, 'precision_weighted': 0.7942455021528757, 'recall_macro': 0.47847792537303163, 'recall_micro': 0.7935906018950629, 'recall_weighted': 0.7935906018950629}
Validation statistic: Loss: 0.6267, dev_score: {'accuracy': 0.7768515437558011, 'balanced_accuracy': 0.4666959546557562, 'f1_macro': 0.4658400581096092, 'f1_micro': 0.7768515437558011, 'f1_weighted': 0.7611747929948545, 'precision_macro': 0.5318581873043423, 'precision_micro': 0.7768515437558011, 'precision_weighted': 0.7614395883887832, 'recall_macro': 0.4666959546557562, 'recall_micro': 0.7768515437558011, 'recall_weighted': 0.7768515437558011}
Saving model...
Model saved!
-------------------------------------------
-----------------------
Epoch 29/100
Training statistic: Loss: 0.5638, train_score: {'accuracy': 0.7952113579981464, 'balanced_accuracy': 0.48858728883956626, 'f1_macro': 0.498167937900353, 'f1_micro': 0.7952113579981464, 'f1_weighted': 0.7818249614566257, 'precision_macro': 0.723773631500868, 'precision_micro': 0.7952113579981464, 'precision_weighted': 0.7950384345771591, 'recall_macro': 0.48858728883956626, 'recall_micro': 0.7952113579981464, 'recall_weighted': 0.7952113579981464}
Validation statistic: Loss: 0.6173, dev_score: {'accuracy': 0.7782875956638238, 'balanced_accuracy': 0.4712525388089656, 'f1_macro': 0.4740616152603819, 'f1_micro': 0.7782875956638238, 'f1_weighted': 0.7636947217906965, 'precision_macro': 0.5593939289929277, 'precision_micro': 0.7782875956638238, 'precision_weighted': 0.7655229540970631, 'recall_macro': 0.4712525388089656, 'recall_micro': 0.7782875956638238, 'recall_weighted': 0.7782875956638238}
Saving model...
Model saved!
-------------------------------------------
-----------------------
Epoch 30/100
Training statistic: Loss: 0.5677, train_score: {'accuracy': 0.799081625838273, 'balanced_accuracy': 0.4823306932874694, 'f1_macro': 0.4889612568232345, 'f1_micro': 0.799081625838273, 'f1_weighted': 0.7852182490356224, 'precision_macro': 0.754602589683403, 'precision_micro': 0.799081625838273, 'precision_weighted': 0.798499037755411, 'recall_macro': 0.4823306932874694, 'recall_micro': 0.799081625838273, 'recall_weighted': 0.799081625838273}
Validation statistic: Loss: 0.6230, dev_score: {'accuracy': 0.7832787516856097, 'balanced_accuracy': 0.4722946789493578, 'f1_macro': 0.476281736225375, 'f1_micro': 0.7832787516856097, 'f1_weighted': 0.7683827121390094, 'precision_macro': 0.6826540667060123, 'precision_micro': 0.7832787516856097, 'precision_weighted': 0.7847727574422182, 'recall_macro': 0.4722946789493578, 'recall_micro': 0.7832787516856097, 'recall_weighted': 0.7832787516856097}
-----------------------
Epoch 31/100
Training statistic: Loss: 0.5586, train_score: {'accuracy': 0.7981531524927881, 'balanced_accuracy': 0.49091714348766613, 'f1_macro': 0.5003404825796582, 'f1_micro': 0.7981531524927881, 'f1_weighted': 0.7848443873347234, 'precision_macro': 0.6004191738123802, 'precision_micro': 0.7981531524927881, 'precision_weighted': 0.7849175384048829, 'recall_macro': 0.49091714348766613, 'recall_micro': 0.7981531524927881, 'recall_weighted': 0.7981531524927881}
Validation statistic: Loss: 0.6152, dev_score: {'accuracy': 0.7814048790739216, 'balanced_accuracy': 0.47323076463714286, 'f1_macro': 0.4769801749523466, 'f1_micro': 0.7814048790739216, 'f1_weighted': 0.766885638084176, 'precision_macro': 0.5471986332596667, 'precision_micro': 0.7814048790739216, 'precision_weighted': 0.7655845992488616, 'recall_macro': 0.47323076463714286, 'recall_micro': 0.7814048790739216, 'recall_weighted': 0.7814048790739216}
Saving model...
Model saved!
-------------------------------------------
-----------------------
Epoch 32/100
Training statistic: Loss: 0.5740, train_score: {'accuracy': 0.7981173166794535, 'balanced_accuracy': 0.5178732047735355, 'f1_macro': 0.5369241854608378, 'f1_micro': 0.7981173166794535, 'f1_weighted': 0.7857632931285194, 'precision_macro': 0.7708062336047448, 'precision_micro': 0.7981173166794535, 'precision_weighted': 0.8005837986378658, 'recall_macro': 0.5178732047735355, 'recall_micro': 0.7981173166794535, 'recall_weighted': 0.7981173166794535}
Validation statistic: Loss: 0.6343, dev_score: {'accuracy': 0.7816850843242675, 'balanced_accuracy': 0.4924916549303427, 'f1_macro': 0.5057420820196872, 'f1_micro': 0.7816850843242675, 'f1_weighted': 0.7679544303798339, 'precision_macro': 0.5977781977040149, 'precision_micro': 0.7816850843242675, 'precision_weighted': 0.7688485709352572, 'recall_macro': 0.4924916549303427, 'recall_micro': 0.7816850843242675, 'recall_weighted': 0.7816850843242675}
-----------------------
Epoch 33/100
Training statistic: Loss: 0.5585, train_score: {'accuracy': 0.8008033737789354, 'balanced_accuracy': 0.5067428299913159, 'f1_macro': 0.5316799646239947, 'f1_micro': 0.8008033737789354, 'f1_weighted': 0.7886551426294328, 'precision_macro': 0.6454967059820224, 'precision_micro': 0.8008033737789354, 'precision_weighted': 0.7899212261656463, 'recall_macro': 0.5067428299913159, 'recall_micro': 0.8008033737789354, 'recall_weighted': 0.8008033737789354}
Validation statistic: Loss: 0.6115, dev_score: {'accuracy': 0.785187649953591, 'balanced_accuracy': 0.48464375564830775, 'f1_macro': 0.5024973805800347, 'f1_micro': 0.785187649953591, 'f1_weighted': 0.7715852189061011, 'precision_macro': 0.6169507103783507, 'precision_micro': 0.785187649953591, 'precision_weighted': 0.7727601949048126, 'recall_macro': 0.48464375564830775, 'recall_micro': 0.785187649953591, 'recall_weighted': 0.785187649953591}
Saving model...
Model saved!
-------------------------------------------
-----------------------
Epoch 34/100
Training statistic: Loss: 0.5463, train_score: {'accuracy': 0.7991972777813071, 'balanced_accuracy': 0.4933210364598574, 'f1_macro': 0.5034880899359438, 'f1_micro': 0.7991972777813071, 'f1_weighted': 0.7863158268023502, 'precision_macro': 0.6388439946698935, 'precision_micro': 0.7991972777813071, 'precision_weighted': 0.7884575095399471, 'recall_macro': 0.4933210364598574, 'recall_micro': 0.7991972777813071, 'recall_weighted': 0.7991972777813071}
Validation statistic: Loss: 0.6005, dev_score: {'accuracy': 0.7831561618885834, 'balanced_accuracy': 0.4800772259117125, 'f1_macro': 0.48606500922448215, 'f1_micro': 0.7831561618885834, 'f1_weighted': 0.7691979870539943, 'precision_macro': 0.591635970165492, 'precision_micro': 0.7831561618885834, 'precision_weighted': 0.7706518812086164, 'recall_macro': 0.4800772259117125, 'recall_micro': 0.7831561618885834, 'recall_weighted': 0.7831561618885834}
Saving model...
Model saved!
-------------------------------------------
-----------------------
Epoch 35/100
Training statistic: Loss: 0.5441, train_score: {'accuracy': 0.8005052849680165, 'balanced_accuracy': 0.49798196511817633, 'f1_macro': 0.5126573679133316, 'f1_micro': 0.8005052849680165, 'f1_weighted': 0.7873431315372437, 'precision_macro': 0.6390713019195796, 'precision_micro': 0.8005052849680165, 'precision_weighted': 0.7894171513163251, 'recall_macro': 0.49798196511817633, 'recall_micro': 0.8005052849680165, 'recall_weighted': 0.8005052849680165}
Validation statistic: Loss: 0.6036, dev_score: {'accuracy': 0.7838041365300082, 'balanced_accuracy': 0.48382176346303973, 'f1_macro': 0.4936996847753902, 'f1_micro': 0.7838041365300082, 'f1_weighted': 0.7695462284009982, 'precision_macro': 0.6178833639685987, 'precision_micro': 0.7838041365300082, 'precision_weighted': 0.7714928881358518, 'recall_macro': 0.48382176346303973, 'recall_micro': 0.7838041365300082, 'recall_weighted': 0.7838041365300082}
-----------------------
Epoch 36/100
Training statistic: Loss: 0.5355, train_score: {'accuracy': 0.8028411284371839, 'balanced_accuracy': 0.49313850499669903, 'f1_macro': 0.5020669267241041, 'f1_micro': 0.8028411284371839, 'f1_weighted': 0.789532794010744, 'precision_macro': 0.6354583663117301, 'precision_micro': 0.8028411284371839, 'precision_weighted': 0.7904022722328744, 'recall_macro': 0.49313850499669903, 'recall_micro': 0.8028411284371839, 'recall_weighted': 0.8028411284371839}
Validation statistic: Loss: 0.5875, dev_score: {'accuracy': 0.7877445228629971, 'balanced_accuracy': 0.4799533055603536, 'f1_macro': 0.48403279620361866, 'f1_micro': 0.7877445228629971, 'f1_weighted': 0.7733133350956228, 'precision_macro': 0.6771514230493955, 'precision_micro': 0.7877445228629971, 'precision_weighted': 0.7757472979972215, 'recall_macro': 0.4799533055603536, 'recall_micro': 0.7877445228629971, 'recall_weighted': 0.7877445228629971}
Saving model...
Model saved!
-------------------------------------------
-----------------------
Epoch 37/100
Training statistic: Loss: 0.5357, train_score: {'accuracy': 0.8046720127184559, 'balanced_accuracy': 0.49306799611686003, 'f1_macro': 0.49706924347205933, 'f1_micro': 0.8046720127184559, 'f1_weighted': 0.7917497410988484, 'precision_macro': 0.6249584631287275, 'precision_micro': 0.8046720127184559, 'precision_weighted': 0.7915061691422483, 'recall_macro': 0.49306799611686003, 'recall_micro': 0.8046720127184559, 'recall_weighted': 0.8046720127184559}
Validation statistic: Loss: 0.5896, dev_score: {'accuracy': 0.788847831036234, 'balanced_accuracy': 0.4823681928896022, 'f1_macro': 0.48426259023211254, 'f1_micro': 0.788847831036234, 'f1_weighted': 0.7749301442223384, 'precision_macro': 0.5249070108209916, 'precision_micro': 0.788847831036234, 'precision_weighted': 0.7714465912494016, 'recall_macro': 0.4823681928896022, 'recall_micro': 0.788847831036234, 'recall_weighted': 0.788847831036234}
-----------------------
Epoch 38/100
Training statistic: Loss: 0.5353, train_score: {'accuracy': 0.8044113886214777, 'balanced_accuracy': 0.5013885241489995, 'f1_macro': 0.5131482270038936, 'f1_micro': 0.8044113886214777, 'f1_weighted': 0.7916902114583264, 'precision_macro': 0.6645949207901419, 'precision_micro': 0.8044113886214777, 'precision_weighted': 0.7938809568474461, 'recall_macro': 0.5013885241489995, 'recall_micro': 0.8044113886214777, 'recall_weighted': 0.8044113886214777}
Validation statistic: Loss: 0.5874, dev_score: {'accuracy': 0.789898600725031, 'balanced_accuracy': 0.49000287758619365, 'f1_macro': 0.4971112345457109, 'f1_micro': 0.789898600725031, 'f1_weighted': 0.7762792671112924, 'precision_macro': 0.6348201033844977, 'precision_micro': 0.789898600725031, 'precision_weighted': 0.7777963194042704, 'recall_macro': 0.49000287758619365, 'recall_micro': 0.789898600725031, 'recall_weighted': 0.789898600725031}
Saving model...
Model saved!
-------------------------------------------
-----------------------
Epoch 39/100
Training statistic: Loss: 0.5350, train_score: {'accuracy': 0.8039829877620698, 'balanced_accuracy': 0.4929226071289852, 'f1_macro': 0.5063249639101508, 'f1_micro': 0.8039829877620698, 'f1_weighted': 0.7899275608219006, 'precision_macro': 0.6595400571655963, 'precision_micro': 0.8039829877620698, 'precision_weighted': 0.7943230739771474, 'recall_macro': 0.4929226071289852, 'recall_micro': 0.8039829877620698, 'recall_weighted': 0.8039829877620698}
Validation statistic: Loss: 0.5879, dev_score: {'accuracy': 0.7885150873014483, 'balanced_accuracy': 0.48097004876361354, 'f1_macro': 0.4896298704894378, 'f1_micro': 0.7885150873014483, 'f1_weighted': 0.7735037687949806, 'precision_macro': 0.6393782225478483, 'precision_micro': 0.7885150873014483, 'precision_weighted': 0.7785933917379426, 'recall_macro': 0.48097004876361354, 'recall_micro': 0.7885150873014483, 'recall_weighted': 0.7885150873014483}
-----------------------
Epoch 40/100
Training statistic: Loss: 0.5229, train_score: {'accuracy': 0.8038315000057011, 'balanced_accuracy': 0.48698755980215125, 'f1_macro': 0.49332118609676157, 'f1_micro': 0.8038315000057011, 'f1_weighted': 0.7906280035270487, 'precision_macro': 0.6098043683562747, 'precision_micro': 0.8038315000057011, 'precision_weighted': 0.791281182784024, 'recall_macro': 0.48698755980215125, 'recall_micro': 0.8038315000057011, 'recall_weighted': 0.8038315000057011}
Validation statistic: Loss: 0.5767, dev_score: {'accuracy': 0.7872366508467452, 'balanced_accuracy': 0.47525717287806696, 'f1_macro': 0.47939538174926444, 'f1_micro': 0.7872366508467452, 'f1_weighted': 0.7731218373782119, 'precision_macro': 0.533828523274059, 'precision_micro': 0.7872366508467452, 'precision_weighted': 0.7717045186928922, 'recall_macro': 0.47525717287806696, 'recall_micro': 0.7872366508467452, 'recall_weighted': 0.7872366508467452}
Saving model...
Model saved!
-------------------------------------------
-----------------------
Epoch 41/100
Training statistic: Loss: 0.5226, train_score: {'accuracy': 0.8055060098287863, 'balanced_accuracy': 0.49114569347530856, 'f1_macro': 0.4923201068690966, 'f1_micro': 0.8055060098287863, 'f1_weighted': 0.7912690778086119, 'precision_macro': 0.551406388131099, 'precision_micro': 0.8055060098287863, 'precision_weighted': 0.790889457136751, 'recall_macro': 0.49114569347530856, 'recall_micro': 0.8055060098287863, 'recall_weighted': 0.8055060098287863}
Validation statistic: Loss: 0.5758, dev_score: {'accuracy': 0.7897935237561514, 'balanced_accuracy': 0.4806732751685339, 'f1_macro': 0.4791751171577186, 'f1_micro': 0.7897935237561514, 'f1_weighted': 0.7744075660509075, 'precision_macro': 0.54229777355234, 'precision_micro': 0.7897935237561514, 'precision_weighted': 0.7746653299752676, 'recall_macro': 0.4806732751685339, 'recall_micro': 0.7897935237561514, 'recall_weighted': 0.7897935237561514}
Saving model...
Model saved!
-------------------------------------------
-----------------------
Epoch 42/100
Training statistic: Loss: 0.5242, train_score: {'accuracy': 0.8059050904772842, 'balanced_accuracy': 0.4860586278739258, 'f1_macro': 0.4897863267899072, 'f1_micro': 0.8059050904772842, 'f1_weighted': 0.7915359949305181, 'precision_macro': 0.6543697405519514, 'precision_micro': 0.8059050904772842, 'precision_weighted': 0.7948363326102771, 'recall_macro': 0.4860586278739258, 'recall_micro': 0.8059050904772842, 'recall_weighted': 0.8059050904772842}
Validation statistic: Loss: 0.5774, dev_score: {'accuracy': 0.7896008826465386, 'balanced_accuracy': 0.47465538811728564, 'f1_macro': 0.47646926448660176, 'f1_micro': 0.7896008826465386, 'f1_weighted': 0.7741270480265563, 'precision_macro': 0.6829620385102115, 'precision_micro': 0.7896008826465386, 'precision_weighted': 0.778565579506986, 'recall_macro': 0.47465538811728564, 'recall_micro': 0.7896008826465386, 'recall_weighted': 0.7896008826465386}
-----------------------
Epoch 43/100
Training statistic: Loss: 0.5195, train_score: {'accuracy': 0.8056558686845487, 'balanced_accuracy': 0.4899457291152686, 'f1_macro': 0.49739611947552337, 'f1_micro': 0.8056558686845487, 'f1_weighted': 0.7916539440634137, 'precision_macro': 0.6704714489930411, 'precision_micro': 0.8056558686845487, 'precision_weighted': 0.7958060501678718, 'recall_macro': 0.4899457291152686, 'recall_micro': 0.8056558686845487, 'recall_weighted': 0.8056558686845487}
Validation statistic: Loss: 0.5735, dev_score: {'accuracy': 0.7892331132554596, 'balanced_accuracy': 0.4747098443471886, 'f1_macro': 0.4779435083086771, 'f1_micro': 0.7892331132554596, 'f1_weighted': 0.7738085279821116, 'precision_macro': 0.6529136488427679, 'precision_micro': 0.7892331132554596, 'precision_weighted': 0.7769456152441605, 'recall_macro': 0.4747098443471886, 'recall_micro': 0.7892331132554596, 'recall_weighted': 0.7892331132554596}
Saving model...
Model saved!
-------------------------------------------
-----------------------
Epoch 44/100
Training statistic: Loss: 0.5234, train_score: {'accuracy': 0.8107999367986565, 'balanced_accuracy': 0.4984213943403862, 'f1_macro': 0.5051134199377992, 'f1_micro': 0.8107999367986565, 'f1_weighted': 0.7971352189346006, 'precision_macro': 0.67322438844901, 'precision_micro': 0.8107999367986565, 'precision_weighted': 0.7999800576140782, 'recall_macro': 0.4984213943403862, 'recall_micro': 0.8107999367986565, 'recall_weighted': 0.8107999367986565}
Validation statistic: Loss: 0.5777, dev_score: {'accuracy': 0.7952049876534562, 'balanced_accuracy': 0.48659367233922873, 'f1_macro': 0.4922599632817574, 'f1_micro': 0.7952049876534562, 'f1_weighted': 0.7806357001019574, 'precision_macro': 0.6501136634450903, 'precision_micro': 0.7952049876534562, 'precision_weighted': 0.7829248510633183, 'recall_macro': 0.48659367233922873, 'recall_micro': 0.7952049876534562, 'recall_weighted': 0.7952049876534562}
-----------------------
Epoch 45/100
Training statistic: Loss: 0.5134, train_score: {'accuracy': 0.8089967438276884, 'balanced_accuracy': 0.49061360961859973, 'f1_macro': 0.49411649626974263, 'f1_micro': 0.8089967438276884, 'f1_weighted': 0.795279068046368, 'precision_macro': 0.6423916104296363, 'precision_micro': 0.8089967438276884, 'precision_weighted': 0.7972281032625544, 'recall_macro': 0.49061360961859973, 'recall_micro': 0.8089967438276884, 'recall_weighted': 0.8089967438276884}
Validation statistic: Loss: 0.5655, dev_score: {'accuracy': 0.7933661406980613, 'balanced_accuracy': 0.4811500983488698, 'f1_macro': 0.4821688421570639, 'f1_micro': 0.7933661406980613, 'f1_weighted': 0.7787624762803719, 'precision_macro': 0.5358256493327804, 'precision_micro': 0.7933661406980613, 'precision_weighted': 0.7771807493487235, 'recall_macro': 0.4811500983488698, 'recall_micro': 0.7933661406980613, 'recall_weighted': 0.7933661406980613}
Saving model...
Model saved!
-------------------------------------------
-----------------------
Epoch 46/100
Training statistic: Loss: 0.5175, train_score: {'accuracy': 0.8082555940519065, 'balanced_accuracy': 0.5048417091594046, 'f1_macro': 0.5209360912666386, 'f1_micro': 0.8082555940519065, 'f1_weighted': 0.7941094218094157, 'precision_macro': 0.7985058923063624, 'precision_micro': 0.8082555940519065, 'precision_weighted': 0.8103695279367484, 'recall_macro': 0.5048417091594046, 'recall_micro': 0.8082555940519065, 'recall_weighted': 0.8082555940519065}
Validation statistic: Loss: 0.5699, dev_score: {'accuracy': 0.7926481147440501, 'balanced_accuracy': 0.48845274729930355, 'f1_macro': 0.4984539705313669, 'f1_micro': 0.7926481147440501, 'f1_weighted': 0.777126771093179, 'precision_macro': 0.630061553295971, 'precision_micro': 0.7926481147440501, 'precision_weighted': 0.7786378335571777, 'recall_macro': 0.48845274729930355, 'recall_micro': 0.7926481147440501, 'recall_weighted': 0.7926481147440501}
-----------------------
Epoch 47/100
Training statistic: Loss: 0.5108, train_score: {'accuracy': 0.8101744389659088, 'balanced_accuracy': 0.4954465101128004, 'f1_macro': 0.501872489924995, 'f1_micro': 0.8101744389659088, 'f1_weighted': 0.7971892296136488, 'precision_macro': 0.6286737047477613, 'precision_micro': 0.8101744389659088, 'precision_weighted': 0.7981293694335682, 'recall_macro': 0.4954465101128004, 'recall_micro': 0.8101744389659088, 'recall_weighted': 0.8101744389659088}
Validation statistic: Loss: 0.5632, dev_score: {'accuracy': 0.795625295528975, 'balanced_accuracy': 0.4844415005359236, 'f1_macro': 0.4876320531490275, 'f1_micro': 0.795625295528975, 'f1_weighted': 0.7814404968910663, 'precision_macro': 0.5393354369590919, 'precision_micro': 0.795625295528975, 'precision_weighted': 0.7797385977233723, 'recall_macro': 0.4844415005359236, 'recall_micro': 0.795625295528975, 'recall_weighted': 0.795625295528975}
Saving model...
Model saved!
-------------------------------------------
-----------------------
Epoch 48/100
Training statistic: Loss: 0.5092, train_score: {'accuracy': 0.8094560937986125, 'balanced_accuracy': 0.49245641920281613, 'f1_macro': 0.5002704625648129, 'f1_micro': 0.8094560937986125, 'f1_weighted': 0.7961719888325275, 'precision_macro': 0.6262738201923342, 'precision_micro': 0.8094560937986125, 'precision_weighted': 0.7979032395226622, 'recall_macro': 0.49245641920281613, 'recall_micro': 0.8094560937986125, 'recall_weighted': 0.8094560937986125}
Validation statistic: Loss: 0.5600, dev_score: {'accuracy': 0.7920351657589184, 'balanced_accuracy': 0.4791715218632361, 'f1_macro': 0.4841716114478064, 'f1_micro': 0.7920351657589184, 'f1_weighted': 0.7777538370425243, 'precision_macro': 0.5443187826199182, 'precision_micro': 0.7920351657589184, 'precision_weighted': 0.7771977336304441, 'recall_macro': 0.4791715218632361, 'recall_micro': 0.7920351657589184, 'recall_weighted': 0.7920351657589184}
Saving model...
Model saved!
-------------------------------------------
-----------------------
Epoch 49/100
Training statistic: Loss: 0.5074, train_score: {'accuracy': 0.810479043379252, 'balanced_accuracy': 0.4948168428043929, 'f1_macro': 0.5015419986712626, 'f1_micro': 0.810479043379252, 'f1_weighted': 0.7972068528499592, 'precision_macro': 0.6392876865834999, 'precision_micro': 0.810479043379252, 'precision_weighted': 0.8044214651016501, 'recall_macro': 0.4948168428043929, 'recall_micro': 0.810479043379252, 'recall_weighted': 0.810479043379252}
Validation statistic: Loss: 0.5604, dev_score: {'accuracy': 0.7934186791825012, 'balanced_accuracy': 0.4825568616143795, 'f1_macro': 0.486723608136624, 'f1_micro': 0.7934186791825012, 'f1_weighted': 0.779231355191199, 'precision_macro': 0.5437150508606737, 'precision_micro': 0.7934186791825012, 'precision_weighted': 0.7781284191957284, 'recall_macro': 0.4825568616143795, 'recall_micro': 0.7934186791825012, 'recall_weighted': 0.7934186791825012}
-----------------------
Epoch 50/100
Training statistic: Loss: 0.5031, train_score: {'accuracy': 0.8109563112568434, 'balanced_accuracy': 0.49466076236450024, 'f1_macro': 0.5014706517642772, 'f1_micro': 0.8109563112568434, 'f1_weighted': 0.7977290474959713, 'precision_macro': 0.5573155822664029, 'precision_micro': 0.8109563112568434, 'precision_weighted': 0.7965166333471551, 'recall_macro': 0.49466076236450024, 'recall_micro': 0.8109563112568434, 'recall_weighted': 0.8109563112568434}
Validation statistic: Loss: 0.5536, dev_score: {'accuracy': 0.7945219873557381, 'balanced_accuracy': 0.4822008275151151, 'f1_macro': 0.4866089536607353, 'f1_micro': 0.7945219873557381, 'f1_weighted': 0.7802381959611004, 'precision_macro': 0.5430108294618399, 'precision_micro': 0.7945219873557381, 'precision_weighted': 0.77893582447552, 'recall_macro': 0.4822008275151151, 'recall_micro': 0.7945219873557381, 'recall_weighted': 0.7945219873557381}
Saving model...
Model saved!
-------------------------------------------
-----------------------
Epoch 51/100
Training statistic: Loss: 0.5001, train_score: {'accuracy': 0.8114889617550427, 'balanced_accuracy': 0.5008966395729434, 'f1_macro': 0.5231125785550715, 'f1_micro': 0.8114889617550427, 'f1_weighted': 0.7990801799647761, 'precision_macro': 0.7369799145944599, 'precision_micro': 0.8114889617550427, 'precision_weighted': 0.8092311685030442, 'recall_macro': 0.5008966395729434, 'recall_micro': 0.8114889617550427, 'recall_weighted': 0.8114889617550427}
Validation statistic: Loss: 0.5524, dev_score: {'accuracy': 0.7944169103868584, 'balanced_accuracy': 0.48493330667364404, 'f1_macro': 0.5020863016617637, 'f1_micro': 0.7944169103868584, 'f1_weighted': 0.7809592362686305, 'precision_macro': 0.7533446803163121, 'precision_micro': 0.7944169103868584, 'precision_weighted': 0.7974925485040181, 'recall_macro': 0.48493330667364404, 'recall_micro': 0.7944169103868584, 'recall_weighted': 0.7944169103868584}
Saving model...
Model saved!
-------------------------------------------
-----------------------
Epoch 52/100
Training statistic: Loss: 0.5023, train_score: {'accuracy': 0.8109204754435089, 'balanced_accuracy': 0.5076092005825091, 'f1_macro': 0.5197019284446814, 'f1_micro': 0.8109204754435089, 'f1_weighted': 0.7991084509155518, 'precision_macro': 0.8089519729562296, 'precision_micro': 0.8109204754435089, 'precision_weighted': 0.813101082529289, 'recall_macro': 0.5076092005825091, 'recall_micro': 0.8109204754435089, 'recall_weighted': 0.8109204754435089}
Validation statistic: Loss: 0.5514, dev_score: {'accuracy': 0.794206756449099, 'balanced_accuracy': 0.4958490233297095, 'f1_macro': 0.5042513291994961, 'f1_micro': 0.794206756449099, 'f1_weighted': 0.781553768521772, 'precision_macro': 0.8039297406534439, 'precision_micro': 0.794206756449099, 'precision_weighted': 0.7986768392123034, 'recall_macro': 0.4958490233297095, 'recall_micro': 0.794206756449099, 'recall_weighted': 0.794206756449099}
Saving model...
Model saved!
-------------------------------------------
-----------------------
Epoch 53/100
Training statistic: Loss: 0.4931, train_score: {'accuracy': 0.8157925171563957, 'balanced_accuracy': 0.5007515791980682, 'f1_macro': 0.5156221416032211, 'f1_micro': 0.8157925171563957, 'f1_weighted': 0.8036009957227881, 'precision_macro': 0.6730728951424734, 'precision_micro': 0.8157925171563957, 'precision_weighted': 0.8054613456828358, 'recall_macro': 0.5007515791980682, 'recall_micro': 0.8157925171563957, 'recall_weighted': 0.8157925171563957}
Validation statistic: Loss: 0.5439, dev_score: {'accuracy': 0.8003712719567083, 'balanced_accuracy': 0.491301085081855, 'f1_macro': 0.5058621943357485, 'f1_micro': 0.8003712719567083, 'f1_weighted': 0.7874610786147299, 'precision_macro': 0.6991081878623085, 'precision_micro': 0.8003712719567083, 'precision_weighted': 0.7898115886886086, 'recall_macro': 0.491301085081855, 'recall_micro': 0.8003712719567083, 'recall_weighted': 0.8003712719567083}
Saving model...
Model saved!
-------------------------------------------
-----------------------
Epoch 54/100
Training statistic: Loss: 0.4973, train_score: {'accuracy': 0.814725587259391, 'balanced_accuracy': 0.5207620420025111, 'f1_macro': 0.5310354462421288, 'f1_micro': 0.814725587259391, 'f1_weighted': 0.8034465761354062, 'precision_macro': 0.6664004022582123, 'precision_micro': 0.814725587259391, 'precision_weighted': 0.803503748516149, 'recall_macro': 0.5207620420025111, 'recall_micro': 0.814725587259391, 'recall_weighted': 0.814725587259391}
Validation statistic: Loss: 0.5485, dev_score: {'accuracy': 0.7989352200486857, 'balanced_accuracy': 0.5100175968876073, 'f1_macro': 0.5190881493237774, 'f1_micro': 0.7989352200486857, 'f1_weighted': 0.7868259481735351, 'precision_macro': 0.6932773551522872, 'precision_micro': 0.7989352200486857, 'precision_weighted': 0.7878048020554212, 'recall_macro': 0.5100175968876073, 'recall_micro': 0.7989352200486857, 'recall_weighted': 0.7989352200486857}
-----------------------
Epoch 55/100
Training statistic: Loss: 0.4858, train_score: {'accuracy': 0.8155009439479013, 'balanced_accuracy': 0.5060408795208906, 'f1_macro': 0.5165776045363806, 'f1_micro': 0.8155009439479013, 'f1_weighted': 0.8033906500501043, 'precision_macro': 0.7108172657623676, 'precision_micro': 0.8155009439479013, 'precision_weighted': 0.8068481949889356, 'recall_macro': 0.5060408795208906, 'recall_micro': 0.8155009439479013, 'recall_weighted': 0.8155009439479013}
Validation statistic: Loss: 0.5336, dev_score: {'accuracy': 0.7991803996427383, 'balanced_accuracy': 0.49448563368305193, 'f1_macro': 0.5029014403498803, 'f1_micro': 0.7991803996427383, 'f1_weighted': 0.7862080173481475, 'precision_macro': 0.5558880582238092, 'precision_micro': 0.7991803996427383, 'precision_weighted': 0.7846047080137041, 'recall_macro': 0.49448563368305193, 'recall_micro': 0.7991803996427383, 'recall_weighted': 0.7991803996427383}
Saving model...
Model saved!
-------------------------------------------
-----------------------
Epoch 56/100
Training statistic: Loss: 0.4837, train_score: {'accuracy': 0.8156442872012393, 'balanced_accuracy': 0.504712666987231, 'f1_macro': 0.5153411919259732, 'f1_micro': 0.8156442872012393, 'f1_weighted': 0.8032468211805346, 'precision_macro': 0.8530205940951944, 'precision_micro': 0.8156442872012393, 'precision_weighted': 0.8212555197861219, 'recall_macro': 0.504712666987231, 'recall_micro': 0.8156442872012393, 'recall_weighted': 0.8156442872012393}
Validation statistic: Loss: 0.5321, dev_score: {'accuracy': 0.8004238104411482, 'balanced_accuracy': 0.49272263755068646, 'f1_macro': 0.501604484425658, 'f1_micro': 0.8004238104411482, 'f1_weighted': 0.7870530485338578, 'precision_macro': 0.5568299414991223, 'precision_micro': 0.8004238104411482, 'precision_weighted': 0.7863444498781402, 'recall_macro': 0.49272263755068646, 'recall_micro': 0.8004238104411482, 'recall_weighted': 0.8004238104411482}
Saving model...
Model saved!
-------------------------------------------
-----------------------
Epoch 57/100
Training statistic: Loss: 0.4886, train_score: {'accuracy': 0.81740024205463, 'balanced_accuracy': 0.5099158845402604, 'f1_macro': 0.5203396811726464, 'f1_micro': 0.81740024205463, 'f1_weighted': 0.8052998164118339, 'precision_macro': 0.6873273150381569, 'precision_micro': 0.81740024205463, 'precision_weighted': 0.8075264866670396, 'recall_macro': 0.5099158845402604, 'recall_micro': 0.81740024205463, 'recall_weighted': 0.81740024205463}
Validation statistic: Loss: 0.5378, dev_score: {'accuracy': 0.8026129139594753, 'balanced_accuracy': 0.4996746424667525, 'f1_macro': 0.5077582083355205, 'f1_micro': 0.8026129139594753, 'f1_weighted': 0.7895317429681988, 'precision_macro': 0.557484095863418, 'precision_micro': 0.8026129139594753, 'precision_weighted': 0.7877196017004281, 'recall_macro': 0.4996746424667525, 'recall_micro': 0.8026129139594753, 'recall_weighted': 0.8026129139594753}
-----------------------
Epoch 58/100
Training statistic: Loss: 0.4785, train_score: {'accuracy': 0.81705654402674, 'balanced_accuracy': 0.5139868048055736, 'f1_macro': 0.5261418177493512, 'f1_micro': 0.81705654402674, 'f1_weighted': 0.8061295186157973, 'precision_macro': 0.7946012676903556, 'precision_micro': 0.81705654402674, 'precision_weighted': 0.8196242503131614, 'recall_macro': 0.5139868048055736, 'recall_micro': 0.81705654402674, 'recall_weighted': 0.81705654402674}
Validation statistic: Loss: 0.5269, dev_score: {'accuracy': 0.8002311693315354, 'balanced_accuracy': 0.5008412011252674, 'f1_macro': 0.5107485026645388, 'f1_micro': 0.8002311693315354, 'f1_weighted': 0.7883930320581144, 'precision_macro': 0.6934748489140842, 'precision_micro': 0.8002311693315354, 'precision_weighted': 0.8014206152898729, 'recall_macro': 0.5008412011252674, 'recall_micro': 0.8002311693315354, 'recall_weighted': 0.8002311693315354}
Saving model...
Model saved!
-------------------------------------------
-----------------------
Epoch 59/100
Training statistic: Loss: 0.4798, train_score: {'accuracy': 0.8168675915564308, 'balanced_accuracy': 0.5342798336420364, 'f1_macro': 0.5569291162230057, 'f1_micro': 0.8168675915564308, 'f1_weighted': 0.806053760392639, 'precision_macro': 0.8066003525458626, 'precision_micro': 0.8168675915564308, 'precision_weighted': 0.8193119561947769, 'recall_macro': 0.5342798336420364, 'recall_micro': 0.8168675915564308, 'recall_weighted': 0.8168675915564308}
Validation statistic: Loss: 0.5289, dev_score: {'accuracy': 0.7993905535804977, 'balanced_accuracy': 0.5161707149378943, 'f1_macro': 0.5342539456466181, 'f1_micro': 0.7993905535804977, 'f1_weighted': 0.7874775580602327, 'precision_macro': 0.7867151761632049, 'precision_micro': 0.7993905535804977, 'precision_weighted': 0.8031993142774462, 'recall_macro': 0.5161707149378943, 'recall_micro': 0.7993905535804977, 'recall_weighted': 0.7993905535804977}
-----------------------
Epoch 60/100
Training statistic: Loss: 0.4830, train_score: {'accuracy': 0.8210082568971724, 'balanced_accuracy': 0.537159635017803, 'f1_macro': 0.5606483775011679, 'f1_micro': 0.8210082568971724, 'f1_weighted': 0.810330455274555, 'precision_macro': 0.7972377915465204, 'precision_micro': 0.8210082568971724, 'precision_weighted': 0.8225470082572682, 'recall_macro': 0.537159635017803, 'recall_micro': 0.8210082568971724, 'recall_weighted': 0.8210082568971724}
Validation statistic: Loss: 0.5375, dev_score: {'accuracy': 0.8041540428363776, 'balanced_accuracy': 0.5200298874764085, 'f1_macro': 0.5391243176518821, 'f1_micro': 0.8041540428363776, 'f1_weighted': 0.7923347487236589, 'precision_macro': 0.7263260998908286, 'precision_micro': 0.8041540428363776, 'precision_weighted': 0.8006736238333737, 'recall_macro': 0.5200298874764085, 'recall_micro': 0.8041540428363776, 'recall_weighted': 0.8041540428363776}
-----------------------
Epoch 61/100
Training statistic: Loss: 0.4831, train_score: {'accuracy': 0.8185469880813343, 'balanced_accuracy': 0.5184632747437359, 'f1_macro': 0.5327845351262965, 'f1_micro': 0.8185469880813343, 'f1_weighted': 0.8072939355012442, 'precision_macro': 0.806077770308101, 'precision_micro': 0.8185469880813343, 'precision_weighted': 0.8216629627026615, 'recall_macro': 0.5184632747437359, 'recall_micro': 0.8185469880813343, 'recall_weighted': 0.8185469880813343}
Validation statistic: Loss: 0.5346, dev_score: {'accuracy': 0.8029106320379679, 'balanced_accuracy': 0.5052528956963801, 'f1_macro': 0.5151884409441506, 'f1_micro': 0.8029106320379679, 'f1_weighted': 0.7906260040564335, 'precision_macro': 0.6980574195110586, 'precision_micro': 0.8029106320379679, 'precision_weighted': 0.7921441963770709, 'recall_macro': 0.5052528956963801, 'recall_micro': 0.8029106320379679, 'recall_weighted': 0.8029106320379679}
-----------------------
Epoch 62/100
Training statistic: Loss: 0.4810, train_score: {'accuracy': 0.8212053538705122, 'balanced_accuracy': 0.5250586913928371, 'f1_macro': 0.5438701788686477, 'f1_micro': 0.8212053538705122, 'f1_weighted': 0.8103458658365102, 'precision_macro': 0.6682579197489079, 'precision_micro': 0.8212053538705122, 'precision_weighted': 0.8104434966562568, 'recall_macro': 0.5250586913928371, 'recall_micro': 0.8212053538705122, 'recall_weighted': 0.8212053538705122}
Validation statistic: Loss: 0.5317, dev_score: {'accuracy': 0.8061329924169454, 'balanced_accuracy': 0.5105639207239766, 'f1_macro': 0.5253304275754472, 'f1_micro': 0.8061329924169454, 'f1_weighted': 0.7941998990275465, 'precision_macro': 0.6523062945877076, 'precision_micro': 0.8061329924169454, 'precision_weighted': 0.7940960833848837, 'recall_macro': 0.5105639207239766, 'recall_micro': 0.8061329924169454, 'recall_weighted': 0.8061329924169454}
-----------------------
Epoch 63/100
Training statistic: Loss: 0.4801, train_score: {'accuracy': 0.8204397705856387, 'balanced_accuracy': 0.5351456321853619, 'f1_macro': 0.5555155687699997, 'f1_micro': 0.8204397705856387, 'f1_weighted': 0.8102135552585124, 'precision_macro': 0.6844156520268996, 'precision_micro': 0.8204397705856387, 'precision_weighted': 0.8099176117019181, 'recall_macro': 0.5351456321853619, 'recall_micro': 0.8204397705856387, 'recall_weighted': 0.8204397705856387}
Validation statistic: Loss: 0.5316, dev_score: {'accuracy': 0.8057652230258664, 'balanced_accuracy': 0.5209018828390437, 'f1_macro': 0.537926935954829, 'f1_micro': 0.8057652230258664, 'f1_weighted': 0.7945552297836671, 'precision_macro': 0.6716106675126078, 'precision_micro': 0.8057652230258664, 'precision_weighted': 0.7939741088115909, 'recall_macro': 0.5209018828390437, 'recall_micro': 0.8057652230258664, 'recall_weighted': 0.8057652230258664}
-----------------------
Epoch 64/100
Training statistic: Loss: 0.4637, train_score: {'accuracy': 0.8225247633614644, 'balanced_accuracy': 0.5252307016267612, 'f1_macro': 0.5323690690001145, 'f1_micro': 0.8225247633614644, 'f1_weighted': 0.811850155185069, 'precision_macro': 0.8312110361107073, 'precision_micro': 0.8225247633614644, 'precision_weighted': 0.8264794197758719, 'recall_macro': 0.5252307016267612, 'recall_micro': 0.8225247633614644, 'recall_weighted': 0.8225247633614644}
Validation statistic: Loss: 0.5121, dev_score: {'accuracy': 0.8065007618080243, 'balanced_accuracy': 0.5126652779675368, 'f1_macro': 0.5181647874097157, 'f1_micro': 0.8065007618080243, 'f1_weighted': 0.7949644939749804, 'precision_macro': 0.5518356581440941, 'precision_micro': 0.8065007618080243, 'precision_weighted': 0.7910355266441346, 'recall_macro': 0.5126652779675368, 'recall_micro': 0.8065007618080243, 'recall_weighted': 0.8065007618080243}
Saving model...
Model saved!
-------------------------------------------
-----------------------
Epoch 65/100
Training statistic: Loss: 0.5045, train_score: {'accuracy': 0.8195699376619738, 'balanced_accuracy': 0.5338872054230135, 'f1_macro': 0.5577226541497519, 'f1_micro': 0.8195699376619738, 'f1_weighted': 0.8091231630548202, 'precision_macro': 0.8241720215038105, 'precision_micro': 0.8195699376619738, 'precision_weighted': 0.8238250778615646, 'recall_macro': 0.5338872054230135, 'recall_micro': 0.8195699376619738, 'recall_weighted': 0.8195699376619738}
Validation statistic: Loss: 0.5598, dev_score: {'accuracy': 0.8030682474912874, 'balanced_accuracy': 0.5156955935842625, 'f1_macro': 0.5343365627733332, 'f1_micro': 0.8030682474912874, 'f1_weighted': 0.7915384115065031, 'precision_macro': 0.6604308743862956, 'precision_micro': 0.8030682474912874, 'precision_weighted': 0.7918677887325047, 'recall_macro': 0.5156955935842625, 'recall_micro': 0.8030682474912874, 'recall_weighted': 0.8030682474912874}
-----------------------
Epoch 66/100
Training statistic: Loss: 0.4821, train_score: {'accuracy': 0.8210668973189925, 'balanced_accuracy': 0.5141444254871359, 'f1_macro': 0.5266314467903429, 'f1_micro': 0.8210668973189925, 'f1_weighted': 0.8097716553873822, 'precision_macro': 0.7865743163519424, 'precision_micro': 0.8210668973189925, 'precision_weighted': 0.8240428091745043, 'recall_macro': 0.5141444254871359, 'recall_micro': 0.8210668973189925, 'recall_weighted': 0.8210668973189925}
Validation statistic: Loss: 0.5340, dev_score: {'accuracy': 0.8055375562599604, 'balanced_accuracy': 0.5041455044889972, 'f1_macro': 0.5154600688193564, 'f1_micro': 0.8055375562599604, 'f1_weighted': 0.7935311372002232, 'precision_macro': 0.705892716268771, 'precision_micro': 0.8055375562599604, 'precision_weighted': 0.8079812508888714, 'recall_macro': 0.5041455044889972, 'recall_micro': 0.8055375562599604, 'recall_weighted': 0.8055375562599604}
-----------------------
Epoch 67/100
Training statistic: Loss: 0.4717, train_score: {'accuracy': 0.8211076198341454, 'balanced_accuracy': 0.5103963070184239, 'f1_macro': 0.5219478147395461, 'f1_micro': 0.8211076198341454, 'f1_weighted': 0.8092059851224719, 'precision_macro': 0.6660717503925502, 'precision_micro': 0.8211076198341454, 'precision_weighted': 0.810933474383632, 'recall_macro': 0.5103963070184239, 'recall_micro': 0.8211076198341454, 'recall_weighted': 0.8211076198341454}
Validation statistic: Loss: 0.5201, dev_score: {'accuracy': 0.8048195303059491, 'balanced_accuracy': 0.4964270265670421, 'f1_macro': 0.5063320379000251, 'f1_micro': 0.8048195303059491, 'f1_weighted': 0.7919641192038083, 'precision_macro': 0.5615123555718753, 'precision_micro': 0.8048195303059491, 'precision_weighted': 0.7904705099458932, 'recall_macro': 0.4964270265670421, 'recall_micro': 0.8048195303059491, 'recall_weighted': 0.8048195303059491}
-----------------------
Epoch 68/100
Training statistic: Loss: 0.4803, train_score: {'accuracy': 0.8212639942923323, 'balanced_accuracy': 0.5291400135482485, 'f1_macro': 0.5522519693396036, 'f1_micro': 0.8212639942923323, 'f1_weighted': 0.8104134376924202, 'precision_macro': 0.7777542033361442, 'precision_micro': 0.8212639942923323, 'precision_weighted': 0.8226934137020918, 'recall_macro': 0.5291400135482485, 'recall_micro': 0.8212639942923323, 'recall_weighted': 0.8212639942923323}
Validation statistic: Loss: 0.5331, dev_score: {'accuracy': 0.8052223253533213, 'balanced_accuracy': 0.5146344091220665, 'f1_macro': 0.5346434745200747, 'f1_micro': 0.8052223253533213, 'f1_weighted': 0.7933083537556558, 'precision_macro': 0.765343084176414, 'precision_micro': 0.8052223253533213, 'precision_weighted': 0.8090083951572398, 'recall_macro': 0.5146344091220665, 'recall_micro': 0.8052223253533213, 'recall_weighted': 0.8052223253533213}
-----------------------
Epoch 69/100
Training statistic: Loss: 0.4909, train_score: {'accuracy': 0.820615691851099, 'balanced_accuracy': 0.5223873665273029, 'f1_macro': 0.53528488375062, 'f1_micro': 0.820615691851099, 'f1_weighted': 0.8096975780632514, 'precision_macro': 0.8120614157569103, 'precision_micro': 0.820615691851099, 'precision_weighted': 0.8221645335323636, 'recall_macro': 0.5223873665273029, 'recall_micro': 0.820615691851099, 'recall_weighted': 0.820615691851099}
Validation statistic: Loss: 0.5433, dev_score: {'accuracy': 0.8042941454615505, 'balanced_accuracy': 0.5094991329097729, 'f1_macro': 0.5200601405233027, 'f1_micro': 0.8042941454615505, 'f1_weighted': 0.7923341773839636, 'precision_macro': 0.793950452784247, 'precision_micro': 0.8042941454615505, 'precision_weighted': 0.8083783959835037, 'recall_macro': 0.5094991329097729, 'recall_micro': 0.8042941454615505, 'recall_weighted': 0.8042941454615505}
-----------------------
Epoch 70/100
Training statistic: Loss: 0.4653, train_score: {'accuracy': 0.8245299400075907, 'balanced_accuracy': 0.5238193526139304, 'f1_macro': 0.5368134344806765, 'f1_micro': 0.8245299400075907, 'f1_weighted': 0.8138929916697852, 'precision_macro': 0.8534013830115301, 'precision_micro': 0.8245299400075907, 'precision_weighted': 0.8288553650946917, 'recall_macro': 0.5238193526139304, 'recall_micro': 0.8245299400075907, 'recall_weighted': 0.8245299400075907}
Validation statistic: Loss: 0.5136, dev_score: {'accuracy': 0.8102660198595472, 'balanced_accuracy': 0.5133301763445923, 'f1_macro': 0.5252077955117559, 'f1_micro': 0.8102660198595472, 'f1_weighted': 0.7989036143955063, 'precision_macro': 0.846532347355976, 'precision_micro': 0.8102660198595472, 'precision_weighted': 0.8160679687041418, 'recall_macro': 0.5133301763445923, 'recall_micro': 0.8102660198595472, 'recall_weighted': 0.8102660198595472}
-----------------------
Epoch 71/100
Training statistic: Loss: 0.4822, train_score: {'accuracy': 0.8212379318826345, 'balanced_accuracy': 0.519988041823053, 'f1_macro': 0.5314340893511462, 'f1_micro': 0.8212379318826345, 'f1_weighted': 0.8099006526285562, 'precision_macro': 0.7171131373462108, 'precision_micro': 0.8212379318826345, 'precision_weighted': 0.8213136248442131, 'recall_macro': 0.519988041823053, 'recall_micro': 0.8212379318826345, 'recall_weighted': 0.8212379318826345}
Validation statistic: Loss: 0.5335, dev_score: {'accuracy': 0.8061329924169454, 'balanced_accuracy': 0.5121471063087657, 'f1_macro': 0.522678958709229, 'f1_micro': 0.8061329924169454, 'f1_weighted': 0.7942584521696128, 'precision_macro': 0.7080913333924567, 'precision_micro': 0.8061329924169454, 'precision_weighted': 0.80815509415612, 'recall_macro': 0.5121471063087657, 'recall_micro': 0.8061329924169454, 'recall_weighted': 0.8061329924169454}
-----------------------
Epoch 72/100
Training statistic: Loss: 0.4674, train_score: {'accuracy': 0.8246830566645654, 'balanced_accuracy': 0.5218347466133746, 'f1_macro': 0.541817167067089, 'f1_micro': 0.8246830566645654, 'f1_weighted': 0.8137116699405533, 'precision_macro': 0.7068625689724779, 'precision_micro': 0.8246830566645654, 'precision_weighted': 0.8149049884103721, 'recall_macro': 0.5218347466133746, 'recall_micro': 0.8246830566645654, 'recall_weighted': 0.8246830566645654}
Validation statistic: Loss: 0.5166, dev_score: {'accuracy': 0.8100908915780809, 'balanced_accuracy': 0.5122380289243212, 'f1_macro': 0.5306367722547483, 'f1_micro': 0.8100908915780809, 'f1_weighted': 0.7982274614737194, 'precision_macro': 0.6837403641205677, 'precision_micro': 0.8100908915780809, 'precision_weighted': 0.7984573101865167, 'recall_macro': 0.5122380289243212, 'recall_micro': 0.8100908915780809, 'recall_weighted': 0.8100908915780809}
-----------------------
Epoch 73/100
Training statistic: Loss: 0.4648, train_score: {'accuracy': 0.8226957979251064, 'balanced_accuracy': 0.522012785597432, 'f1_macro': 0.530141706515247, 'f1_micro': 0.8226957979251064, 'f1_weighted': 0.8116817133384916, 'precision_macro': 0.564948341938376, 'precision_micro': 0.8226957979251064, 'precision_weighted': 0.8080631757305227, 'recall_macro': 0.522012785597432, 'recall_micro': 0.8226957979251064, 'recall_weighted': 0.8226957979251064}
Validation statistic: Loss: 0.5133, dev_score: {'accuracy': 0.8066058387769041, 'balanced_accuracy': 0.5106421641179714, 'f1_macro': 0.5176490173963545, 'f1_micro': 0.8066058387769041, 'f1_weighted': 0.7948590811149953, 'precision_macro': 0.5521599788555897, 'precision_micro': 0.8066058387769041, 'precision_weighted': 0.7909738491569002, 'recall_macro': 0.5106421641179714, 'recall_micro': 0.8066058387769041, 'recall_weighted': 0.8066058387769041}
-----------------------
Epoch 74/100
Training statistic: Loss: 0.4606, train_score: {'accuracy': 0.82443383487183, 'balanced_accuracy': 0.5246598757117054, 'f1_macro': 0.5335506381906981, 'f1_micro': 0.82443383487183, 'f1_weighted': 0.8134291666810738, 'precision_macro': 0.6788058226968694, 'precision_micro': 0.82443383487183, 'precision_weighted': 0.8207379746005846, 'recall_macro': 0.5246598757117054, 'recall_micro': 0.82443383487183, 'recall_weighted': 0.82443383487183}
Validation statistic: Loss: 0.5094, dev_score: {'accuracy': 0.8089700705766975, 'balanced_accuracy': 0.5152489298683041, 'f1_macro': 0.5229514380479239, 'f1_micro': 0.8089700705766975, 'f1_weighted': 0.7972501809020632, 'precision_macro': 0.5618675262782997, 'precision_micro': 0.8089700705766975, 'precision_weighted': 0.7940630239077936, 'recall_macro': 0.5152489298683041, 'recall_micro': 0.8089700705766975, 'recall_weighted': 0.8089700705766975}
Saving model...
Model saved!
-------------------------------------------
-----------------------
Epoch 75/100
Training statistic: Loss: 0.4708, train_score: {'accuracy': 0.825806998082784, 'balanced_accuracy': 0.5245470170855097, 'f1_macro': 0.5385656497025894, 'f1_micro': 0.825806998082784, 'f1_weighted': 0.8146095496695567, 'precision_macro': 0.7141406350217568, 'precision_micro': 0.825806998082784, 'precision_weighted': 0.8167734260005836, 'recall_macro': 0.5245470170855097, 'recall_micro': 0.825806998082784, 'recall_weighted': 0.825806998082784}
Validation statistic: Loss: 0.5235, dev_score: {'accuracy': 0.8098281991558817, 'balanced_accuracy': 0.5147897991429109, 'f1_macro': 0.527694076203214, 'f1_micro': 0.8098281991558817, 'f1_weighted': 0.7979409250869144, 'precision_macro': 0.7059445184007054, 'precision_micro': 0.8098281991558817, 'precision_weighted': 0.7995372531944553, 'recall_macro': 0.5147897991429109, 'recall_micro': 0.8098281991558817, 'recall_weighted': 0.8098281991558817}
-----------------------
Epoch 76/100
Training statistic: Loss: 0.4632, train_score: {'accuracy': 0.8256050144076259, 'balanced_accuracy': 0.5151909318884343, 'f1_macro': 0.5269126466335571, 'f1_micro': 0.8256050144076259, 'f1_weighted': 0.8139010426375697, 'precision_macro': 0.5740116647287429, 'precision_micro': 0.8256050144076259, 'precision_weighted': 0.8115387951284154, 'recall_macro': 0.5151909318884343, 'recall_micro': 0.8256050144076259, 'recall_weighted': 0.8256050144076259}
Validation statistic: Loss: 0.5118, dev_score: {'accuracy': 0.8092677886551899, 'balanced_accuracy': 0.5037635499849787, 'f1_macro': 0.5133650477883858, 'f1_micro': 0.8092677886551899, 'f1_weighted': 0.7966634812217989, 'precision_macro': 0.5602369317741002, 'precision_micro': 0.8092677886551899, 'precision_weighted': 0.7942651902316507, 'recall_macro': 0.5037635499849787, 'recall_micro': 0.8092677886551899, 'recall_weighted': 0.8092677886551899}
-----------------------
Epoch 77/100
Training statistic: Loss: 0.4658, train_score: {'accuracy': 0.8265986437773554, 'balanced_accuracy': 0.5275202133179738, 'f1_macro': 0.5359371426368844, 'f1_micro': 0.8265986437773554, 'f1_weighted': 0.8156324158735674, 'precision_macro': 0.7132919333335593, 'precision_micro': 0.8265986437773554, 'precision_weighted': 0.8255775488955489, 'recall_macro': 0.5275202133179738, 'recall_micro': 0.8265986437773554, 'recall_weighted': 0.8265986437773554}
Validation statistic: Loss: 0.5165, dev_score: {'accuracy': 0.8119997898460622, 'balanced_accuracy': 0.5187199793428466, 'f1_macro': 0.5267973853796752, 'f1_micro': 0.8119997898460622, 'f1_weighted': 0.8003842326158553, 'precision_macro': 0.5627012737380445, 'precision_micro': 0.8119997898460622, 'precision_weighted': 0.7963366449053692, 'recall_macro': 0.5187199793428466, 'recall_micro': 0.8119997898460622, 'recall_weighted': 0.8119997898460622}
-----------------------
Epoch 78/100
Training statistic: Loss: 0.4610, train_score: {'accuracy': 0.8271133763688874, 'balanced_accuracy': 0.5267026302122734, 'f1_macro': 0.5369751815047854, 'f1_micro': 0.8271133763688874, 'f1_weighted': 0.8163471921757992, 'precision_macro': 0.6776003805025491, 'precision_micro': 0.8271133763688874, 'precision_weighted': 0.8163609061563499, 'recall_macro': 0.5267026302122734, 'recall_micro': 0.8271133763688874, 'recall_weighted': 0.8271133763688874}
Validation statistic: Loss: 0.5089, dev_score: {'accuracy': 0.8103886096565734, 'balanced_accuracy': 0.5130149037486197, 'f1_macro': 0.5215276810455091, 'f1_micro': 0.8103886096565734, 'f1_weighted': 0.7987241065305063, 'precision_macro': 0.5598723382929014, 'precision_micro': 0.8103886096565734, 'precision_weighted': 0.7948934500126552, 'recall_macro': 0.5130149037486197, 'recall_micro': 0.8103886096565734, 'recall_weighted': 0.8103886096565734}
Saving model...
Model saved!
-------------------------------------------
-----------------------
Epoch 79/100
Training statistic: Loss: 0.4567, train_score: {'accuracy': 0.8252515429760992, 'balanced_accuracy': 0.5225976848961933, 'f1_macro': 0.5336626175995068, 'f1_micro': 0.8252515429760992, 'f1_weighted': 0.8143032913316326, 'precision_macro': 0.7140412428046979, 'precision_micro': 0.8252515429760992, 'precision_weighted': 0.8250628688926854, 'recall_macro': 0.5225976848961933, 'recall_micro': 0.8252515429760992, 'recall_weighted': 0.8252515429760992}
Validation statistic: Loss: 0.5051, dev_score: {'accuracy': 0.8094078912803628, 'balanced_accuracy': 0.5125314864463375, 'f1_macro': 0.5216844193207578, 'f1_micro': 0.8094078912803628, 'f1_weighted': 0.7976870761721593, 'precision_macro': 0.7066295572077328, 'precision_micro': 0.8094078912803628, 'precision_weighted': 0.8115518045913472, 'recall_macro': 0.5125314864463375, 'recall_micro': 0.8094078912803628, 'recall_weighted': 0.8094078912803628}
Saving model...
Model saved!
-------------------------------------------
-----------------------
Epoch 80/100
Training statistic: Loss: 0.4547, train_score: {'accuracy': 0.8272176260076787, 'balanced_accuracy': 0.5234577508320983, 'f1_macro': 0.5358103658568153, 'f1_micro': 0.8272176260076787, 'f1_weighted': 0.8161635192375495, 'precision_macro': 0.7181785728302307, 'precision_micro': 0.8272176260076787, 'precision_weighted': 0.8265934646248262, 'recall_macro': 0.5234577508320983, 'recall_micro': 0.8272176260076787, 'recall_weighted': 0.8272176260076787}
Validation statistic: Loss: 0.5035, dev_score: {'accuracy': 0.8112642510639043, 'balanced_accuracy': 0.5135263265115496, 'f1_macro': 0.5250600343937047, 'f1_micro': 0.8112642510639043, 'f1_weighted': 0.7995031778755245, 'precision_macro': 0.707907746987437, 'precision_micro': 0.8112642510639043, 'precision_weighted': 0.8125608050511881, 'recall_macro': 0.5135263265115496, 'recall_micro': 0.8112642510639043, 'recall_weighted': 0.8112642510639043}
Saving model...
Model saved!
-------------------------------------------
-----------------------
Epoch 81/100
Training statistic: Loss: 0.4644, train_score: {'accuracy': 0.8266279639882654, 'balanced_accuracy': 0.5224765877157086, 'f1_macro': 0.5342622323368768, 'f1_micro': 0.8266279639882654, 'f1_weighted': 0.8151814078916073, 'precision_macro': 0.6999735768633609, 'precision_micro': 0.8266279639882654, 'precision_weighted': 0.8172757650156075, 'recall_macro': 0.5224765877157086, 'recall_micro': 0.8266279639882654, 'recall_weighted': 0.8266279639882654}
Validation statistic: Loss: 0.5150, dev_score: {'accuracy': 0.8109315073291186, 'balanced_accuracy': 0.5113721311586982, 'f1_macro': 0.5227500196942643, 'f1_micro': 0.8109315073291186, 'f1_weighted': 0.7986724179760906, 'precision_macro': 0.7074640449401224, 'precision_micro': 0.8109315073291186, 'precision_weighted': 0.8008587645683982, 'recall_macro': 0.5113721311586982, 'recall_micro': 0.8109315073291186, 'recall_weighted': 0.8109315073291186}
-----------------------
Epoch 82/100
Training statistic: Loss: 0.4675, train_score: {'accuracy': 0.8271329231761607, 'balanced_accuracy': 0.5388384969832581, 'f1_macro': 0.5657423678827865, 'f1_micro': 0.8271329231761607, 'f1_weighted': 0.8165280888414287, 'precision_macro': 0.839843578149504, 'precision_micro': 0.8271329231761607, 'precision_weighted': 0.8315212473383038, 'recall_macro': 0.5388384969832581, 'recall_micro': 0.8271329231761607, 'recall_weighted': 0.8271329231761607}
Validation statistic: Loss: 0.5185, dev_score: {'accuracy': 0.8122099437838216, 'balanced_accuracy': 0.526152851915502, 'f1_macro': 0.5502531424715524, 'f1_micro': 0.8122099437838216, 'f1_weighted': 0.8006734874193698, 'precision_macro': 0.8343626182164838, 'precision_micro': 0.8122099437838216, 'precision_weighted': 0.8182406931892943, 'recall_macro': 0.526152851915502, 'recall_micro': 0.8122099437838216, 'recall_weighted': 0.8122099437838216}
-----------------------
Epoch 83/100
Training statistic: Loss: 0.4526, train_score: {'accuracy': 0.8280369630125539, 'balanced_accuracy': 0.520467726979871, 'f1_macro': 0.5350761381345553, 'f1_micro': 0.8280369630125539, 'f1_weighted': 0.816789676586274, 'precision_macro': 0.8354092505738209, 'precision_micro': 0.8280369630125539, 'precision_weighted': 0.8318663662624208, 'recall_macro': 0.520467726979871, 'recall_micro': 0.8280369630125539, 'recall_weighted': 0.8280369630125539}
Validation statistic: Loss: 0.5006, dev_score: {'accuracy': 0.8123850720652879, 'balanced_accuracy': 0.5084722263034991, 'f1_macro': 0.5214675413368851, 'f1_micro': 0.8123850720652879, 'f1_weighted': 0.8003363183450061, 'precision_macro': 0.709114170911738, 'precision_micro': 0.8123850720652879, 'precision_weighted': 0.813822724555963, 'recall_macro': 0.5084722263034991, 'recall_micro': 0.8123850720652879, 'recall_weighted': 0.8123850720652879}
Saving model...
Model saved!
-------------------------------------------
-----------------------
Epoch 84/100
Training statistic: Loss: 0.4475, train_score: {'accuracy': 0.8323649519229986, 'balanced_accuracy': 0.542329651978964, 'f1_macro': 0.5526896205681668, 'f1_micro': 0.8323649519229986, 'f1_weighted': 0.8222726644283816, 'precision_macro': 0.8525127937593726, 'precision_micro': 0.8323649519229986, 'precision_weighted': 0.8362155594381142, 'recall_macro': 0.542329651978964, 'recall_micro': 0.8323649519229986, 'recall_weighted': 0.8323649519229986}
Validation statistic: Loss: 0.4970, dev_score: {'accuracy': 0.8176564333374197, 'balanced_accuracy': 0.5318969362334197, 'f1_macro': 0.5404914686514318, 'f1_micro': 0.8176564333374197, 'f1_weighted': 0.8067780904214751, 'precision_macro': 0.8491418418801894, 'precision_micro': 0.8176564333374197, 'precision_weighted': 0.8228520062724181, 'recall_macro': 0.5318969362334197, 'recall_micro': 0.8176564333374197, 'recall_weighted': 0.8176564333374197}
Saving model...
Model saved!
-------------------------------------------
-----------------------
Epoch 85/100
Training statistic: Loss: 0.4499, train_score: {'accuracy': 0.8290859750028913, 'balanced_accuracy': 0.5337085742958411, 'f1_macro': 0.5545429249277619, 'f1_micro': 0.8290859750028913, 'f1_weighted': 0.8185353905506033, 'precision_macro': 0.8553772901378487, 'precision_micro': 0.8290859750028913, 'precision_weighted': 0.8337803963538265, 'recall_macro': 0.5337085742958411, 'recall_micro': 0.8290859750028913, 'recall_weighted': 0.8290859750028913}
Validation statistic: Loss: 0.4994, dev_score: {'accuracy': 0.8137860983170172, 'balanced_accuracy': 0.5196754795755509, 'f1_macro': 0.5372535708244116, 'f1_micro': 0.8137860983170172, 'f1_weighted': 0.8021466932219008, 'precision_macro': 0.8581923328692344, 'precision_micro': 0.8137860983170172, 'precision_weighted': 0.8203271879809766, 'recall_macro': 0.5196754795755509, 'recall_micro': 0.8137860983170172, 'recall_weighted': 0.8137860983170172}
-----------------------
Epoch 86/100
Training statistic: Loss: 0.4497, train_score: {'accuracy': 0.8289752097616756, 'balanced_accuracy': 0.5332166299858778, 'f1_macro': 0.5564108962355137, 'f1_micro': 0.8289752097616756, 'f1_weighted': 0.8184990576757836, 'precision_macro': 0.8587914578722726, 'precision_micro': 0.8289752097616756, 'precision_weighted': 0.8337492056207978, 'recall_macro': 0.5332166299858778, 'recall_micro': 0.8289752097616756, 'recall_weighted': 0.8289752097616756}
Validation statistic: Loss: 0.4965, dev_score: {'accuracy': 0.8146792525524947, 'balanced_accuracy': 0.5262143431435341, 'f1_macro': 0.548909466435594, 'f1_micro': 0.8146792525524947, 'f1_weighted': 0.8035211832092867, 'precision_macro': 0.8429093197299968, 'precision_micro': 0.8146792525524947, 'precision_weighted': 0.8204098632375929, 'recall_macro': 0.5262143431435341, 'recall_micro': 0.8146792525524947, 'recall_weighted': 0.8146792525524947}
Saving model...
Model saved!
-------------------------------------------
-----------------------
Epoch 87/100
Training statistic: Loss: 0.4537, train_score: {'accuracy': 0.82961048099806, 'balanced_accuracy': 0.5355307965803027, 'f1_macro': 0.5515093853457724, 'f1_micro': 0.82961048099806, 'f1_weighted': 0.8192373538373552, 'precision_macro': 0.8609254984530583, 'precision_micro': 0.82961048099806, 'precision_weighted': 0.8339037854740515, 'recall_macro': 0.5355307965803027, 'recall_micro': 0.82961048099806, 'recall_weighted': 0.82961048099806}
Validation statistic: Loss: 0.5015, dev_score: {'accuracy': 0.8142764575051225, 'balanced_accuracy': 0.5235317030814073, 'f1_macro': 0.5378172206199658, 'f1_micro': 0.8142764575051225, 'f1_weighted': 0.8030569563555088, 'precision_macro': 0.851714563652586, 'precision_micro': 0.8142764575051225, 'precision_weighted': 0.8197455367587333, 'recall_macro': 0.5235317030814073, 'recall_micro': 0.8142764575051225, 'recall_weighted': 0.8142764575051225}
-----------------------
Epoch 88/100
Training statistic: Loss: 0.4486, train_score: {'accuracy': 0.8300405107580741, 'balanced_accuracy': 0.5325814170907793, 'f1_macro': 0.5411716190485586, 'f1_micro': 0.8300405107580741, 'f1_weighted': 0.8190393847183303, 'precision_macro': 0.7038002581042112, 'precision_micro': 0.8300405107580741, 'precision_weighted': 0.8202755345028309, 'recall_macro': 0.5325814170907793, 'recall_micro': 0.8300405107580741, 'recall_weighted': 0.8300405107580741}
Validation statistic: Loss: 0.4962, dev_score: {'accuracy': 0.8152922015376263, 'balanced_accuracy': 0.5221303374442186, 'f1_macro': 0.5299284049558395, 'f1_micro': 0.8152922015376263, 'f1_weighted': 0.8035010661730405, 'precision_macro': 0.7074311365082435, 'precision_micro': 0.8152922015376263, 'precision_weighted': 0.8045302773639166, 'recall_macro': 0.5221303374442186, 'recall_micro': 0.8152922015376263, 'recall_weighted': 0.8152922015376263}
Saving model...
Model saved!
-------------------------------------------
-----------------------
Epoch 89/100
Training statistic: Loss: 0.4522, train_score: {'accuracy': 0.8326646696345236, 'balanced_accuracy': 0.5381321643158677, 'f1_macro': 0.5572834827766611, 'f1_micro': 0.8326646696345236, 'f1_weighted': 0.8218737237859839, 'precision_macro': 0.8527158337455235, 'precision_micro': 0.8326646696345236, 'precision_weighted': 0.8369575560788901, 'recall_macro': 0.5381321643158677, 'recall_micro': 0.8326646696345236, 'recall_weighted': 0.8326646696345236}
Validation statistic: Loss: 0.4996, dev_score: {'accuracy': 0.818234356666258, 'balanced_accuracy': 0.5269247717202815, 'f1_macro': 0.5452394981615509, 'f1_micro': 0.818234356666258, 'f1_weighted': 0.8064861056353791, 'precision_macro': 0.6873847249650439, 'precision_micro': 0.818234356666258, 'precision_weighted': 0.8068553470709248, 'recall_macro': 0.5269247717202815, 'recall_micro': 0.818234356666258, 'recall_weighted': 0.818234356666258}
-----------------------
Epoch 90/100
Training statistic: Loss: 0.4401, train_score: {'accuracy': 0.830683926497489, 'balanced_accuracy': 0.5192734492943579, 'f1_macro': 0.5323249310775455, 'f1_micro': 0.830683926497489, 'f1_weighted': 0.8188883957170151, 'precision_macro': 0.7138970081420276, 'precision_micro': 0.830683926497489, 'precision_weighted': 0.8223794006696449, 'recall_macro': 0.5192734492943579, 'recall_micro': 0.830683926497489, 'recall_weighted': 0.830683926497489}
Validation statistic: Loss: 0.4853, dev_score: {'accuracy': 0.8156599709287052, 'balanced_accuracy': 0.5103227813942292, 'f1_macro': 0.5206043968956713, 'f1_micro': 0.8156599709287052, 'f1_weighted': 0.8031695970964338, 'precision_macro': 0.7127103371393108, 'precision_micro': 0.8156599709287052, 'precision_weighted': 0.8064541629124384, 'recall_macro': 0.5103227813942292, 'recall_micro': 0.8156599709287052, 'recall_weighted': 0.8156599709287052}
Saving model...
Model saved!
-------------------------------------------
-----------------------
Epoch 91/100
Training statistic: Loss: 0.4384, train_score: {'accuracy': 0.8319512111690457, 'balanced_accuracy': 0.5304365504888731, 'f1_macro': 0.5446327023170909, 'f1_micro': 0.8319512111690457, 'f1_weighted': 0.8206681137900971, 'precision_macro': 0.709569815012166, 'precision_micro': 0.8319512111690457, 'precision_weighted': 0.8222587299524261, 'recall_macro': 0.5304365504888731, 'recall_micro': 0.8319512111690457, 'recall_weighted': 0.8319512111690457}
Validation statistic: Loss: 0.4853, dev_score: {'accuracy': 0.816588150820476, 'balanced_accuracy': 0.5184317297535289, 'f1_macro': 0.5305718287513741, 'f1_micro': 0.816588150820476, 'f1_weighted': 0.8043688467085836, 'precision_macro': 0.7097791338168224, 'precision_micro': 0.816588150820476, 'precision_weighted': 0.8057623231317622, 'recall_macro': 0.5184317297535289, 'recall_micro': 0.816588150820476, 'recall_weighted': 0.816588150820476}
Saving model...
Model saved!
-------------------------------------------
-----------------------
Epoch 92/100
Training statistic: Loss: 0.4368, train_score: {'accuracy': 0.8332364137472695, 'balanced_accuracy': 0.5292725161783675, 'f1_macro': 0.542580245153143, 'f1_micro': 0.8332364137472695, 'f1_weighted': 0.8220381388206468, 'precision_macro': 0.8212802312673952, 'precision_micro': 0.8332364137472695, 'precision_weighted': 0.8365130253043449, 'recall_macro': 0.5292725161783675, 'recall_micro': 0.8332364137472695, 'recall_weighted': 0.8332364137472695}
Validation statistic: Loss: 0.4835, dev_score: {'accuracy': 0.8191625365580287, 'balanced_accuracy': 0.5192214904780224, 'f1_macro': 0.5322153327683309, 'f1_micro': 0.8191625365580287, 'f1_weighted': 0.8070870422926486, 'precision_macro': 0.7205863378794776, 'precision_micro': 0.8191625365580287, 'precision_weighted': 0.8211762161503184, 'recall_macro': 0.5192214904780224, 'recall_micro': 0.8191625365580287, 'recall_weighted': 0.8191625365580287}
Saving model...
Model saved!
-------------------------------------------
-----------------------
Epoch 93/100
Training statistic: Loss: 0.4453, train_score: {'accuracy': 0.8310080777181057, 'balanced_accuracy': 0.5300788635047667, 'f1_macro': 0.5405392023373095, 'f1_micro': 0.8310080777181057, 'f1_weighted': 0.8200889903128, 'precision_macro': 0.8630370483364166, 'precision_micro': 0.8310080777181057, 'precision_weighted': 0.835713047120187, 'recall_macro': 0.5300788635047667, 'recall_micro': 0.8310080777181057, 'recall_weighted': 0.8310080777181057}
Validation statistic: Loss: 0.4939, dev_score: {'accuracy': 0.815765047897585, 'balanced_accuracy': 0.5200229400251636, 'f1_macro': 0.5297135258917081, 'f1_micro': 0.815765047897585, 'f1_weighted': 0.804078066560773, 'precision_macro': 0.7113405193841877, 'precision_micro': 0.815765047897585, 'precision_weighted': 0.8172815586862324, 'recall_macro': 0.5200229400251636, 'recall_micro': 0.815765047897585, 'recall_weighted': 0.815765047897585}
-----------------------
Epoch 94/100
Training statistic: Loss: 0.4422, train_score: {'accuracy': 0.8327689192733149, 'balanced_accuracy': 0.5321132607032024, 'f1_macro': 0.5396429996933679, 'f1_micro': 0.8327689192733149, 'f1_weighted': 0.821607910116805, 'precision_macro': 0.6858038135024526, 'precision_micro': 0.8327689192733149, 'precision_weighted': 0.8221293873892425, 'recall_macro': 0.5321132607032024, 'recall_micro': 0.8327689192733149, 'recall_weighted': 0.8327689192733149}
Validation statistic: Loss: 0.4882, dev_score: {'accuracy': 0.8183394336351377, 'balanced_accuracy': 0.5202516116354288, 'f1_macro': 0.5276426518136216, 'f1_micro': 0.8183394336351377, 'f1_weighted': 0.8062055454575475, 'precision_macro': 0.5685921192272734, 'precision_micro': 0.8183394336351377, 'precision_weighted': 0.8033052810721935, 'recall_macro': 0.5202516116354288, 'recall_micro': 0.8183394336351377, 'recall_weighted': 0.8183394336351377}
-----------------------
Epoch 95/100
Training statistic: Loss: 0.4441, train_score: {'accuracy': 0.8343017147436681, 'balanced_accuracy': 0.5379665205418511, 'f1_macro': 0.5530016133134542, 'f1_micro': 0.8343017147436681, 'f1_weighted': 0.823145478132489, 'precision_macro': 0.8347282999924587, 'precision_micro': 0.8343017147436681, 'precision_weighted': 0.8376426486588349, 'recall_macro': 0.5379665205418511, 'recall_micro': 0.8343017147436681, 'recall_weighted': 0.8343017147436681}
Validation statistic: Loss: 0.4903, dev_score: {'accuracy': 0.8192150750424686, 'balanced_accuracy': 0.5251836950016405, 'f1_macro': 0.5374328657755566, 'f1_micro': 0.8192150750424686, 'f1_weighted': 0.8070871346103309, 'precision_macro': 0.697863258033306, 'precision_micro': 0.8192150750424686, 'precision_weighted': 0.8077648137751159, 'recall_macro': 0.5251836950016405, 'recall_micro': 0.8192150750424686, 'recall_weighted': 0.8192150750424686}
-----------------------
Epoch 96/100
Training statistic: Loss: 0.4414, train_score: {'accuracy': 0.8321922884587505, 'balanced_accuracy': 0.5325846365209347, 'f1_macro': 0.543742368542916, 'f1_micro': 0.8321922884587505, 'f1_weighted': 0.8215941320191579, 'precision_macro': 0.7218837763837643, 'precision_micro': 0.8321922884587505, 'precision_weighted': 0.8321024891519997, 'recall_macro': 0.5325846365209347, 'recall_micro': 0.8321922884587505, 'recall_weighted': 0.8321922884587505}
Validation statistic: Loss: 0.4871, dev_score: {'accuracy': 0.816588150820476, 'balanced_accuracy': 0.5222779499776038, 'f1_macro': 0.5321339513284632, 'f1_micro': 0.816588150820476, 'f1_weighted': 0.8051805941162656, 'precision_macro': 0.7111976479774018, 'precision_micro': 0.816588150820476, 'precision_weighted': 0.818382439639821, 'recall_macro': 0.5222779499776038, 'recall_micro': 0.816588150820476, 'recall_weighted': 0.816588150820476}
-----------------------
Epoch 97/100
Training statistic: Loss: 0.4491, train_score: {'accuracy': 0.8313420023423591, 'balanced_accuracy': 0.5347551124038864, 'f1_macro': 0.5500420511482633, 'f1_micro': 0.8313420023423591, 'f1_weighted': 0.8210801577823013, 'precision_macro': 0.8243503962876864, 'precision_micro': 0.8313420023423591, 'precision_weighted': 0.8348104213433836, 'recall_macro': 0.5347551124038864, 'recall_micro': 0.8313420023423591, 'recall_weighted': 0.8313420023423591}
Validation statistic: Loss: 0.4978, dev_score: {'accuracy': 0.8162378942575437, 'balanced_accuracy': 0.5217819320241465, 'f1_macro': 0.5338964268239683, 'f1_micro': 0.8162378942575437, 'f1_weighted': 0.8051000430069, 'precision_macro': 0.8499358169727127, 'precision_micro': 0.8162378942575437, 'precision_weighted': 0.8222045240197433, 'recall_macro': 0.5217819320241465, 'recall_micro': 0.8162378942575437, 'recall_weighted': 0.8162378942575437}
-----------------------
Epoch 98/100
Training statistic: Loss: 0.4281, train_score: {'accuracy': 0.8341632581921484, 'balanced_accuracy': 0.5370069710231501, 'f1_macro': 0.5531177633364109, 'f1_micro': 0.8341632581921484, 'f1_weighted': 0.8235474239938883, 'precision_macro': 0.8601928998607862, 'precision_micro': 0.8341632581921484, 'precision_weighted': 0.8384727249264625, 'recall_macro': 0.5370069710231501, 'recall_micro': 0.8341632581921484, 'recall_weighted': 0.8341632581921484}
Validation statistic: Loss: 0.4733, dev_score: {'accuracy': 0.8186546645417768, 'balanced_accuracy': 0.5266236469334092, 'f1_macro': 0.5410461661244589, 'f1_micro': 0.8186546645417768, 'f1_weighted': 0.8073335161244892, 'precision_macro': 0.8584522808855602, 'precision_micro': 0.8186546645417768, 'precision_weighted': 0.8245613907358721, 'recall_macro': 0.5266236469334092, 'recall_micro': 0.8186546645417768, 'recall_weighted': 0.8186546645417768}
Saving model...
Model saved!
-------------------------------------------
-----------------------
Epoch 99/100
Training statistic: Loss: 0.4314, train_score: {'accuracy': 0.8351096494443006, 'balanced_accuracy': 0.5476727028706122, 'f1_macro': 0.5744823403315553, 'f1_micro': 0.8351096494443006, 'f1_weighted': 0.8249832859502516, 'precision_macro': 0.833879295607119, 'precision_micro': 0.8351096494443006, 'precision_weighted': 0.8382442270202044, 'recall_macro': 0.5476727028706122, 'recall_micro': 0.8351096494443006, 'recall_weighted': 0.8351096494443006}
Validation statistic: Loss: 0.4784, dev_score: {'accuracy': 0.8200556907935063, 'balanced_accuracy': 0.532302521493673, 'f1_macro': 0.5531703231649561, 'f1_micro': 0.8200556907935063, 'f1_weighted': 0.809019367868934, 'precision_macro': 0.8050898692739732, 'precision_micro': 0.8200556907935063, 'precision_weighted': 0.824179547961689, 'recall_macro': 0.532302521493673, 'recall_micro': 0.8200556907935063, 'recall_weighted': 0.8200556907935063}
-----------------------
Epoch 100/100
Training statistic: Loss: 0.4282, train_score: {'accuracy': 0.8352415903933957, 'balanced_accuracy': 0.539663826183202, 'f1_macro': 0.5558867218085621, 'f1_micro': 0.8352415903933957, 'f1_weighted': 0.8248254411626895, 'precision_macro': 0.7141492980981722, 'precision_micro': 0.8352415903933957, 'precision_weighted': 0.8250410892986503, 'recall_macro': 0.539663826183202, 'recall_micro': 0.8352415903933957, 'recall_weighted': 0.8352415903933957}
Validation statistic: Loss: 0.4724, dev_score: {'accuracy': 0.8203709217001454, 'balanced_accuracy': 0.5293469914888469, 'f1_macro': 0.5444174078235894, 'f1_micro': 0.8203709217001454, 'f1_weighted': 0.809081247303765, 'precision_macro': 0.6882178308663182, 'precision_micro': 0.8203709217001454, 'precision_weighted': 0.8083579722720159, 'recall_macro': 0.5293469914888469, 'recall_micro': 0.8203709217001454, 'recall_weighted': 0.8203709217001454}
Saving model...
Model saved!
-------------------------------------------
Testing statistic: loss: 0.45611422934532164, scores: {'accuracy': 0.8256, 'balanced_accuracy': 0.5295644950563039, 'f1_macro': 0.5405713976734233, 'f1_micro': 0.8256, 'f1_weighted': 0.8146656006533332, 'precision_macro': 0.5747656032075913, 'precision_micro': 0.8256, 'precision_weighted': 0.8103663428333433, 'recall_macro': 0.5295644950563039, 'recall_micro': 0.8256, 'recall_weighted': 0.8256}
Finish training!
