=====Setting up data=====
Dataset name:covertype
train_option:mix
augment_option:dnn
mix_ratio:-1
n_sample:-1
Training dataset size: 614016 samples
Validation dataset size: 57216 samples

=====Setting up parameters for training=====
num_epochs: 100
learning_rate: 0.001
patience: 30
early_stop_criterion: loss
=====Setting up trainer=====
input_size: 98
model: DNN_Covertype
----------------------------------------------------------------
        Layer (type)               Output Shape         Param #
================================================================
            Linear-1                  [-1, 150]          14,850
              ReLU-2                  [-1, 150]               0
           Dropout-3                  [-1, 150]               0
            Linear-4                  [-1, 250]          37,750
              ReLU-5                  [-1, 250]               0
           Dropout-6                  [-1, 250]               0
            Linear-7                  [-1, 300]          75,300
              ReLU-8                  [-1, 300]               0
           Dropout-9                  [-1, 300]               0
           Linear-10                  [-1, 250]          75,250
             ReLU-11                  [-1, 250]               0
          Dropout-12                  [-1, 250]               0
           Linear-13                  [-1, 150]          37,650
             ReLU-14                  [-1, 150]               0
          Dropout-15                  [-1, 150]               0
           Linear-16                    [-1, 7]           1,057
================================================================
Total params: 241,857
Trainable params: 241,857
Non-trainable params: 0
----------------------------------------------------------------
Input size (MB): 0.00
Forward/backward pass size (MB): 0.03
Params size (MB): 0.92
Estimated Total Size (MB): 0.95
----------------------------------------------------------------
=====Setting up output files=====
weight_dir, weight_file: /home/thuy/Research/minh_data_synth/TabularDA/output/corrected_v2/covertype/weight/, covertype_seed43_ctgan_xonly_dnn_mix.weights.pth
acc_dir, acc_file: /home/thuy/Research/minh_data_synth/TabularDA/output/corrected_v2/covertype/acc/, covertype_seed43_ctgan_xonly_dnn_mix.epochs.csv
report_file: covertype_seed43_ctgan_xonly_dnn_mix.report.txt
==========================================================================================
Start training...
-----------------------
Epoch 1/100
Training statistic: Loss: 0.6461, train_score: {'accuracy': 0.7198909939714389, 'balanced_accuracy': 0.5321650078130196, 'f1_macro': 0.5327940890296179, 'f1_micro': 0.7198909939714389, 'f1_weighted': 0.7123494503437886, 'precision_macro': 0.6140814387579075, 'precision_micro': 0.7198909939714389, 'precision_weighted': 0.7188071420292467, 'recall_macro': 0.5321650078130196, 'recall_micro': 0.7198909939714389, 'recall_weighted': 0.7198909939714389}
Validation statistic: Loss: 0.6431, dev_score: {'accuracy': 0.7173254408854486, 'balanced_accuracy': 0.5227793509459971, 'f1_macro': 0.5188819834310069, 'f1_micro': 0.7173254408854486, 'f1_weighted': 0.7102638691723431, 'precision_macro': 0.6085694499982539, 'precision_micro': 0.7173254408854486, 'precision_weighted': 0.717947075415772, 'recall_macro': 0.5227793509459971, 'recall_micro': 0.7173254408854486, 'recall_weighted': 0.7173254408854486}
Saving model...
Model saved!
-------------------------------------------
-----------------------
Epoch 2/100
Training statistic: Loss: 0.6165, train_score: {'accuracy': 0.7335444388518857, 'balanced_accuracy': 0.5023247550809471, 'f1_macro': 0.5191916165984605, 'f1_micro': 0.7335444388518857, 'f1_weighted': 0.7254542657224955, 'precision_macro': 0.610479894803137, 'precision_micro': 0.7335444388518857, 'precision_weighted': 0.729146770654525, 'recall_macro': 0.5023247550809471, 'recall_micro': 0.7335444388518857, 'recall_weighted': 0.7335444388518857}
Validation statistic: Loss: 0.6151, dev_score: {'accuracy': 0.7313532162308891, 'balanced_accuracy': 0.47555670137840245, 'f1_macro': 0.48938733068232537, 'f1_micro': 0.7313532162308891, 'f1_weighted': 0.7237546264573719, 'precision_macro': 0.6078471143053361, 'precision_micro': 0.7313532162308891, 'precision_weighted': 0.7309001951022707, 'recall_macro': 0.47555670137840245, 'recall_micro': 0.7313532162308891, 'recall_weighted': 0.7313532162308891}
Saving model...
Model saved!
-------------------------------------------
-----------------------
Epoch 3/100
Training statistic: Loss: 0.6037, train_score: {'accuracy': 0.7397603235648164, 'balanced_accuracy': 0.5183999496443453, 'f1_macro': 0.5355914890288422, 'f1_micro': 0.7397603235648164, 'f1_weighted': 0.7308567608866836, 'precision_macro': 0.6322255833518717, 'precision_micro': 0.7397603235648164, 'precision_weighted': 0.7360036726217225, 'recall_macro': 0.5183999496443453, 'recall_micro': 0.7397603235648164, 'recall_weighted': 0.7397603235648164}
Validation statistic: Loss: 0.6018, dev_score: {'accuracy': 0.7380956550673369, 'balanced_accuracy': 0.48847439106380236, 'f1_macro': 0.5045585401800173, 'f1_micro': 0.7380956550673369, 'f1_weighted': 0.7292938369921783, 'precision_macro': 0.6223659336767218, 'precision_micro': 0.7380956550673369, 'precision_weighted': 0.7366423774648723, 'recall_macro': 0.48847439106380236, 'recall_micro': 0.7380956550673369, 'recall_weighted': 0.7380956550673369}
Saving model...
Model saved!
-------------------------------------------
-----------------------
Epoch 4/100
Training statistic: Loss: 0.6034, train_score: {'accuracy': 0.7371035866762446, 'balanced_accuracy': 0.5535595601904005, 'f1_macro': 0.5624831507964875, 'f1_micro': 0.7371035866762446, 'f1_weighted': 0.7305991811344572, 'precision_macro': 0.6369874134375146, 'precision_micro': 0.7371035866762446, 'precision_weighted': 0.7349282628311883, 'recall_macro': 0.5535595601904005, 'recall_micro': 0.7371035866762446, 'recall_weighted': 0.7371035866762446}
Validation statistic: Loss: 0.6020, dev_score: {'accuracy': 0.7353986795327577, 'balanced_accuracy': 0.538469053288235, 'f1_macro': 0.5431876204315703, 'f1_micro': 0.7353986795327577, 'f1_weighted': 0.7293690591069758, 'precision_macro': 0.6253712977623447, 'precision_micro': 0.7353986795327577, 'precision_weighted': 0.7348238431340519, 'recall_macro': 0.538469053288235, 'recall_micro': 0.7353986795327577, 'recall_weighted': 0.7353986795327577}
-----------------------
Epoch 5/100
Training statistic: Loss: 0.5875, train_score: {'accuracy': 0.7439237935140436, 'balanced_accuracy': 0.5488913871568278, 'f1_macro': 0.5644561607215488, 'f1_micro': 0.7439237935140436, 'f1_weighted': 0.7360521755223134, 'precision_macro': 0.6543689615646294, 'precision_micro': 0.7439237935140436, 'precision_weighted': 0.7407984564988143, 'recall_macro': 0.5488913871568278, 'recall_micro': 0.7439237935140436, 'recall_weighted': 0.7439237935140436}
Validation statistic: Loss: 0.5852, dev_score: {'accuracy': 0.7424563492758446, 'balanced_accuracy': 0.5261900416915329, 'f1_macro': 0.5415240615362362, 'f1_micro': 0.7424563492758446, 'f1_weighted': 0.7348742630073756, 'precision_macro': 0.6435970163379515, 'precision_micro': 0.7424563492758446, 'precision_weighted': 0.740637857610971, 'recall_macro': 0.5261900416915329, 'recall_micro': 0.7424563492758446, 'recall_weighted': 0.7424563492758446}
Saving model...
Model saved!
-------------------------------------------
-----------------------
Epoch 6/100
Training statistic: Loss: 0.5733, train_score: {'accuracy': 0.748277844834186, 'balanced_accuracy': 0.5447944183643003, 'f1_macro': 0.5555234514452957, 'f1_micro': 0.748277844834186, 'f1_weighted': 0.7399040851281973, 'precision_macro': 0.6257213783589345, 'precision_micro': 0.748277844834186, 'precision_weighted': 0.7419101148326012, 'recall_macro': 0.5447944183643003, 'recall_micro': 0.748277844834186, 'recall_weighted': 0.748277844834186}
Validation statistic: Loss: 0.5711, dev_score: {'accuracy': 0.7475350694383636, 'balanced_accuracy': 0.5237888623005312, 'f1_macro': 0.5298894954579038, 'f1_micro': 0.7475350694383636, 'f1_weighted': 0.7394721639035512, 'precision_macro': 0.5823147876053352, 'precision_micro': 0.7475350694383636, 'precision_weighted': 0.7397063955932057, 'recall_macro': 0.5237888623005312, 'recall_micro': 0.7475350694383636, 'recall_weighted': 0.7475350694383636}
Saving model...
Model saved!
-------------------------------------------
-----------------------
Epoch 7/100
Training statistic: Loss: 0.5767, train_score: {'accuracy': 0.7484586528014647, 'balanced_accuracy': 0.5094558348834338, 'f1_macro': 0.5237254067321577, 'f1_micro': 0.7484586528014647, 'f1_weighted': 0.7388316782012873, 'precision_macro': 0.6300722196891437, 'precision_micro': 0.7484586528014647, 'precision_weighted': 0.7431047302640779, 'recall_macro': 0.5094558348834338, 'recall_micro': 0.7484586528014647, 'recall_weighted': 0.7484586528014647}
Validation statistic: Loss: 0.5751, dev_score: {'accuracy': 0.7458888635925816, 'balanced_accuracy': 0.4767361417947469, 'f1_macro': 0.48303107025673514, 'f1_micro': 0.7458888635925816, 'f1_weighted': 0.7361273181799719, 'precision_macro': 0.5639017496851381, 'precision_micro': 0.7458888635925816, 'precision_weighted': 0.737762938350294, 'recall_macro': 0.4767361417947469, 'recall_micro': 0.7458888635925816, 'recall_weighted': 0.7458888635925816}
-----------------------
Epoch 8/100
Training statistic: Loss: 0.5765, train_score: {'accuracy': 0.7512994554585274, 'balanced_accuracy': 0.5211448287555196, 'f1_macro': 0.5413850203721225, 'f1_micro': 0.7512994554585274, 'f1_weighted': 0.7412570767394325, 'precision_macro': 0.651145575232691, 'precision_micro': 0.7512994554585274, 'precision_weighted': 0.7466443315511372, 'recall_macro': 0.5211448287555196, 'recall_micro': 0.7512994554585274, 'recall_weighted': 0.7512994554585274}
Validation statistic: Loss: 0.5738, dev_score: {'accuracy': 0.7494089420500517, 'balanced_accuracy': 0.4849503018926735, 'f1_macro': 0.4980880836514903, 'f1_micro': 0.7494089420500517, 'f1_weighted': 0.739221565981328, 'precision_macro': 0.5752574763154856, 'precision_micro': 0.7494089420500517, 'precision_weighted': 0.7405317657457029, 'recall_macro': 0.4849503018926735, 'recall_micro': 0.7494089420500517, 'recall_weighted': 0.7494089420500517}
-----------------------
Epoch 9/100
Training statistic: Loss: 0.5618, train_score: {'accuracy': 0.7543731909022643, 'balanced_accuracy': 0.523477340715596, 'f1_macro': 0.5399893471075508, 'f1_micro': 0.7543731909022643, 'f1_weighted': 0.7446588967008044, 'precision_macro': 0.6372342483712912, 'precision_micro': 0.7543731909022643, 'precision_weighted': 0.7477609301700506, 'recall_macro': 0.523477340715596, 'recall_micro': 0.7543731909022643, 'recall_weighted': 0.7543731909022643}
Validation statistic: Loss: 0.5594, dev_score: {'accuracy': 0.7542249697903715, 'balanced_accuracy': 0.49250984010952886, 'f1_macro': 0.4998937410206628, 'f1_micro': 0.7542249697903715, 'f1_weighted': 0.7445405122898466, 'precision_macro': 0.5840472200150674, 'precision_micro': 0.7542249697903715, 'precision_weighted': 0.7464488522651442, 'recall_macro': 0.49250984010952886, 'recall_micro': 0.7542249697903715, 'recall_weighted': 0.7542249697903715}
Saving model...
Model saved!
-------------------------------------------
-----------------------
Epoch 10/100
Training statistic: Loss: 0.5569, train_score: {'accuracy': 0.7610972926043026, 'balanced_accuracy': 0.5341720530260295, 'f1_macro': 0.5614312641590031, 'f1_micro': 0.7610972926043026, 'f1_weighted': 0.7526970008511421, 'precision_macro': 0.6744247260931776, 'precision_micro': 0.7610972926043026, 'precision_weighted': 0.7591555432637215, 'recall_macro': 0.5341720530260295, 'recall_micro': 0.7610972926043026, 'recall_weighted': 0.7610972926043026}
Validation statistic: Loss: 0.5537, dev_score: {'accuracy': 0.7596539465158229, 'balanced_accuracy': 0.5064110177430559, 'f1_macro': 0.531906518392193, 'f1_micro': 0.7596539465158229, 'f1_weighted': 0.7517067023302183, 'precision_macro': 0.6522385946087993, 'precision_micro': 0.7596539465158229, 'precision_weighted': 0.7585205595623584, 'recall_macro': 0.5064110177430559, 'recall_micro': 0.7596539465158229, 'recall_weighted': 0.7596539465158229}
Saving model...
Model saved!
-------------------------------------------
-----------------------
Epoch 11/100
Training statistic: Loss: 0.5503, train_score: {'accuracy': 0.7651288216044345, 'balanced_accuracy': 0.5396316001093584, 'f1_macro': 0.5677173840894082, 'f1_micro': 0.7651288216044345, 'f1_weighted': 0.757548538783579, 'precision_macro': 0.6693222527315693, 'precision_micro': 0.7651288216044345, 'precision_weighted': 0.7620931157646104, 'recall_macro': 0.5396316001093584, 'recall_micro': 0.7651288216044345, 'recall_weighted': 0.7651288216044345}
Validation statistic: Loss: 0.5477, dev_score: {'accuracy': 0.7652930771790336, 'balanced_accuracy': 0.509762704016837, 'f1_macro': 0.5318770232058354, 'f1_micro': 0.7652930771790336, 'f1_weighted': 0.7578241598137796, 'precision_macro': 0.632253940843819, 'precision_micro': 0.7652930771790336, 'precision_weighted': 0.7618512118619422, 'recall_macro': 0.509762704016837, 'recall_micro': 0.7652930771790336, 'recall_weighted': 0.7652930771790336}
Saving model...
Model saved!
-------------------------------------------
-----------------------
Epoch 12/100
Training statistic: Loss: 0.5489, train_score: {'accuracy': 0.7615778182831062, 'balanced_accuracy': 0.5183916538813149, 'f1_macro': 0.544890566152229, 'f1_micro': 0.7615778182831062, 'f1_weighted': 0.7520881474854201, 'precision_macro': 0.6723003328482159, 'precision_micro': 0.7615778182831062, 'precision_weighted': 0.7592114704749152, 'recall_macro': 0.5183916538813149, 'recall_micro': 0.7615778182831062, 'recall_weighted': 0.7615778182831062}
Validation statistic: Loss: 0.5444, dev_score: {'accuracy': 0.7625435631600147, 'balanced_accuracy': 0.489641389261641, 'f1_macro': 0.5096943741209018, 'f1_micro': 0.7625435631600147, 'f1_weighted': 0.7530621167638483, 'precision_macro': 0.6415154625438529, 'precision_micro': 0.7625435631600147, 'precision_weighted': 0.7603174306633959, 'recall_macro': 0.489641389261641, 'recall_micro': 0.7625435631600147, 'recall_weighted': 0.7625435631600147}
Saving model...
Model saved!
-------------------------------------------
-----------------------
Epoch 13/100
Training statistic: Loss: 0.5413, train_score: {'accuracy': 0.7655099843462652, 'balanced_accuracy': 0.5253341113841545, 'f1_macro': 0.5548468904209958, 'f1_micro': 0.7655099843462652, 'f1_weighted': 0.7564343635332265, 'precision_macro': 0.6791731958114992, 'precision_micro': 0.7655099843462652, 'precision_weighted': 0.7627258649333277, 'recall_macro': 0.5253341113841545, 'recall_micro': 0.7655099843462652, 'recall_weighted': 0.7655099843462652}
Validation statistic: Loss: 0.5364, dev_score: {'accuracy': 0.7636818969895448, 'balanced_accuracy': 0.4951072172751115, 'f1_macro': 0.5190597585859936, 'f1_micro': 0.7636818969895448, 'f1_weighted': 0.7548258197361242, 'precision_macro': 0.6359680634482908, 'precision_micro': 0.7636818969895448, 'precision_weighted': 0.7599739491172944, 'recall_macro': 0.4951072172751115, 'recall_micro': 0.7636818969895448, 'recall_weighted': 0.7636818969895448}
Saving model...
Model saved!
-------------------------------------------
-----------------------
Epoch 14/100
Training statistic: Loss: 0.5336, train_score: {'accuracy': 0.7722796952652746, 'balanced_accuracy': 0.5473163461202696, 'f1_macro': 0.5791480634486037, 'f1_micro': 0.7722796952652746, 'f1_weighted': 0.7653875921263698, 'precision_macro': 0.6865545652506365, 'precision_micro': 0.7722796952652746, 'precision_weighted': 0.7700844726260443, 'recall_macro': 0.5473163461202696, 'recall_micro': 0.7722796952652746, 'recall_weighted': 0.7722796952652746}
Validation statistic: Loss: 0.5295, dev_score: {'accuracy': 0.7710022591548309, 'balanced_accuracy': 0.5227998086006126, 'f1_macro': 0.5485176922475433, 'f1_micro': 0.7710022591548309, 'f1_weighted': 0.7647001749663813, 'precision_macro': 0.6448087533610266, 'precision_micro': 0.7710022591548309, 'precision_weighted': 0.7686857805946161, 'recall_macro': 0.5227998086006126, 'recall_micro': 0.7710022591548309, 'recall_weighted': 0.7710022591548309}
Saving model...
Model saved!
-------------------------------------------
-----------------------
Epoch 15/100
Training statistic: Loss: 0.5302, train_score: {'accuracy': 0.7697174346118574, 'balanced_accuracy': 0.5669207793071498, 'f1_macro': 0.5984436026631845, 'f1_micro': 0.7697174346118574, 'f1_weighted': 0.7637315355017, 'precision_macro': 0.6890090565517275, 'precision_micro': 0.7697174346118574, 'precision_weighted': 0.7684794284836023, 'recall_macro': 0.5669207793071498, 'recall_micro': 0.7697174346118574, 'recall_weighted': 0.7697174346118574}
Validation statistic: Loss: 0.5254, dev_score: {'accuracy': 0.7692159506838759, 'balanced_accuracy': 0.544799470665324, 'f1_macro': 0.5742203571129753, 'f1_micro': 0.7692159506838759, 'f1_weighted': 0.7638354004537438, 'precision_macro': 0.6614150953651644, 'precision_micro': 0.7692159506838759, 'precision_weighted': 0.7685695685885651, 'recall_macro': 0.544799470665324, 'recall_micro': 0.7692159506838759, 'recall_weighted': 0.7692159506838759}
Saving model...
Model saved!
-------------------------------------------
-----------------------
Epoch 16/100
Training statistic: Loss: 0.5163, train_score: {'accuracy': 0.7806473576788818, 'balanced_accuracy': 0.5900855937237279, 'f1_macro': 0.6198164418778427, 'f1_micro': 0.7806473576788818, 'f1_weighted': 0.7748392068099377, 'precision_macro': 0.6978004424141027, 'precision_micro': 0.7806473576788818, 'precision_weighted': 0.7776485502772789, 'recall_macro': 0.5900855937237279, 'recall_micro': 0.7806473576788818, 'recall_weighted': 0.7806473576788818}
Validation statistic: Loss: 0.5120, dev_score: {'accuracy': 0.780336596556978, 'balanced_accuracy': 0.5762122459524637, 'f1_macro': 0.6053848125073793, 'f1_micro': 0.780336596556978, 'f1_weighted': 0.775212784117994, 'precision_macro': 0.6852456224413285, 'precision_micro': 0.780336596556978, 'precision_weighted': 0.7784303973525125, 'recall_macro': 0.5762122459524637, 'recall_micro': 0.780336596556978, 'recall_weighted': 0.780336596556978}
Saving model...
Model saved!
-------------------------------------------
-----------------------
Epoch 17/100
Training statistic: Loss: 0.5227, train_score: {'accuracy': 0.7773732674605929, 'balanced_accuracy': 0.5927082330971006, 'f1_macro': 0.618025524132739, 'f1_micro': 0.7773732674605929, 'f1_weighted': 0.772356225382706, 'precision_macro': 0.6913405286934639, 'precision_micro': 0.7773732674605929, 'precision_weighted': 0.7767460636381396, 'recall_macro': 0.5927082330971006, 'recall_micro': 0.7773732674605929, 'recall_weighted': 0.7773732674605929}
Validation statistic: Loss: 0.5173, dev_score: {'accuracy': 0.7759934151766169, 'balanced_accuracy': 0.5813024406112309, 'f1_macro': 0.604286526894172, 'f1_micro': 0.7759934151766169, 'f1_weighted': 0.771881825238259, 'precision_macro': 0.6724705217135039, 'precision_micro': 0.7759934151766169, 'precision_weighted': 0.7762982575577059, 'recall_macro': 0.5813024406112309, 'recall_micro': 0.7759934151766169, 'recall_weighted': 0.7759934151766169}
-----------------------
Epoch 18/100
Training statistic: Loss: 0.5179, train_score: {'accuracy': 0.7779922496909161, 'balanced_accuracy': 0.6002471487876114, 'f1_macro': 0.6255732486635484, 'f1_micro': 0.7779922496909161, 'f1_weighted': 0.7734239334966744, 'precision_macro': 0.6960372321480249, 'precision_micro': 0.7779922496909161, 'precision_weighted': 0.7775242973045076, 'recall_macro': 0.6002471487876114, 'recall_micro': 0.7779922496909161, 'recall_weighted': 0.7779922496909161}
Validation statistic: Loss: 0.5147, dev_score: {'accuracy': 0.7763261589114026, 'balanced_accuracy': 0.5857324232042762, 'f1_macro': 0.6097972087868545, 'f1_micro': 0.7763261589114026, 'f1_weighted': 0.772440928348108, 'precision_macro': 0.6780460056324069, 'precision_micro': 0.7763261589114026, 'precision_weighted': 0.7765555766894061, 'recall_macro': 0.5857324232042762, 'recall_micro': 0.7763261589114026, 'recall_weighted': 0.7763261589114026}
-----------------------
Epoch 19/100
Training statistic: Loss: 0.5063, train_score: {'accuracy': 0.7824961598668211, 'balanced_accuracy': 0.5930504799953596, 'f1_macro': 0.6244858319656669, 'f1_micro': 0.7824961598668211, 'f1_weighted': 0.7794492040545338, 'precision_macro': 0.6951888460582817, 'precision_micro': 0.7824961598668211, 'precision_weighted': 0.782545851590526, 'recall_macro': 0.5930504799953596, 'recall_micro': 0.7824961598668211, 'recall_weighted': 0.7824961598668211}
Validation statistic: Loss: 0.5034, dev_score: {'accuracy': 0.7805817761510306, 'balanced_accuracy': 0.5761555746748872, 'f1_macro': 0.6002291851255241, 'f1_micro': 0.7805817761510306, 'f1_weighted': 0.7781985173242704, 'precision_macro': 0.6619618316403376, 'precision_micro': 0.7805817761510306, 'precision_weighted': 0.7811279629704626, 'recall_macro': 0.5761555746748872, 'recall_micro': 0.7805817761510306, 'recall_weighted': 0.7805817761510306}
Saving model...
Model saved!
-------------------------------------------
-----------------------
Epoch 20/100
Training statistic: Loss: 0.5098, train_score: {'accuracy': 0.7820596145043825, 'balanced_accuracy': 0.5811093593419093, 'f1_macro': 0.6149157702203067, 'f1_micro': 0.7820596145043825, 'f1_weighted': 0.7780411569727421, 'precision_macro': 0.6957469140225176, 'precision_micro': 0.7820596145043825, 'precision_weighted': 0.7819879995679879, 'recall_macro': 0.5811093593419093, 'recall_micro': 0.7820596145043825, 'recall_weighted': 0.7820596145043825}
Validation statistic: Loss: 0.5069, dev_score: {'accuracy': 0.7809495455421096, 'balanced_accuracy': 0.5609218364557422, 'f1_macro': 0.5901691785700562, 'f1_micro': 0.7809495455421096, 'f1_weighted': 0.7777291717623112, 'precision_macro': 0.6658035514574706, 'precision_micro': 0.7809495455421096, 'precision_weighted': 0.7814667124432438, 'recall_macro': 0.5609218364557422, 'recall_micro': 0.7809495455421096, 'recall_weighted': 0.7809495455421096}
-----------------------
Epoch 21/100
Training statistic: Loss: 0.5016, train_score: {'accuracy': 0.7866286807045321, 'balanced_accuracy': 0.5952047521737974, 'f1_macro': 0.6308174951383567, 'f1_micro': 0.7866286807045321, 'f1_weighted': 0.7833153767480224, 'precision_macro': 0.7150482552174662, 'precision_micro': 0.7866286807045321, 'precision_weighted': 0.7867262281980477, 'recall_macro': 0.5952047521737974, 'recall_micro': 0.7866286807045321, 'recall_weighted': 0.7866286807045321}
Validation statistic: Loss: 0.5003, dev_score: {'accuracy': 0.7843995726869932, 'balanced_accuracy': 0.5787331122295737, 'f1_macro': 0.6093617701320542, 'f1_micro': 0.7843995726869932, 'f1_weighted': 0.7819593315627503, 'precision_macro': 0.6844283442241232, 'precision_micro': 0.7843995726869932, 'precision_weighted': 0.7849367265320676, 'recall_macro': 0.5787331122295737, 'recall_micro': 0.7843995726869932, 'recall_weighted': 0.7843995726869932}
Saving model...
Model saved!
-------------------------------------------
-----------------------
Epoch 22/100
Training statistic: Loss: 0.4966, train_score: {'accuracy': 0.7904386792222325, 'balanced_accuracy': 0.63862212275386, 'f1_macro': 0.6559657029120878, 'f1_micro': 0.7904386792222325, 'f1_weighted': 0.7871090576732559, 'precision_macro': 0.7012322144392724, 'precision_micro': 0.7904386792222325, 'precision_weighted': 0.7893772930161385, 'recall_macro': 0.63862212275386, 'recall_micro': 0.7904386792222325, 'recall_weighted': 0.7904386792222325}
Validation statistic: Loss: 0.4932, dev_score: {'accuracy': 0.788480061645155, 'balanced_accuracy': 0.6333687463351312, 'f1_macro': 0.6440883371684839, 'f1_micro': 0.788480061645155, 'f1_weighted': 0.7858557124509817, 'precision_macro': 0.6801052537223197, 'precision_micro': 0.788480061645155, 'precision_weighted': 0.7878786399291596, 'recall_macro': 0.6333687463351312, 'recall_micro': 0.788480061645155, 'recall_weighted': 0.788480061645155}
Saving model...
Model saved!
-------------------------------------------
-----------------------
Epoch 23/100
Training statistic: Loss: 0.4973, train_score: {'accuracy': 0.7881451871688241, 'balanced_accuracy': 0.5765240763911134, 'f1_macro': 0.6138889551497264, 'f1_micro': 0.7881451871688241, 'f1_weighted': 0.7831060939298504, 'precision_macro': 0.7278961430443681, 'precision_micro': 0.7881451871688241, 'precision_weighted': 0.789377743859879, 'recall_macro': 0.5765240763911134, 'recall_micro': 0.7881451871688241, 'recall_weighted': 0.7881451871688241}
Validation statistic: Loss: 0.4944, dev_score: {'accuracy': 0.7858881630794557, 'balanced_accuracy': 0.5546214806451121, 'f1_macro': 0.5847471935620608, 'f1_micro': 0.7858881630794557, 'f1_weighted': 0.781499035024452, 'precision_macro': 0.689562249217751, 'precision_micro': 0.7858881630794557, 'precision_weighted': 0.7869832274408683, 'recall_macro': 0.5546214806451121, 'recall_micro': 0.7858881630794557, 'recall_weighted': 0.7858881630794557}
-----------------------
Epoch 24/100
Training statistic: Loss: 0.4858, train_score: {'accuracy': 0.7950386945338982, 'balanced_accuracy': 0.6299781045822613, 'f1_macro': 0.6623510315343683, 'f1_micro': 0.7950386945338982, 'f1_weighted': 0.7919154692019784, 'precision_macro': 0.7262477351917102, 'precision_micro': 0.7950386945338982, 'precision_weighted': 0.7950463953536815, 'recall_macro': 0.6299781045822613, 'recall_micro': 0.7950386945338982, 'recall_weighted': 0.7950386945338982}
Validation statistic: Loss: 0.4816, dev_score: {'accuracy': 0.7935587818076741, 'balanced_accuracy': 0.6214176105090244, 'f1_macro': 0.6512181651311624, 'f1_micro': 0.7935587818076741, 'f1_weighted': 0.7911984113614897, 'precision_macro': 0.7095887546790188, 'precision_micro': 0.7935587818076741, 'precision_weighted': 0.7942677877168699, 'recall_macro': 0.6214176105090244, 'recall_micro': 0.7935587818076741, 'recall_weighted': 0.7935587818076741}
Saving model...
Model saved!
-------------------------------------------
-----------------------
Epoch 25/100
Training statistic: Loss: 0.4886, train_score: {'accuracy': 0.7934228251326332, 'balanced_accuracy': 0.6240053254934768, 'f1_macro': 0.6575945170367007, 'f1_micro': 0.7934228251326332, 'f1_weighted': 0.7893070995000374, 'precision_macro': 0.731549033951104, 'precision_micro': 0.7934228251326332, 'precision_weighted': 0.7941427109322927, 'recall_macro': 0.6240053254934768, 'recall_micro': 0.7934228251326332, 'recall_weighted': 0.7934228251326332}
Validation statistic: Loss: 0.4845, dev_score: {'accuracy': 0.792192781212238, 'balanced_accuracy': 0.6150022572638199, 'f1_macro': 0.6450291040038755, 'f1_micro': 0.792192781212238, 'f1_weighted': 0.7889765333987202, 'precision_macro': 0.7103604718074805, 'precision_micro': 0.792192781212238, 'precision_weighted': 0.7934456548298795, 'recall_macro': 0.6150022572638199, 'recall_micro': 0.792192781212238, 'recall_weighted': 0.792192781212238}
-----------------------
Epoch 26/100
Training statistic: Loss: 0.4810, train_score: {'accuracy': 0.7950224055278371, 'balanced_accuracy': 0.6229697493046921, 'f1_macro': 0.6530077269999417, 'f1_micro': 0.7950224055278371, 'f1_weighted': 0.7901237853030219, 'precision_macro': 0.7336465223703369, 'precision_micro': 0.7950224055278371, 'precision_weighted': 0.795314736113005, 'recall_macro': 0.6229697493046921, 'recall_micro': 0.7950224055278371, 'recall_weighted': 0.7950224055278371}
Validation statistic: Loss: 0.4778, dev_score: {'accuracy': 0.7946445771527644, 'balanced_accuracy': 0.6188785124771131, 'f1_macro': 0.6448342649918255, 'f1_micro': 0.7946445771527644, 'f1_weighted': 0.7906104504759777, 'precision_macro': 0.7170760311774454, 'precision_micro': 0.7946445771527644, 'precision_weighted': 0.7953230795660616, 'recall_macro': 0.6188785124771131, 'recall_micro': 0.7946445771527644, 'recall_weighted': 0.7946445771527644}
Saving model...
Model saved!
-------------------------------------------
-----------------------
Epoch 27/100
Training statistic: Loss: 0.4746, train_score: {'accuracy': 0.7989317669825104, 'balanced_accuracy': 0.6505065373955131, 'f1_macro': 0.6857009872222231, 'f1_micro': 0.7989317669825104, 'f1_weighted': 0.7964297441037406, 'precision_macro': 0.7555782806964928, 'precision_micro': 0.7989317669825104, 'precision_weighted': 0.7996598444509119, 'recall_macro': 0.6505065373955131, 'recall_micro': 0.7989317669825104, 'recall_weighted': 0.7989317669825104}
Validation statistic: Loss: 0.4712, dev_score: {'accuracy': 0.7977968862191556, 'balanced_accuracy': 0.6516166958756313, 'f1_macro': 0.6820588480712872, 'f1_micro': 0.7977968862191556, 'f1_weighted': 0.7962805117991549, 'precision_macro': 0.7397625217658498, 'precision_micro': 0.7977968862191556, 'precision_weighted': 0.7992268395273878, 'recall_macro': 0.6516166958756313, 'recall_micro': 0.7977968862191556, 'recall_weighted': 0.7977968862191556}
Saving model...
Model saved!
-------------------------------------------
-----------------------
Epoch 28/100
Training statistic: Loss: 0.4776, train_score: {'accuracy': 0.7963841664345483, 'balanced_accuracy': 0.6491597556408839, 'f1_macro': 0.6734133583643881, 'f1_micro': 0.7963841664345483, 'f1_weighted': 0.7935771281654208, 'precision_macro': 0.731150234440136, 'precision_micro': 0.7963841664345483, 'precision_weighted': 0.7971205092153363, 'recall_macro': 0.6491597556408839, 'recall_micro': 0.7963841664345483, 'recall_weighted': 0.7963841664345483}
Validation statistic: Loss: 0.4743, dev_score: {'accuracy': 0.7954151415912155, 'balanced_accuracy': 0.6471198505649456, 'f1_macro': 0.6654730525225735, 'f1_micro': 0.7954151415912155, 'f1_weighted': 0.7936169778356756, 'precision_macro': 0.7137828057563649, 'precision_micro': 0.7954151415912155, 'precision_weighted': 0.7971875161914584, 'recall_macro': 0.6471198505649456, 'recall_micro': 0.7954151415912155, 'recall_weighted': 0.7954151415912155}
-----------------------
Epoch 29/100
Training statistic: Loss: 0.4735, train_score: {'accuracy': 0.7988731265606904, 'balanced_accuracy': 0.659139324963241, 'f1_macro': 0.6867456977723245, 'f1_micro': 0.7988731265606904, 'f1_weighted': 0.796990883112395, 'precision_macro': 0.7425806957810579, 'precision_micro': 0.7988731265606904, 'precision_weighted': 0.800646189543283, 'recall_macro': 0.659139324963241, 'recall_micro': 0.7988731265606904, 'recall_weighted': 0.7988731265606904}
Validation statistic: Loss: 0.4708, dev_score: {'accuracy': 0.7974466296562231, 'balanced_accuracy': 0.6586265637374813, 'f1_macro': 0.6782495113894855, 'f1_micro': 0.7974466296562231, 'f1_weighted': 0.7964328910151655, 'precision_macro': 0.7226102960869761, 'precision_micro': 0.7974466296562231, 'precision_weighted': 0.8002621876770439, 'recall_macro': 0.6586265637374813, 'recall_micro': 0.7974466296562231, 'recall_weighted': 0.7974466296562231}
Saving model...
Model saved!
-------------------------------------------
-----------------------
Epoch 30/100
Training statistic: Loss: 0.4698, train_score: {'accuracy': 0.8024974304092939, 'balanced_accuracy': 0.6779640878826335, 'f1_macro': 0.6962130788686736, 'f1_micro': 0.8024974304092939, 'f1_weighted': 0.801022229088734, 'precision_macro': 0.734025191918944, 'precision_micro': 0.8024974304092939, 'precision_weighted': 0.8036161614426567, 'recall_macro': 0.6779640878826335, 'recall_micro': 0.8024974304092939, 'recall_weighted': 0.8024974304092939}
Validation statistic: Loss: 0.4677, dev_score: {'accuracy': 0.8016497084114114, 'balanced_accuracy': 0.676224395796283, 'f1_macro': 0.688389737197931, 'f1_micro': 0.8016497084114114, 'f1_weighted': 0.801075877661802, 'precision_macro': 0.7168556039906236, 'precision_micro': 0.8016497084114114, 'precision_weighted': 0.803909677958534, 'recall_macro': 0.676224395796283, 'recall_micro': 0.8016497084114114, 'recall_weighted': 0.8016497084114114}
Saving model...
Model saved!
-------------------------------------------
-----------------------
Epoch 31/100
Training statistic: Loss: 0.4712, train_score: {'accuracy': 0.8035855360141779, 'balanced_accuracy': 0.6493466839131089, 'f1_macro': 0.683311160140257, 'f1_micro': 0.8035855360141779, 'f1_weighted': 0.8004400542355439, 'precision_macro': 0.7580763028222438, 'precision_micro': 0.8035855360141779, 'precision_weighted': 0.8050865693877144, 'recall_macro': 0.6493466839131089, 'recall_micro': 0.8035855360141779, 'recall_weighted': 0.8035855360141779}
Validation statistic: Loss: 0.4682, dev_score: {'accuracy': 0.8027355037565016, 'balanced_accuracy': 0.6411655465016363, 'f1_macro': 0.6708767551928801, 'f1_micro': 0.8027355037565016, 'f1_weighted': 0.8002471322796313, 'precision_macro': 0.73653107282865, 'precision_micro': 0.8027355037565016, 'precision_weighted': 0.8047693643082666, 'recall_macro': 0.6411655465016363, 'recall_micro': 0.8027355037565016, 'recall_weighted': 0.8027355037565016}
-----------------------
Epoch 32/100
Training statistic: Loss: 0.4642, train_score: {'accuracy': 0.8032450957875001, 'balanced_accuracy': 0.6786868925099325, 'f1_macro': 0.6984531089206604, 'f1_micro': 0.8032450957875001, 'f1_weighted': 0.8016727303535826, 'precision_macro': 0.7393281597292439, 'precision_micro': 0.8032450957875001, 'precision_weighted': 0.8046775666652805, 'recall_macro': 0.6786868925099325, 'recall_micro': 0.8032450957875001, 'recall_weighted': 0.8032450957875001}
Validation statistic: Loss: 0.4612, dev_score: {'accuracy': 0.8033659655697799, 'balanced_accuracy': 0.6841002001618943, 'f1_macro': 0.6962018351747672, 'f1_micro': 0.8033659655697799, 'f1_weighted': 0.8024510163349757, 'precision_macro': 0.7290079143217332, 'precision_micro': 0.8033659655697799, 'precision_weighted': 0.8056251653164578, 'recall_macro': 0.6841002001618943, 'recall_micro': 0.8033659655697799, 'recall_weighted': 0.8033659655697799}
Saving model...
Model saved!
-------------------------------------------
-----------------------
Epoch 33/100
Training statistic: Loss: 0.4641, train_score: {'accuracy': 0.8059197505827392, 'balanced_accuracy': 0.6574075766841847, 'f1_macro': 0.6848451995757358, 'f1_micro': 0.8059197505827392, 'f1_weighted': 0.8029691047917334, 'precision_macro': 0.7508813253847932, 'precision_micro': 0.8059197505827392, 'precision_weighted': 0.8080457851968764, 'recall_macro': 0.6574075766841847, 'recall_micro': 0.8059197505827392, 'recall_weighted': 0.8059197505827392}
Validation statistic: Loss: 0.4612, dev_score: {'accuracy': 0.8053799408066409, 'balanced_accuracy': 0.6573383734635062, 'f1_macro': 0.6790726382708347, 'f1_micro': 0.8053799408066409, 'f1_weighted': 0.8033313757874889, 'precision_macro': 0.7379415322053244, 'precision_micro': 0.8053799408066409, 'precision_weighted': 0.8086065168172072, 'recall_macro': 0.6573383734635062, 'recall_micro': 0.8053799408066409, 'recall_weighted': 0.8053799408066409}
Saving model...
Model saved!
-------------------------------------------
-----------------------
Epoch 34/100
Training statistic: Loss: 0.4599, train_score: {'accuracy': 0.8057812940312196, 'balanced_accuracy': 0.6581808525402694, 'f1_macro': 0.6792321051687799, 'f1_micro': 0.8057812940312196, 'f1_weighted': 0.8023787412341638, 'precision_macro': 0.7475635857368104, 'precision_micro': 0.8057812940312196, 'precision_weighted': 0.8080514222611601, 'recall_macro': 0.6581808525402694, 'recall_micro': 0.8057812940312196, 'recall_weighted': 0.8057812940312196}
Validation statistic: Loss: 0.4576, dev_score: {'accuracy': 0.8036987093045656, 'balanced_accuracy': 0.6615248651469662, 'f1_macro': 0.6722768236803033, 'f1_micro': 0.8036987093045656, 'f1_weighted': 0.8012115655064203, 'precision_macro': 0.7304007881495373, 'precision_micro': 0.8036987093045656, 'precision_weighted': 0.8067916755205674, 'recall_macro': 0.6615248651469662, 'recall_micro': 0.8036987093045656, 'recall_weighted': 0.8036987093045656}
Saving model...
Model saved!
-------------------------------------------
-----------------------
Epoch 35/100
Training statistic: Loss: 0.4548, train_score: {'accuracy': 0.8080650126809912, 'balanced_accuracy': 0.676903443922267, 'f1_macro': 0.7025671044569565, 'f1_micro': 0.8080650126809912, 'f1_weighted': 0.8060881897060793, 'precision_macro': 0.7507413560013447, 'precision_micro': 0.8080650126809912, 'precision_weighted': 0.8091551323965378, 'recall_macro': 0.676903443922267, 'recall_micro': 0.8080650126809912, 'recall_weighted': 0.8080650126809912}
Validation statistic: Loss: 0.4509, dev_score: {'accuracy': 0.8077441726064342, 'balanced_accuracy': 0.6773844170003175, 'f1_macro': 0.6997220759069676, 'f1_micro': 0.8077441726064342, 'f1_weighted': 0.8063991890618842, 'precision_macro': 0.7429438542629461, 'precision_micro': 0.8077441726064342, 'precision_weighted': 0.8095974640129937, 'recall_macro': 0.6773844170003175, 'recall_micro': 0.8077441726064342, 'recall_weighted': 0.8077441726064342}
Saving model...
Model saved!
-------------------------------------------
-----------------------
Epoch 36/100
Training statistic: Loss: 0.4505, train_score: {'accuracy': 0.8112576578689745, 'balanced_accuracy': 0.6785301714641133, 'f1_macro': 0.7035289879094886, 'f1_micro': 0.8112576578689745, 'f1_weighted': 0.8088033147819792, 'precision_macro': 0.7596645240054981, 'precision_micro': 0.8112576578689745, 'precision_weighted': 0.8125546805124813, 'recall_macro': 0.6785301714641133, 'recall_micro': 0.8112576578689745, 'recall_weighted': 0.8112576578689745}
Validation statistic: Loss: 0.4469, dev_score: {'accuracy': 0.811141661266878, 'balanced_accuracy': 0.6771611990397692, 'f1_macro': 0.6989690131525716, 'f1_micro': 0.811141661266878, 'f1_weighted': 0.8093334319296288, 'precision_macro': 0.7507254522342616, 'precision_micro': 0.811141661266878, 'precision_weighted': 0.8132831642874924, 'recall_macro': 0.6771611990397692, 'recall_micro': 0.811141661266878, 'recall_weighted': 0.811141661266878}
Saving model...
Model saved!
-------------------------------------------
-----------------------
Epoch 37/100
Training statistic: Loss: 0.4475, train_score: {'accuracy': 0.8128442070593295, 'balanced_accuracy': 0.6886505043143741, 'f1_macro': 0.7094113662803732, 'f1_micro': 0.8128442070593295, 'f1_weighted': 0.8114692400533146, 'precision_macro': 0.7533898428920921, 'precision_micro': 0.8128442070593295, 'precision_weighted': 0.8146357055112493, 'recall_macro': 0.6886505043143741, 'recall_micro': 0.8128442070593295, 'recall_weighted': 0.8128442070593295}
Validation statistic: Loss: 0.4434, dev_score: {'accuracy': 0.8137685854888705, 'balanced_accuracy': 0.6914058193049079, 'f1_macro': 0.7043147028850564, 'f1_micro': 0.8137685854888705, 'f1_weighted': 0.8134652371705338, 'precision_macro': 0.7369917950977191, 'precision_micro': 0.8137685854888705, 'precision_weighted': 0.8170279372053744, 'recall_macro': 0.6914058193049079, 'recall_micro': 0.8137685854888705, 'recall_weighted': 0.8137685854888705}
Saving model...
Model saved!
-------------------------------------------
-----------------------
Epoch 38/100
Training statistic: Loss: 0.4527, train_score: {'accuracy': 0.8093730198677007, 'balanced_accuracy': 0.6695223126552144, 'f1_macro': 0.6952954829186083, 'f1_micro': 0.8093730198677007, 'f1_weighted': 0.8070796008456692, 'precision_macro': 0.7542616633816136, 'precision_micro': 0.8093730198677007, 'precision_weighted': 0.8113167667882172, 'recall_macro': 0.6695223126552144, 'recall_micro': 0.8093730198677007, 'recall_weighted': 0.8093730198677007}
Validation statistic: Loss: 0.4498, dev_score: {'accuracy': 0.8098457119840283, 'balanced_accuracy': 0.6749354793846909, 'f1_macro': 0.691550148703624, 'f1_micro': 0.8098457119840283, 'f1_weighted': 0.8085407057695697, 'precision_macro': 0.7376816973348402, 'precision_micro': 0.8098457119840283, 'precision_weighted': 0.8127756503722886, 'recall_macro': 0.6749354793846909, 'recall_micro': 0.8098457119840283, 'recall_weighted': 0.8098457119840283}
-----------------------
Epoch 39/100
Training statistic: Loss: 0.4434, train_score: {'accuracy': 0.8144470452557455, 'balanced_accuracy': 0.6850527891252302, 'f1_macro': 0.7095583450467593, 'f1_micro': 0.8144470452557455, 'f1_weighted': 0.8124299824779242, 'precision_macro': 0.7566591946475221, 'precision_micro': 0.8144470452557455, 'precision_weighted': 0.815621916185967, 'recall_macro': 0.6850527891252302, 'recall_micro': 0.8144470452557455, 'recall_weighted': 0.8144470452557455}
Validation statistic: Loss: 0.4403, dev_score: {'accuracy': 0.8149244321465473, 'balanced_accuracy': 0.6820753286883624, 'f1_macro': 0.7051362330763931, 'f1_micro': 0.8149244321465473, 'f1_weighted': 0.8135344579017009, 'precision_macro': 0.7500097602047288, 'precision_micro': 0.8149244321465473, 'precision_weighted': 0.8172253686598296, 'recall_macro': 0.6820753286883624, 'recall_micro': 0.8149244321465473, 'recall_weighted': 0.8149244321465473}
Saving model...
Model saved!
-------------------------------------------
-----------------------
Epoch 40/100
Training statistic: Loss: 0.4455, train_score: {'accuracy': 0.8128279180532683, 'balanced_accuracy': 0.6645964506999663, 'f1_macro': 0.7014386077593672, 'f1_micro': 0.8128279180532683, 'f1_weighted': 0.8107180231166984, 'precision_macro': 0.7743675875239392, 'precision_micro': 0.8128279180532683, 'precision_weighted': 0.8149145865759126, 'recall_macro': 0.6645964506999663, 'recall_micro': 0.8128279180532683, 'recall_weighted': 0.8128279180532683}
Validation statistic: Loss: 0.4429, dev_score: {'accuracy': 0.810913994500972, 'balanced_accuracy': 0.6635247727174798, 'f1_macro': 0.6950990686889718, 'f1_micro': 0.810913994500972, 'f1_weighted': 0.8097014000755718, 'precision_macro': 0.7581432621066176, 'precision_micro': 0.810913994500972, 'precision_weighted': 0.8138491143692997, 'recall_macro': 0.6635247727174798, 'recall_micro': 0.810913994500972, 'recall_weighted': 0.810913994500972}
-----------------------
Epoch 41/100
Training statistic: Loss: 0.4453, train_score: {'accuracy': 0.8135918724375357, 'balanced_accuracy': 0.6710632446651428, 'f1_macro': 0.7062801353286519, 'f1_micro': 0.8135918724375357, 'f1_weighted': 0.8113176745765518, 'precision_macro': 0.7715266678859738, 'precision_micro': 0.8135918724375357, 'precision_weighted': 0.8156862283207642, 'recall_macro': 0.6710632446651428, 'recall_micro': 0.8135918724375357, 'recall_weighted': 0.8135918724375357}
Validation statistic: Loss: 0.4438, dev_score: {'accuracy': 0.8128579184252465, 'balanced_accuracy': 0.669571679026605, 'f1_macro': 0.6996634120750663, 'f1_micro': 0.8128579184252465, 'f1_weighted': 0.8111870210413122, 'precision_macro': 0.7573646677226124, 'precision_micro': 0.8128579184252465, 'precision_weighted': 0.8157161195012573, 'recall_macro': 0.669571679026605, 'recall_micro': 0.8128579184252465, 'recall_weighted': 0.8128579184252465}
-----------------------
Epoch 42/100
Training statistic: Loss: 0.4419, train_score: {'accuracy': 0.8167486818121845, 'balanced_accuracy': 0.6688890136123513, 'f1_macro': 0.7022687060316611, 'f1_micro': 0.8167486818121845, 'f1_weighted': 0.8138657765377267, 'precision_macro': 0.7712586797540035, 'precision_micro': 0.8167486818121845, 'precision_weighted': 0.8181750937781999, 'recall_macro': 0.6688890136123513, 'recall_micro': 0.8167486818121845, 'recall_weighted': 0.8167486818121845}
Validation statistic: Loss: 0.4370, dev_score: {'accuracy': 0.8169734330397016, 'balanced_accuracy': 0.6693641979898952, 'f1_macro': 0.6980658036168846, 'f1_micro': 0.8169734330397016, 'f1_weighted': 0.814718993187556, 'precision_macro': 0.7593437858179966, 'precision_micro': 0.8169734330397016, 'precision_weighted': 0.8189512605601368, 'recall_macro': 0.6693641979898952, 'recall_micro': 0.8169734330397016, 'recall_weighted': 0.8169734330397016}
Saving model...
Model saved!
-------------------------------------------
-----------------------
Epoch 43/100
Training statistic: Loss: 0.4345, train_score: {'accuracy': 0.819815901653497, 'balanced_accuracy': 0.6833169274073558, 'f1_macro': 0.713374487323641, 'f1_micro': 0.819815901653497, 'f1_weighted': 0.8176150860943365, 'precision_macro': 0.7723674429257759, 'precision_micro': 0.819815901653497, 'precision_weighted': 0.821040065960747, 'recall_macro': 0.6833169274073558, 'recall_micro': 0.819815901653497, 'recall_weighted': 0.819815901653497}
Validation statistic: Loss: 0.4313, dev_score: {'accuracy': 0.8190049211047092, 'balanced_accuracy': 0.6838262881990546, 'f1_macro': 0.7096029395666422, 'f1_micro': 0.8190049211047092, 'f1_weighted': 0.8173859160120053, 'precision_macro': 0.7628762603971747, 'precision_micro': 0.8190049211047092, 'precision_weighted': 0.8209641460978973, 'recall_macro': 0.6838262881990546, 'recall_micro': 0.8190049211047092, 'recall_weighted': 0.8190049211047092}
Saving model...
Model saved!
-------------------------------------------
-----------------------
Epoch 44/100
Training statistic: Loss: 0.4312, train_score: {'accuracy': 0.8232300773239117, 'balanced_accuracy': 0.7016612106827101, 'f1_macro': 0.7274624346843253, 'f1_micro': 0.8232300773239117, 'f1_weighted': 0.8215086148127018, 'precision_macro': 0.7714973301531286, 'precision_micro': 0.8232300773239117, 'precision_weighted': 0.8238136362442414, 'recall_macro': 0.7016612106827101, 'recall_micro': 0.8232300773239117, 'recall_weighted': 0.8232300773239117}
Validation statistic: Loss: 0.4279, dev_score: {'accuracy': 0.8238384616731756, 'balanced_accuracy': 0.7087510197437509, 'f1_macro': 0.7282621216245033, 'f1_micro': 0.8238384616731756, 'f1_weighted': 0.8229120351764706, 'precision_macro': 0.7623409098237108, 'precision_micro': 0.8238384616731756, 'precision_weighted': 0.825270454856846, 'recall_macro': 0.7087510197437509, 'recall_micro': 0.8238384616731756, 'recall_weighted': 0.8238384616731756}
Saving model...
Model saved!
-------------------------------------------
-----------------------
Epoch 45/100
Training statistic: Loss: 0.4324, train_score: {'accuracy': 0.8198712842741048, 'balanced_accuracy': 0.6827358949661921, 'f1_macro': 0.7133136465703801, 'f1_micro': 0.8198712842741048, 'f1_weighted': 0.817757664497024, 'precision_macro': 0.7743557645707412, 'precision_micro': 0.8198712842741048, 'precision_weighted': 0.8214400411279548, 'recall_macro': 0.6827358949661921, 'recall_micro': 0.8198712842741048, 'recall_weighted': 0.8198712842741048}
Validation statistic: Loss: 0.4288, dev_score: {'accuracy': 0.821351640076356, 'balanced_accuracy': 0.6878990181076201, 'f1_macro': 0.7122248833538843, 'f1_micro': 0.821351640076356, 'f1_weighted': 0.819991716230685, 'precision_macro': 0.7637525427256863, 'precision_micro': 0.821351640076356, 'precision_weighted': 0.8237993449541372, 'recall_macro': 0.6878990181076201, 'recall_micro': 0.821351640076356, 'recall_weighted': 0.821351640076356}
-----------------------
Epoch 46/100
Training statistic: Loss: 0.4315, train_score: {'accuracy': 0.8216907662511341, 'balanced_accuracy': 0.6992910884576699, 'f1_macro': 0.7207687296951052, 'f1_micro': 0.8216907662511341, 'f1_weighted': 0.8199620853641769, 'precision_macro': 0.7622733751295095, 'precision_micro': 0.8216907662511341, 'precision_weighted': 0.822972380791252, 'recall_macro': 0.6992910884576699, 'recall_micro': 0.8216907662511341, 'recall_weighted': 0.8216907662511341}
Validation statistic: Loss: 0.4268, dev_score: {'accuracy': 0.8225950508747658, 'balanced_accuracy': 0.7083395364279933, 'f1_macro': 0.7222807001609949, 'f1_micro': 0.8225950508747658, 'f1_weighted': 0.8216985457474347, 'precision_macro': 0.7533203353128297, 'precision_micro': 0.8225950508747658, 'precision_weighted': 0.8249153910746667, 'recall_macro': 0.7083395364279933, 'recall_micro': 0.8225950508747658, 'recall_weighted': 0.8225950508747658}
Saving model...
Model saved!
-------------------------------------------
-----------------------
Epoch 47/100
Training statistic: Loss: 0.4294, train_score: {'accuracy': 0.8200390610365346, 'balanced_accuracy': 0.6982573453321247, 'f1_macro': 0.714585760131954, 'f1_micro': 0.8200390610365346, 'f1_weighted': 0.8182991478171913, 'precision_macro': 0.755644933552376, 'precision_micro': 0.8200390610365346, 'precision_weighted': 0.8219300741524926, 'recall_macro': 0.6982573453321247, 'recall_micro': 0.8200390610365346, 'recall_weighted': 0.8200390610365346}
Validation statistic: Loss: 0.4251, dev_score: {'accuracy': 0.8197229470587205, 'balanced_accuracy': 0.7042938149935148, 'f1_macro': 0.7121278020261084, 'f1_micro': 0.8197229470587205, 'f1_weighted': 0.8187543536392475, 'precision_macro': 0.7450172725179665, 'precision_micro': 0.8197229470587205, 'precision_weighted': 0.8226766424333293, 'recall_macro': 0.7042938149935148, 'recall_micro': 0.8197229470587205, 'recall_weighted': 0.8197229470587205}
Saving model...
Model saved!
-------------------------------------------
-----------------------
Epoch 48/100
Training statistic: Loss: 0.4317, train_score: {'accuracy': 0.8221338272159971, 'balanced_accuracy': 0.6979496435954627, 'f1_macro': 0.7235243156647799, 'f1_micro': 0.8221338272159971, 'f1_weighted': 0.8202700505931728, 'precision_macro': 0.7674617247717609, 'precision_micro': 0.8221338272159971, 'precision_weighted': 0.8240195208093399, 'recall_macro': 0.6979496435954627, 'recall_micro': 0.8221338272159971, 'recall_weighted': 0.8221338272159971}
Validation statistic: Loss: 0.4264, dev_score: {'accuracy': 0.8223323584525665, 'balanced_accuracy': 0.7007654672808181, 'f1_macro': 0.7230378258416367, 'f1_micro': 0.8223323584525665, 'f1_weighted': 0.8211192881728615, 'precision_macro': 0.7615122450515327, 'precision_micro': 0.8223323584525665, 'precision_weighted': 0.8248948268796322, 'recall_macro': 0.7007654672808181, 'recall_micro': 0.8223323584525665, 'recall_weighted': 0.8223323584525665}
-----------------------
Epoch 49/100
Training statistic: Loss: 0.4266, train_score: {'accuracy': 0.8245331978088029, 'balanced_accuracy': 0.6968621327841411, 'f1_macro': 0.7267058134404184, 'f1_micro': 0.8245331978088029, 'f1_weighted': 0.8229662522256705, 'precision_macro': 0.7831437247344823, 'precision_micro': 0.8245331978088029, 'precision_weighted': 0.8265820419537093, 'recall_macro': 0.6968621327841411, 'recall_micro': 0.8245331978088029, 'recall_weighted': 0.8245331978088029}
Validation statistic: Loss: 0.4228, dev_score: {'accuracy': 0.825607257315984, 'balanced_accuracy': 0.6943478233485915, 'f1_macro': 0.7197755238145204, 'f1_micro': 0.825607257315984, 'f1_weighted': 0.8245635562492646, 'precision_macro': 0.7715001193625907, 'precision_micro': 0.825607257315984, 'precision_weighted': 0.8284326597674236, 'recall_macro': 0.6943478233485915, 'recall_micro': 0.825607257315984, 'recall_weighted': 0.825607257315984}
Saving model...
Model saved!
-------------------------------------------
-----------------------
Epoch 50/100
Training statistic: Loss: 0.4212, train_score: {'accuracy': 0.8241976442839435, 'balanced_accuracy': 0.704901824067895, 'f1_macro': 0.7289703643871606, 'f1_micro': 0.8241976442839435, 'f1_weighted': 0.8235614524960491, 'precision_macro': 0.7714199766347176, 'precision_micro': 0.8241976442839435, 'precision_weighted': 0.8270695148073965, 'recall_macro': 0.704901824067895, 'recall_micro': 0.8241976442839435, 'recall_weighted': 0.8241976442839435}
Validation statistic: Loss: 0.4184, dev_score: {'accuracy': 0.8244689234864538, 'balanced_accuracy': 0.7039298856790152, 'f1_macro': 0.7227324921676873, 'f1_micro': 0.8244689234864538, 'f1_weighted': 0.8244137028552405, 'precision_macro': 0.7604322262653229, 'precision_micro': 0.8244689234864538, 'precision_weighted': 0.8285557443766066, 'recall_macro': 0.7039298856790152, 'recall_micro': 0.8244689234864538, 'recall_weighted': 0.8244689234864538}
Saving model...
Model saved!
-------------------------------------------
-----------------------
Epoch 51/100
Training statistic: Loss: 0.4245, train_score: {'accuracy': 0.8229271018111746, 'balanced_accuracy': 0.6755208340319386, 'f1_macro': 0.7108039071386033, 'f1_micro': 0.8229271018111746, 'f1_weighted': 0.8205702386351861, 'precision_macro': 0.777016334473008, 'precision_micro': 0.8229271018111746, 'precision_weighted': 0.8247307138143982, 'recall_macro': 0.6755208340319386, 'recall_micro': 0.8229271018111746, 'recall_weighted': 0.8229271018111746}
Validation statistic: Loss: 0.4182, dev_score: {'accuracy': 0.8254321290345178, 'balanced_accuracy': 0.6792880101337494, 'f1_macro': 0.7088927426861303, 'f1_micro': 0.8254321290345178, 'f1_weighted': 0.8238059834301223, 'precision_macro': 0.7654383548392715, 'precision_micro': 0.8254321290345178, 'precision_weighted': 0.8278376737463079, 'recall_macro': 0.6792880101337494, 'recall_micro': 0.8254321290345178, 'recall_weighted': 0.8254321290345178}
Saving model...
Model saved!
-------------------------------------------
-----------------------
Epoch 52/100
Training statistic: Loss: 0.4187, train_score: {'accuracy': 0.8304982318283921, 'balanced_accuracy': 0.7182245037966833, 'f1_macro': 0.7388180410493816, 'f1_micro': 0.8304982318283921, 'f1_weighted': 0.8296251346711642, 'precision_macro': 0.7714584240143362, 'precision_micro': 0.8304982318283921, 'precision_weighted': 0.831671180659553, 'recall_macro': 0.7182245037966833, 'recall_micro': 0.8304982318283921, 'recall_weighted': 0.8304982318283921}
Validation statistic: Loss: 0.4144, dev_score: {'accuracy': 0.8324547731213113, 'balanced_accuracy': 0.7208715255799847, 'f1_macro': 0.735808442784838, 'f1_micro': 0.8324547731213113, 'f1_weighted': 0.8321932989913498, 'precision_macro': 0.7622142440798539, 'precision_micro': 0.8324547731213113, 'precision_weighted': 0.8346687835660027, 'recall_macro': 0.7208715255799847, 'recall_micro': 0.8324547731213113, 'recall_weighted': 0.8324547731213113}
Saving model...
Model saved!
-------------------------------------------
-----------------------
Epoch 53/100
Training statistic: Loss: 0.4182, train_score: {'accuracy': 0.8255626629918669, 'balanced_accuracy': 0.6920199443773108, 'f1_macro': 0.7183537841754788, 'f1_micro': 0.8255626629918669, 'f1_weighted': 0.8243807783877577, 'precision_macro': 0.7738129607104521, 'precision_micro': 0.8255626629918669, 'precision_weighted': 0.8286153082926107, 'recall_macro': 0.6920199443773108, 'recall_micro': 0.8255626629918669, 'recall_weighted': 0.8255626629918669}
Validation statistic: Loss: 0.4137, dev_score: {'accuracy': 0.8261326421603825, 'balanced_accuracy': 0.6941429448196557, 'f1_macro': 0.7132581034337038, 'f1_micro': 0.8261326421603825, 'f1_weighted': 0.8256337069005905, 'precision_macro': 0.7616421009485749, 'precision_micro': 0.8261326421603825, 'precision_weighted': 0.8303463782711774, 'recall_macro': 0.6941429448196557, 'recall_micro': 0.8261326421603825, 'recall_weighted': 0.8261326421603825}
Saving model...
Model saved!
-------------------------------------------
-----------------------
Epoch 54/100
Training statistic: Loss: 0.4185, train_score: {'accuracy': 0.8276053043519338, 'balanced_accuracy': 0.707306473073315, 'f1_macro': 0.7343312917317435, 'f1_micro': 0.8276053043519338, 'f1_weighted': 0.8263477805334057, 'precision_macro': 0.7775561760340919, 'precision_micro': 0.8276053043519338, 'precision_weighted': 0.8287861809341, 'recall_macro': 0.707306473073315, 'recall_micro': 0.8276053043519338, 'recall_weighted': 0.8276053043519338}
Validation statistic: Loss: 0.4134, dev_score: {'accuracy': 0.8273585401306457, 'balanced_accuracy': 0.7078866560462117, 'f1_macro': 0.727105295512059, 'f1_micro': 0.8273585401306457, 'f1_weighted': 0.8266633022066026, 'precision_macro': 0.7615759786557988, 'precision_micro': 0.8273585401306457, 'precision_weighted': 0.829502228494978, 'recall_macro': 0.7078866560462117, 'recall_micro': 0.8273585401306457, 'recall_weighted': 0.8273585401306457}
Saving model...
Model saved!
-------------------------------------------
-----------------------
Epoch 55/100
Training statistic: Loss: 0.4143, train_score: {'accuracy': 0.8288791046259149, 'balanced_accuracy': 0.7124638941028907, 'f1_macro': 0.7298496527599502, 'f1_micro': 0.8288791046259149, 'f1_weighted': 0.8281200511875401, 'precision_macro': 0.762030130532878, 'precision_micro': 0.8288791046259149, 'precision_weighted': 0.8307587566038487, 'recall_macro': 0.7124638941028907, 'recall_micro': 0.8288791046259149, 'recall_weighted': 0.8288791046259149}
Validation statistic: Loss: 0.4105, dev_score: {'accuracy': 0.8290222588045744, 'balanced_accuracy': 0.7163964576033596, 'f1_macro': 0.7237184986817183, 'f1_micro': 0.8290222588045744, 'f1_weighted': 0.8288911560512622, 'precision_macro': 0.7450754676378829, 'precision_micro': 0.8290222588045744, 'precision_weighted': 0.8318979710581683, 'recall_macro': 0.7163964576033596, 'recall_micro': 0.8290222588045744, 'recall_weighted': 0.8290222588045744}
Saving model...
Model saved!
-------------------------------------------
-----------------------
Epoch 56/100
Training statistic: Loss: 0.4168, train_score: {'accuracy': 0.8309950465132568, 'balanced_accuracy': 0.7060449350918641, 'f1_macro': 0.7298850760673569, 'f1_micro': 0.8309950465132568, 'f1_weighted': 0.8297303590265133, 'precision_macro': 0.769785101236046, 'precision_micro': 0.8309950465132568, 'precision_weighted': 0.8323993919616396, 'recall_macro': 0.7060449350918641, 'recall_micro': 0.8309950465132568, 'recall_weighted': 0.8309950465132568}
Validation statistic: Loss: 0.4109, dev_score: {'accuracy': 0.8321220293865256, 'balanced_accuracy': 0.7102387794432679, 'f1_macro': 0.7277400164773377, 'f1_micro': 0.8321220293865256, 'f1_weighted': 0.8315521244358163, 'precision_macro': 0.7592632460000617, 'precision_micro': 0.8321220293865256, 'precision_weighted': 0.8344752768233046, 'recall_macro': 0.7102387794432679, 'recall_micro': 0.8321220293865256, 'recall_weighted': 0.8321220293865256}
-----------------------
Epoch 57/100
Training statistic: Loss: 0.4071, train_score: {'accuracy': 0.8316612668611574, 'balanced_accuracy': 0.72191308106253, 'f1_macro': 0.7376711382094057, 'f1_micro': 0.8316612668611574, 'f1_weighted': 0.830952096808761, 'precision_macro': 0.7634401985131907, 'precision_micro': 0.8316612668611574, 'precision_weighted': 0.8328945658789972, 'recall_macro': 0.72191308106253, 'recall_micro': 0.8316612668611574, 'recall_weighted': 0.8316612668611574}
Validation statistic: Loss: 0.4021, dev_score: {'accuracy': 0.8319118754487662, 'balanced_accuracy': 0.7250419214725674, 'f1_macro': 0.7343588653480408, 'f1_micro': 0.8319118754487662, 'f1_weighted': 0.831684260362169, 'precision_macro': 0.7523434295792308, 'precision_micro': 0.8319118754487662, 'precision_weighted': 0.833864272049908, 'recall_macro': 0.7250419214725674, 'recall_micro': 0.8319118754487662, 'recall_weighted': 0.8319118754487662}
Saving model...
Model saved!
-------------------------------------------
-----------------------
Epoch 58/100
Training statistic: Loss: 0.4092, train_score: {'accuracy': 0.832485490567851, 'balanced_accuracy': 0.7176967782129536, 'f1_macro': 0.7360165025885056, 'f1_micro': 0.832485490567851, 'f1_weighted': 0.831683287043392, 'precision_macro': 0.7694439195821312, 'precision_micro': 0.832485490567851, 'precision_weighted': 0.8343653705762888, 'recall_macro': 0.7176967782129536, 'recall_micro': 0.832485490567851, 'recall_weighted': 0.832485490567851}
Validation statistic: Loss: 0.4038, dev_score: {'accuracy': 0.8334530043256686, 'balanced_accuracy': 0.7240112496739325, 'f1_macro': 0.7327750698047683, 'f1_micro': 0.8334530043256686, 'f1_weighted': 0.8334108525611247, 'precision_macro': 0.7545578784217003, 'precision_micro': 0.8334530043256686, 'precision_weighted': 0.8363614145756769, 'recall_macro': 0.7240112496739325, 'recall_micro': 0.8334530043256686, 'recall_weighted': 0.8334530043256686}
-----------------------
Epoch 59/100
Training statistic: Loss: 0.4063, train_score: {'accuracy': 0.8328927157193795, 'balanced_accuracy': 0.7259867408929355, 'f1_macro': 0.7395734688248696, 'f1_micro': 0.8328927157193795, 'f1_weighted': 0.8324993730189448, 'precision_macro': 0.7650333001070709, 'precision_micro': 0.8328927157193795, 'precision_weighted': 0.8347866349087317, 'recall_macro': 0.7259867408929355, 'recall_micro': 0.8328927157193795, 'recall_weighted': 0.8328927157193795}
Validation statistic: Loss: 0.4036, dev_score: {'accuracy': 0.8341535174515332, 'balanced_accuracy': 0.7334978773426031, 'f1_macro': 0.7375429532165967, 'f1_micro': 0.8341535174515332, 'f1_weighted': 0.8344150699104396, 'precision_macro': 0.7530511808999626, 'precision_micro': 0.8341535174515332, 'precision_weighted': 0.8370775556269981, 'recall_macro': 0.7334978773426031, 'recall_micro': 0.8341535174515332, 'recall_weighted': 0.8341535174515332}
-----------------------
Epoch 60/100
Training statistic: Loss: 0.4094, train_score: {'accuracy': 0.8331549687169638, 'balanced_accuracy': 0.7099978408556146, 'f1_macro': 0.7327928959762727, 'f1_micro': 0.8331549687169638, 'f1_weighted': 0.8321573373542567, 'precision_macro': 0.7706451387771772, 'precision_micro': 0.8331549687169638, 'precision_weighted': 0.8343774544697796, 'recall_macro': 0.7099978408556146, 'recall_micro': 0.8331549687169638, 'recall_weighted': 0.8331549687169638}
Validation statistic: Loss: 0.4026, dev_score: {'accuracy': 0.8368329801579657, 'balanced_accuracy': 0.7218152536380374, 'f1_macro': 0.7358229044347289, 'f1_micro': 0.8368329801579657, 'f1_weighted': 0.8365210075890103, 'precision_macro': 0.7616413439366067, 'precision_micro': 0.8368329801579657, 'precision_weighted': 0.8389334853705561, 'recall_macro': 0.7218152536380374, 'recall_micro': 0.8368329801579657, 'recall_weighted': 0.8368329801579657}
-----------------------
Epoch 61/100
Training statistic: Loss: 0.4153, train_score: {'accuracy': 0.8322753623896624, 'balanced_accuracy': 0.7137948290371183, 'f1_macro': 0.7317551064651271, 'f1_micro': 0.8322753623896624, 'f1_weighted': 0.8313491064304338, 'precision_macro': 0.7650251441086876, 'precision_micro': 0.8322753623896624, 'precision_weighted': 0.8340475635340789, 'recall_macro': 0.7137948290371183, 'recall_micro': 0.8322753623896624, 'recall_weighted': 0.8322753623896624}
Validation statistic: Loss: 0.4131, dev_score: {'accuracy': 0.83292761948127, 'balanced_accuracy': 0.7213207368667401, 'f1_macro': 0.7289675224160908, 'f1_micro': 0.83292761948127, 'f1_weighted': 0.8327300186920992, 'precision_macro': 0.7515371706910734, 'precision_micro': 0.83292761948127, 'precision_weighted': 0.8359671142572068, 'recall_macro': 0.7213207368667401, 'recall_micro': 0.83292761948127, 'recall_weighted': 0.83292761948127}
-----------------------
Epoch 62/100
Training statistic: Loss: 0.4025, train_score: {'accuracy': 0.8367532101558695, 'balanced_accuracy': 0.7155567439714294, 'f1_macro': 0.7389597946995838, 'f1_micro': 0.8367532101558695, 'f1_weighted': 0.8358834571337388, 'precision_macro': 0.778987911341825, 'precision_micro': 0.8367532101558695, 'precision_weighted': 0.8381179576766614, 'recall_macro': 0.7155567439714294, 'recall_micro': 0.8367532101558695, 'recall_weighted': 0.8367532101558695}
Validation statistic: Loss: 0.3974, dev_score: {'accuracy': 0.8390746221607327, 'balanced_accuracy': 0.7203868217195594, 'f1_macro': 0.7380823468982575, 'f1_micro': 0.8390746221607327, 'f1_weighted': 0.8388475404920879, 'precision_macro': 0.7705348557631106, 'precision_micro': 0.8390746221607327, 'precision_weighted': 0.8414795096268606, 'recall_macro': 0.7203868217195594, 'recall_micro': 0.8390746221607327, 'recall_weighted': 0.8390746221607327}
Saving model...
Model saved!
-------------------------------------------
-----------------------
Epoch 63/100
Training statistic: Loss: 0.4056, train_score: {'accuracy': 0.8324040455375453, 'balanced_accuracy': 0.7090356778161132, 'f1_macro': 0.7329912083780895, 'f1_micro': 0.8324040455375453, 'f1_weighted': 0.8310357364167602, 'precision_macro': 0.7789454678033879, 'precision_micro': 0.8324040455375453, 'precision_weighted': 0.8342838564109492, 'recall_macro': 0.7090356778161132, 'recall_micro': 0.8324040455375453, 'recall_weighted': 0.8324040455375453}
Validation statistic: Loss: 0.4010, dev_score: {'accuracy': 0.8342761072485596, 'balanced_accuracy': 0.7182652145768351, 'f1_macro': 0.7335557656075963, 'f1_micro': 0.8342761072485596, 'f1_weighted': 0.833578285856148, 'precision_macro': 0.7681516809529321, 'precision_micro': 0.8342761072485596, 'precision_weighted': 0.8369789798617929, 'recall_macro': 0.7182652145768351, 'recall_micro': 0.8342761072485596, 'recall_weighted': 0.8342761072485596}
-----------------------
Epoch 64/100
Training statistic: Loss: 0.4089, train_score: {'accuracy': 0.8325148107787611, 'balanced_accuracy': 0.7105865007340233, 'f1_macro': 0.7343225551437506, 'f1_micro': 0.8325148107787611, 'f1_weighted': 0.8315045591217956, 'precision_macro': 0.7821971871361822, 'precision_micro': 0.8325148107787611, 'precision_weighted': 0.834970871758909, 'recall_macro': 0.7105865007340233, 'recall_micro': 0.8325148107787611, 'recall_weighted': 0.8325148107787611}
Validation statistic: Loss: 0.4049, dev_score: {'accuracy': 0.8344162098737326, 'balanced_accuracy': 0.7205701828161251, 'f1_macro': 0.7342287257819271, 'f1_micro': 0.8344162098737326, 'f1_weighted': 0.8341616211275893, 'precision_macro': 0.7677123445509075, 'precision_micro': 0.8344162098737326, 'precision_weighted': 0.837647852558782, 'recall_macro': 0.7205701828161251, 'recall_micro': 0.8344162098737326, 'recall_weighted': 0.8344162098737326}
-----------------------
Epoch 65/100
Training statistic: Loss: 0.4063, train_score: {'accuracy': 0.8321092145278387, 'balanced_accuracy': 0.7035553498669975, 'f1_macro': 0.7298179737202383, 'f1_micro': 0.8321092145278387, 'f1_weighted': 0.8304329940601536, 'precision_macro': 0.7756497274281761, 'precision_micro': 0.8321092145278387, 'precision_weighted': 0.8340664595232788, 'recall_macro': 0.7035553498669975, 'recall_micro': 0.8321092145278387, 'recall_weighted': 0.8321092145278387}
Validation statistic: Loss: 0.4023, dev_score: {'accuracy': 0.8326649270590708, 'balanced_accuracy': 0.7094040190992043, 'f1_macro': 0.725561265438859, 'f1_micro': 0.8326649270590708, 'f1_weighted': 0.8315726203342284, 'precision_macro': 0.7568661328200428, 'precision_micro': 0.8326649270590708, 'precision_weighted': 0.8351515923520192, 'recall_macro': 0.7094040190992043, 'recall_micro': 0.8326649270590708, 'recall_weighted': 0.8326649270590708}
-----------------------
Epoch 66/100
Training statistic: Loss: 0.4038, train_score: {'accuracy': 0.833042574575142, 'balanced_accuracy': 0.7117653948800997, 'f1_macro': 0.7371764168263243, 'f1_micro': 0.833042574575142, 'f1_weighted': 0.8315841400512477, 'precision_macro': 0.7835197920070959, 'precision_micro': 0.833042574575142, 'precision_weighted': 0.8352191842907452, 'recall_macro': 0.7117653948800997, 'recall_micro': 0.833042574575142, 'recall_weighted': 0.833042574575142}
Validation statistic: Loss: 0.3994, dev_score: {'accuracy': 0.8348365177492513, 'balanced_accuracy': 0.7229010435576397, 'f1_macro': 0.7377744444058002, 'f1_micro': 0.8348365177492513, 'f1_weighted': 0.8340639329198948, 'precision_macro': 0.7703628618428064, 'precision_micro': 0.8348365177492513, 'precision_weighted': 0.8378608935409511, 'recall_macro': 0.7229010435576397, 'recall_micro': 0.8348365177492513, 'recall_weighted': 0.8348365177492513}
-----------------------
Epoch 67/100
Training statistic: Loss: 0.4018, train_score: {'accuracy': 0.8351487430588473, 'balanced_accuracy': 0.7259479225622203, 'f1_macro': 0.7445704927781623, 'f1_micro': 0.8351487430588473, 'f1_weighted': 0.8348123716856435, 'precision_macro': 0.7749933255900583, 'precision_micro': 0.8351487430588473, 'precision_weighted': 0.8371245436798649, 'recall_macro': 0.7259479225622203, 'recall_micro': 0.8351487430588473, 'recall_weighted': 0.8351487430588473}
Validation statistic: Loss: 0.3961, dev_score: {'accuracy': 0.8377086215652966, 'balanced_accuracy': 0.7337026645544541, 'f1_macro': 0.742593085672362, 'f1_micro': 0.8377086215652966, 'f1_weighted': 0.8379717310570197, 'precision_macro': 0.7609211818324845, 'precision_micro': 0.8377086215652966, 'precision_weighted': 0.8406266132371562, 'recall_macro': 0.7337026645544541, 'recall_micro': 0.8377086215652966, 'recall_weighted': 0.8377086215652966}
Saving model...
Model saved!
-------------------------------------------
-----------------------
Epoch 68/100
Training statistic: Loss: 0.4034, train_score: {'accuracy': 0.8374145438019518, 'balanced_accuracy': 0.7231852213763279, 'f1_macro': 0.7444933876923052, 'f1_micro': 0.8374145438019518, 'f1_weighted': 0.8366159671618987, 'precision_macro': 0.7793450018732614, 'precision_micro': 0.8374145438019518, 'precision_weighted': 0.8389681604118528, 'recall_macro': 0.7231852213763279, 'recall_micro': 0.8374145438019518, 'recall_weighted': 0.8374145438019518}
Validation statistic: Loss: 0.3996, dev_score: {'accuracy': 0.8387769040822403, 'balanced_accuracy': 0.7329013945222645, 'f1_macro': 0.7449404127500124, 'f1_micro': 0.8387769040822403, 'f1_weighted': 0.8386022275674426, 'precision_macro': 0.7687582452172307, 'precision_micro': 0.8387769040822403, 'precision_weighted': 0.8412472164231246, 'recall_macro': 0.7329013945222645, 'recall_micro': 0.8387769040822403, 'recall_weighted': 0.8387769040822403}
-----------------------
Epoch 69/100
Training statistic: Loss: 0.4039, train_score: {'accuracy': 0.8348490253473223, 'balanced_accuracy': 0.7129969014643601, 'f1_macro': 0.7347730072394276, 'f1_micro': 0.8348490253473223, 'f1_weighted': 0.8341098004318062, 'precision_macro': 0.7732630600430513, 'precision_micro': 0.8348490253473223, 'precision_weighted': 0.8372838056486006, 'recall_macro': 0.7129969014643601, 'recall_micro': 0.8348490253473223, 'recall_weighted': 0.8348490253473223}
Validation statistic: Loss: 0.3988, dev_score: {'accuracy': 0.835764697641022, 'balanced_accuracy': 0.7265130569341353, 'f1_macro': 0.7392721998714092, 'f1_micro': 0.835764697641022, 'f1_weighted': 0.8357310731993756, 'precision_macro': 0.7667518067263447, 'precision_micro': 0.835764697641022, 'precision_weighted': 0.8392017331520755, 'recall_macro': 0.7265130569341353, 'recall_micro': 0.835764697641022, 'recall_weighted': 0.835764697641022}
-----------------------
Epoch 70/100
Training statistic: Loss: 0.3958, train_score: {'accuracy': 0.8388658942419992, 'balanced_accuracy': 0.7360775198818497, 'f1_macro': 0.752551613963675, 'f1_micro': 0.8388658942419992, 'f1_weighted': 0.8386597751912801, 'precision_macro': 0.7788327588060496, 'precision_micro': 0.8388658942419992, 'precision_weighted': 0.8407894885465431, 'recall_macro': 0.7360775198818497, 'recall_micro': 0.8388658942419992, 'recall_weighted': 0.8388658942419992}
Validation statistic: Loss: 0.3909, dev_score: {'accuracy': 0.8398276737710373, 'balanced_accuracy': 0.7509596545724772, 'f1_macro': 0.757663281253739, 'f1_micro': 0.8398276737710373, 'f1_weighted': 0.8402675583592455, 'precision_macro': 0.7726952774012256, 'precision_micro': 0.8398276737710373, 'precision_weighted': 0.842894845659393, 'recall_macro': 0.7509596545724772, 'recall_micro': 0.8398276737710373, 'recall_weighted': 0.8398276737710373}
Saving model...
Model saved!
-------------------------------------------
-----------------------
Epoch 71/100
Training statistic: Loss: 0.3944, train_score: {'accuracy': 0.8388561208383626, 'balanced_accuracy': 0.7369978419233132, 'f1_macro': 0.7416783229758327, 'f1_micro': 0.8388561208383626, 'f1_weighted': 0.8386483499362277, 'precision_macro': 0.7556720183899914, 'precision_micro': 0.8388561208383626, 'precision_weighted': 0.8406996018218375, 'recall_macro': 0.7369978419233132, 'recall_micro': 0.8388561208383626, 'recall_weighted': 0.8388561208383626}
Validation statistic: Loss: 0.3880, dev_score: {'accuracy': 0.8411411358820335, 'balanced_accuracy': 0.7518948397706561, 'f1_macro': 0.7436245186689204, 'f1_micro': 0.8411411358820335, 'f1_weighted': 0.8416016837609283, 'precision_macro': 0.7452823790138875, 'precision_micro': 0.8411411358820335, 'precision_weighted': 0.8441052708541198, 'recall_macro': 0.7518948397706561, 'recall_micro': 0.8411411358820335, 'recall_weighted': 0.8411411358820335}
Saving model...
Model saved!
-------------------------------------------
-----------------------
Epoch 72/100
Training statistic: Loss: 0.3930, train_score: {'accuracy': 0.8381068265595502, 'balanced_accuracy': 0.7249089091471462, 'f1_macro': 0.7470208200019561, 'f1_micro': 0.8381068265595502, 'f1_weighted': 0.8371347633675544, 'precision_macro': 0.7844430519074402, 'precision_micro': 0.8381068265595502, 'precision_weighted': 0.8400493845264189, 'recall_macro': 0.7249089091471462, 'recall_micro': 0.8381068265595502, 'recall_weighted': 0.8381068265595502}
Validation statistic: Loss: 0.3886, dev_score: {'accuracy': 0.8377961857060297, 'balanced_accuracy': 0.7288670799785987, 'f1_macro': 0.7419170259651395, 'f1_micro': 0.8377961857060297, 'f1_weighted': 0.837397405431178, 'precision_macro': 0.769762751462741, 'precision_micro': 0.8377961857060297, 'precision_weighted': 0.840777166160176, 'recall_macro': 0.7288670799785987, 'recall_micro': 0.8377961857060297, 'recall_weighted': 0.8377961857060297}
-----------------------
Epoch 73/100
Training statistic: Loss: 0.3937, train_score: {'accuracy': 0.8390662490165512, 'balanced_accuracy': 0.7365879193799358, 'f1_macro': 0.7461645975167555, 'f1_micro': 0.8390662490165512, 'f1_weighted': 0.8383342207161597, 'precision_macro': 0.7698151650113235, 'precision_micro': 0.8390662490165512, 'precision_weighted': 0.8409826945579838, 'recall_macro': 0.7365879193799358, 'recall_micro': 0.8390662490165512, 'recall_weighted': 0.8390662490165512}
Validation statistic: Loss: 0.3892, dev_score: {'accuracy': 0.8389870580199996, 'balanced_accuracy': 0.7485726791293122, 'f1_macro': 0.7447016382824733, 'f1_micro': 0.8389870580199996, 'f1_weighted': 0.8388803074156509, 'precision_macro': 0.7556025585422679, 'precision_micro': 0.8389870580199996, 'precision_weighted': 0.8418910215946129, 'recall_macro': 0.7485726791293122, 'recall_micro': 0.8389870580199996, 'recall_weighted': 0.8389870580199996}
-----------------------
Epoch 74/100
Training statistic: Loss: 0.3922, train_score: {'accuracy': 0.8402569753596205, 'balanced_accuracy': 0.719365249861359, 'f1_macro': 0.7424798486366951, 'f1_micro': 0.8402569753596205, 'f1_weighted': 0.8391690961403927, 'precision_macro': 0.7824806581606965, 'precision_micro': 0.8402569753596205, 'precision_weighted': 0.8421716906315466, 'recall_macro': 0.719365249861359, 'recall_micro': 0.8402569753596205, 'recall_weighted': 0.8402569753596205}
Validation statistic: Loss: 0.3866, dev_score: {'accuracy': 0.8397225968021576, 'balanced_accuracy': 0.7299551094346887, 'f1_macro': 0.7423908006597261, 'f1_micro': 0.8397225968021576, 'f1_weighted': 0.8393187781192316, 'precision_macro': 0.7684857043696385, 'precision_micro': 0.8397225968021576, 'precision_weighted': 0.8425525535962353, 'recall_macro': 0.7299551094346887, 'recall_micro': 0.8397225968021576, 'recall_weighted': 0.8397225968021576}
Saving model...
Model saved!
-------------------------------------------
-----------------------
Epoch 75/100
Training statistic: Loss: 0.3945, train_score: {'accuracy': 0.8381442912734908, 'balanced_accuracy': 0.7174613794178273, 'f1_macro': 0.7393356767402067, 'f1_micro': 0.8381442912734908, 'f1_weighted': 0.8373995537849648, 'precision_macro': 0.7780570765929099, 'precision_micro': 0.8381442912734908, 'precision_weighted': 0.8405684213025337, 'recall_macro': 0.7174613794178273, 'recall_micro': 0.8381442912734908, 'recall_weighted': 0.8381442912734908}
Validation statistic: Loss: 0.3880, dev_score: {'accuracy': 0.83888198105112, 'balanced_accuracy': 0.7262619210888739, 'f1_macro': 0.7379716646611657, 'f1_micro': 0.83888198105112, 'f1_weighted': 0.8387753683559456, 'precision_macro': 0.7643623209226665, 'precision_micro': 0.83888198105112, 'precision_weighted': 0.8422230006160505, 'recall_macro': 0.7262619210888739, 'recall_micro': 0.83888198105112, 'recall_weighted': 0.83888198105112}
-----------------------
Epoch 76/100
Training statistic: Loss: 0.3943, train_score: {'accuracy': 0.8429707237694063, 'balanced_accuracy': 0.7174569300980872, 'f1_macro': 0.7416128696393418, 'f1_micro': 0.8429707237694063, 'f1_weighted': 0.8417483062363776, 'precision_macro': 0.7882493022013259, 'precision_micro': 0.8429707237694063, 'precision_weighted': 0.8443876599919735, 'recall_macro': 0.7174569300980872, 'recall_micro': 0.8429707237694063, 'recall_weighted': 0.8429707237694063}
Validation statistic: Loss: 0.3861, dev_score: {'accuracy': 0.8435754189944135, 'balanced_accuracy': 0.721193072959324, 'f1_macro': 0.7381571947205211, 'f1_micro': 0.8435754189944135, 'f1_weighted': 0.8430466774913599, 'precision_macro': 0.7744974726414703, 'precision_micro': 0.8435754189944135, 'precision_weighted': 0.8458149339525735, 'recall_macro': 0.721193072959324, 'recall_micro': 0.8435754189944135, 'recall_weighted': 0.8435754189944135}
Saving model...
Model saved!
-------------------------------------------
-----------------------
Epoch 77/100
Training statistic: Loss: 0.3962, train_score: {'accuracy': 0.8384016575692568, 'balanced_accuracy': 0.733859519347738, 'f1_macro': 0.7481731242909111, 'f1_micro': 0.8384016575692568, 'f1_weighted': 0.8380724618744249, 'precision_macro': 0.7716242097060462, 'precision_micro': 0.8384016575692568, 'precision_weighted': 0.839999173551187, 'recall_macro': 0.733859519347738, 'recall_micro': 0.8384016575692568, 'recall_weighted': 0.8384016575692568}
Validation statistic: Loss: 0.3904, dev_score: {'accuracy': 0.8386192886289207, 'balanced_accuracy': 0.7422420955898291, 'f1_macro': 0.7480176968099895, 'f1_micro': 0.8386192886289207, 'f1_weighted': 0.8387359257702989, 'precision_macro': 0.761122259556743, 'precision_micro': 0.8386192886289207, 'precision_weighted': 0.8409596256196422, 'recall_macro': 0.7422420955898291, 'recall_micro': 0.8386192886289207, 'recall_weighted': 0.8386192886289207}
-----------------------
Epoch 78/100
Training statistic: Loss: 0.3910, train_score: {'accuracy': 0.8442608130494486, 'balanced_accuracy': 0.7437240436303417, 'f1_macro': 0.7613796958623986, 'f1_micro': 0.8442608130494486, 'f1_weighted': 0.843659685320406, 'precision_macro': 0.7890610534348428, 'precision_micro': 0.8442608130494486, 'precision_weighted': 0.8454608690056471, 'recall_macro': 0.7437240436303417, 'recall_micro': 0.8442608130494486, 'recall_weighted': 0.8442608130494486}
Validation statistic: Loss: 0.3850, dev_score: {'accuracy': 0.8461673175601128, 'balanced_accuracy': 0.7530185306289914, 'f1_macro': 0.7617419709024607, 'f1_micro': 0.8461673175601128, 'f1_weighted': 0.8460352950166685, 'precision_macro': 0.7780682577974076, 'precision_micro': 0.8461673175601128, 'precision_weighted': 0.8479667134785079, 'recall_macro': 0.7530185306289914, 'recall_micro': 0.8461673175601128, 'recall_weighted': 0.8461673175601128}
Saving model...
Model saved!
-------------------------------------------
-----------------------
Epoch 79/100
Training statistic: Loss: 0.3863, train_score: {'accuracy': 0.8447006162130993, 'balanced_accuracy': 0.7487312981983069, 'f1_macro': 0.7620412096513368, 'f1_micro': 0.8447006162130993, 'f1_weighted': 0.8443783353783543, 'precision_macro': 0.7825163384640926, 'precision_micro': 0.8447006162130993, 'precision_weighted': 0.8462118856619728, 'recall_macro': 0.7487312981983069, 'recall_micro': 0.8447006162130993, 'recall_weighted': 0.8447006162130993}
Validation statistic: Loss: 0.3814, dev_score: {'accuracy': 0.8440132396980788, 'balanced_accuracy': 0.7556215805926246, 'f1_macro': 0.7591449249330103, 'f1_micro': 0.8440132396980788, 'f1_weighted': 0.8441379143935076, 'precision_macro': 0.7697655857844433, 'precision_micro': 0.8440132396980788, 'precision_weighted': 0.8464328271857817, 'recall_macro': 0.7556215805926246, 'recall_micro': 0.8440132396980788, 'recall_weighted': 0.8440132396980788}
Saving model...
Model saved!
-------------------------------------------
-----------------------
Epoch 80/100
Training statistic: Loss: 0.3923, train_score: {'accuracy': 0.8411773042020749, 'balanced_accuracy': 0.7316148924663473, 'f1_macro': 0.7510361498361194, 'f1_micro': 0.8411773042020749, 'f1_weighted': 0.8406660363639884, 'precision_macro': 0.7839758831165478, 'precision_micro': 0.8411773042020749, 'precision_weighted': 0.8433327802283296, 'recall_macro': 0.7316148924663473, 'recall_micro': 0.8411773042020749, 'recall_weighted': 0.8411773042020749}
Validation statistic: Loss: 0.3865, dev_score: {'accuracy': 0.8423670338522968, 'balanced_accuracy': 0.7387500294585226, 'f1_macro': 0.7478020154072904, 'f1_micro': 0.8423670338522968, 'f1_weighted': 0.8423779247606452, 'precision_macro': 0.7687204379146715, 'precision_micro': 0.8423670338522968, 'precision_weighted': 0.8452937391820055, 'recall_macro': 0.7387500294585226, 'recall_micro': 0.8423670338522968, 'recall_weighted': 0.8423670338522968}
-----------------------
Epoch 81/100
Training statistic: Loss: 0.3849, train_score: {'accuracy': 0.8427459354857626, 'balanced_accuracy': 0.7254055294753468, 'f1_macro': 0.7489141127558653, 'f1_micro': 0.8427459354857626, 'f1_weighted': 0.8420198368080638, 'precision_macro': 0.7899878934776837, 'precision_micro': 0.8427459354857626, 'precision_weighted': 0.8442913053016259, 'recall_macro': 0.7254055294753468, 'recall_micro': 0.8427459354857626, 'recall_weighted': 0.8427459354857626}
Validation statistic: Loss: 0.3808, dev_score: {'accuracy': 0.8429274443529886, 'balanced_accuracy': 0.7347104103461438, 'f1_macro': 0.7511581975211892, 'f1_micro': 0.8429274443529886, 'f1_weighted': 0.8427656935965142, 'precision_macro': 0.7809114993951308, 'precision_micro': 0.8429274443529886, 'precision_weighted': 0.8450057548473932, 'recall_macro': 0.7347104103461438, 'recall_micro': 0.8429274443529886, 'recall_weighted': 0.8429274443529886}
Saving model...
Model saved!
-------------------------------------------
-----------------------
Epoch 82/100
Training statistic: Loss: 0.3850, train_score: {'accuracy': 0.8442656997512669, 'balanced_accuracy': 0.7333266996097402, 'f1_macro': 0.753367150804148, 'f1_micro': 0.8442656997512669, 'f1_weighted': 0.8438065311725321, 'precision_macro': 0.7878746543554976, 'precision_micro': 0.8442656997512669, 'precision_weighted': 0.8463503028435092, 'recall_macro': 0.7333266996097402, 'recall_micro': 0.8442656997512669, 'recall_weighted': 0.8442656997512669}
Validation statistic: Loss: 0.3787, dev_score: {'accuracy': 0.8457995481690338, 'balanced_accuracy': 0.7449436431620658, 'f1_macro': 0.7550187898606919, 'f1_micro': 0.8457995481690338, 'f1_weighted': 0.8459930157556497, 'precision_macro': 0.7775331647401341, 'precision_micro': 0.8457995481690338, 'precision_weighted': 0.8488639887843278, 'recall_macro': 0.7449436431620658, 'recall_micro': 0.8457995481690338, 'recall_weighted': 0.8457995481690338}
Saving model...
Model saved!
-------------------------------------------
-----------------------
Epoch 83/100
Training statistic: Loss: 0.3927, train_score: {'accuracy': 0.8405387751644783, 'balanced_accuracy': 0.7317772525377898, 'f1_macro': 0.7518263997653929, 'f1_micro': 0.8405387751644783, 'f1_weighted': 0.8393579181165486, 'precision_macro': 0.7885533756247439, 'precision_micro': 0.8405387751644783, 'precision_weighted': 0.843458635901325, 'recall_macro': 0.7317772525377898, 'recall_micro': 0.8405387751644783, 'recall_weighted': 0.8405387751644783}
Validation statistic: Loss: 0.3882, dev_score: {'accuracy': 0.8398276737710373, 'balanced_accuracy': 0.7370852413011276, 'f1_macro': 0.7467518426031926, 'f1_micro': 0.8398276737710373, 'f1_weighted': 0.8390579903200723, 'precision_macro': 0.7736973767020483, 'precision_micro': 0.8398276737710373, 'precision_weighted': 0.8436210617100993, 'recall_macro': 0.7370852413011276, 'recall_micro': 0.8398276737710373, 'recall_weighted': 0.8398276737710373}
-----------------------
Epoch 84/100
Training statistic: Loss: 0.3856, train_score: {'accuracy': 0.842307761222718, 'balanced_accuracy': 0.7173446868132107, 'f1_macro': 0.7445881452632256, 'f1_micro': 0.842307761222718, 'f1_weighted': 0.8406860286992329, 'precision_macro': 0.8012197591646494, 'precision_micro': 0.842307761222718, 'precision_weighted': 0.8442198158500137, 'recall_macro': 0.7173446868132107, 'recall_micro': 0.842307761222718, 'recall_weighted': 0.842307761222718}
Validation statistic: Loss: 0.3799, dev_score: {'accuracy': 0.8428223673841089, 'balanced_accuracy': 0.7175266232185683, 'f1_macro': 0.740316051244405, 'f1_micro': 0.8428223673841089, 'f1_weighted': 0.8417201943423439, 'precision_macro': 0.7921115929737986, 'precision_micro': 0.8428223673841089, 'precision_weighted': 0.845419224914741, 'recall_macro': 0.7175266232185683, 'recall_micro': 0.8428223673841089, 'recall_weighted': 0.8428223673841089}
-----------------------
Epoch 85/100
Training statistic: Loss: 0.3838, train_score: {'accuracy': 0.842293101117263, 'balanced_accuracy': 0.7426730471605657, 'f1_macro': 0.7563516263334594, 'f1_micro': 0.842293101117263, 'f1_weighted': 0.8420894986940982, 'precision_macro': 0.7837460158763163, 'precision_micro': 0.842293101117263, 'precision_weighted': 0.8454255891377064, 'recall_macro': 0.7426730471605657, 'recall_micro': 0.842293101117263, 'recall_weighted': 0.842293101117263}
Validation statistic: Loss: 0.3790, dev_score: {'accuracy': 0.8426997775870826, 'balanced_accuracy': 0.7518914703464032, 'f1_macro': 0.7574559157806539, 'f1_micro': 0.8426997775870826, 'f1_weighted': 0.8429614367131654, 'precision_macro': 0.7774133066888754, 'precision_micro': 0.8426997775870826, 'precision_weighted': 0.846749664563248, 'recall_macro': 0.7518914703464032, 'recall_micro': 0.8426997775870826, 'recall_weighted': 0.8426997775870826}
-----------------------
Epoch 86/100
Training statistic: Loss: 0.3826, train_score: {'accuracy': 0.8436499753221558, 'balanced_accuracy': 0.7349395832921257, 'f1_macro': 0.7578835295368702, 'f1_micro': 0.8436499753221558, 'f1_weighted': 0.84290449879346, 'precision_macro': 0.795083934424843, 'precision_micro': 0.8436499753221558, 'precision_weighted': 0.8455159419121223, 'recall_macro': 0.7349395832921257, 'recall_micro': 0.8436499753221558, 'recall_weighted': 0.8436499753221558}
Validation statistic: Loss: 0.3773, dev_score: {'accuracy': 0.8447487784802368, 'balanced_accuracy': 0.746089170943829, 'f1_macro': 0.7591366399270825, 'f1_micro': 0.8447487784802368, 'f1_weighted': 0.8445673257768923, 'precision_macro': 0.7832447746509242, 'precision_micro': 0.8447487784802368, 'precision_weighted': 0.8472396173992339, 'recall_macro': 0.746089170943829, 'recall_micro': 0.8447487784802368, 'recall_weighted': 0.8447487784802368}
Saving model...
Model saved!
-------------------------------------------
-----------------------
Epoch 87/100
Training statistic: Loss: 0.3799, train_score: {'accuracy': 0.8459467251767765, 'balanced_accuracy': 0.7467877981050962, 'f1_macro': 0.7614019008890399, 'f1_micro': 0.8459467251767765, 'f1_weighted': 0.8456767933946655, 'precision_macro': 0.7869439383642007, 'precision_micro': 0.8459467251767765, 'precision_weighted': 0.848175005602611, 'recall_macro': 0.7467877981050962, 'recall_micro': 0.8459467251767765, 'recall_weighted': 0.8459467251767765}
Validation statistic: Loss: 0.3721, dev_score: {'accuracy': 0.8472706257333497, 'balanced_accuracy': 0.7511156174817578, 'f1_macro': 0.7584587753359087, 'f1_micro': 0.8472706257333497, 'f1_weighted': 0.8473721280529198, 'precision_macro': 0.7772943582559889, 'precision_micro': 0.8472706257333497, 'precision_weighted': 0.8503101725653865, 'recall_macro': 0.7511156174817578, 'recall_micro': 0.8472706257333497, 'recall_weighted': 0.8472706257333497}
Saving model...
Model saved!
-------------------------------------------
-----------------------
Epoch 88/100
Training statistic: Loss: 0.3792, train_score: {'accuracy': 0.8485888019598932, 'balanced_accuracy': 0.752984370720507, 'f1_macro': 0.7676591643898908, 'f1_micro': 0.8485888019598932, 'f1_weighted': 0.8483183849192788, 'precision_macro': 0.7917727495860584, 'precision_micro': 0.8485888019598932, 'precision_weighted': 0.8502222509769229, 'recall_macro': 0.752984370720507, 'recall_micro': 0.8485888019598932, 'recall_weighted': 0.8485888019598932}
Validation statistic: Loss: 0.3740, dev_score: {'accuracy': 0.8492495753139174, 'balanced_accuracy': 0.7628971188621708, 'f1_macro': 0.767225316133769, 'f1_micro': 0.8492495753139174, 'f1_weighted': 0.8495761857433443, 'precision_macro': 0.7798574805571648, 'precision_micro': 0.8492495753139174, 'precision_weighted': 0.8519347073825422, 'recall_macro': 0.7628971188621708, 'recall_micro': 0.8492495753139174, 'recall_weighted': 0.8492495753139174}
-----------------------
Epoch 89/100
Training statistic: Loss: 0.3840, train_score: {'accuracy': 0.8471537405259069, 'balanced_accuracy': 0.7237928191124139, 'f1_macro': 0.7506888237278698, 'f1_micro': 0.8471537405259069, 'f1_weighted': 0.845931445428576, 'precision_macro': 0.7955979375787215, 'precision_micro': 0.8471537405259069, 'precision_weighted': 0.8486478447542037, 'recall_macro': 0.7237928191124139, 'recall_micro': 0.8471537405259069, 'recall_weighted': 0.8471537405259069}
Validation statistic: Loss: 0.3774, dev_score: {'accuracy': 0.8476208822962821, 'balanced_accuracy': 0.7271003955045023, 'f1_macro': 0.7470090288582655, 'f1_micro': 0.8476208822962821, 'f1_weighted': 0.8470859902873882, 'precision_macro': 0.7813308632529322, 'precision_micro': 0.8476208822962821, 'precision_weighted': 0.8498536592830581, 'recall_macro': 0.7271003955045023, 'recall_micro': 0.8476208822962821, 'recall_weighted': 0.8476208822962821}
-----------------------
Epoch 90/100
Training statistic: Loss: 0.3767, train_score: {'accuracy': 0.8484536032095857, 'balanced_accuracy': 0.7338114249487252, 'f1_macro': 0.7565792166523064, 'f1_micro': 0.8484536032095857, 'f1_weighted': 0.8478591071776699, 'precision_macro': 0.7981679131776369, 'precision_micro': 0.8484536032095857, 'precision_weighted': 0.8507597007758874, 'recall_macro': 0.7338114249487252, 'recall_micro': 0.8484536032095857, 'recall_weighted': 0.8484536032095857}
Validation statistic: Loss: 0.3697, dev_score: {'accuracy': 0.8503003450027145, 'balanced_accuracy': 0.745052007011271, 'f1_macro': 0.7584659906687837, 'f1_micro': 0.8503003450027145, 'f1_weighted': 0.8503310223705632, 'precision_macro': 0.7863911379877919, 'precision_micro': 0.8503003450027145, 'precision_weighted': 0.8532938740368117, 'recall_macro': 0.745052007011271, 'recall_micro': 0.8503003450027145, 'recall_weighted': 0.8503003450027145}
Saving model...
Model saved!
-------------------------------------------
-----------------------
Epoch 91/100
Training statistic: Loss: 0.3776, train_score: {'accuracy': 0.8465429027986141, 'balanced_accuracy': 0.7197745984647658, 'f1_macro': 0.7504200350621183, 'f1_micro': 0.8465429027986141, 'f1_weighted': 0.8452688247884377, 'precision_macro': 0.8019645777350309, 'precision_micro': 0.8465429027986141, 'precision_weighted': 0.8483368602368841, 'recall_macro': 0.7197745984647658, 'recall_micro': 0.8465429027986141, 'recall_weighted': 0.8465429027986141}
Validation statistic: Loss: 0.3702, dev_score: {'accuracy': 0.8479536260310677, 'balanced_accuracy': 0.7284939105661865, 'f1_macro': 0.7532308082156456, 'f1_micro': 0.8479536260310677, 'f1_weighted': 0.8471565398789616, 'precision_macro': 0.7950191769035957, 'precision_micro': 0.8479536260310677, 'precision_weighted': 0.8501943987628097, 'recall_macro': 0.7284939105661865, 'recall_micro': 0.8479536260310677, 'recall_weighted': 0.8479536260310677}
-----------------------
Epoch 92/100
Training statistic: Loss: 0.3728, train_score: {'accuracy': 0.8470722954956011, 'balanced_accuracy': 0.752331485290257, 'f1_macro': 0.7637202834191685, 'f1_micro': 0.8470722954956011, 'f1_weighted': 0.8470022846066776, 'precision_macro': 0.7822508259600794, 'precision_micro': 0.8470722954956011, 'precision_weighted': 0.8488029753151957, 'recall_macro': 0.752331485290257, 'recall_micro': 0.8470722954956011, 'recall_weighted': 0.8470722954956011}
Validation statistic: Loss: 0.3678, dev_score: {'accuracy': 0.8486016006724926, 'balanced_accuracy': 0.7643563517827856, 'f1_macro': 0.7652579827388138, 'f1_micro': 0.8486016006724926, 'f1_weighted': 0.8489960281776858, 'precision_macro': 0.7730042023978007, 'precision_micro': 0.8486016006724926, 'precision_weighted': 0.8512845700138849, 'recall_macro': 0.7643563517827856, 'recall_micro': 0.8486016006724926, 'recall_weighted': 0.8486016006724926}
Saving model...
Model saved!
-------------------------------------------
-----------------------
Epoch 93/100
Training statistic: Loss: 0.3738, train_score: {'accuracy': 0.8501460309393382, 'balanced_accuracy': 0.7168487140570784, 'f1_macro': 0.7472748170414267, 'f1_micro': 0.8501460309393382, 'f1_weighted': 0.8493187735852528, 'precision_macro': 0.8036930891359805, 'precision_micro': 0.8501460309393382, 'precision_weighted': 0.8526914840405289, 'recall_macro': 0.7168487140570784, 'recall_micro': 0.8501460309393382, 'recall_weighted': 0.8501460309393382}
Validation statistic: Loss: 0.3670, dev_score: {'accuracy': 0.851561268629271, 'balanced_accuracy': 0.7163239121210773, 'f1_macro': 0.7415210900219421, 'f1_micro': 0.851561268629271, 'f1_weighted': 0.8513031146900977, 'precision_macro': 0.7898431593968455, 'precision_micro': 0.851561268629271, 'precision_weighted': 0.854673146426199, 'recall_macro': 0.7163239121210773, 'recall_micro': 0.851561268629271, 'recall_weighted': 0.851561268629271}
Saving model...
Model saved!
-------------------------------------------
-----------------------
Epoch 94/100
Training statistic: Loss: 0.3753, train_score: {'accuracy': 0.8512830035624056, 'balanced_accuracy': 0.7324288704148368, 'f1_macro': 0.7603159607332364, 'f1_micro': 0.8512830035624056, 'f1_weighted': 0.8504194958152093, 'precision_macro': 0.8084035371985061, 'precision_micro': 0.8512830035624056, 'precision_weighted': 0.8528660119220832, 'recall_macro': 0.7324288704148368, 'recall_micro': 0.8512830035624056, 'recall_weighted': 0.8512830035624056}
Validation statistic: Loss: 0.3678, dev_score: {'accuracy': 0.8525244741773349, 'balanced_accuracy': 0.7391609011039542, 'f1_macro': 0.762119652824378, 'f1_micro': 0.8525244741773349, 'f1_weighted': 0.8522702648626864, 'precision_macro': 0.8024364570299262, 'precision_micro': 0.8525244741773349, 'precision_weighted': 0.8549017444900703, 'recall_macro': 0.7391609011039542, 'recall_micro': 0.8525244741773349, 'recall_weighted': 0.8525244741773349}
-----------------------
Epoch 95/100
Training statistic: Loss: 0.3681, train_score: {'accuracy': 0.8527245805988164, 'balanced_accuracy': 0.7546068372874923, 'f1_macro': 0.7711692781400685, 'f1_micro': 0.8527245805988164, 'f1_weighted': 0.8525430862770595, 'precision_macro': 0.7975284505060308, 'precision_micro': 0.8527245805988164, 'precision_weighted': 0.8545026632490593, 'recall_macro': 0.7546068372874923, 'recall_micro': 0.8527245805988164, 'recall_weighted': 0.8527245805988164}
Validation statistic: Loss: 0.3623, dev_score: {'accuracy': 0.8536452951787185, 'balanced_accuracy': 0.7657621052190917, 'f1_macro': 0.7730515897196596, 'f1_micro': 0.8536452951787185, 'f1_weighted': 0.8539687579578586, 'precision_macro': 0.7884765550904851, 'precision_micro': 0.8536452951787185, 'precision_weighted': 0.8562636839532232, 'recall_macro': 0.7657621052190917, 'recall_micro': 0.8536452951787185, 'recall_weighted': 0.8536452951787185}
Saving model...
Model saved!
-------------------------------------------
-----------------------
Epoch 96/100
Training statistic: Loss: 0.3770, train_score: {'accuracy': 0.850001058785394, 'balanced_accuracy': 0.7632023073124967, 'f1_macro': 0.7694090723232614, 'f1_micro': 0.850001058785394, 'f1_weighted': 0.850614989871111, 'precision_macro': 0.7835243864852758, 'precision_micro': 0.850001058785394, 'precision_weighted': 0.8529594860346644, 'recall_macro': 0.7632023073124967, 'recall_micro': 0.850001058785394, 'recall_weighted': 0.850001058785394}
Validation statistic: Loss: 0.3711, dev_score: {'accuracy': 0.8498450114709024, 'balanced_accuracy': 0.7719425697671666, 'f1_macro': 0.768115079152521, 'f1_micro': 0.8498450114709024, 'f1_weighted': 0.8508478921431869, 'precision_macro': 0.7727786778429785, 'precision_micro': 0.8498450114709024, 'precision_weighted': 0.8537770838176459, 'recall_macro': 0.7719425697671666, 'recall_micro': 0.8498450114709024, 'recall_weighted': 0.8498450114709024}
-----------------------
Epoch 97/100
Training statistic: Loss: 0.3745, train_score: {'accuracy': 0.8488412815538409, 'balanced_accuracy': 0.7507087225092152, 'f1_macro': 0.7638120289554685, 'f1_micro': 0.8488412815538409, 'f1_weighted': 0.8488409824555099, 'precision_macro': 0.7862718593475985, 'precision_micro': 0.8488412815538409, 'precision_weighted': 0.8513153254717046, 'recall_macro': 0.7507087225092152, 'recall_micro': 0.8488412815538409, 'recall_weighted': 0.8488412815538409}
Validation statistic: Loss: 0.3687, dev_score: {'accuracy': 0.8490394213761581, 'balanced_accuracy': 0.7587173904935975, 'f1_macro': 0.760982024420893, 'f1_micro': 0.8490394213761581, 'f1_weighted': 0.8495639161802809, 'precision_macro': 0.7736656727213929, 'precision_micro': 0.8490394213761581, 'precision_weighted': 0.8529119361454982, 'recall_macro': 0.7587173904935975, 'recall_micro': 0.8490394213761581, 'recall_weighted': 0.8490394213761581}
-----------------------
Epoch 98/100
Training statistic: Loss: 0.3712, train_score: {'accuracy': 0.8487826411320207, 'balanced_accuracy': 0.7399528364102353, 'f1_macro': 0.7591389582001604, 'f1_micro': 0.8487826411320207, 'f1_weighted': 0.848452926454049, 'precision_macro': 0.793265914020851, 'precision_micro': 0.8487826411320207, 'precision_weighted': 0.8513302353910326, 'recall_macro': 0.7399528364102353, 'recall_micro': 0.8487826411320207, 'recall_weighted': 0.8487826411320207}
Validation statistic: Loss: 0.3629, dev_score: {'accuracy': 0.8513511146915115, 'balanced_accuracy': 0.7544085912287203, 'f1_macro': 0.7628906953694469, 'f1_micro': 0.8513511146915115, 'f1_weighted': 0.8515506083317814, 'precision_macro': 0.7847808041941507, 'precision_micro': 0.8513511146915115, 'precision_weighted': 0.8549658427533098, 'recall_macro': 0.7544085912287203, 'recall_micro': 0.8513511146915115, 'recall_weighted': 0.8513511146915115}
-----------------------
Epoch 99/100
Training statistic: Loss: 0.3704, train_score: {'accuracy': 0.849587318031441, 'balanced_accuracy': 0.7342396192094246, 'f1_macro': 0.7560693921798167, 'f1_micro': 0.849587318031441, 'f1_weighted': 0.8488827026207201, 'precision_macro': 0.7990997874550668, 'precision_micro': 0.849587318031441, 'precision_weighted': 0.8518698199617006, 'recall_macro': 0.7342396192094246, 'recall_micro': 0.849587318031441, 'recall_weighted': 0.849587318031441}
Validation statistic: Loss: 0.3655, dev_score: {'accuracy': 0.8498800371271956, 'balanced_accuracy': 0.7378978146958609, 'f1_macro': 0.7544625666373717, 'f1_micro': 0.8498800371271956, 'f1_weighted': 0.8497450821170709, 'precision_macro': 0.789714340701335, 'precision_micro': 0.8498800371271956, 'precision_weighted': 0.8528932628100835, 'recall_macro': 0.7378978146958609, 'recall_micro': 0.8498800371271956, 'recall_weighted': 0.8498800371271956}
-----------------------
Epoch 100/100
Training statistic: Loss: 0.3706, train_score: {'accuracy': 0.8501965268581276, 'balanced_accuracy': 0.722930158228097, 'f1_macro': 0.7524020491867992, 'f1_micro': 0.8501965268581276, 'f1_weighted': 0.8488511383628928, 'precision_macro': 0.8010216903026998, 'precision_micro': 0.8501965268581276, 'precision_weighted': 0.8517657049328212, 'recall_macro': 0.722930158228097, 'recall_micro': 0.8501965268581276, 'recall_weighted': 0.8501965268581276}
Validation statistic: Loss: 0.3629, dev_score: {'accuracy': 0.8509132939878461, 'balanced_accuracy': 0.7286731879045122, 'f1_macro': 0.7523295445606578, 'f1_micro': 0.8509132939878461, 'f1_weighted': 0.8502329580076694, 'precision_macro': 0.7926034933728466, 'precision_micro': 0.8509132939878461, 'precision_weighted': 0.8533670162962846, 'recall_macro': 0.7286731879045122, 'recall_micro': 0.8509132939878461, 'recall_weighted': 0.8509132939878461}
Testing statistic: loss: 0.355732452249527, scores: {'accuracy': 0.8555, 'balanced_accuracy': 0.7449810122951401, 'f1_macro': 0.7542830219273294, 'f1_micro': 0.8555, 'f1_weighted': 0.8556562566880659, 'precision_macro': 0.7710512810790922, 'precision_micro': 0.8555, 'precision_weighted': 0.8580424356875135, 'recall_macro': 0.7449810122951401, 'recall_micro': 0.8555, 'recall_weighted': 0.8555}
Finish training!
