=====Setting up data=====
Dataset name:covertype
train_option:mix
augment_option:compare_dnn
mix_ratio:-1
n_sample:-1
Training dataset size: 614016 samples
Validation dataset size: 57216 samples

=====Setting up parameters for training=====
num_epochs: 100
learning_rate: 0.001
patience: 30
early_stop_criterion: loss
=====Setting up trainer=====
input_size: 98
model: DNN_Covertype
----------------------------------------------------------------
        Layer (type)               Output Shape         Param #
================================================================
            Linear-1                  [-1, 150]          14,850
              ReLU-2                  [-1, 150]               0
           Dropout-3                  [-1, 150]               0
            Linear-4                  [-1, 250]          37,750
              ReLU-5                  [-1, 250]               0
           Dropout-6                  [-1, 250]               0
            Linear-7                  [-1, 300]          75,300
              ReLU-8                  [-1, 300]               0
           Dropout-9                  [-1, 300]               0
           Linear-10                  [-1, 250]          75,250
             ReLU-11                  [-1, 250]               0
          Dropout-12                  [-1, 250]               0
           Linear-13                  [-1, 150]          37,650
             ReLU-14                  [-1, 150]               0
          Dropout-15                  [-1, 150]               0
           Linear-16                    [-1, 7]           1,057
================================================================
Total params: 241,857
Trainable params: 241,857
Non-trainable params: 0
----------------------------------------------------------------
Input size (MB): 0.00
Forward/backward pass size (MB): 0.03
Params size (MB): 0.92
Estimated Total Size (MB): 0.95
----------------------------------------------------------------
=====Setting up output files=====
weight_dir, weight_file: /home/thuy/Research/minh_data_synth/TabularDA/output/corrected_v2/covertype/weight/, covertype_seed43_ctgan_full_dnn_mix.weights.pth
acc_dir, acc_file: /home/thuy/Research/minh_data_synth/TabularDA/output/corrected_v2/covertype/acc/, covertype_seed43_ctgan_full_dnn_mix.epochs.csv
report_file: covertype_seed43_ctgan_full_dnn_mix.report.txt
==========================================================================================
Start training...
-----------------------
Epoch 1/100
Training statistic: Loss: 0.6445, train_score: {'accuracy': 0.7206011946357045, 'balanced_accuracy': 0.5095288098423106, 'f1_macro': 0.503261088286799, 'f1_micro': 0.7206011946357045, 'f1_weighted': 0.708603972656829, 'precision_macro': 0.6194715536739557, 'precision_micro': 0.7206011946357045, 'precision_weighted': 0.7169421248378464, 'recall_macro': 0.5095288098423106, 'recall_micro': 0.7206011946357045, 'recall_weighted': 0.7206011946357045}
Validation statistic: Loss: 0.6386, dev_score: {'accuracy': 0.721931314688009, 'balanced_accuracy': 0.4884317165151539, 'f1_macro': 0.4678264053191001, 'f1_micro': 0.721931314688009, 'f1_weighted': 0.7102479586706044, 'precision_macro': 0.5647050678010831, 'precision_micro': 0.721931314688009, 'precision_weighted': 0.717945980797046, 'recall_macro': 0.4884317165151539, 'recall_micro': 0.721931314688009, 'recall_weighted': 0.721931314688009}
Saving model...
Model saved!
-------------------------------------------
-----------------------
Epoch 2/100
Training statistic: Loss: 0.6123, train_score: {'accuracy': 0.7364764599428908, 'balanced_accuracy': 0.5177972283206341, 'f1_macro': 0.5168050977825189, 'f1_micro': 0.7364764599428908, 'f1_weighted': 0.7223290287501989, 'precision_macro': 0.6319613416963656, 'precision_micro': 0.7364764599428908, 'precision_weighted': 0.7321725601775226, 'recall_macro': 0.5177972283206341, 'recall_micro': 0.7364764599428908, 'recall_weighted': 0.7364764599428908}
Validation statistic: Loss: 0.6077, dev_score: {'accuracy': 0.7358540130645698, 'balanced_accuracy': 0.49577282968182546, 'f1_macro': 0.4854138710694925, 'f1_micro': 0.7358540130645698, 'f1_weighted': 0.7222769824068553, 'precision_macro': 0.5962888632756042, 'precision_micro': 0.7358540130645698, 'precision_weighted': 0.7317520960663901, 'recall_macro': 0.49577282968182546, 'recall_micro': 0.7358540130645698, 'recall_weighted': 0.7358540130645698}
Saving model...
Model saved!
-------------------------------------------
-----------------------
Epoch 3/100
Training statistic: Loss: 0.5933, train_score: {'accuracy': 0.7449288251880158, 'balanced_accuracy': 0.5006283451738309, 'f1_macro': 0.5082098535984364, 'f1_micro': 0.7449288251880158, 'f1_weighted': 0.7297240699993364, 'precision_macro': 0.6483921492182931, 'precision_micro': 0.7449288251880158, 'precision_weighted': 0.7399523645475112, 'recall_macro': 0.5006283451738309, 'recall_micro': 0.7449288251880158, 'recall_weighted': 0.7449288251880158}
Validation statistic: Loss: 0.5877, dev_score: {'accuracy': 0.7442426577467995, 'balanced_accuracy': 0.47411052969518813, 'f1_macro': 0.4709753404198977, 'f1_micro': 0.7442426577467995, 'f1_weighted': 0.7294383653983345, 'precision_macro': 0.5969123700164103, 'precision_micro': 0.7442426577467995, 'precision_weighted': 0.7374787475991819, 'recall_macro': 0.47411052969518813, 'recall_micro': 0.7442426577467995, 'recall_weighted': 0.7442426577467995}
Saving model...
Model saved!
-------------------------------------------
-----------------------
Epoch 4/100
Training statistic: Loss: 0.5931, train_score: {'accuracy': 0.7496444924427157, 'balanced_accuracy': 0.5293910842985563, 'f1_macro': 0.5425968993261672, 'f1_micro': 0.7496444924427157, 'f1_weighted': 0.736504182998683, 'precision_macro': 0.6763381497067674, 'precision_micro': 0.7496444924427157, 'precision_weighted': 0.747298403249984, 'recall_macro': 0.5293910842985563, 'recall_micro': 0.7496444924427157, 'recall_weighted': 0.7496444924427157}
Validation statistic: Loss: 0.5923, dev_score: {'accuracy': 0.7487784802367734, 'balanced_accuracy': 0.49873910354792433, 'f1_macro': 0.5047038012172619, 'f1_micro': 0.7487784802367734, 'f1_weighted': 0.7358641259110247, 'precision_macro': 0.6365511981541596, 'precision_micro': 0.7487784802367734, 'precision_weighted': 0.7449225846109332, 'recall_macro': 0.49873910354792433, 'recall_micro': 0.7487784802367734, 'recall_weighted': 0.7487784802367734}
-----------------------
Epoch 5/100
Training statistic: Loss: 0.5895, train_score: {'accuracy': 0.7497715466899926, 'balanced_accuracy': 0.5203123362019658, 'f1_macro': 0.5320663884710496, 'f1_micro': 0.7497715466899926, 'f1_weighted': 0.7372525089208698, 'precision_macro': 0.6452539596910984, 'precision_micro': 0.7497715466899926, 'precision_weighted': 0.7446705257520668, 'recall_macro': 0.5203123362019658, 'recall_micro': 0.7497715466899926, 'recall_weighted': 0.7497715466899926}
Validation statistic: Loss: 0.5876, dev_score: {'accuracy': 0.750126968004063, 'balanced_accuracy': 0.4920216711043465, 'f1_macro': 0.49550761854460446, 'f1_micro': 0.750126968004063, 'f1_weighted': 0.737932941582636, 'precision_macro': 0.5965081998144857, 'precision_micro': 0.750126968004063, 'precision_weighted': 0.7428467935455734, 'recall_macro': 0.4920216711043465, 'recall_micro': 0.750126968004063, 'recall_weighted': 0.750126968004063}
Saving model...
Model saved!
-------------------------------------------
-----------------------
Epoch 6/100
Training statistic: Loss: 0.5731, train_score: {'accuracy': 0.7543585307968093, 'balanced_accuracy': 0.505358786794441, 'f1_macro': 0.5078243222567999, 'f1_micro': 0.7543585307968093, 'f1_weighted': 0.7419056824198862, 'precision_macro': 0.6156164665881921, 'precision_micro': 0.7543585307968093, 'precision_weighted': 0.7468166362211147, 'recall_macro': 0.505358786794441, 'recall_micro': 0.7543585307968093, 'recall_weighted': 0.7543585307968093}
Validation statistic: Loss: 0.5678, dev_score: {'accuracy': 0.7548729444317963, 'balanced_accuracy': 0.4909282833221524, 'f1_macro': 0.4863357050895936, 'f1_micro': 0.7548729444317963, 'f1_weighted': 0.7427245875721621, 'precision_macro': 0.5657291922561861, 'precision_micro': 0.7548729444317963, 'precision_weighted': 0.7472892941576588, 'recall_macro': 0.4909282833221524, 'recall_micro': 0.7548729444317963, 'recall_weighted': 0.7548729444317963}
Saving model...
Model saved!
-------------------------------------------
-----------------------
Epoch 7/100
Training statistic: Loss: 0.5762, train_score: {'accuracy': 0.7527214856876648, 'balanced_accuracy': 0.5092010165846224, 'f1_macro': 0.5193243793595756, 'f1_micro': 0.7527214856876648, 'f1_weighted': 0.7388736332735848, 'precision_macro': 0.6563850566935981, 'precision_micro': 0.7527214856876648, 'precision_weighted': 0.7478574928930313, 'recall_macro': 0.5092010165846224, 'recall_micro': 0.7527214856876648, 'recall_weighted': 0.7527214856876648}
Validation statistic: Loss: 0.5765, dev_score: {'accuracy': 0.7526488152571759, 'balanced_accuracy': 0.48188506397188197, 'f1_macro': 0.479362444588784, 'f1_micro': 0.7526488152571759, 'f1_weighted': 0.73912756220096, 'precision_macro': 0.5944115560330424, 'precision_micro': 0.7526488152571759, 'precision_weighted': 0.7452007811381933, 'recall_macro': 0.48188506397188197, 'recall_micro': 0.7526488152571759, 'recall_weighted': 0.7526488152571759}
-----------------------
Epoch 8/100
Training statistic: Loss: 0.5676, train_score: {'accuracy': 0.7571390641314457, 'balanced_accuracy': 0.530984172001255, 'f1_macro': 0.5466297112504365, 'f1_micro': 0.7571390641314457, 'f1_weighted': 0.745105826551778, 'precision_macro': 0.6664154010469419, 'precision_micro': 0.7571390641314457, 'precision_weighted': 0.7522897718673519, 'recall_macro': 0.530984172001255, 'recall_micro': 0.7571390641314457, 'recall_weighted': 0.7571390641314457}
Validation statistic: Loss: 0.5615, dev_score: {'accuracy': 0.7572021505752964, 'balanced_accuracy': 0.507421491634996, 'f1_macro': 0.5146645736272623, 'f1_micro': 0.7572021505752964, 'f1_weighted': 0.7456280601182398, 'precision_macro': 0.6301794953156271, 'precision_micro': 0.7572021505752964, 'precision_weighted': 0.7528558664523066, 'recall_macro': 0.507421491634996, 'recall_micro': 0.7572021505752964, 'recall_weighted': 0.7572021505752964}
Saving model...
Model saved!
-------------------------------------------
-----------------------
Epoch 9/100
Training statistic: Loss: 0.5698, train_score: {'accuracy': 0.7549384194125859, 'balanced_accuracy': 0.5399261010420996, 'f1_macro': 0.5525174645918935, 'f1_micro': 0.7549384194125859, 'f1_weighted': 0.7429678245543772, 'precision_macro': 0.6627575915513877, 'precision_micro': 0.7549384194125859, 'precision_weighted': 0.751749734708821, 'recall_macro': 0.5399261010420996, 'recall_micro': 0.7549384194125859, 'recall_weighted': 0.7549384194125859}
Validation statistic: Loss: 0.5652, dev_score: {'accuracy': 0.7548904572599429, 'balanced_accuracy': 0.5163017781509314, 'f1_macro': 0.5217209855532563, 'f1_micro': 0.7548904572599429, 'f1_weighted': 0.7434728515872174, 'precision_macro': 0.6243743996623593, 'precision_micro': 0.7548904572599429, 'precision_weighted': 0.7513725042770499, 'recall_macro': 0.5163017781509314, 'recall_micro': 0.7548904572599429, 'recall_weighted': 0.7548904572599429}
-----------------------
Epoch 10/100
Training statistic: Loss: 0.5527, train_score: {'accuracy': 0.7614361039303743, 'balanced_accuracy': 0.5243901228657115, 'f1_macro': 0.538564183773434, 'f1_micro': 0.7614361039303743, 'f1_weighted': 0.748850566210322, 'precision_macro': 0.6685573684669427, 'precision_micro': 0.7614361039303743, 'precision_weighted': 0.7588592697007884, 'recall_macro': 0.5243901228657115, 'recall_micro': 0.7614361039303743, 'recall_weighted': 0.7614361039303743}
Validation statistic: Loss: 0.5453, dev_score: {'accuracy': 0.7638570252710111, 'balanced_accuracy': 0.5051671839286576, 'f1_macro': 0.5119197885634912, 'f1_micro': 0.7638570252710111, 'f1_weighted': 0.7521373316322827, 'precision_macro': 0.6278713435309784, 'precision_micro': 0.7638570252710111, 'precision_weighted': 0.7609090141773709, 'recall_macro': 0.5051671839286576, 'recall_micro': 0.7638570252710111, 'recall_weighted': 0.7638570252710111}
Saving model...
Model saved!
-------------------------------------------
-----------------------
Epoch 11/100
Training statistic: Loss: 0.5434, train_score: {'accuracy': 0.7664417154929624, 'balanced_accuracy': 0.5319513533240102, 'f1_macro': 0.5491923862550256, 'f1_micro': 0.7664417154929624, 'f1_weighted': 0.7534221610491336, 'precision_macro': 0.6985673729511541, 'precision_micro': 0.7664417154929624, 'precision_weighted': 0.7642539011652187, 'recall_macro': 0.5319513533240102, 'recall_micro': 0.7664417154929624, 'recall_weighted': 0.7664417154929624}
Validation statistic: Loss: 0.5390, dev_score: {'accuracy': 0.7668517188840825, 'balanced_accuracy': 0.5071765666124065, 'f1_macro': 0.5128513020861325, 'f1_micro': 0.7668517188840825, 'f1_weighted': 0.7538015785909704, 'precision_macro': 0.6644233674287946, 'precision_micro': 0.7668517188840825, 'precision_weighted': 0.7642324198603533, 'recall_macro': 0.5071765666124065, 'recall_micro': 0.7668517188840825, 'recall_weighted': 0.7668517188840825}
Saving model...
Model saved!
-------------------------------------------
-----------------------
Epoch 12/100
Training statistic: Loss: 0.5409, train_score: {'accuracy': 0.7650538921765533, 'balanced_accuracy': 0.5563163284374918, 'f1_macro': 0.5765753377180417, 'f1_micro': 0.7650538921765533, 'f1_weighted': 0.7554611804742855, 'precision_macro': 0.6824002431370889, 'precision_micro': 0.7650538921765533, 'precision_weighted': 0.765122958845712, 'recall_macro': 0.5563163284374918, 'recall_micro': 0.7650538921765533, 'recall_weighted': 0.7650538921765533}
Validation statistic: Loss: 0.5368, dev_score: {'accuracy': 0.7645750512250223, 'balanced_accuracy': 0.5325998122833169, 'f1_macro': 0.5452220855166514, 'f1_micro': 0.7645750512250223, 'f1_weighted': 0.7556871961271929, 'precision_macro': 0.6384097852548274, 'precision_micro': 0.7645750512250223, 'precision_weighted': 0.7638179213554268, 'recall_macro': 0.5325998122833169, 'recall_micro': 0.7645750512250223, 'recall_weighted': 0.7645750512250223}
Saving model...
Model saved!
-------------------------------------------
-----------------------
Epoch 13/100
Training statistic: Loss: 0.5303, train_score: {'accuracy': 0.7700953395524759, 'balanced_accuracy': 0.5581695548389202, 'f1_macro': 0.5873805877099951, 'f1_micro': 0.7700953395524759, 'f1_weighted': 0.7616042144250993, 'precision_macro': 0.7123739918323483, 'precision_micro': 0.7700953395524759, 'precision_weighted': 0.7694585063269639, 'recall_macro': 0.5581695548389202, 'recall_micro': 0.7700953395524759, 'recall_weighted': 0.7700953395524759}
Validation statistic: Loss: 0.5270, dev_score: {'accuracy': 0.7692334635120226, 'balanced_accuracy': 0.5360185935419975, 'f1_macro': 0.5577674703418967, 'f1_micro': 0.7692334635120226, 'f1_weighted': 0.7612542666963817, 'precision_macro': 0.6738027764962472, 'precision_micro': 0.7692334635120226, 'precision_weighted': 0.7683047736371257, 'recall_macro': 0.5360185935419975, 'recall_micro': 0.7692334635120226, 'recall_weighted': 0.7692334635120226}
Saving model...
Model saved!
-------------------------------------------
-----------------------
Epoch 14/100
Training statistic: Loss: 0.5241, train_score: {'accuracy': 0.775174251642339, 'balanced_accuracy': 0.5854892546191978, 'f1_macro': 0.6084396337580225, 'f1_micro': 0.775174251642339, 'f1_weighted': 0.7681977565122352, 'precision_macro': 0.6874583626381868, 'precision_micro': 0.775174251642339, 'precision_weighted': 0.7730710917193359, 'recall_macro': 0.5854892546191978, 'recall_micro': 0.775174251642339, 'recall_weighted': 0.775174251642339}
Validation statistic: Loss: 0.5195, dev_score: {'accuracy': 0.7747324915500604, 'balanced_accuracy': 0.5671709496282145, 'f1_macro': 0.5840253034069985, 'f1_micro': 0.7747324915500604, 'f1_weighted': 0.7683846019395522, 'precision_macro': 0.6561536563149283, 'precision_micro': 0.7747324915500604, 'precision_weighted': 0.7729721048157232, 'recall_macro': 0.5671709496282145, 'recall_micro': 0.7747324915500604, 'recall_weighted': 0.7747324915500604}
Saving model...
Model saved!
-------------------------------------------
-----------------------
Epoch 15/100
Training statistic: Loss: 0.5204, train_score: {'accuracy': 0.7775231263163553, 'balanced_accuracy': 0.5764832001135879, 'f1_macro': 0.5944875746308093, 'f1_micro': 0.7775231263163553, 'f1_weighted': 0.768227288636837, 'precision_macro': 0.6904325737392946, 'precision_micro': 0.7775231263163553, 'precision_weighted': 0.7760627080028344, 'recall_macro': 0.5764832001135879, 'recall_micro': 0.7775231263163553, 'recall_weighted': 0.7775231263163553}
Validation statistic: Loss: 0.5137, dev_score: {'accuracy': 0.7767990052713613, 'balanced_accuracy': 0.5539545172078169, 'f1_macro': 0.5673537954336426, 'f1_micro': 0.7767990052713613, 'f1_weighted': 0.7682775666337148, 'precision_macro': 0.6561491532937466, 'precision_micro': 0.7767990052713613, 'precision_weighted': 0.7750382807298729, 'recall_macro': 0.5539545172078169, 'recall_micro': 0.7767990052713613, 'recall_weighted': 0.7767990052713613}
Saving model...
Model saved!
-------------------------------------------
-----------------------
Epoch 16/100
Training statistic: Loss: 0.5118, train_score: {'accuracy': 0.7820905636158987, 'balanced_accuracy': 0.5802277368000556, 'f1_macro': 0.6067440067240206, 'f1_micro': 0.7820905636158987, 'f1_weighted': 0.7747100664705854, 'precision_macro': 0.7157968919539244, 'precision_micro': 0.7820905636158987, 'precision_weighted': 0.7813479247536803, 'recall_macro': 0.5802277368000556, 'recall_micro': 0.7820905636158987, 'recall_weighted': 0.7820905636158987}
Validation statistic: Loss: 0.5053, dev_score: {'accuracy': 0.7824906744190119, 'balanced_accuracy': 0.5633433885453925, 'f1_macro': 0.5828720133424611, 'f1_micro': 0.7824906744190119, 'f1_weighted': 0.7755766374408615, 'precision_macro': 0.6839723383864659, 'precision_micro': 0.7824906744190119, 'precision_weighted': 0.7813984336309684, 'recall_macro': 0.5633433885453925, 'recall_micro': 0.7824906744190119, 'recall_weighted': 0.7824906744190119}
Saving model...
Model saved!
-------------------------------------------
-----------------------
Epoch 17/100
Training statistic: Loss: 0.5030, train_score: {'accuracy': 0.7856643715457127, 'balanced_accuracy': 0.596899625093075, 'f1_macro': 0.6256234456529933, 'f1_micro': 0.7856643715457127, 'f1_weighted': 0.7798355920650658, 'precision_macro': 0.7044940794150953, 'precision_micro': 0.7856643715457127, 'precision_weighted': 0.7851294483809207, 'recall_macro': 0.596899625093075, 'recall_micro': 0.7856643715457127, 'recall_weighted': 0.7856643715457127}
Validation statistic: Loss: 0.4964, dev_score: {'accuracy': 0.7858706502513091, 'balanced_accuracy': 0.5766369391774663, 'f1_macro': 0.5999467587844661, 'f1_micro': 0.7858706502513091, 'f1_weighted': 0.7805335079087822, 'precision_macro': 0.6727590644206752, 'precision_micro': 0.7858706502513091, 'precision_weighted': 0.7854270439736627, 'recall_macro': 0.5766369391774663, 'recall_micro': 0.7858706502513091, 'recall_weighted': 0.7858706502513091}
Saving model...
Model saved!
-------------------------------------------
-----------------------
Epoch 18/100
Training statistic: Loss: 0.4978, train_score: {'accuracy': 0.7879594924997272, 'balanced_accuracy': 0.6015470162908866, 'f1_macro': 0.6279284258370929, 'f1_micro': 0.7879594924997272, 'f1_weighted': 0.7827857692691521, 'precision_macro': 0.714039807039234, 'precision_micro': 0.7879594924997272, 'precision_weighted': 0.7877281683380872, 'recall_macro': 0.6015470162908866, 'recall_micro': 0.7879594924997272, 'recall_weighted': 0.7879594924997272}
Validation statistic: Loss: 0.4906, dev_score: {'accuracy': 0.787201625190452, 'balanced_accuracy': 0.5795643727873777, 'f1_macro': 0.5964783560462182, 'f1_micro': 0.787201625190452, 'f1_weighted': 0.7822059513366221, 'precision_macro': 0.6626102163916002, 'precision_micro': 0.787201625190452, 'precision_weighted': 0.7865743458551571, 'recall_macro': 0.5795643727873777, 'recall_micro': 0.787201625190452, 'recall_weighted': 0.787201625190452}
Saving model...
Model saved!
-------------------------------------------
-----------------------
Epoch 19/100
Training statistic: Loss: 0.4979, train_score: {'accuracy': 0.7905510733640544, 'balanced_accuracy': 0.6083007053175814, 'f1_macro': 0.637546139818479, 'f1_micro': 0.7905510733640544, 'f1_weighted': 0.7859760279529461, 'precision_macro': 0.7095047709983143, 'precision_micro': 0.7905510733640544, 'precision_weighted': 0.789392699845268, 'recall_macro': 0.6083007053175814, 'recall_micro': 0.7905510733640544, 'recall_weighted': 0.7905510733640544}
Validation statistic: Loss: 0.4917, dev_score: {'accuracy': 0.7903189086005499, 'balanced_accuracy': 0.5863211049437137, 'f1_macro': 0.6096864496855104, 'f1_micro': 0.7903189086005499, 'f1_weighted': 0.78638868250992, 'precision_macro': 0.672199581463134, 'precision_micro': 0.7903189086005499, 'precision_weighted': 0.7897566535363517, 'recall_macro': 0.5863211049437137, 'recall_micro': 0.7903189086005499, 'recall_weighted': 0.7903189086005499}
-----------------------
Epoch 20/100
Training statistic: Loss: 0.4945, train_score: {'accuracy': 0.792061064225922, 'balanced_accuracy': 0.6045946436300945, 'f1_macro': 0.6353483429952985, 'f1_micro': 0.792061064225922, 'f1_weighted': 0.7872976284162203, 'precision_macro': 0.7209693602578933, 'precision_micro': 0.792061064225922, 'precision_weighted': 0.7917618467731867, 'recall_macro': 0.6045946436300945, 'recall_micro': 0.792061064225922, 'recall_weighted': 0.792061064225922}
Validation statistic: Loss: 0.4888, dev_score: {'accuracy': 0.7926831404003433, 'balanced_accuracy': 0.5862124603488693, 'f1_macro': 0.6084091535709187, 'f1_micro': 0.7926831404003433, 'f1_weighted': 0.788410096548272, 'precision_macro': 0.6782568197826275, 'precision_micro': 0.7926831404003433, 'precision_weighted': 0.7922069066739651, 'recall_macro': 0.5862124603488693, 'recall_micro': 0.7926831404003433, 'recall_weighted': 0.7926831404003433}
Saving model...
Model saved!
-------------------------------------------
-----------------------
Epoch 21/100
Training statistic: Loss: 0.4854, train_score: {'accuracy': 0.7932224703580812, 'balanced_accuracy': 0.5972857251802457, 'f1_macro': 0.6237886688405492, 'f1_micro': 0.7932224703580812, 'f1_weighted': 0.7862218151712107, 'precision_macro': 0.7282114618756411, 'precision_micro': 0.7932224703580812, 'precision_weighted': 0.7930062970908582, 'recall_macro': 0.5972857251802457, 'recall_micro': 0.7932224703580812, 'recall_weighted': 0.7932224703580812}
Validation statistic: Loss: 0.4791, dev_score: {'accuracy': 0.7950823978564299, 'balanced_accuracy': 0.5839546046276191, 'f1_macro': 0.6046799125351968, 'f1_micro': 0.7950823978564299, 'f1_weighted': 0.7888385036119132, 'precision_macro': 0.7016948795975569, 'precision_micro': 0.7950823978564299, 'precision_weighted': 0.795518653741267, 'recall_macro': 0.5839546046276191, 'recall_micro': 0.7950823978564299, 'recall_weighted': 0.7950823978564299}
Saving model...
Model saved!
-------------------------------------------
-----------------------
Epoch 22/100
Training statistic: Loss: 0.4827, train_score: {'accuracy': 0.7935221880696062, 'balanced_accuracy': 0.5983264112481631, 'f1_macro': 0.6288048494950752, 'f1_micro': 0.7935221880696062, 'f1_weighted': 0.7880953421418058, 'precision_macro': 0.7180226232158012, 'precision_micro': 0.7935221880696062, 'precision_weighted': 0.7929659586740326, 'recall_macro': 0.5983264112481631, 'recall_micro': 0.7935221880696062, 'recall_weighted': 0.7935221880696062}
Validation statistic: Loss: 0.4780, dev_score: {'accuracy': 0.7947846797779373, 'balanced_accuracy': 0.5819282528522288, 'f1_macro': 0.6065179604222992, 'f1_micro': 0.7947846797779373, 'f1_weighted': 0.7900117540108039, 'precision_macro': 0.6834621209890566, 'precision_micro': 0.7947846797779373, 'precision_weighted': 0.7943484734339875, 'recall_macro': 0.5819282528522288, 'recall_micro': 0.7947846797779373, 'recall_weighted': 0.7947846797779373}
Saving model...
Model saved!
-------------------------------------------
-----------------------
Epoch 23/100
Training statistic: Loss: 0.4850, train_score: {'accuracy': 0.7921197046477421, 'balanced_accuracy': 0.5945590542764858, 'f1_macro': 0.6201385715320783, 'f1_micro': 0.7921197046477421, 'f1_weighted': 0.787080613557335, 'precision_macro': 0.7080497065967603, 'precision_micro': 0.7921197046477421, 'precision_weighted': 0.7914934318913024, 'recall_macro': 0.5945590542764858, 'recall_micro': 0.7921197046477421, 'recall_weighted': 0.7921197046477421}
Validation statistic: Loss: 0.4812, dev_score: {'accuracy': 0.7920701914152116, 'balanced_accuracy': 0.5757288296079791, 'f1_macro': 0.5919029781151505, 'f1_micro': 0.7920701914152116, 'f1_weighted': 0.7875868560786756, 'precision_macro': 0.6615299597519538, 'precision_micro': 0.7920701914152116, 'precision_weighted': 0.7910144573740228, 'recall_macro': 0.5757288296079791, 'recall_micro': 0.7920701914152116, 'recall_weighted': 0.7920701914152116}
-----------------------
Epoch 24/100
Training statistic: Loss: 0.4774, train_score: {'accuracy': 0.7996973502673841, 'balanced_accuracy': 0.6220803916819577, 'f1_macro': 0.6519240300649908, 'f1_micro': 0.7996973502673841, 'f1_weighted': 0.7954160066909344, 'precision_macro': 0.7249387143597886, 'precision_micro': 0.7996973502673841, 'precision_weighted': 0.7986423786579984, 'recall_macro': 0.6220803916819577, 'recall_micro': 0.7996973502673841, 'recall_weighted': 0.7996973502673841}
Validation statistic: Loss: 0.4706, dev_score: {'accuracy': 0.8008966568011068, 'balanced_accuracy': 0.6103507852718026, 'f1_macro': 0.6323814821428675, 'f1_micro': 0.8008966568011068, 'f1_weighted': 0.7971495094524708, 'precision_macro': 0.6916336095535421, 'precision_micro': 0.8008966568011068, 'precision_weighted': 0.8000071985364478, 'recall_macro': 0.6103507852718026, 'recall_micro': 0.8008966568011068, 'recall_weighted': 0.8008966568011068}
Saving model...
Model saved!
-------------------------------------------
-----------------------
Epoch 25/100
Training statistic: Loss: 0.4769, train_score: {'accuracy': 0.7991142038503952, 'balanced_accuracy': 0.6168634251520537, 'f1_macro': 0.6458572486913084, 'f1_micro': 0.7991142038503952, 'f1_weighted': 0.7948313168393855, 'precision_macro': 0.7188970738969671, 'precision_micro': 0.7991142038503952, 'precision_weighted': 0.7983175247959334, 'recall_macro': 0.6168634251520537, 'recall_micro': 0.7991142038503952, 'recall_weighted': 0.7991142038503952}
Validation statistic: Loss: 0.4710, dev_score: {'accuracy': 0.7996007075182571, 'balanced_accuracy': 0.6004070923323191, 'f1_macro': 0.6227871086798052, 'f1_micro': 0.7996007075182571, 'f1_weighted': 0.795926702394283, 'precision_macro': 0.6857844981765453, 'precision_micro': 0.7996007075182571, 'precision_weighted': 0.799052726848055, 'recall_macro': 0.6004070923323191, 'recall_micro': 0.7996007075182571, 'recall_weighted': 0.7996007075182571}
-----------------------
Epoch 26/100
Training statistic: Loss: 0.4705, train_score: {'accuracy': 0.79863856487341, 'balanced_accuracy': 0.6085408587711666, 'f1_macro': 0.6395235576977992, 'f1_micro': 0.79863856487341, 'f1_weighted': 0.7929330215332027, 'precision_macro': 0.7325000486934974, 'precision_micro': 0.79863856487341, 'precision_weighted': 0.7981976360339303, 'recall_macro': 0.6085408587711666, 'recall_micro': 0.79863856487341, 'recall_weighted': 0.79863856487341}
Validation statistic: Loss: 0.4641, dev_score: {'accuracy': 0.7994430920649376, 'balanced_accuracy': 0.5877522183740479, 'f1_macro': 0.6134022132311693, 'f1_micro': 0.7994430920649376, 'f1_weighted': 0.794178422233045, 'precision_macro': 0.7001232738078303, 'precision_micro': 0.7994430920649376, 'precision_weighted': 0.7995402640408255, 'recall_macro': 0.5877522183740479, 'recall_micro': 0.7994430920649376, 'recall_weighted': 0.7994430920649376}
Saving model...
Model saved!
-------------------------------------------
-----------------------
Epoch 27/100
Training statistic: Loss: 0.4797, train_score: {'accuracy': 0.800668175028628, 'balanced_accuracy': 0.6132373823152901, 'f1_macro': 0.6421772503025124, 'f1_micro': 0.800668175028628, 'f1_weighted': 0.7955991924879687, 'precision_macro': 0.7218457139657947, 'precision_micro': 0.800668175028628, 'precision_weighted': 0.8006946878292804, 'recall_macro': 0.6132373823152901, 'recall_micro': 0.800668175028628, 'recall_weighted': 0.800668175028628}
Validation statistic: Loss: 0.4752, dev_score: {'accuracy': 0.8008616311448136, 'balanced_accuracy': 0.5917258960203903, 'f1_macro': 0.6143325079173684, 'f1_micro': 0.8008616311448136, 'f1_weighted': 0.7960912912788809, 'precision_macro': 0.6860561419878447, 'precision_micro': 0.8008616311448136, 'precision_weighted': 0.8007758274303499, 'recall_macro': 0.5917258960203903, 'recall_micro': 0.8008616311448136, 'recall_weighted': 0.8008616311448136}
-----------------------
Epoch 28/100
Training statistic: Loss: 0.4663, train_score: {'accuracy': 0.8025153483159612, 'balanced_accuracy': 0.6323280306274084, 'f1_macro': 0.6585872899850039, 'f1_micro': 0.8025153483159612, 'f1_weighted': 0.7989086068521551, 'precision_macro': 0.7240861436004399, 'precision_micro': 0.8025153483159612, 'precision_weighted': 0.8017620135345974, 'recall_macro': 0.6323280306274084, 'recall_micro': 0.8025153483159612, 'recall_weighted': 0.8025153483159612}
Validation statistic: Loss: 0.4603, dev_score: {'accuracy': 0.8036111451638325, 'balanced_accuracy': 0.619477336971384, 'f1_macro': 0.6410148264690031, 'f1_micro': 0.8036111451638325, 'f1_weighted': 0.8006701629563379, 'precision_macro': 0.6993590226312522, 'precision_micro': 0.8036111451638325, 'precision_weighted': 0.803146163905263, 'recall_macro': 0.619477336971384, 'recall_micro': 0.8036111451638325, 'recall_weighted': 0.8036111451638325}
Saving model...
Model saved!
-------------------------------------------
-----------------------
Epoch 29/100
Training statistic: Loss: 0.4599, train_score: {'accuracy': 0.8071430549379307, 'balanced_accuracy': 0.6399215735065711, 'f1_macro': 0.6662466080369525, 'f1_micro': 0.8071430549379307, 'f1_weighted': 0.8039739264902708, 'precision_macro': 0.7288722408057297, 'precision_micro': 0.8071430549379307, 'precision_weighted': 0.8073586308721746, 'recall_macro': 0.6399215735065711, 'recall_micro': 0.8071430549379307, 'recall_weighted': 0.8071430549379307}
Validation statistic: Loss: 0.4546, dev_score: {'accuracy': 0.8090226090611373, 'balanced_accuracy': 0.6236243919548864, 'f1_macro': 0.6443637423110503, 'f1_micro': 0.8090226090611373, 'f1_weighted': 0.8063814282021835, 'precision_macro': 0.696683572810579, 'precision_micro': 0.8090226090611373, 'precision_weighted': 0.8097667089129056, 'recall_macro': 0.6236243919548864, 'recall_micro': 0.8090226090611373, 'recall_weighted': 0.8090226090611373}
Saving model...
Model saved!
-------------------------------------------
-----------------------
Epoch 30/100
Training statistic: Loss: 0.4613, train_score: {'accuracy': 0.808692139414345, 'balanced_accuracy': 0.6328218607847508, 'f1_macro': 0.6649025077801166, 'f1_micro': 0.808692139414345, 'f1_weighted': 0.8053326683952121, 'precision_macro': 0.7431499878752413, 'precision_micro': 0.808692139414345, 'precision_weighted': 0.8085956876530603, 'recall_macro': 0.6328218607847508, 'recall_micro': 0.808692139414345, 'recall_weighted': 0.808692139414345}
Validation statistic: Loss: 0.4547, dev_score: {'accuracy': 0.8099332761247614, 'balanced_accuracy': 0.6185754483517575, 'f1_macro': 0.6447228440440664, 'f1_micro': 0.8099332761247614, 'f1_weighted': 0.8071186868311445, 'precision_macro': 0.7151213538257004, 'precision_micro': 0.8099332761247614, 'precision_weighted': 0.8105327349643017, 'recall_macro': 0.6185754483517575, 'recall_micro': 0.8099332761247614, 'recall_weighted': 0.8099332761247614}
-----------------------
Epoch 31/100
Training statistic: Loss: 0.4596, train_score: {'accuracy': 0.80836310149191, 'balanced_accuracy': 0.6432418705891092, 'f1_macro': 0.6776050172379412, 'f1_micro': 0.80836310149191, 'f1_weighted': 0.8050416270836208, 'precision_macro': 0.7452129999015195, 'precision_micro': 0.80836310149191, 'precision_weighted': 0.8080711368285093, 'recall_macro': 0.6432418705891092, 'recall_micro': 0.80836310149191, 'recall_weighted': 0.80836310149191}
Validation statistic: Loss: 0.4525, dev_score: {'accuracy': 0.8097756606714418, 'balanced_accuracy': 0.6388226268563065, 'f1_macro': 0.6668444611775007, 'f1_micro': 0.8097756606714418, 'f1_weighted': 0.8071444878210268, 'precision_macro': 0.7251796937269105, 'precision_micro': 0.8097756606714418, 'precision_weighted': 0.810392767031272, 'recall_macro': 0.6388226268563065, 'recall_micro': 0.8097756606714418, 'recall_weighted': 0.8097756606714418}
Saving model...
Model saved!
-------------------------------------------
-----------------------
Epoch 32/100
Training statistic: Loss: 0.4506, train_score: {'accuracy': 0.8104008561501586, 'balanced_accuracy': 0.618098547900676, 'f1_macro': 0.6559946235113919, 'f1_micro': 0.8104008561501586, 'f1_weighted': 0.8057110441093088, 'precision_macro': 0.7470021067058583, 'precision_micro': 0.8104008561501586, 'precision_weighted': 0.8100871099531779, 'recall_macro': 0.618098547900676, 'recall_micro': 0.8104008561501586, 'recall_weighted': 0.8104008561501586}
Validation statistic: Loss: 0.4431, dev_score: {'accuracy': 0.8103010455158404, 'balanced_accuracy': 0.6003535928504578, 'f1_macro': 0.6318774381718987, 'f1_micro': 0.8103010455158404, 'f1_weighted': 0.8061003703030825, 'precision_macro': 0.7149209212903803, 'precision_micro': 0.8103010455158404, 'precision_weighted': 0.8104560144457829, 'recall_macro': 0.6003535928504578, 'recall_micro': 0.8103010455158404, 'recall_weighted': 0.8103010455158404}
Saving model...
Model saved!
-------------------------------------------
-----------------------
Epoch 33/100
Training statistic: Loss: 0.4545, train_score: {'accuracy': 0.8117821638641431, 'balanced_accuracy': 0.6323670268784924, 'f1_macro': 0.667345230682124, 'f1_micro': 0.8117821638641431, 'f1_weighted': 0.8082493933502828, 'precision_macro': 0.7506290807126124, 'precision_micro': 0.8117821638641431, 'precision_weighted': 0.8117847527053282, 'recall_macro': 0.6323670268784924, 'recall_micro': 0.8117821638641431, 'recall_weighted': 0.8117821638641431}
Validation statistic: Loss: 0.4489, dev_score: {'accuracy': 0.8128929440815398, 'balanced_accuracy': 0.6179021939902001, 'f1_macro': 0.6456562437649839, 'f1_micro': 0.8128929440815398, 'f1_weighted': 0.8099529170435769, 'precision_macro': 0.7165378510755847, 'precision_micro': 0.8128929440815398, 'precision_weighted': 0.8129675131186062, 'recall_macro': 0.6179021939902001, 'recall_micro': 0.8128929440815398, 'recall_weighted': 0.8128929440815398}
-----------------------
Epoch 34/100
Training statistic: Loss: 0.4450, train_score: {'accuracy': 0.8141277807369472, 'balanced_accuracy': 0.6522497007053072, 'f1_macro': 0.681443329031788, 'f1_micro': 0.8141277807369472, 'f1_weighted': 0.8112426007946504, 'precision_macro': 0.7378875328868244, 'precision_micro': 0.8141277807369472, 'precision_weighted': 0.8130295266032289, 'recall_macro': 0.6522497007053072, 'recall_micro': 0.8141277807369472, 'recall_weighted': 0.8141277807369472}
Validation statistic: Loss: 0.4375, dev_score: {'accuracy': 0.8170960228367279, 'balanced_accuracy': 0.6420263153262843, 'f1_macro': 0.6664205134505149, 'f1_micro': 0.8170960228367279, 'f1_weighted': 0.8147353974859592, 'precision_macro': 0.713594230237747, 'precision_micro': 0.8170960228367279, 'precision_weighted': 0.8163284888366945, 'recall_macro': 0.6420263153262843, 'recall_micro': 0.8170960228367279, 'recall_weighted': 0.8170960228367279}
Saving model...
Model saved!
-------------------------------------------
-----------------------
Epoch 35/100
Training statistic: Loss: 0.4493, train_score: {'accuracy': 0.8133247327381331, 'balanced_accuracy': 0.641950858431268, 'f1_macro': 0.677237887605929, 'f1_micro': 0.8133247327381331, 'f1_weighted': 0.8103985359864042, 'precision_macro': 0.7473624934711358, 'precision_micro': 0.8133247327381331, 'precision_weighted': 0.8120996562021728, 'recall_macro': 0.641950858431268, 'recall_micro': 0.8133247327381331, 'recall_weighted': 0.8133247327381331}
Validation statistic: Loss: 0.4421, dev_score: {'accuracy': 0.8157825607257316, 'balanced_accuracy': 0.6308009981317418, 'f1_macro': 0.661320252574777, 'f1_micro': 0.8157825607257316, 'f1_weighted': 0.8133248298744333, 'precision_macro': 0.7230750994098064, 'precision_micro': 0.8157825607257316, 'precision_weighted': 0.8148245268696982, 'recall_macro': 0.6308009981317418, 'recall_micro': 0.8157825607257316, 'recall_weighted': 0.8157825607257316}
-----------------------
Epoch 36/100
Training statistic: Loss: 0.4499, train_score: {'accuracy': 0.8102982354119734, 'balanced_accuracy': 0.6372244010772646, 'f1_macro': 0.6660667619938045, 'f1_micro': 0.8102982354119734, 'f1_weighted': 0.8069758905382121, 'precision_macro': 0.7350195783237002, 'precision_micro': 0.8102982354119734, 'precision_weighted': 0.8094499804147791, 'recall_macro': 0.6372244010772646, 'recall_micro': 0.8102982354119734, 'recall_weighted': 0.8102982354119734}
Validation statistic: Loss: 0.4429, dev_score: {'accuracy': 0.8112117125794645, 'balanced_accuracy': 0.628145064648402, 'f1_macro': 0.6510788574190111, 'f1_micro': 0.8112117125794645, 'f1_weighted': 0.8085123545898346, 'precision_macro': 0.7071661581774089, 'precision_micro': 0.8112117125794645, 'precision_weighted': 0.8107186384244494, 'recall_macro': 0.628145064648402, 'recall_micro': 0.8112117125794645, 'recall_weighted': 0.8112117125794645}
-----------------------
Epoch 37/100
Training statistic: Loss: 0.4444, train_score: {'accuracy': 0.8152712689624392, 'balanced_accuracy': 0.6400204316038687, 'f1_macro': 0.6755071382976331, 'f1_micro': 0.8152712689624392, 'f1_weighted': 0.8116633797981375, 'precision_macro': 0.7444306518466716, 'precision_micro': 0.8152712689624392, 'precision_weighted': 0.8141326704227497, 'recall_macro': 0.6400204316038687, 'recall_micro': 0.8152712689624392, 'recall_weighted': 0.8152712689624392}
Validation statistic: Loss: 0.4362, dev_score: {'accuracy': 0.8162729199138369, 'balanced_accuracy': 0.6542073986726071, 'f1_macro': 0.6834764681551623, 'f1_micro': 0.8162729199138369, 'f1_weighted': 0.8135109533186097, 'precision_macro': 0.7380494421856534, 'precision_micro': 0.8162729199138369, 'precision_weighted': 0.8158168730032848, 'recall_macro': 0.6542073986726071, 'recall_micro': 0.8162729199138369, 'recall_weighted': 0.8162729199138369}
Saving model...
Model saved!
-------------------------------------------
-----------------------
Epoch 38/100
Training statistic: Loss: 0.4404, train_score: {'accuracy': 0.8176038546303943, 'balanced_accuracy': 0.6604119434028461, 'f1_macro': 0.6909766189239407, 'f1_micro': 0.8176038546303943, 'f1_weighted': 0.8150761025837281, 'precision_macro': 0.7412058426133814, 'precision_micro': 0.8176038546303943, 'precision_weighted': 0.816369381832503, 'recall_macro': 0.6604119434028461, 'recall_micro': 0.8176038546303943, 'recall_weighted': 0.8176038546303943}
Validation statistic: Loss: 0.4338, dev_score: {'accuracy': 0.8190574595891491, 'balanced_accuracy': 0.6523841970723724, 'f1_macro': 0.6758658003031952, 'f1_micro': 0.8190574595891491, 'f1_weighted': 0.8171656992952199, 'precision_macro': 0.7142642503794684, 'precision_micro': 0.8190574595891491, 'precision_weighted': 0.8181215774964301, 'recall_macro': 0.6523841970723724, 'recall_micro': 0.8190574595891491, 'recall_weighted': 0.8190574595891491}
Saving model...
Model saved!
-------------------------------------------
-----------------------
Epoch 39/100
Training statistic: Loss: 0.4445, train_score: {'accuracy': 0.8167617130170334, 'balanced_accuracy': 0.6530558884207646, 'f1_macro': 0.6863562260536872, 'f1_micro': 0.8167617130170334, 'f1_weighted': 0.8140934155489422, 'precision_macro': 0.7398226470971659, 'precision_micro': 0.8167617130170334, 'precision_weighted': 0.8155690580700575, 'recall_macro': 0.6530558884207646, 'recall_micro': 0.8167617130170334, 'recall_weighted': 0.8167617130170334}
Validation statistic: Loss: 0.4374, dev_score: {'accuracy': 0.8183044079788445, 'balanced_accuracy': 0.6489062643351645, 'f1_macro': 0.677159823059674, 'f1_micro': 0.8183044079788445, 'f1_weighted': 0.8162974836492572, 'precision_macro': 0.7222874796316411, 'precision_micro': 0.8183044079788445, 'precision_weighted': 0.8176751835474096, 'recall_macro': 0.6489062643351645, 'recall_micro': 0.8183044079788445, 'recall_weighted': 0.8183044079788445}
-----------------------
Epoch 40/100
Training statistic: Loss: 0.4332, train_score: {'accuracy': 0.8182668171770827, 'balanced_accuracy': 0.658243960761979, 'f1_macro': 0.6885350577561286, 'f1_micro': 0.8182668171770827, 'f1_weighted': 0.8165219990840092, 'precision_macro': 0.7442954503508359, 'precision_micro': 0.8182668171770827, 'precision_weighted': 0.817971818759039, 'recall_macro': 0.658243960761979, 'recall_micro': 0.8182668171770827, 'recall_weighted': 0.8182668171770827}
Validation statistic: Loss: 0.4271, dev_score: {'accuracy': 0.8193201520113483, 'balanced_accuracy': 0.6446369021469165, 'f1_macro': 0.6703098876513881, 'f1_micro': 0.8193201520113483, 'f1_weighted': 0.8179174496190844, 'precision_macro': 0.7243869280168217, 'precision_micro': 0.8193201520113483, 'precision_weighted': 0.8196453820923594, 'recall_macro': 0.6446369021469165, 'recall_micro': 0.8193201520113483, 'recall_weighted': 0.8193201520113483}
Saving model...
Model saved!
-------------------------------------------
-----------------------
Epoch 41/100
Training statistic: Loss: 0.4342, train_score: {'accuracy': 0.8216337547299202, 'balanced_accuracy': 0.6573892239342761, 'f1_macro': 0.6890692954710417, 'f1_micro': 0.8216337547299202, 'f1_weighted': 0.8188467536954952, 'precision_macro': 0.7539030495946717, 'precision_micro': 0.8216337547299202, 'precision_weighted': 0.820632930799468, 'recall_macro': 0.6573892239342761, 'recall_micro': 0.8216337547299202, 'recall_weighted': 0.8216337547299202}
Validation statistic: Loss: 0.4279, dev_score: {'accuracy': 0.8222097686555402, 'balanced_accuracy': 0.648678388417088, 'f1_macro': 0.6742617897777041, 'f1_micro': 0.8222097686555402, 'f1_weighted': 0.8199501626082717, 'precision_macro': 0.7286120725247718, 'precision_micro': 0.8222097686555402, 'precision_weighted': 0.8216626358426611, 'recall_macro': 0.648678388417088, 'recall_micro': 0.8222097686555402, 'recall_weighted': 0.8222097686555402}
-----------------------
Epoch 42/100
Training statistic: Loss: 0.4355, train_score: {'accuracy': 0.8184459962437552, 'balanced_accuracy': 0.6404503460340347, 'f1_macro': 0.6759479049325942, 'f1_micro': 0.8184459962437552, 'f1_weighted': 0.8157047933186461, 'precision_macro': 0.7585211321051635, 'precision_micro': 0.8184459962437552, 'precision_weighted': 0.8178461711408195, 'recall_macro': 0.6404503460340347, 'recall_micro': 0.8184459962437552, 'recall_weighted': 0.8184459962437552}
Validation statistic: Loss: 0.4288, dev_score: {'accuracy': 0.8190049211047092, 'balanced_accuracy': 0.6252684983431563, 'f1_macro': 0.6498631780330094, 'f1_micro': 0.8190049211047092, 'f1_weighted': 0.8167870084950466, 'precision_macro': 0.7103010316076119, 'precision_micro': 0.8190049211047092, 'precision_weighted': 0.8181337588876975, 'recall_macro': 0.6252684983431563, 'recall_micro': 0.8190049211047092, 'recall_weighted': 0.8190049211047092}
-----------------------
Epoch 43/100
Training statistic: Loss: 0.4323, train_score: {'accuracy': 0.8212933145032423, 'balanced_accuracy': 0.6516749820300103, 'f1_macro': 0.6880424556675354, 'f1_micro': 0.8212933145032423, 'f1_weighted': 0.8178877159549873, 'precision_macro': 0.761517223643473, 'precision_micro': 0.8212933145032423, 'precision_weighted': 0.8204284709371221, 'recall_macro': 0.6516749820300103, 'recall_micro': 0.8212933145032423, 'recall_weighted': 0.8212933145032423}
Validation statistic: Loss: 0.4250, dev_score: {'accuracy': 0.8224724610777394, 'balanced_accuracy': 0.6418723643101706, 'f1_macro': 0.6739114512569871, 'f1_micro': 0.8224724610777394, 'f1_weighted': 0.8196978102262511, 'precision_macro': 0.7390562123738381, 'precision_micro': 0.8224724610777394, 'precision_weighted': 0.8216670783063077, 'recall_macro': 0.6418723643101706, 'recall_micro': 0.8224724610777394, 'recall_weighted': 0.8224724610777394}
Saving model...
Model saved!
-------------------------------------------
-----------------------
Epoch 44/100
Training statistic: Loss: 0.4305, train_score: {'accuracy': 0.8232414796281545, 'balanced_accuracy': 0.6708571973474097, 'f1_macro': 0.7010091465760697, 'f1_micro': 0.8232414796281545, 'f1_weighted': 0.8216766713578786, 'precision_macro': 0.7602330446674349, 'precision_micro': 0.8232414796281545, 'precision_weighted': 0.8236521756866296, 'recall_macro': 0.6708571973474097, 'recall_micro': 0.8232414796281545, 'recall_weighted': 0.8232414796281545}
Validation statistic: Loss: 0.4231, dev_score: {'accuracy': 0.8241011540953749, 'balanced_accuracy': 0.6629667960645078, 'f1_macro': 0.6854505420446257, 'f1_micro': 0.8241011540953749, 'f1_weighted': 0.8230610779303488, 'precision_macro': 0.7349802230920656, 'precision_micro': 0.8241011540953749, 'precision_weighted': 0.8253411501309774, 'recall_macro': 0.6629667960645078, 'recall_micro': 0.8241011540953749, 'recall_weighted': 0.8241011540953749}
Saving model...
Model saved!
-------------------------------------------
-----------------------
Epoch 45/100
Training statistic: Loss: 0.4283, train_score: {'accuracy': 0.8247563571918405, 'balanced_accuracy': 0.683327288272319, 'f1_macro': 0.7105009643081306, 'f1_micro': 0.8247563571918405, 'f1_weighted': 0.8234984569827484, 'precision_macro': 0.7582238919467609, 'precision_micro': 0.8247563571918405, 'precision_weighted': 0.824427204432251, 'recall_macro': 0.683327288272319, 'recall_micro': 0.8247563571918405, 'recall_weighted': 0.8247563571918405}
Validation statistic: Loss: 0.4221, dev_score: {'accuracy': 0.8248366928775328, 'balanced_accuracy': 0.6683712908254344, 'f1_macro': 0.68941335952519, 'f1_micro': 0.8248366928775328, 'f1_weighted': 0.8239719740595295, 'precision_macro': 0.7321035705674036, 'precision_micro': 0.8248366928775328, 'precision_weighted': 0.8251223081668304, 'recall_macro': 0.6683712908254344, 'recall_micro': 0.8248366928775328, 'recall_weighted': 0.8248366928775328}
Saving model...
Model saved!
-------------------------------------------
-----------------------
Epoch 46/100
Training statistic: Loss: 0.4284, train_score: {'accuracy': 0.8226697355154086, 'balanced_accuracy': 0.6592961727461419, 'f1_macro': 0.6934784516228512, 'f1_micro': 0.8226697355154086, 'f1_weighted': 0.8196576577539118, 'precision_macro': 0.7555706789346892, 'precision_micro': 0.8226697355154086, 'precision_weighted': 0.8213014090227075, 'recall_macro': 0.6592961727461419, 'recall_micro': 0.8226697355154086, 'recall_weighted': 0.8226697355154086}
Validation statistic: Loss: 0.4223, dev_score: {'accuracy': 0.8235057179383899, 'balanced_accuracy': 0.6448886242164332, 'f1_macro': 0.6743384499236428, 'f1_micro': 0.8235057179383899, 'f1_weighted': 0.820977849613045, 'precision_macro': 0.7305527684363138, 'precision_micro': 0.8235057179383899, 'precision_weighted': 0.8225383573636657, 'recall_macro': 0.6448886242164332, 'recall_micro': 0.8235057179383899, 'recall_weighted': 0.8235057179383899}
-----------------------
Epoch 47/100
Training statistic: Loss: 0.4268, train_score: {'accuracy': 0.8264911363373518, 'balanced_accuracy': 0.661213487146363, 'f1_macro': 0.6975543690392982, 'f1_micro': 0.8264911363373518, 'f1_weighted': 0.823886659522635, 'precision_macro': 0.769494132576462, 'precision_micro': 0.8264911363373518, 'precision_weighted': 0.8265956454510056, 'recall_macro': 0.661213487146363, 'recall_micro': 0.8264911363373518, 'recall_weighted': 0.8264911363373518}
Validation statistic: Loss: 0.4198, dev_score: {'accuracy': 0.8278664121468976, 'balanced_accuracy': 0.6555112533383988, 'f1_macro': 0.6853129551556322, 'f1_micro': 0.8278664121468976, 'f1_weighted': 0.8260308549663345, 'precision_macro': 0.7449717627270955, 'precision_micro': 0.8278664121468976, 'precision_weighted': 0.8281174003508943, 'recall_macro': 0.6555112533383988, 'recall_micro': 0.8278664121468976, 'recall_weighted': 0.8278664121468976}
Saving model...
Model saved!
-------------------------------------------
-----------------------
Epoch 48/100
Training statistic: Loss: 0.4163, train_score: {'accuracy': 0.8282812981034711, 'balanced_accuracy': 0.6957486179124505, 'f1_macro': 0.7288010679971916, 'f1_micro': 0.8282812981034711, 'f1_weighted': 0.8265162376882506, 'precision_macro': 0.7852542615471851, 'precision_micro': 0.8282812981034711, 'precision_weighted': 0.8281402926769942, 'recall_macro': 0.6957486179124505, 'recall_micro': 0.8282812981034711, 'recall_weighted': 0.8282812981034711}
Validation statistic: Loss: 0.4073, dev_score: {'accuracy': 0.830913644244409, 'balanced_accuracy': 0.7059746703493291, 'f1_macro': 0.7305257414812989, 'f1_micro': 0.830913644244409, 'f1_weighted': 0.8297141976238541, 'precision_macro': 0.7768251802594237, 'precision_micro': 0.830913644244409, 'precision_weighted': 0.8315077594809193, 'recall_macro': 0.7059746703493291, 'recall_micro': 0.830913644244409, 'recall_weighted': 0.830913644244409}
Saving model...
Model saved!
-------------------------------------------
-----------------------
Epoch 49/100
Training statistic: Loss: 0.4180, train_score: {'accuracy': 0.8285256331943881, 'balanced_accuracy': 0.6763397684842966, 'f1_macro': 0.7105281726184164, 'f1_micro': 0.8285256331943881, 'f1_weighted': 0.8260194640746896, 'precision_macro': 0.7750579737659914, 'precision_micro': 0.8285256331943881, 'precision_weighted': 0.8281702393175284, 'recall_macro': 0.6763397684842966, 'recall_micro': 0.8285256331943881, 'recall_weighted': 0.8285256331943881}
Validation statistic: Loss: 0.4111, dev_score: {'accuracy': 0.8293024640549203, 'balanced_accuracy': 0.6716635277793616, 'f1_macro': 0.7001928310274189, 'f1_micro': 0.8293024640549203, 'f1_weighted': 0.8275715813484459, 'precision_macro': 0.7547655140113295, 'precision_micro': 0.8293024640549203, 'precision_weighted': 0.8295481490169428, 'recall_macro': 0.6716635277793616, 'recall_micro': 0.8293024640549203, 'recall_weighted': 0.8293024640549203}
-----------------------
Epoch 50/100
Training statistic: Loss: 0.4246, train_score: {'accuracy': 0.8248882981409358, 'balanced_accuracy': 0.6641260891351467, 'f1_macro': 0.699861620588449, 'f1_micro': 0.8248882981409358, 'f1_weighted': 0.8227902656348253, 'precision_macro': 0.7710514446700586, 'precision_micro': 0.8248882981409358, 'precision_weighted': 0.8245985151682218, 'recall_macro': 0.6641260891351467, 'recall_micro': 0.8248882981409358, 'recall_weighted': 0.8248882981409358}
Validation statistic: Loss: 0.4177, dev_score: {'accuracy': 0.8277263095217247, 'balanced_accuracy': 0.661687546936857, 'f1_macro': 0.6932949503103613, 'f1_micro': 0.8277263095217247, 'f1_weighted': 0.8261643632870896, 'precision_macro': 0.7611997639996815, 'precision_micro': 0.8277263095217247, 'precision_weighted': 0.8281842429286232, 'recall_macro': 0.661687546936857, 'recall_micro': 0.8277263095217247, 'recall_weighted': 0.8277263095217247}
-----------------------
Epoch 51/100
Training statistic: Loss: 0.4215, train_score: {'accuracy': 0.8265465189579597, 'balanced_accuracy': 0.665698575752179, 'f1_macro': 0.7021460398645181, 'f1_micro': 0.8265465189579597, 'f1_weighted': 0.8244295556155185, 'precision_macro': 0.7709524226962579, 'precision_micro': 0.8265465189579597, 'precision_weighted': 0.8263197678825854, 'recall_macro': 0.665698575752179, 'recall_micro': 0.8265465189579597, 'recall_weighted': 0.8265465189579597}
Validation statistic: Loss: 0.4161, dev_score: {'accuracy': 0.8261676678166757, 'balanced_accuracy': 0.6551878393406951, 'f1_macro': 0.6851487805773131, 'f1_micro': 0.8261676678166757, 'f1_weighted': 0.824581018207239, 'precision_macro': 0.7415035177561393, 'precision_micro': 0.8261676678166757, 'precision_weighted': 0.8262719825734497, 'recall_macro': 0.6551878393406951, 'recall_micro': 0.8261676678166757, 'recall_weighted': 0.8261676678166757}
-----------------------
Epoch 52/100
Training statistic: Loss: 0.4167, train_score: {'accuracy': 0.8288204642040947, 'balanced_accuracy': 0.673890174635894, 'f1_macro': 0.7052060326369277, 'f1_micro': 0.8288204642040947, 'f1_weighted': 0.825450973543285, 'precision_macro': 0.7726422807360664, 'precision_micro': 0.8288204642040947, 'precision_weighted': 0.828837123829898, 'recall_macro': 0.673890174635894, 'recall_micro': 0.8288204642040947, 'recall_weighted': 0.8288204642040947}
Validation statistic: Loss: 0.4100, dev_score: {'accuracy': 0.8296176949615593, 'balanced_accuracy': 0.6618723163489345, 'f1_macro': 0.6889118487742778, 'f1_micro': 0.8296176949615593, 'f1_weighted': 0.8268410655782487, 'precision_macro': 0.7507018169325689, 'precision_micro': 0.8296176949615593, 'precision_weighted': 0.8300196386282275, 'recall_macro': 0.6618723163489345, 'recall_micro': 0.8296176949615593, 'recall_weighted': 0.8296176949615593}
-----------------------
Epoch 53/100
Training statistic: Loss: 0.4200, train_score: {'accuracy': 0.8276818626804211, 'balanced_accuracy': 0.666013145118158, 'f1_macro': 0.6983631917163048, 'f1_micro': 0.8276818626804211, 'f1_weighted': 0.8256615539257386, 'precision_macro': 0.7621636974112802, 'precision_micro': 0.8276818626804211, 'precision_weighted': 0.8271805071525222, 'recall_macro': 0.666013145118158, 'recall_micro': 0.8276818626804211, 'recall_weighted': 0.8276818626804211}
Validation statistic: Loss: 0.4134, dev_score: {'accuracy': 0.8281466173972435, 'balanced_accuracy': 0.6552339460663765, 'f1_macro': 0.6790501165927296, 'f1_micro': 0.8281466173972435, 'f1_weighted': 0.8266334894257521, 'precision_macro': 0.727188035997713, 'precision_micro': 0.8281466173972435, 'precision_weighted': 0.8277624181997658, 'recall_macro': 0.6552339460663765, 'recall_micro': 0.8281466173972435, 'recall_weighted': 0.8281466173972435}
-----------------------
Epoch 54/100
Training statistic: Loss: 0.4199, train_score: {'accuracy': 0.8296886682271535, 'balanced_accuracy': 0.6858321742952541, 'f1_macro': 0.712988196739657, 'f1_micro': 0.8296886682271535, 'f1_weighted': 0.8281512800825604, 'precision_macro': 0.7574846347293933, 'precision_micro': 0.8296886682271535, 'precision_weighted': 0.8288466637539199, 'recall_macro': 0.6858321742952541, 'recall_micro': 0.8296886682271535, 'recall_weighted': 0.8296886682271535}
Validation statistic: Loss: 0.4119, dev_score: {'accuracy': 0.8297402847585856, 'balanced_accuracy': 0.6779306712045597, 'f1_macro': 0.6971562869784969, 'f1_micro': 0.8297402847585856, 'f1_weighted': 0.8288268287582637, 'precision_macro': 0.729471028909486, 'precision_micro': 0.8297402847585856, 'precision_weighted': 0.8296395627848592, 'recall_macro': 0.6779306712045597, 'recall_micro': 0.8297402847585856, 'recall_weighted': 0.8297402847585856}
-----------------------
Epoch 55/100
Training statistic: Loss: 0.4162, train_score: {'accuracy': 0.8300014171435273, 'balanced_accuracy': 0.6757719641274537, 'f1_macro': 0.7076251272878628, 'f1_micro': 0.8300014171435273, 'f1_weighted': 0.8280346847866512, 'precision_macro': 0.7705761028601119, 'precision_micro': 0.8300014171435273, 'precision_weighted': 0.8293201745318454, 'recall_macro': 0.6757719641274537, 'recall_micro': 0.8300014171435273, 'recall_weighted': 0.8300014171435273}
Validation statistic: Loss: 0.4080, dev_score: {'accuracy': 0.8312639008073414, 'balanced_accuracy': 0.6642503826620817, 'f1_macro': 0.6916486794063392, 'f1_micro': 0.8312639008073414, 'f1_weighted': 0.829684468618189, 'precision_macro': 0.7526033788145362, 'precision_micro': 0.8312639008073414, 'precision_weighted': 0.8312149891466226, 'recall_macro': 0.6642503826620817, 'recall_micro': 0.8312639008073414, 'recall_weighted': 0.8312639008073414}
-----------------------
Epoch 56/100
Training statistic: Loss: 0.4050, train_score: {'accuracy': 0.8356748779546221, 'balanced_accuracy': 0.7030602170931459, 'f1_macro': 0.7310671413335477, 'f1_micro': 0.8356748779546221, 'f1_weighted': 0.8345782922195045, 'precision_macro': 0.771854364482124, 'precision_micro': 0.8356748779546221, 'precision_weighted': 0.8352362528663949, 'recall_macro': 0.7030602170931459, 'recall_micro': 0.8356748779546221, 'recall_weighted': 0.8356748779546221}
Validation statistic: Loss: 0.3974, dev_score: {'accuracy': 0.8371657238927515, 'balanced_accuracy': 0.6982698216583427, 'f1_macro': 0.7196053982618376, 'f1_micro': 0.8371657238927515, 'f1_weighted': 0.836558156615216, 'precision_macro': 0.7510219756700799, 'precision_micro': 0.8371657238927515, 'precision_weighted': 0.8372074228606314, 'recall_macro': 0.6982698216583427, 'recall_micro': 0.8371657238927515, 'recall_weighted': 0.8371657238927515}
Saving model...
Model saved!
-------------------------------------------
-----------------------
Epoch 57/100
Training statistic: Loss: 0.4102, train_score: {'accuracy': 0.8318437037290421, 'balanced_accuracy': 0.6813260073018237, 'f1_macro': 0.7141628741035093, 'f1_micro': 0.8318437037290421, 'f1_weighted': 0.8301073125048517, 'precision_macro': 0.7723888798996892, 'precision_micro': 0.8318437037290421, 'precision_weighted': 0.8316359530228858, 'recall_macro': 0.6813260073018237, 'recall_micro': 0.8318437037290421, 'recall_weighted': 0.8318437037290421}
Validation statistic: Loss: 0.4033, dev_score: {'accuracy': 0.8317717728235933, 'balanced_accuracy': 0.6763778554627999, 'f1_macro': 0.7020457096586927, 'f1_micro': 0.8317717728235933, 'f1_weighted': 0.8306091707999017, 'precision_macro': 0.7462305344970763, 'precision_micro': 0.8317717728235933, 'precision_weighted': 0.8319485710737995, 'recall_macro': 0.6763778554627999, 'recall_micro': 0.8317717728235933, 'recall_weighted': 0.8317717728235933}
-----------------------
Epoch 58/100
Training statistic: Loss: 0.4078, train_score: {'accuracy': 0.8337185683266792, 'balanced_accuracy': 0.6698428145408482, 'f1_macro': 0.7044708165783371, 'f1_micro': 0.8337185683266792, 'f1_weighted': 0.8314171107298177, 'precision_macro': 0.7767839174980014, 'precision_micro': 0.8337185683266792, 'precision_weighted': 0.8333089298358719, 'recall_macro': 0.6698428145408482, 'recall_micro': 0.8337185683266792, 'recall_weighted': 0.8337185683266792}
Validation statistic: Loss: 0.3999, dev_score: {'accuracy': 0.8355895693595559, 'balanced_accuracy': 0.667480227122376, 'f1_macro': 0.694539445752242, 'f1_micro': 0.8355895693595559, 'f1_weighted': 0.83397854238615, 'precision_macro': 0.7537517560900636, 'precision_micro': 0.8355895693595559, 'precision_weighted': 0.8354467018818362, 'recall_macro': 0.667480227122376, 'recall_micro': 0.8355895693595559, 'recall_weighted': 0.8355895693595559}
-----------------------
Epoch 59/100
Training statistic: Loss: 0.4039, train_score: {'accuracy': 0.8343570973642759, 'balanced_accuracy': 0.6907745275198172, 'f1_macro': 0.7234385903363665, 'f1_micro': 0.8343570973642759, 'f1_weighted': 0.832494887475372, 'precision_macro': 0.7739596622547437, 'precision_micro': 0.8343570973642759, 'precision_weighted': 0.8335743918424019, 'recall_macro': 0.6907745275198172, 'recall_micro': 0.8343570973642759, 'recall_weighted': 0.8343570973642759}
Validation statistic: Loss: 0.3954, dev_score: {'accuracy': 0.8349941332025709, 'balanced_accuracy': 0.6929905090215195, 'f1_macro': 0.7180299308931588, 'f1_micro': 0.8349941332025709, 'f1_weighted': 0.8337704193699584, 'precision_macro': 0.7577353916314283, 'precision_micro': 0.8349941332025709, 'precision_weighted': 0.8349126476167303, 'recall_macro': 0.6929905090215195, 'recall_micro': 0.8349941332025709, 'recall_weighted': 0.8349941332025709}
Saving model...
Model saved!
-------------------------------------------
-----------------------
Epoch 60/100
Training statistic: Loss: 0.3985, train_score: {'accuracy': 0.8373282120698277, 'balanced_accuracy': 0.6940801757059608, 'f1_macro': 0.726372164978815, 'f1_micro': 0.8373282120698277, 'f1_weighted': 0.835667555848931, 'precision_macro': 0.780077793413086, 'precision_micro': 0.8373282120698277, 'precision_weighted': 0.8363312777759082, 'recall_macro': 0.6940801757059608, 'recall_micro': 0.8373282120698277, 'recall_weighted': 0.8373282120698277}
Validation statistic: Loss: 0.3915, dev_score: {'accuracy': 0.8368504929861124, 'balanced_accuracy': 0.6867208298702839, 'f1_macro': 0.7126183169919724, 'f1_micro': 0.8368504929861124, 'f1_weighted': 0.8356822198998406, 'precision_macro': 0.7557720847393586, 'precision_micro': 0.8368504929861124, 'precision_weighted': 0.8361162941385436, 'recall_macro': 0.6867208298702839, 'recall_micro': 0.8368504929861124, 'recall_weighted': 0.8368504929861124}
Saving model...
Model saved!
-------------------------------------------
-----------------------
Epoch 61/100
Training statistic: Loss: 0.3985, train_score: {'accuracy': 0.8373640478831622, 'balanced_accuracy': 0.6815988261922908, 'f1_macro': 0.7158618429701031, 'f1_micro': 0.8373640478831622, 'f1_weighted': 0.8354811325794492, 'precision_macro': 0.778894342474887, 'precision_micro': 0.8373640478831622, 'precision_weighted': 0.8366231706044167, 'recall_macro': 0.6815988261922908, 'recall_micro': 0.8373640478831622, 'recall_weighted': 0.8373640478831622}
Validation statistic: Loss: 0.3889, dev_score: {'accuracy': 0.8384966988318944, 'balanced_accuracy': 0.6659898278539138, 'f1_macro': 0.6961993236877339, 'f1_micro': 0.8384966988318944, 'f1_weighted': 0.836830101722459, 'precision_macro': 0.7587187049601246, 'precision_micro': 0.8384966988318944, 'precision_weighted': 0.8379277068491623, 'recall_macro': 0.6659898278539138, 'recall_micro': 0.8384966988318944, 'recall_weighted': 0.8384966988318944}
Saving model...
Model saved!
-------------------------------------------
-----------------------
Epoch 62/100
Training statistic: Loss: 0.4064, train_score: {'accuracy': 0.83284221980059, 'balanced_accuracy': 0.6789557035166628, 'f1_macro': 0.7146042826659904, 'f1_micro': 0.83284221980059, 'f1_weighted': 0.8305890024699097, 'precision_macro': 0.7749889903323756, 'precision_micro': 0.83284221980059, 'precision_weighted': 0.8322420876159532, 'recall_macro': 0.6789557035166628, 'recall_micro': 0.83284221980059, 'recall_weighted': 0.83284221980059}
Validation statistic: Loss: 0.3980, dev_score: {'accuracy': 0.8345563124989055, 'balanced_accuracy': 0.6790179336452231, 'f1_macro': 0.7105104449569452, 'f1_micro': 0.8345563124989055, 'f1_weighted': 0.8329255576556388, 'precision_macro': 0.7641249054893687, 'precision_micro': 0.8345563124989055, 'precision_weighted': 0.8345442436192233, 'recall_macro': 0.6790179336452231, 'recall_micro': 0.8345563124989055, 'recall_weighted': 0.8345563124989055}
-----------------------
Epoch 63/100
Training statistic: Loss: 0.4069, train_score: {'accuracy': 0.8349060368685364, 'balanced_accuracy': 0.7198505016368387, 'f1_macro': 0.7420581395649661, 'f1_micro': 0.8349060368685364, 'f1_weighted': 0.8338928169669116, 'precision_macro': 0.7726520508373994, 'precision_micro': 0.8349060368685364, 'precision_weighted': 0.8347008725639493, 'recall_macro': 0.7198505016368387, 'recall_micro': 0.8349060368685364, 'recall_weighted': 0.8349060368685364}
Validation statistic: Loss: 0.4016, dev_score: {'accuracy': 0.8345212868426122, 'balanced_accuracy': 0.7179123229894476, 'f1_macro': 0.7343609700809398, 'f1_micro': 0.8345212868426122, 'f1_weighted': 0.833939734682535, 'precision_macro': 0.7586960185757375, 'precision_micro': 0.8345212868426122, 'precision_weighted': 0.8350777068680265, 'recall_macro': 0.7179123229894476, 'recall_micro': 0.8345212868426122, 'recall_weighted': 0.8345212868426122}
-----------------------
Epoch 64/100
Training statistic: Loss: 0.4022, train_score: {'accuracy': 0.8371522908043674, 'balanced_accuracy': 0.6841007417700874, 'f1_macro': 0.7223952286979438, 'f1_micro': 0.8371522908043674, 'f1_weighted': 0.8349604012374113, 'precision_macro': 0.7911542004212723, 'precision_micro': 0.8371522908043674, 'precision_weighted': 0.8369071323584797, 'recall_macro': 0.6841007417700874, 'recall_micro': 0.8371522908043674, 'recall_weighted': 0.8371522908043674}
Validation statistic: Loss: 0.3919, dev_score: {'accuracy': 0.8381639550971086, 'balanced_accuracy': 0.6756504107537883, 'f1_macro': 0.7080488356314104, 'f1_micro': 0.8381639550971086, 'f1_weighted': 0.8366090903842699, 'precision_macro': 0.767748343467191, 'precision_micro': 0.8381639550971086, 'precision_weighted': 0.8383486728795452, 'recall_macro': 0.6756504107537883, 'recall_micro': 0.8381639550971086, 'recall_weighted': 0.8381639550971086}
-----------------------
Epoch 65/100
Training statistic: Loss: 0.4026, train_score: {'accuracy': 0.8354517185715845, 'balanced_accuracy': 0.6951354208021602, 'f1_macro': 0.7277805601981192, 'f1_micro': 0.8354517185715845, 'f1_weighted': 0.8342694397420491, 'precision_macro': 0.7891390807373532, 'precision_micro': 0.8354517185715845, 'precision_weighted': 0.8359037896261328, 'recall_macro': 0.6951354208021602, 'recall_micro': 0.8354517185715845, 'recall_weighted': 0.8354517185715845}
Validation statistic: Loss: 0.3955, dev_score: {'accuracy': 0.8363075953135672, 'balanced_accuracy': 0.7060792475880225, 'f1_macro': 0.7335720163611728, 'f1_micro': 0.8363075953135672, 'f1_weighted': 0.835590238076306, 'precision_macro': 0.7799638454953104, 'precision_micro': 0.8363075953135672, 'precision_weighted': 0.8367304537388023, 'recall_macro': 0.7060792475880225, 'recall_micro': 0.8363075953135672, 'recall_weighted': 0.8363075953135672}
-----------------------
Epoch 66/100
Training statistic: Loss: 0.4022, train_score: {'accuracy': 0.8351699187667267, 'balanced_accuracy': 0.7024709754160714, 'f1_macro': 0.7270219494451344, 'f1_micro': 0.8351699187667267, 'f1_weighted': 0.833241558202578, 'precision_macro': 0.7653494188816127, 'precision_micro': 0.8351699187667267, 'precision_weighted': 0.834259430932282, 'recall_macro': 0.7024709754160714, 'recall_micro': 0.8351699187667267, 'recall_weighted': 0.8351699187667267}
Validation statistic: Loss: 0.3930, dev_score: {'accuracy': 0.8366753647046462, 'balanced_accuracy': 0.6976733293454099, 'f1_macro': 0.7189122523807313, 'f1_micro': 0.8366753647046462, 'f1_weighted': 0.8352932243776118, 'precision_macro': 0.7533039966607891, 'precision_micro': 0.8366753647046462, 'precision_weighted': 0.8363286632989296, 'recall_macro': 0.6976733293454099, 'recall_micro': 0.8366753647046462, 'recall_weighted': 0.8366753647046462}
-----------------------
Epoch 67/100
Training statistic: Loss: 0.3996, train_score: {'accuracy': 0.8376018673716549, 'balanced_accuracy': 0.7168783168983773, 'f1_macro': 0.7427159818569208, 'f1_micro': 0.8376018673716549, 'f1_weighted': 0.8365301170177218, 'precision_macro': 0.7807090957632016, 'precision_micro': 0.8376018673716549, 'precision_weighted': 0.8375061626597152, 'recall_macro': 0.7168783168983773, 'recall_micro': 0.8376018673716549, 'recall_weighted': 0.8376018673716549}
Validation statistic: Loss: 0.3913, dev_score: {'accuracy': 0.8393898530673719, 'balanced_accuracy': 0.7199308484114757, 'f1_macro': 0.7377602773192427, 'f1_micro': 0.8393898530673719, 'f1_weighted': 0.8388034387422462, 'precision_macro': 0.7676067175527846, 'precision_micro': 0.8393898530673719, 'precision_weighted': 0.8402060963191993, 'recall_macro': 0.7199308484114757, 'recall_micro': 0.8393898530673719, 'recall_weighted': 0.8393898530673719}
-----------------------
Epoch 68/100
Training statistic: Loss: 0.3926, train_score: {'accuracy': 0.8405469196675088, 'balanced_accuracy': 0.7007309293081223, 'f1_macro': 0.7319290502158227, 'f1_micro': 0.8405469196675088, 'f1_weighted': 0.8382448906179335, 'precision_macro': 0.781809740292986, 'precision_micro': 0.8405469196675088, 'precision_weighted': 0.8393537515647755, 'recall_macro': 0.7007309293081223, 'recall_micro': 0.8405469196675088, 'recall_weighted': 0.8405469196675088}
Validation statistic: Loss: 0.3831, dev_score: {'accuracy': 0.841806623351605, 'balanced_accuracy': 0.7015105726063527, 'f1_macro': 0.7258048735862307, 'f1_micro': 0.841806623351605, 'f1_weighted': 0.840100544645778, 'precision_macro': 0.7651681737948656, 'precision_micro': 0.841806623351605, 'precision_weighted': 0.8410967673778541, 'recall_macro': 0.7015105726063527, 'recall_micro': 0.841806623351605, 'recall_weighted': 0.841806623351605}
Saving model...
Model saved!
-------------------------------------------
-----------------------
Epoch 69/100
Training statistic: Loss: 0.3954, train_score: {'accuracy': 0.8386085279462332, 'balanced_accuracy': 0.7105116313389314, 'f1_macro': 0.7412646852037751, 'f1_micro': 0.8386085279462332, 'f1_weighted': 0.8369697340480236, 'precision_macro': 0.7886492534775156, 'precision_micro': 0.8386085279462332, 'precision_weighted': 0.837576608561136, 'recall_macro': 0.7105116313389314, 'recall_micro': 0.8386085279462332, 'recall_weighted': 0.8386085279462332}
Validation statistic: Loss: 0.3875, dev_score: {'accuracy': 0.8382690320659884, 'balanced_accuracy': 0.7147531225182214, 'f1_macro': 0.740147207034944, 'f1_micro': 0.8382690320659884, 'f1_weighted': 0.8370279336693247, 'precision_macro': 0.7798743987468055, 'precision_micro': 0.8382690320659884, 'precision_weighted': 0.8375820721861784, 'recall_macro': 0.7147531225182214, 'recall_micro': 0.8382690320659884, 'recall_weighted': 0.8382690320659884}
-----------------------
Epoch 70/100
Training statistic: Loss: 0.4006, train_score: {'accuracy': 0.839090682525643, 'balanced_accuracy': 0.726905066836912, 'f1_macro': 0.7479448518366107, 'f1_micro': 0.839090682525643, 'f1_weighted': 0.8381976043580949, 'precision_macro': 0.7760613011097435, 'precision_micro': 0.839090682525643, 'precision_weighted': 0.8387440311640193, 'recall_macro': 0.726905066836912, 'recall_micro': 0.839090682525643, 'recall_weighted': 0.839090682525643}
Validation statistic: Loss: 0.3940, dev_score: {'accuracy': 0.8407383408346614, 'balanced_accuracy': 0.733644991768594, 'f1_macro': 0.7498925128800258, 'f1_micro': 0.8407383408346614, 'f1_weighted': 0.840230909972926, 'precision_macro': 0.7724048243029887, 'precision_micro': 0.8407383408346614, 'precision_weighted': 0.8411260023246363, 'recall_macro': 0.733644991768594, 'recall_micro': 0.8407383408346614, 'recall_weighted': 0.8407383408346614}
-----------------------
Epoch 71/100
Training statistic: Loss: 0.3921, train_score: {'accuracy': 0.8397096647559662, 'balanced_accuracy': 0.7128346217039674, 'f1_macro': 0.7412486230115481, 'f1_micro': 0.8397096647559662, 'f1_weighted': 0.8384647684251062, 'precision_macro': 0.7833259186589286, 'precision_micro': 0.8397096647559662, 'precision_weighted': 0.8392223638114263, 'recall_macro': 0.7128346217039674, 'recall_micro': 0.8397096647559662, 'recall_weighted': 0.8397096647559662}
Validation statistic: Loss: 0.3833, dev_score: {'accuracy': 0.842174392742684, 'balanced_accuracy': 0.7173059196467743, 'f1_macro': 0.7414361295581006, 'f1_micro': 0.842174392742684, 'f1_weighted': 0.8414456345967958, 'precision_macro': 0.7776890770149631, 'precision_micro': 0.842174392742684, 'precision_weighted': 0.8423795674017636, 'recall_macro': 0.7173059196467743, 'recall_micro': 0.842174392742684, 'recall_weighted': 0.842174392742684}
-----------------------
Epoch 72/100
Training statistic: Loss: 0.3883, train_score: {'accuracy': 0.8421334688578638, 'balanced_accuracy': 0.7068814519593897, 'f1_macro': 0.7355729025032348, 'f1_micro': 0.8421334688578638, 'f1_weighted': 0.8403446700703061, 'precision_macro': 0.7800329273495858, 'precision_micro': 0.8421334688578638, 'precision_weighted': 0.8414149652726561, 'recall_macro': 0.7068814519593897, 'recall_micro': 0.8421334688578638, 'recall_weighted': 0.8421334688578638}
Validation statistic: Loss: 0.3780, dev_score: {'accuracy': 0.8448363426209698, 'balanced_accuracy': 0.707196071907311, 'f1_macro': 0.7318616241865342, 'f1_micro': 0.8448363426209698, 'f1_weighted': 0.8437282161614995, 'precision_macro': 0.7704655348051697, 'precision_micro': 0.8448363426209698, 'precision_weighted': 0.8448290039705019, 'recall_macro': 0.707196071907311, 'recall_micro': 0.8448363426209698, 'recall_weighted': 0.8448363426209698}
Saving model...
Model saved!
-------------------------------------------
-----------------------
Epoch 73/100
Training statistic: Loss: 0.3951, train_score: {'accuracy': 0.8396412509305095, 'balanced_accuracy': 0.7083138984275542, 'f1_macro': 0.7412619092491255, 'f1_micro': 0.8396412509305095, 'f1_weighted': 0.8377185995812296, 'precision_macro': 0.7932314035020094, 'precision_micro': 0.8396412509305095, 'precision_weighted': 0.8390941564762745, 'recall_macro': 0.7083138984275542, 'recall_micro': 0.8396412509305095, 'recall_weighted': 0.8396412509305095}
Validation statistic: Loss: 0.3871, dev_score: {'accuracy': 0.8393548274110786, 'balanced_accuracy': 0.7098719777009238, 'f1_macro': 0.7377267885679465, 'f1_micro': 0.8393548274110786, 'f1_weighted': 0.8380774574707238, 'precision_macro': 0.7819481747870104, 'precision_micro': 0.8393548274110786, 'precision_weighted': 0.8399935722534857, 'recall_macro': 0.7098719777009238, 'recall_micro': 0.8393548274110786, 'recall_weighted': 0.8393548274110786}
-----------------------
Epoch 74/100
Training statistic: Loss: 0.3866, train_score: {'accuracy': 0.8420992619451354, 'balanced_accuracy': 0.709147137849604, 'f1_macro': 0.7407934459139688, 'f1_micro': 0.8420992619451354, 'f1_weighted': 0.8401243623657083, 'precision_macro': 0.7917056083185895, 'precision_micro': 0.8420992619451354, 'precision_weighted': 0.8412329777962226, 'recall_macro': 0.709147137849604, 'recall_micro': 0.8420992619451354, 'recall_weighted': 0.8420992619451354}
Validation statistic: Loss: 0.3775, dev_score: {'accuracy': 0.844048265354372, 'balanced_accuracy': 0.7098288229906198, 'f1_macro': 0.7383628670224098, 'f1_micro': 0.844048265354372, 'f1_weighted': 0.8425368967218335, 'precision_macro': 0.7873064196153345, 'precision_micro': 0.844048265354372, 'precision_weighted': 0.8438065416747716, 'recall_macro': 0.7098288229906198, 'recall_micro': 0.844048265354372, 'recall_weighted': 0.844048265354372}
Saving model...
Model saved!
-------------------------------------------
-----------------------
Epoch 75/100
Training statistic: Loss: 0.3953, train_score: {'accuracy': 0.8389978351910945, 'balanced_accuracy': 0.715347541332105, 'f1_macro': 0.7382486455439797, 'f1_micro': 0.8389978351910945, 'f1_weighted': 0.8373217704622907, 'precision_macro': 0.773816589854645, 'precision_micro': 0.8389978351910945, 'precision_weighted': 0.8381520810706202, 'recall_macro': 0.715347541332105, 'recall_micro': 0.8389978351910945, 'recall_weighted': 0.8389978351910945}
Validation statistic: Loss: 0.3883, dev_score: {'accuracy': 0.8403180329591425, 'balanced_accuracy': 0.7212911968516983, 'f1_macro': 0.7362419725511616, 'f1_micro': 0.8403180329591425, 'f1_weighted': 0.8393359959609529, 'precision_macro': 0.7617348756295412, 'precision_micro': 0.8403180329591425, 'precision_weighted': 0.8403177956043703, 'recall_macro': 0.7212911968516983, 'recall_micro': 0.8403180329591425, 'recall_weighted': 0.8403180329591425}
-----------------------
Epoch 76/100
Training statistic: Loss: 0.3901, train_score: {'accuracy': 0.8416024472602707, 'balanced_accuracy': 0.7094107016167241, 'f1_macro': 0.7428019038627911, 'f1_micro': 0.8416024472602707, 'f1_weighted': 0.8402562852349644, 'precision_macro': 0.7953327623663673, 'precision_micro': 0.8416024472602707, 'precision_weighted': 0.8419572728526927, 'recall_macro': 0.7094107016167241, 'recall_micro': 0.8416024472602707, 'recall_weighted': 0.8416024472602707}
Validation statistic: Loss: 0.3802, dev_score: {'accuracy': 0.8426997775870826, 'balanced_accuracy': 0.7133518538407023, 'f1_macro': 0.7403809717352292, 'f1_micro': 0.8426997775870826, 'f1_weighted': 0.8419580964879853, 'precision_macro': 0.7840994121115392, 'precision_micro': 0.8426997775870826, 'precision_weighted': 0.8438540747594183, 'recall_macro': 0.7133518538407023, 'recall_micro': 0.8426997775870826, 'recall_weighted': 0.8426997775870826}
-----------------------
Epoch 77/100
Training statistic: Loss: 0.3879, train_score: {'accuracy': 0.8432753281827496, 'balanced_accuracy': 0.7137473590752114, 'f1_macro': 0.7468254178355166, 'f1_micro': 0.8432753281827496, 'f1_weighted': 0.841905238099483, 'precision_macro': 0.7962710111178027, 'precision_micro': 0.8432753281827496, 'precision_weighted': 0.8435261374509443, 'recall_macro': 0.7137473590752114, 'recall_micro': 0.8432753281827496, 'recall_weighted': 0.8432753281827496}
Validation statistic: Loss: 0.3790, dev_score: {'accuracy': 0.845011470902436, 'balanced_accuracy': 0.7214719989057398, 'f1_macro': 0.7476471290033981, 'f1_micro': 0.845011470902436, 'f1_weighted': 0.8442265699469179, 'precision_macro': 0.788599324992906, 'precision_micro': 0.845011470902436, 'precision_weighted': 0.8463694400554601, 'recall_macro': 0.7214719989057398, 'recall_micro': 0.845011470902436, 'recall_weighted': 0.845011470902436}
-----------------------
Epoch 78/100
Training statistic: Loss: 0.3904, train_score: {'accuracy': 0.8414167525911737, 'balanced_accuracy': 0.7205240825122089, 'f1_macro': 0.7486308432619275, 'f1_micro': 0.8414167525911737, 'f1_weighted': 0.840151684990114, 'precision_macro': 0.7885408950159377, 'precision_micro': 0.8414167525911737, 'precision_weighted': 0.8410598382454064, 'recall_macro': 0.7205240825122089, 'recall_micro': 0.8414167525911737, 'recall_weighted': 0.8414167525911737}
Validation statistic: Loss: 0.3811, dev_score: {'accuracy': 0.8426472391026427, 'balanced_accuracy': 0.7326552530186452, 'f1_macro': 0.7528270054691621, 'f1_micro': 0.8426472391026427, 'f1_weighted': 0.841926868890241, 'precision_macro': 0.7827129005964517, 'precision_micro': 0.8426472391026427, 'precision_weighted': 0.843182545823628, 'recall_macro': 0.7326552530186452, 'recall_micro': 0.8426472391026427, 'recall_weighted': 0.8426472391026427}
-----------------------
Epoch 79/100
Training statistic: Loss: 0.3823, train_score: {'accuracy': 0.8456030271488864, 'balanced_accuracy': 0.6964174875271946, 'f1_macro': 0.7309515637868171, 'f1_micro': 0.8456030271488864, 'f1_weighted': 0.8437457720972038, 'precision_macro': 0.7962964144967677, 'precision_micro': 0.8456030271488864, 'precision_weighted': 0.845364706819002, 'recall_macro': 0.6964174875271946, 'recall_micro': 0.8456030271488864, 'recall_weighted': 0.8456030271488864}
Validation statistic: Loss: 0.3743, dev_score: {'accuracy': 0.8470079333111504, 'balanced_accuracy': 0.69314347098986, 'f1_macro': 0.7222820370553673, 'f1_micro': 0.8470079333111504, 'f1_weighted': 0.8457184722488368, 'precision_macro': 0.7803922907902644, 'precision_micro': 0.8470079333111504, 'precision_weighted': 0.847303032422897, 'recall_macro': 0.69314347098986, 'recall_micro': 0.8470079333111504, 'recall_weighted': 0.8470079333111504}
Saving model...
Model saved!
-------------------------------------------
-----------------------
Epoch 80/100
Training statistic: Loss: 0.3939, train_score: {'accuracy': 0.8378022221462068, 'balanced_accuracy': 0.7150394462439615, 'f1_macro': 0.7436912244908547, 'f1_micro': 0.8378022221462068, 'f1_weighted': 0.8365693167771102, 'precision_macro': 0.7891501229731569, 'precision_micro': 0.8378022221462068, 'precision_weighted': 0.8380075200527145, 'recall_macro': 0.7150394462439615, 'recall_micro': 0.8378022221462068, 'recall_weighted': 0.8378022221462068}
Validation statistic: Loss: 0.3862, dev_score: {'accuracy': 0.8392147247859056, 'balanced_accuracy': 0.7218471750676461, 'f1_macro': 0.7434134955362319, 'f1_micro': 0.8392147247859056, 'f1_weighted': 0.838529708635073, 'precision_macro': 0.781158112211755, 'precision_micro': 0.8392147247859056, 'precision_weighted': 0.8404087778313493, 'recall_macro': 0.7218471750676461, 'recall_micro': 0.8392147247859056, 'recall_weighted': 0.8392147247859056}
-----------------------
Epoch 81/100
Training statistic: Loss: 0.3883, train_score: {'accuracy': 0.8436076239063969, 'balanced_accuracy': 0.7056167314734924, 'f1_macro': 0.7401086229274406, 'f1_micro': 0.8436076239063969, 'f1_weighted': 0.8421927319890739, 'precision_macro': 0.7968572417097965, 'precision_micro': 0.8436076239063969, 'precision_weighted': 0.8434869472357588, 'recall_macro': 0.7056167314734924, 'recall_micro': 0.8436076239063969, 'recall_weighted': 0.8436076239063969}
Validation statistic: Loss: 0.3786, dev_score: {'accuracy': 0.845606907059421, 'balanced_accuracy': 0.7070166049455929, 'f1_macro': 0.7353165087124035, 'f1_micro': 0.845606907059421, 'f1_weighted': 0.8446896727995415, 'precision_macro': 0.7835880955549979, 'precision_micro': 0.845606907059421, 'precision_weighted': 0.8460203054142355, 'recall_macro': 0.7070166049455929, 'recall_micro': 0.845606907059421, 'recall_weighted': 0.845606907059421}
-----------------------
Epoch 82/100
Training statistic: Loss: 0.3825, train_score: {'accuracy': 0.846096584032539, 'balanced_accuracy': 0.7187988139949316, 'f1_macro': 0.7475813544363417, 'f1_micro': 0.846096584032539, 'f1_weighted': 0.8450811460811176, 'precision_macro': 0.7906649937229737, 'precision_micro': 0.846096584032539, 'precision_weighted': 0.8459165028424479, 'recall_macro': 0.7187988139949316, 'recall_micro': 0.846096584032539, 'recall_weighted': 0.846096584032539}
Validation statistic: Loss: 0.3742, dev_score: {'accuracy': 0.8469378819985639, 'balanced_accuracy': 0.7257199099045728, 'f1_macro': 0.7448885047303241, 'f1_micro': 0.8469378819985639, 'f1_weighted': 0.846523657299967, 'precision_macro': 0.7720681971140725, 'precision_micro': 0.8469378819985639, 'precision_weighted': 0.8472813890902433, 'recall_macro': 0.7257199099045728, 'recall_micro': 0.8469378819985639, 'recall_weighted': 0.8469378819985639}
Saving model...
Model saved!
-------------------------------------------
-----------------------
Epoch 83/100
Training statistic: Loss: 0.3827, train_score: {'accuracy': 0.8466422657355871, 'balanced_accuracy': 0.7088840384245866, 'f1_macro': 0.7426527112540436, 'f1_micro': 0.8466422657355871, 'f1_weighted': 0.8454368837567402, 'precision_macro': 0.795462974385474, 'precision_micro': 0.8466422657355871, 'precision_weighted': 0.8462684523122104, 'recall_macro': 0.7088840384245866, 'recall_micro': 0.8466422657355871, 'recall_weighted': 0.8466422657355871}
Validation statistic: Loss: 0.3730, dev_score: {'accuracy': 0.8500726782368084, 'balanced_accuracy': 0.7124349857273536, 'f1_macro': 0.7393951909925003, 'f1_micro': 0.8500726782368084, 'f1_weighted': 0.849506937733488, 'precision_macro': 0.7822238370472144, 'precision_micro': 0.8500726782368084, 'precision_weighted': 0.8502967089204246, 'recall_macro': 0.7124349857273536, 'recall_micro': 0.8500726782368084, 'recall_weighted': 0.8500726782368084}
Saving model...
Model saved!
-------------------------------------------
-----------------------
Epoch 84/100
Training statistic: Loss: 0.3876, train_score: {'accuracy': 0.8452023175997824, 'balanced_accuracy': 0.7048662496942696, 'f1_macro': 0.7362907400938906, 'f1_micro': 0.8452023175997824, 'f1_weighted': 0.8440608855984946, 'precision_macro': 0.7854439248988767, 'precision_micro': 0.8452023175997824, 'precision_weighted': 0.8452420192424006, 'recall_macro': 0.7048662496942696, 'recall_micro': 0.8452023175997824, 'recall_weighted': 0.8452023175997824}
Validation statistic: Loss: 0.3787, dev_score: {'accuracy': 0.8475508309836955, 'balanced_accuracy': 0.7062726643509231, 'f1_macro': 0.7298300034392884, 'f1_micro': 0.8475508309836955, 'f1_weighted': 0.8469696438920146, 'precision_macro': 0.7664682687477694, 'precision_micro': 0.8475508309836955, 'precision_weighted': 0.8482899763052604, 'recall_macro': 0.7062726643509231, 'recall_micro': 0.8475508309836955, 'recall_weighted': 0.8475508309836955}
-----------------------
Epoch 85/100
Training statistic: Loss: 0.3779, train_score: {'accuracy': 0.8483982205889778, 'balanced_accuracy': 0.7281458870713285, 'f1_macro': 0.7524262799957558, 'f1_micro': 0.8483982205889778, 'f1_weighted': 0.847576796790105, 'precision_macro': 0.7853328901845069, 'precision_micro': 0.8483982205889778, 'precision_weighted': 0.8477930533279546, 'recall_macro': 0.7281458870713285, 'recall_micro': 0.8483982205889778, 'recall_weighted': 0.8483982205889778}
Validation statistic: Loss: 0.3675, dev_score: {'accuracy': 0.8505104989404739, 'balanced_accuracy': 0.731685096162722, 'f1_macro': 0.7502440347207601, 'f1_micro': 0.8505104989404739, 'f1_weighted': 0.8501933662972887, 'precision_macro': 0.7768587352879557, 'precision_micro': 0.8505104989404739, 'precision_weighted': 0.8508591159865334, 'recall_macro': 0.731685096162722, 'recall_micro': 0.8505104989404739, 'recall_weighted': 0.8505104989404739}
Saving model...
Model saved!
-------------------------------------------
-----------------------
Epoch 86/100
Training statistic: Loss: 0.3780, train_score: {'accuracy': 0.8480089133441167, 'balanced_accuracy': 0.7191957151005347, 'f1_macro': 0.7446378184409387, 'f1_micro': 0.8480089133441167, 'f1_weighted': 0.846825521882595, 'precision_macro': 0.7819951603984998, 'precision_micro': 0.8480089133441167, 'precision_weighted': 0.8479900733746624, 'recall_macro': 0.7191957151005347, 'recall_micro': 0.8480089133441167, 'recall_weighted': 0.8480089133441167}
Validation statistic: Loss: 0.3674, dev_score: {'accuracy': 0.8492145496576242, 'balanced_accuracy': 0.7261182529080399, 'f1_macro': 0.7451850160373947, 'f1_micro': 0.8492145496576242, 'f1_weighted': 0.8487608649121747, 'precision_macro': 0.7735736776594446, 'precision_micro': 0.8492145496576242, 'precision_weighted': 0.850436625831412, 'recall_macro': 0.7261182529080399, 'recall_micro': 0.8492145496576242, 'recall_weighted': 0.8492145496576242}
Saving model...
Model saved!
-------------------------------------------
-----------------------
Epoch 87/100
Training statistic: Loss: 0.3823, train_score: {'accuracy': 0.8459141471646542, 'balanced_accuracy': 0.7333931350263544, 'f1_macro': 0.7537077206071051, 'f1_micro': 0.8459141471646542, 'f1_weighted': 0.8451250667148414, 'precision_macro': 0.7830987413472787, 'precision_micro': 0.8459141471646542, 'precision_weighted': 0.846292024288915, 'recall_macro': 0.7333931350263544, 'recall_micro': 0.8459141471646542, 'recall_weighted': 0.8459141471646542}
Validation statistic: Loss: 0.3735, dev_score: {'accuracy': 0.8485140365317595, 'balanced_accuracy': 0.7322943673026858, 'f1_macro': 0.7502876679272027, 'f1_micro': 0.8485140365317595, 'f1_weighted': 0.8482114567366679, 'precision_macro': 0.7784191404697429, 'precision_micro': 0.8485140365317595, 'precision_weighted': 0.8500689613981172, 'recall_macro': 0.7322943673026858, 'recall_micro': 0.8485140365317595, 'recall_weighted': 0.8485140365317595}
-----------------------
Epoch 88/100
Training statistic: Loss: 0.3813, train_score: {'accuracy': 0.8462089781743608, 'balanced_accuracy': 0.6981509760331027, 'f1_macro': 0.732531187330917, 'f1_micro': 0.8462089781743608, 'f1_weighted': 0.8447263835111377, 'precision_macro': 0.7920051393001826, 'precision_micro': 0.8462089781743608, 'precision_weighted': 0.8461047959603127, 'recall_macro': 0.6981509760331027, 'recall_micro': 0.8462089781743608, 'recall_weighted': 0.8462089781743608}
Validation statistic: Loss: 0.3726, dev_score: {'accuracy': 0.8484439852191731, 'balanced_accuracy': 0.694534798340869, 'f1_macro': 0.7235175294939528, 'f1_micro': 0.8484439852191731, 'f1_weighted': 0.8475292659050139, 'precision_macro': 0.7769550930923762, 'precision_micro': 0.8484439852191731, 'precision_weighted': 0.8491022181771236, 'recall_macro': 0.694534798340869, 'recall_micro': 0.8484439852191731, 'recall_weighted': 0.8484439852191731}
-----------------------
Epoch 89/100
Training statistic: Loss: 0.3800, train_score: {'accuracy': 0.8486979383005029, 'balanced_accuracy': 0.7240745650597186, 'f1_macro': 0.7385663669756752, 'f1_micro': 0.8486979383005029, 'f1_weighted': 0.847928812452298, 'precision_macro': 0.7693990859992151, 'precision_micro': 0.8486979383005029, 'precision_weighted': 0.8488733074453989, 'recall_macro': 0.7240745650597186, 'recall_micro': 0.8486979383005029, 'recall_weighted': 0.8486979383005029}
Validation statistic: Loss: 0.3704, dev_score: {'accuracy': 0.8518064482233236, 'balanced_accuracy': 0.7238474118699892, 'f1_macro': 0.7318758602430181, 'f1_micro': 0.8518064482233236, 'f1_weighted': 0.8515450449930995, 'precision_macro': 0.7533694500545486, 'precision_micro': 0.8518064482233236, 'precision_weighted': 0.8526315636446592, 'recall_macro': 0.7238474118699892, 'recall_micro': 0.8518064482233236, 'recall_weighted': 0.8518064482233236}
-----------------------
Epoch 90/100
Training statistic: Loss: 0.3714, train_score: {'accuracy': 0.8490025427138461, 'balanced_accuracy': 0.7209598195223103, 'f1_macro': 0.7487206479841105, 'f1_micro': 0.8490025427138461, 'f1_weighted': 0.8481062780437069, 'precision_macro': 0.79567927413907, 'precision_micro': 0.8490025427138461, 'precision_weighted': 0.8492818988803589, 'recall_macro': 0.7209598195223103, 'recall_micro': 0.8490025427138461, 'recall_weighted': 0.8490025427138461}
Validation statistic: Loss: 0.3639, dev_score: {'accuracy': 0.8503353706590078, 'balanced_accuracy': 0.7162684511578734, 'f1_macro': 0.740493355068187, 'f1_micro': 0.8503353706590078, 'f1_weighted': 0.849781450658955, 'precision_macro': 0.7840123190762761, 'precision_micro': 0.8503353706590078, 'precision_weighted': 0.8511876081471119, 'recall_macro': 0.7162684511578734, 'recall_micro': 0.8503353706590078, 'recall_weighted': 0.8503353706590078}
Saving model...
Model saved!
-------------------------------------------
-----------------------
Epoch 91/100
Training statistic: Loss: 0.3788, train_score: {'accuracy': 0.8461226464422368, 'balanced_accuracy': 0.7103001350294009, 'f1_macro': 0.7421244874296962, 'f1_micro': 0.8461226464422368, 'f1_weighted': 0.84448989388859, 'precision_macro': 0.7914567407664089, 'precision_micro': 0.8461226464422368, 'precision_weighted': 0.8463726927893162, 'recall_macro': 0.7103001350294009, 'recall_micro': 0.8461226464422368, 'recall_weighted': 0.8461226464422368}
Validation statistic: Loss: 0.3713, dev_score: {'accuracy': 0.8476909336088685, 'balanced_accuracy': 0.7110678369809558, 'f1_macro': 0.7387882141933684, 'f1_micro': 0.8476909336088685, 'f1_weighted': 0.8466339203254816, 'precision_macro': 0.7816342839671355, 'precision_micro': 0.8476909336088685, 'precision_weighted': 0.8488383357519118, 'recall_macro': 0.7110678369809558, 'recall_micro': 0.8476909336088685, 'recall_weighted': 0.8476909336088685}
-----------------------
Epoch 92/100
Training statistic: Loss: 0.3720, train_score: {'accuracy': 0.8489324999877832, 'balanced_accuracy': 0.7170656382903723, 'f1_macro': 0.7476071829371642, 'f1_micro': 0.8489324999877832, 'f1_weighted': 0.8480798775730141, 'precision_macro': 0.7975972677358205, 'precision_micro': 0.8489324999877832, 'precision_weighted': 0.8497702658810015, 'recall_macro': 0.7170656382903723, 'recall_micro': 0.8489324999877832, 'recall_weighted': 0.8489324999877832}
Validation statistic: Loss: 0.3642, dev_score: {'accuracy': 0.8503528834871543, 'balanced_accuracy': 0.7177335897194306, 'f1_macro': 0.7417029321005687, 'f1_micro': 0.8503528834871543, 'f1_weighted': 0.849950283477509, 'precision_macro': 0.7810169502966671, 'precision_micro': 0.8503528834871543, 'precision_weighted': 0.8516813632262292, 'recall_macro': 0.7177335897194306, 'recall_micro': 0.8503528834871543, 'recall_weighted': 0.8503528834871543}
-----------------------
Epoch 93/100
Training statistic: Loss: 0.3707, train_score: {'accuracy': 0.8482907131489744, 'balanced_accuracy': 0.7378444477125703, 'f1_macro': 0.7582354249603177, 'f1_micro': 0.8482907131489744, 'f1_weighted': 0.847831505353003, 'precision_macro': 0.7876037017466474, 'precision_micro': 0.8482907131489744, 'precision_weighted': 0.8497169489571766, 'recall_macro': 0.7378444477125703, 'recall_micro': 0.8482907131489744, 'recall_weighted': 0.8482907131489744}
Validation statistic: Loss: 0.3643, dev_score: {'accuracy': 0.8489168315791317, 'balanced_accuracy': 0.7392627503857193, 'f1_macro': 0.7528209424706159, 'f1_micro': 0.8489168315791317, 'f1_weighted': 0.848902938683545, 'precision_macro': 0.77421377219313, 'precision_micro': 0.8489168315791317, 'precision_weighted': 0.8515519882114388, 'recall_macro': 0.7392627503857193, 'recall_micro': 0.8489168315791317, 'recall_weighted': 0.8489168315791317}
-----------------------
Epoch 94/100
Training statistic: Loss: 0.3773, train_score: {'accuracy': 0.8479909954374494, 'balanced_accuracy': 0.7139637811282643, 'f1_macro': 0.7442806122950202, 'f1_micro': 0.8479909954374494, 'f1_weighted': 0.8468276478514187, 'precision_macro': 0.7933020455337318, 'precision_micro': 0.8479909954374494, 'precision_weighted': 0.8486691148467095, 'recall_macro': 0.7139637811282643, 'recall_micro': 0.8479909954374494, 'recall_weighted': 0.8479909954374494}
Validation statistic: Loss: 0.3679, dev_score: {'accuracy': 0.8489868828917182, 'balanced_accuracy': 0.7120370979365498, 'f1_macro': 0.7372566784650809, 'f1_micro': 0.8489868828917182, 'f1_weighted': 0.848357392059329, 'precision_macro': 0.7784318960183503, 'precision_micro': 0.8489868828917182, 'precision_weighted': 0.8505364928412781, 'recall_macro': 0.7120370979365498, 'recall_micro': 0.8489868828917182, 'recall_weighted': 0.8489868828917182}
-----------------------
Epoch 95/100
Training statistic: Loss: 0.3764, train_score: {'accuracy': 0.8479600463259332, 'balanced_accuracy': 0.6963004345440018, 'f1_macro': 0.7320947380111024, 'f1_micro': 0.8479600463259332, 'f1_weighted': 0.8463375603072166, 'precision_macro': 0.7930231597415082, 'precision_micro': 0.8479600463259332, 'precision_weighted': 0.8478286062659942, 'recall_macro': 0.6963004345440018, 'recall_micro': 0.8479600463259332, 'recall_weighted': 0.8479600463259332}
Validation statistic: Loss: 0.3675, dev_score: {'accuracy': 0.8491444983450377, 'balanced_accuracy': 0.6903480625343743, 'f1_macro': 0.7204482584059788, 'f1_micro': 0.8491444983450377, 'f1_weighted': 0.8480755922255766, 'precision_macro': 0.7718464429511062, 'precision_micro': 0.8491444983450377, 'precision_weighted': 0.849474801775189, 'recall_macro': 0.6903480625343743, 'recall_micro': 0.8491444983450377, 'recall_weighted': 0.8491444983450377}
-----------------------
Epoch 96/100
Training statistic: Loss: 0.3685, train_score: {'accuracy': 0.8516185570872651, 'balanced_accuracy': 0.702207435263456, 'f1_macro': 0.7387743923224326, 'f1_micro': 0.8516185570872651, 'f1_weighted': 0.8501105452376333, 'precision_macro': 0.8032796599242857, 'precision_micro': 0.8516185570872651, 'precision_weighted': 0.8513693092747417, 'recall_macro': 0.702207435263456, 'recall_micro': 0.8516185570872651, 'recall_weighted': 0.8516185570872651}
Validation statistic: Loss: 0.3596, dev_score: {'accuracy': 0.8521041663018161, 'balanced_accuracy': 0.6925093074796645, 'f1_macro': 0.7233912225116068, 'f1_micro': 0.8521041663018161, 'f1_weighted': 0.8510034183958108, 'precision_macro': 0.7848052902265586, 'precision_micro': 0.8521041663018161, 'precision_weighted': 0.8522658056918345, 'recall_macro': 0.6925093074796645, 'recall_micro': 0.8521041663018161, 'recall_weighted': 0.8521041663018161}
Saving model...
Model saved!
-------------------------------------------
-----------------------
Epoch 97/100
Training statistic: Loss: 0.3634, train_score: {'accuracy': 0.8544398129370544, 'balanced_accuracy': 0.7279344181339577, 'f1_macro': 0.7569393155133355, 'f1_micro': 0.8544398129370544, 'f1_weighted': 0.8530471224477398, 'precision_macro': 0.8017810286633278, 'precision_micro': 0.8544398129370544, 'precision_weighted': 0.8540446093893027, 'recall_macro': 0.7279344181339577, 'recall_micro': 0.8544398129370544, 'recall_weighted': 0.8544398129370544}
Validation statistic: Loss: 0.3555, dev_score: {'accuracy': 0.8566925272762298, 'balanced_accuracy': 0.7303201892067425, 'f1_macro': 0.7552608337771819, 'f1_micro': 0.8566925272762298, 'f1_weighted': 0.8558431613698708, 'precision_macro': 0.7948749739944051, 'precision_micro': 0.8566925272762298, 'precision_weighted': 0.8568792660152539, 'recall_macro': 0.7303201892067425, 'recall_micro': 0.8566925272762298, 'recall_weighted': 0.8566925272762298}
Saving model...
Model saved!
-------------------------------------------
-----------------------
Epoch 98/100
Training statistic: Loss: 0.3656, train_score: {'accuracy': 0.8504343463466203, 'balanced_accuracy': 0.7037733919864327, 'f1_macro': 0.7399082713068876, 'f1_micro': 0.8504343463466203, 'f1_weighted': 0.8484651078236365, 'precision_macro': 0.80487019996454, 'precision_micro': 0.8504343463466203, 'precision_weighted': 0.8506363159524322, 'recall_macro': 0.7037733919864327, 'recall_micro': 0.8504343463466203, 'recall_weighted': 0.8504343463466203}
Validation statistic: Loss: 0.3577, dev_score: {'accuracy': 0.8510884222693123, 'balanced_accuracy': 0.7074081438295868, 'f1_macro': 0.7377469602566805, 'f1_micro': 0.8510884222693123, 'f1_weighted': 0.8497821064914527, 'precision_macro': 0.7920472705732334, 'precision_micro': 0.8510884222693123, 'precision_weighted': 0.8519923656537411, 'recall_macro': 0.7074081438295868, 'recall_micro': 0.8510884222693123, 'recall_weighted': 0.8510884222693123}
-----------------------
Epoch 99/100
Training statistic: Loss: 0.3696, train_score: {'accuracy': 0.8522521994230434, 'balanced_accuracy': 0.7180287776071582, 'f1_macro': 0.7525284389908921, 'f1_micro': 0.8522521994230434, 'f1_weighted': 0.8508521006173696, 'precision_macro': 0.8128140038904562, 'precision_micro': 0.8522521994230434, 'precision_weighted': 0.8528106559830931, 'recall_macro': 0.7180287776071582, 'recall_micro': 0.8522521994230434, 'recall_weighted': 0.8522521994230434}
Validation statistic: Loss: 0.3607, dev_score: {'accuracy': 0.853802910632038, 'balanced_accuracy': 0.7276203238208746, 'f1_macro': 0.7560646181373689, 'f1_micro': 0.853802910632038, 'f1_weighted': 0.8530349343075414, 'precision_macro': 0.8065781981629037, 'precision_micro': 0.853802910632038, 'precision_weighted': 0.8552128419992423, 'recall_macro': 0.7276203238208746, 'recall_micro': 0.853802910632038, 'recall_weighted': 0.853802910632038}
-----------------------
Epoch 100/100
Training statistic: Loss: 0.3614, train_score: {'accuracy': 0.8538273463091556, 'balanced_accuracy': 0.7356439142144445, 'f1_macro': 0.7621561159652055, 'f1_micro': 0.8538273463091556, 'f1_weighted': 0.8531405215550453, 'precision_macro': 0.8002571238851814, 'precision_micro': 0.8538273463091556, 'precision_weighted': 0.8542447826830817, 'recall_macro': 0.7356439142144445, 'recall_micro': 0.8538273463091556, 'recall_weighted': 0.8538273463091556}
Validation statistic: Loss: 0.3541, dev_score: {'accuracy': 0.8540130645697974, 'balanced_accuracy': 0.7401482218250842, 'f1_macro': 0.7624455843366466, 'f1_micro': 0.8540130645697974, 'f1_weighted': 0.8537460155605826, 'precision_macro': 0.7942141424364199, 'precision_micro': 0.8540130645697974, 'precision_weighted': 0.8552746891298949, 'recall_macro': 0.7401482218250842, 'recall_micro': 0.8540130645697974, 'recall_weighted': 0.8540130645697974}
Saving model...
Model saved!
-------------------------------------------
Testing statistic: loss: 0.3443263189315796, scores: {'accuracy': 0.857, 'balanced_accuracy': 0.7227242816714661, 'f1_macro': 0.7517831749215269, 'f1_micro': 0.857, 'f1_weighted': 0.856378805668219, 'precision_macro': 0.7991837785330417, 'precision_micro': 0.857, 'precision_weighted': 0.857701687161321, 'recall_macro': 0.7227242816714661, 'recall_micro': 0.857, 'recall_weighted': 0.857}
Finish training!
