run_record,predictions,dataset,train_option,augment_option,seed,selected_dev_epoch,test_loss,accuracy,balanced_accuracy,f1_macro,f1_micro,f1_weighted,f1_binary,pr_auc,precision_macro,precision_micro,precision_weighted,precision_binary,recall_macro,recall_micro,recall_weighted,recall_binary,roc_auc,mae,mse,r2,nmae_sigma
/home/thuy/Research/minh_data_synth/TabularDA/.cache/statistical_328_20261010/records/adult_seed42_ctgan_full_dnn_mix.run.json,/home/thuy/Research/minh_data_synth/TabularDA/output/corrected_v2/adult/acc/adult_seed42_ctgan_full_dnn_mix.predictions.csv,adult,mix,compare_dnn,42,1,0.4398990327126714,0.8238630395966811,0.8176067517824075,0.7818070151265066,0.8238630395966811,0.8318416107461662,0.6860138550833177,0.7443013507272729,0.7644208584460528,0.8238630395966811,0.8516974946616047,0.5973263775676557,0.8176067517824075,0.8238630395966811,0.8238630395966811,0.8056288478452067,0.9031534171966225,,,,
/home/thuy/Research/minh_data_synth/TabularDA/.cache/statistical_328_20261010/records/adult_seed43_ctgan_full_dnn_mix.run.json,/home/thuy/Research/minh_data_synth/TabularDA/output/corrected_v2/adult/acc/adult_seed43_ctgan_full_dnn_mix.predictions.csv,adult,mix,compare_dnn,43,1,0.4813689769297234,0.8234429156601197,0.8066180965429057,0.7777244244952701,0.8234429156601197,0.8303779809016613,0.6769171631750913,0.7282899216831236,0.7617037432421683,0.8234429156601197,0.845522717971754,0.601229088426084,0.8066180965429057,0.8234429156601197,0.8234429156601197,0.7744063324538258,0.8982763194766306,,,,
/home/thuy/Research/minh_data_synth/TabularDA/.cache/statistical_328_20261010/records/adult_seed42_ctgan_full_rf_mix.run.json,/home/thuy/Research/minh_data_synth/TabularDA/output/corrected_v2/adult/acc/adult_seed42_ctgan_full_rf_mix.predictions.csv,adult,mix,compare_rf,42,1,0.375743851708885,0.8422434618212372,0.7254206969335202,0.7523126882871828,0.8422434618212372,0.830267322553324,0.6030655391120507,0.7478086301128064,0.807099303027873,0.8422434618212372,0.8339831519248736,0.7556291390728477,0.7254206969335202,0.8422434618212372,0.8422434618212372,0.5017590149516271,0.9026278911517568,,,,
/home/thuy/Research/minh_data_synth/TabularDA/.cache/statistical_328_20261010/records/adult_seed43_ctgan_full_rf_mix.run.json,/home/thuy/Research/minh_data_synth/TabularDA/output/corrected_v2/adult/acc/adult_seed43_ctgan_full_rf_mix.predictions.csv,adult,mix,compare_rf,43,46,0.3868346356591837,0.8493855687427792,0.7969533749385151,0.7945444350944608,0.8493855687427792,0.8499876059895791,0.6883963494132985,0.7587436438667352,0.7922428879165169,0.8493855687427792,0.8506541010201144,0.6804123711340206,0.7969533749385151,0.8493855687427792,0.8493855687427792,0.6965699208443272,0.9087253403858984,,,,
/home/thuy/Research/minh_data_synth/TabularDA/.cache/statistical_328_20261010/records/adult_seed42_ctgan_full_xgb_mix.run.json,/home/thuy/Research/minh_data_synth/TabularDA/output/corrected_v2/adult/acc/adult_seed42_ctgan_full_xgb_mix.predictions.csv,adult,mix,compare_xgb,42,1,0.41354296210495545,0.8428736477260792,0.7234205364934921,0.7514186680576437,0.8428736477260792,0.8301728869132506,0.600640683395622,0.7448140075908871,0.8107578260464438,0.8428736477260792,0.8350412350798673,0.764266304347826,0.7234205364934921,0.8428736477260792,0.8428736477260792,0.4947229551451187,0.9007372595508237,,,,
/home/thuy/Research/minh_data_synth/TabularDA/.cache/statistical_328_20261010/records/adult_seed43_ctgan_full_xgb_mix.run.json,/home/thuy/Research/minh_data_synth/TabularDA/output/corrected_v2/adult/acc/adult_seed43_ctgan_full_xgb_mix.predictions.csv,adult,mix,compare_xgb,43,1,0.40963350977169943,0.8416132759163953,0.7772121821797732,0.779985816280997,0.8416132759163953,0.8408060895032308,0.6635430611334225,0.7340721908389791,0.782921785850887,0.8416132759163953,0.8400956898853185,0.6734601449275363,0.7772121821797732,0.8416132759163953,0.8416132759163953,0.6539138082673702,0.8978404493097499,,,,
/home/thuy/Research/minh_data_synth/TabularDA/.cache/statistical_328_20261010/records/adult_seed42_ctgan_full_generated_mix.run.json,/home/thuy/Research/minh_data_synth/TabularDA/output/corrected_v2/adult/acc/adult_seed42_ctgan_full_generated_mix.predictions.csv,adult,mix,ctgan,42,33,0.336031327827577,0.8447642054406049,0.7424666003789637,0.7645603440648822,0.8447642054406049,0.8363353670307757,0.6271442986881938,0.7309944710287501,0.8019233602757664,0.8447642054406049,0.8366160036570955,0.7355029585798817,0.7424666003789637,0.8447642054406049,0.8447642054406049,0.5466138962181178,0.8974561578205594,,,,
/home/thuy/Research/minh_data_synth/TabularDA/.cache/statistical_328_20261010/records/adult_seed43_ctgan_full_generated_mix.run.json,/home/thuy/Research/minh_data_synth/TabularDA/output/corrected_v2/adult/acc/adult_seed43_ctgan_full_generated_mix.predictions.csv,adult,mix,ctgan,43,66,0.328055091902634,0.8499107236634807,0.7834171274463009,0.7892506583676201,0.8499107236634807,0.848307530864941,0.6761840018128258,0.736377712629276,0.7957944276216652,0.8499107236634807,0.8471238840809345,0.6975222066386162,0.7834171274463009,0.8499107236634807,0.8499107236634807,0.6561125769569042,0.9025627806562726,,,,
/home/thuy/Research/minh_data_synth/TabularDA/.cache/statistical_328_20261010/records/adult_seed42_ctgan_xonly_dnn_mix.run.json,/home/thuy/Research/minh_data_synth/TabularDA/output/corrected_v2/adult/acc/adult_seed42_ctgan_xonly_dnn_mix.predictions.csv,adult,mix,dnn,42,1,0.41620554578190355,0.8233378846759795,0.8166582502400836,0.7810814125643565,0.8233378846759795,0.8313184280582845,0.6849007118771075,0.7355878051560891,0.7637667097581875,0.8233378846759795,0.8510780722297995,0.5966057441253264,0.8166582502400836,0.8233378846759795,0.8233378846759795,0.8038698328935796,0.9002727480476255,,,,
/home/thuy/Research/minh_data_synth/TabularDA/.cache/statistical_328_20261010/records/adult_seed43_ctgan_xonly_dnn_mix.run.json,/home/thuy/Research/minh_data_synth/TabularDA/output/corrected_v2/adult/acc/adult_seed43_ctgan_xonly_dnn_mix.predictions.csv,adult,mix,dnn,43,1,0.42784350557044803,0.8317403634072051,0.812219510599661,0.7861781636813804,0.8317403634072051,0.8377323887636389,0.6874756145142411,0.7468467736925193,0.7705194661531858,0.8317403634072051,0.8502814577812283,0.6178120617110799,0.812219510599661,0.8317403634072051,0.8317403634072051,0.7748460861917327,0.9029686441688969,,,,
/home/thuy/Research/minh_data_synth/TabularDA/.cache/statistical_328_20261010/records/adult_seed42_ctgan_xonly_rf_mix.run.json,/home/thuy/Research/minh_data_synth/TabularDA/output/corrected_v2/adult/acc/adult_seed42_ctgan_xonly_rf_mix.predictions.csv,adult,mix,rf,42,20,0.37253133856365,0.8568427686167419,0.7740895180112135,0.7904931310989923,0.8568427686167419,0.8520752041441152,0.6725918808551525,0.7679142979957223,0.8133075274151464,0.8568427686167419,0.8510057260039562,0.741132874536792,0.7740895180112135,0.8568427686167419,0.8568427686167419,0.6156552330694811,0.9106603903304422,,,,
/home/thuy/Research/minh_data_synth/TabularDA/.cache/statistical_328_20261010/records/adult_seed43_ctgan_xonly_rf_mix.run.json,/home/thuy/Research/minh_data_synth/TabularDA/output/corrected_v2/adult/acc/adult_seed43_ctgan_xonly_rf_mix.predictions.csv,adult,mix,rf,43,1,0.36068496370676145,0.8472849490599726,0.7709795968100833,0.7814713064250483,0.8472849490599726,0.8441107791185372,0.6615456238361266,0.7519140387493164,0.7945105176568876,0.8472849490599726,0.8424285836359897,0.7027695351137487,0.7709795968100833,0.8472849490599726,0.8472849490599726,0.6248900615655233,0.9025661181001231,,,,
/home/thuy/Research/minh_data_synth/TabularDA/.cache/statistical_328_20261010/records/adult_seed42_tvae_full_generated_mix.run.json,/home/thuy/Research/minh_data_synth/TabularDA/output/corrected_v2/adult/acc/adult_seed42_tvae_full_generated_mix.predictions.csv,adult,mix,tvae,42,25,0.3779462323620995,0.8363617267093792,0.7033002101133287,0.7330505277976095,0.8363617267093792,0.8197914685688793,0.5669816564758199,0.7159697500122504,0.8087049753299325,0.8363617267093792,0.8287161821697389,0.770392749244713,0.7033002101133287,0.8363617267093792,0.8363617267093792,0.44854881266490765,0.8948964597487888,,,,
/home/thuy/Research/minh_data_synth/TabularDA/.cache/statistical_328_20261010/records/adult_seed43_tvae_full_generated_mix.run.json,/home/thuy/Research/minh_data_synth/TabularDA/output/corrected_v2/adult/acc/adult_seed43_tvae_full_generated_mix.predictions.csv,adult,mix,tvae,43,12,0.37100515307003856,0.8373070055666422,0.754768661135248,0.7659149914693578,0.8373070055666422,0.8334373357268312,0.6366408632418484,0.7229772810666337,0.7802525881194151,0.8373070055666422,0.8314399628199491,0.6822523881347411,0.754768661135248,0.8373070055666422,0.8373070055666422,0.5967458223394899,0.8944972711238655,,,,
/home/thuy/Research/minh_data_synth/TabularDA/.cache/statistical_328_20261010/records/adult_seed42_tvae_full_dnn_mix.run.json,/home/thuy/Research/minh_data_synth/TabularDA/output/corrected_v2/adult/acc/adult_seed42_tvae_full_dnn_mix.predictions.csv,adult,mix,tvae_compare_dnn,42,1,0.4888584791280532,0.8331057662010293,0.8085899493910014,0.785972048915706,0.8331057662010293,0.8384330999586588,0.6855333465268157,0.7347154320602213,0.7714270983300721,0.8331057662010293,0.8488250330568625,0.6232457718603814,0.8085899493910014,0.8331057662010293,0.8331057662010293,0.7616534740545294,0.9008453927315813,,,,
/home/thuy/Research/minh_data_synth/TabularDA/.cache/statistical_328_20261010/records/adult_seed43_tvae_full_dnn_mix.run.json,/home/thuy/Research/minh_data_synth/TabularDA/output/corrected_v2/adult/acc/adult_seed43_tvae_full_dnn_mix.predictions.csv,adult,mix,tvae_compare_dnn,43,1,0.4752385078696265,0.8370969435983615,0.8053272946231109,0.7879402987389423,0.8370969435983615,0.8412683953545382,0.6858416042130848,0.734852189104396,0.7755152891218426,0.8370969435983615,0.8485178082426361,0.6357491550882464,0.8053272946231109,0.8370969435983615,0.8370969435983615,0.7445030782761654,0.898751541140549,,,,
/home/thuy/Research/minh_data_synth/TabularDA/.cache/statistical_328_20261010/records/adult_seed42_tvae_full_rf_mix.run.json,/home/thuy/Research/minh_data_synth/TabularDA/output/corrected_v2/adult/acc/adult_seed42_tvae_full_rf_mix.predictions.csv,adult,mix,tvae_compare_rf,42,1,0.3609572131961049,0.8459195462661485,0.7708370879576651,0.7803490110976903,0.8459195462661485,0.8430330309732655,0.6603380412132438,0.7444001662449515,0.7919404359639518,0.8459195462661485,0.8413674504240556,0.6973105134474328,0.7708370879576651,0.8459195462661485,0.8459195462661485,0.6270888302550571,0.9017542090324824,,,,
/home/thuy/Research/minh_data_synth/TabularDA/.cache/statistical_328_20261010/records/adult_seed43_tvae_full_rf_mix.run.json,/home/thuy/Research/minh_data_synth/TabularDA/output/corrected_v2/adult/acc/adult_seed43_tvae_full_rf_mix.predictions.csv,adult,mix,tvae_compare_rf,43,2,0.37939900299441276,0.8440289885516228,0.7424362903207211,0.7640150580407539,0.8440289885516228,0.8357880155498719,0.6266029670605985,0.7422116115233592,0.8000792996633482,0.8440289885516228,0.8358212134558894,0.731650029359953,0.7424362903207211,0.8440289885516228,0.8440289885516228,0.5479331574318381,0.9022596497334475,,,,
/home/thuy/Research/minh_data_synth/TabularDA/.cache/statistical_328_20261010/records/adult_seed42_tvae_full_xgb_mix.run.json,/home/thuy/Research/minh_data_synth/TabularDA/output/corrected_v2/adult/acc/adult_seed42_tvae_full_xgb_mix.predictions.csv,adult,mix,tvae_compare_xgb,42,1,0.40427742202471517,0.8447642054406049,0.7841102538532609,0.7854853159058611,0.8447642054406049,0.8443851995534698,0.6727192205491586,0.7408819075204451,0.7868985162429429,0.8447642054406049,0.8440289653952108,0.6775200713648528,0.7841102538532609,0.8447642054406049,0.8447642054406049,0.667985927880387,0.8998377577523056,,,,
/home/thuy/Research/minh_data_synth/TabularDA/.cache/statistical_328_20261010/records/adult_seed43_tvae_full_xgb_mix.run.json,/home/thuy/Research/minh_data_synth/TabularDA/output/corrected_v2/adult/acc/adult_seed43_tvae_full_xgb_mix.predictions.csv,adult,mix,tvae_compare_xgb,43,1,0.40836473418288766,0.8439239575674824,0.7666594274475509,0.7768090852586976,0.8439239575674824,0.8407359689958335,0.6544186046511627,0.7320225558341569,0.7893973738332959,0.8439239575674824,0.8389787782783699,0.694471865745311,0.7666594274475509,0.8439239575674824,0.8439239575674824,0.6187335092348285,0.8959165342915073,,,,
/home/thuy/Research/minh_data_synth/TabularDA/.cache/statistical_328_20261010/records/adult_seed42_tvae_xonly_dnn_mix.run.json,/home/thuy/Research/minh_data_synth/TabularDA/output/corrected_v2/adult/acc/adult_seed42_tvae_xonly_dnn_mix.predictions.csv,adult,mix,tvae_dnn,42,1,0.4534311760230646,0.8312152084865035,0.8160992587355165,0.7870999988381135,0.8312152084865035,0.8377195045098818,0.6901870059764796,0.7353721918924756,0.7706211156633576,0.8312152084865035,0.8521730571003006,0.6144867833848267,0.8160992587355165,0.8312152084865035,0.8312152084865035,0.7871591908531222,0.9008553747227344,,,,
/home/thuy/Research/minh_data_synth/TabularDA/.cache/statistical_328_20261010/records/adult_seed43_tvae_xonly_dnn_mix.run.json,/home/thuy/Research/minh_data_synth/TabularDA/output/corrected_v2/adult/acc/adult_seed43_tvae_xonly_dnn_mix.predictions.csv,adult,mix,tvae_dnn,43,1,0.4858018886252945,0.8407730280432728,0.8059314933216535,0.7910924901398124,0.8407730280432728,0.8443040591671456,0.6892168921689217,0.7449689827863739,0.7799072533731648,0.8407730280432728,0.8500870580182951,0.6455453149001537,0.8059314933216535,0.8407730280432728,0.8407730280432728,0.7392260334212841,0.8991952087898805,,,,
/home/thuy/Research/minh_data_synth/TabularDA/.cache/statistical_328_20261010/records/adult_seed42_tvae_xonly_rf_mix.run.json,/home/thuy/Research/minh_data_synth/TabularDA/output/corrected_v2/adult/acc/adult_seed42_tvae_xonly_rf_mix.predictions.csv,adult,mix,tvae_rf,42,1,0.3598826235488312,0.8460245772502888,0.7582319266189546,0.7741524356895754,0.8460245772502888,0.8406987324651158,0.6467469879518072,0.7441867387698131,0.7967210337177051,0.8460245772502888,0.8392217308900988,0.7153518123667377,0.7582319266189546,0.8460245772502888,0.8460245772502888,0.5901495162708883,0.9014561449562304,,,,
/home/thuy/Research/minh_data_synth/TabularDA/.cache/statistical_328_20261010/records/adult_seed43_tvae_xonly_rf_mix.run.json,/home/thuy/Research/minh_data_synth/TabularDA/output/corrected_v2/adult/acc/adult_seed43_tvae_xonly_rf_mix.predictions.csv,adult,mix,tvae_rf,43,1,0.3708159652074061,0.8515912194097258,0.7635483229708736,0.7811347583289778,0.8515912194097258,0.8459959173357456,0.6569555717407137,0.757806665768576,0.8066744832377974,0.8515912194097258,0.8449819654849248,0.7333333333333333,0.7635483229708736,0.8515912194097258,0.8515912194097258,0.5949868073878628,0.9035780310756071,,,,
/home/thuy/Research/minh_data_synth/TabularDA/.cache/statistical_328_20261010/records/adult_seed42_tvae_xonly_xgb_mix.run.json,/home/thuy/Research/minh_data_synth/TabularDA/output/corrected_v2/adult/acc/adult_seed42_tvae_xonly_xgb_mix.predictions.csv,adult,mix,tvae_xgb,42,1,0.4008165920166368,0.8488604138220776,0.7729198046223962,0.7836186156370746,0.8488604138220776,0.8456781914545993,0.664803167947822,0.7446247282078169,0.7969411557941491,0.8488604138220776,0.8440311558256808,0.7067855373947499,0.7729198046223962,0.8488604138220776,0.8488604138220776,0.627528583992964,0.9001877645910314,,,,
/home/thuy/Research/minh_data_synth/TabularDA/.cache/statistical_328_20261010/records/adult_seed43_tvae_xonly_xgb_mix.run.json,/home/thuy/Research/minh_data_synth/TabularDA/output/corrected_v2/adult/acc/adult_seed43_tvae_xonly_xgb_mix.predictions.csv,adult,mix,tvae_xgb,43,1,0.42748048677750966,0.8507509715366033,0.7783864162879881,0.7876529344144737,0.8507509715366033,0.8481127684430576,0.6719002539829139,0.7473459189098124,0.7988070497258988,0.8507509715366033,0.8465816240119417,0.7073407875546913,0.7783864162879881,0.8507509715366033,0.8507509715366033,0.6398416886543535,0.8999759886085152,,,,
/home/thuy/Research/minh_data_synth/TabularDA/.cache/statistical_328_20261010/records/adult_seed42_ctgan_xonly_xgb_mix.run.json,/home/thuy/Research/minh_data_synth/TabularDA/output/corrected_v2/adult/acc/adult_seed42_ctgan_xonly_xgb_mix.predictions.csv,adult,mix,xgb,42,1,0.38002297897609816,0.8426635857577985,0.7703579827227207,0.7776259471096667,0.8426635857577985,0.8404405085773613,0.6573650503202195,0.7401511693825256,0.7860901955340158,0.8426635857577985,0.8389238987420667,0.6849380362249762,0.7703579827227207,0.8426635857577985,0.8426635857577985,0.6319261213720316,0.9001547542373098,,,,
/home/thuy/Research/minh_data_synth/TabularDA/.cache/statistical_328_20261010/records/adult_seed43_ctgan_xonly_xgb_mix.run.json,/home/thuy/Research/minh_data_synth/TabularDA/output/corrected_v2/adult/acc/adult_seed43_ctgan_xonly_xgb_mix.predictions.csv,adult,mix,xgb,43,1,0.4114847681925785,0.8484402898855162,0.779735320071181,0.7864408464761248,0.8484402898855162,0.8465428410326362,0.6713732634935095,0.751292208211293,0.7941093006703726,0.8484402898855162,0.8452135203350045,0.6962683042040624,0.779735320071181,0.8484402898855162,0.8484402898855162,0.6481970096745823,0.89735342523076,,,,
/home/thuy/Research/minh_data_synth/TabularDA/.cache/statistical_328_20261010/records/adult_seed42_real_original.run.json,/home/thuy/Research/minh_data_synth/TabularDA/output/corrected_v2/adult/acc/adult_seed42_real_original.predictions.csv,adult,original,real,42,49,0.3168763664199229,0.8567377376326016,0.7710028678958412,0.7889099921471779,0.8567377376326016,0.8514090431568151,0.6692531522793405,0.7752771916549557,0.8147015611622573,0.8567377376326016,0.8506139311308233,0.745945945945946,0.7710028678958412,0.8567377376326016,0.8567377376326016,0.6068601583113457,0.9112375860741939,,,,
/home/thuy/Research/minh_data_synth/TabularDA/.cache/statistical_328_20261010/records/adult_seed43_real_original.run.json,/home/thuy/Research/minh_data_synth/TabularDA/output/corrected_v2/adult/acc/adult_seed43_real_original.predictions.csv,adult,original,real,43,43,0.3149313728870207,0.8570528305850226,0.7808663494517307,0.7938431821440739,0.8570528305850226,0.8534679131184362,0.6796893386679219,0.775455996823236,0.8105735958693852,0.8570528305850226,0.852063675611059,0.7311392405063292,0.7808663494517307,0.8570528305850226,0.8570528305850226,0.635004397537379,0.9128118583384942,,,,
/home/thuy/Research/minh_data_synth/TabularDA/.cache/statistical_328_20261010/records/adult_seed42_ctgan_full_dnn_synthetic.run.json,/home/thuy/Research/minh_data_synth/TabularDA/output/corrected_v2/adult/acc/adult_seed42_ctgan_full_dnn_synthetic.predictions.csv,adult,synthetic,compare_dnn,42,1,0.42749294171299757,0.8272240310891713,0.8174004370716467,0.7843819284160247,0.8272240310891713,0.8345831010346766,0.6882698502937274,0.7412782529722857,0.7672308258377605,0.8272240310891713,0.852108837136556,0.6047286047286047,0.8174004370716467,0.8272240310891713,0.8272240310891713,0.7985927880386984,0.9019302136850006,,,,
/home/thuy/Research/minh_data_synth/TabularDA/.cache/statistical_328_20261010/records/adult_seed43_ctgan_full_dnn_synthetic.run.json,/home/thuy/Research/minh_data_synth/TabularDA/output/corrected_v2/adult/acc/adult_seed43_ctgan_full_dnn_synthetic.predictions.csv,adult,synthetic,compare_dnn,43,1,0.44531744406160945,0.8263837832160488,0.8044760947392298,0.7792350062051967,0.8263837832160488,0.8325238398585982,0.677211482132396,0.7256036860330007,0.7640755864018494,0.8263837832160488,0.845042051715937,0.6090621707060063,0.8044760947392298,0.8263837832160488,0.8263837832160488,0.762532981530343,0.8963906940414734,,,,
/home/thuy/Research/minh_data_synth/TabularDA/.cache/statistical_328_20261010/records/adult_seed42_ctgan_full_rf_synthetic.run.json,/home/thuy/Research/minh_data_synth/TabularDA/output/corrected_v2/adult/acc/adult_seed42_ctgan_full_rf_synthetic.predictions.csv,adult,synthetic,compare_rf,42,1,0.3714284277985219,0.8424535237895179,0.7400434341010789,0.7614989200442643,0.8424535237895179,0.8340763933496809,0.622546552591847,0.742742333798805,0.7975276593184263,0.8424535237895179,0.8340276305673625,0.7276470588235294,0.7400434341010789,0.8424535237895179,0.8424535237895179,0.5439753737906772,0.9013385455710966,,,,
/home/thuy/Research/minh_data_synth/TabularDA/.cache/statistical_328_20261010/records/adult_seed43_ctgan_full_rf_synthetic.run.json,/home/thuy/Research/minh_data_synth/TabularDA/output/corrected_v2/adult/acc/adult_seed43_ctgan_full_rf_synthetic.predictions.csv,adult,synthetic,compare_rf,43,2,0.3836911872879145,0.8447642054406049,0.7537828105621966,0.7708651828566456,0.8447642054406049,0.8388326027401355,0.6407389402041809,0.7364761374148092,0.7959206936370378,0.8447642054406049,0.8375058304627765,0.716304347826087,0.7537828105621966,0.8447642054406049,0.8447642054406049,0.5795954265611257,0.8998549910987339,,,,
/home/thuy/Research/minh_data_synth/TabularDA/.cache/statistical_328_20261010/records/adult_seed42_ctgan_full_xgb_synthetic.run.json,/home/thuy/Research/minh_data_synth/TabularDA/output/corrected_v2/adult/acc/adult_seed42_ctgan_full_xgb_synthetic.predictions.csv,adult,synthetic,compare_xgb,42,1,0.41099210976677875,0.8429786787102195,0.7400866388287441,0.7618965811566201,0.8429786787102195,0.8344706040389185,0.6229508196721312,0.7371753137616883,0.7988211574612194,0.8429786787102195,0.8345916987824896,0.7303370786516854,0.7400866388287441,0.8429786787102195,0.8429786787102195,0.5430958663148637,0.8948670295621068,,,,
/home/thuy/Research/minh_data_synth/TabularDA/.cache/statistical_328_20261010/records/adult_seed43_ctgan_full_xgb_synthetic.run.json,/home/thuy/Research/minh_data_synth/TabularDA/output/corrected_v2/adult/acc/adult_seed43_ctgan_full_xgb_synthetic.predictions.csv,adult,synthetic,compare_xgb,43,1,0.41083481811122374,0.8414032139481147,0.7701335851343698,0.7765607029846385,0.8414032139481147,0.839431010456147,0.6561930783242259,0.7256265260240131,0.783918439261729,0.8414032139481147,0.8380096000025797,0.6803588290840415,0.7701335851343698,0.8414032139481147,0.8414032139481147,0.6336851363236587,0.8897313102840966,,,,
/home/thuy/Research/minh_data_synth/TabularDA/.cache/statistical_328_20261010/records/adult_seed42_ctgan_full_generated_synthetic.run.json,/home/thuy/Research/minh_data_synth/TabularDA/output/corrected_v2/adult/acc/adult_seed42_ctgan_full_generated_synthetic.predictions.csv,adult,synthetic,ctgan,42,34,0.3507887113715355,0.836256695725239,0.7236003943766377,0.7471525996452357,0.836256695725239,0.8255522227531366,0.5970535021969501,0.7078577277654119,0.791478503745856,0.836256695725239,0.826651770009238,0.7241379310344828,0.7236003943766377,0.836256695725239,0.836256695725239,0.5079155672823219,0.8866707832519544,,,,
/home/thuy/Research/minh_data_synth/TabularDA/.cache/statistical_328_20261010/records/adult_seed43_ctgan_full_generated_synthetic.run.json,/home/thuy/Research/minh_data_synth/TabularDA/output/corrected_v2/adult/acc/adult_seed43_ctgan_full_generated_synthetic.predictions.csv,adult,synthetic,ctgan,43,48,0.34270442051429756,0.8423484928053776,0.7521959470324602,0.7682361182501667,0.8423484928053776,0.8366909545545991,0.6371766980904037,0.7126173389683372,0.7913121561347722,0.8423484928053776,0.8351091711930847,0.7074610842726785,0.7521959470324602,0.8423484928053776,0.8423484928053776,0.5795954265611257,0.8926178047896325,,,,
/home/thuy/Research/minh_data_synth/TabularDA/.cache/statistical_328_20261010/records/adult_seed42_ctgan_xonly_dnn_synthetic.run.json,/home/thuy/Research/minh_data_synth/TabularDA/output/corrected_v2/adult/acc/adult_seed42_ctgan_xonly_dnn_synthetic.predictions.csv,adult,synthetic,dnn,42,1,0.40184994966414606,0.8290095578195568,0.8131415553143697,0.7843438662407245,0.8290095578195568,0.835606844367088,0.6861989205859677,0.7307507927972201,0.768037508106614,0.8290095578195568,0.8501425726131032,0.6108442004118051,0.8131415553143697,0.8290095578195568,0.8290095578195568,0.7827616534740546,0.8977839858278783,,,,
/home/thuy/Research/minh_data_synth/TabularDA/.cache/statistical_328_20261010/records/adult_seed43_ctgan_xonly_dnn_synthetic.run.json,/home/thuy/Research/minh_data_synth/TabularDA/output/corrected_v2/adult/acc/adult_seed43_ctgan_xonly_dnn_synthetic.predictions.csv,adult,synthetic,dnn,43,1,0.44287054673449205,0.8346812309631342,0.8084177979691108,0.7871554319340124,0.8346812309631342,0.8396883944972092,0.68657905217045,0.7406999097567786,0.7730802864615067,0.8346812309631342,0.849189975158797,0.6273653566229985,0.8084177979691108,0.8346812309631342,0.8346812309631342,0.7581354441512753,0.900102629432444,,,,
/home/thuy/Research/minh_data_synth/TabularDA/.cache/statistical_328_20261010/records/adult_seed42_ctgan_xonly_rf_synthetic.run.json,/home/thuy/Research/minh_data_synth/TabularDA/output/corrected_v2/adult/acc/adult_seed42_ctgan_xonly_rf_synthetic.predictions.csv,adult,synthetic,rf,42,2,0.36390979295204623,0.8463396702027098,0.7591933228307008,0.7748883206822832,0.8463396702027098,0.8411313410337152,0.6480635073370219,0.7446148717046923,0.7969904996080615,0.8463396702027098,0.839634014007225,0.7153478491768455,0.7591933228307008,0.8463396702027098,0.8463396702027098,0.5923482849604221,0.9013018336887407,,,,
/home/thuy/Research/minh_data_synth/TabularDA/.cache/statistical_328_20261010/records/adult_seed43_ctgan_xonly_rf_synthetic.run.json,/home/thuy/Research/minh_data_synth/TabularDA/output/corrected_v2/adult/acc/adult_seed43_ctgan_xonly_rf_synthetic.predictions.csv,adult,synthetic,rf,43,1,0.36354800348847294,0.8465497321709904,0.774419591208032,0.7825239046660366,0.8465497321709904,0.8441577490683083,0.6645235361653272,0.7464079120074052,0.7920914327272351,0.8465497321709904,0.8426271899830281,0.695338779432965,0.774419591208032,0.8465497321709904,0.8465497321709904,0.6363236587510994,0.9007794933857324,,,,
/home/thuy/Research/minh_data_synth/TabularDA/.cache/statistical_328_20261010/records/adult_seed42_tvae_full_generated_synthetic.run.json,/home/thuy/Research/minh_data_synth/TabularDA/output/corrected_v2/adult/acc/adult_seed42_tvae_full_generated_synthetic.predictions.csv,adult,synthetic,tvae,42,1,0.37985557657982943,0.8283793719147149,0.7224996750543305,0.7413404588494725,0.8283793719147149,0.8197117271227751,0.591295647823912,0.687413325721713,0.7727804911580306,0.8283793719147149,0.8183087694394385,0.685614849187935,0.7224996750543305,0.8283793719147149,0.8283793719147149,0.5197889182058048,0.8820380471026195,,,,
/home/thuy/Research/minh_data_synth/TabularDA/.cache/statistical_328_20261010/records/adult_seed43_tvae_full_generated_synthetic.run.json,/home/thuy/Research/minh_data_synth/TabularDA/output/corrected_v2/adult/acc/adult_seed43_tvae_full_generated_synthetic.predictions.csv,adult,synthetic,tvae,43,2,0.3813330077652971,0.8239680705808213,0.6918394886113673,0.717264696668807,0.8239680705808213,0.807987192559463,0.5435729847494554,0.6881999729434616,0.7783960731084328,0.8239680705808213,0.8120956334697991,0.7138769670958512,0.6918394886113673,0.8239680705808213,0.8239680705808213,0.4388742304309587,0.8846928319837315,,,,
/home/thuy/Research/minh_data_synth/TabularDA/.cache/statistical_328_20261010/records/adult_seed42_tvae_full_dnn_synthetic.run.json,/home/thuy/Research/minh_data_synth/TabularDA/output/corrected_v2/adult/acc/adult_seed42_tvae_full_dnn_synthetic.predictions.csv,adult,synthetic,tvae_compare_dnn,42,1,0.46080733773563354,0.8285894338829954,0.8084899777774784,0.7823883343142353,0.8285894338829954,0.8347608139484829,0.6821192052980133,0.7295786960959754,0.7668605115047091,0.8285894338829954,0.8476229242874552,0.6122377622377623,0.8084899777774784,0.8285894338829954,0.8285894338829954,0.7700087950747582,0.8979271925094653,,,,
/home/thuy/Research/minh_data_synth/TabularDA/.cache/statistical_328_20261010/records/adult_seed43_tvae_full_dnn_synthetic.run.json,/home/thuy/Research/minh_data_synth/TabularDA/output/corrected_v2/adult/acc/adult_seed43_tvae_full_dnn_synthetic.predictions.csv,adult,synthetic,tvae_compare_dnn,43,1,0.46633498439354604,0.8357315408045374,0.799753004882741,0.784766967149062,0.8357315408045374,0.8394716562897223,0.6800327332242226,0.7309930653715306,0.7736007148863427,0.8357315408045374,0.8455729015369791,0.6358071920428462,0.799753004882741,0.8357315408045374,0.8357315408045374,0.7308707124010554,0.897143500012561,,,,
/home/thuy/Research/minh_data_synth/TabularDA/.cache/statistical_328_20261010/records/adult_seed42_tvae_full_rf_synthetic.run.json,/home/thuy/Research/minh_data_synth/TabularDA/output/corrected_v2/adult/acc/adult_seed42_tvae_full_rf_synthetic.predictions.csv,adult,synthetic,tvae_compare_rf,42,2,0.36501790683768576,0.8494905997269194,0.7666949257139611,0.78109222163158,0.8494905997269194,0.8450052494910544,0.6587282686353894,0.7471990688290064,0.8005714901212532,0.8494905997269194,0.8434695208158359,0.7184415584415584,0.7666949257139611,0.8494905997269194,0.8494905997269194,0.6081794195250659,0.9018869786169367,,,,
/home/thuy/Research/minh_data_synth/TabularDA/.cache/statistical_328_20261010/records/adult_seed43_tvae_full_rf_synthetic.run.json,/home/thuy/Research/minh_data_synth/TabularDA/output/corrected_v2/adult/acc/adult_seed43_tvae_full_rf_synthetic.predictions.csv,adult,synthetic,tvae_compare_rf,43,1,0.37594467930502784,0.8404579350908518,0.7444660933302216,0.7626201644815341,0.8404579350908518,0.833619290167546,0.6266896043253871,0.7303346903325663,0.7905013783361468,0.8404579350908518,0.8323887424806667,0.7103064066852368,0.7444660933302216,0.8404579350908518,0.8404579350908518,0.5606860158311345,0.8964955504591776,,,,
/home/thuy/Research/minh_data_synth/TabularDA/.cache/statistical_328_20261010/records/adult_seed42_tvae_full_xgb_synthetic.run.json,/home/thuy/Research/minh_data_synth/TabularDA/output/corrected_v2/adult/acc/adult_seed42_tvae_full_xgb_synthetic.predictions.csv,adult,synthetic,tvae_compare_xgb,42,1,0.38488291062961644,0.8445541434723244,0.7845757969300128,0.7855219900280392,0.8445541434723244,0.8442941419956929,0.6730004418912947,0.7380154385718438,0.7864861475298275,0.8445541434723244,0.8440448766153441,0.6762877442273535,0.7845757969300128,0.8445541434723244,0.8445541434723244,0.669744942832014,0.8982254993089065,,,,
/home/thuy/Research/minh_data_synth/TabularDA/.cache/statistical_328_20261010/records/adult_seed43_tvae_full_xgb_synthetic.run.json,/home/thuy/Research/minh_data_synth/TabularDA/output/corrected_v2/adult/acc/adult_seed43_tvae_full_xgb_synthetic.predictions.csv,adult,synthetic,tvae_compare_xgb,43,1,0.39760264261607026,0.8389875013128874,0.7673396591850884,0.7734100228307089,0.8389875013128874,0.8370798394046788,0.6515117072061832,0.7243867406243215,0.7803214138007826,0.8389875013128874,0.835670769368549,0.6743529411764706,0.7673396591850884,0.8389875013128874,0.8389875013128874,0.6301671064204045,0.8907880056879751,,,,
/home/thuy/Research/minh_data_synth/TabularDA/.cache/statistical_328_20261010/records/adult_seed42_tvae_xonly_dnn_synthetic.run.json,/home/thuy/Research/minh_data_synth/TabularDA/output/corrected_v2/adult/acc/adult_seed42_tvae_xonly_dnn_synthetic.predictions.csv,adult,synthetic,tvae_dnn,42,1,0.4572535430905499,0.8260686902636277,0.8167923851424768,0.7832688367857956,0.8260686902636277,0.8335745969713922,0.6869565217391305,0.7300249637456063,0.7660999649320968,0.8260686902636277,0.8515755943599281,0.6024535809018567,0.8167923851424768,0.8260686902636277,0.8260686902636277,0.7990325417766051,0.8975296422660686,,,,
/home/thuy/Research/minh_data_synth/TabularDA/.cache/statistical_328_20261010/records/adult_seed43_tvae_xonly_dnn_synthetic.run.json,/home/thuy/Research/minh_data_synth/TabularDA/output/corrected_v2/adult/acc/adult_seed43_tvae_xonly_dnn_synthetic.predictions.csv,adult,synthetic,tvae_dnn,43,1,0.48251025512205703,0.8315303014389245,0.8081585696031197,0.7845764006180946,0.8315303014389245,0.8371077276781591,0.6840031520882585,0.7399730418413095,0.7697430098778125,0.8315303014389245,0.8481877892838401,0.6195574589578873,0.8081585696031197,0.8315303014389245,0.8315303014389245,0.7634124890061565,0.8956862203254214,,,,
/home/thuy/Research/minh_data_synth/TabularDA/.cache/statistical_328_20261010/records/adult_seed42_tvae_xonly_rf_synthetic.run.json,/home/thuy/Research/minh_data_synth/TabularDA/output/corrected_v2/adult/acc/adult_seed42_tvae_xonly_rf_synthetic.predictions.csv,adult,synthetic,tvae_rf,42,1,0.35839637678882275,0.8442390505199033,0.7691296516837283,0.7782433998847684,0.8442390505199033,0.8414309953041997,0.6572683152299514,0.7363962756899936,0.7892790698341825,0.8442390505199033,0.8397529357529432,0.6926449098879688,0.7691296516837283,0.8442390505199033,0.8442390505199033,0.6253298153034301,0.8990817660393607,,,,
/home/thuy/Research/minh_data_synth/TabularDA/.cache/statistical_328_20261010/records/adult_seed43_tvae_xonly_rf_synthetic.run.json,/home/thuy/Research/minh_data_synth/TabularDA/output/corrected_v2/adult/acc/adult_seed43_tvae_xonly_rf_synthetic.predictions.csv,adult,synthetic,tvae_rf,43,1,0.3633238973612295,0.8490704757903581,0.7680786602747942,0.7814492309129966,0.8490704757903581,0.8449462948811083,0.6598816568047338,0.7481777666896048,0.7991285165552062,0.8490704757903581,0.8433287947677727,0.7145053818554588,0.7680786602747942,0.8490704757903581,0.8490704757903581,0.6130167106420404,0.8972748739386777,,,,
/home/thuy/Research/minh_data_synth/TabularDA/.cache/statistical_328_20261010/records/adult_seed42_tvae_xonly_xgb_synthetic.run.json,/home/thuy/Research/minh_data_synth/TabularDA/output/corrected_v2/adult/acc/adult_seed42_tvae_xonly_xgb_synthetic.predictions.csv,adult,synthetic,tvae_xgb,42,1,0.3789637262625124,0.8463396702027098,0.7776010247287599,0.783825341245612,0.8463396702027098,0.844544825211168,0.6675755510111339,0.7365736569808505,0.7908860206225736,0.8463396702027098,0.8432442889654665,0.690644099670898,0.7776010247287599,0.8463396702027098,0.8463396702027098,0.6459982409850483,0.8969396125336914,,,,
/home/thuy/Research/minh_data_synth/TabularDA/.cache/statistical_328_20261010/records/adult_seed43_tvae_xonly_xgb_synthetic.run.json,/home/thuy/Research/minh_data_synth/TabularDA/output/corrected_v2/adult/acc/adult_seed43_tvae_xonly_xgb_synthetic.predictions.csv,adult,synthetic,tvae_xgb,43,1,0.4021735433338445,0.8471799180758324,0.7799635708901593,0.7855518596564556,0.8471799180758324,0.845598163441636,0.6705908988000906,0.7437052131482977,0.791802779245457,0.8471799180758324,0.8444084165718097,0.6910872608492767,0.7799635708901593,0.8471799180758324,0.8471799180758324,0.6512752858399297,0.8965581730419732,,,,
/home/thuy/Research/minh_data_synth/TabularDA/.cache/statistical_328_20261010/records/adult_seed42_ctgan_xonly_xgb_synthetic.run.json,/home/thuy/Research/minh_data_synth/TabularDA/output/corrected_v2/adult/acc/adult_seed42_ctgan_xonly_xgb_synthetic.predictions.csv,adult,synthetic,xgb,42,1,0.3806022630996432,0.8405629660749921,0.776069593107341,0.7786635089693721,0.8405629660749921,0.8398007483310896,0.661613909942042,0.7338625454502412,0.7814000772413411,0.8405629660749921,0.8391236491796865,0.6708860759493671,0.776069593107341,0.8405629660749921,0.8405629660749921,0.6525945470536499,0.8969523858415196,,,,
/home/thuy/Research/minh_data_synth/TabularDA/.cache/statistical_328_20261010/records/adult_seed43_ctgan_xonly_xgb_synthetic.run.json,/home/thuy/Research/minh_data_synth/TabularDA/output/corrected_v2/adult/acc/adult_seed43_ctgan_xonly_xgb_synthetic.predictions.csv,adult,synthetic,xgb,43,1,0.404384144282043,0.8439239575674824,0.7788809344454424,0.7825225236857623,0.8439239575674824,0.8428801696027012,0.6669654863290004,0.7424975480330572,0.7864432179192455,0.8439239575674824,0.84200234683483,0.680073126142596,0.7788809344454424,0.8439239575674824,0.8439239575674824,0.6543535620052771,0.8907341514803869,,,,
/home/thuy/Research/minh_data_synth/TabularDA/.cache/statistical_328_20261010/records/california_housing_seed42_ctgan_full_dnn_mix.run.json,/home/thuy/Research/minh_data_synth/TabularDA/.cache/housing_no_faker_runtime_20261009/output/housing_no_faker_20261009/california_housing/acc/california_housing_seed42_ctgan_full_dnn_mix.predictions.csv,california_housing,mix,compare_dnn,42,99,0.272466079209202,,,,,,,,,,,,,,,,,0.34869685769081116,0.27246609330177307,0.8010092710460825,0.29799448779701193
/home/thuy/Research/minh_data_synth/TabularDA/.cache/statistical_328_20261010/records/california_housing_seed43_ctgan_full_dnn_mix.run.json,/home/thuy/Research/minh_data_synth/TabularDA/.cache/housing_no_faker_runtime_20261009/output/housing_no_faker_20261009/california_housing/acc/california_housing_seed43_ctgan_full_dnn_mix.predictions.csv,california_housing,mix,compare_dnn,43,76,0.30985142625579537,,,,,,,,,,,,,,,,,0.3525386452674866,0.30985140800476074,0.7737055578160976,0.3012776591129732
/home/thuy/Research/minh_data_synth/TabularDA/.cache/statistical_328_20261010/records/california_housing_seed42_ctgan_full_rf_mix.run.json,/home/thuy/Research/minh_data_synth/TabularDA/.cache/housing_no_faker_runtime_20261009/output/housing_no_faker_20261009/california_housing/acc/california_housing_seed42_ctgan_full_rf_mix.predictions.csv,california_housing,mix,compare_rf,42,90,0.29875614291937774,,,,,,,,,,,,,,,,,0.3683725595474243,0.2987561523914337,0.7818087975558219,0.3148092383962476
/home/thuy/Research/minh_data_synth/TabularDA/.cache/statistical_328_20261010/records/california_housing_seed43_ctgan_full_rf_mix.run.json,/home/thuy/Research/minh_data_synth/TabularDA/.cache/housing_no_faker_runtime_20261009/output/housing_no_faker_20261009/california_housing/acc/california_housing_seed43_ctgan_full_rf_mix.predictions.csv,california_housing,mix,compare_rf,43,93,0.2863084036250447,,,,,,,,,,,,,,,,,0.3659936487674713,0.2863084077835083,0.7908997820700551,0.31277623384300474
/home/thuy/Research/minh_data_synth/TabularDA/.cache/statistical_328_20261010/records/california_housing_seed42_ctgan_full_xgb_mix.run.json,/home/thuy/Research/minh_data_synth/TabularDA/.cache/housing_no_faker_runtime_20261009/output/housing_no_faker_20261009/california_housing/acc/california_housing_seed42_ctgan_full_xgb_mix.predictions.csv,california_housing,mix,compare_xgb,42,92,0.2691384840381238,,,,,,,,,,,,,,,,,0.34513571858406067,0.26913848519325256,0.8034395219062345,0.2949511571770641
/home/thuy/Research/minh_data_synth/TabularDA/.cache/statistical_328_20261010/records/california_housing_seed43_ctgan_full_xgb_mix.run.json,/home/thuy/Research/minh_data_synth/TabularDA/.cache/housing_no_faker_runtime_20261009/output/housing_no_faker_20261009/california_housing/acc/california_housing_seed43_ctgan_full_xgb_mix.predictions.csv,california_housing,mix,compare_xgb,43,90,0.24174707608167514,,,,,,,,,,,,,,,,,0.33234238624572754,0.24174706637859344,0.8234443504608546,0.28401804311740453
/home/thuy/Research/minh_data_synth/TabularDA/.cache/statistical_328_20261010/records/california_housing_seed42_ctgan_full_generated_mix.run.json,/home/thuy/Research/minh_data_synth/TabularDA/.cache/housing_no_faker_runtime_20261009/output/housing_no_faker_20261009/california_housing/acc/california_housing_seed42_ctgan_full_generated_mix.predictions.csv,california_housing,mix,ctgan,42,78,0.5358484844828761,,,,,,,,,,,,,,,,,0.5403643250465393,0.5358484387397766,0.6086526516868359,0.46179249028049063
/home/thuy/Research/minh_data_synth/TabularDA/.cache/statistical_328_20261010/records/california_housing_seed43_ctgan_full_generated_mix.run.json,/home/thuy/Research/minh_data_synth/TabularDA/.cache/housing_no_faker_runtime_20261009/output/housing_no_faker_20261009/california_housing/acc/california_housing_seed43_ctgan_full_generated_mix.predictions.csv,california_housing,mix,ctgan,43,30,0.4621568294458611,,,,,,,,,,,,,,,,,0.5033887624740601,0.46215683221817017,0.6624720303953477,0.4301933703378543
/home/thuy/Research/minh_data_synth/TabularDA/.cache/statistical_328_20261010/records/california_housing_seed42_ctgan_xonly_dnn_mix.run.json,/home/thuy/Research/minh_data_synth/TabularDA/.cache/housing_no_faker_runtime_20261009/output/housing_no_faker_20261009/california_housing/acc/california_housing_seed42_ctgan_xonly_dnn_mix.predictions.csv,california_housing,mix,dnn,42,66,0.2639858988366386,,,,,,,,,,,,,,,,,0.34824106097221375,0.26398587226867676,0.8072026256413505,0.2976049663353117
/home/thuy/Research/minh_data_synth/TabularDA/.cache/statistical_328_20261010/records/california_housing_seed43_ctgan_xonly_dnn_mix.run.json,/home/thuy/Research/minh_data_synth/TabularDA/.cache/housing_no_faker_runtime_20261009/output/housing_no_faker_20261009/california_housing/acc/california_housing_seed43_ctgan_xonly_dnn_mix.predictions.csv,california_housing,mix,dnn,43,48,0.2759179953456849,,,,,,,,,,,,,,,,,0.35494303703308105,0.27591800689697266,0.7984882295962006,0.3033324395815916
/home/thuy/Research/minh_data_synth/TabularDA/.cache/statistical_328_20261010/records/california_housing_seed42_ctgan_xonly_rf_mix.run.json,/home/thuy/Research/minh_data_synth/TabularDA/.cache/housing_no_faker_runtime_20261009/output/housing_no_faker_20261009/california_housing/acc/california_housing_seed42_ctgan_xonly_rf_mix.predictions.csv,california_housing,mix,rf,42,92,0.28788259070973066,,,,,,,,,,,,,,,,,0.36937835812568665,0.28788259625434875,0.7897501018241871,0.31566878853427033
/home/thuy/Research/minh_data_synth/TabularDA/.cache/statistical_328_20261010/records/california_housing_seed43_ctgan_xonly_rf_mix.run.json,/home/thuy/Research/minh_data_synth/TabularDA/.cache/housing_no_faker_runtime_20261009/output/housing_no_faker_20261009/california_housing/acc/california_housing_seed43_ctgan_xonly_rf_mix.predictions.csv,california_housing,mix,rf,43,94,0.3090621768966202,,,,,,,,,,,,,,,,,0.37089836597442627,0.3090621531009674,0.7742819704327807,0.3169677791914624
/home/thuy/Research/minh_data_synth/TabularDA/.cache/statistical_328_20261010/records/california_housing_seed42_tvae_full_generated_mix.run.json,/home/thuy/Research/minh_data_synth/TabularDA/.cache/housing_no_faker_runtime_20261009/output/housing_no_faker_20261009/california_housing/acc/california_housing_seed42_tvae_full_generated_mix.predictions.csv,california_housing,mix,tvae,42,12,0.44757214488909225,,,,,,,,,,,,,,,,,0.46293729543685913,0.44757214188575745,0.673123691583682,0.39562376084892414
/home/thuy/Research/minh_data_synth/TabularDA/.cache/statistical_328_20261010/records/california_housing_seed43_tvae_full_generated_mix.run.json,/home/thuy/Research/minh_data_synth/TabularDA/.cache/housing_no_faker_runtime_20261009/output/housing_no_faker_20261009/california_housing/acc/california_housing_seed43_tvae_full_generated_mix.predictions.csv,california_housing,mix,tvae,43,54,0.37473809464957364,,,,,,,,,,,,,,,,,0.4296855628490448,0.3747381269931793,0.7263167388926717,0.36720700628884984
/home/thuy/Research/minh_data_synth/TabularDA/.cache/statistical_328_20261010/records/california_housing_seed42_tvae_full_dnn_mix.run.json,/home/thuy/Research/minh_data_synth/TabularDA/.cache/housing_no_faker_runtime_20261009/output/housing_no_faker_20261009/california_housing/acc/california_housing_seed42_tvae_full_dnn_mix.predictions.csv,california_housing,mix,tvae_compare_dnn,42,23,0.2648979261402012,,,,,,,,,,,,,,,,,0.35194242000579834,0.2648979425430298,0.8065365432578935,0.3007681281620922
/home/thuy/Research/minh_data_synth/TabularDA/.cache/statistical_328_20261010/records/california_housing_seed43_tvae_full_dnn_mix.run.json,/home/thuy/Research/minh_data_synth/TabularDA/.cache/housing_no_faker_runtime_20261009/output/housing_no_faker_20261009/california_housing/acc/california_housing_seed43_tvae_full_dnn_mix.predictions.csv,california_housing,mix,tvae_compare_dnn,43,15,0.2887693109900452,,,,,,,,,,,,,,,,,0.3569498062133789,0.28876930475234985,0.7891025019549627,0.3050474138947239
/home/thuy/Research/minh_data_synth/TabularDA/.cache/statistical_328_20261010/records/california_housing_seed42_tvae_full_rf_mix.run.json,/home/thuy/Research/minh_data_synth/TabularDA/.cache/housing_no_faker_runtime_20261009/output/housing_no_faker_20261009/california_housing/acc/california_housing_seed42_tvae_full_rf_mix.predictions.csv,california_housing,mix,tvae_compare_rf,42,46,0.3040417488231215,,,,,,,,,,,,,,,,,0.38401421904563904,0.30404171347618103,0.777948550653555,0.3281765177612907
/home/thuy/Research/minh_data_synth/TabularDA/.cache/statistical_328_20261010/records/california_housing_seed43_tvae_full_rf_mix.run.json,/home/thuy/Research/minh_data_synth/TabularDA/.cache/housing_no_faker_runtime_20261009/output/housing_no_faker_20261009/california_housing/acc/california_housing_seed43_tvae_full_rf_mix.predictions.csv,california_housing,mix,tvae_compare_rf,43,16,0.30972492001777474,,,,,,,,,,,,,,,,,0.38742005825042725,0.309724897146225,0.7737979478635725,0.33108712990752853
/home/thuy/Research/minh_data_synth/TabularDA/.cache/statistical_328_20261010/records/california_housing_seed42_tvae_full_xgb_mix.run.json,/home/thuy/Research/minh_data_synth/TabularDA/.cache/housing_no_faker_runtime_20261009/output/housing_no_faker_20261009/california_housing/acc/california_housing_seed42_tvae_full_xgb_mix.predictions.csv,california_housing,mix,tvae_compare_xgb,42,67,0.34325268160003103,,,,,,,,,,,,,,,,,0.348702073097229,0.34325265884399414,0.7493115484409218,0.2979989448557145
/home/thuy/Research/minh_data_synth/TabularDA/.cache/statistical_328_20261010/records/california_housing_seed43_tvae_full_xgb_mix.run.json,/home/thuy/Research/minh_data_synth/TabularDA/.cache/housing_no_faker_runtime_20261009/output/housing_no_faker_20261009/california_housing/acc/california_housing_seed43_tvae_full_xgb_mix.predictions.csv,california_housing,mix,tvae_compare_xgb,43,73,0.30793443957502525,,,,,,,,,,,,,,,,,0.3428625464439392,0.307934433221817,0.77510559686847,0.2930085163054031
/home/thuy/Research/minh_data_synth/TabularDA/.cache/statistical_328_20261010/records/california_housing_seed42_tvae_xonly_dnn_mix.run.json,/home/thuy/Research/minh_data_synth/TabularDA/.cache/housing_no_faker_runtime_20261009/output/housing_no_faker_20261009/california_housing/acc/california_housing_seed42_tvae_xonly_dnn_mix.predictions.csv,california_housing,mix,tvae_dnn,42,22,0.2889105848563734,,,,,,,,,,,,,,,,,0.3555458188056946,0.2889105975627899,0.7889993209941959,0.30384757369198445
/home/thuy/Research/minh_data_synth/TabularDA/.cache/statistical_328_20261010/records/california_housing_seed43_tvae_xonly_dnn_mix.run.json,/home/thuy/Research/minh_data_synth/TabularDA/.cache/housing_no_faker_runtime_20261009/output/housing_no_faker_20261009/california_housing/acc/california_housing_seed43_tvae_xonly_dnn_mix.predictions.csv,california_housing,mix,tvae_dnn,43,16,0.29306358145188915,,,,,,,,,,,,,,,,,0.3614122271537781,0.29306358098983765,0.7859662559465389,0.30886097519629435
/home/thuy/Research/minh_data_synth/TabularDA/.cache/statistical_328_20261010/records/california_housing_seed42_tvae_xonly_rf_mix.run.json,/home/thuy/Research/minh_data_synth/TabularDA/.cache/housing_no_faker_runtime_20261009/output/housing_no_faker_20261009/california_housing/acc/california_housing_seed42_tvae_xonly_rf_mix.predictions.csv,california_housing,mix,tvae_rf,42,21,0.3298512341440186,,,,,,,,,,,,,,,,,0.40172386169433594,0.3298512399196625,0.7590990530428923,0.3433110845741812
/home/thuy/Research/minh_data_synth/TabularDA/.cache/statistical_328_20261010/records/california_housing_seed43_tvae_xonly_rf_mix.run.json,/home/thuy/Research/minh_data_synth/TabularDA/.cache/housing_no_faker_runtime_20261009/output/housing_no_faker_20261009/california_housing/acc/california_housing_seed43_tvae_xonly_rf_mix.predictions.csv,california_housing,mix,tvae_rf,43,14,0.3256151800931886,,,,,,,,,,,,,,,,,0.39709019660949707,0.32561516761779785,0.7621927813919374,0.33935117893372424
/home/thuy/Research/minh_data_synth/TabularDA/.cache/statistical_328_20261010/records/california_housing_seed42_tvae_xonly_xgb_mix.run.json,/home/thuy/Research/minh_data_synth/TabularDA/.cache/housing_no_faker_runtime_20261009/output/housing_no_faker_20261009/california_housing/acc/california_housing_seed42_tvae_xonly_xgb_mix.predictions.csv,california_housing,mix,tvae_xgb,42,30,0.27230227848356087,,,,,,,,,,,,,,,,,0.3593732714653015,0.2723022997379303,0.8011289029385495,0.30711849446374034
/home/thuy/Research/minh_data_synth/TabularDA/.cache/statistical_328_20261010/records/california_housing_seed43_tvae_xonly_xgb_mix.run.json,/home/thuy/Research/minh_data_synth/TabularDA/.cache/housing_no_faker_runtime_20261009/output/housing_no_faker_20261009/california_housing/acc/california_housing_seed43_tvae_xonly_xgb_mix.predictions.csv,california_housing,mix,tvae_xgb,43,68,0.2747510660064313,,,,,,,,,,,,,,,,,0.347891628742218,0.27475106716156006,0.7993404746942906,0.2973063434022376
/home/thuy/Research/minh_data_synth/TabularDA/.cache/statistical_328_20261010/records/california_housing_seed42_ctgan_xonly_xgb_mix.run.json,/home/thuy/Research/minh_data_synth/TabularDA/.cache/housing_no_faker_runtime_20261009/output/housing_no_faker_20261009/california_housing/acc/california_housing_seed42_ctgan_xonly_xgb_mix.predictions.csv,california_housing,mix,xgb,42,93,0.25286052612833276,,,,,,,,,,,,,,,,,0.34107545018196106,0.25286054611206055,0.8153278406303055,0.29148127330482426
/home/thuy/Research/minh_data_synth/TabularDA/.cache/statistical_328_20261010/records/california_housing_seed43_ctgan_xonly_xgb_mix.run.json,/home/thuy/Research/minh_data_synth/TabularDA/.cache/housing_no_faker_runtime_20261009/output/housing_no_faker_20261009/california_housing/acc/california_housing_seed43_ctgan_xonly_xgb_mix.predictions.csv,california_housing,mix,xgb,43,48,0.2679208429284798,,,,,,,,,,,,,,,,,0.34890055656433105,0.2679208517074585,0.8043288076488715,0.29816856777548195
/home/thuy/Research/minh_data_synth/TabularDA/.cache/statistical_328_20261010/records/california_housing_seed42_real_original.run.json,/home/thuy/Research/minh_data_synth/TabularDA/.cache/housing_no_faker_runtime_20261009/output/housing_no_faker_20261009/california_housing/acc/california_housing_seed42_real_original.predictions.csv,california_housing,original,real,42,18,0.6508916912152786,,,,,,,,,,,,,,,,,0.6319383978843689,0.6508916616439819,0.5246329054651856,0.5400512079285631
/home/thuy/Research/minh_data_synth/TabularDA/.cache/statistical_328_20261010/records/california_housing_seed43_real_original.run.json,/home/thuy/Research/minh_data_synth/TabularDA/.cache/housing_no_faker_runtime_20261009/output/housing_no_faker_20261009/california_housing/acc/california_housing_seed43_real_original.predictions.csv,california_housing,original,real,43,28,0.6842320371967877,,,,,,,,,,,,,,,,,0.6567789912223816,0.6842319965362549,0.5002833782779146,0.5612798474332489
/home/thuy/Research/minh_data_synth/TabularDA/.cache/statistical_328_20261010/records/california_housing_seed42_ctgan_full_dnn_synthetic.run.json,/home/thuy/Research/minh_data_synth/TabularDA/.cache/housing_no_faker_runtime_20261009/output/housing_no_faker_20261009/california_housing/acc/california_housing_seed42_ctgan_full_dnn_synthetic.predictions.csv,california_housing,synthetic,compare_dnn,42,78,0.27190372463344603,,,,,,,,,,,,,,,,,0.34809696674346924,0.27190372347831726,0.8014199778478865,0.2974818241705856
/home/thuy/Research/minh_data_synth/TabularDA/.cache/statistical_328_20261010/records/california_housing_seed43_ctgan_full_dnn_synthetic.run.json,/home/thuy/Research/minh_data_synth/TabularDA/.cache/housing_no_faker_runtime_20261009/output/housing_no_faker_20261009/california_housing/acc/california_housing_seed43_ctgan_full_dnn_synthetic.predictions.csv,california_housing,synthetic,compare_dnn,43,21,0.27513689472693803,,,,,,,,,,,,,,,,,0.3532509207725525,0.27513691782951355,0.7990586933169059,0.30188636598721375
/home/thuy/Research/minh_data_synth/TabularDA/.cache/statistical_328_20261010/records/california_housing_seed42_ctgan_full_rf_synthetic.run.json,/home/thuy/Research/minh_data_synth/TabularDA/.cache/housing_no_faker_runtime_20261009/output/housing_no_faker_20261009/california_housing/acc/california_housing_seed42_ctgan_full_rf_synthetic.predictions.csv,california_housing,synthetic,compare_rf,42,69,0.29021624770275384,,,,,,,,,,,,,,,,,0.35994577407836914,0.29021626710891724,0.7880457565877721,0.3076077521647513
/home/thuy/Research/minh_data_synth/TabularDA/.cache/statistical_328_20261010/records/california_housing_seed43_ctgan_full_rf_synthetic.run.json,/home/thuy/Research/minh_data_synth/TabularDA/.cache/housing_no_faker_runtime_20261009/output/housing_no_faker_20261009/california_housing/acc/california_housing_seed43_ctgan_full_rf_synthetic.predictions.csv,california_housing,synthetic,compare_rf,43,93,0.28618789319844207,,,,,,,,,,,,,,,,,0.3601938784122467,0.28618791699409485,0.7909877954706822,0.3078197808144606
/home/thuy/Research/minh_data_synth/TabularDA/.cache/statistical_328_20261010/records/california_housing_seed42_ctgan_full_xgb_synthetic.run.json,/home/thuy/Research/minh_data_synth/TabularDA/.cache/housing_no_faker_runtime_20261009/output/housing_no_faker_20261009/california_housing/acc/california_housing_seed42_ctgan_full_xgb_synthetic.predictions.csv,california_housing,synthetic,compare_xgb,42,87,0.25596648870512495,,,,,,,,,,,,,,,,,0.3360432982444763,0.2559664845466614,0.8130594570184495,0.28718082291058195
/home/thuy/Research/minh_data_synth/TabularDA/.cache/statistical_328_20261010/records/california_housing_seed43_ctgan_full_xgb_synthetic.run.json,/home/thuy/Research/minh_data_synth/TabularDA/.cache/housing_no_faker_runtime_20261009/output/housing_no_faker_20261009/california_housing/acc/california_housing_seed43_ctgan_full_xgb_synthetic.predictions.csv,california_housing,synthetic,compare_xgb,43,92,0.2454421321551005,,,,,,,,,,,,,,,,,0.3335523009300232,0.24544213712215424,0.8207457328947079,0.28505202979859356
/home/thuy/Research/minh_data_synth/TabularDA/.cache/statistical_328_20261010/records/california_housing_seed42_ctgan_full_generated_synthetic.run.json,/home/thuy/Research/minh_data_synth/TabularDA/.cache/housing_no_faker_runtime_20261009/output/housing_no_faker_20261009/california_housing/acc/california_housing_seed42_ctgan_full_generated_synthetic.predictions.csv,california_housing,synthetic,ctgan,42,53,0.5373332338739735,,,,,,,,,,,,,,,,,0.5468267202377319,0.5373332500457764,0.6075682905137589,0.4673152189844266
/home/thuy/Research/minh_data_synth/TabularDA/.cache/statistical_328_20261010/records/california_housing_seed43_ctgan_full_generated_synthetic.run.json,/home/thuy/Research/minh_data_synth/TabularDA/.cache/housing_no_faker_runtime_20261009/output/housing_no_faker_20261009/california_housing/acc/california_housing_seed43_ctgan_full_generated_synthetic.predictions.csv,california_housing,synthetic,ctgan,43,27,0.4718721100064211,,,,,,,,,,,,,,,,,0.5059604644775391,0.47187209129333496,0.6553766483250252,0.43239113324965206
/home/thuy/Research/minh_data_synth/TabularDA/.cache/statistical_328_20261010/records/california_housing_seed42_ctgan_xonly_dnn_synthetic.run.json,/home/thuy/Research/minh_data_synth/TabularDA/.cache/housing_no_faker_runtime_20261009/output/housing_no_faker_20261009/california_housing/acc/california_housing_seed42_ctgan_xonly_dnn_synthetic.predictions.csv,california_housing,synthetic,dnn,42,63,0.2643389054971148,,,,,,,,,,,,,,,,,0.3500860035419464,0.264338880777359,0.8069448129055089,0.2991816444841291
/home/thuy/Research/minh_data_synth/TabularDA/.cache/statistical_328_20261010/records/california_housing_seed43_ctgan_xonly_dnn_synthetic.run.json,/home/thuy/Research/minh_data_synth/TabularDA/.cache/housing_no_faker_runtime_20261009/output/housing_no_faker_20261009/california_housing/acc/california_housing_seed43_ctgan_xonly_dnn_synthetic.predictions.csv,california_housing,synthetic,dnn,43,56,0.27265958453333655,,,,,,,,,,,,,,,,,0.3546978831291199,0.2726595997810364,0.8008679501389661,0.3031229323536626
/home/thuy/Research/minh_data_synth/TabularDA/.cache/statistical_328_20261010/records/california_housing_seed42_ctgan_xonly_rf_synthetic.run.json,/home/thuy/Research/minh_data_synth/TabularDA/.cache/housing_no_faker_runtime_20261009/output/housing_no_faker_20261009/california_housing/acc/california_housing_seed42_ctgan_xonly_rf_synthetic.predictions.csv,california_housing,synthetic,rf,42,30,0.294740535261095,,,,,,,,,,,,,,,,,0.3798718750476837,0.29474055767059326,0.784741524247374,0.32463649251952537
/home/thuy/Research/minh_data_synth/TabularDA/.cache/statistical_328_20261010/records/california_housing_seed43_ctgan_xonly_rf_synthetic.run.json,/home/thuy/Research/minh_data_synth/TabularDA/.cache/housing_no_faker_runtime_20261009/output/housing_no_faker_20261009/california_housing/acc/california_housing_seed43_ctgan_xonly_rf_synthetic.predictions.csv,california_housing,synthetic,rf,43,96,0.2802705328131831,,,,,,,,,,,,,,,,,0.36398783326148987,0.2802705466747284,0.7953094331181403,0.3110620745348923
/home/thuy/Research/minh_data_synth/TabularDA/.cache/statistical_328_20261010/records/california_housing_seed42_tvae_full_generated_synthetic.run.json,/home/thuy/Research/minh_data_synth/TabularDA/.cache/housing_no_faker_runtime_20261009/output/housing_no_faker_20261009/california_housing/acc/california_housing_seed42_tvae_full_generated_synthetic.predictions.csv,california_housing,synthetic,tvae,42,76,0.4107970789421436,,,,,,,,,,,,,,,,,0.45787444710731506,0.410797119140625,0.6999817025982992,0.3912970774806037
/home/thuy/Research/minh_data_synth/TabularDA/.cache/statistical_328_20261010/records/california_housing_seed43_tvae_full_generated_synthetic.run.json,/home/thuy/Research/minh_data_synth/TabularDA/.cache/housing_no_faker_runtime_20261009/output/housing_no_faker_20261009/california_housing/acc/california_housing_seed43_tvae_full_generated_synthetic.predictions.csv,california_housing,synthetic,tvae,43,36,0.3710587761660879,,,,,,,,,,,,,,,,,0.4301048219203949,0.37105879187583923,0.7290038641619239,0.367565302870725
/home/thuy/Research/minh_data_synth/TabularDA/.cache/statistical_328_20261010/records/california_housing_seed42_tvae_full_dnn_synthetic.run.json,/home/thuy/Research/minh_data_synth/TabularDA/.cache/housing_no_faker_runtime_20261009/output/housing_no_faker_20261009/california_housing/acc/california_housing_seed42_tvae_full_dnn_synthetic.predictions.csv,california_housing,synthetic,tvae_compare_dnn,42,38,0.41408081895621246,,,,,,,,,,,,,,,,,0.37372589111328125,0.41408082842826843,0.6975834652451877,0.3193841671998493
/home/thuy/Research/minh_data_synth/TabularDA/.cache/statistical_328_20261010/records/california_housing_seed43_tvae_full_dnn_synthetic.run.json,/home/thuy/Research/minh_data_synth/TabularDA/.cache/housing_no_faker_runtime_20261009/output/housing_no_faker_20261009/california_housing/acc/california_housing_seed43_tvae_full_dnn_synthetic.predictions.csv,california_housing,synthetic,tvae_compare_dnn,43,17,0.28160469638284785,,,,,,,,,,,,,,,,,0.35536471009254456,0.28160467743873596,0.7943350458715398,0.30369279914492336
/home/thuy/Research/minh_data_synth/TabularDA/.cache/statistical_328_20261010/records/california_housing_seed42_tvae_full_rf_synthetic.run.json,/home/thuy/Research/minh_data_synth/TabularDA/.cache/housing_no_faker_runtime_20261009/output/housing_no_faker_20261009/california_housing/acc/california_housing_seed42_tvae_full_rf_synthetic.predictions.csv,california_housing,synthetic,tvae_compare_rf,42,97,0.2946410310822864,,,,,,,,,,,,,,,,,0.3793422281742096,0.29464104771614075,0.7848141962522408,0.32418385910659636
/home/thuy/Research/minh_data_synth/TabularDA/.cache/statistical_328_20261010/records/california_housing_seed43_tvae_full_rf_synthetic.run.json,/home/thuy/Research/minh_data_synth/TabularDA/.cache/housing_no_faker_runtime_20261009/output/housing_no_faker_20261009/california_housing/acc/california_housing_seed43_tvae_full_rf_synthetic.predictions.csv,california_housing,synthetic,tvae_compare_rf,43,38,0.295242625844571,,,,,,,,,,,,,,,,,0.373383104801178,0.2952426075935364,0.7843748317352086,0.3190912238330077
/home/thuy/Research/minh_data_synth/TabularDA/.cache/statistical_328_20261010/records/california_housing_seed42_tvae_full_xgb_synthetic.run.json,/home/thuy/Research/minh_data_synth/TabularDA/.cache/housing_no_faker_runtime_20261009/output/housing_no_faker_20261009/california_housing/acc/california_housing_seed42_tvae_full_xgb_synthetic.predictions.csv,california_housing,synthetic,tvae_compare_xgb,42,60,0.2452117409123931,,,,,,,,,,,,,,,,,0.33708280324935913,0.24521172046661377,0.8209139921044086,0.2880691783822769
/home/thuy/Research/minh_data_synth/TabularDA/.cache/statistical_328_20261010/records/california_housing_seed43_tvae_full_xgb_synthetic.run.json,/home/thuy/Research/minh_data_synth/TabularDA/.cache/housing_no_faker_runtime_20261009/output/housing_no_faker_20261009/california_housing/acc/california_housing_seed43_tvae_full_xgb_synthetic.predictions.csv,california_housing,synthetic,tvae_compare_xgb,43,96,0.2447710582452227,,,,,,,,,,,,,,,,,0.33317387104034424,0.2447710484266281,0.8212358387312221,0.28472862561913304
/home/thuy/Research/minh_data_synth/TabularDA/.cache/statistical_328_20261010/records/california_housing_seed42_tvae_xonly_dnn_synthetic.run.json,/home/thuy/Research/minh_data_synth/TabularDA/.cache/housing_no_faker_runtime_20261009/output/housing_no_faker_20261009/california_housing/acc/california_housing_seed42_tvae_xonly_dnn_synthetic.predictions.csv,california_housing,synthetic,tvae_dnn,42,44,0.3704518186029538,,,,,,,,,,,,,,,,,0.3512585163116455,0.37045180797576904,0.7294471487139349,0.3001836676871938
/home/thuy/Research/minh_data_synth/TabularDA/.cache/statistical_328_20261010/records/california_housing_seed43_tvae_xonly_dnn_synthetic.run.json,/home/thuy/Research/minh_data_synth/TabularDA/.cache/housing_no_faker_runtime_20261009/output/housing_no_faker_20261009/california_housing/acc/california_housing_seed43_tvae_xonly_dnn_synthetic.predictions.csv,california_housing,synthetic,tvae_dnn,43,44,0.2930483630923338,,,,,,,,,,,,,,,,,0.3560481071472168,0.29304835200309753,0.7859773725177017,0.30427682664840494
/home/thuy/Research/minh_data_synth/TabularDA/.cache/statistical_328_20261010/records/california_housing_seed42_tvae_xonly_rf_synthetic.run.json,/home/thuy/Research/minh_data_synth/TabularDA/.cache/housing_no_faker_runtime_20261009/output/housing_no_faker_20261009/california_housing/acc/california_housing_seed42_tvae_xonly_rf_synthetic.predictions.csv,california_housing,synthetic,tvae_rf,42,21,0.3115014110424722,,,,,,,,,,,,,,,,,0.38886794447898865,0.3115014135837555,0.7725005209595273,0.3323244858100904
/home/thuy/Research/minh_data_synth/TabularDA/.cache/statistical_328_20261010/records/california_housing_seed43_tvae_xonly_rf_synthetic.run.json,/home/thuy/Research/minh_data_synth/TabularDA/.cache/housing_no_faker_runtime_20261009/output/housing_no_faker_20261009/california_housing/acc/california_housing_seed43_tvae_xonly_rf_synthetic.predictions.csv,california_housing,synthetic,tvae_rf,43,67,0.2937434239442958,,,,,,,,,,,,,,,,,0.37748873233795166,0.29374343156814575,0.7854697452910285,0.3225998713815067
/home/thuy/Research/minh_data_synth/TabularDA/.cache/statistical_328_20261010/records/california_housing_seed42_tvae_xonly_xgb_synthetic.run.json,/home/thuy/Research/minh_data_synth/TabularDA/.cache/housing_no_faker_runtime_20261009/output/housing_no_faker_20261009/california_housing/acc/california_housing_seed42_tvae_xonly_xgb_synthetic.predictions.csv,california_housing,synthetic,tvae_xgb,42,44,0.25311906462491945,,,,,,,,,,,,,,,,,0.33982905745506287,0.2531190514564514,0.8151390229375719,0.29041611268162393
/home/thuy/Research/minh_data_synth/TabularDA/.cache/statistical_328_20261010/records/california_housing_seed43_tvae_xonly_xgb_synthetic.run.json,/home/thuy/Research/minh_data_synth/TabularDA/.cache/housing_no_faker_runtime_20261009/output/housing_no_faker_20261009/california_housing/acc/california_housing_seed43_tvae_xonly_xgb_synthetic.predictions.csv,california_housing,synthetic,tvae_xgb,43,68,0.2471449111783227,,,,,,,,,,,,,,,,,0.33946114778518677,0.2471449077129364,0.8195021371060358,0.2901016990262892
/home/thuy/Research/minh_data_synth/TabularDA/.cache/statistical_328_20261010/records/california_housing_seed42_ctgan_xonly_xgb_synthetic.run.json,/home/thuy/Research/minh_data_synth/TabularDA/.cache/housing_no_faker_runtime_20261009/output/housing_no_faker_20261009/california_housing/acc/california_housing_seed42_ctgan_xonly_xgb_synthetic.predictions.csv,california_housing,synthetic,xgb,42,100,0.24422280132308488,,,,,,,,,,,,,,,,,0.3386978209018707,0.24422280490398407,0.8216362471696266,0.28944936391457693
/home/thuy/Research/minh_data_synth/TabularDA/.cache/statistical_328_20261010/records/california_housing_seed43_ctgan_xonly_xgb_synthetic.run.json,/home/thuy/Research/minh_data_synth/TabularDA/.cache/housing_no_faker_runtime_20261009/output/housing_no_faker_20261009/california_housing/acc/california_housing_seed43_ctgan_xonly_xgb_synthetic.predictions.csv,california_housing,synthetic,xgb,43,97,0.25011312095231786,,,,,,,,,,,,,,,,,0.34142303466796875,0.2501131296157837,0.8173343567820661,0.29177831716567226
/home/thuy/Research/minh_data_synth/TabularDA/.cache/statistical_328_20261010/records/census_kdd_seed42_ctgan_full_dnn_mix.run.json,/home/thuy/Research/minh_data_synth/TabularDA/output/census_kdd_weighted_macro_f1_20261005/census_kdd/acc/census_kdd_seed42_ctgan_full_dnn_mix.predictions.csv,census_kdd,mix,compare_dnn,42,40,2.36740508798565,0.9444502782736532,0.7790129950781837,0.7671135365120816,,,0.5638911788953009,0.5951624989713602,,,,0.5394321766561514,,,,0.5906735751295337,0.9397958048699101,,,,
/home/thuy/Research/minh_data_synth/TabularDA/.cache/statistical_328_20261010/records/census_kdd_seed43_ctgan_full_dnn_mix.run.json,/home/thuy/Research/minh_data_synth/TabularDA/output/census_kdd_weighted_macro_f1_20261005/census_kdd/acc/census_kdd_seed43_ctgan_full_dnn_mix.predictions.csv,census_kdd,mix,compare_dnn,43,70,2.459047738524103,0.9461304210857923,0.78071510392046,0.7716995630498942,,,0.5721434528773979,0.6052335708105284,,,,0.5532258064516129,,,,0.5924006908462867,0.938912357373919,,,,
/home/thuy/Research/minh_data_synth/TabularDA/.cache/statistical_328_20261010/records/census_kdd_seed42_ctgan_full_rf_mix.run.json,/home/thuy/Research/minh_data_synth/TabularDA/output/census_kdd_weighted_macro_f1_20261005/census_kdd/acc/census_kdd_seed42_ctgan_full_rf_mix.predictions.csv,census_kdd,mix,compare_rf,42,20,2.16140386255351,0.9430851622387902,0.7928240311622345,0.7700230731446847,,,0.5705229793977813,0.5919322246542926,,,,0.527086383601757,,,,0.6217616580310881,0.936437352662199,,,,
/home/thuy/Research/minh_data_synth/TabularDA/.cache/statistical_328_20261010/records/census_kdd_seed43_ctgan_full_rf_mix.run.json,/home/thuy/Research/minh_data_synth/TabularDA/output/census_kdd_weighted_macro_f1_20261005/census_kdd/acc/census_kdd_seed43_ctgan_full_rf_mix.predictions.csv,census_kdd,mix,compare_rf,43,34,2.617046205408869,0.9477055549721727,0.7621699478775632,0.7669070115837403,,,0.5616197183098591,0.5915372747716692,,,,0.5727109515260324,,,,0.5509499136442142,0.9398483289614751,,,,
/home/thuy/Research/minh_data_synth/TabularDA/.cache/statistical_328_20261010/records/census_kdd_seed42_ctgan_full_xgb_mix.run.json,/home/thuy/Research/minh_data_synth/TabularDA/output/census_kdd_weighted_macro_f1_20261005/census_kdd/acc/census_kdd_seed42_ctgan_full_xgb_mix.predictions.csv,census_kdd,mix,compare_xgb,42,82,2.2596311429512546,0.9444502782736532,0.788704848591582,0.7713241917185287,,,0.5723524656426839,0.6037229044125321,,,,0.5379939209726444,,,,0.6113989637305699,0.9384270888367767,,,,
/home/thuy/Research/minh_data_synth/TabularDA/.cache/statistical_328_20261010/records/census_kdd_seed43_ctgan_full_xgb_mix.run.json,/home/thuy/Research/minh_data_synth/TabularDA/output/census_kdd_weighted_macro_f1_20261005/census_kdd/acc/census_kdd_seed43_ctgan_full_xgb_mix.predictions.csv,census_kdd,mix,compare_xgb,43,99,2.3490987445931846,0.9451853407539641,0.7761737010328709,0.7675134075992485,,,0.5642737896494157,0.595621394445113,,,,0.5460420032310178,,,,0.5837651122625216,0.9363983458000809,,,,
/home/thuy/Research/minh_data_synth/TabularDA/.cache/statistical_328_20261010/records/census_kdd_seed42_ctgan_full_generated_mix.run.json,/home/thuy/Research/minh_data_synth/TabularDA/output/census_kdd_weighted_macro_f1_20261005/census_kdd/acc/census_kdd_seed42_ctgan_full_generated_mix.predictions.csv,census_kdd,mix,ctgan,42,91,0.5473022933556079,0.8001680142812139,0.8629249623834814,0.6219966444930378,,,0.3624790619765494,0.5966418882720104,,,,0.22485453034081462,,,,0.9343696027633851,0.9398698599769512,,,,
/home/thuy/Research/minh_data_synth/TabularDA/.cache/statistical_328_20261010/records/census_kdd_seed43_ctgan_full_generated_mix.run.json,/home/thuy/Research/minh_data_synth/TabularDA/output/census_kdd_weighted_macro_f1_20261005/census_kdd/acc/census_kdd_seed43_ctgan_full_generated_mix.predictions.csv,census_kdd,mix,ctgan,43,87,1.1756173963871221,0.9286989394098498,0.8053566269955292,0.7464074217745175,,,0.5314009661835749,0.584262199766791,,,,0.4425287356321839,,,,0.6649395509499136,0.9312469296578827,,,,
/home/thuy/Research/minh_data_synth/TabularDA/.cache/statistical_328_20261010/records/census_kdd_seed42_ctgan_xonly_dnn_mix.run.json,/home/thuy/Research/minh_data_synth/TabularDA/output/census_kdd_weighted_macro_f1_20261005/census_kdd/acc/census_kdd_seed42_ctgan_xonly_dnn_mix.predictions.csv,census_kdd,mix,dnn,42,52,2.451796594242407,0.9485456263782421,0.765847792906776,0.7706514772611099,,,0.5686619718309859,0.6016479810056317,,,,0.5798922800718133,,,,0.5578583765112263,0.9354990638353091,,,,
/home/thuy/Research/minh_data_synth/TabularDA/.cache/statistical_328_20261010/records/census_kdd_seed43_ctgan_xonly_dnn_mix.run.json,/home/thuy/Research/minh_data_synth/TabularDA/output/census_kdd_weighted_macro_f1_20261005/census_kdd/acc/census_kdd_seed43_ctgan_xonly_dnn_mix.predictions.csv,census_kdd,mix,dnn,43,71,2.551149083675988,0.9465504567888271,0.7777080996783672,0.7713434163419877,,,0.5711878685762426,0.6019656957138632,,,,0.5575657894736842,,,,0.5854922279792746,0.938808467810456,,,,
/home/thuy/Research/minh_data_synth/TabularDA/.cache/statistical_328_20261010/records/census_kdd_seed42_ctgan_xonly_rf_mix.run.json,/home/thuy/Research/minh_data_synth/TabularDA/output/census_kdd_weighted_macro_f1_20261005/census_kdd/acc/census_kdd_seed42_ctgan_xonly_rf_mix.predictions.csv,census_kdd,mix,rf,42,29,2.5942759235704145,0.9464454478630684,0.7623067615498933,0.7640118753765719,,,0.5565217391304348,0.5893091050718997,,,,0.5604203152364273,,,,0.5526770293609672,0.9349299884755964,,,,
/home/thuy/Research/minh_data_synth/TabularDA/.cache/statistical_328_20261010/records/census_kdd_seed43_ctgan_xonly_rf_mix.run.json,/home/thuy/Research/minh_data_synth/TabularDA/output/census_kdd_weighted_macro_f1_20261005/census_kdd/acc/census_kdd_seed43_ctgan_xonly_rf_mix.predictions.csv,census_kdd,mix,rf,43,27,2.56554564285038,0.9451853407539641,0.7713277742761717,0.7653188845602579,,,0.5598650927487352,0.5933367982084788,,,,0.5469522240527183,,,,0.5734024179620034,0.9390678055125579,,,,
/home/thuy/Research/minh_data_synth/TabularDA/.cache/statistical_328_20261010/records/census_kdd_seed42_tvae_full_generated_mix.run.json,/home/thuy/Research/minh_data_synth/TabularDA/output/census_kdd_weighted_macro_f1_20261005/census_kdd/acc/census_kdd_seed42_tvae_full_generated_mix.predictions.csv,census_kdd,mix,tvae,42,62,2.2474988033375194,0.9379397248766145,0.809468471641625,0.7658535203329019,,,0.565121412803532,0.5842260231775793,,,,0.49230769230769234,,,,0.6632124352331606,0.9372647036559858,,,,
/home/thuy/Research/minh_data_synth/TabularDA/.cache/statistical_328_20261010/records/census_kdd_seed43_tvae_full_generated_mix.run.json,/home/thuy/Research/minh_data_synth/TabularDA/output/census_kdd_weighted_macro_f1_20261005/census_kdd/acc/census_kdd_seed43_tvae_full_generated_mix.predictions.csv,census_kdd,mix,tvae,43,84,1.609621874927836,0.9263887430431587,0.8291640404620884,0.7513496357509689,,,0.542726679712981,0.5880161762470402,,,,0.4360587002096436,,,,0.7184801381692574,0.9357898773716945,,,,
/home/thuy/Research/minh_data_synth/TabularDA/.cache/statistical_328_20261010/records/census_kdd_seed42_tvae_full_dnn_mix.run.json,/home/thuy/Research/minh_data_synth/TabularDA/output/census_kdd_weighted_macro_f1_20261005/census_kdd/acc/census_kdd_seed42_tvae_full_dnn_mix.predictions.csv,census_kdd,mix,tvae_compare_dnn,42,19,2.3898222476046813,0.9457103853827575,0.7804914903247533,0.7706330579238541,,,0.5702410640066501,0.5963564858557444,,,,0.5496794871794872,,,,0.5924006908462867,0.9394900258294944,,,,
/home/thuy/Research/minh_data_synth/TabularDA/.cache/statistical_328_20261010/records/census_kdd_seed43_tvae_full_dnn_mix.run.json,/home/thuy/Research/minh_data_synth/TabularDA/output/census_kdd_weighted_macro_f1_20261005/census_kdd/acc/census_kdd_seed43_tvae_full_dnn_mix.predictions.csv,census_kdd,mix,tvae_compare_dnn,43,50,2.9712603248418734,0.9484406174524834,0.767407198426749,0.7711266076852685,,,0.5696757230499562,0.6032512013952073,,,,0.5782918149466192,,,,0.5613126079447323,0.9372958898353524,,,,
/home/thuy/Research/minh_data_synth/TabularDA/.cache/statistical_328_20261010/records/census_kdd_seed42_tvae_full_rf_mix.run.json,/home/thuy/Research/minh_data_synth/TabularDA/output/census_kdd_weighted_macro_f1_20261005/census_kdd/acc/census_kdd_seed42_tvae_full_rf_mix.predictions.csv,census_kdd,mix,tvae_compare_rf,42,11,2.2084379679112955,0.9408799747978578,0.7884194419469754,0.763375272116612,,,0.5584313725490196,0.586887090670827,,,,0.5114942528735632,,,,0.614853195164076,0.939612742962544,,,,
/home/thuy/Research/minh_data_synth/TabularDA/.cache/statistical_328_20261010/records/census_kdd_seed43_tvae_full_rf_mix.run.json,/home/thuy/Research/minh_data_synth/TabularDA/output/census_kdd_weighted_macro_f1_20261005/census_kdd/acc/census_kdd_seed43_tvae_full_rf_mix.predictions.csv,census_kdd,mix,tvae_compare_rf,43,15,2.5123569265103423,0.9411950015751339,0.7821259164681564,0.761330884380046,,,0.554140127388535,0.5844492747004542,,,,0.5140324963072378,,,,0.6010362694300518,0.9349402229493203,,,,
/home/thuy/Research/minh_data_synth/TabularDA/.cache/statistical_328_20261010/records/census_kdd_seed42_tvae_full_xgb_mix.run.json,/home/thuy/Research/minh_data_synth/TabularDA/output/census_kdd_weighted_macro_f1_20261005/census_kdd/acc/census_kdd_seed42_tvae_full_xgb_mix.predictions.csv,census_kdd,mix,tvae_compare_xgb,42,84,2.4120810019810963,0.9434001890160664,0.801875940412963,0.7744472077010269,,,0.5792349726775956,0.6077684835101375,,,,0.5284900284900285,,,,0.6407599309153713,0.9383220406536469,,,,
/home/thuy/Research/minh_data_synth/TabularDA/.cache/statistical_328_20261010/records/census_kdd_seed43_tvae_full_xgb_mix.run.json,/home/thuy/Research/minh_data_synth/TabularDA/output/census_kdd_weighted_macro_f1_20261005/census_kdd/acc/census_kdd_seed43_tvae_full_xgb_mix.predictions.csv,census_kdd,mix,tvae_compare_xgb,43,75,2.785541202245134,0.9446602961251707,0.7928549276866845,0.7735508744714266,,,0.576706827309237,0.6037356547403763,,,,0.539039039039039,,,,0.6200345423143351,0.9346243059868194,,,,
/home/thuy/Research/minh_data_synth/TabularDA/.cache/statistical_328_20261010/records/census_kdd_seed42_tvae_xonly_dnn_mix.run.json,/home/thuy/Research/minh_data_synth/TabularDA/output/census_kdd_weighted_macro_f1_20261005/census_kdd/acc/census_kdd_seed42_tvae_xonly_dnn_mix.predictions.csv,census_kdd,mix,tvae_dnn,42,19,2.847459918271215,0.9498057334873464,0.7665186336938958,0.7740309828156094,,,0.5747330960854092,0.5979714653694203,,,,0.5926605504587156,,,,0.5578583765112263,0.9368574488430796,,,,
/home/thuy/Research/minh_data_synth/TabularDA/.cache/statistical_328_20261010/records/census_kdd_seed43_tvae_xonly_dnn_mix.run.json,/home/thuy/Research/minh_data_synth/TabularDA/output/census_kdd_weighted_macro_f1_20261005/census_kdd/acc/census_kdd_seed43_tvae_xonly_dnn_mix.predictions.csv,census_kdd,mix,tvae_dnn,43,25,2.470816435933326,0.9463404389373097,0.7800192562588635,0.7718795449735127,,,0.5723849372384937,0.5983843683064608,,,,0.5551948051948052,,,,0.5906735751295337,0.94125750013131,,,,
/home/thuy/Research/minh_data_synth/TabularDA/.cache/statistical_328_20261010/records/census_kdd_seed42_tvae_xonly_rf_mix.run.json,/home/thuy/Research/minh_data_synth/TabularDA/output/census_kdd_weighted_macro_f1_20261005/census_kdd/acc/census_kdd_seed42_tvae_xonly_rf_mix.predictions.csv,census_kdd,mix,tvae_rf,42,11,2.4752639582286573,0.9360495642129582,0.8011933203258965,0.7587221554699446,,,0.5518763796909493,0.5804554732603064,,,,0.4807692307692308,,,,0.6476683937823834,0.938396964725438,,,,
/home/thuy/Research/minh_data_synth/TabularDA/.cache/statistical_328_20261010/records/census_kdd_seed43_tvae_xonly_rf_mix.run.json,/home/thuy/Research/minh_data_synth/TabularDA/output/census_kdd_weighted_macro_f1_20261005/census_kdd/acc/census_kdd_seed43_tvae_xonly_rf_mix.predictions.csv,census_kdd,mix,tvae_rf,43,23,2.5987059010510984,0.950645804893416,0.7588893162908105,0.7724920196002685,,,0.5711678832116789,0.5907418837567312,,,,0.6054158607350096,,,,0.540587219343696,0.9399572392101612,,,,
/home/thuy/Research/minh_data_synth/TabularDA/.cache/statistical_328_20261010/records/census_kdd_seed42_tvae_xonly_xgb_mix.run.json,/home/thuy/Research/minh_data_synth/TabularDA/output/census_kdd_weighted_macro_f1_20261005/census_kdd/acc/census_kdd_seed42_tvae_xonly_xgb_mix.predictions.csv,census_kdd,mix,tvae_xgb,42,33,2.4698102066875642,0.9453953586054815,0.7867850158035723,0.7726469689445739,,,0.574468085106383,0.6045548276041532,,,,0.5458786936236392,,,,0.6062176165803109,0.9389801366244312,,,,
/home/thuy/Research/minh_data_synth/TabularDA/.cache/statistical_328_20261010/records/census_kdd_seed43_tvae_xonly_xgb_mix.run.json,/home/thuy/Research/minh_data_synth/TabularDA/output/census_kdd_weighted_macro_f1_20261005/census_kdd/acc/census_kdd_seed43_tvae_xonly_xgb_mix.predictions.csv,census_kdd,mix,tvae_xgb,43,44,2.355924424667713,0.946235430011551,0.7896552063733351,0.7758028887625921,,,0.580327868852459,0.5944568406658406,,,,0.5522620904836193,,,,0.6113989637305699,0.9393572673259986,,,,
/home/thuy/Research/minh_data_synth/TabularDA/.cache/statistical_328_20261010/records/census_kdd_seed42_ctgan_xonly_xgb_mix.run.json,/home/thuy/Research/minh_data_synth/TabularDA/output/census_kdd_weighted_macro_f1_20261005/census_kdd/acc/census_kdd_seed42_ctgan_xonly_xgb_mix.predictions.csv,census_kdd,mix,xgb,42,53,2.4830562304163584,0.9466554657145857,0.7769563486178439,0.7712528408489108,,,0.5709459459459459,0.6006332115698979,,,,0.5586776859504132,,,,0.5837651122625216,0.938401019894272,,,,
/home/thuy/Research/minh_data_synth/TabularDA/.cache/statistical_328_20261010/records/census_kdd_seed43_ctgan_xonly_xgb_mix.run.json,/home/thuy/Research/minh_data_synth/TabularDA/output/census_kdd_weighted_macro_f1_20261005/census_kdd/acc/census_kdd_seed43_ctgan_xonly_xgb_mix.predictions.csv,census_kdd,mix,xgb,43,66,2.035616628853048,0.9405649480205818,0.8019818575608431,0.7683407337978307,,,0.5685975609756098,0.5982394871036871,,,,0.5088676671214188,,,,0.6442141623488774,0.9390025366046573,,,,
/home/thuy/Research/minh_data_synth/TabularDA/.cache/statistical_328_20261010/records/census_kdd_seed42_real_original.run.json,/home/thuy/Research/minh_data_synth/TabularDA/output/census_kdd_weighted_macro_f1_20261005/census_kdd/acc/census_kdd_seed42_real_original.predictions.csv,census_kdd,original,real,42,100,1.0758667698611761,0.9294340018901607,0.8340158568687608,0.7586150083013321,,,0.5555555555555556,0.6123674120830122,,,,0.45016077170418006,,,,0.7253886010362695,0.9350996297051545,,,,
/home/thuy/Research/minh_data_synth/TabularDA/.cache/statistical_328_20261010/records/census_kdd_seed43_real_original.run.json,/home/thuy/Research/minh_data_synth/TabularDA/output/census_kdd_weighted_macro_f1_20261005/census_kdd/acc/census_kdd_seed43_real_original.predictions.csv,census_kdd,original,real,43,92,1.0066694397892781,0.9255486716370892,0.840831630162423,0.7540614262987317,,,0.5486950986632718,0.6102081459808559,,,,0.4344758064516129,,,,0.7443868739205527,0.9369206901665632,,,,
/home/thuy/Research/minh_data_synth/TabularDA/.cache/statistical_328_20261010/records/census_kdd_seed42_ctgan_full_dnn_synthetic.run.json,/home/thuy/Research/minh_data_synth/TabularDA/output/census_kdd_weighted_macro_f1_20261005/census_kdd/acc/census_kdd_seed42_ctgan_full_dnn_synthetic.predictions.csv,census_kdd,synthetic,compare_dnn,42,41,6.793552822041734,0.9423500997584795,0.764164801289003,0.7556784797551498,,,0.5421184320266889,0.5254584457775675,,,,0.5241935483870968,,,,0.5613126079447323,0.874286097181928,,,,
/home/thuy/Research/minh_data_synth/TabularDA/.cache/statistical_328_20261010/records/census_kdd_seed43_ctgan_full_dnn_synthetic.run.json,/home/thuy/Research/minh_data_synth/TabularDA/output/census_kdd_weighted_macro_f1_20261005/census_kdd/acc/census_kdd_seed43_ctgan_full_dnn_synthetic.predictions.csv,census_kdd,synthetic,compare_dnn,43,22,5.496106990630745,0.9399348944660296,0.7709555677081885,0.7536624421007998,,,0.5394524959742351,0.5647962277589135,,,,0.5052790346907994,,,,0.5785837651122625,0.9035655747834926,,,,
/home/thuy/Research/minh_data_synth/TabularDA/.cache/statistical_328_20261010/records/census_kdd_seed42_ctgan_full_rf_synthetic.run.json,/home/thuy/Research/minh_data_synth/TabularDA/output/census_kdd_weighted_macro_f1_20261005/census_kdd/acc/census_kdd_seed42_ctgan_full_rf_synthetic.predictions.csv,census_kdd,synthetic,compare_rf,42,25,7.922516204624082,0.935419510658406,0.7677440670948925,0.743016092766239,,,0.5206547155105222,0.5287451371653502,,,,0.4744318181818182,,,,0.5768566493955095,0.8704382247166017,,,,
/home/thuy/Research/minh_data_synth/TabularDA/.cache/statistical_328_20261010/records/census_kdd_seed43_ctgan_full_rf_synthetic.run.json,/home/thuy/Research/minh_data_synth/TabularDA/output/census_kdd_weighted_macro_f1_20261005/census_kdd/acc/census_kdd_seed43_ctgan_full_rf_synthetic.predictions.csv,census_kdd,synthetic,compare_rf,43,39,10.644269084399655,0.9376246980993385,0.736611860094358,0.7321053487034582,,,0.49746192893401014,0.5218680981256008,,,,0.48756218905472637,,,,0.5077720207253886,0.8915075302554215,,,,
/home/thuy/Research/minh_data_synth/TabularDA/.cache/statistical_328_20261010/records/census_kdd_seed42_ctgan_full_xgb_synthetic.run.json,/home/thuy/Research/minh_data_synth/TabularDA/output/census_kdd_weighted_macro_f1_20261005/census_kdd/acc/census_kdd_seed42_ctgan_full_xgb_synthetic.predictions.csv,census_kdd,synthetic,compare_xgb,42,76,5.141453384464308,0.9404599390948231,0.7809269382162201,0.7592380306047852,,,0.5503568596352102,0.5651153015490501,,,,0.5087976539589443,,,,0.5993091537132987,0.9107826166884487,,,,
/home/thuy/Research/minh_data_synth/TabularDA/.cache/statistical_328_20261010/records/census_kdd_seed43_ctgan_full_xgb_synthetic.run.json,/home/thuy/Research/minh_data_synth/TabularDA/output/census_kdd_weighted_macro_f1_20261005/census_kdd/acc/census_kdd_seed43_ctgan_full_xgb_synthetic.predictions.csv,census_kdd,synthetic,compare_xgb,43,71,5.4843119834383955,0.9339493856977843,0.7960369800501141,0.7524787898154419,,,0.5405405405405406,0.5695269259047021,,,,0.46835443037974683,,,,0.6390328151986183,0.911507526393356,,,,
/home/thuy/Research/minh_data_synth/TabularDA/.cache/statistical_328_20261010/records/census_kdd_seed42_ctgan_full_generated_synthetic.run.json,/home/thuy/Research/minh_data_synth/TabularDA/output/census_kdd_weighted_macro_f1_20261005/census_kdd/acc/census_kdd_seed42_ctgan_full_generated_synthetic.predictions.csv,census_kdd,synthetic,ctgan,42,96,0.5579353584833134,0.8729391998319858,0.8402842789214642,0.6815036081864427,,,0.43457943925233644,0.5531877526051197,,,,0.29788597053171045,,,,0.8031088082901554,0.921831310383395,,,,
/home/thuy/Research/minh_data_synth/TabularDA/.cache/statistical_328_20261010/records/census_kdd_seed43_ctgan_full_generated_synthetic.run.json,/home/thuy/Research/minh_data_synth/TabularDA/output/census_kdd_weighted_macro_f1_20261005/census_kdd/acc/census_kdd_seed43_ctgan_full_generated_synthetic.predictions.csv,census_kdd,synthetic,ctgan,43,100,2.959578957438006,0.9349994749553712,0.7618668722830368,0.7394594720740468,,,0.5137470542026709,0.5267500335237425,,,,0.4711815561959654,,,,0.5647668393782384,0.8900785659996108,,,,
/home/thuy/Research/minh_data_synth/TabularDA/.cache/statistical_328_20261010/records/census_kdd_seed42_ctgan_xonly_dnn_synthetic.run.json,/home/thuy/Research/minh_data_synth/TabularDA/output/census_kdd_weighted_macro_f1_20261005/census_kdd/acc/census_kdd_seed42_ctgan_xonly_dnn_synthetic.predictions.csv,census_kdd,synthetic,dnn,42,36,6.706296376942662,0.9473905281948966,0.7442338395728865,0.757278222375523,,,0.5424657534246575,0.551434692094705,,,,0.5755813953488372,,,,0.5129533678756477,0.8942483416290501,,,,
/home/thuy/Research/minh_data_synth/TabularDA/.cache/statistical_328_20261010/records/census_kdd_seed43_ctgan_xonly_dnn_synthetic.run.json,/home/thuy/Research/minh_data_synth/TabularDA/output/census_kdd_weighted_macro_f1_20261005/census_kdd/acc/census_kdd_seed43_ctgan_xonly_dnn_synthetic.predictions.csv,census_kdd,synthetic,dnn,43,32,6.055256410292514,0.9424551086842382,0.7674513225257291,0.7574439090050495,,,0.5456053067993366,0.5641856229560583,,,,0.5247208931419458,,,,0.5682210708117443,0.901084004560327,,,,
/home/thuy/Research/minh_data_synth/TabularDA/.cache/statistical_328_20261010/records/census_kdd_seed42_ctgan_xonly_rf_synthetic.run.json,/home/thuy/Research/minh_data_synth/TabularDA/output/census_kdd_weighted_macro_f1_20261005/census_kdd/acc/census_kdd_seed42_ctgan_xonly_rf_synthetic.predictions.csv,census_kdd,synthetic,rf,42,14,6.528038936716336,0.9377297070250972,0.7689739418712789,0.7481977992039466,,,0.5297383029341792,0.536550698733958,,,,0.4897360703812317,,,,0.5768566493955095,0.8685910953126883,,,,
/home/thuy/Research/minh_data_synth/TabularDA/.cache/statistical_328_20261010/records/census_kdd_seed43_ctgan_xonly_rf_synthetic.run.json,/home/thuy/Research/minh_data_synth/TabularDA/output/census_kdd_weighted_macro_f1_20261005/census_kdd/acc/census_kdd_seed43_ctgan_xonly_rf_synthetic.predictions.csv,census_kdd,synthetic,rf,43,38,9.671555653197242,0.9341594035493017,0.7775727342806207,0.7449929051056546,,,0.5253595760787282,0.5343232948550237,,,,0.46765498652291104,,,,0.5993091537132987,0.887852181758074,,,,
/home/thuy/Research/minh_data_synth/TabularDA/.cache/statistical_328_20261010/records/census_kdd_seed42_tvae_full_generated_synthetic.run.json,/home/thuy/Research/minh_data_synth/TabularDA/output/census_kdd_weighted_macro_f1_20261005/census_kdd/acc/census_kdd_seed42_tvae_full_generated_synthetic.predictions.csv,census_kdd,synthetic,tvae,42,41,11.102410563923888,0.9122125380657355,0.7844649764722966,0.7108448420642784,,,0.46954314720812185,0.4826279605393722,,,,0.3711133400200602,,,,0.6390328151986183,0.874809696719716,,,,
/home/thuy/Research/minh_data_synth/TabularDA/.cache/statistical_328_20261010/records/census_kdd_seed43_tvae_full_generated_synthetic.run.json,/home/thuy/Research/minh_data_synth/TabularDA/output/census_kdd_weighted_macro_f1_20261005/census_kdd/acc/census_kdd_seed43_tvae_full_generated_synthetic.predictions.csv,census_kdd,synthetic,tvae,43,82,8.281375128870112,0.9191431271658091,0.7655402759368599,0.7133282572483554,,,0.47042640990371387,0.47098031416386343,,,,0.39085714285714285,,,,0.5906735751295337,0.8642532232799132,,,,
/home/thuy/Research/minh_data_synth/TabularDA/.cache/statistical_328_20261010/records/census_kdd_seed42_tvae_full_dnn_synthetic.run.json,/home/thuy/Research/minh_data_synth/TabularDA/output/census_kdd_weighted_macro_f1_20261005/census_kdd/acc/census_kdd_seed42_tvae_full_dnn_synthetic.predictions.csv,census_kdd,synthetic,tvae_compare_dnn,42,48,14.379426798749893,0.9404599390948231,0.7623508856488734,0.7507673901258108,,,0.5333333333333333,0.5360249234725182,,,,0.5094339622641509,,,,0.5595854922279793,0.8831116893910602,,,,
/home/thuy/Research/minh_data_synth/TabularDA/.cache/statistical_328_20261010/records/census_kdd_seed43_tvae_full_dnn_synthetic.run.json,/home/thuy/Research/minh_data_synth/TabularDA/output/census_kdd_weighted_macro_f1_20261005/census_kdd/acc/census_kdd_seed43_tvae_full_dnn_synthetic.predictions.csv,census_kdd,synthetic,tvae_compare_dnn,43,29,15.548826417138844,0.9410899926493752,0.7538021069884848,0.7479836081883204,,,0.527379949452401,0.5108081937867919,,,,0.5148026315789473,,,,0.540587219343696,0.8432398211400199,,,,
/home/thuy/Research/minh_data_synth/TabularDA/.cache/statistical_328_20261010/records/census_kdd_seed42_tvae_full_rf_synthetic.run.json,/home/thuy/Research/minh_data_synth/TabularDA/output/census_kdd_weighted_macro_f1_20261005/census_kdd/acc/census_kdd_seed42_tvae_full_rf_synthetic.predictions.csv,census_kdd,synthetic,tvae_compare_rf,42,14,14.298665966116856,0.9213483146067416,0.7820596820438669,0.724102607742094,,,0.4908225696804895,0.5149538307749569,,,,0.4047085201793722,,,,0.6234887737478411,0.8780227421592344,,,,
/home/thuy/Research/minh_data_synth/TabularDA/.cache/statistical_328_20261010/records/census_kdd_seed43_tvae_full_rf_synthetic.run.json,/home/thuy/Research/minh_data_synth/TabularDA/output/census_kdd_weighted_macro_f1_20261005/census_kdd/acc/census_kdd_seed43_tvae_full_rf_synthetic.predictions.csv,census_kdd,synthetic,tvae_compare_rf,43,16,21.5684031410702,0.9317441982568518,0.7601338669163106,0.7324487559587904,,,0.5015337423312883,0.4908477564850968,,,,0.4510344827586207,,,,0.5647668393782384,0.8467314180577827,,,,
/home/thuy/Research/minh_data_synth/TabularDA/.cache/statistical_328_20261010/records/census_kdd_seed42_tvae_full_xgb_synthetic.run.json,/home/thuy/Research/minh_data_synth/TabularDA/output/census_kdd_weighted_macro_f1_20261005/census_kdd/acc/census_kdd_seed42_tvae_full_xgb_synthetic.predictions.csv,census_kdd,synthetic,tvae_compare_xgb,42,94,16.94500274522007,0.9347894571038539,0.7577167931879343,0.7370829946163167,,,0.509090909090909,0.5125876834067846,,,,0.46938775510204084,,,,0.5561312607944733,0.8658229598252493,,,,
/home/thuy/Research/minh_data_synth/TabularDA/.cache/statistical_328_20261010/records/census_kdd_seed43_tvae_full_xgb_synthetic.run.json,/home/thuy/Research/minh_data_synth/TabularDA/output/census_kdd_weighted_macro_f1_20261005/census_kdd/acc/census_kdd_seed43_tvae_full_xgb_synthetic.predictions.csv,census_kdd,synthetic,tvae_compare_xgb,43,35,15.192366265053886,0.938779796282684,0.7671100124821959,0.7494879692919196,,,0.5317269076305221,0.5259298615622299,,,,0.496996996996997,,,,0.5716753022452504,0.8643951541891053,,,,
/home/thuy/Research/minh_data_synth/TabularDA/.cache/statistical_328_20261010/records/census_kdd_seed42_tvae_xonly_dnn_synthetic.run.json,/home/thuy/Research/minh_data_synth/TabularDA/output/census_kdd_weighted_macro_f1_20261005/census_kdd/acc/census_kdd_seed42_tvae_xonly_dnn_synthetic.predictions.csv,census_kdd,synthetic,tvae_dnn,42,14,11.644949166449031,0.9379397248766145,0.7642398219124331,0.7464292187648469,,,0.5260625501202887,0.5297065654786915,,,,0.49101796407185627,,,,0.5664939550949913,0.8815374149186959,,,,
/home/thuy/Research/minh_data_synth/TabularDA/.cache/statistical_328_20261010/records/census_kdd_seed43_tvae_xonly_dnn_synthetic.run.json,/home/thuy/Research/minh_data_synth/TabularDA/output/census_kdd_weighted_macro_f1_20261005/census_kdd/acc/census_kdd_seed43_tvae_xonly_dnn_synthetic.predictions.csv,census_kdd,synthetic,tvae_dnn,43,36,24.971960627555745,0.9395148587629949,0.7634630639774331,0.749308882464499,,,0.5309446254071661,0.5154845394163341,,,,0.50231124807396,,,,0.5630397236614854,0.8572052432946817,,,,
/home/thuy/Research/minh_data_synth/TabularDA/.cache/statistical_328_20261010/records/census_kdd_seed42_tvae_xonly_rf_synthetic.run.json,/home/thuy/Research/minh_data_synth/TabularDA/output/census_kdd_weighted_macro_f1_20261005/census_kdd/acc/census_kdd_seed42_tvae_xonly_rf_synthetic.predictions.csv,census_kdd,synthetic,tvae_rf,42,14,23.8405364366135,0.920508243200672,0.7767665280957545,0.7204590840538222,,,0.4839809134287662,0.5003797227977456,,,,0.3997747747747748,,,,0.613126079447323,0.8690828328096374,,,,
/home/thuy/Research/minh_data_synth/TabularDA/.cache/statistical_328_20261010/records/census_kdd_seed43_tvae_xonly_rf_synthetic.run.json,/home/thuy/Research/minh_data_synth/TabularDA/output/census_kdd_weighted_macro_f1_20261005/census_kdd/acc/census_kdd_seed43_tvae_xonly_rf_synthetic.predictions.csv,census_kdd,synthetic,tvae_rf,43,27,35.81139608277226,0.9271238055234695,0.7592894262824375,0.7237320276388278,,,0.48668639053254437,0.4553462835610587,,,,0.425614489003881,,,,0.5682210708117443,0.8413657538288517,,,,
/home/thuy/Research/minh_data_synth/TabularDA/.cache/statistical_328_20261010/records/census_kdd_seed42_tvae_xonly_xgb_synthetic.run.json,/home/thuy/Research/minh_data_synth/TabularDA/output/census_kdd_weighted_macro_f1_20261005/census_kdd/acc/census_kdd_seed42_tvae_xonly_xgb_synthetic.predictions.csv,census_kdd,synthetic,tvae_xgb,42,56,21.451874691010723,0.932374251811404,0.7532003971748218,0.7303129925137903,,,0.496875,0.502666484625216,,,,0.4536376604850214,,,,0.5492227979274611,0.8852194116683814,,,,
/home/thuy/Research/minh_data_synth/TabularDA/.cache/statistical_328_20261010/records/census_kdd_seed43_tvae_xonly_xgb_synthetic.run.json,/home/thuy/Research/minh_data_synth/TabularDA/output/census_kdd_weighted_macro_f1_20261005/census_kdd/acc/census_kdd_seed43_tvae_xonly_xgb_synthetic.predictions.csv,census_kdd,synthetic,tvae_xgb,43,53,27.244176172226226,0.9313241625538171,0.7615255622395036,0.7323230386992603,,,0.5015243902439024,0.4926480055882303,,,,0.4488403819918145,,,,0.5682210708117443,0.8578794633891634,,,,
/home/thuy/Research/minh_data_synth/TabularDA/.cache/statistical_328_20261010/records/census_kdd_seed42_ctgan_xonly_xgb_synthetic.run.json,/home/thuy/Research/minh_data_synth/TabularDA/output/census_kdd_weighted_macro_f1_20261005/census_kdd/acc/census_kdd_seed42_ctgan_xonly_xgb_synthetic.predictions.csv,census_kdd,synthetic,xgb,42,26,5.068716621118521,0.9368896356190276,0.7790262226527138,0.7510250442141603,,,0.5359073359073359,0.5614993340471444,,,,0.48463687150837986,,,,0.5993091537132987,0.9117463951480099,,,,
/home/thuy/Research/minh_data_synth/TabularDA/.cache/statistical_328_20261010/records/census_kdd_seed43_ctgan_xonly_xgb_synthetic.run.json,/home/thuy/Research/minh_data_synth/TabularDA/output/census_kdd_weighted_macro_f1_20261005/census_kdd/acc/census_kdd_seed43_ctgan_xonly_xgb_synthetic.predictions.csv,census_kdd,synthetic,xgb,43,57,5.210727413098977,0.9385697784311666,0.787189567170589,0.7579997665554192,,,0.5489591364687741,0.5693663766096765,,,,0.4958217270194986,,,,0.614853195164076,0.9200252154260167,,,,
/home/thuy/Research/minh_data_synth/TabularDA/.cache/statistical_328_20261010/records/covertype_seed42_ctgan_full_dnn_mix.run.json,/home/thuy/Research/minh_data_synth/TabularDA/output/corrected_v2/covertype/acc/covertype_seed42_ctgan_full_dnn_mix.predictions.csv,covertype,mix,compare_dnn,42,97,0.35162924637794496,0.8603,0.7626917339126841,0.7825350368426031,0.8603,0.8602241907195779,,,0.8116286763622581,0.8603,0.8610196174147416,,0.7626917339126841,0.8603,0.8603,,,,,,
/home/thuy/Research/minh_data_synth/TabularDA/.cache/statistical_328_20261010/records/covertype_seed43_ctgan_full_dnn_mix.run.json,/home/thuy/Research/minh_data_synth/TabularDA/output/corrected_v2/covertype/acc/covertype_seed43_ctgan_full_dnn_mix.predictions.csv,covertype,mix,compare_dnn,43,100,0.3443263189315796,0.857,0.7227242816714661,0.7517831749215269,0.857,0.856378805668219,,,0.7991837785330417,0.857,0.857701687161321,,0.7227242816714661,0.857,0.857,,,,,,
/home/thuy/Research/minh_data_synth/TabularDA/.cache/statistical_328_20261010/records/covertype_seed42_ctgan_full_rf_mix.run.json,/home/thuy/Research/minh_data_synth/TabularDA/output/corrected_v2/covertype/acc/covertype_seed42_ctgan_full_rf_mix.predictions.csv,covertype,mix,compare_rf,42,100,0.47066224818229674,0.8237,0.5410036141516724,0.5621758303013358,0.8237,0.8137648566717224,,,0.7864522732787519,0.8237,0.8269205499177973,,0.5410036141516724,0.8237,0.8237,,,,,,
/home/thuy/Research/minh_data_synth/TabularDA/.cache/statistical_328_20261010/records/covertype_seed43_ctgan_full_rf_mix.run.json,/home/thuy/Research/minh_data_synth/TabularDA/output/corrected_v2/covertype/acc/covertype_seed43_ctgan_full_rf_mix.predictions.csv,covertype,mix,compare_rf,43,100,0.45611422934532164,0.8256,0.5295644950563039,0.5405713976734233,0.8256,0.8146656006533332,,,0.5747656032075913,0.8256,0.8103663428333433,,0.5295644950563039,0.8256,0.8256,,,,,,
/home/thuy/Research/minh_data_synth/TabularDA/.cache/statistical_328_20261010/records/covertype_seed42_ctgan_full_xgb_mix.run.json,/home/thuy/Research/minh_data_synth/TabularDA/output/corrected_v2/covertype/acc/covertype_seed42_ctgan_full_xgb_mix.predictions.csv,covertype,mix,compare_xgb,42,94,0.43958340783119204,0.8211,0.588971049170876,0.6250550779949765,0.8211,0.8162979140148529,,,0.8287012469739593,0.8211,0.8219564999173486,,0.588971049170876,0.8211,0.8211,,,,,,
/home/thuy/Research/minh_data_synth/TabularDA/.cache/statistical_328_20261010/records/covertype_seed43_ctgan_full_xgb_mix.run.json,/home/thuy/Research/minh_data_synth/TabularDA/output/corrected_v2/covertype/acc/covertype_seed43_ctgan_full_xgb_mix.predictions.csv,covertype,mix,compare_xgb,43,100,0.4552505934238434,0.8154,0.5636472333401936,0.5882695931267675,0.8154,0.8049580181191106,,,0.796778825648112,0.8154,0.8184100677690859,,0.5636472333401936,0.8154,0.8154,,,,,,
/home/thuy/Research/minh_data_synth/TabularDA/.cache/statistical_328_20261010/records/covertype_seed42_ctgan_full_generated_mix.run.json,/home/thuy/Research/minh_data_synth/TabularDA/output/corrected_v2/covertype/acc/covertype_seed42_ctgan_full_generated_mix.predictions.csv,covertype,mix,ctgan,42,85,0.5903509427070618,0.7558,0.49940402088074026,0.49857989624427673,0.7558,0.745734608268947,,,0.5594728879974574,0.7558,0.7543992295123355,,0.49940402088074026,0.7558,0.7558,,,,,,
/home/thuy/Research/minh_data_synth/TabularDA/.cache/statistical_328_20261010/records/covertype_seed43_ctgan_full_generated_mix.run.json,/home/thuy/Research/minh_data_synth/TabularDA/output/corrected_v2/covertype/acc/covertype_seed43_ctgan_full_generated_mix.predictions.csv,covertype,mix,ctgan,43,98,0.5969179749965667,0.7559,0.4798501321186329,0.4936917663433998,0.7559,0.7420403753220077,,,0.7202201857016378,0.7559,0.7606219348528852,,0.4798501321186329,0.7559,0.7559,,,,,,
/home/thuy/Research/minh_data_synth/TabularDA/.cache/statistical_328_20261010/records/covertype_seed42_ctgan_xonly_dnn_mix.run.json,/home/thuy/Research/minh_data_synth/TabularDA/output/corrected_v2/covertype/acc/covertype_seed42_ctgan_xonly_dnn_mix.predictions.csv,covertype,mix,dnn,42,99,0.3487726005554199,0.8532,0.7593246471458094,0.7408758596089619,0.8532,0.8532596598269203,,,0.7276681821845291,0.8532,0.8542451118964715,,0.7593246471458094,0.8532,0.8532,,,,,,
/home/thuy/Research/minh_data_synth/TabularDA/.cache/statistical_328_20261010/records/covertype_seed43_ctgan_xonly_dnn_mix.run.json,/home/thuy/Research/minh_data_synth/TabularDA/output/corrected_v2/covertype/acc/covertype_seed43_ctgan_xonly_dnn_mix.predictions.csv,covertype,mix,dnn,43,95,0.355732452249527,0.8555,0.7449810122951401,0.7542830219273294,0.8555,0.8556562566880659,,,0.7710512810790922,0.8555,0.8580424356875135,,0.7449810122951401,0.8555,0.8555,,,,,,
/home/thuy/Research/minh_data_synth/TabularDA/.cache/statistical_328_20261010/records/covertype_seed42_ctgan_xonly_rf_mix.run.json,/home/thuy/Research/minh_data_synth/TabularDA/output/corrected_v2/covertype/acc/covertype_seed42_ctgan_xonly_rf_mix.predictions.csv,covertype,mix,rf,42,100,0.47413472180366517,0.8168,0.5524177214371877,0.5885163586393954,0.8168,0.8077826570696689,,,0.7889328557476512,0.8168,0.8215473728387895,,0.5524177214371877,0.8168,0.8168,,,,,,
/home/thuy/Research/minh_data_synth/TabularDA/.cache/statistical_328_20261010/records/covertype_seed43_ctgan_xonly_rf_mix.run.json,/home/thuy/Research/minh_data_synth/TabularDA/output/corrected_v2/covertype/acc/covertype_seed43_ctgan_xonly_rf_mix.predictions.csv,covertype,mix,rf,43,94,0.4429410583972931,0.8211,0.5363854914152573,0.559599002903574,0.8211,0.8101516645467418,,,0.8598699917669502,0.8211,0.8271233411130634,,0.5363854914152573,0.8211,0.8211,,,,,,
/home/thuy/Research/minh_data_synth/TabularDA/.cache/statistical_328_20261010/records/covertype_seed42_tvae_full_generated_mix.run.json,/home/thuy/Research/minh_data_synth/TabularDA/output/corrected_v2/covertype/acc/covertype_seed42_tvae_full_generated_mix.predictions.csv,covertype,mix,tvae,42,94,0.5004713077545166,0.7982,0.4710814219426268,0.47889539435547984,0.7982,0.7815349711957987,,,0.5626475839548254,0.7982,0.7900788485775564,,0.4710814219426268,0.7982,0.7982,,,,,,
/home/thuy/Research/minh_data_synth/TabularDA/.cache/statistical_328_20261010/records/covertype_seed43_tvae_full_generated_mix.run.json,/home/thuy/Research/minh_data_synth/TabularDA/output/corrected_v2/covertype/acc/covertype_seed43_tvae_full_generated_mix.predictions.csv,covertype,mix,tvae,43,95,0.550269403219223,0.7735,0.48688947020947354,0.49950919153941975,0.7735,0.7632745673322937,,,0.5403521719561949,0.7735,0.7605362015748716,,0.48688947020947354,0.7735,0.7735,,,,,,
/home/thuy/Research/minh_data_synth/TabularDA/.cache/statistical_328_20261010/records/covertype_seed42_tvae_full_dnn_mix.run.json,/home/thuy/Research/minh_data_synth/TabularDA/output/corrected_v2/covertype/acc/covertype_seed42_tvae_full_dnn_mix.predictions.csv,covertype,mix,tvae_compare_dnn,42,100,0.3487591138839722,0.8612,0.7375317485007838,0.7509816130567083,0.8612,0.860490595814813,,,0.7758331672753555,0.8612,0.861712561764216,,0.7375317485007838,0.8612,0.8612,,,,,,
/home/thuy/Research/minh_data_synth/TabularDA/.cache/statistical_328_20261010/records/covertype_seed43_tvae_full_dnn_mix.run.json,/home/thuy/Research/minh_data_synth/TabularDA/output/corrected_v2/covertype/acc/covertype_seed43_tvae_full_dnn_mix.predictions.csv,covertype,mix,tvae_compare_dnn,43,100,0.3440782821655273,0.8586,0.6876504155503974,0.7093858798653636,0.8586,0.8573570076693213,,,0.8314529021878597,0.8586,0.8607024379942549,,0.6876504155503974,0.8586,0.8586,,,,,,
/home/thuy/Research/minh_data_synth/TabularDA/.cache/statistical_328_20261010/records/covertype_seed42_tvae_full_rf_mix.run.json,/home/thuy/Research/minh_data_synth/TabularDA/output/corrected_v2/covertype/acc/covertype_seed42_tvae_full_rf_mix.predictions.csv,covertype,mix,tvae_compare_rf,42,100,0.47941458458900454,0.8216,0.5194684789978933,0.5421172003945348,0.8216,0.8112770693533458,,,0.7200584750504887,0.8216,0.8241526450003875,,0.5194684789978933,0.8216,0.8216,,,,,,
/home/thuy/Research/minh_data_synth/TabularDA/.cache/statistical_328_20261010/records/covertype_seed43_tvae_full_rf_mix.run.json,/home/thuy/Research/minh_data_synth/TabularDA/output/corrected_v2/covertype/acc/covertype_seed43_tvae_full_rf_mix.predictions.csv,covertype,mix,tvae_compare_rf,43,99,0.44563777942657473,0.8318,0.5655094718372206,0.5893556344642247,0.8318,0.823942773491994,,,0.7229098923381114,0.8318,0.8338548063172735,,0.5655094718372206,0.8318,0.8318,,,,,,
/home/thuy/Research/minh_data_synth/TabularDA/.cache/statistical_328_20261010/records/covertype_seed42_tvae_full_xgb_mix.run.json,/home/thuy/Research/minh_data_synth/TabularDA/output/corrected_v2/covertype/acc/covertype_seed42_tvae_full_xgb_mix.predictions.csv,covertype,mix,tvae_compare_xgb,42,97,0.4769310877323151,0.8139,0.5784062805741929,0.6085449910796602,0.8139,0.8060919624468079,,,0.8067541595050285,0.8139,0.8158113202034348,,0.5784062805741929,0.8139,0.8139,,,,,,
/home/thuy/Research/minh_data_synth/TabularDA/.cache/statistical_328_20261010/records/covertype_seed43_tvae_full_xgb_mix.run.json,/home/thuy/Research/minh_data_synth/TabularDA/output/corrected_v2/covertype/acc/covertype_seed43_tvae_full_xgb_mix.predictions.csv,covertype,mix,tvae_compare_xgb,43,99,0.46969224786758423,0.8254,0.5643002943049235,0.5830809353587348,0.8254,0.81711722161658,,,0.7097889430735778,0.8254,0.8259505484972216,,0.5643002943049235,0.8254,0.8254,,,,,,
/home/thuy/Research/minh_data_synth/TabularDA/.cache/statistical_328_20261010/records/covertype_seed42_tvae_xonly_dnn_mix.run.json,/home/thuy/Research/minh_data_synth/TabularDA/output/corrected_v2/covertype/acc/covertype_seed42_tvae_xonly_dnn_mix.predictions.csv,covertype,mix,tvae_dnn,42,100,0.3451174026966095,0.8586,0.6935985703529477,0.7311818885244146,0.8586,0.8567408183460068,,,0.8147044285400021,0.8586,0.8594063385146715,,0.6935985703529477,0.8586,0.8586,,,,,,
/home/thuy/Research/minh_data_synth/TabularDA/.cache/statistical_328_20261010/records/covertype_seed43_tvae_xonly_dnn_mix.run.json,/home/thuy/Research/minh_data_synth/TabularDA/output/corrected_v2/covertype/acc/covertype_seed43_tvae_xonly_dnn_mix.predictions.csv,covertype,mix,tvae_dnn,43,100,0.3448584431171417,0.8573,0.7177561602892014,0.7318501227273554,0.8573,0.8567447014871704,,,0.7558558681973386,0.8573,0.858845598532194,,0.7177561602892014,0.8573,0.8573,,,,,,
/home/thuy/Research/minh_data_synth/TabularDA/.cache/statistical_328_20261010/records/covertype_seed42_tvae_xonly_rf_mix.run.json,/home/thuy/Research/minh_data_synth/TabularDA/output/corrected_v2/covertype/acc/covertype_seed42_tvae_xonly_rf_mix.predictions.csv,covertype,mix,tvae_rf,42,100,0.4977470349311829,0.8206,0.5207291132745929,0.5390764065301058,0.8206,0.8096683920393201,,,0.7141396885332255,0.8206,0.8229712407002077,,0.5207291132745929,0.8206,0.8206,,,,,,
/home/thuy/Research/minh_data_synth/TabularDA/.cache/statistical_328_20261010/records/covertype_seed43_tvae_xonly_rf_mix.run.json,/home/thuy/Research/minh_data_synth/TabularDA/output/corrected_v2/covertype/acc/covertype_seed43_tvae_xonly_rf_mix.predictions.csv,covertype,mix,tvae_rf,43,98,0.45652822732925413,0.8221,0.5237184264968244,0.5461007145477952,0.8221,0.8124499873656713,,,0.704862172938582,0.8221,0.8232530540169326,,0.5237184264968244,0.8221,0.8221,,,,,,
/home/thuy/Research/minh_data_synth/TabularDA/.cache/statistical_328_20261010/records/covertype_seed42_tvae_xonly_xgb_mix.run.json,/home/thuy/Research/minh_data_synth/TabularDA/output/corrected_v2/covertype/acc/covertype_seed42_tvae_xonly_xgb_mix.predictions.csv,covertype,mix,tvae_xgb,42,99,0.4844193980693817,0.815,0.5341898426876424,0.5464366348560666,0.815,0.8054176532597228,,,0.7129929671236048,0.815,0.8162921247496175,,0.5341898426876424,0.815,0.815,,,,,,
/home/thuy/Research/minh_data_synth/TabularDA/.cache/statistical_328_20261010/records/covertype_seed43_tvae_xonly_xgb_mix.run.json,/home/thuy/Research/minh_data_synth/TabularDA/output/corrected_v2/covertype/acc/covertype_seed43_tvae_xonly_xgb_mix.predictions.csv,covertype,mix,tvae_xgb,43,96,0.4703908296585083,0.8101,0.5393446848478196,0.5655678342325668,0.8101,0.7999976953293324,,,0.7860550584742866,0.8101,0.8145279579895119,,0.5393446848478196,0.8101,0.8101,,,,,,
/home/thuy/Research/minh_data_synth/TabularDA/.cache/statistical_328_20261010/records/covertype_seed42_ctgan_xonly_xgb_mix.run.json,/home/thuy/Research/minh_data_synth/TabularDA/output/corrected_v2/covertype/acc/covertype_seed42_ctgan_xonly_xgb_mix.predictions.csv,covertype,mix,xgb,42,100,0.48008942141532895,0.8141,0.5029828963420334,0.5322114987928388,0.8141,0.8017984963685141,,,0.8624212745817722,0.8141,0.8192910764524544,,0.5029828963420334,0.8141,0.8141,,,,,,
/home/thuy/Research/minh_data_synth/TabularDA/.cache/statistical_328_20261010/records/covertype_seed43_ctgan_xonly_xgb_mix.run.json,/home/thuy/Research/minh_data_synth/TabularDA/output/corrected_v2/covertype/acc/covertype_seed43_ctgan_xonly_xgb_mix.predictions.csv,covertype,mix,xgb,43,94,0.44165843019485473,0.8288,0.5840072897431294,0.6257120672531913,0.8288,0.822864301253478,,,0.7913846940132249,0.8288,0.8312359767250005,,0.5840072897431294,0.8288,0.8288,,,,,,
/home/thuy/Research/minh_data_synth/TabularDA/.cache/statistical_328_20261010/records/covertype_seed42_real_original.run.json,/home/thuy/Research/minh_data_synth/TabularDA/output/corrected_v2/covertype/acc/covertype_seed42_real_original.predictions.csv,covertype,original,real,42,55,0.9171819567680359,0.7197,0.48632447678419605,0.47934513419409114,0.7197,0.7065344586417266,,,0.6413129465384907,0.7197,0.7466548973550196,,0.48632447678419605,0.7197,0.7197,,,,,,
/home/thuy/Research/minh_data_synth/TabularDA/.cache/statistical_328_20261010/records/covertype_seed43_real_original.run.json,/home/thuy/Research/minh_data_synth/TabularDA/output/corrected_v2/covertype/acc/covertype_seed43_real_original.predictions.csv,covertype,original,real,43,69,0.7897934527397156,0.7543,0.5262652566724995,0.5300408179631018,0.7543,0.7485054887776001,,,0.6472909905204565,0.7543,0.7757597183264895,,0.5262652566724995,0.7543,0.7543,,,,,,
/home/thuy/Research/minh_data_synth/TabularDA/.cache/statistical_328_20261010/records/covertype_seed42_ctgan_full_dnn_synthetic.run.json,/home/thuy/Research/minh_data_synth/TabularDA/output/corrected_v2/covertype/acc/covertype_seed42_ctgan_full_dnn_synthetic.predictions.csv,covertype,synthetic,compare_dnn,42,43,0.48496864852905275,0.8181,0.7237718083431401,0.7292297751125653,0.8181,0.8180165711716131,,,0.735762738933022,0.8181,0.8181102381227319,,0.7237718083431401,0.8181,0.8181,,,,,,
/home/thuy/Research/minh_data_synth/TabularDA/.cache/statistical_328_20261010/records/covertype_seed43_ctgan_full_dnn_synthetic.run.json,/home/thuy/Research/minh_data_synth/TabularDA/output/corrected_v2/covertype/acc/covertype_seed43_ctgan_full_dnn_synthetic.predictions.csv,covertype,synthetic,compare_dnn,43,58,0.48208120136260985,0.8121,0.7062058598093707,0.6960333802493217,0.8121,0.8124463074179268,,,0.6871787592435598,0.8121,0.8133281125398961,,0.7062058598093707,0.8121,0.8121,,,,,,
/home/thuy/Research/minh_data_synth/TabularDA/.cache/statistical_328_20261010/records/covertype_seed42_ctgan_full_rf_synthetic.run.json,/home/thuy/Research/minh_data_synth/TabularDA/output/corrected_v2/covertype/acc/covertype_seed42_ctgan_full_rf_synthetic.predictions.csv,covertype,synthetic,compare_rf,42,14,0.7839207796096802,0.7759,0.5092456532332935,0.5405965481711005,0.7759,0.7650606247071382,,,0.6397526896948251,0.7759,0.7619887600779343,,0.5092456532332935,0.7759,0.7759,,,,,,
/home/thuy/Research/minh_data_synth/TabularDA/.cache/statistical_328_20261010/records/covertype_seed43_ctgan_full_rf_synthetic.run.json,/home/thuy/Research/minh_data_synth/TabularDA/output/corrected_v2/covertype/acc/covertype_seed43_ctgan_full_rf_synthetic.predictions.csv,covertype,synthetic,compare_rf,43,15,0.7499908717155457,0.7845,0.5478055849563238,0.5694165881209642,0.7845,0.7741054320869099,,,0.6244698443445768,0.7845,0.7707843908759081,,0.5478055849563238,0.7845,0.7845,,,,,,
/home/thuy/Research/minh_data_synth/TabularDA/.cache/statistical_328_20261010/records/covertype_seed42_ctgan_full_xgb_synthetic.run.json,/home/thuy/Research/minh_data_synth/TabularDA/output/corrected_v2/covertype/acc/covertype_seed42_ctgan_full_xgb_synthetic.predictions.csv,covertype,synthetic,compare_xgb,42,7,0.6461826061248779,0.7708,0.5829621207853576,0.5977507752253681,0.7708,0.7665325206764887,,,0.6323871248790593,0.7708,0.7669949579408601,,0.5829621207853576,0.7708,0.7708,,,,,,
/home/thuy/Research/minh_data_synth/TabularDA/.cache/statistical_328_20261010/records/covertype_seed43_ctgan_full_xgb_synthetic.run.json,/home/thuy/Research/minh_data_synth/TabularDA/output/corrected_v2/covertype/acc/covertype_seed43_ctgan_full_xgb_synthetic.predictions.csv,covertype,synthetic,compare_xgb,43,4,0.7265275408744812,0.7574,0.49638733600468454,0.5047917022788789,0.7574,0.7451784492558361,,,0.645809864182322,0.7574,0.7506759528686312,,0.49638733600468454,0.7574,0.7574,,,,,,
/home/thuy/Research/minh_data_synth/TabularDA/.cache/statistical_328_20261010/records/covertype_seed42_ctgan_full_generated_synthetic.run.json,/home/thuy/Research/minh_data_synth/TabularDA/output/corrected_v2/covertype/acc/covertype_seed42_ctgan_full_generated_synthetic.predictions.csv,covertype,synthetic,ctgan,42,10,0.7543552206039429,0.6724,0.46304694842008587,0.4463271956294222,0.6724,0.6565187316520367,,,0.45525261098515485,0.6724,0.6673501227660817,,0.46304694842008587,0.6724,0.6724,,,,,,
/home/thuy/Research/minh_data_synth/TabularDA/.cache/statistical_328_20261010/records/covertype_seed43_ctgan_full_generated_synthetic.run.json,/home/thuy/Research/minh_data_synth/TabularDA/output/corrected_v2/covertype/acc/covertype_seed43_ctgan_full_generated_synthetic.predictions.csv,covertype,synthetic,ctgan,43,7,0.7258088108062745,0.699,0.45135401029244815,0.448891736317465,0.699,0.6862779111729064,,,0.4878943094808485,0.699,0.6835814235033576,,0.45135401029244815,0.699,0.699,,,,,,
/home/thuy/Research/minh_data_synth/TabularDA/.cache/statistical_328_20261010/records/covertype_seed42_ctgan_xonly_dnn_synthetic.run.json,/home/thuy/Research/minh_data_synth/TabularDA/output/corrected_v2/covertype/acc/covertype_seed42_ctgan_xonly_dnn_synthetic.predictions.csv,covertype,synthetic,dnn,42,54,0.490658278465271,0.8088,0.7121910700826718,0.6892181804495875,0.8088,0.8085873175666553,,,0.6782197341714574,0.8088,0.8092624264186031,,0.7121910700826718,0.8088,0.8088,,,,,,
/home/thuy/Research/minh_data_synth/TabularDA/.cache/statistical_328_20261010/records/covertype_seed43_ctgan_xonly_dnn_synthetic.run.json,/home/thuy/Research/minh_data_synth/TabularDA/output/corrected_v2/covertype/acc/covertype_seed43_ctgan_xonly_dnn_synthetic.predictions.csv,covertype,synthetic,dnn,43,25,0.4622425564289093,0.8067,0.7008695520963075,0.6924985328142425,0.8067,0.807099700036731,,,0.6909919219475756,0.8067,0.8088822823066895,,0.7008695520963075,0.8067,0.8067,,,,,,
/home/thuy/Research/minh_data_synth/TabularDA/.cache/statistical_328_20261010/records/covertype_seed42_ctgan_xonly_rf_synthetic.run.json,/home/thuy/Research/minh_data_synth/TabularDA/output/corrected_v2/covertype/acc/covertype_seed42_ctgan_xonly_rf_synthetic.predictions.csv,covertype,synthetic,rf,42,26,0.7357749915122986,0.7878,0.530024798068927,0.5559315236834395,0.7878,0.7787127857342088,,,0.7353687981292746,0.7878,0.7895468243464661,,0.530024798068927,0.7878,0.7878,,,,,,
/home/thuy/Research/minh_data_synth/TabularDA/.cache/statistical_328_20261010/records/covertype_seed43_ctgan_xonly_rf_synthetic.run.json,/home/thuy/Research/minh_data_synth/TabularDA/output/corrected_v2/covertype/acc/covertype_seed43_ctgan_xonly_rf_synthetic.predictions.csv,covertype,synthetic,rf,43,6,0.7124982739448548,0.7631,0.5172019916664513,0.5273258581368127,0.7631,0.751351956127984,,,0.5855208399153894,0.7631,0.7505010184209941,,0.5172019916664513,0.7631,0.7631,,,,,,
/home/thuy/Research/minh_data_synth/TabularDA/.cache/statistical_328_20261010/records/covertype_seed42_tvae_full_generated_synthetic.run.json,/home/thuy/Research/minh_data_synth/TabularDA/output/corrected_v2/covertype/acc/covertype_seed42_tvae_full_generated_synthetic.predictions.csv,covertype,synthetic,tvae,42,10,0.6727787305831909,0.7447,0.41531315228250815,0.43279585024534034,0.7447,0.7300724901936155,,,0.49788992371389235,0.7447,0.7284126295782346,,0.41531315228250815,0.7447,0.7447,,,,,,
/home/thuy/Research/minh_data_synth/TabularDA/.cache/statistical_328_20261010/records/covertype_seed43_tvae_full_generated_synthetic.run.json,/home/thuy/Research/minh_data_synth/TabularDA/output/corrected_v2/covertype/acc/covertype_seed43_tvae_full_generated_synthetic.predictions.csv,covertype,synthetic,tvae,43,1,0.7830380010604858,0.716,0.43242287482739716,0.43562682665434055,0.716,0.7069420737079493,,,0.45100510260648247,0.716,0.7028760048594066,,0.43242287482739716,0.716,0.716,,,,,,
/home/thuy/Research/minh_data_synth/TabularDA/.cache/statistical_328_20261010/records/covertype_seed42_tvae_full_dnn_synthetic.run.json,/home/thuy/Research/minh_data_synth/TabularDA/output/corrected_v2/covertype/acc/covertype_seed42_tvae_full_dnn_synthetic.predictions.csv,covertype,synthetic,tvae_compare_dnn,42,26,0.4761952968597412,0.8194,0.6453935252544459,0.6611629768874483,0.8194,0.8184486648240173,,,0.6914846913398766,0.8194,0.8182786618571617,,0.6453935252544459,0.8194,0.8194,,,,,,
/home/thuy/Research/minh_data_synth/TabularDA/.cache/statistical_328_20261010/records/covertype_seed43_tvae_full_dnn_synthetic.run.json,/home/thuy/Research/minh_data_synth/TabularDA/output/corrected_v2/covertype/acc/covertype_seed43_tvae_full_dnn_synthetic.predictions.csv,covertype,synthetic,tvae_compare_dnn,43,26,0.48334965567588806,0.8126,0.6309082518522086,0.6378952785951861,0.8126,0.8115671405642504,,,0.6996262609212238,0.8126,0.8131163199723587,,0.6309082518522086,0.8126,0.8126,,,,,,
/home/thuy/Research/minh_data_synth/TabularDA/.cache/statistical_328_20261010/records/covertype_seed42_tvae_full_rf_synthetic.run.json,/home/thuy/Research/minh_data_synth/TabularDA/output/corrected_v2/covertype/acc/covertype_seed42_tvae_full_rf_synthetic.predictions.csv,covertype,synthetic,tvae_compare_rf,42,1,0.8194512092590333,0.7318,0.4423897288832515,0.45097204308820127,0.7318,0.7219399749383035,,,0.47010956614305616,0.7318,0.7150255149665299,,0.4423897288832515,0.7318,0.7318,,,,,,
/home/thuy/Research/minh_data_synth/TabularDA/.cache/statistical_328_20261010/records/covertype_seed43_tvae_full_rf_synthetic.run.json,/home/thuy/Research/minh_data_synth/TabularDA/output/corrected_v2/covertype/acc/covertype_seed43_tvae_full_rf_synthetic.predictions.csv,covertype,synthetic,tvae_compare_rf,43,7,0.7003738138198853,0.7733,0.4949157927789241,0.5046733632635269,0.7733,0.762462011681597,,,0.5991563934471235,0.7733,0.7654037524768456,,0.4949157927789241,0.7733,0.7733,,,,,,
/home/thuy/Research/minh_data_synth/TabularDA/.cache/statistical_328_20261010/records/covertype_seed42_tvae_full_xgb_synthetic.run.json,/home/thuy/Research/minh_data_synth/TabularDA/output/corrected_v2/covertype/acc/covertype_seed42_tvae_full_xgb_synthetic.predictions.csv,covertype,synthetic,tvae_compare_xgb,42,1,0.7797443111419677,0.7225,0.42241368529946627,0.4294278883994945,0.7225,0.7133727242283062,,,0.45782243779212706,0.7225,0.7095991643342222,,0.42241368529946627,0.7225,0.7225,,,,,,
/home/thuy/Research/minh_data_synth/TabularDA/.cache/statistical_328_20261010/records/covertype_seed43_tvae_full_xgb_synthetic.run.json,/home/thuy/Research/minh_data_synth/TabularDA/output/corrected_v2/covertype/acc/covertype_seed43_tvae_full_xgb_synthetic.predictions.csv,covertype,synthetic,tvae_compare_xgb,43,5,0.7324623378753662,0.7654,0.49030049129662867,0.49197280424678536,0.7654,0.7554785919855616,,,0.5014509153911471,0.7654,0.7478338130557277,,0.49030049129662867,0.7654,0.7654,,,,,,
/home/thuy/Research/minh_data_synth/TabularDA/.cache/statistical_328_20261010/records/covertype_seed42_tvae_xonly_dnn_synthetic.run.json,/home/thuy/Research/minh_data_synth/TabularDA/output/corrected_v2/covertype/acc/covertype_seed42_tvae_xonly_dnn_synthetic.predictions.csv,covertype,synthetic,tvae_dnn,42,38,0.5135760505199433,0.8085,0.5976511111732165,0.6217966535030038,0.8085,0.8045677907576582,,,0.7243616694466676,0.8085,0.8064363986426674,,0.5976511111732165,0.8085,0.8085,,,,,,
/home/thuy/Research/minh_data_synth/TabularDA/.cache/statistical_328_20261010/records/covertype_seed43_tvae_xonly_dnn_synthetic.run.json,/home/thuy/Research/minh_data_synth/TabularDA/output/corrected_v2/covertype/acc/covertype_seed43_tvae_xonly_dnn_synthetic.predictions.csv,covertype,synthetic,tvae_dnn,43,32,0.5024913525104523,0.8072,0.652410710367523,0.6569139910111289,0.8072,0.8065844933975771,,,0.6709549042759063,0.8072,0.8084547309280175,,0.652410710367523,0.8072,0.8072,,,,,,
/home/thuy/Research/minh_data_synth/TabularDA/.cache/statistical_328_20261010/records/covertype_seed42_tvae_xonly_rf_synthetic.run.json,/home/thuy/Research/minh_data_synth/TabularDA/output/corrected_v2/covertype/acc/covertype_seed42_tvae_xonly_rf_synthetic.predictions.csv,covertype,synthetic,tvae_rf,42,5,0.8467863869667053,0.7549,0.46710572833748154,0.4742997251385188,0.7549,0.7425861447800565,,,0.5105344255106561,0.7549,0.7376483869941308,,0.46710572833748154,0.7549,0.7549,,,,,,
/home/thuy/Research/minh_data_synth/TabularDA/.cache/statistical_328_20261010/records/covertype_seed43_tvae_xonly_rf_synthetic.run.json,/home/thuy/Research/minh_data_synth/TabularDA/output/corrected_v2/covertype/acc/covertype_seed43_tvae_xonly_rf_synthetic.predictions.csv,covertype,synthetic,tvae_rf,43,3,0.8244591932296753,0.7419,0.44725020373111385,0.4499133637489331,0.7419,0.727444630632969,,,0.5014767743807411,0.7419,0.7264169728097035,,0.44725020373111385,0.7419,0.7419,,,,,,
/home/thuy/Research/minh_data_synth/TabularDA/.cache/statistical_328_20261010/records/covertype_seed42_tvae_xonly_xgb_synthetic.run.json,/home/thuy/Research/minh_data_synth/TabularDA/output/corrected_v2/covertype/acc/covertype_seed42_tvae_xonly_xgb_synthetic.predictions.csv,covertype,synthetic,tvae_xgb,42,1,0.7568397064208985,0.7397,0.4580545845506312,0.45690933272629053,0.7397,0.7260321432802797,,,0.4853197027028287,0.7397,0.7203365086718956,,0.4580545845506312,0.7397,0.7397,,,,,,
/home/thuy/Research/minh_data_synth/TabularDA/.cache/statistical_328_20261010/records/covertype_seed43_tvae_xonly_xgb_synthetic.run.json,/home/thuy/Research/minh_data_synth/TabularDA/output/corrected_v2/covertype/acc/covertype_seed43_tvae_xonly_xgb_synthetic.predictions.csv,covertype,synthetic,tvae_xgb,43,2,0.7613046623229981,0.7419,0.4749366506414838,0.4548033956631649,0.7419,0.7274876474507902,,,0.47180414122092124,0.7419,0.7248088743090412,,0.4749366506414838,0.7419,0.7419,,,,,,
/home/thuy/Research/minh_data_synth/TabularDA/.cache/statistical_328_20261010/records/covertype_seed42_ctgan_xonly_xgb_synthetic.run.json,/home/thuy/Research/minh_data_synth/TabularDA/output/corrected_v2/covertype/acc/covertype_seed42_ctgan_xonly_xgb_synthetic.predictions.csv,covertype,synthetic,xgb,42,12,0.7561956604003907,0.7743,0.5220291418914262,0.5615461626046612,0.7743,0.7653151342989586,,,0.7186871877695126,0.7743,0.7711257515775528,,0.5220291418914262,0.7743,0.7743,,,,,,
/home/thuy/Research/minh_data_synth/TabularDA/.cache/statistical_328_20261010/records/covertype_seed43_ctgan_xonly_xgb_synthetic.run.json,/home/thuy/Research/minh_data_synth/TabularDA/output/corrected_v2/covertype/acc/covertype_seed43_ctgan_xonly_xgb_synthetic.predictions.csv,covertype,synthetic,xgb,43,2,0.6942153512001038,0.7398,0.44005822763437025,0.4480780055122798,0.7398,0.7266814446750863,,,0.5029768764864242,0.7398,0.7256713008326766,,0.44005822763437025,0.7398,0.7398,,,,,,
/home/thuy/Research/minh_data_synth/TabularDA/.cache/statistical_328_20261010/records/mnist12_seed42_ctgan_full_dnn_mix.run.json,/home/thuy/Research/minh_data_synth/TabularDA/.cache/mnist_head_fixed_runtime_20261009/output/mnist_head_fixed_20261009/mnist12/acc/mnist12_seed42_ctgan_full_dnn_mix.predictions.csv,mnist12,mix,compare_dnn,42,96,0.19509806325886492,0.9390256254431277,0.9391990961559549,0.9392773490638835,0.9390256254431277,0.9391741806326074,,,0.9406942838909795,0.9390256254431277,0.9406818177305758,,0.9391990961559549,0.9390256254431277,0.9390256254431277,,,,,,
/home/thuy/Research/minh_data_synth/TabularDA/.cache/statistical_328_20261010/records/mnist12_seed43_ctgan_full_dnn_mix.run.json,/home/thuy/Research/minh_data_synth/TabularDA/.cache/mnist_head_fixed_runtime_20261009/output/mnist_head_fixed_20261009/mnist12/acc/mnist12_seed43_ctgan_full_dnn_mix.predictions.csv,mnist12,mix,compare_dnn,43,89,0.1876483803991729,0.9424693608832169,0.9425128456150247,0.9427616291047809,0.9424693608832169,0.9426408280239557,,,0.9437776277827391,0.9424693608832169,0.943581785558821,,0.9425128456150247,0.9424693608832169,0.9424693608832169,,,,,,
/home/thuy/Research/minh_data_synth/TabularDA/.cache/statistical_328_20261010/records/mnist12_seed42_ctgan_full_rf_mix.run.json,/home/thuy/Research/minh_data_synth/TabularDA/.cache/mnist_head_fixed_runtime_20261009/output/mnist_head_fixed_20261009/mnist12/acc/mnist12_seed42_ctgan_full_rf_mix.predictions.csv,mnist12,mix,compare_rf,42,95,0.22260754099433622,0.9288969917958068,0.9287399638936572,0.9290564794906964,0.9288969917958068,0.9290060173731673,,,0.9300633014642512,0.9288969917958068,0.9297919962703092,,0.9287399638936572,0.9288969917958068,0.9288969917958068,,,,,,
/home/thuy/Research/minh_data_synth/TabularDA/.cache/statistical_328_20261010/records/mnist12_seed43_ctgan_full_rf_mix.run.json,/home/thuy/Research/minh_data_synth/TabularDA/.cache/mnist_head_fixed_runtime_20261009/output/mnist_head_fixed_20261009/mnist12/acc/mnist12_seed43_ctgan_full_rf_mix.predictions.csv,mnist12,mix,compare_rf,43,96,0.21587549354196212,0.930011141497012,0.9298157123391464,0.9301779059225044,0.930011141497012,0.9300770034127877,,,0.9310035296543436,0.930011141497012,0.9305897401271849,,0.9298157123391464,0.930011141497012,0.930011141497012,,,,,,
/home/thuy/Research/minh_data_synth/TabularDA/.cache/statistical_328_20261010/records/mnist12_seed42_ctgan_full_xgb_mix.run.json,/home/thuy/Research/minh_data_synth/TabularDA/.cache/mnist_head_fixed_runtime_20261009/output/mnist_head_fixed_20261009/mnist12/acc/mnist12_seed42_ctgan_full_xgb_mix.predictions.csv,mnist12,mix,compare_xgb,42,92,0.1912101861174365,0.9398359161349134,0.9399690739450396,0.9402598005938028,0.9398359161349134,0.9401049905475956,,,0.9418320341995994,0.9398359161349134,0.9416736229408381,,0.9399690739450396,0.9398359161349134,0.9398359161349134,,,,,,
/home/thuy/Research/minh_data_synth/TabularDA/.cache/statistical_328_20261010/records/mnist12_seed43_ctgan_full_xgb_mix.run.json,/home/thuy/Research/minh_data_synth/TabularDA/.cache/mnist_head_fixed_runtime_20261009/output/mnist_head_fixed_20261009/mnist12/acc/mnist12_seed43_ctgan_full_xgb_mix.predictions.csv,mnist12,mix,compare_xgb,43,92,0.18690666495986977,0.9411526385090652,0.9411141772926266,0.9415158298109739,0.9411526385090652,0.9414303183038214,,,0.9429683601630007,0.9411526385090652,0.9427644166706225,,0.9411141772926266,0.9411526385090652,0.9411526385090652,,,,,,
/home/thuy/Research/minh_data_synth/TabularDA/.cache/statistical_328_20261010/records/mnist12_seed42_ctgan_full_generated_mix.run.json,/home/thuy/Research/minh_data_synth/TabularDA/.cache/mnist_head_fixed_runtime_20261009/output/mnist_head_fixed_20261009/mnist12/acc/mnist12_seed42_ctgan_full_generated_mix.predictions.csv,mnist12,mix,ctgan,42,84,0.9631574548608105,0.6574496100476046,0.6558158816718092,0.628147419818015,0.6574496100476046,0.6277319511475734,,,0.7765995032280785,0.6574496100476046,0.7745012089058967,,0.6558158816718092,0.6574496100476046,0.6574496100476046,,,,,,
/home/thuy/Research/minh_data_synth/TabularDA/.cache/statistical_328_20261010/records/mnist12_seed43_ctgan_full_generated_mix.run.json,/home/thuy/Research/minh_data_synth/TabularDA/.cache/mnist_head_fixed_runtime_20261009/output/mnist_head_fixed_20261009/mnist12/acc/mnist12_seed43_ctgan_full_generated_mix.predictions.csv,mnist12,mix,ctgan,43,84,0.8600505503745568,0.7802086498531348,0.7810651058756589,0.7669871672657342,0.7802086498531348,0.7656671411938932,,,0.8331976751496928,0.7802086498531348,0.8323039429335538,,0.7810651058756589,0.7802086498531348,0.7802086498531348,,,,,,
/home/thuy/Research/minh_data_synth/TabularDA/.cache/statistical_328_20261010/records/mnist12_seed42_ctgan_xonly_dnn_mix.run.json,/home/thuy/Research/minh_data_synth/TabularDA/.cache/mnist_head_fixed_runtime_20261009/output/mnist_head_fixed_20261009/mnist12/acc/mnist12_seed42_ctgan_xonly_dnn_mix.predictions.csv,mnist12,mix,dnn,42,88,0.1973854703259881,0.9388230527701813,0.9388160586508727,0.9390144434551395,0.9388230527701813,0.9389050283624175,,,0.9401717561248717,0.9388230527701813,0.9399593632819524,,0.9388160586508727,0.9388230527701813,0.9388230527701813,,,,,,
/home/thuy/Research/minh_data_synth/TabularDA/.cache/statistical_328_20261010/records/mnist12_seed43_ctgan_xonly_dnn_mix.run.json,/home/thuy/Research/minh_data_synth/TabularDA/.cache/mnist_head_fixed_runtime_20261009/output/mnist_head_fixed_20261009/mnist12/acc/mnist12_seed43_ctgan_xonly_dnn_mix.predictions.csv,mnist12,mix,dnn,43,96,0.20150927866192245,0.9369998987136635,0.93712561505561,0.9373387087713979,0.9369998987136635,0.9371694194766649,,,0.9397820630236413,0.9369998987136635,0.9395971461044835,,0.93712561505561,0.9369998987136635,0.9369998987136635,,,,,,
/home/thuy/Research/minh_data_synth/TabularDA/.cache/statistical_328_20261010/records/mnist12_seed42_ctgan_xonly_rf_mix.run.json,/home/thuy/Research/minh_data_synth/TabularDA/.cache/mnist_head_fixed_runtime_20261009/output/mnist_head_fixed_20261009/mnist12/acc/mnist12_seed42_ctgan_xonly_rf_mix.predictions.csv,mnist12,mix,rf,42,87,0.22556201989414312,0.9293021371416996,0.928978707248033,0.9294943192621842,0.9293021371416996,0.9294277404385861,,,0.9305857148920748,0.9293021371416996,0.9301046052766021,,0.928978707248033,0.9293021371416996,0.9293021371416996,,,,,,
/home/thuy/Research/minh_data_synth/TabularDA/.cache/statistical_328_20261010/records/mnist12_seed43_ctgan_xonly_rf_mix.run.json,/home/thuy/Research/minh_data_synth/TabularDA/.cache/mnist_head_fixed_runtime_20261009/output/mnist_head_fixed_20261009/mnist12/acc/mnist12_seed43_ctgan_xonly_rf_mix.predictions.csv,mnist12,mix,rf,43,97,0.22692654724603098,0.9295047098146461,0.9291229438590418,0.9295221929733394,0.9295047098146461,0.9296076514623276,,,0.9309873883238117,0.9295047098146461,0.930748685617934,,0.9291229438590418,0.9295047098146461,0.9295047098146461,,,,,,
/home/thuy/Research/minh_data_synth/TabularDA/.cache/statistical_328_20261010/records/mnist12_seed42_tvae_full_generated_mix.run.json,/home/thuy/Research/minh_data_synth/TabularDA/.cache/mnist_head_fixed_runtime_20261009/output/mnist_head_fixed_20261009/mnist12/acc/mnist12_seed42_tvae_full_generated_mix.predictions.csv,mnist12,mix,tvae,42,97,0.20815783663323909,0.9434822242479489,0.9437295628838627,0.9436337894630153,0.9434822242479489,0.943497063666989,,,0.9437368955284041,0.9434822242479489,0.943714631741004,,0.9437295628838627,0.9434822242479489,0.9434822242479489,,,,,,
/home/thuy/Research/minh_data_synth/TabularDA/.cache/statistical_328_20261010/records/mnist12_seed43_tvae_full_generated_mix.run.json,/home/thuy/Research/minh_data_synth/TabularDA/.cache/mnist_head_fixed_runtime_20261009/output/mnist_head_fixed_20261009/mnist12/acc/mnist12_seed43_tvae_full_generated_mix.predictions.csv,mnist12,mix,tvae,43,100,0.20946235242530373,0.9435835105844221,0.9436242918132429,0.9436618556988661,0.9435835105844221,0.9435854882097745,,,0.9439332562737694,0.9435835105844221,0.9438202943013759,,0.9436242918132429,0.9435835105844221,0.9435835105844221,,,,,,
/home/thuy/Research/minh_data_synth/TabularDA/.cache/statistical_328_20261010/records/mnist12_seed42_tvae_full_dnn_mix.run.json,/home/thuy/Research/minh_data_synth/TabularDA/.cache/mnist_head_fixed_runtime_20261009/output/mnist_head_fixed_20261009/mnist12/acc/mnist12_seed42_tvae_full_dnn_mix.predictions.csv,mnist12,mix,tvae_compare_dnn,42,90,0.1619756979311079,0.9472298186974577,0.9472732933283158,0.9473612464309724,0.9472298186974577,0.9472935495903968,,,0.9476725307150777,0.9472298186974577,0.9475794826311491,,0.9472732933283158,0.9472298186974577,0.9472298186974577,,,,,,
/home/thuy/Research/minh_data_synth/TabularDA/.cache/statistical_328_20261010/records/mnist12_seed43_tvae_full_dnn_mix.run.json,/home/thuy/Research/minh_data_synth/TabularDA/.cache/mnist_head_fixed_runtime_20261009/output/mnist_head_fixed_20261009/mnist12/acc/mnist12_seed43_tvae_full_dnn_mix.predictions.csv,mnist12,mix,tvae_compare_dnn,43,99,0.16119381190433,0.947837536716297,0.9479278911602831,0.9480254908381143,0.947837536716297,0.9479085496468063,,,0.9483283950889987,0.947837536716297,0.9481847312837678,,0.9479278911602831,0.947837536716297,0.947837536716297,,,,,,
/home/thuy/Research/minh_data_synth/TabularDA/.cache/statistical_328_20261010/records/mnist12_seed42_tvae_full_rf_mix.run.json,/home/thuy/Research/minh_data_synth/TabularDA/.cache/mnist_head_fixed_runtime_20261009/output/mnist_head_fixed_20261009/mnist12/acc/mnist12_seed42_tvae_full_rf_mix.predictions.csv,mnist12,mix,tvae_compare_rf,42,97,0.1886504308848737,0.940139775144333,0.9400400385170912,0.9402042940891189,0.940139775144333,0.9401225318805276,,,0.9405914327985586,0.940139775144333,0.9403176108918399,,0.9400400385170912,0.940139775144333,0.940139775144333,,,,,,
/home/thuy/Research/minh_data_synth/TabularDA/.cache/statistical_328_20261010/records/mnist12_seed43_tvae_full_rf_mix.run.json,/home/thuy/Research/minh_data_synth/TabularDA/.cache/mnist_head_fixed_runtime_20261009/output/mnist_head_fixed_20261009/mnist12/acc/mnist12_seed43_tvae_full_rf_mix.predictions.csv,mnist12,mix,tvae_compare_rf,43,100,0.18818902681690816,0.9389243391066545,0.9387907573153761,0.9389909366376437,0.9389243391066545,0.9389361433589255,,,0.9394649221645146,0.9389243391066545,0.9392097363915032,,0.9387907573153761,0.9389243391066545,0.9389243391066545,,,,,,
/home/thuy/Research/minh_data_synth/TabularDA/.cache/statistical_328_20261010/records/mnist12_seed42_tvae_full_xgb_mix.run.json,/home/thuy/Research/minh_data_synth/TabularDA/.cache/mnist_head_fixed_runtime_20261009/output/mnist_head_fixed_20261009/mnist12/acc/mnist12_seed42_tvae_full_xgb_mix.predictions.csv,mnist12,mix,tvae_compare_xgb,42,97,0.15464178769407114,0.9485465410716094,0.94855547126131,0.9486749691880145,0.9485465410716094,0.9485981054266056,,,0.9489614315846946,0.9485465410716094,0.9488147153269149,,0.94855547126131,0.9485465410716094,0.9485465410716094,,,,,,
/home/thuy/Research/minh_data_synth/TabularDA/.cache/statistical_328_20261010/records/mnist12_seed43_tvae_full_xgb_mix.run.json,/home/thuy/Research/minh_data_synth/TabularDA/.cache/mnist_head_fixed_runtime_20261009/output/mnist_head_fixed_20261009/mnist12/acc/mnist12_seed43_tvae_full_xgb_mix.predictions.csv,mnist12,mix,tvae_compare_xgb,43,67,0.16006812978048016,0.9487491137445558,0.9486963649764167,0.9488934885131937,0.9487491137445558,0.9488579192356793,,,0.9494425571083924,0.9487491137445558,0.9493139671855803,,0.9486963649764167,0.9487491137445558,0.9487491137445558,,,,,,
/home/thuy/Research/minh_data_synth/TabularDA/.cache/statistical_328_20261010/records/mnist12_seed42_tvae_xonly_dnn_mix.run.json,/home/thuy/Research/minh_data_synth/TabularDA/.cache/mnist_head_fixed_runtime_20261009/output/mnist_head_fixed_20261009/mnist12/acc/mnist12_seed42_tvae_xonly_dnn_mix.predictions.csv,mnist12,mix,tvae_dnn,42,96,0.1664733859793123,0.9466221006786184,0.9467368962758952,0.9467967750410857,0.9466221006786184,0.9467206339961663,,,0.9473349996930043,0.9466221006786184,0.9473027207150918,,0.9467368962758952,0.9466221006786184,0.9466221006786184,,,,,,
/home/thuy/Research/minh_data_synth/TabularDA/.cache/statistical_328_20261010/records/mnist12_seed43_tvae_xonly_dnn_mix.run.json,/home/thuy/Research/minh_data_synth/TabularDA/.cache/mnist_head_fixed_runtime_20261009/output/mnist_head_fixed_20261009/mnist12/acc/mnist12_seed43_tvae_xonly_dnn_mix.predictions.csv,mnist12,mix,tvae_dnn,43,98,0.16622990606754345,0.9462169553327257,0.9463497756765019,0.946406911650225,0.9462169553327257,0.9463236824572786,,,0.9468022385211734,0.9462169553327257,0.9467717327303518,,0.9463497756765019,0.9462169553327257,0.9462169553327257,,,,,,
/home/thuy/Research/minh_data_synth/TabularDA/.cache/statistical_328_20261010/records/mnist12_seed42_tvae_xonly_rf_mix.run.json,/home/thuy/Research/minh_data_synth/TabularDA/.cache/mnist_head_fixed_runtime_20261009/output/mnist_head_fixed_20261009/mnist12/acc/mnist12_seed42_tvae_xonly_rf_mix.predictions.csv,mnist12,mix,tvae_rf,42,99,0.18858924799990318,0.941051352172592,0.9409700856599541,0.941110402594137,0.941051352172592,0.9410650306708033,,,0.9415672782223492,0.941051352172592,0.9413853493428881,,0.9409700856599541,0.941051352172592,0.941051352172592,,,,,,
/home/thuy/Research/minh_data_synth/TabularDA/.cache/statistical_328_20261010/records/mnist12_seed43_tvae_xonly_rf_mix.run.json,/home/thuy/Research/minh_data_synth/TabularDA/.cache/mnist_head_fixed_runtime_20261009/output/mnist_head_fixed_20261009/mnist12/acc/mnist12_seed43_tvae_xonly_rf_mix.predictions.csv,mnist12,mix,tvae_rf,43,99,0.19044246364060016,0.9383166210878152,0.9383684440678242,0.9384149928554633,0.9383166210878152,0.9383601166109333,,,0.9387330935738152,0.9383166210878152,0.9386754326409098,,0.9383684440678242,0.9383166210878152,0.9383166210878152,,,,,,
/home/thuy/Research/minh_data_synth/TabularDA/.cache/statistical_328_20261010/records/mnist12_seed42_tvae_xonly_xgb_mix.run.json,/home/thuy/Research/minh_data_synth/TabularDA/.cache/mnist_head_fixed_runtime_20261009/output/mnist_head_fixed_20261009/mnist12/acc/mnist12_seed42_tvae_xonly_xgb_mix.predictions.csv,mnist12,mix,tvae_xgb,42,87,0.15595152666838497,0.9487491137445558,0.9488360104341558,0.9489529799491393,0.9487491137445558,0.9488323384681565,,,0.9492339017936251,0.9487491137445558,0.9490777485785453,,0.9488360104341558,0.9487491137445558,0.9487491137445558,,,,,,
/home/thuy/Research/minh_data_synth/TabularDA/.cache/statistical_328_20261010/records/mnist12_seed43_tvae_xonly_xgb_mix.run.json,/home/thuy/Research/minh_data_synth/TabularDA/.cache/mnist_head_fixed_runtime_20261009/output/mnist_head_fixed_20261009/mnist12/acc/mnist12_seed43_tvae_xonly_xgb_mix.predictions.csv,mnist12,mix,tvae_xgb,43,99,0.16239175277435827,0.9473311050339309,0.9473697592958249,0.9474856803472311,0.9473311050339309,0.9474188215629517,,,0.9479068038214178,0.9473311050339309,0.9478108154765821,,0.9473697592958249,0.9473311050339309,0.9473311050339309,,,,,,
/home/thuy/Research/minh_data_synth/TabularDA/.cache/statistical_328_20261010/records/mnist12_seed42_ctgan_xonly_xgb_mix.run.json,/home/thuy/Research/minh_data_synth/TabularDA/.cache/mnist_head_fixed_runtime_20261009/output/mnist_head_fixed_20261009/mnist12/acc/mnist12_seed42_ctgan_xonly_xgb_mix.predictions.csv,mnist12,mix,xgb,42,91,0.20152392983436584,0.9393294844525474,0.9392342905770088,0.9397037895586744,0.9393294844525474,0.9396145233505863,,,0.9413839388913926,0.9393294844525474,0.9411138770673675,,0.9392342905770088,0.9393294844525474,0.9393294844525474,,,,,,
/home/thuy/Research/minh_data_synth/TabularDA/.cache/statistical_328_20261010/records/mnist12_seed43_ctgan_xonly_xgb_mix.run.json,/home/thuy/Research/minh_data_synth/TabularDA/.cache/mnist_head_fixed_runtime_20261009/output/mnist_head_fixed_20261009/mnist12/acc/mnist12_seed43_ctgan_xonly_xgb_mix.predictions.csv,mnist12,mix,xgb,43,99,0.19663222154186788,0.9425706472196901,0.9423519951902277,0.9427892259476387,0.9425706472196901,0.942779681236285,,,0.9441357711698771,0.9425706472196901,0.9438838813923682,,0.9423519951902277,0.9425706472196901,0.9425706472196901,,,,,,
/home/thuy/Research/minh_data_synth/TabularDA/.cache/statistical_328_20261010/records/mnist12_seed42_real_original.run.json,/home/thuy/Research/minh_data_synth/TabularDA/.cache/mnist_head_fixed_runtime_20261009/output/mnist_head_fixed_20261009/mnist12/acc/mnist12_seed42_real_original.predictions.csv,mnist12,original,real,42,90,0.12856828063729445,0.9566494479894663,0.9567047394735104,0.9568028772616511,0.9566494479894663,0.956706437242575,,,0.9572360761876822,0.9566494479894663,0.9570968656633977,,0.9567047394735104,0.9566494479894663,0.9566494479894663,,,,,,
/home/thuy/Research/minh_data_synth/TabularDA/.cache/statistical_328_20261010/records/mnist12_seed43_real_original.run.json,/home/thuy/Research/minh_data_synth/TabularDA/.cache/mnist_head_fixed_runtime_20261009/output/mnist_head_fixed_20261009/mnist12/acc/mnist12_seed43_real_original.predictions.csv,mnist12,original,real,43,63,0.13170879259728183,0.9559404436341538,0.9560912304832547,0.9562342971169391,0.9559404436341538,0.9560697140640403,,,0.9568035000607316,0.9559404436341538,0.9566278070455648,,0.9560912304832547,0.9559404436341538,0.9559404436341538,,,,,,
/home/thuy/Research/minh_data_synth/TabularDA/.cache/statistical_328_20261010/records/mnist12_seed42_ctgan_full_dnn_synthetic.run.json,/home/thuy/Research/minh_data_synth/TabularDA/.cache/mnist_head_fixed_runtime_20261009/output/mnist_head_fixed_20261009/mnist12/acc/mnist12_seed42_ctgan_full_dnn_synthetic.predictions.csv,mnist12,synthetic,compare_dnn,42,91,0.2627183211787933,0.919376076167325,0.9193276115322799,0.919607618805332,0.919376076167325,0.919623793099188,,,0.9219367949734428,0.919376076167325,0.9219441066210605,,0.9193276115322799,0.919376076167325,0.919376076167325,,,,,,
/home/thuy/Research/minh_data_synth/TabularDA/.cache/statistical_328_20261010/records/mnist12_seed43_ctgan_full_dnn_synthetic.run.json,/home/thuy/Research/minh_data_synth/TabularDA/.cache/mnist_head_fixed_runtime_20261009/output/mnist_head_fixed_20261009/mnist12/acc/mnist12_seed43_ctgan_full_dnn_synthetic.predictions.csv,mnist12,synthetic,compare_dnn,43,98,0.2559195586604622,0.9217056619062088,0.9217415412629084,0.9222982259193986,0.9217056619062088,0.9221504436812494,,,0.9243127392330462,0.9217056619062088,0.9240617315097505,,0.9217415412629084,0.9217056619062088,0.9217056619062088,,,,,,
/home/thuy/Research/minh_data_synth/TabularDA/.cache/statistical_328_20261010/records/mnist12_seed42_ctgan_full_rf_synthetic.run.json,/home/thuy/Research/minh_data_synth/TabularDA/.cache/mnist_head_fixed_runtime_20261009/output/mnist_head_fixed_20261009/mnist12/acc/mnist12_seed42_ctgan_full_rf_synthetic.predictions.csv,mnist12,synthetic,compare_rf,42,76,0.34297977011338754,0.8997265268915223,0.89947027587859,0.9000255626368701,0.8997265268915223,0.8999996587597848,,,0.9016105324111855,0.8997265268915223,0.9012819798495966,,0.89947027587859,0.8997265268915223,0.8997265268915223,,,,,,
/home/thuy/Research/minh_data_synth/TabularDA/.cache/statistical_328_20261010/records/mnist12_seed43_ctgan_full_rf_synthetic.run.json,/home/thuy/Research/minh_data_synth/TabularDA/.cache/mnist_head_fixed_runtime_20261009/output/mnist_head_fixed_20261009/mnist12/acc/mnist12_seed43_ctgan_full_rf_synthetic.predictions.csv,mnist12,synthetic,compare_rf,43,71,0.344432785749363,0.9012458219386205,0.9009420250224591,0.9015761277886698,0.9012458219386205,0.9015865763513059,,,0.9030292751082702,0.9012458219386205,0.9027307518977764,,0.9009420250224591,0.9012458219386205,0.9012458219386205,,,,,,
/home/thuy/Research/minh_data_synth/TabularDA/.cache/statistical_328_20261010/records/mnist12_seed42_ctgan_full_xgb_synthetic.run.json,/home/thuy/Research/minh_data_synth/TabularDA/.cache/mnist_head_fixed_runtime_20261009/output/mnist_head_fixed_20261009/mnist12/acc/mnist12_seed42_ctgan_full_xgb_synthetic.predictions.csv,mnist12,synthetic,compare_xgb,42,100,0.29642275091991543,0.9122860326142004,0.9122009739023682,0.9130535244189228,0.9122860326142004,0.9129751139302911,,,0.9165271975567725,0.9122860326142004,0.9162963741587323,,0.9122009739023682,0.9122860326142004,0.9122860326142004,,,,,,
/home/thuy/Research/minh_data_synth/TabularDA/.cache/statistical_328_20261010/records/mnist12_seed43_ctgan_full_xgb_synthetic.run.json,/home/thuy/Research/minh_data_synth/TabularDA/.cache/mnist_head_fixed_runtime_20261009/output/mnist_head_fixed_20261009/mnist12/acc/mnist12_seed43_ctgan_full_xgb_synthetic.predictions.csv,mnist12,synthetic,compare_xgb,43,90,0.28627917347110826,0.9154259090448699,0.9152008658872821,0.9161835316046402,0.9154259090448699,0.9161143033691119,,,0.9195537682628687,0.9154259090448699,0.9191871405620367,,0.9152008658872821,0.9154259090448699,0.9154259090448699,,,,,,
/home/thuy/Research/minh_data_synth/TabularDA/.cache/statistical_328_20261010/records/mnist12_seed42_ctgan_full_generated_synthetic.run.json,/home/thuy/Research/minh_data_synth/TabularDA/.cache/mnist_head_fixed_runtime_20261009/output/mnist_head_fixed_20261009/mnist12/acc/mnist12_seed42_ctgan_full_generated_synthetic.predictions.csv,mnist12,synthetic,ctgan,42,60,1.3653739716861069,0.5088625544414058,0.5059452680095664,0.43696208100419043,0.5088625544414058,0.4381031265837964,,,0.5739322050888356,0.5088625544414058,0.571607701720383,,0.5059452680095664,0.5088625544414058,0.5088625544414058,,,,,,
/home/thuy/Research/minh_data_synth/TabularDA/.cache/statistical_328_20261010/records/mnist12_seed43_ctgan_full_generated_synthetic.run.json,/home/thuy/Research/minh_data_synth/TabularDA/.cache/mnist_head_fixed_runtime_20261009/output/mnist_head_fixed_20261009/mnist12/acc/mnist12_seed43_ctgan_full_generated_synthetic.predictions.csv,mnist12,synthetic,ctgan,43,6,1.2943030753227929,0.5714575103818494,0.5701756562937226,0.5306940032398084,0.5714575103818494,0.5309288519228098,,,0.6628037146318642,0.5714575103818494,0.6636642403123658,,0.5701756562937226,0.5714575103818494,0.5714575103818494,,,,,,
/home/thuy/Research/minh_data_synth/TabularDA/.cache/statistical_328_20261010/records/mnist12_seed42_ctgan_xonly_dnn_synthetic.run.json,/home/thuy/Research/minh_data_synth/TabularDA/.cache/mnist_head_fixed_runtime_20261009/output/mnist_head_fixed_20261009/mnist12/acc/mnist12_seed42_ctgan_xonly_dnn_synthetic.predictions.csv,mnist12,synthetic,dnn,42,97,0.27645541323507544,0.9174516357743341,0.917148811856428,0.9178248643383352,0.9174516357743341,0.9178692080271202,,,0.9201666951726015,0.9174516357743341,0.9199549589259832,,0.917148811856428,0.9174516357743341,0.9174516357743341,,,,,,
/home/thuy/Research/minh_data_synth/TabularDA/.cache/statistical_328_20261010/records/mnist12_seed43_ctgan_xonly_dnn_synthetic.run.json,/home/thuy/Research/minh_data_synth/TabularDA/.cache/mnist_head_fixed_runtime_20261009/output/mnist_head_fixed_20261009/mnist12/acc/mnist12_seed43_ctgan_xonly_dnn_synthetic.predictions.csv,mnist12,synthetic,dnn,43,65,0.2960909787709984,0.9052972753975489,0.9056416775646774,0.905776442653863,0.9052972753975489,0.9054109032075452,,,0.9126089734187277,0.9052972753975489,0.9123263108225325,,0.9056416775646774,0.9052972753975489,0.9052972753975489,,,,,,
/home/thuy/Research/minh_data_synth/TabularDA/.cache/statistical_328_20261010/records/mnist12_seed42_ctgan_xonly_rf_synthetic.run.json,/home/thuy/Research/minh_data_synth/TabularDA/.cache/mnist_head_fixed_runtime_20261009/output/mnist_head_fixed_20261009/mnist12/acc/mnist12_seed42_ctgan_xonly_rf_synthetic.predictions.csv,mnist12,synthetic,rf,42,80,0.38285678439766735,0.8886863162159425,0.888061522146239,0.889008904779687,0.8886863162159425,0.8890943877459906,,,0.8916340087625498,0.8886863162159425,0.8911184406551623,,0.888061522146239,0.8886863162159425,0.8886863162159425,,,,,,
/home/thuy/Research/minh_data_synth/TabularDA/.cache/statistical_328_20261010/records/mnist12_seed43_ctgan_xonly_rf_synthetic.run.json,/home/thuy/Research/minh_data_synth/TabularDA/.cache/mnist_head_fixed_runtime_20261009/output/mnist_head_fixed_20261009/mnist12/acc/mnist12_seed43_ctgan_xonly_rf_synthetic.predictions.csv,mnist12,synthetic,rf,43,100,0.38531338807527843,0.8878760255241568,0.8872572207383241,0.8878174385545471,0.8878760255241568,0.8879707851346554,,,0.8909005816102983,0.8878760255241568,0.890515192136183,,0.8872572207383241,0.8878760255241568,0.8878760255241568,,,,,,
/home/thuy/Research/minh_data_synth/TabularDA/.cache/statistical_328_20261010/records/mnist12_seed42_tvae_full_generated_synthetic.run.json,/home/thuy/Research/minh_data_synth/TabularDA/.cache/mnist_head_fixed_runtime_20261009/output/mnist_head_fixed_20261009/mnist12/acc/mnist12_seed42_tvae_full_generated_synthetic.predictions.csv,mnist12,synthetic,tvae,42,100,0.2501335060156963,0.930011141497012,0.9301577367367212,0.9301068693645898,0.930011141497012,0.9300443599927571,,,0.930355383361074,0.930011141497012,0.9303818539556078,,0.9301577367367212,0.930011141497012,0.930011141497012,,,,,,
/home/thuy/Research/minh_data_synth/TabularDA/.cache/statistical_328_20261010/records/mnist12_seed43_tvae_full_generated_synthetic.run.json,/home/thuy/Research/minh_data_synth/TabularDA/.cache/mnist_head_fixed_runtime_20261009/output/mnist_head_fixed_20261009/mnist12/acc/mnist12_seed43_tvae_full_generated_synthetic.predictions.csv,mnist12,synthetic,tvae,43,89,0.25614067137235325,0.9265674060569229,0.9265134392748798,0.9266573350954463,0.9265674060569229,0.9266340869662744,,,0.9271947303482516,0.9265674060569229,0.9270901211213776,,0.9265134392748798,0.9265674060569229,0.9265674060569229,,,,,,
/home/thuy/Research/minh_data_synth/TabularDA/.cache/statistical_328_20261010/records/mnist12_seed42_tvae_full_dnn_synthetic.run.json,/home/thuy/Research/minh_data_synth/TabularDA/.cache/mnist_head_fixed_runtime_20261009/output/mnist_head_fixed_20261009/mnist12/acc/mnist12_seed42_tvae_full_dnn_synthetic.predictions.csv,mnist12,synthetic,tvae_compare_dnn,42,59,0.19317250270545513,0.9405449204902259,0.9405705505266925,0.9406044356300111,0.9405449204902259,0.940576427803038,,,0.9408164351708704,0.9405449204902259,0.9407858564440984,,0.9405705505266925,0.9405449204902259,0.9405449204902259,,,,,,
/home/thuy/Research/minh_data_synth/TabularDA/.cache/statistical_328_20261010/records/mnist12_seed43_tvae_full_dnn_synthetic.run.json,/home/thuy/Research/minh_data_synth/TabularDA/.cache/mnist_head_fixed_runtime_20261009/output/mnist_head_fixed_20261009/mnist12/acc/mnist12_seed43_tvae_full_dnn_synthetic.predictions.csv,mnist12,synthetic,tvae_compare_dnn,43,100,0.19026475859535968,0.9402410614808062,0.940313494560067,0.9404591439337269,0.9402410614808062,0.9403590667188723,,,0.9409439812951016,0.9402410614808062,0.9408181280927255,,0.940313494560067,0.9402410614808062,0.9402410614808062,,,,,,
/home/thuy/Research/minh_data_synth/TabularDA/.cache/statistical_328_20261010/records/mnist12_seed42_tvae_full_rf_synthetic.run.json,/home/thuy/Research/minh_data_synth/TabularDA/.cache/mnist_head_fixed_runtime_20261009/output/mnist_head_fixed_20261009/mnist12/acc/mnist12_seed42_tvae_full_rf_synthetic.predictions.csv,mnist12,synthetic,tvae_compare_rf,42,87,0.23541013432360464,0.931935581890003,0.9318207632360472,0.9320395304758826,0.931935581890003,0.931978727721555,,,0.9326778877585088,0.931935581890003,0.932426444862519,,0.9318207632360472,0.931935581890003,0.931935581890003,,,,,,
/home/thuy/Research/minh_data_synth/TabularDA/.cache/statistical_328_20261010/records/mnist12_seed43_tvae_full_rf_synthetic.run.json,/home/thuy/Research/minh_data_synth/TabularDA/.cache/mnist_head_fixed_runtime_20261009/output/mnist_head_fixed_20261009/mnist12/acc/mnist12_seed43_tvae_full_rf_synthetic.predictions.csv,mnist12,synthetic,tvae_compare_rf,43,100,0.23292775682000952,0.930922718525271,0.93079834024382,0.9309633267545152,0.930922718525271,0.9309322033473979,,,0.9314019297551439,0.930922718525271,0.9312044574128054,,0.93079834024382,0.930922718525271,0.930922718525271,,,,,,
/home/thuy/Research/minh_data_synth/TabularDA/.cache/statistical_328_20261010/records/mnist12_seed42_tvae_full_xgb_synthetic.run.json,/home/thuy/Research/minh_data_synth/TabularDA/.cache/mnist_head_fixed_runtime_20261009/output/mnist_head_fixed_20261009/mnist12/acc/mnist12_seed42_tvae_full_xgb_synthetic.predictions.csv,mnist12,synthetic,tvae_compare_xgb,42,99,0.1816609039816658,0.9415577838549579,0.9414330730389977,0.9415890496284899,0.9415577838549579,0.94158115317946,,,0.9419643959663905,0.9415577838549579,0.9418138767543547,,0.9414330730389977,0.9415577838549579,0.9415577838549579,,,,,,
/home/thuy/Research/minh_data_synth/TabularDA/.cache/statistical_328_20261010/records/mnist12_seed43_tvae_full_xgb_synthetic.run.json,/home/thuy/Research/minh_data_synth/TabularDA/.cache/mnist_head_fixed_runtime_20261009/output/mnist_head_fixed_20261009/mnist12/acc/mnist12_seed43_tvae_full_xgb_synthetic.predictions.csv,mnist12,synthetic,tvae_compare_xgb,43,93,0.18813761262488948,0.9412539248455384,0.9410725574781915,0.9413155527404591,0.9412539248455384,0.9413015926724408,,,0.9418635513888166,0.9412539248455384,0.941640639728871,,0.9410725574781915,0.9412539248455384,0.9412539248455384,,,,,,
/home/thuy/Research/minh_data_synth/TabularDA/.cache/statistical_328_20261010/records/mnist12_seed42_tvae_xonly_dnn_synthetic.run.json,/home/thuy/Research/minh_data_synth/TabularDA/.cache/mnist_head_fixed_runtime_20261009/output/mnist_head_fixed_20261009/mnist12/acc/mnist12_seed42_tvae_xonly_dnn_synthetic.predictions.csv,mnist12,synthetic,tvae_dnn,42,86,0.19651739995530054,0.9392281981160742,0.9393292379463263,0.9393671432214876,0.9392281981160742,0.9393123728873257,,,0.9398720338068876,0.9392281981160742,0.9398669724429006,,0.9393292379463263,0.9392281981160742,0.9392281981160742,,,,,,
/home/thuy/Research/minh_data_synth/TabularDA/.cache/statistical_328_20261010/records/mnist12_seed43_tvae_xonly_dnn_synthetic.run.json,/home/thuy/Research/minh_data_synth/TabularDA/.cache/mnist_head_fixed_runtime_20261009/output/mnist_head_fixed_20261009/mnist12/acc/mnist12_seed43_tvae_xonly_dnn_synthetic.predictions.csv,mnist12,synthetic,tvae_dnn,43,93,0.1989962880938391,0.9367973260407171,0.9368083647829213,0.9369626248974496,0.9367973260407171,0.9369131240135272,,,0.937441295204203,0.9367973260407171,0.9373513442160213,,0.9368083647829213,0.9367973260407171,0.9367973260407171,,,,,,
/home/thuy/Research/minh_data_synth/TabularDA/.cache/statistical_328_20261010/records/mnist12_seed42_tvae_xonly_rf_synthetic.run.json,/home/thuy/Research/minh_data_synth/TabularDA/.cache/mnist_head_fixed_runtime_20261009/output/mnist_head_fixed_20261009/mnist12/acc/mnist12_seed42_tvae_xonly_rf_synthetic.predictions.csv,mnist12,synthetic,tvae_rf,42,72,0.2392941432425187,0.9290995644687532,0.9290835178245087,0.9292238816018852,0.9290995644687532,0.9291220114999802,,,0.929747223034749,0.9290995644687532,0.9295182647963801,,0.9290835178245087,0.9290995644687532,0.9290995644687532,,,,,,
/home/thuy/Research/minh_data_synth/TabularDA/.cache/statistical_328_20261010/records/mnist12_seed43_tvae_xonly_rf_synthetic.run.json,/home/thuy/Research/minh_data_synth/TabularDA/.cache/mnist_head_fixed_runtime_20261009/output/mnist_head_fixed_20261009/mnist12/acc/mnist12_seed43_tvae_xonly_rf_synthetic.predictions.csv,mnist12,synthetic,tvae_rf,43,96,0.24220695967286912,0.9276815557581283,0.9277541254940116,0.9278591648400101,0.9276815557581283,0.9277493413555394,,,0.9283586509970612,0.9276815557581283,0.9282086122302332,,0.9277541254940116,0.9276815557581283,0.9276815557581283,,,,,,
/home/thuy/Research/minh_data_synth/TabularDA/.cache/statistical_328_20261010/records/mnist12_seed42_tvae_xonly_xgb_synthetic.run.json,/home/thuy/Research/minh_data_synth/TabularDA/.cache/mnist_head_fixed_runtime_20261009/output/mnist_head_fixed_20261009/mnist12/acc/mnist12_seed42_tvae_xonly_xgb_synthetic.predictions.csv,mnist12,synthetic,tvae_xgb,42,91,0.18620905843679875,0.9417603565279044,0.9418851443206023,0.9419843399253297,0.9417603565279044,0.9418721978552675,,,0.9423159276798158,0.9417603565279044,0.9422164839925209,,0.9418851443206023,0.9417603565279044,0.9417603565279044,,,,,,
/home/thuy/Research/minh_data_synth/TabularDA/.cache/statistical_328_20261010/records/mnist12_seed43_tvae_xonly_xgb_synthetic.run.json,/home/thuy/Research/minh_data_synth/TabularDA/.cache/mnist_head_fixed_runtime_20261009/output/mnist_head_fixed_20261009/mnist12/acc/mnist12_seed43_tvae_xonly_xgb_synthetic.predictions.csv,mnist12,synthetic,tvae_xgb,43,90,0.19133731958280034,0.9421655018737972,0.9422019731999424,0.942318034961027,0.9421655018737972,0.9422595570237319,,,0.9427438608398914,0.9421655018737972,0.9426619863701439,,0.9422019731999424,0.9421655018737972,0.9421655018737972,,,,,,
/home/thuy/Research/minh_data_synth/TabularDA/.cache/statistical_328_20261010/records/mnist12_seed42_ctgan_xonly_xgb_synthetic.run.json,/home/thuy/Research/minh_data_synth/TabularDA/.cache/mnist_head_fixed_runtime_20261009/output/mnist_head_fixed_20261009/mnist12/acc/mnist12_seed42_ctgan_xonly_xgb_synthetic.predictions.csv,mnist12,synthetic,xgb,42,98,0.31971982399477705,0.9008406765927276,0.900159488861951,0.9013391543214627,0.9008406765927276,0.9014514378766549,,,0.9057464515226593,0.9008406765927276,0.9052370620108707,,0.900159488861951,0.9008406765927276,0.9008406765927276,,,,,,
/home/thuy/Research/minh_data_synth/TabularDA/.cache/statistical_328_20261010/records/mnist12_seed43_ctgan_xonly_xgb_synthetic.run.json,/home/thuy/Research/minh_data_synth/TabularDA/.cache/mnist_head_fixed_runtime_20261009/output/mnist_head_fixed_20261009/mnist12/acc/mnist12_seed43_ctgan_xonly_xgb_synthetic.predictions.csv,mnist12,synthetic,xgb,43,97,0.323317710823,0.9047908437151828,0.9045980527016605,0.9056429981799006,0.9047908437151828,0.9055531611709353,,,0.9110845150274136,0.9047908437151828,0.9107057526931742,,0.9045980527016605,0.9047908437151828,0.9047908437151828,,,,,,
/home/thuy/Research/minh_data_synth/TabularDA/.cache/statistical_328_20261010/records/mnist28_seed42_ctgan_full_dnn_mix.run.json,/home/thuy/Research/minh_data_synth/TabularDA/.cache/mnist_head_fixed_runtime_20261009/output/mnist_head_fixed_20261009/mnist28/acc/mnist28_seed42_ctgan_full_dnn_mix.predictions.csv,mnist28,mix,compare_dnn,42,29,0.13515775623346166,0.9587764610554036,0.9586111371398806,0.958814396452194,0.9587764610554036,0.9587765941746582,,,0.9594926814824317,0.9587764610554036,0.9592473575214512,,0.9586111371398806,0.9587764610554036,0.9587764610554036,,,,,,
/home/thuy/Research/minh_data_synth/TabularDA/.cache/statistical_328_20261010/records/mnist28_seed43_ctgan_full_dnn_mix.run.json,/home/thuy/Research/minh_data_synth/TabularDA/.cache/mnist_head_fixed_runtime_20261009/output/mnist_head_fixed_20261009/mnist28/acc/mnist28_seed43_ctgan_full_dnn_mix.predictions.csv,mnist28,mix,compare_dnn,43,89,0.10670316975330203,0.9684999493568318,0.9686077018616368,0.9685093916509677,0.9684999493568318,0.9684819953508182,,,0.968493999666322,0.9684999493568318,0.9685477058528414,,0.9686077018616368,0.9684999493568318,0.9684999493568318,,,,,,
/home/thuy/Research/minh_data_synth/TabularDA/.cache/statistical_328_20261010/records/mnist28_seed42_ctgan_full_rf_mix.run.json,/home/thuy/Research/minh_data_synth/TabularDA/.cache/mnist_head_fixed_runtime_20261009/output/mnist_head_fixed_20261009/mnist28/acc/mnist28_seed42_ctgan_full_rf_mix.predictions.csv,mnist28,mix,compare_rf,42,85,0.17044267428147084,0.9545224349235288,0.95430298338544,0.9545009154190005,0.9545224349235288,0.9544977438553615,,,0.9550951534251133,0.9545224349235288,0.9548622341845564,,0.95430298338544,0.9545224349235288,0.9545224349235288,,,,,,
/home/thuy/Research/minh_data_synth/TabularDA/.cache/statistical_328_20261010/records/mnist28_seed43_ctgan_full_rf_mix.run.json,/home/thuy/Research/minh_data_synth/TabularDA/.cache/mnist_head_fixed_runtime_20261009/output/mnist_head_fixed_20261009/mnist28/acc/mnist28_seed43_ctgan_full_rf_mix.predictions.csv,mnist28,mix,compare_rf,43,90,0.14189165537207368,0.957966170363618,0.957999627380002,0.9579619728408902,0.957966170363618,0.9579206426129249,,,0.9582517235633066,0.957966170363618,0.9582047006006539,,0.957999627380002,0.957966170363618,0.957966170363618,,,,,,
/home/thuy/Research/minh_data_synth/TabularDA/.cache/statistical_328_20261010/records/mnist28_seed42_ctgan_full_xgb_mix.run.json,/home/thuy/Research/minh_data_synth/TabularDA/.cache/mnist_head_fixed_runtime_20261009/output/mnist_head_fixed_20261009/mnist28/acc/mnist28_seed42_ctgan_full_xgb_mix.predictions.csv,mnist28,mix,compare_xgb,42,80,0.13673130068375228,0.9601944697660285,0.9602776335907542,0.9601797978966895,0.9601944697660285,0.9601614348893873,,,0.96077337726861,0.9601944697660285,0.960828637666487,,0.9602776335907542,0.9601944697660285,0.9601944697660285,,,,,,
/home/thuy/Research/minh_data_synth/TabularDA/.cache/statistical_328_20261010/records/mnist28_seed43_ctgan_full_xgb_mix.run.json,/home/thuy/Research/minh_data_synth/TabularDA/.cache/mnist_head_fixed_runtime_20261009/output/mnist_head_fixed_20261009/mnist28/acc/mnist28_seed43_ctgan_full_xgb_mix.predictions.csv,mnist28,mix,compare_xgb,43,99,0.10869444617985544,0.9682973766838854,0.9683361244595812,0.9682559189872363,0.9682973766838854,0.9682797223689176,,,0.9682477241031995,0.9682973766838854,0.9683341003702324,,0.9683361244595812,0.9682973766838854,0.9682973766838854,,,,,,
/home/thuy/Research/minh_data_synth/TabularDA/.cache/statistical_328_20261010/records/mnist28_seed42_ctgan_full_generated_mix.run.json,/home/thuy/Research/minh_data_synth/TabularDA/.cache/mnist_head_fixed_runtime_20261009/output/mnist_head_fixed_20261009/mnist28/acc/mnist28_seed42_ctgan_full_generated_mix.predictions.csv,mnist28,mix,ctgan,42,91,0.3840717503839286,0.9060062797528613,0.9062837843764224,0.9064189172583209,0.9060062797528613,0.9062152086940486,,,0.9167471374540097,0.9060062797528613,0.9167407966149879,,0.9062837843764224,0.9060062797528613,0.9060062797528613,,,,,,
/home/thuy/Research/minh_data_synth/TabularDA/.cache/statistical_328_20261010/records/mnist28_seed43_ctgan_full_generated_mix.run.json,/home/thuy/Research/minh_data_synth/TabularDA/.cache/mnist_head_fixed_runtime_20261009/output/mnist_head_fixed_20261009/mnist28/acc/mnist28_seed43_ctgan_full_generated_mix.predictions.csv,mnist28,mix,ctgan,43,98,0.21148315910919693,0.9494581180998684,0.9492140139155465,0.9494378092912585,0.9494581180998684,0.9494196981272162,,,0.9518530579597341,0.9494581180998684,0.9515886232951156,,0.9492140139155465,0.9494581180998684,0.9494581180998684,,,,,,
/home/thuy/Research/minh_data_synth/TabularDA/.cache/statistical_328_20261010/records/mnist28_seed42_ctgan_xonly_dnn_mix.run.json,/home/thuy/Research/minh_data_synth/TabularDA/.cache/mnist_head_fixed_runtime_20261009/output/mnist_head_fixed_20261009/mnist28/acc/mnist28_seed42_ctgan_xonly_dnn_mix.predictions.csv,mnist28,mix,dnn,42,61,0.12311276702922878,0.9640433505520105,0.9641971821393065,0.9639946738432148,0.9640433505520105,0.9640234770278927,,,0.9639568312439615,0.9640433505520105,0.9641638072524196,,0.9641971821393065,0.9640433505520105,0.9640433505520105,,,,,,
/home/thuy/Research/minh_data_synth/TabularDA/.cache/statistical_328_20261010/records/mnist28_seed43_ctgan_xonly_dnn_mix.run.json,/home/thuy/Research/minh_data_synth/TabularDA/.cache/mnist_head_fixed_runtime_20261009/output/mnist_head_fixed_20261009/mnist28/acc/mnist28_seed43_ctgan_xonly_dnn_mix.predictions.csv,mnist28,mix,dnn,43,99,0.12226269185349872,0.9635369188696444,0.9634845869898865,0.9634847407464118,0.9635369188696444,0.963489011792155,,,0.9637579666728433,0.9635369188696444,0.963714062428139,,0.9634845869898865,0.9635369188696444,0.9635369188696444,,,,,,
/home/thuy/Research/minh_data_synth/TabularDA/.cache/statistical_328_20261010/records/mnist28_seed42_ctgan_xonly_rf_mix.run.json,/home/thuy/Research/minh_data_synth/TabularDA/.cache/mnist_head_fixed_runtime_20261009/output/mnist_head_fixed_20261009/mnist28/acc/mnist28_seed42_ctgan_xonly_rf_mix.predictions.csv,mnist28,mix,rf,42,96,0.12886366421547532,0.9627266281778588,0.9626481066023412,0.9627323279385255,0.9627266281778588,0.9627298848152314,,,0.9630610994085821,0.9627266281778588,0.9629760693038676,,0.9626481066023412,0.9627266281778588,0.9627266281778588,,,,,,
/home/thuy/Research/minh_data_synth/TabularDA/.cache/statistical_328_20261010/records/mnist28_seed43_ctgan_xonly_rf_mix.run.json,/home/thuy/Research/minh_data_synth/TabularDA/.cache/mnist_head_fixed_runtime_20261009/output/mnist_head_fixed_20261009/mnist28/acc/mnist28_seed43_ctgan_xonly_rf_mix.predictions.csv,mnist28,mix,rf,43,62,0.17366332989942576,0.9518889901752253,0.9516101625362818,0.9517581455473756,0.9518889901752253,0.9518278570858464,,,0.9523434767264861,0.9518889901752253,0.9521917886428491,,0.9516101625362818,0.9518889901752253,0.9518889901752253,,,,,,
/home/thuy/Research/minh_data_synth/TabularDA/.cache/statistical_328_20261010/records/mnist28_seed42_tvae_full_generated_mix.run.json,/home/thuy/Research/minh_data_synth/TabularDA/.cache/mnist_head_fixed_runtime_20261009/output/mnist_head_fixed_20261009/mnist28/acc/mnist28_seed42_tvae_full_generated_mix.predictions.csv,mnist28,mix,tvae,42,95,0.12657542097632504,0.9648536412437962,0.9647440555425808,0.9649556426260769,0.9648536412437962,0.9648834416622952,,,0.9653963602594446,0.9648536412437962,0.9651368058835829,,0.9647440555425808,0.9648536412437962,0.9648536412437962,,,,,,
/home/thuy/Research/minh_data_synth/TabularDA/.cache/statistical_328_20261010/records/mnist28_seed43_tvae_full_generated_mix.run.json,/home/thuy/Research/minh_data_synth/TabularDA/.cache/mnist_head_fixed_runtime_20261009/output/mnist_head_fixed_20261009/mnist28/acc/mnist28_seed43_tvae_full_generated_mix.predictions.csv,mnist28,mix,tvae,43,83,0.1249061393771601,0.964245923224957,0.9643378558783068,0.9642589620210418,0.964245923224957,0.964246083274467,,,0.9642822843599264,0.964245923224957,0.9643496942721648,,0.9643378558783068,0.964245923224957,0.964245923224957,,,,,,
/home/thuy/Research/minh_data_synth/TabularDA/.cache/statistical_328_20261010/records/mnist28_seed42_tvae_full_dnn_mix.run.json,/home/thuy/Research/minh_data_synth/TabularDA/.cache/mnist_head_fixed_runtime_20261009/output/mnist_head_fixed_20261009/mnist28/acc/mnist28_seed42_tvae_full_dnn_mix.predictions.csv,mnist28,mix,tvae_compare_dnn,42,52,0.11436249829649889,0.9662716499544212,0.9661832425968775,0.9663427267584461,0.9662716499544212,0.9663109507738398,,,0.9665621399550236,0.9662716499544212,0.9664084854481022,,0.9661832425968775,0.9662716499544212,0.9662716499544212,,,,,,
/home/thuy/Research/minh_data_synth/TabularDA/.cache/statistical_328_20261010/records/mnist28_seed43_tvae_full_dnn_mix.run.json,/home/thuy/Research/minh_data_synth/TabularDA/.cache/mnist_head_fixed_runtime_20261009/output/mnist_head_fixed_20261009/mnist28/acc/mnist28_seed43_tvae_full_dnn_mix.predictions.csv,mnist28,mix,tvae_compare_dnn,43,39,0.10668101357849828,0.9669806543097336,0.9669293493917956,0.9669828867451347,0.9669806543097336,0.9669709445295954,,,0.9670878150290644,0.9669806543097336,0.9670113253586722,,0.9669293493917956,0.9669806543097336,0.9669806543097336,,,,,,
/home/thuy/Research/minh_data_synth/TabularDA/.cache/statistical_328_20261010/records/mnist28_seed42_tvae_full_rf_mix.run.json,/home/thuy/Research/minh_data_synth/TabularDA/.cache/mnist_head_fixed_runtime_20261009/output/mnist_head_fixed_20261009/mnist28/acc/mnist28_seed42_tvae_full_rf_mix.predictions.csv,mnist28,mix,tvae_compare_rf,42,83,0.14552361952742943,0.960903474121341,0.9609275796216075,0.960985671761583,0.960903474121341,0.9609454668004154,,,0.9611263634084425,0.960903474121341,0.9610700186605732,,0.9609275796216075,0.960903474121341,0.960903474121341,,,,,,
/home/thuy/Research/minh_data_synth/TabularDA/.cache/statistical_328_20261010/records/mnist28_seed43_tvae_full_rf_mix.run.json,/home/thuy/Research/minh_data_synth/TabularDA/.cache/mnist_head_fixed_runtime_20261009/output/mnist_head_fixed_20261009/mnist28/acc/mnist28_seed43_tvae_full_rf_mix.predictions.csv,mnist28,mix,tvae_compare_rf,43,58,0.14846199178277908,0.95897903372835,0.9589187540282131,0.9590117810055252,0.95897903372835,0.9590149214803952,,,0.9591855063928791,0.95897903372835,0.9591305971553832,,0.9589187540282131,0.95897903372835,0.95897903372835,,,,,,
/home/thuy/Research/minh_data_synth/TabularDA/.cache/statistical_328_20261010/records/mnist28_seed42_tvae_full_xgb_mix.run.json,/home/thuy/Research/minh_data_synth/TabularDA/.cache/mnist_head_fixed_runtime_20261009/output/mnist_head_fixed_20261009/mnist28/acc/mnist28_seed42_tvae_full_xgb_mix.predictions.csv,mnist28,mix,tvae_compare_xgb,42,59,0.10152971843546385,0.9689050947027246,0.9689183959463253,0.9689464051387429,0.9689050947027246,0.9689311165056727,,,0.9690602219465942,0.9689050947027246,0.969042903139278,,0.9689183959463253,0.9689050947027246,0.9689050947027246,,,,,,
/home/thuy/Research/minh_data_synth/TabularDA/.cache/statistical_328_20261010/records/mnist28_seed43_tvae_full_xgb_mix.run.json,/home/thuy/Research/minh_data_synth/TabularDA/.cache/mnist_head_fixed_runtime_20261009/output/mnist_head_fixed_20261009/mnist28/acc/mnist28_seed43_tvae_full_xgb_mix.predictions.csv,mnist28,mix,tvae_compare_xgb,43,88,0.09974702908059908,0.9677909450015193,0.9677441540820031,0.9678628285830391,0.9677909450015193,0.9678460301511501,,,0.9681535845080429,0.9677909450015193,0.9680713557097966,,0.9677441540820031,0.9677909450015193,0.9677909450015193,,,,,,
/home/thuy/Research/minh_data_synth/TabularDA/.cache/statistical_328_20261010/records/mnist28_seed42_tvae_xonly_dnn_mix.run.json,/home/thuy/Research/minh_data_synth/TabularDA/.cache/mnist_head_fixed_runtime_20261009/output/mnist_head_fixed_20261009/mnist28/acc/mnist28_seed42_tvae_xonly_dnn_mix.predictions.csv,mnist28,mix,tvae_dnn,42,55,0.11724742550044802,0.9675883723285729,0.9677192865584432,0.9676324248415236,0.9675883723285729,0.9675858926524394,,,0.9675845366766913,0.9675883723285729,0.9676212937521468,,0.9677192865584432,0.9675883723285729,0.9675883723285729,,,,,,
/home/thuy/Research/minh_data_synth/TabularDA/.cache/statistical_328_20261010/records/mnist28_seed43_tvae_xonly_dnn_mix.run.json,/home/thuy/Research/minh_data_synth/TabularDA/.cache/mnist_head_fixed_runtime_20261009/output/mnist_head_fixed_20261009/mnist28/acc/mnist28_seed43_tvae_xonly_dnn_mix.predictions.csv,mnist28,mix,tvae_dnn,43,73,0.10882465279803841,0.968094804010939,0.9680503654602655,0.9680978835808285,0.968094804010939,0.9680753022518358,,,0.9681848056116374,0.968094804010939,0.9680943894710509,,0.9680503654602655,0.968094804010939,0.968094804010939,,,,,,
/home/thuy/Research/minh_data_synth/TabularDA/.cache/statistical_328_20261010/records/mnist28_seed42_tvae_xonly_rf_mix.run.json,/home/thuy/Research/minh_data_synth/TabularDA/.cache/mnist_head_fixed_runtime_20261009/output/mnist_head_fixed_20261009/mnist28/acc/mnist28_seed42_tvae_xonly_rf_mix.predictions.csv,mnist28,mix,tvae_rf,42,66,0.1498843362830541,0.9593841790742429,0.959389176765743,0.9594518150973765,0.9593841790742429,0.9594403191245331,,,0.9596560208452694,0.9593841790742429,0.9596364582908452,,0.959389176765743,0.9593841790742429,0.9593841790742429,,,,,,
/home/thuy/Research/minh_data_synth/TabularDA/.cache/statistical_328_20261010/records/mnist28_seed43_tvae_xonly_rf_mix.run.json,/home/thuy/Research/minh_data_synth/TabularDA/.cache/mnist_head_fixed_runtime_20261009/output/mnist_head_fixed_20261009/mnist28/acc/mnist28_seed43_tvae_xonly_rf_mix.predictions.csv,mnist28,mix,tvae_rf,43,90,0.14211549855384567,0.9604983287754482,0.9605514418916543,0.9605706386500797,0.9604983287754482,0.960510802571847,,,0.9606743907463487,0.9604983287754482,0.9606079564722931,,0.9605514418916543,0.9604983287754482,0.9604983287754482,,,,,,
/home/thuy/Research/minh_data_synth/TabularDA/.cache/statistical_328_20261010/records/mnist28_seed42_tvae_xonly_xgb_mix.run.json,/home/thuy/Research/minh_data_synth/TabularDA/.cache/mnist_head_fixed_runtime_20261009/output/mnist_head_fixed_20261009/mnist28/acc/mnist28_seed42_tvae_xonly_xgb_mix.predictions.csv,mnist28,mix,tvae_xgb,42,54,0.1021324860992903,0.9688038083662514,0.9688766358932257,0.9688810751892717,0.9688038083662514,0.9688401170694501,,,0.968994139615635,0.9688038083662514,0.9689862549902563,,0.9688766358932257,0.9688038083662514,0.9688038083662514,,,,,,
/home/thuy/Research/minh_data_synth/TabularDA/.cache/statistical_328_20261010/records/mnist28_seed43_tvae_xonly_xgb_mix.run.json,/home/thuy/Research/minh_data_synth/TabularDA/.cache/mnist_head_fixed_runtime_20261009/output/mnist_head_fixed_20261009/mnist28/acc/mnist28_seed43_tvae_xonly_xgb_mix.predictions.csv,mnist28,mix,tvae_xgb,43,59,0.10504083350039682,0.9686012356933049,0.9685793221403655,0.9686668382638942,0.9686012356933049,0.9686153454138439,,,0.9688260869846349,0.9686012356933049,0.9686989195925776,,0.9685793221403655,0.9686012356933049,0.9686012356933049,,,,,,
/home/thuy/Research/minh_data_synth/TabularDA/.cache/statistical_328_20261010/records/mnist28_seed42_ctgan_xonly_xgb_mix.run.json,/home/thuy/Research/minh_data_synth/TabularDA/.cache/mnist_head_fixed_runtime_20261009/output/mnist_head_fixed_20261009/mnist28/acc/mnist28_seed42_ctgan_xonly_xgb_mix.predictions.csv,mnist28,mix,xgb,42,61,0.12075360095647045,0.9637394915425909,0.9638331086342664,0.9637030749785547,0.9637394915425909,0.9637161613344501,,,0.9637513982119797,0.9637394915425909,0.963872666082354,,0.9638331086342664,0.9637394915425909,0.9637394915425909,,,,,,
/home/thuy/Research/minh_data_synth/TabularDA/.cache/statistical_328_20261010/records/mnist28_seed43_ctgan_xonly_xgb_mix.run.json,/home/thuy/Research/minh_data_synth/TabularDA/.cache/mnist_head_fixed_runtime_20261009/output/mnist_head_fixed_20261009/mnist28/acc/mnist28_seed43_ctgan_xonly_xgb_mix.predictions.csv,mnist28,mix,xgb,43,95,0.13812570711115774,0.9601944697660285,0.9601432573642807,0.9600971145398972,0.9601944697660285,0.9601475741191212,,,0.9602956511684211,0.9601944697660285,0.9603469739615063,,0.9601432573642807,0.9601944697660285,0.9601944697660285,,,,,,
/home/thuy/Research/minh_data_synth/TabularDA/.cache/statistical_328_20261010/records/mnist28_seed42_real_original.run.json,/home/thuy/Research/minh_data_synth/TabularDA/.cache/mnist_head_fixed_runtime_20261009/output/mnist_head_fixed_20261009/mnist28/acc/mnist28_seed42_real_original.predictions.csv,mnist28,original,real,42,58,0.08062600318535258,0.9796414463688848,0.979569340725574,0.9796349513891187,0.9796414463688848,0.9796463617940947,,,0.9797535581625333,0.9796414463688848,0.9797035289426157,,0.979569340725574,0.9796414463688848,0.9796414463688848,,,,,,
/home/thuy/Research/minh_data_synth/TabularDA/.cache/statistical_328_20261010/records/mnist28_seed43_real_original.run.json,/home/thuy/Research/minh_data_synth/TabularDA/.cache/mnist_head_fixed_runtime_20261009/output/mnist_head_fixed_20261009/mnist28/acc/mnist28_seed43_real_original.predictions.csv,mnist28,original,real,43,76,0.07651999231156614,0.9798440190418313,0.9798021751425378,0.9798579523716884,0.9798440190418313,0.9798565943020544,,,0.9799691588570856,0.9798440190418313,0.9799246402194391,,0.9798021751425378,0.9798440190418313,0.9798440190418313,,,,,,
/home/thuy/Research/minh_data_synth/TabularDA/.cache/statistical_328_20261010/records/mnist28_seed42_ctgan_full_dnn_synthetic.run.json,/home/thuy/Research/minh_data_synth/TabularDA/.cache/mnist_head_fixed_runtime_20261009/output/mnist_head_fixed_20261009/mnist28/acc/mnist28_seed42_ctgan_full_dnn_synthetic.predictions.csv,mnist28,synthetic,compare_dnn,42,74,0.3114866807590463,0.9089435835105845,0.907922053575067,0.9084075307975963,0.9089435835105845,0.9088346900330584,,,0.9118462398038327,0.9089435835105845,0.9115981234434203,,0.907922053575067,0.9089435835105845,0.9089435835105845,,,,,,
/home/thuy/Research/minh_data_synth/TabularDA/.cache/statistical_328_20261010/records/mnist28_seed43_ctgan_full_dnn_synthetic.run.json,/home/thuy/Research/minh_data_synth/TabularDA/.cache/mnist_head_fixed_runtime_20261009/output/mnist_head_fixed_20261009/mnist28/acc/mnist28_seed43_ctgan_full_dnn_synthetic.predictions.csv,mnist28,synthetic,compare_dnn,43,68,0.22793923607715827,0.9304162868429049,0.9302384269953368,0.9302682287329966,0.9304162868429049,0.9303630424340176,,,0.9311377537194355,0.9304162868429049,0.9311487755030717,,0.9302384269953368,0.9304162868429049,0.9304162868429049,,,,,,
/home/thuy/Research/minh_data_synth/TabularDA/.cache/statistical_328_20261010/records/mnist28_seed42_ctgan_full_rf_synthetic.run.json,/home/thuy/Research/minh_data_synth/TabularDA/.cache/mnist_head_fixed_runtime_20261009/output/mnist_head_fixed_20261009/mnist28/acc/mnist28_seed42_ctgan_full_rf_synthetic.predictions.csv,mnist28,synthetic,compare_rf,42,43,0.48726035930291023,0.8632634457611669,0.8611327874828246,0.8615627423340635,0.8632634457611669,0.8627677866697677,,,0.8712580650385859,0.8632634457611669,0.8711208983185499,,0.8611327874828246,0.8632634457611669,0.8632634457611669,,,,,,
/home/thuy/Research/minh_data_synth/TabularDA/.cache/statistical_328_20261010/records/mnist28_seed43_ctgan_full_rf_synthetic.run.json,/home/thuy/Research/minh_data_synth/TabularDA/.cache/mnist_head_fixed_runtime_20261009/output/mnist_head_fixed_20261009/mnist28/acc/mnist28_seed43_ctgan_full_rf_synthetic.predictions.csv,mnist28,synthetic,compare_rf,43,28,0.39719697376955587,0.8844322900840677,0.8844567032511575,0.8850054328704815,0.8844322900840677,0.8850719307123246,,,0.8892387653425056,0.8844322900840677,0.8894086222230478,,0.8844567032511575,0.8844322900840677,0.8844322900840677,,,,,,
/home/thuy/Research/minh_data_synth/TabularDA/.cache/statistical_328_20261010/records/mnist28_seed42_ctgan_full_xgb_synthetic.run.json,/home/thuy/Research/minh_data_synth/TabularDA/.cache/mnist_head_fixed_runtime_20261009/output/mnist_head_fixed_20261009/mnist28/acc/mnist28_seed42_ctgan_full_xgb_synthetic.predictions.csv,mnist28,synthetic,compare_xgb,42,79,0.42880929819805624,0.8748100881191128,0.8735649040079636,0.874706812629612,0.8748100881191128,0.8754347158659289,,,0.8810369004348712,0.8748100881191128,0.881202211212943,,0.8735649040079636,0.8748100881191128,0.8748100881191128,,,,,,
/home/thuy/Research/minh_data_synth/TabularDA/.cache/statistical_328_20261010/records/mnist28_seed43_ctgan_full_xgb_synthetic.run.json,/home/thuy/Research/minh_data_synth/TabularDA/.cache/mnist_head_fixed_runtime_20261009/output/mnist_head_fixed_20261009/mnist28/acc/mnist28_seed43_ctgan_full_xgb_synthetic.predictions.csv,mnist28,synthetic,compare_xgb,43,69,0.3377558263881849,0.894257064721969,0.8943467909580871,0.8948538346796095,0.894257064721969,0.8948721970736804,,,0.8992145046209294,0.894257064721969,0.899393243020357,,0.8943467909580871,0.894257064721969,0.894257064721969,,,,,,
/home/thuy/Research/minh_data_synth/TabularDA/.cache/statistical_328_20261010/records/mnist28_seed42_ctgan_full_generated_synthetic.run.json,/home/thuy/Research/minh_data_synth/TabularDA/.cache/mnist_head_fixed_runtime_20261009/output/mnist_head_fixed_20261009/mnist28/acc/mnist28_seed42_ctgan_full_generated_synthetic.predictions.csv,mnist28,synthetic,ctgan,42,31,1.3999898489106213,0.5195989061075661,0.5183819088370596,0.47121486614323194,0.5195989061075661,0.47048074250031185,,,0.6570147688460307,0.5195989061075661,0.6567851486090075,,0.5183819088370596,0.5195989061075661,0.5195989061075661,,,,,,
/home/thuy/Research/minh_data_synth/TabularDA/.cache/statistical_328_20261010/records/mnist28_seed43_ctgan_full_generated_synthetic.run.json,/home/thuy/Research/minh_data_synth/TabularDA/.cache/mnist_head_fixed_runtime_20261009/output/mnist_head_fixed_20261009/mnist28/acc/mnist28_seed43_ctgan_full_generated_synthetic.predictions.csv,mnist28,synthetic,ctgan,43,16,1.0976238144599568,0.6255444140585436,0.623049511568583,0.6213568387238974,0.6255444140585436,0.6226823780200557,,,0.6574348015474034,0.6255444140585436,0.6579245286643037,,0.623049511568583,0.6255444140585436,0.6255444140585436,,,,,,
/home/thuy/Research/minh_data_synth/TabularDA/.cache/statistical_328_20261010/records/mnist28_seed42_ctgan_xonly_dnn_synthetic.run.json,/home/thuy/Research/minh_data_synth/TabularDA/.cache/mnist_head_fixed_runtime_20261009/output/mnist_head_fixed_20261009/mnist28/acc/mnist28_seed42_ctgan_xonly_dnn_synthetic.predictions.csv,mnist28,synthetic,dnn,42,33,0.24864151162554474,0.9204902258685304,0.9207115566939779,0.9206605465553075,0.9204902258685304,0.920873654468196,,,0.9216383402995613,0.9204902258685304,0.9222705854585992,,0.9207115566939779,0.9204902258685304,0.9204902258685304,,,,,,
/home/thuy/Research/minh_data_synth/TabularDA/.cache/statistical_328_20261010/records/mnist28_seed43_ctgan_xonly_dnn_synthetic.run.json,/home/thuy/Research/minh_data_synth/TabularDA/.cache/mnist_head_fixed_runtime_20261009/output/mnist_head_fixed_20261009/mnist28/acc/mnist28_seed43_ctgan_xonly_dnn_synthetic.predictions.csv,mnist28,synthetic,dnn,43,40,0.28240016010724506,0.9185657854755394,0.9181803818885467,0.9181741201178619,0.9185657854755394,0.91837875156887,,,0.9192521504112119,0.9185657854755394,0.9192669793770453,,0.9181803818885467,0.9185657854755394,0.9185657854755394,,,,,,
/home/thuy/Research/minh_data_synth/TabularDA/.cache/statistical_328_20261010/records/mnist28_seed42_ctgan_xonly_rf_synthetic.run.json,/home/thuy/Research/minh_data_synth/TabularDA/.cache/mnist_head_fixed_runtime_20261009/output/mnist_head_fixed_20261009/mnist28/acc/mnist28_seed42_ctgan_xonly_rf_synthetic.predictions.csv,mnist28,synthetic,rf,42,25,0.4003964641663389,0.8837232857287551,0.8834355262565257,0.884016593560783,0.8837232857287551,0.8840949173285357,,,0.8874102229631611,0.8837232857287551,0.8872459008777775,,0.8834355262565257,0.8837232857287551,0.8837232857287551,,,,,,
/home/thuy/Research/minh_data_synth/TabularDA/.cache/statistical_328_20261010/records/mnist28_seed43_ctgan_xonly_rf_synthetic.run.json,/home/thuy/Research/minh_data_synth/TabularDA/.cache/mnist_head_fixed_runtime_20261009/output/mnist_head_fixed_20261009/mnist28/acc/mnist28_seed43_ctgan_xonly_rf_synthetic.predictions.csv,mnist28,synthetic,rf,43,35,0.46957046781812506,0.8753165198014787,0.8749158770834817,0.8753234693653302,0.8753165198014787,0.8756025491281831,,,0.8782983798870504,0.8753165198014787,0.8784301194734676,,0.8749158770834817,0.8753165198014787,0.8753165198014787,,,,,,
/home/thuy/Research/minh_data_synth/TabularDA/.cache/statistical_328_20261010/records/mnist28_seed42_tvae_full_generated_synthetic.run.json,/home/thuy/Research/minh_data_synth/TabularDA/.cache/mnist_head_fixed_runtime_20261009/output/mnist_head_fixed_20261009/mnist28/acc/mnist28_seed42_tvae_full_generated_synthetic.predictions.csv,mnist28,synthetic,tvae,42,100,0.1955175734207428,0.9413552111820116,0.9413030040315513,0.9416845388108674,0.9413552111820116,0.9415667271053937,,,0.9427901644490708,0.9413552111820116,0.9424947580047888,,0.9413030040315513,0.9413552111820116,0.9413552111820116,,,,,,
/home/thuy/Research/minh_data_synth/TabularDA/.cache/statistical_328_20261010/records/mnist28_seed43_tvae_full_generated_synthetic.run.json,/home/thuy/Research/minh_data_synth/TabularDA/.cache/mnist_head_fixed_runtime_20261009/output/mnist_head_fixed_20261009/mnist28/acc/mnist28_seed43_tvae_full_generated_synthetic.predictions.csv,mnist28,synthetic,tvae,43,100,0.19385105556211585,0.9426719335561633,0.9427509357343666,0.9427335444546292,0.9426719335561633,0.9427129163317913,,,0.9430352174333514,0.9426719335561633,0.9430773524954861,,0.9427509357343666,0.9426719335561633,0.9426719335561633,,,,,,
/home/thuy/Research/minh_data_synth/TabularDA/.cache/statistical_328_20261010/records/mnist28_seed42_tvae_full_dnn_synthetic.run.json,/home/thuy/Research/minh_data_synth/TabularDA/.cache/mnist_head_fixed_runtime_20261009/output/mnist_head_fixed_20261009/mnist28/acc/mnist28_seed42_tvae_full_dnn_synthetic.predictions.csv,mnist28,synthetic,tvae_compare_dnn,42,49,0.14143003231303303,0.958472602045984,0.9584745754062709,0.9585826721845159,0.958472602045984,0.9585428789812142,,,0.9587867265132545,0.958472602045984,0.9587086706170929,,0.9584745754062709,0.958472602045984,0.958472602045984,,,,,,
/home/thuy/Research/minh_data_synth/TabularDA/.cache/statistical_328_20261010/records/mnist28_seed43_tvae_full_dnn_synthetic.run.json,/home/thuy/Research/minh_data_synth/TabularDA/.cache/mnist_head_fixed_runtime_20261009/output/mnist_head_fixed_20261009/mnist28/acc/mnist28_seed43_tvae_full_dnn_synthetic.predictions.csv,mnist28,synthetic,tvae_compare_dnn,43,42,0.1326695003825143,0.9594854654107161,0.9594937911045349,0.9594776149994318,0.9594854654107161,0.9594775415642547,,,0.9595682280079249,0.9594854654107161,0.959577217026187,,0.9594937911045349,0.9594854654107161,0.9594854654107161,,,,,,
/home/thuy/Research/minh_data_synth/TabularDA/.cache/statistical_328_20261010/records/mnist28_seed42_tvae_full_rf_synthetic.run.json,/home/thuy/Research/minh_data_synth/TabularDA/.cache/mnist_head_fixed_runtime_20261009/output/mnist_head_fixed_20261009/mnist28/acc/mnist28_seed42_tvae_full_rf_synthetic.predictions.csv,mnist28,synthetic,tvae_compare_rf,42,46,0.2049781468324382,0.9463182416691989,0.9463650520263606,0.9464126559060487,0.9463182416691989,0.9463797164789253,,,0.9466322685028314,0.9463182416691989,0.9466131409090371,,0.9463650520263606,0.9463182416691989,0.9463182416691989,,,,,,
/home/thuy/Research/minh_data_synth/TabularDA/.cache/statistical_328_20261010/records/mnist28_seed43_tvae_full_rf_synthetic.run.json,/home/thuy/Research/minh_data_synth/TabularDA/.cache/mnist_head_fixed_runtime_20261009/output/mnist_head_fixed_20261009/mnist28/acc/mnist28_seed43_tvae_full_rf_synthetic.predictions.csv,mnist28,synthetic,tvae_compare_rf,43,28,0.20709150070285864,0.9458118099868328,0.9455965792759686,0.9458663973713402,0.9458118099868328,0.9458987362132253,,,0.9464321018836055,0.9458118099868328,0.9462690000266295,,0.9455965792759686,0.9458118099868328,0.9458118099868328,,,,,,
/home/thuy/Research/minh_data_synth/TabularDA/.cache/statistical_328_20261010/records/mnist28_seed42_tvae_full_xgb_synthetic.run.json,/home/thuy/Research/minh_data_synth/TabularDA/.cache/mnist_head_fixed_runtime_20261009/output/mnist_head_fixed_20261009/mnist28/acc/mnist28_seed42_tvae_full_xgb_synthetic.predictions.csv,mnist28,synthetic,tvae_compare_xgb,42,41,0.13296462090305436,0.9595867517471893,0.959538084240086,0.9596585122358509,0.9595867517471893,0.9596536940613002,,,0.9599436236717528,0.9595867517471893,0.9598837076507357,,0.959538084240086,0.9595867517471893,0.9595867517471893,,,,,,
/home/thuy/Research/minh_data_synth/TabularDA/.cache/statistical_328_20261010/records/mnist28_seed43_tvae_full_xgb_synthetic.run.json,/home/thuy/Research/minh_data_synth/TabularDA/.cache/mnist_head_fixed_runtime_20261009/output/mnist_head_fixed_20261009/mnist28/acc/mnist28_seed43_tvae_full_xgb_synthetic.predictions.csv,mnist28,synthetic,tvae_compare_xgb,43,32,0.13400061901707447,0.9580674567000912,0.95792663145919,0.9581509373592209,0.9580674567000912,0.9581457978840264,,,0.9586770844883862,0.9580674567000912,0.9585174251607962,,0.95792663145919,0.9580674567000912,0.9580674567000912,,,,,,
/home/thuy/Research/minh_data_synth/TabularDA/.cache/statistical_328_20261010/records/mnist28_seed42_tvae_xonly_dnn_synthetic.run.json,/home/thuy/Research/minh_data_synth/TabularDA/.cache/mnist_head_fixed_runtime_20261009/output/mnist_head_fixed_20261009/mnist28/acc/mnist28_seed42_tvae_xonly_dnn_synthetic.predictions.csv,mnist28,synthetic,tvae_dnn,42,31,0.14407565449613044,0.9583713157095108,0.9585617242324733,0.9584585183991173,0.9583713157095108,0.9583994168552273,,,0.958442593035835,0.9583713157095108,0.9585138395155965,,0.9585617242324733,0.9583713157095108,0.9583713157095108,,,,,,
/home/thuy/Research/minh_data_synth/TabularDA/.cache/statistical_328_20261010/records/mnist28_seed43_tvae_xonly_dnn_synthetic.run.json,/home/thuy/Research/minh_data_synth/TabularDA/.cache/mnist_head_fixed_runtime_20261009/output/mnist_head_fixed_20261009/mnist28/acc/mnist28_seed43_tvae_xonly_dnn_synthetic.predictions.csv,mnist28,synthetic,tvae_dnn,43,38,0.134255285503581,0.9607009014483946,0.9605761761606028,0.960746428483894,0.9607009014483946,0.9606988104257651,,,0.9609988445659259,0.9607009014483946,0.9607726978112635,,0.9605761761606028,0.9607009014483946,0.9607009014483946,,,,,,
/home/thuy/Research/minh_data_synth/TabularDA/.cache/statistical_328_20261010/records/mnist28_seed42_tvae_xonly_rf_synthetic.run.json,/home/thuy/Research/minh_data_synth/TabularDA/.cache/mnist_head_fixed_runtime_20261009/output/mnist_head_fixed_20261009/mnist28/acc/mnist28_seed42_tvae_xonly_rf_synthetic.predictions.csv,mnist28,synthetic,tvae_rf,42,22,0.2059507944851217,0.9440899422667882,0.9439415363079254,0.9441734555165462,0.9440899422667882,0.9441954611371817,,,0.9447732189553946,0.9440899422667882,0.9446599609374277,,0.9439415363079254,0.9440899422667882,0.9440899422667882,,,,,,
/home/thuy/Research/minh_data_synth/TabularDA/.cache/statistical_328_20261010/records/mnist28_seed43_tvae_xonly_rf_synthetic.run.json,/home/thuy/Research/minh_data_synth/TabularDA/.cache/mnist_head_fixed_runtime_20261009/output/mnist_head_fixed_20261009/mnist28/acc/mnist28_seed43_tvae_xonly_rf_synthetic.predictions.csv,mnist28,synthetic,tvae_rf,43,34,0.19719544505561049,0.9468246733515648,0.9469022704649953,0.9469637504425716,0.9468246733515648,0.9468759482693121,,,0.9471480682491737,0.9468246733515648,0.9470493355578815,,0.9469022704649953,0.9468246733515648,0.9468246733515648,,,,,,
/home/thuy/Research/minh_data_synth/TabularDA/.cache/statistical_328_20261010/records/mnist28_seed42_tvae_xonly_xgb_synthetic.run.json,/home/thuy/Research/minh_data_synth/TabularDA/.cache/mnist_head_fixed_runtime_20261009/output/mnist_head_fixed_20261009/mnist28/acc/mnist28_seed42_tvae_xonly_xgb_synthetic.predictions.csv,mnist28,synthetic,tvae_xgb,42,41,0.1366004439022335,0.95897903372835,0.9589064823495864,0.9590032485376948,0.95897903372835,0.9590400494880185,,,0.9593385543072005,0.95897903372835,0.9593393408492932,,0.9589064823495864,0.95897903372835,0.95897903372835,,,,,,
/home/thuy/Research/minh_data_synth/TabularDA/.cache/statistical_328_20261010/records/mnist28_seed43_tvae_xonly_xgb_synthetic.run.json,/home/thuy/Research/minh_data_synth/TabularDA/.cache/mnist_head_fixed_runtime_20261009/output/mnist_head_fixed_20261009/mnist28/acc/mnist28_seed43_tvae_xonly_xgb_synthetic.predictions.csv,mnist28,synthetic,tvae_xgb,43,56,0.13285549640788336,0.9588777473918768,0.9587961374053962,0.9589338363706638,0.9588777473918768,0.9589229265860995,,,0.9592057115586117,0.9588777473918768,0.9590991682427038,,0.9587961374053962,0.9588777473918768,0.9588777473918768,,,,,,
/home/thuy/Research/minh_data_synth/TabularDA/.cache/statistical_328_20261010/records/mnist28_seed42_ctgan_xonly_xgb_synthetic.run.json,/home/thuy/Research/minh_data_synth/TabularDA/.cache/mnist_head_fixed_runtime_20261009/output/mnist_head_fixed_20261009/mnist28/acc/mnist28_seed42_ctgan_xonly_xgb_synthetic.predictions.csv,mnist28,synthetic,xgb,42,50,0.35171387283850086,0.8910159019548263,0.8912662219565691,0.8915599950539159,0.8910159019548263,0.8914953971000531,,,0.8947993453305271,0.8910159019548263,0.8949608165734342,,0.8912662219565691,0.8910159019548263,0.8910159019548263,,,,,,
/home/thuy/Research/minh_data_synth/TabularDA/.cache/statistical_328_20261010/records/mnist28_seed43_ctgan_xonly_xgb_synthetic.run.json,/home/thuy/Research/minh_data_synth/TabularDA/.cache/mnist_head_fixed_runtime_20261009/output/mnist_head_fixed_20261009/mnist28/acc/mnist28_seed43_ctgan_xonly_xgb_synthetic.predictions.csv,mnist28,synthetic,xgb,43,76,0.379425139668912,0.8855464397852729,0.8853486922469307,0.8855930378148769,0.8855464397852729,0.8858867421976393,,,0.8878495218434604,0.8855464397852729,0.888256212937078,,0.8853486922469307,0.8855464397852729,0.8855464397852729,,,,,,
/home/thuy/Research/minh_data_synth/TabularDA/.cache/statistical_328_20261010/records/news_seed42_ctgan_full_dnn_mix.run.json,/home/thuy/Research/minh_data_synth/TabularDA/.cache/news_log_runtime_20261008/output/news_log_v1/news/acc/news_seed42_ctgan_full_dnn_mix.predictions.csv,news,mix,compare_dnn,42,10,89901336.70209005,,,,,,,,,,,,,,,,,2397.4804099030043,89901336.70209004,0.0008168559755400429,0.2527519658498674
/home/thuy/Research/minh_data_synth/TabularDA/.cache/statistical_328_20261010/records/news_seed43_ctgan_full_dnn_mix.run.json,/home/thuy/Research/minh_data_synth/TabularDA/.cache/news_log_runtime_20261008/output/news_log_v1/news/acc/news_seed43_ctgan_full_dnn_mix.predictions.csv,news,mix,compare_dnn,43,11,89818380.12513345,,,,,,,,,,,,,,,,,2399.383348619107,89818380.12513341,0.001738853538887697,0.2529525812540226
/home/thuy/Research/minh_data_synth/TabularDA/.cache/statistical_328_20261010/records/news_seed42_ctgan_full_rf_mix.run.json,/home/thuy/Research/minh_data_synth/TabularDA/.cache/news_log_runtime_20261008/output/news_log_v1/news/acc/news_seed42_ctgan_full_rf_mix.predictions.csv,news,mix,compare_rf,42,28,90228194.51735012,,,,,,,,,,,,,,,,,2416.1907535772543,90228194.51735009,-0.002815913363393596,0.2547244850520513
/home/thuy/Research/minh_data_synth/TabularDA/.cache/statistical_328_20261010/records/news_seed43_ctgan_full_rf_mix.run.json,/home/thuy/Research/minh_data_synth/TabularDA/.cache/news_log_runtime_20261008/output/news_log_v1/news/acc/news_seed43_ctgan_full_rf_mix.predictions.csv,news,mix,compare_rf,43,12,90138864.71943875,,,,,,,,,,,,,,,,,2415.3395478635252,90138864.71943876,-0.0018230824266536327,0.25463474754404125
/home/thuy/Research/minh_data_synth/TabularDA/.cache/statistical_328_20261010/records/news_seed42_ctgan_full_xgb_mix.run.json,/home/thuy/Research/minh_data_synth/TabularDA/.cache/news_log_runtime_20261008/output/news_log_v1/news/acc/news_seed42_ctgan_full_xgb_mix.predictions.csv,news,mix,compare_xgb,42,49,90368808.92891987,,,,,,,,,,,,,,,,,2408.2624314944146,90368808.92891988,-0.0043787327273929755,0.253888649654168
/home/thuy/Research/minh_data_synth/TabularDA/.cache/statistical_328_20261010/records/news_seed43_ctgan_full_xgb_mix.run.json,/home/thuy/Research/minh_data_synth/TabularDA/.cache/news_log_runtime_20261008/output/news_log_v1/news/acc/news_seed43_ctgan_full_xgb_mix.predictions.csv,news,mix,compare_xgb,43,11,89949136.39876229,,,,,,,,,,,,,,,,,2427.0922343178668,89949136.39876229,0.00028559967884389525,0.2558737627172547
/home/thuy/Research/minh_data_synth/TabularDA/.cache/statistical_328_20261010/records/news_seed42_ctgan_full_generated_mix.run.json,/home/thuy/Research/minh_data_synth/TabularDA/.cache/news_log_runtime_20261008/output/news_log_v1/news/acc/news_seed42_ctgan_full_generated_mix.predictions.csv,news,mix,ctgan,42,35,90715258.23864017,,,,,,,,,,,,,,,,,2390.583882809962,90715258.23864017,-0.008229246226191478,0.25202490640316527
/home/thuy/Research/minh_data_synth/TabularDA/.cache/statistical_328_20261010/records/news_seed43_ctgan_full_generated_mix.run.json,/home/thuy/Research/minh_data_synth/TabularDA/.cache/news_log_runtime_20261008/output/news_log_v1/news/acc/news_seed43_ctgan_full_generated_mix.predictions.csv,news,mix,ctgan,43,33,92343713.94744319,,,,,,,,,,,,,,,,,2370.1415993126307,92343713.94744317,-0.026328259597018455,0.24986979918349053
/home/thuy/Research/minh_data_synth/TabularDA/.cache/statistical_328_20261010/records/news_seed42_ctgan_xonly_dnn_mix.run.json,/home/thuy/Research/minh_data_synth/TabularDA/.cache/news_log_runtime_20261008/output/news_log_v1/news/acc/news_seed42_ctgan_xonly_dnn_mix.predictions.csv,news,mix,dnn,42,11,89963864.47661243,,,,,,,,,,,,,,,,,2394.7523529057594,89963864.47661243,0.00012190859624616746,0.2524643631790986
/home/thuy/Research/minh_data_synth/TabularDA/.cache/statistical_328_20261010/records/news_seed43_ctgan_xonly_dnn_mix.run.json,/home/thuy/Research/minh_data_synth/TabularDA/.cache/news_log_runtime_20261008/output/news_log_v1/news/acc/news_seed43_ctgan_xonly_dnn_mix.predictions.csv,news,mix,dnn,43,22,90076003.76092415,,,,,,,,,,,,,,,,,2384.0420043531412,90076003.76092416,-0.0011244319675047798,0.25133523543297404
/home/thuy/Research/minh_data_synth/TabularDA/.cache/statistical_328_20261010/records/news_seed42_ctgan_xonly_rf_mix.run.json,/home/thuy/Research/minh_data_synth/TabularDA/.cache/news_log_runtime_20261008/output/news_log_v1/news/acc/news_seed42_ctgan_xonly_rf_mix.predictions.csv,news,mix,rf,42,26,90155534.3569641,,,,,,,,,,,,,,,,,2419.392853448611,90155534.35696411,-0.0020083524286729215,0.25506206321702396
/home/thuy/Research/minh_data_synth/TabularDA/.cache/statistical_328_20261010/records/news_seed43_ctgan_xonly_rf_mix.run.json,/home/thuy/Research/minh_data_synth/TabularDA/.cache/news_log_runtime_20261008/output/news_log_v1/news/acc/news_seed43_ctgan_xonly_rf_mix.predictions.csv,news,mix,rf,43,12,90153221.89624529,,,,,,,,,,,,,,,,,2419.4631542928114,90153221.89624529,-0.0019826512338272373,0.2550694746129625
/home/thuy/Research/minh_data_synth/TabularDA/.cache/statistical_328_20261010/records/news_seed42_tvae_full_generated_mix.run.json,/home/thuy/Research/minh_data_synth/TabularDA/.cache/news_log_runtime_20261008/output/news_log_v1/news/acc/news_seed42_tvae_full_generated_mix.predictions.csv,news,mix,tvae,42,40,91966241.25855531,,,,,,,,,,,,,,,,,2351.606261971128,91966241.25855534,-0.02213294546819622,0.24791572984828172
/home/thuy/Research/minh_data_synth/TabularDA/.cache/statistical_328_20261010/records/news_seed43_tvae_full_generated_mix.run.json,/home/thuy/Research/minh_data_synth/TabularDA/.cache/news_log_runtime_20261008/output/news_log_v1/news/acc/news_seed43_tvae_full_generated_mix.predictions.csv,news,mix,tvae,43,47,91917588.41104451,,,,,,,,,,,,,,,,,2350.6764451457734,91917588.41104451,-0.021592207066244207,0.24781770484273094
/home/thuy/Research/minh_data_synth/TabularDA/.cache/statistical_328_20261010/records/news_seed42_tvae_full_dnn_mix.run.json,/home/thuy/Research/minh_data_synth/TabularDA/.cache/news_log_runtime_20261008/output/news_log_v1/news/acc/news_seed42_tvae_full_dnn_mix.predictions.csv,news,mix,tvae_compare_dnn,42,13,89771752.53853,,,,,,,,,,,,,,,,,2423.0142573815374,89771752.53852999,0.0022570827475931754,0.2554438460918299
/home/thuy/Research/minh_data_synth/TabularDA/.cache/statistical_328_20261010/records/news_seed43_tvae_full_dnn_mix.run.json,/home/thuy/Research/minh_data_synth/TabularDA/.cache/news_log_runtime_20261008/output/news_log_v1/news/acc/news_seed43_tvae_full_dnn_mix.predictions.csv,news,mix,tvae_compare_dnn,43,11,90087290.05477642,,,,,,,,,,,,,,,,,2400.7888782405994,90087290.05477636,-0.0012498703090169094,0.25310075780363067
/home/thuy/Research/minh_data_synth/TabularDA/.cache/statistical_328_20261010/records/news_seed42_tvae_full_rf_mix.run.json,/home/thuy/Research/minh_data_synth/TabularDA/.cache/news_log_runtime_20261008/output/news_log_v1/news/acc/news_seed42_tvae_full_rf_mix.predictions.csv,news,mix,tvae_compare_rf,42,11,90250711.96159926,,,,,,,,,,,,,,,,,2422.1570702252357,90250711.96159929,-0.0030661771699804774,0.2553534779962402
/home/thuy/Research/minh_data_synth/TabularDA/.cache/statistical_328_20261010/records/news_seed43_tvae_full_rf_mix.run.json,/home/thuy/Research/minh_data_synth/TabularDA/.cache/news_log_runtime_20261008/output/news_log_v1/news/acc/news_seed43_tvae_full_rf_mix.predictions.csv,news,mix,tvae_compare_rf,43,11,89968548.08607803,,,,,,,,,,,,,,,,,2429.124534283467,89968548.086078,6.985393496006242e-05,0.25608801590129754
/home/thuy/Research/minh_data_synth/TabularDA/.cache/statistical_328_20261010/records/news_seed42_tvae_full_xgb_mix.run.json,/home/thuy/Research/minh_data_synth/TabularDA/.cache/news_log_runtime_20261008/output/news_log_v1/news/acc/news_seed42_tvae_full_xgb_mix.predictions.csv,news,mix,tvae_compare_xgb,42,13,90136153.08054449,,,,,,,,,,,,,,,,,2402.4334539923275,90136153.08054449,-0.0017929446781479452,0.253274135551587
/home/thuy/Research/minh_data_synth/TabularDA/.cache/statistical_328_20261010/records/news_seed43_tvae_full_xgb_mix.run.json,/home/thuy/Research/minh_data_synth/TabularDA/.cache/news_log_runtime_20261008/output/news_log_v1/news/acc/news_seed43_tvae_full_xgb_mix.predictions.csv,news,mix,tvae_compare_xgb,43,11,89989502.1225794,,,,,,,,,,,,,,,,,2421.2377988628127,89989502.12257935,-0.00016303381553917085,0.25525656473553443
/home/thuy/Research/minh_data_synth/TabularDA/.cache/statistical_328_20261010/records/news_seed42_tvae_xonly_dnn_mix.run.json,/home/thuy/Research/minh_data_synth/TabularDA/.cache/news_log_runtime_20261008/output/news_log_v1/news/acc/news_seed42_tvae_xonly_dnn_mix.predictions.csv,news,mix,tvae_dnn,42,11,89645908.9233732,,,,,,,,,,,,,,,,,2442.318046158636,89645908.92337319,0.0036557362455321707,0.2574789286483375
/home/thuy/Research/minh_data_synth/TabularDA/.cache/statistical_328_20261010/records/news_seed43_tvae_xonly_dnn_mix.run.json,/home/thuy/Research/minh_data_synth/TabularDA/.cache/news_log_runtime_20261008/output/news_log_v1/news/acc/news_seed43_tvae_xonly_dnn_mix.predictions.csv,news,mix,tvae_dnn,43,16,90050519.87460728,,,,,,,,,,,,,,,,,2390.8214508869273,90050519.8746073,-0.000841198474142768,0.252049951779231
/home/thuy/Research/minh_data_synth/TabularDA/.cache/statistical_328_20261010/records/news_seed42_tvae_xonly_rf_mix.run.json,/home/thuy/Research/minh_data_synth/TabularDA/.cache/news_log_runtime_20261008/output/news_log_v1/news/acc/news_seed42_tvae_xonly_rf_mix.predictions.csv,news,mix,tvae_rf,42,11,89799130.89284718,,,,,,,,,,,,,,,,,2443.426248178451,89799130.8928472,0.0019527937219969704,0.25759575973396803
/home/thuy/Research/minh_data_synth/TabularDA/.cache/statistical_328_20261010/records/news_seed43_tvae_xonly_rf_mix.run.json,/home/thuy/Research/minh_data_synth/TabularDA/.cache/news_log_runtime_20261008/output/news_log_v1/news/acc/news_seed43_tvae_xonly_rf_mix.predictions.csv,news,mix,tvae_rf,43,9,90044169.07945071,,,,,,,,,,,,,,,,,2425.4601747572137,90044169.07945073,-0.0007706143459822457,0.25570170447617996
/home/thuy/Research/minh_data_synth/TabularDA/.cache/statistical_328_20261010/records/news_seed42_tvae_xonly_xgb_mix.run.json,/home/thuy/Research/minh_data_synth/TabularDA/.cache/news_log_runtime_20261008/output/news_log_v1/news/acc/news_seed42_tvae_xonly_xgb_mix.predictions.csv,news,mix,tvae_xgb,42,11,89989007.72401233,,,,,,,,,,,,,,,,,2442.7544746252424,89989007.7240123,-0.00015753896159420577,0.2575249386813838
/home/thuy/Research/minh_data_synth/TabularDA/.cache/statistical_328_20261010/records/news_seed43_tvae_xonly_xgb_mix.run.json,/home/thuy/Research/minh_data_synth/TabularDA/.cache/news_log_runtime_20261008/output/news_log_v1/news/acc/news_seed43_tvae_xonly_xgb_mix.predictions.csv,news,mix,tvae_xgb,43,12,90086017.95729369,,,,,,,,,,,,,,,,,2393.578027724684,90086017.95729369,-0.0012357319390119414,0.2523405611255603
/home/thuy/Research/minh_data_synth/TabularDA/.cache/statistical_328_20261010/records/news_seed42_ctgan_xonly_xgb_mix.run.json,/home/thuy/Research/minh_data_synth/TabularDA/.cache/news_log_runtime_20261008/output/news_log_v1/news/acc/news_seed42_ctgan_xonly_xgb_mix.predictions.csv,news,mix,xgb,42,11,89789413.54518871,,,,,,,,,,,,,,,,,2461.1081676176796,89789413.54518871,0.0020607944519210886,0.2594598583434098
/home/thuy/Research/minh_data_synth/TabularDA/.cache/statistical_328_20261010/records/news_seed43_ctgan_xonly_xgb_mix.run.json,/home/thuy/Research/minh_data_synth/TabularDA/.cache/news_log_runtime_20261008/output/news_log_v1/news/acc/news_seed43_ctgan_xonly_xgb_mix.predictions.csv,news,mix,xgb,43,12,89739991.52444956,,,,,,,,,,,,,,,,,2418.6977788577974,89739991.52444959,0.002610081613577009,0.25498878567593763
/home/thuy/Research/minh_data_synth/TabularDA/.cache/statistical_328_20261010/records/news_seed42_real_original.run.json,/home/thuy/Research/minh_data_synth/TabularDA/.cache/news_log_runtime_20261008/output/news_log_v1/news/acc/news_seed42_real_original.predictions.csv,news,original,real,42,8,89542793.50280237,,,,,,,,,,,,,,,,,2648.0347079785342,89542793.50280231,0.0048017836114889745,0.27916640124176534
/home/thuy/Research/minh_data_synth/TabularDA/.cache/statistical_328_20261010/records/news_seed43_real_original.run.json,/home/thuy/Research/minh_data_synth/TabularDA/.cache/news_log_runtime_20261008/output/news_log_v1/news/acc/news_seed43_real_original.predictions.csv,news,original,real,43,10,95628358.57245883,,,,,,,,,,,,,,,,,2447.0854331151127,95628358.57245883,-0.06283451927924966,0.2579815256331717
/home/thuy/Research/minh_data_synth/TabularDA/.cache/statistical_328_20261010/records/news_seed42_ctgan_full_dnn_synthetic.run.json,/home/thuy/Research/minh_data_synth/TabularDA/.cache/news_log_runtime_20261008/output/news_log_v1/news/acc/news_seed42_ctgan_full_dnn_synthetic.predictions.csv,news,synthetic,compare_dnn,42,23,89810267.3633744,,,,,,,,,,,,,,,,,2424.92373513991,89810267.36337437,0.0018290205497297762,0.2556451508679531
/home/thuy/Research/minh_data_synth/TabularDA/.cache/statistical_328_20261010/records/news_seed43_ctgan_full_dnn_synthetic.run.json,/home/thuy/Research/minh_data_synth/TabularDA/.cache/news_log_runtime_20261008/output/news_log_v1/news/acc/news_seed43_ctgan_full_dnn_synthetic.predictions.csv,news,synthetic,compare_dnn,43,30,89963617.86079137,,,,,,,,,,,,,,,,,2414.1715536639094,89963617.86079136,0.00012464953848922988,0.2545116129278689
/home/thuy/Research/minh_data_synth/TabularDA/.cache/statistical_328_20261010/records/news_seed42_ctgan_full_rf_synthetic.run.json,/home/thuy/Research/minh_data_synth/TabularDA/.cache/news_log_runtime_20261008/output/news_log_v1/news/acc/news_seed42_ctgan_full_rf_synthetic.predictions.csv,news,synthetic,compare_rf,42,9,90423043.01159704,,,,,,,,,,,,,,,,,2448.397960546472,90423043.01159705,-0.004981502199244314,0.25811989752023184
/home/thuy/Research/minh_data_synth/TabularDA/.cache/statistical_328_20261010/records/news_seed43_ctgan_full_rf_synthetic.run.json,/home/thuy/Research/minh_data_synth/TabularDA/.cache/news_log_runtime_20261008/output/news_log_v1/news/acc/news_seed43_ctgan_full_rf_synthetic.predictions.csv,news,synthetic,compare_rf,43,10,90048863.21836285,,,,,,,,,,,,,,,,,2458.842888028359,90048863.21836284,-0.0008227860338430038,0.25922104351637915
/home/thuy/Research/minh_data_synth/TabularDA/.cache/statistical_328_20261010/records/news_seed42_ctgan_full_xgb_synthetic.run.json,/home/thuy/Research/minh_data_synth/TabularDA/.cache/news_log_runtime_20261008/output/news_log_v1/news/acc/news_seed42_ctgan_full_xgb_synthetic.predictions.csv,news,synthetic,compare_xgb,42,7,91160957.2702262,,,,,,,,,,,,,,,,,2400.547039014296,91160957.27022617,-0.013182842868969757,0.253075262145933
/home/thuy/Research/minh_data_synth/TabularDA/.cache/statistical_328_20261010/records/news_seed43_ctgan_full_xgb_synthetic.run.json,/home/thuy/Research/minh_data_synth/TabularDA/.cache/news_log_runtime_20261008/output/news_log_v1/news/acc/news_seed43_ctgan_full_xgb_synthetic.predictions.csv,news,synthetic,compare_xgb,43,46,89988152.5601357,,,,,,,,,,,,,,,,,2442.7513163630024,89988152.56013572,-0.00014803448299360866,0.25752460572475716
/home/thuy/Research/minh_data_synth/TabularDA/.cache/statistical_328_20261010/records/news_seed42_ctgan_full_generated_synthetic.run.json,/home/thuy/Research/minh_data_synth/TabularDA/.cache/news_log_runtime_20261008/output/news_log_v1/news/acc/news_seed42_ctgan_full_generated_synthetic.predictions.csv,news,synthetic,ctgan,42,26,91240632.51174939,,,,,,,,,,,,,,,,,2413.775432905347,91240632.51174939,-0.014068370951715536,0.254469852294486
/home/thuy/Research/minh_data_synth/TabularDA/.cache/statistical_328_20261010/records/news_seed43_ctgan_full_generated_synthetic.run.json,/home/thuy/Research/minh_data_synth/TabularDA/.cache/news_log_runtime_20261008/output/news_log_v1/news/acc/news_seed43_ctgan_full_generated_synthetic.predictions.csv,news,synthetic,ctgan,43,33,92212800.76412079,,,,,,,,,,,,,,,,,2391.186380291424,92212800.7641208,-0.024873261808278757,0.25208842409541843
/home/thuy/Research/minh_data_synth/TabularDA/.cache/statistical_328_20261010/records/news_seed42_ctgan_xonly_dnn_synthetic.run.json,/home/thuy/Research/minh_data_synth/TabularDA/.cache/news_log_runtime_20261008/output/news_log_v1/news/acc/news_seed42_ctgan_xonly_dnn_synthetic.predictions.csv,news,synthetic,dnn,42,30,89828182.96171096,,,,,,,,,,,,,,,,,2423.29890829423,89828182.96171096,0.0016299026663953997,0.25547385512859483
/home/thuy/Research/minh_data_synth/TabularDA/.cache/statistical_328_20261010/records/news_seed43_ctgan_xonly_dnn_synthetic.run.json,/home/thuy/Research/minh_data_synth/TabularDA/.cache/news_log_runtime_20261008/output/news_log_v1/news/acc/news_seed43_ctgan_xonly_dnn_synthetic.predictions.csv,news,synthetic,dnn,43,47,89804896.32852526,,,,,,,,,,,,,,,,,2418.7952118568073,89804896.32852527,0.001888715407270647,0.2549990574520642
/home/thuy/Research/minh_data_synth/TabularDA/.cache/statistical_328_20261010/records/news_seed42_ctgan_xonly_rf_synthetic.run.json,/home/thuy/Research/minh_data_synth/TabularDA/.cache/news_log_runtime_20261008/output/news_log_v1/news/acc/news_seed42_ctgan_xonly_rf_synthetic.predictions.csv,news,synthetic,rf,42,89,89983894.10420264,,,,,,,,,,,,,,,,,2437.3588956709623,89983894.10420269,-0.00010070507117454497,0.25695611518570083
/home/thuy/Research/minh_data_synth/TabularDA/.cache/statistical_328_20261010/records/news_seed43_ctgan_xonly_rf_synthetic.run.json,/home/thuy/Research/minh_data_synth/TabularDA/.cache/news_log_runtime_20261008/output/news_log_v1/news/acc/news_seed43_ctgan_xonly_rf_synthetic.predictions.csv,news,synthetic,rf,43,76,90028722.45450586,,,,,,,,,,,,,,,,,2443.4567861031915,90028722.45450585,-0.0005989371736154769,0.25759897916403274
/home/thuy/Research/minh_data_synth/TabularDA/.cache/statistical_328_20261010/records/news_seed42_tvae_full_generated_synthetic.run.json,/home/thuy/Research/minh_data_synth/TabularDA/.cache/news_log_runtime_20261008/output/news_log_v1/news/acc/news_seed42_tvae_full_generated_synthetic.predictions.csv,news,synthetic,tvae,42,18,92554947.41060695,,,,,,,,,,,,,,,,,2428.056229136486,92554947.41060697,-0.028675954565632766,0.2559753909034408
/home/thuy/Research/minh_data_synth/TabularDA/.cache/statistical_328_20261010/records/news_seed43_tvae_full_generated_synthetic.run.json,/home/thuy/Research/minh_data_synth/TabularDA/.cache/news_log_runtime_20261008/output/news_log_v1/news/acc/news_seed43_tvae_full_generated_synthetic.predictions.csv,news,synthetic,tvae,43,67,92330977.12119287,,,,,,,,,,,,,,,,,2426.020952403866,92330977.12119289,-0.026186699720775364,0.25576082389672267
/home/thuy/Research/minh_data_synth/TabularDA/.cache/statistical_328_20261010/records/news_seed42_tvae_full_dnn_synthetic.run.json,/home/thuy/Research/minh_data_synth/TabularDA/.cache/news_log_runtime_20261008/output/news_log_v1/news/acc/news_seed42_tvae_full_dnn_synthetic.predictions.csv,news,synthetic,tvae_compare_dnn,42,52,88836481.51856232,,,,,,,,,,,,,,,,,2510.924505566091,88836481.51856233,0.01265188968292219,0.2647116957706911
/home/thuy/Research/minh_data_synth/TabularDA/.cache/statistical_328_20261010/records/news_seed43_tvae_full_dnn_synthetic.run.json,/home/thuy/Research/minh_data_synth/TabularDA/.cache/news_log_runtime_20261008/output/news_log_v1/news/acc/news_seed43_tvae_full_dnn_synthetic.predictions.csv,news,synthetic,tvae_compare_dnn,43,27,89667548.63207398,,,,,,,,,,,,,,,,,2504.670032702068,89667548.63207397,0.0034152277840500123,0.26405232424665
/home/thuy/Research/minh_data_synth/TabularDA/.cache/statistical_328_20261010/records/news_seed42_tvae_full_rf_synthetic.run.json,/home/thuy/Research/minh_data_synth/TabularDA/.cache/news_log_runtime_20261008/output/news_log_v1/news/acc/news_seed42_tvae_full_rf_synthetic.predictions.csv,news,synthetic,tvae_compare_rf,42,97,89827856.76000425,,,,,,,,,,,,,,,,,2455.870856048321,89827856.76000427,0.0016335281436000715,0.25890772002792833
/home/thuy/Research/minh_data_synth/TabularDA/.cache/statistical_328_20261010/records/news_seed43_tvae_full_rf_synthetic.run.json,/home/thuy/Research/minh_data_synth/TabularDA/.cache/news_log_runtime_20261008/output/news_log_v1/news/acc/news_seed43_tvae_full_rf_synthetic.predictions.csv,news,synthetic,tvae_compare_rf,43,47,90069569.84075001,,,,,,,,,,,,,,,,,2452.3767378233492,90069569.84074998,-0.0010529239696945858,0.2585393561211262
/home/thuy/Research/minh_data_synth/TabularDA/.cache/statistical_328_20261010/records/news_seed42_tvae_full_xgb_synthetic.run.json,/home/thuy/Research/minh_data_synth/TabularDA/.cache/news_log_runtime_20261008/output/news_log_v1/news/acc/news_seed42_tvae_full_xgb_synthetic.predictions.csv,news,synthetic,tvae_compare_xgb,42,35,89964747.51734382,,,,,,,,,,,,,,,,,2465.810011574258,89964747.51734383,0.00011209428817604561,0.2599555455232657
/home/thuy/Research/minh_data_synth/TabularDA/.cache/statistical_328_20261010/records/news_seed43_tvae_full_xgb_synthetic.run.json,/home/thuy/Research/minh_data_synth/TabularDA/.cache/news_log_runtime_20261008/output/news_log_v1/news/acc/news_seed43_tvae_full_xgb_synthetic.predictions.csv,news,synthetic,tvae_compare_xgb,43,18,90391659.84377535,,,,,,,,,,,,,,,,,2464.1015113213593,90391659.84377538,-0.0046327027993264824,0.2597754285989349
/home/thuy/Research/minh_data_synth/TabularDA/.cache/statistical_328_20261010/records/news_seed42_tvae_xonly_dnn_synthetic.run.json,/home/thuy/Research/minh_data_synth/TabularDA/.cache/news_log_runtime_20261008/output/news_log_v1/news/acc/news_seed42_tvae_xonly_dnn_synthetic.predictions.csv,news,synthetic,tvae_dnn,42,28,88956605.26132804,,,,,,,,,,,,,,,,,2512.761307637135,88956605.26132803,0.011316808099359754,0.26490533878542266
/home/thuy/Research/minh_data_synth/TabularDA/.cache/statistical_328_20261010/records/news_seed43_tvae_xonly_dnn_synthetic.run.json,/home/thuy/Research/minh_data_synth/TabularDA/.cache/news_log_runtime_20261008/output/news_log_v1/news/acc/news_seed43_tvae_xonly_dnn_synthetic.predictions.csv,news,synthetic,tvae_dnn,43,57,89162527.86570254,,,,,,,,,,,,,,,,,2466.552741927175,89162527.86570252,0.009028139178380079,0.2600338471252394
/home/thuy/Research/minh_data_synth/TabularDA/.cache/statistical_328_20261010/records/news_seed42_tvae_xonly_rf_synthetic.run.json,/home/thuy/Research/minh_data_synth/TabularDA/.cache/news_log_runtime_20261008/output/news_log_v1/news/acc/news_seed42_tvae_xonly_rf_synthetic.predictions.csv,news,synthetic,tvae_rf,42,94,89672848.40051769,,,,,,,,,,,,,,,,,2450.0833676685406,89672848.40051767,0.0033563249969453812,0.25829757987442364
/home/thuy/Research/minh_data_synth/TabularDA/.cache/statistical_328_20261010/records/news_seed43_tvae_xonly_rf_synthetic.run.json,/home/thuy/Research/minh_data_synth/TabularDA/.cache/news_log_runtime_20261008/output/news_log_v1/news/acc/news_seed43_tvae_xonly_rf_synthetic.predictions.csv,news,synthetic,tvae_rf,43,77,89804314.6054415,,,,,,,,,,,,,,,,,2440.6603858633616,89804314.6054415,0.0018951808050181596,0.2573041714755109
/home/thuy/Research/minh_data_synth/TabularDA/.cache/statistical_328_20261010/records/news_seed42_tvae_xonly_xgb_synthetic.run.json,/home/thuy/Research/minh_data_synth/TabularDA/.cache/news_log_runtime_20261008/output/news_log_v1/news/acc/news_seed42_tvae_xonly_xgb_synthetic.predictions.csv,news,synthetic,tvae_xgb,42,85,89646187.3365268,,,,,,,,,,,,,,,,,2547.995785001315,89646187.3365268,0.00365264190077208,0.2686198981965044
/home/thuy/Research/minh_data_synth/TabularDA/.cache/statistical_328_20261010/records/news_seed43_tvae_xonly_xgb_synthetic.run.json,/home/thuy/Research/minh_data_synth/TabularDA/.cache/news_log_runtime_20261008/output/news_log_v1/news/acc/news_seed43_tvae_xonly_xgb_synthetic.predictions.csv,news,synthetic,tvae_xgb,43,49,89950956.4904464,,,,,,,,,,,,,,,,,2485.6768675903045,89950956.4904464,0.0002653707812760864,0.2620499888782857
/home/thuy/Research/minh_data_synth/TabularDA/.cache/statistical_328_20261010/records/news_seed42_ctgan_xonly_xgb_synthetic.run.json,/home/thuy/Research/minh_data_synth/TabularDA/.cache/news_log_runtime_20261008/output/news_log_v1/news/acc/news_seed42_ctgan_xonly_xgb_synthetic.predictions.csv,news,synthetic,xgb,42,73,89939928.47519974,,,,,,,,,,,,,,,,,2471.0516997194895,89939928.47519973,0.0003879385578047234,0.26050814523486576
/home/thuy/Research/minh_data_synth/TabularDA/.cache/statistical_328_20261010/records/news_seed43_ctgan_xonly_xgb_synthetic.run.json,/home/thuy/Research/minh_data_synth/TabularDA/.cache/news_log_runtime_20261008/output/news_log_v1/news/acc/news_seed43_ctgan_xonly_xgb_synthetic.predictions.csv,news,synthetic,xgb,43,35,90017597.27727996,,,,,,,,,,,,,,,,,2457.601919329031,90017597.27727996,-0.0004752895175719196,0.25909021563681955
