dataset,train_option,augment_option,test_loss_count,test_loss_mean,test_loss_std,accuracy_count,accuracy_mean,accuracy_std,balanced_accuracy_count,balanced_accuracy_mean,balanced_accuracy_std,f1_macro_count,f1_macro_mean,f1_macro_std,f1_micro_count,f1_micro_mean,f1_micro_std,f1_weighted_count,f1_weighted_mean,f1_weighted_std,f1_binary_count,f1_binary_mean,f1_binary_std,pr_auc_count,pr_auc_mean,pr_auc_std,precision_macro_count,precision_macro_mean,precision_macro_std,precision_micro_count,precision_micro_mean,precision_micro_std,precision_weighted_count,precision_weighted_mean,precision_weighted_std,precision_binary_count,precision_binary_mean,precision_binary_std,recall_macro_count,recall_macro_mean,recall_macro_std,recall_micro_count,recall_micro_mean,recall_micro_std,recall_weighted_count,recall_weighted_mean,recall_weighted_std,recall_binary_count,recall_binary_mean,recall_binary_std,roc_auc_count,roc_auc_mean,roc_auc_std,mae_count,mae_mean,mae_std,mse_count,mse_mean,mse_std,r2_count,r2_mean,r2_std,nmae_sigma_count,nmae_sigma_mean,nmae_sigma_std
adult,mix,compare_dnn,2,0.46063400482119743,0.029323678771305317,2,0.8236529776284004,0.00029707248448129835,2,0.8121124241626566,0.007770152635972784,2,0.7797657198108884,0.002886827520156,2,0.8236529776284004,0.00029707248448129835,2,0.8311097958239138,0.001034942588196489,2,0.6814655091292046,0.0064323325346717026,2,0.7362956362051982,0.011321790053605223,2,0.7630623008441105,0.0019212905859318074,2,0.8236529776284004,0.00029707248448129835,2,0.8486101063166793,0.004366226469705992,2,0.5992777329968699,0.002759633313004987,2,0.8121124241626566,0.007770152635972784,2,0.8236529776284004,0.00029707248448129835,2,0.8236529776284004,0.00029707248448129835,2,0.7900175901495163,0.02207765235894681,2,0.9007148683366265,0.0034486288703157197,0,,,0,,,0,,,0,,
adult,mix,compare_rf,2,0.3812892436840344,0.007842368539931092,2,0.8458145152820082,0.00505023223618164,2,0.7611870359360177,0.05058124169376573,2,0.7734285616908219,0.02986235454877959,2,0.8458145152820082,0.00505023223618164,2,0.8401274642714516,0.013944346144696727,2,0.6457309442626746,0.06033799460815521,2,0.7532761369897708,0.007732222377771221,2,0.799671095472195,0.010505071869362238,2,0.8458145152820082,0.00505023223618164,2,0.842318626472494,0.011788141154060513,2,0.7180207551034341,0.05318628666847945,2,0.7611870359360177,0.05058124169376573,2,0.8458145152820082,0.00505023223618164,2,0.8458145152820082,0.00505023223618164,2,0.5991644678979772,0.1377521126058226,2,0.9056766157688276,0.004311547701402187,0,,,0,,,0,,,0,,
adult,mix,compare_xgb,2,0.41158823593832744,0.002764400255570898,2,0.8422434618212373,0.0008912174534438558,2,0.7503163593366327,0.03803643743595341,2,0.7657022421693203,0.020200024227894367,2,0.8422434618212373,0.0008912174534438558,2,0.8354894882082406,0.007518809657105349,2,0.6320918722645223,0.044478697851156414,2,0.7394430992149331,0.007595611467537397,2,0.7968398059486654,0.019683052783659522,2,0.8422434618212373,0.0008912174534438558,2,0.8375684624825929,0.0035740392681354693,2,0.7188632246376812,0.0642096510995936,2,0.7503163593366327,0.03803643743595341,2,0.8422434618212373,0.0008912174534438558,2,0.8422434618212373,0.0008912174534438558,2,0.5743183817062445,0.1125649317456157,2,0.8992888544302868,0.002048354165273921,0,,,0,,,0,,,0,,
adult,mix,ctgan,2,0.3320432098651055,0.0056400505108709555,2,0.8473374645520428,0.0036391379348956303,2,0.7629418639126323,0.02895639538247736,2,0.7769055012162511,0.0174586886730932,2,0.8473374645520428,0.0036391379348956303,2,0.8423214489478583,0.00846559823261468,2,0.6516641502505098,0.034676306626802385,2,0.7336860918290131,0.0038065266404973016,2,0.7988588939487158,0.004333809841150619,2,0.8473374645520428,0.0036391379348956303,2,0.841869943869015,0.0074301935035939225,2,0.7165125826092489,0.026856447252232917,2,0.7629418639126323,0.02895639538247736,2,0.8473374645520428,0.0036391379348956303,2,0.8473374645520428,0.0036391379348956303,2,0.601363236587511,0.0774272596813766,2,0.900009469238416,0.003610927636094899,0,,,0,,,0,,,0,,
adult,mix,dnn,2,0.42202452567617577,0.008229280285656183,2,0.8275391240415924,0.005941449689625379,2,0.8144388804198723,0.003138662899664378,2,0.7836297881228684,0.003603947276867711,2,0.8275391240415924,0.005941449689625379,2,0.8345254084109617,0.004535355109020135,2,0.6861881631956743,0.001820731115612263,2,0.7412172894243042,0.007961293001275743,2,0.7671430879556866,0.0047749198386041105,2,0.8275391240415924,0.005941449689625379,2,0.8506797650055139,0.0005632914785758448,2,0.6072089029182032,0.014995130968881857,2,0.8144388804198723,0.003138662899664378,2,0.8275391240415924,0.005941449689625379,2,0.8275391240415924,0.005941449689625379,2,0.7893579595426561,0.02052288810831662,2,0.9016206961082611,0.0019062864287255662,0,,,0,,,0,,,0,,
adult,mix,rf,2,0.36660815113520573,0.008376651993783712,2,0.8520638588383573,0.006758399021948988,2,0.7725345574106484,0.0021990463702749267,2,0.7859822187620202,0.006379393405621932,2,0.8520638588383573,0.006758399021948988,2,0.8480929916313262,0.005631698943838111,2,0.6670687523456396,0.007810883244882748,2,0.7599141683725193,0.011313891813876379,2,0.803909022536017,0.013291493066094518,2,0.8520638588383573,0.006758399021948988,2,0.846717154819973,0.006064955531591574,2,0.7219512048252703,0.027126977454995066,2,0.7725345574106484,0.0021990463702749267,2,0.8520638588383573,0.006758399021948988,2,0.8520638588383573,0.006758399021948988,2,0.6202726473175022,0.006530009852646192,2,0.9066132542152827,0.005723514782828643,0,,,0,,,0,,,0,,
adult,mix,tvae,2,0.37447569271606906,0.004908084236169836,2,0.8368343661380107,0.0006684130900829213,2,0.7290344356242884,0.03639369073476681,2,0.7494827596334837,0.02323868512235219,2,0.8368343661380107,0.0006684130900829213,2,0.8266144021478552,0.009649085202558635,2,0.6018112598588341,0.04925649747633466,2,0.719473515539442,0.0049550727279297786,2,0.7944787817246738,0.020118875937502216,2,0.8368343661380107,0.0006684130900829213,2,0.830078072494844,0.001926003768228395,2,0.726322568689727,0.06232464703709216,2,0.7290344356242884,0.03639369073476681,2,0.8368343661380107,0.0006684130900829213,2,0.8368343661380107,0.0006684130900829213,2,0.5226473175021988,0.10479111049246546,2,0.8946968654363272,0.00028226898365589845,0,,,0,,,0,,,0,,
adult,mix,tvae_compare_dnn,2,0.4820484934988398,0.00963077403639936,2,0.8351013548996954,0.002822188602572099,2,0.8069586220070561,0.002307045311045958,2,0.7869561738273242,0.001391762797079604,2,0.8351013548996954,0.002822188602572099,2,0.8398507476565985,0.00200485660109336,2,0.6856874753699502,0.0002179711003137779,2,0.7347838105823086,9.670183331100267e-05,2,0.7734711937259573,0.002890787431645421,2,0.8351013548996954,0.002822188602572099,2,0.8486714206497493,0.0002172407494882671,2,0.6294974634743139,0.008841227068197434,2,0.8069586220070561,0.002307045311045958,2,0.8351013548996954,0.002822188602572099,2,0.8351013548996954,0.002822188602572099,2,0.7530782761653474,0.012127161154914377,2,0.8997984669360651,0.0014805766588171516,0,,,0,,,0,,,0,,
adult,mix,tvae_compare_rf,2,0.37017810809525886,0.013040314623600354,2,0.8449742674088856,0.0013368261801656465,2,0.7566366891391931,0.02008239660019,2,0.7721820345692221,0.011549848970142475,2,0.8449742674088856,0.0013368261801656465,2,0.8394105232615687,0.005122999535682754,2,0.6434705041369211,0.02385429969716649,2,0.7433058888841554,0.0015475418846357485,2,0.79600986781365,0.005755045712996243,2,0.8449742674088856,0.0013368261801656465,2,0.8385943319399725,0.003921781770257757,2,0.7144802714036929,0.024281704564406478,2,0.7566366891391931,0.02008239660019,2,0.8449742674088856,0.0013368261801656465,2,0.8449742674088856,0.0013368261801656465,2,0.5875109938434476,0.055971513022681864,2,0.9020069293829649,0.0003574005471401738,0,,,0,,,0,,,0,,
adult,mix,tvae_compare_xgb,2,0.4063210781038014,0.0028901661438699867,2,0.8443440815040437,0.0005941449689625574,2,0.7753848406504059,0.012339597688786843,2,0.7811472005822794,0.006135021525747856,2,0.8443440815040437,0.0005941449689625574,2,0.8425605842746516,0.0025803956734178147,2,0.6635689126001607,0.012940489601363216,2,0.736452231677301,0.006264507654290906,2,0.7881479450381195,0.0017669591473580106,2,0.8443440815040437,0.0005941449689625574,2,0.8415038718367903,0.0035710215565791462,2,0.6859959685550818,0.011986728759701993,2,0.7753848406504059,0.012339597688786843,2,0.8443440815040437,0.0005941449689625574,2,0.8443440815040437,0.0005941449689625574,2,0.6433597185576078,0.03482671921411318,2,0.8978771460219064,0.0027727236996781942,0,,,0,,,0,,,0,,
adult,mix,tvae_dnn,2,0.46961653232417955,0.022889550392877597,2,0.8359941182648882,0.00675839902194891,2,0.811015376028585,0.007189695873656567,2,0.789096244488963,0.0028231176732595805,2,0.8359941182648882,0.00675839902194891,2,0.8410117818385137,0.00465598324924471,2,0.6897019490727007,0.0006859740518469346,2,0.7401705873394248,0.006785955918704804,2,0.7752641845182612,0.006566290945636816,2,0.8359941182648882,0.00675839902194891,2,0.8511300575592978,0.0014750240964349758,2,0.6300160491424902,0.02196169824818378,2,0.811015376028585,0.007189695873656567,2,0.8359941182648882,0.00675839902194891,2,0.8359941182648882,0.00675839902194891,2,0.7631926121372032,0.033893860663735134,2,0.9000252917563074,0.0011739145890158806,0,,,0,,,0,,,0,,
adult,mix,tvae_rf,2,0.3653492943781187,0.007731040027807668,2,0.8488078983300074,0.003936210419376811,2,0.760890124794914,0.0037592599119174227,2,0.7776435970092765,0.004937247686753872,2,0.8488078983300074,0.003936210419376811,2,0.8433473249004307,0.0037456753432211164,2,0.6518512798462605,0.007218558823446876,2,0.7509967022691946,0.009630742740090997,2,0.8016977584777513,0.007038151651855296,2,0.8488078983300074,0.003936210419376811,2,0.8421018481875118,0.004073100943226808,2,0.7243425728500354,0.012714855411527838,2,0.760890124794914,0.0037592599119174227,2,0.8488078983300074,0.003936210419376811,2,0.8488078983300074,0.003936210419376811,2,0.5925681618293756,0.003420481351386123,2,0.9025170880159188,0.001500400063916828,0,,,0,,,0,,,0,,
adult,mix,tvae_xgb,2,0.4141485393970732,0.018854220798257694,2,0.8498056926793405,0.0013368261801656465,2,0.7756531104551921,0.0038654781788535373,2,0.7856357750257741,0.002852694164967183,2,0.8498056926793405,0.0013368261801656465,2,0.8468954799488284,0.001721505897859613,2,0.6683517109653679,0.005018397662077794,2,0.7459853235588146,0.0019241723982828009,2,0.797874102760024,0.0013193862521149527,2,0.8498056926793405,0.0013368261801656465,2,0.8453063899188112,0.0018034533497056535,2,0.7070631624747206,0.0003926211533495187,2,0.7756531104551921,0.0038654781788535373,2,0.8498056926793405,0.0013368261801656465,2,0.8498056926793405,0.0013368261801656465,2,0.6336851363236587,0.008706679803528256,2,0.9000818765997733,0.00014974823332965204,0,,,0,,,0,,,0,,
adult,mix,xgb,2,0.39575387358433833,0.022246844503235053,2,0.8455519378216574,0.004084746661617499,2,0.7750466513969508,0.006630778828570119,2,0.7820333967928957,0.006233075117499505,2,0.8455519378216574,0.004084746661617499,2,0.8434916748049988,0.004315000660179648,2,0.6643691569068645,0.009905302527140034,2,0.7457216887969093,0.007877904105284045,2,0.7900997481021942,0.0056703636209657175,2,0.8455519378216574,0.004084746661617499,2,0.8420687095385356,0.004447434079463637,2,0.6906031702145192,0.008011709320672696,2,0.7750466513969508,0.006630778828570119,2,0.8455519378216574,0.004084746661617499,2,0.8455519378216574,0.004084746661617499,2,0.640061565523307,0.011505255454662426,2,0.8987540897340349,0.001980838736865963,0,,,0,,,0,,,0,,
adult,original,real,2,0.31590386965347184,0.0013753181164791264,2,0.8568952841088121,0.00022280436336093452,2,0.7759346086737859,0.0069745346942779495,2,0.791376587145626,0.0034882920996867368,2,0.8568952841088121,0.00022280436336093452,2,0.8524384781376256,0.001455840911443552,2,0.6744712454736312,0.007379498165092656,2,0.7753665942390958,0.00012643434700218968,2,0.8126375785158213,0.002918912251092672,2,0.8568952841088121,0.00022280436336093452,2,0.8513388033709411,0.001025124152962441,2,0.7385425932261376,0.010469921823384793,2,0.7759346086737859,0.0069745346942779495,2,0.8568952841088121,0.00022280436336093452,2,0.8568952841088121,0.00022280436336093452,2,0.6209322779243623,0.01990098240806463,2,0.912024722206344,0.0011131785935206762,0,,,0,,,0,,,0,,
adult,synthetic,compare_dnn,2,0.4364051928873035,0.012603826481979004,2,0.8268039071526101,0.0005941449689625574,2,0.8109382659054383,0.009138890105628393,2,0.7818084673106107,0.00363942359751615,2,0.8268039071526101,0.0005941449689625574,2,0.8335534704466374,0.0014561175418391884,2,0.6827406662130617,0.00781944711573487,2,0.7334409695026431,0.0110835925749308,2,0.7656532061198049,0.0022310912013999676,2,0.8268039071526101,0.0005941449689625574,2,0.8485754444262466,0.004996971892109926,2,0.6068953877173056,0.0030642938893399715,2,0.8109382659054383,0.009138890105628393,2,0.8268039071526101,0.0005941449689625574,2,0.8268039071526101,0.0005941449689625574,2,0.7805628847845207,0.02549813371033293,2,0.899160453863237,0.0039170319044541085,0,,,0,,,0,,,0,,
adult,synthetic,compare_rf,2,0.3775598075432182,0.008671080391009188,2,0.8436088646150615,0.0016338986646469449,2,0.7469131223316378,0.009715206264931211,2,0.7661820514504549,0.006622947949010231,2,0.8436088646150615,0.0016338986646469449,2,0.8364544980449082,0.0033631479127335614,2,0.6316427463980139,0.012863960646655471,2,0.7396092356068071,0.0044308699553700795,2,0.796724176477732,0.0011362963304438422,2,0.8436088646150615,0.0016338986646469449,2,0.8357667305150696,0.0024594587323695264,2,0.7219757033248082,0.008020507863330778,2,0.7469131223316378,0.009715206264931211,2,0.8436088646150615,0.0016338986646469449,2,0.8436088646150615,0.0016338986646469449,2,0.5617854001759015,0.0251871808602068,2,0.9005967683349152,0.0010490314276672581,0,,,0,,,0,,,0,,
adult,synthetic,compare_xgb,2,0.41091346393900124,0.00011122199626700132,2,0.842190946329167,0.001114021816804712,2,0.755110111981557,0.021246399486655982,2,0.7692286420706294,0.010369099984737486,2,0.842190946329167,0.001114021816804712,2,0.8369508072475327,0.00350753701506358,2,0.6395719489981786,0.02350582651485333,2,0.7314009198928507,0.008166226123794184,2,0.7913697983614743,0.010537813096971882,2,0.842190946329167,0.001114021816804712,2,0.8363006493925347,0.0024168211301514937,2,0.7053479538678635,0.03533995918111464,2,0.755110111981557,0.021246399486655982,2,0.842190946329167,0.001114021816804712,2,0.842190946329167,0.001114021816804712,2,0.5883905013192612,0.06405628712595814,2,0.8922991699231018,0.003631501927751577,0,,,0,,,0,,,0,,
adult,synthetic,ctgan,2,0.34674656594291653,0.005716456886237356,2,0.8393025942653083,0.004307551024978434,2,0.7378981707045489,0.0202201091947091,2,0.7576943589477012,0.014908298976819421,2,0.8393025942653083,0.004307551024978434,2,0.8311215886538679,0.007876272790632358,2,0.6171151001436769,0.028371383899137268,2,0.7102375333668746,0.003365553357399969,2,0.7913953299403141,0.00011762552383154158,2,0.8393025942653083,0.004307551024978434,2,0.8308804706011613,0.0059802857283131694,2,0.7157995076535806,0.011792311434080664,2,0.7378981707045489,0.0202201091947091,2,0.8393025942653083,0.004307551024978434,2,0.8393025942653083,0.004307551024978434,2,0.5437554969217238,0.050685314570539694,2,0.8896442940207934,0.004205179257154688,0,,,0,,,0,,,0,,
adult,synthetic,dnn,2,0.42236024819931905,0.02900594235676268,2,0.8318453943913455,0.004010478540497175,2,0.8107796766417403,0.0033402008515123513,2,0.7857496490873684,0.0019880771674753222,2,0.8318453943913455,0.004010478540497175,2,0.8376476194321486,0.0028860917747615617,2,0.6863889863782089,0.0002687936211306225,2,0.7357253512769993,0.007035088068921879,2,0.7705588972840604,0.003565782770765407,2,0.8318453943913455,0.004010478540497175,2,0.8496662738859502,0.0006735881196809979,2,0.6191047785174018,0.011682221589977164,2,0.8107796766417403,0.0033402008515123513,2,0.8318453943913455,0.004010478540497175,2,0.8318453943913455,0.004010478540497175,2,0.7704485488126649,0.01741335960705655,2,0.8989433076301612,0.0016395286159432152,0,,,0,,,0,,,0,,
adult,synthetic,rf,2,0.36372889822025956,0.00025582378305449865,2,0.8464447011868501,0.00014853624224057068,2,0.7668064570193664,0.010766597621777186,2,0.7787061126741599,0.005399173213231432,2,0.8464447011868501,0.00014853624224057068,2,0.8426445450510118,0.0021399936438981837,2,0.6562935217511745,0.0116389980030208,2,0.7455113918560488,0.001267870956989056,2,0.7945409661676484,0.0034641634129187497,2,0.8464447011868501,0.00014853624224057068,2,0.8411306019951266,0.002116495029775008,2,0.7053433143049053,0.014148548901132518,2,0.7668064570193664,0.010766597621777186,2,0.8464447011868501,0.00014853624224057068,2,0.8464447011868501,0.00014853624224057068,2,0.6143359718557608,0.031095285012601042,2,0.9010406635372366,0.00036935037034424074,0,,,0,,,0,,,0,,
adult,synthetic,tvae,2,0.38059429217256324,0.001044701609980689,2,0.8261737212477681,0.0031192610870533974,2,0.707169581832849,0.02168002574626313,2,0.7293025777591398,0.017024134700183224,2,0.8261737212477681,0.0031192610870533974,2,0.813849459841119,0.008290497895973945,2,0.5674343162866837,0.03374501867622916,2,0.6878066493325873,0.000556243584899988,2,0.7755882821332317,0.0039708160774382,2,0.8261737212477681,0.0031192610870533974,2,0.8152022014546187,0.004393350576566079,2,0.6997459081418931,0.019984335223381357,2,0.707169581832849,0.02168002574626313,2,0.8261737212477681,0.0031192610870533974,2,0.8261737212477681,0.0031192610870533974,2,0.4793315743183817,0.057215324423185866,2,0.8833654395431755,0.0018772163920258444,0,,,0,,,0,,,0,,
adult,synthetic,tvae_compare_dnn,2,0.4635711610645898,0.0039086364358130845,2,0.8321604873437665,0.00505023223618164,2,0.8041214913301098,0.006177972780911918,2,0.7835776507316486,0.0016819474074589794,2,0.8321604873437665,0.00505023223618164,2,0.8371162351191026,0.0033310685645911047,2,0.6810759692611179,0.0014753585521336853,2,0.730285880733753,0.0010001101058470373,2,0.7702306131955259,0.004766043517729667,2,0.8321604873437665,0.00505023223618164,2,0.8465979129122172,0.0014495849884484339,2,0.6240224771403042,0.016666103643875167,2,0.8041214913301098,0.006177972780911918,2,0.8321604873437665,0.00505023223618164,2,0.8321604873437665,0.00505023223618164,2,0.7504397537379068,0.027674803661214997,2,0.8975353462610132,0.0005541542789260072,0,,,0,,,0,,,0,,
adult,synthetic,tvae_compare_rf,2,0.3704812930713568,0.00772639490814005,2,0.8449742674088856,0.006387058416347366,2,0.7555805095220913,0.0157181581164013,2,0.7718561930565571,0.013061716873262873,2,0.8449742674088856,0.006387058416347366,2,0.8393122698293002,0.008051089047966977,2,0.6427089364803882,0.022654756793761964,2,0.7387668795807864,0.011924916395329443,2,0.7955364342286999,0.007120644330555277,2,0.8449742674088856,0.006387058416347366,2,0.8379291316482513,0.007835293501623113,2,0.7143739825633977,0.005752420972876712,2,0.7555805095220913,0.0157181581164013,2,0.8449742674088856,0.006387058416347366,2,0.8449742674088856,0.006387058416347366,2,0.5844327176781002,0.03358290781360912,2,0.8991912645380571,0.0038123154106314873,0,,,0,,,0,,,0,,
adult,synthetic,tvae_compare_xgb,2,0.39124277662284335,0.00899420874249693,2,0.8417708223926059,0.00393621041937689,2,0.7759577280575506,0.01218778988090144,2,0.7794660064293741,0.00856445413874133,2,0.8417708223926059,0.00393621041937689,2,0.8406869907001858,0.0051012822836377335,2,0.6622560745487389,0.015194830014960855,2,0.7312010895980827,0.009636944737436244,2,0.783403780665305,0.0043591250240170906,2,0.8417708223926059,0.00393621041937689,2,0.8398578229919466,0.005921388020592227,2,0.6753203427019121,0.0013681123575397542,2,0.7759577280575506,0.01218778988090144,2,0.8417708223926059,0.00393621041937689,2,0.8417708223926059,0.00393621041937689,2,0.6499560246262093,0.027985756511340932,2,0.8945067524984408,0.005259102174392268,0,,,0,,,0,,,0,,
adult,synthetic,tvae_dnn,2,0.46988189910630346,0.017859192347954564,2,0.8287994958512761,0.0038619422982565646,2,0.8124754773727982,0.006105029515393158,2,0.7839226187019451,0.000924587252652906,2,0.8287994958512761,0.0038619422982565646,2,0.8353411623247757,0.0024983006815732286,2,0.6854798369136945,0.0020883477074821813,2,0.7349990027934579,0.007034353481245124,2,0.7679214874049547,0.002576021785282958,2,0.8287994958512761,0.0038619422982565646,2,0.8498816918218841,0.0023955399426400653,2,0.6110055199298721,0.012094268158006932,2,0.8124754773727982,0.006105029515393158,2,0.8287994958512761,0.0038619422982565646,2,0.8287994958512761,0.0038619422982565646,2,0.7812225153913808,0.0251871808602068,2,0.896607931295745,0.0013034961548196492,0,,,0,,,0,,,0,,
adult,synthetic,tvae_rf,2,0.3608601370750261,0.0034842832111850325,2,0.8466547631551307,0.0034163335715346565,2,0.7686041559792612,0.0007431631522260737,2,0.7798463153988825,0.0022668648593983562,2,0.8466547631551307,0.0034163335715346565,2,0.843188645092654,0.002485692168734236,2,0.6585749860173427,0.0018479115490852732,2,0.7422870211897992,0.008330772178313378,2,0.7942037931946944,0.006964610567371481,2,0.8466547631551307,0.0034163335715346565,2,0.841540865260358,0.002528514157952937,2,0.7035751458717138,0.015457687968150585,2,0.7686041559792612,0.0007431631522260737,2,0.8466547631551307,0.0034163335715346565,2,0.8466547631551307,0.0034163335715346565,2,0.6191732629727353,0.008706679803528372,2,0.8981783199890192,0.00127766565726541,0,,,0,,,0,,,0,,
adult,synthetic,tvae_xgb,2,0.39056863479817844,0.0164118190412382,2,0.846759794139271,0.0005941449689625574,2,0.7787822978094596,0.0016705724115917738,2,0.7846886004510338,0.001220832876150886,2,0.846759794139271,0.0005941449689625574,2,0.8450714943264019,0.0007448226056469561,2,0.6690832249056122,0.0021321728692071697,2,0.7401394350645741,0.005042771726414665,2,0.7913443999340153,0.000648246238952035,2,0.846759794139271,0.0005941449689625574,2,0.843826352768638,0.0008231625246117102,2,0.6908656802600874,0.00031336227439017906,2,0.7787822978094596,0.0016705724115917738,2,0.846759794139271,0.0005941449689625574,2,0.846759794139271,0.0005941449689625574,2,0.648636763412489,0.003731434201512177,2,0.8967488927878322,0.0002697184512062535,0,,,0,,,0,,,0,,
adult,synthetic,xgb,2,0.39249320369084306,0.016816329453447684,2,0.8422434618212373,0.0023765798758501122,2,0.7774752637763918,0.001987918524401486,2,0.7805930163275672,0.002728735474658166,2,0.8422434618212373,0.0023765798758501122,2,0.8413404589668954,0.0021774796632866586,2,0.6642896981355212,0.0037841359532561516,2,0.7381800467416493,0.006105868881872522,2,0.7839216475802933,0.0035660389718240025,2,0.8422434618212373,0.0023765798758501122,2,0.8405629980072582,0.002035546632937808,2,0.6754796010459816,0.0064962254907332635,2,0.7774752637763918,0.001987918524401486,2,0.8422434618212373,0.0023765798758501122,2,0.8422434618212373,0.0023765798758501122,2,0.6534740545294635,0.0012438114005040588,2,0.8938432686609532,0.00439695568376407,0,,,0,,,0,,,0,,
california_housing,mix,compare_dnn,2,0.2911587527324987,0.026435432413658626,0,,,0,,,0,,,0,,,0,,,0,,,0,,,0,,,0,,,0,,,0,,,0,,,0,,,0,,,0,,,0,,,2,0.35061775147914886,0.002716554047345419,2,0.2911587506532669,0.02643540954327572,2,0.7873574144310901,0.019306640776495194,2,0.29963607345499255,0.0023215527013134064
california_housing,mix,compare_rf,2,0.2925322732722112,0.008801880865465106,0,,,0,,,0,,,0,,,0,,,0,,,0,,,0,,,0,,,0,,,0,,,0,,,0,,,0,,,0,,,0,,,2,0.3671831041574478,0.0016821439443425472,2,0.292532280087471,0.008801884622742343,2,0.7863542898129385,0.006428296797676134,2,0.31379273611962616,0.0014375513057811435
california_housing,mix,compare_xgb,2,0.25544278005989945,0.019368650312251982,0,,,0,,,0,,,0,,,0,,,0,,,0,,,0,,,0,,,0,,,0,,,0,,,0,,,0,,,0,,,0,,,2,0.3387390524148941,0.009046252050408507,2,0.255442775785923,0.019368657990166245,2,0.8134419361835445,0.014145549927446193,2,0.2894846001472343,0.007730879091071271
california_housing,mix,ctgan,2,0.49900265696436863,0.052107868993533125,0,,,0,,,0,,,0,,,0,,,0,,,0,,,0,,,0,,,0,,,0,,,0,,,0,,,0,,,0,,,0,,,2,0.5218765437602997,0.02614567103318758,2,0.4990026354789734,0.05210783468795873,2,0.6355623410410918,0.038056047644035654,2,0.4459929303091725,0.022343951990965203
california_housing,mix,dnn,2,0.26995194709116177,0.008437266355318955,0,,,0,,,0,,,0,,,0,,,0,,,0,,,0,,,0,,,0,,,0,,,0,,,0,,,0,,,0,,,0,,,2,0.3515920490026474,0.00473901271998918,2,0.2699519395828247,0.008437293309698854,2,0.8028454276187755,0.006162008537470723,2,0.30046870295845163,0.004049935171509082
california_housing,mix,rf,2,0.2984723838031754,0.01497622901547452,0,,,0,,,0,,,0,,,0,,,0,,,0,,,0,,,0,,,0,,,0,,,0,,,0,,,0,,,0,,,0,,,2,0.37013836205005646,0.0010748078573005642,2,0.2984723746776581,0.01497620826877002,2,0.7820160361284839,0.010937620599148015,2,0.31631828386286637,0.0009185251023984886
california_housing,mix,tvae,2,0.41115511976933294,0.05150145082564529,0,,,0,,,0,,,0,,,0,,,0,,,0,,,0,,,0,,,0,,,0,,,0,,,0,,,0,,,0,,,0,,,2,0.44631142914295197,0.02351252559904522,2,0.4111551344394684,0.051501425831583986,2,0.6997202152381768,0.03761316446416342,2,0.381415383568887,0.02009367984874229
california_housing,mix,tvae_compare_dnn,2,0.27683361856512323,0.016879618103638503,0,,,0,,,0,,,0,,,0,,,0,,,0,,,0,,,0,,,0,,,0,,,0,,,0,,,0,,,0,,,0,,,2,0.3544461131095886,0.0035407567434002076,2,0.2768336236476898,0.016879602094370505,2,0.7978195226064281,0.012327728828788723,2,0.30290777102840805,0.0030259119601787174
california_housing,mix,tvae_compare_rf,2,0.30688333442044813,0.004018608890383348,0,,,0,,,0,,,0,,,0,,,0,,,0,,,0,,,0,,,0,,,0,,,0,,,0,,,0,,,0,,,0,,,2,0.38571713864803314,0.0024082919973367404,2,0.306883305311203,0.004018617711816724,2,0.7758732492585637,0.0029349193788084094,2,0.3296318238344096,0.002058113586008723
california_housing,mix,tvae_compare_xgb,2,0.32559356058752814,0.024973768435469286,0,,,0,,,0,,,0,,,0,,,0,,,0,,,0,,,0,,,0,,,0,,,0,,,0,,,0,,,0,,,0,,,2,0.3457823097705841,0.004129168895460799,2,0.3255935460329056,0.024973756836917917,2,0.7622085726546959,0.018239146557373558,2,0.2955037305805588,0.0035287658689521417
california_housing,mix,tvae_dnn,2,0.29098708315413124,0.0029366120549338642,0,,,0,,,0,,,0,,,0,,,0,,,0,,,0,,,0,,,0,,,0,,,0,,,0,,,0,,,0,,,0,,,2,0.35847902297973633,0.004148177124139212,2,0.2909870892763138,0.002936602743420797,2,0.7874827884703675,0.0021447008629781965,2,0.30635427444413943,0.003545010200508349
california_housing,mix,tvae_rf,2,0.32773320711860365,0.002995342544814654,0,,,0,,,0,,,0,,,0,,,0,,,0,,,0,,,0,,,0,,,0,,,0,,,0,,,0,,,0,,,0,,,2,0.3994070291519165,0.003276496003236902,2,0.32773320376873016,0.0029953554502449836,2,0.7606459172174148,0.002187596294758844,2,0.3413311317539527,0.002800076131225949
california_housing,mix,tvae_xgb,2,0.27352667224499605,0.0017315542631067024,0,,,0,,,0,,,0,,,0,,,0,,,0,,,0,,,0,,,0,,,0,,,0,,,0,,,0,,,0,,,0,,,2,0.35363245010375977,0.008118747428653518,2,0.2735266834497452,0.0017315400507973149,2,0.80023468881642,0.001264609739181019,2,0.302212418932989,0.006938238553615386
california_housing,mix,xgb,2,0.2603906845284063,0.010649252136201626,0,,,0,,,0,,,0,,,0,,,0,,,0,,,0,,,0,,,0,,,0,,,0,,,0,,,0,,,0,,,0,,,2,0.34498800337314606,0.005533185786479957,2,0.2603906989097595,0.010649244213247595,2,0.8098283241395885,0.007777490807666478,2,0.2948249205401531,0.004728631267993376
california_housing,original,real,2,0.6675618642060331,0.023575184730630777,0,,,0,,,0,,,0,,,0,,,0,,,0,,,0,,,0,,,0,,,0,,,0,,,0,,,0,,,0,,,0,,,2,0.6443586945533752,0.017564951998006152,2,0.6675618290901184,0.023575176889356664,2,0.5124581418715501,0.017217715792805573,2,0.550665527680906,0.015010914949127912
california_housing,synthetic,compare_dnn,2,0.27352030968019203,0.0022861964978377366,0,,,0,,,0,,,0,,,0,,,0,,,0,,,0,,,0,,,0,,,0,,,0,,,0,,,0,,,0,,,0,,,2,0.35067394375801086,0.003644395843888496,2,0.2735203206539154,0.002286213650624936,2,0.8002393355823962,0.001669680304167287,2,0.2996840950788997,0.0031144813865574515
california_housing,synthetic,compare_rf,2,0.288202070450598,0.0028484767870222464,0,,,0,,,0,,,0,,,0,,,0,,,0,,,0,,,0,,,0,,,0,,,0,,,0,,,0,,,0,,,0,,,2,0.3600698262453079,0.0001754362569265964,2,0.28820209205150604,0.002848473683184518,2,0.7895167760292272,0.0020803356446201975,2,0.3077137664896059,0.00014992689601530485
california_housing,synthetic,compare_xgb,2,0.2507043104301127,0.0074418438841473405,0,,,0,,,0,,,0,,,0,,,0,,,0,,,0,,,0,,,0,,,0,,,0,,,0,,,0,,,0,,,0,,,2,0.33479779958724976,0.0017614010929672833,2,0.2507043108344078,0.007441837431432176,2,0.8169025949565787,0.0054350177941728615,2,0.2861164263545878,0.001505284045230217
california_housing,synthetic,ctgan,2,0.5046026719401973,0.046288004590838816,0,,,0,,,0,,,0,,,0,,,0,,,0,,,0,,,0,,,0,,,0,,,0,,,0,,,0,,,0,,,0,,,2,0.5263935923576355,0.02889680656973619,2,0.5046026706695557,0.04628802925818044,2,0.6314724694193921,0.03380561400573921,2,0.44985317611703934,0.024695057849799446
california_housing,synthetic,dnn,2,0.2684992450152257,0.005883608570589123,0,,,0,,,0,,,0,,,0,,,0,,,0,,,0,,,0,,,0,,,0,,,0,,,0,,,0,,,0,,,0,,,2,0.35239194333553314,0.00326109133010617,2,0.2684992402791977,0.00588363683184804,2,0.8039063815222375,0.00429699087056249,2,0.30115228841889585,0.00278691137915543
california_housing,synthetic,rf,2,0.2875055340371391,0.010231836854704475,0,,,0,,,0,,,0,,,0,,,0,,,0,,,0,,,0,,,0,,,0,,,0,,,0,,,0,,,0,,,0,,,2,0.3719298541545868,0.01123171365966815,2,0.2875055521726608,0.010231842899019955,2,0.7900254786827572,0.007472640025480286,2,0.31784928352720887,0.009598563007594676
california_housing,synthetic,tvae,2,0.39092792755411576,0.028099223365793208,0,,,0,,,0,,,0,,,0,,,0,,,0,,,0,,,0,,,0,,,0,,,0,,,0,,,0,,,0,,,0,,,2,0.443989634513855,0.019636090280679995,2,0.3909279555082321,0.028099240681940283,2,0.7144927833801116,0.020521767246330556,2,0.37943119017566435,0.016780898756235993
california_housing,synthetic,tvae_compare_dnn,2,0.34784275766953016,0.09367476461692638,0,,,0,,,0,,,0,,,0,,,0,,,0,,,0,,,0,,,0,,,0,,,0,,,0,,,0,,,0,,,0,,,2,0.3645453006029129,0.012983315610356651,2,0.3478427529335022,0.09367478471019137,2,0.7459592555583637,0.0684136987514106,2,0.3115384831723863,0.011095472757732077
california_housing,synthetic,tvae_compare_rf,2,0.2949418284634287,0.00042539173593775497,0,,,0,,,0,,,0,,,0,,,0,,,0,,,0,,,0,,,0,,,0,,,0,,,0,,,0,,,0,,,0,,,2,0.3763626664876938,0.004213736546997908,2,0.29494182765483856,0.000425367068596198,2,0.7845945139937247,0.00031067762940621566,2,0.32163754146980206,0.0036010369360643724
california_housing,synthetic,tvae_compare_xgb,2,0.2449913995788079,0.00031160970230756423,0,,,0,,,0,,,0,,,0,,,0,,,0,,,0,,,0,,,0,,,0,,,0,,,0,,,0,,,0,,,0,,,2,0.3351283371448517,0.0027640324721929415,2,0.24499138444662094,0.0003116021877531673,2,0.8210749154178154,0.00022757993232176666,2,0.28639890200070495,0.002362127511730475
california_housing,synthetic,tvae_dnn,2,0.3317500908476438,0.05473250827883064,0,,,0,,,0,,,0,,,0,,,0,,,0,,,0,,,0,,,0,,,0,,,0,,,0,,,0,,,0,,,0,,,2,0.35365331172943115,0.0033867521589414007,2,0.3317500799894333,0.0547325086055504,2,0.7577122606158183,0.039972904593636706,2,0.30223024716779934,0.00289430045794691
california_housing,synthetic,tvae_rf,2,0.30262241749338403,0.012556793097343763,0,,,0,,,0,,,0,,,0,,,0,,,0,,,0,,,0,,,0,,,0,,,0,,,0,,,0,,,0,,,0,,,2,0.38317833840847015,0.008046318069487546,2,0.3026224225759506,0.012556789503426403,2,0.778985133125278,0.009170626471534079,2,0.3274621785957985,0.006876340806876049
california_housing,synthetic,tvae_xgb,2,0.25013198790162106,0.004224364413937521,0,,,0,,,0,,,0,,,0,,,0,,,0,,,0,,,0,,,0,,,0,,,0,,,0,,,0,,,0,,,0,,,2,0.3396451026201248,0.00026015142243349343,2,0.2501319795846939,0.004224357552822654,2,0.8173205800218039,0.0030851876156119356,2,0.29025890585395653,0.00022232402778482797
california_housing,synthetic,xgb,2,0.24716796113770137,0.004165084953186867,0,,,0,,,0,,,0,,,0,,,0,,,0,,,0,,,0,,,0,,,0,,,0,,,0,,,0,,,0,,,0,,,2,0.34006042778491974,0.0019270171341908414,2,0.24716796725988388,0.004165088547104208,2,0.8194853019758463,0.0030418958649652255,2,0.2906138405401246,0.001646818636915947
census_kdd,mix,compare_dnn,2,2.4132264132548764,0.06480113964164937,2,0.9452903496797227,0.0011880403758253747,2,0.7798640494993219,0.001203572704691105,2,0.7694065497809879,0.0032428104635887495,0,,,0,,,2,0.5680173158863494,0.005835238892950057,2,0.6001980348909444,0.007121323191292685,0,,,0,,,0,,,2,0.5463289915538821,0.00975356916554764,0,,,0,,,0,,,2,0.5915371329879102,0.0012212552352098656,2,0.9393540811219145,0.0006246917152375953,0,,,0,,,0,,,0,,
census_kdd,mix,compare_rf,2,2.389225033981189,0.3221877904287503,2,0.9453953586054815,0.0032671110335197313,2,0.7774969895198989,0.0216757101616483,2,0.7684650423642125,0.0022033882603385273,0,,,0,,,2,0.5660713488538203,0.006295556289944121,2,0.5917347497129809,0.00027927174023187394,0,,,0,,,0,,,2,0.5498986675638946,0.032261441367961406,0,,,0,,,0,,,2,0.5863557858376511,0.05007146464360696,2,0.9381428408118371,0.0024119244716846954,0,,,0,,,0,,,0,,
census_kdd,mix,compare_xgb,2,2.3043649437722196,0.0632631478175054,2,0.9448178095138087,0.0005197676644236088,2,0.7824392748122264,0.008860859414813868,2,0.7694187996588886,0.0026946312923810797,0,,,0,,,2,0.5683131276460498,0.0057124865778489685,2,0.5996721494288225,0.005728632635812449,0,,,0,,,0,,,2,0.5420179621018311,0.005690853540443007,0,,,0,,,0,,,2,0.5975820379965457,0.019540083763358793,2,0.9374127173184288,0.0014345379585326372,0,,,0,,,0,,,0,,
census_kdd,mix,ctgan,2,0.8614598448713651,0.44428587007550796,2,0.8644334768455318,0.0908850887506389,2,0.8341407946895053,0.04070696033444245,2,0.6842020331337777,0.08797170426842349,0,,,0,,,2,0.4469400140800621,0.11944582395573215,2,0.5904520440194007,0.008753761691017808,0,,,0,,,0,,,2,0.3336916329864993,0.1539189066509199,0,,,0,,,0,,,2,0.7996545768566494,0.19051581669274856,2,0.9355583948174169,0.006097332502312354,0,,,0,,,0,,,0,,
census_kdd,mix,dnn,2,2.501472838959198,0.0702528190062497,2,0.9475480415835347,0.0014107979462925906,2,0.7717779462925716,0.008386503345144883,2,0.7709974468015488,0.0004892748162566254,0,,,0,,,2,0.5699249202036143,0.0017860787171480148,2,0.6018068383597475,0.00022465822467315836,0,,,0,,,0,,,2,0.5687290347727487,0.015787212902034768,0,,,0,,,0,,,2,0.5716753022452504,0.019540083763358793,2,0.9371537658228826,0.002340101992512087,0,,,0,,,0,,,0,,
census_kdd,mix,rf,2,2.579910783210397,0.020315376322529503,2,0.9458153943085162,0.0008910302818690212,2,0.7668172679130325,0.006378819271921616,2,0.7646653799684149,0.000924195056857451,0,,,0,,,2,0.5581934159395849,0.002364108015404835,2,0.5913229516401892,0.0028480091294136615,0,,,0,,,0,,,2,0.5536862696445728,0.009523378605639435,0,,,0,,,0,,,2,0.5630397236614852,0.014655062822519133,2,0.9369988969940771,0.0029258784861446877,0,,,0,,,0,,,0,,
census_kdd,mix,tvae,2,1.9285603391326775,0.45104710164093303,2,0.9321642339598866,0.00816777758379923,2,0.8193162560518568,0.013926870272275895,2,0.7586015780419354,0.010255795141431816,0,,,0,,,2,0.5539240462582565,0.015835467631191348,2,0.5861210997123097,0.0026800429371507707,0,,,0,,,0,,,2,0.464183196258668,0.03977404374743881,0,,,0,,,0,,,2,0.6908462867012091,0.03908016752671762,2,0.9365272905138402,0.0010428596666945747,0,,,0,,,0,,,0,,
census_kdd,mix,tvae_compare_dnn,2,2.6805412862232774,0.4111388072544861,2,0.9470755014176204,0.0019305656107161996,2,0.7739493443757511,0.009251991528103048,2,0.7708798328045613,0.0003489923831491737,0,,,0,,,2,0.5699583935283031,0.0003997564241607583,2,0.5998038436254758,0.004875300112306492,0,,,0,,,0,,,2,0.5639856510630532,0.02023197098967116,0,,,0,,,0,,,2,0.5768566493955094,0.02198259423377864,2,0.9383929578324234,0.0015514884403032788,0,,,0,,,0,,,0,,
census_kdd,mix,tvae_compare_rf,2,2.360397447210819,0.21490315655653952,2,0.9410374881864958,0.0002227575704673338,2,0.7852726792075659,0.004450194543643233,2,0.762353078248329,0.0014456004319004043,0,,,0,,,2,0.5562857499687773,0.0030343685527126326,2,0.5856681826856406,0.001723796203935504,0,,,0,,,0,,,2,0.5127633745904006,0.0017948091442534914,0,,,0,,,0,,,2,0.6079447322970639,0.009770041881679396,2,0.9372764829559321,0.003303970586580305,0,,,0,,,0,,,0,,
census_kdd,mix,tvae_compare_xgb,2,2.598811102113115,0.2640762401099871,2,0.9440302425706185,0.0008910302818690212,2,0.7973654340498237,0.006378819271921616,2,0.7739990410862267,0.0006338033048532572,0,,,0,,,2,0.5779708999934163,0.0017876687337918089,2,0.6057520691252569,0.002851640570462377,0,,,0,,,0,,,2,0.5337645337645338,0.007459276894013769,0,,,0,,,0,,,2,0.6303972366148531,0.014655062822519055,2,0.9364731733202332,0.0026146932579422582,0,,,0,,,0,,,0,,
census_kdd,mix,tvae_dnn,2,2.65913817710227,0.26632716045083665,2,0.9480730862123281,0.0024503332751398084,2,0.7732689449763797,0.009546381765928744,2,0.7729552638945612,0.0015212962874479711,0,,,0,,,2,0.5735590166619515,0.0016603990439571924,2,0.5981779168379405,0.0002919664667532143,0,,,0,,,0,,,2,0.5739276778267604,0.026492282538318736,0,,,0,,,0,,,2,0.57426597582038,0.023203849468988583,2,0.9390574744871949,0.0031113061034762804,0,,,0,,,0,,,0,,
census_kdd,mix,tvae_rf,2,2.536984929639878,0.0872866348525902,2,0.9433476845531871,0.010321100764982685,2,0.7800413183083534,0.029913448124552378,2,0.7656070875351065,0.00973676430256942,0,,,0,,,2,0.5615221314513141,0.013641152958792027,2,0.5855986785085188,0.007273590616090467,0,,,0,,,0,,,2,0.5430925457521202,0.08813847730085257,0,,,0,,,0,,,2,0.5941278065630398,0.07571782458301547,2,0.9391771019677996,0.001103280668660106,0,,,0,,,0,,,0,,
census_kdd,mix,tvae_xgb,2,2.4128673156776386,0.08052940874696987,2,0.9458153943085162,0.0005940201879126284,2,0.7882201110884537,0.0020295312151769472,2,0.774224928853583,0.0022315723042016953,0,,,0,,,2,0.5773979769794211,0.004143492823137001,2,0.5995058341349969,0.00714035504041406,0,,,0,,,0,,,2,0.5490703920536293,0.0045137432066968235,0,,,0,,,0,,,2,0.6088082901554404,0.0036637657056297537,2,0.9391687019752148,0.00026667167647192254,0,,,0,,,0,,,0,,
census_kdd,mix,xgb,2,2.259336429634703,0.31638757643682375,2,0.9436102068675838,0.004306646362366871,2,0.7894691030893435,0.01769570707623929,2,0.7697967873233708,0.0020591706433598462,0,,,0,,,2,0.5697717534607778,0.0016605589373612439,2,0.5994363493367925,0.0016926188023497508,0,,,0,,,0,,,2,0.5337726765359161,0.03522100208501158,0,,,0,,,0,,,2,0.6139896373056994,0.04274393323234749,2,0.9387017782494647,0.00042533654491041313,0,,,0,,,0,,,0,,
census_kdd,original,real,2,1.0412681048252272,0.04892990133384295,2,0.9274913367636249,0.0027473433690960833,2,0.8374237435155919,0.004819479514978733,2,0.7563382173000319,0.003219868712727737,0,,,0,,,2,0.5521253271094138,0.004851075590571875,2,0.611287779031934,0.001526831703220869,0,,,0,,,0,,,2,0.4423182890778965,0.011090945292765645,0,,,0,,,0,,,2,0.7348877374784111,0.013433807587309188,2,0.9360101599358588,0.0012876842012128553,0,,,0,,,0,,,0,,
census_kdd,synthetic,compare_dnn,2,6.1448299063362395,0.9174327456129289,2,0.9411424971122546,0.0017078080402489835,2,0.7675601844985958,0.004801796984459972,2,0.7546704609279749,0.0014255538965183376,0,,,0,,,2,0.5407854640004619,0.0018851014608997376,2,0.5451273367682405,0.02781601239584767,0,,,0,,,0,,,2,0.5147362915389481,0.013374580897497705,0,,,0,,,0,,,2,0.5699481865284974,0.012212552352099244,2,0.8889258359827104,0.02070371716166598,0,,,0,,,0,,,0,,
census_kdd,synthetic,compare_rf,2,9.283392644511869,1.9245699180033211,2,0.9365221043788723,0.0015593029932707086,2,0.7521779635946253,0.02201379468338132,2,0.7375607207348487,0.007715061114583211,0,,,0,,,2,0.5090583222222662,0.016399776662864046,2,0.5253066176454755,0.0048628009394914625,0,,,0,,,0,,,2,0.48099700361827225,0.009284574283727729,0,,,0,,,0,,,2,0.5423143350604491,0.04885020940839709,2,0.8809728774860116,0.014898248821390769,0,,,0,,,0,,,0,,
census_kdd,synthetic,compare_xgb,2,5.312882683951352,0.24243764032269652,2,0.9372046623963037,0.004603656456323263,2,0.7884819591331671,0.010684413044758923,2,0.7558584102101136,0.004779504997817368,0,,,0,,,2,0.5454487000878754,0.006941185798131882,2,0.5673211137268761,0.0031194894979292703,0,,,0,,,0,,,2,0.4885760421693456,0.028597677645894205,0,,,0,,,0,,,2,0.6191709844559585,0.02808887040982836,2,0.9111450715409024,0.0005125885680878089,0,,,0,,,0,,,0,,
census_kdd,synthetic,ctgan,2,1.7587571579606596,1.698218474814128,2,0.9039693373936785,0.043883241382048625,2,0.8010755756022505,0.05544947999709495,2,0.7104815401302448,0.0409809843644494,0,,,0,,,2,0.47416324672750365,0.05597995738174697,2,0.5399688930644311,0.018694290441546767,0,,,0,,,0,,,2,0.38453376336383793,0.12253848377288894,0,,,0,,,0,,,2,0.6839378238341969,0.16853322245896984,2,0.9059549381915029,0.02245258087505689,0,,,0,,,0,,,0,,
census_kdd,synthetic,dnn,2,6.380776393617587,0.4603547752417833,2,0.9449228184395674,0.0034898686039869084,2,0.7558425810493078,0.016417239638038105,2,0.7573610656902863,0.00011715813929015984,0,,,0,,,2,0.544035530111997,0.002219999481132728,2,0.5578101575253817,0.009016269678503793,0,,,0,,,0,,,2,0.5501511442453915,0.03596380600504625,0,,,0,,,0,,,2,0.540587219343696,0.039080167526717585,2,0.8976661730946885,0.004833543612611416,0,,,0,,,0,,,0,,
census_kdd,synthetic,rf,2,8.099797294956788,2.2228019869969184,2,0.9359445552871994,0.0025245857986288672,2,0.7732733380759498,0.006080264422661001,2,0.7465953521548006,0.00226620234988694,0,,,0,,,2,0.5275489395064537,0.0030962274524530408,2,0.5354369967944909,0.0015750123872356459,0,,,0,,,0,,,2,0.47869552845207136,0.015613684132167337,0,,,0,,,0,,,2,0.5880829015544041,0.015876318057729,2,0.8782216385353812,0.01361964483855253,0,,,0,,,0,,,0,,
census_kdd,synthetic,tvae,2,9.691892846397,1.9947732860940675,2,0.9156778326157724,0.004900666550279578,2,0.7750026262045783,0.013381784080531985,2,0.7120865496563169,0.0017560397171624206,0,,,0,,,2,0.46998477855591786,0.0006245610416222296,2,0.4768041373516178,0.008236129736985147,0,,,0,,,0,,,2,0.3809852414386015,0.013960976872511343,0,,,0,,,0,,,2,0.614853195164076,0.03419514658587796,2,0.8695314599998145,0.007464553954700212,0,,,0,,,0,,,0,,
census_kdd,synthetic,tvae_compare_dnn,2,14.964126607944369,0.8268904000797882,2,0.9407749658720992,0.00044551514093447135,2,0.7580764963186791,0.006044899361623637,2,0.7493754991570656,0.001968431085344051,0,,,0,,,2,0.5303566413928671,0.004209678113213919,2,0.5234165586296551,0.017830920560125224,0,,,0,,,0,,,2,0.5121182969215492,0.0037962224784406336,0,,,0,,,0,,,2,0.5500863557858376,0.013433807587309188,2,0.8631757552655401,0.02819366841888723,0,,,0,,,0,,,0,,
census_kdd,synthetic,tvae_compare_rf,2,17.933534553593528,5.140480453853443,2,0.9265462564317968,0.007350999825419267,2,0.7710967744800887,0.015503892559737657,2,0.7282756818504422,0.005901618000814061,0,,,0,,,2,0.4961781560058889,0.007573942815839774,2,0.5029007936300269,0.017045568598146814,0,,,0,,,0,,,2,0.42787150146899644,0.03275740228478084,0,,,0,,,0,,,2,0.5941278065630398,0.04152267799713751,2,0.8623770801085086,0.0221263074644425,0,,,0,,,0,,,0,,
census_kdd,synthetic,tvae_compare_xgb,2,16.06868450513698,1.2393011400804308,2,0.9367846266932689,0.0028215958925852207,2,0.7624134028350651,0.00664200906014471,2,0.7432854819541181,0.008771641713566257,0,,,0,,,2,0.5204089083607155,0.016006068066289226,2,0.5192587724845072,0.009434344649514358,0,,,0,,,0,,,2,0.4831923760495189,0.019522682167343236,0,,,0,,,0,,,2,0.5639032815198619,0.010991297116889261,2,0.8651090570071773,0.0010096110475338164,0,,,0,,,0,,,0,,
census_kdd,synthetic,tvae_dnn,2,18.308454897002388,9.423620177099396,2,0.9387272918198046,0.001113787852336355,2,0.7638514429449331,0.0005492508031789475,2,0.747869050614673,0.002036229729560696,0,,,0,,,2,0.5285035877637274,0.0034521485416143054,2,0.5225955524475128,0.010056491070904727,0,,,0,,,0,,,2,0.49666460607290813,0.007985557699753093,0,,,0,,,0,,,2,0.5647668393782384,0.0024425104704198096,2,0.8693713291066888,0.01720544355633528,0,,,0,,,0,,,0,,
census_kdd,synthetic,tvae_rf,2,29.825966259692883,8.464676032431253,2,0.9238160243620708,0.004677908979812322,2,0.768027977189096,0.01235817720768421,2,0.722095555846325,0.0023143206033984886,0,,,0,,,2,0.48533365198065526,0.0019130612064265004,2,0.4778630031794021,0.03184345026441359,0,,,0,,,0,,,2,0.41269463188932787,0.01827143715532353,0,,,0,,,0,,,2,0.5906735751295337,0.03175263611545815,2,0.8552242933192445,0.019598934501996675,0,,,0,,,0,,,0,,
census_kdd,synthetic,tvae_xgb,2,24.348025431618474,4.095775656044366,2,0.9318492071826106,0.0007425252348908248,2,0.7573629797071627,0.005886780671733871,2,0.7313180156065253,0.0014213172882439618,0,,,0,,,2,0.49919969512195117,0.003287615369845964,2,0.49765724510672316,0.007084134464227872,0,,,0,,,0,,,2,0.45123902123841797,0.003392188153787027,0,,,0,,,0,,,2,0.5587219343696027,0.013433807587309188,2,0.8715494375287725,0.019332262825524516,0,,,0,,,0,,,0,,
census_kdd,synthetic,xgb,2,5.139722017108749,0.1004167940110522,2,0.9377297070250972,0.0011880403758252962,2,0.7831078949116514,0.005772356265751506,2,0.7545124053847898,0.00493187346439748,0,,,0,,,2,0.5424332361880551,0.009229016683687362,2,0.5654328553284105,0.005562839143849618,0,,,0,,,0,,,2,0.4902292992639392,0.007908887178503817,0,,,0,,,0,,,2,0.6070811744386874,0.010991297116889379,2,0.9158858052870134,0.0058540099588032316,0,,,0,,,0,,,0,,
covertype,mix,compare_dnn,2,0.3479777826547623,0.005163949519838314,2,0.8586499999999999,0.0023334523779155463,2,0.7427080077920751,0.028261256506514766,2,0.767159105882065,0.021744850098505356,2,0.8586499999999999,0.0023334523779155463,2,0.8583014981938984,0.0027190978460892557,0,,,0,,,2,0.8054062274476499,0.008799871646212681,2,0.8586499999999999,0.0023334523779155463,2,0.8593606522880313,0.002346130981697697,0,,,2,0.7427080077920751,0.028261256506514766,2,0.8586499999999999,0.0023334523779155463,2,0.8586499999999999,0.0023334523779155463,0,,,0,,,0,,,0,,,0,,,0,,
covertype,mix,compare_rf,2,0.4633882387638092,0.01028700277245472,2,0.82465,0.0013435028842544493,2,0.5352840546039881,0.008088678683135583,2,0.5513736139873795,0.015276640814884758,2,0.82465,0.0013435028842544493,2,0.8142152286625277,0.0006369221775099886,0,,,0,,,2,0.6806089382431716,0.14968507989411703,2,0.82465,0.0013435028842544493,2,0.8186434463755703,0.0117055920865838,0,,,2,0.5352840546039881,0.008088678683135583,2,0.82465,0.0013435028842544493,2,0.82465,0.0013435028842544493,0,,,0,,,0,,,0,,,0,,,0,,
covertype,mix,compare_xgb,2,0.4474170006275177,0.011078373174671944,2,0.81825,0.004030508652763348,2,0.5763091412555348,0.017906641899394716,2,0.606662335560872,0.026011265799545703,2,0.81825,0.004030508652763348,2,0.8106279660669817,0.00801851728582884,0,,,0,,,2,0.8127400363110356,0.022572560591400705,2,0.81825,0.004030508652763348,2,0.8201832838432173,0.0025077062210545867,0,,,2,0.5763091412555348,0.017906641899394716,2,0.81825,0.004030508652763348,2,0.81825,0.004030508652763348,0,,,0,,,0,,,0,,,0,,,0,,
covertype,mix,ctgan,2,0.5936344588518143,0.004643593064179928,2,0.75585,7.071067811864696e-05,2,0.4896270764996866,0.013826687342253546,2,0.49613583129383826,0.003456429800230816,2,0.75585,7.071067811864696e-05,2,0.7438874917954774,0.0026122171680635596,0,,,0,,,2,0.6398465368495476,0.1136655042640387,2,0.75585,7.071067811864696e-05,2,0.7575105821826104,0.004400117143628433,0,,,2,0.4896270764996866,0.013826687342253546,2,0.75585,7.071067811864696e-05,2,0.75585,7.071067811864696e-05,0,,,0,,,0,,,0,,,0,,,0,,
covertype,mix,dnn,2,0.35225252640247345,0.004921358328955788,2,0.8543499999999999,0.001626345596729155,2,0.7521528297204747,0.01014248146977188,2,0.7475794407681456,0.009480295391786471,2,0.8543499999999999,0.001626345596729155,2,0.8544579582574932,0.0016946498922863896,0,,,0,,,2,0.7493597316318106,0.03067648341723218,2,0.8543499999999999,0.001626345596729155,2,0.8561437737919925,0.002685113403006827,0,,,2,0.7521528297204747,0.01014248146977188,2,0.8543499999999999,0.001626345596729155,2,0.8543499999999999,0.001626345596729155,0,,,0,,,0,,,0,,,0,,,0,,
covertype,mix,rf,2,0.45853789010047913,0.02205725092469636,2,0.8189500000000001,0.003040559159102173,2,0.5444016064262225,0.011336498566049564,2,0.5740576807714848,0.020447658334783084,2,0.8189500000000001,0.003040559159102173,2,0.8089671608082054,0.0016751412517198537,0,,,0,,,2,0.8244014237573007,0.05016012991719883,2,0.8189500000000001,0.003040559159102173,2,0.8243353569759264,0.003942804978420142,0,,,2,0.5444016064262225,0.011336498566049564,2,0.8189500000000001,0.003040559159102173,2,0.8189500000000001,0.003040559159102173,0,,,0,,,0,,,0,,,0,,,0,,
covertype,mix,tvae,2,0.5253703554868698,0.03521257099326893,2,0.7858499999999999,0.017465537495307725,2,0.4789854460760502,0.011177978126811552,2,0.48920229294744977,0.014576155774768085,2,0.7858499999999999,0.017465537495307725,2,0.7724047692640462,0.012912055399089436,0,,,0,,,2,0.5514998779555101,0.01576523701357954,2,0.7858499999999999,0.017465537495307725,2,0.775307525076214,0.020889806029798914,0,,,2,0.4789854460760502,0.011177978126811552,2,0.7858499999999999,0.017465537495307725,2,0.7858499999999999,0.017465537495307725,0,,,0,,,0,,,0,,,0,,,0,,
covertype,mix,tvae_compare_dnn,2,0.3464186980247498,0.0033098478497054573,2,0.8599,0.0018384776310849781,2,0.7125910820255906,0.03527142878384222,2,0.7301837464610359,0.02941262500802614,2,0.8599,0.0018384776310849781,2,0.8589238017420672,0.002215781427122955,0,,,0,,,2,0.8036430347316076,0.039329091724429936,2,0.8599,0.0018384776310849781,2,0.8612074998792354,0.0007142653675771134,0,,,2,0.7125910820255906,0.03527142878384222,2,0.8599,0.0018384776310849781,2,0.8599,0.0018384776310849781,0,,,0,,,0,,,0,,,0,,,0,,
covertype,mix,tvae_compare_rf,2,0.4625261820077896,0.023883807977170886,2,0.8267,0.0072124891681027755,2,0.5424889754175569,0.03255589824924959,2,0.5657364174293797,0.03340261706331134,2,0.8267,0.0072124891681027755,2,0.8176099214226699,0.008956005284940664,0,,,0,,,2,0.7214841836943,0.0020162565000706213,2,0.8267,0.0072124891681027755,2,0.8290037256588305,0.006860464059335858,0,,,2,0.5424889754175569,0.03255589824924959,2,0.8267,0.0072124891681027755,2,0.8267,0.0072124891681027755,0,,,0,,,0,,,0,,,0,,,0,,
covertype,mix,tvae_compare_xgb,2,0.47331166779994965,0.005118632756274687,2,0.81965,0.008131727983645342,2,0.5713532874395582,0.009974438546324722,2,0.5958129632191975,0.01800580647677842,2,0.81965,0.008131727983645342,2,0.8116045920316939,0.007796035523285013,0,,,0,,,2,0.7582715512893031,0.06856476207790005,2,0.81965,0.008131727983645342,2,0.8208809343503283,0.007169517082535096,0,,,2,0.5713532874395582,0.009974438546324722,2,0.81965,0.008131727983645342,2,0.81965,0.008131727983645342,0,,,0,,,0,,,0,,,0,,,0,,
covertype,mix,tvae_dnn,2,0.34498792290687563,0.00018311207469492478,2,0.85795,0.0009192388155425676,2,0.7056773653210746,0.017081995661048864,2,0.7315160056258849,0.0004725129363202811,2,0.85795,0.0009192388155425676,2,0.8567427599165887,2.745795449060118e-06,0,,,0,,,2,0.7852801483686704,0.04161221608136314,2,0.85795,0.0009192388155425676,2,0.8591259685234327,0.0003965030440922414,0,,,2,0.7056773653210746,0.017081995661048864,2,0.85795,0.0009192388155425676,2,0.85795,0.0009192388155425676,0,,,0,,,0,,,0,,,0,,,0,,
covertype,mix,tvae_rf,2,0.4771376311302185,0.029146098367747435,2,0.82135,0.0010606601717798615,2,0.5222237698857086,0.002113763650530545,2,0.5425885605389504,0.004966935832451239,2,0.82135,0.0010606601717798615,2,0.8110591897024957,0.001966884917779776,0,,,0,,,2,0.7095009307359037,0.006560194189536335,2,0.82135,0.0010606601717798615,2,0.8231121473585701,0.00019927210728491922,0,,,2,0.5222237698857086,0.002113763650530545,2,0.82135,0.0010606601717798615,2,0.82135,0.0010606601717798615,0,,,0,,,0,,,0,,,0,,,0,,
covertype,mix,tvae_xgb,2,0.477405113863945,0.009919695853667978,2,0.81255,0.003464823227814015,2,0.536767263767731,0.003645023847407647,2,0.5560022345443167,0.013527800811355148,2,0.81255,0.003464823227814015,2,0.8027076742945276,0.003832489006324862,0,,,0,,,2,0.7495240127989458,0.05166270024173803,2,0.81255,0.003464823227814015,2,0.8154100413695647,0.0012474542792145717,0,,,2,0.536767263767731,0.003645023847407647,2,0.81255,0.003464823227814015,2,0.81255,0.003464823227814015,0,,,0,,,0,,,0,,,0,,,0,,
covertype,mix,xgb,2,0.46087392580509184,0.02717481449971799,2,0.82145,0.010394469683442204,2,0.5434950930425815,0.05729289801544151,2,0.578961783023015,0.06611488600311227,2,0.82145,0.010394469683442204,2,0.812331398810996,0.014895773485310673,0,,,0,,,2,0.8269029842974985,0.05023044783232435,2,0.82145,0.010394469683442204,2,0.8252635265887274,0.00844631998331445,0,,,2,0.5434950930425815,0.05729289801544151,2,0.82145,0.010394469683442204,2,0.82145,0.010394469683442204,0,,,0,,,0,,,0,,,0,,,0,,
covertype,original,real,2,0.8534877047538758,0.09007727504363519,2,0.737,0.02446589462905452,2,0.5062948667283478,0.0282423963048986,2,0.5046929760785964,0.03584726176995622,2,0.737,0.02446589462905452,2,0.7275199737096634,0.029678000022461133,0,,,0,,,2,0.6443019685294735,0.00422711543787947,2,0.737,0.02446589462905452,2,0.7612073078407545,0.020580216274146832,0,,,2,0.5062948667283478,0.0282423963048986,2,0.737,0.02446589462905452,2,0.737,0.02446589462905452,0,,,0,,,0,,,0,,,0,,,0,,
covertype,synthetic,compare_dnn,2,0.4835249249458313,0.002041733471709678,2,0.8151,0.004242640687119289,2,0.7149888340762554,0.012421001326202245,2,0.7126315776809435,0.023473395918745827,2,0.8151,0.004242640687119289,2,0.8152314392947699,0.003938771273229215,0,,,0,,,2,0.7114707490882909,0.034354061495448264,2,0.8151,0.004242640687119289,2,0.815719175331314,0.00338147342810883,0,,,2,0.7149888340762554,0.012421001326202245,2,0.8151,0.004242640687119289,2,0.8151,0.004242640687119289,0,,,0,,,0,,,0,,,0,,,0,,
covertype,synthetic,compare_rf,2,0.766955825662613,0.023992067956977534,2,0.7802,0.006081118318204267,2,0.5285256190948087,0.027265989203444994,2,0.5550065681460323,0.020378845682615835,2,0.7802,0.006081118318204267,2,0.769583028397024,0.006395644632762699,0,,,0,,,2,0.6321112670197009,0.010806603582985883,2,0.7802,0.006081118318204267,2,0.7663865754769212,0.0062194501820605165,0,,,2,0.5285256190948087,0.027265989203444994,2,0.7802,0.006081118318204267,2,0.7802,0.006081118318204267,0,,,0,,,0,,,0,,,0,,,0,,
covertype,synthetic,compare_xgb,2,0.6863550734996795,0.05681244819543526,2,0.7641,0.009475230867899793,2,0.5396747283950211,0.06121761739817982,2,0.5512712387521235,0.06573199085327741,2,0.7641,0.009475230867899793,2,0.7558554849661624,0.015099608707485305,0,,,0,,,2,0.6390984945306907,0.009491309983436218,2,0.7641,0.009475230867899793,2,0.7588354554047456,0.01153927914879071,0,,,2,0.5396747283950211,0.06121761739817982,2,0.7641,0.009475230867899793,2,0.7641,0.009475230867899793,0,,,0,,,0,,,0,,,0,,,0,,
covertype,synthetic,ctgan,2,0.7400820157051087,0.020185359946461444,2,0.6857,0.018809040379562134,2,0.457200479356267,0.008268155842047363,2,0.4476094659734436,0.0018134041111438736,2,0.6857,0.018809040379562134,2,0.6713983214124715,0.02104291764175484,0,,,0,,,2,0.4715734602330017,0.023081166355751706,2,0.6857,0.018809040379562134,2,0.6754657731347197,0.011477262818805966,0,,,2,0.457200479356267,0.008268155842047363,2,0.6857,0.018809040379562134,2,0.6857,0.018809040379562134,0,,,0,,,0,,,0,,,0,,,0,,
covertype,synthetic,dnn,2,0.47645041744709016,0.02009294974422335,2,0.80775,0.0014849242404917434,2,0.7065303110894896,0.008005522141483604,2,0.690858356631915,0.0023195594017288482,2,0.80775,0.0014849242404917434,2,0.8078435088016931,0.001051904443221353,0,,,0,,,2,0.6846058280595165,0.00903130058708112,2,0.80775,0.0014849242404917434,2,0.8090723543626464,0.00026880247936233434,0,,,2,0.7065303110894896,0.008005522141483604,2,0.80775,0.0014849242404917434,2,0.80775,0.0014849242404917434,0,,,0,,,0,,,0,,,0,,,0,,
covertype,synthetic,rf,2,0.7241366327285768,0.01645912483570364,2,0.77545,0.017465537495307683,2,0.5236133948676891,0.009067093361032796,2,0.541628690910126,0.02022726008837416,2,0.77545,0.017465537495307683,2,0.7650323709310964,0.01934702815345123,0,,,0,,,2,0.660444819022332,0.10595850739999664,2,0.77545,0.017465537495307683,2,0.7700239213837301,0.027609554146795067,0,,,2,0.5236133948676891,0.009067093361032796,2,0.77545,0.017465537495307683,2,0.77545,0.017465537495307683,0,,,0,,,0,,,0,,,0,,,0,,
covertype,synthetic,tvae,2,0.7279083658218384,0.07796507784317691,2,0.73035,0.020293964620053995,2,0.4238680135549526,0.012098400835711396,2,0.43421133844984044,0.002001802616183188,2,0.73035,0.020293964620053995,2,0.7185072819507824,0.016355674348683732,0,,,0,,,2,0.4744475131601874,0.033152574939767705,2,0.73035,0.020293964620053995,2,0.7156443172188206,0.018057120507299296,0,,,2,0.4238680135549526,0.012098400835711396,2,0.73035,0.020293964620053995,2,0.73035,0.020293964620053995,0,,,0,,,0,,,0,,,0,,,0,,
covertype,synthetic,tvae_compare_dnn,2,0.4797724762678146,0.0050588956339392135,2,0.8160000000000001,0.004808326112068583,2,0.6381508885533272,0.010242635050063181,2,0.6495291277413172,0.016452747245061225,2,0.8160000000000001,0.004808326112068583,2,0.8150079026941339,0.004865972468980992,0,,,0,,,2,0.6955554761305502,0.005756959060472732,2,0.8160000000000001,0.004808326112068583,2,0.8156974909147602,0.0036503269535475605,0,,,2,0.6381508885533272,0.010242635050063181,2,0.8160000000000001,0.004808326112068583,2,0.8160000000000001,0.004808326112068583,0,,,0,,,0,,,0,,,0,,,0,,
covertype,synthetic,tvae_compare_rf,2,0.7599125115394593,0.0842004338010536,2,0.75255,0.02934493141924167,2,0.4686527608310878,0.03714153596966798,2,0.47782270317586406,0.03797256765464268,2,0.75255,0.02934493141924167,2,0.7422009933099503,0.028653406968673252,0,,,0,,,2,0.5346329797950898,0.09124988667731529,2,0.75255,0.02934493141924167,2,0.7402146337216877,0.0356227933677707,0,,,2,0.4686527608310878,0.03714153596966798,2,0.75255,0.02934493141924167,2,0.75255,0.02934493141924167,0,,,0,,,0,,,0,,,0,,,0,,
covertype,synthetic,tvae_compare_xgb,2,0.756103324508667,0.03343340392469505,2,0.74395,0.030334880912902845,2,0.45635708829804744,0.048003220873689134,2,0.46070034632313994,0.04422593412436132,2,0.74395,0.030334880912902845,2,0.7344256581069339,0.029773344618899213,0,,,0,,,2,0.47963667659163706,0.030849992363112425,2,0.74395,0.030334880912902845,2,0.728716488694975,0.027035979387262103,0,,,2,0.45635708829804744,0.048003220873689134,2,0.74395,0.030334880912902845,2,0.74395,0.030334880912902845,0,,,0,,,0,,,0,,,0,,,0,,
covertype,synthetic,tvae_dnn,2,0.5080337015151978,0.007838065129916088,2,0.80785,0.0009192388155424498,2,0.6250309107703698,0.038720883925351494,2,0.6393553222570664,0.02483170748921193,2,0.80785,0.0009192388155424498,2,0.8055761420776176,0.0014260241123234894,0,,,0,,,2,0.697658286861287,0.03776428581348281,2,0.80785,0.0009192388155424498,2,0.8074455647853425,0.0014271764456587502,0,,,2,0.6250309107703698,0.038720883925351494,2,0.80785,0.0009192388155424498,2,0.80785,0.0009192388155424498,0,,,0,,,0,,,0,,,0,,,0,,
covertype,synthetic,tvae_rf,2,0.8356227900981903,0.0157877100963197,2,0.7484,0.009192388155425087,2,0.4571779660342977,0.014039976093178969,2,0.46210654444372595,0.01724376150704186,2,0.7484,0.009192388155425087,2,0.7350153877065128,0.010706667330837558,0,,,0,,,2,0.5060055999456986,0.006404726535584868,2,0.7484,0.009192388155425087,2,0.7320326799019172,0.007941809132123362,0,,,2,0.4571779660342977,0.014039976093178969,2,0.7484,0.009192388155425087,2,0.7484,0.009192388155425087,0,,,0,,,0,,,0,,,0,,,0,,
covertype,synthetic,tvae_xgb,2,0.7590721843719483,0.0031572005960734937,2,0.7408,0.0015556349186103902,2,0.4664956175960575,0.011937423413281367,2,0.45585636419472775,0.0014891223780882266,2,0.7408,0.0015556349186103902,2,0.726759895365535,0.0010291968690132691,0,,,0,,,2,0.47856192196187497,0.009556945175400474,2,0.7408,0.0015556349186103902,2,0.7225726914904684,0.0031624400699713034,0,,,2,0.4664956175960575,0.011937423413281367,2,0.7408,0.0015556349186103902,2,0.7408,0.0015556349186103902,0,,,0,,,0,,,0,,,0,,,0,,
covertype,synthetic,xgb,2,0.7252055058002472,0.04382669693556179,2,0.75705,0.024395183950935873,2,0.48104368476289827,0.057962189331225364,2,0.5048120840584704,0.08023410332876331,2,0.75705,0.024395183950935873,2,0.7459982894870225,0.02731814391529647,0,,,0,,,2,0.6108320321279683,0.1525302238801328,2,0.75705,0.024395183950935873,2,0.7483985262051147,0.03214115035681187,0,,,2,0.48104368476289827,0.057962189331225364,2,0.75705,0.024395183950935873,2,0.75705,0.024395183950935873,0,,,0,,,0,,,0,,,0,,,0,,
mnist12,mix,compare_dnn,2,0.1913732218290189,0.005267721267777413,2,0.9407474931631723,0.002435088682299467,2,0.9408559708854898,0.0023431747136615196,2,0.9410194890843322,0.0024637580444714945,2,0.9407474931631723,0.002435088682299467,2,0.9409075043282815,0.0024512898784050216,0,,,0,,,2,0.9422359558368594,0.0021802533745932736,2,0.9407474931631723,0.002435088682299467,2,0.9421318016446985,0.0020505869165749653,0,,,2,0.9408559708854898,0.0023431747136615196,2,0.9407474931631723,0.002435088682299467,2,0.9407474931631723,0.002435088682299467,0,,,0,,,0,,,0,,,0,,,0,,
mnist12,mix,compare_rf,2,0.21924151726814917,0.004760276404843349,2,0.9294540666464094,0.0007878228089792116,2,0.9292778381164017,0.0007606690206563315,2,0.9296171927066004,0.0007929682345332806,2,0.9294540666464094,0.0007878228089792116,2,0.9295415103929775,0.0007573014911716407,0,,,0,,,2,0.9305334155592975,0.0006648417290770717,2,0.9294540666464094,0.0007878228089792116,2,0.930190868198747,0.0005640900908467566,0,,,2,0.9292778381164017,0.0007606690206563315,2,0.9294540666464094,0.0007878228089792116,2,0.9294540666464094,0.0007878228089792116,0,,,0,,,0,,,0,,,0,,,0,,
mnist12,mix,compare_xgb,2,0.18905842553865315,0.003043048993495234,2,0.9404942773219893,0.0009310633197027582,2,0.940541625618833,0.0008097103422382198,2,0.9408878152023883,0.0008881467768301985,2,0.9404942773219893,0.0009310633197027582,2,0.9407676544257084,0.0009371482437220873,0,,,0,,,2,0.9424001971813001,0.0008035037943593543,2,0.9404942773219893,0.0009310633197027582,2,0.9422190198057303,0.0007713076432063006,0,,,2,0.940541625618833,0.0008097103422382198,2,0.9404942773219893,0.0009310633197027582,2,0.9404942773219893,0.0009310633197027582,0,,,0,,,0,,,0,,,0,,,0,,
mnist12,mix,ctgan,2,0.9116040026176837,0.0729075913493837,2,0.7188291299503697,0.08680374949843965,2,0.7184404937737341,0.08856457577289639,2,0.6975672935418746,0.0981745269185099,2,0.7188291299503697,0.08680374949843965,2,0.6966995461707333,0.09753490824600795,0,,,0,,,2,0.8048985891888856,0.04002095116853557,2,0.7188291299503697,0.08680374949843965,2,0.8034025759197252,0.040872705202078786,0,,,2,0.7184404937737341,0.08856457577289639,2,0.7188291299503697,0.08680374949843965,2,0.7188291299503697,0.08680374949843965,0,,,0,,,0,,,0,,,0,,,0,,
mnist12,mix,dnn,2,0.19944737449395528,0.002915972838652786,2,0.9379114757419225,0.0012891645965115264,2,0.9379708368532413,0.0011953241294236326,2,0.9381765761132688,0.0011849233583432215,2,0.9379114757419225,0.0012891645965115264,2,0.9380372239195411,0.0012272608126032785,0,,,0,,,2,0.9399769095742565,0.0002755546344616186,2,0.9379114757419225,0.0012891645965115264,2,0.939778254693218,0.0002561262224504898,0,,,2,0.9379708368532413,0.0011953241294236326,2,0.9379114757419225,0.0012891645965115264,2,0.9379114757419225,0.0012891645965115264,0,,,0,,,0,,,0,,,0,,,0,,
mnist12,mix,rf,2,0.22624428357008705,0.0009648665436344257,2,0.9294034234781728,0.00014324051072350729,2,0.9290508255535375,0.00010199068573966283,2,0.9295082561177618,1.970969017467836e-05,2,0.9294034234781728,0.00014324051072350729,2,0.9295176959504569,0.00012721630489781856,0,,,0,,,2,0.9307865516079432,0.0002840260074036446,2,0.9294034234781728,0.00014324051072350729,2,0.930426645447268,0.00045543357698473163,0,,,2,0.9290508255535375,0.00010199068573966283,2,0.9294034234781728,0.00014324051072350729,2,0.9294034234781728,0.00014324051072350729,0,,,0,,,0,,,0,,,0,,,0,,
mnist12,mix,tvae,2,0.2088100945292714,0.0009224319627338486,2,0.9435328674161856,7.16202553617144e-05,2,0.9436769273485528,7.443788789799327e-05,2,0.9436478225809407,1.984582569242588e-05,2,0.9435328674161856,7.16202553617144e-05,2,0.9435412759383818,6.252559382691813e-05,0,,,0,,,2,0.9438350759010867,0.00013884801460671014,2,0.9435328674161856,7.16202553617144e-05,2,0.94376746302119,7.471471295651894e-05,0,,,2,0.9436769273485528,7.443788789799327e-05,2,0.9435328674161856,7.16202553617144e-05,2,0.9435328674161856,7.16202553617144e-05,0,,,0,,,0,,,0,,,0,,,0,,
mnist12,mix,tvae_compare_dnn,2,0.16158475491771895,0.0005528769116496658,2,0.9475336777068774,0.0004297215321705219,2,0.9476005922442994,0.00046287056593413445,2,0.9476933686345433,0.00046969172465524456,2,0.9475336777068774,0.0004297215321705219,2,0.9476010496186016,0.0004348707103172026,0,,,0,,,2,0.9480004629020382,0.00046376614633817726,2,0.9475336777068774,0.0004297215321705219,2,0.9478821069574584,0.0004279754265706925,0,,,2,0.9476005922442994,0.00046287056593413445,2,0.9475336777068774,0.0004297215321705219,2,0.9475336777068774,0.0004297215321705219,0,,,0,,,0,,,0,,,0,,,0,,
mnist12,mix,tvae_compare_rf,2,0.18841972885089092,0.00032626194532548813,2,0.9395320571254937,0.000859443064340926,2,0.9394153979162336,0.0008833752093416122,2,0.9395976153633813,0.0008579732819413529,2,0.9395320571254937,0.000859443064340926,2,0.9395293376197266,0.0008389033687467511,0,,,0,,,2,0.9400281774815367,0.0007965633084113153,2,0.9395320571254937,0.000859443064340926,2,0.9397636736416715,0.0007833855718916779,0,,,2,0.9394153979162336,0.0008833752093416122,2,0.9395320571254937,0.000859443064340926,2,0.9395320571254937,0.000859443064340926,0,,,0,,,0,,,0,,,0,,,0,,
mnist12,mix,tvae_compare_xgb,2,0.15735495873727565,0.0038370032863377763,2,0.9486478274080826,0.00014324051072350729,2,0.9486259181188634,9.962690137849284e-05,2,0.9487842288506041,0.00015451649665447392,2,0.9486478274080826,0.00014324051072350729,2,0.9487280123311425,0.00018371610624191636,0,,,0,,,2,0.9492019943465435,0.0003402071204086674,2,0.9486478274080826,0.00014324051072350729,2,0.9490643412562476,0.0003530243747822493,0,,,2,0.9486259181188634,9.962690137849284e-05,2,0.9486478274080826,0.00014324051072350729,2,0.9486478274080826,0.00014324051072350729,0,,,0,,,0,,,0,,,0,,,0,,
mnist12,mix,tvae_dnn,2,0.1663516460234279,0.00017216629669446293,2,0.946419528005672,0.0002864810214468968,2,0.9465433359761986,0.0002737356009679862,2,0.9466018433456553,0.00027567504741403794,2,0.946419528005672,0.0002864810214468968,2,0.9465221582267225,0.000280687124949961,0,,,0,,,2,0.9470686191070888,0.0003767190373545036,2,0.946419528005672,0.0002864810214468968,2,0.9470372267227218,0.00037546520473830764,0,,,2,0.9465433359761986,0.0002737356009679862,2,0.946419528005672,0.0002864810214468968,2,0.946419528005672,0.0002864810214468968,0,,,0,,,0,,,0,,,0,,,0,,
mnist12,mix,tvae_rf,2,0.18951585582025166,0.0013104213465378216,2,0.9396839866302036,0.00193374689476727,2,0.9396692648638891,0.0018396384120120495,2,0.9397626977248001,0.0019059425042924833,2,0.9396839866302036,0.00193374689476727,2,0.9397125736408682,0.0019126630742608338,0,,,0,,,2,0.9401501858980822,0.0020040711841132187,2,0.9396839866302036,0.00193374689476727,2,0.940030390991899,0.001916200476419571,0,,,2,0.9396692648638891,0.0018396384120120495,2,0.9396839866302036,0.00193374689476727,2,0.9396839866302036,0.00193374689476727,0,,,0,,,0,,,0,,,0,,,0,,
mnist12,mix,tvae_xgb,2,0.1591716397213716,0.004553927551908368,2,0.9480401093892434,0.0010026835750645117,2,0.9481028848649904,0.0010367961228362965,2,0.9482193301481852,0.0010375374985415475,2,0.9480401093892434,0.0010026835750645117,2,0.9481255800155541,0.0009995073889922173,0,,,0,,,2,0.9485703528075214,0.0009383999754467081,2,0.9480401093892434,0.0010026835750645117,2,0.9484442820275637,0.0008958569877079156,0,,,2,0.9481028848649904,0.0010367961228362965,2,0.9480401093892434,0.0010026835750645117,2,0.9480401093892434,0.0010026835750645117,0,,,0,,,0,,,0,,,0,,,0,,
mnist12,mix,xgb,2,0.19907807568811686,0.0034589601052117786,2,0.9409500658361187,0.0022918481715759596,2,0.9407931428836183,0.00220455007374368,2,0.9412465077531565,0.002181732993556392,2,0.9409500658361187,0.0022918481715759596,2,0.9411971022934356,0.0022381046045036727,0,,,0,,,2,0.9427598550306349,0.001945839264804434,2,0.9409500658361187,0.0022918481715759596,2,0.9424988792298679,0.0019586888421240893,0,,,2,0.9407931428836183,0.00220455007374368,2,0.9409500658361187,0.0022918481715759596,2,0.9409500658361187,0.0022918481715759596,0,,,0,,,0,,,0,,,0,,,0,,
mnist12,original,real,2,0.13013853661728814,0.0022206773033045316,2,0.95629494581181,0.0005013417875322362,2,0.9563979849783826,0.0004338163673287139,2,0.9565185871892952,0.000402046875973966,2,0.95629494581181,0.0005013417875322362,2,0.9563880756533076,0.000450231277280534,0,,,0,,,2,0.9570197881242068,0.0003058775127462065,2,0.95629494581181,0.0005013417875322362,2,0.9568623363544813,0.0003316745294436064,0,,,2,0.9563979849783826,0.0004338163673287139,2,0.95629494581181,0.0005013417875322362,2,0.95629494581181,0.0005013417875322362,0,,,0,,,0,,,0,,,0,,,0,,
mnist12,synthetic,compare_dnn,2,0.25931893991962773,0.0048074510803888595,2,0.9205408690367669,0.0016472658733202555,2,0.9205345763975942,0.0017069060818352168,2,0.9209529223623654,0.0019025465358651816,2,0.9205408690367669,0.0016472658733202555,2,0.9208871183902188,0.0017866117602645662,0,,,0,,,2,0.9231247671032445,0.0016800462976868243,2,0.9205408690367669,0.0016472658733202555,2,0.9230029190654054,0.0014973869188021035,0,,,2,0.9205345763975942,0.0017069060818352168,2,0.9205408690367669,0.0016472658733202555,2,0.9205408690367669,0.0016472658733202555,0,,,0,,,0,,,0,,,0,,,0,,
mnist12,synthetic,compare_rf,2,0.34370627793137526,0.0010274372093683182,2,0.9004861744150714,0.0010743038304262262,2,0.9002061504505245,0.0010406837998353795,2,0.9008008452127699,0.001096415133509147,2,0.9004861744150714,0.0010743038304262262,2,0.9007931175555454,0.001122120190148776,0,,,0,,,2,0.9023199037597278,0.001003202581867559,2,0.9004861744150714,0.0010743038304262262,2,0.9020063658736865,0.0010244365396614465,0,,,2,0.9002061504505245,0.0010406837998353795,2,0.9004861744150714,0.0010743038304262262,2,0.9004861744150714,0.0010743038304262262,0,,,0,,,0,,,0,,,0,,,0,,
mnist12,synthetic,compare_xgb,2,0.2913509621955118,0.007172592399542472,2,0.9138559708295351,0.0022202279162142455,2,0.9137009198948252,0.0021212439653597944,2,0.9146185280117816,0.0022132493061832997,2,0.9138559708295351,0.0022202279162142455,2,0.9145447086497015,0.0022197421396194196,0,,,0,,,2,0.9180404829098205,0.0021401086700212502,2,0.9138559708295351,0.0022202279162142455,2,0.9177417573603845,0.002044080526602694,0,,,2,0.9137009198948252,0.0021212439653597944,2,0.9138559708295351,0.0022202279162142455,2,0.9138559708295351,0.0022202279162142455,0,,,0,,,0,,,0,,,0,,,0,,
mnist12,synthetic,ctgan,2,1.3298385235044499,0.050254712763505655,2,0.5401600324116276,0.04426131781356089,2,0.5380604621516445,0.0454177431139718,2,0.4838280421219994,0.06627847782645561,2,0.5401600324116276,0.04426131781356089,2,0.4845159892533031,0.06563769985577633,0,,,0,,,2,0.6183679598603499,0.06284164705216048,2,0.5401600324116276,0.04426131781356089,2,0.6176359710163744,0.0650938026909522,0,,,2,0.5380604621516445,0.0454177431139718,2,0.5401600324116276,0.04426131781356089,2,0.5401600324116276,0.04426131781356089,0,,,0,,,0,,,0,,,0,,,0,,
mnist12,synthetic,dnn,2,0.2862731960030369,0.013884441542883975,2,0.9113744555859415,0.008594430643409928,2,0.9113952447105527,0.008136772689721109,2,0.9118006534960992,0.008519520675685361,2,0.9113744555859415,0.008594430643409928,2,0.9116400556173327,0.008809351820010526,0,,,0,,,2,0.9163878342956646,0.005344116302485261,2,0.9113744555859415,0.008594430643409928,2,0.9161406348742578,0.005394268805235891,0,,,2,0.9113952447105527,0.008136772689721109,2,0.9113744555859415,0.008594430643409928,2,0.9113744555859415,0.008594430643409928,0,,,0,,,0,,,0,,,0,,,0,,
mnist12,synthetic,rf,2,0.38408508623647286,0.0017370811191266256,2,0.8882811708700497,0.0005729620428940291,2,0.8876593714422816,0.0005687269796544962,2,0.8884131716671171,0.000842493847351187,2,0.8882811708700497,0.0005729620428940291,2,0.8885325864403231,0.0007945070258340369,0,,,0,,,2,0.891267295186424,0.0005186113128633726,2,0.8882811708700497,0.0005729620428940291,2,0.8908168163956727,0.000426561118511008,0,,,2,0.8876593714422816,0.0005687269796544962,2,0.8882811708700497,0.0005729620428940291,2,0.8882811708700497,0.0005729620428940291,0,,,0,,,0,,,0,,,0,,,0,,
mnist12,synthetic,tvae,2,0.25313708869402474,0.0042477073594010635,2,0.9282892737769675,0.002435088682299467,2,0.9283355880058005,0.0025769074479289503,2,0.928382102230018,0.0024391890736466834,2,0.9282892737769675,0.002435088682299467,2,0.9283392234795158,0.002411427182723583,0,,,0,,,2,0.9287750568546629,0.0022349191783444665,2,0.9282892737769675,0.002435088682299467,2,0.9287359875384926,0.0023276066089385713,0,,,2,0.9283355880058005,0.0025769074479289503,2,0.9282892737769675,0.002435088682299467,2,0.9282892737769675,0.002435088682299467,0,,,0,,,0,,,0,,,0,,,0,,
mnist12,synthetic,tvae_compare_dnn,2,0.1917186306504074,0.0020560855782037262,2,0.940392990985516,0.0002148607660852217,2,0.9404420225433797,0.00018176601714535947,2,0.940531789781869,0.00010273674369268546,2,0.940392990985516,0.0002148607660852217,2,0.9404677472609551,0.00015369749657958813,0,,,0,,,2,0.940880208232986,9.018872935791456e-05,2,0.940392990985516,0.0002148607660852217,2,0.9408019922684119,2.281950158430935e-05,0,,,2,0.9404420225433797,0.00018176601714535947,2,0.940392990985516,0.0002148607660852217,2,0.940392990985516,0.0002148607660852217,0,,,0,,,0,,,0,,,0,,,0,,
mnist12,synthetic,tvae_compare_rf,2,0.23416894557180706,0.0017553059662570314,2,0.9314291502076371,0.0007162025536174972,2,0.9313095517399337,0.0007229622310449417,2,0.9315014286151989,0.000760990949317092,2,0.9314291502076371,0.0007162025536174972,2,0.9314554655344764,0.0007400044816434842,0,,,0,,,2,0.9320399087568263,0.0009022385566885188,2,0.9314291502076371,0.0007162025536174972,2,0.9318154511376622,0.0008640756122172881,0,,,2,0.9313095517399337,0.0007229622310449417,2,0.9314291502076371,0.0007162025536174972,2,0.9314291502076371,0.0007162025536174972,0,,,0,,,0,,,0,,,0,,,0,,
mnist12,synthetic,tvae_compare_xgb,2,0.18489925830327764,0.004579724601392998,2,0.9414058543502482,0.00021486076608518245,2,0.9412528152585946,0.0002549229977693245,2,0.9414523011844744,0.00019339150415995714,2,0.9414058543502482,0.00021486076608518245,2,0.9414413729259504,0.0001976791302651981,0,,,0,,,2,0.9419139736776035,7.13078846483738e-05,2,0.9414058543502482,0.00021486076608518245,2,0.9417272582416129,0.00012249707547208518,0,,,2,0.9412528152585946,0.0002549229977693245,2,0.9414058543502482,0.00021486076608518245,2,0.9414058543502482,0.00021486076608518245,0,,,0,,,0,,,0,,,0,,,0,,
mnist12,synthetic,tvae_dnn,2,0.19775684402456983,0.0017528386125634998,2,0.9380127620783956,0.0017188861286819698,2,0.9380688013646238,0.0017825265083548526,2,0.9381648840594686,0.0017002512124145717,2,0.9380127620783956,0.0017188861286819698,2,0.9381127484504265,0.0016965251484171054,0,,,0,,,2,0.9386566645055453,0.0017187917492501239,2,0.9380127620783956,0.0017188861286819698,2,0.9386091583294609,0.0017788177781706332,0,,,2,0.9380688013646238,0.0017825265083548526,2,0.9380127620783956,0.0017188861286819698,2,0.9380127620783956,0.0017188861286819698,0,,,0,,,0,,,0,,,0,,,0,,
mnist12,synthetic,tvae_rf,2,0.24075055145769392,0.0020596722502523755,2,0.9283905601134408,0.0010026835750645117,2,0.9284188216592602,0.0009400223317518975,2,0.9285415232209476,0.0009650004767208347,2,0.9283905601134408,0.0010026835750645117,2,0.9284356764277598,0.0009706243674663772,0,,,0,,,2,0.9290529370159051,0.0009818687040150866,2,0.9283905601134408,0.0010026835750645117,2,0.9288634385133067,0.0009260642105208376,0,,,2,0.9284188216592602,0.0009400223317518975,2,0.9283905601134408,0.0010026835750645117,2,0.9283905601134408,0.0010026835750645117,0,,,0,,,0,,,0,,,0,,,0,,
mnist12,synthetic,tvae_xgb,2,0.18877318900979956,0.0036262282320332134,2,0.9419629292008508,0.00028648102144701457,2,0.9420435587602723,0.0002240318490570742,2,0.9421511874431783,0.00023595802258984873,2,0.9419629292008508,0.00028648102144701457,2,0.9420658774394997,0.000273904294775949,0,,,0,,,2,0.9425298942598536,0.0003025944393840528,2,0.9419629292008508,0.00028648102144701457,2,0.9424392351813324,0.00031501775225189636,0,,,2,0.9420435587602723,0.0002240318490570742,2,0.9419629292008508,0.00028648102144701457,2,0.9419629292008508,0.00028648102144701457,0,,,0,,,0,,,0,,,0,,,0,,
mnist12,synthetic,xgb,2,0.3215187674088885,0.0025440901741781924,2,0.9028157601539553,0.002793189959108196,2,0.9023787707818057,0.003138538589788009,2,0.9034910762506816,0.0030432771774695187,2,0.9028157601539553,0.002793189959108196,2,0.9035022995237951,0.002900356355936481,0,,,0,,,2,0.9084154832750364,0.0037745809026162314,2,0.9028157601539553,0.002793189959108196,2,0.9079714073520224,0.0038669482656685243,0,,,2,0.9023787707818057,0.003138538589788009,2,0.9028157601539553,0.002793189959108196,2,0.9028157601539553,0.002793189959108196,0,,,0,,,0,,,0,,,0,,,0,,
mnist28,mix,compare_dnn,2,0.12093046299338184,0.02012043105597992,2,0.9636382052061176,0.006875544514727997,2,0.9636094195007587,0.007068638703324018,2,0.9636618940515809,0.006855396848623906,2,0.9636382052061176,0.006875544514727997,2,0.9636292947627383,0.006862754985798614,0,,,0,,,2,0.9639933405743768,0.00636489312744663,2,0.9636382052061176,0.006875544514727997,2,0.9638975316871463,0.006576339372523047,0,,,2,0.9636094195007587,0.007068638703324018,2,0.9636382052061176,0.006875544514727997,2,0.9636382052061176,0.006875544514727997,0,,,0,,,0,,,0,,,0,,,0,,
mnist28,mix,compare_rf,2,0.15616716482677226,0.02018861908062007,2,0.9562443026435734,0.002435088682299467,2,0.956151305382721,0.0026139220361873477,2,0.9562314441299453,0.0024473371730943006,2,0.9562443026435734,0.002435088682299467,2,0.9562091932341432,0.002420354922788055,0,,,0,,,2,0.9566734384942099,0.0022320321500074116,2,0.9562443026435734,0.002435088682299467,2,0.9565334673926051,0.002363480668710823,0,,,2,0.956151305382721,0.0026139220361873477,2,0.9562443026435734,0.002435088682299467,2,0.9562443026435734,0.002435088682299467,0,,,0,,,0,,,0,,,0,,,0,,
mnist28,mix,compare_xgb,2,0.12271287343180386,0.019825049942846052,2,0.964245923224957,0.005729620428939978,2,0.9643068790251677,0.005698213539477433,2,0.964217858441963,0.005710679988809287,2,0.964245923224957,0.005729620428939978,2,0.9642205786291524,0.005740496128397685,0,,,0,,,2,0.9645105506859047,0.005285161331678423,2,0.964245923224957,0.005729620428939978,2,0.9645813690183597,0.005307163573761101,0,,,2,0.9643068790251677,0.005698213539477433,2,0.964245923224957,0.005729620428939978,2,0.964245923224957,0.005729620428939978,0,,,0,,,0,,,0,,,0,,,0,,
mnist28,mix,ctgan,2,0.29777745474656275,0.12203856324579616,2,0.9277321989263648,0.030725089550190352,2,0.9277488991459845,0.03035625642500966,2,0.9279283632747897,0.03041895027562218,2,0.9277321989263648,0.030725089550190352,2,0.9278174534106324,0.030550187455895324,0,,,0,,,2,0.9343000977068718,0.02482363444939361,2,0.9277321989263648,0.030725089550190352,2,0.9341647099550517,0.02464113455513183,0,,,2,0.9277488991459845,0.03035625642500966,2,0.9277321989263648,0.030725089550190352,2,0.9277321989263648,0.030725089550190352,0,,,0,,,0,,,0,,,0,,,0,,
mnist28,mix,dnn,2,0.12268772944136375,0.0006010939212770674,2,0.9637901347108275,0.00035810127680880753,2,0.9638408845645965,0.0005038808623955333,2,0.9637397072948133,0.0003605771507008773,2,0.9637901347108275,0.00035810127680880753,2,0.9637562444100238,0.00037792399249862734,0,,,0,,,2,0.9638573989584024,0.00014061848677541497,2,0.9637901347108275,0.00035810127680880753,2,0.9639389348402793,0.00031801761505237717,0,,,2,0.9638408845645965,0.0005038808623955333,2,0.9637901347108275,0.00035810127680880753,2,0.9637901347108275,0.00035810127680880753,0,,,0,,,0,,,0,,,0,,,0,,
mnist28,mix,rf,2,0.15126349705745054,0.031678147400011625,2,0.9573078091765421,0.0076633673237072085,2,0.9571291345693116,0.0078050050994684554,2,0.9572452367429505,0.007759918786760049,2,0.9573078091765421,0.0076633673237072085,2,0.9572788709505389,0.007708897736131897,0,,,0,,,2,0.9577022880675341,0.007578503676708816,2,0.9573078091765421,0.0076633673237072085,2,0.9575839289733583,0.007625637985625044,0,,,2,0.9571291345693116,0.0078050050994684554,2,0.9573078091765421,0.0076633673237072085,2,0.9573078091765421,0.0076633673237072085,0,,,0,,,0,,,0,,,0,,,0,,
mnist28,mix,tvae,2,0.12574078017674256,0.0011803603384794544,2,0.9645497822343766,0.0004297215321705219,2,0.9645409557104438,0.0002872265371238982,2,0.9646073023235593,0.0004926275801414538,2,0.9645497822343766,0.0004297215321705219,2,0.9645647624683811,0.0004506804380793999,0,,,0,,,2,0.9648393223096855,0.0007877706233058823,2,0.9645497822343766,0.0004297215321705219,2,0.9647432500778739,0.0005565719579844413,0,,,2,0.9645409557104438,0.0002872265371238982,2,0.9645497822343766,0.0004297215321705219,2,0.9645497822343766,0.0004297215321705219,0,,,0,,,0,,,0,,,0,,,0,,
mnist28,mix,tvae_compare_dnn,2,0.11052175593749858,0.005431629933679058,2,0.9666261521320774,0.000501341787532197,2,0.9665562959943366,0.0005275771741759884,2,0.9666628067517904,0.00045266146763175497,2,0.9666261521320774,0.000501341787532197,2,0.9666409476517176,0.00046668606023559815,0,,,0,,,2,0.966824977492044,0.0003717084095549737,2,0.9666261521320774,0.000501341787532197,2,0.9667099054033872,0.0004262721887339208,0,,,2,0.9665562959943366,0.0005275771741759884,2,0.9666261521320774,0.000501341787532197,2,0.9666261521320774,0.000501341787532197,0,,,0,,,0,,,0,,,0,,,0,,
mnist28,mix,tvae_compare_rf,2,0.14699280565510425,0.002077742947408149,2,0.9599412539248455,0.0013607848518732409,2,0.9599231668249103,0.0014204541993102179,2,0.9599987263835541,0.0013957515389299156,2,0.9599412539248455,0.0013607848518732409,2,0.9599801941404054,0.0013651016871742247,0,,,0,,,2,0.9601559349006608,0.0013723931570182877,2,0.9599412539248455,0.0013607848518732409,2,0.9601003079079782,0.0013713780978988684,0,,,2,0.9599231668249103,0.0014204541993102179,2,0.9599412539248455,0.0013607848518732409,2,0.9599412539248455,0.0013607848518732409,0,,,0,,,0,,,0,,,0,,,0,,
mnist28,mix,tvae_compare_xgb,2,0.10063837375803147,0.001260551731573953,2,0.9683480198521219,0.0007878228089792116,2,0.9683312750141642,0.0008303143850153542,2,0.968404616860891,0.0007662043304729136,2,0.9683480198521219,0.0007878228089792116,2,0.9683885733284114,0.0007672719194559142,0,,,0,,,2,0.9686069032273186,0.0006410894808772613,2,0.9683480198521219,0.0007878228089792116,2,0.9685571294245373,0.0006869877756306263,0,,,2,0.9683312750141642,0.0008303143850153542,2,0.9683480198521219,0.0007878228089792116,2,0.9683480198521219,0.0007878228089792116,0,,,0,,,0,,,0,,,0,,,0,,
mnist28,mix,tvae_dnn,2,0.1130360391492432,0.005955799694266774,2,0.967841588169756,0.000358101276808729,2,0.9678848260093543,0.00023410813658632105,2,0.967865154211176,0.0003291290309250537,2,0.967841588169756,0.000358101276808729,2,0.9678305974521376,0.0003460648465109593,0,,,0,,,2,0.9678846711441644,0.00042445423443599964,2,0.967841588169756,0.000358101276808729,2,0.9678578416115988,0.000334529190987401,0,,,2,0.9678848260093543,0.00023410813658632105,2,0.967841588169756,0.000358101276808729,2,0.967841588169756,0.000358101276808729,0,,,0,,,0,,,0,,,0,,,0,,
mnist28,mix,tvae_rf,2,0.14599991741844986,0.005493397840261161,2,0.9599412539248455,0.0007878228089792116,2,0.9599703093286986,0.0008218455520685397,2,0.9600112268737282,0.0007911277210676234,2,0.9599412539248455,0.0007878228089792116,2,0.95997556084819,0.0007569461047435852,0,,,0,,,2,0.960165205795809,0.0007200962628095543,2,0.9599412539248455,0.0007878228089792116,2,0.9601222073815692,0.0006869529520122284,0,,,2,0.9599703093286986,0.0008218455520685397,2,0.9599412539248455,0.0007878228089792116,2,0.9599412539248455,0.0007878228089792116,0,,,0,,,0,,,0,,,0,,,0,,
mnist28,mix,tvae_xgb,2,0.10358665979984356,0.0020565121693686887,2,0.9687025220297781,0.00014324051072350729,2,0.9687279790167955,0.00021023257078745764,2,0.968773956726583,0.00015148838271496936,2,0.9687025220297781,0.00014324051072350729,2,0.9687277312416469,0.00015893756189762703,0,,,0,,,2,0.968910113300135,0.00011883115497642202,2,0.9687025220297781,0.00014324051072350729,2,0.9688425872914169,0.0002031768081735191,0,,,2,0.9687279790167955,0.00021023257078745764,2,0.9687025220297781,0.00014324051072350729,2,0.9687025220297781,0.00014324051072350729,0,,,0,,,0,,,0,,,0,,,0,,
mnist28,mix,xgb,2,0.12943965403381408,0.01228393406547195,2,0.9619669806543096,0.002506708937661181,2,0.9619881829992736,0.002609118854576659,2,0.961900094759226,0.002549799078865149,2,0.9619669806543096,0.002506708937661181,2,0.9619318677267856,0.0025233722192146675,0,,,0,,,2,0.9620235246902005,0.0024435821685657353,2,0.9619669806543096,0.002506708937661181,2,0.9621098200219301,0.002493040807027421,0,,,2,0.9619881829992736,0.002609118854576659,2,0.9619669806543096,0.002506708937661181,2,0.9619669806543096,0.002506708937661181,0,,,0,,,0,,,0,,,0,,,0,,
mnist28,original,real,2,0.07857299774845936,0.0029033881324800875,2,0.979742732705358,0.00014324051072350729,2,0.9796857579340559,0.00016463879512868828,2,0.9797464518804035,0.00015768550698627357,2,0.979742732705358,0.00014324051072350729,2,0.9797514780480745,0.0001486568320042027,0,,,0,,,2,0.9798613585098095,0.00015245271314641244,2,0.979742732705358,0.00014324051072350729,2,0.9798140845810275,0.0001563492832386375,0,,,2,0.9796857579340559,0.00016463879512868828,2,0.979742732705358,0.00014324051072350729,2,0.979742732705358,0.00014324051072350729,0,,,0,,,0,,,0,,,0,,,0,,
mnist28,synthetic,compare_dnn,2,0.2697129584181023,0.05907696468537097,2,0.9196799351767446,0.015183494136690793,2,0.9190802402852019,0.015780058976964016,2,0.9193378797652965,0.01545784775159235,2,0.9196799351767446,0.015183494136690793,2,0.9195988662335379,0.01522284397049197,0,,,0,,,2,0.9214919967616342,0.013641160309077345,2,0.9196799351767446,0.015183494136690793,2,0.921373449473246,0.013824398647998323,0,,,2,0.9190802402852019,0.015780058976964016,2,0.9196799351767446,0.015183494136690793,2,0.9196799351767446,0.015183494136690793,0,,,0,,,0,,,0,,,0,,,0,,
mnist28,synthetic,compare_rf,2,0.44222866653623305,0.06368443064725327,2,0.8738478679226173,0.014968633370605491,2,0.8727947453669911,0.016492499003612056,2,0.8732840876022725,0.016576485447558877,2,0.8738478679226173,0.014968633370605491,2,0.8739198586910462,0.0157714115010535,0,,,0,,,2,0.8802484151905458,0.012714275115384584,2,0.8738478679226173,0.014968633370605491,2,0.8802647602707989,0.01293137358533779,0,,,2,0.8727947453669911,0.016492499003612056,2,0.8738478679226173,0.014968633370605491,2,0.8738478679226173,0.014968633370605491,0,,,0,,,0,,,0,,,0,,,0,,
mnist28,synthetic,compare_xgb,2,0.3832825622931206,0.06438452736733816,2,0.8845335764205409,0.013751089029455758,2,0.8839558474830254,0.014695013188284551,2,0.8847803236546108,0.014246095912268145,2,0.8845335764205409,0.013751089029455758,2,0.8851534564698047,0.013744374771187102,0,,,0,,,2,0.8901257025279004,0.012853507185686753,2,0.8845335764205409,0.013751089029455758,2,0.8902977271166499,0.012863001947802653,0,,,2,0.8839558474830254,0.014695013188284551,2,0.8845335764205409,0.013751089029455758,2,0.8845335764205409,0.013751089029455758,0,,,0,,,0,,,0,,,0,,,0,,
mnist28,synthetic,ctgan,2,1.2488068316852892,0.21380507336055016,2,0.5725716600830548,0.07491478710838945,2,0.5707157102028213,0.07401117166199982,2,0.5462858524335646,0.1061664069525132,2,0.5725716600830548,0.07491478710838945,2,0.5465815602601838,0.10762280858369412,0,,,0,,,2,0.657224785196717,0.0002970079714607772,2,0.5725716600830548,0.07491478710838945,2,0.6573548386366557,0.0008056633634486322,0,,,2,0.5707157102028213,0.07401117166199982,2,0.5725716600830548,0.07491478710838945,2,0.5725716600830548,0.07491478710838945,0,,,0,,,0,,,0,,,0,,,0,,
mnist28,synthetic,dnn,2,0.2655208358663949,0.023870969265103233,2,0.9195280056720349,0.0013607848518732409,2,0.9194459692912622,0.001789810869288896,2,0.9194173333365847,0.0017581689948392685,2,0.9195280056720349,0.0013607848518732409,2,0.919626203018533,0.0017641627585153704,0,,,0,,,2,0.9204452453553866,0.0016872910512506544,2,0.9195280056720349,0.0013607848518732409,2,0.9207687824178222,0.0021238702282799326,0,,,2,0.9194459692912622,0.001789810869288896,2,0.9195280056720349,0.0013607848518732409,2,0.9195280056720349,0.0013607848518732409,0,,,0,,,0,,,0,,,0,,,0,,
mnist28,synthetic,rf,2,0.434983465992232,0.048913407064001,2,0.8795199027651169,0.00594448119502516,2,0.8791757016700037,0.006024301703589725,2,0.8796700314630566,0.006146967068301459,2,0.8795199027651169,0.00594448119502516,2,0.8798487332283594,0.006005011142802317,0,,,0,,,2,0.8828543014251058,0.006443046028225593,2,0.8795199027651169,0.00594448119502516,2,0.8828380101756226,0.006233698812445824,0,,,2,0.8791757016700037,0.006024301703589725,2,0.8795199027651169,0.00594448119502516,2,0.8795199027651169,0.00594448119502516,0,,,0,,,0,,,0,,,0,,,0,,
mnist28,synthetic,tvae,2,0.1946843144914293,0.0011784060788035933,2,0.9420135723690874,0.0009310633197027189,2,0.942026969882959,0.0010238423257556972,2,0.9422090416327483,0.0007417590042068988,2,0.9420135723690874,0.0009310633197027189,2,0.9421398217185926,0.0008104781745086968,0,,,0,,,2,0.9429126909412111,0.00017327862693479102,2,0.9420135723690874,0.0009310633197027189,2,0.9427860552501375,0.00041195651505395017,0,,,2,0.942026969882959,0.0010238423257556972,2,0.9420135723690874,0.0009310633197027189,2,0.9420135723690874,0.0009310633197027189,0,,,0,,,0,,,0,,,0,,,0,,
mnist28,synthetic,tvae_compare_dnn,2,0.13704976634777366,0.006194631534871073,2,0.95897903372835,0.0007162025536175366,2,0.9589841832554029,0.0007206943317342706,2,0.9590301435919739,0.000632820133201226,2,0.95897903372835,0.0007162025536175366,2,0.9590102102727345,0.0006609062505892578,0,,,0,,,2,0.9591774772605897,0.0005526050063888468,2,0.95897903372835,0.0007162025536175366,2,0.9591429438216399,0.0006141550556457543,0,,,2,0.9589841832554029,0.0007206943317342706,2,0.95897903372835,0.0007162025536175366,2,0.95897903372835,0.0007162025536175366,0,,,0,,,0,,,0,,,0,,,0,,
mnist28,synthetic,tvae_compare_rf,2,0.20603482376764842,0.001494366852821131,2,0.9460650258280159,0.00035810127680880753,2,0.9459808156511647,0.0005433922929592538,2,0.9461395266386945,0.000386263114173501,2,0.9460650258280159,0.00035810127680880753,2,0.9461392263460753,0.0003401044074933645,0,,,0,,,2,0.9465321851932185,0.00014153917382185474,2,0.9460650258280159,0.00035810127680880753,2,0.9464410704678333,0.0002433443516339643,0,,,2,0.9459808156511647,0.0005433922929592538,2,0.9460650258280159,0.00035810127680880753,2,0.9460650258280159,0.00035810127680880753,0,,,0,,,0,,,0,,,0,,,0,,
mnist28,synthetic,tvae_compare_xgb,2,0.1334826199600644,0.0007325612917200931,2,0.9588271042236403,0.0010743038304262262,2,0.9587323578496381,0.0011394691889335402,2,0.9589047247975359,0.0010660164184115475,2,0.9588271042236403,0.0010743038304262262,2,0.9588997459726634,0.0010662436122755871,0,,,0,,,2,0.9593103540800695,0.0008955784451970026,2,0.9588271042236403,0.0010743038304262262,2,0.9592005664057659,0.0009661076136526433,0,,,2,0.9587323578496381,0.0011394691889335402,2,0.9588271042236403,0.0010743038304262262,2,0.9588271042236403,0.0010743038304262262,0,,,0,,,0,,,0,,,0,,,0,,
mnist28,synthetic,tvae_dnn,2,0.13916546999985574,0.006944049508385814,2,0.9595361085789527,0.0016472658733202162,2,0.9595689501965381,0.0014244326187545999,2,0.9596024734415056,0.0016177967356907255,2,0.9595361085789527,0.0016472658733202162,2,0.9595491136404962,0.0016259167863440028,0,,,0,,,2,0.9597207188008805,0.0018075427913457026,2,0.9595361085789527,0.0016472658733202162,2,0.95964326866343,0.001597254018605638,0,,,2,0.9595689501965381,0.0014244326187545999,2,0.9595361085789527,0.0016472658733202162,2,0.9595361085789527,0.0016472658733202162,0,,,0,,,0,,,0,,,0,,,0,,
mnist28,synthetic,tvae_rf,2,0.2015731197703661,0.0061909669532651595,2,0.9454573078091766,0.0019337468947671522,2,0.9454219033864604,0.002093555199754747,2,0.9455686029795589,0.0019730364637030114,2,0.9454573078091766,0.0019337468947671522,2,0.9455357047032469,0.0018953906280127061,0,,,0,,,2,0.9459606436022842,0.0016792720399273415,2,0.9454573078091766,0.0019337468947671522,2,0.9458546482476546,0.0016895429969179146,0,,,2,0.9454219033864604,0.002093555199754747,2,0.9454573078091766,0.0019337468947671522,2,0.9454573078091766,0.0019337468947671522,0,,,0,,,0,,,0,,,0,,,0,,
mnist28,synthetic,tvae_xgb,2,0.13472797015505844,0.0026480777684425656,2,0.9589283905601134,7.16202553617144e-05,2,0.9588513098774913,7.802565830662746e-05,2,0.9589685424541793,4.908181400450634e-05,2,0.9589283905601134,7.16202553617144e-05,2,0.958981488037059,8.281839817917815e-05,0,,,0,,,2,0.9592721329329061,9.393400835865634e-05,2,0.9589283905601134,7.16202553617144e-05,2,0.9592192545459985,0.00016982767877463364,0,,,2,0.9588513098774913,7.802565830662746e-05,2,0.9589283905601134,7.16202553617144e-05,2,0.9589283905601134,7.16202553617144e-05,0,,,0,,,0,,,0,,,0,,,0,,
mnist28,synthetic,xgb,2,0.36556950625370643,0.019594824691053562,2,0.8882811708700495,0.0038674937895344223,2,0.88830745710175,0.004184325385558239,2,0.8885765164343964,0.004219275926774679,2,0.8882811708700495,0.0038674937895344223,2,0.8886910696488461,0.0039659179148319335,0,,,0,,,2,0.8913244335869938,0.004914267315754353,2,0.8882811708700495,0.0038674937895344223,2,0.8916085147552562,0.0047408706964354695,0,,,2,0.88830745710175,0.004184325385558239,2,0.8882811708700495,0.0038674937895344223,2,0.8882811708700495,0.0038674937895344223,0,,,0,,,0,,,0,,,0,,,0,,
news,mix,compare_dnn,2,89859858.41361175,58659.15811003551,0,,,0,,,0,,,0,,,0,,,0,,,0,,,0,,,0,,,0,,,0,,,0,,,0,,,0,,,0,,,0,,,2,2398.4318792610557,1.3455808703386087,2,89859858.41361172,58659.15811005659,2,0.0012778547572138699,0.0006519507292805996,2,0.252852273551945,0.0001418565126885998
news,mix,compare_rf,2,90183529.61839443,63165.705865157695,0,,,0,,,0,,,0,,,0,,,0,,,0,,,0,,,0,,,0,,,0,,,0,,,0,,,0,,,0,,,0,,,2,2415.76515072039,0.6018933323627331,2,90183529.61839443,63165.70586513135,2,-0.0023194978950236145,0.0007020374879406204,2,0.25467961629804625,6.345400044067387e-05
news,mix,compare_xgb,2,90158972.66384107,296753.2919521361,0,,,0,,,0,,,0,,,0,,,0,,,0,,,0,,,0,,,0,,,0,,,0,,,0,,,0,,,0,,,0,,,2,2417.6773329061407,13.314681264868618,2,90158972.66384108,296753.2919521519,2,-0.00204656652427454,0.003298181074158258,2,0.25488120618571136,0.0014036869083305938
news,mix,ctgan,2,91529486.09304169,1151492.074556551,0,,,0,,,0,,,0,,,0,,,0,,,0,,,0,,,0,,,0,,,0,,,0,,,0,,,0,,,0,,,0,,,2,2380.362741061296,14.454877283900686,2,91529486.09304167,1151492.0745565456,2,-0.017278752911604967,0.012797935087297749,2,0.2509473527933279,0.001523890929216105
news,mix,dnn,2,90019934.11876829,79294.44837421764,0,,,0,,,0,,,0,,,0,,,0,,,0,,,0,,,0,,,0,,,0,,,0,,,0,,,0,,,0,,,0,,,2,2389.3971786294505,7.5733600904279745,2,90019934.1187683,79294.4483742229,2,-0.0005012616856293062,0.0008812958642961593,2,0.25189979930603634,0.0007984138861105775
news,mix,rf,2,90154378.12660469,1635.1566554984638,0,,,0,,,0,,,0,,,0,,,0,,,0,,,0,,,0,,,0,,,0,,,0,,,0,,,0,,,0,,,0,,,2,2419.428003870711,0.04971020365736479,2,90154378.1266047,1635.1566555142688,2,-0.0019955018312500794,1.817348915998006e-05,2,0.2550657689149932,5.24064832618375e-06
news,mix,tvae,2,91941914.83479992,34402.758398926824,0,,,0,,,0,,,0,,,0,,,0,,,0,,,0,,,0,,,0,,,0,,,0,,,0,,,0,,,0,,,0,,,2,2351.1413535584506,0.6574797824694897,2,91941914.83479992,34402.75839893736,2,-0.021862576267220213,0.0003823597908682449,2,0.24786671734550633,6.931414615080807e-05
news,mix,tvae_compare_dnn,2,89929521.29665321,223118.71745659565,0,,,0,,,0,,,0,,,0,,,0,,,0,,,0,,,0,,,0,,,0,,,0,,,0,,,0,,,0,,,0,,,2,2411.901567811068,15.715716304999145,2,89929521.29665318,223118.71745655878,2,0.000503606219288133,0.0024797902876318814,2,0.2542723019477303,0.0016568136175044786
news,mix,tvae_compare_rf,2,90109630.02383864,199519.98978693172,0,,,0,,,0,,,0,,,0,,,0,,,0,,,0,,,0,,,0,,,0,,,0,,,0,,,0,,,0,,,0,,,2,2425.640802254351,4.926741083248944,2,90109630.02383864,199519.9897869739,2,-0.0014981616175102075,0.002217508860315397,2,0.2557207469487689,0.0005193967337045873
news,mix,tvae_compare_xgb,2,90062827.60156193,103697.88684461382,0,,,0,,,0,,,0,,,0,,,0,,,0,,,0,,,0,,,0,,,0,,,0,,,0,,,0,,,0,,,0,,,2,2411.83562642757,13.296679773690744,2,90062827.60156192,103697.8868446507,2,-0.000977989246843558,0.0011525210236802796,2,0.2542653501435607,0.0014017891191913348
news,mix,tvae_dnn,2,89848214.39899024,286103.1473599521,0,,,0,,,0,,,0,,,0,,,0,,,0,,,0,,,0,,,0,,,0,,,0,,,0,,,0,,,0,,,0,,,2,2416.569748522782,36.41359172464461,2,89848214.39899024,286103.14735997317,2,0.0014072688856947013,0.0031798130348353756,2,0.25476444021378425,0.003838866359050106
news,mix,tvae_rf,2,89921649.98614895,173268.16339700628,0,,,0,,,0,,,0,,,0,,,0,,,0,,,0,,,0,,,0,,,0,,,0,,,0,,,0,,,0,,,0,,,2,2434.443211467832,12.703932347451968,2,89921649.98614895,173268.16339701682,2,0.0005910896880073624,0.0019257403128062577,2,0.256648732105074,0.0013392993167239816
news,mix,tvae_xgb,2,90037512.840653,68596.59379774317,0,,,0,,,0,,,0,,,0,,,0,,,0,,,0,,,0,,,0,,,0,,,0,,,0,,,0,,,0,,,0,,,2,2418.1662511749632,34.772999078045025,2,90037512.840653,68596.59379775371,2,-0.0006966354503030736,0.000762397565759795,2,0.25493274990347203,0.0036659085259541273
news,mix,xgb,2,89764702.53481913,34946.646004592025,0,,,0,,,0,,,0,,,0,,,0,,,0,,,0,,,0,,,0,,,0,,,0,,,0,,,0,,,0,,,0,,,2,2439.9029732377385,29.988673484870404,2,89764702.53481916,34946.64600458149,2,0.0023354380327490487,0.0003884046768256126,2,0.2572243220096737,0.0031615258023473857
news,original,real,2,92585576.0376306,4303144.328106068,0,,,0,,,0,,,0,,,0,,,0,,,0,,,0,,,0,,,0,,,0,,,0,,,0,,,0,,,0,,,0,,,2,2547.560070546823,142.09259493044468,2,92585576.03763057,4303144.328106111,2,-0.02901636783388034,0.04782608842842857,2,0.26857396343746853,0.014979969201430032
news,synthetic,compare_dnn,2,89886942.61208288,108435.17662187183,0,,,0,,,0,,,0,,,0,,,0,,,0,,,0,,,0,,,0,,,0,,,0,,,0,,,0,,,0,,,0,,,2,2419.5476444019096,7.6029404342283256,2,89886942.61208287,108435.1766218771,2,0.000976835044109503,0.0012051722997059636,2,0.255078381897911,0.0008015323641657647
news,synthetic,compare_rf,2,90235953.11497995,264585.0691788773,0,,,0,,,0,,,0,,,0,,,0,,,0,,,0,,,0,,,0,,,0,,,0,,,0,,,0,,,0,,,0,,,2,2453.6204242874155,7.385679051444123,2,90235953.11497995,264585.06917889835,2,-0.002902144116543659,0.0029406564015853824,2,0.2586704705183055,0.0007786278009521727
news,synthetic,compare_xgb,2,90574554.91518095,829298.1635125071,0,,,0,,,0,,,0,,,0,,,0,,,0,,,0,,,0,,,0,,,0,,,0,,,0,,,0,,,0,,,0,,,2,2421.649177688649,29.84293070834814,2,90574554.91518095,829298.1635124808,2,-0.006665438675981683,0.009217001401191012,2,0.2552999339353451,0.003146161016415359
news,synthetic,ctgan,2,91726716.63793509,687426.7637060923,0,,,0,,,0,,,0,,,0,,,0,,,0,,,0,,,0,,,0,,,0,,,0,,,0,,,0,,,0,,,0,,,2,2402.4809065983854,15.972872283884541,2,91726716.6379351,687426.7637060975,2,-0.019470816379997147,0.007640211594656377,2,0.2532791381949522,0.0016839240284695187
news,synthetic,dnn,2,89816539.64511812,16466.136236617138,0,,,0,,,0,,,0,,,0,,,0,,,0,,,0,,,0,,,0,,,0,,,0,,,0,,,0,,,0,,,0,,,2,2421.047060075519,3.18459429130738,2,89816539.64511812,16466.136236601335,2,0.0017593090368330233,0.00018300824413036406,2,0.25523645629032954,0.0003357326567664493
news,synthetic,rf,2,90006308.27935424,31698.430488816575,0,,,0,,,0,,,0,,,0,,,0,,,0,,,0,,,0,,,0,,,0,,,0,,,0,,,0,,,0,,,0,,,2,2440.407840887077,4.311859675561819,2,90006308.27935427,31698.430488763894,2,-0.00034982112239501095,0.0003523032982408136,2,0.2572775471748668,0.0004545734784590546
news,synthetic,tvae,2,92442962.26589991,158370.9104290082,0,,,0,,,0,,,0,,,0,,,0,,,0,,,0,,,0,,,0,,,0,,,0,,,0,,,0,,,0,,,0,,,2,2427.0385907701757,1.439157979226554,2,92442962.26589993,158370.9104290082,2,-0.027431327143204065,0.0017601689809001366,2,0.2558681074000817,0.000151721785469266
news,synthetic,tvae_compare_dnn,2,89252015.07531816,587653.1915852245,0,,,0,,,0,,,0,,,0,,,0,,,0,,,0,,,0,,,0,,,0,,,0,,,0,,,0,,,0,,,0,,,2,2507.797269134079,4.42258017489759,2,89252015.07531816,587653.1915852034,2,0.008033558733486101,0.0065313062642199295,2,0.26438201000867056,0.00046624607597079576
news,synthetic,tvae_compare_rf,2,89948713.30037713,170916.95849681602,0,,,0,,,0,,,0,,,0,,,0,,,0,,,0,,,0,,,0,,,0,,,0,,,0,,,0,,,0,,,0,,,2,2454.1237969358353,2.470714691145203,2,89948713.30037713,170916.95849677915,2,0.00029030208695274284,0.0018996085066435833,2,0.2587235380745273,0.0002604726164441653
news,synthetic,tvae_compare_xgb,2,90178203.68055958,301872.6009918635,0,,,0,,,0,,,0,,,0,,,0,,,0,,,0,,,0,,,0,,,0,,,0,,,0,,,0,,,0,,,0,,,2,2464.955761447809,1.2080921144838548,2,90178203.6805596,301872.60099186876,2,-0.0022603042555752184,0.003355078195927218,2,0.2598654870611003,0.00012736189860080267
news,synthetic,tvae_dnn,2,89059566.56351529,145609.26995280225,0,,,0,,,0,,,0,,,0,,,0,,,0,,,0,,,0,,,0,,,0,,,0,,,0,,,0,,,0,,,0,,,2,2489.6570247821546,32.674390162416806,2,89059566.56351528,145609.26995280225,2,0.010172473638869917,0.001618333313915627,2,0.262469592955331,0.0034446647874092668
news,synthetic,tvae_rf,2,89738581.50297959,92960.64499848532,0,,,0,,,0,,,0,,,0,,,0,,,0,,,0,,,0,,,0,,,0,,,0,,,0,,,0,,,0,,,0,,,2,2445.371876765951,6.66305433343953,2,89738581.50297958,92960.64499850113,2,0.0026257529009817704,0.0010331849664030768,2,0.25780087567496723,0.0007024458153588676
news,synthetic,tvae_xgb,2,89798571.9134866,215504.33543304107,0,,,0,,,0,,,0,,,0,,,0,,,0,,,0,,,0,,,0,,,0,,,0,,,0,,,0,,,0,,,0,,,2,2516.83632629581,44.06612909753024,2,89798571.9134866,215504.33543304107,2,0.0019590063410240832,0.0023951623783129653,2,0.26533494353739506,0.004645627430693159
news,synthetic,xgb,2,89978762.87623985,54920.136637555166,0,,,0,,,0,,,0,,,0,,,0,,,0,,,0,,,0,,,0,,,0,,,0,,,0,,,0,,,0,,,0,,,2,2464.32680952426,9.510430919563218,2,89978762.87623984,54920.13663757097,2,-4.36754798835981e-05,0.0006103944258094364,2,0.25979918043584266,0.0010026276340235893
