=====Setting up data=====
Dataset name:mnist28
train_option:mix
augment_option:ctgan
mix_ratio:-1
n_sample:-1
Training dataset size: 154112 samples
Validation dataset size: 6144 samples

=====Setting up parameters for training=====
num_epochs: 100
learning_rate: 0.001
patience: 30
early_stop_criterion: loss
=====Setting up trainer=====
input_size: 784
model: DNN_MNIST28
----------------------------------------------------------------
        Layer (type)               Output Shape         Param #
================================================================
           Dropout-1                  [-1, 784]               0
            Linear-2                  [-1, 512]         401,920
         LeakyReLU-3                  [-1, 512]               0
       BatchNorm1d-4                  [-1, 512]           1,024
           Dropout-5                  [-1, 512]               0
            Linear-6                 [-1, 1024]         525,312
         LeakyReLU-7                 [-1, 1024]               0
       BatchNorm1d-8                 [-1, 1024]           2,048
           Dropout-9                 [-1, 1024]               0
           Linear-10                  [-1, 256]         262,400
        LeakyReLU-11                  [-1, 256]               0
      BatchNorm1d-12                  [-1, 256]             512
          Dropout-13                  [-1, 256]               0
           Linear-14                  [-1, 128]          32,896
        LeakyReLU-15                  [-1, 128]               0
      BatchNorm1d-16                  [-1, 128]             256
          Dropout-17                  [-1, 128]               0
           Linear-18                   [-1, 10]           1,290
================================================================
Total params: 1,227,658
Trainable params: 1,227,658
Non-trainable params: 0
----------------------------------------------------------------
Input size (MB): 0.00
Forward/backward pass size (MB): 0.06
Params size (MB): 4.68
Estimated Total Size (MB): 4.75
----------------------------------------------------------------
=====Setting up output files=====
weight_dir, weight_file: /home/thuy/Research/minh_data_synth/TabularDA/.cache/mnist_head_fixed_runtime_20261009/output/mnist_head_fixed_20261009/mnist28/weight/, mnist28_seed42_ctgan_full_generated_mix.weights.pth
acc_dir, acc_file: /home/thuy/Research/minh_data_synth/TabularDA/.cache/mnist_head_fixed_runtime_20261009/output/mnist_head_fixed_20261009/mnist28/acc/, mnist28_seed42_ctgan_full_generated_mix.epochs.csv
report_file: mnist28_seed42_ctgan_full_generated_mix.report.txt
==========================================================================================
Start training...
-----------------------
Epoch 1/100
Training statistic: Loss: 1.4194, train_score: {'accuracy': 0.49434111646138074, 'balanced_accuracy': 0.39445851395596115, 'f1_macro': 0.37616773767498374, 'f1_micro': 0.49434111646138074, 'f1_weighted': 0.4442634791081378, 'precision_macro': 0.6374844715949983, 'precision_micro': 0.49434111646138074, 'precision_weighted': 0.5759172228265285, 'recall_macro': 0.39445851395596115, 'recall_micro': 0.49434111646138074, 'recall_weighted': 0.49434111646138074}
Validation statistic: Loss: 1.2369, dev_score: {'accuracy': 0.5355544505221282, 'balanced_accuracy': 0.5312098423520313, 'f1_macro': 0.46206595218971136, 'f1_micro': 0.5355544505221282, 'f1_weighted': 0.46493280319173025, 'precision_macro': 0.7308970191639882, 'precision_micro': 0.5355544505221282, 'precision_weighted': 0.7327169501583661, 'recall_macro': 0.5312098423520313, 'recall_micro': 0.5355544505221282, 'recall_weighted': 0.5355544505221282}
Saving model...
Model saved!
-------------------------------------------
-----------------------
Epoch 2/100
Training statistic: Loss: 1.3850, train_score: {'accuracy': 0.5097408075590224, 'balanced_accuracy': 0.41431255981081827, 'f1_macro': 0.4004503567557724, 'f1_micro': 0.5097408075590224, 'f1_weighted': 0.4643341652641956, 'precision_macro': 0.6354354227286386, 'precision_micro': 0.5097408075590224, 'precision_weighted': 0.5803528011642377, 'recall_macro': 0.41431255981081827, 'recall_micro': 0.5097408075590224, 'recall_weighted': 0.5097408075590224}
Validation statistic: Loss: 1.1796, dev_score: {'accuracy': 0.5690369633681419, 'balanced_accuracy': 0.5643511171835021, 'f1_macro': 0.501354569055511, 'f1_micro': 0.5690369633681419, 'f1_weighted': 0.5036303317902849, 'precision_macro': 0.7562242808655861, 'precision_micro': 0.5690369633681419, 'precision_weighted': 0.757382681978786, 'recall_macro': 0.5643511171835021, 'recall_micro': 0.5690369633681419, 'recall_weighted': 0.5690369633681419}
Saving model...
Model saved!
-------------------------------------------
-----------------------
Epoch 3/100
Training statistic: Loss: 1.3689, train_score: {'accuracy': 0.5185341414980467, 'balanced_accuracy': 0.4278430956705576, 'f1_macro': 0.42251716797899636, 'f1_micro': 0.5185341414980467, 'f1_weighted': 0.47964106239659743, 'precision_macro': 0.6555561292454046, 'precision_micro': 0.5185341414980467, 'precision_weighted': 0.5962431327608273, 'recall_macro': 0.4278430956705576, 'recall_micro': 0.5185341414980467, 'recall_weighted': 0.5185341414980467}
Validation statistic: Loss: 1.1438, dev_score: {'accuracy': 0.5920769103265374, 'balanced_accuracy': 0.588073309342158, 'f1_macro': 0.5401297445034663, 'f1_micro': 0.5920769103265374, 'f1_weighted': 0.5424986005660383, 'precision_macro': 0.7719728818482017, 'precision_micro': 0.5920769103265374, 'precision_weighted': 0.7728562491716223, 'recall_macro': 0.588073309342158, 'recall_micro': 0.5920769103265374, 'recall_weighted': 0.5920769103265374}
Saving model...
Model saved!
-------------------------------------------
-----------------------
Epoch 4/100
Training statistic: Loss: 1.3521, train_score: {'accuracy': 0.5205199423728374, 'balanced_accuracy': 0.42864402692727505, 'f1_macro': 0.4209754992447567, 'f1_micro': 0.5205199423728374, 'f1_weighted': 0.4796976169543537, 'precision_macro': 0.6644807001926227, 'precision_micro': 0.5205199423728374, 'precision_weighted': 0.603071422037684, 'recall_macro': 0.42864402692727505, 'recall_micro': 0.5205199423728374, 'recall_weighted': 0.5205199423728374}
Validation statistic: Loss: 1.1019, dev_score: {'accuracy': 0.5960550306646776, 'balanced_accuracy': 0.5910075973726648, 'f1_macro': 0.5415334218719126, 'f1_micro': 0.5960550306646776, 'f1_weighted': 0.5441691152385135, 'precision_macro': 0.7684139125664143, 'precision_micro': 0.5960550306646776, 'precision_weighted': 0.7691161115107426, 'recall_macro': 0.5910075973726648, 'recall_micro': 0.5960550306646776, 'recall_weighted': 0.5960550306646776}
Saving model...
Model saved!
-------------------------------------------
-----------------------
Epoch 5/100
Training statistic: Loss: 1.3340, train_score: {'accuracy': 0.5312925876413098, 'balanced_accuracy': 0.4426782434228623, 'f1_macro': 0.44296030977299294, 'f1_micro': 0.5312925876413098, 'f1_weighted': 0.49605398011649166, 'precision_macro': 0.6638324206599704, 'precision_micro': 0.5312925876413098, 'precision_weighted': 0.6049801896756681, 'recall_macro': 0.4426782434228623, 'recall_micro': 0.5312925876413098, 'recall_weighted': 0.5312925876413098}
Validation statistic: Loss: 1.0703, dev_score: {'accuracy': 0.6222443228907675, 'balanced_accuracy': 0.6189991005500293, 'f1_macro': 0.5755327490814732, 'f1_micro': 0.6222443228907675, 'f1_weighted': 0.5761440158216781, 'precision_macro': 0.7749030869488922, 'precision_micro': 0.6222443228907675, 'precision_weighted': 0.7757390904978692, 'recall_macro': 0.6189991005500293, 'recall_micro': 0.6222443228907675, 'recall_weighted': 0.6222443228907675}
Saving model...
Model saved!
-------------------------------------------
-----------------------
Epoch 6/100
Training statistic: Loss: 1.3098, train_score: {'accuracy': 0.5391579165963633, 'balanced_accuracy': 0.4571018328717744, 'f1_macro': 0.4653367640354043, 'f1_micro': 0.5391579165963633, 'f1_weighted': 0.5093942233736128, 'precision_macro': 0.6748139719766271, 'precision_micro': 0.5391579165963633, 'precision_weighted': 0.6138053170084341, 'recall_macro': 0.4571018328717744, 'recall_micro': 0.5391579165963633, 'recall_weighted': 0.5391579165963633}
Validation statistic: Loss: 1.0102, dev_score: {'accuracy': 0.6393170893419526, 'balanced_accuracy': 0.6365055452917207, 'f1_macro': 0.6083483276489431, 'f1_micro': 0.6393170893419526, 'f1_weighted': 0.6078559245696118, 'precision_macro': 0.7785390473135927, 'precision_micro': 0.6393170893419526, 'precision_weighted': 0.7780150373786205, 'recall_macro': 0.6365055452917207, 'recall_micro': 0.6393170893419526, 'recall_weighted': 0.6393170893419526}
Saving model...
Model saved!
-------------------------------------------
-----------------------
Epoch 7/100
Training statistic: Loss: 1.2973, train_score: {'accuracy': 0.5440445442392307, 'balanced_accuracy': 0.45996983614418135, 'f1_macro': 0.47237304815956727, 'f1_micro': 0.5440445442392307, 'f1_weighted': 0.5164828259722862, 'precision_macro': 0.6816512511593128, 'precision_micro': 0.5440445442392307, 'precision_weighted': 0.6189374981809448, 'recall_macro': 0.45996983614418135, 'recall_micro': 0.5440445442392307, 'recall_weighted': 0.5440445442392307}
Validation statistic: Loss: 0.9747, dev_score: {'accuracy': 0.663185811370794, 'balanced_accuracy': 0.6573784703161254, 'f1_macro': 0.6316199876424934, 'f1_micro': 0.663185811370794, 'f1_weighted': 0.6355379894119466, 'precision_macro': 0.790287802512837, 'precision_micro': 0.663185811370794, 'precision_weighted': 0.7906752688775515, 'recall_macro': 0.6573784703161254, 'recall_micro': 0.663185811370794, 'recall_weighted': 0.663185811370794}
Saving model...
Model saved!
-------------------------------------------
-----------------------
Epoch 8/100
Training statistic: Loss: 1.3018, train_score: {'accuracy': 0.5357509052915753, 'balanced_accuracy': 0.4504527349391735, 'f1_macro': 0.4580422280560641, 'f1_micro': 0.5357509052915753, 'f1_weighted': 0.5046118184187652, 'precision_macro': 0.6702237459475734, 'precision_micro': 0.5357509052915753, 'precision_weighted': 0.609442783468634, 'recall_macro': 0.4504527349391735, 'recall_micro': 0.5357509052915753, 'recall_weighted': 0.5357509052915753}
Validation statistic: Loss: 1.0002, dev_score: {'accuracy': 0.6278799933697994, 'balanced_accuracy': 0.6215431041862692, 'f1_macro': 0.5878894602581821, 'f1_micro': 0.6278799933697994, 'f1_weighted': 0.5916817042233323, 'precision_macro': 0.7734631102513745, 'precision_micro': 0.6278799933697994, 'precision_weighted': 0.7728161474587764, 'recall_macro': 0.6215431041862692, 'recall_micro': 0.6278799933697994, 'recall_weighted': 0.6278799933697994}
-----------------------
Epoch 9/100
Training statistic: Loss: 1.2861, train_score: {'accuracy': 0.5452515996729269, 'balanced_accuracy': 0.46468360496312905, 'f1_macro': 0.4706234834578121, 'f1_micro': 0.5452515996729269, 'f1_weighted': 0.5135627674294955, 'precision_macro': 0.681857795750288, 'precision_micro': 0.5452515996729269, 'precision_weighted': 0.6206362949508208, 'recall_macro': 0.46468360496312905, 'recall_micro': 0.5452515996729269, 'recall_weighted': 0.5452515996729269}
Validation statistic: Loss: 0.9715, dev_score: {'accuracy': 0.6527432454831759, 'balanced_accuracy': 0.648627701637152, 'f1_macro': 0.616641955747095, 'f1_micro': 0.6527432454831759, 'f1_weighted': 0.6178680088304277, 'precision_macro': 0.7891088527949768, 'precision_micro': 0.6527432454831759, 'precision_weighted': 0.7888347134859214, 'recall_macro': 0.648627701637152, 'recall_micro': 0.6527432454831759, 'recall_weighted': 0.6527432454831759}
Saving model...
Model saved!
-------------------------------------------
-----------------------
Epoch 10/100
Training statistic: Loss: 1.2746, train_score: {'accuracy': 0.5549924072319493, 'balanced_accuracy': 0.4789325193078553, 'f1_macro': 0.49352344029073236, 'f1_micro': 0.5549924072319493, 'f1_weighted': 0.5305513172771962, 'precision_macro': 0.6812452601025752, 'precision_micro': 0.5549924072319493, 'precision_weighted': 0.6220303169122431, 'recall_macro': 0.4789325193078553, 'recall_micro': 0.5549924072319493, 'recall_weighted': 0.5549924072319493}
Validation statistic: Loss: 0.9374, dev_score: {'accuracy': 0.6809215978783358, 'balanced_accuracy': 0.6757373574016778, 'f1_macro': 0.65729329323159, 'f1_micro': 0.6809215978783358, 'f1_weighted': 0.658912236252857, 'precision_macro': 0.7894002669146188, 'precision_micro': 0.6809215978783358, 'precision_weighted': 0.7873385791222364, 'recall_macro': 0.6757373574016778, 'recall_micro': 0.6809215978783358, 'recall_weighted': 0.6809215978783358}
Saving model...
Model saved!
-------------------------------------------
-----------------------
Epoch 11/100
Training statistic: Loss: 1.2660, train_score: {'accuracy': 0.5537658831622256, 'balanced_accuracy': 0.47723655937945814, 'f1_macro': 0.4928788700622683, 'f1_micro': 0.5537658831622256, 'f1_weighted': 0.5289011355577561, 'precision_macro': 0.6725410987352677, 'precision_micro': 0.5537658831622256, 'precision_weighted': 0.6166461763347947, 'recall_macro': 0.47723655937945814, 'recall_micro': 0.5537658831622256, 'recall_weighted': 0.5537658831622256}
Validation statistic: Loss: 0.9268, dev_score: {'accuracy': 0.6713078070611636, 'balanced_accuracy': 0.6654765657532273, 'f1_macro': 0.644416513074269, 'f1_micro': 0.6713078070611636, 'f1_weighted': 0.6464034825600076, 'precision_macro': 0.7854413394207419, 'precision_micro': 0.6713078070611636, 'precision_weighted': 0.7841263472028892, 'recall_macro': 0.6654765657532273, 'recall_micro': 0.6713078070611636, 'recall_weighted': 0.6713078070611636}
Saving model...
Model saved!
-------------------------------------------
-----------------------
Epoch 12/100
Training statistic: Loss: 1.2530, train_score: {'accuracy': 0.5624359157397433, 'balanced_accuracy': 0.48972273073905975, 'f1_macro': 0.5108785398772115, 'f1_micro': 0.5624359157397433, 'f1_weighted': 0.5422160531364755, 'precision_macro': 0.6801132908787453, 'precision_micro': 0.5624359157397433, 'precision_weighted': 0.6235870570608721, 'recall_macro': 0.48972273073905975, 'recall_micro': 0.5624359157397433, 'recall_weighted': 0.5624359157397433}
Validation statistic: Loss: 0.8986, dev_score: {'accuracy': 0.6931874689209349, 'balanced_accuracy': 0.6879943843610018, 'f1_macro': 0.6743150733965819, 'f1_micro': 0.6931874689209349, 'f1_weighted': 0.676482518411737, 'precision_macro': 0.7950500637009561, 'precision_micro': 0.6931874689209349, 'precision_weighted': 0.794235226090005, 'recall_macro': 0.6879943843610018, 'recall_micro': 0.6931874689209349, 'recall_weighted': 0.6931874689209349}
Saving model...
Model saved!
-------------------------------------------
-----------------------
Epoch 13/100
Training statistic: Loss: 1.2593, train_score: {'accuracy': 0.5586979376224902, 'balanced_accuracy': 0.48387528631232096, 'f1_macro': 0.500356901872941, 'f1_micro': 0.5586979376224902, 'f1_weighted': 0.5348119495322456, 'precision_macro': 0.679473733113765, 'precision_micro': 0.5586979376224902, 'precision_weighted': 0.6216308973834236, 'recall_macro': 0.48387528631232096, 'recall_micro': 0.5586979376224902, 'recall_weighted': 0.5586979376224902}
Validation statistic: Loss: 0.9127, dev_score: {'accuracy': 0.6893751035968838, 'balanced_accuracy': 0.6823237974042311, 'f1_macro': 0.6637801317899383, 'f1_micro': 0.6893751035968838, 'f1_weighted': 0.6674197244072538, 'precision_macro': 0.7941336605205651, 'precision_micro': 0.6893751035968838, 'precision_weighted': 0.7925437374800572, 'recall_macro': 0.6823237974042311, 'recall_micro': 0.6893751035968838, 'recall_weighted': 0.6893751035968838}
-----------------------
Epoch 14/100
Training statistic: Loss: 1.2462, train_score: {'accuracy': 0.5642464988902878, 'balanced_accuracy': 0.4900600404593378, 'f1_macro': 0.5087588794015844, 'f1_micro': 0.5642464988902878, 'f1_weighted': 0.5425840761247556, 'precision_macro': 0.6830472458413244, 'precision_micro': 0.5642464988902878, 'precision_weighted': 0.6268374980221311, 'recall_macro': 0.4900600404593378, 'recall_micro': 0.5642464988902878, 'recall_weighted': 0.5642464988902878}
Validation statistic: Loss: 0.8923, dev_score: {'accuracy': 0.6991546494281452, 'balanced_accuracy': 0.694139689691228, 'f1_macro': 0.6789785059444776, 'f1_micro': 0.6991546494281452, 'f1_weighted': 0.6807099396743741, 'precision_macro': 0.7953436316323552, 'precision_micro': 0.6991546494281452, 'precision_weighted': 0.7939199094403613, 'recall_macro': 0.694139689691228, 'recall_micro': 0.6991546494281452, 'recall_weighted': 0.6991546494281452}
Saving model...
Model saved!
-------------------------------------------
-----------------------
Epoch 15/100
Training statistic: Loss: 1.2583, train_score: {'accuracy': 0.5600282944176931, 'balanced_accuracy': 0.48559454153001874, 'f1_macro': 0.5037967645269834, 'f1_micro': 0.5600282944176931, 'f1_weighted': 0.5372758146799597, 'precision_macro': 0.6773484503008897, 'precision_micro': 0.5600282944176931, 'precision_weighted': 0.6211268770068141, 'recall_macro': 0.48559454153001874, 'recall_micro': 0.5600282944176931, 'recall_weighted': 0.5600282944176931}
Validation statistic: Loss: 0.9330, dev_score: {'accuracy': 0.685728493286922, 'balanced_accuracy': 0.6795706334965024, 'f1_macro': 0.6639439635763718, 'f1_micro': 0.685728493286922, 'f1_weighted': 0.6657524635327748, 'precision_macro': 0.7895516160661223, 'precision_micro': 0.685728493286922, 'precision_weighted': 0.7867998693953959, 'recall_macro': 0.6795706334965024, 'recall_micro': 0.685728493286922, 'recall_weighted': 0.685728493286922}
-----------------------
Epoch 16/100
Training statistic: Loss: 1.2403, train_score: {'accuracy': 0.5667384843017899, 'balanced_accuracy': 0.492013926240631, 'f1_macro': 0.5098393940222772, 'f1_micro': 0.5667384843017899, 'f1_weighted': 0.5445586318978888, 'precision_macro': 0.6867817232390822, 'precision_micro': 0.5667384843017899, 'precision_weighted': 0.6294812821894703, 'recall_macro': 0.492013926240631, 'recall_micro': 0.5667384843017899, 'recall_weighted': 0.5667384843017899}
Validation statistic: Loss: 0.8880, dev_score: {'accuracy': 0.6976628543013426, 'balanced_accuracy': 0.6923602270532128, 'f1_macro': 0.6738885378500521, 'f1_micro': 0.6976628543013426, 'f1_weighted': 0.6762160938313488, 'precision_macro': 0.7932660816002431, 'precision_micro': 0.6976628543013426, 'precision_weighted': 0.7923616619869255, 'recall_macro': 0.6923602270532128, 'recall_micro': 0.6976628543013426, 'recall_weighted': 0.6976628543013426}
Saving model...
Model saved!
-------------------------------------------
-----------------------
Epoch 17/100
Training statistic: Loss: 1.2442, train_score: {'accuracy': 0.5627149661894688, 'balanced_accuracy': 0.4844166991532223, 'f1_macro': 0.5041796450225381, 'f1_micro': 0.5627149661894688, 'f1_weighted': 0.5395970315058092, 'precision_macro': 0.6834099562963678, 'precision_micro': 0.5627149661894688, 'precision_weighted': 0.625236942178947, 'recall_macro': 0.4844166991532223, 'recall_micro': 0.5627149661894688, 'recall_weighted': 0.5627149661894688}
Validation statistic: Loss: 0.9046, dev_score: {'accuracy': 0.6845682081882977, 'balanced_accuracy': 0.6792505603847813, 'f1_macro': 0.6616066540334284, 'f1_micro': 0.6845682081882977, 'f1_weighted': 0.6636599386123205, 'precision_macro': 0.7907157322749923, 'precision_micro': 0.6845682081882977, 'precision_weighted': 0.789377111080764, 'recall_macro': 0.6792505603847813, 'recall_micro': 0.6845682081882977, 'recall_weighted': 0.6845682081882977}
-----------------------
Epoch 18/100
Training statistic: Loss: 1.2192, train_score: {'accuracy': 0.5733383519150649, 'balanced_accuracy': 0.500561605459199, 'f1_macro': 0.5251727161394548, 'f1_micro': 0.5733383519150649, 'f1_weighted': 0.5545158581818598, 'precision_macro': 0.6909494216500237, 'precision_micro': 0.5733383519150649, 'precision_weighted': 0.6329968088376068, 'recall_macro': 0.500561605459199, 'recall_micro': 0.5733383519150649, 'recall_weighted': 0.5733383519150649}
Validation statistic: Loss: 0.8372, dev_score: {'accuracy': 0.7226918614288083, 'balanced_accuracy': 0.7177915675391444, 'f1_macro': 0.7071626678318307, 'f1_micro': 0.7226918614288083, 'f1_weighted': 0.7095891493106803, 'precision_macro': 0.805538714820585, 'precision_micro': 0.7226918614288083, 'precision_weighted': 0.8052073439782921, 'recall_macro': 0.7177915675391444, 'recall_micro': 0.7226918614288083, 'recall_weighted': 0.7226918614288083}
Saving model...
Model saved!
-------------------------------------------
-----------------------
Epoch 19/100
Training statistic: Loss: 1.2172, train_score: {'accuracy': 0.5749542487053357, 'balanced_accuracy': 0.5044651247054586, 'f1_macro': 0.5269648765066746, 'f1_micro': 0.5749542487053357, 'f1_weighted': 0.5560275375863701, 'precision_macro': 0.6864154079055736, 'precision_micro': 0.5749542487053357, 'precision_weighted': 0.6302858586047551, 'recall_macro': 0.5044651247054586, 'recall_micro': 0.5749542487053357, 'recall_weighted': 0.5749542487053357}
Validation statistic: Loss: 0.8306, dev_score: {'accuracy': 0.7200397812033814, 'balanced_accuracy': 0.7135440912349738, 'f1_macro': 0.7014557618514305, 'f1_micro': 0.7200397812033814, 'f1_weighted': 0.7048563334880692, 'precision_macro': 0.8029661052371129, 'precision_micro': 0.7200397812033814, 'precision_weighted': 0.8016588980279347, 'recall_macro': 0.7135440912349738, 'recall_micro': 0.7200397812033814, 'recall_weighted': 0.7200397812033814}
Saving model...
Model saved!
-------------------------------------------
-----------------------
Epoch 20/100
Training statistic: Loss: 1.1985, train_score: {'accuracy': 0.5831700131088816, 'balanced_accuracy': 0.5123178444797037, 'f1_macro': 0.538785040643313, 'f1_micro': 0.5831700131088816, 'f1_weighted': 0.5665522203100046, 'precision_macro': 0.6983595170826139, 'precision_micro': 0.5831700131088816, 'precision_weighted': 0.6410891494762463, 'recall_macro': 0.5123178444797037, 'recall_micro': 0.5831700131088816, 'recall_weighted': 0.5831700131088816}
Validation statistic: Loss: 0.7946, dev_score: {'accuracy': 0.7387700977954583, 'balanced_accuracy': 0.7331938444076281, 'f1_macro': 0.723848238273601, 'f1_micro': 0.7387700977954583, 'f1_weighted': 0.7266920277319002, 'precision_macro': 0.8165308093030715, 'precision_micro': 0.7387700977954583, 'precision_weighted': 0.8154599794550556, 'recall_macro': 0.7331938444076281, 'recall_micro': 0.7387700977954583, 'recall_weighted': 0.7387700977954583}
Saving model...
Model saved!
-------------------------------------------
-----------------------
Epoch 21/100
Training statistic: Loss: 1.1770, train_score: {'accuracy': 0.5893999766376368, 'balanced_accuracy': 0.5251183917316647, 'f1_macro': 0.5519864930535014, 'f1_micro': 0.5893999766376368, 'f1_weighted': 0.5747398373980022, 'precision_macro': 0.6996627598210441, 'precision_micro': 0.5893999766376368, 'precision_weighted': 0.6435845648239874, 'recall_macro': 0.5251183917316647, 'recall_micro': 0.5893999766376368, 'recall_weighted': 0.5893999766376368}
Validation statistic: Loss: 0.7449, dev_score: {'accuracy': 0.7530250290071274, 'balanced_accuracy': 0.7470375658283744, 'f1_macro': 0.7416170954368206, 'f1_micro': 0.7530250290071274, 'f1_weighted': 0.7439511500495027, 'precision_macro': 0.8252986448447082, 'precision_micro': 0.7530250290071274, 'precision_weighted': 0.8225917825252621, 'recall_macro': 0.7470375658283744, 'recall_micro': 0.7530250290071274, 'recall_weighted': 0.7530250290071274}
Saving model...
Model saved!
-------------------------------------------
-----------------------
Epoch 22/100
Training statistic: Loss: 1.1781, train_score: {'accuracy': 0.5898217970848962, 'balanced_accuracy': 0.5245848117457637, 'f1_macro': 0.5514361799960507, 'f1_micro': 0.5898217970848962, 'f1_weighted': 0.5744128148794656, 'precision_macro': 0.7018815263821522, 'precision_micro': 0.5898217970848962, 'precision_weighted': 0.6448409916806815, 'recall_macro': 0.5245848117457637, 'recall_micro': 0.5898217970848962, 'recall_weighted': 0.5898217970848962}
Validation statistic: Loss: 0.7509, dev_score: {'accuracy': 0.7538538040775733, 'balanced_accuracy': 0.7502446839540005, 'f1_macro': 0.7440612919970879, 'f1_micro': 0.7538538040775733, 'f1_weighted': 0.7446314936953397, 'precision_macro': 0.8296655058819665, 'precision_micro': 0.7538538040775733, 'precision_weighted': 0.8276966766528752, 'recall_macro': 0.7502446839540005, 'recall_micro': 0.7538538040775733, 'recall_weighted': 0.7538538040775733}
-----------------------
Epoch 23/100
Training statistic: Loss: 1.1622, train_score: {'accuracy': 0.5999844250911781, 'balanced_accuracy': 0.5381735226242575, 'f1_macro': 0.5680700383760485, 'f1_micro': 0.5999844250911781, 'f1_weighted': 0.5874905581006041, 'precision_macro': 0.7086005259335243, 'precision_micro': 0.5999844250911781, 'precision_weighted': 0.6522386349493468, 'recall_macro': 0.5381735226242575, 'recall_micro': 0.5999844250911781, 'recall_weighted': 0.5999844250911781}
Validation statistic: Loss: 0.7095, dev_score: {'accuracy': 0.7800430963036632, 'balanced_accuracy': 0.7763642056704428, 'f1_macro': 0.7719091212055843, 'f1_micro': 0.7800430963036632, 'f1_weighted': 0.7730395396670648, 'precision_macro': 0.8375276631765385, 'precision_micro': 0.7800430963036632, 'precision_weighted': 0.8362090425436022, 'recall_macro': 0.7763642056704428, 'recall_micro': 0.7800430963036632, 'recall_weighted': 0.7800430963036632}
Saving model...
Model saved!
-------------------------------------------
-----------------------
Epoch 24/100
Training statistic: Loss: 1.1525, train_score: {'accuracy': 0.6029241891313094, 'balanced_accuracy': 0.5440431037093815, 'f1_macro': 0.5755712248506824, 'f1_micro': 0.6029241891313094, 'f1_weighted': 0.5919086775636292, 'precision_macro': 0.7093001155323945, 'precision_micro': 0.6029241891313094, 'precision_weighted': 0.6536381835979518, 'recall_macro': 0.5440431037093815, 'recall_micro': 0.6029241891313094, 'recall_weighted': 0.6029241891313094}
Validation statistic: Loss: 0.6944, dev_score: {'accuracy': 0.7875020719376761, 'balanced_accuracy': 0.7847964523690624, 'f1_macro': 0.7824384563868417, 'f1_micro': 0.7875020719376761, 'f1_weighted': 0.7821014150792585, 'precision_macro': 0.8410009441247903, 'precision_micro': 0.7875020719376761, 'precision_weighted': 0.8387339080672453, 'recall_macro': 0.7847964523690624, 'recall_micro': 0.7875020719376761, 'recall_weighted': 0.7875020719376761}
Saving model...
Model saved!
-------------------------------------------
-----------------------
Epoch 25/100
Training statistic: Loss: 1.1427, train_score: {'accuracy': 0.6095954417433515, 'balanced_accuracy': 0.5533304438316088, 'f1_macro': 0.5846879558634575, 'f1_micro': 0.6095954417433515, 'f1_weighted': 0.5995193635127676, 'precision_macro': 0.7106703556428939, 'precision_micro': 0.6095954417433515, 'precision_weighted': 0.6560209353618184, 'recall_macro': 0.5533304438316088, 'recall_micro': 0.6095954417433515, 'recall_weighted': 0.6095954417433515}
Validation statistic: Loss: 0.6725, dev_score: {'accuracy': 0.8029172882479695, 'balanced_accuracy': 0.798413630262918, 'f1_macro': 0.7978406318894254, 'f1_micro': 0.8029172882479695, 'f1_weighted': 0.7991667440398245, 'precision_macro': 0.8501339568461252, 'precision_micro': 0.8029172882479695, 'precision_weighted': 0.8480536301580808, 'recall_macro': 0.798413630262918, 'recall_micro': 0.8029172882479695, 'recall_weighted': 0.8029172882479695}
Saving model...
Model saved!
-------------------------------------------
-----------------------
Epoch 26/100
Training statistic: Loss: 1.1232, train_score: {'accuracy': 0.6148065466533414, 'balanced_accuracy': 0.5598105941356721, 'f1_macro': 0.5938567750563115, 'f1_micro': 0.6148065466533414, 'f1_weighted': 0.6060321090358344, 'precision_macro': 0.717826074567487, 'precision_micro': 0.6148065466533414, 'precision_weighted': 0.6621740000250467, 'recall_macro': 0.5598105941356721, 'recall_micro': 0.6148065466533414, 'recall_weighted': 0.6148065466533414}
Validation statistic: Loss: 0.6296, dev_score: {'accuracy': 0.817503729487817, 'balanced_accuracy': 0.8151122131607625, 'f1_macro': 0.8142263127787362, 'f1_micro': 0.817503729487817, 'f1_weighted': 0.8145586599358969, 'precision_macro': 0.8577346768621446, 'precision_micro': 0.817503729487817, 'precision_weighted': 0.8566216401879874, 'recall_macro': 0.8151122131607625, 'recall_micro': 0.817503729487817, 'recall_weighted': 0.817503729487817}
Saving model...
Model saved!
-------------------------------------------
-----------------------
Epoch 27/100
Training statistic: Loss: 1.1283, train_score: {'accuracy': 0.6123924357859488, 'balanced_accuracy': 0.5534191988912163, 'f1_macro': 0.5866123545512233, 'f1_micro': 0.6123924357859488, 'f1_weighted': 0.6024860796307565, 'precision_macro': 0.719948968753345, 'precision_micro': 0.6123924357859488, 'precision_weighted': 0.6632224778361402, 'recall_macro': 0.5534191988912163, 'recall_micro': 0.6123924357859488, 'recall_weighted': 0.6123924357859488}
Validation statistic: Loss: 0.6486, dev_score: {'accuracy': 0.8103762638819825, 'balanced_accuracy': 0.8068926658146485, 'f1_macro': 0.8049298107166308, 'f1_micro': 0.8103762638819825, 'f1_weighted': 0.8063718905051345, 'precision_macro': 0.8567998980906187, 'precision_micro': 0.8103762638819825, 'precision_weighted': 0.8558030228990348, 'recall_macro': 0.8068926658146485, 'recall_micro': 0.8103762638819825, 'recall_weighted': 0.8103762638819825}
-----------------------
Epoch 28/100
Training statistic: Loss: 1.1261, train_score: {'accuracy': 0.6104196140018431, 'balanced_accuracy': 0.5500801036477168, 'f1_macro': 0.582445172264754, 'f1_micro': 0.6104196140018431, 'f1_weighted': 0.5997822998678365, 'precision_macro': 0.7186547836102787, 'precision_micro': 0.6104196140018431, 'precision_weighted': 0.6620122703818955, 'recall_macro': 0.5500801036477168, 'recall_micro': 0.6104196140018431, 'recall_weighted': 0.6104196140018431}
Validation statistic: Loss: 0.6548, dev_score: {'accuracy': 0.7954583126139566, 'balanced_accuracy': 0.7921673168381531, 'f1_macro': 0.7905844003871051, 'f1_micro': 0.7954583126139566, 'f1_weighted': 0.7913543969298982, 'precision_macro': 0.8493507871666356, 'precision_micro': 0.7954583126139566, 'precision_weighted': 0.8477185136027426, 'recall_macro': 0.7921673168381531, 'recall_micro': 0.7954583126139566, 'recall_weighted': 0.7954583126139566}
-----------------------
Epoch 29/100
Training statistic: Loss: 1.1291, train_score: {'accuracy': 0.6107505808143081, 'balanced_accuracy': 0.5486110035400985, 'f1_macro': 0.5790876543369252, 'f1_micro': 0.6107505808143081, 'f1_weighted': 0.5990179648014177, 'precision_macro': 0.7190271465797407, 'precision_micro': 0.6107505808143081, 'precision_weighted': 0.6626031363716683, 'recall_macro': 0.5486110035400985, 'recall_micro': 0.6107505808143081, 'recall_weighted': 0.6107505808143081}
Validation statistic: Loss: 0.6619, dev_score: {'accuracy': 0.7936350074589756, 'balanced_accuracy': 0.7895538982229244, 'f1_macro': 0.7845612376124744, 'f1_micro': 0.7936350074589756, 'f1_weighted': 0.7861459853258213, 'precision_macro': 0.8510056941776553, 'precision_micro': 0.7936350074589756, 'precision_weighted': 0.8491877591665172, 'recall_macro': 0.7895538982229244, 'recall_micro': 0.7936350074589756, 'recall_weighted': 0.7936350074589756}
-----------------------
Epoch 30/100
Training statistic: Loss: 1.1206, train_score: {'accuracy': 0.6177982270562125, 'balanced_accuracy': 0.561192140249584, 'f1_macro': 0.5933677783845146, 'f1_micro': 0.6177982270562125, 'f1_weighted': 0.6083924699830459, 'precision_macro': 0.7202521905070902, 'precision_micro': 0.6177982270562125, 'precision_weighted': 0.6649836894865626, 'recall_macro': 0.561192140249584, 'recall_micro': 0.6177982270562125, 'recall_weighted': 0.6177982270562125}
Validation statistic: Loss: 0.6507, dev_score: {'accuracy': 0.811868059008785, 'balanced_accuracy': 0.8071485156045769, 'f1_macro': 0.8060267241863688, 'f1_micro': 0.811868059008785, 'f1_weighted': 0.807799927973887, 'precision_macro': 0.8540603774514294, 'precision_micro': 0.811868059008785, 'precision_weighted': 0.8523347575742399, 'recall_macro': 0.8071485156045769, 'recall_micro': 0.811868059008785, 'recall_weighted': 0.811868059008785}
-----------------------
Epoch 31/100
Training statistic: Loss: 1.1139, train_score: {'accuracy': 0.621743870624424, 'balanced_accuracy': 0.5661211126386616, 'f1_macro': 0.6011107710097698, 'f1_micro': 0.621743870624424, 'f1_weighted': 0.6132604153698457, 'precision_macro': 0.7269570244806727, 'precision_micro': 0.621743870624424, 'precision_weighted': 0.6698457322305853, 'recall_macro': 0.5661211126386616, 'recall_micro': 0.621743870624424, 'recall_weighted': 0.621743870624424}
Validation statistic: Loss: 0.6301, dev_score: {'accuracy': 0.8236366650091165, 'balanced_accuracy': 0.8197644919825681, 'f1_macro': 0.8191836610541035, 'f1_micro': 0.8236366650091165, 'f1_weighted': 0.8206574462597922, 'precision_macro': 0.861485417270973, 'precision_micro': 0.8236366650091165, 'precision_weighted': 0.8601830182018402, 'recall_macro': 0.8197644919825681, 'recall_micro': 0.8236366650091165, 'recall_weighted': 0.8236366650091165}
-----------------------
Epoch 32/100
Training statistic: Loss: 1.1068, train_score: {'accuracy': 0.6214453515386712, 'balanced_accuracy': 0.5662713593314729, 'f1_macro': 0.6001294446405085, 'f1_micro': 0.6214453515386712, 'f1_weighted': 0.6129381343648352, 'precision_macro': 0.7236494328837997, 'precision_micro': 0.6214453515386712, 'precision_weighted': 0.6682295633734352, 'recall_macro': 0.5662713593314729, 'recall_micro': 0.6214453515386712, 'recall_weighted': 0.6214453515386712}
Validation statistic: Loss: 0.6123, dev_score: {'accuracy': 0.8214818498259573, 'balanced_accuracy': 0.8184161590876038, 'f1_macro': 0.8187022863627291, 'f1_micro': 0.8214818498259573, 'f1_weighted': 0.819161993930269, 'precision_macro': 0.8628957935978544, 'precision_micro': 0.8214818498259573, 'precision_weighted': 0.8610331695151122, 'recall_macro': 0.8184161590876038, 'recall_micro': 0.8214818498259573, 'recall_weighted': 0.8214818498259573}
Saving model...
Model saved!
-------------------------------------------
-----------------------
Epoch 33/100
Training statistic: Loss: 1.1009, train_score: {'accuracy': 0.6219904733474373, 'balanced_accuracy': 0.5660872007839426, 'f1_macro': 0.5990962285591069, 'f1_micro': 0.6219904733474373, 'f1_weighted': 0.6129766634086884, 'precision_macro': 0.7245091611810308, 'precision_micro': 0.6219904733474373, 'precision_weighted': 0.6698027094123497, 'recall_macro': 0.5660872007839426, 'recall_micro': 0.6219904733474373, 'recall_weighted': 0.6219904733474373}
Validation statistic: Loss: 0.6109, dev_score: {'accuracy': 0.8234709099950274, 'balanced_accuracy': 0.8198812221671533, 'f1_macro': 0.8196197820809777, 'f1_micro': 0.8234709099950274, 'f1_weighted': 0.8204916145305029, 'precision_macro': 0.866678273568175, 'precision_micro': 0.8234709099950274, 'precision_weighted': 0.8646416601773136, 'recall_macro': 0.8198812221671533, 'recall_micro': 0.8234709099950274, 'recall_weighted': 0.8234709099950274}
Saving model...
Model saved!
-------------------------------------------
-----------------------
Epoch 34/100
Training statistic: Loss: 1.0999, train_score: {'accuracy': 0.6236128596830506, 'balanced_accuracy': 0.5667804469132168, 'f1_macro': 0.598921507725414, 'f1_micro': 0.6236128596830506, 'f1_weighted': 0.6136457848189903, 'precision_macro': 0.7252153428095941, 'precision_micro': 0.6236128596830506, 'precision_weighted': 0.669729350493913, 'recall_macro': 0.5667804469132168, 'recall_micro': 0.6236128596830506, 'recall_weighted': 0.6236128596830506}
Validation statistic: Loss: 0.6222, dev_score: {'accuracy': 0.8180009945300846, 'balanced_accuracy': 0.8138946303451474, 'f1_macro': 0.8111170793533183, 'f1_micro': 0.8180009945300846, 'f1_weighted': 0.8129078946173809, 'precision_macro': 0.8611759154702099, 'precision_micro': 0.8180009945300846, 'precision_weighted': 0.8598935112895009, 'recall_macro': 0.8138946303451474, 'recall_micro': 0.8180009945300846, 'recall_weighted': 0.8180009945300846}
-----------------------
Epoch 35/100
Training statistic: Loss: 1.1042, train_score: {'accuracy': 0.6245278855763365, 'balanced_accuracy': 0.5693608816817924, 'f1_macro': 0.601282126029189, 'f1_micro': 0.6245278855763365, 'f1_weighted': 0.6159669757101728, 'precision_macro': 0.7230893864604007, 'precision_micro': 0.6245278855763365, 'precision_weighted': 0.6692275530050888, 'recall_macro': 0.5693608816817924, 'recall_micro': 0.6245278855763365, 'recall_weighted': 0.6245278855763365}
Validation statistic: Loss: 0.6349, dev_score: {'accuracy': 0.8199900546991546, 'balanced_accuracy': 0.8159198727022712, 'f1_macro': 0.815790563662742, 'f1_micro': 0.8199900546991546, 'f1_weighted': 0.8162405598672361, 'precision_macro': 0.8624859051539315, 'precision_micro': 0.8199900546991546, 'precision_weighted': 0.8590929341045526, 'recall_macro': 0.8159198727022712, 'recall_micro': 0.8199900546991546, 'recall_weighted': 0.8199900546991546}
-----------------------
Epoch 36/100
Training statistic: Loss: 1.0813, train_score: {'accuracy': 0.6332368554259089, 'balanced_accuracy': 0.5800035040766289, 'f1_macro': 0.6159118438242512, 'f1_micro': 0.6332368554259089, 'f1_weighted': 0.6264594255897526, 'precision_macro': 0.7340630578161462, 'precision_micro': 0.6332368554259089, 'precision_weighted': 0.6780930131608743, 'recall_macro': 0.5800035040766289, 'recall_micro': 0.6332368554259089, 'recall_weighted': 0.6332368554259089}
Validation statistic: Loss: 0.5808, dev_score: {'accuracy': 0.8435272666998177, 'balanced_accuracy': 0.8402686134778508, 'f1_macro': 0.8392819745903193, 'f1_micro': 0.8435272666998177, 'f1_weighted': 0.8407154491504158, 'precision_macro': 0.8747062510029913, 'precision_micro': 0.8435272666998177, 'precision_weighted': 0.8738724893830385, 'recall_macro': 0.8402686134778508, 'recall_micro': 0.8435272666998177, 'recall_weighted': 0.8435272666998177}
Saving model...
Model saved!
-------------------------------------------
-----------------------
Epoch 37/100
Training statistic: Loss: 1.0927, train_score: {'accuracy': 0.6269095487170169, 'balanced_accuracy': 0.5705670001538611, 'f1_macro': 0.6063058036648401, 'f1_micro': 0.6269095487170169, 'f1_weighted': 0.6191332704853932, 'precision_macro': 0.7330569304144916, 'precision_micro': 0.6269095487170169, 'precision_weighted': 0.6762129573311054, 'recall_macro': 0.5705670001538611, 'recall_micro': 0.6269095487170169, 'recall_weighted': 0.6269095487170169}
Validation statistic: Loss: 0.6032, dev_score: {'accuracy': 0.8332504558262888, 'balanced_accuracy': 0.8291275625708728, 'f1_macro': 0.8294792971653834, 'f1_micro': 0.8332504558262888, 'f1_weighted': 0.831075785790662, 'precision_macro': 0.8683701378748218, 'precision_micro': 0.8332504558262888, 'precision_weighted': 0.8670509441341934, 'recall_macro': 0.8291275625708728, 'recall_micro': 0.8332504558262888, 'recall_weighted': 0.8332504558262888}
-----------------------
Epoch 38/100
Training statistic: Loss: 1.0767, train_score: {'accuracy': 0.6354822381143977, 'balanced_accuracy': 0.5857262705624519, 'f1_macro': 0.6226156286950787, 'f1_micro': 0.6354822381143977, 'f1_weighted': 0.629838247412279, 'precision_macro': 0.7330572666735365, 'precision_micro': 0.6354822381143977, 'precision_weighted': 0.678397371827631, 'recall_macro': 0.5857262705624519, 'recall_micro': 0.6354822381143977, 'recall_weighted': 0.6354822381143977}
Validation statistic: Loss: 0.5763, dev_score: {'accuracy': 0.8499917122492956, 'balanced_accuracy': 0.8476508209301832, 'f1_macro': 0.8484580629183982, 'f1_micro': 0.8499917122492956, 'f1_weighted': 0.8491889373669315, 'precision_macro': 0.8771580929769444, 'precision_micro': 0.8499917122492956, 'precision_weighted': 0.876396034595418, 'recall_macro': 0.8476508209301832, 'recall_micro': 0.8499917122492956, 'recall_weighted': 0.8499917122492956}
Saving model...
Model saved!
-------------------------------------------
-----------------------
Epoch 39/100
Training statistic: Loss: 1.0735, train_score: {'accuracy': 0.6349176476696042, 'balanced_accuracy': 0.581545505675318, 'f1_macro': 0.6186795394007378, 'f1_micro': 0.6349176476696042, 'f1_weighted': 0.6286602157671181, 'precision_macro': 0.7365254665896132, 'precision_micro': 0.6349176476696042, 'precision_weighted': 0.6804302576928585, 'recall_macro': 0.581545505675318, 'recall_micro': 0.6349176476696042, 'recall_weighted': 0.6349176476696042}
Validation statistic: Loss: 0.5728, dev_score: {'accuracy': 0.8388861263053208, 'balanced_accuracy': 0.8361199728894535, 'f1_macro': 0.8358710562062619, 'f1_micro': 0.8388861263053208, 'f1_weighted': 0.8373582726157209, 'precision_macro': 0.8722544772178786, 'precision_micro': 0.8388861263053208, 'precision_weighted': 0.8721914336295157, 'recall_macro': 0.8361199728894535, 'recall_micro': 0.8388861263053208, 'recall_weighted': 0.8388861263053208}
Saving model...
Model saved!
-------------------------------------------
-----------------------
Epoch 40/100
Training statistic: Loss: 1.0655, train_score: {'accuracy': 0.6385582826067205, 'balanced_accuracy': 0.5882072100647122, 'f1_macro': 0.625621793656012, 'f1_micro': 0.6385582826067205, 'f1_weighted': 0.6327051483009785, 'precision_macro': 0.7390556325351494, 'precision_micro': 0.6385582826067205, 'precision_weighted': 0.6827622770029582, 'recall_macro': 0.5882072100647122, 'recall_micro': 0.6385582826067205, 'recall_weighted': 0.6385582826067205}
Validation statistic: Loss: 0.5616, dev_score: {'accuracy': 0.8425327366152826, 'balanced_accuracy': 0.8405649188965144, 'f1_macro': 0.841448560017305, 'f1_micro': 0.8425327366152826, 'f1_weighted': 0.8415255593720457, 'precision_macro': 0.8731177305984277, 'precision_micro': 0.8425327366152826, 'precision_weighted': 0.8717492626503116, 'recall_macro': 0.8405649188965144, 'recall_micro': 0.8425327366152826, 'recall_weighted': 0.8425327366152826}
Saving model...
Model saved!
-------------------------------------------
-----------------------
Epoch 41/100
Training statistic: Loss: 1.0587, train_score: {'accuracy': 0.6422962607239737, 'balanced_accuracy': 0.5934547265121826, 'f1_macro': 0.631265904986438, 'f1_micro': 0.6422962607239737, 'f1_weighted': 0.6371572198607798, 'precision_macro': 0.7404150260833202, 'precision_micro': 0.6422962607239737, 'precision_weighted': 0.6852264451626365, 'recall_macro': 0.5934547265121826, 'recall_micro': 0.6422962607239737, 'recall_weighted': 0.6422962607239737}
Validation statistic: Loss: 0.5452, dev_score: {'accuracy': 0.8559588927565058, 'balanced_accuracy': 0.8526264732946007, 'f1_macro': 0.8542452594097419, 'f1_micro': 0.8559588927565058, 'f1_weighted': 0.8552938101420473, 'precision_macro': 0.8838825177621736, 'precision_micro': 0.8559588927565058, 'precision_weighted': 0.8824611278416562, 'recall_macro': 0.8526264732946007, 'recall_micro': 0.8559588927565058, 'recall_weighted': 0.8559588927565058}
Saving model...
Model saved!
-------------------------------------------
-----------------------
Epoch 42/100
Training statistic: Loss: 1.0546, train_score: {'accuracy': 0.6425818007190416, 'balanced_accuracy': 0.5941868440739226, 'f1_macro': 0.6294393925553184, 'f1_micro': 0.6425818007190416, 'f1_weighted': 0.6364896886144354, 'precision_macro': 0.7370993446527032, 'precision_micro': 0.6425818007190416, 'precision_weighted': 0.6830680017388433, 'recall_macro': 0.5941868440739226, 'recall_micro': 0.6425818007190416, 'recall_weighted': 0.6425818007190416}
Validation statistic: Loss: 0.5373, dev_score: {'accuracy': 0.8601027681087353, 'balanced_accuracy': 0.8574697225838955, 'f1_macro': 0.8583136914594117, 'f1_micro': 0.8601027681087353, 'f1_weighted': 0.8588078137880145, 'precision_macro': 0.8853122572103673, 'precision_micro': 0.8601027681087353, 'precision_weighted': 0.8837391858597969, 'recall_macro': 0.8574697225838955, 'recall_micro': 0.8601027681087353, 'recall_weighted': 0.8601027681087353}
Saving model...
Model saved!
-------------------------------------------
-----------------------
Epoch 43/100
Training statistic: Loss: 1.0585, train_score: {'accuracy': 0.6365335444598751, 'balanced_accuracy': 0.5820937129303384, 'f1_macro': 0.6176871701569587, 'f1_micro': 0.6365335444598751, 'f1_weighted': 0.6291303841496125, 'precision_macro': 0.7395028043022136, 'precision_micro': 0.6365335444598751, 'precision_weighted': 0.6833002687963682, 'recall_macro': 0.5820937129303384, 'recall_micro': 0.6365335444598751, 'recall_weighted': 0.6365335444598751}
Validation statistic: Loss: 0.5452, dev_score: {'accuracy': 0.8431957566716393, 'balanced_accuracy': 0.8394181304144599, 'f1_macro': 0.8399607415483041, 'f1_micro': 0.8431957566716393, 'f1_weighted': 0.8412469697597125, 'precision_macro': 0.8792196799644303, 'precision_micro': 0.8431957566716393, 'precision_weighted': 0.8775344323034941, 'recall_macro': 0.8394181304144599, 'recall_micro': 0.8431957566716393, 'recall_weighted': 0.8431957566716393}
-----------------------
Epoch 44/100
Training statistic: Loss: 1.0558, train_score: {'accuracy': 0.6360468285591911, 'balanced_accuracy': 0.5813746217602784, 'f1_macro': 0.6163418231580395, 'f1_micro': 0.6360468285591911, 'f1_weighted': 0.6278632525787863, 'precision_macro': 0.7393402570430271, 'precision_micro': 0.6360468285591911, 'precision_weighted': 0.6831142468586362, 'recall_macro': 0.5813746217602784, 'recall_micro': 0.6360468285591911, 'recall_weighted': 0.6360468285591911}
Validation statistic: Loss: 0.5553, dev_score: {'accuracy': 0.8354052710094481, 'balanced_accuracy': 0.8315900137688864, 'f1_macro': 0.8307717502228108, 'f1_micro': 0.8354052710094481, 'f1_weighted': 0.8326396231790941, 'precision_macro': 0.8744202288265445, 'precision_micro': 0.8354052710094481, 'precision_weighted': 0.8735314864327932, 'recall_macro': 0.8315900137688864, 'recall_micro': 0.8354052710094481, 'recall_weighted': 0.8354052710094481}
-----------------------
Epoch 45/100
Training statistic: Loss: 1.0413, train_score: {'accuracy': 0.6443080197801342, 'balanced_accuracy': 0.5930931921260495, 'f1_macro': 0.629349081441457, 'f1_micro': 0.6443080197801342, 'f1_weighted': 0.6379441520961968, 'precision_macro': 0.7449716391145914, 'precision_micro': 0.6443080197801342, 'precision_weighted': 0.6898694844431018, 'recall_macro': 0.5930931921260495, 'recall_micro': 0.6443080197801342, 'recall_weighted': 0.6443080197801342}
Validation statistic: Loss: 0.5312, dev_score: {'accuracy': 0.8521465274324548, 'balanced_accuracy': 0.8490907493611205, 'f1_macro': 0.8502753240022765, 'f1_micro': 0.8521465274324548, 'f1_weighted': 0.8510338754376237, 'precision_macro': 0.8849538178621611, 'precision_micro': 0.8521465274324548, 'precision_weighted': 0.8832848744899224, 'recall_macro': 0.8490907493611205, 'recall_micro': 0.8521465274324548, 'recall_weighted': 0.8521465274324548}
Saving model...
Model saved!
-------------------------------------------
-----------------------
Epoch 46/100
Training statistic: Loss: 1.0333, train_score: {'accuracy': 0.6491557101509469, 'balanced_accuracy': 0.5990034734583001, 'f1_macro': 0.6367705025494373, 'f1_micro': 0.6491557101509469, 'f1_weighted': 0.6435857416189016, 'precision_macro': 0.7476578644816483, 'precision_micro': 0.6491557101509469, 'precision_weighted': 0.6922031976118156, 'recall_macro': 0.5990034734583001, 'recall_micro': 0.6491557101509469, 'recall_weighted': 0.6491557101509469}
Validation statistic: Loss: 0.5149, dev_score: {'accuracy': 0.8612630532073595, 'balanced_accuracy': 0.8577387927810362, 'f1_macro': 0.8592291905597191, 'f1_micro': 0.8612630532073595, 'f1_weighted': 0.8604176807674215, 'precision_macro': 0.8890845298058597, 'precision_micro': 0.8612630532073595, 'precision_weighted': 0.8875624110958539, 'recall_macro': 0.8577387927810362, 'recall_micro': 0.8612630532073595, 'recall_weighted': 0.8612630532073595}
Saving model...
Model saved!
-------------------------------------------
-----------------------
Epoch 47/100
Training statistic: Loss: 1.0321, train_score: {'accuracy': 0.6485586719794412, 'balanced_accuracy': 0.596923116008757, 'f1_macro': 0.6326807896377369, 'f1_micro': 0.6485586719794412, 'f1_weighted': 0.641987273962765, 'precision_macro': 0.7485909777400849, 'precision_micro': 0.6485586719794412, 'precision_weighted': 0.6935237644084532, 'recall_macro': 0.596923116008757, 'recall_micro': 0.6485586719794412, 'recall_weighted': 0.6485586719794412}
Validation statistic: Loss: 0.5191, dev_score: {'accuracy': 0.8538040775733466, 'balanced_accuracy': 0.849964422579999, 'f1_macro': 0.8504235294133522, 'f1_micro': 0.8538040775733466, 'f1_weighted': 0.8518259650790074, 'precision_macro': 0.884930346337988, 'precision_micro': 0.8538040775733466, 'precision_weighted': 0.8833173564868761, 'recall_macro': 0.849964422579999, 'recall_micro': 0.8538040775733466, 'recall_weighted': 0.8538040775733466}
-----------------------
Epoch 48/100
Training statistic: Loss: 1.0290, train_score: {'accuracy': 0.6472737420016353, 'balanced_accuracy': 0.5946228056573649, 'f1_macro': 0.6293913383885135, 'f1_micro': 0.6472737420016353, 'f1_weighted': 0.6399284693861808, 'precision_macro': 0.7448968107341097, 'precision_micro': 0.6472737420016353, 'precision_weighted': 0.690186817085373, 'recall_macro': 0.5946228056573649, 'recall_micro': 0.6472737420016353, 'recall_weighted': 0.6472737420016353}
Validation statistic: Loss: 0.5170, dev_score: {'accuracy': 0.8521465274324548, 'balanced_accuracy': 0.84793287877335, 'f1_macro': 0.8481150627088292, 'f1_micro': 0.8521465274324548, 'f1_weighted': 0.8500968968010553, 'precision_macro': 0.8844173046730909, 'precision_micro': 0.8521465274324548, 'precision_weighted': 0.8833792366811167, 'recall_macro': 0.84793287877335, 'recall_micro': 0.8521465274324548, 'recall_weighted': 0.8521465274324548}
-----------------------
Epoch 49/100
Training statistic: Loss: 1.0146, train_score: {'accuracy': 0.6539774423403897, 'balanced_accuracy': 0.6044695607184403, 'f1_macro': 0.6405796381060893, 'f1_micro': 0.6539774423403897, 'f1_weighted': 0.6485027097133746, 'precision_macro': 0.7499265875572914, 'precision_micro': 0.6539774423403897, 'precision_weighted': 0.6960492620467063, 'recall_macro': 0.6044695607184403, 'recall_micro': 0.6539774423403897, 'recall_weighted': 0.6539774423403897}
Validation statistic: Loss: 0.4806, dev_score: {'accuracy': 0.864578153489143, 'balanced_accuracy': 0.8608939328518351, 'f1_macro': 0.8615753135080242, 'f1_micro': 0.864578153489143, 'f1_weighted': 0.8630192124023481, 'precision_macro': 0.8931575908991537, 'precision_micro': 0.864578153489143, 'precision_weighted': 0.8917414755558137, 'recall_macro': 0.8608939328518351, 'recall_micro': 0.864578153489143, 'recall_weighted': 0.864578153489143}
Saving model...
Model saved!
-------------------------------------------
-----------------------
Epoch 50/100
Training statistic: Loss: 1.0189, train_score: {'accuracy': 0.6530559269017613, 'balanced_accuracy': 0.6038332047348683, 'f1_macro': 0.6404062205929029, 'f1_micro': 0.6530559269017613, 'f1_weighted': 0.6472633204675317, 'precision_macro': 0.7500776208329267, 'precision_micro': 0.6530559269017613, 'precision_weighted': 0.6963337884677718, 'recall_macro': 0.6038332047348683, 'recall_micro': 0.6530559269017613, 'recall_weighted': 0.6530559269017613}
Validation statistic: Loss: 0.5018, dev_score: {'accuracy': 0.8596055030664678, 'balanced_accuracy': 0.8565929554550286, 'f1_macro': 0.8578091334764213, 'f1_micro': 0.8596055030664678, 'f1_weighted': 0.858731701767658, 'precision_macro': 0.8905146897734083, 'precision_micro': 0.8596055030664678, 'precision_weighted': 0.8890537320249097, 'recall_macro': 0.8565929554550286, 'recall_micro': 0.8596055030664678, 'recall_weighted': 0.8596055030664678}
-----------------------
Epoch 51/100
Training statistic: Loss: 1.0147, train_score: {'accuracy': 0.6560605863953172, 'balanced_accuracy': 0.608472651352032, 'f1_macro': 0.6448935714463963, 'f1_micro': 0.6560605863953172, 'f1_weighted': 0.6510690453410026, 'precision_macro': 0.746857435199174, 'precision_micro': 0.6560605863953172, 'precision_weighted': 0.6944799557110923, 'recall_macro': 0.608472651352032, 'recall_micro': 0.6560605863953172, 'recall_weighted': 0.6560605863953172}
Validation statistic: Loss: 0.5019, dev_score: {'accuracy': 0.8652411735454998, 'balanced_accuracy': 0.8621921657568186, 'f1_macro': 0.8635070677375245, 'f1_micro': 0.8652411735454998, 'f1_weighted': 0.8648545901102276, 'precision_macro': 0.8912486647111066, 'precision_micro': 0.8652411735454998, 'precision_weighted': 0.8906551887003276, 'recall_macro': 0.8621921657568186, 'recall_micro': 0.8652411735454998, 'recall_weighted': 0.8652411735454998}
-----------------------
Epoch 52/100
Training statistic: Loss: 1.0187, train_score: {'accuracy': 0.6530364582657339, 'balanced_accuracy': 0.6021025485413869, 'f1_macro': 0.6397879201307713, 'f1_micro': 0.6530364582657339, 'f1_weighted': 0.6472907196084391, 'precision_macro': 0.7531271668919782, 'precision_micro': 0.6530364582657339, 'precision_weighted': 0.6976000536988697, 'recall_macro': 0.6021025485413869, 'recall_micro': 0.6530364582657339, 'recall_weighted': 0.6530364582657339}
Validation statistic: Loss: 0.5073, dev_score: {'accuracy': 0.8609315431791812, 'balanced_accuracy': 0.8575795022534776, 'f1_macro': 0.8577235679949066, 'f1_micro': 0.8609315431791812, 'f1_weighted': 0.8593658246301419, 'precision_macro': 0.8880740942407692, 'precision_micro': 0.8609315431791812, 'precision_weighted': 0.8874895779733897, 'recall_macro': 0.8575795022534776, 'recall_micro': 0.8609315431791812, 'recall_weighted': 0.8609315431791812}
-----------------------
Epoch 53/100
Training statistic: Loss: 0.9957, train_score: {'accuracy': 0.6633613249055771, 'balanced_accuracy': 0.6171457962755678, 'f1_macro': 0.6570690052176098, 'f1_micro': 0.6633613249055771, 'f1_weighted': 0.6594696028177532, 'precision_macro': 0.7605842012870505, 'precision_micro': 0.6633613249055771, 'precision_weighted': 0.7046271389103543, 'recall_macro': 0.6171457962755678, 'recall_micro': 0.6633613249055771, 'recall_weighted': 0.6633613249055771}
Validation statistic: Loss: 0.4539, dev_score: {'accuracy': 0.8839714901375767, 'balanced_accuracy': 0.8817652307712098, 'f1_macro': 0.8832300204009329, 'f1_micro': 0.8839714901375767, 'f1_weighted': 0.8840087918421065, 'precision_macro': 0.9029577533177235, 'precision_micro': 0.8839714901375767, 'precision_weighted': 0.9022630724168368, 'recall_macro': 0.8817652307712098, 'recall_micro': 0.8839714901375767, 'recall_weighted': 0.8839714901375767}
Saving model...
Model saved!
-------------------------------------------
-----------------------
Epoch 54/100
Training statistic: Loss: 1.0033, train_score: {'accuracy': 0.6596752631510636, 'balanced_accuracy': 0.6115284419792724, 'f1_macro': 0.6509202662386779, 'f1_micro': 0.6596752631510636, 'f1_weighted': 0.6552210443986427, 'precision_macro': 0.7594749879883579, 'precision_micro': 0.6596752631510636, 'precision_weighted': 0.7037977155782787, 'recall_macro': 0.6115284419792724, 'recall_micro': 0.6596752631510636, 'recall_weighted': 0.6596752631510636}
Validation statistic: Loss: 0.4666, dev_score: {'accuracy': 0.8783358196585447, 'balanced_accuracy': 0.8763223778836885, 'f1_macro': 0.8777955383613086, 'f1_micro': 0.8783358196585447, 'f1_weighted': 0.8782423513809667, 'precision_macro': 0.9011076336848222, 'precision_micro': 0.8783358196585447, 'precision_weighted': 0.9000028457182923, 'recall_macro': 0.8763223778836885, 'recall_micro': 0.8783358196585447, 'recall_weighted': 0.8783358196585447}
-----------------------
Epoch 55/100
Training statistic: Loss: 0.9952, train_score: {'accuracy': 0.664548911703246, 'balanced_accuracy': 0.6185347970089115, 'f1_macro': 0.6573132918172948, 'f1_micro': 0.664548911703246, 'f1_weighted': 0.6602686825277323, 'precision_macro': 0.7612421546776021, 'precision_micro': 0.664548911703246, 'precision_weighted': 0.7060469392098357, 'recall_macro': 0.6185347970089115, 'recall_micro': 0.664548911703246, 'recall_weighted': 0.664548911703246}
Validation statistic: Loss: 0.4620, dev_score: {'accuracy': 0.8834742250953092, 'balanced_accuracy': 0.8811791335538726, 'f1_macro': 0.8826243725887798, 'f1_micro': 0.8834742250953092, 'f1_weighted': 0.8835542073932672, 'precision_macro': 0.9030227583178501, 'precision_micro': 0.8834742250953092, 'precision_weighted': 0.9024392461235224, 'recall_macro': 0.8811791335538726, 'recall_micro': 0.8834742250953092, 'recall_weighted': 0.8834742250953092}
-----------------------
Epoch 56/100
Training statistic: Loss: 1.0014, train_score: {'accuracy': 0.6642893298895479, 'balanced_accuracy': 0.6175695496673249, 'f1_macro': 0.6560414743523112, 'f1_micro': 0.6642893298895479, 'f1_weighted': 0.6601418463228145, 'precision_macro': 0.7575416445418204, 'precision_micro': 0.6642893298895479, 'precision_weighted': 0.70405913481554, 'recall_macro': 0.6175695496673249, 'recall_micro': 0.6642893298895479, 'recall_weighted': 0.6642893298895479}
Validation statistic: Loss: 0.4874, dev_score: {'accuracy': 0.8765125145035637, 'balanced_accuracy': 0.8737805103082964, 'f1_macro': 0.875664614359766, 'f1_micro': 0.8765125145035637, 'f1_weighted': 0.8764013783611568, 'precision_macro': 0.8982199876405774, 'precision_micro': 0.8765125145035637, 'precision_weighted': 0.8968781102423848, 'recall_macro': 0.8737805103082964, 'recall_micro': 0.8765125145035637, 'recall_weighted': 0.8765125145035637}
-----------------------
Epoch 57/100
Training statistic: Loss: 0.9963, train_score: {'accuracy': 0.6638869780783159, 'balanced_accuracy': 0.6169144412948955, 'f1_macro': 0.6557786995406751, 'f1_micro': 0.6638869780783159, 'f1_weighted': 0.6597583468330745, 'precision_macro': 0.7602895129746509, 'precision_micro': 0.6638869780783159, 'precision_weighted': 0.704920199534513, 'recall_macro': 0.6169144412948955, 'recall_micro': 0.6638869780783159, 'recall_weighted': 0.6638869780783159}
Validation statistic: Loss: 0.4703, dev_score: {'accuracy': 0.8783358196585447, 'balanced_accuracy': 0.8752714502453733, 'f1_macro': 0.8770183860049784, 'f1_micro': 0.8783358196585447, 'f1_weighted': 0.8781430411999648, 'precision_macro': 0.898883572833124, 'precision_micro': 0.8783358196585447, 'precision_weighted': 0.8978264504324823, 'recall_macro': 0.8752714502453733, 'recall_micro': 0.8783358196585447, 'recall_weighted': 0.8783358196585447}
-----------------------
Epoch 58/100
Training statistic: Loss: 0.9889, train_score: {'accuracy': 0.6652627616909159, 'balanced_accuracy': 0.6182478665836812, 'f1_macro': 0.6548338481757534, 'f1_micro': 0.6652627616909159, 'f1_weighted': 0.6603928937223507, 'precision_macro': 0.7571413854829048, 'precision_micro': 0.6652627616909159, 'precision_weighted': 0.7039038385114768, 'recall_macro': 0.6182478665836812, 'recall_micro': 0.6652627616909159, 'recall_weighted': 0.6652627616909159}
Validation statistic: Loss: 0.4687, dev_score: {'accuracy': 0.8746892093485827, 'balanced_accuracy': 0.8715357568627663, 'f1_macro': 0.8729518539221054, 'f1_micro': 0.8746892093485827, 'f1_weighted': 0.8742068322853541, 'precision_macro': 0.8982958179984151, 'precision_micro': 0.8746892093485827, 'precision_weighted': 0.8972709475807773, 'recall_macro': 0.8715357568627663, 'recall_micro': 0.8746892093485827, 'recall_weighted': 0.8746892093485827}
-----------------------
Epoch 59/100
Training statistic: Loss: 0.9761, train_score: {'accuracy': 0.6703051384220021, 'balanced_accuracy': 0.6258200761785083, 'f1_macro': 0.6628881775309388, 'f1_micro': 0.6703051384220021, 'f1_weighted': 0.6666185112809722, 'precision_macro': 0.7582074999279989, 'precision_micro': 0.6703051384220021, 'precision_weighted': 0.7064405257666461, 'recall_macro': 0.6258200761785083, 'recall_micro': 0.6703051384220021, 'recall_weighted': 0.6703051384220021}
Validation statistic: Loss: 0.4472, dev_score: {'accuracy': 0.8818166749544174, 'balanced_accuracy': 0.8784089411841591, 'f1_macro': 0.8800711030160846, 'f1_micro': 0.8818166749544174, 'f1_weighted': 0.8813486277709498, 'precision_macro': 0.9023900411767884, 'precision_micro': 0.8818166749544174, 'precision_weighted': 0.9011498506488734, 'recall_macro': 0.8784089411841591, 'recall_micro': 0.8818166749544174, 'recall_weighted': 0.8818166749544174}
Saving model...
Model saved!
-------------------------------------------
-----------------------
Epoch 60/100
Training statistic: Loss: 0.9826, train_score: {'accuracy': 0.667196646202967, 'balanced_accuracy': 0.6203640757069774, 'f1_macro': 0.6583615903454396, 'f1_micro': 0.667196646202967, 'f1_weighted': 0.6630211089023264, 'precision_macro': 0.7629077687812845, 'precision_micro': 0.667196646202967, 'precision_weighted': 0.7087734247593043, 'recall_macro': 0.6203640757069774, 'recall_micro': 0.667196646202967, 'recall_weighted': 0.667196646202967}
Validation statistic: Loss: 0.4586, dev_score: {'accuracy': 0.874854964362672, 'balanced_accuracy': 0.8710168864449445, 'f1_macro': 0.8727683136183622, 'f1_micro': 0.874854964362672, 'f1_weighted': 0.8743271035077208, 'precision_macro': 0.8990666949851258, 'precision_micro': 0.874854964362672, 'precision_weighted': 0.8978379523034808, 'recall_macro': 0.8710168864449445, 'recall_micro': 0.874854964362672, 'recall_weighted': 0.874854964362672}
-----------------------
Epoch 61/100
Training statistic: Loss: 0.9785, train_score: {'accuracy': 0.6683388061832388, 'balanced_accuracy': 0.6200918876878327, 'f1_macro': 0.6590422679332782, 'f1_micro': 0.6683388061832388, 'f1_weighted': 0.6637176657515972, 'precision_macro': 0.7653672617905057, 'precision_micro': 0.6683388061832388, 'precision_weighted': 0.7106876717585717, 'recall_macro': 0.6200918876878327, 'recall_micro': 0.6683388061832388, 'recall_weighted': 0.6683388061832388}
Validation statistic: Loss: 0.4556, dev_score: {'accuracy': 0.8765125145035637, 'balanced_accuracy': 0.8729359363228651, 'f1_macro': 0.8741397415286982, 'f1_micro': 0.8765125145035637, 'f1_weighted': 0.8757863598332688, 'precision_macro': 0.8997078081548523, 'precision_micro': 0.8765125145035637, 'precision_weighted': 0.8988433213273742, 'recall_macro': 0.8729359363228651, 'recall_micro': 0.8765125145035637, 'recall_weighted': 0.8765125145035637}
-----------------------
Epoch 62/100
Training statistic: Loss: 0.9777, train_score: {'accuracy': 0.6721157215725466, 'balanced_accuracy': 0.6261217403278772, 'f1_macro': 0.6657168104943133, 'f1_micro': 0.6721157215725466, 'f1_weighted': 0.6683787201197684, 'precision_macro': 0.7675077583949623, 'precision_micro': 0.6721157215725466, 'precision_weighted': 0.7126462426237311, 'recall_macro': 0.6261217403278772, 'recall_micro': 0.6721157215725466, 'recall_weighted': 0.6721157215725466}
Validation statistic: Loss: 0.4528, dev_score: {'accuracy': 0.8833084700812199, 'balanced_accuracy': 0.880534343237267, 'f1_macro': 0.8815898863235478, 'f1_micro': 0.8833084700812199, 'f1_weighted': 0.8829008483171173, 'precision_macro': 0.9029403670645845, 'precision_micro': 0.8833084700812199, 'precision_weighted': 0.902414127723003, 'recall_macro': 0.880534343237267, 'recall_micro': 0.8833084700812199, 'recall_weighted': 0.8833084700812199}
-----------------------
Epoch 63/100
Training statistic: Loss: 0.9663, train_score: {'accuracy': 0.6751722974288421, 'balanced_accuracy': 0.6311338810645832, 'f1_macro': 0.6690157509882254, 'f1_micro': 0.6751722974288421, 'f1_weighted': 0.6718822433956299, 'precision_macro': 0.7637736040947838, 'precision_micro': 0.6751722974288421, 'precision_weighted': 0.7116452400242703, 'recall_macro': 0.6311338810645832, 'recall_micro': 0.6751722974288421, 'recall_weighted': 0.6751722974288421}
Validation statistic: Loss: 0.4344, dev_score: {'accuracy': 0.8864578153489143, 'balanced_accuracy': 0.8839085036884459, 'f1_macro': 0.8853772970489027, 'f1_micro': 0.8864578153489143, 'f1_weighted': 0.8865532405977102, 'precision_macro': 0.9041073697751782, 'precision_micro': 0.8864578153489143, 'precision_weighted': 0.9037111085820185, 'recall_macro': 0.8839085036884459, 'recall_micro': 0.8864578153489143, 'recall_weighted': 0.8864578153489143}
Saving model...
Model saved!
-------------------------------------------
-----------------------
Epoch 64/100
Training statistic: Loss: 0.9577, train_score: {'accuracy': 0.6784040910093839, 'balanced_accuracy': 0.6344017927233482, 'f1_macro': 0.672197206350073, 'f1_micro': 0.6784040910093839, 'f1_weighted': 0.6749961375648269, 'precision_macro': 0.7674341314602342, 'precision_micro': 0.6784040910093839, 'precision_weighted': 0.7155139586081548, 'recall_macro': 0.6344017927233482, 'recall_micro': 0.6784040910093839, 'recall_weighted': 0.6784040910093839}
Validation statistic: Loss: 0.4279, dev_score: {'accuracy': 0.8912647107575005, 'balanced_accuracy': 0.8898050784173224, 'f1_macro': 0.8907584695828967, 'f1_micro': 0.8912647107575005, 'f1_weighted': 0.8911580436730256, 'precision_macro': 0.9077877438380726, 'precision_micro': 0.8912647107575005, 'precision_weighted': 0.9071871443898828, 'recall_macro': 0.8898050784173224, 'recall_micro': 0.8912647107575005, 'recall_weighted': 0.8912647107575005}
Saving model...
Model saved!
-------------------------------------------
-----------------------
Epoch 65/100
Training statistic: Loss: 0.9594, train_score: {'accuracy': 0.6810258673277351, 'balanced_accuracy': 0.6382240778583252, 'f1_macro': 0.6768203885444294, 'f1_micro': 0.6810258673277351, 'f1_weighted': 0.6784362072902043, 'precision_macro': 0.7670321909192281, 'precision_micro': 0.6810258673277351, 'precision_weighted': 0.7153410615014864, 'recall_macro': 0.6382240778583252, 'recall_micro': 0.6810258673277351, 'recall_weighted': 0.6810258673277351}
Validation statistic: Loss: 0.4223, dev_score: {'accuracy': 0.8992209514337809, 'balanced_accuracy': 0.8969096926104003, 'f1_macro': 0.8984223154751586, 'f1_micro': 0.8992209514337809, 'f1_weighted': 0.8991786991204987, 'precision_macro': 0.9127391260685167, 'precision_micro': 0.8992209514337809, 'precision_weighted': 0.9118502557690703, 'recall_macro': 0.8969096926104003, 'recall_micro': 0.8992209514337809, 'recall_weighted': 0.8992209514337809}
Saving model...
Model saved!
-------------------------------------------
-----------------------
Epoch 66/100
Training statistic: Loss: 0.9444, train_score: {'accuracy': 0.68519215543759, 'balanced_accuracy': 0.6439020935449158, 'f1_macro': 0.682330937407747, 'f1_micro': 0.68519215543759, 'f1_weighted': 0.6827461077721722, 'precision_macro': 0.7717126300808627, 'precision_micro': 0.68519215543759, 'precision_weighted': 0.7198360695282745, 'recall_macro': 0.6439020935449158, 'recall_micro': 0.68519215543759, 'recall_weighted': 0.68519215543759}
Validation statistic: Loss: 0.3965, dev_score: {'accuracy': 0.9020387866732968, 'balanced_accuracy': 0.8997580793132378, 'f1_macro': 0.901187552956616, 'f1_micro': 0.9020387866732968, 'f1_weighted': 0.9019978435935071, 'precision_macro': 0.9150126898144922, 'precision_micro': 0.9020387866732968, 'precision_weighted': 0.9142342281375286, 'recall_macro': 0.8997580793132378, 'recall_micro': 0.9020387866732968, 'recall_weighted': 0.9020387866732968}
Saving model...
Model saved!
-------------------------------------------
-----------------------
Epoch 67/100
Training statistic: Loss: 0.9509, train_score: {'accuracy': 0.6826871909354031, 'balanced_accuracy': 0.6410157815852283, 'f1_macro': 0.6780810505745546, 'f1_micro': 0.6826871909354031, 'f1_weighted': 0.6796237511443117, 'precision_macro': 0.7687627002866334, 'precision_micro': 0.6826871909354031, 'precision_weighted': 0.7174171850766028, 'recall_macro': 0.6410157815852283, 'recall_micro': 0.6826871909354031, 'recall_weighted': 0.6826871909354031}
Validation statistic: Loss: 0.4173, dev_score: {'accuracy': 0.8952428310956406, 'balanced_accuracy': 0.8925275850754133, 'f1_macro': 0.8940264904435606, 'f1_micro': 0.8952428310956406, 'f1_weighted': 0.8950379756069239, 'precision_macro': 0.9087651063669371, 'precision_micro': 0.8952428310956406, 'precision_weighted': 0.9079081382501839, 'recall_macro': 0.8925275850754133, 'recall_micro': 0.8952428310956406, 'recall_weighted': 0.8952428310956406}
-----------------------
Epoch 68/100
Training statistic: Loss: 0.9552, train_score: {'accuracy': 0.6785144132802056, 'balanced_accuracy': 0.6310571517582565, 'f1_macro': 0.6708372493477341, 'f1_micro': 0.6785144132802056, 'f1_weighted': 0.674735196897463, 'precision_macro': 0.7716244286936558, 'precision_micro': 0.6785144132802056, 'precision_weighted': 0.7178391431872042, 'recall_macro': 0.6310571517582565, 'recall_micro': 0.6785144132802056, 'recall_weighted': 0.6785144132802056}
Validation statistic: Loss: 0.4333, dev_score: {'accuracy': 0.8851317752362009, 'balanced_accuracy': 0.8822174518239049, 'f1_macro': 0.8833814169101389, 'f1_micro': 0.8851317752362009, 'f1_weighted': 0.8847581780853455, 'precision_macro': 0.9039577715067185, 'precision_micro': 0.8851317752362009, 'precision_weighted': 0.9034107071224861, 'recall_macro': 0.8822174518239049, 'recall_micro': 0.8851317752362009, 'recall_weighted': 0.8851317752362009}
-----------------------
Epoch 69/100
Training statistic: Loss: 0.9519, train_score: {'accuracy': 0.6825963373006088, 'balanced_accuracy': 0.6386405351161025, 'f1_macro': 0.6756429493257808, 'f1_micro': 0.6825963373006088, 'f1_weighted': 0.6786912192835581, 'precision_macro': 0.7692261832187723, 'precision_micro': 0.6825963373006088, 'precision_weighted': 0.7178457297296482, 'recall_macro': 0.6386405351161025, 'recall_micro': 0.6825963373006088, 'recall_weighted': 0.6825963373006088}
Validation statistic: Loss: 0.4445, dev_score: {'accuracy': 0.8866235703630034, 'balanced_accuracy': 0.8838209422109993, 'f1_macro': 0.885438216746006, 'f1_micro': 0.8866235703630034, 'f1_weighted': 0.8862259795739105, 'precision_macro': 0.9047668200316379, 'precision_micro': 0.8866235703630034, 'precision_weighted': 0.9033624267784239, 'recall_macro': 0.8838209422109993, 'recall_micro': 0.8866235703630034, 'recall_weighted': 0.8866235703630034}
-----------------------
Epoch 70/100
Training statistic: Loss: 0.9608, train_score: {'accuracy': 0.681785144132802, 'balanced_accuracy': 0.6369897750355327, 'f1_macro': 0.6758449198976528, 'f1_micro': 0.681785144132802, 'f1_weighted': 0.6780734545940493, 'precision_macro': 0.7729341869435145, 'precision_micro': 0.681785144132802, 'precision_weighted': 0.7192995573717774, 'recall_macro': 0.6369897750355327, 'recall_micro': 0.681785144132802, 'recall_weighted': 0.681785144132802}
Validation statistic: Loss: 0.4525, dev_score: {'accuracy': 0.8914304657715896, 'balanced_accuracy': 0.8890354668274343, 'f1_macro': 0.8905588798723271, 'f1_micro': 0.8914304657715896, 'f1_weighted': 0.8913233643262225, 'precision_macro': 0.9080727768182317, 'precision_micro': 0.8914304657715896, 'precision_weighted': 0.9070464337518477, 'recall_macro': 0.8890354668274343, 'recall_micro': 0.8914304657715896, 'recall_weighted': 0.8914304657715896}
-----------------------
Epoch 71/100
Training statistic: Loss: 0.9440, train_score: {'accuracy': 0.6845107531766325, 'balanced_accuracy': 0.639641522587913, 'f1_macro': 0.6788197132881303, 'f1_micro': 0.6845107531766325, 'f1_weighted': 0.6812267735655165, 'precision_macro': 0.7754880106786856, 'precision_micro': 0.6845107531766325, 'precision_weighted': 0.7224037081464295, 'recall_macro': 0.639641522587913, 'recall_micro': 0.6845107531766325, 'recall_weighted': 0.6845107531766325}
Validation statistic: Loss: 0.4198, dev_score: {'accuracy': 0.8917619757997679, 'balanced_accuracy': 0.8887872432076236, 'f1_macro': 0.8900017605826441, 'f1_micro': 0.8917619757997679, 'f1_weighted': 0.891228117603401, 'precision_macro': 0.9087930938154644, 'precision_micro': 0.8917619757997679, 'precision_weighted': 0.9079086283665196, 'recall_macro': 0.8887872432076236, 'recall_micro': 0.8917619757997679, 'recall_weighted': 0.8917619757997679}
-----------------------
Epoch 72/100
Training statistic: Loss: 0.9385, train_score: {'accuracy': 0.6866912404116967, 'balanced_accuracy': 0.6423409207590459, 'f1_macro': 0.6807745432388682, 'f1_micro': 0.6866912404116967, 'f1_weighted': 0.6838092890374995, 'precision_macro': 0.776751202468464, 'precision_micro': 0.6866912404116967, 'precision_weighted': 0.724669638947849, 'recall_macro': 0.6423409207590459, 'recall_micro': 0.6866912404116967, 'recall_weighted': 0.6866912404116967}
Validation statistic: Loss: 0.4205, dev_score: {'accuracy': 0.8906016907011437, 'balanced_accuracy': 0.8877693412338376, 'f1_macro': 0.8890221216466404, 'f1_micro': 0.8906016907011437, 'f1_weighted': 0.8901787831980328, 'precision_macro': 0.9074438430269339, 'precision_micro': 0.8906016907011437, 'precision_weighted': 0.9066276705326408, 'recall_macro': 0.8877693412338376, 'recall_micro': 0.8906016907011437, 'recall_weighted': 0.8906016907011437}
-----------------------
Epoch 73/100
Training statistic: Loss: 0.9258, train_score: {'accuracy': 0.6913377548768933, 'balanced_accuracy': 0.6492761446693786, 'f1_macro': 0.68825968953047, 'f1_micro': 0.6913377548768933, 'f1_weighted': 0.6887395832535014, 'precision_macro': 0.7790712399283083, 'precision_micro': 0.6913377548768933, 'precision_weighted': 0.7269145530639145, 'recall_macro': 0.6492761446693786, 'recall_micro': 0.6913377548768933, 'recall_weighted': 0.6913377548768933}
Validation statistic: Loss: 0.3929, dev_score: {'accuracy': 0.9045251118846345, 'balanced_accuracy': 0.9020374430504303, 'f1_macro': 0.9033510301194548, 'f1_micro': 0.9045251118846345, 'f1_weighted': 0.9042911108593185, 'precision_macro': 0.9167569911590874, 'precision_micro': 0.9045251118846345, 'precision_weighted': 0.9159912693770536, 'recall_macro': 0.9020374430504303, 'recall_micro': 0.9045251118846345, 'recall_weighted': 0.9045251118846345}
Saving model...
Model saved!
-------------------------------------------
-----------------------
Epoch 74/100
Training statistic: Loss: 0.9364, train_score: {'accuracy': 0.6874505172167638, 'balanced_accuracy': 0.6440828091051592, 'f1_macro': 0.6817877493127087, 'f1_micro': 0.6874505172167638, 'f1_weighted': 0.6840413157109252, 'precision_macro': 0.7723357537018904, 'precision_micro': 0.6874505172167638, 'precision_weighted': 0.7214681402989128, 'recall_macro': 0.6440828091051592, 'recall_micro': 0.6874505172167638, 'recall_weighted': 0.6874505172167638}
Validation statistic: Loss: 0.4331, dev_score: {'accuracy': 0.8876181004475385, 'balanced_accuracy': 0.8845023640143509, 'f1_macro': 0.8868202483353566, 'f1_micro': 0.8876181004475385, 'f1_weighted': 0.8875919330801711, 'precision_macro': 0.9050652584107641, 'precision_micro': 0.8876181004475385, 'precision_weighted': 0.9034084230376678, 'recall_macro': 0.8845023640143509, 'recall_micro': 0.8876181004475385, 'recall_weighted': 0.8876181004475385}
-----------------------
Epoch 75/100
Training statistic: Loss: 0.9481, train_score: {'accuracy': 0.6829078354770465, 'balanced_accuracy': 0.635117817307132, 'f1_macro': 0.6748343878909274, 'f1_micro': 0.6829078354770465, 'f1_weighted': 0.678546083902949, 'precision_macro': 0.7769016158060837, 'precision_micro': 0.6829078354770465, 'precision_weighted': 0.7228969251577575, 'recall_macro': 0.635117817307132, 'recall_micro': 0.6829078354770465, 'recall_weighted': 0.6829078354770465}
Validation statistic: Loss: 0.4572, dev_score: {'accuracy': 0.8809878998839715, 'balanced_accuracy': 0.8775503423866022, 'f1_macro': 0.8800413671029904, 'f1_micro': 0.8809878998839715, 'f1_weighted': 0.8808485238342563, 'precision_macro': 0.9026853880608142, 'precision_micro': 0.8809878998839715, 'precision_weighted': 0.9006576524069537, 'recall_macro': 0.8775503423866022, 'recall_micro': 0.8809878998839715, 'recall_weighted': 0.8809878998839715}
-----------------------
Epoch 76/100
Training statistic: Loss: 0.9321, train_score: {'accuracy': 0.690961361247031, 'balanced_accuracy': 0.6468710270722109, 'f1_macro': 0.6848367074902367, 'f1_micro': 0.690961361247031, 'f1_weighted': 0.6874649373622133, 'precision_macro': 0.7777558899478609, 'precision_micro': 0.690961361247031, 'precision_weighted': 0.7263245426720968, 'recall_macro': 0.6468710270722109, 'recall_micro': 0.690961361247031, 'recall_weighted': 0.690961361247031}
Validation statistic: Loss: 0.4319, dev_score: {'accuracy': 0.888944140560252, 'balanced_accuracy': 0.885951252239203, 'f1_macro': 0.887140478270004, 'f1_micro': 0.888944140560252, 'f1_weighted': 0.888522742185784, 'precision_macro': 0.906713671621629, 'precision_micro': 0.888944140560252, 'precision_weighted': 0.9060964742092759, 'recall_macro': 0.885951252239203, 'recall_micro': 0.888944140560252, 'recall_weighted': 0.888944140560252}
-----------------------
Epoch 77/100
Training statistic: Loss: 0.9270, train_score: {'accuracy': 0.6943359248251068, 'balanced_accuracy': 0.6531809520676444, 'f1_macro': 0.6902228960576033, 'f1_micro': 0.6943359248251068, 'f1_weighted': 0.6915806749658805, 'precision_macro': 0.7812123421492043, 'precision_micro': 0.6943359248251068, 'precision_weighted': 0.7304007294787888, 'recall_macro': 0.6531809520676444, 'recall_micro': 0.6943359248251068, 'recall_weighted': 0.6943359248251068}
Validation statistic: Loss: 0.4105, dev_score: {'accuracy': 0.89938670644787, 'balanced_accuracy': 0.8974987990621885, 'f1_macro': 0.8993109513720137, 'f1_micro': 0.89938670644787, 'f1_weighted': 0.8995851535351014, 'precision_macro': 0.9138542272497429, 'precision_micro': 0.89938670644787, 'precision_weighted': 0.9126265548828928, 'recall_macro': 0.8974987990621885, 'recall_micro': 0.89938670644787, 'recall_weighted': 0.89938670644787}
-----------------------
Epoch 78/100
Training statistic: Loss: 0.9198, train_score: {'accuracy': 0.6931678066634651, 'balanced_accuracy': 0.6477141222315099, 'f1_macro': 0.6871525543727541, 'f1_micro': 0.6931678066634651, 'f1_weighted': 0.6898126564161835, 'precision_macro': 0.7854867974370682, 'precision_micro': 0.6931678066634651, 'precision_weighted': 0.7326558490058087, 'recall_macro': 0.6477141222315099, 'recall_micro': 0.6931678066634651, 'recall_weighted': 0.6931678066634651}
Validation statistic: Loss: 0.4073, dev_score: {'accuracy': 0.8964031161942648, 'balanced_accuracy': 0.8946767309097365, 'f1_macro': 0.8961080184708191, 'f1_micro': 0.8964031161942648, 'f1_weighted': 0.8963744643847064, 'precision_macro': 0.9131738193514677, 'precision_micro': 0.8964031161942648, 'precision_weighted': 0.9120288526792933, 'recall_macro': 0.8946767309097365, 'recall_micro': 0.8964031161942648, 'recall_weighted': 0.8964031161942648}
-----------------------
Epoch 79/100
Training statistic: Loss: 0.9077, train_score: {'accuracy': 0.7008903656209846, 'balanced_accuracy': 0.6612523246145672, 'f1_macro': 0.6979391843272085, 'f1_micro': 0.7008903656209846, 'f1_weighted': 0.6983462994222257, 'precision_macro': 0.7823544115927283, 'precision_micro': 0.7008903656209846, 'precision_weighted': 0.7337669953257794, 'recall_macro': 0.6612523246145672, 'recall_micro': 0.7008903656209846, 'recall_weighted': 0.7008903656209846}
Validation statistic: Loss: 0.3916, dev_score: {'accuracy': 0.9046908668987237, 'balanced_accuracy': 0.9030405524889604, 'f1_macro': 0.9046029798302675, 'f1_micro': 0.9046908668987237, 'f1_weighted': 0.9049510336892594, 'precision_macro': 0.9171656035512106, 'precision_micro': 0.9046908668987237, 'precision_weighted': 0.9162751711205832, 'recall_macro': 0.9030405524889604, 'recall_micro': 0.9046908668987237, 'recall_weighted': 0.9046908668987237}
Saving model...
Model saved!
-------------------------------------------
-----------------------
Epoch 80/100
Training statistic: Loss: 0.9071, train_score: {'accuracy': 0.7023115760509818, 'balanced_accuracy': 0.6634040727841686, 'f1_macro': 0.7005380933952443, 'f1_micro': 0.7023115760509818, 'f1_weighted': 0.6999310441279383, 'precision_macro': 0.782179108960986, 'precision_micro': 0.7023115760509818, 'precision_weighted': 0.7324096535740808, 'recall_macro': 0.6634040727841686, 'recall_micro': 0.7023115760509818, 'recall_weighted': 0.7023115760509818}
Validation statistic: Loss: 0.3886, dev_score: {'accuracy': 0.9126471075750041, 'balanced_accuracy': 0.9106040743736713, 'f1_macro': 0.9119010997771018, 'f1_micro': 0.9126471075750041, 'f1_weighted': 0.9126969872638074, 'precision_macro': 0.9221515002235605, 'precision_micro': 0.9126471075750041, 'precision_weighted': 0.9216371034220353, 'recall_macro': 0.9106040743736713, 'recall_micro': 0.9126471075750041, 'recall_weighted': 0.9126471075750041}
Saving model...
Model saved!
-------------------------------------------
-----------------------
Epoch 81/100
Training statistic: Loss: 0.9155, train_score: {'accuracy': 0.6967889729645541, 'balanced_accuracy': 0.6544844521894895, 'f1_macro': 0.6928203198208854, 'f1_micro': 0.6967889729645541, 'f1_weighted': 0.6939895575950674, 'precision_macro': 0.7833550790869208, 'precision_micro': 0.6967889729645541, 'precision_weighted': 0.7322937294827508, 'recall_macro': 0.6544844521894895, 'recall_micro': 0.6967889729645541, 'recall_weighted': 0.6967889729645541}
Validation statistic: Loss: 0.4162, dev_score: {'accuracy': 0.8998839714901375, 'balanced_accuracy': 0.8976720630274047, 'f1_macro': 0.8995013204273314, 'f1_micro': 0.8998839714901375, 'f1_weighted': 0.9000504471081059, 'precision_macro': 0.9136535878764173, 'precision_micro': 0.8998839714901375, 'precision_weighted': 0.9125179145116453, 'recall_macro': 0.8976720630274047, 'recall_micro': 0.8998839714901375, 'recall_weighted': 0.8998839714901375}
-----------------------
Epoch 82/100
Training statistic: Loss: 0.9116, train_score: {'accuracy': 0.6970161070515399, 'balanced_accuracy': 0.6534519750686993, 'f1_macro': 0.6943433701039717, 'f1_micro': 0.6970161070515399, 'f1_weighted': 0.6945851411707222, 'precision_macro': 0.789898276430639, 'precision_micro': 0.6970161070515399, 'precision_weighted': 0.7362482740934868, 'recall_macro': 0.6534519750686993, 'recall_micro': 0.6970161070515399, 'recall_weighted': 0.6970161070515399}
Validation statistic: Loss: 0.3932, dev_score: {'accuracy': 0.9056853969832588, 'balanced_accuracy': 0.904186972732614, 'f1_macro': 0.9054690917403143, 'f1_micro': 0.9056853969832588, 'f1_weighted': 0.9058664908685053, 'precision_macro': 0.9182485638845043, 'precision_micro': 0.9056853969832588, 'precision_weighted': 0.9175808317867656, 'recall_macro': 0.904186972732614, 'recall_micro': 0.9056853969832588, 'recall_weighted': 0.9056853969832588}
-----------------------
Epoch 83/100
Training statistic: Loss: 0.9081, train_score: {'accuracy': 0.7029540410398848, 'balanced_accuracy': 0.6629380843562365, 'f1_macro': 0.6995471755799467, 'f1_micro': 0.7029540410398848, 'f1_weighted': 0.7004181661486952, 'precision_macro': 0.7841372991355158, 'precision_micro': 0.7029540410398848, 'precision_weighted': 0.7346846198527973, 'recall_macro': 0.6629380843562365, 'recall_micro': 0.7029540410398848, 'recall_weighted': 0.7029540410398848}
Validation statistic: Loss: 0.3938, dev_score: {'accuracy': 0.9033648267860103, 'balanced_accuracy': 0.9011492431654965, 'f1_macro': 0.9023064724269249, 'f1_micro': 0.9033648267860103, 'f1_weighted': 0.9031330700406693, 'precision_macro': 0.9144619550787576, 'precision_micro': 0.9033648267860103, 'precision_weighted': 0.9138397459648812, 'recall_macro': 0.9011492431654965, 'recall_micro': 0.9033648267860103, 'recall_weighted': 0.9033648267860103}
-----------------------
Epoch 84/100
Training statistic: Loss: 0.8917, train_score: {'accuracy': 0.7039015146598829, 'balanced_accuracy': 0.6650495625930166, 'f1_macro': 0.7023063245781347, 'f1_micro': 0.7039015146598829, 'f1_weighted': 0.7016872807831023, 'precision_macro': 0.7853768630816496, 'precision_micro': 0.7039015146598829, 'precision_weighted': 0.736015740656305, 'recall_macro': 0.6650495625930166, 'recall_micro': 0.7039015146598829, 'recall_weighted': 0.7039015146598829}
Validation statistic: Loss: 0.3735, dev_score: {'accuracy': 0.9081717221945964, 'balanced_accuracy': 0.9064910829677272, 'f1_macro': 0.9080409313049651, 'f1_micro': 0.9081717221945964, 'f1_weighted': 0.9084651800024711, 'precision_macro': 0.9193955821780513, 'precision_micro': 0.9081717221945964, 'precision_weighted': 0.9185989256744503, 'recall_macro': 0.9064910829677272, 'recall_micro': 0.9081717221945964, 'recall_weighted': 0.9081717221945964}
Saving model...
Model saved!
-------------------------------------------
-----------------------
Epoch 85/100
Training statistic: Loss: 0.8990, train_score: {'accuracy': 0.703129258764131, 'balanced_accuracy': 0.6633533318382387, 'f1_macro': 0.7015222363369413, 'f1_micro': 0.703129258764131, 'f1_weighted': 0.7007707932783019, 'precision_macro': 0.7872324097826021, 'precision_micro': 0.703129258764131, 'precision_weighted': 0.7370004940716838, 'recall_macro': 0.6633533318382387, 'recall_micro': 0.703129258764131, 'recall_weighted': 0.703129258764131}
Validation statistic: Loss: 0.3917, dev_score: {'accuracy': 0.9051881319409912, 'balanced_accuracy': 0.9029478284128454, 'f1_macro': 0.9046900073923145, 'f1_micro': 0.9051881319409912, 'f1_weighted': 0.9054233508782202, 'precision_macro': 0.9176853434536513, 'precision_micro': 0.9051881319409912, 'precision_weighted': 0.9168371826926843, 'recall_macro': 0.9029478284128454, 'recall_micro': 0.9051881319409912, 'recall_weighted': 0.9051881319409912}
-----------------------
Epoch 86/100
Training statistic: Loss: 0.9024, train_score: {'accuracy': 0.7025841369553649, 'balanced_accuracy': 0.6596246851368657, 'f1_macro': 0.7010442160690971, 'f1_micro': 0.7025841369553649, 'f1_weighted': 0.7007203752704494, 'precision_macro': 0.7926124025858697, 'precision_micro': 0.7025841369553649, 'precision_weighted': 0.7391203276989764, 'recall_macro': 0.6596246851368657, 'recall_micro': 0.7025841369553649, 'recall_weighted': 0.7025841369553649}
Validation statistic: Loss: 0.3878, dev_score: {'accuracy': 0.9058511519973479, 'balanced_accuracy': 0.9039837420191752, 'f1_macro': 0.9056016330337107, 'f1_micro': 0.9058511519973479, 'f1_weighted': 0.9062158662350479, 'precision_macro': 0.9180835723724041, 'precision_micro': 0.9058511519973479, 'precision_weighted': 0.917417380026307, 'recall_macro': 0.9039837420191752, 'recall_micro': 0.9058511519973479, 'recall_weighted': 0.9058511519973479}
-----------------------
Epoch 87/100
Training statistic: Loss: 0.9000, train_score: {'accuracy': 0.7044076991965943, 'balanced_accuracy': 0.6632851924671482, 'f1_macro': 0.7012366429735194, 'f1_micro': 0.7044076991965943, 'f1_weighted': 0.7014234363152686, 'precision_macro': 0.7873324037225296, 'precision_micro': 0.7044076991965943, 'precision_weighted': 0.737054459714635, 'recall_macro': 0.6632851924671482, 'recall_micro': 0.7044076991965943, 'recall_weighted': 0.7044076991965943}
Validation statistic: Loss: 0.4038, dev_score: {'accuracy': 0.9020387866732968, 'balanced_accuracy': 0.9001142036482236, 'f1_macro': 0.9014843330908932, 'f1_micro': 0.9020387866732968, 'f1_weighted': 0.9018297122107531, 'precision_macro': 0.913851895329833, 'precision_micro': 0.9020387866732968, 'precision_weighted': 0.912689225514879, 'recall_macro': 0.9001142036482236, 'recall_micro': 0.9020387866732968, 'recall_weighted': 0.9020387866732968}
-----------------------
Epoch 88/100
Training statistic: Loss: 0.8943, train_score: {'accuracy': 0.7041286487468688, 'balanced_accuracy': 0.6620614425852124, 'f1_macro': 0.7011041365306869, 'f1_micro': 0.7041286487468688, 'f1_weighted': 0.7016896735583369, 'precision_macro': 0.7913611619938564, 'precision_micro': 0.7041286487468688, 'precision_weighted': 0.7400138944833631, 'recall_macro': 0.6620614425852124, 'recall_micro': 0.7041286487468688, 'recall_weighted': 0.7041286487468688}
Validation statistic: Loss: 0.3863, dev_score: {'accuracy': 0.9013757666169402, 'balanced_accuracy': 0.9005483371283398, 'f1_macro': 0.901735810782933, 'f1_micro': 0.9013757666169402, 'f1_weighted': 0.9015760404937834, 'precision_macro': 0.9152138656973893, 'precision_micro': 0.9013757666169402, 'precision_weighted': 0.9143289908061287, 'recall_macro': 0.9005483371283398, 'recall_micro': 0.9013757666169402, 'recall_weighted': 0.9013757666169402}
-----------------------
Epoch 89/100
Training statistic: Loss: 0.8957, train_score: {'accuracy': 0.7049203732786481, 'balanced_accuracy': 0.663440062484791, 'f1_macro': 0.7013190251653896, 'f1_micro': 0.7049203732786481, 'f1_weighted': 0.702350465549, 'precision_macro': 0.7904234821031835, 'precision_micro': 0.7049203732786481, 'precision_weighted': 0.7404489933619776, 'recall_macro': 0.663440062484791, 'recall_micro': 0.7049203732786481, 'recall_weighted': 0.7049203732786481}
Validation statistic: Loss: 0.3893, dev_score: {'accuracy': 0.9046908668987237, 'balanced_accuracy': 0.9033648362257021, 'f1_macro': 0.9044660417326789, 'f1_micro': 0.9046908668987237, 'f1_weighted': 0.9048443276341717, 'precision_macro': 0.9172259895839691, 'precision_micro': 0.9046908668987237, 'precision_weighted': 0.916731841410331, 'recall_macro': 0.9033648362257021, 'recall_micro': 0.9046908668987237, 'recall_weighted': 0.9046908668987237}
-----------------------
Epoch 90/100
Training statistic: Loss: 0.8899, train_score: {'accuracy': 0.7069840486975483, 'balanced_accuracy': 0.6661073275563216, 'f1_macro': 0.7038196811537305, 'f1_micro': 0.7069840486975483, 'f1_weighted': 0.704555951055697, 'precision_macro': 0.7885579460521204, 'precision_micro': 0.7069840486975483, 'precision_weighted': 0.7391838495643349, 'recall_macro': 0.6661073275563216, 'recall_micro': 0.7069840486975483, 'recall_weighted': 0.7069840486975483}
Validation statistic: Loss: 0.3986, dev_score: {'accuracy': 0.9015415216310293, 'balanced_accuracy': 0.8999264333137658, 'f1_macro': 0.9012577106823361, 'f1_micro': 0.9015415216310293, 'f1_weighted': 0.9016854121511124, 'precision_macro': 0.9140472688015263, 'precision_micro': 0.9015415216310293, 'precision_weighted': 0.9133902641614782, 'recall_macro': 0.8999264333137658, 'recall_micro': 0.9015415216310293, 'recall_weighted': 0.9015415216310293}
-----------------------
Epoch 91/100
Training statistic: Loss: 0.8740, train_score: {'accuracy': 0.7132594390437006, 'balanced_accuracy': 0.6760133835885862, 'f1_macro': 0.7122316257908375, 'f1_micro': 0.7132594390437006, 'f1_weighted': 0.7112225643422236, 'precision_macro': 0.7903493018972599, 'precision_micro': 0.7132594390437006, 'precision_weighted': 0.7426269554783955, 'recall_macro': 0.6760133835885862, 'recall_micro': 0.7132594390437006, 'recall_weighted': 0.7132594390437006}
Validation statistic: Loss: 0.3677, dev_score: {'accuracy': 0.9136416376595392, 'balanced_accuracy': 0.9120390908721747, 'f1_macro': 0.9133101873103533, 'f1_micro': 0.9136416376595392, 'f1_weighted': 0.9137675319465245, 'precision_macro': 0.9229827631701542, 'precision_micro': 0.9136416376595392, 'precision_weighted': 0.9223197494819845, 'recall_macro': 0.9120390908721747, 'recall_micro': 0.9136416376595392, 'recall_weighted': 0.9136416376595392}
Saving model...
Model saved!
-------------------------------------------
-----------------------
Epoch 92/100
Training statistic: Loss: 0.8871, train_score: {'accuracy': 0.7074707645982322, 'balanced_accuracy': 0.666304385467975, 'f1_macro': 0.7043411156501174, 'f1_micro': 0.7074707645982322, 'f1_weighted': 0.7046550465551139, 'precision_macro': 0.7907161498285424, 'precision_micro': 0.7074707645982322, 'precision_weighted': 0.7406066123827654, 'recall_macro': 0.666304385467975, 'recall_micro': 0.7074707645982322, 'recall_weighted': 0.7074707645982322}
Validation statistic: Loss: 0.3881, dev_score: {'accuracy': 0.9017072766451185, 'balanced_accuracy': 0.9002190475094963, 'f1_macro': 0.9017686092454766, 'f1_micro': 0.9017072766451185, 'f1_weighted': 0.9016628600431142, 'precision_macro': 0.914630212412909, 'precision_micro': 0.9017072766451185, 'precision_weighted': 0.913118861403258, 'recall_macro': 0.9002190475094963, 'recall_micro': 0.9017072766451185, 'recall_weighted': 0.9017072766451185}
-----------------------
Epoch 93/100
Training statistic: Loss: 0.8941, train_score: {'accuracy': 0.7095474191078173, 'balanced_accuracy': 0.6688973039536296, 'f1_macro': 0.70640571135626, 'f1_micro': 0.7095474191078173, 'f1_weighted': 0.707131264604757, 'precision_macro': 0.7902487860757164, 'precision_micro': 0.7095474191078173, 'precision_weighted': 0.7411458957052026, 'recall_macro': 0.6688973039536296, 'recall_micro': 0.7095474191078173, 'recall_weighted': 0.7095474191078173}
Validation statistic: Loss: 0.4113, dev_score: {'accuracy': 0.9017072766451185, 'balanced_accuracy': 0.8999902956975744, 'f1_macro': 0.9013821114455706, 'f1_micro': 0.9017072766451185, 'f1_weighted': 0.9019622082333345, 'precision_macro': 0.913931396664112, 'precision_micro': 0.9017072766451185, 'precision_weighted': 0.9133976422478617, 'recall_macro': 0.8999902956975744, 'recall_micro': 0.9017072766451185, 'recall_weighted': 0.9017072766451185}
-----------------------
Epoch 94/100
Training statistic: Loss: 0.8870, train_score: {'accuracy': 0.7084701545809701, 'balanced_accuracy': 0.6661512836726594, 'f1_macro': 0.704035440122497, 'f1_micro': 0.7084701545809701, 'f1_weighted': 0.7054919048337207, 'precision_macro': 0.7925519958091687, 'precision_micro': 0.7084701545809701, 'precision_weighted': 0.7426219612035495, 'recall_macro': 0.6661512836726594, 'recall_micro': 0.7084701545809701, 'recall_weighted': 0.7084701545809701}
Validation statistic: Loss: 0.4037, dev_score: {'accuracy': 0.8988894414056026, 'balanced_accuracy': 0.8972100328895125, 'f1_macro': 0.8988528995013366, 'f1_micro': 0.8988894414056026, 'f1_weighted': 0.8993759615818031, 'precision_macro': 0.9133811927259885, 'precision_micro': 0.8988894414056026, 'precision_weighted': 0.9127517324530643, 'recall_macro': 0.8972100328895125, 'recall_micro': 0.8988894414056026, 'recall_weighted': 0.8988894414056026}
-----------------------
Epoch 95/100
Training statistic: Loss: 0.8745, train_score: {'accuracy': 0.7107869222682259, 'balanced_accuracy': 0.6690395321617425, 'f1_macro': 0.7081641104490171, 'f1_micro': 0.7107869222682259, 'f1_weighted': 0.7084761599751935, 'precision_macro': 0.7940438412476973, 'precision_micro': 0.7107869222682259, 'precision_weighted': 0.7439233412266081, 'recall_macro': 0.6690395321617425, 'recall_micro': 0.7107869222682259, 'recall_weighted': 0.7107869222682259}
Validation statistic: Loss: 0.3756, dev_score: {'accuracy': 0.9030333167578319, 'balanced_accuracy': 0.9012323026530812, 'f1_macro': 0.9028808292827465, 'f1_micro': 0.9030333167578319, 'f1_weighted': 0.9033932811503879, 'precision_macro': 0.9151900682542745, 'precision_micro': 0.9030333167578319, 'precision_weighted': 0.9144754701547486, 'recall_macro': 0.9012323026530812, 'recall_micro': 0.9030333167578319, 'recall_weighted': 0.9030333167578319}
-----------------------
Epoch 96/100
Training statistic: Loss: 0.8883, train_score: {'accuracy': 0.7068218100639869, 'balanced_accuracy': 0.663072541705896, 'f1_macro': 0.7025737931230928, 'f1_micro': 0.7068218100639869, 'f1_weighted': 0.7040976177506976, 'precision_macro': 0.7930758843283824, 'precision_micro': 0.7068218100639869, 'precision_weighted': 0.7425923691921468, 'recall_macro': 0.663072541705896, 'recall_micro': 0.7068218100639869, 'recall_weighted': 0.7068218100639869}
Validation statistic: Loss: 0.4085, dev_score: {'accuracy': 0.8914304657715896, 'balanced_accuracy': 0.8893955200541471, 'f1_macro': 0.8913750491442878, 'f1_micro': 0.8914304657715896, 'f1_weighted': 0.892046345941133, 'precision_macro': 0.9080876328424281, 'precision_micro': 0.8914304657715896, 'precision_weighted': 0.9074473522331519, 'recall_macro': 0.8893955200541471, 'recall_micro': 0.8914304657715896, 'recall_weighted': 0.8914304657715896}
-----------------------
Epoch 97/100
Training statistic: Loss: 0.8777, train_score: {'accuracy': 0.7112931068049373, 'balanced_accuracy': 0.6705330024392021, 'f1_macro': 0.708153890504436, 'f1_micro': 0.7112931068049373, 'f1_weighted': 0.7083520197861172, 'precision_macro': 0.7924249330484232, 'precision_micro': 0.7112931068049373, 'precision_weighted': 0.742840197753263, 'recall_macro': 0.6705330024392021, 'recall_micro': 0.7112931068049373, 'recall_weighted': 0.7112931068049373}
Validation statistic: Loss: 0.3906, dev_score: {'accuracy': 0.9053538869550803, 'balanced_accuracy': 0.9033429937876308, 'f1_macro': 0.9048639841481432, 'f1_micro': 0.9053538869550803, 'f1_weighted': 0.9054281099821214, 'precision_macro': 0.9169036579943264, 'precision_micro': 0.9053538869550803, 'precision_weighted': 0.9160444167809971, 'recall_macro': 0.9033429937876308, 'recall_micro': 0.9053538869550803, 'recall_weighted': 0.9053538869550803}
-----------------------
Epoch 98/100
Training statistic: Loss: 0.8713, train_score: {'accuracy': 0.714927252196711, 'balanced_accuracy': 0.6747515628153986, 'f1_macro': 0.7133229426087625, 'f1_micro': 0.714927252196711, 'f1_weighted': 0.713098182140481, 'precision_macro': 0.7943778124443626, 'precision_micro': 0.714927252196711, 'precision_weighted': 0.7452768453435635, 'recall_macro': 0.6747515628153986, 'recall_micro': 0.714927252196711, 'recall_weighted': 0.714927252196711}
Validation statistic: Loss: 0.3786, dev_score: {'accuracy': 0.9051881319409912, 'balanced_accuracy': 0.9032356677364808, 'f1_macro': 0.9048995607278822, 'f1_micro': 0.9051881319409912, 'f1_weighted': 0.9055220811050516, 'precision_macro': 0.9175912848068506, 'precision_micro': 0.9051881319409912, 'precision_weighted': 0.9168703404609119, 'recall_macro': 0.9032356677364808, 'recall_micro': 0.9051881319409912, 'recall_weighted': 0.9051881319409912}
-----------------------
Epoch 99/100
Training statistic: Loss: 0.8718, train_score: {'accuracy': 0.7141549963009591, 'balanced_accuracy': 0.6729039881928183, 'f1_macro': 0.7122197889665116, 'f1_micro': 0.7141549963009591, 'f1_weighted': 0.7118230723462494, 'precision_macro': 0.7984754633800167, 'precision_micro': 0.7141549963009591, 'precision_weighted': 0.7477267940397248, 'recall_macro': 0.6729039881928183, 'recall_micro': 0.7141549963009591, 'recall_weighted': 0.7141549963009591}
Validation statistic: Loss: 0.3704, dev_score: {'accuracy': 0.9091662522791314, 'balanced_accuracy': 0.9074587516219298, 'f1_macro': 0.9088365846551121, 'f1_micro': 0.9091662522791314, 'f1_weighted': 0.9094883579255106, 'precision_macro': 0.9207238988256335, 'precision_micro': 0.9091662522791314, 'precision_weighted': 0.9202773149350303, 'recall_macro': 0.9074587516219298, 'recall_micro': 0.9091662522791314, 'recall_weighted': 0.9091662522791314}
-----------------------
Epoch 100/100
Training statistic: Loss: 0.8661, train_score: {'accuracy': 0.7151154490116423, 'balanced_accuracy': 0.6740485382874758, 'f1_macro': 0.713322041615424, 'f1_micro': 0.7151154490116423, 'f1_weighted': 0.7127714321879688, 'precision_macro': 0.7997864052993162, 'precision_micro': 0.7151154490116423, 'precision_weighted': 0.7495146091991413, 'recall_macro': 0.6740485382874758, 'recall_micro': 0.7151154490116423, 'recall_weighted': 0.7151154490116423}
Validation statistic: Loss: 0.3678, dev_score: {'accuracy': 0.9103265373777557, 'balanced_accuracy': 0.909271658778653, 'f1_macro': 0.9100568451286776, 'f1_micro': 0.9103265373777557, 'f1_weighted': 0.9103854432913523, 'precision_macro': 0.9210361628074921, 'precision_micro': 0.9103265373777557, 'precision_weighted': 0.9206957909565745, 'recall_macro': 0.909271658778653, 'recall_micro': 0.9103265373777557, 'recall_weighted': 0.9103265373777557}
Testing statistic: loss: 0.3840717503839286, scores: {'accuracy': 0.9060062797528613, 'balanced_accuracy': 0.9062837843764224, 'f1_macro': 0.9064189172583209, 'f1_micro': 0.9060062797528613, 'f1_weighted': 0.9062152086940486, 'precision_macro': 0.9167471374540097, 'precision_micro': 0.9060062797528613, 'precision_weighted': 0.9167407966149879, 'recall_macro': 0.9062837843764224, 'recall_micro': 0.9060062797528613, 'recall_weighted': 0.9060062797528613}
Finish training!
