=====Setting up data=====
Dataset name:mnist28
train_option:mix
augment_option:tvae
mix_ratio:-1
n_sample:-1
Training dataset size: 154112 samples
Validation dataset size: 6144 samples

=====Setting up parameters for training=====
num_epochs: 100
learning_rate: 0.001
patience: 30
early_stop_criterion: loss
=====Setting up trainer=====
input_size: 784
model: DNN_MNIST28
----------------------------------------------------------------
        Layer (type)               Output Shape         Param #
================================================================
           Dropout-1                  [-1, 784]               0
            Linear-2                  [-1, 512]         401,920
         LeakyReLU-3                  [-1, 512]               0
       BatchNorm1d-4                  [-1, 512]           1,024
           Dropout-5                  [-1, 512]               0
            Linear-6                 [-1, 1024]         525,312
         LeakyReLU-7                 [-1, 1024]               0
       BatchNorm1d-8                 [-1, 1024]           2,048
           Dropout-9                 [-1, 1024]               0
           Linear-10                  [-1, 256]         262,400
        LeakyReLU-11                  [-1, 256]               0
      BatchNorm1d-12                  [-1, 256]             512
          Dropout-13                  [-1, 256]               0
           Linear-14                  [-1, 128]          32,896
        LeakyReLU-15                  [-1, 128]               0
      BatchNorm1d-16                  [-1, 128]             256
          Dropout-17                  [-1, 128]               0
           Linear-18                   [-1, 10]           1,290
================================================================
Total params: 1,227,658
Trainable params: 1,227,658
Non-trainable params: 0
----------------------------------------------------------------
Input size (MB): 0.00
Forward/backward pass size (MB): 0.06
Params size (MB): 4.68
Estimated Total Size (MB): 4.75
----------------------------------------------------------------
=====Setting up output files=====
weight_dir, weight_file: /home/thuy/Research/minh_data_synth/TabularDA/.cache/mnist_head_fixed_runtime_20261009/output/mnist_head_fixed_20261009/mnist28/weight/, mnist28_seed42_tvae_full_generated_mix.weights.pth
acc_dir, acc_file: /home/thuy/Research/minh_data_synth/TabularDA/.cache/mnist_head_fixed_runtime_20261009/output/mnist_head_fixed_20261009/mnist28/acc/, mnist28_seed42_tvae_full_generated_mix.epochs.csv
report_file: mnist28_seed42_tvae_full_generated_mix.report.txt
==========================================================================================
Start training...
-----------------------
Epoch 1/100
Training statistic: Loss: 0.7478, train_score: {'accuracy': 0.7459797266603502, 'balanced_accuracy': 0.7452241436814078, 'f1_macro': 0.7484724379769978, 'f1_micro': 0.7459797266603502, 'f1_weighted': 0.745643929615945, 'precision_macro': 0.7560195812059414, 'precision_micro': 0.7459797266603502, 'precision_weighted': 0.7494971094031029, 'recall_macro': 0.7452241436814078, 'recall_micro': 0.7459797266603502, 'recall_weighted': 0.7459797266603502}
Validation statistic: Loss: 0.3408, dev_score: {'accuracy': 0.9176197579976795, 'balanced_accuracy': 0.9164702448582609, 'f1_macro': 0.9167792332250295, 'f1_micro': 0.9176197579976795, 'f1_weighted': 0.9177775061775202, 'precision_macro': 0.9195553282598515, 'precision_micro': 0.9176197579976795, 'precision_weighted': 0.9202873928887121, 'recall_macro': 0.9164702448582609, 'recall_micro': 0.9176197579976795, 'recall_weighted': 0.9176197579976795}
Saving model...
Model saved!
-------------------------------------------
-----------------------
Epoch 2/100
Training statistic: Loss: 0.6871, train_score: {'accuracy': 0.7650654795125054, 'balanced_accuracy': 0.7639724617125975, 'f1_macro': 0.7670236246797412, 'f1_micro': 0.7650654795125054, 'f1_weighted': 0.764577948136992, 'precision_macro': 0.7742921484265495, 'precision_micro': 0.7650654795125054, 'precision_weighted': 0.7678567373178953, 'recall_macro': 0.7639724617125975, 'recall_micro': 0.7650654795125054, 'recall_weighted': 0.7650654795125054}
Validation statistic: Loss: 0.2938, dev_score: {'accuracy': 0.9345267694347754, 'balanced_accuracy': 0.9336323237822354, 'f1_macro': 0.9337704981508594, 'f1_micro': 0.9345267694347754, 'f1_weighted': 0.9345485082136324, 'precision_macro': 0.9352113314910018, 'precision_micro': 0.9345267694347754, 'precision_weighted': 0.9358097894828313, 'recall_macro': 0.9336323237822354, 'recall_micro': 0.9345267694347754, 'recall_weighted': 0.9345267694347754}
Saving model...
Model saved!
-------------------------------------------
-----------------------
Epoch 3/100
Training statistic: Loss: 0.6478, train_score: {'accuracy': 0.7765779329500175, 'balanced_accuracy': 0.7767124987440094, 'f1_macro': 0.7786789641359624, 'f1_micro': 0.7765779329500175, 'f1_weighted': 0.7760863608531318, 'precision_macro': 0.7845416233221844, 'precision_micro': 0.7765779329500175, 'precision_weighted': 0.779130082510653, 'recall_macro': 0.7767124987440094, 'recall_micro': 0.7765779329500175, 'recall_weighted': 0.7765779329500175}
Validation statistic: Loss: 0.2610, dev_score: {'accuracy': 0.9424830101110558, 'balanced_accuracy': 0.9416967779250861, 'f1_macro': 0.9419795389496345, 'f1_micro': 0.9424830101110558, 'f1_weighted': 0.9425568172252722, 'precision_macro': 0.9433604156483165, 'precision_micro': 0.9424830101110558, 'precision_weighted': 0.9436836349487661, 'recall_macro': 0.9416967779250861, 'recall_micro': 0.9424830101110558, 'recall_weighted': 0.9424830101110558}
Saving model...
Model saved!
-------------------------------------------
-----------------------
Epoch 4/100
Training statistic: Loss: 0.6251, train_score: {'accuracy': 0.783456851013018, 'balanced_accuracy': 0.7838419138218067, 'f1_macro': 0.7860156294169817, 'f1_micro': 0.783456851013018, 'f1_weighted': 0.7830764524968661, 'precision_macro': 0.7911080723694658, 'precision_micro': 0.783456851013018, 'precision_weighted': 0.7853990929065707, 'recall_macro': 0.7838419138218067, 'recall_micro': 0.783456851013018, 'recall_weighted': 0.783456851013018}
Validation statistic: Loss: 0.2474, dev_score: {'accuracy': 0.9443063152660368, 'balanced_accuracy': 0.9435343248195727, 'f1_macro': 0.9439083989408769, 'f1_micro': 0.9443063152660368, 'f1_weighted': 0.944395893499342, 'precision_macro': 0.9451671733523398, 'precision_micro': 0.9443063152660368, 'precision_weighted': 0.945339467621455, 'recall_macro': 0.9435343248195727, 'recall_micro': 0.9443063152660368, 'recall_weighted': 0.9443063152660368}
Saving model...
Model saved!
-------------------------------------------
-----------------------
Epoch 5/100
Training statistic: Loss: 0.6048, train_score: {'accuracy': 0.7892065881864316, 'balanced_accuracy': 0.7898061190705868, 'f1_macro': 0.7912562934848241, 'f1_micro': 0.7892065881864316, 'f1_weighted': 0.7887657667857968, 'precision_macro': 0.7960466024801612, 'precision_micro': 0.7892065881864316, 'precision_weighted': 0.7913829166118513, 'recall_macro': 0.7898061190705868, 'recall_micro': 0.7892065881864316, 'recall_weighted': 0.7892065881864316}
Validation statistic: Loss: 0.2314, dev_score: {'accuracy': 0.9501077407591579, 'balanced_accuracy': 0.9493144476794674, 'f1_macro': 0.9495031509917121, 'f1_micro': 0.9501077407591579, 'f1_weighted': 0.9500427999766735, 'precision_macro': 0.9505036038751437, 'precision_micro': 0.9501077407591579, 'precision_weighted': 0.9507691458082451, 'recall_macro': 0.9493144476794674, 'recall_micro': 0.9501077407591579, 'recall_weighted': 0.9501077407591579}
Saving model...
Model saved!
-------------------------------------------
-----------------------
Epoch 6/100
Training statistic: Loss: 0.5922, train_score: {'accuracy': 0.7937557594714915, 'balanced_accuracy': 0.7938437182222321, 'f1_macro': 0.7958748323576139, 'f1_micro': 0.7937557594714915, 'f1_weighted': 0.7934035985172183, 'precision_macro': 0.8013460820129985, 'precision_micro': 0.7937557594714915, 'precision_weighted': 0.7961901242754071, 'recall_macro': 0.7938437182222321, 'recall_micro': 0.7937557594714915, 'recall_weighted': 0.7937557594714915}
Validation statistic: Loss: 0.2303, dev_score: {'accuracy': 0.9474556605337311, 'balanced_accuracy': 0.9468928319976284, 'f1_macro': 0.9470264275452152, 'f1_micro': 0.9474556605337311, 'f1_weighted': 0.9474176134731487, 'precision_macro': 0.9480780318718811, 'precision_micro': 0.9474556605337311, 'precision_weighted': 0.9482725190843241, 'recall_macro': 0.9468928319976284, 'recall_micro': 0.9474556605337311, 'recall_weighted': 0.9474556605337311}
Saving model...
Model saved!
-------------------------------------------
-----------------------
Epoch 7/100
Training statistic: Loss: 0.5811, train_score: {'accuracy': 0.7968902098718964, 'balanced_accuracy': 0.7977671636622043, 'f1_macro': 0.7988440144511348, 'f1_micro': 0.7968902098718964, 'f1_weighted': 0.7964308906636033, 'precision_macro': 0.8027405404523875, 'precision_micro': 0.7968902098718964, 'precision_weighted': 0.7984898667870217, 'recall_macro': 0.7977671636622043, 'recall_micro': 0.7968902098718964, 'recall_weighted': 0.7968902098718964}
Validation statistic: Loss: 0.2197, dev_score: {'accuracy': 0.9499419857450688, 'balanced_accuracy': 0.9495647828348825, 'f1_macro': 0.9495275801434453, 'f1_micro': 0.9499419857450688, 'f1_weighted': 0.9499550812193494, 'precision_macro': 0.950266515080148, 'precision_micro': 0.9499419857450688, 'precision_weighted': 0.9507275545276889, 'recall_macro': 0.9495647828348825, 'recall_micro': 0.9499419857450688, 'recall_weighted': 0.9499419857450688}
Saving model...
Model saved!
-------------------------------------------
-----------------------
Epoch 8/100
Training statistic: Loss: 0.5620, train_score: {'accuracy': 0.8026334574999675, 'balanced_accuracy': 0.803336935249618, 'f1_macro': 0.8049647600787602, 'f1_micro': 0.8026334574999675, 'f1_weighted': 0.8024116934297806, 'precision_macro': 0.808905543446544, 'precision_micro': 0.8026334574999675, 'precision_weighted': 0.8043334889943602, 'recall_macro': 0.803336935249618, 'recall_micro': 0.8026334574999675, 'recall_weighted': 0.8026334574999675}
Validation statistic: Loss: 0.2032, dev_score: {'accuracy': 0.9532570860268523, 'balanced_accuracy': 0.952799571948949, 'f1_macro': 0.9529484549125613, 'f1_micro': 0.9532570860268523, 'f1_weighted': 0.953266274944424, 'precision_macro': 0.9535895193348829, 'precision_micro': 0.9532570860268523, 'precision_weighted': 0.9537602533101205, 'recall_macro': 0.952799571948949, 'recall_micro': 0.9532570860268523, 'recall_weighted': 0.9532570860268523}
Saving model...
Model saved!
-------------------------------------------
-----------------------
Epoch 9/100
Training statistic: Loss: 0.5514, train_score: {'accuracy': 0.8071112437862603, 'balanced_accuracy': 0.8070040657093596, 'f1_macro': 0.8095094086137303, 'f1_micro': 0.8071112437862603, 'f1_weighted': 0.8069810337516663, 'precision_macro': 0.8138068008947956, 'precision_micro': 0.8071112437862603, 'precision_weighted': 0.8085258118201318, 'recall_macro': 0.8070040657093596, 'recall_micro': 0.8071112437862603, 'recall_weighted': 0.8071112437862603}
Validation statistic: Loss: 0.2008, dev_score: {'accuracy': 0.9524283109564065, 'balanced_accuracy': 0.9519983390699729, 'f1_macro': 0.9521129400061408, 'f1_micro': 0.9524283109564065, 'f1_weighted': 0.9525085495529274, 'precision_macro': 0.9528283871518475, 'precision_micro': 0.9524283109564065, 'precision_weighted': 0.9531764748731176, 'recall_macro': 0.9519983390699729, 'recall_micro': 0.9524283109564065, 'recall_weighted': 0.9524283109564065}
Saving model...
Model saved!
-------------------------------------------
-----------------------
Epoch 10/100
Training statistic: Loss: 0.5398, train_score: {'accuracy': 0.8101872882785832, 'balanced_accuracy': 0.8102731853950262, 'f1_macro': 0.8124054179738851, 'f1_micro': 0.8101872882785832, 'f1_weighted': 0.8100445994327008, 'precision_macro': 0.8161133183685146, 'precision_micro': 0.8101872882785832, 'precision_weighted': 0.8113444086950805, 'recall_macro': 0.8102731853950262, 'recall_micro': 0.8101872882785832, 'recall_weighted': 0.8101872882785832}
Validation statistic: Loss: 0.1900, dev_score: {'accuracy': 0.9545831261395658, 'balanced_accuracy': 0.9542416240935573, 'f1_macro': 0.9542919804378356, 'f1_micro': 0.9545831261395658, 'f1_weighted': 0.9546037610349468, 'precision_macro': 0.9546624285911797, 'precision_micro': 0.9545831261395658, 'precision_weighted': 0.9549444087906216, 'recall_macro': 0.9542416240935573, 'recall_micro': 0.9545831261395658, 'recall_weighted': 0.9545831261395658}
Saving model...
Model saved!
-------------------------------------------
-----------------------
Epoch 11/100
Training statistic: Loss: 0.5339, train_score: {'accuracy': 0.8123937336950173, 'balanced_accuracy': 0.8120806065586343, 'f1_macro': 0.8146016094140439, 'f1_micro': 0.8123937336950173, 'f1_weighted': 0.81225799791823, 'precision_macro': 0.8189221513247947, 'precision_micro': 0.8123937336950173, 'precision_weighted': 0.8138016513197949, 'recall_macro': 0.8120806065586343, 'recall_micro': 0.8123937336950173, 'recall_weighted': 0.8123937336950173}
Validation statistic: Loss: 0.1918, dev_score: {'accuracy': 0.9560749212663683, 'balanced_accuracy': 0.9555776805002385, 'f1_macro': 0.9556679649956831, 'f1_micro': 0.9560749212663683, 'f1_weighted': 0.9560790888290828, 'precision_macro': 0.95624053898554, 'precision_micro': 0.9560749212663683, 'precision_weighted': 0.9565589951777369, 'recall_macro': 0.9555776805002385, 'recall_micro': 0.9560749212663683, 'recall_weighted': 0.9560749212663683}
-----------------------
Epoch 12/100
Training statistic: Loss: 0.5209, train_score: {'accuracy': 0.8162744818098044, 'balanced_accuracy': 0.816596843872653, 'f1_macro': 0.8187398583509896, 'f1_micro': 0.8162744818098044, 'f1_weighted': 0.8162318103763087, 'precision_macro': 0.8223960028385688, 'precision_micro': 0.8162744818098044, 'precision_weighted': 0.8176571659645486, 'recall_macro': 0.816596843872653, 'recall_micro': 0.8162744818098044, 'recall_weighted': 0.8162744818098044}
Validation statistic: Loss: 0.1842, dev_score: {'accuracy': 0.9549146361677441, 'balanced_accuracy': 0.9546691379949271, 'f1_macro': 0.9546843152498636, 'f1_micro': 0.9549146361677441, 'f1_weighted': 0.9549783957359336, 'precision_macro': 0.9551097206381642, 'precision_micro': 0.9549146361677441, 'precision_weighted': 0.9554421313073709, 'recall_macro': 0.9546691379949271, 'recall_micro': 0.9549146361677441, 'recall_weighted': 0.9549146361677441}
Saving model...
Model saved!
-------------------------------------------
-----------------------
Epoch 13/100
Training statistic: Loss: 0.5151, train_score: {'accuracy': 0.8177346295118564, 'balanced_accuracy': 0.8179321162359198, 'f1_macro': 0.8197953262622821, 'f1_micro': 0.8177346295118564, 'f1_weighted': 0.8174908543062224, 'precision_macro': 0.8233326578561101, 'precision_micro': 0.8177346295118564, 'precision_weighted': 0.81872524474634, 'recall_macro': 0.8179321162359198, 'recall_micro': 0.8177346295118564, 'recall_weighted': 0.8177346295118564}
Validation statistic: Loss: 0.1830, dev_score: {'accuracy': 0.9545831261395658, 'balanced_accuracy': 0.9540755316796116, 'f1_macro': 0.9542500905235946, 'f1_micro': 0.9545831261395658, 'f1_weighted': 0.9546127883634806, 'precision_macro': 0.9549708478138816, 'precision_micro': 0.9545831261395658, 'precision_weighted': 0.9551728729137137, 'recall_macro': 0.9540755316796116, 'recall_micro': 0.9545831261395658, 'recall_weighted': 0.9545831261395658}
Saving model...
Model saved!
-------------------------------------------
-----------------------
Epoch 14/100
Training statistic: Loss: 0.5115, train_score: {'accuracy': 0.8191428608511687, 'balanced_accuracy': 0.8186815084115701, 'f1_macro': 0.8214966951398331, 'f1_micro': 0.8191428608511687, 'f1_weighted': 0.8190743702983838, 'precision_macro': 0.8263540446509937, 'precision_micro': 0.8191428608511687, 'precision_weighted': 0.820980835240552, 'recall_macro': 0.8186815084115701, 'recall_micro': 0.8191428608511687, 'recall_weighted': 0.8191428608511687}
Validation statistic: Loss: 0.1816, dev_score: {'accuracy': 0.9562406762804575, 'balanced_accuracy': 0.9557128001314259, 'f1_macro': 0.9558585696085107, 'f1_micro': 0.9562406762804575, 'f1_weighted': 0.9562983435459895, 'precision_macro': 0.956636798451694, 'precision_micro': 0.9562406762804575, 'precision_weighted': 0.9569678307651884, 'recall_macro': 0.9557128001314259, 'recall_micro': 0.9562406762804575, 'recall_weighted': 0.9562406762804575}
Saving model...
Model saved!
-------------------------------------------
-----------------------
Epoch 15/100
Training statistic: Loss: 0.5049, train_score: {'accuracy': 0.8216088880813011, 'balanced_accuracy': 0.821450397001682, 'f1_macro': 0.8237701430934248, 'f1_micro': 0.8216088880813011, 'f1_weighted': 0.8214185858178408, 'precision_macro': 0.8284361530192326, 'precision_micro': 0.8216088880813011, 'precision_weighted': 0.8234807461958045, 'recall_macro': 0.821450397001682, 'recall_micro': 0.8216088880813011, 'recall_weighted': 0.8216088880813011}
Validation statistic: Loss: 0.1790, dev_score: {'accuracy': 0.9570694513509034, 'balanced_accuracy': 0.9566098105040387, 'f1_macro': 0.9567769415990666, 'f1_micro': 0.9570694513509034, 'f1_weighted': 0.957112029835802, 'precision_macro': 0.9575747036120577, 'precision_micro': 0.9570694513509034, 'precision_weighted': 0.957769602915264, 'recall_macro': 0.9566098105040387, 'recall_micro': 0.9570694513509034, 'recall_weighted': 0.9570694513509034}
Saving model...
Model saved!
-------------------------------------------
-----------------------
Epoch 16/100
Training statistic: Loss: 0.4952, train_score: {'accuracy': 0.8250743052941711, 'balanced_accuracy': 0.825243486967086, 'f1_macro': 0.8275914500897702, 'f1_micro': 0.8250743052941711, 'f1_weighted': 0.8250562423988647, 'precision_macro': 0.8312936021281739, 'precision_micro': 0.8250743052941711, 'precision_weighted': 0.8263113940119821, 'recall_macro': 0.825243486967086, 'recall_micro': 0.8250743052941711, 'recall_weighted': 0.8250743052941711}
Validation statistic: Loss: 0.1715, dev_score: {'accuracy': 0.9588927565058843, 'balanced_accuracy': 0.9582916222291755, 'f1_macro': 0.9586461225445067, 'f1_micro': 0.9588927565058843, 'f1_weighted': 0.9589655168908116, 'precision_macro': 0.959516197446581, 'precision_micro': 0.9588927565058843, 'precision_weighted': 0.9595386138047588, 'recall_macro': 0.9582916222291755, 'recall_micro': 0.9588927565058843, 'recall_weighted': 0.9588927565058843}
Saving model...
Model saved!
-------------------------------------------
-----------------------
Epoch 17/100
Training statistic: Loss: 0.4976, train_score: {'accuracy': 0.8238477812244475, 'balanced_accuracy': 0.8232626374033613, 'f1_macro': 0.8262963791344372, 'f1_micro': 0.8238477812244475, 'f1_weighted': 0.8237868051037197, 'precision_macro': 0.8314882618152236, 'precision_micro': 0.8238477812244475, 'precision_weighted': 0.825756601942324, 'recall_macro': 0.8232626374033613, 'recall_micro': 0.8238477812244475, 'recall_weighted': 0.8238477812244475}
Validation statistic: Loss: 0.1781, dev_score: {'accuracy': 0.9552461461959224, 'balanced_accuracy': 0.9547267995917655, 'f1_macro': 0.9549024679422888, 'f1_micro': 0.9552461461959224, 'f1_weighted': 0.9552909302468039, 'precision_macro': 0.9557179601048755, 'precision_micro': 0.9552461461959224, 'precision_weighted': 0.9559584054612762, 'recall_macro': 0.9547267995917655, 'recall_micro': 0.9552461461959224, 'recall_weighted': 0.9552461461959224}
-----------------------
Epoch 18/100
Training statistic: Loss: 0.4833, train_score: {'accuracy': 0.8266058379949901, 'balanced_accuracy': 0.8276497812352062, 'f1_macro': 0.8289507367933308, 'f1_micro': 0.8266058379949901, 'f1_weighted': 0.8265109983226314, 'precision_macro': 0.8318624455199002, 'precision_micro': 0.8266058379949901, 'precision_weighted': 0.8279461786851336, 'recall_macro': 0.8276497812352062, 'recall_micro': 0.8266058379949901, 'recall_weighted': 0.8266058379949901}
Validation statistic: Loss: 0.1641, dev_score: {'accuracy': 0.9592242665340627, 'balanced_accuracy': 0.9586678102542026, 'f1_macro': 0.9589193895282667, 'f1_micro': 0.9592242665340627, 'f1_weighted': 0.9592370713919017, 'precision_macro': 0.9596219377038192, 'precision_micro': 0.9592242665340627, 'precision_weighted': 0.9596983095369953, 'recall_macro': 0.9586678102542026, 'recall_micro': 0.9592242665340627, 'recall_weighted': 0.9592242665340627}
Saving model...
Model saved!
-------------------------------------------
-----------------------
Epoch 19/100
Training statistic: Loss: 0.4811, train_score: {'accuracy': 0.8291821874959441, 'balanced_accuracy': 0.8292595248775669, 'f1_macro': 0.8312099397028812, 'f1_micro': 0.8291821874959441, 'f1_weighted': 0.8290252676124169, 'precision_macro': 0.8347724213549184, 'precision_micro': 0.8291821874959441, 'precision_weighted': 0.830363271596392, 'recall_macro': 0.8292595248775669, 'recall_micro': 0.8291821874959441, 'recall_weighted': 0.8291821874959441}
Validation statistic: Loss: 0.1664, dev_score: {'accuracy': 0.959555776562241, 'balanced_accuracy': 0.9591692573850942, 'f1_macro': 0.9593044084517018, 'f1_micro': 0.959555776562241, 'f1_weighted': 0.9595634542872356, 'precision_macro': 0.9598406745302661, 'precision_micro': 0.959555776562241, 'precision_weighted': 0.9599673031527136, 'recall_macro': 0.9591692573850942, 'recall_micro': 0.959555776562241, 'recall_weighted': 0.959555776562241}
-----------------------
Epoch 20/100
Training statistic: Loss: 0.4784, train_score: {'accuracy': 0.8300777447532026, 'balanced_accuracy': 0.8297361432180195, 'f1_macro': 0.8321578200165867, 'f1_micro': 0.8300777447532026, 'f1_weighted': 0.8300346275842823, 'precision_macro': 0.8359815536031026, 'precision_micro': 0.8300777447532026, 'precision_weighted': 0.8312524798401889, 'recall_macro': 0.8297361432180195, 'recall_micro': 0.8300777447532026, 'recall_weighted': 0.8300777447532026}
Validation statistic: Loss: 0.1657, dev_score: {'accuracy': 0.9587270014917951, 'balanced_accuracy': 0.9582312582672021, 'f1_macro': 0.9583385726971241, 'f1_micro': 0.9587270014917951, 'f1_weighted': 0.9587497788041802, 'precision_macro': 0.9588360943098765, 'precision_micro': 0.9587270014917951, 'precision_weighted': 0.9591533999189242, 'recall_macro': 0.9582312582672021, 'recall_micro': 0.9587270014917951, 'recall_weighted': 0.9587270014917951}
-----------------------
Epoch 21/100
Training statistic: Loss: 0.4699, train_score: {'accuracy': 0.8322128051708697, 'balanced_accuracy': 0.8323473405953538, 'f1_macro': 0.8342396909314587, 'f1_micro': 0.8322128051708697, 'f1_weighted': 0.8321025798210583, 'precision_macro': 0.8373293301156061, 'precision_micro': 0.8322128051708697, 'precision_weighted': 0.8330828856255256, 'recall_macro': 0.8323473405953538, 'recall_micro': 0.8322128051708697, 'recall_weighted': 0.8322128051708697}
Validation statistic: Loss: 0.1622, dev_score: {'accuracy': 0.9590585115199735, 'balanced_accuracy': 0.9584989285910883, 'f1_macro': 0.9586994982858503, 'f1_micro': 0.9590585115199735, 'f1_weighted': 0.9590351485922897, 'precision_macro': 0.9592303727520411, 'precision_micro': 0.9590585115199735, 'precision_weighted': 0.9593362928206383, 'recall_macro': 0.9584989285910883, 'recall_micro': 0.9590585115199735, 'recall_weighted': 0.9590585115199735}
Saving model...
Model saved!
-------------------------------------------
-----------------------
Epoch 22/100
Training statistic: Loss: 0.4693, train_score: {'accuracy': 0.8332057056082651, 'balanced_accuracy': 0.8338031378468186, 'f1_macro': 0.8354019156879495, 'f1_micro': 0.8332057056082651, 'f1_weighted': 0.8331148324836455, 'precision_macro': 0.8383960669689321, 'precision_micro': 0.8332057056082651, 'precision_weighted': 0.8343307493254968, 'recall_macro': 0.8338031378468186, 'recall_micro': 0.8332057056082651, 'recall_weighted': 0.8332057056082651}
Validation statistic: Loss: 0.1611, dev_score: {'accuracy': 0.9607160616608652, 'balanced_accuracy': 0.9601289008943826, 'f1_macro': 0.9603528630669057, 'f1_micro': 0.9607160616608652, 'f1_weighted': 0.9607518749315822, 'precision_macro': 0.9609216097806981, 'precision_micro': 0.9607160616608652, 'precision_weighted': 0.9611279453428981, 'recall_macro': 0.9601289008943826, 'recall_micro': 0.9607160616608652, 'recall_weighted': 0.9607160616608652}
Saving model...
Model saved!
-------------------------------------------
-----------------------
Epoch 23/100
Training statistic: Loss: 0.4622, train_score: {'accuracy': 0.8353926823886718, 'balanced_accuracy': 0.8358164855505026, 'f1_macro': 0.8374188520435408, 'f1_micro': 0.8353926823886718, 'f1_weighted': 0.8353088817541872, 'precision_macro': 0.8403767878680952, 'precision_micro': 0.8353926823886718, 'precision_weighted': 0.8364709747450974, 'recall_macro': 0.8358164855505026, 'recall_micro': 0.8353926823886718, 'recall_weighted': 0.8353926823886718}
Validation statistic: Loss: 0.1575, dev_score: {'accuracy': 0.9603845516326869, 'balanced_accuracy': 0.9598356984347411, 'f1_macro': 0.9599836133564759, 'f1_micro': 0.9603845516326869, 'f1_weighted': 0.9603865779095873, 'precision_macro': 0.9604377754264467, 'precision_micro': 0.9603845516326869, 'precision_weighted': 0.9606943758488433, 'recall_macro': 0.9598356984347411, 'recall_micro': 0.9603845516326869, 'recall_weighted': 0.9603845516326869}
Saving model...
Model saved!
-------------------------------------------
-----------------------
Epoch 24/100
Training statistic: Loss: 0.4602, train_score: {'accuracy': 0.8364180305527795, 'balanced_accuracy': 0.836376968202328, 'f1_macro': 0.8386783985417733, 'f1_micro': 0.8364180305527795, 'f1_weighted': 0.8363659785662695, 'precision_macro': 0.8424232367600878, 'precision_micro': 0.8364180305527795, 'precision_weighted': 0.8377152187251883, 'recall_macro': 0.836376968202328, 'recall_micro': 0.8364180305527795, 'recall_weighted': 0.8364180305527795}
Validation statistic: Loss: 0.1598, dev_score: {'accuracy': 0.9590585115199735, 'balanced_accuracy': 0.9584772794421248, 'f1_macro': 0.9586178244018229, 'f1_micro': 0.9590585115199735, 'f1_weighted': 0.9590563302266902, 'precision_macro': 0.9591005377256941, 'precision_micro': 0.9590585115199735, 'precision_weighted': 0.9593913188685467, 'recall_macro': 0.9584772794421248, 'recall_micro': 0.9590585115199735, 'recall_weighted': 0.9590585115199735}
-----------------------
Epoch 25/100
Training statistic: Loss: 0.4596, train_score: {'accuracy': 0.8361324905577115, 'balanced_accuracy': 0.8360038294855204, 'f1_macro': 0.8383548312896034, 'f1_micro': 0.8361324905577115, 'f1_weighted': 0.8360836997745802, 'precision_macro': 0.842603404433582, 'precision_micro': 0.8361324905577115, 'precision_weighted': 0.8378110527591393, 'recall_macro': 0.8360038294855204, 'recall_micro': 0.8361324905577115, 'recall_weighted': 0.8361324905577115}
Validation statistic: Loss: 0.1604, dev_score: {'accuracy': 0.9588927565058843, 'balanced_accuracy': 0.9582329138265624, 'f1_macro': 0.9584529155259464, 'f1_micro': 0.9588927565058843, 'f1_weighted': 0.9588991938105892, 'precision_macro': 0.9591312654546146, 'precision_micro': 0.9588927565058843, 'precision_weighted': 0.9593540534383436, 'recall_macro': 0.9582329138265624, 'recall_micro': 0.9588927565058843, 'recall_weighted': 0.9588927565058843}
-----------------------
Epoch 26/100
Training statistic: Loss: 0.4528, train_score: {'accuracy': 0.8402209041234571, 'balanced_accuracy': 0.8394617894137586, 'f1_macro': 0.8423820017439123, 'f1_micro': 0.8402209041234571, 'f1_weighted': 0.8402531521428989, 'precision_macro': 0.8470499984416564, 'precision_micro': 0.8402209041234571, 'precision_weighted': 0.8419807380924453, 'recall_macro': 0.8394617894137586, 'recall_micro': 0.8402209041234571, 'recall_weighted': 0.8402209041234571}
Validation statistic: Loss: 0.1583, dev_score: {'accuracy': 0.9580639814354385, 'balanced_accuracy': 0.9573727372530605, 'f1_macro': 0.957667748664921, 'f1_micro': 0.9580639814354385, 'f1_weighted': 0.9580874193489535, 'precision_macro': 0.9583999525703811, 'precision_micro': 0.9580639814354385, 'precision_weighted': 0.9585389621593771, 'recall_macro': 0.9573727372530605, 'recall_micro': 0.9580639814354385, 'recall_weighted': 0.9580639814354385}
-----------------------
Epoch 27/100
Training statistic: Loss: 0.4446, train_score: {'accuracy': 0.8416486040987968, 'balanced_accuracy': 0.8416433554449885, 'f1_macro': 0.8440421118255614, 'f1_micro': 0.8416486040987968, 'f1_weighted': 0.841695730261467, 'precision_macro': 0.8473989008074284, 'precision_micro': 0.8416486040987968, 'precision_weighted': 0.8426465971035196, 'recall_macro': 0.8416433554449885, 'recall_micro': 0.8416486040987968, 'recall_weighted': 0.8416486040987968}
Validation statistic: Loss: 0.1540, dev_score: {'accuracy': 0.9588927565058843, 'balanced_accuracy': 0.9584864941253789, 'f1_macro': 0.9584609947890053, 'f1_micro': 0.9588927565058843, 'f1_weighted': 0.9589431508639512, 'precision_macro': 0.9587918362835515, 'precision_micro': 0.9588927565058843, 'precision_weighted': 0.9593464855530377, 'recall_macro': 0.9584864941253789, 'recall_micro': 0.9588927565058843, 'recall_weighted': 0.9588927565058843}
Saving model...
Model saved!
-------------------------------------------
-----------------------
Epoch 28/100
Training statistic: Loss: 0.4434, train_score: {'accuracy': 0.8419925500019468, 'balanced_accuracy': 0.8418465719996577, 'f1_macro': 0.8440423024241793, 'f1_micro': 0.8419925500019468, 'f1_weighted': 0.8419667796736543, 'precision_macro': 0.8471810410401742, 'precision_micro': 0.8419925500019468, 'precision_weighted': 0.8427757432396898, 'recall_macro': 0.8418465719996577, 'recall_micro': 0.8419925500019468, 'recall_weighted': 0.8419925500019468}
Validation statistic: Loss: 0.1550, dev_score: {'accuracy': 0.9607160616608652, 'balanced_accuracy': 0.9602614534068389, 'f1_macro': 0.9603390075055065, 'f1_micro': 0.9607160616608652, 'f1_weighted': 0.9607162462537246, 'precision_macro': 0.9607512831149883, 'precision_micro': 0.9607160616608652, 'precision_weighted': 0.9610428317485837, 'recall_macro': 0.9602614534068389, 'recall_micro': 0.9607160616608652, 'recall_weighted': 0.9607160616608652}
-----------------------
Epoch 29/100
Training statistic: Loss: 0.4402, train_score: {'accuracy': 0.8443093176892027, 'balanced_accuracy': 0.8445800442017927, 'f1_macro': 0.8464912160393288, 'f1_micro': 0.8443093176892027, 'f1_weighted': 0.8443198466447422, 'precision_macro': 0.8493239617202866, 'precision_micro': 0.8443093176892027, 'precision_weighted': 0.845186850107414, 'recall_macro': 0.8445800442017927, 'recall_micro': 0.8443093176892027, 'recall_weighted': 0.8443093176892027}
Validation statistic: Loss: 0.1534, dev_score: {'accuracy': 0.9603845516326869, 'balanced_accuracy': 0.959877527772411, 'f1_macro': 0.9599841257231556, 'f1_micro': 0.9603845516326869, 'f1_weighted': 0.9604036257459811, 'precision_macro': 0.9604039249137781, 'precision_micro': 0.9603845516326869, 'precision_weighted': 0.9607314698039303, 'recall_macro': 0.959877527772411, 'recall_micro': 0.9603845516326869, 'recall_weighted': 0.9603845516326869}
Saving model...
Model saved!
-------------------------------------------
-----------------------
Epoch 30/100
Training statistic: Loss: 0.4422, train_score: {'accuracy': 0.8439199449686555, 'balanced_accuracy': 0.8444721914012702, 'f1_macro': 0.8460657805186882, 'f1_micro': 0.8439199449686555, 'f1_weighted': 0.8438957275665024, 'precision_macro': 0.849103775849484, 'precision_micro': 0.8439199449686555, 'precision_weighted': 0.8452798495343845, 'recall_macro': 0.8444721914012702, 'recall_micro': 0.8439199449686555, 'recall_weighted': 0.8439199449686555}
Validation statistic: Loss: 0.1524, dev_score: {'accuracy': 0.961379081717222, 'balanced_accuracy': 0.9608556542280914, 'f1_macro': 0.9609864512331822, 'f1_micro': 0.961379081717222, 'f1_weighted': 0.9613813669694592, 'precision_macro': 0.961388236604563, 'precision_micro': 0.961379081717222, 'precision_weighted': 0.9616531611971019, 'recall_macro': 0.9608556542280914, 'recall_micro': 0.961379081717222, 'recall_weighted': 0.961379081717222}
Saving model...
Model saved!
-------------------------------------------
-----------------------
Epoch 31/100
Training statistic: Loss: 0.4369, train_score: {'accuracy': 0.8452178540371461, 'balanced_accuracy': 0.8452729660628195, 'f1_macro': 0.8473757857314329, 'f1_micro': 0.8452178540371461, 'f1_weighted': 0.8452090200841271, 'precision_macro': 0.8509680907569956, 'precision_micro': 0.8452178540371461, 'precision_weighted': 0.8465669897782636, 'recall_macro': 0.8452729660628195, 'recall_micro': 0.8452178540371461, 'recall_weighted': 0.8452178540371461}
Validation statistic: Loss: 0.1513, dev_score: {'accuracy': 0.9605503066467761, 'balanced_accuracy': 0.9599686650613861, 'f1_macro': 0.9600187701453219, 'f1_micro': 0.9605503066467761, 'f1_weighted': 0.9605565245616248, 'precision_macro': 0.9604562446601024, 'precision_micro': 0.9605503066467761, 'precision_weighted': 0.9609456864243053, 'recall_macro': 0.9599686650613861, 'recall_micro': 0.9605503066467761, 'recall_weighted': 0.9605503066467761}
Saving model...
Model saved!
-------------------------------------------
-----------------------
Epoch 32/100
Training statistic: Loss: 0.4293, train_score: {'accuracy': 0.847949952626319, 'balanced_accuracy': 0.8473921522810445, 'f1_macro': 0.8500117337342201, 'f1_micro': 0.847949952626319, 'f1_weighted': 0.8480088499948389, 'precision_macro': 0.8538732408693063, 'precision_micro': 0.847949952626319, 'precision_weighted': 0.8492314087834865, 'recall_macro': 0.8473921522810445, 'recall_micro': 0.847949952626319, 'recall_weighted': 0.847949952626319}
Validation statistic: Loss: 0.1496, dev_score: {'accuracy': 0.9612133267031328, 'balanced_accuracy': 0.9606907394379881, 'f1_macro': 0.9607939333948525, 'f1_micro': 0.9612133267031328, 'f1_weighted': 0.9612465335727929, 'precision_macro': 0.9612278514874284, 'precision_micro': 0.9612133267031328, 'precision_weighted': 0.9616044579820197, 'recall_macro': 0.9606907394379881, 'recall_micro': 0.9612133267031328, 'recall_weighted': 0.9612133267031328}
Saving model...
Model saved!
-------------------------------------------
-----------------------
Epoch 33/100
Training statistic: Loss: 0.4272, train_score: {'accuracy': 0.8485664594338521, 'balanced_accuracy': 0.8495226294598174, 'f1_macro': 0.8505058730526087, 'f1_micro': 0.8485664594338521, 'f1_weighted': 0.8484501739481431, 'precision_macro': 0.852745032686067, 'precision_micro': 0.8485664594338521, 'precision_weighted': 0.8494954338274148, 'recall_macro': 0.8495226294598174, 'recall_micro': 0.8485664594338521, 'recall_weighted': 0.8485664594338521}
Validation statistic: Loss: 0.1497, dev_score: {'accuracy': 0.9622078567876678, 'balanced_accuracy': 0.9617557008248807, 'f1_macro': 0.9619002852470734, 'f1_micro': 0.9622078567876678, 'f1_weighted': 0.9621853602755601, 'precision_macro': 0.9623730878255046, 'precision_micro': 0.9622078567876678, 'precision_weighted': 0.9624894862294886, 'recall_macro': 0.9617557008248807, 'recall_micro': 0.9622078567876678, 'recall_weighted': 0.9622078567876678}
-----------------------
Epoch 34/100
Training statistic: Loss: 0.4263, train_score: {'accuracy': 0.8490401962438512, 'balanced_accuracy': 0.8492456672329414, 'f1_macro': 0.8513302610742894, 'f1_micro': 0.8490401962438512, 'f1_weighted': 0.8490666963290621, 'precision_macro': 0.8545368624868953, 'precision_micro': 0.8490401962438512, 'precision_weighted': 0.8501761375117057, 'recall_macro': 0.8492456672329414, 'recall_micro': 0.8490401962438512, 'recall_weighted': 0.8490401962438512}
Validation statistic: Loss: 0.1492, dev_score: {'accuracy': 0.9602187966185977, 'balanced_accuracy': 0.9596747613032084, 'f1_macro': 0.9598733994911199, 'f1_micro': 0.9602187966185977, 'f1_weighted': 0.9602070873977561, 'precision_macro': 0.9604812454036352, 'precision_micro': 0.9602187966185977, 'precision_weighted': 0.960596728026149, 'recall_macro': 0.9596747613032084, 'recall_micro': 0.9602187966185977, 'recall_weighted': 0.9602187966185977}
Saving model...
Model saved!
-------------------------------------------
-----------------------
Epoch 35/100
Training statistic: Loss: 0.4231, train_score: {'accuracy': 0.8506496034887796, 'balanced_accuracy': 0.8505887742473348, 'f1_macro': 0.852784207477486, 'f1_micro': 0.8506496034887796, 'f1_weighted': 0.8506256143147778, 'precision_macro': 0.8560673387537252, 'precision_micro': 0.8506496034887796, 'precision_weighted': 0.8516369932557827, 'recall_macro': 0.8505887742473348, 'recall_micro': 0.8506496034887796, 'recall_weighted': 0.8506496034887796}
Validation statistic: Loss: 0.1500, dev_score: {'accuracy': 0.9608818166749544, 'balanced_accuracy': 0.9605269237338833, 'f1_macro': 0.9605994836450431, 'f1_micro': 0.9608818166749544, 'f1_weighted': 0.9608762579773359, 'precision_macro': 0.9610524284170074, 'precision_micro': 0.9608818166749544, 'precision_weighted': 0.961246981240512, 'recall_macro': 0.9605269237338833, 'recall_micro': 0.9608818166749544, 'recall_weighted': 0.9608818166749544}
-----------------------
Epoch 36/100
Training statistic: Loss: 0.4204, train_score: {'accuracy': 0.8516360143808325, 'balanced_accuracy': 0.8513298101107415, 'f1_macro': 0.8539592327108606, 'f1_micro': 0.8516360143808325, 'f1_weighted': 0.851726219081764, 'precision_macro': 0.8578228764536477, 'precision_micro': 0.8516360143808325, 'precision_weighted': 0.85304205135415, 'recall_macro': 0.8513298101107415, 'recall_micro': 0.8516360143808325, 'recall_weighted': 0.8516360143808325}
Validation statistic: Loss: 0.1517, dev_score: {'accuracy': 0.9605503066467761, 'balanced_accuracy': 0.9600887209257103, 'f1_macro': 0.9602248877782479, 'f1_micro': 0.9605503066467761, 'f1_weighted': 0.96052622578265, 'precision_macro': 0.9607792094546588, 'precision_micro': 0.9605503066467761, 'precision_weighted': 0.9609145237074864, 'recall_macro': 0.9600887209257103, 'recall_micro': 0.9605503066467761, 'recall_weighted': 0.9605503066467761}
-----------------------
Epoch 37/100
Training statistic: Loss: 0.4187, train_score: {'accuracy': 0.8522914584604203, 'balanced_accuracy': 0.8517556209636503, 'f1_macro': 0.8542596742927303, 'f1_micro': 0.8522914584604203, 'f1_weighted': 0.8522860815858536, 'precision_macro': 0.8582252210620374, 'precision_micro': 0.8522914584604203, 'precision_weighted': 0.8536995681715299, 'recall_macro': 0.8517556209636503, 'recall_micro': 0.8522914584604203, 'recall_weighted': 0.8522914584604203}
Validation statistic: Loss: 0.1479, dev_score: {'accuracy': 0.9603845516326869, 'balanced_accuracy': 0.959801967375278, 'f1_macro': 0.9599123024891011, 'f1_micro': 0.9603845516326869, 'f1_weighted': 0.9603869586562598, 'precision_macro': 0.9604163626752984, 'precision_micro': 0.9603845516326869, 'precision_weighted': 0.9607719942808594, 'recall_macro': 0.959801967375278, 'recall_micro': 0.9603845516326869, 'recall_weighted': 0.9603845516326869}
Saving model...
Model saved!
-------------------------------------------
-----------------------
Epoch 38/100
Training statistic: Loss: 0.4117, train_score: {'accuracy': 0.854692590237128, 'balanced_accuracy': 0.8546760170248634, 'f1_macro': 0.8569307853113269, 'f1_micro': 0.854692590237128, 'f1_weighted': 0.8547976202209694, 'precision_macro': 0.8601814419200752, 'precision_micro': 0.854692590237128, 'precision_weighted': 0.8558961227805285, 'recall_macro': 0.8546760170248634, 'recall_micro': 0.854692590237128, 'recall_weighted': 0.854692590237128}
Validation statistic: Loss: 0.1439, dev_score: {'accuracy': 0.9608818166749544, 'balanced_accuracy': 0.9603842032904544, 'f1_macro': 0.9605594483639562, 'f1_micro': 0.9608818166749544, 'f1_weighted': 0.9609318877828007, 'precision_macro': 0.9610941110936648, 'precision_micro': 0.9608818166749544, 'precision_weighted': 0.9613315992261832, 'recall_macro': 0.9603842032904544, 'recall_micro': 0.9608818166749544, 'recall_weighted': 0.9608818166749544}
Saving model...
Model saved!
-------------------------------------------
-----------------------
Epoch 39/100
Training statistic: Loss: 0.4095, train_score: {'accuracy': 0.8550430256856205, 'balanced_accuracy': 0.8558246605162955, 'f1_macro': 0.8572054665975084, 'f1_micro': 0.8550430256856205, 'f1_weighted': 0.8550724385483206, 'precision_macro': 0.8593254751217045, 'precision_micro': 0.8550430256856205, 'precision_weighted': 0.8558516174312303, 'recall_macro': 0.8558246605162955, 'recall_micro': 0.8550430256856205, 'recall_weighted': 0.8550430256856205}
Validation statistic: Loss: 0.1417, dev_score: {'accuracy': 0.9620421017735786, 'balanced_accuracy': 0.9616021089496675, 'f1_macro': 0.9616547430323832, 'f1_micro': 0.9620421017735786, 'f1_weighted': 0.9620520914892695, 'precision_macro': 0.9619829238482704, 'precision_micro': 0.9620421017735786, 'precision_weighted': 0.9623328177689722, 'recall_macro': 0.9616021089496675, 'recall_micro': 0.9620421017735786, 'recall_weighted': 0.9620421017735786}
Saving model...
Model saved!
-------------------------------------------
-----------------------
Epoch 40/100
Training statistic: Loss: 0.4087, train_score: {'accuracy': 0.8555556997676743, 'balanced_accuracy': 0.8561163924388515, 'f1_macro': 0.857512518769848, 'f1_micro': 0.8555556997676743, 'f1_weighted': 0.8555554940013601, 'precision_macro': 0.8598882903443015, 'precision_micro': 0.8555556997676743, 'precision_weighted': 0.8565033453918136, 'recall_macro': 0.8561163924388515, 'recall_micro': 0.8555556997676743, 'recall_weighted': 0.8555556997676743}
Validation statistic: Loss: 0.1448, dev_score: {'accuracy': 0.9600530416045086, 'balanced_accuracy': 0.9595745916992289, 'f1_macro': 0.9596486681710923, 'f1_micro': 0.9600530416045086, 'f1_weighted': 0.9600532946942437, 'precision_macro': 0.9600849246016073, 'precision_micro': 0.9600530416045086, 'precision_weighted': 0.960407265550362, 'recall_macro': 0.9595745916992289, 'recall_micro': 0.9600530416045086, 'recall_weighted': 0.9600530416045086}
-----------------------
Epoch 41/100
Training statistic: Loss: 0.4064, train_score: {'accuracy': 0.8575999065505471, 'balanced_accuracy': 0.8584673653858946, 'f1_macro': 0.8595883234194828, 'f1_micro': 0.8575999065505471, 'f1_weighted': 0.857540749684506, 'precision_macro': 0.8613246017523062, 'precision_micro': 0.8575999065505471, 'precision_weighted': 0.8580490120709997, 'recall_macro': 0.8584673653858946, 'recall_micro': 0.8575999065505471, 'recall_weighted': 0.8575999065505471}
Validation statistic: Loss: 0.1446, dev_score: {'accuracy': 0.9603845516326869, 'balanced_accuracy': 0.9599619803847526, 'f1_macro': 0.9600360218618414, 'f1_micro': 0.9603845516326869, 'f1_weighted': 0.9603948534635558, 'precision_macro': 0.9604110762108331, 'precision_micro': 0.9603845516326869, 'precision_weighted': 0.9607009109130221, 'recall_macro': 0.9599619803847526, 'recall_micro': 0.9603845516326869, 'recall_weighted': 0.9603845516326869}
-----------------------
Epoch 42/100
Training statistic: Loss: 0.4024, train_score: {'accuracy': 0.8577232079120537, 'balanced_accuracy': 0.8582283916196076, 'f1_macro': 0.8599134160858541, 'f1_micro': 0.8577232079120537, 'f1_weighted': 0.8577421335021095, 'precision_macro': 0.8626103780545691, 'precision_micro': 0.8577232079120537, 'precision_weighted': 0.8587506549891841, 'recall_macro': 0.8582283916196076, 'recall_micro': 0.8577232079120537, 'recall_weighted': 0.8577232079120537}
Validation statistic: Loss: 0.1413, dev_score: {'accuracy': 0.9600530416045086, 'balanced_accuracy': 0.959762436194573, 'f1_macro': 0.9596899556237783, 'f1_micro': 0.9600530416045086, 'f1_weighted': 0.960077073781038, 'precision_macro': 0.9599323106505887, 'precision_micro': 0.9600530416045086, 'precision_weighted': 0.9604094437821268, 'recall_macro': 0.959762436194573, 'recall_micro': 0.9600530416045086, 'recall_weighted': 0.9600530416045086}
Saving model...
Model saved!
-------------------------------------------
-----------------------
Epoch 43/100
Training statistic: Loss: 0.4017, train_score: {'accuracy': 0.8584305683543811, 'balanced_accuracy': 0.8592273546451576, 'f1_macro': 0.8604806098683658, 'f1_micro': 0.8584305683543811, 'f1_weighted': 0.8584065147444434, 'precision_macro': 0.8625554072311366, 'precision_micro': 0.8584305683543811, 'precision_weighted': 0.8591350919031737, 'recall_macro': 0.8592273546451576, 'recall_micro': 0.8584305683543811, 'recall_weighted': 0.8584305683543811}
Validation statistic: Loss: 0.1411, dev_score: {'accuracy': 0.9632023868722028, 'balanced_accuracy': 0.9627738726040926, 'f1_macro': 0.9628302813934437, 'f1_micro': 0.9632023868722028, 'f1_weighted': 0.9632005540826284, 'precision_macro': 0.963138645028299, 'precision_micro': 0.9632023868722028, 'precision_weighted': 0.9634460779545118, 'recall_macro': 0.9627738726040926, 'recall_micro': 0.9632023868722028, 'recall_weighted': 0.9632023868722028}
Saving model...
Model saved!
-------------------------------------------
-----------------------
Epoch 44/100
Training statistic: Loss: 0.3980, train_score: {'accuracy': 0.859689540150817, 'balanced_accuracy': 0.8602538796247984, 'f1_macro': 0.8618651885312747, 'f1_micro': 0.859689540150817, 'f1_weighted': 0.8597382311171161, 'precision_macro': 0.8641581103307763, 'precision_micro': 0.859689540150817, 'precision_weighted': 0.860436314724833, 'recall_macro': 0.8602538796247984, 'recall_micro': 0.859689540150817, 'recall_weighted': 0.859689540150817}
Validation statistic: Loss: 0.1408, dev_score: {'accuracy': 0.9617105917454003, 'balanced_accuracy': 0.9611799489516455, 'f1_macro': 0.9612825947861022, 'f1_micro': 0.9617105917454003, 'f1_weighted': 0.9617104429171418, 'precision_macro': 0.96167511996178, 'precision_micro': 0.9617105917454003, 'precision_weighted': 0.9619930664823693, 'recall_macro': 0.9611799489516455, 'recall_micro': 0.9617105917454003, 'recall_weighted': 0.9617105917454003}
Saving model...
Model saved!
-------------------------------------------
-----------------------
Epoch 45/100
Training statistic: Loss: 0.3958, train_score: {'accuracy': 0.8611691564888964, 'balanced_accuracy': 0.8607305651910376, 'f1_macro': 0.8632572423359953, 'f1_micro': 0.8611691564888964, 'f1_weighted': 0.8612749719759054, 'precision_macro': 0.8667003306882759, 'precision_micro': 0.8611691564888964, 'precision_weighted': 0.8622994528927792, 'recall_macro': 0.8607305651910376, 'recall_micro': 0.8611691564888964, 'recall_weighted': 0.8611691564888964}
Validation statistic: Loss: 0.1423, dev_score: {'accuracy': 0.9608818166749544, 'balanced_accuracy': 0.9605069671376567, 'f1_macro': 0.9604238301133226, 'f1_micro': 0.9608818166749544, 'f1_weighted': 0.9609210610374097, 'precision_macro': 0.9606686424778003, 'precision_micro': 0.9608818166749544, 'precision_weighted': 0.9612846154327492, 'recall_macro': 0.9605069671376567, 'recall_micro': 0.9608818166749544, 'recall_weighted': 0.9608818166749544}
-----------------------
Epoch 46/100
Training statistic: Loss: 0.3934, train_score: {'accuracy': 0.861649382844238, 'balanced_accuracy': 0.8615671286503181, 'f1_macro': 0.8635689733695779, 'f1_micro': 0.861649382844238, 'f1_weighted': 0.8616158023985415, 'precision_macro': 0.8664823859951276, 'precision_micro': 0.861649382844238, 'precision_weighted': 0.8624065507526006, 'recall_macro': 0.8615671286503181, 'recall_micro': 0.861649382844238, 'recall_weighted': 0.861649382844238}
Validation statistic: Loss: 0.1398, dev_score: {'accuracy': 0.965191447041273, 'balanced_accuracy': 0.9647758884072543, 'f1_macro': 0.9647554463402624, 'f1_micro': 0.965191447041273, 'f1_weighted': 0.9651992347404498, 'precision_macro': 0.9650121882367376, 'precision_micro': 0.965191447041273, 'precision_weighted': 0.9654771630573051, 'recall_macro': 0.9647758884072543, 'recall_micro': 0.965191447041273, 'recall_weighted': 0.965191447041273}
Saving model...
Model saved!
-------------------------------------------
-----------------------
Epoch 47/100
Training statistic: Loss: 0.3919, train_score: {'accuracy': 0.8613962905758823, 'balanced_accuracy': 0.8616947195433404, 'f1_macro': 0.8635944611987618, 'f1_micro': 0.8613962905758823, 'f1_weighted': 0.8614665837261967, 'precision_macro': 0.8664209921540931, 'precision_micro': 0.8613962905758823, 'precision_weighted': 0.8624522850378115, 'recall_macro': 0.8616947195433404, 'recall_micro': 0.8613962905758823, 'recall_weighted': 0.8613962905758823}
Validation statistic: Loss: 0.1392, dev_score: {'accuracy': 0.9618763467594895, 'balanced_accuracy': 0.9615072306358053, 'f1_macro': 0.9615366413611734, 'f1_micro': 0.9618763467594895, 'f1_weighted': 0.9619004627082146, 'precision_macro': 0.9619594855747853, 'precision_micro': 0.9618763467594895, 'precision_weighted': 0.9623087142425869, 'recall_macro': 0.9615072306358053, 'recall_micro': 0.9618763467594895, 'recall_weighted': 0.9618763467594895}
Saving model...
Model saved!
-------------------------------------------
-----------------------
Epoch 48/100
Training statistic: Loss: 0.3880, train_score: {'accuracy': 0.8627590950977975, 'balanced_accuracy': 0.8632709236801223, 'f1_macro': 0.8648762016389402, 'f1_micro': 0.8627590950977975, 'f1_weighted': 0.8627810536633018, 'precision_macro': 0.8675282472830854, 'precision_micro': 0.8627590950977975, 'precision_weighted': 0.8638454782204801, 'recall_macro': 0.8632709236801223, 'recall_micro': 0.8627590950977975, 'recall_weighted': 0.8627590950977975}
Validation statistic: Loss: 0.1368, dev_score: {'accuracy': 0.9636996519144704, 'balanced_accuracy': 0.9632224249304213, 'f1_macro': 0.9632706329923367, 'f1_micro': 0.9636996519144704, 'f1_weighted': 0.963716519158166, 'precision_macro': 0.9636286029314421, 'precision_micro': 0.9636996519144704, 'precision_weighted': 0.9640363227997268, 'recall_macro': 0.9632224249304213, 'recall_micro': 0.9636996519144704, 'recall_weighted': 0.9636996519144704}
Saving model...
Model saved!
-------------------------------------------
-----------------------
Epoch 49/100
Training statistic: Loss: 0.3874, train_score: {'accuracy': 0.8648941555154646, 'balanced_accuracy': 0.8649190919350966, 'f1_macro': 0.8668520102788142, 'f1_micro': 0.8648941555154646, 'f1_weighted': 0.8649112086413339, 'precision_macro': 0.8695024699024267, 'precision_micro': 0.8648941555154646, 'precision_weighted': 0.8656418628345692, 'recall_macro': 0.8649190919350966, 'recall_micro': 0.8648941555154646, 'recall_weighted': 0.8648941555154646}
Validation statistic: Loss: 0.1363, dev_score: {'accuracy': 0.962373611801757, 'balanced_accuracy': 0.9618407502518306, 'f1_macro': 0.9619339536693297, 'f1_micro': 0.962373611801757, 'f1_weighted': 0.9623760975958182, 'precision_macro': 0.9623684005805805, 'precision_micro': 0.962373611801757, 'precision_weighted': 0.9627102098455562, 'recall_macro': 0.9618407502518306, 'recall_micro': 0.962373611801757, 'recall_weighted': 0.962373611801757}
Saving model...
Model saved!
-------------------------------------------
-----------------------
Epoch 50/100
Training statistic: Loss: 0.3868, train_score: {'accuracy': 0.8642322218905344, 'balanced_accuracy': 0.8638349246613624, 'f1_macro': 0.8660726264794907, 'f1_micro': 0.8642322218905344, 'f1_weighted': 0.8641855341998206, 'precision_macro': 0.8694522697335069, 'precision_micro': 0.8642322218905344, 'precision_weighted': 0.8651797963598097, 'recall_macro': 0.8638349246613624, 'recall_micro': 0.8642322218905344, 'recall_weighted': 0.8642322218905344}
Validation statistic: Loss: 0.1414, dev_score: {'accuracy': 0.9620421017735786, 'balanced_accuracy': 0.9614402880250102, 'f1_macro': 0.9616072101627762, 'f1_micro': 0.9620421017735786, 'f1_weighted': 0.9620373293402825, 'precision_macro': 0.9621666918231293, 'precision_micro': 0.9620421017735786, 'precision_weighted': 0.9624156625339257, 'recall_macro': 0.9614402880250102, 'recall_micro': 0.9620421017735786, 'recall_weighted': 0.9620421017735786}
-----------------------
Epoch 51/100
Training statistic: Loss: 0.3873, train_score: {'accuracy': 0.8653484236894363, 'balanced_accuracy': 0.864905857025051, 'f1_macro': 0.8672572076902124, 'f1_micro': 0.8653484236894363, 'f1_weighted': 0.865374583462563, 'precision_macro': 0.8705757154235686, 'precision_micro': 0.8653484236894363, 'precision_weighted': 0.8663145118832438, 'recall_macro': 0.864905857025051, 'recall_micro': 0.8653484236894363, 'recall_weighted': 0.8653484236894363}
Validation statistic: Loss: 0.1418, dev_score: {'accuracy': 0.9618763467594895, 'balanced_accuracy': 0.9613146823645332, 'f1_macro': 0.9614167767307542, 'f1_micro': 0.9618763467594895, 'f1_weighted': 0.9618968077468405, 'precision_macro': 0.9618361235786074, 'precision_micro': 0.9618763467594895, 'precision_weighted': 0.9622254064833622, 'recall_macro': 0.9613146823645332, 'recall_micro': 0.9618763467594895, 'recall_weighted': 0.9618763467594895}
-----------------------
Epoch 52/100
Training statistic: Loss: 0.3814, train_score: {'accuracy': 0.86588705595286, 'balanced_accuracy': 0.8655363555762248, 'f1_macro': 0.8679823696023312, 'f1_micro': 0.86588705595286, 'f1_weighted': 0.8659523824277121, 'precision_macro': 0.8715369459005657, 'precision_micro': 0.86588705595286, 'precision_weighted': 0.8670941246176518, 'recall_macro': 0.8655363555762248, 'recall_micro': 0.86588705595286, 'recall_weighted': 0.86588705595286}
Validation statistic: Loss: 0.1394, dev_score: {'accuracy': 0.962373611801757, 'balanced_accuracy': 0.961809686373899, 'f1_macro': 0.9619764343250597, 'f1_micro': 0.962373611801757, 'f1_weighted': 0.9624036250976792, 'precision_macro': 0.9624772854750642, 'precision_micro': 0.962373611801757, 'precision_weighted': 0.9627592658384604, 'recall_macro': 0.961809686373899, 'recall_micro': 0.962373611801757, 'recall_weighted': 0.962373611801757}
-----------------------
Epoch 53/100
Training statistic: Loss: 0.3776, train_score: {'accuracy': 0.8668020818461458, 'balanced_accuracy': 0.8670225806831956, 'f1_macro': 0.8687851053689035, 'f1_micro': 0.8668020818461458, 'f1_weighted': 0.8668907836068204, 'precision_macro': 0.8714450266593431, 'precision_micro': 0.8668020818461458, 'precision_weighted': 0.8678699503611774, 'recall_macro': 0.8670225806831956, 'recall_micro': 0.8668020818461458, 'recall_weighted': 0.8668020818461458}
Validation statistic: Loss: 0.1359, dev_score: {'accuracy': 0.9625393668158462, 'balanced_accuracy': 0.9619718221602744, 'f1_macro': 0.9621579629120239, 'f1_micro': 0.9625393668158462, 'f1_weighted': 0.9625530715452962, 'precision_macro': 0.9626486431081591, 'precision_micro': 0.9625393668158462, 'precision_weighted': 0.9628654153577427, 'recall_macro': 0.9619718221602744, 'recall_micro': 0.9625393668158462, 'recall_weighted': 0.9625393668158462}
Saving model...
Model saved!
-------------------------------------------
-----------------------
Epoch 54/100
Training statistic: Loss: 0.3809, train_score: {'accuracy': 0.86795073137176, 'balanced_accuracy': 0.868338423954951, 'f1_macro': 0.8698580589734115, 'f1_micro': 0.86795073137176, 'f1_weighted': 0.8678662375911683, 'precision_macro': 0.8721406020377029, 'precision_micro': 0.86795073137176, 'precision_weighted': 0.8684589697232081, 'recall_macro': 0.868338423954951, 'recall_micro': 0.86795073137176, 'recall_weighted': 0.86795073137176}
Validation statistic: Loss: 0.1397, dev_score: {'accuracy': 0.9618763467594895, 'balanced_accuracy': 0.9613623466937741, 'f1_macro': 0.9614346532994574, 'f1_micro': 0.9618763467594895, 'f1_weighted': 0.9618568888071307, 'precision_macro': 0.9618055140529733, 'precision_micro': 0.9618763467594895, 'precision_weighted': 0.9621305214752485, 'recall_macro': 0.9613623466937741, 'recall_micro': 0.9618763467594895, 'recall_weighted': 0.9618763467594895}
-----------------------
Epoch 55/100
Training statistic: Loss: 0.3805, train_score: {'accuracy': 0.867833919555596, 'balanced_accuracy': 0.8682329882858252, 'f1_macro': 0.8699042312369027, 'f1_micro': 0.867833919555596, 'f1_weighted': 0.867885010836939, 'precision_macro': 0.8723945186652798, 'precision_micro': 0.867833919555596, 'precision_weighted': 0.8687015750935364, 'recall_macro': 0.8682329882858252, 'recall_micro': 0.867833919555596, 'recall_weighted': 0.867833919555596}
Validation statistic: Loss: 0.1386, dev_score: {'accuracy': 0.9635338969003813, 'balanced_accuracy': 0.9629128893316217, 'f1_macro': 0.9631457024161474, 'f1_micro': 0.9635338969003813, 'f1_weighted': 0.963552787453563, 'precision_macro': 0.9636652890117153, 'precision_micro': 0.9635338969003813, 'precision_weighted': 0.9638529223209191, 'recall_macro': 0.9629128893316217, 'recall_micro': 0.9635338969003813, 'recall_weighted': 0.9635338969003813}
-----------------------
Epoch 56/100
Training statistic: Loss: 0.3756, train_score: {'accuracy': 0.8686321336327177, 'balanced_accuracy': 0.8687927021993277, 'f1_macro': 0.8706308295560566, 'f1_micro': 0.8686321336327177, 'f1_weighted': 0.8687107254365879, 'precision_macro': 0.8734135447986923, 'precision_micro': 0.8686321336327177, 'precision_weighted': 0.8697099895880757, 'recall_macro': 0.8687927021993277, 'recall_micro': 0.8686321336327177, 'recall_weighted': 0.8686321336327177}
Validation statistic: Loss: 0.1362, dev_score: {'accuracy': 0.9638654069285596, 'balanced_accuracy': 0.9633203821356393, 'f1_macro': 0.9635135265635615, 'f1_micro': 0.9638654069285596, 'f1_weighted': 0.9638859338362646, 'precision_macro': 0.9639623239747424, 'precision_micro': 0.9638654069285596, 'precision_weighted': 0.9641557195772372, 'recall_macro': 0.9633203821356393, 'recall_micro': 0.9638654069285596, 'recall_weighted': 0.9638654069285596}
-----------------------
Epoch 57/100
Training statistic: Loss: 0.3735, train_score: {'accuracy': 0.8699689799732631, 'balanced_accuracy': 0.8701858467039518, 'f1_macro': 0.8720097261045104, 'f1_micro': 0.8699689799732631, 'f1_weighted': 0.8700664560620465, 'precision_macro': 0.8747339154462267, 'precision_micro': 0.8699689799732631, 'precision_weighted': 0.8710632007194167, 'recall_macro': 0.8701858467039518, 'recall_micro': 0.8699689799732631, 'recall_weighted': 0.8699689799732631}
Validation statistic: Loss: 0.1360, dev_score: {'accuracy': 0.9630366318581137, 'balanced_accuracy': 0.9625955905657884, 'f1_macro': 0.9626680521329589, 'f1_micro': 0.9630366318581137, 'f1_weighted': 0.9630437456508112, 'precision_macro': 0.9629873381070929, 'precision_micro': 0.9630366318581137, 'precision_weighted': 0.9632927621816019, 'recall_macro': 0.9625955905657884, 'recall_micro': 0.9630366318581137, 'recall_weighted': 0.9630366318581137}
-----------------------
Epoch 58/100
Training statistic: Loss: 0.3721, train_score: {'accuracy': 0.8702739886043583, 'balanced_accuracy': 0.8708483386963319, 'f1_macro': 0.8722727460046545, 'f1_micro': 0.8702739886043583, 'f1_weighted': 0.8703240829412756, 'precision_macro': 0.8744877176480482, 'precision_micro': 0.8702739886043583, 'precision_weighted': 0.8711570575408262, 'recall_macro': 0.8708483386963319, 'recall_micro': 0.8702739886043583, 'recall_weighted': 0.8702739886043583}
Validation statistic: Loss: 0.1376, dev_score: {'accuracy': 0.9620421017735786, 'balanced_accuracy': 0.9614698331187774, 'f1_macro': 0.9615888869798551, 'f1_micro': 0.9620421017735786, 'f1_weighted': 0.9620300218389686, 'precision_macro': 0.9619802345178821, 'precision_micro': 0.9620421017735786, 'precision_weighted': 0.9622848979276067, 'recall_macro': 0.9614698331187774, 'recall_micro': 0.9620421017735786, 'recall_weighted': 0.9620421017735786}
-----------------------
Epoch 59/100
Training statistic: Loss: 0.3683, train_score: {'accuracy': 0.8716692408529858, 'balanced_accuracy': 0.8720298084904234, 'f1_macro': 0.8735412726540728, 'f1_micro': 0.8716692408529858, 'f1_weighted': 0.8717411894100113, 'precision_macro': 0.8757540667641214, 'precision_micro': 0.8716692408529858, 'precision_weighted': 0.8725215242877484, 'recall_macro': 0.8720298084904234, 'recall_micro': 0.8716692408529858, 'recall_weighted': 0.8716692408529858}
Validation statistic: Loss: 0.1348, dev_score: {'accuracy': 0.9625393668158462, 'balanced_accuracy': 0.9619629113084368, 'f1_macro': 0.9620442195281573, 'f1_micro': 0.9625393668158462, 'f1_weighted': 0.9625316000380958, 'precision_macro': 0.962348511976104, 'precision_micro': 0.9625393668158462, 'precision_weighted': 0.962742519140312, 'recall_macro': 0.9619629113084368, 'recall_micro': 0.9625393668158462, 'recall_weighted': 0.9625393668158462}
Saving model...
Model saved!
-------------------------------------------
-----------------------
Epoch 60/100
Training statistic: Loss: 0.3656, train_score: {'accuracy': 0.872545329474217, 'balanced_accuracy': 0.8732279832511664, 'f1_macro': 0.8744312509004624, 'f1_micro': 0.872545329474217, 'f1_weighted': 0.8725858595475559, 'precision_macro': 0.8762218990337217, 'precision_micro': 0.872545329474217, 'precision_weighted': 0.8732111146652034, 'recall_macro': 0.8732279832511664, 'recall_micro': 0.872545329474217, 'recall_weighted': 0.872545329474217}
Validation statistic: Loss: 0.1333, dev_score: {'accuracy': 0.9632023868722028, 'balanced_accuracy': 0.9626713802137097, 'f1_macro': 0.9628152855266021, 'f1_micro': 0.9632023868722028, 'f1_weighted': 0.9632350653061225, 'precision_macro': 0.9632866081042097, 'precision_micro': 0.9632023868722028, 'precision_weighted': 0.9635880905194504, 'recall_macro': 0.9626713802137097, 'recall_micro': 0.9632023868722028, 'recall_weighted': 0.9632023868722028}
Saving model...
Model saved!
-------------------------------------------
-----------------------
Epoch 61/100
Training statistic: Loss: 0.3670, train_score: {'accuracy': 0.8726426726543538, 'balanced_accuracy': 0.8725111357461909, 'f1_macro': 0.874506176024553, 'f1_micro': 0.8726426726543538, 'f1_weighted': 0.8726952500173845, 'precision_macro': 0.8774884149876719, 'precision_micro': 0.8726426726543538, 'precision_weighted': 0.873684219771343, 'recall_macro': 0.8725111357461909, 'recall_micro': 0.8726426726543538, 'recall_weighted': 0.8726426726543538}
Validation statistic: Loss: 0.1358, dev_score: {'accuracy': 0.9635338969003813, 'balanced_accuracy': 0.9630591506196386, 'f1_macro': 0.9631139336076199, 'f1_micro': 0.9635338969003813, 'f1_weighted': 0.9635401549019152, 'precision_macro': 0.9634395910793112, 'precision_micro': 0.9635338969003813, 'precision_weighted': 0.9638115502247572, 'recall_macro': 0.9630591506196386, 'recall_micro': 0.9635338969003813, 'recall_weighted': 0.9635338969003813}
-----------------------
Epoch 62/100
Training statistic: Loss: 0.3678, train_score: {'accuracy': 0.8728114008332576, 'balanced_accuracy': 0.873311958302897, 'f1_macro': 0.8746563911049636, 'f1_micro': 0.8728114008332576, 'f1_weighted': 0.872837857503292, 'precision_macro': 0.8767920839349719, 'precision_micro': 0.8728114008332576, 'precision_weighted': 0.8736589754217023, 'recall_macro': 0.873311958302897, 'recall_micro': 0.8728114008332576, 'recall_weighted': 0.8728114008332576}
Validation statistic: Loss: 0.1347, dev_score: {'accuracy': 0.9618763467594895, 'balanced_accuracy': 0.9614017532308636, 'f1_macro': 0.961509674178, 'f1_micro': 0.9618763467594895, 'f1_weighted': 0.9618767364905556, 'precision_macro': 0.961933742702848, 'precision_micro': 0.9618763467594895, 'precision_weighted': 0.962188725672628, 'recall_macro': 0.9614017532308636, 'recall_micro': 0.9618763467594895, 'recall_weighted': 0.9618763467594895}
-----------------------
Epoch 63/100
Training statistic: Loss: 0.3632, train_score: {'accuracy': 0.8740963308110634, 'balanced_accuracy': 0.8749315300861156, 'f1_macro': 0.8757985325757751, 'f1_micro': 0.8740963308110634, 'f1_weighted': 0.8740450179026124, 'precision_macro': 0.8773039827303777, 'precision_micro': 0.8740963308110634, 'precision_weighted': 0.8745943456449679, 'recall_macro': 0.8749315300861156, 'recall_micro': 0.8740963308110634, 'recall_weighted': 0.8740963308110634}
Validation statistic: Loss: 0.1341, dev_score: {'accuracy': 0.9640311619426488, 'balanced_accuracy': 0.9636945466170463, 'f1_macro': 0.9636972939984624, 'f1_micro': 0.9640311619426488, 'f1_weighted': 0.9640097987731376, 'precision_macro': 0.9639301208715828, 'precision_micro': 0.9640311619426488, 'precision_weighted': 0.9642154960580025, 'recall_macro': 0.9636945466170463, 'recall_micro': 0.9640311619426488, 'recall_weighted': 0.9640311619426488}
-----------------------
Epoch 64/100
Training statistic: Loss: 0.3626, train_score: {'accuracy': 0.8734343971861331, 'balanced_accuracy': 0.8722585846799518, 'f1_macro': 0.8754436350384303, 'f1_micro': 0.8734343971861331, 'f1_weighted': 0.8736255715925355, 'precision_macro': 0.8798329250423833, 'precision_micro': 0.8734343971861331, 'precision_weighted': 0.8750535901331409, 'recall_macro': 0.8722585846799518, 'recall_micro': 0.8734343971861331, 'recall_weighted': 0.8734343971861331}
Validation statistic: Loss: 0.1341, dev_score: {'accuracy': 0.9620421017735786, 'balanced_accuracy': 0.9614843335922432, 'f1_macro': 0.9616166983426044, 'f1_micro': 0.9620421017735786, 'f1_weighted': 0.962086558363181, 'precision_macro': 0.9620727277867278, 'precision_micro': 0.9620421017735786, 'precision_weighted': 0.9624456793788959, 'recall_macro': 0.9614843335922432, 'recall_micro': 0.9620421017735786, 'recall_weighted': 0.9620421017735786}
-----------------------
Epoch 65/100
Training statistic: Loss: 0.3599, train_score: {'accuracy': 0.8747842226173634, 'balanced_accuracy': 0.8753495607075636, 'f1_macro': 0.8766586332899177, 'f1_micro': 0.8747842226173634, 'f1_weighted': 0.8748662331395116, 'precision_macro': 0.8786991547542792, 'precision_micro': 0.8747842226173634, 'precision_weighted': 0.875685913329837, 'recall_macro': 0.8753495607075636, 'recall_micro': 0.8747842226173634, 'recall_weighted': 0.8747842226173634}
Validation statistic: Loss: 0.1328, dev_score: {'accuracy': 0.9632023868722028, 'balanced_accuracy': 0.9626082122298139, 'f1_macro': 0.9627451630710059, 'f1_micro': 0.9632023868722028, 'f1_weighted': 0.9632303604340845, 'precision_macro': 0.9631592509045571, 'precision_micro': 0.9632023868722028, 'precision_weighted': 0.9635282441253061, 'recall_macro': 0.9626082122298139, 'recall_micro': 0.9632023868722028, 'recall_weighted': 0.9632023868722028}
Saving model...
Model saved!
-------------------------------------------
-----------------------
Epoch 66/100
Training statistic: Loss: 0.3593, train_score: {'accuracy': 0.8762962866821551, 'balanced_accuracy': 0.8759625175786558, 'f1_macro': 0.8782966629244312, 'f1_micro': 0.8762962866821551, 'f1_weighted': 0.8764103207977955, 'precision_macro': 0.8815048245475907, 'precision_micro': 0.8762962866821551, 'precision_weighted': 0.8774118559247506, 'recall_macro': 0.8759625175786558, 'recall_micro': 0.8762962866821551, 'recall_weighted': 0.8762962866821551}
Validation statistic: Loss: 0.1335, dev_score: {'accuracy': 0.9641969169567379, 'balanced_accuracy': 0.9637080518314768, 'f1_macro': 0.9638177332048222, 'f1_micro': 0.9641969169567379, 'f1_weighted': 0.9641959401177147, 'precision_macro': 0.9642302814085584, 'precision_micro': 0.9641969169567379, 'precision_weighted': 0.9644904395712351, 'recall_macro': 0.9637080518314768, 'recall_micro': 0.9641969169567379, 'recall_weighted': 0.9641969169567379}
-----------------------
Epoch 67/100
Training statistic: Loss: 0.3559, train_score: {'accuracy': 0.8757576544187314, 'balanced_accuracy': 0.8763358589803515, 'f1_macro': 0.8776051552444748, 'f1_micro': 0.8757576544187314, 'f1_weighted': 0.8757540248304043, 'precision_macro': 0.8796240558953669, 'precision_micro': 0.8757576544187314, 'precision_weighted': 0.876487165134354, 'recall_macro': 0.8763358589803515, 'recall_micro': 0.8757576544187314, 'recall_weighted': 0.8757576544187314}
Validation statistic: Loss: 0.1321, dev_score: {'accuracy': 0.9632023868722028, 'balanced_accuracy': 0.962682155111375, 'f1_macro': 0.9628197746338832, 'f1_micro': 0.9632023868722028, 'f1_weighted': 0.963207476676298, 'precision_macro': 0.9632351595803044, 'precision_micro': 0.9632023868722028, 'precision_weighted': 0.9634823387976982, 'recall_macro': 0.962682155111375, 'recall_micro': 0.9632023868722028, 'recall_weighted': 0.9632023868722028}
Saving model...
Model saved!
-------------------------------------------
-----------------------
Epoch 68/100
Training statistic: Loss: 0.3576, train_score: {'accuracy': 0.8765558684958532, 'balanced_accuracy': 0.8769413228183189, 'f1_macro': 0.8785834213974402, 'f1_micro': 0.8765558684958532, 'f1_weighted': 0.8767058460255538, 'precision_macro': 0.8808874355696416, 'precision_micro': 0.8765558684958532, 'precision_weighted': 0.8775484813557002, 'recall_macro': 0.8769413228183189, 'recall_micro': 0.8765558684958532, 'recall_weighted': 0.8765558684958532}
Validation statistic: Loss: 0.1329, dev_score: {'accuracy': 0.9632023868722028, 'balanced_accuracy': 0.9627479863011026, 'f1_macro': 0.9628348406042038, 'f1_micro': 0.9632023868722028, 'f1_weighted': 0.9632058665371446, 'precision_macro': 0.9631808980440061, 'precision_micro': 0.9632023868722028, 'precision_weighted': 0.9634647129959604, 'recall_macro': 0.9627479863011026, 'recall_micro': 0.9632023868722028, 'recall_weighted': 0.9632023868722028}
-----------------------
Epoch 69/100
Training statistic: Loss: 0.3536, train_score: {'accuracy': 0.877698028476125, 'balanced_accuracy': 0.8781662240834933, 'f1_macro': 0.8795750074648089, 'f1_micro': 0.877698028476125, 'f1_weighted': 0.8778218935980829, 'precision_macro': 0.8817640373729697, 'precision_micro': 0.877698028476125, 'precision_weighted': 0.8787829498758511, 'recall_macro': 0.8781662240834933, 'recall_micro': 0.877698028476125, 'recall_weighted': 0.877698028476125}
Validation statistic: Loss: 0.1324, dev_score: {'accuracy': 0.9630366318581137, 'balanced_accuracy': 0.9626119936049402, 'f1_macro': 0.9626854579673371, 'f1_micro': 0.9630366318581137, 'f1_weighted': 0.9630521987148336, 'precision_macro': 0.9630159816116836, 'precision_micro': 0.9630366318581137, 'precision_weighted': 0.9633178296675519, 'recall_macro': 0.9626119936049402, 'recall_micro': 0.9630366318581137, 'recall_weighted': 0.9630366318581137}
-----------------------
Epoch 70/100
Training statistic: Loss: 0.3546, train_score: {'accuracy': 0.8776655807494127, 'balanced_accuracy': 0.8783495265763955, 'f1_macro': 0.8794523359029613, 'f1_micro': 0.8776655807494127, 'f1_weighted': 0.877694461134555, 'precision_macro': 0.8811026082560369, 'precision_micro': 0.8776655807494127, 'precision_weighted': 0.8782482947366347, 'recall_macro': 0.8783495265763955, 'recall_micro': 0.8776655807494127, 'recall_weighted': 0.8776655807494127}
Validation statistic: Loss: 0.1338, dev_score: {'accuracy': 0.962373611801757, 'balanced_accuracy': 0.9619127480420605, 'f1_macro': 0.9619869980260513, 'f1_micro': 0.962373611801757, 'f1_weighted': 0.9623718978778679, 'precision_macro': 0.9622517496522989, 'precision_micro': 0.962373611801757, 'precision_weighted': 0.9625594099362318, 'recall_macro': 0.9619127480420605, 'recall_micro': 0.962373611801757, 'recall_weighted': 0.962373611801757}
-----------------------
Epoch 71/100
Training statistic: Loss: 0.3542, train_score: {'accuracy': 0.8775033421158513, 'balanced_accuracy': 0.8782489643222788, 'f1_macro': 0.8793128471734916, 'f1_micro': 0.8775033421158513, 'f1_weighted': 0.8774993763396747, 'precision_macro': 0.8810680255481467, 'precision_micro': 0.8775033421158513, 'precision_weighted': 0.8781307746586269, 'recall_macro': 0.8782489643222788, 'recall_micro': 0.8775033421158513, 'recall_weighted': 0.8775033421158513}
Validation statistic: Loss: 0.1326, dev_score: {'accuracy': 0.963368141886292, 'balanced_accuracy': 0.9628290783198394, 'f1_macro': 0.9628027241663357, 'f1_micro': 0.963368141886292, 'f1_weighted': 0.9633434247283281, 'precision_macro': 0.963010661702765, 'precision_micro': 0.963368141886292, 'precision_weighted': 0.9635515451738246, 'recall_macro': 0.9628290783198394, 'recall_micro': 0.963368141886292, 'recall_weighted': 0.963368141886292}
-----------------------
Epoch 72/100
Training statistic: Loss: 0.3529, train_score: {'accuracy': 0.8783469830103703, 'balanced_accuracy': 0.8783540966463608, 'f1_macro': 0.8802224796152565, 'f1_micro': 0.8783469830103703, 'f1_weighted': 0.8784222216035692, 'precision_macro': 0.8829903376025794, 'precision_micro': 0.8783469830103703, 'precision_weighted': 0.8794055471219518, 'recall_macro': 0.8783540966463608, 'recall_micro': 0.8783469830103703, 'recall_weighted': 0.8783469830103703}
Validation statistic: Loss: 0.1340, dev_score: {'accuracy': 0.9618763467594895, 'balanced_accuracy': 0.961333630314442, 'f1_macro': 0.9613720134518319, 'f1_micro': 0.9618763467594895, 'f1_weighted': 0.9618647324109978, 'precision_macro': 0.9617437566931193, 'precision_micro': 0.9618763467594895, 'precision_weighted': 0.9621799741790722, 'recall_macro': 0.961333630314442, 'recall_micro': 0.9618763467594895, 'recall_weighted': 0.9618763467594895}
-----------------------
Epoch 73/100
Training statistic: Loss: 0.3488, train_score: {'accuracy': 0.8789375316365335, 'balanced_accuracy': 0.8788405386250773, 'f1_macro': 0.8808002889008251, 'f1_micro': 0.8789375316365335, 'f1_weighted': 0.879019133978583, 'precision_macro': 0.8837248750081195, 'precision_micro': 0.8789375316365335, 'precision_weighted': 0.8800246824606628, 'recall_macro': 0.8788405386250773, 'recall_micro': 0.8789375316365335, 'recall_weighted': 0.8789375316365335}
Validation statistic: Loss: 0.1318, dev_score: {'accuracy': 0.9615448367313111, 'balanced_accuracy': 0.9609724510196441, 'f1_macro': 0.9611286827316106, 'f1_micro': 0.9615448367313111, 'f1_weighted': 0.9615487117872499, 'precision_macro': 0.961605479193865, 'precision_micro': 0.9615448367313111, 'precision_weighted': 0.9618675083749849, 'recall_macro': 0.9609724510196441, 'recall_micro': 0.9615448367313111, 'recall_weighted': 0.9615448367313111}
Saving model...
Model saved!
-------------------------------------------
-----------------------
Epoch 74/100
Training statistic: Loss: 0.3472, train_score: {'accuracy': 0.8806702402429686, 'balanced_accuracy': 0.8815002430216652, 'f1_macro': 0.8824976777375525, 'f1_micro': 0.8806702402429686, 'f1_weighted': 0.8807145523485184, 'precision_macro': 0.884107784556886, 'precision_micro': 0.8806702402429686, 'precision_weighted': 0.8813692938277181, 'recall_macro': 0.8815002430216652, 'recall_micro': 0.8806702402429686, 'recall_weighted': 0.8806702402429686}
Validation statistic: Loss: 0.1313, dev_score: {'accuracy': 0.9627051218299354, 'balanced_accuracy': 0.962100338075803, 'f1_macro': 0.9623207127618331, 'f1_micro': 0.9627051218299354, 'f1_weighted': 0.9627095836198155, 'precision_macro': 0.9628455755540971, 'precision_micro': 0.9627051218299354, 'precision_weighted': 0.9630093435841379, 'recall_macro': 0.962100338075803, 'recall_micro': 0.9627051218299354, 'recall_weighted': 0.9627051218299354}
Saving model...
Model saved!
-------------------------------------------
-----------------------
Epoch 75/100
Training statistic: Loss: 0.3467, train_score: {'accuracy': 0.8810855711448856, 'balanced_accuracy': 0.8814147431915474, 'f1_macro': 0.8829327219555859, 'f1_micro': 0.8810855711448856, 'f1_weighted': 0.8811708931005919, 'precision_macro': 0.8851390096983256, 'precision_micro': 0.8810855711448856, 'precision_weighted': 0.8819353113976675, 'recall_macro': 0.8814147431915474, 'recall_micro': 0.8810855711448856, 'recall_weighted': 0.8810855711448856}
Validation statistic: Loss: 0.1300, dev_score: {'accuracy': 0.9632023868722028, 'balanced_accuracy': 0.9627608798841463, 'f1_macro': 0.9629040253114498, 'f1_micro': 0.9632023868722028, 'f1_weighted': 0.9632181052800189, 'precision_macro': 0.9633426260618734, 'precision_micro': 0.9632023868722028, 'precision_weighted': 0.9635224456293989, 'recall_macro': 0.9627608798841463, 'recall_micro': 0.9632023868722028, 'recall_weighted': 0.9632023868722028}
Saving model...
Model saved!
-------------------------------------------
-----------------------
Epoch 76/100
Training statistic: Loss: 0.3459, train_score: {'accuracy': 0.8813905797759809, 'balanced_accuracy': 0.8818075707414217, 'f1_macro': 0.8831855025630851, 'f1_micro': 0.8813905797759809, 'f1_weighted': 0.881465818624514, 'precision_macro': 0.8849309498418556, 'precision_micro': 0.8813905797759809, 'precision_weighted': 0.8819142560811327, 'recall_macro': 0.8818075707414217, 'recall_micro': 0.8813905797759809, 'recall_weighted': 0.8813905797759809}
Validation statistic: Loss: 0.1302, dev_score: {'accuracy': 0.961379081717222, 'balanced_accuracy': 0.9607916550445974, 'f1_macro': 0.9608850481466146, 'f1_micro': 0.961379081717222, 'f1_weighted': 0.961396875223179, 'precision_macro': 0.9612723001632059, 'precision_micro': 0.961379081717222, 'precision_weighted': 0.961700359667623, 'recall_macro': 0.9607916550445974, 'recall_micro': 0.961379081717222, 'recall_weighted': 0.961379081717222}
-----------------------
Epoch 77/100
Training statistic: Loss: 0.3479, train_score: {'accuracy': 0.8808714161485847, 'balanced_accuracy': 0.8802315508971661, 'f1_macro': 0.8827227540630332, 'f1_micro': 0.8808714161485847, 'f1_weighted': 0.8809579764363762, 'precision_macro': 0.885976388104131, 'precision_micro': 0.8808714161485847, 'precision_weighted': 0.8817909962598226, 'recall_macro': 0.8802315508971661, 'recall_micro': 0.8808714161485847, 'recall_weighted': 0.8808714161485847}
Validation statistic: Loss: 0.1319, dev_score: {'accuracy': 0.9636996519144704, 'balanced_accuracy': 0.963230872349299, 'f1_macro': 0.9633062029227029, 'f1_micro': 0.9636996519144704, 'f1_weighted': 0.963721870140152, 'precision_macro': 0.9637238191356667, 'precision_micro': 0.9636996519144704, 'precision_weighted': 0.9640755643362541, 'recall_macro': 0.963230872349299, 'recall_micro': 0.9636996519144704, 'recall_weighted': 0.9636996519144704}
-----------------------
Epoch 78/100
Training statistic: Loss: 0.3471, train_score: {'accuracy': 0.881092060690228, 'balanced_accuracy': 0.8810639321022368, 'f1_macro': 0.8830295556412713, 'f1_micro': 0.881092060690228, 'f1_weighted': 0.8811902472567037, 'precision_macro': 0.8857742521328978, 'precision_micro': 0.881092060690228, 'precision_weighted': 0.8821079398884819, 'recall_macro': 0.8810639321022368, 'recall_micro': 0.881092060690228, 'recall_weighted': 0.881092060690228}
Validation statistic: Loss: 0.1322, dev_score: {'accuracy': 0.9625393668158462, 'balanced_accuracy': 0.9620364878586489, 'f1_macro': 0.9621246992367263, 'f1_micro': 0.9625393668158462, 'f1_weighted': 0.9625547420773635, 'precision_macro': 0.962486527962308, 'precision_micro': 0.9625393668158462, 'precision_weighted': 0.9628374449939737, 'recall_macro': 0.9620364878586489, 'recall_micro': 0.9625393668158462, 'recall_weighted': 0.9625393668158462}
-----------------------
Epoch 79/100
Training statistic: Loss: 0.3454, train_score: {'accuracy': 0.8829740288395395, 'balanced_accuracy': 0.8826815023396094, 'f1_macro': 0.8849150504280022, 'f1_micro': 0.8829740288395395, 'f1_weighted': 0.8830991634683905, 'precision_macro': 0.8880098883330867, 'precision_micro': 0.8829740288395395, 'precision_weighted': 0.8840753629090493, 'recall_macro': 0.8826815023396094, 'recall_micro': 0.8829740288395395, 'recall_weighted': 0.8829740288395395}
Validation statistic: Loss: 0.1323, dev_score: {'accuracy': 0.9635338969003813, 'balanced_accuracy': 0.9630362138375389, 'f1_macro': 0.9631680530432852, 'f1_micro': 0.9635338969003813, 'f1_weighted': 0.9635479763264472, 'precision_macro': 0.9635507653040355, 'precision_micro': 0.9635338969003813, 'precision_weighted': 0.963808158677223, 'recall_macro': 0.9630362138375389, 'recall_micro': 0.9635338969003813, 'recall_weighted': 0.9635338969003813}
-----------------------
Epoch 80/100
Training statistic: Loss: 0.3433, train_score: {'accuracy': 0.8839799083676197, 'balanced_accuracy': 0.8841267556515355, 'f1_macro': 0.885675583516527, 'f1_micro': 0.8839799083676197, 'f1_weighted': 0.8840093758620481, 'precision_macro': 0.8879872343954099, 'precision_micro': 0.8839799083676197, 'precision_weighted': 0.8847662262200109, 'recall_macro': 0.8841267556515355, 'recall_micro': 0.8839799083676197, 'recall_weighted': 0.8839799083676197}
Validation statistic: Loss: 0.1310, dev_score: {'accuracy': 0.9632023868722028, 'balanced_accuracy': 0.9626547660575901, 'f1_macro': 0.9628055921449242, 'f1_micro': 0.9632023868722028, 'f1_weighted': 0.9632044518628512, 'precision_macro': 0.9632400304236644, 'precision_micro': 0.9632023868722028, 'precision_weighted': 0.963482606013202, 'recall_macro': 0.9626547660575901, 'recall_micro': 0.9632023868722028, 'recall_weighted': 0.9632023868722028}
-----------------------
Epoch 81/100
Training statistic: Loss: 0.3408, train_score: {'accuracy': 0.8837852220073462, 'balanced_accuracy': 0.8836249408169425, 'f1_macro': 0.8854286553682507, 'f1_micro': 0.8837852220073462, 'f1_weighted': 0.8838540946430474, 'precision_macro': 0.8881353188282191, 'precision_micro': 0.8837852220073462, 'precision_weighted': 0.8847891534459876, 'recall_macro': 0.8836249408169425, 'recall_micro': 0.8837852220073462, 'recall_weighted': 0.8837852220073462}
Validation statistic: Loss: 0.1296, dev_score: {'accuracy': 0.9635338969003813, 'balanced_accuracy': 0.9630399613419265, 'f1_macro': 0.9630597264303743, 'f1_micro': 0.9635338969003813, 'f1_weighted': 0.9635240035090927, 'precision_macro': 0.9633230824031651, 'precision_micro': 0.9635338969003813, 'precision_weighted': 0.9637529061341302, 'recall_macro': 0.9630399613419265, 'recall_micro': 0.9635338969003813, 'recall_weighted': 0.9635338969003813}
Saving model...
Model saved!
-------------------------------------------
-----------------------
Epoch 82/100
Training statistic: Loss: 0.3412, train_score: {'accuracy': 0.8840967201837839, 'balanced_accuracy': 0.8841605727596897, 'f1_macro': 0.8859487505798974, 'f1_micro': 0.8840967201837839, 'f1_weighted': 0.884209059271158, 'precision_macro': 0.8885039871407159, 'precision_micro': 0.8840967201837839, 'precision_weighted': 0.8850870464315878, 'recall_macro': 0.8841605727596897, 'recall_micro': 0.8840967201837839, 'recall_weighted': 0.8840967201837839}
Validation statistic: Loss: 0.1312, dev_score: {'accuracy': 0.9632023868722028, 'balanced_accuracy': 0.9626136950479447, 'f1_macro': 0.9627934399383113, 'f1_micro': 0.9632023868722028, 'f1_weighted': 0.9632097105000932, 'precision_macro': 0.9632388719974246, 'precision_micro': 0.9632023868722028, 'precision_weighted': 0.9634768762077838, 'recall_macro': 0.9626136950479447, 'recall_micro': 0.9632023868722028, 'recall_weighted': 0.9632023868722028}
-----------------------
Epoch 83/100
Training statistic: Loss: 0.3370, train_score: {'accuracy': 0.8848430178981661, 'balanced_accuracy': 0.8848509062193992, 'f1_macro': 0.886418234499836, 'f1_micro': 0.8848430178981661, 'f1_weighted': 0.8848601216101556, 'precision_macro': 0.8887613248364878, 'precision_micro': 0.8848430178981661, 'precision_weighted': 0.8856080180489977, 'recall_macro': 0.8848509062193992, 'recall_micro': 0.8848430178981661, 'recall_weighted': 0.8848430178981661}
Validation statistic: Loss: 0.1295, dev_score: {'accuracy': 0.9632023868722028, 'balanced_accuracy': 0.9626207182508677, 'f1_macro': 0.9627134861918611, 'f1_micro': 0.9632023868722028, 'f1_weighted': 0.9631989250227443, 'precision_macro': 0.9630688686278116, 'precision_micro': 0.9632023868722028, 'precision_weighted': 0.963449963545869, 'recall_macro': 0.9626207182508677, 'recall_micro': 0.9632023868722028, 'recall_weighted': 0.9632023868722028}
Saving model...
Model saved!
-------------------------------------------
-----------------------
Epoch 84/100
Training statistic: Loss: 0.3387, train_score: {'accuracy': 0.88464184199255, 'balanced_accuracy': 0.8849609545793522, 'f1_macro': 0.8864794208790026, 'f1_micro': 0.88464184199255, 'f1_weighted': 0.884668487840408, 'precision_macro': 0.8889060514504289, 'precision_micro': 0.88464184199255, 'precision_weighted': 0.8855824720756216, 'recall_macro': 0.8849609545793522, 'recall_micro': 0.88464184199255, 'recall_weighted': 0.88464184199255}
Validation statistic: Loss: 0.1317, dev_score: {'accuracy': 0.9636996519144704, 'balanced_accuracy': 0.9630820469557566, 'f1_macro': 0.9632155959539881, 'f1_micro': 0.9636996519144704, 'f1_weighted': 0.9637274617247453, 'precision_macro': 0.9637207137058326, 'precision_micro': 0.9636996519144704, 'precision_weighted': 0.9641150807781488, 'recall_macro': 0.9630820469557566, 'recall_micro': 0.9636996519144704, 'recall_weighted': 0.9636996519144704}
-----------------------
Epoch 85/100
Training statistic: Loss: 0.3388, train_score: {'accuracy': 0.88532973379885, 'balanced_accuracy': 0.8857043279974468, 'f1_macro': 0.8870697713937652, 'f1_micro': 0.88532973379885, 'f1_weighted': 0.8853865636814342, 'precision_macro': 0.8893012088099754, 'precision_micro': 0.88532973379885, 'precision_weighted': 0.8862788532018355, 'recall_macro': 0.8857043279974468, 'recall_micro': 0.88532973379885, 'recall_weighted': 0.88532973379885}
Validation statistic: Loss: 0.1321, dev_score: {'accuracy': 0.9630366318581137, 'balanced_accuracy': 0.9624865310311688, 'f1_macro': 0.962600170959195, 'f1_micro': 0.9630366318581137, 'f1_weighted': 0.9630465606667552, 'precision_macro': 0.9630268988664602, 'precision_micro': 0.9630366318581137, 'precision_weighted': 0.9633650137701032, 'recall_macro': 0.9624865310311688, 'recall_micro': 0.9630366318581137, 'recall_weighted': 0.9630366318581137}
-----------------------
Epoch 86/100
Training statistic: Loss: 0.3376, train_score: {'accuracy': 0.8852323906187133, 'balanced_accuracy': 0.8851365131696115, 'f1_macro': 0.8870765278149833, 'f1_micro': 0.8852323906187133, 'f1_weighted': 0.8853216522726899, 'precision_macro': 0.8898097424233157, 'precision_micro': 0.8852323906187133, 'precision_weighted': 0.8862342069218443, 'recall_macro': 0.8851365131696115, 'recall_micro': 0.8852323906187133, 'recall_weighted': 0.8852323906187133}
Validation statistic: Loss: 0.1314, dev_score: {'accuracy': 0.9622078567876678, 'balanced_accuracy': 0.96162660300391, 'f1_macro': 0.9617909388622146, 'f1_micro': 0.9622078567876678, 'f1_weighted': 0.9622219714393018, 'precision_macro': 0.9622357183883047, 'precision_micro': 0.9622078567876678, 'precision_weighted': 0.9625083303140407, 'recall_macro': 0.96162660300391, 'recall_micro': 0.9622078567876678, 'recall_weighted': 0.9622078567876678}
-----------------------
Epoch 87/100
Training statistic: Loss: 0.3357, train_score: {'accuracy': 0.8865043415058341, 'balanced_accuracy': 0.8861338244485356, 'f1_macro': 0.8881502701398617, 'f1_micro': 0.8865043415058341, 'f1_weighted': 0.8865079841086803, 'precision_macro': 0.8912205565601455, 'precision_micro': 0.8865043415058341, 'precision_weighted': 0.8875062626235911, 'recall_macro': 0.8861338244485356, 'recall_micro': 0.8865043415058341, 'recall_weighted': 0.8865043415058341}
Validation statistic: Loss: 0.1337, dev_score: {'accuracy': 0.9625393668158462, 'balanced_accuracy': 0.9620127375339379, 'f1_macro': 0.9621150449143976, 'f1_micro': 0.9625393668158462, 'f1_weighted': 0.9625541294500859, 'precision_macro': 0.9625831051754492, 'precision_micro': 0.9625393668158462, 'precision_weighted': 0.9629261167717622, 'recall_macro': 0.9620127375339379, 'recall_micro': 0.9625393668158462, 'recall_weighted': 0.9625393668158462}
-----------------------
Epoch 88/100
Training statistic: Loss: 0.3343, train_score: {'accuracy': 0.8869975469518605, 'balanced_accuracy': 0.8871933812272432, 'f1_macro': 0.8887330532955184, 'f1_micro': 0.8869975469518605, 'f1_weighted': 0.8870434698213288, 'precision_macro': 0.8911636160284029, 'precision_micro': 0.8869975469518605, 'precision_weighted': 0.8879534882973298, 'recall_macro': 0.8871933812272432, 'recall_micro': 0.8869975469518605, 'recall_weighted': 0.8869975469518605}
Validation statistic: Loss: 0.1317, dev_score: {'accuracy': 0.9618763467594895, 'balanced_accuracy': 0.9613958964225962, 'f1_macro': 0.9614384822896316, 'f1_micro': 0.9618763467594895, 'f1_weighted': 0.9619050121208325, 'precision_macro': 0.9618474463689841, 'precision_micro': 0.9618763467594895, 'precision_weighted': 0.9622941329694821, 'recall_macro': 0.9613958964225962, 'recall_micro': 0.9618763467594895, 'recall_weighted': 0.9618763467594895}
-----------------------
Epoch 89/100
Training statistic: Loss: 0.3332, train_score: {'accuracy': 0.8883992887458305, 'balanced_accuracy': 0.8888277015333952, 'f1_macro': 0.8900024609133974, 'f1_micro': 0.8883992887458305, 'f1_weighted': 0.8883703744707062, 'precision_macro': 0.891794722686814, 'precision_micro': 0.8883992887458305, 'precision_weighted': 0.8889419420415662, 'recall_macro': 0.8888277015333952, 'recall_micro': 0.8883992887458305, 'recall_weighted': 0.8883992887458305}
Validation statistic: Loss: 0.1303, dev_score: {'accuracy': 0.9640311619426488, 'balanced_accuracy': 0.9635702691617251, 'f1_macro': 0.9635978621504071, 'f1_micro': 0.9640311619426488, 'f1_weighted': 0.9640293749491008, 'precision_macro': 0.9639000413741113, 'precision_micro': 0.9640311619426488, 'precision_weighted': 0.9642950765021688, 'recall_macro': 0.9635702691617251, 'recall_micro': 0.9640311619426488, 'recall_weighted': 0.9640311619426488}
-----------------------
Epoch 90/100
Training statistic: Loss: 0.3287, train_score: {'accuracy': 0.888392799200488, 'balanced_accuracy': 0.8884577516419341, 'f1_macro': 0.8901527188004174, 'f1_micro': 0.888392799200488, 'f1_weighted': 0.888472952681046, 'precision_macro': 0.892372540826489, 'precision_micro': 0.888392799200488, 'precision_weighted': 0.8890748920565982, 'recall_macro': 0.8884577516419341, 'recall_micro': 0.888392799200488, 'recall_weighted': 0.888392799200488}
Validation statistic: Loss: 0.1287, dev_score: {'accuracy': 0.9618763467594895, 'balanced_accuracy': 0.961332634402539, 'f1_macro': 0.9614937951452596, 'f1_micro': 0.9618763467594895, 'f1_weighted': 0.961871810122268, 'precision_macro': 0.9618333252730373, 'precision_micro': 0.9618763467594895, 'precision_weighted': 0.9620442266146417, 'recall_macro': 0.961332634402539, 'recall_micro': 0.9618763467594895, 'recall_weighted': 0.9618763467594895}
Saving model...
Model saved!
-------------------------------------------
-----------------------
Epoch 91/100
Training statistic: Loss: 0.3305, train_score: {'accuracy': 0.8881656651135021, 'balanced_accuracy': 0.8879200962980613, 'f1_macro': 0.8899654962160074, 'f1_micro': 0.8881656651135021, 'f1_weighted': 0.8882778770796386, 'precision_macro': 0.8928709750141655, 'precision_micro': 0.8881656651135021, 'precision_weighted': 0.8892412520420532, 'recall_macro': 0.8879200962980613, 'recall_micro': 0.8881656651135021, 'recall_weighted': 0.8881656651135021}
Validation statistic: Loss: 0.1293, dev_score: {'accuracy': 0.9628708768440245, 'balanced_accuracy': 0.9623645637281, 'f1_macro': 0.9625008163596556, 'f1_micro': 0.9628708768440245, 'f1_weighted': 0.9628659177938776, 'precision_macro': 0.9628829608247044, 'precision_micro': 0.9628708768440245, 'precision_weighted': 0.9631025660044283, 'recall_macro': 0.9623645637281, 'recall_micro': 0.9628708768440245, 'recall_weighted': 0.9628708768440245}
-----------------------
Epoch 92/100
Training statistic: Loss: 0.3304, train_score: {'accuracy': 0.8884382260178851, 'balanced_accuracy': 0.8882322109713717, 'f1_macro': 0.8901288649731833, 'f1_micro': 0.8884382260178851, 'f1_weighted': 0.8885044552699846, 'precision_macro': 0.8927761750414589, 'precision_micro': 0.8884382260178851, 'precision_weighted': 0.889311928939639, 'recall_macro': 0.8882322109713717, 'recall_micro': 0.8884382260178851, 'recall_weighted': 0.8884382260178851}
Validation statistic: Loss: 0.1296, dev_score: {'accuracy': 0.9620421017735786, 'balanced_accuracy': 0.9615083945729405, 'f1_macro': 0.9616695666892927, 'f1_micro': 0.9620421017735786, 'f1_weighted': 0.9620585459411217, 'precision_macro': 0.9621582694178121, 'precision_micro': 0.9620421017735786, 'precision_weighted': 0.9623928173402423, 'recall_macro': 0.9615083945729405, 'recall_micro': 0.9620421017735786, 'recall_weighted': 0.9620421017735786}
-----------------------
Epoch 93/100
Training statistic: Loss: 0.3292, train_score: {'accuracy': 0.8881007696600776, 'balanced_accuracy': 0.8877681349293397, 'f1_macro': 0.8898906639435941, 'f1_micro': 0.8881007696600776, 'f1_weighted': 0.8882540118741287, 'precision_macro': 0.8928644174543032, 'precision_micro': 0.8881007696600776, 'precision_weighted': 0.8892616438909908, 'recall_macro': 0.8877681349293397, 'recall_micro': 0.8881007696600776, 'recall_weighted': 0.8881007696600776}
Validation statistic: Loss: 0.1300, dev_score: {'accuracy': 0.9636996519144704, 'balanced_accuracy': 0.9631202154407174, 'f1_macro': 0.9633341114991321, 'f1_micro': 0.9636996519144704, 'f1_weighted': 0.9636967360239223, 'precision_macro': 0.9637394066029114, 'precision_micro': 0.9636996519144704, 'precision_weighted': 0.9638830231394333, 'recall_macro': 0.9631202154407174, 'recall_micro': 0.9636996519144704, 'recall_weighted': 0.9636996519144704}
-----------------------
Epoch 94/100
Training statistic: Loss: 0.3293, train_score: {'accuracy': 0.8890287746440484, 'balanced_accuracy': 0.8891817242148925, 'f1_macro': 0.8907671530179899, 'f1_micro': 0.8890287746440484, 'f1_weighted': 0.8890863472744664, 'precision_macro': 0.8930764943790278, 'precision_micro': 0.8890287746440484, 'precision_weighted': 0.8898242688366885, 'recall_macro': 0.8891817242148925, 'recall_micro': 0.8890287746440484, 'recall_weighted': 0.8890287746440484}
Validation statistic: Loss: 0.1300, dev_score: {'accuracy': 0.9635338969003813, 'balanced_accuracy': 0.9630275662087268, 'f1_macro': 0.9631227736148104, 'f1_micro': 0.9635338969003813, 'f1_weighted': 0.9635436900957128, 'precision_macro': 0.9634352047390997, 'precision_micro': 0.9635338969003813, 'precision_weighted': 0.9637691752730116, 'recall_macro': 0.9630275662087268, 'recall_micro': 0.9635338969003813, 'recall_weighted': 0.9635338969003813}
-----------------------
Epoch 95/100
Training statistic: Loss: 0.3255, train_score: {'accuracy': 0.8909951068828118, 'balanced_accuracy': 0.8915221091758067, 'f1_macro': 0.8927396717631428, 'f1_micro': 0.8909951068828118, 'f1_weighted': 0.891055678442321, 'precision_macro': 0.8943488530239844, 'precision_micro': 0.8909951068828118, 'precision_weighted': 0.8915201857982792, 'recall_macro': 0.8915221091758067, 'recall_micro': 0.8909951068828118, 'recall_weighted': 0.8909951068828118}
Validation statistic: Loss: 0.1277, dev_score: {'accuracy': 0.9650256920271838, 'balanced_accuracy': 0.9646261553314467, 'f1_macro': 0.964585599618131, 'f1_micro': 0.9650256920271838, 'f1_weighted': 0.965029968650672, 'precision_macro': 0.9647897489148652, 'precision_micro': 0.9650256920271838, 'precision_weighted': 0.9652751070785934, 'recall_macro': 0.9646261553314467, 'recall_micro': 0.9650256920271838, 'recall_weighted': 0.9650256920271838}
Saving model...
Model saved!
-------------------------------------------
-----------------------
Epoch 96/100
Training statistic: Loss: 0.3275, train_score: {'accuracy': 0.8892818669124041, 'balanced_accuracy': 0.889228900532413, 'f1_macro': 0.8910428094519265, 'f1_micro': 0.8892818669124041, 'f1_weighted': 0.8894329978147612, 'precision_macro': 0.8936417339856559, 'precision_micro': 0.8892818669124041, 'precision_weighted': 0.8903958309457397, 'recall_macro': 0.889228900532413, 'recall_micro': 0.8892818669124041, 'recall_weighted': 0.8892818669124041}
Validation statistic: Loss: 0.1307, dev_score: {'accuracy': 0.9630366318581137, 'balanced_accuracy': 0.9626513077642125, 'f1_macro': 0.9627155166795532, 'f1_micro': 0.9630366318581137, 'f1_weighted': 0.9630349893770502, 'precision_macro': 0.9630508205783016, 'precision_micro': 0.9630366318581137, 'precision_weighted': 0.9633011822190498, 'recall_macro': 0.9626513077642125, 'recall_micro': 0.9630366318581137, 'recall_weighted': 0.9630366318581137}
-----------------------
Epoch 97/100
Training statistic: Loss: 0.3253, train_score: {'accuracy': 0.8907290355237713, 'balanced_accuracy': 0.8907259454298743, 'f1_macro': 0.8924298264775837, 'f1_micro': 0.8907290355237713, 'f1_weighted': 0.8907789662825784, 'precision_macro': 0.8949234346117423, 'precision_micro': 0.8907290355237713, 'precision_weighted': 0.8915656331174489, 'recall_macro': 0.8907259454298743, 'recall_micro': 0.8907290355237713, 'recall_weighted': 0.8907290355237713}
Validation statistic: Loss: 0.1300, dev_score: {'accuracy': 0.9638654069285596, 'balanced_accuracy': 0.9633483425297579, 'f1_macro': 0.9634970957862794, 'f1_micro': 0.9638654069285596, 'f1_weighted': 0.9638577680096225, 'precision_macro': 0.9638569481359367, 'precision_micro': 0.9638654069285596, 'precision_weighted': 0.9640597282209703, 'recall_macro': 0.9633483425297579, 'recall_micro': 0.9638654069285596, 'recall_weighted': 0.9638654069285596}
-----------------------
Epoch 98/100
Training statistic: Loss: 0.3253, train_score: {'accuracy': 0.8905213700728127, 'balanced_accuracy': 0.8901496222114821, 'f1_macro': 0.8921868791656795, 'f1_micro': 0.8905213700728127, 'f1_weighted': 0.890592944916004, 'precision_macro': 0.8951051592089225, 'precision_micro': 0.8905213700728127, 'precision_weighted': 0.8915302475376755, 'recall_macro': 0.8901496222114821, 'recall_micro': 0.8905213700728127, 'recall_weighted': 0.8905213700728127}
Validation statistic: Loss: 0.1305, dev_score: {'accuracy': 0.962373611801757, 'balanced_accuracy': 0.9619571923488, 'f1_macro': 0.9620464121790986, 'f1_micro': 0.962373611801757, 'f1_weighted': 0.9623823689427431, 'precision_macro': 0.9623797561397127, 'precision_micro': 0.962373611801757, 'precision_weighted': 0.9626326776160846, 'recall_macro': 0.9619571923488, 'recall_micro': 0.962373611801757, 'recall_weighted': 0.962373611801757}
-----------------------
Epoch 99/100
Training statistic: Loss: 0.3230, train_score: {'accuracy': 0.8910924500629486, 'balanced_accuracy': 0.8901780196059856, 'f1_macro': 0.8927865723928428, 'f1_micro': 0.8910924500629486, 'f1_weighted': 0.8912103318397059, 'precision_macro': 0.8963434044100292, 'precision_micro': 0.8910924500629486, 'precision_weighted': 0.8922574451069821, 'recall_macro': 0.8901780196059856, 'recall_micro': 0.8910924500629486, 'recall_weighted': 0.8910924500629486}
Validation statistic: Loss: 0.1282, dev_score: {'accuracy': 0.962373611801757, 'balanced_accuracy': 0.9619980249832054, 'f1_macro': 0.9620795682042568, 'f1_micro': 0.962373611801757, 'f1_weighted': 0.962394178645569, 'precision_macro': 0.9624293084752468, 'precision_micro': 0.962373611801757, 'precision_weighted': 0.9626783000191809, 'recall_macro': 0.9619980249832054, 'recall_micro': 0.962373611801757, 'recall_weighted': 0.962373611801757}
-----------------------
Epoch 100/100
Training statistic: Loss: 0.3200, train_score: {'accuracy': 0.8924812127662336, 'balanced_accuracy': 0.8928853285805844, 'f1_macro': 0.8941092762238139, 'f1_micro': 0.8924812127662336, 'f1_weighted': 0.8924814489160152, 'precision_macro': 0.8957219899855662, 'precision_micro': 0.8924812127662336, 'precision_weighted': 0.8928436651243624, 'recall_macro': 0.8928853285805844, 'recall_micro': 0.8924812127662336, 'recall_weighted': 0.8924812127662336}
Validation statistic: Loss: 0.1278, dev_score: {'accuracy': 0.9627051218299354, 'balanced_accuracy': 0.9622313969737734, 'f1_macro': 0.9623133824788855, 'f1_micro': 0.9627051218299354, 'f1_weighted': 0.9627103530657566, 'precision_macro': 0.9626413149558697, 'precision_micro': 0.9627051218299354, 'precision_weighted': 0.9629568071725869, 'recall_macro': 0.9622313969737734, 'recall_micro': 0.9627051218299354, 'recall_weighted': 0.9627051218299354}
Testing statistic: loss: 0.12657542097632504, scores: {'accuracy': 0.9648536412437962, 'balanced_accuracy': 0.9647440555425808, 'f1_macro': 0.9649556426260769, 'f1_micro': 0.9648536412437962, 'f1_weighted': 0.9648834416622952, 'precision_macro': 0.9653963602594446, 'precision_micro': 0.9648536412437962, 'precision_weighted': 0.9651368058835829, 'recall_macro': 0.9647440555425808, 'recall_micro': 0.9648536412437962, 'recall_weighted': 0.9648536412437962}
Finish training!
