global_round,train_loss,train_accuracy,train_f1_macro,train_f1_micro,train_f1_weighted,dev_loss,dev_accuracy,dev_f1_macro,dev_f1_micro,dev_f1_weighted,test_loss,test_accuracy,test_f1_macro,test_f1_micro,test_f1_weighted
1,0.707471188690964,0.6989265927977839,0.47646123521573625,0.6989265927977839,0.6831384507048113,0.7097852763376737,0.7023026315789473,0.4808524905537908,0.7023026315789473,0.6866024230895673,0.6139056523997269,0.7375282910079775,0.5268382736973761,0.7375282910079775,0.7261677254839386
2,0.6568916494496311,0.7197454986149584,0.5193813505766594,0.7197454986149584,0.7062463935089304,0.6624313969361154,0.7196751644736842,0.5137822871029588,0.7196751644736842,0.7061831936473592,0.5668848450789769,0.7568307186561448,0.56051916858115,0.7568307186561448,0.7453229196910997
3,0.6136018309676856,0.7370927833564174,0.5890606102667826,0.7370927833564174,0.7298649275168818,0.6216904897438852,0.7357113486842105,0.5857151976926851,0.7357113486842105,0.72835114282911,0.5300485070760806,0.7726822887533024,0.6302235802558377,0.7726822887533024,0.7660034578335245
4,0.584178242106627,0.7501334545244691,0.6253683668119944,0.7501334545244691,0.7445351062709694,0.592852743048417,0.7451685855263158,0.6130149918363429,0.7451685855263158,0.7395557476124403,0.5033102747456428,0.7837577343097855,0.6647558638762895,0.7837577343097855,0.7787199064664256
5,0.5648856804476551,0.758337300900277,0.6378236227233397,0.758337300900277,0.753872435001651,0.5745968128505506,0.7523643092105263,0.6239516602021913,0.7523643092105263,0.7475062750779154,0.48413320815028826,0.79107251964235,0.6809681553724735,0.79107251964235,0.7871002295665115
6,0.5481596966364377,0.7664347443444137,0.6466454951273517,0.7664347443444137,0.7611075570703634,0.5568458610459378,0.760485197368421,0.6288615171001676,0.760485197368421,0.7546689544572939,0.46594690892541124,0.8009345713966076,0.6902219933987581,0.8009345713966076,0.7957810448801231
7,0.5318987091052125,0.7735907923591875,0.6604170247565955,0.7735907923591875,0.7692027075878609,0.5419283650423351,0.7666529605263158,0.6479052460234301,0.7666529605263158,0.762310002658506,0.44943423410153943,0.8086107931808989,0.7039217868171113,0.8086107931808989,0.8045686890784395
8,0.5164422389267774,0.7819118623037857,0.6768604323780093,0.7819118623037857,0.7779518472857643,0.5272778492224844,0.7728207236842105,0.6538572790449974,0.7728207236842105,0.7682561017025551,0.4331224517291972,0.8160890854797208,0.7207904069126665,0.8160890854797208,0.8125665768568963
9,0.5046060440833109,0.7859281221144968,0.6888415784783873,0.7859281221144968,0.7825467259955192,0.514602182727111,0.7796052631578947,0.6656948491979598,0.7796052631578947,0.7756823091202643,0.42164782303602016,0.8212524633615311,0.7359691696077367,0.8212524633615311,0.8182710637363549
10,0.4916996614369439,0.7928767745844876,0.7009468629263794,0.7928767745844876,0.7904924943579872,0.5018990667242753,0.7857730263157895,0.6847714098610762,0.7857730263157895,0.7829831024760372,0.4080940569106645,0.8277927420118242,0.7519755565046501,0.8277927420118242,0.825798068486046
11,0.48324018152686915,0.796276258079409,0.7102355978889424,0.796276258079409,0.7939914120296901,0.4934874914194408,0.7872121710526315,0.686320495168229,0.7872121710526315,0.7843276082438109,0.3986908305450254,0.8313038389714551,0.7593959256130608,0.8313038389714551,0.8293832742208115
12,0.47545487489396515,0.8013781884810711,0.7178026386437256,0.8013781884810711,0.7993621000060829,0.4853861582906623,0.7935855263157895,0.6943256442155075,0.7935855263157895,0.791620875982141,0.39071203917812497,0.8371298503480977,0.7692604334361773,0.8371298503480977,0.835489924403429
13,0.46648304691385145,0.8051077014081256,0.7265603739447072,0.8051077014081256,0.8034520042596985,0.47776739534578827,0.797594572368421,0.7075231219302189,0.797594572368421,0.7956956717450793,0.3810612701075964,0.8395996661015637,0.7763281350724723,0.8395996661015637,0.8382407430697334
14,0.46043356777008,0.8085558777700831,0.7317149935109148,0.8085558777700831,0.807240695745884,0.47137819936400965,0.8013980263157895,0.7104278156396385,0.8013980263157895,0.7999331296387935,0.37527605216332827,0.8437045515176028,0.7805155875111216,0.8437045515176028,0.842669510381553
15,0.45356359180761285,0.8104909683748845,0.7313783010607435,0.8104909683748845,0.8089265113822232,0.4647661008332905,0.803453947368421,0.7092780489042646,0.803453947368421,0.8016817733408855,0.3669599740393173,0.84632066297772,0.7870896630822345,0.84632066297772,0.8451411482152319
16,0.44684997297279944,0.8147452822022161,0.7380061439601179,0.8147452822022161,0.8134999497892822,0.4587581549820147,0.8075657894736842,0.7150054423181912,0.8075657894736842,0.8062952018548584,0.36056767503806925,0.8500727175718354,0.7876696852040108,0.8500727175718354,0.8491978232329805
17,0.44374012319665207,0.8165397045244691,0.7438541398668427,0.8165397045244691,0.8156790429294232,0.45729240931962667,0.8061266447368421,0.7242495300756114,0.8061266447368421,0.805404368390381,0.3585866846268394,0.8513463507826821,0.7924984552675198,0.8513463507826821,0.8506813785634846
18,0.4381444549406444,0.819078947368421,0.7446310748508264,0.819078947368421,0.8177785960147774,0.4508753371866126,0.809313322368421,0.718017197241675,0.809313322368421,0.8080322294717908,0.3519908871064759,0.8544357718819652,0.7986271183556958,0.8544357718819652,0.8537284640553191
19,0.43332025551839987,0.8205667849722992,0.748851452004076,0.8205667849722992,0.8194213410754193,0.4457498694721021,0.8146587171052632,0.7318117071367781,0.8146587171052632,0.8134829736252704,0.3474459372993718,0.8555631093861604,0.7987774533620841,0.8555631093861604,0.854930901167838
20,0.4285978088198386,0.8227850155817175,0.7508191604547209,0.8227850155817175,0.821819463938135,0.44056856161669683,0.8126027960526315,0.7281528234643636,0.8126027960526315,0.8116705318923559,0.3426258381300557,0.8576370661686875,0.805003646748774,0.8576370661686875,0.8570172324159887
21,0.4240961346709937,0.825024887465374,0.7539514732443227,0.825024887465374,0.8240521171300483,0.43630275600834895,0.8147615131578947,0.7283537442784668,0.8147615131578947,0.8138123789397462,0.33789072618678756,0.8601929382201836,0.8028783155504193,0.8601929382201836,0.859447387444513
22,0.4203254726344749,0.826868002654663,0.7568321331920124,0.826868002654663,0.826135310505739,0.433615621767546,0.8179481907894737,0.7354160520794866,0.8179481907894737,0.8172730586885039,0.3349633082127705,0.8617677684741358,0.8090159071690461,0.8617677684741358,0.8613428690169073
23,0.41816990081623323,0.8274955996075716,0.7554509479407038,0.8274955996075716,0.8266118460796837,0.43150745253813894,0.821546052631579,0.7390443199097172,0.821546052631579,0.8206843039946142,0.33218482554614936,0.8635663451029664,0.8093819642611754,0.8635663451029664,0.862975518983901
24,0.41516315097733986,0.8297498990073869,0.7595263207615648,0.8297498990073869,0.8289300812414817,0.42895482558953135,0.819592927631579,0.7456116163916829,0.819592927631579,0.8189349815256917,0.32903321549015163,0.8657607807027358,0.8129741695993152,0.8657607807027358,0.8652312928394431
25,0.41023864354233114,0.8315154662973222,0.7616431133000993,0.8315154662973222,0.8307324830932801,0.4233120742597078,0.8233963815789473,0.7376327224368787,0.8233963815789473,0.8226480323218617,0.3261297525989157,0.8655800624768724,0.8130698152813952,0.8655800624768724,0.8651467270262577
26,0.40884654274827775,0.8327219673361034,0.7628044369296403,0.8327219673361034,0.8318554350353041,0.4224353918903752,0.8232935855263158,0.74476112415642,0.8232935855263158,0.8224666987208912,0.32489436507901087,0.8670344139135823,0.8122256477383375,0.8670344139135823,0.8664400731787758
27,0.4060372793608425,0.8342458737303786,0.7650129449743602,0.8342458737303786,0.8336568887105399,0.41893380880355835,0.8283305921052632,0.7448015520348621,0.8283305921052632,0.8277722941229895,0.3204336076810473,0.8694956240372451,0.8178812050596006,0.8694956240372451,0.8690860782663999
28,0.4031534278877114,0.8349582323407202,0.767850937265861,0.8349582323407202,0.8343438623266294,0.41703994336881134,0.8262746710526315,0.7484781634433583,0.8262746710526315,0.8257609209987837,0.31752870822108137,0.8705713277626224,0.8193376698203476,0.8705713277626224,0.8701970081353547
29,0.40272526039861467,0.8363126154201292,0.7694800531114435,0.8363126154201292,0.8358790032203675,0.4192914178496913,0.8277138157894737,0.7474371868795181,0.8277138157894737,0.827312968904203,0.318905173831237,0.8707950741375008,0.8199626190552062,0.8707950741375008,0.8703619700979071
30,0.3996917538530609,0.8371620354339797,0.7701668617767038,0.8371620354339797,0.8366287541270421,0.41403114952539144,0.8289473684210527,0.7507516339403956,0.8289473684210527,0.8286279049247615,0.31409322678492435,0.8719482285311051,0.8232634805076241,0.8719482285311051,0.871617806920128
31,0.3968611878591451,0.8384424774930748,0.7710470416372945,0.8384424774930748,0.8377481727048958,0.41219263014040497,0.828125,0.7435340212429659,0.828125,0.8274519800757903,0.311575604778423,0.8722924537232257,0.8247918747434995,0.8722924537232257,0.8718375030507148
32,0.39519492790639565,0.8393892832409973,0.7718391122852682,0.8393892832409973,0.8388741944830701,0.41082265659382466,0.8276110197368421,0.7371165231373197,0.8276110197368421,0.8271561232146035,0.3089006298414872,0.8742889598375257,0.8231313104252067,0.8742889598375257,0.8740332083679169
33,0.39279827181101945,0.8401936172668514,0.7738397214172483,0.8401936172668514,0.8399833373358272,0.4094100343553643,0.8319284539473685,0.7540934779547801,0.8319284539473685,0.8317788169957816,0.30684438102582,0.8749774102217671,0.8254114245807941,0.8749774102217671,0.874735476151187
34,0.3911581948083083,0.8405128260618652,0.7724350375230384,0.8405128260618652,0.8399529827808813,0.4069372086148513,0.8328536184210527,0.7542225863035865,0.8328536184210527,0.832278150505348,0.3068809661208841,0.8744524668037831,0.8253111179733097,0.8744524668037831,0.8741310416330984
35,0.3871354745805869,0.8423559412511542,0.7786565682634734,0.8423559412511542,0.8422002942928718,0.40366336232737493,0.8321340460526315,0.7512257738401834,0.8321340460526315,0.8321647148891489,0.30115160271065666,0.8768878600380369,0.8296516548696411,0.8768878600380369,0.8767295910202961
36,0.38627715561528614,0.8433784914589104,0.7780397639175105,0.8433784914589104,0.8429560025380084,0.40204117643205745,0.8343955592105263,0.7594424434567956,0.8343955592105263,0.8342838877129657,0.3009545097363138,0.8784282677727769,0.8302079311118888,0.8784282677727769,0.8781378486507396
37,0.3850883069350999,0.8441990564404432,0.7781872034694086,0.8441990564404432,0.843859466160021,0.4001506002325761,0.8365542763157895,0.7501615975410019,0.8365542763157895,0.8363792417541916,0.3004921895957478,0.8786089859986403,0.8298587682766059,0.8786089859986403,0.8783807900778321
38,0.3835432480466883,0.844494820521699,0.7788200511402579,0.844494820521699,0.8442422438963807,0.4002795595871775,0.8351151315789473,0.7600557459596706,0.8351151315789473,0.8351019211502559,0.29912598714135374,0.8782475495469136,0.8292890447484582,0.8782475495469136,0.8780492352364316
39,0.3792347158696623,0.8464858177516159,0.7805328776719366,0.8464858177516159,0.8459450753103733,0.3941992913421832,0.8375822368421053,0.7613160277905796,0.8375822368421053,0.8370716173267931,0.2930473130006771,0.8811648580501364,0.8337120693631711,0.8811648580501364,0.8808362543359098
40,0.37889504553758757,0.8465633656509696,0.7803667811018179,0.8465633656509696,0.8458829357826047,0.394240622457705,0.8367598684210527,0.7502116331157068,0.8367598684210527,0.8361460827619155,0.29476197522140996,0.8800289149161381,0.8318612795006077,0.8800289149161381,0.8796361407960451
41,0.3778582855935242,0.8476039502539243,0.7809590758827084,0.8476039502539243,0.8471746594230689,0.39512988768125834,0.8381990131578947,0.7601220193381709,0.8381990131578947,0.8378914926983666,0.29386539637314596,0.8811992805693485,0.8319755464355295,0.8811992805693485,0.8809218122910601
42,0.37714289353054536,0.8475083679593721,0.7819419124029954,0.8475083679593721,0.8471026182211091,0.3929368288893449,0.8384046052631579,0.761060813718791,0.8384046052631579,0.8382483656562805,0.2924784632373086,0.8810357736030912,0.8336958949989216,0.8810357736030912,0.8808071535172839
43,0.3748635126007781,0.8483163088642659,0.7835834642161074,0.8483163088642659,0.8481202824522001,0.39216378488038717,0.8373766447368421,0.7570249199271631,0.8373766447368421,0.8371953966149457,0.28970242141610403,0.8821803223668924,0.8382881327414097,0.8821803223668924,0.8820023666784372
44,0.3729146508739045,0.8493893553785781,0.784119957293508,0.8493893553785781,0.8491674987080002,0.3897390930276168,0.8399465460526315,0.7657555158623396,0.8399465460526315,0.8397896001376893,0.2892392303543893,0.8830408853471942,0.8384151004609546,0.8830408853471942,0.8828051743942831
45,0.3715656470173724,0.8500043282548476,0.786604162155386,0.8500043282548476,0.8498451746615031,0.38787012978603963,0.8387129934210527,0.7597957545787976,0.8387129934210527,0.8387065827800295,0.2868994552425937,0.8839014483274958,0.8391102275342318,0.8839014483274958,0.8837424796033051
46,0.368865919878168,0.8503018957756233,0.7861593251218245,0.8503018957756233,0.8500591390726209,0.38404286535162674,0.8414884868421053,0.7661938035929107,0.8414884868421053,0.8412937211267165,0.28457519156470595,0.8839100539572988,0.8382384999133216,0.8839100539572988,0.8837108279615706
47,0.37003469123184296,0.8507112765466297,0.7870782493243281,0.8507112765466297,0.8506119216783311,0.3883561052774128,0.8413856907894737,0.7636050174725891,0.8413856907894737,0.8414303326436527,0.28653307209622986,0.8840047158851321,0.8392637695912478,0.8840047158851321,0.8839167492864419
48,0.3677467851042197,0.8523722443444137,0.7888601290450196,0.8523722443444137,0.8520825940848378,0.3847422646848779,0.8440583881578947,0.7615081337919448,0.8440583881578947,0.8437879922880122,0.28449758050616203,0.8857946868841596,0.8411536727392178,0.8857946868841596,0.8855825550603608
49,0.3658882078756806,0.8528573695752539,0.790513039913572,0.8528573695752539,0.8526289955021266,0.38240767466394526,0.8412828947368421,0.7625072156745173,0.8412828947368421,0.8411863383293694,0.28170215656379566,0.8867413061624915,0.8437030116737498,0.8867413061624915,0.8866099964299856
50,0.36195735458632033,0.8543253693444137,0.7915020948752867,0.8543253693444137,0.8540030375305634,0.3798718028946927,0.8418996710526315,0.7679594009677045,0.8418996710526315,0.8417130444996992,0.27696090452424,0.887971911224323,0.8449991224634059,0.887971911224323,0.8878049538840789
51,0.36445847395824704,0.8536508829639889,0.7912018782634105,0.8536508829639889,0.8534352729396442,0.3817733165464903,0.8407689144736842,0.7647539934849537,0.8407689144736842,0.8406630261767881,0.2805758456989928,0.8872318270612635,0.8455535468638168,0.8872318270612635,0.8870379584361124
52,0.3624583026213659,0.8545363717682364,0.7905129296851025,0.8545363717682364,0.8541530512167734,0.37962253940732854,0.8427220394736842,0.7635600350522905,0.8427220394736842,0.8424256576748521,0.27760517348450414,0.888531277161519,0.8463089219988553,0.888531277161519,0.8882853185909059
53,0.3620603222981274,0.8545255511311173,0.7927131523172691,0.8545255511311173,0.8544517479814608,0.3809455617478019,0.8421052631578947,0.7641104615162665,0.8421052631578947,0.84210504561408,0.2796089751900387,0.8872920664698846,0.8426736163339837,0.8872920664698846,0.8871897363261112
54,0.35792163193280896,0.855358740189289,0.7918423381400739,0.855358740189289,0.8550290414453747,0.3766578404526961,0.8416940789473685,0.7665552086474994,0.8416940789473685,0.8413774846971936,0.27486846683387556,0.8884366152336859,0.8434830820003152,0.8884366152336859,0.8882274082815863
55,0.3602365032182396,0.8559214133194829,0.7929402150569442,0.8559214133194829,0.8557254306260024,0.37838101700732585,0.8445723684210527,0.7679398925064364,0.8445723684210527,0.8444424079627862,0.2769824213214092,0.8888755023536398,0.8459523478090435,0.8888755023536398,0.8887253529726035
56,0.35811265516038965,0.8558745238919667,0.7906776482921662,0.8558745238919667,0.8552455822459396,0.37646349950840596,0.8408717105263158,0.7589876265057854,0.8408717105263158,0.8403343648084051,0.27417386910402913,0.8889443473920638,0.8433998124074888,0.8889443473920638,0.8886051215752429
57,0.35569283927576695,0.8576851771698984,0.7943103250079236,0.8576851771698984,0.857206546758258,0.37426391871351944,0.8436472039473685,0.7648237658602799,0.8436472039473685,0.8431405884694506,0.2708092050425755,0.8911129661024242,0.8486059753001023,0.8911129661024242,0.8908960908974045
58,0.3559397395187688,0.8575246710526315,0.7960778337579894,0.8575246710526315,0.8574237622307112,0.3751195794657657,0.844983552631579,0.7678722210523057,0.844983552631579,0.8449765305568256,0.2714562999817785,0.8908978253573487,0.8467851051186714,0.8908978253573487,0.8908247927199031
59,0.3564742124972251,0.8574200715604802,0.7950470564217981,0.8574200715604802,0.85719112270685,0.37399316304608393,0.8475534539473685,0.776227035285147,0.8475534539473685,0.8474515010898672,0.27368473064133836,0.8904847551268039,0.8455340837039823,0.8904847551268039,0.8903186606185818
60,0.3542037154663963,0.8586464104339797,0.7958118854345122,0.8586464104339797,0.8582573664186435,0.3731849491596222,0.8459087171052632,0.7764963808303013,0.8459087171052632,0.8456306091679267,0.2697812527015226,0.8923091486450436,0.8512995284317502,0.8923091486450436,0.8920702177987935
61,0.3522217553022936,0.8587636340027701,0.7974213921996223,0.8587636340027701,0.8585193570373915,0.37120349940500763,0.8436472039473685,0.7703002166091224,0.8436472039473685,0.8434806304787881,0.2686186133168693,0.8921198247893772,0.8507977125766253,0.8921198247893772,0.8919261768013215
62,0.3528355956352759,0.859302862419206,0.797593045144959,0.859302862419206,0.8591035637416635,0.3704506064716138,0.848375822368421,0.7728094046137829,0.848375822368421,0.8482572927024544,0.27087239569437227,0.8914571912945449,0.8475439421404484,0.8914571912945449,0.8913003745998098
63,0.3500151370866147,0.8597158500692521,0.7982686036804101,0.8597158500692521,0.8595151600195148,0.36911230651955856,0.850328947368421,0.7819626391910509,0.850328947368421,0.850236801593801,0.2657518091802881,0.893023415918694,0.8521594476753162,0.893023415918694,0.8929176105600563
64,0.3505397297008546,0.8599575109649122,0.798910441246843,0.8599575109649122,0.8599123083549787,0.3697980454093532,0.8472450657894737,0.7763642259182033,0.8472450657894737,0.8472873329907269,0.26820492944259827,0.8922833317556346,0.849257796591936,0.8922833317556346,0.8921738228076085
65,0.35028230698154905,0.8602190096952909,0.7979235944942046,0.8602190096952909,0.8599403027816797,0.36872412970191554,0.8458059210526315,0.7730608741165755,0.8458059210526315,0.8456870177194852,0.2672333696692843,0.8928513033226336,0.8511529543851053,0.8928513033226336,0.8925977198981274
66,0.3478280564259294,0.8600296485457064,0.7987663999292725,0.8600296485457064,0.8599080408799528,0.36604955792427063,0.8494037828947368,0.7799591093534969,0.8494037828947368,0.8494078312940798,0.26515072021410674,0.8929803877696789,0.849874688801891,0.8929803877696789,0.892906531776403
67,0.34666100606693784,0.8618006261542013,0.8013000742434933,0.8618006261542013,0.8616809513678035,0.36722367217666224,0.8480674342105263,0.7783343521881742,0.8480674342105263,0.848070520843884,0.26383454512787785,0.8941679646824953,0.8529055401629643,0.8941679646824953,0.8941304503725942
68,0.34858978036808286,0.8611459776084949,0.800319622782518,0.8611459776084949,0.8610952037696264,0.368427237397746,0.8474506578947368,0.7769950963453566,0.8474506578947368,0.8475735937034127,0.26674335780078534,0.894021668975844,0.8534098536328202,0.894021668975844,0.8939550325711287
69,0.34666934265434357,0.8615066655124654,0.8012063341937423,0.8615066655124654,0.8612457853136667,0.3659544194999494,0.8504317434210527,0.779665130461015,0.8504317434210527,0.8503446825352633,0.26520790420491536,0.8941163309036771,0.8531242592894378,0.8941163309036771,0.8939581424283515
70,0.3460289207411825,0.8622388619575254,0.8025890626690494,0.8622388619575254,0.8620843828117172,0.36670103669166565,0.8472450657894737,0.7716985503192741,0.8472450657894737,0.8471036641493441,0.26363743761489106,0.8952178515184633,0.8546124009785927,0.8952178515184633,0.8950868615978433
71,0.34447153874381425,0.8619917907433057,0.802362020527968,0.8619917907433057,0.8620687405054467,0.3654417175995676,0.8497121710526315,0.7789314021226603,0.8497121710526315,0.850012104304124,0.26181632969016944,0.8951576121098422,0.8560976701515338,0.8951576121098422,0.8950970305528152
72,0.34271329759670865,0.8632956775161588,0.8034823888183623,0.8632956775161588,0.8632043191179833,0.36289106387841075,0.8499177631578947,0.7795832866925606,0.8499177631578947,0.8500437879739131,0.25959547964061414,0.8961902876862043,0.8564575495201636,0.8961902876862043,0.8960451110783734
73,0.3437033974507949,0.8634381492382271,0.8037118378939229,0.8634381492382271,0.8633879110806743,0.36603497360882004,0.850328947368421,0.7781029373398928,0.850328947368421,0.8503979080687534,0.2612671350868674,0.8961730764265983,0.8575444787406037,0.8961730764265983,0.8960996409721381
74,0.3429024949848707,0.8634922524238227,0.8042757011598025,0.8634922524238227,0.8635147496851913,0.3652415040292238,0.8493009868421053,0.7786683032826451,0.8493009868421053,0.8494586608182225,0.26027168619838204,0.8968443155512336,0.8585452625158727,0.8968443155512336,0.8967856481365752
75,0.34030167812125506,0.8641919869575254,0.8035563529182177,0.8641919869575254,0.8639377877737663,0.3604878061696103,0.8509457236842105,0.7804918246713264,0.8509457236842105,0.8508265267996447,0.2573099194940033,0.8971369069645362,0.8590936234034945,0.8971369069645362,0.8969446046944038
76,0.3404310649176604,0.8642713382963989,0.8037410671595335,0.8642713382963989,0.8641585177471192,0.3616655092490347,0.849609375,0.7760395439561908,0.849609375,0.8496999918600103,0.2577344784166003,0.897042245036703,0.855848182681892,0.897042245036703,0.8969050565327892
77,0.3391223446098831,0.8650937067174516,0.8057468527250621,0.8650937067174516,0.8650231809362614,0.35988443462472214,0.850842927631579,0.7738296480636607,0.850842927631579,0.8509477935716377,0.2564469266207404,0.8987891878867155,0.8606961173203793,0.8987891878867155,0.8986912525329449
78,0.33874248478661395,0.8656185076177285,0.8054305784165171,0.8656185076177285,0.8654033105316588,0.3608011697468005,0.8513569078947368,0.7817213308789638,0.8513569078947368,0.8512730342344282,0.25640522345543915,0.8978683854977927,0.8570774631184378,0.8978683854977927,0.8977379821628191
79,0.33904931315204556,0.8657122864727609,0.8055807395388455,0.8657122864727609,0.8655045213311574,0.36188895608249466,0.8498149671052632,0.7799808197628869,0.8498149671052632,0.8497396064007311,0.2565442803684611,0.8989010610741547,0.8607955443842672,0.8989010610741547,0.8987516519167562
80,0.33858373896016747,0.8652938885041551,0.8063947365754929,0.8652938885041551,0.8652607043188101,0.3595714851429588,0.8514597039473685,0.77600505279925,0.8514597039473685,0.8515366623322348,0.2563184685689981,0.8984621739542008,0.8585013064756964,0.8984621739542008,0.8983992195053333
81,0.3369901873453392,0.8655265322022161,0.8062805762610649,0.8655265322022161,0.8654623380306554,0.3589833300364645,0.8518708881578947,0.7812195905877195,0.8518708881578947,0.8519626969816452,0.2541605649028874,0.8989871173721848,0.859467900038933,0.8989871173721848,0.8988485314954813
82,0.3372966937191048,0.8661847876269622,0.8067048196237908,0.8661847876269622,0.8661462910065868,0.35943401330395747,0.8505345394736842,0.7790450561448348,0.8505345394736842,0.8506262977973393,0.2537763385388291,0.8998648916120926,0.8600314669145683,0.8998648916120926,0.8998108412927903
83,0.3365807497215183,0.8660639571791321,0.8079268480097186,0.8660639571791321,0.8662662825797367,0.35871190146396037,0.8506373355263158,0.7742803684349536,0.8506373355263158,0.8510291952531278,0.2536232397898289,0.8983761176561706,0.8600480765212719,0.8983761176561706,0.8983260617856559
84,0.3367916258363292,0.8662424976915974,0.8078816501916001,0.8662424976915974,0.866411741555585,0.3589000027430685,0.850842927631579,0.7838578910925899,0.850842927631579,0.8512053770167071,0.25487920007500475,0.8986773146992763,0.861221014264593,0.8986773146992763,0.8987308370541932
85,0.3369715384389115,0.867126183056325,0.8084262500918279,0.867126183056325,0.8673288981963267,0.35906538367271423,0.8537212171052632,0.7820612928332074,0.8537212171052632,0.853988117466825,0.2567199323223666,0.8987375541078974,0.8605581079325566,0.8987375541078974,0.8987903066061588
86,0.3345288175294934,0.8678132935133888,0.8100341945069468,0.8678132935133888,0.8676743984603115,0.355153152817174,0.8528988486842105,0.7811681504034675,0.8528988486842105,0.8528425598599693,0.25231275694255967,0.9006221870347582,0.8630212491656407,0.9006221870347582,0.9005101492637624
87,0.3339053444695054,0.8680369200138505,0.8095666343118799,0.8680369200138505,0.8682176216388536,0.3550008613812296,0.8531044407894737,0.7790288859499199,0.8531044407894737,0.853391876737167,0.25065742139351443,0.9004844969579099,0.8633322087143309,0.9004844969579099,0.9005640278095082
88,0.33385259259770783,0.8676870527469991,0.8079203472407491,0.8676870527469991,0.8676503392588217,0.3561511494611439,0.8528988486842105,0.7775292308505758,0.8528988486842105,0.8529932806696018,0.2524091955151079,0.9004586800685008,0.8628160318616039,0.9004586800685008,0.9003816516350862
89,0.33231079107836675,0.8681848020544783,0.810994305680194,0.8681848020544783,0.8684069455837818,0.3542421648376866,0.8523848684210527,0.7863694747535456,0.8523848684210527,0.8527966838228604,0.25061581423076157,0.900536130736728,0.8627541065770702,0.900536130736728,0.9005685210192481
90,0.3313198478158051,0.8692289935364728,0.8094795306335139,0.8692289935364728,0.8690368038497589,0.3528618718448438,0.8548519736842105,0.7875982676069724,0.8548519736842105,0.8547628213114079,0.25020157379274055,0.9011385248229392,0.864250811083078,0.9011385248229392,0.9010518497845047
91,0.331883178908629,0.869117180286242,0.8101022463230187,0.869117180286242,0.8691864662801548,0.35374095408540024,0.8541324013157895,0.7811513425210347,0.8541324013157895,0.854404517306429,0.2504698609508787,0.9006652151837732,0.8618169246536181,0.9006652151837732,0.9006363214608024
92,0.3311864697647007,0.8697718288319483,0.8126203422798478,0.8697718288319483,0.869899520076398,0.35314888703195674,0.8543379934210527,0.7824449993345123,0.8543379934210527,0.8545432918536312,0.24929095988181169,0.9009147784480607,0.8622821396046556,0.9009147784480607,0.9009356350816317
93,0.3300617929695936,0.8699485659048938,0.8115712098602067,0.8699485659048938,0.8698397973773841,0.35330202704981756,0.8538240131578947,0.7840821766048727,0.8538240131578947,0.8538553936442763,0.2502748145497147,0.9017064963899383,0.8638436169737362,0.9017064963899383,0.9016430123256854
94,0.32962926363680833,0.8701577648891967,0.8121678233015334,0.8701577648891967,0.8702060117855457,0.3528762867576198,0.8552631578947368,0.7812525194396791,0.8552631578947368,0.8554911244440933,0.24893374596006437,0.9009664122268788,0.8625091411508825,0.9009664122268788,0.900981481044797
95,0.3280060575279172,0.8704174601800554,0.8131686197732045,0.8704174601800554,0.8703895675910973,0.3503139615058899,0.8563939144736842,0.79644987172732,0.8563939144736842,0.8565297456921895,0.24647395607223907,0.9014483274958478,0.866076982360049,0.9014483274958478,0.9013813287329279
96,0.3263787148676861,0.8705779662973222,0.8133280224805324,0.8705779662973222,0.8707613088394437,0.34914962555232804,0.856188322368421,0.7936988387304121,0.856188322368421,0.8566570672075784,0.24530448898509302,0.9022314398079223,0.8648354958893896,0.9022314398079223,0.9022921965028408
97,0.3280478087378561,0.870520256232687,0.8134107690184003,0.870520256232687,0.8706369020582849,0.3503339494529523,0.856188322368421,0.7835293537657174,0.856188322368421,0.8565154566739444,0.2475962886741323,0.9021625947694982,0.8641129898819491,0.9021625947694982,0.9021449768039125
98,0.3268933900505552,0.8709855436288089,0.812379470789715,0.8709855436288089,0.8709928152380928,0.3501154984298505,0.8559827302631579,0.7817981280233839,0.8559827302631579,0.8562469565204459,0.24626992998382263,0.9024121580337857,0.8648170692401139,0.9024121580337857,0.9023695643390589
99,0.3264064369989784,0.87109375,0.8130104483165219,0.87109375,0.8709564639828135,0.34846569676148265,0.8557771381578947,0.7861655034407345,0.8557771381578947,0.8558444178931602,0.24369060548453847,0.9044516922971008,0.8675422786447747,0.9044516922971008,0.9043484101987126
100,0.3257115417240069,0.8710089883425669,0.8132304779390117,0.8710089883425669,0.8709070852272119,0.347846551945335,0.8596833881578947,0.7904248470816372,0.8596833881578947,0.8597768414230847,0.24527871565929663,0.9029371014517698,0.8660421803685738,0.9029371014517698,0.9029083117736807
101,0.3245591218561787,0.8714291897506925,0.8146465464767376,0.8714291897506925,0.8714777776330735,0.34716119107447174,0.856188322368421,0.7907392597268122,0.856188322368421,0.8564654918506303,0.24354941623526444,0.9038062700618745,0.8687365290689911,0.9038062700618745,0.9037401176117719
102,0.3235007952124789,0.8716383887349953,0.8150950768772051,0.8716383887349953,0.871617237759448,0.34725036119159897,0.8580386513157895,0.7908588765959887,0.8580386513157895,0.8581105192955366,0.24183969652053736,0.9038234813214805,0.8659792840326083,0.9038234813214805,0.9037712438973887
103,0.3249512293882537,0.8714003347183749,0.8132472154360884,0.8714003347183749,0.8717381441917915,0.3476562154920478,0.8578330592105263,0.7886990443503121,0.8578330592105263,0.8584310976360826,0.24549349761265274,0.9037632419128594,0.8657260684528464,0.9037632419128594,0.9038468935626323
104,0.3234153055583341,0.8725112534626038,0.8149143419501546,0.8725112534626038,0.8726312734663265,0.34609902532477127,0.8587582236842105,0.7912589595879089,0.8587582236842105,0.8591140703948094,0.2418755790283453,0.9047184668209943,0.8668337040948609,0.9047184668209943,0.9047094228565622
105,0.3248876361030181,0.87206941078024,0.8130356520695292,0.87206941078024,0.871930449054897,0.3482120648810738,0.8565995065789473,0.7866556750515529,0.8565995065789473,0.8566112323558116,0.24520191551973156,0.9039439601387228,0.8660239090380287,0.9039439601387228,0.9038609873839014
106,0.3216705443621342,0.8731334400969529,0.8157819621774264,0.8731334400969529,0.8731131452700464,0.34474588224762365,0.8595805921052632,0.7902954369349907,0.8595805921052632,0.8596274500124471,0.24108252359789914,0.9051315370515391,0.8680925438084224,0.9051315370515391,0.9051154530425898
107,0.32319358739716414,0.872862924168975,0.8157307027167899,0.872862924168975,0.8732461409678584,0.3472203377046083,0.8577302631578947,0.7822703371763853,0.8577302631578947,0.8583703553440153,0.24237767359668205,0.905122931421736,0.8669692435563052,0.905122931421736,0.9052489370573977
108,0.32347230020212225,0.8723850126962143,0.815344075206239,0.8723850126962143,0.8726847617767721,0.34606932025206716,0.8591694078947368,0.7921997915490196,0.8591694078947368,0.8596567016371442,0.24248526620574343,0.9047098611911912,0.8673878237368443,0.9047098611911912,0.904781107491536
109,0.3218127037789793,0.8733354253231763,0.8154652390836705,0.8733354253231763,0.8731844350075667,0.345631679421977,0.8594777960526315,0.78949373729421,0.8594777960526315,0.8596383588491983,0.23948206224106108,0.9056909029887352,0.867503459034503,0.9056909029887352,0.905570280452136
110,0.3217311518289156,0.8734021525854109,0.8162199037158161,0.8734021525854109,0.8734500503073126,0.3455727335653807,0.8559827302631579,0.7860969593015857,0.8559827302631579,0.8562908911231214,0.23938373683730038,0.9057339311377504,0.8687363828692601,0.9057339311377504,0.9057170755906611
111,0.31787839933665724,0.8739143294090489,0.8173068136420102,0.8739143294090489,0.8739387038646452,0.3427021660302815,0.8564967105263158,0.7857606051486383,0.8564967105263158,0.8567491816233076,0.2370186320248054,0.9057683536569624,0.8690129098013628,0.9057683536569624,0.9057392646560781
112,0.32189219672704117,0.8738980984533703,0.8156110109146131,0.8738980984533703,0.874074091844878,0.3452852023275275,0.8595805921052632,0.7944669983904143,0.8595805921052632,0.86008427132166,0.24123569807772346,0.9052003820899632,0.8681981629917157,0.9052003820899632,0.9052693979073935
113,0.3192715588423904,0.8745545504385965,0.8181043219409047,0.8745545504385965,0.8746915787344065,0.34268611983249064,0.8583470394736842,0.7881904305657378,0.8583470394736842,0.8587505878139835,0.23854539850209058,0.906086761959674,0.8711029856796703,0.906086761959674,0.906164216879365
114,0.318476616868462,0.8743435480147738,0.8177440797687007,0.8743435480147738,0.874475035057363,0.3429596722126007,0.8577302631578947,0.7865198195634403,0.8577302631578947,0.8580152065513278,0.23792801852235612,0.9064051702623857,0.8716014661190883,0.9064051702623857,0.9064481341267698
115,0.3195655412511042,0.8739720394736842,0.8178891126271213,0.8739720394736842,0.874306606740741,0.34406019355121414,0.8599917763157895,0.7926602827831256,0.8599917763157895,0.8605709452182706,0.23858179508078878,0.90610397321928,0.8665247852681077,0.90610397321928,0.9061939387743494
116,0.31870738018582734,0.8746717740073869,0.8180480635498212,0.8746717740073869,0.8747049547868179,0.3421719607553984,0.8597861842105263,0.7910425544980665,0.8597861842105263,0.8600231211609306,0.23822901048999884,0.9063449308537646,0.8706107787284142,0.9063449308537646,0.9063405729089471
117,0.3198797142791836,0.8746248845798708,0.8190861214416427,0.8746248845798708,0.8748594610180342,0.3433184749201724,0.8591694078947368,0.7939296919226736,0.8591694078947368,0.8596346593602636,0.23896035012929623,0.9068354517525365,0.8715637616601504,0.9068354517525365,0.9068390512061199
118,0.31768602919820715,0.8757141620498615,0.8197450448124795,0.8757141620498615,0.8757735452095976,0.3413925970855512,0.8605057565789473,0.7933430320145575,0.8605057565789473,0.8608013607460657,0.23768781979134304,0.9064654096710067,0.8672116241751352,0.9064654096710067,0.9065392547501622
119,0.3160358703973001,0.8760225502077562,0.819462430344464,0.8760225502077562,0.8760718743491677,0.3408164852543881,0.8622532894736842,0.7899525975777308,0.8622532894736842,0.8625895738796417,0.23496059184676465,0.9071624656850512,0.8716432388291445,0.9071624656850512,0.9071703407158981
120,0.3162291961363478,0.8755356215373962,0.8184738795670874,0.8755356215373962,0.8755890929333149,0.3410713876548566,0.8594777960526315,0.7889485887501814,0.8594777960526315,0.8598354354272748,0.23646638069467937,0.9067924236035214,0.8698857162658776,0.9067924236035214,0.9068052566937476
121,0.3162998230723683,0.8757826927516159,0.8179014133087168,0.8757826927516159,0.8759072828511493,0.34046537468307897,0.861328125,0.7913991150700311,0.861328125,0.8616617603890763,0.23696832355797984,0.9065342547094309,0.8682699476171347,0.9065342547094309,0.9065820215970823
122,0.31564618819087936,0.8757718721144968,0.8185689671483533,0.8757718721144968,0.8757166816753004,0.33794940459100825,0.8614309210526315,0.792649313813046,0.8614309210526315,0.8615065281064808,0.23499170185616794,0.9077992822904745,0.8717602393135193,0.9077992822904745,0.9077949152670021
123,0.3150673944534027,0.8768683633425669,0.821285089752465,0.8768683633425669,0.8769223092041988,0.33815846474547134,0.8617393092105263,0.7958426518237458,0.8617393092105263,0.8619515373305324,0.23390803436232213,0.9077476485116563,0.8730036924822526,0.9077476485116563,0.9077596806338745
124,0.3155787367569773,0.8756744863804248,0.818798734434423,0.8756744863804248,0.8758036647813836,0.33979428598755285,0.8601973684210527,0.7950121577123641,0.8601973684210527,0.8605813092325093,0.23511648911572716,0.9072743388724904,0.8711017755163553,0.9072743388724904,0.9072928474250566
125,0.3142859217257601,0.8772795475530932,0.8217227083361374,0.8772795475530932,0.8775795234761371,0.33813356725793137,0.8604029605263158,0.7936446928736659,0.8604029605263158,0.8608631911399062,0.2340234165131001,0.9083586482276705,0.8747089999546441,0.9083586482276705,0.908477023663827
126,0.31273669175053787,0.877600559787627,0.819975969954803,0.877600559787627,0.8774098747380534,0.3362900912761688,0.8624588815789473,0.7870080718166329,0.8624588815789473,0.8624875055616227,0.2315564350504365,0.9089696479436847,0.8730593987435963,0.9089696479436847,0.9088900822932576
127,0.3160136138413201,0.8767836016851339,0.8206314819899665,0.8767836016851339,0.8769079637379734,0.3397572620918876,0.862047697368421,0.7928583979061784,0.862047697368421,0.8624079047627,0.23585585934616646,0.9081004793335801,0.8715367309164098,0.9081004793335801,0.9080687960511139
128,0.3147444580015163,0.8775590806786704,0.8201126747849372,0.8775590806786704,0.877629195803496,0.3388084283000545,0.862561677631579,0.7905345537841235,0.862561677631579,0.86273128096515,0.2341919364385939,0.9090126760926999,0.8725779239692635,0.9090126760926999,0.9090112386123612
129,0.3137523625751171,0.876745729455217,0.8214362063665784,0.876745729455217,0.8769875932607998,0.33867686045797246,0.8614309210526315,0.7982854648413547,0.8614309210526315,0.8619196223250699,0.2329396199097965,0.9080058174057468,0.8722749588075663,0.9080058174057468,0.9080733670988607
130,0.31210513879387664,0.8776763042474608,0.8216183036272325,0.8776763042474608,0.8777875823893458,0.33809770565283925,0.8624588815789473,0.7977909208225308,0.8624588815789473,0.8627559487088581,0.2317058140714108,0.9089696479436847,0.8725203842806246,0.9089696479436847,0.9089537423396286
131,0.3122422994834234,0.8776618767313019,0.8212509568000828,0.8776618767313019,0.8777927134411598,0.3364791681891994,0.8647203947368421,0.7968240560368685,0.8647203947368421,0.8650641799651907,0.23306117394270598,0.9091331549099421,0.8723874404874735,0.9091331549099421,0.9091903336409478
132,0.3136571258003802,0.8779648545706371,0.8212946962341358,0.8779648545706371,0.8779762171702821,0.33752827424752085,0.8641036184210527,0.7921398083158381,0.8641036184210527,0.8643198351391307,0.23334549453947223,0.9090298873523058,0.8723675620219858,0.9090298873523058,0.909024120966596
133,0.31411640655631173,0.878576220567867,0.8226530425466736,0.878576220567867,0.8785669569136915,0.3381800384897935,0.8635896381578947,0.7942888592505097,0.8635896381578947,0.8637961856649036,0.23353605227560756,0.909107338020533,0.8732187317390948,0.909107338020533,0.9091609164534518
134,0.31202323606800175,0.8783129183979687,0.8206852591808451,0.8783129183979687,0.8781707117401076,0.33741843857263265,0.8638980263157895,0.7917566348172904,0.8638980263157895,0.8639424516354354,0.23233106749449223,0.9094343519530477,0.8730416427533559,0.9094343519530477,0.9094092285218057
135,0.31144132002128677,0.8787673851569714,0.8226280671961094,0.8787673851569714,0.8788600477402683,0.336097262407604,0.8653371710526315,0.7955322362027769,0.8653371710526315,0.8656169685715924,0.23206645448903415,0.9095720420298959,0.874452289988006,0.9095720420298959,0.9095701716856336
136,0.3099834670760735,0.8784770313942751,0.8228306762576411,0.8784770313942751,0.8785569782397749,0.33507218172675685,0.8641036184210527,0.793056459151267,0.8641036184210527,0.8643186913181582,0.23014630512374198,0.9097613658855623,0.8722855793039035,0.9097613658855623,0.9097751233983237
137,0.30957472181276163,0.8789964219759926,0.8229134434626785,0.8789964219759926,0.8789708309590009,0.33568253015217026,0.8637952302631579,0.7911598845174177,0.8637952302631579,0.8639581470924332,0.23113649552987028,0.9093310843954114,0.8732194330799834,0.9093310843954114,0.9093469750795495
138,0.31001385256634306,0.8786609822253001,0.8237191169511553,0.8786609822253001,0.8788050215412784,0.33481411243739884,0.8635896381578947,0.799042864839966,0.8635896381578947,0.8638975359574065,0.23026028711497812,0.9092794506165933,0.8747913967315432,0.9092794506165933,0.9092968127649033
139,0.31100022787312503,0.8784283385272391,0.8221119648331813,0.8784283385272391,0.8785075473327008,0.3373309750305979,0.8622532894736842,0.7966863447024846,0.8622532894736842,0.8625754715118059,0.23281719564794484,0.9093827181742296,0.8747233756904241,0.9093827181742296,0.9094218377613155
140,0.31065295150955846,0.8790234735687904,0.8236181781835442,0.8790234735687904,0.8792509486540898,0.3355022464927874,0.864000822368421,0.7930529859933034,0.864000822368421,0.8645520093856977,0.23101564648526804,0.9102604924141373,0.8761941200255104,0.9102604924141373,0.9103110456327039
141,0.3086706192154413,0.8794508887349953,0.8233889484415146,0.8794508887349953,0.8794569671459321,0.3339756146857613,0.8650287828947368,0.8018635271181258,0.8650287828947368,0.8652528006721841,0.2287343941149274,0.9106649570148792,0.8762874542770733,0.9106649570148792,0.9106751018085031
142,0.30864644991724116,0.8797376356186519,0.8237408075707959,0.8797376356186519,0.8797828384238704,0.3339321440772006,0.8651315789473685,0.7963040475520644,0.8651315789473685,0.8653350558570233,0.22822594638599794,0.9107768302023184,0.8747578656402102,0.9107768302023184,0.9108077517641139
143,0.3072594105371808,0.8795915570175439,0.8238411431202682,0.8795915570175439,0.8796890061427926,0.33198327610367223,0.8644120065789473,0.7962227448019065,0.8644120065789473,0.864679745517134,0.22751533876267377,0.9109231259089696,0.8749956712440085,0.9109231259089696,0.9109441832982027
144,0.30800547708764964,0.8797105840258541,0.8229865512166341,0.8797105840258541,0.879594211718465,0.33307933964227376,0.8650287828947368,0.7959404692300316,0.8650287828947368,0.8650902709284128,0.2278913155241825,0.9107510133129093,0.8736631129017037,0.9107510133129093,0.9107475657146623
145,0.3077790635059195,0.880188495498615,0.8253640679466613,0.880188495498615,0.880192131911312,0.33280019069972794,0.8635896381578947,0.7914989424956714,0.8635896381578947,0.8638135244395982,0.2279371199781796,0.9108887033897576,0.8753918133568949,0.9108887033897576,0.9108553960209769
146,0.30832840184425714,0.8800279893813481,0.8244646686917825,0.8800279893813481,0.8801074398495936,0.3338451463925211,0.8636924342105263,0.792048068922322,0.8636924342105263,0.863938960785123,0.2307191263588823,0.9103379430823645,0.8744988376376355,0.9103379430823645,0.9103782616028816
147,0.30828048747001924,0.8798458419898431,0.8251070393291223,0.8798458419898431,0.8799281062158105,0.3329164605391653,0.8658511513157895,0.7961300214965673,0.8658511513157895,0.8660268460404653,0.22878835501956482,0.9106821682744851,0.8747352407057479,0.9106821682744851,0.9106889203141726
148,0.3071542794189295,0.8802425986842105,0.8233643355185334,0.8802425986842105,0.8802063396732641,0.3322433672453228,0.8655427631578947,0.7950867290525012,0.8655427631578947,0.8657534628483805,0.22874404696873762,0.910596111976455,0.8748685850671903,0.910596111976455,0.9105890757975184
149,0.30674604079509815,0.8806808344875346,0.8240569927718454,0.8806808344875346,0.8807028346581176,0.3310478580625434,0.8635896381578947,0.7918593676633657,0.8635896381578947,0.8636820754230736,0.22954011098008573,0.9102518867843343,0.8735290997383317,0.9102518867843343,0.9102541285621472
150,0.30691332698198565,0.8803057190674054,0.8252480842554213,0.8803057190674054,0.8805499144464617,0.3313573081242411,0.8651315789473685,0.7949174002702969,0.8651315789473685,0.8655284424532524,0.228420234355463,0.9105702950870459,0.8742967148275109,0.9105702950870459,0.9106110925557102
151,0.3043526573552099,0.8809603676131117,0.8253068992705977,0.8809603676131117,0.8809398962552679,0.3305388155736421,0.864514802631579,0.7892987476246843,0.864514802631579,0.864699109814762,0.22457997667869786,0.9116287875528171,0.8754413821770629,0.9116287875528171,0.9116290224510284
152,0.30638510584556056,0.8805563971606648,0.8253310283680318,0.8805563971606648,0.8809417280444214,0.33112832903862,0.8646175986842105,0.7938277389506744,0.8646175986842105,0.8653413914745424,0.22756634802789286,0.9115341256249838,0.8769964804747898,0.9115341256249838,0.9116465642379782
153,0.3060961755358942,0.8813138417590027,0.8260695927348245,0.8813138417590027,0.8815670502762181,0.3313158797590356,0.8660567434210527,0.7940235679220305,0.8660567434210527,0.8665726235025911,0.22827910076635965,0.9113534073991205,0.8755758565670483,0.9113534073991205,0.9114659339819222
154,0.30490748551248514,0.8813769621421976,0.8251871878313726,0.8813769621421976,0.8813994950409035,0.3297535965317174,0.8658511513157895,0.7949881684819549,0.8658511513157895,0.8660877144554057,0.2249405300530891,0.9128421813550425,0.8773848592821426,0.9128421813550425,0.9128571557163094
155,0.3055121052188116,0.8806339450600185,0.8246539613606628,0.8806339450600185,0.8808293740973323,0.3313568391297993,0.8637952302631579,0.7874908812694263,0.8637952302631579,0.8641947216435204,0.2272633306942617,0.9123774773456795,0.8764166651833855,0.9123774773456795,0.9124264607948877
156,0.30623276410615785,0.8815951783240997,0.8255679454466315,0.8815951783240997,0.8816724568107462,0.33079988391775833,0.8683182565789473,0.7949122138057338,0.8683182565789473,0.8686763673215008,0.22751727038444067,0.9124377167543006,0.8752253726591448,0.9124377167543006,0.91249523514925
157,0.30321868718881245,0.8821740824099723,0.8270834519360635,0.8821740824099723,0.8823305893165285,0.3291407745135458,0.8648231907894737,0.7964733719358895,0.8648231907894737,0.8652585938732655,0.2246249498031146,0.9124032942350886,0.8764189624097639,0.9124032942350886,0.9124978258590458
158,0.3040114272444312,0.881555502654663,0.8266326158156682,0.881555502654663,0.8816254730729992,0.3304155249344675,0.8657483552631579,0.8021936090150479,0.8657483552631579,0.8660098918110295,0.22462015258391138,0.912601223720558,0.8762468282295891,0.912601223720558,0.9126291229701774
159,0.3047865578012123,0.8813517139889196,0.8271622888587913,0.8813517139889196,0.8815732137438588,0.33024591834921585,0.8654399671052632,0.8032259730372002,0.8654399671052632,0.8659747059764408,0.22527252142597984,0.9123946886052856,0.8789040434739153,0.9123946886052856,0.9124868744781469
160,0.3045905257333569,0.8816240333564174,0.8264244829998121,0.8816240333564174,0.8819135101389822,0.3311919601340043,0.8678042763157895,0.8014738014949517,0.8678042763157895,0.8683202022248039,0.2258729185909129,0.912059069042968,0.8777274637357013,0.912059069042968,0.9121844373324243
161,0.3034728226954477,0.8819865246999077,0.8271714115792165,0.8819865246999077,0.8821297706811876,0.32962696018971893,0.8662623355263158,0.7962219679282346,0.8662623355263158,0.8666160263286296,0.225110302554397,0.9120074352641498,0.8745894029278549,0.9120074352641498,0.912061181657505
162,0.30360192875012354,0.8821037482686981,0.8271731668417067,0.8821037482686981,0.8822662626714501,0.32913141815285935,0.8658511513157895,0.7976945197395968,0.8658511513157895,0.8662287877100298,0.2247768807246593,0.9123172379370584,0.8777046812527162,0.9123172379370584,0.9123853237224112
163,0.30172215082913995,0.8818458564173592,0.8267195114784737,0.8818458564173592,0.882042861371821,0.3285808202467467,0.8662623355263158,0.7974009215489877,0.8662623355263158,0.8666767812291166,0.22236993765965485,0.912601223720558,0.8768132148573439,0.912601223720558,0.9127313116526728
164,0.3021342678963863,0.8823526229224377,0.8279658265695213,0.8823526229224377,0.8824798483801071,0.3283217251300812,0.8682154605263158,0.8003018507684151,0.8682154605263158,0.8685945389579821,0.2214266621231336,0.9135392373690868,0.8805265089506691,0.9135392373690868,0.9135916186574531
165,0.3036253608742579,0.8817466672437673,0.8281048520015261,0.8817466672437673,0.8820929334765579,0.3300739809086448,0.8643092105263158,0.7915905917520113,0.8643092105263158,0.8648750161548433,0.22570023023628646,0.9120246465237558,0.8766548170849605,0.9120246465237558,0.9121742391514461
166,0.3013822697756583,0.8831966326177285,0.8280984756240474,0.8831966326177285,0.8831515290441089,0.32812733556094925,0.8644120065789473,0.7949016286742902,0.8644120065789473,0.8646255802458724,0.22229824634812673,0.913573659888299,0.8804031496759313,0.913573659888299,0.9135460452610917
167,0.30306591698942864,0.8822065443213296,0.8264954251995483,0.8822065443213296,0.8823395684388313,0.3290723421071705,0.866467927631579,0.792272136920281,0.866467927631579,0.8668728640167634,0.22489609372914549,0.9134187585518446,0.8779740895348611,0.9134187585518446,0.9133957077046848
168,0.30194015961934983,0.8822624509464451,0.8280099813112604,0.8822624509464451,0.8823598197182866,0.3281885903132589,0.8668791118421053,0.7990324124859178,0.8668791118421053,0.8672648934534942,0.22321132821593484,0.9132724628451934,0.8781931849190137,0.9132724628451934,0.9132868377799676
169,0.3039310915758515,0.8826628145198523,0.8287522114951201,0.8826628145198523,0.8829391512216404,0.33159198729615463,0.8665707236842105,0.8001132296755713,0.8665707236842105,0.8670653401400015,0.22563612178667797,0.9131433783981481,0.878777559978088,0.9131433783981481,0.9132578777153978
170,0.3014936061612127,0.8825744459833795,0.828467537082784,0.8825744459833795,0.8828416780951777,0.32761780839217336,0.8660567434210527,0.8020145338556323,0.8660567434210527,0.866538995819204,0.2226014184935163,0.9130745333597239,0.8782731558047425,0.9130745333597239,0.9131892063552044
171,0.3003697376199486,0.8833300871421976,0.8271310941414568,0.8833300871421976,0.8834525519864278,0.3266533142641971,0.867907072368421,0.8037239998865795,0.867907072368421,0.8684329763522994,0.22090199899337182,0.9139350963400257,0.8788128652675873,0.9139350963400257,0.9139742120407048
172,0.2999049575787832,0.8829802198753463,0.8288461248939527,0.8829802198753463,0.883228497816218,0.32610561345752914,0.8660567434210527,0.797388805053605,0.8660567434210527,0.8666060349422,0.2220865616964602,0.9133671247730265,0.877877992539218,0.9133671247730265,0.9133969313049958
173,0.2997740993511864,0.8837791435826408,0.8291021728303869,0.8837791435826408,0.8838304683227589,0.3262682588476884,0.8677014802631579,0.8005603933584334,0.8677014802631579,0.868082665418793,0.22151118874745807,0.9142621102725403,0.8806175538401193,0.9142621102725403,0.9142851126689356
174,0.3000074383542148,0.8837484851108033,0.8286685321977308,0.8837484851108033,0.8839060999342755,0.3262222362192054,0.867907072368421,0.8058207424728938,0.867907072368421,0.8682930532594024,0.22006266032223074,0.9150108000654028,0.881101445042387,0.9150108000654028,0.9151070436117509
175,0.3006461959191196,0.8825960872576177,0.8286459619966083,0.8825960872576177,0.8829842910698734,0.3266316166049556,0.8667763157894737,0.8046744013360172,0.8667763157894737,0.8675935328104922,0.2228706512705752,0.9129454489126787,0.8780771945042102,0.9129454489126787,0.9130567861836308
176,0.2993517170074574,0.8831713844644506,0.8273056026954465,0.8831713844644506,0.8830738586439291,0.3247366673067996,0.8683182565789473,0.8031287271271921,0.8683182565789473,0.868461448664084,0.22125955060659516,0.9135392373690868,0.8780596369364269,0.9135392373690868,0.9135180180647515
177,0.29965094531286895,0.884020804478301,0.8292995603426493,0.884020804478301,0.8842228904244791,0.32554062887241964,0.8680098684210527,0.8026594509253798,0.8680098684210527,0.8685434741058776,0.22108361946676583,0.9154238702959476,0.8803462858222889,0.9154238702959476,0.9155226835419322
178,0.2997324267335215,0.8840370354339797,0.829756773727703,0.8840370354339797,0.8841764116594234,0.326297590607091,0.8673930921052632,0.8025967352825513,0.8673930921052632,0.8678238793739258,0.22070976788028837,0.914072786416874,0.8798542058576643,0.914072786416874,0.9140989513755714
179,0.2986567843763892,0.8842985341643582,0.8294455796464566,0.8842985341643582,0.8843636235288181,0.3260682037002162,0.8681126644736842,0.8071213100603826,0.8681126644736842,0.868423409127119,0.21909929560590452,0.915105461993236,0.8816455882933452,0.915105461993236,0.9151318764683181
180,0.2996190367945894,0.8843309960757156,0.8304418005258803,0.8843309960757156,0.8847014055726962,0.32697821918286774,0.8672902960526315,0.8019870834964146,0.8672902960526315,0.8679900580634659,0.2199041066132356,0.9147612368011153,0.8805506975361012,0.9147612368011153,0.9148930916664492
181,0.29885211903412695,0.884460843721145,0.8307740597114661,0.884460843721145,0.8844524630333015,0.3252044476960835,0.8683182565789473,0.7933051610920143,0.8683182565789473,0.8684980591908996,0.22170651286639625,0.9145891242050549,0.8799654635018438,0.9145891242050549,0.914611396176648
182,0.29835863041305366,0.8845203572253001,0.8305953007892067,0.8845203572253001,0.8848946140578012,0.3253934399077767,0.8680098684210527,0.8025175313402448,0.8680098684210527,0.8685891997954601,0.2203175028955957,0.9148989268779636,0.8810608868290154,0.9148989268779636,0.9150343982623252
183,0.2988763947318465,0.8843760820637119,0.8288750585936623,0.8843760820637119,0.8845858510417048,0.32619890256931905,0.8683182565789473,0.7951014880445102,0.8683182565789473,0.8687774617964596,0.22213983789515798,0.9139781244890407,0.877925928062882,0.9139781244890407,0.914056908697484
184,0.30105563092870175,0.8838079986149584,0.8300878443479512,0.8838079986149584,0.8843727897083543,0.32687097631002726,0.8683182565789473,0.8018802375391128,0.8683182565789473,0.8692658046751965,0.22347352905676524,0.9133068853644054,0.8784816264206965,0.9133068853644054,0.9135172879990509
185,0.29639700156940096,0.8849026864035088,0.8314539360714202,0.8849026864035088,0.8850211767692926,0.3222854262904117,0.8694490131578947,0.8055723014244419,0.8694490131578947,0.8697903588754811,0.21853185174156967,0.9140641807870709,0.8805083787285308,0.9140641807870709,0.9141291082695426
186,0.29912696144477374,0.8849513792705448,0.8309406547900906,0.8849513792705448,0.8851138565228222,0.3260369787090703,0.8680098684210527,0.8045323900222795,0.8680098684210527,0.8685640180883185,0.2222710344970078,0.9144428284984036,0.8770502063431637,0.9144428284984036,0.9145036984478274
187,0.29651971045788633,0.8852345192751616,0.8311043642928457,0.8852345192751616,0.8852129910740323,0.3228597452766017,0.8683182565789473,0.808153303285593,0.8683182565789473,0.8685253080734594,0.217186521315692,0.9158283348966895,0.8812448069685684,0.9158283348966895,0.9158041269830688
188,0.29474894504302757,0.8858062096029548,0.8324213126063149,0.8858062096029548,0.8858369699362254,0.3223491593411094,0.8689350328947368,0.8025549929663495,0.8689350328947368,0.8691758628455869,0.21694261289710917,0.9156476166708261,0.8802534714359836,0.9156476166708261,0.915666041426322
189,0.29504843320377644,0.8852327158356418,0.8302796410154415,0.8852327158356418,0.8853155476055613,0.32125656385170787,0.8712993421052632,0.7997926071659194,0.8712993421052632,0.871616699797799,0.21633263482436724,0.9154066590363416,0.8791006082074627,0.9154066590363416,0.9154488715768212
190,0.2972940767625913,0.8850740131578947,0.830991446680491,0.8850740131578947,0.8852579692995912,0.3235731187619661,0.8678042763157895,0.7928463582223632,0.8678042763157895,0.8683018099904857,0.21898268908281487,0.915114067623039,0.8792684685219251,0.915114067623039,0.9152064089750767
191,0.29429853014778673,0.8861434527931671,0.8320873713040463,0.8861434527931671,0.8860891887889352,0.32068254288874176,0.8687294407894737,0.7999615063238485,0.8687294407894737,0.8688848195593072,0.21610767461005126,0.9163790952040826,0.883688031138092,0.9163790952040826,0.9163645310323333
192,0.29466547649818114,0.8858873643813481,0.8321437274443028,0.8858873643813481,0.8861057330121643,0.3215268395448986,0.8695518092105263,0.8040880800070109,0.8695518092105263,0.8701075225316093,0.21705278611086837,0.9158369405264924,0.8806045809728493,0.9158369405264924,0.9159442088999051
193,0.29405978631610025,0.8860532808171745,0.8324210252785298,0.8860532808171745,0.8862071217095662,0.32209745206330953,0.8682154605263158,0.7980845837099013,0.8682154605263158,0.8687428846860009,0.21647492343279814,0.9155443491131898,0.88273703354081,0.9155443491131898,0.915570699106601
194,0.29486791153858904,0.8857358754616805,0.8313451259684471,0.8857358754616805,0.8857251341475295,0.32103990881066574,0.8707853618421053,0.7976387085069861,0.8707853618421053,0.8710017543425128,0.2164981853232499,0.9158627574159015,0.8809211314121309,0.9158627574159015,0.915831745023409
195,0.29471902600175676,0.8863454380193906,0.8322936461151039,0.8863454380193906,0.8863958518263432,0.32065192178676005,0.8700657894736842,0.8009917459669552,0.8700657894736842,0.8703711109972259,0.21676553408344518,0.916155348829204,0.8804779522958947,0.916155348829204,0.9161682483130971
196,0.2952840666278908,0.8859595019621422,0.8326862867416533,0.8859595019621422,0.8861728266924092,0.3229146129206607,0.8714021381578947,0.7995948272117148,0.8714021381578947,0.8719017542518843,0.21693778599971397,0.9152345464402812,0.881186349304343,0.9152345464402812,0.9152735733858905
197,0.29347746350758624,0.8863201898661126,0.8332831411835361,0.8863201898661126,0.8864701018231301,0.3217238658352902,0.868421052631579,0.7954560269349281,0.868421052631579,0.8687963539946403,0.2165608116463507,0.9162414051272343,0.8827183246853387,0.9162414051272343,0.9163448718550715
198,0.2927881918455425,0.8863778999307479,0.832765063064436,0.8863778999307479,0.8866015994123128,0.3187763628206755,0.8709909539473685,0.8055284799580608,0.8709909539473685,0.871483085108564,0.21490923823112024,0.9165598134299459,0.8850752491078222,0.9165598134299459,0.9166747295153511
199,0.2938846907649784,0.8863328139427517,0.8318860080505521,0.8863328139427517,0.8865211235575969,0.3209729022101352,0.870374177631579,0.8017525582349513,0.870374177631579,0.870902484818214,0.21575179146947138,0.9168782217326575,0.8828001675738817,0.9168782217326575,0.9169670596504094
200,0.29351825216855587,0.8865834920360111,0.832871473596375,0.8865834920360111,0.8867891868340199,0.32093187696055364,0.8678042763157895,0.8005133595947088,0.8678042763157895,0.8683576626728842,0.21616817239352035,0.9164135177232946,0.88462365523815,0.9164135177232946,0.9165152685848741
201,0.29373388718865256,0.886278710757156,0.8334398150861014,0.886278710757156,0.886571254437022,0.32148585664598567,0.8726356907894737,0.8068932655567851,0.8726356907894737,0.8731357547733354,0.21610008722981097,0.9159057855649165,0.8836695591645007,0.9159057855649165,0.9159963530478207
202,0.29473951580011504,0.8857953889658357,0.8318844081590205,0.8857953889658357,0.8860980057002962,0.32202553592230143,0.8688322368421053,0.8070904207568584,0.8688322368421053,0.8694767406332344,0.21661407268408542,0.9162500107570373,0.8823953103616919,0.9162500107570373,0.9163317161001984
203,0.29470387324071656,0.8859901604339797,0.8331728780894185,0.8859901604339797,0.8864309937443088,0.32255878260261134,0.8671875,0.7999424945316688,0.8671875,0.867945324579373,0.21777461236723883,0.9152861802190994,0.8799444322056911,0.9152861802190994,0.9154488290568052
204,0.29283344742884154,0.8864644650277008,0.8317592463795166,0.8864644650277008,0.8865498999710874,0.32101993341194957,0.8693462171052632,0.8005606119136529,0.8693462171052632,0.8697233669615132,0.21412690095177409,0.9168093766942333,0.8802100252111351,0.9168093766942333,0.9168126129084357
205,0.29316230815863675,0.8867782635041551,0.8328876155825328,0.8867782635041551,0.8869985707530965,0.3213804175979213,0.8680098684210527,0.795141684659683,0.8680098684210527,0.8684133493147389,0.21507021832318707,0.917101968107536,0.8833943688926423,0.917101968107536,0.9171863223550782
206,0.2922917699934923,0.8864644650277008,0.8338489601397805,0.8864644650277008,0.8867380736562981,0.3193521797657013,0.8709909539473685,0.8056752881648069,0.8709909539473685,0.871426313754014,0.21473446003617908,0.9162844332762493,0.8822648273611371,0.9162844332762493,0.9162940965419575
207,0.2939794860773359,0.8870127106417359,0.8340536327590194,0.8870127106417359,0.8873330642862031,0.321728378534317,0.8722245065789473,0.8095223340605633,0.8722245065789473,0.8727756888977112,0.2161105322769917,0.9167491372856122,0.8844682001409314,0.9167491372856122,0.9168841811367573
208,0.2911553518263587,0.8872706024930748,0.8330148119825148,0.8872706024930748,0.8873451400825516,0.31859793788508367,0.8720189144736842,0.8071480818464557,0.8720189144736842,0.8723890068309613,0.21390951181353038,0.9170417286989149,0.882158177136984,0.9170417286989149,0.9170686401562909
209,0.29244686778727663,0.8873427400738689,0.8340247335425971,0.8873427400738689,0.8874528562377207,0.31820996027243764,0.8709909539473685,0.8025172126378346,0.8709909539473685,0.8713198214431275,0.2146680273648639,0.9175064327082778,0.8847282959372297,0.9175064327082778,0.9175915939212195
210,0.2929472348834229,0.8870776344644506,0.8338090940712718,0.8870776344644506,0.8873010427256073,0.32032635023719386,0.8720189144736842,0.8086820334115027,0.8720189144736842,0.872510855709966,0.2166689663814347,0.9170245174393088,0.8819404016710887,0.9170245174393088,0.9171162038535746
211,0.2919508590124761,0.8873589710295475,0.8339455943423184,0.8873589710295475,0.8875449428628005,0.3201216396532561,0.8712993421052632,0.8015305291150536,0.8712993421052632,0.8716607004231086,0.21460520824033397,0.9169987005498997,0.8841518150922641,0.9169987005498997,0.9170977994190527
212,0.2907010452101215,0.8872994575253924,0.8338886926752301,0.8872994575253924,0.8875345375140138,0.31840218838892487,0.8705797697368421,0.8038469570108017,0.8705797697368421,0.8711039158227668,0.21388227665475024,0.917136390626748,0.8838927903717771,0.917136390626748,0.9172192415201367
213,0.29109901521399634,0.8874725877192983,0.8346225506815663,0.8874725877192983,0.8875255742914431,0.31810131825898824,0.8712993421052632,0.8014607510988325,0.8712993421052632,0.8715742030084392,0.21379983789350238,0.9173687426314295,0.8829935987644452,0.9173687426314295,0.917406073326988
214,0.2935797511182884,0.887512263388735,0.8341952171006849,0.887512263388735,0.8876078636605012,0.3208934523557362,0.8701685855263158,0.8041882992485805,0.8701685855263158,0.8705231958641336,0.21578009678752877,0.9174978270784747,0.8848963033344708,0.9174978270784747,0.917528029380308
215,0.292109461853819,0.8874671774007387,0.8328840677907259,0.8874671774007387,0.8874635773135933,0.3193297872417851,0.8712993421052632,0.8023888958005505,0.8712993421052632,0.8715827635395207,0.21467039299405882,0.9177990241215803,0.8814028913326101,0.9177990241215803,0.9177630844134703
216,0.29093988375980767,0.8883364352493075,0.8348859142057262,0.8883364352493075,0.8885421203335445,0.3190539714537169,0.8714021381578947,0.80381199601009,0.8714021381578947,0.8718202324399797,0.21374415720394863,0.9184616576164126,0.8861008890195211,0.9184616576164126,0.9185422922344714
217,0.2914450477777756,0.8876799832640813,0.8351163048302598,0.8876799832640813,0.8879618762689592,0.31934305711796407,0.8717105263157895,0.8040924618494822,0.8717105263157895,0.8721992614673677,0.21409630185178302,0.9169987005498997,0.8845937122851419,0.9169987005498997,0.9171170773575645
218,0.29228121267901674,0.8871028826177285,0.8336838104786934,0.8871028826177285,0.8874440114220006,0.3204791514497054,0.8721217105263158,0.8072116732716585,0.8721217105263158,0.8726765462546106,0.215008705455865,0.9170675455883239,0.8828775909419665,0.9170675455883239,0.9171703729052876
219,0.2895678814813591,0.8880911674746076,0.8349052745753368,0.8880911674746076,0.8881624464950384,0.3178785709958327,0.872327302631579,0.8024817470405369,0.872327302631579,0.8726511814786831,0.21106019385344507,0.9181776718329131,0.8831392789420536,0.9181776718329131,0.9181906595468434
220,0.28974589671069345,0.8880929709141274,0.8351173072025484,0.8880929709141274,0.8883444797358759,0.3165036204614137,0.8719161184210527,0.8034554269386243,0.8719161184210527,0.8725143156685539,0.21319232606045987,0.9180916155348829,0.8833643882247219,0.9180916155348829,0.9181912609207621
221,0.2911228427348705,0.888098381232687,0.8342420537340003,0.888098381232687,0.8883059690020704,0.3195145475236993,0.8706825657894737,0.8056902698633607,0.8706825657894737,0.8711431511235688,0.2138946972203339,0.9177646016023683,0.8827789900614743,0.9177646016023683,0.9178554068903284
222,0.289086832550534,0.8886177718144044,0.836040517335906,0.8886177718144044,0.8887844861780089,0.3186844022650468,0.8716077302631579,0.8071066440196024,0.8716077302631579,0.8720117391274568,0.21169855189867343,0.9180744042752769,0.8850263429443938,0.9180744042752769,0.9181288300307224
223,0.28889161531339613,0.8878765581717452,0.835010063969398,0.8878765581717452,0.8880952047070226,0.3175827484381826,0.8712993421052632,0.8045944009424344,0.8712993421052632,0.8717108301460313,0.21176651915941175,0.9171880244055661,0.8841626581917967,0.9171880244055661,0.9172368673529187
224,0.2898057736765975,0.8881921600877193,0.8356225529591415,0.8881921600877193,0.888378072450625,0.3182358726074821,0.8707853618421053,0.8041663248182183,0.8707853618421053,0.8712203788763031,0.21205543000269808,0.9179022916792166,0.8839562742181792,0.9179022916792166,0.9179595135690912
225,0.2901700611947756,0.8884789069713758,0.8353900728778628,0.8884789069713758,0.8887714817475798,0.31909513159802083,0.8722245065789473,0.8074497873123533,0.8722245065789473,0.8727709013308855,0.21317350326020468,0.9180916155348829,0.8849521124641234,0.9180916155348829,0.9182088140311885
226,0.28917593716034046,0.8886159683748845,0.8345508960567195,0.8886159683748845,0.888754486626986,0.3169412236464651,0.8707853618421053,0.8049188152989989,0.8707853618421053,0.8712366040106868,0.2122126618649647,0.9183669956885795,0.8850959534325884,0.9183669956885795,0.9184090648240517
227,0.28972064520018254,0.8889459978070176,0.8366565061370436,0.8889459978070176,0.8892950125920389,0.3185231466042368,0.8711965460526315,0.8026383961450643,0.8711965460526315,0.8718597660184033,0.21346792379755167,0.9187026152508971,0.8843587103536742,0.9187026152508971,0.9188234219496022
228,0.28922206014807533,0.8891876587026778,0.835877336891356,0.8891876587026778,0.8892759464098824,0.31650740535635696,0.8720189144736842,0.8027543109479678,0.8720189144736842,0.8723270138459868,0.21175382741098053,0.9185218970250337,0.8838963723098701,0.9185218970250337,0.9185318164768896
229,0.2885441983863367,0.8885546514312096,0.835459842148622,0.8885546514312096,0.8887630132588122,0.31698664865995707,0.8709909539473685,0.8070064975707224,0.8709909539473685,0.8714177510266443,0.21283630848012464,0.9181862774627161,0.8828475136361479,0.9181862774627161,0.9182479166441334
230,0.29058460109726986,0.888744012580794,0.8361118998821134,0.888744012580794,0.8889674955006529,0.3175555546032755,0.8714021381578947,0.801059745841335,0.8714021381578947,0.8717896201250431,0.21484355062850818,0.9176785453043381,0.8833495685159936,0.9176785453043381,0.9177573748545939
231,0.2876061986330363,0.8891624105493998,0.8353842439077436,0.8891624105493998,0.8893962943609761,0.3162446194573453,0.8709909539473685,0.8051881704789156,0.8709909539473685,0.8716057746389444,0.2103241330178854,0.9186940096210942,0.8830122878771315,0.9186940096210942,0.9187735888845302
232,0.2891513567937268,0.889598842913204,0.8371040909829589,0.889598842913204,0.8898449644059835,0.3162110338085576,0.8725328947368421,0.8037475073179434,0.8725328947368421,0.8730460218400014,0.2119190789666895,0.9189177559959726,0.8857501664524697,0.9189177559959726,0.9190210051791363
233,0.2899638903245591,0.8888900911819021,0.8365710317950296,0.8888900911819021,0.8892931156106103,0.3179120092015517,0.8705797697368421,0.8035054502206986,0.8705797697368421,0.8713712202129473,0.2134819052892321,0.9181776718329131,0.8830114864915126,0.9181776718329131,0.9183473345322762
234,0.28769478697195605,0.8890668282548476,0.836565460142498,0.8890668282548476,0.8892954826724802,0.3164619975968411,0.8697574013157895,0.8022525496016669,0.8697574013157895,0.8702556838457152,0.21125744723233858,0.9177732072321713,0.8823504401967667,0.9177732072321713,0.9178973937915814
235,0.28892764788970615,0.8884121797091413,0.836437282289695,0.8884121797091413,0.8888681465759795,0.31864945198360245,0.8709909539473685,0.8057401771496228,0.8709909539473685,0.8718566245538634,0.21205521969503655,0.9178334466407924,0.8847600507135361,0.9178334466407924,0.9179423122667453
236,0.2874666471533058,0.8885798995844876,0.8357758183562795,0.8885798995844876,0.8887547575340667,0.31681659974549947,0.8707853618421053,0.8042488345606491,0.8707853618421053,0.8712921376142406,0.21028622835532174,0.9184616576164126,0.8838455638675453,0.9184616576164126,0.9184957592776561
237,0.2882436291415275,0.8893265235457064,0.8371682133670066,0.8893265235457064,0.8895704922621549,0.3168087131098697,0.871813322368421,0.8096189995150483,0.871813322368421,0.8724231110603475,0.21075602083290074,0.9190898685920329,0.8864991922782632,0.9190898685920329,0.919162527443332
238,0.2880961720798154,0.8895573638042474,0.8372487311559708,0.8895573638042474,0.8898818049823842,0.31792793462150976,0.8700657894736842,0.797058480667571,0.8700657894736842,0.8706959933752418,0.21168225947262415,0.9188144884383364,0.8857297686366247,0.9188144884383364,0.9189299766793059
239,0.28644690667438155,0.8902246364265928,0.8372102105386031,0.8902246364265928,0.8903815428755939,0.31439699781568425,0.873046875,0.8066725496806809,0.873046875,0.8734597725890122,0.20906633573690042,0.9193480374861234,0.8843035979100845,0.9193480374861234,0.9193812989421115
240,0.28814257642844154,0.8892670100415513,0.8368171085057516,0.8892670100415513,0.88968078483198,0.316683701778713,0.8739720394736842,0.8074045833121183,0.8739720394736842,0.874722762480153,0.2124453211553312,0.9179969536070497,0.8824311054660869,0.9179969536070497,0.918150947322638
241,0.28642253953334035,0.8893878404893814,0.8358818971102259,0.8893878404893814,0.889577754974212,0.31509534308784887,0.8720189144736842,0.8006347075859451,0.8720189144736842,0.8725308511972952,0.2115711951647322,0.9179711367176406,0.8824232741702682,0.9179711367176406,0.9180376304051886
242,0.28746459880088726,0.8901146266158818,0.8360739415103263,0.8901146266158818,0.8902629038928809,0.31585654302647237,0.872327302631579,0.8077754227564397,0.872327302631579,0.8727950563249334,0.21004585260821326,0.9194513050437596,0.8858197345908435,0.9194513050437596,0.9195136298253586
243,0.28646173290323573,0.8904807248384118,0.8389741873876851,0.8904807248384118,0.8906217278523567,0.31597429513931274,0.8735608552631579,0.8048292312919535,0.8735608552631579,0.8739759198852277,0.20992661969977763,0.919632023269623,0.8887279058599272,0.919632023269623,0.9196646809019908
244,0.28637596861642484,0.8900605234302862,0.8378477034796774,0.8900605234302862,0.8903082046931482,0.31414740963986043,0.8734580592105263,0.8083495014585484,0.8734580592105263,0.874065484273282,0.2106610685866479,0.9181088267944889,0.8838803086108379,0.9181088267944889,0.9182444623796882
245,0.2874038431067656,0.8896836045706371,0.8371248703772274,0.8896836045706371,0.8900765346727106,0.3157639236826646,0.873766447368421,0.8075574278871877,0.873766447368421,0.8745178419663083,0.2106315144696488,0.9190124179238057,0.8851918053384447,0.9190124179238057,0.9191183706446853
246,0.28551150997369684,0.8901272506925207,0.8382034866242002,0.8901272506925207,0.8903550054035514,0.31428924202919006,0.874280427631579,0.8085551843836584,0.874280427631579,0.8747733594778125,0.2082614530745307,0.9193308262265174,0.8862720550347664,0.9193308262265174,0.919409926888394
247,0.28597955895537924,0.8901543022853186,0.8375094293589871,0.8901543022853186,0.8902392395628006,0.3149142500601317,0.8738692434210527,0.8075624269639345,0.8738692434210527,0.8740550608109491,0.21003457565940087,0.9187628546595182,0.8842286565298995,0.9187628546595182,0.9188048305749598
248,0.2863701633414183,0.8900803612650047,0.8368864183079429,0.8900803612650047,0.890314701514485,0.3144173433906154,0.8752055921052632,0.8115008456315672,0.8752055921052632,0.8756569239195438,0.20866555274397164,0.9192877980775023,0.8837160836470457,0.9192877980775023,0.9193757652298858
249,0.2853435748089053,0.8908846952908587,0.8391182026179803,0.8908846952908587,0.8910167621132453,0.3147185413460982,0.8745888157894737,0.8041503886097698,0.8745888157894737,0.8749941320986486,0.2087138645525267,0.919606206380214,0.8875765086896157,0.919606206380214,0.9196465554005072
250,0.28513492998819273,0.8906881203831948,0.8397225340944529,0.8906881203831948,0.8910416651129854,0.31400645563476964,0.8726356907894737,0.8099901125686679,0.8726356907894737,0.8733228271415184,0.20921297387134602,0.9198041358656833,0.8880839849277758,0.9198041358656833,0.9199619262843896
251,0.28530010155858754,0.8903166118421053,0.8366404058721825,0.8903166118421053,0.8905805156850383,0.3138878643512726,0.8726356907894737,0.8042450123844603,0.8726356907894737,0.8732115075561441,0.20827221688099437,0.9197094739378502,0.8867615437683494,0.9197094739378502,0.9197875567833943
252,0.2849204646198153,0.8907584545244691,0.8385637403464122,0.8907584545244691,0.8910015785496751,0.3120627340517546,0.873046875,0.8060274655440482,0.873046875,0.873601672633562,0.20842352868425218,0.920122544168395,0.8860417506343425,0.920122544168395,0.920225047534833
253,0.28554617088642364,0.8909351915974146,0.8382611033155805,0.8909351915974146,0.8909647200291773,0.31268272117564555,0.8740748355263158,0.8011142363406764,0.8740748355263158,0.8743040308224415,0.20849257869747562,0.9194599106735627,0.8860179802804121,0.9194599106735627,0.9194486657136112
254,0.28331380185438104,0.8912886657433057,0.8386690864973384,0.8912886657433057,0.8913785521131007,0.3116789256271563,0.8712993421052632,0.7967741398612282,0.8712993421052632,0.8716820303056331,0.20593464018500876,0.9205011918797277,0.8856506170779017,0.9205011918797277,0.9205235463623213
255,0.2845500167992417,0.891295879501385,0.8394517498644906,0.891295879501385,0.8915153311908068,0.3139370523001018,0.8721217105263158,0.804537707094419,0.8721217105263158,0.8726136504701041,0.20773539115232845,0.9209314733698786,0.8892848680277327,0.9209314733698786,0.9209889554270319
256,0.28281821636612064,0.8912309556786704,0.8392116324294918,0.8912309556786704,0.8914798728148978,0.3121555024071744,0.8708881578947368,0.801161436190089,0.8708881578947368,0.8714177632990278,0.20690389366332734,0.9199590372021377,0.8851158370321608,0.9199590372021377,0.9200539188875887
257,0.2841280061727526,0.8912706313481071,0.840167371856447,0.8912706313481071,0.8914900978783761,0.31300753198171916,0.8747944078947368,0.8121139766805169,0.8747944078947368,0.8752206404565306,0.20729820116016015,0.9201139385385919,0.8871805219847817,0.9201139385385919,0.9201966373039955
258,0.28321749643385685,0.8911065183518005,0.8392711453084233,0.8911065183518005,0.8913513058132889,0.31275054969285665,0.8732524671052632,0.8068481531946546,0.8732524671052632,0.8737463959849477,0.2075544372942799,0.9199590372021377,0.8847123814273515,0.9199590372021377,0.9200534344269237
259,0.28369889437932166,0.8910686461218836,0.8386286439818476,0.8910686461218836,0.8912647937875968,0.3133382765870345,0.872327302631579,0.8009319838609701,0.872327302631579,0.8728098683204428,0.2069022217564524,0.9201053329087889,0.8867862794171487,0.9201053329087889,0.9201409432748076
260,0.2843248088218939,0.891137176823638,0.8384068588996262,0.891137176823638,0.8914026088128387,0.3132727663767965,0.8734580592105263,0.8013143499025807,0.8734580592105263,0.87407536246559,0.20726340356596284,0.9203376849134703,0.8874004446758014,0.9203376849134703,0.9204143136805685
261,0.28250715920799657,0.8912291522391506,0.8392985740003265,0.8912291522391506,0.8914756368875824,0.31267517961953817,0.8744860197368421,0.8060664304465275,0.8744860197368421,0.8750628006753406,0.2061653532973963,0.9204753749903186,0.8884740464620818,0.9204753749903186,0.9205438894704003
262,0.28455886444281564,0.8914816337719298,0.8407130077109344,0.8914816337719298,0.8917236191560071,0.3141525701472634,0.8731496710526315,0.8018998858725873,0.8731496710526315,0.8736533538430986,0.20716743870282037,0.9207679664036212,0.8888121487316651,0.9207679664036212,0.9208303760388764
263,0.28417627452868394,0.8914924544090489,0.838882502239941,0.8914924544090489,0.8915990654804034,0.3131710745786366,0.8745888157894737,0.8059074907792524,0.8745888157894737,0.8749962522145092,0.20830979681601403,0.9202688398750463,0.8858852125278155,0.9202688398750463,0.9203014286524497
264,0.2810326313130413,0.891185869690674,0.8387932982765944,0.891185869690674,0.8915512784515407,0.3116737070836519,0.8752055921052632,0.8067612131706865,0.8752055921052632,0.8757240782146617,0.20452567166894653,0.9205700369181519,0.8863736510279205,0.9205700369181519,0.9206795416939008
265,0.28263455564680745,0.8920875894506002,0.8412601822486654,0.8920875894506002,0.8923747311230634,0.31260444145453603,0.8768503289473685,0.814213910138079,0.8768503289473685,0.8774053556230479,0.2067748611608762,0.9211035859659389,0.8879848500943327,0.9211035859659389,0.9212227179016578
266,0.282017441915343,0.8915645919898431,0.8399802391336584,0.8915645919898431,0.8917592369433834,0.3119848182326869,0.8752055921052632,0.8095710503483572,0.8752055921052632,0.8756645506477865,0.20607511887100777,0.9211035859659389,0.8885456572110961,0.9211035859659389,0.9211880629639259
267,0.2828844844992251,0.8920803756925207,0.8408230791592013,0.8920803756925207,0.892339315464258,0.3128264091516796,0.876233552631579,0.8164875766255476,0.876233552631579,0.8766541119714093,0.2067321098809835,0.9207507551440152,0.8883602288567983,0.9207507551440152,0.9208847294160079
268,0.28109332553127353,0.8922679334025854,0.8398180082452337,0.8922679334025854,0.8923934675722305,0.31042201424899857,0.8728412828947368,0.8067382195670627,0.8728412828947368,0.8731481649612729,0.20529194053336175,0.9210949803361359,0.8887928017030415,0.9210949803361359,0.9211351906329199
269,0.28088289797856425,0.8920262725069252,0.8389521659405654,0.8920262725069252,0.8920458718611198,0.31024624015155594,0.8755139802631579,0.804492041048112,0.8755139802631579,0.8757750244885247,0.2047993819816159,0.9211035859659389,0.8871341499004691,0.9211035859659389,0.9210938656000783
270,0.2827458762781332,0.8917016533933518,0.8394283393768348,0.8917016533933518,0.8917786192237865,0.3130017032748775,0.8719161184210527,0.8062960759923435,0.8719161184210527,0.872178615160067,0.20660844232296224,0.9207163326248031,0.8858209902814703,0.9207163326248031,0.9207038325139059
271,0.28076262063486973,0.8920136484302862,0.8398186571302657,0.8920136484302862,0.8921399989623963,0.31131016110119064,0.874280427631579,0.8049705191803322,0.874280427631579,0.8745915532124485,0.20482669185111976,0.9212326704129842,0.8875061524429295,0.9212326704129842,0.9212655087481945
272,0.28069213040977964,0.8917034568328717,0.8401423031961986,0.8917034568328717,0.8919348157003559,0.31082573376203837,0.8761307565789473,0.811237418099245,0.8761307565789473,0.8766698803398615,0.2045416180420298,0.9208970508506665,0.887198825075595,0.9208970508506665,0.9209464880297213
273,0.2829598167486358,0.8919811865189289,0.8395212143117136,0.8919811865189289,0.8922372614870884,0.3137642631405278,0.8759251644736842,0.809203952520934,0.8759251644736842,0.8764831464580447,0.20635177198816604,0.920638881956576,0.886135146700507,0.920638881956576,0.9207308053660537
274,0.2817972177778915,0.89208939289012,0.8395540274756378,0.89208939289012,0.8924084303807186,0.3125103257204357,0.8747944078947368,0.8075511680141929,0.8747944078947368,0.8753709667651892,0.20436308870125006,0.9216715575329381,0.8888722378574097,0.9216715575329381,0.9217962445273576
275,0.28309346185111384,0.8916962430747922,0.8396018414822686,0.8916962430747922,0.8921119576682766,0.3131659532848157,0.8727384868421053,0.7998429796656179,0.8727384868421053,0.8735006744452186,0.20961467635195258,0.919666445788835,0.8860488748822498,0.919666445788835,0.919825588242931
276,0.28203417750166615,0.8918369113573407,0.8388650114488971,0.8918369113573407,0.8920507084565807,0.3126265845800701,0.8735608552631579,0.8009204964857854,0.8735608552631579,0.874108657410417,0.20607255955441584,0.9207679664036212,0.8850499536365606,0.9207679664036212,0.9208882553596929
277,0.27997166068324975,0.8921092307248384,0.8396485781805735,0.8921092307248384,0.8921425128704885,0.30895287425894485,0.876233552631579,0.8091691131591157,0.876233552631579,0.8765558771488308,0.2035590227482599,0.9214564167878626,0.8886005482388702,0.9214564167878626,0.9214594600277917
278,0.28070773859873815,0.8921236582409973,0.8412838692134214,0.8921236582409973,0.8924433568008886,0.3120676530034919,0.874280427631579,0.8078599858433779,0.874280427631579,0.875019373518713,0.20409559434995328,0.9218866982780135,0.8893553774771815,0.9218866982780135,0.9220163805790531
279,0.2815675476939174,0.8924843461449676,0.8395698891632541,0.8924843461449676,0.8925483160455217,0.3106350679146616,0.875,0.8075013141337833,0.875,0.8752650686958152,0.20657866566196859,0.9215424730858928,0.8868982708949027,0.9215424730858928,0.9215756508181883
280,0.2827766778451474,0.892199402700831,0.8414761088595133,0.892199402700831,0.8924957160335684,0.31179005848734004,0.8756167763157895,0.8115227654724417,0.8756167763157895,0.876293030558716,0.2072443856718415,0.921129402855348,0.8892425208673489,0.921129402855348,0.9212482279986387
281,0.2795091335793281,0.8928720856417359,0.8418511711813189,0.8928720856417359,0.8932835901180296,0.3094300251258047,0.8759251644736842,0.8150816125644088,0.8759251644736842,0.8766153233963122,0.20319254505300693,0.9215682899753018,0.8895468237298708,0.9215682899753018,0.9216976970987367
282,0.28093942083480283,0.8916421398891967,0.8401391845914391,0.8916421398891967,0.8918866631330674,0.31292464701752915,0.874280427631579,0.8128971297352765,0.874280427631579,0.8747995364663604,0.2046626703601525,0.9204753749903186,0.8870339692278172,0.9204753749903186,0.9205518749362643
283,0.2788097755785684,0.8928396237303786,0.8416950240048394,0.8928396237303786,0.8929416407336419,0.30986149530661733,0.8740748355263158,0.8072332923142927,0.8740748355263158,0.8744787961460213,0.20239699795639177,0.9215855012349079,0.8896760428474825,0.9215855012349079,0.9216566631319895
284,0.2806381566702824,0.8922282577331486,0.840702343499426,0.8922282577331486,0.8924590630449241,0.31193415271608455,0.8759251644736842,0.8055167279854886,0.8759251644736842,0.8765480765666299,0.20409710539114848,0.9214736280474687,0.8883448745018193,0.9214736280474687,0.9215776091281896
285,0.2801913531120464,0.8930361986380425,0.8415105319712868,0.8930361986380425,0.8931319773343801,0.3101208162935157,0.8768503289473685,0.8092225722441648,0.8768503289473685,0.8771706940495633,0.20328875220751985,0.9230570639312238,0.8904672101839755,0.9230570639312238,0.9230902816237648
286,0.27945540000582225,0.8922769506001846,0.8401941821286494,0.8922769506001846,0.8927710796227867,0.30932091882354334,0.8758223684210527,0.812190642560603,0.8758223684210527,0.8766550990173818,0.20243091367967792,0.9218350644991954,0.8891285711667075,0.9218350644991954,0.9220192352940519
287,0.2815367964166023,0.8926141937903971,0.8418125273549862,0.8926141937903971,0.8929557743707408,0.31127839653115524,0.8747944078947368,0.8086547039563915,0.8747944078947368,0.8754897648036071,0.2056861901769681,0.9213187267110143,0.8875283503113974,0.9213187267110143,0.921443115313744
288,0.28018462334588407,0.8928504443674977,0.8416444870433557,0.8928504443674977,0.893163486659058,0.31105311450205353,0.8754111842105263,0.8087204666961204,0.8754111842105263,0.8760040620212045,0.20443997482534837,0.9218178532395893,0.8892274243787651,0.9218178532395893,0.9219432115705238
289,0.2798853241120459,0.8925907490766389,0.841881595036359,0.8925907490766389,0.8929495797042384,0.31164375731819555,0.8743832236842105,0.8018278765287222,0.8743832236842105,0.8750748647084436,0.2037860379521287,0.9223169797681643,0.889486596342059,0.9223169797681643,0.9224292211743518
290,0.2807650111773888,0.8928648718836565,0.8409463134374456,0.8928648718836565,0.8930879099392884,0.3116553363047148,0.8732524671052632,0.8062154230368016,0.8732524671052632,0.8738347203764407,0.20531615782595317,0.9213187267110143,0.8877058895891984,0.9213187267110143,0.9213898637515264
291,0.28024532386580775,0.8929063509926131,0.8404421177416338,0.8929063509926131,0.8932264220592099,0.31091489289936264,0.8760279605263158,0.8083293253729862,0.8760279605263158,0.8766808390544556,0.20499664610484128,0.9219297264270285,0.889379034749694,0.9219297264270285,0.9220625750001714
292,0.27788381883917534,0.8932039185133888,0.8413492263649457,0.8932039185133888,0.8933229560478582,0.3083075065361826,0.8768503289473685,0.808455410429791,0.8768503289473685,0.8772025797646,0.20266522994882905,0.9222137122105282,0.8897546210422075,0.9222137122105282,0.9222878302862428
293,0.2791460183959038,0.8930957121421976,0.84164297954849,0.8930957121421976,0.8934187763153439,0.31069289069426687,0.8748972039473685,0.8045596402933448,0.8748972039473685,0.8753672756603723,0.20345057539513817,0.9218953039078165,0.8890485284045405,0.9218953039078165,0.9220208963116703
294,0.27892302682525233,0.8928017515004617,0.8418223926220134,0.8928017515004617,0.8932852744934382,0.31127767656978805,0.8748972039473685,0.8080565656397333,0.8748972039473685,0.8757987648642233,0.20360521654864686,0.9215510787156959,0.888865863784176,0.9215510787156959,0.921710317574482
295,0.27808753304039013,0.8931083362188366,0.8421115202156367,0.8931083362188366,0.8933122067653688,0.3082200853448165,0.8763363486842105,0.8142516980890481,0.8763363486842105,0.8768602808240558,0.20236972547539822,0.922144867172104,0.8889073897853119,0.922144867172104,0.922242787364232
296,0.2782886696846972,0.8934888619575254,0.8422200593698067,0.8934888619575254,0.8937805374222083,0.3085600623958989,0.8763363486842105,0.8094883783387754,0.8763363486842105,0.8769645664339587,0.20381783342289742,0.9220329939846648,0.8890368178893879,0.9220329939846648,0.9221317223365421
297,0.28053743354391414,0.893371638388735,0.8408636259768361,0.893371638388735,0.8935798179482058,0.3111192631094079,0.8752055921052632,0.8079558461797535,0.8752055921052632,0.8757879010113117,0.20482620138052046,0.9214908393070746,0.8861846753442923,0.9214908393070746,0.9215454575745976
298,0.2783594132432867,0.8936619921514312,0.8410445566157104,0.8936619921514312,0.8937826872300607,0.3101573241384406,0.8751027960526315,0.8074714957700777,0.8751027960526315,0.8755560387169108,0.20181234598713246,0.9224632754748157,0.8871815172041241,0.9224632754748157,0.922531854036643
299,0.27894127703274385,0.8932472010618652,0.8419574385323881,0.8932472010618652,0.8934574641275,0.31078783775630753,0.8767475328947368,0.8073446121646503,0.8767475328947368,0.8771111877794315,0.20252612339685808,0.92216207843171,0.8883576622179151,0.92216207843171,0.9221947134791955
300,0.2773393545014266,0.8944122229916898,0.8426454583854363,0.8944122229916898,0.8944676724781091,0.30889136540262324,0.876233552631579,0.8082143273606485,0.876233552631579,0.8765291713301431,0.20253826443079936,0.9227042331093,0.8903829787690463,0.9227042331093,0.9227436570253114
301,0.2782941336089114,0.8941020313942751,0.8421306051353549,0.8941020313942751,0.8943386618266776,0.3108309993618413,0.8784950657894737,0.8167655212510567,0.8784950657894737,0.8789519496199778,0.20278566189979513,0.9229107682245725,0.8886912398967962,0.9229107682245725,0.9230000725215729
302,0.2790396183536544,0.8938766014542936,0.8426193991171751,0.8938766014542936,0.8940084065962385,0.31125447467753764,0.8760279605263158,0.8097502026433753,0.8760279605263158,0.8763743622105414,0.2042080445458542,0.9225751486622549,0.8900812444006189,0.9225751486622549,0.9226718102848873
303,0.27638104593764823,0.8938423361034165,0.8423521567372964,0.8938423361034165,0.8940274055588836,0.3079159102941814,0.8787006578947368,0.8124185051370435,0.8787006578947368,0.8791298511873368,0.20058981893117536,0.922643993700679,0.8917053116600311,0.922643993700679,0.9227210742581639
304,0.2775867190332404,0.8948576725530932,0.8430789947126387,0.8948576725530932,0.8949315236669166,0.3074063156780444,0.8793174342105263,0.8159860060850702,0.8793174342105263,0.8796096105107568,0.2017518397488192,0.9227214443689061,0.8912666222882647,0.9227214443689061,0.922779011433559
305,0.27664015446948653,0.8939902181440443,0.8413709616342757,0.8939902181440443,0.894143083467981,0.3075631574580544,0.8774671052631579,0.8127455498919913,0.8774671052631579,0.8777928089517326,0.20104287994876555,0.9229537963735877,0.8880346273974958,0.9229537963735877,0.9230459560165212
306,0.27875479477924653,0.893860370498615,0.8426133945265427,0.893860370498615,0.8939933596676702,0.30819791555404663,0.875719572368421,0.8153496932058457,0.875719572368421,0.8761497069039934,0.2036360500319534,0.9224374585854066,0.8896063299713061,0.9224374585854066,0.9225055908342977
307,0.2764110815602106,0.8943581198060941,0.843765605214674,0.8943581198060941,0.894631486341437,0.3075939997246391,0.8767475328947368,0.8160586848321609,0.8767475328947368,0.8772463638599376,0.20095700724830626,0.9229537963735877,0.8910491232614077,0.9229537963735877,0.9230585258378716
308,0.2766027233992477,0.8943869748384118,0.8438177131354497,0.8943869748384118,0.8945353399051541,0.3077756433110488,0.8764391447368421,0.8138609215052678,0.8764391447368421,0.876847453708775,0.20107757848113889,0.9231086977100419,0.8904564923641337,0.9231086977100419,0.9231853880394156
309,0.2768569897141373,0.894091210757156,0.8430644323915146,0.894091210757156,0.8942061678376424,0.3084744262067895,0.875719572368421,0.8130273503081504,0.875719572368421,0.8761935535750643,0.20160303260425858,0.9224976979940277,0.8904961948037605,0.9224976979940277,0.9225437022962807
310,0.2757294719431649,0.8950668715373962,0.8446027694682494,0.8950668715373962,0.8951329986197225,0.3062606947986703,0.8767475328947368,0.8112698638828677,0.8767475328947368,0.8770630774260456,0.20054096975214758,0.9233754722339355,0.8893104638059661,0.9233754722339355,0.923419108210071
311,0.2763513283028387,0.8942553237534626,0.8432819779094575,0.8942553237534626,0.8945405797221158,0.30771884322166443,0.8779810855263158,0.8103914721630032,0.8779810855263158,0.8784416102781941,0.2005601595301881,0.9228935569649664,0.890436854636331,0.9228935569649664,0.9230060224102941
312,0.2766668136237621,0.8944609158587258,0.8426754807450304,0.8944609158587258,0.8946955448510457,0.3068017081210488,0.8780838815789473,0.8100663359763712,0.8780838815789473,0.8785583135381927,0.20097505618622363,0.9229624020033906,0.8882261826152418,0.9229624020033906,0.9230633915329923
313,0.2768874307776202,0.8944086161126501,0.8438571958945917,0.8944086161126501,0.8947380491428987,0.3075486719608307,0.876953125,0.812978592703695,0.876953125,0.8775731892728745,0.2006622464518563,0.9231775427484661,0.889784876765285,0.9231775427484661,0.9233018768218326
314,0.27715362556147993,0.8947909452908587,0.8439100075456505,0.8947909452908587,0.8951003062310853,0.3076073888101076,0.8793174342105263,0.8123887450493891,0.8793174342105263,0.8798432386524911,0.20068530269004917,0.923650852387632,0.8908725817373645,0.923650852387632,0.9237448727254296
315,0.27735468534716606,0.8942697512696214,0.843824800538283,0.8942697512696214,0.8946883965276898,0.30850021148982804,0.8764391447368421,0.8098760065159184,0.8764391447368421,0.877151110059308,0.20305302283925933,0.9220329939846648,0.8890326063101763,0.9220329939846648,0.922205460429693
316,0.2752006681479465,0.8948630828716528,0.8453280378882401,0.8948630828716528,0.8950983193036092,0.30666588952666834,0.8778782894736842,0.8133004087792906,0.8778782894736842,0.8783692132954611,0.19873647519106705,0.9237283030558592,0.8923976020778931,0.9237283030558592,0.9238459587499969
317,0.2759209928805368,0.8951426159972299,0.8443539947726391,0.8951426159972299,0.895340715718782,0.3074735457959928,0.8784950657894737,0.8126836238579813,0.8784950657894737,0.8789770022074429,0.20073701346035872,0.9233840778637384,0.8896016200604349,0.9233840778637384,0.9234640528092115
318,0.2753543195384361,0.8947025767543859,0.8437239878552933,0.8947025767543859,0.8949206989746948,0.30752058719333847,0.8760279605263158,0.8137914506585682,0.8760279605263158,0.8764730626650862,0.19903353419531472,0.9225235148834368,0.8885640248257017,0.9225235148834368,0.9225917207668662
319,0.2765126109315858,0.8946556873268698,0.8431364978664249,0.8946556873268698,0.8948493664180635,0.307670365038671,0.8765419407894737,0.8098704457701232,0.8765419407894737,0.8770157038171775,0.20100655799282266,0.9228591344457544,0.8891579968383274,0.9228591344457544,0.9229540973321045
320,0.27396543988560706,0.8954311663204063,0.8435023603913374,0.8954311663204063,0.8955782766251592,0.30624596068733617,0.8773643092105263,0.8119826818056497,0.8773643092105263,0.877781925380582,0.198924822184398,0.9234012891233445,0.8890902104999252,0.9234012891233445,0.9234727082199543
321,0.27768853921804404,0.8949262032548476,0.8439545396091981,0.8949262032548476,0.8952423286896695,0.3084657239286523,0.8760279605263158,0.8123228898472263,0.8760279605263158,0.876655016836751,0.20203175012032162,0.9237369086856622,0.8926838428061765,0.9237369086856622,0.9238712066495343
322,0.27355869352432277,0.8953662424976916,0.8439972657386233,0.8953662424976916,0.8954350972083778,0.30410195730234446,0.8768503289473685,0.8145534958028169,0.8768503289473685,0.8771359658503881,0.19728344245166166,0.9248384293004484,0.8932121972813288,0.9248384293004484,0.9248722482507812
323,0.27536202294344386,0.8949189894967683,0.8430045527596718,0.8949189894967683,0.8950725010355074,0.30677545070648193,0.8754111842105263,0.8117818461175235,0.8754111842105263,0.8758288205093697,0.20094739308637546,0.9231775427484661,0.888208109673461,0.9231775427484661,0.9232667427762216
324,0.27610377919200607,0.8953662424976916,0.8451834076880891,0.8953662424976916,0.8955823758315371,0.3072844430019981,0.8779810855263158,0.8147440253199393,0.8779810855263158,0.8784709282334962,0.20066035767636173,0.9235217679405867,0.8915387219210219,0.9235217679405867,0.9235917454907313
325,0.27488229966559896,0.8953409943444137,0.844179576661014,0.8953409943444137,0.8954930987742025,0.3065718490826456,0.8772615131578947,0.8144378255066034,0.8772615131578947,0.8776574053877773,0.19995369363124824,0.9227816837775272,0.8914788233569474,0.9227816837775272,0.9228464582789454
326,0.27298324077028097,0.8952057363804248,0.844673074105704,0.8952057363804248,0.8955711846735495,0.304369645683389,0.8782894736842105,0.8202450905108629,0.8782894736842105,0.8788931544469099,0.19771891347268575,0.9237110917962531,0.8925199514569379,0.9237110917962531,0.9238742443272734
327,0.27556861536654736,0.895532158933518,0.844262918443391,0.895532158933518,0.8957022066316994,0.3073193289731678,0.8764391447368421,0.8123638085518209,0.8764391447368421,0.8768344360790882,0.19999516394626998,0.9234185003829505,0.8910069965865183,0.9234185003829505,0.9234730469412881
328,0.2740081010157602,0.8958080851800554,0.8442931328539436,0.8958080851800554,0.8959231697948582,0.3060654958612041,0.8758223684210527,0.8054158529303257,0.8758223684210527,0.8761475437620911,0.19864020228796786,0.9240295000989648,0.8917382753041087,0.9240295000989648,0.9240986745406159
329,0.27306213102622484,0.8952472154893814,0.844005150044617,0.8952472154893814,0.8955173977461219,0.3051670162301314,0.877672697368421,0.8125019441228721,0.877672697368421,0.8781925616261889,0.197819886783284,0.9236336411280259,0.8888103764182761,0.9236336411280259,0.9237231744807268
330,0.27345268265967665,0.8953572253000923,0.8427752421254768,0.8953572253000923,0.8955622063724463,0.3059236548448864,0.8768503289473685,0.8052848760677234,0.8768503289473685,0.8773958607668746,0.19835817567241076,0.9237369086856622,0.8888511125070869,0.9237369086856622,0.9237755343718259
331,0.27408318155525135,0.89550691078024,0.8443298895610045,0.89550691078024,0.8956880978627122,0.3061873567731757,0.875719572368421,0.8110705216541023,0.875719572368421,0.87618625532617,0.19893879565569061,0.9239778663201467,0.8908992019095469,0.9239778663201467,0.9240593501928558
332,0.2746709322665207,0.8954780557479224,0.8446620019878779,0.8954780557479224,0.8957614290412146,0.3066161376865287,0.878186677631579,0.8164232283998929,0.878186677631579,0.878806603296232,0.1995045118643702,0.9232377821570872,0.8897255904856237,0.9232377821570872,0.9233255099894314
333,0.2749182605292108,0.8955483898891967,0.8446763252693765,0.8955483898891967,0.8957361884947175,0.3065499977061623,0.8791118421052632,0.8134190059603189,0.8791118421052632,0.8795830136426372,0.20018653243019197,0.9237196974260561,0.8912597616285629,0.9237196974260561,0.9237780545110724
334,0.27437421997333167,0.895434773199446,0.844067177966852,0.895434773199446,0.8956327291310977,0.30573400541355733,0.8775699013157895,0.8092816856772155,0.8775699013157895,0.8781352963353214,0.19884968692487612,0.9244167534401005,0.8923902196071436,0.9244167534401005,0.9244874473260948
335,0.27357750020694205,0.8964951956371191,0.8456657251513375,0.8964951956371191,0.896614081318606,0.30488741241003336,0.8774671052631579,0.8140982373480653,0.8774671052631579,0.8777664974498867,0.19893012425691212,0.924649105444782,0.8929819788705452,0.924649105444782,0.9246876129022598
336,0.2735633590600057,0.8961597558864266,0.8456799603887842,0.8961597558864266,0.896380697573596,0.3060844626865889,0.8782894736842105,0.8180060148910039,0.8782894736842105,0.8786808597055177,0.1984806012935415,0.9247695842620243,0.8934439400193332,0.9247695842620243,0.9248602051648028
337,0.27393039710138645,0.8957738198291783,0.8449512155246318,0.8957738198291783,0.8960350374435302,0.30494891499218185,0.8799342105263158,0.8137391025945918,0.8799342105263158,0.8803644748158509,0.19886531015371903,0.9237627255750712,0.8925626086921455,0.9237627255750712,0.9238457514504602
338,0.2719150777366133,0.8955141245383195,0.8445769465409435,0.8955141245383195,0.8957843553715787,0.30535709465804856,0.8782894736842105,0.8116203370236573,0.8782894736842105,0.8788937455827622,0.19691180885563908,0.9244597815891156,0.891595925456634,0.9244597815891156,0.9245508964681599
339,0.27428852390439445,0.8956097068328717,0.8450722556565653,0.8956097068328717,0.8958321313864834,0.3064979628512734,0.8764391447368421,0.8109633143527654,0.8764391447368421,0.87698052333969,0.1983086305768531,0.9244339646997065,0.8921510805743972,0.9244339646997065,0.9245003171744823
340,0.27342083889196456,0.895690861611265,0.8457100456603664,0.895690861611265,0.8960631072469836,0.30579671734257746,0.8767475328947368,0.8112971022204986,0.8767475328947368,0.8774896911338267,0.1978434712418213,0.9240639226181768,0.8912453251828537,0.9240639226181768,0.9242010834196107
341,0.27381730416750094,0.895460021352724,0.8444557763541151,0.895460021352724,0.8955956189599097,0.3054187705642299,0.8780838815789473,0.8126289224511444,0.8780838815789473,0.8785115083228238,0.19925577168230127,0.9239348381711315,0.8897518100097573,0.9239348381711315,0.9239555637086346
342,0.2734420829945324,0.8961651662049861,0.8455016488202195,0.8961651662049861,0.8963878509531629,0.30571866192315755,0.878186677631579,0.8111151033475412,0.878186677631579,0.8787279612571074,0.19842302016203153,0.9239348381711315,0.8906337955658372,0.9239348381711315,0.9239895404568806
343,0.27501237048446747,0.8954383800784856,0.8450558877039119,0.8954383800784856,0.8958024040863782,0.3078817944777639,0.8764391447368421,0.802858127369243,0.8764391447368421,0.8770710624715243,0.20143869820480728,0.9230398526716178,0.8899181002963447,0.9230398526716178,0.9231886897926174
344,0.2729571127742942,0.8958784193213296,0.8458453185355055,0.8958784193213296,0.8961428938412026,0.305765931543551,0.8770559210526315,0.8042240203302864,0.8770559210526315,0.8775803740565441,0.19750823403137668,0.9242446408440401,0.8934604533856508,0.9242446408440401,0.924307300313895
345,0.2727741479791102,0.8961074561403509,0.8452408395474128,0.8961074561403509,0.896204031797251,0.30567142681071635,0.8784950657894737,0.8122983891215244,0.8784950657894737,0.8788284484426526,0.19743157585697202,0.9242876689930553,0.8911933977703234,0.9242876689930553,0.9243336951935741
346,0.27209521748902943,0.8956692203370268,0.8449482011631224,0.8956692203370268,0.8960260710609257,0.3058985189387673,0.8751027960526315,0.8109966459791434,0.8751027960526315,0.8757951584667865,0.19810672278679806,0.9238315706134953,0.8916423017306843,0.9238315706134953,0.9239484861583039
347,0.2725926195567995,0.8963238688827332,0.8458739080370047,0.8963238688827332,0.8965876546985313,0.30591269778577906,0.8777754934210527,0.8136673219569515,0.8777754934210527,0.8782310906285572,0.19846542305484524,0.9244769928487216,0.8929703900443112,0.9244769928487216,0.9245852974756769
348,0.27116807832942447,0.8965366747460757,0.8463583594982484,0.8965366747460757,0.8967289678515398,0.30192383810093526,0.8791118421052632,0.8153439041029303,0.8791118421052632,0.8794599837131352,0.19639162836968424,0.9247609786322212,0.8946999830643033,0.9247609786322212,0.9248641668112367
349,0.27252273734861904,0.8965727435364728,0.8458310918022961,0.8965727435364728,0.8965292019225167,0.30363500510391433,0.8794202302631579,0.8147585711668258,0.8794202302631579,0.879481198813727,0.19802809867536927,0.9250879925647358,0.8964253080545556,0.9250879925647358,0.9250659360906258
350,0.2724134400280559,0.8968594904201292,0.846979765468643,0.8968594904201292,0.8969627552723931,0.30348623818472814,0.8795230263157895,0.8134082718001832,0.8795230263157895,0.8798914192523511,0.19858825317345488,0.9244855984785246,0.8936854196850536,0.9244855984785246,0.9245346537880833
351,0.27122913790816855,0.8967837459602955,0.8469849154171964,0.8967837459602955,0.8969222099281171,0.30262146498027603,0.87890625,0.8178423848794191,0.87890625,0.8792429125129939,0.19641578110754676,0.9251482319733569,0.894372141276416,0.9251482319733569,0.9252147247436732
352,0.2712999294999564,0.8959505569021238,0.8455324320862365,0.8959505569021238,0.8960707578077912,0.30285969690272685,0.8779810855263158,0.8109114994926159,0.8779810855263158,0.8783004718567348,0.1963055208805622,0.9244769928487216,0.8940941233205176,0.9244769928487216,0.9245385302435721
353,0.27308497783604974,0.8963364929593721,0.8460375142973515,0.8963364929593721,0.8967186701836964,0.3043895755943499,0.8775699013157895,0.8160021608762289,0.8775699013157895,0.8782313158980521,0.1996044339300598,0.9239692606903436,0.8911210208985241,0.9239692606903436,0.9241252968547939
354,0.272210311815349,0.8964861784395198,0.8460691374716249,0.8964861784395198,0.8966782348017425,0.3053967215512928,0.8773643092105263,0.8122992953331876,0.8773643092105263,0.8777967385152745,0.19628505163388363,0.9249416968580846,0.8923697411252524,0.9249416968580846,0.9250169328652329
355,0.27132322275297355,0.8958459574099723,0.844748379802181,0.8958459574099723,0.8960190759109845,0.3026054736815001,0.8778782894736842,0.8166019263486459,0.8778782894736842,0.8782788314851454,0.19628599702672803,0.9238143593538893,0.8891326986266268,0.9238143593538893,0.9238740234054931
356,0.2717458072736763,0.8963761686288089,0.8445364591154055,0.8963761686288089,0.8965340713302669,0.30409766576792063,0.8798314144736842,0.8133151545307582,0.8798314144736842,0.8801630528573967,0.196918215596962,0.9240639226181768,0.8901984506389058,0.9240639226181768,0.9241285516104449
357,0.2726816082732719,0.8963815789473685,0.8457214557042444,0.8963815789473685,0.8966636017442213,0.30438621263754995,0.8779810855263158,0.8136312858244408,0.8779810855263158,0.8785118605573967,0.19822121428084902,0.9242532464738432,0.8905749842692556,0.9242532464738432,0.9243300569805428
358,0.2714563770527545,0.8970542618882733,0.84639838998265,0.8970542618882733,0.8972606476435534,0.3026870936155319,0.8790090460526315,0.8150972456363441,0.8790090460526315,0.8794004598332916,0.19741155683199757,0.9252687107905992,0.8920581082016038,0.9252687107905992,0.9253709089182575
359,0.26946860353702323,0.8967152152585411,0.8451708891066809,0.8967152152585411,0.8967931863629384,0.30158501471343796,0.8787006578947368,0.8161313829283171,0.8787006578947368,0.8789603965236804,0.1947608289549677,0.9251052038243419,0.8914373935133882,0.9251052038243419,0.925124494279447
360,0.27190019303136476,0.8966881636657433,0.8460639553292207,0.8966881636657433,0.8968970298659743,0.3040719730289359,0.8799342105263158,0.8178307630403836,0.8799342105263158,0.8804424925773591,0.1977512620766918,0.9245716547765548,0.8896022772042519,0.9245716547765548,0.924626347772645
361,0.27338360521051475,0.8969388417590027,0.8478264555468237,0.8969388417590027,0.8973059902814522,0.3060609980633384,0.8790090460526315,0.8123774468382291,0.8790090460526315,0.8797522727522855,0.199182904167722,0.9242704577334492,0.8929532431910806,0.9242704577334492,0.9244027551565345
362,0.2722783724494478,0.8967855493998154,0.8461834461330133,0.8967855493998154,0.8969520137459476,0.3028001291187186,0.8802425986842105,0.8135928289596664,0.8802425986842105,0.8806219380290834,0.19715137435609892,0.9254322177568566,0.8919092830182436,0.9254322177568566,0.9254935646160674
363,0.2704001849487988,0.8965853676131117,0.8471798440581294,0.8965853676131117,0.8967908925519781,0.3020840075455214,0.8806537828947368,0.8164501565425765,0.8806537828947368,0.8810605640418746,0.19566721775238924,0.9245200209977367,0.8935865774781421,0.9245200209977367,0.9246260537428975
364,0.26970626023062266,0.896960483033241,0.8480153813628782,0.896960483033241,0.8972906114251924,0.3025384184561278,0.8791118421052632,0.8152554074875381,0.8791118421052632,0.8796832389264184,0.1956989426029667,0.9248126124110393,0.8909532867169936,0.9248126124110393,0.9249410428715253
365,0.2705705109450515,0.8966015985687904,0.8466981535677645,0.8966015985687904,0.8968317373958272,0.3042668794330798,0.8790090460526315,0.813014830564044,0.8790090460526315,0.8795010366655834,0.19558936695048204,0.9248986687090694,0.8915727921719881,0.9248986687090694,0.9249752864178993
366,0.2714193520288388,0.8970055690212373,0.8473180170111655,0.8970055690212373,0.8973423660298717,0.3030750241718794,0.8794202302631579,0.8154287904318372,0.8794202302631579,0.8799529891738977,0.1980565198281135,0.9246577110745849,0.8920245339229412,0.9246577110745849,0.9247688973204241
367,0.269435058216309,0.8973085468605725,0.84749240792493,0.8973085468605725,0.8975073747608876,0.3014934447250868,0.8802425986842105,0.8156712989082655,0.8802425986842105,0.8807448435527359,0.1946165476883939,0.9250965981945388,0.8940708645292946,0.9250965981945388,0.9251942564749251
368,0.2709703386545401,0.8971516476223453,0.8475084819873656,0.8971516476223453,0.8974413644688727,0.30310597074659246,0.8798314144736842,0.8196310856770295,0.8798314144736842,0.88041310512201,0.1961311045917565,0.9252342882713871,0.8947352803931599,0.9252342882713871,0.925357611511092
369,0.27099567771453276,0.8970001587026778,0.8462959715820808,0.8970001587026778,0.8972668053472568,0.3042743237395036,0.8780838815789473,0.8098301619599704,0.8780838815789473,0.8785914907933406,0.19669435383736936,0.9247265561130091,0.8924071383431507,0.9247265561130091,0.924797402935838
370,0.26992354709190675,0.8971786992151431,0.847769028732458,0.8971786992151431,0.8974589049454653,0.3017550722548836,0.8784950657894737,0.8136824215820591,0.8784950657894737,0.8790148992191174,0.19666928419817814,0.9248040067812363,0.8925882704227552,0.9248040067812363,0.9249162780174602
371,0.27049689956649187,0.8974762667359187,0.8477158454815024,0.8974762667359187,0.8976525726493463,0.30419230304266276,0.8787006578947368,0.8091977021862627,0.8787006578947368,0.8791599534601411,0.19720968639108502,0.9252945276800083,0.8940614964069341,0.9252945276800083,0.9253639822776326
372,0.2710687003252359,0.8971696820175439,0.8472716272856224,0.8971696820175439,0.8974356084649229,0.3037605371914412,0.8777754934210527,0.8141916216279282,0.8777754934210527,0.878318020657684,0.19556623002714912,0.9255526965740988,0.8933154969656122,0.9255526965740988,0.9256213973500275
373,0.27212377111337194,0.8972851021468145,0.8472189454262765,0.8972851021468145,0.897575107814525,0.3025113587316714,0.8791118421052632,0.8133768042161708,0.8791118421052632,0.8795766406679842,0.19735379796102492,0.9250191475263118,0.8923063109722363,0.9250191475263118,0.9251290069827132
374,0.26988777849867956,0.8974311807479224,0.8472945166711324,0.8974311807479224,0.8976820682729412,0.30169107176755605,0.8806537828947368,0.8198948327080877,0.8806537828947368,0.8810735425245282,0.19503196437819492,0.9252773164204022,0.8934504375674129,0.9252773164204022,0.9253279461249898
375,0.269083087409082,0.8977431757848569,0.8474438435419708,0.8977431757848569,0.8977307793529882,0.3002785240349017,0.8802425986842105,0.8132106578035748,0.8802425986842105,0.8805080408983775,0.19477393263472392,0.9254322177568566,0.8936091003550327,0.9254322177568566,0.9254181292665181
376,0.27089888676106655,0.8974185566712835,0.8476569094978496,0.8974185566712835,0.897782563806982,0.30430742784550313,0.8778782894736842,0.808141334389676,0.8778782894736842,0.8786064801544955,0.19791890543977225,0.9241327676566009,0.8889839723578655,0.9241327676566009,0.9242657021020485
377,0.27014595519197504,0.8975844731071099,0.8482832276197444,0.8975844731071099,0.8979619508783059,0.3032403666722147,0.8778782894736842,0.8090041277571698,0.8778782894736842,0.8785630447524222,0.19608770881660564,0.9253547670886294,0.8937002563672187,0.9253547670886294,0.9254775947086546
378,0.26911307609917823,0.8980858292936288,0.8484128115667772,0.8980858292936288,0.8982998303802688,0.301764914863988,0.8803453947368421,0.8162253357610556,0.8803453947368421,0.8808518291114991,0.1947254443310877,0.925690386650947,0.893098217525677,0.925690386650947,0.9257903479029391
379,0.2689516552872715,0.8982517457294552,0.8487896960059746,0.8982517457294552,0.8984259607875286,0.30078013084436717,0.87890625,0.8170165047238217,0.87890625,0.8793427215978372,0.1940260130800534,0.9258452879874014,0.8956554177024989,0.9258452879874014,0.9259270730790818
380,0.26947134368582554,0.8980154951523546,0.8470437248493584,0.8980154951523546,0.8981524184092498,0.30084890284036336,0.8793174342105263,0.8142226786015921,0.8793174342105263,0.8796751149457483,0.19413554405700947,0.926688639708097,0.8948809547580229,0.926688639708097,0.9267476934627601
381,0.2715319973912816,0.8974636426592798,0.8477552291053224,0.8974636426592798,0.8977561940258558,0.30293373136143936,0.8797286184210527,0.8180659102140344,0.8797286184210527,0.8802745895306433,0.19657871121165726,0.9251052038243419,0.8924072612404591,0.9251052038243419,0.9252157594996464
382,0.26924079659352784,0.89782793744229,0.847322713884198,0.89782793744229,0.8981218458918796,0.30205546397911875,0.8804481907894737,0.8161825002473792,0.8804481907894737,0.8810230603240645,0.19551981138468832,0.9247093448534031,0.8922920327438023,0.9247093448534031,0.9248400789085927
383,0.2685622734156122,0.8979054853416436,0.8468362471818819,0.8979054853416436,0.8980929937041887,0.2995080547897439,0.8792146381578947,0.8171481168468641,0.8792146381578947,0.879616746653123,0.194422522349218,0.9258797105066134,0.8924552156044425,0.9258797105066134,0.9259802765386074
384,0.2695834210704899,0.8981146843259464,0.8478645086096167,0.8981146843259464,0.8982169181179277,0.3008416828356291,0.8793174342105263,0.814463897805977,0.8793174342105263,0.8796589190704365,0.19376864136250185,0.9266025834100668,0.8948677706258427,0.9266025834100668,0.9266422525715643
385,0.26814059238959986,0.8982661732456141,0.8490142155831834,0.8982661732456141,0.8984078144052906,0.2988546443612952,0.8807565789473685,0.8201012667085068,0.8807565789473685,0.8812311170766968,0.1942636844030384,0.926662822818688,0.8958151159447179,0.926662822818688,0.9267432315261112
386,0.26824327689678934,0.8981363256001846,0.8479934848258193,0.8981363256001846,0.8983344733749611,0.3004142171458194,0.8798314144736842,0.8121564557766126,0.8798314144736842,0.8803166800557544,0.1940702275183552,0.926120668141098,0.8926387622340043,0.926120668141098,0.9261758828692608
387,0.2676284943095865,0.898742281278855,0.8476758078997825,0.898742281278855,0.8987525303181437,0.29964164997401993,0.8812705592105263,0.8187461723935224,0.8812705592105263,0.8814319095076295,0.1941897826992973,0.9257075979105531,0.8913883729647474,0.9257075979105531,0.9257519812432878
388,0.26931323087666725,0.8981850184672207,0.8479436458658511,0.8981850184672207,0.8983362386972377,0.30084361528095444,0.8803453947368421,0.8137267808276631,0.8803453947368421,0.8807648172710195,0.19696918095913335,0.924649105444782,0.8887377852895969,0.924649105444782,0.9246834672075639
389,0.2678591998109967,0.8975051217682364,0.8465353007372897,0.8975051217682364,0.8976558308234077,0.30172978106297943,0.8792146381578947,0.810328687834738,0.8792146381578947,0.8797410719697667,0.1947354662970079,0.925139626343554,0.8905253536955549,0.925139626343554,0.9251723228819029
390,0.2707315978361079,0.8978171168051708,0.8464322700095633,0.8978171168051708,0.8980644793706855,0.3031302235628429,0.8810649671052632,0.8129971528502267,0.8810649671052632,0.8814931558367685,0.196367547249929,0.925630147242326,0.8920183619574085,0.925630147242326,0.9257258216513238
391,0.2693873929377518,0.8978730234302862,0.8478869345901998,0.8978730234302862,0.8981561074792277,0.30252545915151896,0.8787006578947368,0.8085653189698275,0.8787006578947368,0.8792072115121419,0.19568400472059164,0.9257162035403561,0.8914121050144399,0.9257162035403561,0.9258138279539556
392,0.27039232396022767,0.897925323176362,0.8477529642506336,0.897925323176362,0.8982879323643561,0.3027025790590989,0.8795230263157895,0.8111791972702268,0.8795230263157895,0.8800486909349189,0.19647580219735136,0.9248556405600544,0.8899207871598966,0.9248556405600544,0.9249694615720006
393,0.268145106203118,0.8979397506925207,0.8477652934922146,0.8979397506925207,0.8983004261984256,0.30180577306370987,0.8775699013157895,0.8050964653055062,0.8775699013157895,0.878258803914982,0.19463638200272743,0.925630147242326,0.8909670437448768,0.925630147242326,0.925718829170226
394,0.26811397408624543,0.8979812298014774,0.8478525322975373,0.8979812298014774,0.8981803762769506,0.30016623280550303,0.8791118421052632,0.8131452044199377,0.8791118421052632,0.879537495674014,0.19422143465276276,0.925664569761538,0.8933449145673771,0.925664569761538,0.9257459440842186
395,0.2679342952378899,0.8984014312096029,0.8487442879042993,0.8984014312096029,0.8985461394061376,0.29989693196196304,0.8791118421052632,0.8122010746919825,0.8791118421052632,0.8794877055866582,0.19481118069905964,0.9258711048768105,0.8927263629417472,0.9258711048768105,0.9259423134119412
396,0.26721740672958194,0.898365362419206,0.8479107990380964,0.898365362419206,0.8986028556379969,0.2997221280085413,0.8799342105263158,0.817841066531832,0.8799342105263158,0.8804009478293795,0.19356346091093057,0.9257506260595681,0.8934358210624225,0.9257506260595681,0.9258390632336353
397,0.26834811061097863,0.8983292936288089,0.8477063961188362,0.8983292936288089,0.8984308228903133,0.3001984655857086,0.8821957236842105,0.8201104203810505,0.8821957236842105,0.8824661019080116,0.19434294065836658,0.9263358088861733,0.8937953154384944,0.9263358088861733,0.9263729933509965
398,0.26968445545638586,0.8983365073868883,0.8487824048346964,0.8983365073868883,0.8984801780213404,0.3011032578192259,0.8817845394736842,0.8112195118970175,0.8817845394736842,0.882132562396103,0.19571489527246155,0.92569899228075,0.892669192674723,0.92569899228075,0.9257524905207626
399,0.2664669954518092,0.8986719471375808,0.8485441685486241,0.8986719471375808,0.8988276836641002,0.2971328794956207,0.8809621710526315,0.8153009656432266,0.8809621710526315,0.881376017195182,0.19216413210945082,0.9264476820736126,0.8931419377889958,0.9264476820736126,0.9265040536667811
400,0.2671543967360605,0.898718836565097,0.8488862852735605,0.898718836565097,0.8989486622166832,0.2996254845669395,0.8812705592105263,0.8204088682533291,0.8812705592105263,0.8817578252364618,0.19334095714193877,0.9257592316893711,0.8918909188019242,0.9257592316893711,0.9258648857387549
401,0.26702305942856375,0.8986899815327793,0.8487554459698525,0.8986899815327793,0.8989914112919932,0.3002658580478869,0.8797286184210527,0.8118033875447235,0.8797286184210527,0.8803996704983165,0.19395030433696264,0.9262755694775522,0.892564749566011,0.9262755694775522,0.9263663658703105
402,0.26938894129635993,0.8987440847183749,0.8485843357787076,0.8987440847183749,0.8990487207471322,0.30247728918728073,0.8804481907894737,0.8169744347592947,0.8804481907894737,0.8810258468109884,0.19588899740224638,0.9257506260595681,0.8909682524788834,0.9257506260595681,0.9258975839176136
403,0.2687660258397501,0.8982264975761773,0.8485248613137181,0.8982264975761773,0.8984524655353805,0.3021464190985027,0.8793174342105263,0.815590170996494,0.8793174342105263,0.8797450067695785,0.19511832545391197,0.925174048862766,0.8912137055524285,0.925174048862766,0.925266419270033
404,0.2676196007379645,0.8984645515927978,0.8476554186293997,0.8984645515927978,0.898686230692204,0.3000644123867938,0.877672697368421,0.8083239465909611,0.877672697368421,0.8781838596855622,0.1937370866698156,0.9263960482947945,0.893198139127079,0.9263960482947945,0.9264492984620666
405,0.26561174187413655,0.8990687038319483,0.8491861582091149,0.8990687038319483,0.8992366579754637,0.29895332220353577,0.8774671052631579,0.812920811474087,0.8774671052631579,0.8778184936059982,0.1921563568347789,0.9262239356987341,0.894152937283489,0.9262239356987341,0.9262595171147503
406,0.26717401090201026,0.8987026056094183,0.8480144510609622,0.8987026056094183,0.8989618151430907,0.29918724925894485,0.8791118421052632,0.814487760821777,0.8791118421052632,0.8795702410750306,0.19255094199693826,0.9265079214822337,0.892514525019472,0.9265079214822337,0.9265989223774316
407,0.26734221662675905,0.8984032346491229,0.8485278207761546,0.8984032346491229,0.8986526827209966,0.299319022580197,0.8821957236842105,0.8187720913038813,0.8821957236842105,0.8826999201689718,0.19360804102852144,0.9260604287324767,0.8943808417774493,0.9260604287324767,0.9261547824038525
408,0.2679902093204655,0.8986899815327793,0.8495072206766977,0.8986899815327793,0.8991023889943177,0.3008432498103694,0.8797286184210527,0.8180784146421204,0.8797286184210527,0.8804626235118531,0.19389363614691926,0.9258194710979923,0.892004774464017,0.9258194710979923,0.9259952301990612
409,0.26773905788487234,0.8991751067636196,0.8498847560837719,0.8991751067636196,0.8993805974087202,0.29988812459142583,0.8805509868421053,0.8162549725725513,0.8805509868421053,0.8810498610097978,0.1940399191703425,0.9262583582179462,0.8939036413489125,0.9262583582179462,0.9263567941842898
410,0.2674998034785879,0.8992959372114496,0.8493850349840145,0.8992959372114496,0.8995309838712062,0.2995006959689291,0.8788034539473685,0.8078022560456414,0.8788034539473685,0.8793792574413972,0.1932582117095026,0.9268435410445514,0.8914750761060507,0.9268435410445514,0.9269814089189949
411,0.2662365523924568,0.8988504876500462,0.8496077085001384,0.8988504876500462,0.8992325734312726,0.2987420794210936,0.8790090460526315,0.8150451378626792,0.8790090460526315,0.8797521092479741,0.19249966873548274,0.9264390764438095,0.8927706274126449,0.9264390764438095,0.9265427461324898
412,0.26845721306067755,0.898816222299169,0.8494064977046479,0.898816222299169,0.8993038744904469,0.3009431064128876,0.8798314144736842,0.8172608115408024,0.8798314144736842,0.8806483140427768,0.19523121737025215,0.9254494290164625,0.8920782910984089,0.9254494290164625,0.925662909863919
413,0.26655521832014384,0.8989713180978762,0.8503114863156785,0.8989713180978762,0.8992614350261352,0.29984860514339645,0.8774671052631579,0.8115812664337622,0.8774671052631579,0.8780551754396783,0.19398690210371375,0.9262755694775522,0.8936354988359086,0.9262755694775522,0.9264110496091523
414,0.26672702912148344,0.8996674457525392,0.8505002334307834,0.8996674457525392,0.8997530860726792,0.29891924952205856,0.8800370065789473,0.8151000927105819,0.8800370065789473,0.8803032424448176,0.1923223488503372,0.9264304708140065,0.8934556691445091,0.9264304708140065,0.926477151807315
415,0.2672128749878893,0.8994600502077562,0.8498131727035085,0.8994600502077562,0.8997125130641243,0.29996650783639206,0.8792146381578947,0.8166558413458613,0.8792146381578947,0.8798236925532059,0.19394135109692143,0.9258538936172044,0.892428221157209,0.9258538936172044,0.9259661565641777
416,0.26479843399201075,0.8995772737765466,0.8492563513501109,0.8995772737765466,0.8997786051529444,0.2986118181755668,0.8791118421052632,0.817963699043763,0.8791118421052632,0.8795215870358839,0.19190270280671926,0.9265165271120367,0.8936835194045986,0.9265165271120367,0.9265747962498891
417,0.26758122612014484,0.8990091903277931,0.8499827938474483,0.8990091903277931,0.8992549952231886,0.301911893643831,0.8803453947368421,0.8151066011732752,0.8803453947368421,0.880881612020335,0.19365700831582272,0.9262755694775522,0.8946566815916184,0.9262755694775522,0.9263616639726873
418,0.26566471843288,0.8995321877885504,0.8494907386939815,0.8995321877885504,0.8996842717876032,0.29786715774159683,0.880859375,0.8203443866460931,0.880859375,0.8812178460986315,0.19281262521492826,0.9268177241551423,0.8953737395900475,0.9268177241551423,0.926897150829987
419,0.26572378402161356,0.8991192001385041,0.8487935807255805,0.8991192001385041,0.8995127739216107,0.2991986611956044,0.8811677631578947,0.818959033194213,0.8811677631578947,0.8819108877059962,0.19284579800601592,0.926120668141098,0.8910471222590128,0.926120668141098,0.9262464212937207
420,0.2652691964159822,0.899717942059095,0.8495078945228556,0.899717942059095,0.8998770937982405,0.29891892404932724,0.8794202302631579,0.8133691225677079,0.8794202302631579,0.8798302097318489,0.1917610246418099,0.9269468086021876,0.8945560271622969,0.9269468086021876,0.9270224916351968
421,0.26762814510231864,0.8991173966989843,0.848450560298228,0.8991173966989843,0.8993973528381455,0.30024743001711995,0.8790090460526315,0.8138473797814145,0.8790090460526315,0.8796668089931394,0.19399802460520837,0.9264046539245975,0.8930031627041018,0.9264046539245975,0.9264833999635835
422,0.2653283833053964,0.8995556325023084,0.8503404332599275,0.8995556325023084,0.899785266337274,0.29889556373420517,0.880139802631579,0.8144251132886732,0.880139802631579,0.8806498642502261,0.19132450131743475,0.9264132595544005,0.8949984520605705,0.9264132595544005,0.9265160484373832
423,0.26562782573072535,0.8999541926361958,0.8505647526773364,0.8999541926361958,0.90011279219474,0.2992413749820308,0.8794202302631579,0.8113598384334316,0.8794202302631579,0.8799099189792899,0.1927000293399574,0.9263013863669612,0.8931652271085946,0.9263013863669612,0.9263769718813898
424,0.26584836917680826,0.8998279518698061,0.8508081143818569,0.8998279518698061,0.9000138522409362,0.298288884131532,0.8805509868421053,0.8146876653134146,0.8805509868421053,0.880953653913374,0.1923069756435722,0.9269382029723845,0.8942353212020876,0.9269382029723845,0.9270075478077653
425,0.26449598377486233,0.9000028855032317,0.8505491903842277,0.9000028855032317,0.9001363386801284,0.2967632734461835,0.8828125,0.8204960059626607,0.8828125,0.8831848672859403,0.190062223874353,0.9270931043088388,0.8950034152158365,0.9270931043088388,0.9271636650648436
426,0.26503705990776794,0.8998712344182825,0.8504298303581337,0.8998712344182825,0.9000464145301259,0.2976221630447789,0.8805509868421053,0.8114789417093614,0.8805509868421053,0.8809488413604567,0.1924449874234403,0.9267058509677031,0.8951909331963216,0.9267058509677031,0.92675299847002
427,0.2673003247570133,0.8989839421745153,0.8485723048242668,0.8989839421745153,0.8993331151925328,0.2998371226222892,0.8793174342105263,0.8109489607070909,0.8793174342105263,0.8800125461134968,0.19413274917670922,0.9260948512516889,0.8911586507997026,0.9260948512516889,0.9262212227016406
428,0.2647822863755134,0.9003780009233611,0.8510410395723268,0.9003780009233611,0.9005824766824905,0.29665978409742055,0.8806537828947368,0.812977843424208,0.8806537828947368,0.881050061234591,0.19155450424240072,0.9273856957221415,0.8950799241216311,0.9273856957221415,0.9274913896802659
429,0.26734854962026644,0.8989893524930748,0.8491161418224463,0.8989893524930748,0.899298860716791,0.3007375872448871,0.8822985197368421,0.8174644465812712,0.8822985197368421,0.882961520570857,0.1936861840052901,0.9260604287324767,0.8908954418271627,0.9260604287324767,0.9261792448999872
430,0.26422833899656933,0.9000082958217913,0.850229543211846,0.9000082958217913,0.9002619862855981,0.2973061800003052,0.8806537828947368,0.8126352483949145,0.8806537828947368,0.8812710600299812,0.19132495768064395,0.9269554142319906,0.8935744543782228,0.9269554142319906,0.9270290146698943
431,0.2645131927998332,0.9003383252539243,0.8517310510184257,0.9003383252539243,0.9006033929153566,0.29732055805231394,0.8818873355263158,0.8167904424075572,0.8818873355263158,0.8825102739059844,0.19088448191607138,0.9273340619433234,0.8958676374007276,0.9273340619433234,0.9274400296237567
432,0.26629362710074816,0.8994005367036011,0.8501501214660445,0.8994005367036011,0.8997932351217636,0.30056493768566533,0.8802425986842105,0.8142805777143887,0.8802425986842105,0.8809430628330146,0.19329636294811522,0.9258969217662195,0.8910711332929129,0.9258969217662195,0.9260555280231354
433,0.26484185596197046,0.8993590575946445,0.850106546556421,0.8993590575946445,0.8997193345809967,0.29874316720586075,0.8799342105263158,0.8122933091036424,0.8799342105263158,0.8805843750931629,0.19160992836879476,0.9260518231026738,0.8911046916593907,0.9260518231026738,0.9262222366629929
434,0.26413514695559404,0.9003852146814404,0.8503142394816886,0.9003852146814404,0.9003878609700965,0.2965444569524966,0.882092927631579,0.8196401352393501,0.882092927631579,0.882219736398125,0.19091131703157635,0.9272221887558841,0.8936454209120004,0.9272221887558841,0.9272397789927385
435,0.266469179414426,0.9005042416897507,0.8515419558066766,0.9005042416897507,0.9006471225731477,0.2981856441811511,0.8818873355263158,0.8169862408537787,0.8818873355263158,0.8822636271961468,0.1926140808580215,0.9273943013519445,0.8962601513959605,0.9273943013519445,0.9274544037996572
436,0.2628807572584293,0.8999036963296398,0.8510266110899154,0.8999036963296398,0.9000339023108023,0.29573033671630056,0.8810649671052632,0.8196789935884493,0.8810649671052632,0.8814407922041806,0.1889000802531523,0.9277901603228832,0.8982739131034719,0.9277901603228832,0.9278366922928797
437,0.2668109130275987,0.8998946791320406,0.8505709879997625,0.8998946791320406,0.9000780104334086,0.29975233423082454,0.8818873355263158,0.8185694206091843,0.8818873355263158,0.8823408883728172,0.19350296949696638,0.9267919072657332,0.8943823114968585,0.9267919072657332,0.9268883705132275
438,0.2651432690142705,0.9001904432132964,0.8514993430113343,0.9001904432132964,0.9006610650315018,0.2999055377746883,0.8811677631578947,0.8202861876601483,0.8811677631578947,0.8819868325039169,0.19151333988289398,0.9274545407605655,0.8949454843673662,0.9274545407605655,0.9276210212867377
439,0.26556887833310405,0.9005168657663897,0.8499801949109627,0.9005168657663897,0.9008198027900862,0.29931074380874634,0.8826069078947368,0.8177472485491541,0.8826069078947368,0.8832341000882956,0.19235564003476227,0.9276008364672168,0.8938300118797916,0.9276008364672168,0.9277567605364645
440,0.266391482558497,0.899671052631579,0.8499847385410415,0.899671052631579,0.8999478245095031,0.300243721196526,0.8798314144736842,0.8100940223834375,0.8798314144736842,0.8803260658053388,0.1935923872594984,0.9266025834100668,0.8916304352066969,0.9266025834100668,0.9266749314643492
441,0.2650219315279444,0.9000281336565097,0.8506882886944839,0.9000281336565097,0.9002459413926054,0.29799827227466985,0.8809621710526315,0.8107443658875121,0.8809621710526315,0.881441797134274,0.19245436067456656,0.9268435410445514,0.8936316851918217,0.9268435410445514,0.926918072462136
442,0.2654267188474632,0.9004916176131117,0.8521852482464158,0.9004916176131117,0.9007394804198249,0.2974939354156193,0.8843544407894737,0.8212391023106539,0.8843544407894737,0.8848394621545367,0.19315052145932038,0.9267746960061272,0.8946864670904429,0.9267746960061272,0.9268965437173589
443,0.2629674983624496,0.9004230869113573,0.8513487597868492,0.9004230869113573,0.9006163054550622,0.2971344856839431,0.881578947368421,0.8154030585533081,0.881578947368421,0.8821684956196352,0.1902424643891443,0.9274459351307626,0.8960325795374516,0.9274459351307626,0.9275037078238629
444,0.26492234463231606,0.9000930574792244,0.851132323691503,0.9000930574792244,0.9005187667659238,0.2992417639807651,0.8798314144736842,0.817005516365944,0.8798314144736842,0.8806433161429384,0.1919958334849806,0.9274631463903685,0.895250661409334,0.9274631463903685,0.9276100966196765
445,0.26416708540002837,0.9007495094644506,0.8520726246660164,0.9007495094644506,0.9008739524293893,0.29843347401995407,0.8818873355263158,0.8166812503380572,0.8818873355263158,0.8822531864862575,0.19092372245658618,0.9276008364672168,0.8957554812564468,0.9276008364672168,0.9276589174387722
446,0.2648251460089468,0.9003635734072022,0.8517950893977143,0.9003635734072022,0.9005982262300439,0.30018271113696854,0.8799342105263158,0.8119952454028984,0.8799342105263158,0.8804973856194094,0.19252130083491176,0.9273168506837173,0.8965229223709554,0.9273168506837173,0.9274520447886668
447,0.26408805718107126,0.9003852146814404,0.8523010310978192,0.9003852146814404,0.9006716559503678,0.2983636401201549,0.8799342105263158,0.8090807702074514,0.8799342105263158,0.8805593927668225,0.19183317225948315,0.927144738087657,0.8942200693089059,0.927144738087657,0.9272698288249578
448,0.26288520586732794,0.9005330967220684,0.8512239400256204,0.9005330967220684,0.9007973600924073,0.298348226829579,0.8806537828947368,0.8127774488725523,0.8806537828947368,0.8812181000869511,0.19032945031366372,0.9272910337943082,0.8954471456734108,0.9272910337943082,0.9273782537723384
449,0.2648516713829912,0.9007314750692521,0.8518044865880149,0.9007314750692521,0.9009393668065853,0.30000416620781545,0.8792146381578947,0.8087769843326704,0.8792146381578947,0.8797708964376433,0.1912664826523216,0.9275233857989897,0.8950077504841848,0.9275233857989897,0.927595282838832
450,0.2642237686466973,0.900329308056325,0.8515694254256756,0.900329308056325,0.9005620838495465,0.2992722266598752,0.8805509868421053,0.8127221998003692,0.8805509868421053,0.8810772388976688,0.19149693512319918,0.9270586817896268,0.8945755486808976,0.9270586817896268,0.9271291407587746
451,0.26447536089798973,0.9005817895891043,0.8519958698966309,0.9005817895891043,0.900990912813911,0.29754580243637685,0.8816817434210527,0.818704193253886,0.8816817434210527,0.8823785120649319,0.19155251654113833,0.9272652169048992,0.8958467909974773,0.9272652169048992,0.9274012357729142
452,0.26340013265004336,0.9008036126500462,0.8515250711367512,0.9008036126500462,0.9008841658292664,0.2962491457399569,0.8839432565789473,0.8194349619982395,0.8839432565789473,0.8842178314063946,0.1902210937918028,0.9273254563135203,0.8959167933876383,0.9273254563135203,0.9273871228175373
453,0.26349097534339955,0.9009226396583564,0.852558883660081,0.9009226396583564,0.9010827493114453,0.2962447883267152,0.8834292763157895,0.8245069371804256,0.8834292763157895,0.8838628214479384,0.19103233563611519,0.9277213152844591,0.8964629243205853,0.9277213152844591,0.9278069971524187
454,0.26361350431721847,0.9002517601569714,0.8517796619351643,0.9002517601569714,0.9007748078319918,0.29762332298253713,0.8818873355263158,0.8160091547789895,0.8818873355263158,0.8827485425851272,0.18996393441711268,0.9270328649002177,0.8943672791619182,0.9270328649002177,0.9272360654163523
455,0.2627124028935657,0.9009370671745153,0.8525620877241052,0.9009370671745153,0.901134145148831,0.2945692201978282,0.8838404605263158,0.8206017431144137,0.8838404605263158,0.884143790236683,0.19036384229077216,0.9276180477268229,0.894801224552804,0.9276180477268229,0.9277262979648614
456,0.2637285614800695,0.9004014456371191,0.8515171664082472,0.9004014456371191,0.9007244578667043,0.29675205600889104,0.8826069078947368,0.8173832889201902,0.8826069078947368,0.8832750844433473,0.18977011538470137,0.927704104024853,0.895288398377201,0.927704104024853,0.9278297183115978
457,0.2642020198722075,0.9003780009233611,0.8516564661986502,0.9003780009233611,0.9007113314129915,0.29717864096164703,0.8827097039473685,0.8176366966286525,0.8827097039473685,0.8833168040441485,0.19106761677179426,0.9275319914287927,0.8931689520440292,0.9275319914287927,0.9276758380901077
458,0.2635449477207408,0.9011246248845799,0.8528807907814023,0.9011246248845799,0.9013101269904361,0.29505448200200735,0.8833264802631579,0.8195411752161667,0.8833264802631579,0.8836677907702881,0.18972194210476703,0.9280397235871707,0.896790962032823,0.9280397235871707,0.9281452728338664
459,0.26500249056219505,0.9004681728993537,0.849157523902549,0.9004681728993537,0.9005453187569277,0.2984696163942939,0.880859375,0.8140579539642568,0.880859375,0.8811181985671873,0.19138597851188754,0.927704104024853,0.8929520782290652,0.927704104024853,0.9277192799776107
460,0.2641299443176689,0.9006827822022161,0.8507820861536538,0.9006827822022161,0.9008449998730003,0.2976277799982774,0.8806537828947368,0.8166480187989708,0.8806537828947368,0.8810825968625042,0.19038223155203768,0.9282376530726402,0.8957931927696101,0.9282376530726402,0.9282859861625176
461,0.26480706089751543,0.9008811605493998,0.8531092326299754,0.9008811605493998,0.9011805637896928,0.2978457973191613,0.8828125,0.8134108684235907,0.8828125,0.8832988082360992,0.19289927253494643,0.9274975689095807,0.895720690513132,0.9274975689095807,0.927626862166591
462,0.2647567821781831,0.9009460843721145,0.8521636162664185,0.9009460843721145,0.9011470509715405,0.2972983898300874,0.8824013157894737,0.8180694269466636,0.8824013157894737,0.8828591284133517,0.19171732923409998,0.9276868927652471,0.8950082751923715,0.9276868927652471,0.9277749422134945
463,0.26489743202346844,0.9002373326408125,0.8506520195440446,0.9002373326408125,0.9006822018915545,0.29908297014863866,0.8819901315789473,0.8199311622350102,0.8819901315789473,0.8828816340557564,0.19182978496547268,0.9268779635637634,0.893252258351424,0.9268779635637634,0.9270390256766304
464,0.2649129132980125,0.9004735832179132,0.8511594703646296,0.9004735832179132,0.9009632728097826,0.2988054070033525,0.880139802631579,0.8123377737227319,0.880139802631579,0.8810553458670555,0.192686203800291,0.9267919072657332,0.891076133235298,0.9267919072657332,0.9270170838600514
465,0.26254896318758403,0.9012274209372114,0.8521587483291508,0.9012274209372114,0.9014388504260992,0.2950759577123742,0.8849712171052632,0.8254385992411697,0.8849712171052632,0.8854348472907165,0.1901198387930531,0.9282548643322461,0.8963170929082231,0.9282548643322461,0.9283156899421086
466,0.2632038898470219,0.9016981186518929,0.85262562503155,0.9016981186518929,0.9017641988414513,0.29633861937020956,0.8836348684210527,0.8161906185618232,0.8836348684210527,0.8839498404370298,0.19004629042852686,0.9289174978270784,0.8975645234247995,0.9289174978270784,0.9289460127784326
467,0.26072147531247425,0.901110197368421,0.8526097702471215,0.901110197368421,0.9014008250142047,0.29561354847330795,0.8821957236842105,0.8158369273430548,0.8821957236842105,0.8827475558486773,0.18757575733398435,0.9279708785487466,0.8968623634169453,0.9279708785487466,0.9280855534439622
468,0.26259342481279857,0.9009082121421976,0.851296860346765,0.9009082121421976,0.9011632790842867,0.2964788816477123,0.881578947368421,0.8125608427724824,0.881578947368421,0.8820992580998298,0.1892458077182204,0.9282806812216552,0.8956168555756326,0.9282806812216552,0.9283640882739354
469,0.26453791044150254,0.9005529345567868,0.8499315386521705,0.9005529345567868,0.9006236671289218,0.29720357530995417,0.882092927631579,0.8165169641135658,0.882092927631579,0.8824597209979671,0.191558019313519,0.927661075875838,0.8941300209645394,0.927661075875838,0.9277066606218977
470,0.26239648886499645,0.9003852146814404,0.8516412627263964,0.9003852146814404,0.9009007571209046,0.2968612242686121,0.882092927631579,0.8200737489432655,0.882092927631579,0.882877357090591,0.18861468803396028,0.9273598788327324,0.8956511829308574,0.9273598788327324,0.927524363322834
471,0.26470853824474583,0.900781971375808,0.8524647282498723,0.900781971375808,0.9011425372783934,0.2994567430333087,0.8806537828947368,0.8179721317993245,0.8806537828947368,0.8813466662682985,0.19163194687882723,0.9280311179573677,0.8953864920143738,0.9280311179573677,0.9281350643364261
472,0.2603022053163578,0.9009190327793167,0.8522168179199799,0.9009190327793167,0.9011554252426167,0.294505227553217,0.8821957236842105,0.8217792448027766,0.8821957236842105,0.8826881336182989,0.186943470580131,0.9279106391401255,0.8955005445814821,0.9279106391401255,0.9279855713522591
473,0.26501729443242783,0.9010182219529086,0.8525795761518327,0.9010182219529086,0.9013399360696328,0.29971685064466375,0.8806537828947368,0.8143634949694123,0.8806537828947368,0.881271600619487,0.19406281914055304,0.9270844986790359,0.8955430441733795,0.9270844986790359,0.9272380780916003
474,0.2626418564623413,0.9011138042474608,0.8531533341034178,0.9011138042474608,0.9014239986356573,0.296883383079579,0.8826069078947368,0.8185364715646569,0.8826069078947368,0.8832488523379805,0.18953101877654166,0.9277987659526863,0.895535965176138,0.9277987659526863,0.9278887107548084
475,0.26100805255955056,0.9013013619575254,0.852596188886712,0.9013013619575254,0.9015843797320495,0.2949616297295219,0.8828125,0.8212445970203187,0.8828125,0.8833700150502326,0.18849918478795716,0.9284613994475186,0.8951694355099115,0.9284613994475186,0.9285722812687163
476,0.26210885623595503,0.901647622345337,0.8529688199472913,0.901647622345337,0.9019777151450417,0.29719307077558416,0.882092927631579,0.8163746205129173,0.882092927631579,0.8827589866047815,0.18930239006504426,0.9281343855150039,0.8960006300273319,0.9281343855150039,0.9282590389461921
477,0.2614870458593659,0.9017071358494921,0.853639984428768,0.9017071358494921,0.9019880535442669,0.2959092251564327,0.8795230263157895,0.8117705940867018,0.8795230263157895,0.8800770991907608,0.18873793302647765,0.9277815546930802,0.8964838744900993,0.9277815546930802,0.9279077553362539
478,0.262854287347525,0.9014257992843951,0.8523278142184155,0.9014257992843951,0.9016514349541173,0.295776818143694,0.8834292763157895,0.8240296271396359,0.8834292763157895,0.8839547251699786,0.1912010111666222,0.9272480056452932,0.8940001601450743,0.9272480056452932,0.9273380720351359
479,0.2604597379020927,0.9015303987765466,0.8527746879071941,0.9015303987765466,0.9018074665695242,0.29606083584459203,0.8798314144736842,0.8152665690588068,0.8798314144736842,0.8803946875079327,0.18670493078718792,0.9286937514522,0.8951783559766093,0.9286937514522,0.9288016631888445
480,0.2616597480060651,0.9014564577562327,0.8529261298041592,0.9014564577562327,0.9016796368718903,0.295719018892238,0.8810649671052632,0.8137924242210046,0.8810649671052632,0.8815397502074638,0.18963356447990995,0.9282720755918522,0.8965646222741783,0.9282720755918522,0.928346036282915
481,0.26211281244609497,0.9017251702446907,0.8525066400022379,0.9017251702446907,0.9019301894368879,0.2958545567173707,0.8836348684210527,0.8162446126356858,0.8836348684210527,0.8841386593010568,0.19005827500495615,0.9284613994475186,0.8955070938372449,0.9284613994475186,0.9285632023757553
482,0.26035548343442705,0.9012851310018467,0.8518683762398573,0.9012851310018467,0.9014897917498623,0.2952371608269842,0.8818873355263158,0.8142246770104506,0.8818873355263158,0.8824205082349751,0.18676921946155986,0.9283925544090944,0.8957166261117305,0.9283925544090944,0.9284520933292654
483,0.26071763441778395,0.9014600646352724,0.8523854316788706,0.9014600646352724,0.9016043301064398,0.29496982928953674,0.8805509868421053,0.8157409965021615,0.8805509868421053,0.8809995593828885,0.1866848807600067,0.9284958219667306,0.8955707850468502,0.9284958219667306,0.9285391253956683
484,0.26144535542359976,0.9009983841181902,0.8518894778012654,0.9009983841181902,0.9010123836208113,0.29490901765070465,0.8807565789473685,0.820146018061237,0.8807565789473685,0.880983318067407,0.18829137239697422,0.928186019293822,0.8954199803650704,0.928186019293822,0.9281921270097326
485,0.2629345349850527,0.9014979368651893,0.852814417933537,0.9014979368651893,0.9016422354179716,0.29674771820244034,0.8806537828947368,0.8173144085574312,0.8806537828947368,0.8811300539540894,0.18948438556507935,0.9283495262600794,0.8961875313002219,0.9283495262600794,0.9284318879527688
486,0.26120470332141726,0.9018207525392429,0.8532004257130632,0.9018207525392429,0.9021649737616494,0.2948762876422782,0.8816817434210527,0.8129408230120415,0.8816817434210527,0.8822971367802761,0.18741123271111773,0.9288830753078664,0.8985290070530395,0.9288830753078664,0.9289964092628603
487,0.2644203721458782,0.9022607917820868,0.8531759546299049,0.9022607917820868,0.9025238033529778,0.29783513044056137,0.882092927631579,0.8189174782267347,0.882092927631579,0.8826291984870519,0.19092966536635889,0.928194624923625,0.8949245093450431,0.928194624923625,0.928291115221746
488,0.26035710504675835,0.9007729541782087,0.8515579288975468,0.9007729541782087,0.901398183939974,0.294886356905887,0.8805509868421053,0.8133902746025792,0.8805509868421053,0.8815158634286069,0.18668499569718464,0.9281085686255949,0.896942496309622,0.9281085686255949,0.9283290994911556
489,0.26275765238156057,0.9013951408125577,0.8530076235653239,0.9013951408125577,0.9017107367380017,0.2955477371027595,0.8802425986842105,0.8177085370806803,0.8802425986842105,0.8807928480001251,0.18946290089793386,0.9279536672891405,0.8953896207619357,0.9279536672891405,0.9280738908298406
490,0.26108878886710685,0.9019722414589104,0.8537861708525807,0.9019722414589104,0.9021801225720908,0.2938863815445649,0.8834292763157895,0.8177980511015701,0.8834292763157895,0.883848995090765,0.18942289500339898,0.928650723303185,0.8956822099386058,0.928650723303185,0.9287384075375626
491,0.2604212897553668,0.9013807132963989,0.8525922166379483,0.9013807132963989,0.9018073027668995,0.2943160424106999,0.880859375,0.8154992227273398,0.880859375,0.8815603882618133,0.1892631845779009,0.9280483292169738,0.8944192830687491,0.9280483292169738,0.9282131991239655
492,0.2600187750899561,0.9018748557248384,0.8529275828475156,0.9018748557248384,0.902133092378538,0.2935324123031215,0.8837376644736842,0.822183396311471,0.8837376644736842,0.8842526762636173,0.18641182709480708,0.9288572584184573,0.8969031388381212,0.9288572584184573,0.9289797268823271
493,0.25891473900358214,0.901831573176362,0.8531309357509108,0.901831573176362,0.9019866262990904,0.2922646999359131,0.8837376644736842,0.8160009029387959,0.8837376644736842,0.8840627680745969,0.18556700565564188,0.9294596525046686,0.8972094740917507,0.9294596525046686,0.929522004236512
494,0.26172957981447326,0.9024988457987073,0.8533858568835323,0.9024988457987073,0.9026645614881682,0.29503759192792994,0.882092927631579,0.812771648510826,0.882092927631579,0.882465405649225,0.18909395140045235,0.9289174978270784,0.8965316743655191,0.9289174978270784,0.9289957323883391
495,0.2597134916158264,0.9022625952216067,0.8532218812907498,0.9022625952216067,0.9023231124093112,0.2928475792470731,0.8856907894736842,0.8232604421482128,0.8856907894736842,0.8858795091564865,0.18731514322888315,0.9288744696780634,0.8962338942728806,0.9288744696780634,0.928911624129315
496,0.26138575763088184,0.902185047322253,0.8540651931260307,0.902185047322253,0.902548458386508,0.29634007654691996,0.8817845394736842,0.8195624771954643,0.8817845394736842,0.8824629777903946,0.18883514243068422,0.9286249064137759,0.8948963321132014,0.9286249064137759,0.9287844174167118
497,0.26143608281486913,0.9020299515235457,0.8530152809973762,0.9020299515235457,0.9021736565219762,0.29475089829219014,0.881578947368421,0.8180394017941669,0.881578947368421,0.8819062351718688,0.18907500517509065,0.9287539908608211,0.8952486524043236,0.9287539908608211,0.9288372088685005
498,0.2594852669720064,0.9024501529316713,0.8537319275363823,0.9024501529316713,0.9026236654335498,0.29320855673990753,0.8829152960526315,0.8225201309799113,0.8829152960526315,0.8834417204150555,0.18675171457728015,0.929192877980775,0.8954132219885601,0.929192877980775,0.9292732177032141
499,0.25970471049775046,0.9020696271929824,0.8536787883948487,0.9020696271929824,0.902326385594364,0.29352214540305893,0.8824013157894737,0.8182788214632676,0.8824013157894737,0.882938582745779,0.18791372541166018,0.9274803576499746,0.8937522327408128,0.9274803576499746,0.9275731420245287
500,0.2607101690323399,0.9017900940674054,0.8538124443547812,0.9017900940674054,0.9022044461237319,0.2936251053684636,0.8819901315789473,0.8155911577280924,0.8819901315789473,0.882707521411727,0.18873941124595559,0.9283323150004733,0.8972735904144576,0.9283323150004733,0.9284746401081091
