global_round,train_loss,train_accuracy,train_f1_macro,train_f1_micro,train_f1_weighted,dev_loss,dev_accuracy,dev_f1_macro,dev_f1_micro,dev_f1_weighted,test_loss,test_accuracy,test_f1_macro,test_f1_micro,test_f1_weighted
1,1.0577729665686821,0.5956662735849056,0.41837065353075087,0.5956662735849056,0.575112464594367,1.0611716822574013,0.594983552631579,0.41712830870911544,0.594983552631579,0.5754855016519924,1.1136167476344698,0.6077898160976911,0.20257544857326298,0.6077898160976911,0.5648935993144969
2,0.9623359335721985,0.6092065363881402,0.4351260104430996,0.6092065363881402,0.5885637774769232,0.9687327711205733,0.6069078947368421,0.4339683701019852,0.6069078947368421,0.5875569214912297,1.0180707780619083,0.6253022727468309,0.23549451640788277,0.6253022727468309,0.5900446166170902
3,0.9226594813107801,0.6147868935309974,0.44929088400624756,0.6147868935309974,0.5964481504120528,0.931599453875893,0.6128700657894737,0.44341197702675444,0.6128700657894737,0.5955105333198624,1.0098143193454696,0.6309045377485951,0.2534765539861085,0.6309045377485951,0.5997527411968122
4,0.9002409864950052,0.6181245788409704,0.4492723076606747,0.6181245788409704,0.5984824130391032,0.9082381380231757,0.6208881578947368,0.44508267579647204,0.6208881578947368,0.6018844001129889,1.0031163229375673,0.6352245639097097,0.2574472293581728,0.6352245639097097,0.6011599131492738
5,0.883410404152626,0.6207252358490566,0.4655595972387611,0.6207252358490566,0.6048661612135271,0.8927949133672213,0.619860197368421,0.4611040396356025,0.619860197368421,0.6048171837867828,1.012316266349598,0.6284949614037504,0.25191556490281775,0.6284949614037504,0.593660583854169
6,0.8707206405076697,0.6242313847708895,0.472770816500288,0.6242313847708895,0.6080807507823238,0.8813079187744542,0.6247944078947368,0.47298624780630505,0.6247944078947368,0.6098281258736978,1.0200861289476713,0.6252162164488008,0.24623666405340947,0.6252162164488008,0.5893963238979778
7,0.8606574083916904,0.6256738544474394,0.48417734420541036,0.6256738544474394,0.611510180958247,0.8716493562648171,0.6235608552631579,0.4813239769820883,0.6235608552631579,0.6105703686124222,1.0231308651521558,0.6220923728303056,0.24056691688572518,0.6220923728303056,0.585854784853777
8,0.8503403851606776,0.6297169811320755,0.49867477228328966,0.6297169811320755,0.617582002602185,0.862905646625318,0.6258223684210527,0.4809332449858513,0.6258223684210527,0.6134577956925088,1.0278131567703384,0.622307513575381,0.23913045503279182,0.622307513575381,0.5854181645013784
9,0.8418691927853299,0.6315595518867925,0.5062149975947268,0.6315595518867925,0.6207502934511313,0.8544700679026151,0.6233552631578947,0.4892487507616779,0.6233552631578947,0.6133899374119717,1.03174016701841,0.6208273452492621,0.23711854898124005,0.6208273452492621,0.5841044801803117
10,0.8342853347567535,0.6346024258760108,0.5103848130722192,0.6346024258760108,0.6228590055610401,0.8482032888814023,0.627672697368421,0.4930285619933832,0.627672697368421,0.6160758704261268,1.0433080784758677,0.6162233333046478,0.2351450968555134,0.6162233333046478,0.5793541623065285
11,0.8268508964150421,0.6386666105121294,0.5252873417699919,0.6386666105121294,0.6291620453392036,0.8408514355358324,0.6328125,0.510976751223423,0.6328125,0.6237852150978401,1.0441557378525501,0.6159307418913453,0.2325751823934547,0.6159307418913453,0.5799455270260618
12,0.8193994836023233,0.6420464117250674,0.5312294397930074,0.6420464117250674,0.6331397306911628,0.8339109201180307,0.63671875,0.5214275223207753,0.63671875,0.6287651160012234,1.0406471642555533,0.612247532335654,0.23662704800648252,0.612247532335654,0.5774330421460095
13,0.813137723911162,0.6451208726415094,0.5337224883844126,0.6451208726415094,0.6371991801331759,0.8289227956219724,0.6387746710526315,0.5176763315709196,0.6387746710526315,0.6313890299419647,1.0511979536235743,0.6079877455831605,0.2358308067532295,0.6079877455831605,0.575232602120502
14,0.8067762915978856,0.6482374494609164,0.53336699231443,0.6482374494609164,0.6398673459278037,0.8226964065903112,0.6422697368421053,0.5217376431278565,0.6422697368421053,0.6345383052145174,1.0512657802993333,0.6083577876646903,0.2369460107869044,0.6083577876646903,0.5758236268111437
15,0.7998103923553405,0.6521647574123989,0.5448144995856421,0.6521647574123989,0.6451547986284837,0.8170728087425232,0.6435032894736842,0.5247282814894392,0.6435032894736842,0.6368893280825748,1.0538067525027506,0.6063612815503903,0.23896865256111827,0.6063612815503903,0.5744855165129005
16,0.7930379566156639,0.6558498989218329,0.5584721353665623,0.6558498989218329,0.6505950687620607,0.8113381548931724,0.6478207236842105,0.5411099403365718,0.6478207236842105,0.6427489848267516,1.0643337185626611,0.5996230734146278,0.24063799105493283,0.5996230734146278,0.571794083073624
17,0.7867256864061896,0.6595245114555256,0.5577204122076554,0.6595245114555256,0.6532649317329347,0.8062474068842436,0.6515213815789473,0.5410002923683221,0.6515213815789473,0.6456995431815136,1.0526161161891774,0.6063354646609812,0.24079761268888616,0.6063354646609812,0.5744680475376697
18,0.779769274745026,0.6624936826145552,0.5655941706801358,0.6624936826145552,0.657083915267295,0.7998779102375633,0.6546052631578947,0.5516634664602943,0.6546052631578947,0.6496133350446922,1.0573297169855174,0.6064989716272385,0.24338414427426852,0.6064989716272385,0.5754751394608564
19,0.7739236783788532,0.6664104615902965,0.5746468000785111,0.6664104615902965,0.6618127594495353,0.7956590244644567,0.6556332236842105,0.5566789832488437,0.6556332236842105,0.6513900461951492,1.0642140791017987,0.6053974510124523,0.24545267463845635,0.6053974510124523,0.5753962064181761
20,0.7685158582067875,0.668842654986523,0.5773355185844933,0.668842654986523,0.6639077306349643,0.7910661697387695,0.6585115131578947,0.5563352824273419,0.6585115131578947,0.653837676001758,1.0682061346338663,0.615268108396513,0.24712910051933973,0.615268108396513,0.5810551766973776
21,0.762283896660869,0.6722013982479784,0.5759131532217363,0.6722013982479784,0.6668913092836066,0.7850292074052911,0.6622121710526315,0.5533677229961385,0.6622121710526315,0.6571027822596915,1.0625870529204366,0.6166364035351927,0.24528491434646169,0.6166364035351927,0.5807909302937119
22,0.7551127938890072,0.6754443227762803,0.5758678699071531,0.6754443227762803,0.6702554694513594,0.7786673527014883,0.6634457236842105,0.5546495574184845,0.6634457236842105,0.6583684373062519,1.0757951345480492,0.6154057984733613,0.2437904497904456,0.6154057984733613,0.5790371022330745
23,0.7479731740977243,0.6790347035040432,0.5824433857566321,0.6790347035040432,0.6740372449397802,0.772710499010588,0.6655016447368421,0.5493791364721702,0.6655016447368421,0.6602481347350732,1.0621681349850527,0.6173936989578582,0.24071579915732227,0.6173936989578582,0.5802697934786638
24,0.7412411533597345,0.682582968328841,0.5930998625008229,0.682582968328841,0.6783548884013939,0.7658283490883676,0.6673519736842105,0.5572755532018571,0.6673519736842105,0.6629100867859798,1.067151185214716,0.6206982608022168,0.23958037457982692,0.6206982608022168,0.5832798837429632
25,0.7334965867494958,0.6863839285714286,0.5986101833543331,0.6863839285714286,0.681943758023789,0.7581029502969039,0.6735197368421053,0.5725893060946236,0.6735197368421053,0.6692139456784744,1.0562400791465174,0.6236844143438638,0.23676139390650033,0.6236844143438638,0.5840836080562208
26,0.7264957848906196,0.6892056940700808,0.6029295094231689,0.6892056940700808,0.6849264099888465,0.752604669646213,0.677014802631579,0.5772051473256059,0.677014802631579,0.6727512986334663,1.0575624366726293,0.6238909494591361,0.2318084875549796,0.6238909494591361,0.5831505412750912
27,0.7190876771818917,0.6924696765498652,0.610032371709367,0.6924696765498652,0.6886698850785176,0.7450844331791526,0.682360197368421,0.5797679372344328,0.682360197368421,0.6786612640435515,1.0575427309019858,0.6220063165322754,0.23371020946409962,0.6220063165322754,0.5819541484043755
28,0.7108947030617542,0.6967760276280324,0.6106585156156683,0.6967760276280324,0.692757395805934,0.7382613326373854,0.684827302631579,0.57395551147996,0.684827302631579,0.6802921824704913,1.0534571957348347,0.62278942884435,0.2287977660284033,0.62278942884435,0.5818096415982442
29,0.7018755369109285,0.7008928571428571,0.6205365573854484,0.7008928571428571,0.6971632005467464,0.728969953562084,0.69140625,0.5853407262227542,0.69140625,0.6872412552718145,1.070710813853605,0.6208617677684741,0.23014617902490406,0.6208617677684741,0.5796991811287907
30,0.6940174640992259,0.7021563342318059,0.6175828927287416,0.7021563342318059,0.69828158420006,0.721186775910227,0.6905838815789473,0.5835923164417728,0.6905838815789473,0.6862785552013388,1.056803170457364,0.6209736409559133,0.22508608079818257,0.6209736409559133,0.5791768572315774
31,0.6858721998823942,0.7051676212938005,0.6241714683345803,0.7051676212938005,0.7014413210007007,0.7130296198945296,0.6961348684210527,0.5935525047324572,0.6961348684210527,0.6919966179775071,1.0689537582625779,0.62133507740764,0.22525023181174947,0.62133507740764,0.5798369131726859
32,0.6782913620902522,0.7100214791105122,0.6339717214297004,0.7100214791105122,0.706673964228946,0.7061308873327155,0.6996299342105263,0.6011321958294412,0.6996299342105263,0.6959634490099355,1.0636421423350748,0.6209822465857163,0.22268738051824735,0.6209822465857163,0.5783837585947192
33,0.6717638567772837,0.7124642014824798,0.6323546111091655,0.7124642014824798,0.7087830514202217,0.7010690130685505,0.7027138157894737,0.5979234188100432,0.7027138157894737,0.6985604946241414,1.0627396510389957,0.6234950904881974,0.22256453783583616,0.6234950904881974,0.5808678981422896
34,0.6670705791753578,0.7141593665768194,0.6372906180296786,0.7141593665768194,0.7104111571317726,0.6953590731871756,0.7078536184210527,0.6142406989825441,0.7078536184210527,0.7040381004347477,1.0731640654176593,0.6240888789446055,0.2207983121428862,0.6240888789446055,0.5809920268025162
35,0.6600274509496766,0.7179708557951483,0.6427595166480058,0.7179708557951483,0.7145803189043352,0.6904218322352359,0.7072368421052632,0.6152784389822988,0.7072368421052632,0.7038042625005488,1.057348473079664,0.6235036961180004,0.2215055410622508,0.6235036961180004,0.5804634206867149
36,0.6554309046172068,0.719845013477089,0.6463923272693716,0.719845013477089,0.716784381175305,0.6865133486296001,0.7068256578947368,0.6180850760240559,0.7068256578947368,0.7036413388064575,1.0711897454967538,0.6231766821854857,0.22190586650485114,0.6231766821854857,0.5805249452681025
37,0.6520210382430701,0.7206557446091644,0.6438810755381602,0.7206557446091644,0.7170411145911825,0.6828965576071488,0.7099095394736842,0.6122847316850987,0.7099095394736842,0.7059121741211097,1.0702071314062058,0.6220751615706995,0.21963624205364982,0.6220751615706995,0.5787296252871452
38,0.6475025927924082,0.7227299528301887,0.6418841861534356,0.7227299528301887,0.7188980539099824,0.6785325847173992,0.7072368421052632,0.6048621770008706,0.7072368421052632,0.7027553808000313,1.0930411275183685,0.62079292273005,0.219731921274878,0.62079292273005,0.5776406378566471
39,0.6434645278434548,0.7242145384097035,0.6497567638636462,0.7242145384097035,0.7207733148636873,0.6753019470917551,0.7090871710526315,0.6168302112253773,0.7090871710526315,0.7053875501698696,1.0865025213476427,0.6249580475547103,0.21983837852154825,0.6249580475547103,0.5817150022364144
40,0.6382755531133667,0.7262887466307277,0.64842347091943,0.7262887466307277,0.722584722491721,0.6702086078493219,0.7119654605263158,0.6151593014747027,0.7119654605263158,0.7078085822691446,1.0808737354370974,0.6241319070936207,0.21635233945837748,0.6241319070936207,0.5801129464005162
41,0.6348250877825077,0.7283103099730458,0.6522992789968448,0.7283103099730458,0.7247239536208235,0.6689605493294565,0.7152549342105263,0.6180353310964881,0.7152549342105263,0.7114165353811405,1.0839762973952412,0.6234520623391823,0.21637232485351807,0.6234520623391823,0.5795629920738815
42,0.6301772342216615,0.73046875,0.6585887126592305,0.73046875,0.7272354925955337,0.6646178396124589,0.7154605263157895,0.6270688911462313,0.7154605263157895,0.7122944309104312,1.096628618467279,0.6257669767561939,0.21661716750645152,0.6257669767561939,0.5818544277609895
43,0.6276457491268045,0.731479531671159,0.6580308483913975,0.731479531671159,0.7279961706866396,0.6628959649487546,0.7154605263157895,0.6257610543049001,0.7154605263157895,0.7118215693060669,1.088513085247394,0.625310878376634,0.21624792548844235,0.625310878376634,0.5812020455612275
44,0.6229174484139826,0.7334695080862533,0.6588675926933556,0.7334695080862533,0.730071732257136,0.6584798034868742,0.7183388157894737,0.6253125837442803,0.7183388157894737,0.7148313328742228,1.1098955092587648,0.6265156665490564,0.21625614640251103,0.6265156665490564,0.5823074090017538
45,0.6194169942259468,0.7347013982479784,0.6625106037616065,0.7347013982479784,0.7314755247351604,0.6537699573918393,0.7201891447368421,0.6282552628028971,0.7201891447368421,0.7166635483284146,1.1037042943766315,0.6262402863953599,0.21587570370136944,0.6262402863953599,0.5824433488815597
46,0.6164705317939388,0.7365123820754716,0.666364703755726,0.7365123820754716,0.7334489814170909,0.6525617586938959,0.719983552631579,0.6292667878158962,0.719983552631579,0.7165877632825302,1.1096664369349938,0.6255346247515124,0.21425070409234648,0.6255346247515124,0.5810248391787287
47,0.6122265096623299,0.7376389824797843,0.6684974950311646,0.7376389824797843,0.7347111453548968,0.6495032843790556,0.7220394736842105,0.6370631276847561,0.7220394736842105,0.7189879460002071,1.1198137303204523,0.6226087106184867,0.21309532231390055,0.6226087106184867,0.5776728637141681
48,0.6098551477062092,0.7388182277628033,0.6645087635355645,0.7388182277628033,0.7352972648516548,0.6468558719283656,0.7218338815789473,0.6316190688679367,0.7218338815789473,0.7181798109595017,1.1096799424581723,0.6229271189211982,0.2138995736989305,0.6229271189211982,0.5785047504036799
49,0.606096774580665,0.7408924359838275,0.6724043043717634,0.7408924359838275,0.7381951663766905,0.6445188271371942,0.7216282894736842,0.6319322191732789,0.7216282894736842,0.7185126526059404,1.1115423095276247,0.624295414059878,0.21550137265670424,0.624295414059878,0.5796564624710976
50,0.603007423909848,0.7426191880053908,0.673622462067777,0.7426191880053908,0.739618452098275,0.6420391703906813,0.7228618421052632,0.6326286240682558,0.7228618421052632,0.7196015648341064,1.1035841930091377,0.6248805968864831,0.21426432105005683,0.6248805968864831,0.5798925371445538
51,0.6008592329095959,0.7426613039083558,0.6752615778810033,0.7426613039083558,0.739927933685466,0.6391730716353968,0.7243009868421053,0.6353553989957084,0.7243009868421053,0.7213151848813822,1.1000283580074082,0.6237532593822879,0.212752022417474,0.6237532593822879,0.578547076407511
52,0.5981762700003755,0.7448302729110512,0.6760304569574795,0.7448302729110512,0.7418363212595985,0.6372261517926266,0.7255345394736842,0.6399484878722544,0.7255345394736842,0.7223107635804586,1.1105754891552955,0.6248633856268772,0.2120217440532248,0.6248633856268772,0.579362390736687
53,0.5952703563190214,0.7462727425876011,0.6782492908228376,0.7462727425876011,0.7433861295764074,0.6345194891879433,0.7249177631578947,0.638631361478768,0.7249177631578947,0.7217215877417605,1.1027702307008238,0.6244589210261353,0.21273929411085216,0.6244589210261353,0.5792240373734467
54,0.5923372701493235,0.7471571765498652,0.6784848602487308,0.7471571765498652,0.7443986616767331,0.6308834144943639,0.7275904605263158,0.6392190692461108,0.7275904605263158,0.7243319335134645,1.1126342337653647,0.6208359508790651,0.21112364296988434,0.6208359508790651,0.5752533723115437
55,0.5896136204830077,0.7485048854447439,0.6811326517477074,0.7485048854447439,0.7456303961654297,0.6300198059332999,0.7267680921052632,0.640731021347652,0.7267680921052632,0.7235923360971664,1.1427906052645216,0.6196139514470367,0.21052382907586129,0.6196139514470367,0.5740777831991662
56,0.5875964629039611,0.7490945080862533,0.6820388466897326,0.7490945080862533,0.7461561585234948,0.6284163186424657,0.7284128289473685,0.6414669601268213,0.7284128289473685,0.7250091083358254,1.124333504342902,0.6229271189211982,0.20977803898285938,0.6229271189211982,0.5767288361483416
57,0.5851452038133883,0.750831789083558,0.6851707774988667,0.750831789083558,0.7483638903889944,0.6253944854987296,0.7294407894736842,0.6523960493961145,0.7294407894736842,0.7267534155408063,1.1136217541107145,0.6238651325697271,0.21108587241606283,0.6238651325697271,0.5778146354456681
58,0.5824262488563106,0.7509160208894878,0.6873655342177324,0.7509160208894878,0.7484199037286345,0.6234103723576194,0.731702302631579,0.6448141883851316,0.731702302631579,0.7284133558316833,1.1127784780787824,0.6240716676849996,0.2095564136253796,0.6240716676849996,0.5777284123993962
59,0.5811782548369745,0.7520320923180593,0.6864174066709953,0.7520320923180593,0.7491698905797544,0.62416284335287,0.7286184210526315,0.6455318339863766,0.7286184210526315,0.7254058458560886,1.1331307325351012,0.6217137251189728,0.20934487175802724,0.6217137251189728,0.5757232424152307
60,0.5766940315296708,0.7540536556603774,0.6891646485718116,0.7540536556603774,0.7512455851109753,0.6179865598678589,0.7288240131578947,0.6404618396224466,0.7288240131578947,0.7255391121092533,1.1358815741510482,0.6244417097665292,0.20877005202341437,0.6244417097665292,0.577939784473835
61,0.5756093208198598,0.7542221192722371,0.6897209827402176,0.7542221192722371,0.7515001332294492,0.618413391866182,0.7335526315789473,0.6548404108460442,0.7335526315789473,0.7305367278301405,1.1322590643276904,0.6209134015472922,0.20814327026819526,0.6209134015472922,0.5739472063584609
62,0.5734281310977319,0.7551276111859838,0.6899615362327349,0.7551276111859838,0.7524279973733293,0.616519548391041,0.7345805921052632,0.6502020659209719,0.7345805921052632,0.731442826957527,1.124616836056689,0.6221612178687297,0.2079786408719819,0.6221612178687297,0.5750605896717743
63,0.5703251790807575,0.7565069070080862,0.6931769687931014,0.7565069070080862,0.7538481811245094,0.6148385060460944,0.7333470394736842,0.6485166446602245,0.7333470394736842,0.7302722946587017,1.142350408319637,0.6196569795960517,0.20776775802422343,0.6196569795960517,0.5726920279802926
64,0.5685772890189909,0.7570017688679245,0.69619716694651,0.7570017688679245,0.754540559618767,0.6129666504107023,0.7335526315789473,0.6510030952455174,0.7335526315789473,0.7307912503912043,1.1412435839588846,0.6227636119549409,0.2077633693610554,0.6227636119549409,0.5754321148114746
65,0.5663063885227367,0.7590549191374663,0.6952243258992281,0.7590549191374663,0.7562619283787038,0.6117092716066461,0.7333470394736842,0.6505168913030938,0.7333470394736842,0.7301006751202707,1.1365483585969922,0.6184607970534324,0.20694173299652374,0.6184607970534324,0.5712239518195306
66,0.5633327055652186,0.7594234332884097,0.6970821659600704,0.7594234332884097,0.7565074444597233,0.6086006791968095,0.7351973684210527,0.656140002583227,0.7351973684210527,0.7319146602546547,1.1621931092000046,0.6190804023992496,0.20718804427322648,0.6190804023992496,0.571474565418223
67,0.5610698181181905,0.7608132580862533,0.7004539481769702,0.7608132580862533,0.7584502390553385,0.6073530473207173,0.7378700657894737,0.6584965781888827,0.7378700657894737,0.7351449170853278,1.1449664039024936,0.6193213600337341,0.20320643084907417,0.6193213600337341,0.5710647000232578
68,0.5596995777839598,0.762287314690027,0.7007384826076744,0.762287314690027,0.75964119054137,0.6064307470070688,0.7378700657894737,0.6568327783995415,0.7378700657894737,0.7348317846710607,1.1274323991896877,0.6204831200571413,0.20378518860217562,0.6204831200571413,0.5724015339857292
69,0.5588498820834404,0.7619188005390836,0.7005603176699561,0.7619188005390836,0.7593015840545246,0.6069179459622032,0.7372532894736842,0.6579642283618751,0.7372532894736842,0.7344669569531473,1.138358578508943,0.6211715704413827,0.20464553524153967,0.6211715704413827,0.5733821556214747
70,0.5565602587400421,0.7627190026954178,0.6995006545909507,0.7627190026954178,0.7600149666629548,0.6040477250751696,0.7372532894736842,0.6555103256353314,0.7372532894736842,0.734203692310307,1.155969318217735,0.6204486975379293,0.20341503751800688,0.6204486975379293,0.5723079726224631
71,0.5541104111228028,0.7644668126684636,0.705012230821476,0.7644668126684636,0.7620830618327404,0.6004730651253148,0.7393092105263158,0.6658791109476834,0.7393092105263158,0.7368494504333949,1.1295424509863825,0.6210855141433526,0.20138529092600285,0.6210855141433526,0.5722367354568904
72,0.5509359132086813,0.7653828335579514,0.706167103316608,0.7653828335579514,0.7627376891781191,0.59865823544954,0.7386924342105263,0.6643181081549987,0.7386924342105263,0.7357560316186854,1.1661146019577808,0.6173678820684492,0.20167712769970905,0.6173678820684492,0.5682487827111435
73,0.5492645644274041,0.7664883760107817,0.7065100609224021,0.7664883760107817,0.7639599231273,0.5971186568862513,0.7417763157894737,0.6634511031465511,0.7417763157894737,0.7387094509420734,1.1699757923410248,0.6184005576448113,0.2001764950716443,0.6184005576448113,0.5692795126141628
74,0.547029105238516,0.7672991071428571,0.7058452236305089,0.7672991071428571,0.7646073440535737,0.5949802618277701,0.7440378289473685,0.6637068396158453,0.7440378289473685,0.7409745705223063,1.165972756499084,0.6196397683364457,0.20177541569670004,0.6196397683364457,0.5706955865221429
75,0.5453687678128882,0.7682572439353099,0.7082345400736576,0.7682572439353099,0.7657106463968575,0.5945175478332921,0.740953947368421,0.6600518016331394,0.740953947368421,0.7379636471091586,1.1644913197439815,0.618262867567963,0.20097133433767828,0.618262867567963,0.5691669900859433
76,0.544049062015554,0.7680256064690026,0.7099972362942977,0.7680256064690026,0.7656041492840574,0.5927391773776004,0.7413651315789473,0.6683136335249057,0.7413651315789473,0.7386657868125036,1.171531161695641,0.6189168954329922,0.20068359720360704,0.6189168954329922,0.5699543003705061
77,0.5414424676779467,0.7692996125336927,0.7126752850195253,0.7692996125336927,0.7670012687820998,0.5910028156481291,0.7432154605263158,0.6701550687998845,0.7432154605263158,0.740541299896034,1.1809884795867398,0.6217739645275939,0.20152687971545374,0.6217739645275939,0.572998814320671
78,0.5394960139800274,0.770015582884097,0.714804828638402,0.770015582884097,0.7676735882987563,0.5893135917814154,0.7432154605263158,0.6671974104781481,0.7432154605263158,0.7404058416884566,1.1758746133146467,0.6209564296963074,0.20032518195452606,0.6209564296963074,0.5716114563955734
79,0.5390384217317535,0.7708789588948787,0.7160774801371137,0.7708789588948787,0.7686856003872061,0.5887907461116189,0.7444490131578947,0.6707559739454768,0.7444490131578947,0.7419538742986428,1.1587104048395371,0.6231594709258798,0.2006002795832045,0.6231594709258798,0.5738136240416996
80,0.5350523418332689,0.7727004716981132,0.7173456214793578,0.7727004716981132,0.7705517478748488,0.5860311765419809,0.7483552631578947,0.6726294326891106,0.7483552631578947,0.7457873234623857,1.167926054502998,0.62133507740764,0.19913659546700616,0.62133507740764,0.5718451665967187
81,0.5319564259759179,0.7739007749326146,0.7180981926414557,0.7739007749326146,0.7718589919484383,0.5832760177160564,0.7491776315789473,0.6737331219920754,0.7491776315789473,0.746802474295537,1.1974686435330462,0.6221009784601086,0.19968076057231757,0.6221009784601086,0.572456414140242
82,0.5290441334729568,0.7759749831536388,0.7205555998893696,0.7759749831536388,0.7738429504735663,0.58033287525177,0.7504111842105263,0.6749900711201413,0.7504111842105263,0.7480002639899166,1.1882234370678817,0.620302401831278,0.2004877773962828,0.620302401831278,0.5711306599710875
83,0.5279199656129204,0.7758275774932615,0.720056773926237,0.7758275774932615,0.7735170826658716,0.5785484564931769,0.7537006578947368,0.6788429694165117,0.7537006578947368,0.7511733387370649,1.1819974194356517,0.6204228806485202,0.19896582351290912,0.6204228806485202,0.5707545415114588
84,0.5268698978938182,0.7766172506738545,0.7223217142651583,0.7766172506738545,0.7745888197141546,0.5805939592813191,0.7508223684210527,0.6780941760276972,0.7508223684210527,0.7483378629601182,1.1844496418643695,0.6195537120384156,0.19932851124168188,0.6195537120384156,0.5702997471892411
85,0.5236966731252696,0.7784071765498652,0.722087674843236,0.7784071765498652,0.7759631280375126,0.5763553914270902,0.7502055921052632,0.6757217304391829,0.7502055921052632,0.7474800440052837,1.1865205776978374,0.6209994578453224,0.19847260668303737,0.6209994578453224,0.5713001013021703
86,0.5206217830071873,0.7792179076819407,0.724323350971115,0.7792179076819407,0.7772097981217799,0.5747638532989904,0.7524671052631579,0.6818394788349623,0.7524671052631579,0.750108265234278,1.1924347140373082,0.6202593736822629,0.19788922518153554,0.6202593736822629,0.5703160772134004
87,0.5204591363106134,0.7786704009433962,0.7250015711024889,0.7786704009433962,0.776463188161226,0.5740163294892562,0.752672697368421,0.6857665895600281,0.752672697368421,0.75041108371823,1.2080900768371439,0.6215330068931094,0.19823051718989965,0.6215330068931094,0.5717060014879184
88,0.5189552060516697,0.7795232479784366,0.7248453791116065,0.7795232479784366,0.7772108235475872,0.573265834858543,0.7518503289473685,0.6840378756415806,0.7518503289473685,0.7495563424695516,1.2188578055073036,0.6198463034517181,0.1981504139897033,0.6198463034517181,0.5699055069249206
89,0.5177243383264927,0.7798285882749326,0.7236171623741223,0.7798285882749326,0.7775947532223957,0.5737046944467645,0.75,0.6802089106739758,0.75,0.7475832320314653,1.2088740030598937,0.6207068664320198,0.19876180496742085,0.6207068664320198,0.5709115149455827
90,0.5146226587321238,0.7822713106469003,0.7294040716903636,0.7822713106469003,0.7801823498826113,0.5693990776413366,0.7578125,0.6913220716267573,0.7578125,0.7556700081201296,1.1950064138269576,0.6240802733148025,0.20047468153026166,0.6240802733148025,0.574670431350738
91,0.5142977639349966,0.7816816880053908,0.7284998082480343,0.7816816880053908,0.7795114401323653,0.5696332799760919,0.7549342105263158,0.6840892409521133,0.7549342105263158,0.7525889885302753,1.2136668906119894,0.6260251456502844,0.1991540852677773,0.6260251456502844,0.5761115363966519
92,0.512464904319244,0.7833768530997305,0.7313162244967019,0.7833768530997305,0.7813826225610734,0.5670178689454731,0.756578947368421,0.6873354795750158,0.756578947368421,0.7544144748990114,1.2064348359488077,0.6234262454497732,0.1992977210025162,0.6234262454497732,0.5737378037403696
93,0.509789006086694,0.784019120619946,0.7336462084669098,0.784019120619946,0.7821318028831242,0.5666745273690474,0.7559621710526315,0.6850521796343941,0.7559621710526315,0.7537556343968295,1.1858461362973372,0.6239511888677572,0.2000617133158311,0.6239511888677572,0.5743600494080657
94,0.5078036130438597,0.7848403807277629,0.7329414546707989,0.7848403807277629,0.78281283417177,0.5644824567594027,0.7582236842105263,0.6933614929977187,0.7582236842105263,0.755984966380475,1.2164746455452422,0.6211027254029586,0.19919086033678,0.6211027254029586,0.5714170564350347
95,0.5079103475311053,0.7848403807277629,0.7322208806833466,0.7848403807277629,0.7827271217960798,0.5640414859119215,0.7594572368421053,0.696118153051879,0.7594572368421053,0.7572644962735139,1.2070529429935937,0.6214297393354733,0.20028612075946367,0.6214297393354733,0.5720050279748518
96,0.505189021000001,0.7858511623989218,0.7348031980563668,0.7858511623989218,0.7839645144627138,0.5635788221108285,0.7578125,0.6943630341241891,0.7578125,0.7559696409058608,1.2036178296676554,0.6261886526165418,0.20074701472803155,0.6261886526165418,0.576570386845336
97,0.5036636537940034,0.7869040599730458,0.7385219570350428,0.7869040599730458,0.7850738214619842,0.5608126803448326,0.7569901315789473,0.6928606371366215,0.7569901315789473,0.7549606498753704,1.2153447521767675,0.6266963847749197,0.20099167857669759,0.6266963847749197,0.577063119245681
98,0.5017416142228479,0.7870619946091644,0.7371898590723249,0.7870619946091644,0.7851971549779521,0.5598050748047075,0.756578947368421,0.6923349501848433,0.756578947368421,0.7544706483615296,1.2106410204955418,0.6255862585303306,0.2014298881757727,0.6255862585303306,0.5763327039173254
99,0.5005999869413453,0.7885571091644205,0.7376821438636746,0.7885571091644205,0.7865084736305168,0.5587670724642905,0.7606907894736842,0.6930171213618544,0.7606907894736842,0.7584643471633604,1.207083298859567,0.6236672030842577,0.19996746313084388,0.6236672030842577,0.5740659363487358
100,0.500104047779767,0.7882412398921833,0.737907454342246,0.7882412398921833,0.7864297618769794,0.5608045270568446,0.7569901315789473,0.6911503534396973,0.7569901315789473,0.7548797202519714,1.2034176318398018,0.6249752588143164,0.2004357941636828,0.6249752588143164,0.5755002511306802
101,0.4973025884268419,0.789894289083558,0.7395895561062201,0.789894289083558,0.7880357952411753,0.556923226306313,0.7600740131578947,0.6954979850433423,0.7600740131578947,0.7580623234868817,1.2137599754672854,0.6239511888677572,0.20035167307998866,0.6239511888677572,0.5744352472420897
102,0.49634731161305207,0.7894310141509434,0.7375206653229187,0.7894310141509434,0.7875153018381766,0.5559084478177523,0.7559621710526315,0.6911804642736726,0.7559621710526315,0.7539075063004452,1.2209352273322973,0.6259563006118603,0.20060380552849358,0.6259563006118603,0.5764448173986672
103,0.49590380477776747,0.7901891004043127,0.7420838646214533,0.7901891004043127,0.788423340242425,0.5569027144657938,0.7578125,0.6926348055986191,0.7578125,0.755707033067427,1.2336008014288549,0.6247343011798319,0.19975150249707466,0.6247343011798319,0.5749252383673946
104,0.4935427973212579,0.7914104615902965,0.7403057851337559,0.7914104615902965,0.7894440361077659,0.5540403033557691,0.7606907894736842,0.6936239455568559,0.7606907894736842,0.7583553185484144,1.2153558964557085,0.625276455857422,0.20036937007082797,0.625276455857422,0.5755218171635897
105,0.4934620414622068,0.7919369103773585,0.7410849932425531,0.7919369103773585,0.7899811335118734,0.5531190476919475,0.762952302631579,0.6934701524612426,0.762952302631579,0.7607877442009415,1.2117765023045775,0.6250354982229375,0.19968730151510575,0.6250354982229375,0.5750427231027592
106,0.49078069751796055,0.7929055761455526,0.744040541797826,0.7929055761455526,0.7910937191548082,0.5510659186463607,0.7608963815789473,0.6978138529391696,0.7608963815789473,0.758973077696322,1.2224501451145138,0.6228840907721832,0.19940803711052105,0.6228840907721832,0.5731695959260472
107,0.48899199827662054,0.7941479952830188,0.7463222341605258,0.7941479952830188,0.7925369257140058,0.5492580344802455,0.7633634868421053,0.7034536479040189,0.7633634868421053,0.761659569725951,1.233453748458074,0.621825598306412,0.19886848172694013,0.621825598306412,0.57199111627843
108,0.4887316221336149,0.7936531334231806,0.745709981136482,0.7936531334231806,0.7918768269090244,0.5518462171680049,0.7586348684210527,0.6949145762724047,0.7586348684210527,0.7567467186429445,1.2470819060950575,0.62278942884435,0.1984601497574716,0.62278942884435,0.5728176015452847
109,0.48724819426587973,0.7942532850404312,0.7462985490782519,0.7942532850404312,0.7926356366940973,0.550966098120338,0.7584292763157895,0.6950730409801632,0.7584292763157895,0.756485678073962,1.2605185597076038,0.6225312599502595,0.198595433155169,0.6225312599502595,0.5726819619999234
110,0.4862983355303659,0.7948218497304582,0.747455187081432,0.7948218497304582,0.7931273279842842,0.5490234698119917,0.762952302631579,0.7029536939329548,0.762952302631579,0.7611224055217707,1.2563590015647803,0.6232885553729249,0.19933724929077504,0.6232885553729249,0.5735397586153984
111,0.48523695939634687,0.7949692553908356,0.7473323401889251,0.7949692553908356,0.7931096969520891,0.547593289300015,0.7611019736842105,0.7022309849442896,0.7611019736842105,0.7592456001265117,1.2665495125940445,0.620810133989656,0.19839125836574203,0.620810133989656,0.5707320675875044
112,0.4833169430895957,0.7968960579514824,0.7510015566071522,0.7968960579514824,0.7951844256196572,0.5475038964497415,0.7641858552631579,0.7054580262600696,0.7641858552631579,0.7623856081840583,1.2614496742689183,0.6204917256869444,0.1982625578756852,0.6204917256869444,0.570449801817645
113,0.48225709089050395,0.7962853773584906,0.7490086428327142,0.7962853773584906,0.7946794173744586,0.5423108135399065,0.762952302631579,0.6972015789710406,0.762952302631579,0.7610841597341914,1.248254544409569,0.6256981317177698,0.2006830311299117,0.6256981317177698,0.575972997637824
114,0.48157727292605806,0.7968960579514824,0.7491157758422268,0.7968960579514824,0.7953584710073944,0.5450465318403745,0.764391447368421,0.7031158009184783,0.764391447368421,0.7626036180655206,1.265338986625526,0.6229959639596224,0.19910199978369758,0.6229959639596224,0.5732743074464822
115,0.4801824691321329,0.7978541947439353,0.7516354275638478,0.7978541947439353,0.7962205842287224,0.5445930753883562,0.764391447368421,0.7020659793524665,0.764391447368421,0.7624866603140387,1.253079887378335,0.6245363716943625,0.19903054406853668,0.6245363716943625,0.574387994110055
116,0.4790820086580724,0.7986438679245284,0.7525831621450061,0.7986438679245284,0.7969459991687918,0.5433072087011839,0.7641858552631579,0.7072177980468001,0.7641858552631579,0.7621544218980313,1.2706269088042206,0.6241835408724388,0.1998447154806938,0.6241835408724388,0.5744176730878822
117,0.47771104029568057,0.7998547001347709,0.7528116483916387,0.7998547001347709,0.7982539178224375,0.542405975492377,0.7658305921052632,0.7045116458540662,0.7658305921052632,0.7640537102712881,1.2643485023038896,0.6232885553729249,0.1990280047591528,0.6232885553729249,0.5729292106289294
118,0.4765000927319745,0.800033692722372,0.7555599166521717,0.800033692722372,0.7984704343667638,0.5405735451924173,0.7670641447368421,0.7082172652413965,0.7670641447368421,0.7652793081294458,1.268770822760343,0.6215502181527155,0.199461476889728,0.6215502181527155,0.5713650548792943
119,0.4750596896175426,0.8003916778975741,0.7544217465593209,0.8003916778975741,0.7986918472027138,0.5402096462877173,0.7652138157894737,0.7010399630586415,0.7652138157894737,0.7630946494426288,1.275996767156232,0.6245793998433775,0.1997397398933351,0.6245793998433775,0.5745731298688136
120,0.47353628984680074,0.800433793800539,0.756280551612745,0.800433793800539,0.7989327300675394,0.5384510159492493,0.7658305921052632,0.7065223473381396,0.7658305921052632,0.7641200602548303,1.2805176621469136,0.6248719912566801,0.19911502309706772,0.6248719912566801,0.5747672801879481
121,0.4733742959897794,0.8009391846361186,0.754140816344109,0.8009391846361186,0.7991929042090944,0.5394384280631417,0.7654194078947368,0.7052322830085528,0.7654194078947368,0.763526911538447,1.2669639340936831,0.6223677529840022,0.19835354281061424,0.6223677529840022,0.5717118850816068
122,0.4724407937488145,0.8008549528301887,0.7548066803712175,0.8008549528301887,0.7991827267332029,0.5373096544491617,0.7703536184210527,0.7154519089244022,0.7703536184210527,0.7684877359915592,1.2621575951905537,0.6236327805650457,0.19893217528406373,0.6236327805650457,0.5732545023130247
123,0.47119994047838404,0.8022974225067385,0.7563697021285306,0.8022974225067385,0.8005965409154127,0.5371288280738028,0.7699424342105263,0.7117963194520989,0.7699424342105263,0.7680626787140344,1.2626444906703918,0.6245191604347564,0.2004743573575586,0.6245191604347564,0.5746803985735447
124,0.4699141257053437,0.8027922843665768,0.7564363158429374,0.8027922843665768,0.8011993224088738,0.5366802388115933,0.7666529605263158,0.7045780335570193,0.7666529605263158,0.7648214497078315,1.2501459786837832,0.6252076108189978,0.20056567496266048,0.6252076108189978,0.5754644716489634
125,0.4693737698372484,0.8023500673854448,0.7560678106291981,0.8023500673854448,0.800705697394162,0.5364932998230583,0.7687088815789473,0.7069870238356065,0.7687088815789473,0.7669876036119954,1.2766517532730142,0.6231594709258798,0.19885565402016228,0.6231594709258798,0.5728743065401255
126,0.467189112361872,0.8050033692722371,0.7597456253572833,0.8050033692722371,0.8033964503812886,0.5336359566763827,0.772203947368421,0.7158008222454377,0.772203947368421,0.7705681733315656,1.2559618500527856,0.6207585002108379,0.19886621768103027,0.6207585002108379,0.5701876373673807
127,0.4659871660634835,0.8039820586253369,0.7590186459959988,0.8039820586253369,0.8024368422719579,0.5338348761985177,0.768297697368421,0.7095347821629251,0.768297697368421,0.7663662759109694,1.2737712473784915,0.6237876819014999,0.19858612847088633,0.6237876819014999,0.5733792387744062
128,0.46395395001311185,0.8048454346361186,0.7608369311950284,0.8048454346361186,0.8033142835553847,0.5326114438082042,0.76953125,0.7116962168382001,0.76953125,0.7678486435141277,1.250103037912306,0.6237446537524849,0.19941150776081126,0.6237446537524849,0.5734372922309536
129,0.4642013882530346,0.805824629380054,0.762801159691617,0.805824629380054,0.8044562547555871,0.5326979536759225,0.7699424342105263,0.7045911855015538,0.7699424342105263,0.7683107859556912,1.2456119520742612,0.6245191604347564,0.2003554338742079,0.6245191604347564,0.5745422412834023
130,0.46352369974886953,0.8058667452830188,0.7614738485463325,0.8058667452830188,0.8042104560595871,0.5329978481719368,0.7689144736842105,0.7072704475409661,0.7689144736842105,0.7670563680799528,1.2789151999422763,0.6224107811330172,0.19945045287478633,0.6224107811330172,0.5720606980845777
131,0.46331109664832165,0.8046664420485176,0.7617928807903619,0.8046664420485176,0.80322618958194,0.5335594901913091,0.7697368421052632,0.7090402939085586,0.7697368421052632,0.7681762216482831,1.2907007790979919,0.6248805968864831,0.20167479480214467,0.6248805968864831,0.5754389907462554
132,0.4615705766767826,0.8062247304582211,0.7636942564533526,0.8062247304582211,0.8047795294808978,0.5347209588477486,0.7728207236842105,0.7165454083165538,0.7728207236842105,0.7711220350354103,1.2665428316367582,0.6240974845744086,0.20146323835871566,0.6240974845744086,0.5742058593062749
133,0.45986607823410447,0.8072249831536388,0.7642124252927969,0.8072249831536388,0.8057917866959359,0.530395485852894,0.7709703947368421,0.715298013444669,0.7709703947368421,0.769491145152346,1.2643472848524884,0.6253883290448612,0.20127127484006688,0.6253883290448612,0.575569648395544
134,0.4589473961819857,0.8066669474393531,0.7634835837862116,0.8066669474393531,0.80514392704225,0.5310089007804268,0.7719983552631579,0.711957902804457,0.7719983552631579,0.7703438882972669,1.272197148451572,0.624828963107665,0.2008654841792225,0.624828963107665,0.5750501994914378
135,0.45792001975835817,0.807277628032345,0.7640641522441248,0.807277628032345,0.8057020529228777,0.5283280752207103,0.7728207236842105,0.7127877315679011,0.7728207236842105,0.7709361916281496,1.2832648599285161,0.6237532593822879,0.2003082391953433,0.6237532593822879,0.5737057599259566
136,0.45638845864974587,0.8086042789757413,0.765277332718879,0.8086042789757413,0.8070018775110689,0.5263956016615817,0.7719983552631579,0.7128429992975788,0.7719983552631579,0.7700860622253625,1.299056910110663,0.624286808430075,0.20012254001150923,0.624286808430075,0.5736632233536205
137,0.4557933500513555,0.8088359164420486,0.7674400731409203,0.8088359164420486,0.8072743763209507,0.526997530146649,0.7724095394736842,0.7136938032631568,0.7724095394736842,0.7706162000178756,1.2813660457362135,0.6243556534684991,0.19855462704526583,0.6243556534684991,0.5730651781908386
138,0.4562541848887009,0.809204430592992,0.7670476328827177,0.809204430592992,0.8076095042546163,0.5279831070648996,0.772203947368421,0.7095615673157152,0.772203947368421,0.7701688999700839,1.2805446231307653,0.6240286395359844,0.19825997915034338,0.6240286395359844,0.5727025276142869
139,0.4534877067145633,0.8099414588948787,0.7687096658241124,0.8099414588948787,0.8084823807624452,0.5250503750223863,0.7736430921052632,0.7105131306218703,0.7736430921052632,0.771747876228499,1.2841605767704505,0.6245880054731806,0.19945563093120006,0.6245880054731806,0.5735590655578043
140,0.4529078830927209,0.8104573787061995,0.7673393604462155,0.8104573787061995,0.8088167036838132,0.5255555275239443,0.7748766447368421,0.7108433020079559,0.7748766447368421,0.7728750292345402,1.2930627348857913,0.6223849642436081,0.19942091747750973,0.6223849642436081,0.5713550942391513
141,0.4523028765887906,0.8110154144204852,0.769261710066567,0.8110154144204852,0.8097674448275505,0.5247914963646939,0.7726151315789473,0.7094222573929362,0.7726151315789473,0.771148653885193,1.2782459813537004,0.6250699207421495,0.2002142682208393,0.6250699207421495,0.5744550107891021
142,0.45098052175861164,0.8115734501347709,0.7685752770827595,0.8115734501347709,0.8100261921742793,0.5228716229137621,0.7750822368421053,0.7128891231197938,0.7750822368421053,0.7732873356751814,1.2891667381731866,0.6230562033682435,0.19879571651195097,0.6230562033682435,0.5719790863230174
143,0.4501704418594946,0.8119209063342318,0.7701450737968187,0.8119209063342318,0.8105690385208137,0.521268450900128,0.7781661184210527,0.7149484814481966,0.7781661184210527,0.7765543201856651,1.3017599102492674,0.6245277660645594,0.19905201707944362,0.6245277660645594,0.5736157610775672
144,0.44899722283098575,0.8109838274932615,0.7689854242442278,0.8109838274932615,0.8095735859252711,0.5232923768068615,0.774671052631579,0.7107170853103391,0.774671052631579,0.7728707557106301,1.301942460779247,0.6251731882997857,0.19848900689066865,0.6251731882997857,0.5742145916322592
145,0.44941021546199317,0.8125947607816711,0.7718793197475586,0.8125947607816711,0.8112029736873826,0.5221074082349476,0.7752878289473685,0.7144532438980181,0.7752878289473685,0.7736337958394345,1.289330676943942,0.6230648089980465,0.19835805940259782,0.6230648089980465,0.5721144972058875
146,0.4473241793338179,0.812847456199461,0.7702995752544984,0.812847456199461,0.8112283654259909,0.5206046339712644,0.7738486842105263,0.7123105396123026,0.7738486842105263,0.7720403845537022,1.318541527944435,0.6243126253194841,0.19809600192738006,0.6243126253194841,0.5735194956918069
147,0.44696369325375623,0.8137318901617251,0.7710880378794526,0.8137318901617251,0.8123913579565094,0.5212935538668382,0.7752878289473685,0.7111677903881463,0.7752878289473685,0.773705304901136,1.3083699076015427,0.6260165400204813,0.19961464620880656,0.6260165400204813,0.575286155470615
148,0.44474315490684097,0.8147532008086253,0.7725236212483814,0.8147532008086253,0.8135021184447653,0.5176040216496116,0.7759046052631579,0.7153564056955354,0.7759046052631579,0.7744012296943752,1.2973093846018195,0.6233229778921371,0.1984473619474682,0.6233229778921371,0.57195546638943
149,0.443709515577378,0.8146163241239892,0.7714395496387453,0.8146163241239892,0.8132881795909758,0.515561613597368,0.7765213815789473,0.7137757628808575,0.7765213815789473,0.7749834279404002,1.3088601524076486,0.6254743853428913,0.19994951421471066,0.6254743853428913,0.574809132290913
150,0.4423243795443738,0.8156797506738545,0.7740874422593178,0.8156797506738545,0.8142839635463982,0.5149216118611788,0.7752878289473685,0.7200146728498542,0.7752878289473685,0.7737990423291479,1.3114051532219295,0.6242782028002719,0.19944938991784947,0.6242782028002719,0.5731750037202282
151,0.44168226047346215,0.8159008591644205,0.7747411510955668,0.8159008591644205,0.81456746974749,0.5168660973247728,0.7769325657894737,0.7146734518941944,0.7769325657894737,0.7753679481295377,1.3069930225853095,0.6290629329707494,0.20083397527842642,0.6290629329707494,0.5784340144726665
152,0.4405628741590803,0.8159535040431267,0.7741070944528448,0.8159535040431267,0.8145924054466491,0.5139970089259901,0.7789884868421053,0.7174478325502003,0.7789884868421053,0.777321205522702,1.297684391338936,0.6259993287608754,0.19923120012408685,0.6259993287608754,0.5747769121324865
153,0.43784937551722053,0.8180066543126685,0.7761463907570281,0.8180066543126685,0.8167098941250107,0.5133829854036632,0.7767269736842105,0.7114704502776809,0.7767269736842105,0.7750401331125285,1.3114469954722583,0.6278925673175392,0.20073053118292858,0.6278925673175392,0.5771005501615148
154,0.438817131149801,0.816890582884097,0.7751171350928107,0.816890582884097,0.8155913124303279,0.5129367411136627,0.7793996710526315,0.7156682187639669,0.7793996710526315,0.7776574366715073,1.3104867029777683,0.6276430040532517,0.20004307728295326,0.6276430040532517,0.5768852680119757
155,0.4397076407693467,0.8166378874663073,0.7735478958649598,0.8166378874663073,0.8151659989871781,0.5130847567006162,0.7783717105263158,0.716647266480415,0.7783717105263158,0.7764394991081925,1.3103289409363847,0.6266361453662986,0.19974363009325785,0.6266361453662986,0.5753533942882197
156,0.4378859888350546,0.8172906839622641,0.775002066097948,0.8172906839622641,0.8157883443219718,0.513153054212269,0.7802220394736842,0.7209883455120117,0.7802220394736842,0.7782942197723168,1.3260267019265695,0.6282109756202507,0.20048181675595508,0.6282109756202507,0.5775923186605473
157,0.43745854697780145,0.8184909871967655,0.7756649437145227,0.8184909871967655,0.8169961199504912,0.512954991114767,0.7791940789473685,0.7193235020214818,0.7791940789473685,0.7773004132551211,1.3088562218269673,0.6261714413569357,0.19913881684174853,0.6261714413569357,0.5750890073453341
158,0.43502713992910563,0.8191121967654986,0.7783737092515325,0.8191121967654986,0.8178593961969827,0.5116709533490633,0.7771381578947368,0.7168127522810916,0.7771381578947368,0.7754573489915694,1.2970424681230244,0.6280216517645844,0.20037276968040324,0.6280216517645844,0.5772555562791468
159,0.4331060200527993,0.8198808119946092,0.779329686465417,0.8198808119946092,0.8185562462030761,0.5119370676969227,0.7806332236842105,0.7240576389959397,0.7806332236842105,0.7791135897502329,1.308238840341767,0.6264037933616172,0.20023120300460318,0.6264037933616172,0.5752793129986872
160,0.4320383487204014,0.8202493261455526,0.7813030022533901,0.8202493261455526,0.8191445736031853,0.5092773500241732,0.7802220394736842,0.7188606119904445,0.7802220394736842,0.7788044688542033,1.3172369297125874,0.6248375687374681,0.19785802252075085,0.6248375687374681,0.5730603667060225
161,0.43174267835372865,0.8210705862533693,0.7793173776663851,0.8210705862533693,0.8197006111284344,0.5079068494470496,0.7798108552631579,0.7249216786786935,0.7798108552631579,0.7780974078387431,1.3071209252627993,0.6258530330542241,0.19930315884147828,0.6258530330542241,0.5746302659094894
162,0.43186256819658203,0.8212179919137467,0.7805659986181884,0.8212179919137467,0.8200036659447308,0.508310394851785,0.7816611842105263,0.719563813201618,0.7816611842105263,0.780112641245612,1.3069311123395404,0.6246138223625896,0.1987960963793706,0.6246138223625896,0.5733907446121015
163,0.4297722124185845,0.8208178908355795,0.7785891160511517,0.8208178908355795,0.8193546424682753,0.5056117678943434,0.7855674342105263,0.7281106420084568,0.7855674342105263,0.7839663516465595,1.287928068051973,0.626334948323193,0.19897442164009999,0.626334948323193,0.5750160184027363
164,0.42798537594288827,0.8229342149595688,0.783706084873991,0.8229342149595688,0.8218061241420069,0.505073440702338,0.7843338815789473,0.7287341883629191,0.7843338815789473,0.7829153731448066,1.3093301351440354,0.6250096813335284,0.19756247364753315,0.6250096813335284,0.5731259730619626
165,0.4303690129213256,0.8204072607816711,0.7789982867979087,0.8204072607816711,0.8189277689237224,0.5063660348716535,0.7816611842105263,0.725260179578288,0.7816611842105263,0.7800045773860641,1.33133756241189,0.6261370188377237,0.19861271485999604,0.6261370188377237,0.5744022485668536
166,0.4287072368709225,0.8231342654986523,0.783241918435243,0.8231342654986523,0.8217362564606866,0.5051661776868921,0.7818667763157895,0.7276650342527147,0.7818667763157895,0.7802335533892837,1.3128000711209422,0.6267135960345258,0.1995572140578298,0.6267135960345258,0.5752805960062894
167,0.4254928126007399,0.8240186994609164,0.7824512104435088,0.8240186994609164,0.8227343774299123,0.5035137047893122,0.7822779605263158,0.7244375067814381,0.7822779605263158,0.7808254033898532,1.315338453020564,0.6266189341066926,0.19941319231052518,0.6266189341066926,0.5753268961011839
168,0.42645799358578707,0.8244188005390836,0.7828918491100268,0.8244188005390836,0.8231208610708621,0.5033738017082214,0.782483552631579,0.7185411203336883,0.782483552631579,0.7807962255797164,1.3178435902886334,0.626799652332556,0.1990821878047107,0.626799652332556,0.5749933059122759
169,0.4256930788250946,0.8236712432614556,0.7837928011303473,0.8236712432614556,0.822341884984617,0.5057725090729562,0.7791940789473685,0.722323041850186,0.7791940789473685,0.7776874519639807,1.333301126540949,0.6261714413569357,0.19978163255469372,0.6261714413569357,0.5749801385847334
170,0.4249592441111562,0.8245135613207547,0.7845654096810531,0.8245135613207547,0.8232374361977235,0.5018383092001865,0.7849506578947368,0.7303682221084224,0.7849506578947368,0.7835444810924762,1.3542703844428439,0.6278409335387211,0.19887328104572718,0.6278409335387211,0.5761216673124709
171,0.42388563938539303,0.8264719508086253,0.7885152326893872,0.8264719508086253,0.8254161786273918,0.5028398633003235,0.7857730263157895,0.7319270934462629,0.7857730263157895,0.7845277323284476,1.3451968110959898,0.627315990120737,0.1991745427432094,0.627315990120737,0.5758714464073421
172,0.42239627539308244,0.8264824797843666,0.7873611953937266,0.8264824797843666,0.8252754977039087,0.4983196917333101,0.7874177631578947,0.7338970155194717,0.7874177631578947,0.7861333477860181,1.3362135095091503,0.626334948323193,0.19890232580072345,0.626334948323193,0.575232476346199
173,0.4214787855141889,0.8257770384097035,0.7862940542297334,0.8257770384097035,0.8245463724045697,0.4984698044626336,0.7820723684210527,0.7281322387264325,0.7820723684210527,0.7804377873530235,1.351223475363532,0.6279097785771451,0.19977556287182446,0.6279097785771451,0.5765319348435022
174,0.42117935386950756,0.827335326819407,0.7885851235210292,0.827335326819407,0.8261868444699897,0.4973871143240678,0.7868009868421053,0.7301875592342375,0.7868009868421053,0.7853772100972434,1.3520184679400604,0.6259649062416633,0.19834794060106983,0.6259649062416633,0.5738080072732843
175,0.4205332497220155,0.8272300370619946,0.7882379060654341,0.8272300370619946,0.8259769359633102,0.4987725709614001,0.7868009868421053,0.7324310275580267,0.7868009868421053,0.7853401730136723,1.3650132530227141,0.62686849737098,0.19924046558939806,0.62686849737098,0.5751272699407035
176,0.420901876013234,0.8268615229110512,0.788946397726615,0.8268615229110512,0.8257604193083976,0.4980802143874921,0.78515625,0.7281163096930076,0.78515625,0.7837764883480528,1.3772939872525445,0.627823722279115,0.19980433180749949,0.627823722279115,0.5762685565389991
177,0.41972968134918626,0.8271879211590296,0.7895830651253338,0.8271879211590296,0.8260959789705872,0.4979227326418224,0.7837171052631579,0.7238567784494917,0.7837171052631579,0.782300290704179,1.378174905255712,0.6256378923091487,0.19887565133601334,0.6256378923091487,0.5742547696917688
178,0.41769266554287504,0.8274511455525606,0.789025580748515,0.8274511455525606,0.8263600698477465,0.4975826599095997,0.7874177631578947,0.7297982818830497,0.7874177631578947,0.7860729960037062,1.3990440981928296,0.6294587919416883,0.2003763855219788,0.6294587919416883,0.578724789068546
179,0.4163621775705538,0.8287251516172507,0.7905445343759903,0.8287251516172507,0.8276621212901641,0.4958286348142122,0.7868009868421053,0.7285831575242183,0.7868009868421053,0.7855110634956182,1.3644958333314692,0.6310250165658373,0.20134823107969926,0.6310250165658373,0.5803002676375824
180,0.41753082358933524,0.828651448787062,0.7898001117588261,0.828651448787062,0.8274766813486224,0.49613512503473384,0.786389802631579,0.7278680889195265,0.786389802631579,0.7849626528166264,1.3564449300573374,0.6303709887008081,0.20124319492339968,0.6303709887008081,0.579358176604776
181,0.4151701243579227,0.8292094845013477,0.78991057827598,0.8292094845013477,0.8280097051606523,0.4959707918920015,0.7876233552631579,0.7349938236824153,0.7876233552631579,0.7864716182451397,1.365263862802645,0.626300525803981,0.19908913757453942,0.626300525803981,0.5749708142000873
182,0.4136771076130417,0.829220013477089,0.7886204628220896,0.829220013477089,0.8279652532417294,0.494306195723383,0.7880345394736842,0.7284330470230314,0.7880345394736842,0.7865046310966144,1.3629685187977258,0.6234606679689854,0.19745108232530786,0.6234606679689854,0.5718484295166789
183,0.41323546073186107,0.8299886287061995,0.7913371878121797,0.8299886287061995,0.8287730944124638,0.4950813949108124,0.7880345394736842,0.7319999034307397,0.7880345394736842,0.7863671159047797,1.3803848498155014,0.6254657797130883,0.19773069506899502,0.6254657797130883,0.5734089520242756
184,0.41300619427727236,0.8289462601078167,0.7903985520440557,0.8289462601078167,0.8277189200371837,0.4965061670855472,0.7870065789473685,0.7334074283664406,0.7870065789473685,0.7855240375833398,1.3743863916386425,0.6272213281929038,0.1987710216309639,0.6272213281929038,0.5760279348923797
185,0.41123259316557503,0.831546917115903,0.7935851367050785,0.831546917115903,0.8303934317895968,0.49515838685788605,0.7894736842105263,0.7380337030286178,0.7894736842105263,0.7882104167585928,1.3727481701699809,0.6242093577618478,0.19742768892495635,0.6242093577618478,0.5724734575389441
186,0.41296752467952325,0.8297885781671159,0.7903920370444526,0.8297885781671159,0.8284261625438668,0.49444256017082616,0.7907072368421053,0.732985246487343,0.7907072368421053,0.7891509647918935,1.38404660307887,0.625835821794618,0.1980334681073537,0.625835821794618,0.5745663076593365
187,0.41069071464782775,0.8303466138814016,0.791057717381466,0.8303466138814016,0.8290906638498448,0.49395423186452764,0.7890625,0.730125086678652,0.7890625,0.7875936157530554,1.3782026765083966,0.6262316807655568,0.19831530856754634,0.6262316807655568,0.5747788088264049
188,0.4090891069157747,0.8315679750673854,0.7934923295919852,0.8315679750673854,0.8303382268887107,0.4908272263250853,0.791735197368421,0.7360817999023441,0.791735197368421,0.7902516300194387,1.3826900597040408,0.6264640327702383,0.19738429307459457,0.6264640327702383,0.5745350359911109
189,0.40901721600252344,0.831683793800539,0.7930546929662798,0.831683793800539,0.8305019816985965,0.48886088948500783,0.7927631578947368,0.7377136087456321,0.7927631578947368,0.7914235573984815,1.393721161974618,0.6260595681694965,0.19938274011542997,0.6260595681694965,0.5748008201165044
190,0.4087642704380169,0.831768025606469,0.7941556058866912,0.831768025606469,0.8306572153417083,0.4896126405188912,0.7946134868421053,0.7410567012667144,0.7946134868421053,0.7932395093094163,1.3527117058991633,0.6263951877318141,0.19782170897150325,0.6263951877318141,0.5745162586284661
191,0.40706304567200796,0.8319154312668463,0.7932486354764843,0.8319154312668463,0.830758409675672,0.49021125780908686,0.7937911184210527,0.7413730748551721,0.7937911184210527,0.792464949719971,1.3796657792711629,0.623796287531303,0.19677136854484317,0.623796287531303,0.5717831973758506
192,0.40620193142453936,0.8326945754716981,0.7940903166591173,0.8326945754716981,0.8315725310916309,0.48712710016652155,0.791735197368421,0.7381032416944383,0.791735197368421,0.7903202524137425,1.3695727761729035,0.6277548772406909,0.19822217421425042,0.6277548772406909,0.5760602078168345
193,0.407545606402374,0.8318733153638814,0.7936635639071505,0.8318733153638814,0.8307463872587085,0.49156404012127924,0.7905016447368421,0.7323291909121151,0.7905016447368421,0.7889986574429547,1.3611504136420904,0.6283916938461142,0.19849623084077375,0.6283916938461142,0.5767958138812055
194,0.4054794563758727,0.8331999663072777,0.7938800118817712,0.8331999663072777,0.8321169021112609,0.48685876005574275,0.791735197368421,0.7410694826936026,0.791735197368421,0.7903926460813603,1.386985071374097,0.6248461743672711,0.19624470635166855,0.6248461743672711,0.5722854691707048
195,0.40466746808383663,0.8334000168463612,0.7943748778858212,0.8334000168463612,0.832142532488848,0.4892375610376659,0.7909128289473685,0.7361114672116081,0.7909128289473685,0.7893800273514084,1.368812685363542,0.6273418070101461,0.1979413537491945,0.6273418070101461,0.5754996528913028
196,0.40486460305609795,0.8343476246630728,0.7956742591803417,0.8343476246630728,0.8332740279800124,0.4874063447902077,0.7919407894736842,0.7372124080677904,0.7919407894736842,0.7906612623905084,1.381387502485664,0.6299579184702633,0.2002122092414362,0.6299579184702633,0.5789532260586157
197,0.40289234833897286,0.8345687331536388,0.7983596935671381,0.8345687331536388,0.8334484583126172,0.4852909006570515,0.790296052631579,0.7318009175690746,0.790296052631579,0.7890140421107505,1.396063766282484,0.6279355954665542,0.1980583321336711,0.6279355954665542,0.5761252303198147
198,0.4034510777003039,0.8351372978436657,0.7982844669006625,0.8351372978436657,0.8341456665452134,0.48712051699036046,0.7921463815789473,0.736583572332518,0.7921463815789473,0.7908580751724037,1.3729232420038298,0.628813369706462,0.19892227709448604,0.628813369706462,0.5774988274138447
199,0.40259749275654794,0.8345055592991913,0.7986540432552632,0.8345055592991913,0.8334001546055317,0.4856543258616799,0.7960526315789473,0.7442954843562646,0.7960526315789473,0.794891398056462,1.3824499781018509,0.6275827646446305,0.19765911740126088,0.6275827646446305,0.5759489557144846
200,0.40206810639232315,0.8352425876010782,0.7993077973058503,0.8352425876010782,0.8341673144687217,0.4859393380190197,0.7933799342105263,0.740080642480893,0.7933799342105263,0.7921403052557389,1.4015813510331745,0.6257669767561939,0.19657354504337238,0.6257669767561939,0.5735512813065133
201,0.40067730237531535,0.8354742250673854,0.7979049352838478,0.8354742250673854,0.8343812894537755,0.48456332244371114,0.791735197368421,0.7377340314728353,0.791735197368421,0.7903812638179475,1.369467426199694,0.6282540037692659,0.19826885684314705,0.6282540037692659,0.5768207066330356
202,0.400583447793102,0.8355479278975741,0.7976706168201979,0.8355479278975741,0.8343752905932427,0.48376218111891495,0.79296875,0.7376145698687715,0.79296875,0.7915670135730473,1.378205603391239,0.6275999759042366,0.19858070377407328,0.6275999759042366,0.5760454092399047
203,0.40036164991296525,0.8359901448787062,0.7996314088594654,0.8359901448787062,0.8348427101206733,0.48204797035769414,0.7933799342105263,0.7352128854564458,0.7933799342105263,0.7917996856503814,1.4037412238289482,0.6268598917411771,0.1981201750032317,0.6268598917411771,0.5755443049159065
204,0.39830195020151266,0.837516846361186,0.8012739546357491,0.837516846361186,0.836531297448002,0.4835153378938374,0.79296875,0.7362171747531784,0.79296875,0.7916450821820835,1.3587297671467182,0.6280474686539934,0.19904626482173685,0.6280474686539934,0.5768540540536695
205,0.39950228444328206,0.8372852088948787,0.801674942973286,0.8372852088948787,0.83620589884655,0.48803406326394333,0.7907072368421053,0.7335343843167302,0.7907072368421053,0.7893894562534931,1.3757710383252157,0.6290629329707494,0.20016152090857098,0.6290629329707494,0.5780525066566637
206,0.39869360099584267,0.8375379043126685,0.8016661608460256,0.8375379043126685,0.8364956589761348,0.4853463345452359,0.7935855263157895,0.7360248612957009,0.7935855263157895,0.7920763942143235,1.3850158068162937,0.6266705678855107,0.19851704790572128,0.6266705678855107,0.5753933928695079
207,0.39714460488599584,0.8378432446091644,0.8000897895789254,0.8378432446091644,0.8367272144233697,0.4825056508967751,0.7964638157894737,0.7421641728414692,0.7964638157894737,0.7950898048687732,1.3743786727594345,0.6287789471872499,0.199585841105677,0.6287789471872499,0.5776299178794887
208,0.39542740864573783,0.8386960916442049,0.8028530850404622,0.8386960916442049,0.8376817753597224,0.48119881278590154,0.794202302631579,0.7381301385156519,0.794202302631579,0.7931106670485086,1.3980084946513311,0.6275655533850245,0.19929169254500315,0.6275655533850245,0.5762766273745719
209,0.3964108042318545,0.8377800707547169,0.801880357064598,0.8377800707547169,0.83684085365488,0.47888834852921336,0.7937911184210527,0.7386535454753175,0.7937911184210527,0.7926160580875701,1.3965857531545651,0.6275139196062064,0.19966979824008382,0.6275139196062064,0.5764864469752905
210,0.3969036963268753,0.8375905491913747,0.7997680362355012,0.8375905491913747,0.8363037024527674,0.48347790303983185,0.7937911184210527,0.737955195962493,0.7937911184210527,0.7923303100052188,1.4037968260892522,0.6277634828704939,0.19842280394805864,0.6277634828704939,0.5758240059029495
211,0.3956948711544356,0.8382433456873315,0.8013877103647384,0.8382433456873315,0.8372612306943832,0.48406246147657694,0.7937911184210527,0.7357434999639906,0.7937911184210527,0.7926609876422382,1.3948759525073349,0.6288822147448861,0.19939186255980532,0.6288822147448861,0.5778183238727176
212,0.3946907714692087,0.8393910040431267,0.8020282725581565,0.8393910040431267,0.8384399789481243,0.48132794938589396,0.7925575657894737,0.7381670754435816,0.7925575657894737,0.7914333576141234,1.3937269381813766,0.6275655533850245,0.19846384287645868,0.6275655533850245,0.5760889738248283
213,0.39261534279890137,0.8399700977088949,0.8011062165051083,0.8399700977088949,0.8389369546134743,0.4804065996094754,0.7954358552631579,0.7391782357667518,0.7954358552631579,0.7941367930664098,1.3913292182730796,0.6270320043372374,0.19865643363468874,0.6270320043372374,0.575339548761121
214,0.39254288017910444,0.8392857142857143,0.8031821776828506,0.8392857142857143,0.83820894232371,0.4800935717005479,0.7958470394736842,0.7390465527667744,0.7958470394736842,0.7944804542226636,1.3915642862917905,0.6250010757037254,0.19802468324379166,0.6250010757037254,0.5732841808887187
215,0.3918542169496377,0.8397911051212938,0.803544845219332,0.8397911051212938,0.8387615501890358,0.4783884553532851,0.7937911184210527,0.7392036247697614,0.7937911184210527,0.7923931940683451,1.389813340349456,0.6289080316342952,0.1990348229129084,0.6289080316342952,0.5774924380234223
216,0.39162608250132147,0.8402122641509434,0.8042432133868518,0.8402122641509434,0.8391859715237001,0.4777560736003675,0.7952302631578947,0.7368798293725627,0.7952302631578947,0.7940443322599802,1.407264983692082,0.627858144798327,0.19902762025257079,0.627858144798327,0.57635035583284
217,0.3920903594667378,0.8404860175202157,0.8038231435985713,0.8404860175202157,0.8394277484888867,0.48113687885435,0.7898848684210527,0.7325559777491414,0.7898848684210527,0.7883370555860673,1.4182206456005058,0.6289768766727193,0.19841550309852965,0.6289768766727193,0.5772927861306848
218,0.3913322331288433,0.8404228436657682,0.8047837805999629,0.8404228436657682,0.839322266355201,0.47953618513910395,0.7923519736842105,0.7351691287050716,0.7923519736842105,0.7909249676619853,1.4417607624902178,0.62832284880769,0.19809223363803635,0.62832284880769,0.5766020377771899
219,0.3904452466097161,0.8409492924528302,0.8034965660103326,0.8409492924528302,0.8397794895016623,0.48050077024259064,0.7898848684210527,0.7324528052800738,0.7898848684210527,0.7883941373981932,1.4484240026199804,0.627858144798327,0.19858475297744507,0.627858144798327,0.5762906348305996
220,0.3885732775107227,0.8418442553908356,0.8056915418337377,0.8418442553908356,0.8408644739856627,0.4775759044446443,0.7931743421052632,0.7345484110101684,0.7931743421052632,0.7919415735658644,1.436949518179656,0.6263607652126021,0.19756034143867332,0.6263607652126021,0.5745269970432096
221,0.3893091331595038,0.8419600741239892,0.8042071398156188,0.8419600741239892,0.8410668954686987,0.4779671556071231,0.7970805921052632,0.74249495990722,0.7970805921052632,0.7959610130824671,1.4118321300272052,0.6270836381160555,0.1979798832070386,0.6270836381160555,0.5755431189085778
222,0.3871434197592928,0.84120198787062,0.8046667453824901,0.84120198787062,0.8401860659378546,0.4774547156534697,0.7946134868421053,0.7353670790640862,0.7946134868421053,0.7931680047987628,1.4503659430037912,0.6260165400204813,0.19721998328286625,0.6260165400204813,0.5741053108206965
223,0.3878197853134649,0.8417073787061995,0.8068907798553132,0.8417073787061995,0.8406268497255814,0.4772845914489345,0.7935855263157895,0.7384381027321982,0.7935855263157895,0.7921792944103917,1.4345243807133536,0.6280904968030085,0.19843276186447295,0.6280904968030085,0.576525552187736
224,0.3874763368435626,0.8423601752021563,0.8061851446138767,0.8423601752021563,0.8414100614968696,0.47492517452490957,0.7954358552631579,0.7375921873890062,0.7954358552631579,0.794055716918778,1.439272034297811,0.6289854823025223,0.19811150599674274,0.6289854823025223,0.5770815724831945
225,0.3868601343863094,0.8429392688679245,0.8066509198135784,0.8429392688679245,0.8418481763776592,0.4786275703656046,0.7911184210526315,0.7313917736456913,0.7911184210526315,0.7895102900340797,1.4470898158162298,0.6292694680860219,0.19940057973983633,0.6292694680860219,0.5781425140486129
226,0.3847259293508658,0.8444554413746631,0.8086355642228519,0.8444554413746631,0.8433741917703725,0.47735547548846197,0.7935855263157895,0.7381028131453641,0.7935855263157895,0.7921311155541657,1.4472377917067398,0.6280302573943874,0.19795546884015391,0.6280302573943874,0.576251918099023
227,0.3848353234744779,0.8443817385444744,0.8092354918605977,0.8443817385444744,0.8434128850010044,0.47480057885772303,0.7923519736842105,0.7406078281709875,0.7923519736842105,0.7911512897962298,1.4402779807299897,0.6295964820185366,0.19910786376154485,0.6295964820185366,0.5782694765286754
228,0.3849187559997939,0.8438447607816711,0.8092274777002798,0.8438447607816711,0.8429499696603211,0.4765305785756362,0.7970805921052632,0.7437836074634969,0.7970805921052632,0.7959243010763403,1.47345512662883,0.62732459575054,0.19865502762708562,0.62732459575054,0.5760276812883004
229,0.3846407599365615,0.8441711590296496,0.8104513698859629,0.8441711590296496,0.8432414868024327,0.47358177367009613,0.7970805921052632,0.7490452848569042,0.7970805921052632,0.7960918284551305,1.4460173707065278,0.6292178343072038,0.19954038622084047,0.6292178343072038,0.5780046153217124
230,0.3834710451309893,0.8445502021563343,0.8112337423474486,0.8445502021563343,0.8436004193399352,0.4719351153624685,0.7972861842105263,0.7472565419906237,0.7972861842105263,0.7960773063668432,1.423813324100258,0.6284002994759171,0.19903376430835734,0.6284002994759171,0.5773819707791483
231,0.3831160213908738,0.8445607311320755,0.8091207085646358,0.8445607311320755,0.8434800765961661,0.4730918548609081,0.7962582236842105,0.7451653841658595,0.7962582236842105,0.7948316342735249,1.410459053843333,0.6292780737158249,0.19976254734879112,0.6292780737158249,0.578199051491716
232,0.38320475728364006,0.84375,0.807899139676986,0.84375,0.8428660240335951,0.4739414202539544,0.7966694078947368,0.7395075658272372,0.7966694078947368,0.795443113956634,1.4360818895732652,0.6287789471872499,0.19865550544122582,0.6287789471872499,0.5775872030697252
233,0.38181263409213556,0.8450871799191375,0.8097899641167976,0.8450871799191375,0.8440645714175279,0.4724862575531006,0.8009868421052632,0.7476897507248894,0.8009868421052632,0.7996716132514067,1.43780700407934,0.630362383071005,0.19954959533845937,0.630362383071005,0.5791295705885426
234,0.38200658640128904,0.8454662230458221,0.807081865981333,0.8454662230458221,0.8443305785901905,0.47240886249040304,0.7972861842105263,0.7425699874392608,0.7972861842105263,0.7958325787504679,1.4479564171482142,0.6296050876483396,0.19904275699253016,0.6296050876483396,0.5782389628259922
235,0.38177112877529584,0.8449397742587601,0.810124245176244,0.8449397742587601,0.844019949723084,0.47280634390680415,0.7960526315789473,0.7415017334039361,0.7960526315789473,0.7948709041514368,1.4374956047038523,0.6275569477552214,0.19777371435721774,0.6275569477552214,0.5756027425574907
236,0.3799050972468127,0.8459294979784366,0.8092309245570084,0.8459294979784366,0.8448003599503601,0.4716446148721795,0.7993421052631579,0.7386152805899229,0.7993421052631579,0.7979414577938226,1.453802513390746,0.6293555243840521,0.1991493945277394,0.6293555243840521,0.5781034525901589
237,0.3805888203597776,0.8459189690026954,0.8096343448913215,0.8459189690026954,0.8448105065027878,0.47448734703816864,0.7958470394736842,0.7409854595061462,0.7958470394736842,0.7943724834005597,1.436341003673107,0.6296997495761727,0.19867929679871654,0.6296997495761727,0.5783988684806866
238,0.3798662992018574,0.846561236522911,0.8110503339889499,0.846561236522911,0.8455822651234334,0.470255036103098,0.796875,0.7372579395590587,0.796875,0.7954369082526153,1.4481677399081074,0.6284347219951292,0.1985166790225092,0.6284347219951292,0.5774578068099733
239,0.3809571902385619,0.846603352425876,0.8116452057227826,0.846603352425876,0.8455189374067065,0.4732238211129841,0.798108552631579,0.7510270754285386,0.798108552631579,0.7967907201754577,1.4681111655524546,0.6270492155968435,0.19781770099344528,0.6270492155968435,0.5756322354879979
240,0.37875664234161377,0.8465928234501348,0.8115275418194093,0.8465928234501348,0.8455701295459833,0.4730787418390575,0.794202302631579,0.7375288503387071,0.794202302631579,0.7927527355620437,1.4386950367493345,0.628839186595871,0.19867323642822193,0.628839186595871,0.5777442891716872
241,0.3799208919956999,0.8460347877358491,0.810859294364192,0.8460347877358491,0.8450628699122005,0.46933810961873906,0.8003700657894737,0.7392192916515865,0.8003700657894737,0.7988642556025427,1.4522328466687613,0.6285035670335534,0.19860789510531876,0.6285035670335534,0.5774378405206265
242,0.3795838119045422,0.8470245114555256,0.8135230590362761,0.8470245114555256,0.846059322072071,0.4709182460057108,0.798108552631579,0.7415748040619548,0.798108552631579,0.7968434494728752,1.463567127867787,0.6264037933616172,0.19776377134524056,0.6264037933616172,0.5753035403363637
243,0.37803385609565077,0.84765625,0.8112688914534364,0.84765625,0.846599016438951,0.47152269670837804,0.7919407894736842,0.7358702075408666,0.7919407894736842,0.790466346224605,1.4501683120847444,0.6252678502276189,0.19713960356584817,0.6252678502276189,0.5738371530676659
244,0.3779670129407127,0.847393025606469,0.8134848919520189,0.847393025606469,0.8464699629930568,0.46895709163264226,0.7954358552631579,0.7359197528371414,0.7954358552631579,0.7940908602518932,1.4296731280323174,0.6295792707589305,0.19923858911990572,0.6295792707589305,0.5787139769344891
245,0.37733137872662503,0.8478668295148248,0.813898523099175,0.8478668295148248,0.8469514812135016,0.4697769597957009,0.7974917763157895,0.7450513169630192,0.7974917763157895,0.7962834665337218,1.4254664928471192,0.6289080316342952,0.1981663950007186,0.6289080316342952,0.5774593686208359
246,0.3764982660504364,0.8482353436657682,0.8131132114465478,0.8482353436657682,0.8471802654517177,0.46814363253744024,0.7991365131578947,0.7423093825138005,0.7991365131578947,0.7976212439816232,1.4476214788278545,0.6273762295293581,0.19812435951728827,0.6273762295293581,0.5759852323760974
247,0.37613868062708256,0.8487407345013477,0.8136072826961442,0.8487407345013477,0.8477889771735053,0.468861156388333,0.7993421052631579,0.742969571286242,0.7993421052631579,0.7980476514520692,1.432922524368646,0.6261112019483146,0.19706542720979642,0.6261112019483146,0.574544376311614
248,0.3757928420269907,0.8488881401617251,0.8139631343622756,0.8488881401617251,0.8479630029433404,0.4675672979731309,0.796875,0.7451264759689856,0.796875,0.7955472453857274,1.4274188991300931,0.6257583711263909,0.19782965175422176,0.6257583711263909,0.5742788202539034
249,0.376285688575066,0.8481721698113207,0.8129210638029701,0.8481721698113207,0.8471107953103775,0.4677585535927823,0.7979029605263158,0.7434699528360021,0.7979029605263158,0.7965344182004219,1.4485176287279016,0.6240974845744086,0.19722878331294785,0.6240974845744086,0.5727892620908205
250,0.37390803664199745,0.8498041610512129,0.8158176425855067,0.8498041610512129,0.8489122068002636,0.46608848791373403,0.7983141447368421,0.7401152845501192,0.7983141447368421,0.7970865207147305,1.468947949261185,0.6275397364956155,0.19795840287791402,0.6275397364956155,0.5760533720095112
251,0.3736364295219154,0.8499410377358491,0.814714752444513,0.8499410377358491,0.8490598233882094,0.46535532568630417,0.8001644736842105,0.7411158069063355,0.8001644736842105,0.7990111048050097,1.4583224981086362,0.6273073844909339,0.19770066935922578,0.6273073844909339,0.5755761426831945
252,0.3739376452091248,0.8496883423180593,0.8135716079056584,0.8496883423180593,0.8487128300990648,0.4661451844792617,0.7966694078947368,0.7364489048820841,0.7966694078947368,0.7951818177964848,1.483402288349986,0.6266619622557077,0.1977456673684513,0.6266619622557077,0.5749926142289384
253,0.37228737831758363,0.8508991745283019,0.8154545600072965,0.8508991745283019,0.8498536206662702,0.46799657062480327,0.796875,0.736092956404608,0.796875,0.7953896644602606,1.514573697878535,0.6272643563419189,0.19812045771733183,0.6272643563419189,0.5760224197833821
254,0.371153512331996,0.8515730289757413,0.8164960180494757,0.8515730289757413,0.8506125837077921,0.4662163712476429,0.7970805921052632,0.7370966342900097,0.7970805921052632,0.795830478760718,1.5117065824526787,0.625353906525649,0.19723524835564152,0.625353906525649,0.5742765201053893
255,0.3718460166068733,0.8499726246630728,0.8153519130971001,0.8499726246630728,0.8490095262968214,0.466312427269785,0.7964638157894737,0.7356246081229499,0.7964638157894737,0.7949889675542636,1.509304902875128,0.627298778861131,0.19793911163341252,0.627298778861131,0.5763874035637812
256,0.37046076811227513,0.850467486522911,0.8153375319051481,0.850467486522911,0.8495306572553806,0.4639666551037839,0.8013980263157895,0.7420242681378086,0.8013980263157895,0.8000251413927685,1.5063646162912343,0.6287531302978409,0.19778425929619048,0.6287531302978409,0.5775707746552442
257,0.37274085013371594,0.8500673854447439,0.8141181914788592,0.8500673854447439,0.8491077986806136,0.46967724279353495,0.7979029605263158,0.7355065433518361,0.7979029605263158,0.7965098548703127,1.4865414167172097,0.6274192576783731,0.1975877936716086,0.6274192576783731,0.5760979472083527
258,0.3703461609921365,0.8506675370619946,0.8145409583977711,0.8506675370619946,0.8496783073619679,0.4654098419766677,0.8003700657894737,0.7432703294294922,0.8003700657894737,0.7989426639886589,1.5003766972679105,0.6251731882997857,0.1969967222005509,0.6251731882997857,0.5737787758586351
259,0.3710257080848005,0.8505938342318059,0.8158604754962415,0.8505938342318059,0.8496500042962801,0.46473675338845505,0.7999588815789473,0.7452919280960115,0.7999588815789473,0.798668536022911,1.5289862561687328,0.6255518360111185,0.19638938944413467,0.6255518360111185,0.5742074618409951
260,0.37005111783983896,0.8513940363881402,0.8189584803747785,0.8513940363881402,0.8505566131020399,0.4666103155989396,0.7976973684210527,0.747160037792951,0.7976973684210527,0.7965753726631699,1.4932967145294231,0.6303795943306111,0.19828075357637667,0.6303795943306111,0.579575411286917
261,0.36798775003284134,0.8522995283018868,0.8171169695067771,0.8522995283018868,0.8514383457316497,0.4625879243800515,0.7972861842105263,0.7423275351282884,0.7972861842105263,0.7961107961322204,1.4918864557870548,0.625285061487225,0.19612100632187413,0.625285061487225,0.5740554918599923
262,0.36907626804958454,0.851520384097035,0.8161997361654301,0.851520384097035,0.8505951636127265,0.46278913554392365,0.7946134868421053,0.7375656888619396,0.7946134868421053,0.7932400750796004,1.4628148883950218,0.6285810177017805,0.19748998327329512,0.6285810177017805,0.5773343607507032
263,0.36842092245094216,0.851867840296496,0.8157558341265593,0.851867840296496,0.8509065153729086,0.4635346861262071,0.7935855263157895,0.7354733774599049,0.7935855263157895,0.7923898927528709,1.4804341669381293,0.629794411504006,0.1987573955823663,0.629794411504006,0.5788842424286709
264,0.3664476220819828,0.8522258254716981,0.8172302978960594,0.8522258254716981,0.8513440867755556,0.4616406669742183,0.796875,0.7380895204042036,0.796875,0.7955762345058632,1.4744133108906767,0.6309819884168223,0.1984725321646333,0.6309819884168223,0.5797099750791428
265,0.36767293548969565,0.8524469339622641,0.817077611121932,0.8524469339622641,0.851650429152105,0.46314469607252823,0.7993421052631579,0.7437264997790093,0.7993421052631579,0.7982002757156121,1.4694144796389745,0.6285207782931593,0.197863189281599,0.6285207782931593,0.5773102204242901
266,0.3661521304489146,0.8529733827493261,0.8179787330097285,0.8529733827493261,0.8521273394702109,0.4618262523098996,0.8001644736842105,0.7424576773156654,0.8001644736842105,0.7989065744366478,1.4996603888833313,0.6290026935621283,0.19816814154574353,0.6290026935621283,0.5775686847099886
267,0.3652414044922574,0.8540368092991913,0.8198362285651697,0.8540368092991913,0.8531247514331075,0.46055727099117477,0.8013980263157895,0.7386915115478727,0.8013980263157895,0.7999762687130544,1.4584513269435042,0.6300697916577025,0.19836720200662786,0.6300697916577025,0.5789340188164498
268,0.36529237321123603,0.8534366576819407,0.8186769752022872,0.8534366576819407,0.8523652151251327,0.46126009445441396,0.7974917763157895,0.7429506449780725,0.7974917763157895,0.7960033884117272,1.4973566274138708,0.6297858058742029,0.1983631816414751,0.6297858058742029,0.5783258495964668
269,0.36405622324532255,0.854152628032345,0.8191081950433307,0.854152628032345,0.8533486775461652,0.46216505138497604,0.7974917763157895,0.73944785052955,0.7974917763157895,0.7963221694074707,1.468346815510861,0.6305775238160805,0.1983191463012107,0.6305775238160805,0.5788362366138335
270,0.3654436759068317,0.8531839622641509,0.8186006488297795,0.8531839622641509,0.8522651175466217,0.46413972032697576,0.7991365131578947,0.7407643005915803,0.7991365131578947,0.7979995635521625,1.4860596687985794,0.6289768766727193,0.19748703291908115,0.6289768766727193,0.5771955191147823
271,0.3644454031781045,0.8543632075471698,0.8185232879410566,0.8543632075471698,0.8535006181083744,0.4599404836955823,0.802014802631579,0.7432663762781341,0.802014802631579,0.8008745017907543,1.4595207031077457,0.6294673975714913,0.1981118433320598,0.6294673975714913,0.5777854209093539
272,0.3641634247695018,0.8546159029649596,0.8206742540332611,0.8546159029649596,0.8537485169771276,0.460984794717086,0.7991365131578947,0.7376889316838101,0.7991365131578947,0.7979075832961984,1.4839284908358807,0.6305947350756865,0.19900393031877428,0.6305947350756865,0.579503482984806
273,0.36460323322494076,0.854331620619946,0.8197443043621222,0.854331620619946,0.8534670893262872,0.4635871178225467,0.8001644736842105,0.743327092365158,0.8001644736842105,0.7989438911496487,1.4606392414761917,0.6314552980559882,0.1992137581194052,0.6314552980559882,0.5803226242433666
274,0.3644256511467165,0.8546264319407008,0.8196289100715598,0.8546264319407008,0.853669649284811,0.45836031123211507,0.8036595394736842,0.7421245822538101,0.8036595394736842,0.8021054113561138,1.4601346955336678,0.6307496364121408,0.19921221535100164,0.6307496364121408,0.5798531764630956
275,0.36318137277811363,0.8553950471698113,0.8219747665984005,0.8553950471698113,0.8545418670559474,0.45863615839104904,0.8003700657894737,0.7403314681974165,0.8003700657894737,0.799055276896226,1.4499300606877386,0.6277892997599029,0.1970980684720527,0.6277892997599029,0.5762525848094538
276,0.3646918060483958,0.8543421495956873,0.8197161837416236,0.8543421495956873,0.8534849685194486,0.46449678822567586,0.7964638157894737,0.7334123766440838,0.7964638157894737,0.7949898375102605,1.4748637530832056,0.6279183842069482,0.19745662960343477,0.6279183842069482,0.5762946847522399
277,0.3644528253219841,0.8546685478436657,0.8212827108630629,0.8546685478436657,0.853709848701645,0.46081677236055074,0.805921052631579,0.7492450756249431,0.805921052631579,0.804507856748467,1.454182361825627,0.6300009466192783,0.1987848162730934,0.6300009466192783,0.5786887691074802
278,0.36253196796316983,0.8543526785714286,0.8209331974645899,0.8543526785714286,0.8534594246578869,0.4611979785718416,0.8028371710526315,0.7506800216611744,0.8028371710526315,0.8017325147806778,1.4805196001600622,0.6280818911732056,0.19737431911547113,0.6280818911732056,0.5768790836635039
279,0.36165398102243634,0.8551318227762803,0.8208190567674658,0.8551318227762803,0.8542388684324431,0.45935185802610295,0.803453947368421,0.7486625280657957,0.803453947368421,0.8022566463383792,1.4794042478402532,0.6284949614037504,0.19906939658213635,0.6284949614037504,0.5775122860661356
280,0.3610147068282022,0.8559214959568733,0.8221238970060236,0.8559214959568733,0.8551049223399627,0.45995718083883586,0.8005756578947368,0.7440610492563826,0.8005756578947368,0.7994053001465649,1.4777306125193639,0.6294846088310974,0.1980705284985947,0.6294846088310974,0.5782897237256468
281,0.36319322679242033,0.8553108153638814,0.8205710487622513,0.8553108153638814,0.854470072837228,0.4600741235833419,0.8016036184210527,0.7486117691576789,0.8016036184210527,0.8004776532237972,1.4880160858668825,0.6265931172172835,0.19766507193557303,0.6265931172172835,0.5751909894429227
282,0.36136032315598665,0.8562268362533693,0.8220296260941479,0.8562268362533693,0.8553920769333525,0.45858983930788544,0.7983141447368421,0.7430441039422815,0.7983141447368421,0.7971435679488238,1.477201550666276,0.626791046702753,0.19640390828135895,0.626791046702753,0.5749868431205194
283,0.35949220586658487,0.8564900606469003,0.8229638822642039,0.8564900606469003,0.8556298676827968,0.4595843318261598,0.8016036184210527,0.745975606041568,0.8016036184210527,0.8003745705091893,1.4817694274256652,0.6242609915406659,0.19558203261672694,0.6242609915406659,0.5727338638807367
284,0.35995697685971734,0.855205525606469,0.8206535747700034,0.855205525606469,0.8542644885658951,0.4596565789298007,0.8038651315789473,0.7470888036552819,0.8038651315789473,0.8025562509490161,1.4811609704007207,0.6231680765556827,0.1961319020301994,0.6231680765556827,0.5717967886357928
285,0.35866547353826767,0.8558899090296496,0.8220739785429093,0.8558899090296496,0.8549584967439257,0.45893093159324244,0.8032483552631579,0.7525095774415524,0.8032483552631579,0.8020362773924802,1.4789044177211201,0.6247256955500289,0.1962137051102346,0.6247256955500289,0.5728903232398495
286,0.3593139447613225,0.8573218497304582,0.8249994200655767,0.8573218497304582,0.8564929394112888,0.4571960991934726,0.8016036184210527,0.7496619483641218,0.8016036184210527,0.8005187517307464,1.5082360797846233,0.6252420333382098,0.19635783004686466,0.6252420333382098,0.5740450759657337
287,0.3581804727126325,0.8563952998652291,0.8230333083129658,0.8563952998652291,0.8555543026710323,0.45658400341084127,0.8032483552631579,0.7489102941473105,0.8032483552631579,0.8022451811078062,1.4999175666536841,0.6264726384000413,0.1968266465119414,0.6264726384000413,0.5752425887169074
288,0.3604670954200457,0.8553002863881402,0.8209796229623608,0.8553002863881402,0.8543536362979939,0.45646917192559494,0.8030427631578947,0.7463210172238373,0.8030427631578947,0.8017469816756716,1.4947640313743775,0.6260939906887085,0.19699227304990347,0.6260939906887085,0.5744754929648356
289,0.3585429670354427,0.857048096361186,0.8223404979851979,0.857048096361186,0.8561175303840444,0.4592273894109224,0.8016036184210527,0.7450452292310895,0.8016036184210527,0.8004094596232347,1.4721561770797669,0.6262316807655568,0.1969185010651283,0.6262316807655568,0.5748652966580706
290,0.3578269605366689,0.8563110680592992,0.8222224693245705,0.8563110680592992,0.8554868722780824,0.456144160345981,0.8036595394736842,0.7499457710171253,0.8036595394736842,0.8023744590275645,1.4714076736589434,0.6245105548049534,0.19665248521973905,0.6245105548049534,0.5729928665105941
291,0.35809425917275833,0.8570375673854448,0.8232056018132649,0.8570375673854448,0.8561099235644452,0.4591730252692574,0.8018092105263158,0.7448446415037441,0.8018092105263158,0.8005938614976502,1.4506144799990257,0.6264640327702383,0.19717832185807663,0.6264640327702383,0.5750675245568485
292,0.35650214103032957,0.8572376179245284,0.8237144912857397,0.8572376179245284,0.8563326960359949,0.45159179442807246,0.8065378289473685,0.7458429438771492,0.8065378289473685,0.8051606685227255,1.4498361072561785,0.6270836381160555,0.19769571682604206,0.6270836381160555,0.5756989057800711
293,0.3576202622321095,0.8569217486522911,0.8229134766682215,0.8569217486522911,0.8559939546433479,0.4543420656731254,0.8028371710526315,0.7498735844397476,0.8028371710526315,0.8016260072404883,1.4575839999719162,0.6266705678855107,0.19700425127721938,0.6266705678855107,0.5751702185337666
294,0.35677515062681747,0.8573323787061995,0.8256500677651334,0.8573323787061995,0.8565278449823911,0.4543978728746113,0.8050986842105263,0.7527523585797454,0.8050986842105263,0.8039895317284224,1.4789720090466802,0.6287875528170529,0.19821532084769705,0.6287875528170529,0.5778455462799307
295,0.35651623720750014,0.8582589285714286,0.8247413896162484,0.8582589285714286,0.857367973692809,0.4557612381483379,0.799547697368421,0.7452614180013339,0.799547697368421,0.7982834270993757,1.4994260729152733,0.6270147930776314,0.19683644490366708,0.6270147930776314,0.5756277681099051
296,0.3553894301951735,0.8584589791105122,0.8248947368563477,0.8584589791105122,0.8575763261242311,0.4561199326264231,0.7999588815789473,0.7451172490882785,0.7999588815789473,0.7988811847599342,1.4927259059356237,0.6291145667495676,0.19807858963165467,0.6291145667495676,0.5777701147727513
297,0.3563987529984703,0.8581220518867925,0.8243041916818952,0.8581220518867925,0.857213251564709,0.45636273998963206,0.8005756578947368,0.7474104722596348,0.8005756578947368,0.7993887785963725,1.4810221919537176,0.6272385394525098,0.1971602745067202,0.6272385394525098,0.575589186397685
298,0.35643195166099423,0.8580378200808625,0.8249760854859896,0.8580378200808625,0.8570785100295476,0.45622186284316213,0.8038651315789473,0.7511973640528383,0.8038651315789473,0.8025437915962903,1.510785257516863,0.6235209073776065,0.19519735468153257,0.6235209073776065,0.5712490812495264
299,0.3554245939633917,0.8579009433962265,0.8240793920120787,0.8579009433962265,0.857029743107082,0.45616891823316874,0.8013980263157895,0.7449816949915141,0.8013980263157895,0.8001133544111574,1.4896373626782715,0.6239511888677572,0.19493687183888547,0.6239511888677572,0.5721398793111901
300,0.3569737751528902,0.8581957547169812,0.8252330091796691,0.8581957547169812,0.8573603022152335,0.45806469258509186,0.8011924342105263,0.74507056138447,0.8011924342105263,0.7999869675430328,1.4648576273388434,0.6255088078621034,0.19572111054707506,0.6255088078621034,0.5738142688684299
301,0.3549462627529134,0.8581852257412399,0.8237558703086795,0.8581852257412399,0.8572186678587681,0.45814189628550883,0.8001644736842105,0.7415708909467066,0.8001644736842105,0.7987044795242335,1.4954945581496446,0.6235123017478034,0.19499517332769897,0.6235123017478034,0.571484399892806
302,0.3533112225988804,0.8582589285714286,0.8240511071492528,0.8582589285714286,0.8573745115284281,0.45707251994233383,0.8016036184210527,0.7412822567713537,0.8016036184210527,0.8002743675530432,1.4872208408799201,0.6237016256034698,0.19574470501556757,0.6237016256034698,0.5722595698377826
303,0.35339932710012656,0.8597119272237197,0.8264878274370737,0.8597119272237197,0.85884845946453,0.45639237134080185,0.8044819078947368,0.7456097282379733,0.8044819078947368,0.803146671005346,1.5033623675176186,0.6244761322857413,0.1958701438161091,0.6244761322857413,0.5729327750018074
304,0.35340581990959186,0.860248904986523,0.8262047053576611,0.860248904986523,0.8593714999990603,0.45470064878463745,0.8069490131578947,0.7456035333989152,0.8069490131578947,0.8056435442133905,1.4644219766624142,0.6256637091985577,0.19635767768515003,0.6256637091985577,0.5740729238517699
305,0.35378541273248165,0.8588274932614556,0.8248156673682326,0.8588274932614556,0.8578698551247185,0.4545047063576548,0.8026315789473685,0.7515091131114776,0.8026315789473685,0.8011463046058377,1.5057054986051215,0.624794540588453,0.19690669724711743,0.624794540588453,0.5734856159741907
306,0.3514600030656131,0.8604594845013477,0.8279063155179909,0.8604594845013477,0.8597081309575563,0.4503505198579085,0.8075657894736842,0.753466851567057,0.8075657894736842,0.8063120461324645,1.503253119317648,0.6267394129239349,0.19749648100220044,0.6267394129239349,0.5758537097111938
307,0.35165071519558644,0.8600383254716981,0.8272205007525717,0.8600383254716981,0.8592659255034525,0.45391901386411565,0.8030427631578947,0.7458289301789062,0.8030427631578947,0.8017932341347269,1.4913047868333504,0.6282884262884779,0.1987187779979387,0.6282884262884779,0.5778638750207279
308,0.351234895280108,0.8603963106469003,0.8273481267691069,0.8603963106469003,0.8597090750507259,0.45549199612517105,0.802014802631579,0.745932834215715,0.802014802631579,0.8008377086507944,1.5033946212234264,0.6272041169332978,0.19695970813778357,0.6272041169332978,0.5760087391233378
309,0.3501782600449102,0.8603752526954178,0.8271312596962345,0.8603752526954178,0.8595570447917136,0.45239869073817607,0.8036595394736842,0.7428359336463007,0.8036595394736842,0.8024794665747377,1.522498481072765,0.6262230751357538,0.19732877050762446,0.6262230751357538,0.5752746004736391
310,0.35031569534234924,0.8611333389487871,0.8267273050044184,0.8611333389487871,0.8602370243598407,0.45187687716986,0.8032483552631579,0.7419982165421171,0.8032483552631579,0.8018633387359916,1.5313609330546203,0.6245707942135745,0.19531644700364972,0.6245707942135745,0.5725549203218994
311,0.35010544421537865,0.8619019541778976,0.8300195445549692,0.8619019541778976,0.8611278600521887,0.45327842078710856,0.8046875,0.750329166923701,0.8046875,0.8036104966550944,1.515376371513485,0.6259390893522543,0.19604567706497825,0.6259390893522543,0.5743727857957871
312,0.3530561988244481,0.8600699123989218,0.8270244824939413,0.8600699123989218,0.8592972454772541,0.4538708093919252,0.8067434210526315,0.7509919680538137,0.8067434210526315,0.8055984126613329,1.5227962256526346,0.6279700179857662,0.19657881438836644,0.6279700179857662,0.5765875848783746
313,0.35208734749462406,0.8604173685983828,0.8282723212670595,0.8604173685983828,0.8595189113808916,0.4553757623622292,0.8046875,0.7490169093797207,0.8046875,0.8034050454213065,1.4842662747552189,0.6288219753362649,0.19787547407153244,0.6288219753362649,0.5778055249198466
314,0.34892803543018847,0.8617966644204852,0.8289896332753343,0.8617966644204852,0.8609754456315595,0.450213760137558,0.8071546052631579,0.7501897459944418,0.8071546052631579,0.8059260454284644,1.4819167582843866,0.6274536801975853,0.19696902892878973,0.6274536801975853,0.5763758644184928
315,0.35131361357606644,0.860164673180593,0.8264654446063042,0.860164673180593,0.8593426447057042,0.45278976622380707,0.8036595394736842,0.7447824816110694,0.8036595394736842,0.802372368298021,1.5186346171373188,0.6282884262884779,0.1972740285787699,0.6282884262884779,0.5772326936077511
316,0.349526058229796,0.8606595350404312,0.8276128281490003,0.8606595350404312,0.8597890541166594,0.4518530541344693,0.8040707236842105,0.7489537202185096,0.8040707236842105,0.8027392325288648,1.494071464274392,0.6264726384000413,0.1967316819610847,0.6264726384000413,0.5755494866072833
317,0.34877235725562206,0.8618598382749326,0.8295926162199806,0.8618598382749326,0.8610320836455513,0.45120278471394587,0.8026315789473685,0.747646215040887,0.8026315789473685,0.8012394578151846,1.5302189652632916,0.6272385394525098,0.19736608965816868,0.6272385394525098,0.576393624442485
318,0.34954944333297544,0.8613439184636119,0.8290581294215599,0.8613439184636119,0.8605648327044672,0.4530003525708851,0.8022203947368421,0.7416286985099504,0.8022203947368421,0.8011084105133258,1.5247675223203743,0.6268771030007831,0.19686146059384832,0.6268771030007831,0.5760160551964113
319,0.3484239227206238,0.8620283018867925,0.8285431272076729,0.8620283018867925,0.8611924888224909,0.4546114598449908,0.802014802631579,0.7507684373148653,0.802014802631579,0.8008929548595675,1.511004784157004,0.6272041169332978,0.19740440386341498,0.6272041169332978,0.5763942973265965
320,0.3475474454161292,0.8624389319407008,0.8302821758549311,0.8624389319407008,0.8616982433715668,0.4519418101561697,0.8050986842105263,0.7525624799102799,0.8050986842105263,0.8040712223786602,1.511011765255425,0.6301214254365206,0.19897502943671014,0.6301214254365206,0.5797637826978271
321,0.3474070252273282,0.8618914252021563,0.8294754608631271,0.8618914252021563,0.8610399513717367,0.4519056317053343,0.8044819078947368,0.7494069798838786,0.8044819078947368,0.8030909221952882,1.5023826074084412,0.6282712150288718,0.19770614360536268,0.6282712150288718,0.5773817662304467
322,0.34614425070202254,0.8626179245283019,0.8300879315852274,0.8626179245283019,0.8617965336516945,0.45120885654499654,0.8079769736842105,0.761280633575713,0.8079769736842105,0.8068033774524865,1.5339806099694588,0.6259218780926482,0.19717863322006493,0.6259218780926482,0.5749574161413614
323,0.3472961763326691,0.862228352425876,0.8291275635997859,0.862228352425876,0.8614542201272704,0.45170337275454875,0.8065378289473685,0.7571924819747397,0.8065378289473685,0.8052609261952877,1.5320729692691166,0.6267738354431469,0.1979822039889366,0.6267738354431469,0.5759188974535716
324,0.34554657918423654,0.8631443733153639,0.8304417707377503,0.8631443733153639,0.8623521714234805,0.45052460463423477,0.8057154605263158,0.7566535856360385,0.8057154605263158,0.8045055538168636,1.5230517317025645,0.6247256955500289,0.19784428370952448,0.6247256955500289,0.5737667120495444
325,0.3451682174141516,0.8634391846361186,0.829432351212082,0.8634391846361186,0.8626666801656167,0.4491668908219588,0.8081825657894737,0.7534354836469073,0.8081825657894737,0.8070196791330201,1.5290116654806134,0.6244158928771202,0.19712495750051562,0.6244158928771202,0.573160209815022
326,0.3460218593116719,0.8632707210242587,0.8305380327191196,0.8632707210242587,0.8624691698980232,0.4505023313196082,0.8065378289473685,0.7535804344497946,0.8065378289473685,0.8053000202463154,1.5401445942883294,0.6242523859108629,0.1966815699305811,0.6242523859108629,0.5729842714648911
327,0.3464092023449767,0.8636392351752021,0.8305822337760249,0.8636392351752021,0.8627855848590645,0.4498888677672336,0.8079769736842105,0.7572660405357289,0.8079769736842105,0.8066402872439604,1.5233459789794015,0.6255948641601335,0.19734593026668662,0.6255948641601335,0.5747243592414519
328,0.3453219201204912,0.8628916778975741,0.830812189653211,0.8628916778975741,0.86212321212751,0.44718615475453827,0.8067434210526315,0.7566564897436319,0.8067434210526315,0.8054299228437872,1.5424038760135992,0.6230131752192284,0.19518506355078125,0.6230131752192284,0.5709781631498176
329,0.3460195600343843,0.8634075977088949,0.8308689124580686,0.8634075977088949,0.8625629938536222,0.4514089916881762,0.8040707236842105,0.7517214015311852,0.8040707236842105,0.8026842424955519,1.5425237691672342,0.6263779764722082,0.19664118048504248,0.6263779764722082,0.5753616398802588
330,0.34447709802347376,0.864418379380054,0.8314038725500003,0.864418379380054,0.8636357153814259,0.44847135324227183,0.8055098684210527,0.7553390565059758,0.8055098684210527,0.8041834412851013,1.554341482613268,0.6275827646446305,0.1973953908025304,0.6275827646446305,0.5766048786608411
331,0.3461158160732763,0.8632917789757413,0.8308594103357576,0.8632917789757413,0.8625324981179889,0.4462709050429495,0.8104440789473685,0.7624733672278327,0.8104440789473685,0.8093341707308795,1.5351017883246336,0.626300525803981,0.19722472122586035,0.626300525803981,0.5756506431890875
332,0.34487395193377596,0.8643446765498652,0.8331429842378465,0.8643446765498652,0.8635949271619101,0.4487575982746325,0.8079769736842105,0.7571221317434998,0.8079769736842105,0.806794519643491,1.5804343175581532,0.6251731882997857,0.195848154227765,0.6251731882997857,0.5738080379347256
333,0.3443441821558456,0.8653659871967655,0.8334620384004479,0.8653659871967655,0.8646041414476016,0.45151710667108236,0.8053042763157895,0.7556120542220686,0.8053042763157895,0.8040559295824011,1.5338242977505459,0.6232541328537129,0.19630465998204014,0.6232541328537129,0.5720215395920617
334,0.3446622209728889,0.8644710242587601,0.8321335210820505,0.8644710242587601,0.8636463141136527,0.45265127953730133,0.8003700657894737,0.7474199696282188,0.8003700657894737,0.7990606803782201,1.5142433958355277,0.6262747089145719,0.19673828531015217,0.6262747089145719,0.5749206153274714
335,0.3428140552538746,0.8647553066037735,0.8316298121273663,0.8647553066037735,0.8639245165263455,0.4511041390268426,0.8032483552631579,0.7479905910809871,0.8032483552631579,0.8019868016331594,1.5246800003573475,0.6266103284768896,0.19774403312644748,0.6266103284768896,0.5754911315284654
336,0.3434346679728629,0.8648395384097035,0.8340643991173565,0.8648395384097035,0.8640982179481849,0.4492185460893731,0.8050986842105263,0.7477705095260624,0.8050986842105263,0.8039791485032682,1.521314382342797,0.6267049904047227,0.1974028996858159,0.6267049904047227,0.5755829955764112
337,0.34408549663191534,0.8641446260107817,0.8311748870130102,0.8641446260107817,0.8632547505741859,0.4516984883107637,0.8046875,0.7525011712827583,0.8046875,0.8033485747480541,1.5165273442087448,0.6255604416409215,0.19733699478105435,0.6255604416409215,0.5747036912348739
338,0.3438478186124097,0.8642183288409704,0.8300803191623675,0.8642183288409704,0.8632946609924944,0.447654747649243,0.8069490131578947,0.7503844766989924,0.8069490131578947,0.8055191230043592,1.5205278646488107,0.6276171871638426,0.19915648057246707,0.6276171871638426,0.5769458974876057
339,0.34330983921845326,0.8650606469002695,0.8341360392952202,0.8650606469002695,0.8642801413037379,0.4485891916249928,0.8075657894736842,0.7525913093905333,0.8075657894736842,0.8063739098995953,1.5274824591637781,0.6261284132079207,0.1982940344085256,0.6261284132079207,0.5752079358821155
340,0.34251896759891765,0.8646921327493261,0.83374771430063,0.8646921327493261,0.8638853917929469,0.4487704995431398,0.8053042763157895,0.7465418668318724,0.8053042763157895,0.8040028469365312,1.543179954828839,0.6257927936456029,0.19665187917479904,0.6257927936456029,0.5747345617485771
341,0.3416787891214427,0.8654923349056604,0.8330500640835121,0.8654923349056604,0.8646600954995444,0.4498434082457894,0.8055098684210527,0.755027891824369,0.8055098684210527,0.8042674198735342,1.5564604994547016,0.6281249193222206,0.19705402968278432,0.6281249193222206,0.5767885436422984
342,0.34123947951350253,0.8654923349056604,0.8353226768790858,0.8654923349056604,0.8647953692987383,0.4458316737099698,0.80859375,0.7588246323342451,0.80859375,0.8076473111059247,1.5586326729691904,0.6284949614037504,0.1974036759877634,0.6284949614037504,0.5775926559302482
343,0.34219776547822667,0.864860596361186,0.8338541720808313,0.864860596361186,0.864021730521877,0.44716262660528483,0.8038651315789473,0.7522086703180307,0.8038651315789473,0.802451894050614,1.5504813674454347,0.6254399628236792,0.19589153181087784,0.6254399628236792,0.5739511315319427
344,0.34294678242701404,0.8651238207547169,0.8340676441736329,0.8651238207547169,0.8643195972924822,0.4479512838940871,0.8071546052631579,0.7567016073459392,0.8071546052631579,0.8058701625446352,1.5547878367015953,0.6266017228470866,0.19622459741862477,0.6266017228470866,0.5751778608960048
345,0.3414185023854042,0.8651975235849056,0.833354610798625,0.8651975235849056,0.8643422828387327,0.4459906455717589,0.8071546052631579,0.7524420685415931,0.8071546052631579,0.8057685109668705,1.567782757740883,0.6289080316342952,0.19764927127355209,0.6289080316342952,0.5781379188680604
346,0.33935677868658,0.8652712264150944,0.8329469914208223,0.8652712264150944,0.864407993406653,0.44375367541062205,0.8118832236842105,0.7588228001724493,0.8118832236842105,0.8104253342990714,1.5722691930706925,0.6268512861113741,0.19622036833077108,0.6268512861113741,0.57560901450374
347,0.3391570413530355,0.8664504716981132,0.8337812216510605,0.8664504716981132,0.8656311229285011,0.4448864020799336,0.8108552631578947,0.7579807026531595,0.8108552631578947,0.8095685481994859,1.555299500869693,0.6259390893522543,0.19702864151695007,0.6259390893522543,0.5751678994559678
348,0.33804565884996296,0.8664504716981132,0.835354078925482,0.8664504716981132,0.8657102325564626,0.4458846983156706,0.805921052631579,0.7580533442335478,0.805921052631579,0.8049006963554475,1.5660774427792954,0.6275569477552214,0.1971052980756096,0.6275569477552214,0.5766044108583109
349,0.34071271896683625,0.8659134939353099,0.8341580873557204,0.8659134939353099,0.8651543691038502,0.4466884700875533,0.8071546052631579,0.7528595130820296,0.8071546052631579,0.8059410764252843,1.588981009989067,0.6262574976549659,0.19692618462920333,0.6262574976549659,0.575490793382788
350,0.34008048655530515,0.8655660377358491,0.8324407417499878,0.8655660377358491,0.8647326196621353,0.44725312684711654,0.8022203947368421,0.7485652058528455,0.8022203947368421,0.8007900487467492,1.5610895101227367,0.6243642590983021,0.1963986046711687,0.6243642590983021,0.5733132542699119
351,0.33902682681289326,0.8665347035040432,0.836283297126746,0.8665347035040432,0.8657571047058805,0.4443297605765493,0.80859375,0.7571720657242355,0.80859375,0.8074280576211484,1.5941435818173484,0.6295448482397185,0.1982202406942882,0.6295448482397185,0.5788626660713011
352,0.3393134773580854,0.8664083557951483,0.830881913988951,0.8664083557951483,0.8655915688838798,0.4468524910901722,0.8061266447368421,0.7524984084606804,0.8061266447368421,0.8049737314490509,1.55581491030308,0.6271352718948736,0.19763149921457,0.6271352718948736,0.5764993407569798
353,0.33793391122650906,0.8671559130727763,0.8344782343673618,0.8671559130727763,0.8663260443545835,0.4472412137608779,0.8048930921052632,0.758499728327976,0.8048930921052632,0.8036902279269784,1.5590827308376094,0.6279872292453723,0.19768179952031792,0.6279872292453723,0.5770922903105729
354,0.3384007457292305,0.866882159703504,0.8360604573585911,0.866882159703504,0.8661824904083995,0.4462098683181562,0.805921052631579,0.754053146931944,0.805921052631579,0.8049151263647311,1.5416383295503693,0.6265931172172835,0.19687838688078219,0.6265931172172835,0.5760747196439383
355,0.33826908653958465,0.8669032176549866,0.8360018961021926,0.8669032176549866,0.866148750454136,0.44656761696464137,0.8024259868421053,0.7500589531860026,0.8024259868421053,0.801293016134168,1.5581465517347248,0.6271008493756616,0.19842338113498123,0.6271008493756616,0.5770231261483245
356,0.3395455861188009,0.8664294137466307,0.8348181678367039,0.8664294137466307,0.8655386454148608,0.4429503067543632,0.8092105263157895,0.7579948552473759,0.8092105263157895,0.8079634255311584,1.5503116671471089,0.6252506389680129,0.1965402218641966,0.6252506389680129,0.574297963946889
357,0.3368861119380858,0.8673243766846361,0.8353502459304138,0.8673243766846361,0.8664978081007372,0.4450548667656748,0.8067434210526315,0.7567043067982756,0.8067434210526315,0.805421575914197,1.5819176432546849,0.6247687236990439,0.1955065509669978,0.6247687236990439,0.5734394907508448
358,0.3384926946497349,0.8669453335579514,0.8344540349433262,0.8669453335579514,0.8661265185524541,0.4461634880618045,0.807360197368421,0.7561606981571204,0.807360197368421,0.8061383342479334,1.5544106503660924,0.6251990051891948,0.19688203975877502,0.6251990051891948,0.5742817328939857
359,0.33665532516340685,0.8686089117250674,0.8384201723566804,0.8686089117250674,0.8679117969347688,0.4470231815388328,0.8100328947368421,0.758967503831945,0.8100328947368421,0.8088589101791683,1.565505711071877,0.6252678502276189,0.19667708233623635,0.6252678502276189,0.5745498830616531
360,0.3361608186822053,0.867450724393531,0.8360472163307768,0.867450724393531,0.8667784863856398,0.44476856683429916,0.8083881578947368,0.7508357052393324,0.8083881578947368,0.8071778682071203,1.5849523333566842,0.6265759059576775,0.19750014397038357,0.6265759059576775,0.575966790103244
361,0.33651972644412614,0.8678929413746631,0.8359730655925592,0.8678929413746631,0.8671562452883365,0.4462730884552002,0.8081825657894737,0.7510153553825006,0.8081825657894737,0.8069810108416344,1.5936140168053037,0.6239425832379543,0.1964062149835896,0.6239425832379543,0.5731375975380221
362,0.3353877119780229,0.8676402459568733,0.8352562063245527,0.8676402459568733,0.8669489135942136,0.44218582071756063,0.8106496710526315,0.7541563508030581,0.8106496710526315,0.8095154366323782,1.5782654699185206,0.6226603443973047,0.19577564561932387,0.6226603443973047,0.5717543752181979
363,0.3362704002150307,0.8684088611859838,0.8393304467236108,0.8684088611859838,0.8677697198445111,0.44616827368736267,0.8096217105263158,0.7614792244069812,0.8096217105263158,0.8086213510599054,1.5759531143090124,0.622298907945578,0.19540540214831473,0.622298907945578,0.5710785465604964
364,0.33494428330354614,0.8681140498652291,0.8379936002568831,0.8681140498652291,0.8673874673206134,0.44351907623441594,0.811266447368421,0.7570992201980379,0.811266447368421,0.809973565488551,1.5778152347847199,0.6225656824694715,0.19480735344195294,0.6225656824694715,0.5711080728611598
365,0.3361333797402138,0.8677771226415094,0.8374891730490355,0.8677771226415094,0.8670837385827395,0.44324109742515966,0.8090049342105263,0.76296117026497,0.8090049342105263,0.8077447260797728,1.585682088382523,0.6254743853428913,0.1964665409022423,0.6254743853428913,0.5745196643794365
366,0.33555139115235877,0.8681666947439353,0.8363411739194234,0.8681666947439353,0.867419164896628,0.44888715210713837,0.8042763157894737,0.7501283535636635,0.8042763157894737,0.8030370761779841,1.5940182311222422,0.627359018269752,0.19742402089504282,0.627359018269752,0.5767066359841149
367,0.3355522191106791,0.8690827156334232,0.8386409118403749,0.8690827156334232,0.8683453786301351,0.445125212794856,0.8077713815789473,0.7521508458700036,0.8077713815789473,0.8065272515744283,1.5789006592668224,0.6251387657805737,0.19745074266117227,0.6251387657805737,0.5743536264432746
368,0.33530930648595497,0.8681035208894878,0.8353927949698116,0.8681035208894878,0.8672647247182463,0.44444256393533005,0.8096217105263158,0.7586546109041554,0.8096217105263158,0.8083501396984805,1.5760392652221005,0.6245966111029836,0.1963779375783365,0.6245966111029836,0.5738759507374338
369,0.3353726142500289,0.8681772237196765,0.8383239532995452,0.8681772237196765,0.8673994709957075,0.44178111145370885,0.811266447368421,0.7602743008704523,0.811266447368421,0.8100617765922538,1.559063977238381,0.623813498790909,0.19655395727723385,0.623813498790909,0.5729364771105775
370,0.33502058054237677,0.8683878032345014,0.8379009986061998,0.8683878032345014,0.8675825754939538,0.44294693281776026,0.8100328947368421,0.7541850173214479,0.8100328947368421,0.8085995009744418,1.573815906727871,0.6235897524160305,0.19678635396398908,0.6235897524160305,0.5727329800235257
371,0.33589524914312235,0.8691143025606469,0.8382762460485027,0.8691143025606469,0.8683359820535954,0.44478287822321844,0.8079769736842105,0.7525304944906815,0.8079769736842105,0.8064769992659905,1.5615892104045563,0.624286808430075,0.19687580046025774,0.624286808430075,0.5734376116689379
372,0.3341856099203269,0.8688616071428571,0.8375608678043465,0.8688616071428571,0.8681116941592507,0.4419574329727574,0.8092105263157895,0.7551371187765187,0.8092105263157895,0.8078781969512298,1.583159778990801,0.6235983580458336,0.19632094662298513,0.6235983580458336,0.5726543667063394
373,0.33465587546561926,0.8690090128032345,0.8386773287510261,0.8690090128032345,0.868247740565157,0.4427252788292734,0.80859375,0.7564087523601865,0.80859375,0.8071959554596301,1.606570122786773,0.6242782028002719,0.1964190885746418,0.6242782028002719,0.573510637250058
374,0.3350164975438799,0.8676402459568733,0.8359092940119593,0.8676402459568733,0.866711442040403,0.44498981143298905,0.809827302631579,0.7619148770528631,0.809827302631579,0.8084618272037267,1.5984786884855053,0.6233918229305612,0.19640067039666992,0.6233918229305612,0.5723216010753648
375,0.3330798305751821,0.8690300707547169,0.837963781976266,0.8690300707547169,0.8682274516803948,0.44225385471394185,0.8108552631578947,0.7606678310942155,0.8108552631578947,0.8095481941401083,1.563508219538708,0.6226689500271078,0.19587871063514214,0.6226689500271078,0.571562977141634
376,0.3347833493167178,0.8695459905660378,0.8383090683815054,0.8695459905660378,0.8687969594551886,0.4466329907116137,0.8081825657894737,0.7561025988596867,0.8081825657894737,0.8069695290644255,1.5426493506771635,0.6246826674010137,0.19681098996097082,0.6246826674010137,0.5740120882963138
377,0.33196014165878296,0.8709252863881402,0.8399466559890394,0.8709252863881402,0.870190895060197,0.4413631448620244,0.8127055921052632,0.7609134865341128,0.8127055921052632,0.8115354629454987,1.5972614318223959,0.62432983657909,0.19558202817355777,0.62432983657909,0.5731147664416528
378,0.33295291067776334,0.8700619103773585,0.8389797569126475,0.8700619103773585,0.8693380122196267,0.44251317099521037,0.809827302631579,0.7568299086640435,0.809827302631579,0.8086892742197094,1.579977523550846,0.6244847379155444,0.19625416524210695,0.6244847379155444,0.5733933458380504
379,0.33148789172866594,0.8699460916442049,0.8392423643335246,0.8699460916442049,0.8692561430907214,0.44122676629769175,0.80859375,0.7560935535083771,0.80859375,0.8073578116071499,1.6000219240921727,0.6241319070936207,0.19679112862686152,0.6241319070936207,0.5733922265345147
380,0.33266740965072034,0.8700303234501348,0.838576731810241,0.8700303234501348,0.8692639358249572,0.44136525141565425,0.8106496710526315,0.7560157158077071,0.8106496710526315,0.8094199374785143,1.5810303446959368,0.6225570768396685,0.19478835670216002,0.6225570768396685,0.5713603059558359
381,0.33241881827781145,0.8698513308625337,0.8387199265781256,0.8698513308625337,0.869088469469117,0.4428025295859889,0.809827302631579,0.7558007061244203,0.809827302631579,0.8084045752861581,1.567270618565781,0.6252334277084068,0.19690153660436144,0.6252334277084068,0.574709724167054
382,0.3313440453974063,0.8696828672506739,0.8386181894472143,0.8696828672506739,0.8689974087260874,0.44510569541077866,0.80859375,0.7556745253621437,0.80859375,0.8073365851500064,1.600376058855657,0.6260509625396935,0.19724286040540365,0.6260509625396935,0.5755241674766833
383,0.3328416467998227,0.8697881570080862,0.8394975080787408,0.8697881570080862,0.8691380733823224,0.4442792738738813,0.8044819078947368,0.7491902178420623,0.8044819078947368,0.8032413525491804,1.5931903081579446,0.6261198075781176,0.19673810878271444,0.6261198075781176,0.5754350348980893
384,0.330590797884445,0.8711990397574124,0.8412857385164562,0.8711990397574124,0.8704362350027512,0.44366807843509476,0.8094161184210527,0.7617043434655465,0.8094161184210527,0.8080465395196293,1.5796543838530472,0.6257239486071788,0.19732428544527597,0.6257239486071788,0.5747750876395364
385,0.3305353554432604,0.8709884602425876,0.8411453475964066,0.8709884602425876,0.8702615209520433,0.44354404116931717,0.8110608552631579,0.7647246083076473,0.8110608552631579,0.8099654301297938,1.5860677283968398,0.6246052167327866,0.19618792506891752,0.6246052167327866,0.5730395071009813
386,0.332104687983135,0.8698302729110512,0.8400106338390915,0.8698302729110512,0.869103143397589,0.4448090368195584,0.8077713815789473,0.7580286446342137,0.8077713815789473,0.80647760360207,1.5825100537313954,0.6259304837224512,0.19649671180519726,0.6259304837224512,0.5750261185382604
387,0.329109141286814,0.8711885107816711,0.841908770987885,0.8711885107816711,0.8705220185666365,0.4399466404789372,0.8127055921052632,0.7635044129676016,0.8127055921052632,0.8116369830528957,1.6147507603120907,0.6240974845744086,0.19617664694173517,0.6240974845744086,0.5736462493570419
388,0.33162182585569727,0.8703988376010782,0.839226248863431,0.8703988376010782,0.8695687777402429,0.44233280420303345,0.8135279605263158,0.7593933961341034,0.8135279605263158,0.8122473785489731,1.5995831044540143,0.6270233987074344,0.1973582806717462,0.6270233987074344,0.5762796172068286
389,0.33175379142285677,0.8711463948787062,0.8408275346008066,0.8711463948787062,0.8703660582827167,0.44137443209949295,0.8135279605263158,0.7647519785613877,0.8135279605263158,0.8122202357662097,1.5793932265484742,0.6257841880157999,0.19755964203867812,0.6257841880157999,0.5754852232163624
390,0.32950605721165227,0.871841307277628,0.8413920090798044,0.871841307277628,0.8710994999451015,0.44107897814951447,0.8120888157894737,0.7655389117026548,0.8120888157894737,0.8109046670624745,1.586387674082165,0.6257583711263909,0.19703321045790195,0.6257583711263909,0.5752510334168418
391,0.3299871622873445,0.8699776785714286,0.8391681698858388,0.8699776785714286,0.869155550987072,0.4436883989133333,0.8071546052631579,0.7541866973657996,0.8071546052631579,0.8057570794451034,1.5837549110520208,0.6254743853428913,0.19711778012914252,0.6254743853428913,0.5750108152727138
392,0.32947165593304084,0.8711779818059299,0.8393879863597687,0.8711779818059299,0.8704564284806477,0.4450796073988864,0.8087993421052632,0.7568995102581951,0.8087993421052632,0.8076315553668639,1.5541669375898322,0.6258874555734362,0.19666456609294405,0.6258874555734362,0.5750453813832899
393,0.3282133484625752,0.8719571260107817,0.8411358518888259,0.8719571260107817,0.8710946252570338,0.4426048350961585,0.8075657894736842,0.757217633688432,0.8075657894736842,0.8062135006172209,1.5614404069172259,0.6228582738827741,0.19527942634465867,0.6228582738827741,0.5713092383156536
394,0.32794622771662846,0.8728205020215634,0.8426314874545977,0.8728205020215634,0.872031800985953,0.4426093760289644,0.8067434210526315,0.7485586463599245,0.8067434210526315,0.8053816234840022,1.5678256992150819,0.6240286395359844,0.19558383190329387,0.6240286395359844,0.5726197219245839
395,0.32828307151794434,0.871441206199461,0.8417762203348419,0.871441206199461,0.8707481342189713,0.444053064835699,0.8057154605263158,0.7521586630645473,0.8057154605263158,0.8043691796963954,1.5503124419608139,0.626834074851768,0.1981418266710408,0.626834074851768,0.5761452179445793
396,0.32827146423634174,0.872673096361186,0.8429630764709394,0.872673096361186,0.8719907523183497,0.4420060985966733,0.8094161184210527,0.758189463709497,0.8094161184210527,0.808144030246601,1.5465482072155259,0.6254141459342702,0.19614893895804614,0.6254141459342702,0.5744072664275514
397,0.32618985455633814,0.8727678571428571,0.8411923174168796,0.8727678571428571,0.8720471350643013,0.441263685100957,0.8081825657894737,0.7587452626689046,0.8081825657894737,0.8068101993732345,1.5719570214913159,0.6258788499436331,0.1975654835476148,0.6258788499436331,0.5752030602034206
398,0.3276005566843115,0.871883423180593,0.8406463181081836,0.871883423180593,0.8711330706629435,0.44041791715120016,0.8102384868421053,0.7525491766963086,0.8102384868421053,0.808752676451968,1.6104487461326595,0.6265673003278744,0.1974956950089995,0.6265673003278744,0.5760199040839693
399,0.32762918944628733,0.8720097708894878,0.8401771135242824,0.8720097708894878,0.8713011911967115,0.439847458350031,0.8131167763157895,0.7610950371303264,0.8131167763157895,0.8118825264246725,1.6036716796760464,0.6241577239830297,0.1960051687863588,0.6241577239830297,0.5735458216832221
400,0.32761396471702187,0.8719465970350404,0.8411032184082508,0.8719465970350404,0.8711601910878618,0.4426598517518294,0.8104440789473685,0.7575399414956069,0.8104440789473685,0.8091075524543712,1.6035458692224827,0.6248461743672711,0.19632989318179503,0.6248461743672711,0.5740815301810287
401,0.32654511783964874,0.8729994946091644,0.8425597673258025,0.8729994946091644,0.8722785089820043,0.4383227621254168,0.8100328947368421,0.7561949500072702,0.8100328947368421,0.8086406810610086,1.6004454639283527,0.6261370188377237,0.19782714293262996,0.6261370188377237,0.5756070129099491
402,0.3261995960599329,0.8730521394878706,0.8434095428197559,0.8730521394878706,0.8724183916064654,0.4399090111255646,0.8139391447368421,0.76230522831628,0.8139391447368421,0.812629992204927,1.5852191669810067,0.6261456244675266,0.19662976748385597,0.6261456244675266,0.5752120881404313
403,0.3257484453306044,0.8733153638814016,0.8428021866842875,0.8733153638814016,0.8726399206556006,0.43636254260414525,0.8127055921052632,0.7580105977516227,0.8127055921052632,0.8114448406946335,1.6140966956757408,0.6247170899202258,0.19718243248009631,0.6247170899202258,0.573942785616513
404,0.326655342451967,0.8741576819407008,0.8427604811065839,0.8741576819407008,0.8734682172261601,0.44226229347680746,0.8050986842105263,0.7574926928065826,0.8050986842105263,0.8039854561432505,1.5938536479454792,0.6242007521320447,0.1963290296770135,0.6242007521320447,0.573273744844288
405,0.3252750098946281,0.8728310309973046,0.8435505899316073,0.8728310309973046,0.8721704947222222,0.4386906529727735,0.8106496710526315,0.7580216934949238,0.8106496710526315,0.8093717695997438,1.5694778999931398,0.622772217584744,0.19480165394023977,0.622772217584744,0.5714483249914281
406,0.32677957560174226,0.8728836758760108,0.8416999357799859,0.8728836758760108,0.8721903348292211,0.4401938036868447,0.809827302631579,0.7529478279006516,0.809827302631579,0.8084756509237225,1.6004288612810884,0.6253366952660431,0.19653187706306005,0.6253366952660431,0.5743631880282859
407,0.326146121094169,0.8728099730458221,0.8408851202085247,0.8728099730458221,0.8720547241752001,0.44218034807004425,0.8106496710526315,0.7595125036513866,0.8106496710526315,0.8093872315561341,1.599297169223213,0.6219546827534573,0.19535289918552928,0.6219546827534573,0.5708340712255962
408,0.32580862067780403,0.8731469002695418,0.8415515110920164,0.8731469002695418,0.8723435461904496,0.4409915428412588,0.813733552631579,0.762181986618397,0.813733552631579,0.8124190142586563,1.613638458504892,0.6269115255199952,0.19708942783468997,0.6269115255199952,0.5755404311590746
409,0.32438848141550697,0.8739681603773585,0.8444076062322468,0.8739681603773585,0.8733523498887958,0.4414743216414201,0.8129111842105263,0.7645429189474761,0.8129111842105263,0.8118111952944954,1.6043530099081282,0.622823851363562,0.1960651906602422,0.622823851363562,0.5720572652317637
410,0.3261029290944097,0.8730416105121294,0.8409415817829021,0.8730416105121294,0.8723422550903084,0.43855551355763484,0.8129111842105263,0.7655012796168147,0.8129111842105263,0.8116178245735854,1.5987737097091863,0.6231250484066676,0.1955529805560851,0.6231250484066676,0.5722804808909786
411,0.3245559230326321,0.8735996462264151,0.8417121044786493,0.8735996462264151,0.8728371491518557,0.4384301351873498,0.8106496710526315,0.7573135284302879,0.8106496710526315,0.8093208561942762,1.6278166044977436,0.6236069636756366,0.1951621320288066,0.6236069636756366,0.5726095718122788
412,0.32428955176287905,0.874431435309973,0.8455501209967055,0.874431435309973,0.8736710224009526,0.4385057546590504,0.8116776315789473,0.7682517755620928,0.8116776315789473,0.8106184162241988,1.5999216751107561,0.6224538092820323,0.19425460053561516,0.6224538092820323,0.5710036783048378
413,0.324243976340461,0.8740313342318059,0.8431637411312678,0.8740313342318059,0.8733617640848176,0.4386983451090361,0.8133223684210527,0.7652938957912296,0.8133223684210527,0.81211361641035,1.59541384724343,0.6244589210261353,0.195519736789659,0.6244589210261353,0.5734403062106052
414,0.3244749005592737,0.8734627695417789,0.8427397480596923,0.8734627695417789,0.8727695652321525,0.43854423573142604,0.8116776315789473,0.7670880214210462,0.8116776315789473,0.8104429769520765,1.621525655210069,0.6249666531845133,0.19670116938244392,0.6249666531845133,0.5745233228822701
415,0.3231897283034183,0.8743682614555256,0.8450299581077466,0.8743682614555256,0.873727007559003,0.4371931552886963,0.8157894736842105,0.768048639159346,0.8157894736842105,0.8145528820457052,1.6243146340026298,0.6255088078621034,0.19675811573778118,0.6255088078621034,0.5746069239697099
416,0.3249734125208019,0.8738523416442049,0.8425487812742721,0.8738523416442049,0.8730650004052558,0.43526921774211685,0.8141447368421053,0.7608966863371153,0.8141447368421053,0.8125585231532092,1.6145203403077226,0.6225828937290776,0.194610970987491,0.6225828937290776,0.5712570106655441
417,0.3234765579838637,0.873420653638814,0.8435449251359698,0.873420653638814,0.8726836647692767,0.43626387966306585,0.811266447368421,0.7584982276910618,0.811266447368421,0.8099519891995336,1.6400393080007822,0.6233918229305612,0.19522869629293169,0.6233918229305612,0.5721479975081946
418,0.323687180836567,0.8735891172506739,0.84263087768608,0.8735891172506739,0.8728828188878182,0.4356463880915391,0.8143503289473685,0.7585146502428578,0.8143503289473685,0.8130464756902713,1.6108101350311612,0.6228324569933651,0.19463213036101892,0.6228324569933651,0.5714219651225433
419,0.32312860418201456,0.8750105289757413,0.8441402720405201,0.8750105289757413,0.8742513985306122,0.43607275736959356,0.8155838815789473,0.7602339902356234,0.8155838815789473,0.814223233311492,1.622866815958842,0.6260767794291026,0.19608341209904653,0.6260767794291026,0.5750505875031454
420,0.3229883222406444,0.8750631738544474,0.845268619882993,0.8750631738544474,0.8743004429633379,0.4325006604194641,0.8182565789473685,0.7712187502006624,0.8182565789473685,0.8169365674318131,1.6107985861938303,0.6222558797965629,0.19462237446312577,0.6222558797965629,0.5708624521241673
421,0.32304156999382366,0.8748315363881402,0.8452199573322003,0.8748315363881402,0.8741897013528724,0.4357630484982541,0.8159950657894737,0.7674381521978354,0.8159950657894737,0.814935735434319,1.631230502759799,0.6216190631911397,0.1951745466224246,0.6216190631911397,0.5707769225953818
422,0.321584008895162,0.875347456199461,0.8459978858414182,0.875347456199461,0.874716419640092,0.43544287587466995,0.8141447368421053,0.7657379747619363,0.8141447368421053,0.8130524272550265,1.6215199700380782,0.6246568505116047,0.19611159758302657,0.6246568505116047,0.5736593391791202
423,0.3233640640974045,0.8752105795148248,0.8451376482359704,0.8752105795148248,0.8744700029224932,0.43780654355099324,0.8114720394736842,0.7654508485164787,0.8114720394736842,0.8100869801530656,1.6280280091293249,0.6226861612867137,0.1950875665510788,0.6226861612867137,0.571604410341066
424,0.32375303681969964,0.8751895215633423,0.8462400430856601,0.8751895215633423,0.8745306264000015,0.4395706433998911,0.8118832236842105,0.7595285318536096,0.8118832236842105,0.8107280012802311,1.6396943982028727,0.625310878376634,0.1962069536599346,0.625310878376634,0.5743914443438752
425,0.3235405095503979,0.8736628200808625,0.8418614611534239,0.8736628200808625,0.8729423865168954,0.4395831541011208,0.8145559210526315,0.7578526321392236,0.8145559210526315,0.8131995273994641,1.6215109467782367,0.6228840907721832,0.19520835909288206,0.6228840907721832,0.5716183712067654
426,0.32198856811157134,0.875789673180593,0.8460029323305113,0.875789673180593,0.8751428760658463,0.4357224734205949,0.8133223684210527,0.7582691868954099,0.8133223684210527,0.8121360059577574,1.610513167251083,0.622772217584744,0.19491749544202266,0.622772217584744,0.5710277198817769
427,0.32318988695459544,0.8751684636118598,0.8448774559790577,0.8751684636118598,0.8744733116341732,0.4380027667472237,0.8139391447368421,0.7629645198433171,0.8139391447368421,0.8126515330669427,1.63406306442779,0.62478593495865,0.19574599632578574,0.62478593495865,0.5734089803616306
428,0.321658547997796,0.8749262971698113,0.8437981533372582,0.8749262971698113,0.8741099525210635,0.43639856263210897,0.813733552631579,0.7625795706834436,0.813733552631579,0.8123761817240077,1.6284062994507909,0.6227377950655318,0.19513674726763916,0.6227377950655318,0.5710742315805909
429,0.32131771590671127,0.8762845350404312,0.8473460650606979,0.8762845350404312,0.8756210003174889,0.4354981325174633,0.8116776315789473,0.7656206130287402,0.8116776315789473,0.8106069276747015,1.6179835184136897,0.6231422596662737,0.19521421674859082,0.6231422596662737,0.571983866315843
430,0.3222501766729869,0.8751158187331537,0.8459359051777844,0.8751158187331537,0.8744030995750782,0.4343488137972982,0.8143503289473685,0.7626671394420483,0.8143503289473685,0.8130880138931703,1.6303608892889356,0.6250871320017556,0.19646817231077032,0.6250871320017556,0.5742867704040002
431,0.32113708366923577,0.8757264993261455,0.8455153658047365,0.8757264993261455,0.875015229625902,0.43478392299852875,0.8141447368421053,0.7612890378592425,0.8141447368421053,0.8129444874638062,1.6086524727648108,0.6234004285603642,0.1954112832551235,0.6234004285603642,0.5723575300255712
432,0.31969553694088826,0.8770742082210242,0.846936465935063,0.8770742082210242,0.8763962544646987,0.43577345107731064,0.8114720394736842,0.7589063365015395,0.8114720394736842,0.8102717270980427,1.6273582204539672,0.6211457535519737,0.19470164178496094,0.6211457535519737,0.5695565341496099
433,0.3207094665727204,0.8755475067385444,0.8469658555555986,0.8755475067385444,0.8749192648915023,0.4367426602463973,0.8092105263157895,0.7580346118522643,0.8092105263157895,0.8080862720669819,1.650432939172539,0.6225828937290776,0.19380824629106216,0.6225828937290776,0.5706728992214243
434,0.3199511264774677,0.8768425707547169,0.8483496114809218,0.8768425707547169,0.87614472122732,0.43343914653125565,0.8153782894736842,0.7695712340363446,0.8153782894736842,0.8140411489294009,1.5983032904349324,0.622298907945578,0.1946441157764604,0.622298907945578,0.5708809960624561
435,0.3189914943072995,0.8768320417789758,0.8487887596600302,0.8768320417789758,0.8762539964165513,0.43331330544070196,0.8172286184210527,0.773784407900277,0.8172286184210527,0.8161255427083582,1.6250057427171993,0.6230131752192284,0.19481454747907495,0.6230131752192284,0.5721335598892602
436,0.32038218413562464,0.8752316374663073,0.8453650877038922,0.8752316374663073,0.874529533604531,0.4361919839131205,0.8122944078947368,0.7632318771776239,0.8122944078947368,0.8111116635057588,1.6197340831331224,0.6242437802810599,0.19543178419279753,0.6242437802810599,0.5733182994059675
437,0.3195796691664467,0.8768320417789758,0.846984252983033,0.8768320417789758,0.8761210950063061,0.43326114353380707,0.8135279605263158,0.7619859648776305,0.8135279605263158,0.8122861945894673,1.6332860862006553,0.6228926964019862,0.19522898603349184,0.6228926964019862,0.5717868685507844
438,0.31905421417839125,0.8773479615902965,0.847535333637538,0.8773479615902965,0.8767003019304828,0.4336652834164469,0.8122944078947368,0.7635374545519945,0.8122944078947368,0.8111962940172933,1.6210506391524448,0.6234692735987883,0.1952436593540209,0.6234692735987883,0.5725514753451061
439,0.31900410635291404,0.8766951650943396,0.8469419974612858,0.8766951650943396,0.875981809541331,0.4351085408737785,0.8122944078947368,0.7644166982198799,0.8122944078947368,0.8110984023108748,1.6646690563506283,0.6213781055566552,0.1945589059488087,0.6213781055566552,0.5698472465592284
440,0.31984989879266273,0.878074460916442,0.8495342337731507,0.878074460916442,0.8774716344152885,0.4329070370448263,0.813733552631579,0.7598960867417726,0.813733552631579,0.8125324185412746,1.6350278887146696,0.6234176398199702,0.1949468498880658,0.6234176398199702,0.5723286843905034
441,0.3183500075918645,0.8772110849056604,0.8487921911925319,0.8772110849056604,0.8765217093292091,0.4338118637862958,0.8168174342105263,0.7637496410632963,0.8168174342105263,0.8154259001500325,1.6339032503581585,0.623796287531303,0.19462505941678204,0.623796287531303,0.5726353270782866
442,0.31758692101487573,0.8773900774932615,0.8478743788600115,0.8773900774932615,0.8767295092926685,0.4303849198316273,0.8129111842105263,0.7601901355870708,0.8129111842105263,0.811669309574506,1.6252725520232496,0.6226947669165168,0.19536404567467167,0.6226947669165168,0.5717288083507647
443,0.3182973958893285,0.8774006064690026,0.8487023559692958,0.8774006064690026,0.8767949740992774,0.4346412984948409,0.8127055921052632,0.760109196279663,0.8127055921052632,0.8115226016806069,1.6237621211843938,0.6242782028002719,0.19547873364576365,0.6242782028002719,0.5733990790398888
444,0.3168654234984493,0.8782323955525606,0.8486986330840322,0.8782323955525606,0.8775909432109016,0.433926732916581,0.811266447368421,0.7610005707026861,0.811266447368421,0.8101002121411017,1.6325435683986667,0.6243728647281052,0.19567635203060946,0.6243728647281052,0.5732084157473197
445,0.31773979688751086,0.8783903301886793,0.8493095906938793,0.8783903301886793,0.8777215696950867,0.4354762293790516,0.8143503289473685,0.7663164317247155,0.8143503289473685,0.8131277233343827,1.6268723628427058,0.6213953168162611,0.19478712033099405,0.6213953168162611,0.5700750688652083
446,0.3171386480974059,0.8776006570080862,0.849228490513762,0.8776006570080862,0.876851941729441,0.4353925852399123,0.8114720394736842,0.7632664223684961,0.8114720394736842,0.8101445137501413,1.645697374356716,0.6237274424928788,0.19513485555623714,0.6237274424928788,0.5724189850199985
447,0.3171491340164226,0.8782429245283019,0.8487262264624374,0.8782429245283019,0.8775725189816181,0.4360451180683939,0.8122944078947368,0.7612382023328158,0.8122944078947368,0.8109488113793603,1.6500866780296208,0.6242437802810599,0.1960570735744922,0.6242437802810599,0.5732028843297847
448,0.31638096903533625,0.8786535545822103,0.8483012172528369,0.8786535545822103,0.8779341566545924,0.4328328872981824,0.809827302631579,0.7608860521716018,0.809827302631579,0.8086081686787541,1.6353813408502442,0.6220923728303056,0.19581803025589165,0.6220923728303056,0.5713128224072674
449,0.31578120091212086,0.8792326482479784,0.850868083519943,0.8792326482479784,0.8785891343199411,0.43284067197849874,0.8104440789473685,0.7587718977722915,0.8104440789473685,0.8092232259055379,1.6526933020242882,0.6236499918246516,0.19634985242673877,0.6236499918246516,0.5731820560222711
450,0.31765534558064856,0.8783482142857143,0.8492870736816204,0.8783482142857143,0.8776479225962116,0.43522724038676214,0.8108552631578947,0.7629756732965118,0.8108552631578947,0.8096798770178385,1.6249330597834883,0.6228410626231681,0.1952973711388832,0.6228410626231681,0.5719661330329441
451,0.31814657553347614,0.877853352425876,0.8482282070098067,0.877853352425876,0.8771089168396179,0.43623279897790207,0.8133223684210527,0.7630157784011727,0.8133223684210527,0.8119170884112018,1.6461821258389695,0.6228324569933651,0.19489781261796388,0.6228324569933651,0.5719009700715639
452,0.3149926780529742,0.8781797506738545,0.8487107969328959,0.8781797506738545,0.877539574576333,0.4343105883974778,0.8155838815789473,0.7691095106856334,0.8155838815789473,0.8145088037799314,1.6520717906706517,0.6210855141433526,0.19435857757769606,0.6210855141433526,0.5697176128731245
453,0.31720944279127045,0.8786114386792453,0.8500490432063611,0.8786114386792453,0.8780378600179095,0.4357775277213046,0.8153782894736842,0.7630273081979695,0.8153782894736842,0.8142807470192935,1.6237244895385503,0.6230475977384405,0.19569838712340829,0.6230475977384405,0.5720565974139055
454,0.3163477050647581,0.8781376347708895,0.8488369548628356,0.8781376347708895,0.8775507927640048,0.43121627600569473,0.8157894736842105,0.7667824000942609,0.8157894736842105,0.8147251357846453,1.6492611721159183,0.6256809204581637,0.1961769253114791,0.6256809204581637,0.5746327744541225
455,0.315304683827647,0.8785693227762803,0.8493043905001205,0.8785693227762803,0.8778283209629603,0.4318267248178783,0.8143503289473685,0.7621890738344625,0.8143503289473685,0.8131865870109913,1.6256802343781982,0.6215846406719275,0.19392844371880832,0.6215846406719275,0.5701525847614455
456,0.3179483759114042,0.8772426718328841,0.8481504969637726,0.8772426718328841,0.8764582527328586,0.4328518792202598,0.8135279605263158,0.7606111216924741,0.8135279605263158,0.8120973736825224,1.6189367926096239,0.6228754851423801,0.19619514612249814,0.6228754851423801,0.5719237253376307
457,0.3166314508073092,0.8782745114555256,0.8485105625202881,0.8782745114555256,0.8776123816336655,0.4345260529141677,0.8155838815789473,0.760453283811476,0.8155838815789473,0.8143544299741449,1.6247747714117995,0.6243728647281052,0.19693304693054467,0.6243728647281052,0.5738579606823169
458,0.3175551390872811,0.8790115397574124,0.849726828577941,0.8790115397574124,0.8783307145475724,0.43538569306072433,0.8102384868421053,0.7591565810635805,0.8102384868421053,0.8087917902823472,1.6285118144815174,0.625775582385997,0.1976106041121686,0.625775582385997,0.5749910372220086
459,0.31653839329664274,0.8786640835579514,0.8501046324199566,0.8786640835579514,0.8780322088490998,0.4334635562018344,0.811266447368421,0.7655405086922797,0.811266447368421,0.8101735140718153,1.6324032639705806,0.6247687236990439,0.19721842655549032,0.6247687236990439,0.5742503645577001
460,0.315312436528283,0.8794116408355795,0.8495070167014377,0.8794116408355795,0.8787218941110719,0.4319275492116025,0.8139391447368421,0.766137560638949,0.8139391447368421,0.8127239821285179,1.6229084870928594,0.6239425832379543,0.19720790101947738,0.6239425832379543,0.5733204266959058
461,0.3170951794421255,0.8776848888140162,0.8478008159219369,0.8776848888140162,0.8770310891182342,0.43284498547252853,0.80859375,0.7532682638847136,0.80859375,0.8072724877378183,1.6072779740733096,0.6237274424928788,0.19768546460072972,0.6237274424928788,0.5734217396312797
462,0.31417707183129706,0.8799275606469003,0.8527690673202344,0.8799275606469003,0.8793778724510057,0.4329612082556674,0.8145559210526315,0.7717453080962734,0.8145559210526315,0.8136747620480986,1.6174425203205216,0.6228668795125771,0.1970383264025686,0.6228668795125771,0.5722606161042739
463,0.31579803468564127,0.8788114892183289,0.8502608508519283,0.8788114892183289,0.8781680877954675,0.4337620813595621,0.8114720394736842,0.7577752400750296,0.8114720394736842,0.8101810792147852,1.6055871567209055,0.6219030489746392,0.19638013104827445,0.6219030489746392,0.5712348167815253
464,0.3143424130273315,0.8793589959568733,0.8510259183530424,0.8793589959568733,0.8788637272148483,0.4329025557166652,0.8141447368421053,0.7688729358424922,0.8141447368421053,0.8132681161084652,1.6358622067731918,0.6215157956335035,0.1967261715814354,0.6215157956335035,0.5710512075849982
465,0.31532737773383723,0.8790957715633423,0.8492939032705676,0.8790957715633423,0.8782711321219753,0.4322208009268108,0.8110608552631579,0.7634135495293849,0.8110608552631579,0.8096135224070603,1.6543972925792143,0.6212059929605949,0.19591315027051584,0.6212059929605949,0.570442326227596
466,0.31570340580535383,0.8786956704851752,0.848060388001666,0.8786956704851752,0.8779996013900179,0.4352086280521594,0.8127055921052632,0.7624363495107266,0.8127055921052632,0.8114029981284115,1.633107432377096,0.6226173162482896,0.1961295892186213,0.6226173162482896,0.5719313290959305
467,0.315991303991436,0.8788325471698113,0.8505635850334181,0.8788325471698113,0.8782394661752538,0.431802046926398,0.811266447368421,0.7604500930067647,0.811266447368421,0.8100385854086998,1.5961285720360616,0.6205605707253685,0.19573603921997412,0.6205605707253685,0.5695141522813726
468,0.3123699870071,0.88026448787062,0.8527437652473128,0.88026448787062,0.8796703548508786,0.4290269628951424,0.8155838815789473,0.7696382505230702,0.8155838815789473,0.8145562247265168,1.6271070613734533,0.6213522886672461,0.1956601876073676,0.6213522886672461,0.5697688925323892
469,0.3131114856975098,0.8795485175202157,0.8500338141144431,0.8795485175202157,0.8789068792801444,0.4270586481219844,0.8155838815789473,0.7631993274234344,0.8155838815789473,0.8143429044194372,1.651280518700551,0.6194246275913703,0.19502414616321845,0.6194246275913703,0.5684174461426259
470,0.3137056427101562,0.879653807277628,0.8510442652587283,0.879653807277628,0.8789918770456776,0.43076208704396296,0.8122944078947368,0.7632858914615804,0.8122944078947368,0.8111544887485669,1.638910306802579,0.6222558797965629,0.19694916141108007,0.6222558797965629,0.5716462966614765
471,0.3127768418056303,0.8806751179245284,0.8521810597103368,0.8806751179245284,0.880061129515833,0.4323866367340088,0.8116776315789473,0.75905820851063,0.8116776315789473,0.8104370172336008,1.6517176593715337,0.6238479213101211,0.1986194935465082,0.6238479213101211,0.5737562018741275
472,0.3134221593244378,0.8797906839622641,0.8502938805049547,0.8797906839622641,0.8791396450286014,0.43365114456728887,0.813733552631579,0.7621667379511907,0.813733552631579,0.8126417674023484,1.6788619394053204,0.6226259218780926,0.19573454551128533,0.6226259218780926,0.5719964063496462
473,0.31461153249695617,0.8797906839622641,0.8511389345482611,0.8797906839622641,0.879234867781173,0.43236726051882696,0.8168174342105263,0.768392029462283,0.8168174342105263,0.815694792260869,1.6674471070850303,0.6244417097665292,0.19694658641080506,0.6244417097665292,0.5740290478993685
474,0.31301100046004887,0.8788009602425876,0.8501869024546308,0.8788009602425876,0.8781183573671512,0.4310778457867472,0.8162006578947368,0.7661782557116917,0.8162006578947368,0.8149083305747634,1.6739251456381692,0.6208617677684741,0.19702962963503415,0.6208617677684741,0.5706104251745615
475,0.31297394203529205,0.8792958221024259,0.8521967228793106,0.8792958221024259,0.8786453421151805,0.4281185159557744,0.8178453947368421,0.7624934042208685,0.8178453947368421,0.8164641915212695,1.6581637813375203,0.6238995550889392,0.19583630773008628,0.6238995550889392,0.5731502295002758
476,0.314621756942767,0.8789167789757413,0.8491377235032329,0.8789167789757413,0.878281775476625,0.43305722349568415,0.8139391447368421,0.7631646937945646,0.8139391447368421,0.8126919985892846,1.6453192833527552,0.625285061487225,0.1977391099224717,0.625285061487225,0.5749239063220066
477,0.3106926426170971,0.8805171832884097,0.8502164865724923,0.8805171832884097,0.8798803351868869,0.4306652436130925,0.813733552631579,0.7613714021237673,0.813733552631579,0.8126188360489283,1.6465016721609154,0.6233918229305612,0.1972702818705061,0.6233918229305612,0.572902507150069
478,0.3121759837689104,0.8801381401617251,0.8516881358131619,0.8801381401617251,0.8794437597832658,0.43175387382507324,0.815172697368421,0.7692306205344507,0.815172697368421,0.8138596952652689,1.6533934019525405,0.6229873583298193,0.19621717158335064,0.6229873583298193,0.5721637647138177
479,0.31334134771656796,0.8792958221024259,0.8495417460527172,0.8792958221024259,0.8785386107166829,0.4368348937285574,0.8157894736842105,0.76444894616897,0.8157894736842105,0.814479487746836,1.6745753821465503,0.6225398655800625,0.19576181971811515,0.6225398655800625,0.5716732320194159
480,0.3140842473169543,0.8802750168463612,0.8493431314764212,0.8802750168463612,0.8795508084983954,0.43017255946209554,0.81640625,0.7636049613123822,0.81640625,0.814986730284036,1.6462945098445185,0.6235725411564246,0.19771381591882017,0.6235725411564246,0.5729090488361581
481,0.31218896866487367,0.8812963274932615,0.8530223152181391,0.8812963274932615,0.8806818873408055,0.4284466332510898,0.8143503289473685,0.7657304908882236,0.8143503289473685,0.813159987896781,1.6338796532084428,0.6242437802810599,0.197207557193157,0.6242437802810599,0.5736159866577781
482,0.3120457034387357,0.8803276617250674,0.8520078652434299,0.8803276617250674,0.8796396098232355,0.43203423838866384,0.8110608552631579,0.7577071311615466,0.8110608552631579,0.809818981259761,1.6507639778986514,0.6236413861948487,0.19836536758628914,0.6236413861948487,0.5733147578020661
483,0.31171093411201417,0.8810331030997305,0.8490310819847638,0.8810331030997305,0.8803231353291981,0.4326596526723159,0.8139391447368421,0.763760129852009,0.8139391447368421,0.8127516427191233,1.666440620787204,0.6215932463017306,0.19805300082848734,0.6215932463017306,0.5706984444773647
484,0.31152078256292165,0.8809278133423181,0.851781190972216,0.8809278133423181,0.8803067421785511,0.4342647916392276,0.8133223684210527,0.7629111947333251,0.8133223684210527,0.8121273022873633,1.6849649825685022,0.6212145985903978,0.19709926320503054,0.6212145985903978,0.5707231666722038
485,0.3122584404890749,0.8812015667115903,0.8522802809758715,0.8812015667115903,0.8806221609835284,0.43423616729284586,0.8104440789473685,0.7647339056617005,0.8104440789473685,0.8092253940114087,1.6563495458514745,0.6252420333382098,0.19868248972837918,0.6252420333382098,0.5751387490389194
486,0.3108933922254814,0.8817069575471698,0.8538726720522144,0.8817069575471698,0.8811043242094996,0.43031595882616547,0.8168174342105263,0.7692589935158648,0.8168174342105263,0.8156878831988026,1.677593140412613,0.6224365980224262,0.19677818709150402,0.6224365980224262,0.5719226988916923
487,0.3091253492870742,0.8820544137466307,0.853028157908296,0.8820544137466307,0.8814150188890352,0.43152064398715373,0.8162006578947368,0.7705562912348293,0.8162006578947368,0.8149942175516799,1.6462770096544963,0.6234692735987883,0.19762324793605326,0.6234692735987883,0.5730972079044763
488,0.31044162781733387,0.8815384939353099,0.8518327585268433,0.8815384939353099,0.8809471760263908,0.4271297297979656,0.815172697368421,0.7661153332639911,0.815172697368421,0.8139555054368753,1.6433695661834211,0.6240114282763785,0.19970751533200048,0.6240114282763785,0.5741505335467986
489,0.31097418278696726,0.8816964285714286,0.853460327862411,0.8816964285714286,0.8810365472719149,0.43042823672294617,0.8170230263157895,0.7712829914940417,0.8170230263157895,0.8158332808373071,1.6817670336040729,0.6249150194056952,0.1991441062829358,0.6249150194056952,0.5749774443356555
490,0.3113973087698944,0.8802118429919138,0.8513158499576388,0.8802118429919138,0.8795427225049959,0.43114690090480606,0.8141447368421053,0.7637946905728237,0.8141447368421053,0.8128535157936081,1.6896166983770433,0.6232885553729249,0.19787086542189153,0.6232885553729249,0.5732002186165844
491,0.30893675207770416,0.8816227257412399,0.8537932916053795,0.8816227257412399,0.8810051991205856,0.42331413218849584,0.8201069078947368,0.7742389826675593,0.8201069078947368,0.818960803320226,1.6671786881576074,0.6223505417243961,0.1995330019122985,0.6223505417243961,0.5726803758290642
492,0.31204102945456286,0.8800539083557951,0.8500935056980496,0.8800539083557951,0.8793009479915816,0.42983524422896535,0.8147615131578947,0.7635257164060764,0.8147615131578947,0.8135127140840026,1.6636244956625719,0.6225828937290776,0.19817651776496167,0.6225828937290776,0.5723559962258402
493,0.31079503733192815,0.8811805087601078,0.8529947485928508,0.8811805087601078,0.8805359945473977,0.4280989624952015,0.8180509868421053,0.7700223350371708,0.8180509868421053,0.8167346787936491,1.7038700266157198,0.6250527094825434,0.19927542547158206,0.6250527094825434,0.5750790430729726
494,0.3111842489146158,0.8812647405660378,0.8531778224514033,0.8812647405660378,0.8806474799168447,0.42702694315659373,0.8168174342105263,0.7717120046028495,0.8168174342105263,0.8156820314727508,1.6795529770136923,0.6243986816175142,0.19929558822905816,0.6243986816175142,0.5745453015179731
495,0.3113628931122649,0.8818438342318059,0.8541343643475027,0.8818438342318059,0.8812137672155368,0.4256807236294997,0.8180509868421053,0.768385912490601,0.8180509868421053,0.8169905847007393,1.6800600665921135,0.6240630620551965,0.19802807780411455,0.6240630620551965,0.5741639078176272
496,0.3104840917487671,0.8811910377358491,0.8532521352850537,0.8811910377358491,0.8805335849335355,0.43060054120264557,0.8172286184210527,0.7724440412539196,0.8172286184210527,0.8161293490903196,1.680519722837001,0.6221009784601086,0.1978424999796792,0.6221009784601086,0.5719768741659246
497,0.31155963920840035,0.8822334063342318,0.8542339078821843,0.8822334063342318,0.8815504790931733,0.43139576284508957,0.8153782894736842,0.7672900948418776,0.8153782894736842,0.8142159813875423,1.6803774275554073,0.6206122045041866,0.19813382717984376,0.6206122045041866,0.5704168554645839
498,0.3101670793847575,0.8821702324797843,0.8545179597113067,0.8821702324797843,0.8815772518578047,0.4294424057006836,0.8168174342105263,0.7692054889721804,0.8168174342105263,0.8157126763039343,1.6766774223430274,0.6240630620551965,0.19848434783467642,0.6240630620551965,0.5740287643399743
499,0.31096875888478726,0.8812963274932615,0.8522451513803755,0.8812963274932615,0.8806351611980419,0.42995055568845647,0.8180509868421053,0.7713138245372032,0.8180509868421053,0.8167804828535064,1.6650606878999783,0.6242437802810599,0.19766076353852388,0.6242437802810599,0.5741509990588791
500,0.30938417137151136,0.8824334568733153,0.85335678567408,0.8824334568733153,0.8817804294632672,0.4259884482935855,0.8201069078947368,0.7691325255489831,0.8201069078947368,0.8188194001995452,1.6787921482901806,0.6212059929605949,0.1961827207644253,0.6212059929605949,0.5706309771010956
