global_round,train_loss,train_accuracy,train_f1_macro,train_f1_micro,train_f1_weighted,dev_loss,dev_accuracy,dev_f1_macro,dev_f1_micro,dev_f1_weighted,test_loss,test_accuracy,test_f1_macro,test_f1_micro,test_f1_weighted
1,0.9177371975353786,0.6134375,0.37730468101687403,0.6134375,0.5788047103531501,0.9219581076973363,0.608141447368421,0.3764035755879894,0.608141447368421,0.5741152204810426,0.9076477402676552,0.6618159600010327,0.38141845827108234,0.6618159600010327,0.6465644641096289
2,0.8748925413404193,0.6230803571428571,0.3881833548867414,0.6230803571428571,0.590238039223132,0.8809368767236408,0.619140625,0.38407347333522096,0.619140625,0.5866296823438406,0.8827834270334338,0.6517904012805177,0.38542856688497223,0.6517904012805177,0.6354425775487755
3,0.8480120202473231,0.6342299107142857,0.43517094112676713,0.6342299107142857,0.614902895074379,0.856797522620151,0.6314761513157895,0.43165250394701155,0.6314761513157895,0.6116754214896296,0.862991480643475,0.6573668493928728,0.4077110674570575,0.6573668493928728,0.6495081344966275
4,0.8274559576170785,0.6425334821428571,0.4449871592353572,0.6425334821428571,0.6227169868127317,0.8380287948407625,0.6336348684210527,0.4359440050015776,0.6336348684210527,0.6129600309996448,0.8648540843485427,0.644415376539332,0.39372754265020327,0.644415376539332,0.6302376426909112
5,0.8113304015568324,0.6491852678571428,0.46363795956345244,0.6491852678571428,0.6318665454623751,0.8247776439315394,0.6412417763157895,0.4503386254200063,0.6412417763157895,0.6222823695341761,0.8340577023812662,0.6672805349259485,0.4408595984043293,0.6672805349259485,0.6579740924204341
6,0.7933009627887181,0.6562723214285714,0.4628217778464601,0.6562723214285714,0.6391611336893498,0.8093317402036566,0.6492598684210527,0.4469855094696734,0.6492598684210527,0.630148157316577,0.8241224532769452,0.6702838997272015,0.4252813692920841,0.6702838997272015,0.6590158586898485
7,0.7736405440739222,0.6683258928571428,0.4838361294197399,0.6683258928571428,0.6529033435022994,0.7911065063978496,0.6588199013157895,0.4635819411769239,0.6588199013157895,0.6410399992753346,0.8093964797352193,0.6763078405893135,0.4335706204032789,0.6763078405893135,0.6649411990810087
8,0.7578685784339905,0.6746540178571429,0.4978895265796709,0.6746540178571429,0.6604808499598284,0.7769693983228583,0.6668379934210527,0.48000679100194615,0.6668379934210527,0.6506972207996423,0.8020967639795543,0.6766262488920252,0.41239479284661856,0.6766262488920252,0.663999315819638
9,0.7308866378239223,0.6863616071428571,0.5253743432675695,0.6863616071428571,0.6740578700617637,0.7545872016956932,0.6735197368421053,0.5048164082365693,0.6735197368421053,0.6591476156989872,0.7656235611276766,0.6882696660155073,0.42529208192926554,0.6882696660155073,0.6755174776443557
10,0.711446670123509,0.6941741071428571,0.5581299081053095,0.6941741071428571,0.6838539000233402,0.7353096729830692,0.6805098684210527,0.5439733703693099,0.6805098684210527,0.66839417435698,0.7563782893694128,0.6907911155477914,0.4281797576933772,0.6907911155477914,0.67618488278517
11,0.6962009879520962,0.7017410714285715,0.564103717318046,0.7017410714285715,0.6916664189539542,0.7205205402876201,0.6918174342105263,0.5477680127105249,0.6918174342105263,0.6806927422509821,0.7467317274851673,0.6891904684044302,0.4499608076137204,0.6891904684044302,0.6770495769766958
12,0.6821509548595973,0.7067299107142857,0.584594980500901,0.7067299107142857,0.6981425083455609,0.7080380351919877,0.6929481907894737,0.5789905288618319,0.6929481907894737,0.683242033955997,0.7387834492902758,0.6910148619226698,0.44052094845985,0.6910148619226698,0.6768922144479967
13,0.667794327054705,0.7140401785714285,0.5847119515188843,0.7140401785714285,0.7051790461546023,0.6951881207917866,0.6982935855263158,0.5677873721638794,0.6982935855263158,0.6879814015246247,0.7436881197936834,0.6871595397709181,0.4466407425135709,0.6871595397709181,0.6737254565247498
14,0.658652446269989,0.7170535714285714,0.5951604257392186,0.7170535714285714,0.7089418082811814,0.686641912711294,0.7021998355263158,0.5801258841416738,0.7021998355263158,0.6929388588207099,0.7410626921916534,0.6848102028346944,0.43343791806017806,0.6848102028346944,0.6702104410938614
15,0.6469948737961906,0.7214397321428572,0.5985525097389631,0.7214397321428572,0.7125409555709699,0.6757523448843705,0.7041529605263158,0.5758649752329943,0.7041529605263158,0.6935626761767275,0.7355502688293731,0.6933383819694844,0.4297103165291662,0.6933383819694844,0.6768268926954749
16,0.6380873019354684,0.7274888392857143,0.6043095663492872,0.7274888392857143,0.7195357143152212,0.667818009853363,0.7107319078947368,0.59210270819363,0.7107319078947368,0.7017600047468739,0.7311757267207248,0.6954983950500417,0.4431930616381088,0.6954983950500417,0.6814949489519023
17,0.6256949002402169,0.730859375,0.6162045500715385,0.730859375,0.7241754083203357,0.6583769195958188,0.7133018092105263,0.5974351575223802,0.7133018092105263,0.7048562316233095,0.7261106831115867,0.6982177740677952,0.4488448728997758,0.6982177740677952,0.6835941316308567
18,0.6205958580970764,0.7339620535714285,0.6170101717325707,0.7339620535714285,0.7267054931920208,0.6533930144811931,0.7178248355263158,0.6051935203160357,0.7178248355263158,0.7090642478863957,0.7227182139501167,0.6991816046057331,0.4329666228669141,0.6991816046057331,0.6833900724340058
19,0.6117198293549674,0.73734375,0.6246298859096946,0.73734375,0.7297193895813214,0.6470632929550973,0.7212171052631579,0.6087132046367737,0.7212171052631579,0.7121743890895783,0.7248754979142199,0.6988029568944003,0.4458500157234955,0.6988029568944003,0.6841382206174375
20,0.6034455868176052,0.7407700892857143,0.6289101821089461,0.7407700892857143,0.7341166200633275,0.6394226833393699,0.7209087171052632,0.6065678912248951,0.7209087171052632,0.7124496378952908,0.7194643392133683,0.7009543643451546,0.41955578289141593,0.7009543643451546,0.6835388088001888
21,0.5962661303792681,0.7447209821428571,0.6341082277609379,0.7447209821428571,0.7378749875170776,0.6328251612813849,0.7225534539473685,0.6106909435636138,0.7225534539473685,0.7136215634804579,0.7251855656727116,0.6955070006798447,0.4315607948967871,0.6955070006798447,0.6784647759092548
22,0.5893299538748605,0.7474776785714285,0.6372532666537236,0.7474776785714285,0.7410656257010912,0.6274876061238741,0.7271792763157895,0.6082249780791985,0.7271792763157895,0.7191082126377019,0.7191781076997333,0.7005671110040188,0.4428860163605102,0.7005671110040188,0.6851342884671716
23,0.5851067893845694,0.7498214285714285,0.6373158777386265,0.7498214285714285,0.7442910841535634,0.6226972592504401,0.7284128289473685,0.613822687952909,0.7284128289473685,0.7214556153271537,0.7199341296840871,0.7011092656816089,0.43039748057783606,0.7011092656816089,0.6846694656489505
24,0.5787979446138655,0.7536830357142857,0.6566406100572665,0.7536830357142857,0.7489820266944699,0.6189582410611605,0.7327302631578947,0.6345130545873393,0.7327302631578947,0.7266085751393271,0.7220002362625798,0.6993365059421873,0.4460666419115472,0.6993365059421873,0.6853409798949985
25,0.5718194137300764,0.75546875,0.6435225734822628,0.75546875,0.749157936943508,0.6130154634776869,0.7337582236842105,0.6142360040312221,0.7337582236842105,0.7252651471855657,0.7196704242410692,0.7009371530855486,0.4360239610173551,0.7009371530855486,0.6843989708199149
26,0.5685681584903172,0.7566741071428571,0.6512215270802029,0.7566741071428571,0.7514480542773238,0.6114576176593178,0.7326274671052632,0.6185283419001654,0.7326274671052632,0.72568951669392,0.7235602204143484,0.6988631963030214,0.42399623978030077,0.6988631963030214,0.6827731882594449
27,0.5639147637571608,0.7579129464285714,0.6566516326449137,0.7579129464285714,0.7522165578089495,0.6074044422099465,0.7366365131578947,0.6273493983679821,0.7366365131578947,0.7295051690535374,0.7159237603924243,0.7023226594838343,0.44798838894028614,0.7023226594838343,0.6883579880703966
28,0.5581692416327341,0.7612276785714286,0.6663238525543173,0.7612276785714286,0.7566453977051583,0.6018574049598292,0.7386924342105263,0.6397104380121502,0.7386924342105263,0.7325512492846199,0.7193970768548923,0.7004810547059886,0.4407178488846259,0.7004810547059886,0.6854804240203396
29,0.5535308626719884,0.7619084821428571,0.6587930276672858,0.7619084821428571,0.7562856626269481,0.5983473595819975,0.739514802631579,0.6331809150438353,0.739514802631579,0.7322979723503541,0.7225117176102039,0.7017546879168352,0.4449405210675398,0.7017546879168352,0.6867420700766652
30,0.5485268417426518,0.7656138392857142,0.665454276203023,0.7656138392857142,0.7607574926339292,0.5949870693056207,0.7413651315789473,0.6359782896010665,0.7413651315789473,0.7349324990435722,0.7220769260853618,0.6990008863798697,0.438423908572489,0.6990008863798697,0.6843001716245116
31,0.5469544707025801,0.7668526785714286,0.6753971271878604,0.7668526785714286,0.7624682738013205,0.5912501498272544,0.7449629934210527,0.6441972679276242,0.7449629934210527,0.7388146176711242,0.7238509509663633,0.7022193919261981,0.44333957813359076,0.7022193919261981,0.6874627511491191
32,0.5443770803724016,0.7657700892857143,0.6643612826045248,0.7657700892857143,0.7605890262664186,0.5926190269620795,0.7400287828947368,0.6277036177741795,0.7400287828947368,0.7328363417792766,0.720192465016004,0.703665137733105,0.4468988824726322,0.703665137733105,0.6898263558270704
33,0.5397723070212773,0.7678348214285714,0.6779774715814566,0.7678348214285714,0.7638080820761505,0.588823233780108,0.7420847039473685,0.649319785874255,0.7420847039473685,0.7369634645666595,0.7252977045802353,0.6994397734998236,0.44585908835889426,0.6994397734998236,0.6862099816530471
34,0.5351266535690853,0.7697433035714286,0.6759718722114061,0.7697433035714286,0.7645098018203392,0.5836712341559561,0.7450657894736842,0.6441594467225696,0.7450657894736842,0.7380965901984616,0.7259543018895117,0.7022538144454102,0.43790313166654643,0.7022538144454102,0.6863082050721019
35,0.5348101072652,0.7704910714285714,0.6816663046739885,0.7704910714285714,0.7659936835569504,0.5838003503648859,0.7454769736842105,0.6454509457964378,0.7454769736842105,0.7392323229099427,0.7235216951209793,0.703630715213893,0.44848226704453437,0.703630715213893,0.6892112949681316
36,0.5307891171319145,0.7717075892857143,0.6777311234740148,0.7717075892857143,0.7673936582005169,0.5817835832896986,0.7446546052631579,0.6473271559030833,0.7446546052631579,0.7387419784596801,0.7211568427386662,0.7015739696909719,0.4376174693867338,0.7015739696909719,0.6865280611554048
37,0.5253198506150927,0.7735491071428572,0.6822951790780651,0.7735491071428572,0.7694418464720343,0.5766854788127699,0.7483552631578947,0.6472315026111907,0.7483552631578947,0.742383507685329,0.7273932810953164,0.7004638434463826,0.43171315324886245,0.7004638434463826,0.6849260052499859
38,0.5233139094284602,0.7757700892857143,0.6927851406470652,0.7757700892857143,0.772175100217326,0.5753528695357474,0.7518503289473685,0.6565248311277593,0.7518503289473685,0.7468431509981276,0.7324475280280577,0.7009199418259425,0.44204958850253284,0.7009199418259425,0.6866497643874822
39,0.5208667353221348,0.7757700892857143,0.6813149402744029,0.7757700892857143,0.771891614181926,0.5726182429414046,0.7471217105263158,0.6418610862678904,0.7471217105263158,0.7417083609783385,0.7327182293830741,0.7005326884848068,0.4413114765519797,0.7005326884848068,0.6867655083129439
40,0.5179506593091148,0.7778683035714286,0.6901151764289132,0.7778683035714286,0.7737194796369845,0.5698488825245908,0.7495888157894737,0.6489703330675043,0.7495888157894737,0.7435782151035581,0.7258595603576783,0.7025722227481218,0.44570325386391146,0.7025722227481218,0.6890759030115959
41,0.5167752935205188,0.7772991071428571,0.6968429226622259,0.7772991071428571,0.7741253585355665,0.569206106035333,0.7497944078947368,0.6618749076792297,0.7497944078947368,0.745560264411298,0.7277206195775147,0.7005929278934279,0.4458833730669901,0.7005929278934279,0.6870838688213284
42,0.5120217757565635,0.7799553571428571,0.6991231591012153,0.7799553571428571,0.7763490176956722,0.5652561470081932,0.7530838815789473,0.6606428499173409,0.7530838815789473,0.747955136298611,0.7278983540118797,0.7028303916422123,0.45228126664532714,0.7028303916422123,0.6887862470189808
43,0.5108554995059967,0.7795200892857143,0.6976338001450435,0.7795200892857143,0.7758556809220223,0.5645687203658255,0.7523643092105263,0.6593213164965788,0.7523643092105263,0.7468511579715155,0.7274684362586594,0.7013760402055025,0.43130475976532556,0.7013760402055025,0.6855721959368897
44,0.5079930000645774,0.7801674107142857,0.6956552326095096,0.7801674107142857,0.7762278379465237,0.5625510937289188,0.7494860197368421,0.6554707745801954,0.7494860197368421,0.7442043684464219,0.7275899271720336,0.7013502233160934,0.43434071386439704,0.7013502233160934,0.6858984791963855
45,0.5058965148244585,0.7826004464285714,0.6961377539255802,0.7826004464285714,0.7786868808968586,0.5599424211602462,0.753186677631579,0.6549193815704639,0.753186677631579,0.7477537706127769,0.7251233215520915,0.7038372503291653,0.4525516969207869,0.7038372503291653,0.690507820303683
46,0.5013279904638018,0.7855691964285715,0.6995776043293287,0.7855691964285715,0.7824200645676852,0.5577938117479023,0.7535978618421053,0.6592022683314013,0.7535978618421053,0.7486714970034477,0.7336782571207725,0.7002142801820951,0.434954882108273,0.7002142801820951,0.6860743716265438
47,0.49930886660303386,0.7852120535714285,0.704851877180115,0.7852120535714285,0.7824112672069754,0.5549626475886295,0.7555509868421053,0.6691330199540504,0.7555509868421053,0.7512114845036578,0.7363840698160758,0.6991816046057331,0.4461870839119261,0.6991816046057331,0.6858342882542999
48,0.49871745926993233,0.7862053571428571,0.6986621111233726,0.7862053571428571,0.7827064158830587,0.5523709058761597,0.7579152960526315,0.660229803445471,0.7579152960526315,0.7528860163472829,0.730649090354482,0.7013674345756994,0.44120721720631195,0.7013674345756994,0.6873971558490847
49,0.4969087599005018,0.7856138392857143,0.7056774380210694,0.7856138392857143,0.7828009486855813,0.5525829431257749,0.7556537828947368,0.6656488003849574,0.7556537828947368,0.7516034695920895,0.7282681611910033,0.699654914244899,0.4311501009446762,0.699654914244899,0.6849912424573824
50,0.4949213947568621,0.7879799107142857,0.7073622007933157,0.7879799107142857,0.7844108047388738,0.5497744710821855,0.7607935855263158,0.6702498418291606,0.7607935855263158,0.7560605324302018,0.7262082279144476,0.7005412941146097,0.446336649267374,0.7005412941146097,0.6868373946614386
51,0.49459943549973623,0.7875558035714286,0.7054274185987499,0.7875558035714286,0.7843857243847481,0.5503112422792535,0.7586348684210527,0.6636217622249783,0.7586348684210527,0.7541750334840456,0.7328287814404839,0.6992848721633693,0.44794629205689135,0.6992848721633693,0.6855673023236029
52,0.4889573325429644,0.7907700892857142,0.7164482303804084,0.7907700892857142,0.7880023693945573,0.5474991547433954,0.7605879934210527,0.674370029210114,0.7605879934210527,0.7564822289808061,0.733879019442872,0.6986910837069611,0.4519376304165658,0.6986910837069611,0.6862481886132786
53,0.4891710504463741,0.7894419642857143,0.7147426854460216,0.7894419642857143,0.7869220939544399,0.5482117470942045,0.758532072368421,0.6715429861896062,0.758532072368421,0.7545815053737845,0.7333502541501158,0.6995430410574598,0.44029338094925585,0.6995430410574598,0.68593987717533
54,0.4886687091418675,0.7892522321428571,0.7078399198640524,0.7892522321428571,0.7859107205826884,0.5467091108623304,0.7576069078947368,0.6648130441541072,0.7576069078947368,0.7529111328357808,0.7333529361642152,0.7045257007134067,0.4558036635580862,0.7045257007134067,0.6914479145390731
55,0.488561749458313,0.7904575892857143,0.7113408008314975,0.7904575892857143,0.7877675601075452,0.5499188743139568,0.7568873355263158,0.667048182114246,0.7568873355263158,0.7531416253141452,0.730753848319072,0.7013760402055025,0.4455972235229266,0.7013760402055025,0.6876762466878602
56,0.4852228903770447,0.7919642857142857,0.7223408871965038,0.7919642857142857,0.7897176970111125,0.5433667584469444,0.759046052631579,0.6791728656673793,0.759046052631579,0.7556851347130586,0.7300388553735029,0.7014965190227447,0.44864697252423164,0.7014965190227447,0.6890214852564588
57,0.4834729846886226,0.7928236607142857,0.720779346807804,0.7928236607142857,0.7900760779409806,0.5414257927944786,0.763671875,0.6869417993447441,0.763671875,0.7598960281769539,0.7348517279398714,0.7006961954510641,0.44814173371504307,0.7006961954510641,0.6877486265150603
58,0.48138964073998586,0.7942410714285715,0.722303829619964,0.7942410714285715,0.7915550124977796,0.5418701971832075,0.763671875,0.6865488502914155,0.763671875,0.7600798639787278,0.7343860763042146,0.7017116597678201,0.4404310883804165,0.7017116597678201,0.6879615610242644
59,0.47859823329108103,0.79390625,0.7186836397430055,0.79390625,0.7911314782685525,0.5383155894906897,0.7623355263157895,0.6730232307904245,0.7623355263157895,0.7585194281184564,0.7377691429459453,0.7010834487921999,0.434032744605398,0.7010834487921999,0.6865821132111697
60,0.47908860785620555,0.793984375,0.7159377104742407,0.793984375,0.7915606345651339,0.5392359620646426,0.7627467105263158,0.6742113836512745,0.7627467105263158,0.7591702323045061,0.7367578220386103,0.7031229830555149,0.4545595239903176,0.7031229830555149,0.691160717386265
61,0.47520906823022024,0.7964174107142857,0.7224936469952252,0.7964174107142857,0.7937435824811335,0.5369405370009573,0.7660361842105263,0.682097657993898,0.7660361842105263,0.7622435031905592,0.7422117983910292,0.7025808283779248,0.4540149321397866,0.7025808283779248,0.6903171672769118
62,0.4760409430095128,0.7952790178571428,0.7214867017984962,0.7952790178571428,0.7926206636623038,0.5382102178899866,0.762952302631579,0.6828961295798276,0.762952302631579,0.7594100938250766,0.7379024709269096,0.7034241800986205,0.45207738163047717,0.7034241800986205,0.6906002404705607
63,0.4731932061059134,0.79765625,0.7185196583024329,0.79765625,0.7946100602601099,0.5338140490807985,0.7657277960526315,0.6804470929063797,0.7657277960526315,0.7616329228520892,0.7437633937333985,0.7027787578633943,0.4373384726721037,0.7027787578633943,0.6886406054923807
64,0.4707842230796814,0.7984486607142857,0.7223453642940356,0.7984486607142857,0.7958079682933117,0.5338196378005179,0.7662417763157895,0.6778912297556647,0.7662417763157895,0.762336275991901,0.7380152975757971,0.7013588289458964,0.44402040618639954,0.7013588289458964,0.6881955715299052
65,0.47185303347451346,0.7982589285714285,0.7168446537013233,0.7982589285714285,0.7956187858561714,0.5328904672672874,0.7661389802631579,0.6760583273490103,0.7661389802631579,0.7624802228386481,0.7377542691873051,0.7009027305663365,0.4379119096173442,0.7009027305663365,0.687358219091354
66,0.4679025840759277,0.7999441964285714,0.7261761733466808,0.7999441964285714,0.7973866665823459,0.5313245214914021,0.7680921052631579,0.6857372726238998,0.7680921052631579,0.7644549526197507,0.7391811079380163,0.7027357297143791,0.445721859059112,0.7027357297143791,0.6895776460257801
67,0.46712581293923516,0.8003236607142857,0.7244366127832397,0.8003236607142857,0.7973772709688347,0.5306730066475115,0.7658305921052632,0.6805770001820369,0.7658305921052632,0.7615921602574385,0.7382531021782772,0.702150546887774,0.43462031029191583,0.702150546887774,0.6876488988283669
68,0.4668679392337799,0.79984375,0.7276979733945911,0.79984375,0.7974309673067642,0.5318750252849177,0.7640830592105263,0.6818388006029236,0.7640830592105263,0.7604392503186957,0.7397131822690337,0.7007306179702761,0.4341713852012674,0.7007306179702761,0.6867040926138513
69,0.4629349228313991,0.8014955357142857,0.7254762617594845,0.8014955357142857,0.7989589954666958,0.5284493424390492,0.768297697368421,0.6798466510486041,0.768297697368421,0.7646929166269438,0.7374240752316069,0.7007736461192913,0.42902605176137304,0.7007736461192913,0.6860872180959671
70,0.4620295333862305,0.8012611607142858,0.7315070796049644,0.8012611607142858,0.7988193853616868,0.527494971689425,0.768297697368421,0.6864002374279633,0.768297697368421,0.7646780632284589,0.7425399773098496,0.7014707021333356,0.4342598027005621,0.7014707021333356,0.686654598187336
71,0.4595974365302495,0.8025892857142857,0.7305944252682526,0.8025892857142857,0.7998822711689851,0.5265104409895445,0.7681949013157895,0.6877389222003757,0.7681949013157895,0.7644374058906648,0.7424458663614375,0.7016083922101839,0.43912034670201805,0.7016083922101839,0.6872248019860963
72,0.45939797145979744,0.8020535714285715,0.7314183543809892,0.8020535714285715,0.7995090957537736,0.5254268834465429,0.7690172697368421,0.6939772924215328,0.7690172697368421,0.765443151086267,0.746282772455788,0.7010834487921999,0.4336465321906945,0.7010834487921999,0.6865285780625124
73,0.4574891740935189,0.8040066964285715,0.7317904477264133,0.8040066964285715,0.8012736073110865,0.5245672495741593,0.7711759868421053,0.6917513893783657,0.7711759868421053,0.7674614115667301,0.7385082185177613,0.7043019543385283,0.4544445789571177,0.7043019543385283,0.6912419598427634
74,0.45675198112215315,0.8037165178571428,0.729418032039833,0.8037165178571428,0.8004848834308584,0.5246926859805459,0.768811677631579,0.6799297041296198,0.768811677631579,0.7640246354044721,0.7477149793833203,0.7039577291464075,0.4476215117255085,0.7039577291464075,0.6898748118718225
75,0.45693899580410546,0.8061607142857142,0.7336580084213857,0.8061607142857142,0.803597766239489,0.5245442374756462,0.7703536184210527,0.6891549004842196,0.7703536184210527,0.7667382448733518,0.7433223482798257,0.6993795340912025,0.4395440403143465,0.6993795340912025,0.6857717833088278
76,0.4550829555307116,0.8054352678571428,0.7327850664372264,0.8054352678571428,0.8028254722921724,0.5238804315265856,0.7693256578947368,0.688619192066646,0.7693256578947368,0.7656785459938504,0.744980471920598,0.7005068715953977,0.4427311436116312,0.7005068715953977,0.6869075354272586
77,0.45286354695047654,0.8072991071428571,0.738502301907121,0.8072991071428571,0.8050133420424236,0.5225339657381961,0.7712787828947368,0.6936813941956327,0.7712787828947368,0.7679352730442861,0.7436111875837403,0.7001970689224891,0.4358745204270556,0.7001970689224891,0.6863747753642309
78,0.44846641881125315,0.8088504464285714,0.7346460162041757,0.8088504464285714,0.8064969027666585,0.5185675730830744,0.7704564144736842,0.687261850645992,0.7704564144736842,0.767156145970918,0.7484036904890896,0.7014362796141236,0.43802261027985734,0.7014362796141236,0.6878023241429865
79,0.45100957240377154,0.8084375,0.7373479404234206,0.8084375,0.8058357816160668,0.5212170089546003,0.772717927631579,0.6900709933155474,0.772717927631579,0.7689617476546818,0.7457618762861795,0.7018923779936834,0.4446385976766491,0.7018923779936834,0.688977258923027
80,0.44903635331562586,0.8075334821428571,0.7391911308842236,0.8075334821428571,0.8051450759618073,0.5177219886528818,0.7726151315789473,0.6965278591294253,0.7726151315789473,0.768973021473995,0.7495036930302066,0.7023054482242282,0.4393985192448652,0.7023054482242282,0.6886275001209313
81,0.45020495874541144,0.806640625,0.7378801234837737,0.806640625,0.8043022312212523,0.5190531783982327,0.7721011513157895,0.6940558572539678,0.7721011513157895,0.7688040341939563,0.7469635166031428,0.7013932514651084,0.4368113525226673,0.7013932514651084,0.6878811567532563
82,0.44795563680785044,0.808359375,0.7339697532653215,0.808359375,0.8056627486795768,0.5178632893060383,0.7700452302631579,0.6889535620518429,0.7700452302631579,0.76633175351195,0.7496405814401502,0.702615250897137,0.44623273398435365,0.702615250897137,0.6897787497902621
83,0.44402865290641785,0.810703125,0.7417316805482871,0.810703125,0.8085290708392534,0.5160226947382877,0.7733347039473685,0.6978054929434752,0.7733347039473685,0.7701180145692125,0.7502984731560289,0.701160899460427,0.44393817151995263,0.701160899460427,0.6880194919387234
84,0.44598898683275495,0.8099553571428572,0.7347249848982506,0.8099553571428572,0.8072180953749679,0.5164238983079007,0.7752878289473685,0.6932065421202995,0.7752878289473685,0.7714998900340087,0.7464795448423611,0.7017288710274261,0.4453106370786418,0.7017288710274261,0.6882129215054535
85,0.4431211916037968,0.8110491071428572,0.7369747717760058,0.8110491071428572,0.8080598573554467,0.5148481381566901,0.7734375,0.6938927285249842,0.7734375,0.7691208839441763,0.751443981461103,0.7040696023338469,0.4563777498229934,0.7040696023338469,0.6912984151129989
86,0.44233402814183914,0.8123325892857143,0.747529746554475,0.8123325892857143,0.8103370794798745,0.5129165272963675,0.7760074013157895,0.7048743924904647,0.7760074013157895,0.7731897740385006,0.7459615320612286,0.7020386737003348,0.450985648185194,0.7020386737003348,0.6892901054987121
87,0.4413343220097678,0.8126450892857143,0.7417528901112639,0.8126450892857143,0.8098152551563527,0.5151002203163347,0.7750822368421053,0.6992935930860241,0.7750822368421053,0.7714990318281313,0.7443367205312396,0.701668631618805,0.44624471047482867,0.701668631618805,0.6881636999528892
88,0.44205851520810807,0.811953125,0.7405697082766683,0.811953125,0.8095603394658171,0.5150879260740782,0.7734375,0.6969607445976577,0.7734375,0.7702258972048787,0.7486907613426905,0.7017977160658503,0.44856724983086865,0.7017977160658503,0.6887738751215892
89,0.4387578344345093,0.8143191964285714,0.7479338412325747,0.8143191964285714,0.811822584809947,0.513164233220251,0.7751850328947368,0.7024881487127637,0.7751850328947368,0.7716386583513553,0.7468379676461524,0.7010059981239727,0.44586545342062994,0.7010059981239727,0.6874336056440682
90,0.4369192033154624,0.814453125,0.7436469454846465,0.814453125,0.8119439900867516,0.5102860755042026,0.7774465460526315,0.7038860724505188,0.7774465460526315,0.77422159793886,0.7537949294405566,0.7014879133929417,0.4489067320076061,0.7014879133929417,0.6886731489028367
91,0.4379358102594103,0.8148102678571428,0.7497863704902314,0.8148102678571428,0.8125194514560644,0.5129254460334778,0.7767269736842105,0.7063269787309479,0.7767269736842105,0.7734148293217684,0.7467279930099892,0.7028992366806365,0.4485942026358529,0.7028992366806365,0.6898902218614836
92,0.4351134288311005,0.8160491071428572,0.7486156968049855,0.8160491071428572,0.8141469689153463,0.5095439631687967,0.7774465460526315,0.7097417127038216,0.7774465460526315,0.7747021989503758,0.7481804106234129,0.7032692787621662,0.4514154510013973,0.7032692787621662,0.6912692574807152
93,0.4335131256920951,0.8149107142857143,0.7460661097697948,0.8149107142857143,0.8126778302825545,0.5093144601897189,0.7767269736842105,0.6968379697151643,0.7767269736842105,0.7734840287426918,0.7552170515646197,0.701178110720033,0.4459480747973161,0.701178110720033,0.6888515546812897
94,0.43221947176115855,0.8168638392857143,0.7545056810284031,0.8168638392857143,0.8149501632459788,0.5099117771575326,0.7752878289473685,0.6979027199983775,0.7752878289473685,0.7721940035392887,0.7509695603768656,0.7015051246525477,0.4540555896613344,0.7015051246525477,0.6895831575313883
95,0.43306814551353456,0.8171651785714286,0.749182697159932,0.8171651785714286,0.8150340496382246,0.5082930357832658,0.7760074013157895,0.7039817457031396,0.7760074013157895,0.7730770469271466,0.7506521940046667,0.7024087157818645,0.4490993975444043,0.7024087157818645,0.69013681274923
96,0.4301784660134997,0.8173214285714285,0.7527330100002564,0.8173214285714285,0.8153050998070552,0.5042013384793934,0.7809416118421053,0.7091258358810861,0.7809416118421053,0.7782341023880859,0.7543007178688121,0.7018149273254564,0.4512606202948813,0.7018149273254564,0.6896764199496422
97,0.4282956201689584,0.8188504464285714,0.7552397073021984,0.8188504464285714,0.8168907693886248,0.5026059621258786,0.779296875,0.7071310224084605,0.779296875,0.7763479304756828,0.7555786805277106,0.7022279975560012,0.45441259521639576,0.7022279975560012,0.6895624769844612
98,0.42780574798583987,0.8186383928571429,0.7539666684426312,0.8186383928571429,0.8164740437152813,0.5033066900152909,0.7795024671052632,0.7101384231571792,0.7795024671052632,0.7766407058352275,0.7565516481525472,0.7023312651136373,0.44970369279057587,0.7023312651136373,0.689406708799943
99,0.43002514600753783,0.816953125,0.7501965145180852,0.816953125,0.8147948982748136,0.5081265851071006,0.7752878289473685,0.6958325342007653,0.7752878289473685,0.7719806438576325,0.7526141832324446,0.701694448508214,0.44002846666403356,0.701694448508214,0.6883082200916482
100,0.4263286825588771,0.818671875,0.7540926698738193,0.818671875,0.816524826812311,0.5027384993277098,0.7816611842105263,0.7093937250147551,0.7816611842105263,0.7786680079209845,0.754715903865997,0.7019181948830925,0.44591303609248384,0.7019181948830925,0.6889281231003729
101,0.42546273589134215,0.8205357142857143,0.758673598565718,0.8205357142857143,0.8186194445032462,0.5015704474951092,0.7796052631578947,0.7052098392501034,0.7796052631578947,0.7767893820945784,0.760430614336833,0.6997409705429292,0.44427729938295624,0.6997409705429292,0.6871529302688753
102,0.4261131761755262,0.8205691964285714,0.7584398730174252,0.8205691964285714,0.818613780357096,0.5015865344750253,0.7804276315789473,0.708355456961394,0.7804276315789473,0.7775630334042092,0.7558663329470768,0.7038544615887714,0.4564563552755588,0.7038544615887714,0.6914031504694227
103,0.42568996463503156,0.8196651785714286,0.7490391302078344,0.8196651785714286,0.8177733817972573,0.5034972162623155,0.7769325657894737,0.7002601893070276,0.7769325657894737,0.7742770954277964,0.7527535598653494,0.7020300680705317,0.44203856569412975,0.7020300680705317,0.6893406963751089
104,0.4233590093680791,0.820078125,0.7543051562709986,0.820078125,0.8179302188232339,0.5013338139182643,0.779296875,0.707968137056099,0.779296875,0.7761101372050806,0.757154156016061,0.6987599287453853,0.4468455177883656,0.6987599287453853,0.6855250626017895
105,0.42391958560262405,0.8210044642857143,0.7529472998407929,0.8210044642857143,0.818852508180628,0.5011549670445291,0.7804276315789473,0.7084620216761167,0.7804276315789473,0.7774468067654241,0.7568582630241182,0.7005068715953977,0.448352588467524,0.7005068715953977,0.6880464831889833
106,0.42217415690422055,0.8220200892857142,0.7607716679752305,0.8220200892857142,0.820203836213661,0.500503387890364,0.7789884868421053,0.7059515990123657,0.7789884868421053,0.7760951666008747,0.7549322461394166,0.7009801812345636,0.4439538275329,0.7009801812345636,0.688293427975665
107,0.41955709849085127,0.8225223214285714,0.7596723684169194,0.8225223214285714,0.8205285964543573,0.49872222385908427,0.781969572368421,0.7159852529882492,0.781969572368421,0.7790282972279539,0.755022538914912,0.7022107862963951,0.45622989885555004,0.7022107862963951,0.6895791969395809
108,0.4174297918592181,0.8238169642857143,0.7618195148569126,0.8238169642857143,0.8217695669378864,0.49873526159085724,0.7859786184210527,0.7166155970217815,0.7859786184210527,0.7829166439343748,0.7642559508938273,0.7011006600518059,0.4494417755414898,0.7011006600518059,0.6882724629560198
109,0.4182966763632638,0.8239508928571428,0.7603933629404043,0.8239508928571428,0.8219684159417537,0.4980147229997735,0.7852590460526315,0.7166739860610792,0.7852590460526315,0.7821178682989108,0.7588462220643069,0.7008338855279124,0.44053222499441347,0.7008338855279124,0.6875895549586593
110,0.41914071491786414,0.8226674107142857,0.7570183177827311,0.8226674107142857,0.8203083528341543,0.49855828442071615,0.7825863486842105,0.7152996649663921,0.7825863486842105,0.7793773495369397,0.7590312178409462,0.7032348562429541,0.4485283791798654,0.7032348562429541,0.6898511028165251
111,0.417167489528656,0.8236383928571429,0.7596522133641402,0.8236383928571429,0.8212975788951287,0.49933145077604996,0.7811472039473685,0.7093405545582223,0.7811472039473685,0.7777329446453866,0.7611284009515934,0.7030885605363029,0.43903804160848237,0.7030885605363029,0.6887303042728109
112,0.4151290454183306,0.8243415178571428,0.7636371106189959,0.8243415178571428,0.8224655269312673,0.49554289014715897,0.783203125,0.7145869305622182,0.783203125,0.7803379163558727,0.7577792272862544,0.7019354061426986,0.44090088079294176,0.7019354061426986,0.68840915872705
113,0.41467408640044073,0.8259040178571428,0.7661941002428948,0.8259040178571428,0.8240436103677439,0.49444057910065903,0.787109375,0.7202043333745596,0.787109375,0.7843038728705537,0.7624267841552262,0.7005585053742158,0.442203112574484,0.7005585053742158,0.6875067862812444
114,0.41340661644935606,0.825859375,0.7636958619152449,0.825859375,0.8234400685963195,0.49392342096880865,0.7852590460526315,0.713971365013394,0.7852590460526315,0.7816768034871608,0.7623768912102743,0.7019354061426986,0.4514688590821044,0.7019354061426986,0.6890307930342905
115,0.41368549755641393,0.8264397321428572,0.7640263636885128,0.8264397321428572,0.8244910971166763,0.49400080348315994,0.7868009868421053,0.7132267710080697,0.7868009868421053,0.7839080899863722,0.7616643230806307,0.7003863927781555,0.44475378089710144,0.7003863927781555,0.6877499254255789
116,0.41154120768819535,0.8276004464285714,0.7705976105693652,0.8276004464285714,0.8257143982213433,0.4941827748951159,0.7862870065789473,0.7226540811612773,0.7862870065789473,0.7833498833460054,0.7616361525250933,0.7044482500451795,0.4602500084555437,0.7044482500451795,0.6925429126796023
117,0.4116673367364066,0.8281026785714286,0.767103287434839,0.8281026785714286,0.8261005539956312,0.4954865888545388,0.7834087171052632,0.7147819883540005,0.7834087171052632,0.780501391919993,0.7571137333265466,0.7044654613047856,0.4575658934263004,0.7044654613047856,0.6918560618135627
118,0.408663375377655,0.8293080357142857,0.7700924455050379,0.8293080357142857,0.8272069325303232,0.49233775232967575,0.7845394736842105,0.7129405019710445,0.7845394736842105,0.7814785388184952,0.7567696003032943,0.7050592497611937,0.4486001279403621,0.7050592497611937,0.6920820052237079
119,0.41104106749807084,0.828125,0.7675316546342377,0.828125,0.8261747970429839,0.493676577743731,0.7850534539473685,0.7128455658504329,0.7850534539473685,0.781913791386819,0.7612931062783052,0.7032606731323632,0.4514996189035094,0.7032606731323632,0.6905032187250176
120,0.4088524786063603,0.8278571428571428,0.7640637563384702,0.8278571428571428,0.8256335436305121,0.4936845302581787,0.7853618421052632,0.7074613522248497,0.7853618421052632,0.7818593481986025,0.7634332168784776,0.7039405178868016,0.44665498886491434,0.7039405178868016,0.6907542817256027
121,0.407726058108466,0.8290513392857143,0.765072077856093,0.8290513392857143,0.8271935067673671,0.49268554856902674,0.784436677631579,0.709208516816782,0.784436677631579,0.7814542995389178,0.7653060517495712,0.7015309415419567,0.4479436009952735,0.7015309415419567,0.6889762724561385
122,0.40695628370557513,0.8297991071428571,0.767762884017861,0.8297991071428571,0.8277963386683705,0.4925949087268428,0.785875822368421,0.7143792790692844,0.785875822368421,0.782906246747884,0.7610322416013875,0.7046461795306489,0.45609419080660796,0.7046461795306489,0.6923827594245374
123,0.4049121793678829,0.8305915178571428,0.7695197641229256,0.8305915178571428,0.8291888898246695,0.489910784520601,0.7874177631578947,0.7184137222139092,0.7874177631578947,0.7852854295512899,0.7632805835299692,0.7034844195072416,0.44713386522717397,0.7034844195072416,0.6915159572414556
124,0.4039500050885337,0.8300558035714286,0.7678007063962015,0.8300558035714286,0.8277748128454396,0.48811186144226476,0.7876233552631579,0.7156480112643165,0.7876233552631579,0.7842028124572987,0.7682649632181956,0.7017374766572292,0.447720056811262,0.7017374766572292,0.6884831098574544
125,0.4021133298533303,0.8314285714285714,0.7684915347095395,0.8314285714285714,0.829464745892917,0.4867572141321082,0.7849506578947368,0.709371327904041,0.7849506578947368,0.7816204274814588,0.7681128653456325,0.7027873634931973,0.46190590602428816,0.7027873634931973,0.6907539470060896
126,0.4032585777555193,0.8311049107142857,0.7717740153250798,0.8311049107142857,0.8292991594590406,0.489628780829279,0.7870065789473685,0.7142326492641161,0.7870065789473685,0.7840940164088517,0.7614663837847567,0.7018751667340775,0.45402797064719114,0.7018751667340775,0.6889721073423882
127,0.4028852071080889,0.8309486607142857,0.7731565135780404,0.8309486607142857,0.8295112256085492,0.48937204323316874,0.7843338815789473,0.7160877981940166,0.7843338815789473,0.7822280719030609,0.7629584585288853,0.7009629699749577,0.44718616008494017,0.7009629699749577,0.6879986998633272
128,0.4027215084007808,0.8302120535714286,0.7694616865981649,0.8302120535714286,0.8283173997585336,0.4901015287951419,0.7864925986842105,0.7219102717993341,0.7864925986842105,0.7838537361648537,0.7613945588049282,0.7045084894538006,0.4513386535714548,0.7045084894538006,0.6914699165265517
129,0.40260346242359707,0.8302455357142857,0.7704252202528608,0.8302455357142857,0.8282882400053684,0.4901612855886158,0.7876233552631579,0.7177271026642862,0.7876233552631579,0.7844507986750395,0.7661741942634823,0.7034241800986205,0.4450385787703185,0.7034241800986205,0.6902103614521748
130,0.40081452335630147,0.8315178571428572,0.7716759060854261,0.8315178571428572,0.8296039692766871,0.48901460358971044,0.7860814144736842,0.715125453408577,0.7860814144736842,0.7829655424889888,0.7659061376552361,0.7038974897377864,0.4583789740714747,0.7038974897377864,0.6919730606147438
131,0.3984504497051239,0.8330803571428571,0.7727953270516182,0.8330803571428571,0.8314882614924421,0.4853483014985135,0.7859786184210527,0.715394138040154,0.7859786184210527,0.7832476051045779,0.7695451904150356,0.7017030541380171,0.44054255412320475,0.7017030541380171,0.688544126992377
132,0.3992095129830497,0.834375,0.782040250077243,0.834375,0.8331714988567172,0.4861366968405874,0.791015625,0.7228959397797184,0.791015625,0.7886791747906965,0.7617539491056221,0.7019870399215167,0.4544390120892063,0.7019870399215167,0.6900741426590903
133,0.39615527936390466,0.8340290178571429,0.7763543042616848,0.8340290178571429,0.8322122514409435,0.484320552725541,0.7879317434210527,0.7184552247613549,0.7879317434210527,0.7849590106464701,0.7690629849112555,0.7012469557584572,0.4598954310882524,0.7012469557584572,0.6895400225207602
134,0.3968256836278098,0.8341964285714286,0.777765045819689,0.8341964285714286,0.8325021920960518,0.48558808157318517,0.7882401315789473,0.7207155494884095,0.7882401315789473,0.7855596643231523,0.7631769860127186,0.7043535881173464,0.4534366145798576,0.7043535881173464,0.6926082104737449
135,0.39709847961153305,0.8339397321428571,0.777259954063333,0.8339397321428571,0.8322055557107564,0.4867009614643298,0.7889597039473685,0.7227538201319632,0.7889597039473685,0.786139100320582,0.7695994986036842,0.7034844195072416,0.45983257629850155,0.7034844195072416,0.6917492416138449
136,0.3945032138483865,0.8351897321428572,0.7800603999513255,0.8351897321428572,0.8339077046182141,0.48171901075463547,0.7915296052631579,0.7241740852139599,0.7915296052631579,0.7892848756128319,0.7679928140611616,0.7030713492766968,0.4613539690567095,0.7030713492766968,0.6916161820493075
137,0.3941582519667489,0.835390625,0.7821368560610503,0.835390625,0.8337923511684979,0.4847501234004372,0.7895764802631579,0.7275349195388142,0.7895764802631579,0.7869574284996905,0.7659258617151081,0.7037856165503472,0.45899598818997084,0.7037856165503472,0.6916176313665806
138,0.39333813173430304,0.8341629464285715,0.7748335537639133,0.8341629464285715,0.8322625468327545,0.4842547978225507,0.7888569078947368,0.717679372632098,0.7888569078947368,0.7857494715929044,0.7730373530872376,0.7010059981239727,0.4400043330551363,0.7010059981239727,0.6873157857857096
139,0.39277913025447303,0.8351339285714285,0.7774842739018607,0.8351339285714285,0.8334097108075863,0.48136248557191147,0.788342927631579,0.718544047260738,0.788342927631579,0.7856722096478603,0.7653683842705227,0.7043621937471494,0.4533539236966365,0.7043621937471494,0.6921596876673721
140,0.3949545787061964,0.8348995535714285,0.7823593499612025,0.8348995535714285,0.8333364319769142,0.4854172844635813,0.7887541118421053,0.724804407425417,0.7887541118421053,0.7861697733481897,0.7663325882942433,0.7032520675025602,0.4545021865859559,0.7032520675025602,0.6911057449085569
141,0.39373003023011344,0.8353571428571429,0.7809038094522048,0.8353571428571429,0.8337052768627969,0.4837888887054042,0.7899876644736842,0.7237366423826045,0.7899876644736842,0.7872156714658232,0.765233390370949,0.7033725463198024,0.44783533354730565,0.7033725463198024,0.6901454316733527
142,0.39082983902522495,0.8377901785714286,0.7829219889117999,0.8377901785714286,0.8363758139378654,0.4797839710586949,0.7913240131578947,0.7264937180979446,0.7913240131578947,0.7890531129527725,0.7642199991892241,0.7027357297143791,0.4519936142785969,0.7027357297143791,0.6902634751194392
143,0.39071564282689775,0.8374441964285714,0.78372854365226,0.8374441964285714,0.8356939071539425,0.4808766559550637,0.7901932565789473,0.7244560041824862,0.7901932565789473,0.7874088924605834,0.7656765236910607,0.7027701522335912,0.45844792299844783,0.7027701522335912,0.6904081911491219
144,0.3874107275690351,0.8386160714285714,0.7836861512684751,0.8386160714285714,0.8372980461827074,0.47980556362553645,0.7925575657894737,0.7302114467801106,0.7925575657894737,0.7904719060098122,0.7719074776468848,0.7019612230321076,0.45912115076728177,0.7019612230321076,0.6901608536116495
145,0.3865498912334442,0.8385825892857143,0.7807449877856271,0.8385825892857143,0.8367556289979073,0.47813532697527034,0.7919407894736842,0.7238617894599269,0.7919407894736842,0.7891164018429437,0.7709571667537528,0.7013244064266844,0.4536127268246731,0.7013244064266844,0.6891569244414707
146,0.38811468499047413,0.8389732142857143,0.7880928955603118,0.8389732142857143,0.8377733040634859,0.47951381300625046,0.7905016447368421,0.7260357856661231,0.7905016447368421,0.7883274641715835,0.7658288193407837,0.7029422648296516,0.4538030399458642,0.7029422648296516,0.6904220545051298
147,0.38832134893962317,0.83859375,0.7855983975065085,0.83859375,0.8369822730525901,0.47999350805031626,0.7914268092105263,0.7288370109215144,0.7914268092105263,0.7890673954518511,0.7689224539503319,0.7017546879168352,0.4497180131147632,0.7017546879168352,0.6887909111437827
148,0.3879573864596231,0.8374553571428571,0.779912507490664,0.8374553571428571,0.8354719831659314,0.47916170640995626,0.7908100328947368,0.7207399384442859,0.7908100328947368,0.7876480684184605,0.7726809730598765,0.7012039276094421,0.45348157188301397,0.7012039276094421,0.6883814330978187
149,0.38626395395823887,0.8400111607142857,0.7832637863978492,0.8400111607142857,0.83848081633306,0.4773756046044199,0.7919407894736842,0.7257747474958205,0.7919407894736842,0.7895224237312565,0.7656952828874412,0.7009973924941697,0.44495270195666664,0.7009973924941697,0.6882236653308129
150,0.3833217084407806,0.8408482142857143,0.7835138646729012,0.8408482142857143,0.8394091472707363,0.4780146667831822,0.7918379934210527,0.7290723653953072,0.7918379934210527,0.7895911356799115,0.7785997008153605,0.700635956042443,0.4426049710712111,0.700635956042443,0.6874716370475056
151,0.3831118646689824,0.8409709821428571,0.7858447211447375,0.8409709821428571,0.8395977543306685,0.4761111657870443,0.7950246710526315,0.7310960316547305,0.7950246710526315,0.7928019708361799,0.7763593657356749,0.7032692787621662,0.4545452025672657,0.7032692787621662,0.6913290671149382
152,0.38529808572360447,0.8403571428571428,0.7837162410304266,0.8403571428571428,0.8387629126913287,0.4784191093946758,0.7901932565789473,0.7237605381690368,0.7901932565789473,0.7877639644540922,0.7719889557015986,0.7030197154978787,0.4542080223168658,0.7030197154978787,0.6902210353692443
153,0.38400174123900277,0.8401116071428572,0.7816429196402257,0.8401116071428572,0.8383404041470728,0.47725122853329305,0.7945106907894737,0.7305897637305635,0.7945106907894737,0.7920411940228697,0.7667097389140468,0.7030713492766968,0.45400120166357827,0.7030713492766968,0.6905691189275406
154,0.38393112540245056,0.8404352678571428,0.7858322208316243,0.8404352678571428,0.8388309035566411,0.4769131792219062,0.7943050986842105,0.7286339960532155,0.7943050986842105,0.7918794011524044,0.7718893332775727,0.7007306179702761,0.4516772164160952,0.7007306179702761,0.6879911700736113
155,0.38183967420033044,0.8410602678571428,0.7888605548002877,0.8410602678571428,0.8394740842871458,0.47773915058688116,0.7918379934210527,0.7248072250266043,0.7918379934210527,0.789138773377297,0.773791770776541,0.7022452088156071,0.4545053702600268,0.7022452088156071,0.689651217845434
156,0.3830557247570583,0.8407700892857143,0.7875125145650979,0.8407700892857143,0.8394370842743158,0.47646229361232956,0.7938939144736842,0.7283165314191707,0.7938939144736842,0.7916445955625586,0.7754719930438968,0.7007822517490943,0.45526464611779716,0.7007822517490943,0.6889163656176673
157,0.3807219966820308,0.8412723214285714,0.7861811711933451,0.8412723214285714,0.8397778107158511,0.474858106751191,0.7938939144736842,0.7282521789436293,0.7938939144736842,0.7913804797778281,0.7774114230146433,0.7019956455513197,0.45334573467204214,0.7019956455513197,0.6891550088141358
158,0.3789377330030714,0.8422209821428571,0.7900050895534079,0.8422209821428571,0.8406472429088866,0.4733047689262189,0.79296875,0.7268542780134545,0.79296875,0.7901380428628872,0.7751871025032013,0.7030197154978787,0.4602650664203881,0.7030197154978787,0.6906379940419228
159,0.3806299000126975,0.8416852678571428,0.7903308321578236,0.8416852678571428,0.840390701419488,0.4742470367958671,0.7938939144736842,0.7298731134611737,0.7938939144736842,0.7915690880186123,0.777625093131558,0.7029594760892576,0.4584064540387008,0.7029594760892576,0.6905361775556624
160,0.38157232557024273,0.8425334821428572,0.7871610587430256,0.8425334821428572,0.8407092114090354,0.47712597564647075,0.7924547697368421,0.7253390106275827,0.7924547697368421,0.7896135143963577,0.7729609367878281,0.7033639406899994,0.44541442962290395,0.7033639406899994,0.6901523603591586
161,0.3798880246707371,0.841328125,0.7862345841764266,0.841328125,0.8397263773617974,0.47675908082409907,0.7923519736842105,0.7251892621017972,0.7923519736842105,0.789806596798974,0.7807415646593606,0.7019526174023046,0.4479050011056322,0.7019526174023046,0.6891018927134159
162,0.3784452063696725,0.8428683035714286,0.7912812896498147,0.8428683035714286,0.8414970432490487,0.47413943158952815,0.7947162828947368,0.7314196290006828,0.7947162828947368,0.792351490291087,0.7722749160462353,0.70216775814738,0.4580900451671623,0.70216775814738,0.6900162408236787
163,0.3752567975861686,0.8433928571428572,0.7859586496280634,0.8433928571428572,0.8416506461293739,0.47037775265543086,0.7938939144736842,0.7236482182820548,0.7938939144736842,0.7911323097958199,0.7805001197540968,0.7030627436468938,0.4463025707191271,0.7030627436468938,0.6898156232493204
164,0.3785211915629251,0.8435714285714285,0.7906136866715386,0.8435714285714285,0.8421396545482043,0.47425440267512675,0.7939967105263158,0.7306346237756004,0.7939967105263158,0.7915471842442351,0.7757043270553136,0.7027787578633943,0.4520176468704374,0.7027787578633943,0.6902365542391996
165,0.3763821244239807,0.8433482142857143,0.789658945165655,0.8433482142857143,0.8417800151452366,0.4727933391144401,0.7918379934210527,0.7246656853288355,0.7918379934210527,0.7892958431824505,0.7762756009036745,0.7027529409739852,0.45665603112247816,0.7027529409739852,0.6904933592615754
166,0.37613171918051586,0.8434598214285715,0.7938638680352074,0.8434598214285715,0.8421700758980322,0.47282128898720993,0.7939967105263158,0.7317399763818956,0.7939967105263158,0.7918428313122824,0.7739152606031783,0.7003261533695343,0.4499741194826631,0.7003261533695343,0.6882175433213508
167,0.3775314460481916,0.8441294642857143,0.7881916180017748,0.8441294642857143,0.8425038680540622,0.47583640876569244,0.79296875,0.7225920669780084,0.79296875,0.7902137180291422,0.7761945658703325,0.7019612230321076,0.4457944094356708,0.7019612230321076,0.6889529821024892
168,0.3727358521733965,0.8459263392857143,0.78923680699843,0.8459263392857143,0.8444422848992408,0.47094443597291646,0.7957442434210527,0.7278901291889753,0.7957442434210527,0.7933772724567261,0.7803447436327393,0.7035360532860597,0.4507718276244711,0.7035360532860597,0.6914029324462022
169,0.37400123425892423,0.846171875,0.7946345569861639,0.846171875,0.8449579766835047,0.4723021999785775,0.7935855263157895,0.7209667773479002,0.7935855263157895,0.7911841306568393,0.775111310909998,0.7025980396375309,0.45780585792931994,0.7025980396375309,0.690669687536609
170,0.3728759287084852,0.8472433035714285,0.7981150902736189,0.8472433035714285,0.8458992657627132,0.4696212207016192,0.7971833881578947,0.7267191249247453,0.7971833881578947,0.7947062049740851,0.7699032589455566,0.7019698286619106,0.4628457677749299,0.7019698286619106,0.6899166794633308
171,0.373925553389958,0.8451897321428572,0.7925798871072604,0.8451897321428572,0.8437135654629696,0.4723356538697293,0.7962582236842105,0.7295782468067731,0.7962582236842105,0.7935743845456561,0.7759057309658658,0.702649673416349,0.4570800278984997,0.702649673416349,0.6903986531913108
172,0.3723308219228472,0.8470200892857143,0.7939211408452055,0.8470200892857143,0.845952520323022,0.4693259408599452,0.7951274671052632,0.7299115310384344,0.7951274671052632,0.7932544249994656,0.7779610934812955,0.7025119833395007,0.4577580965552105,0.7025119833395007,0.6912118487776584
173,0.3712105427469526,0.8469308035714286,0.7922003663698854,0.8469308035714286,0.8455854105551662,0.471214926556537,0.7930715460526315,0.7239284543370915,0.7930715460526315,0.790777346644771,0.7767480152087828,0.7022452088156071,0.451072599900039,0.7022452088156071,0.6901401927410122
174,0.37251943349838257,0.8467075892857143,0.7947522886893815,0.8467075892857143,0.8452205869168612,0.47144865519122076,0.793688322368421,0.7242334560093343,0.793688322368421,0.7912698947213317,0.7768126402247127,0.7019181948830925,0.4552206713257802,0.7019181948830925,0.6897506744577957
175,0.37069265467779977,0.8469196428571428,0.7938771598949751,0.8469196428571428,0.845746297108215,0.47139440398467214,0.7955386513157895,0.7274299353474569,0.7955386513157895,0.793387548503985,0.7789023486462813,0.7025722227481218,0.45272665742661705,0.7025722227481218,0.6905461873257333
176,0.3686666258743831,0.8470424107142858,0.7929283593144855,0.8470424107142858,0.8455365467385038,0.4691318399027774,0.798828125,0.7243863696806362,0.798828125,0.7962732592537956,0.7862982377901712,0.7003605758887465,0.449995681655187,0.7003605758887465,0.6876119713041465
177,0.37067627685410637,0.8475223214285714,0.7949699266308752,0.8475223214285714,0.8462421619386283,0.4693221136143333,0.7951274671052632,0.7242931914833278,0.7951274671052632,0.792633066673199,0.7794119429570058,0.7015309415419567,0.4552959099889208,0.7015309415419567,0.6892409965579174
178,0.3685438959939139,0.849296875,0.8004963246426795,0.849296875,0.8476170186215329,0.4693880238031086,0.7945106907894737,0.7276809314824979,0.7945106907894737,0.7917968888628575,0.7761894411280869,0.7024689551904856,0.4604235253017451,0.7024689551904856,0.6902567731485133
179,0.36778674926076615,0.8496763392857143,0.7981131474617725,0.8496763392857143,0.8483222723682937,0.4684327558467263,0.7972861842105263,0.7344134740640194,0.7972861842105263,0.7949184764077252,0.7823708785310343,0.7037511940311352,0.4578208241868073,0.7037511940311352,0.6917903219212821
180,0.3688213324546814,0.848125,0.7960616415411695,0.848125,0.8466098670509109,0.46771221882418584,0.7973889802631579,0.7284936715818973,0.7973889802631579,0.7947445290188927,0.779993854728737,0.704654785160452,0.4585165510167189,0.704654785160452,0.6920697741088696
181,0.36647783262389044,0.8490848214285714,0.7976635785611662,0.8490848214285714,0.8477628607117672,0.46779024600982666,0.7987253289473685,0.7310312615292143,0.7987253289473685,0.7962775405653466,0.7781356932221266,0.7036995602523171,0.45962572987612493,0.7036995602523171,0.6916440440314909
182,0.3660774551119123,0.8494642857142857,0.7977144293565941,0.8494642857142857,0.8479976564698,0.4672783283810866,0.798108552631579,0.7294780675698033,0.798108552631579,0.7955200528072954,0.7816505252155225,0.7024087157818645,0.46069922752861475,0.7024087157818645,0.6899635956951834
183,0.3646652507781982,0.849921875,0.7974717360646243,0.849921875,0.8486387061508777,0.46564007746545893,0.796875,0.7280225294654078,0.796875,0.7945141114671435,0.7849428378522012,0.7015137302823508,0.45701909894605464,0.7015137302823508,0.6893375874784691
184,0.36618791341781615,0.8500669642857143,0.7992629836295466,0.8500669642857143,0.848952520462409,0.46645858883857727,0.7970805921052632,0.7320755697720903,0.7970805921052632,0.7949652610279311,0.7821611131043812,0.7034930251370447,0.44578060423505317,0.7034930251370447,0.6910062908833706
185,0.36422144191605704,0.8492299107142857,0.7995264453689915,0.8492299107142857,0.8480142446817449,0.46617722668145833,0.7955386513157895,0.7270518520839708,0.7955386513157895,0.7932134901413601,0.7898674215050522,0.7014707021333356,0.4545944165600315,0.7014707021333356,0.6898490355679257
186,0.36297912631716045,0.8504352678571429,0.8013902413838468,0.8504352678571429,0.8490849380460693,0.4655981957912445,0.7984169407894737,0.7317127439245905,0.7984169407894737,0.796095226367526,0.7883740757770084,0.7004810547059886,0.45392423086114714,0.7004810547059886,0.6879554770806191
187,0.36338095239230567,0.8501897321428571,0.7960043375586819,0.8501897321428571,0.8486513808173837,0.46725381204956457,0.7954358552631579,0.7249679769627234,0.7954358552631579,0.792532510844907,0.7893020457476981,0.7007908573788972,0.44738549303568326,0.7007908573788972,0.6879435524879832
188,0.365921037537711,0.8496763392857143,0.7991389925706921,0.8496763392857143,0.8485196030214208,0.4674582763722068,0.7958470394736842,0.727090794121672,0.7958470394736842,0.7936482349522718,0.7838090050425971,0.7023226594838343,0.44873264704570026,0.7023226594838343,0.6895704435990656
189,0.36238857882363457,0.8531696428571428,0.8046210077582865,0.8531696428571428,0.8519934514817202,0.463713653777775,0.7976973684210527,0.7277150882752433,0.7976973684210527,0.7952972681723911,0.7783266896866201,0.7032950956515752,0.4672077515233662,0.7032950956515752,0.6917526528333877
190,0.36229004757744926,0.8514732142857143,0.8037416382685743,0.8514732142857143,0.8503062966347068,0.46527311049009623,0.7990337171052632,0.7302918107821209,0.7990337171052632,0.7967105060904189,0.7819560313857139,0.703665137733105,0.4555477204721847,0.703665137733105,0.6912924089186747
191,0.3598503659452711,0.8525223214285714,0.8046814944202509,0.8525223214285714,0.8515066056925499,0.4643073097655648,0.7998560855263158,0.7308017597637121,0.7998560855263158,0.797829294582885,0.7871400682636657,0.7015137302823508,0.45479947704033424,0.7015137302823508,0.6894659017426867
192,0.36223431638308934,0.8527566964285714,0.8069741042392782,0.8527566964285714,0.8517436855993248,0.46470731339956584,0.7966694078947368,0.7291385769485206,0.7966694078947368,0.794527913894932,0.780064605023017,0.7029508704594546,0.458426378142999,0.7029508704594546,0.6912880043799488
193,0.3596612705503191,0.8519308035714286,0.7998142811100737,0.8519308035714286,0.8505512470875153,0.4628897764180836,0.8009868421052632,0.7318178586840363,0.8009868421052632,0.7984386033286038,0.7874547640674081,0.7031229830555149,0.4512959549851983,0.7031229830555149,0.6906500717441328
194,0.36042978712490625,0.8529017857142858,0.8018952598469123,0.8529017857142858,0.8518537983971172,0.46474446905286687,0.7984169407894737,0.7304482624618244,0.7984169407894737,0.7962784569565432,0.7862206782816458,0.7026324621567429,0.4496053677686963,0.7026324621567429,0.6908794860739835
195,0.35972688436508177,0.8536049107142857,0.8027128746551944,0.8536049107142857,0.8525610868277866,0.46522816231376246,0.7979029605263158,0.7326633052365229,0.7979029605263158,0.7960009735627038,0.7799106911966699,0.7022968425944253,0.4503113570826551,0.7022968425944253,0.6902611516405387
196,0.3617415360042027,0.8516071428571429,0.8004019616021993,0.8516071428571429,0.850295548135089,0.4654233126263869,0.7980057565789473,0.7334661516049349,0.7980057565789473,0.7955403388399822,0.7812197611787283,0.7036909546225141,0.45572376949831817,0.7036909546225141,0.6913894547721611
197,0.36006791182926723,0.8513950892857143,0.7984609645937487,0.8513950892857143,0.8500524678664447,0.46443100038327667,0.7999588815789473,0.7327543865274431,0.7999588815789473,0.7975843538056738,0.7846129452081564,0.7015653640611688,0.45431790995780474,0.7015653640611688,0.6893773903721703
198,0.36022316251482284,0.8512946428571428,0.7963726296014331,0.8512946428571428,0.8500040349369435,0.462271848791524,0.7992393092105263,0.7282111789262247,0.7992393092105263,0.7969946765379279,0.7872864628499207,0.7016083922101839,0.4576211185599954,0.7016083922101839,0.6898987314922943
199,0.3589036454473223,0.8540959821428571,0.8068506041173646,0.8540959821428571,0.8531592156305547,0.4622134331025575,0.8005756578947368,0.7358233613831662,0.8005756578947368,0.7986095195672426,0.7794887049667405,0.7027443353441821,0.462070366651629,0.7027443353441821,0.691553868979719
200,0.35701840792383466,0.8533816964285714,0.8037045336704322,0.8533816964285714,0.8519837124569822,0.4618539747438933,0.8008840460526315,0.7351505012573487,0.8008840460526315,0.7984019758730923,0.7843395178240448,0.7025205889693037,0.4582813662339656,0.7025205889693037,0.6906290877465234
201,0.3581184474059514,0.8546428571428571,0.8035164007888076,0.8546428571428571,0.8533337449428412,0.46033330810697454,0.8017064144736842,0.7372233260810374,0.8017064144736842,0.7993709352585475,0.7765250864577197,0.7018493498446684,0.4550941419021265,0.7018493498446684,0.6899251674268084
202,0.3566800384862082,0.8547098214285714,0.8077761898860605,0.8547098214285714,0.8539569479681505,0.4608623699138039,0.8021175986842105,0.7349278752414511,0.8021175986842105,0.8004144492063762,0.7837313914265568,0.7023656876328495,0.4650413891820501,0.7023656876328495,0.6918012338552871
203,0.35543287566729953,0.8545758928571429,0.8070379817813981,0.8545758928571429,0.8534859356220095,0.4615803815816578,0.8008840460526315,0.7326194164041405,0.8008840460526315,0.798544612288544,0.7864686097370223,0.7030627436468938,0.45786588531746714,0.7030627436468938,0.6909271158603237
204,0.35462360756737843,0.8561383928571429,0.8073081969437453,0.8561383928571429,0.8547206401185448,0.4597968255218707,0.8025287828947368,0.737107953946419,0.8025287828947368,0.800273410830789,0.7869206914822495,0.7012899839074722,0.45996825913802614,0.7012899839074722,0.6892017810891304
205,0.3550291563783373,0.85515625,0.8070352213049192,0.85515625,0.8538110733793228,0.46191591651816116,0.7982113486842105,0.7331245847140586,0.7982113486842105,0.795965797208021,0.7903467972626386,0.7034844195072416,0.4626385825281795,0.7034844195072416,0.6912967563687837
206,0.3577943764414106,0.8538058035714285,0.8028623613247567,0.8538058035714285,0.852600382338735,0.4639493211319572,0.7986225328947368,0.7276489010439855,0.7986225328947368,0.7962042550947096,0.7827165199991305,0.7017460822870322,0.4522553523662806,0.7017460822870322,0.6895280928871241
207,0.3531650335448129,0.8568080357142858,0.8109971822416326,0.8568080357142858,0.8559678533859654,0.45907783978863764,0.8002672697368421,0.7342914545143528,0.8002672697368421,0.7983034736158379,0.7902303746306472,0.700136829513868,0.45602201002223247,0.700136829513868,0.6887743982192476
208,0.35293132560593743,0.8569977678571429,0.8080564740855483,0.8569977678571429,0.8558020253935413,0.45834063856225266,0.8002672697368421,0.7344656424121482,0.8002672697368421,0.7977525217971567,0.787600665288184,0.7008338855279124,0.45612412521428464,0.7008338855279124,0.6890017653692176
209,0.35272425396101814,0.8553125,0.8059915309751448,0.8553125,0.8538232552347337,0.4586435932862131,0.8009868421052632,0.7334494883542224,0.8009868421052632,0.7980704279951238,0.7938217218861519,0.7013330120564873,0.45709949847102405,0.7013330120564873,0.6889482746947547
210,0.3525837249415261,0.8567299107142857,0.8090838376496682,0.8567299107142857,0.8556035462834928,0.4574684547750573,0.8002672697368421,0.7319997087020748,0.8002672697368421,0.7978802965136995,0.7872503993582046,0.7004294209271705,0.45451041331290315,0.7004294209271705,0.6883472848861035
211,0.3530129837989807,0.8564955357142857,0.8076991391656001,0.8564955357142857,0.8552981236942864,0.4572829415923671,0.8012952302631579,0.7331899882953857,0.8012952302631579,0.7987867495147657,0.7884560892112358,0.7023226594838343,0.4516267618193371,0.7023226594838343,0.6899383706418559
212,0.3496048389162336,0.8583928571428572,0.8132195552981152,0.8583928571428572,0.8575193297480509,0.45757499807759333,0.8010896381578947,0.7336965905961649,0.8010896381578947,0.7992271448002657,0.7888616234271585,0.7018235329552593,0.4594116680821888,0.7018235329552593,0.6901956707155601
213,0.3501994390147073,0.8579799107142857,0.8085211919060181,0.8579799107142857,0.856844914180843,0.45601342069475276,0.8017064144736842,0.7321314221748952,0.8017064144736842,0.7993738525423336,0.7965921871866473,0.7004982659655947,0.4577358130032965,0.7004982659655947,0.6884914049230221
214,0.3503443738392421,0.857578125,0.8080118400630267,0.857578125,0.8565075341918732,0.4562603925403796,0.8026315789473685,0.7377481314655298,0.8026315789473685,0.8005200350061058,0.7956537313435985,0.7000163506966257,0.45887344985920364,0.7000163506966257,0.6884420887738151
215,0.3492115424360548,0.8581138392857143,0.8100129287832026,0.8581138392857143,0.8569757213579433,0.4574048738730581,0.802734375,0.7390326293663589,0.802734375,0.8004480445596274,0.7955216601495206,0.7003605758887465,0.44535026636500147,0.7003605758887465,0.6875493147065163
216,0.34946631108011517,0.857265625,0.8067395641597458,0.857265625,0.856027267315213,0.4564939862803409,0.8019120065789473,0.732206321364952,0.8019120065789473,0.7995568160809238,0.7943639473047295,0.701143688200821,0.4561100683474094,0.701143688200821,0.6895912509212762
217,0.3495183459350041,0.85875,0.8139661532846476,0.85875,0.8580356577643006,0.4578996661462282,0.8030427631578947,0.7435852217563019,0.8030427631578947,0.8013553143679083,0.7920157157670936,0.7009027305663365,0.458914975595766,0.7009027305663365,0.6896463935714696
218,0.34895579286984035,0.8584375,0.8080115518606542,0.8584375,0.8569342063939323,0.4576799383288936,0.8018092105263158,0.7324545836374596,0.8018092105263158,0.7991521203876133,0.7902945319530073,0.6994139566104145,0.45747219192385163,0.6994139566104145,0.6871346898998748
219,0.3499053476537977,0.8577455357142857,0.8104219342323615,0.8577455357142857,0.8566630456661848,0.4587676242778176,0.8003700657894737,0.7387990442199953,0.8003700657894737,0.7979975399885637,0.7875586370330779,0.7009629699749577,0.4541636903874618,0.7009629699749577,0.6889707403824512
220,0.3502197848047529,0.8575,0.8071367762158985,0.8575,0.8561186460674604,0.45866456784700094,0.8019120065789473,0.734525494655726,0.8019120065789473,0.799256070473146,0.7866677596273755,0.7022366031858042,0.46028125196128417,0.7022366031858042,0.6901128607935175
221,0.350220205954143,0.8594308035714285,0.8115409975310965,0.8594308035714285,0.8582247381448578,0.4582591292105223,0.8048930921052632,0.7357218509672292,0.8048930921052632,0.8024449326775924,0.782031318528902,0.7012985895372753,0.4528205206326591,0.7012985895372753,0.6890467355735249
222,0.3453862942968096,0.8614620535714286,0.8167597940290926,0.8614620535714286,0.8604516879479573,0.4539033347054532,0.8033511513157895,0.7449763620788816,0.8033511513157895,0.8013545620347343,0.7921915419187704,0.6982349853274011,0.45641715975908165,0.6982349853274011,0.6861932150542674
223,0.3462438319410597,0.8608035714285714,0.8169462638258563,0.8608035714285714,0.8599086029631329,0.45532072374695226,0.8030427631578947,0.7391469272717733,0.8030427631578947,0.8009288089198716,0.7913503580994796,0.6998184212111563,0.4595965504047627,0.6998184212111563,0.6883373900655242
224,0.345835189649037,0.85984375,0.8117041506032433,0.85984375,0.8587362924632473,0.4542681167000218,0.805407072368421,0.7441697048737631,0.805407072368421,0.8032076604964017,0.7973691368950807,0.7000249563264288,0.4474327349621778,0.7000249563264288,0.6877312297244511
225,0.34526382275990075,0.860234375,0.8122640452567337,0.860234375,0.8591802376328548,0.4568086376315669,0.8042763157894737,0.735504491528066,0.8042763157894737,0.8021382127277656,0.7915529363892125,0.701126476941215,0.4545034654037731,0.701126476941215,0.6892680994578363
226,0.3456662837096623,0.8598214285714286,0.8115736497449222,0.8598214285714286,0.8584181831376005,0.4570863403772053,0.8030427631578947,0.7352806000670632,0.8030427631578947,0.8004143516297311,0.7887474934907033,0.7016169978399869,0.46021516474963564,0.7016169978399869,0.6894177442129023
227,0.34452772327831815,0.8602566964285714,0.811401724219707,0.8602566964285714,0.8591733377714619,0.4551669923882735,0.8040707236842105,0.7363085282521764,0.8040707236842105,0.8018351577087306,0.7960162650885061,0.6997151536535201,0.4555176730166952,0.6997151536535201,0.6876898982297018
228,0.3441409829684666,0.8605357142857143,0.8163260806135085,0.8605357142857143,0.8595741456124945,0.45487229447615773,0.8022203947368421,0.7413807518031825,0.8022203947368421,0.8001551698674655,0.7956309903329993,0.703682348992711,0.4555267182064959,0.703682348992711,0.6919695660202712
229,0.3470619029658181,0.85953125,0.8129997323633099,0.85953125,0.8585257233135094,0.4580496816258681,0.8012952302631579,0.7388855821669146,0.8012952302631579,0.7991754307031336,0.7947683976243209,0.7029680817190606,0.4486634394136721,0.7029680817190606,0.6906288040842786
230,0.3428192184652601,0.861484375,0.8112972539621887,0.861484375,0.8602239531455428,0.4544232299453334,0.8029399671052632,0.7346993789623607,0.8029399671052632,0.8006036479779379,0.7932800777086515,0.7011006600518059,0.4580669670117082,0.7011006600518059,0.688933880768312
231,0.344110107421875,0.8623995535714286,0.8145659232019329,0.8623995535714286,0.8612963332682302,0.45463991165161133,0.8053042763157895,0.7400693217349407,0.8053042763157895,0.8030920020302356,0.7875654142729756,0.7000421675860348,0.45933399670197667,0.7000421675860348,0.6881635168859909
232,0.34481171233313423,0.8618080357142858,0.8148778040748442,0.8618080357142858,0.8606949025065003,0.45539490015883194,0.8042763157894737,0.742008558937546,0.8042763157894737,0.8021849404291203,0.785700390087826,0.7029078423104395,0.4573768682748477,0.7029078423104395,0.6911990441699472
233,0.34028692603111266,0.8634151785714286,0.8184358611858281,0.8634151785714286,0.862440858450923,0.4537540187961177,0.806640625,0.7466485694260033,0.806640625,0.8047252184596964,0.7934463385128027,0.7008252798981094,0.4654360389126868,0.7008252798981094,0.6894764723197055
234,0.34377703836985996,0.8621875,0.8154163829233132,0.8621875,0.8611862413286974,0.45553149204505117,0.8048930921052632,0.7412322409653032,0.8048930921052632,0.8027216558569147,0.791083134868324,0.7008855193067305,0.4590104016131815,0.7008855193067305,0.6896064081419633
235,0.33977148515837535,0.8637388392857143,0.8181558291109159,0.8637388392857143,0.8627639279476965,0.4521795573987459,0.8056126644736842,0.742599758734945,0.8056126644736842,0.8034112973300133,0.8010903235622703,0.6995774635766718,0.4608527070475688,0.6995774635766718,0.6884986230696247
236,0.34199806009020123,0.8620535714285714,0.8149885979164333,0.8620535714285714,0.8609419899140913,0.45306276804522466,0.8064350328947368,0.7433274183328947,0.8064350328947368,0.8041005033372368,0.797091324343759,0.7004466321867766,0.45423005006615286,0.7004466321867766,0.6888051242812012
237,0.340818532875606,0.8629575892857143,0.8139346943791751,0.8629575892857143,0.8617139920378152,0.4539921644486879,0.8041735197368421,0.7331575192294884,0.8041735197368421,0.8017556482765534,0.791670394650304,0.7013502233160934,0.4573312975712658,0.7013502233160934,0.6897778768345922
238,0.3396957298687526,0.8640848214285715,0.8212715318933911,0.8640848214285715,0.8632593006866988,0.4515641943404549,0.8058182565789473,0.7426743635007982,0.8058182565789473,0.8038632663098536,0.7932937716186798,0.7024689551904856,0.46286339024766926,0.7024689551904856,0.6912690787048323
239,0.33940175839832853,0.8642633928571428,0.8216275385122386,0.8642633928571428,0.863338505615782,0.4520250998045269,0.8041735197368421,0.7430998879847561,0.8041735197368421,0.8021439464873035,0.7917477633375878,0.7029422648296516,0.46470485931401223,0.7029422648296516,0.6918373897078446
240,0.3401196937901633,0.8633816964285714,0.816974797039981,0.8633816964285714,0.8621390870573532,0.45242562576344136,0.8041735197368421,0.7353184245271214,0.8041735197368421,0.8017364089062355,0.7933821390486872,0.7018493498446684,0.4482152621289695,0.7018493498446684,0.6894739462510533
241,0.3395066169330052,0.8639174107142857,0.8220864747618968,0.8639174107142857,0.8629377520696958,0.452879631205609,0.8043791118421053,0.737296070971995,0.8043791118421053,0.8021028973576353,0.7918655876294574,0.7013760402055025,0.45472771372144105,0.7013760402055025,0.689712276524978
242,0.3386563226154872,0.8643861607142858,0.8182262551152549,0.8643861607142858,0.86314585131545,0.4502136926901968,0.8043791118421053,0.7371529085425195,0.8043791118421053,0.801953608653041,0.7980137020663676,0.6999561112880046,0.4554916065205584,0.6999561112880046,0.6880030133954479
243,0.3389991295337677,0.864453125,0.8171512692268843,0.864453125,0.8633729521618033,0.45156959954061004,0.8077713815789473,0.7440192674269982,0.8077713815789473,0.8055933829132678,0.7904496645623361,0.7001712520330801,0.4534942820487315,0.7001712520330801,0.6883017576540211
244,0.33851515514510017,0.8645089285714286,0.8232724239819728,0.8645089285714286,0.86363678655245,0.45138843122281525,0.8067434210526315,0.7456134819304641,0.8067434210526315,0.8047706786649261,0.7924188320445301,0.7009457587153516,0.464657483929383,0.7009457587153516,0.6896196131752549
245,0.3360365879535675,0.8653013392857143,0.8191481061437367,0.8653013392857143,0.864198705401516,0.45037798505080373,0.8074629934210527,0.7432139749750147,0.8074629934210527,0.805188116521527,0.7958185115819765,0.699198815865339,0.4571294880051497,0.699198815865339,0.6871808756627356
246,0.3372750571795872,0.865234375,0.8191861757891373,0.865234375,0.8642236051414736,0.4523059223827563,0.8030427631578947,0.7351350100645716,0.8030427631578947,0.8010619984229832,0.7952438386541424,0.7013588289458964,0.46706540725269047,0.7013588289458964,0.6898747661892392
247,0.3352137439591544,0.8665178571428571,0.8209979714012828,0.8665178571428571,0.865470330730046,0.4497130905327044,0.807360197368421,0.7457648412372151,0.807360197368421,0.8050117192629391,0.7944296833964175,0.6997409705429292,0.4568628559945678,0.6997409705429292,0.6879299267162601
248,0.3347914350032806,0.8662276785714286,0.8248912887938912,0.8662276785714286,0.8655177429899767,0.45178129484778956,0.8045847039473685,0.7450416409845202,0.8045847039473685,0.802853510416768,0.7954226971697452,0.700635956042443,0.4624589819772247,0.700635956042443,0.6894404146268529
249,0.3376818629673549,0.8659933035714286,0.8206237591489484,0.8659933035714286,0.8650169828770881,0.45292393000502335,0.8038651315789473,0.7407265515414865,0.8038651315789473,0.8015942108766534,0.7953680693638009,0.7004724490761857,0.4565689811502533,0.7004724490761857,0.6888872894155581
250,0.33726063013076785,0.8650223214285714,0.8203775010665336,0.8650223214285714,0.864297145252201,0.45299822092056274,0.8041735197368421,0.7376948872653871,0.8041735197368421,0.8023196969263678,0.799709934360436,0.6993279003123843,0.4514696395750724,0.6993279003123843,0.687592755943516
251,0.3353284755774907,0.8675669642857143,0.8270420164175917,0.8675669642857143,0.8668713165742296,0.45348470148287323,0.8048930921052632,0.7437983037227222,0.8048930921052632,0.8030444550280696,0.794263090308541,0.699654914244899,0.4565460550386705,0.699654914244899,0.6884451911299301
252,0.33530761514391216,0.866484375,0.8226994133805235,0.866484375,0.8657337119879357,0.4521237376489137,0.8049958881578947,0.7466920441697992,0.8049958881578947,0.803187085805461,0.7972989931388312,0.6997409705429292,0.4495587516178083,0.6997409705429292,0.6880614112306478
253,0.334030841418675,0.8673549107142857,0.8246968299814574,0.8673549107142857,0.866595920349626,0.4496323121221442,0.8042763157894737,0.7436122232373202,0.8042763157894737,0.8023018665021338,0.7947702444834952,0.7002917308503223,0.46337836713637237,0.7002917308503223,0.6893287042180953
254,0.33321582896368845,0.8665736607142858,0.8204455035475269,0.8665736607142858,0.865474798658195,0.44997318167435496,0.8053042763157895,0.7451984563992856,0.8053042763157895,0.8030065356983217,0.8023407883472086,0.7006961954510641,0.45556410127438707,0.7006961954510641,0.6886870396210414
255,0.3336975574493408,0.866953125,0.8235720939822422,0.866953125,0.8661556007277728,0.45030387294919866,0.8067434210526315,0.7450948927026066,0.8067434210526315,0.8046710744880196,0.7940898553895859,0.7013330120564873,0.45470505487352647,0.7013330120564873,0.6896144974284145
256,0.33112826790128436,0.8671651785714286,0.8219127582462836,0.8671651785714286,0.8661943692633108,0.44822851764528376,0.8072574013157895,0.7416987184023671,0.8072574013157895,0.8051682440836898,0.802909143783344,0.7003261533695343,0.45717588487954813,0.7003261533695343,0.6883142552213192
257,0.3331304781777518,0.8669866071428571,0.8226124159744888,0.8669866071428571,0.8657425113501165,0.4480736930119364,0.8081825657894737,0.7415535723975152,0.8081825657894737,0.8055990987586602,0.7987571287685321,0.7011522938306239,0.4622681299381059,0.7011522938306239,0.689072396312777
258,0.33207722766058784,0.8673549107142857,0.8214782885569255,0.8673549107142857,0.8663341942172454,0.44706968884719045,0.8064350328947368,0.7382135489899758,0.8064350328947368,0.8041369719238968,0.7980996725985032,0.7007220123404732,0.45749695890076675,0.7007220123404732,0.68898363155984
259,0.331628520659038,0.8690066964285714,0.82309362153105,0.8690066964285714,0.8679631733601351,0.44832580811099004,0.8055098684210527,0.734667683130094,0.8055098684210527,0.8032342791554533,0.7971172973774047,0.6995344354276568,0.4605206571855838,0.6995344354276568,0.6879839647576299
260,0.3303838118485042,0.8689285714285714,0.8247521870118436,0.8689285714285714,0.8681033527983498,0.44727876311854314,0.8053042763157895,0.740078641836044,0.8053042763157895,0.8032620844219313,0.8124699112723777,0.6994397734998236,0.4544655540622472,0.6994397734998236,0.6877958605287307
261,0.3315270498820714,0.8672544642857143,0.820624896561562,0.8672544642857143,0.8660332227514002,0.44768972773300975,0.8084909539473685,0.7440461099374163,0.8084909539473685,0.8061155141459186,0.8014794191600101,0.6994655903892326,0.45715908382048814,0.6994655903892326,0.6875228502052717
262,0.3296788019793374,0.8685044642857143,0.8249616520796543,0.8685044642857143,0.8675046132964462,0.44615766092350606,0.8057154605263158,0.7403255224788255,0.8057154605263158,0.8034602481795247,0.8023255009214697,0.7011522938306239,0.4644880795908071,0.7011522938306239,0.6896383901737708
263,0.33039032101631166,0.8684821428571429,0.8253030877855825,0.8684821428571429,0.8676056346191295,0.44606539293339376,0.8067434210526315,0.744659594054612,0.8067434210526315,0.8047928479209802,0.7974353552697632,0.7005585053742158,0.46081754566902766,0.7005585053742158,0.6889108058969143
264,0.3303435746261052,0.8673102678571428,0.8240290824548523,0.8673102678571428,0.8665623530899476,0.4473458277551751,0.8063322368421053,0.7446260244664815,0.8063322368421053,0.8044701258690994,0.8013553415621135,0.7011953219796391,0.45699741403142646,0.7011953219796391,0.689487706975188
265,0.33015088217599053,0.8679241071428572,0.8237130086046233,0.8679241071428572,0.8668740672590072,0.44717564865162496,0.8080797697368421,0.7460489870488903,0.8080797697368421,0.8058436455269661,0.803002948987827,0.7000507732158378,0.46285383796927826,0.7000507732158378,0.6883814516737657
266,0.33090094361986433,0.8684040178571428,0.8223279142575318,0.8684040178571428,0.8676740459340254,0.4469334326292339,0.807874177631579,0.745737743031834,0.807874177631579,0.8062305387910019,0.796819518384179,0.700179857662883,0.45710915587301454,0.700179857662883,0.6890045412598254
267,0.32918317811829706,0.8690178571428572,0.8234844440208174,0.8690178571428572,0.8679111480477978,0.44776040943045364,0.8087993421052632,0.7431236832588206,0.8087993421052632,0.8066129818250097,0.8044185261589405,0.7018149273254564,0.4526860321200588,0.7018149273254564,0.6897100406815836
268,0.3317481928212302,0.8688504464285715,0.8251739706661912,0.8688504464285715,0.8680067163652088,0.44785862690524053,0.8070518092105263,0.7444364027194614,0.8070518092105263,0.8049105579650304,0.8003481585183406,0.700136829513868,0.4526482645522915,0.700136829513868,0.6881767197738565
269,0.3304259250845228,0.8692075892857143,0.823166283133789,0.8692075892857143,0.8683112299880333,0.44608142815138163,0.8095189144736842,0.7465145325508878,0.8095189144736842,0.8075757146181674,0.8010851140620484,0.7003089421099283,0.4566129822707289,0.7003089421099283,0.6887858796181857
270,0.3283980131149292,0.8688058035714286,0.8259478349513262,0.8688058035714286,0.8679518803373784,0.44696815233481557,0.8082853618421053,0.7482748852483206,0.8082853618421053,0.8063650551181393,0.8011075137289424,0.7010576319027908,0.4518728050997319,0.7010576319027908,0.6888251674935574
271,0.32816425561904905,0.8700446428571429,0.8255035794272484,0.8700446428571429,0.8688167092781575,0.4474552681571559,0.8092105263157895,0.7440844170573427,0.8092105263157895,0.8067988901483938,0.8010677304166158,0.699663519874702,0.45140467084649627,0.699663519874702,0.6869391313845933
272,0.32758682676724027,0.8701785714285715,0.8263676758676398,0.8701785714285715,0.8690541895111576,0.4461331790999362,0.8094161184210527,0.7487372265734261,0.8094161184210527,0.8070302501647955,0.8049838694187526,0.7001970689224891,0.45046644089709836,0.7001970689224891,0.6877272884407504
273,0.3291740480491093,0.8690290178571428,0.8239111697961556,0.8690290178571428,0.867711004633391,0.4469429458442487,0.8079769736842105,0.7427067465600681,0.8079769736842105,0.8054638456915524,0.803406060464187,0.7002314914417012,0.44900183926444687,0.7002314914417012,0.6872526503319503
274,0.3295159440381186,0.8699107142857143,0.8263063988666087,0.8699107142857143,0.8688056904600877,0.44627432917293747,0.8089021381578947,0.7463561280080151,0.8089021381578947,0.8067413777681884,0.800099321282462,0.7004724490761857,0.4573891017189018,0.7004724490761857,0.6886330477104035
275,0.32667173726218085,0.870234375,0.8254194346495835,0.870234375,0.8691928501827543,0.44551009880869014,0.8071546052631579,0.737521327054232,0.8071546052631579,0.8048572947895357,0.8060489453060974,0.7024861664500917,0.4513650238328949,0.7024861664500917,0.690167642275085
276,0.3269780744825091,0.8709709821428572,0.8286468781602887,0.8709709821428572,0.8699736259659897,0.44646415741820084,0.807874177631579,0.7458682618889237,0.807874177631579,0.8055960909498178,0.8000861238934921,0.7019526174023046,0.46205147085230697,0.7019526174023046,0.6904778815989985
277,0.32753131559916904,0.8696875,0.8253411545669564,0.8696875,0.868564956394874,0.4464843916265588,0.8087993421052632,0.745111938799694,0.8087993421052632,0.8066309232172734,0.803889289024505,0.700111012624459,0.4478524261383092,0.700111012624459,0.6874255771775414
278,0.32551606672150746,0.8725334821428572,0.827740404970598,0.8725334821428572,0.8717678109982514,0.4427601993083954,0.8097245065789473,0.7466910040356607,0.8097245065789473,0.8081859712618662,0.8016604232181591,0.701126476941215,0.4546198889201248,0.701126476941215,0.689619051092806
279,0.32521986518587387,0.8713504464285714,0.8273669633337896,0.8713504464285714,0.8701942689091691,0.4442324889333625,0.8091077302631579,0.7489760212530422,0.8091077302631579,0.8069338921041769,0.802539473334361,0.7010834487921999,0.45226571437055807,0.7010834487921999,0.6888977516333105
280,0.32376523630959647,0.8717522321428571,0.8281999274696251,0.8717522321428571,0.8707331507133732,0.4422230783261751,0.8101356907894737,0.7456570831780526,0.8101356907894737,0.8079147728963232,0.8056297151863662,0.6995430410574598,0.45561955860313524,0.6995430410574598,0.6877140876409156
281,0.3240159773826599,0.8724776785714285,0.8306997970003012,0.8724776785714285,0.8717886203006082,0.44399931085737127,0.8113692434210527,0.7544263700932696,0.8113692434210527,0.8097758417412992,0.802498312248024,0.7010232093835788,0.4503873130170572,0.7010232093835788,0.6896464197993383
282,0.3252019899232047,0.8713392857142858,0.8298061497219827,0.8713392857142858,0.8701874058752419,0.4449267450131868,0.8099300986842105,0.7536914187299698,0.8099300986842105,0.807501014805912,0.8032852942312273,0.6989836751202637,0.45682825955709955,0.6989836751202637,0.6866097435871701
283,0.322734888281141,0.8726785714285714,0.8267863963813474,0.8726785714285714,0.8716234591156359,0.442557355290965,0.8113692434210527,0.7487428728798623,0.8113692434210527,0.8092192808566524,0.8104258249295607,0.7008424911577154,0.4521694969711884,0.7008424911577154,0.6888385788843885
284,0.32440386635916574,0.8729910714285715,0.8302442857514274,0.8729910714285715,0.8720831239703165,0.4434230358977067,0.8121916118421053,0.7507741588345415,0.8121916118421053,0.8101870796531743,0.7982220584017329,0.700154040773474,0.4595798261092813,0.700154040773474,0.6887097094165032
285,0.3236935922077724,0.8722098214285714,0.8314370062890227,0.8722098214285714,0.8710695781420471,0.44444320546953303,0.8103412828947368,0.7518196946216934,0.8103412828947368,0.8078331905280706,0.8104271236248168,0.6993192946825814,0.453625363988686,0.6993192946825814,0.6869348396029433
286,0.3223720022610256,0.872421875,0.8261486045423068,0.872421875,0.871316680904197,0.4450771855680566,0.8108552631578947,0.7435381716177378,0.8108552631578947,0.8085813068505454,0.8116303442719707,0.6999389000283985,0.45673315673503445,0.6999389000283985,0.6882945839782842
287,0.3225019967556,0.8729910714285715,0.8317393628893665,0.8729910714285715,0.8721881373774415,0.44229800920737417,0.8123972039473685,0.7552593591170644,0.8123972039473685,0.8106784154192502,0.8038526881784738,0.7007822517490943,0.4613088556688254,0.7007822517490943,0.6892943165326915
288,0.3242710585253579,0.8723660714285715,0.8286145979190097,0.8723660714285715,0.871623859986591,0.44625907195241826,0.8081825657894737,0.7452599397404016,0.8081825657894737,0.8063621523952991,0.8024230195399987,0.7009629699749577,0.46054862965064125,0.7009629699749577,0.6895714342087661
289,0.32243444068091254,0.8731026785714285,0.8315954729708135,0.8731026785714285,0.872120818878456,0.4426662702309458,0.8110608552631579,0.748189620507409,0.8110608552631579,0.8088366473955682,0.8014607502300202,0.6998270268409593,0.4627604435670451,0.6998270268409593,0.6882821324148676
290,0.32091153860092164,0.8726674107142857,0.8326028690936743,0.8726674107142857,0.8716398218172172,0.4442084870840374,0.8100328947368421,0.7475810943020589,0.8100328947368421,0.808074876902453,0.8129764102383897,0.6995688579468688,0.4592543522613525,0.6995688579468688,0.6876171788667139
291,0.32138794677598137,0.8734709821428571,0.8306303888184853,0.8734709821428571,0.8724888271620836,0.4421267823169106,0.8111636513157895,0.74775231107557,0.8111636513157895,0.808922768785108,0.8052933349304322,0.7010059981239727,0.4617554260834983,0.7010059981239727,0.6897211895652935
292,0.3213692717892783,0.874296875,0.8323749309226918,0.874296875,0.8732606926082888,0.441000549416793,0.8130139802631579,0.7536620901928,0.8130139802631579,0.8107307996507412,0.8006711707747479,0.6993192946825814,0.46077164426049133,0.6993192946825814,0.6879264006046919
293,0.3212858252865928,0.8727790178571428,0.8281103072296921,0.8727790178571428,0.8719230149869379,0.44161310164551987,0.8111636513157895,0.754011662833895,0.8111636513157895,0.8090198756784656,0.806884266786499,0.7012383501286542,0.45664917297211244,0.7012383501286542,0.689629772672049
294,0.3192877275603158,0.8746540178571428,0.8351892820860582,0.8746540178571428,0.8736885228964216,0.4419414620650442,0.8127055921052632,0.7571672395670573,0.8127055921052632,0.8103951491343725,0.808126719109488,0.6995344354276568,0.46386610602569645,0.6995344354276568,0.6884173791466004
295,0.3182034073557172,0.8743303571428571,0.8315782845351062,0.8743303571428571,0.8732682542441761,0.44091815540665075,0.8122944078947368,0.7527490747092139,0.8122944078947368,0.8098918803773915,0.8095033309229337,0.7005757166338219,0.4521386980641586,0.7005757166338219,0.6880821011449525
296,0.32014269011361257,0.8733370535714285,0.8289471480344297,0.8733370535714285,0.8723503256056854,0.4423409857248005,0.8114720394736842,0.7513571127870076,0.8114720394736842,0.8093480219618158,0.8083045902375753,0.7009801812345636,0.4579782887229351,0.7009801812345636,0.689148704933836
297,0.32012839453560965,0.8738839285714286,0.830464542351371,0.8738839285714286,0.8729115953992519,0.4424106839456056,0.811266447368421,0.7456330827243204,0.811266447368421,0.8088906073657575,0.8102477344004911,0.7013416176862903,0.45580724460167554,0.7013416176862903,0.6894894858847984
298,0.3192685144288199,0.8746651785714286,0.8305628400434334,0.8746651785714286,0.873726700610395,0.4415641113331443,0.8127055921052632,0.7474400726405611,0.8127055921052632,0.8106322192110147,0.806933736611464,0.7010232093835788,0.4615971118392255,0.7010232093835788,0.6894996306612998
299,0.3174466381754194,0.874375,0.832127601691286,0.874375,0.8734819003401849,0.44137320236155864,0.8070518092105263,0.7397233501430662,0.8070518092105263,0.8048230744932321,0.8157534109840621,0.7004724490761857,0.4574381852705404,0.7004724490761857,0.6887464581885386
300,0.31823051043919154,0.8746986607142857,0.8319313761937922,0.8746986607142857,0.873818547457876,0.4395706104604821,0.8131167763157895,0.7521901383028238,0.8131167763157895,0.8109251190986203,0.8053499257913443,0.7007650404894882,0.4522661590125588,0.7007650404894882,0.6883429581654564
301,0.31785833290645055,0.8747879464285714,0.8328603902856427,0.8747879464285714,0.8740305468449754,0.43895944796110453,0.8104440789473685,0.7479671397349977,0.8104440789473685,0.808539917570352,0.8055124156557322,0.700136829513868,0.4586023573691125,0.700136829513868,0.6882840373288649
302,0.3176670105116708,0.874921875,0.832973960657022,0.874921875,0.8741800617354489,0.4391506722098903,0.8114720394736842,0.7484557949349858,0.8114720394736842,0.8095504878673998,0.8062140436614349,0.700644561672246,0.4550820296732967,0.700644561672246,0.6887918319610075
303,0.3190078512259892,0.8734598214285715,0.8317111822353874,0.8734598214285715,0.8724281781757542,0.43964606523513794,0.809313322368421,0.7434559159310096,0.809313322368421,0.806932119812377,0.8124613828178252,0.6995946748362779,0.4622338942521766,0.6995946748362779,0.6876437467678314
304,0.3167055070400238,0.8752790178571429,0.833689256090427,0.8752790178571429,0.8744468227456239,0.4376880699082425,0.8108552631578947,0.7488916717356977,0.8108552631578947,0.8088131021760521,0.8076204856086314,0.700179857662883,0.46099650801264225,0.700179857662883,0.6884205806135524
305,0.315385023014886,0.875,0.8334241776097703,0.875,0.8742364682209492,0.4398587848010816,0.8110608552631579,0.7462759021855631,0.8110608552631579,0.8091072820103355,0.8129447707877272,0.7007994630087003,0.4654770976063755,0.7007994630087003,0.6894451893451436
306,0.3173363769054413,0.8758928571428571,0.8345505903601064,0.8758928571428571,0.8750801932036427,0.4419467229592173,0.810546875,0.7443177009871879,0.810546875,0.8083279105961834,0.8049155778551808,0.7011178713114119,0.45864684750800316,0.7011178713114119,0.6899099465443994
307,0.3169633732523237,0.8754352678571429,0.8327801475225092,0.8754352678571429,0.8744711522628164,0.44107539873374135,0.8111636513157895,0.745755734281075,0.8111636513157895,0.8090109947176354,0.8089776149568808,0.6990439145288848,0.4556024693406083,0.6990439145288848,0.6871108987915764
308,0.31655949422291346,0.8764620535714286,0.8344648924655055,0.8764620535714286,0.8756231586015567,0.43964191330106633,0.80859375,0.7477199007609825,0.80859375,0.8067803476356925,0.8087633798676643,0.7003433646291404,0.4536378251124796,0.7003433646291404,0.6886374740565383
309,0.3157494263989585,0.8762946428571429,0.8370937645142421,0.8762946428571429,0.875401156993325,0.43938800065140976,0.8096217105263158,0.7465399673860054,0.8096217105263158,0.8075326743902272,0.8124161914007516,0.7008080686385033,0.4620540952766026,0.7008080686385033,0.6892076590130155
310,0.3127187020438058,0.8777455357142857,0.8379173340043115,0.8777455357142857,0.8769502957381866,0.43745380796884237,0.8095189144736842,0.7451306794590972,0.8095189144736842,0.8076454738835201,0.8133081840318604,0.7019095892532895,0.46651684429687507,0.7019095892532895,0.6906462115365366
311,0.31393265400614057,0.875703125,0.8299371372629265,0.875703125,0.8746982331706185,0.43753594473788615,0.8108552631578947,0.7381804912922301,0.8108552631578947,0.8085862608543413,0.8196328872206449,0.7014190683545175,0.4558230200604608,0.7014190683545175,0.6894037437107989
312,0.3140285284178598,0.8767299107142857,0.839529987517569,0.8767299107142857,0.8761368091261279,0.4371667880760996,0.8099300986842105,0.7536337565254609,0.8099300986842105,0.8083052330663275,0.8114735507969602,0.7003347589993374,0.4601605784854171,0.7003347589993374,0.6891392306232152
313,0.31596850429262435,0.8760267857142857,0.8318389307441704,0.8760267857142857,0.8750482139800485,0.44098969823435735,0.8092105263157895,0.7432613814117204,0.8092105263157895,0.8070284599443962,0.8105770519109818,0.6992762665335662,0.4495681357070379,0.6992762665335662,0.6869137327913702
314,0.3139416858128139,0.877265625,0.8351345901749879,0.877265625,0.8764640176805079,0.4391087591648102,0.8107524671052632,0.74582525991174,0.8107524671052632,0.8087897734570647,0.8090292998209979,0.7010576319027908,0.4553764462930954,0.7010576319027908,0.6894097947063151
315,0.3128078086035592,0.8784486607142857,0.8401928356837726,0.8784486607142857,0.8776393965279119,0.43646190040989924,0.8147615131578947,0.7608213259858249,0.8147615131578947,0.8129129907737547,0.806744585381165,0.7005068715953977,0.46179674780497126,0.7005068715953977,0.6893776280063
316,0.3120925469057901,0.8780580357142858,0.8389161745482027,0.8780580357142858,0.877329824163165,0.4359836719538036,0.8129111842105263,0.7571579520209168,0.8129111842105263,0.8111826859087282,0.8093046257394586,0.7002487027013072,0.4584861859817579,0.7002487027013072,0.6888535768077614
317,0.31256589344569613,0.8772544642857143,0.8368341735686549,0.8772544642857143,0.8764002493178444,0.43562178862722295,0.8133223684210527,0.7583291177005218,0.8133223684210527,0.8114774962072845,0.8164322004808973,0.6998872662495805,0.46113982048623925,0.6998872662495805,0.6880043282984418
318,0.3140624737739563,0.8777008928571428,0.8392052370914139,0.8777008928571428,0.8768435306620969,0.4381491557547921,0.8110608552631579,0.7521538280265843,0.8110608552631579,0.8091117600005061,0.8093708245210305,0.7002400970715041,0.4597375166308086,0.7002400970715041,0.688709074270489
319,0.3119858464172908,0.8786049107142857,0.839531370940008,0.8786049107142857,0.8778142938260655,0.43834869485152395,0.8126027960526315,0.7545296573027571,0.8126027960526315,0.8107383501061162,0.8102493652717561,0.7009199418259425,0.47060717260673357,0.7009199418259425,0.689676850083519
320,0.3111047981466566,0.8778571428571429,0.8379293833533217,0.8778571428571429,0.8771268951818919,0.4405595456299029,0.8116776315789473,0.7565346446844998,0.8116776315789473,0.8098486133650665,0.8098933919519846,0.7008080686385033,0.4576268293804761,0.7008080686385033,0.6893949948238962
321,0.3112506117139544,0.8782477678571429,0.8385967094680389,0.8782477678571429,0.8776900515678907,0.4375614100380948,0.8110608552631579,0.7520122626486135,0.8110608552631579,0.8095333133940971,0.8112411575722684,0.6992504496441572,0.4631943677304709,0.6992504496441572,0.6880013685750903
322,0.3123857777459281,0.8795200892857142,0.8407454851434035,0.8795200892857142,0.8787164800426878,0.43749438461504486,0.811780427631579,0.755314326103788,0.811780427631579,0.8100596585918519,0.8021126632373312,0.6999647169178076,0.465476149199203,0.6999647169178076,0.688762090850128
323,0.31018624918801446,0.8796540178571428,0.8410370725920898,0.8796540178571428,0.8788520612438501,0.43704950182061447,0.8122944078947368,0.752239004559182,0.8122944078947368,0.8102598313519307,0.8058086790922631,0.7007220123404732,0.46695644645973805,0.7007220123404732,0.6893486254099218
324,0.31244484509740555,0.8780245535714286,0.8388380901651384,0.8780245535714286,0.8772393466250233,0.43811285809466716,0.8115748355263158,0.749812441769255,0.8115748355263158,0.8096544067485839,0.8070825795399443,0.7008424911577154,0.46971453831208526,0.7008424911577154,0.6895930300629453
325,0.31040853789874484,0.8789732142857143,0.8392452603467915,0.8789732142857143,0.8780370433135819,0.43693191126773234,0.8154810855263158,0.7583203331844786,0.8154810855263158,0.8134524316111108,0.8104696969934135,0.6995946748362779,0.45992393339248544,0.6995946748362779,0.6878633991551781
326,0.314068558216095,0.8769196428571429,0.8357131266597231,0.8769196428571429,0.8760152104138947,0.4422437109445271,0.8084909539473685,0.743602564466585,0.8084909539473685,0.8062876175145351,0.8084360833266636,0.7019870399215167,0.4589552933678811,0.7019870399215167,0.6898170625201961
327,0.31176800625664847,0.8783928571428572,0.8369483565371009,0.8783928571428572,0.8774693401248441,0.4376895004197171,0.8110608552631579,0.745056976301468,0.8110608552631579,0.808885203260167,0.8062148810917419,0.7005757166338219,0.4636240530349288,0.7005757166338219,0.689009560275504
328,0.30862216574805124,0.8789508928571429,0.8417337758640249,0.8789508928571429,0.8781168163802409,0.435616755171826,0.8133223684210527,0.7492411930336011,0.8133223684210527,0.8110494468104951,0.8124463055879279,0.7010059981239727,0.46433931676288953,0.7010059981239727,0.6893487227755052
329,0.31048966782433646,0.878984375,0.8387397034350704,0.878984375,0.8782401448705783,0.43786650425509405,0.8108552631578947,0.7512879702727926,0.8108552631578947,0.8089906708024784,0.8082976082235644,0.7031229830555149,0.45769423419989097,0.7031229830555149,0.691402234169783
330,0.307917366538729,0.8800111607142858,0.842840174425139,0.8800111607142858,0.8794464189425896,0.4354662283470756,0.8111636513157895,0.7541301000214604,0.8111636513157895,0.8093809225882488,0.811413366267309,0.7002659139609132,0.46036044005072935,0.7002659139609132,0.689031467962668
331,0.30913191880498614,0.8794866071428571,0.8381049023529611,0.8794866071428571,0.878418181927198,0.43779268860816956,0.8106496710526315,0.7469808078835145,0.8106496710526315,0.8082348316453406,0.810517890942084,0.7004896603357916,0.4620064963711446,0.7004896603357916,0.6889753659710863
332,0.30918846453939164,0.879453125,0.838465562713486,0.879453125,0.878632663669071,0.43661201784485265,0.8123972039473685,0.7475536079303643,0.8123972039473685,0.8102209295763351,0.8115188302942932,0.6992160271249451,0.4563974931573481,0.6992160271249451,0.6872984021739036
333,0.308356899533953,0.8799665178571429,0.8396006420406695,0.8799665178571429,0.8790482252685576,0.4359280419977088,0.8111636513157895,0.7475883988827172,0.8111636513157895,0.8087806331757694,0.8148112699061051,0.6994741960190356,0.4546956509593292,0.6994741960190356,0.6872336536241971
334,0.30745638625962396,0.8804241071428571,0.8426831398112282,0.8804241071428571,0.8797274414739388,0.43622777179667827,0.8148643092105263,0.759145464455871,0.8148643092105263,0.813049418886497,0.8123448562184229,0.7014448852439266,0.4697871708461117,0.7014448852439266,0.6909273257944324
335,0.3076479683603559,0.8798772321428572,0.8388351621922795,0.8798772321428572,0.8791554673676046,0.4352802979318719,0.8130139802631579,0.753107715100153,0.8130139802631579,0.8110913384700699,0.8124797709792287,0.7023484763732434,0.46327366405466014,0.7023484763732434,0.6909959377149507
336,0.3058145875590188,0.8806473214285714,0.8434669807392902,0.8806473214285714,0.8799180527481162,0.43307170585582133,0.8136307565789473,0.7553856096180558,0.8136307565789473,0.8117418524741075,0.8178073874836336,0.7013674345756994,0.4669298663772902,0.7013674345756994,0.6900003675607398
337,0.3073722655432565,0.8809375,0.842796572033173,0.8809375,0.8800166172892039,0.43615139315002843,0.8125,0.751304537783246,0.8125,0.8102628404088881,0.8139005087380602,0.6998098155813534,0.4672142214080389,0.6998098155813534,0.6881906350032497
338,0.30661778254168376,0.8810044642857143,0.8412518999770199,0.8810044642857143,0.8801824585529088,0.43487044384605006,0.8131167763157895,0.7521012687523132,0.8131167763157895,0.811130559547067,0.8192490051901927,0.699155787716324,0.4641020903360137,0.699155787716324,0.6879719736802633
339,0.30705008430140357,0.8796986607142857,0.8380388007288044,0.8796986607142857,0.8786357898403244,0.4345861124364953,0.8152754934210527,0.7544450607715677,0.8152754934210527,0.8127442323918079,0.8175818742269981,0.700653167302049,0.4526520638063158,0.700653167302049,0.6880382983463207
340,0.30799857837813244,0.8802008928571429,0.8407418668458213,0.8802008928571429,0.8793892864237781,0.43464577982300207,0.8145559210526315,0.7580678570539882,0.8145559210526315,0.812278195913257,0.8125872604007977,0.700644561672246,0.45467983126207784,0.700644561672246,0.6885996104556515
341,0.3055226132699421,0.8817299107142857,0.8435543374917731,0.8817299107142857,0.8809636478055297,0.4347540987165351,0.8125,0.7559354461681259,0.8125,0.8104277825471946,0.8145209267809472,0.7010404206431847,0.46294094502842953,0.7010404206431847,0.6895733363944175
342,0.3044779465028218,0.8834263392857142,0.8459897268164431,0.8834263392857142,0.8826602941588069,0.43239296737470123,0.8147615131578947,0.7582862057826407,0.8147615131578947,0.8127983777306355,0.8129712277083168,0.7023398707434404,0.4662031654322169,0.7023398707434404,0.6917974450823937
343,0.30532734879425594,0.8821540178571429,0.8418496239513505,0.8821540178571429,0.8813820256033756,0.4329734381876494,0.8150699013157895,0.7577694521696035,0.8150699013157895,0.8131437320452349,0.812698584229692,0.7003949984079585,0.4549295021737832,0.7003949984079585,0.6888195101303656
344,0.30437322395188465,0.8811830357142857,0.8430466278489648,0.8811830357142857,0.8804004990144819,0.43390756845474243,0.8128083881578947,0.7543221143957693,0.8128083881578947,0.8108243895600828,0.8165838890093821,0.7007048010808671,0.46425705463162814,0.7007048010808671,0.6894276408384349
345,0.3034672107866832,0.8819196428571429,0.8428165134012141,0.8819196428571429,0.8810843739956385,0.4337773213261052,0.8138363486842105,0.7549229335397143,0.8138363486842105,0.8119178968046575,0.8198838626435746,0.700678984191458,0.4621937494399332,0.700678984191458,0.6891250222741307
346,0.3044419777393341,0.8811830357142857,0.8434930373558623,0.8811830357142857,0.8803727409859439,0.43253976263498006,0.8147615131578947,0.7550823217286043,0.8147615131578947,0.8128429056826757,0.8160178838155305,0.6991127595673089,0.46493909011095924,0.6991127595673089,0.6877593207491783
347,0.30500173347336906,0.8816852678571429,0.8430017091736657,0.8816852678571429,0.8809202831081941,0.43623167433236776,0.8116776315789473,0.7489352985370098,0.8116776315789473,0.8096307798858658,0.8113447574433801,0.6996377029852929,0.4627595633626978,0.6996377029852929,0.6883729151525002
348,0.3044158046586173,0.8819642857142858,0.8451646297364744,0.8819642857142858,0.8811600357207985,0.4337154171968761,0.8146587171052632,0.7522082051545418,0.8146587171052632,0.8126298060042688,0.8126679200068959,0.7024861664500917,0.4685042143566222,0.7024861664500917,0.6912749808555537
349,0.3025377571582794,0.8830022321428571,0.8448943836872191,0.8830022321428571,0.8822537907190987,0.4331006094029075,0.8142475328947368,0.7515394175031196,0.8142475328947368,0.8123296552770904,0.8201006073600381,0.7013330120564873,0.46920351193676896,0.7013330120564873,0.6903013303557686
350,0.30346876042229787,0.8839732142857143,0.8462071097972305,0.8839732142857143,0.8832988536391699,0.43120700277780233,0.8130139802631579,0.7554604085966243,0.8130139802631579,0.8112126302099737,0.812877182985521,0.7013330120564873,0.4752819377323703,0.7013330120564873,0.6911014622543552
351,0.3031692987680435,0.8820982142857143,0.8433212380029947,0.8820982142857143,0.8814072952056473,0.4330887198448181,0.8135279605263158,0.757207426859732,0.8135279605263158,0.8117444985214659,0.8162254920462557,0.7002056745522921,0.4644311469074443,0.7002056745522921,0.6887543961001836
352,0.3071343083041055,0.8809040178571429,0.8421179134876892,0.8809040178571429,0.8802629878382581,0.43475353404095296,0.8140419407894737,0.7513758526118197,0.8140419407894737,0.8123501050591925,0.8072147689723249,0.6999389000283985,0.4568910229957277,0.6999389000283985,0.6885505990216895
353,0.3056079842363085,0.881640625,0.8453557492454759,0.881640625,0.8810219865959086,0.4346665912552884,0.815172697368421,0.7591914875995011,0.815172697368421,0.8132448610434756,0.8077756593574398,0.7005068715953977,0.45803585467537106,0.7005068715953977,0.6886336073058104
354,0.30243719288281035,0.8841852678571429,0.8456435367609113,0.8841852678571429,0.8835238901083304,0.4319556543701573,0.8158922697368421,0.7573512647075875,0.8158922697368421,0.8140936494274941,0.8114061024665349,0.7003777871483524,0.46829965377763916,0.7003777871483524,0.6893964949042041
355,0.30318120735032217,0.8826116071428571,0.8425712939666807,0.8826116071428571,0.8817752647253946,0.4317240213093005,0.8165090460526315,0.7544529839934041,0.8165090460526315,0.8144235061726499,0.8104536821533139,0.701694448508214,0.45415525434275966,0.701694448508214,0.6899709870277837
356,0.303197791491236,0.8827678571428571,0.843723557233554,0.8827678571428571,0.881945090020823,0.43141002090353714,0.8148643092105263,0.75669835588369,0.8148643092105263,0.8129795489585863,0.8135142627330149,0.700136829513868,0.4520652631711858,0.700136829513868,0.6880674717679577
357,0.3025964219229562,0.8834486607142857,0.8454224772937352,0.8834486607142857,0.8826381851887128,0.4316917955875397,0.8147615131578947,0.7570861146590228,0.8147615131578947,0.8127429123926195,0.8123349049874633,0.701178110720033,0.4611152775476465,0.701178110720033,0.6898299584423089
358,0.3046323844364711,0.88265625,0.8430637607313446,0.88265625,0.881839884616764,0.4329613651099958,0.8136307565789473,0.7540332825936569,0.8136307565789473,0.811615855869047,0.8101867523782045,0.7008080686385033,0.4586279690674326,0.7008080686385033,0.6894379680466327
359,0.2998623430728912,0.8838616071428571,0.8453483610684988,0.8838616071428571,0.8830863180428637,0.4295134999250111,0.815686677631579,0.7567223360450036,0.815686677631579,0.8136476689030117,0.8245483665175248,0.6970215915251757,0.44866087581407105,0.6970215915251757,0.6849452666743306
360,0.3008808851242065,0.8843415178571429,0.8478224742986484,0.8843415178571429,0.883803885255103,0.42841417381637975,0.8182565789473685,0.7635205862931114,0.8182565789473685,0.8166305466064453,0.815439212536437,0.7003347589993374,0.4584131025814816,0.7003347589993374,0.6892519892625155
361,0.30139426265444075,0.8831696428571428,0.841053104837962,0.8831696428571428,0.8823284244101665,0.4303367686899085,0.8160978618421053,0.7522906986921752,0.8160978618421053,0.814013579005372,0.8123723248371063,0.700678984191458,0.4476696623736941,0.700678984191458,0.6887124196664725
362,0.30025575305734364,0.8840066964285714,0.8464143203436089,0.8840066964285714,0.8832761864391127,0.4317594782302254,0.8141447368421053,0.7510744038996932,0.8141447368421053,0.8120525239742641,0.8150603003955655,0.7009457587153516,0.4637828954012844,0.7009457587153516,0.6898716097827072
363,0.30078383071081977,0.8843638392857143,0.8458788518977697,0.8843638392857143,0.8835465193936319,0.4325552331773858,0.8165090460526315,0.7573132997695374,0.8165090460526315,0.8143742188212576,0.8150090645167216,0.6989320413414456,0.4541426593297246,0.6989320413414456,0.6874992425641913
364,0.30110615704740795,0.8828013392857142,0.8413414623979402,0.8828013392857142,0.8818513876005889,0.4332189889330613,0.815172697368421,0.7551787316244285,0.815172697368421,0.8128409376920414,0.8196574244611191,0.6996807311343081,0.4516879790638243,0.6996807311343081,0.6879377502755594
365,0.3005971681220191,0.8837723214285714,0.8434630589271189,0.8837723214285714,0.8830423338055002,0.4316757415470324,0.815172697368421,0.7556515665211013,0.815172697368421,0.8132295999691658,0.8193830003345741,0.6999819281774137,0.45609965645286804,0.6999819281774137,0.6887208691035863
366,0.29776261832032885,0.8849441964285715,0.8456034222617558,0.8849441964285715,0.8841632304448978,0.4295761977371417,0.8172286184210527,0.7591373868950735,0.8172286184210527,0.8153062195832557,0.8267581267221376,0.698656661187749,0.4604582020834838,0.698656661187749,0.6878333215458223
367,0.3007956203392574,0.8847433035714286,0.8497580833313404,0.8847433035714286,0.8843224914229134,0.43040919303894043,0.814453125,0.7576485967514458,0.814453125,0.8129072403451122,0.8214670538888946,0.6990783370480969,0.4689083839785106,0.6990783370480969,0.6891065477853698
368,0.3004433869464057,0.8841964285714285,0.8441232296739658,0.8841964285714285,0.8833632596229368,0.4325594133452365,0.8143503289473685,0.7542407176198803,0.8143503289473685,0.8122583364203536,0.8204854449303531,0.7000163506966257,0.4564324474704216,0.7000163506966257,0.6885481219621334
369,0.29821636191436224,0.8849888392857143,0.8487833529053299,0.8849888392857143,0.8843918568603286,0.4305584995370162,0.8149671052631579,0.7594441857783967,0.8149671052631579,0.8132149516184227,0.8220723236321051,0.6983898866638555,0.46722082647894797,0.6983898866638555,0.687728367498648
370,0.29889460376330784,0.8850223214285714,0.8472735662131973,0.8850223214285714,0.8843352023146037,0.4293565954032697,0.8160978618421053,0.7570304485924491,0.8160978618421053,0.8142480885731294,0.8164234982325104,0.699164393346127,0.4624600818788778,0.699164393346127,0.6882059699242774
371,0.2954031148127147,0.8859821428571428,0.8488632298608927,0.8859821428571428,0.8855743399755713,0.42886017184508474,0.8172286184210527,0.7564910513864177,0.8172286184210527,0.8157313169046069,0.8278778088157126,0.6982952247360223,0.4600104272354218,0.6982952247360223,0.6875956791049065
372,0.2977652837548937,0.8844196428571428,0.8458626040810486,0.8844196428571428,0.8837118335239897,0.4318360592189588,0.814453125,0.7566750862897222,0.814453125,0.812393860174071,0.8180067254925713,0.700653167302049,0.45491305822733635,0.700653167302049,0.6889405926111518
373,0.2968678181512015,0.8863616071428572,0.8480351440779678,0.8863616071428572,0.8855810171348456,0.43183186650276184,0.8155838815789473,0.7533162990619139,0.8155838815789473,0.8134485202299727,0.8128140121509876,0.6998442381005654,0.457435760687568,0.6998442381005654,0.688178493665497
374,0.2976163870096207,0.885546875,0.8489749426455687,0.885546875,0.8847400682075095,0.43082498719817713,0.8162006578947368,0.7610216425484692,0.8162006578947368,0.8143354968696328,0.8191705352185769,0.699138576456718,0.46010878013438067,0.699138576456718,0.6876338593223866
375,0.2959749172415052,0.8852790178571428,0.8479285324121972,0.8852790178571428,0.8844953629769283,0.43117241482985647,0.8139391447368421,0.7547600743860751,0.8139391447368421,0.8119677062764037,0.8245236481184881,0.701160899460427,0.46058733517668976,0.701160899460427,0.6897337047659254
376,0.29540112469877516,0.8855357142857143,0.8480186300599045,0.8855357142857143,0.8847460765628298,0.42973033848561737,0.815172697368421,0.7537712639878303,0.815172697368421,0.8131399964704843,0.826254822725224,0.6995430410574598,0.45896862337927086,0.6995430410574598,0.6877935928460736
377,0.29586026557854245,0.8864955357142857,0.8486120284416404,0.8864955357142857,0.8856869033150018,0.42922768153642354,0.8177425986842105,0.7609578412141061,0.8177425986842105,0.8155566310515835,0.8224730704060166,0.6984329148128706,0.4613978020302338,0.6984329148128706,0.6872795956351981
378,0.2952303681203297,0.8872879464285715,0.8502273473340669,0.8872879464285715,0.8866149778444574,0.4290737227389687,0.8177425986842105,0.7644983538106347,0.8177425986842105,0.8158208985658043,0.8211171212295285,0.7005757166338219,0.4626122366367366,0.7005757166338219,0.6894659553239485
379,0.2963592666387558,0.8876785714285714,0.8525432090144347,0.8876785714285714,0.8872827896406644,0.42821610444470454,0.81640625,0.762462517603624,0.81640625,0.8149501819881834,0.8132270325385632,0.700188463292686,0.46833202917835537,0.700188463292686,0.6902714788003769
380,0.29644641859190807,0.8856919642857143,0.8484654345478295,0.8856919642857143,0.8849009787500474,0.4302550695444408,0.8157894736842105,0.763229051250515,0.8157894736842105,0.8137944863393602,0.8196005214338123,0.7011006600518059,0.46701919730123514,0.7011006600518059,0.6899828485537299
381,0.29454014769622255,0.8866071428571428,0.8491998018898261,0.8866071428571428,0.8860163817302967,0.42881143877380773,0.8168174342105263,0.7620023850778896,0.8168174342105263,0.8150211192195638,0.819663859542257,0.7003691815185494,0.45479953874032336,0.7003691815185494,0.6892492606052049
382,0.296245516368321,0.8862053571428572,0.8500575157104787,0.8862053571428572,0.8855212947540628,0.4285941437671059,0.8174342105263158,0.7652775257013023,0.8174342105263158,0.8156284481117788,0.8210427112978738,0.7000421675860348,0.4657883948837102,0.7000421675860348,0.6896026187592433
383,0.29662325254508426,0.8864732142857142,0.8456895361907354,0.8864732142857142,0.8857133168408008,0.429797815649133,0.8158922697368421,0.7558182982757691,0.8158922697368421,0.813852178294686,0.8160250650819039,0.6995946748362779,0.45725501094486315,0.6995946748362779,0.6882363172888515
384,0.29432305429662975,0.8874888392857143,0.8504017987719295,0.8874888392857143,0.886800970362078,0.4275682615606408,0.8169202302631579,0.7611385075873397,0.8169202302631579,0.814898811163533,0.8189739097623799,0.7000938013648529,0.4615401500371124,0.7000938013648529,0.6887340727742026
385,0.2948400157690048,0.8871540178571429,0.8502468746296019,0.8871540178571429,0.8864766218148796,0.4260123685786599,0.8178453947368421,0.7644362258009239,0.8178453947368421,0.8158896521055954,0.8173557083378956,0.7003347589993374,0.4543409444480228,0.7003347589993374,0.6885398258692942
386,0.2955668682711465,0.8861049107142858,0.8477090358739775,0.8861049107142858,0.8855196058632553,0.42783137999082865,0.8170230263157895,0.7605333108844542,0.8170230263157895,0.8153014675202268,0.8233300337275183,0.6991729989759301,0.45758460968713066,0.6991729989759301,0.6882908890279322
387,0.2957305416039058,0.8869642857142858,0.8505948602588401,0.8869642857142858,0.8861781903984047,0.42828072215381424,0.8149671052631579,0.7589067221870812,0.8149671052631579,0.8129668525944943,0.8194148790475946,0.7004466321867766,0.46435982220396843,0.7004466321867766,0.6892003264988614
388,0.29404564159257074,0.8880691964285714,0.8524268738429347,0.8880691964285714,0.8873752748657161,0.4277758692440234,0.817125822368421,0.7633066874495217,0.817125822368421,0.8152691263274852,0.8214438775227447,0.7002487027013072,0.47087717854047,0.7002487027013072,0.6895431801152613
389,0.29361421295574736,0.8892410714285715,0.8554963319449413,0.8892410714285715,0.88888614441166,0.42653800154987137,0.817125822368421,0.7628944826474784,0.817125822368421,0.8159501603791921,0.8207742784150144,0.6985275767407038,0.46419180869281984,0.6985275767407038,0.6883263625778926
390,0.2933312599999564,0.8878683035714285,0.851966948872421,0.8878683035714285,0.8872737776395839,0.42694008664080974,0.8166118421052632,0.7580019478573542,0.8166118421052632,0.8150798857340856,0.8240270511503469,0.6999905338072167,0.46697717942973516,0.6999905338072167,0.6896161856639244
391,0.2960496689592089,0.8874441964285714,0.8538832877842434,0.8874441964285714,0.8865667548395296,0.4296315939802873,0.817639802631579,0.762921614579812,0.817639802631579,0.8154632129355781,0.8126756173607654,0.7006961954510641,0.463308655347889,0.7006961954510641,0.6891909645293706
392,0.2928292629548482,0.8885714285714286,0.8531474134627713,0.8885714285714286,0.8877396491573953,0.42767900071646037,0.817125822368421,0.7594609534624028,0.817125822368421,0.8150414974035831,0.8227548409646812,0.697615379981584,0.4584740747621043,0.697615379981584,0.6861735327687639
393,0.29452959886619023,0.8863392857142857,0.8474914761864355,0.8863392857142857,0.8854754491382111,0.4296617664788899,0.8179481907894737,0.7604237761971973,0.8179481907894737,0.8158539768899962,0.8196478162521895,0.701143688200821,0.4591180091947441,0.701143688200821,0.6896877832281717
394,0.29003729913915904,0.8884486607142857,0.8520197867798445,0.8884486607142857,0.8876926233808552,0.42687779037575974,0.8181537828947368,0.761251971489345,0.8181537828947368,0.8161105323316931,0.8317709386358471,0.6987857456347942,0.46056608440380004,0.6987857456347942,0.6876681235282736
395,0.29042294451168604,0.8885044642857143,0.8516817331292073,0.8885044642857143,0.8877499009511033,0.42700114532520894,0.8186677631578947,0.7680550139526269,0.8186677631578947,0.8168224273832619,0.8379629593529988,0.6979423939140986,0.45382868321493214,0.6979423939140986,0.6864758261343535
396,0.29178408869675226,0.8883258928571428,0.849876434964658,0.8883258928571428,0.8875187605320095,0.42742248899058294,0.819592927631579,0.7631001572466171,0.819592927631579,0.8173749168495217,0.8288066787727851,0.6979768164333107,0.45129295604792674,0.6979768164333107,0.6864016363859435
397,0.29210945921284814,0.8877901785714286,0.8503928207757553,0.8877901785714286,0.8868544316355893,0.43008096908268173,0.819078947368421,0.7655632684488618,0.819078947368421,0.81699095900323,0.825738227309029,0.698166140288977,0.4506534897481819,0.698166140288977,0.6861597715355923
398,0.29453386553696226,0.8880133928571429,0.8558257313672831,0.8880133928571429,0.8874730561324827,0.4310773171876606,0.815686677631579,0.762868635107613,0.815686677631579,0.8139573397726204,0.8189032385386472,0.6997237592833232,0.4640241119601232,0.6997237592833232,0.6887601611334525
399,0.2926382326228278,0.8870982142857143,0.8470109283309878,0.8870982142857143,0.8863555047744485,0.4309604371848859,0.8168174342105263,0.7572718740430683,0.8168174342105263,0.8146338315201773,0.8298015880115689,0.699129970826915,0.4496597446386993,0.699129970826915,0.6872909879329379
400,0.2915821440730776,0.8876785714285714,0.8476284650084466,0.8876785714285714,0.886658795735092,0.4269567006512692,0.819592927631579,0.7617653895104699,0.819592927631579,0.8173589186080692,0.8272773323199175,0.698622238668537,0.45262580386450096,0.698622238668537,0.6864291165835341
401,0.29264299988746645,0.8879017857142857,0.8526652148129834,0.8879017857142857,0.8873300532842391,0.42818002638063934,0.8193873355263158,0.7618229986618867,0.8193873355263158,0.8175986083230443,0.823330667998433,0.6996032804660809,0.459862441760502,0.6996032804660809,0.6882774125522121
402,0.2897935575246811,0.8887834821428572,0.8546516916380584,0.8887834821428572,0.8881810784461798,0.4275693720892856,0.8200041118421053,0.7645019269125248,0.8200041118421053,0.8180855030594095,0.8305134996550609,0.700635956042443,0.46322312762607126,0.700635956042443,0.6895302285441449
403,0.2900571687732424,0.8901116071428572,0.8542598190515388,0.8901116071428572,0.8895604553085246,0.42782109348397507,0.8199013157894737,0.7648653498082927,0.8199013157894737,0.8181154173135515,0.8225679628845111,0.7002659139609132,0.4638798800429233,0.7002659139609132,0.6896991905691668
404,0.2903848831142698,0.8895535714285714,0.8564565649612191,0.8895535714285714,0.8888736228206957,0.42799640329260574,0.8181537828947368,0.7612270142359853,0.8181537828947368,0.8161820703713566,0.8209292341687967,0.6989406469712486,0.45982138100764963,0.6989406469712486,0.6878958656810873
405,0.29121305976595196,0.8895870535714285,0.8547152311768526,0.8895870535714285,0.8887921493487071,0.42812147265986394,0.8191817434210527,0.7621342189675488,0.8191817434210527,0.8169711534896051,0.8224742316381473,0.7004466321867766,0.46249434685299856,0.7004466321867766,0.6888503314431923
406,0.2923345479794911,0.8896540178571428,0.8525988521601281,0.8896540178571428,0.8889452364192266,0.42712918237635966,0.819592927631579,0.7622416855735107,0.819592927631579,0.8176526028549315,0.8190100734139866,0.7001712520330801,0.45747029845609294,0.7001712520330801,0.6888661876695434
407,0.2885384828703744,0.8903013392857143,0.8575778810569373,0.8903013392857143,0.8898217455460237,0.4230238293346606,0.8193873355263158,0.76453468562911,0.8193873355263158,0.8176650951967893,0.8225180362986838,0.6995688579468688,0.4560105780407514,0.6995688579468688,0.688405575242564
408,0.2889712664910725,0.8901450892857142,0.8566460313731129,0.8901450892857142,0.8895856248513234,0.4259448129879801,0.8211348684210527,0.7683397328660936,0.8211348684210527,0.819384847461765,0.8271497554134108,0.698648055557946,0.4585462530008767,0.698648055557946,0.6877155724135322
409,0.29116034533296314,0.8882366071428571,0.8507597482495034,0.8882366071428571,0.887346917486432,0.4275058711829938,0.8197985197368421,0.7603531593700465,0.8197985197368421,0.8174492057426668,0.8272366439508406,0.6980886896207499,0.4525567806015224,0.6980886896207499,0.6863110113925576
410,0.2900152178321566,0.888984375,0.8535770463533311,0.888984375,0.8881464958021763,0.4251178126586111,0.819078947368421,0.7629916849924303,0.819078947368421,0.816857069722224,0.8218408865981913,0.6989320413414456,0.45675203627096916,0.6989320413414456,0.6871166055923591
411,0.2883602452278137,0.890390625,0.8577207635215617,0.890390625,0.8899360391676499,0.4256259987228795,0.8184621710526315,0.7616220505752709,0.8184621710526315,0.8170118518290924,0.8241332591584827,0.6992418440143542,0.46353519658940584,0.6992418440143542,0.6887825077587585
412,0.29077944227627345,0.8888950892857143,0.8533959597117153,0.8888950892857143,0.8881932509522407,0.42881836389240463,0.8170230263157895,0.7570309679906677,0.8170230263157895,0.8151272134096291,0.8216593579465366,0.6998528437303684,0.4602016860133604,0.6998528437303684,0.6886614611873242
413,0.28767592319420404,0.8912834821428571,0.8587796472468955,0.8912834821428571,0.8907142491043776,0.4277424482922805,0.817639802631579,0.7637701747811283,0.817639802631579,0.8159662443880156,0.8269739965383552,0.6993020834229753,0.4666256135824726,0.6993020834229753,0.6886851224466259
414,0.2882923469373158,0.89109375,0.8563906168112311,0.89109375,0.8904883762992376,0.4258755539592944,0.817125822368421,0.7578000041272922,0.817125822368421,0.8153399616118493,0.821916174435381,0.6982005628081891,0.4586068388785685,0.6982005628081891,0.6873106386346438
415,0.2880905261210033,0.8913169642857143,0.8577161615757437,0.8913169642857143,0.8907522414861361,0.4263517386034915,0.8188733552631579,0.7652516056980571,0.8188733552631579,0.8171469572429885,0.821096015427064,0.6992332383845512,0.4659186963298013,0.6992332383845512,0.6883645484096635
416,0.28760209602969034,0.8909486607142857,0.8569313878814696,0.8909486607142857,0.8902926489606215,0.4256013992585634,0.8191817434210527,0.7630412877486468,0.8191817434210527,0.8172865739897778,0.8263433765539431,0.6991729989759301,0.4616495414941776,0.6991729989759301,0.6880732946105987
417,0.2886754322052002,0.890390625,0.8569649502268035,0.890390625,0.8897762719934733,0.42643583448309647,0.8179481907894737,0.7667932445590079,0.8179481907894737,0.816048548849089,0.8234607202834829,0.6993709284613995,0.46515439131567893,0.6993709284613995,0.6883052966679872
418,0.2890882373707635,0.8900446428571429,0.8556587647108836,0.8900446428571429,0.8893724491091454,0.4268802169122194,0.8207236842105263,0.7668015400028028,0.8207236842105263,0.818641436922917,0.8241789637449624,0.699147182086521,0.46126681528942515,0.699147182086521,0.6876903978540241
419,0.2865222792966025,0.8916741071428571,0.8573504762078153,0.8916741071428571,0.8912019777384335,0.42563157018862274,0.817125822368421,0.7631853708856079,0.817125822368421,0.8155472498457494,0.8259491718405377,0.7011092656816089,0.46069149615759847,0.7011092656816089,0.6900485218477959
420,0.2861876747437886,0.891640625,0.8562882099910727,0.891640625,0.8910421772073622,0.4244693988247922,0.8179481907894737,0.7609860289906575,0.8179481907894737,0.8161016348572679,0.8320266858644619,0.6986824780771581,0.4634405705980527,0.6986824780771581,0.6876435855325681
421,0.2879900412048612,0.89109375,0.8583348659805644,0.89109375,0.890522647538728,0.42577539305937917,0.8175370065789473,0.7606764200258275,0.8175370065789473,0.8156353838705273,0.8256386820771806,0.6985361823705067,0.4730575340094822,0.6985361823705067,0.6880893867804632
422,0.28812572606972287,0.8900669642857143,0.8574778035842625,0.8900669642857143,0.8897892347615585,0.42860452124946996,0.8169202302631579,0.7664878221883057,0.8169202302631579,0.8155306114319449,0.8282236826343609,0.6989750694904606,0.46267880213495527,0.6989750694904606,0.6884100063397165
423,0.28696160418646677,0.8904017857142857,0.8550281287448404,0.8904017857142857,0.889720863753604,0.42568009778072957,0.819078947368421,0.7631818308485367,0.819078947368421,0.8170251684228618,0.828874044360045,0.6987427174857792,0.4594896083760083,0.6987427174857792,0.6877070383300227
424,0.28625900617667605,0.8908928571428572,0.853808282078894,0.8908928571428572,0.89012536871972,0.42686536437586736,0.8197985197368421,0.7610745776636983,0.8197985197368421,0.8176471194147164,0.8304224862015869,0.6998098155813534,0.4622989974995041,0.6998098155813534,0.6887968598178608
425,0.28428885681288585,0.8927008928571428,0.8577002041634307,0.8927008928571428,0.8922136942155892,0.42402521246357966,0.8208264802631579,0.7657900718878144,0.8208264802631579,0.8193219766748875,0.8259743759325642,0.6999130831389895,0.47148319124767685,0.6999130831389895,0.689751665562432
426,0.28380076859678544,0.8927008928571428,0.859459357899927,0.8927008928571428,0.8920161762966861,0.4247292123342815,0.8187705592105263,0.7664587214989982,0.8187705592105263,0.8169896888387509,0.8323193873916817,0.6974518730153266,0.4728522037170171,0.6974518730153266,0.6868644690917238
427,0.2856204182761056,0.8910267857142857,0.8585652870922348,0.8910267857142857,0.8903808155917144,0.4254941971678483,0.8189761513157895,0.7682875830863033,0.8189761513157895,0.8170635884549334,0.834273682550429,0.6988373794136123,0.47213890692638777,0.6988373794136123,0.6881840947981486
428,0.2857631838321686,0.8917075892857143,0.8587170844186837,0.8917075892857143,0.8910877698593044,0.42590431947457164,0.8205180921052632,0.7700667289377184,0.8205180921052632,0.8185834608970272,0.8316616054132253,0.6977014362796141,0.460161003384074,0.6977014362796141,0.686725807935625
429,0.28602401418345313,0.892734375,0.8612063179916518,0.892734375,0.8922862038098016,0.42454054324250473,0.8193873355263158,0.7705120470939064,0.8193873355263158,0.8178575662694778,0.8262469119830022,0.6992332383845512,0.4713233657224409,0.6992332383845512,0.6895303974150494
430,0.28604351111820764,0.8917410714285714,0.8565714342328868,0.8917410714285714,0.8913114281504725,0.42526358209158244,0.8194901315789473,0.7631554874366412,0.8194901315789473,0.8177798061745397,0.8250652816561673,0.7002745195907163,0.46796356952000856,0.7002745195907163,0.6898552083605093
431,0.2854172099488122,0.8918415178571428,0.8532489470737802,0.8918415178571428,0.8911038733466181,0.42673880802957637,0.8182565789473685,0.7575204537650784,0.8182565789473685,0.8161185556471278,0.8264621135432502,0.6997926043217473,0.45681660286738385,0.6997926043217473,0.6884263160419188
432,0.2848334690502712,0.8928236607142858,0.8563076418720915,0.8928236607142858,0.8922170317526958,0.4250761803827788,0.8189761513157895,0.7581582482865948,0.8189761513157895,0.817058405169467,0.8295417544222202,0.6994225622402176,0.46551929919594537,0.6994225622402176,0.6887849937984323
433,0.28603278389998843,0.8914955357142857,0.855589986185833,0.8914955357142857,0.8908305319522628,0.42526212805195857,0.8209292763157895,0.7635387366795138,0.8209292763157895,0.8188725322217133,0.8284584841830757,0.700670378561655,0.4516399174661395,0.700670378561655,0.6888909217588398
434,0.2838090536424092,0.8921875,0.8567923335581619,0.8921875,0.8914886653913395,0.42420383503562525,0.8206208881578947,0.7627030251144961,0.8206208881578947,0.8186489336281543,0.8346957844945053,0.6993795340912025,0.4645007889772193,0.6993795340912025,0.688233550637016
435,0.28499397720609393,0.8930245535714286,0.8594914923236975,0.8930245535714286,0.8923675920318531,0.4245803952217102,0.8204152960526315,0.764334606560621,0.8204152960526315,0.8184507159451265,0.8291745849236672,0.7001712520330801,0.46225276487061456,0.7001712520330801,0.6890989696885991
436,0.2843150246994836,0.8915625,0.8550786365265817,0.8915625,0.8908214094470359,0.42365231482606186,0.8197985197368421,0.7621420464310875,0.8197985197368421,0.8177193827256954,0.832749043787847,0.6985619992599158,0.4535535453864033,0.6985619992599158,0.6868058983873901
437,0.2844092317989894,0.8927008928571428,0.8588544561615056,0.8927008928571428,0.8921156721579974,0.4222937743914755,0.8205180921052632,0.7637576494381351,0.8205180921052632,0.818718169894897,0.8271324033345423,0.7000851957350499,0.463318518486419,0.7000851957350499,0.6897827624762916
438,0.2826130556208747,0.89328125,0.8550579251441065,0.89328125,0.892394980741446,0.42183844509877655,0.8197985197368421,0.7604022170314835,0.8197985197368421,0.8174113115213275,0.8293472889174408,0.698140323399568,0.4573155441908497,0.698140323399568,0.6867218513318133
439,0.2845551147631237,0.8928794642857143,0.856610561118326,0.8928794642857143,0.8920631234879179,0.4243083219779165,0.8194901315789473,0.7566557423700002,0.8194901315789473,0.8171736592202795,0.826029211485596,0.6987943512645973,0.46366025090936447,0.6987943512645973,0.6879102654691144
440,0.28478466612952097,0.8929910714285715,0.8545094160977842,0.8929910714285715,0.892364959220078,0.4255076693861108,0.8206208881578947,0.7580661560519052,0.8206208881578947,0.8186042092430963,0.8281925860807947,0.7005843222636249,0.45586167676198563,0.7005843222636249,0.6887053032102578
441,0.28241293115275246,0.8944754464285715,0.861611248756686,0.8944754464285715,0.8939850240228276,0.42114418588186564,0.8231907894736842,0.7702531622493748,0.8231907894736842,0.8217935009526723,0.8259460252202273,0.6999991394370197,0.4733017769675456,0.6999991394370197,0.6897270138692346
442,0.28434683791228704,0.8923660714285714,0.856732897831881,0.8923660714285714,0.8915992272705286,0.42685361598667343,0.8187705592105263,0.7601860746379803,0.8187705592105263,0.8164406315567825,0.8248150022759496,0.7000335619562318,0.46674308399931963,0.7000335619562318,0.6889941718631653
443,0.28579550649438584,0.8910267857142857,0.856335580638448,0.8910267857142857,0.8904963190936308,0.4272158224331705,0.8181537828947368,0.7618096794483036,0.8181537828947368,0.8163728090565455,0.8327242450189973,0.7005929278934279,0.45774332652173466,0.7005929278934279,0.6891811742937664
444,0.282412417956761,0.8953683035714286,0.8603010658284321,0.8953683035714286,0.8947436445807604,0.42420696741656255,0.8200041118421053,0.7631866370670621,0.8200041118421053,0.8181362612977949,0.8182560074917508,0.6980112389525227,0.46642538436293923,0.6980112389525227,0.6872527301071999
445,0.2812450970922198,0.8940959821428571,0.8596345576228056,0.8940959821428571,0.8934351353377513,0.42393209902863754,0.8208264802631579,0.7624443359090682,0.8208264802631579,0.8189372285773819,0.8293392379817378,0.6986996893367641,0.4693584536787097,0.6986996893367641,0.6880112078279456
446,0.2847063074793134,0.8930245535714286,0.8565114922469261,0.8930245535714286,0.8925065371639339,0.4269715688730541,0.8188733552631579,0.7617068258986895,0.8188733552631579,0.8172535337734163,0.8276783768241667,0.6995086185382478,0.47131449475445863,0.6995086185382478,0.6895460988870429
447,0.2806803754397801,0.8942633928571428,0.8595970905323184,0.8942633928571428,0.893680213544137,0.4241987906004253,0.8211348684210527,0.7650964111997423,0.8211348684210527,0.819382361156811,0.8270114955580551,0.6987427174857792,0.4706466868184979,0.6987427174857792,0.6880823166155168
448,0.28137845030852726,0.8937276785714285,0.8605614807622064,0.8937276785714285,0.8931315055574431,0.4272284774403823,0.8194901315789473,0.7624888740111863,0.8194901315789473,0.8176539027197339,0.8316576534898105,0.700188463292686,0.47832332976761355,0.700188463292686,0.6897782349281172
449,0.2808148807287216,0.8941294642857143,0.8595490052663708,0.8941294642857143,0.8934269944884619,0.4242641141540126,0.8186677631578947,0.7637424558281699,0.8186677631578947,0.8166649177486165,0.8285942675740038,0.7001626464032771,0.4736962192301601,0.7001626464032771,0.6894038083683434
450,0.2806335895402091,0.8934263392857142,0.8566929502244218,0.8934263392857142,0.8926546625942388,0.42527524577943904,0.819078947368421,0.7648369855341605,0.819078947368421,0.8170540696770893,0.8335125600579805,0.7005412941146097,0.46805959621422993,0.7005412941146097,0.6896653899171364
451,0.2804313178573336,0.8946205357142857,0.8624510079256272,0.8946205357142857,0.8941311890355299,0.42321450459329707,0.8202097039473685,0.7663409296513244,0.8202097039473685,0.8186069565205373,0.8294320021005128,0.7000335619562318,0.4792203624228391,0.7000335619562318,0.6902029052614939
452,0.28127932029111047,0.8945982142857143,0.8603878153062795,0.8945982142857143,0.894049575136566,0.42318962592827647,0.8179481907894737,0.7570141630974501,0.8179481907894737,0.8160504711376392,0.8276065311961193,0.7007994630087003,0.4687986459337668,0.7007994630087003,0.6900964872480042
453,0.28256599843502045,0.893515625,0.8560100298509183,0.893515625,0.8926748608391938,0.4241309840428202,0.8192845394736842,0.7556525304787666,0.8192845394736842,0.8168927005256343,0.8308625251038606,0.7012297444988511,0.46133623661095763,0.7012297444988511,0.6896369885276203
454,0.28148322931357794,0.8951116071428571,0.8607693476037842,0.8951116071428571,0.8945620313088585,0.4244534608564879,0.8191817434210527,0.7635508962878514,0.8191817434210527,0.8174373230581747,0.8276506159245723,0.6992504496441572,0.46428048392448135,0.6992504496441572,0.6885440316986928
455,0.2788499060698918,0.8954129464285714,0.8621154722754605,0.8954129464285714,0.8948180885310055,0.4230471049484454,0.8202097039473685,0.7620880563030233,0.8202097039473685,0.8181501978949688,0.8315369730365944,0.7002573083311102,0.46659422986079707,0.7002573083311102,0.6896750938189093
456,0.2798974300282342,0.8939285714285714,0.8572027349611195,0.8939285714285714,0.893295968483078,0.422615647315979,0.8204152960526315,0.7623754651874837,0.8204152960526315,0.818617103764452,0.8332994153911737,0.6997581818025352,0.4582429456063334,0.6997581818025352,0.6887252151644571
457,0.2774297400883266,0.8954464285714285,0.8600657926694942,0.8954464285714285,0.8947598911555041,0.422109991312027,0.8193873355263158,0.7660197367018667,0.8193873355263158,0.8175264942282934,0.8383135334253937,0.6969527464867517,0.4643441815184479,0.6969527464867517,0.6861968168104352
458,0.28026617748396737,0.8945200892857142,0.8586075481909518,0.8945200892857142,0.8937745118003502,0.4252183547145442,0.8168174342105263,0.7558340160691585,0.8168174342105263,0.8145347429885679,0.8295522794279678,0.6990955483077029,0.46231280135938274,0.6990955483077029,0.6877663065409081
459,0.279724725995745,0.8945200892857142,0.8604581733588567,0.8945200892857142,0.893904545423125,0.42640731993474457,0.8193873355263158,0.7605706338300655,0.8193873355263158,0.8174637729798965,0.8299018473840328,0.6997409705429292,0.46068497255393986,0.6997409705429292,0.6885817533524271
460,0.27873540759086607,0.89375,0.8594536682996549,0.89375,0.8931620084704738,0.4240519514209346,0.8185649671052632,0.7649874120645909,0.8185649671052632,0.816764428473257,0.8303020026135315,0.7001626464032771,0.458260396926041,0.7001626464032771,0.6888979584864968
461,0.28050704547337124,0.8953794642857142,0.8619436344535016,0.8953794642857142,0.8946452362395128,0.4230591074416512,0.8188733552631579,0.7628414726721601,0.8188733552631579,0.8168782733368357,0.8231572630382795,0.6977788869478413,0.46357219437904956,0.6977788869478413,0.6867901843088289
462,0.2790022504329681,0.89609375,0.8624263946029876,0.89609375,0.8955531414256103,0.4248389648763757,0.8193873355263158,0.7603622975906029,0.8193873355263158,0.8176666941555011,0.8269490066548649,0.6985275767407038,0.4677559435056177,0.6985275767407038,0.6880258113841915
463,0.27974541093621935,0.89625,0.8639254151244862,0.89625,0.8956643938666263,0.4224972019070073,0.8206208881578947,0.76252968770441,0.8206208881578947,0.8188525868654198,0.8233185160915414,0.69863084429834,0.4695764253975919,0.69863084429834,0.6877232284596874
464,0.2791638011591775,0.8957254464285714,0.8653001558147666,0.8957254464285714,0.8952182385021048,0.4229847396674909,0.8186677631578947,0.7658420240603661,0.8186677631578947,0.8169884290836954,0.8247420429546345,0.7003347589993374,0.4727604621870717,0.7003347589993374,0.6901999286767371
465,0.27917635108743394,0.8955022321428572,0.8609933017880651,0.8955022321428572,0.8950044204153544,0.4248109036370328,0.8196957236842105,0.7632851077520064,0.8196957236842105,0.8180525815085892,0.827286921106544,0.6993537172017934,0.4669662883280803,0.6993537172017934,0.6892965408513556
466,0.2789142911774772,0.8956919642857143,0.8609562567891977,0.8956919642857143,0.895060238617041,0.42191674521094874,0.823499177631579,0.7670986260834665,0.823499177631579,0.8215400095469894,0.8315156935536542,0.6992676609037632,0.46186828685338327,0.6992676609037632,0.6882735850333818
467,0.2796972965342658,0.895390625,0.8602369922435243,0.895390625,0.8946925242166714,0.4234817639777535,0.8209292763157895,0.7597719159603463,0.8209292763157895,0.818880953655448,0.8300641975632587,0.6995946748362779,0.46488588235019,0.6995946748362779,0.6886187980688522
468,0.2774721054519926,0.8955691964285715,0.8604251328559955,0.8955691964285715,0.8950892796933559,0.4207709619873448,0.8206208881578947,0.764705998697898,0.8206208881578947,0.819047954751038,0.8347533351644426,0.6998700549899745,0.4686569290836743,0.6998700549899745,0.6895009847145996
469,0.27829446503094263,0.8947321428571429,0.8617015594042207,0.8947321428571429,0.8942166990910119,0.42433446332028035,0.8201069078947368,0.7648187067918938,0.8201069078947368,0.8181921185201592,0.8324146880683565,0.7000593788456408,0.46932064578863536,0.7000593788456408,0.6898927905778689
470,0.27830655217170713,0.8958035714285715,0.8611570964761656,0.8958035714285715,0.8951767073343893,0.42215361093219955,0.8205180921052632,0.7630142455085434,0.8205180921052632,0.8187013810496379,0.8304072678256872,0.6992848721633693,0.46729404203872,0.6992848721633693,0.6886736581952709
471,0.27687451303005217,0.8962053571428571,0.8621950655974978,0.8962053571428571,0.8955140702075532,0.4230422173675738,0.821032072368421,0.7662161708476051,0.821032072368421,0.819029531072541,0.8354309137498044,0.6992504496441572,0.46305224727725525,0.6992504496441572,0.6880003363828772
472,0.2770860947029931,0.8967857142857143,0.8629646517578511,0.8967857142857143,0.8960427801380938,0.42228533406006663,0.8211348684210527,0.7670039424333721,0.8211348684210527,0.8190827815786176,0.8304278370042566,0.6975981687219779,0.4700065863662945,0.6975981687219779,0.6870010731189646
473,0.2759863922425679,0.8970758928571428,0.8657824985656557,0.8970758928571428,0.8963904935178719,0.4202951757531417,0.8211348684210527,0.763917219573011,0.8211348684210527,0.8190368751881948,0.8271828145167032,0.6977444644286293,0.46938508333781775,0.6977444644286293,0.6869493349449942
474,0.2764387414285115,0.8970424107142857,0.8637374102014289,0.8970424107142857,0.8964865707239473,0.42113789916038513,0.8211348684210527,0.7668569420236685,0.8211348684210527,0.8193091286169525,0.833852147752988,0.6995000129084447,0.4670138898789105,0.6995000129084447,0.688863447493474
475,0.27592453130653927,0.8976785714285714,0.8659502961629221,0.8976785714285714,0.8972688823939258,0.41950479620381403,0.8212376644736842,0.7725661998860573,0.8212376644736842,0.81976604339893,0.8281417261595697,0.6993795340912025,0.46662558768899604,0.6993795340912025,0.6891619948084463
476,0.2764496397120612,0.8962276785714286,0.8616115860796355,0.8962276785714286,0.8955312670563235,0.4213811363044538,0.821032072368421,0.7674684649409899,0.821032072368421,0.8189202522907016,0.8283982037180706,0.700678984191458,0.4681559720683289,0.700678984191458,0.6896252225026753
477,0.2777207122530256,0.895546875,0.8624480583759792,0.895546875,0.8950217695422394,0.42009314424113225,0.8231907894736842,0.7681608112696795,0.8231907894736842,0.8214927692549011,0.8317194279800164,0.6995086185382478,0.47119757969129056,0.6995086185382478,0.6887861338046208
478,0.2758386298588344,0.8964732142857142,0.8633022771548183,0.8964732142857142,0.8958945932355818,0.4218272158974095,0.821546052631579,0.7589961598790397,0.821546052631579,0.8195276422644386,0.8313082917333064,0.6992676609037632,0.4724619635064205,0.6992676609037632,0.688711606128006
479,0.2763675330366407,0.8966629464285715,0.8632825563435124,0.8966629464285715,0.8962095060311353,0.42276189515465185,0.8219572368421053,0.7623454420691884,0.8219572368421053,0.8201122404819167,0.8357076306611364,0.6992160271249451,0.47028288636741244,0.6992160271249451,0.6888061489211328
480,0.2743830905641828,0.898125,0.8614178244253424,0.898125,0.897464953209381,0.4207986499133863,0.8203125,0.760554795346479,0.8203125,0.8181368044694813,0.8387205882653009,0.6995688579468688,0.4607391411439205,0.6995688579468688,0.6881815205596711
481,0.27461690204484124,0.8966964285714286,0.8610649665623458,0.8966964285714286,0.8959559642157803,0.4223859639544236,0.8181537828947368,0.7594215771529472,0.8181537828947368,0.815826384900798,0.8328215239909798,0.7009801812345636,0.4634826374514588,0.7009801812345636,0.6897625812414413
482,0.27676773922783987,0.8971763392857143,0.8658223711719095,0.8971763392857143,0.8967473242904309,0.42140766037137883,0.8203125,0.7660249807226822,0.8203125,0.818623851409593,0.82698442403455,0.7008166742683063,0.4644458097755635,0.7008166742683063,0.6903057038910417
483,0.2761978711400713,0.8964285714285715,0.862447340055896,0.8964285714285715,0.895637861249477,0.4220839283968273,0.8208264802631579,0.7658281116430279,0.8208264802631579,0.8185207038789926,0.83368106052424,0.700653167302049,0.46345444263245955,0.700653167302049,0.6890676520500161
484,0.2739783717904772,0.8979017857142857,0.8650031760596679,0.8979017857142857,0.8973336556561142,0.4201852067520744,0.8227796052631579,0.7703645639318086,0.8227796052631579,0.8210539238285024,0.833412758527647,0.7000077450668227,0.47336353662815506,0.7000077450668227,0.6898043271567886
485,0.2765500088248934,0.8976785714285714,0.8644036935925393,0.8976785714285714,0.8971392561741864,0.4226627145942889,0.822265625,0.7703795731133577,0.822265625,0.8205437743797808,0.8296456382185233,0.6997839986919443,0.46656599946371696,0.6997839986919443,0.6891246063016239
486,0.27839343351977214,0.8958258928571429,0.8588098534065256,0.8958258928571429,0.8951217088333866,0.42328647249623347,0.8205180921052632,0.7623308215996732,0.8205180921052632,0.8185683969619223,0.8243578375860523,0.7006187447828369,0.4559889828679501,0.7006187447828369,0.6893569168086715
487,0.2766989034414291,0.8966852678571429,0.8628530315555857,0.8966852678571429,0.8959882656993404,0.4225913772457524,0.8197985197368421,0.7643232287339284,0.8197985197368421,0.8176428019400251,0.834953270762225,0.6989062244520365,0.4597386176080112,0.6989062244520365,0.6873663723099783
488,0.27298321860177177,0.8978348214285714,0.8648333958254469,0.8978348214285714,0.8973508359689312,0.420903648200788,0.822985197368421,0.7686125823911849,0.822985197368421,0.8213745548978826,0.8378574460570203,0.6997839986919443,0.4653504222784717,0.6997839986919443,0.6892633720505591
489,0.27476888605526517,0.8973772321428571,0.8655224012474301,0.8973772321428571,0.8967652138515235,0.42110242812257065,0.821546052631579,0.7663864440762886,0.821546052631579,0.8195886805482275,0.8275364605983225,0.7002142801820951,0.46215630681195013,0.7002142801820951,0.6891120078409682
490,0.27348324963024684,0.8977678571428571,0.8691361391789254,0.8977678571428571,0.8972592853124056,0.41854901062814814,0.8208264802631579,0.768042907725677,0.8208264802631579,0.8190018829057321,0.83306447987345,0.700136829513868,0.4642572149044723,0.700136829513868,0.6898359120456623
491,0.27182396164962225,0.8991964285714286,0.8705204921685213,0.8991964285714286,0.8986885832326693,0.4178972479544188,0.8231907894736842,0.7750771791743044,0.8231907894736842,0.821423781424729,0.8378536112942306,0.6988631963030214,0.4636448441336576,0.6988631963030214,0.6882509296343178
492,0.27311655265944346,0.8973772321428571,0.8654808805657017,0.8973772321428571,0.8966298816836012,0.4214872059069182,0.8211348684210527,0.7648155870321253,0.8211348684210527,0.8189923202134647,0.8404385017292867,0.7005757166338219,0.46400044501772186,0.7005757166338219,0.6889467652503919
493,0.27341630850519455,0.8992410714285715,0.8674668465540981,0.8992410714285715,0.8987071488807865,0.42003508304294784,0.8211348684210527,0.7656864689943677,0.8211348684210527,0.8192871834377827,0.8331439430436278,0.7001282238840649,0.4724711451831503,0.7001282238840649,0.6897899302693858
494,0.2738894430228642,0.8985044642857143,0.8628846082049153,0.8985044642857143,0.8979184944268882,0.42195451416467367,0.8220600328947368,0.7674258410301386,0.8220600328947368,0.8202465938527471,0.8352013775589624,0.7012641670180633,0.4638324580550481,0.7012641670180633,0.690853502992301
495,0.27186510350022997,0.9006026785714286,0.8699225921195322,0.9006026785714286,0.9001074629006457,0.41747119709065084,0.8230879934210527,0.7741401008633314,0.8230879934210527,0.8213434630385111,0.8288812817979858,0.6984759429618856,0.47020761307235837,0.6984759429618856,0.6882039246296674
496,0.27191952441419875,0.8993415178571429,0.868454046019018,0.8993415178571429,0.8988765094286717,0.4191682683794122,0.8238075657894737,0.775274292297332,0.8238075657894737,0.8220564720420085,0.8357086989457626,0.6989492526010516,0.47047812190843147,0.6989492526010516,0.6887253579602147
497,0.27120704540184565,0.8990959821428571,0.8660386182976972,0.8990959821428571,0.8984339490357157,0.41828674705404983,0.8223684210526315,0.7649718490309948,0.8223684210526315,0.820411737659532,0.8341193149644051,0.69763259124119,0.46683243633957117,0.69763259124119,0.6867420325887215
498,0.2742886823415756,0.8982589285714285,0.8670569420274992,0.8982589285714285,0.8978005977467913,0.42107129096984863,0.8227796052631579,0.7678997105929295,0.8227796052631579,0.8210901755030902,0.8273541476518629,0.700179857662883,0.46377631725156954,0.700179857662883,0.6894417071917677
499,0.2715324595144817,0.8993415178571429,0.867763902452568,0.8993415178571429,0.8989221739291084,0.41714013877667877,0.8240131578947368,0.7699346631261664,0.8240131578947368,0.8224571935354089,0.8425129237402157,0.6986824780771581,0.4634024953787896,0.6986824780771581,0.6877062318290974
500,0.2741372731753758,0.8980022321428571,0.8666832565281927,0.8980022321428571,0.897518192749973,0.42078386482439545,0.8239103618421053,0.7708971729406734,0.8239103618421053,0.8222515591476004,0.8377444417718986,0.7003777871483524,0.46786135564947984,0.7003777871483524,0.6898235246912398
