=====Setting up data=====
Dataset name:census_kdd
train_option:synthetic
augment_option:gaussian
mix_ratio:-1
n_sample:-1
Training dataset size: 100096 samples
Validation dataset size: 18176 samples

=====Setting up parameters for training=====
num_epochs: 100
learning_rate: 0.001
patience: 30
early_stop_criterion: f1_macro
=====Setting up trainer=====
input_size: 372
model: DNN_Census
----------------------------------------------------------------
        Layer (type)               Output Shape         Param #
================================================================
            Linear-1                  [-1, 256]          95,488
       BatchNorm1d-2                  [-1, 256]             512
              ReLU-3                  [-1, 256]               0
           Dropout-4                  [-1, 256]               0
            Linear-5                  [-1, 128]          32,896
       BatchNorm1d-6                  [-1, 128]             256
              ReLU-7                  [-1, 128]               0
           Dropout-8                  [-1, 128]               0
            Linear-9                   [-1, 64]           8,256
      BatchNorm1d-10                   [-1, 64]             128
             ReLU-11                   [-1, 64]               0
          Dropout-12                   [-1, 64]               0
           Linear-13                   [-1, 32]           2,080
      BatchNorm1d-14                   [-1, 32]              64
             ReLU-15                   [-1, 32]               0
          Dropout-16                   [-1, 32]               0
           Linear-17                    [-1, 1]              33
          Sigmoid-18                    [-1, 1]               0
================================================================
Total params: 139,713
Trainable params: 139,713
Non-trainable params: 0
----------------------------------------------------------------
Input size (MB): 0.00
Forward/backward pass size (MB): 0.01
Params size (MB): 0.53
Estimated Total Size (MB): 0.55
----------------------------------------------------------------
PILOT training_counts={'0': 64908, '1': 35092} pos_weight=1.8496523424142255
=====Setting up output files=====
weight_dir, weight_file: /home/thuy/Research/minh_data_synth/TabularDA/output/census_kdd_weighted_macro_f1_20261005/census_kdd/weight/, census_kdd_seed42_ctgan_xonly_gaussian_synthetic.weights.pth
acc_dir, acc_file: /home/thuy/Research/minh_data_synth/TabularDA/output/census_kdd_weighted_macro_f1_20261005/census_kdd/acc/, census_kdd_seed42_ctgan_xonly_gaussian_synthetic.epochs.csv
report_file: census_kdd_seed42_ctgan_xonly_gaussian_synthetic.report.txt
==========================================================================================
Start training...
-----------------------
Epoch 1/100
PILOT development {"rows": 18076, "predicted_positive": 6680, "positive_rate": 0.3695507855720292, "probability_min": 6.438999116653576e-05, "probability_max": 0.9999995231628418, "scores": {"accuracy": 0.6853839344987829, "balanced_accuracy": 0.8007421683143245, "f1_macro": 0.5363179236424575, "f1_binary": 0.27341254631404116, "pr_auc": 0.4206585692713569, "precision_binary": 0.1601796407185629, "recall_binary": 0.932868352223191, "roc_auc": 0.9037606315478416}}
Training statistic: Loss: 0.0819, train_score: {'accuracy': 0.96743, 'balanced_accuracy': 0.9738699796446981, 'f1_macro': 0.9648940397659155, 'f1_binary': 0.9554586108338006, 'pr_auc': 0.9974656494601397, 'precision_binary': 0.9185401383082222, 'recall_binary': 0.9954690527755614, 'roc_auc': 0.9986214405081626}
Validation statistic: Loss: 1.5308, dev_score: {'accuracy': 0.6853839344987829, 'balanced_accuracy': 0.8007421683143245, 'f1_macro': 0.5363179236424575, 'f1_binary': 0.27341254631404116, 'pr_auc': 0.4206585692713569, 'precision_binary': 0.1601796407185629, 'recall_binary': 0.932868352223191, 'roc_auc': 0.9037606315478416}
Saving model...
Model saved!
-------------------------------------------
-----------------------
Epoch 2/100
PILOT development {"rows": 18076, "predicted_positive": 6580, "positive_rate": 0.36401858818322635, "probability_min": 3.784062130307575e-07, "probability_max": 1.0, "scores": {"accuracy": 0.6906948439920336, "balanced_accuracy": 0.8027647702237402, "f1_macro": 0.5398701169948685, "f1_binary": 0.2764332858806781, "pr_auc": 0.42191419407968955, "precision_binary": 0.16231003039513678, "recall_binary": 0.9311246730601569, "roc_auc": 0.9050434135323779}}
Training statistic: Loss: 0.0619, train_score: {'accuracy': 0.97661, 'balanced_accuracy': 0.9810004325247879, 'f1_macro': 0.9746544330545048, 'f1_binary': 0.9676141949240546, 'pr_auc': 0.9981892518153862, 'precision_binary': 0.9410465648649377, 'recall_binary': 0.9957255214863786, 'roc_auc': 0.9990341365310357}
Validation statistic: Loss: 2.0033, dev_score: {'accuracy': 0.6906948439920336, 'balanced_accuracy': 0.8027647702237402, 'f1_macro': 0.5398701169948685, 'f1_binary': 0.2764332858806781, 'pr_auc': 0.42191419407968955, 'precision_binary': 0.16231003039513678, 'recall_binary': 0.9311246730601569, 'roc_auc': 0.9050434135323779}
Saving model...
Model saved!
-------------------------------------------
-----------------------
Epoch 3/100
PILOT development {"rows": 18076, "predicted_positive": 6585, "positive_rate": 0.3642951980526665, "probability_min": 4.870394310074744e-09, "probability_max": 1.0, "scores": {"accuracy": 0.6907501659659216, "balanced_accuracy": 0.8040134593615069, "f1_macro": 0.5401690262061976, "f1_binary": 0.27703052250388, "pr_auc": 0.4093408735523617, "precision_binary": 0.16264236902050114, "recall_binary": 0.9337401918047079, "roc_auc": 0.9052557985778134}}
Training statistic: Loss: 0.0561, train_score: {'accuracy': 0.97851, 'balanced_accuracy': 0.9826211237817819, 'f1_macro': 0.9766933123068791, 'f1_binary': 0.9701863181698367, 'pr_auc': 0.9984598262516036, 'precision_binary': 0.9453080645597339, 'recall_binary': 0.9964094380485581, 'roc_auc': 0.9991798021116559}
Validation statistic: Loss: 2.4000, dev_score: {'accuracy': 0.6907501659659216, 'balanced_accuracy': 0.8040134593615069, 'f1_macro': 0.5401690262061976, 'f1_binary': 0.27703052250388, 'pr_auc': 0.4093408735523617, 'precision_binary': 0.16264236902050114, 'recall_binary': 0.9337401918047079, 'roc_auc': 0.9052557985778134}
Saving model...
Model saved!
-------------------------------------------
-----------------------
Epoch 4/100
PILOT development {"rows": 18076, "predicted_positive": 6429, "positive_rate": 0.35566497012613413, "probability_min": 2.6839921951626877e-10, "probability_max": 1.0, "scores": {"accuracy": 0.6988271741535738, "balanced_accuracy": 0.8062936631131311, "f1_macro": 0.5454527381215626, "f1_binary": 0.28141499472016895, "pr_auc": 0.40671757734729785, "precision_binary": 0.16581116814434593, "recall_binary": 0.9293809938971229, "roc_auc": 0.9043391541976715}}
Training statistic: Loss: 0.0463, train_score: {'accuracy': 0.98611, 'balanced_accuracy': 0.9880174103414587, 'f1_macro': 0.9848518974248113, 'f1_binary': 0.9804863657436675, 'pr_auc': 0.9988983281482836, 'precision_binary': 0.9669428357671312, 'recall_binary': 0.9944146814088681, 'roc_auc': 0.9994157139271052}
Validation statistic: Loss: 2.4692, dev_score: {'accuracy': 0.6988271741535738, 'balanced_accuracy': 0.8062936631131311, 'f1_macro': 0.5454527381215626, 'f1_binary': 0.28141499472016895, 'pr_auc': 0.40671757734729785, 'precision_binary': 0.16581116814434593, 'recall_binary': 0.9293809938971229, 'roc_auc': 0.9043391541976715}
Saving model...
Model saved!
-------------------------------------------
-----------------------
Epoch 5/100
PILOT development {"rows": 18076, "predicted_positive": 6464, "positive_rate": 0.3576012392122151, "probability_min": 1.5815940571095588e-11, "probability_max": 1.0, "scores": {"accuracy": 0.6968909050674928, "balanced_accuracy": 0.8052599340092266, "f1_macro": 0.5440757151077499, "f1_binary": 0.28012087767704635, "pr_auc": 0.39758360226633316, "precision_binary": 0.16491336633663367, "recall_binary": 0.9293809938971229, "roc_auc": 0.9030877355721725}}
Training statistic: Loss: 0.0439, train_score: {'accuracy': 0.98377, 'balanced_accuracy': 0.9869217245475715, 'f1_macro': 0.9823494863796619, 'f1_binary': 0.9773422121707082, 'pr_auc': 0.9991158783209676, 'precision_binary': 0.9579900927775801, 'recall_binary': 0.9974923059386754, 'roc_auc': 0.9995293031381803}
Validation statistic: Loss: 2.6189, dev_score: {'accuracy': 0.6968909050674928, 'balanced_accuracy': 0.8052599340092266, 'f1_macro': 0.5440757151077499, 'f1_binary': 0.28012087767704635, 'pr_auc': 0.39758360226633316, 'precision_binary': 0.16491336633663367, 'recall_binary': 0.9293809938971229, 'roc_auc': 0.9030877355721725}
-----------------------
Epoch 6/100
PILOT development {"rows": 18076, "predicted_positive": 6477, "positive_rate": 0.35832042487275945, "probability_min": 1.4348779326170402e-12, "probability_max": 1.0, "scores": {"accuracy": 0.6961717194069484, "balanced_accuracy": 0.8048759774849192, "f1_macro": 0.5435653063590551, "f1_binary": 0.2796432318992655, "pr_auc": 0.37807493119385494, "precision_binary": 0.16458236838042303, "recall_binary": 0.9293809938971229, "roc_auc": 0.9019352995017964}}
Training statistic: Loss: 0.0406, train_score: {'accuracy': 0.98554, 'balanced_accuracy': 0.9882655576881147, 'f1_macro': 0.9842565692254304, 'f1_binary': 0.9797615048706751, 'pr_auc': 0.9992005859564462, 'precision_binary': 0.9627296732313786, 'recall_binary': 0.997406816368403, 'roc_auc': 0.9995741675574926}
Validation statistic: Loss: 2.9651, dev_score: {'accuracy': 0.6961717194069484, 'balanced_accuracy': 0.8048759774849192, 'f1_macro': 0.5435653063590551, 'f1_binary': 0.2796432318992655, 'pr_auc': 0.37807493119385494, 'precision_binary': 0.16458236838042303, 'recall_binary': 0.9293809938971229, 'roc_auc': 0.9019352995017964}
-----------------------
Epoch 7/100
PILOT development {"rows": 18076, "predicted_positive": 6496, "positive_rate": 0.359371542376632, "probability_min": 4.345453508201695e-14, "probability_max": 1.0, "scores": {"accuracy": 0.6951206019030759, "balanced_accuracy": 0.8043148102570853, "f1_macro": 0.5428203402138763, "f1_binary": 0.2789480570456627, "pr_auc": 0.36884054918018877, "precision_binary": 0.16410098522167488, "recall_binary": 0.9293809938971229, "roc_auc": 0.9017459091030116}}
Training statistic: Loss: 0.0401, train_score: {'accuracy': 0.98457, 'balanced_accuracy': 0.9877016076787754, 'f1_macro': 0.9832163970496206, 'f1_binary': 0.9784500216477423, 'pr_auc': 0.9993288951769661, 'precision_binary': 0.9594620504533129, 'recall_binary': 0.998204719024279, 'roc_auc': 0.9996429320814207}
Validation statistic: Loss: 3.0810, dev_score: {'accuracy': 0.6951206019030759, 'balanced_accuracy': 0.8043148102570853, 'f1_macro': 0.5428203402138763, 'f1_binary': 0.2789480570456627, 'pr_auc': 0.36884054918018877, 'precision_binary': 0.16410098522167488, 'recall_binary': 0.9293809938971229, 'roc_auc': 0.9017459091030116}
-----------------------
Epoch 8/100
PILOT development {"rows": 18076, "predicted_positive": 6478, "positive_rate": 0.35837574684664747, "probability_min": 3.2914558953405686e-15, "probability_max": 1.0, "scores": {"accuracy": 0.6961163974330604, "balanced_accuracy": 0.8048464423676648, "f1_macro": 0.5435260676253213, "f1_binary": 0.2796065573770492, "pr_auc": 0.3718917630756866, "precision_binary": 0.16455696202531644, "recall_binary": 0.9293809938971229, "roc_auc": 0.9033580063574405}}
Training statistic: Loss: 0.0374, train_score: {'accuracy': 0.98544, 'balanced_accuracy': 0.9883259716524235, 'f1_macro': 0.9841528121683764, 'f1_binary': 0.9796363636363636, 'pr_auc': 0.9993865916802431, 'precision_binary': 0.9619314436387607, 'recall_binary': 0.99800524336031, 'roc_auc': 0.9996714378244633}
Validation statistic: Loss: 3.1324, dev_score: {'accuracy': 0.6961163974330604, 'balanced_accuracy': 0.8048464423676648, 'f1_macro': 0.5435260676253213, 'f1_binary': 0.2796065573770492, 'pr_auc': 0.3718917630756866, 'precision_binary': 0.16455696202531644, 'recall_binary': 0.9293809938971229, 'roc_auc': 0.9033580063574405}
-----------------------
Epoch 9/100
PILOT development {"rows": 18076, "predicted_positive": 6468, "positive_rate": 0.3578225271077672, "probability_min": 1.18866573671003e-17, "probability_max": 1.0, "scores": {"accuracy": 0.6965589732241646, "balanced_accuracy": 0.804676338632196, "f1_macro": 0.5437522437781124, "f1_binary": 0.27971109652002624, "pr_auc": 0.35043259934634696, "precision_binary": 0.16465677179962895, "recall_binary": 0.9285091543156059, "roc_auc": 0.9009246937939637}}
Training statistic: Loss: 0.0349, train_score: {'accuracy': 0.98655, 'balanced_accuracy': 0.9892464785500643, 'f1_macro': 0.9853526601130184, 'f1_binary': 0.9811648391659314, 'pr_auc': 0.999427491060783, 'precision_binary': 0.9646171214582703, 'recall_binary': 0.9982902085945514, 'roc_auc': 0.9996937466668444}
Validation statistic: Loss: 3.3947, dev_score: {'accuracy': 0.6965589732241646, 'balanced_accuracy': 0.804676338632196, 'f1_macro': 0.5437522437781124, 'f1_binary': 0.27971109652002624, 'pr_auc': 0.35043259934634696, 'precision_binary': 0.16465677179962895, 'recall_binary': 0.9285091543156059, 'roc_auc': 0.9009246937939637}
-----------------------
Epoch 10/100
PILOT development {"rows": 18076, "predicted_positive": 6428, "positive_rate": 0.35560964815224605, "probability_min": 1.3441680818083637e-17, "probability_max": 1.0, "scores": {"accuracy": 0.6987718521796857, "balanced_accuracy": 0.8058577433223726, "f1_macro": 0.5453251368458398, "f1_binary": 0.2811881188118812, "pr_auc": 0.34509910199118776, "precision_binary": 0.16568139390168016, "recall_binary": 0.9285091543156059, "roc_auc": 0.9002954438721276}}
Training statistic: Loss: 0.0345, train_score: {'accuracy': 0.98933, 'balanced_accuracy': 0.9911327141346289, 'f1_macro': 0.988354161654538, 'f1_binary': 0.9849830408286772, 'pr_auc': 0.99951550301524, 'precision_binary': 0.9730819498901588, 'recall_binary': 0.9971788441810099, 'roc_auc': 0.9997397977827552}
Validation statistic: Loss: 3.3905, dev_score: {'accuracy': 0.6987718521796857, 'balanced_accuracy': 0.8058577433223726, 'f1_macro': 0.5453251368458398, 'f1_binary': 0.2811881188118812, 'pr_auc': 0.34509910199118776, 'precision_binary': 0.16568139390168016, 'recall_binary': 0.9285091543156059, 'roc_auc': 0.9002954438721276}
-----------------------
Epoch 11/100
PILOT development {"rows": 18076, "predicted_positive": 6425, "positive_rate": 0.355443682230582, "probability_min": 4.837579283288252e-18, "probability_max": 1.0, "scores": {"accuracy": 0.6987165302057977, "balanced_accuracy": 0.8050154388581101, "f1_macro": 0.5451092141982339, "f1_binary": 0.2807712625462229, "pr_auc": 0.3437845272167117, "precision_binary": 0.16544747081712063, "recall_binary": 0.9267654751525719, "roc_auc": 0.9000965517660481}}
Training statistic: Loss: 0.0308, train_score: {'accuracy': 0.99035, 'balanced_accuracy': 0.9919380767788888, 'f1_macro': 0.9894610433841762, 'f1_binary': 0.9864002142142424, 'pr_auc': 0.9995779426018224, 'precision_binary': 0.975770249546912, 'recall_binary': 0.9972643337512823, 'roc_auc': 0.9997738245406237}
Validation statistic: Loss: 3.3696, dev_score: {'accuracy': 0.6987165302057977, 'balanced_accuracy': 0.8050154388581101, 'f1_macro': 0.5451092141982339, 'f1_binary': 0.2807712625462229, 'pr_auc': 0.3437845272167117, 'precision_binary': 0.16544747081712063, 'recall_binary': 0.9267654751525719, 'roc_auc': 0.9000965517660481}
-----------------------
Epoch 12/100
PILOT development {"rows": 18076, "predicted_positive": 6442, "positive_rate": 0.3563841557866785, "probability_min": 5.192475076345899e-20, "probability_max": 1.0, "scores": {"accuracy": 0.6981079884930295, "balanced_accuracy": 0.8059097065888237, "f1_macro": 0.5449407845442222, "f1_binary": 0.28093292923968904, "pr_auc": 0.31839402850528703, "precision_binary": 0.16547656007451103, "recall_binary": 0.9293809938971229, "roc_auc": 0.8975052379127081}}
Training statistic: Loss: 0.0335, train_score: {'accuracy': 0.98863, 'balanced_accuracy': 0.9909469221405016, 'f1_macro': 0.9876040418807905, 'f1_binary': 0.9840378486894751, 'pr_auc': 0.9996131866636908, 'precision_binary': 0.9697833365616093, 'recall_binary': 0.9987176564459136, 'roc_auc': 0.999792285509406}
Validation statistic: Loss: 3.5896, dev_score: {'accuracy': 0.6981079884930295, 'balanced_accuracy': 0.8059097065888237, 'f1_macro': 0.5449407845442222, 'f1_binary': 0.28093292923968904, 'pr_auc': 0.31839402850528703, 'precision_binary': 0.16547656007451103, 'recall_binary': 0.9293809938971229, 'roc_auc': 0.8975052379127081}
-----------------------
Epoch 13/100
PILOT development {"rows": 18076, "predicted_positive": 6353, "positive_rate": 0.35146050011064395, "probability_min": 3.936486598989957e-23, "probability_max": 1.0, "scores": {"accuracy": 0.7025890683779598, "balanced_accuracy": 0.8066765123924151, "f1_macro": 0.5477845595420914, "f1_binary": 0.2832, "pr_auc": 0.3205214842195135, "precision_binary": 0.1671651188414922, "recall_binary": 0.925893635571055, "roc_auc": 0.8967086394930198}}
Training statistic: Loss: 0.0284, train_score: {'accuracy': 0.99284, 'balanced_accuracy': 0.993561648947122, 'f1_macro': 0.9921634709383604, 'f1_binary': 0.9898609419694695, 'pr_auc': 0.9996674710949303, 'precision_binary': 0.9838146709452232, 'recall_binary': 0.9959819901971959, 'roc_auc': 0.9998211795739954}
Validation statistic: Loss: 3.5616, dev_score: {'accuracy': 0.7025890683779598, 'balanced_accuracy': 0.8066765123924151, 'f1_macro': 0.5477845595420914, 'f1_binary': 0.2832, 'pr_auc': 0.3205214842195135, 'precision_binary': 0.1671651188414922, 'recall_binary': 0.925893635571055, 'roc_auc': 0.8967086394930198}
Saving model...
Model saved!
-------------------------------------------
-----------------------
Epoch 14/100
PILOT development {"rows": 18076, "predicted_positive": 6451, "positive_rate": 0.35688205355167074, "probability_min": 7.661040351538133e-23, "probability_max": 1.0, "scores": {"accuracy": 0.697278158884709, "balanced_accuracy": 0.8042475258094952, "f1_macro": 0.5440867889665394, "f1_binary": 0.27981047644116874, "pr_auc": 0.29597912355244355, "precision_binary": 0.1647806541621454, "recall_binary": 0.9267654751525719, "roc_auc": 0.8925471234469535}}
Training statistic: Loss: 0.0292, train_score: {'accuracy': 0.9894, 'balanced_accuracy': 0.991474618854126, 'f1_macro': 0.9884364738607359, 'f1_binary': 0.9850985464053758, 'pr_auc': 0.9996779040378925, 'precision_binary': 0.9721158648243715, 'recall_binary': 0.9984326912116722, 'roc_auc': 0.9998263855851923}
Validation statistic: Loss: 3.8328, dev_score: {'accuracy': 0.697278158884709, 'balanced_accuracy': 0.8042475258094952, 'f1_macro': 0.5440867889665394, 'f1_binary': 0.27981047644116874, 'pr_auc': 0.29597912355244355, 'precision_binary': 0.1647806541621454, 'recall_binary': 0.9267654751525719, 'roc_auc': 0.8925471234469535}
-----------------------
Epoch 15/100
PILOT development {"rows": 18076, "predicted_positive": 6428, "positive_rate": 0.35560964815224605, "probability_min": 1.4160901274190274e-24, "probability_max": 1.0, "scores": {"accuracy": 0.6987718521796857, "balanced_accuracy": 0.8058577433223726, "f1_macro": 0.5453251368458398, "f1_binary": 0.2811881188118812, "pr_auc": 0.28849721751255314, "precision_binary": 0.16568139390168016, "recall_binary": 0.9285091543156059, "roc_auc": 0.891257569242855}}
Training statistic: Loss: 0.0255, train_score: {'accuracy': 0.99152, 'balanced_accuracy': 0.9931404247772178, 'f1_macro': 0.9907373540008412, 'f1_binary': 0.9880448880618057, 'pr_auc': 0.9997447729542981, 'precision_binary': 0.977734375, 'recall_binary': 0.9985751738287929, 'roc_auc': 0.9998627828825664}
Validation statistic: Loss: 3.9535, dev_score: {'accuracy': 0.6987718521796857, 'balanced_accuracy': 0.8058577433223726, 'f1_macro': 0.5453251368458398, 'f1_binary': 0.2811881188118812, 'pr_auc': 0.28849721751255314, 'precision_binary': 0.16568139390168016, 'recall_binary': 0.9285091543156059, 'roc_auc': 0.891257569242855}
-----------------------
Epoch 16/100
PILOT development {"rows": 18076, "predicted_positive": 6377, "positive_rate": 0.3527882274839566, "probability_min": 4.711534865304911e-24, "probability_max": 1.0, "scores": {"accuracy": 0.7011506970568709, "balanced_accuracy": 0.8055022146702961, "f1_macro": 0.5466672267485604, "f1_binary": 0.28203083466241363, "pr_auc": 0.27453860091086985, "precision_binary": 0.1663791751607339, "recall_binary": 0.9250217959895379, "roc_auc": 0.8876975704932694}}
Training statistic: Loss: 0.0216, train_score: {'accuracy': 0.99386, 'balanced_accuracy': 0.9947335344481576, 'f1_macro': 0.9932805392701765, 'f1_binary': 0.9913073024322564, 'pr_auc': 0.9997654172976901, 'precision_binary': 0.9850317933712228, 'recall_binary': 0.9976632850792203, 'roc_auc': 0.9998735362503561}
Validation statistic: Loss: 4.1007, dev_score: {'accuracy': 0.7011506970568709, 'balanced_accuracy': 0.8055022146702961, 'f1_macro': 0.5466672267485604, 'f1_binary': 0.28203083466241363, 'pr_auc': 0.27453860091086985, 'precision_binary': 0.1663791751607339, 'recall_binary': 0.9250217959895379, 'roc_auc': 0.8876975704932694}
-----------------------
Epoch 17/100
PILOT development {"rows": 18076, "predicted_positive": 6364, "positive_rate": 0.35206904182341225, "probability_min": 2.47368019778907e-25, "probability_max": 1.0, "scores": {"accuracy": 0.7018698827174153, "balanced_accuracy": 0.8058861711946036, "f1_macro": 0.5471810670374582, "f1_binary": 0.28251897217414457, "pr_auc": 0.2703710145774422, "precision_binary": 0.16671904462602136, "recall_binary": 0.9250217959895379, "roc_auc": 0.8865237362690673}}
Training statistic: Loss: 0.0222, train_score: {'accuracy': 0.99405, 'balanced_accuracy': 0.9946573637169528, 'f1_macro': 0.993484821840358, 'f1_binary': 0.9915659064169986, 'pr_auc': 0.9997755294622306, 'precision_binary': 0.9864899167959386, 'recall_binary': 0.9966944032827995, 'roc_auc': 0.999879008752428}
Validation statistic: Loss: 4.1234, dev_score: {'accuracy': 0.7018698827174153, 'balanced_accuracy': 0.8058861711946036, 'f1_macro': 0.5471810670374582, 'f1_binary': 0.28251897217414457, 'pr_auc': 0.2703710145774422, 'precision_binary': 0.16671904462602136, 'recall_binary': 0.9250217959895379, 'roc_auc': 0.8865237362690673}
-----------------------
Epoch 18/100
PILOT development {"rows": 18076, "predicted_positive": 6417, "positive_rate": 0.35500110643947774, "probability_min": 3.452214017874565e-26, "probability_max": 1.0, "scores": {"accuracy": 0.699048462049126, "balanced_accuracy": 0.8047862648881325, "f1_macro": 0.545257087747911, "f1_binary": 0.2808038075092544, "pr_auc": 0.259066388319476, "precision_binary": 0.16549789621318373, "recall_binary": 0.925893635571055, "roc_auc": 0.8826223455538679}}
Training statistic: Loss: 0.0213, train_score: {'accuracy': 0.99289, 'balanced_accuracy': 0.9941761294898321, 'f1_macro': 0.9922267195676221, 'f1_binary': 0.9899560666205202, 'pr_auc': 0.9997977822670866, 'precision_binary': 0.9815670784659776, 'recall_binary': 0.9984896842585205, 'roc_auc': 0.9998910857940038}
Validation statistic: Loss: 4.3337, dev_score: {'accuracy': 0.699048462049126, 'balanced_accuracy': 0.8047862648881325, 'f1_macro': 0.545257087747911, 'f1_binary': 0.2808038075092544, 'pr_auc': 0.259066388319476, 'precision_binary': 0.16549789621318373, 'recall_binary': 0.925893635571055, 'roc_auc': 0.8826223455538679}
-----------------------
Epoch 19/100
PILOT development {"rows": 18076, "predicted_positive": 6400, "positive_rate": 0.3540606328833813, "probability_min": 3.766953211823724e-24, "probability_max": 1.0, "scores": {"accuracy": 0.7000995795529984, "balanced_accuracy": 0.8057538167894704, "f1_macro": 0.5460945076298301, "f1_binary": 0.2817013382801113, "pr_auc": 0.2608043093585954, "precision_binary": 0.16609375, "recall_binary": 0.9267654751525719, "roc_auc": 0.882717105127971}}
Training statistic: Loss: 0.0193, train_score: {'accuracy': 0.99301, 'balanced_accuracy': 0.9942816581202385, 'f1_macro': 0.9923575236078236, 'f1_binary': 0.9901244684307936, 'pr_auc': 0.999827805437354, 'precision_binary': 0.9818431449466222, 'recall_binary': 0.9985466773053687, 'roc_auc': 0.999907004782281}
Validation statistic: Loss: 4.2538, dev_score: {'accuracy': 0.7000995795529984, 'balanced_accuracy': 0.8057538167894704, 'f1_macro': 0.5460945076298301, 'f1_binary': 0.2817013382801113, 'pr_auc': 0.2608043093585954, 'precision_binary': 0.16609375, 'recall_binary': 0.9267654751525719, 'roc_auc': 0.882717105127971}
-----------------------
Epoch 20/100
PILOT development {"rows": 18076, "predicted_positive": 6362, "positive_rate": 0.3519583978756362, "probability_min": 8.265168800866655e-28, "probability_max": 1.0, "scores": {"accuracy": 0.7020911706129674, "balanced_accuracy": 0.8064106963371254, "f1_macro": 0.547428258732052, "f1_binary": 0.28286056731921694, "pr_auc": 0.24315480715224352, "precision_binary": 0.16692863879283243, "recall_binary": 0.925893635571055, "roc_auc": 0.877681844008952}}
Training statistic: Loss: 0.0198, train_score: {'accuracy': 0.99398, 'balanced_accuracy': 0.9948521531805916, 'f1_macro': 0.9934116948392044, 'f1_binary': 0.9914767096134787, 'pr_auc': 0.9998136740647119, 'precision_binary': 0.9852552197647588, 'recall_binary': 0.9977772711729169, 'roc_auc': 0.9998992199121054}
Validation statistic: Loss: 4.6921, dev_score: {'accuracy': 0.7020911706129674, 'balanced_accuracy': 0.8064106963371254, 'f1_macro': 0.547428258732052, 'f1_binary': 0.28286056731921694, 'pr_auc': 0.24315480715224352, 'precision_binary': 0.16692863879283243, 'recall_binary': 0.925893635571055, 'roc_auc': 0.877681844008952}
-----------------------
Epoch 21/100
PILOT development {"rows": 18076, "predicted_positive": 6365, "positive_rate": 0.3521243637973003, "probability_min": 1.879264661834733e-26, "probability_max": 1.0, "scores": {"accuracy": 0.7021464925868555, "balanced_accuracy": 0.8072530008013878, "f1_macro": 0.5476456291906878, "f1_binary": 0.2832800851970181, "pr_auc": 0.24118868289985002, "precision_binary": 0.16716417910447762, "recall_binary": 0.927637314734089, "roc_auc": 0.8764528020328812}}
Training statistic: Loss: 0.0172, train_score: {'accuracy': 0.99509, 'balanced_accuracy': 0.9957530249251909, 'f1_macro': 0.9946231236258256, 'f1_binary': 0.9930387194646477, 'pr_auc': 0.9998542279366781, 'precision_binary': 0.9881493185858187, 'recall_binary': 0.9979767468368859, 'roc_auc': 0.9999213768502976}
Validation statistic: Loss: 4.7304, dev_score: {'accuracy': 0.7021464925868555, 'balanced_accuracy': 0.8072530008013878, 'f1_macro': 0.5476456291906878, 'f1_binary': 0.2832800851970181, 'pr_auc': 0.24118868289985002, 'precision_binary': 0.16716417910447762, 'recall_binary': 0.927637314734089, 'roc_auc': 0.8764528020328812}
-----------------------
Epoch 22/100
PILOT development {"rows": 18076, "predicted_positive": 6393, "positive_rate": 0.3536733790661651, "probability_min": 1.714488992162906e-24, "probability_max": 1.0, "scores": {"accuracy": 0.7004868333702147, "balanced_accuracy": 0.8059605626102513, "f1_macro": 0.5463707794878222, "f1_binary": 0.2819628647214854, "pr_auc": 0.24958667133192425, "precision_binary": 0.16627561395276083, "recall_binary": 0.9267654751525719, "roc_auc": 0.8796972102008888}}
Training statistic: Loss: 0.0165, train_score: {'accuracy': 0.99456, 'balanced_accuracy': 0.9954691107274486, 'f1_macro': 0.9940462188250212, 'f1_binary': 0.9922972360670593, 'pr_auc': 0.9998601171992894, 'precision_binary': 0.9861533265788585, 'recall_binary': 0.9985181807819447, 'roc_auc': 0.9999241326381438}
Validation statistic: Loss: 4.5890, dev_score: {'accuracy': 0.7004868333702147, 'balanced_accuracy': 0.8059605626102513, 'f1_macro': 0.5463707794878222, 'f1_binary': 0.2819628647214854, 'pr_auc': 0.24958667133192425, 'precision_binary': 0.16627561395276083, 'recall_binary': 0.9267654751525719, 'roc_auc': 0.8796972102008888}
-----------------------
Epoch 23/100
PILOT development {"rows": 18076, "predicted_positive": 6350, "positive_rate": 0.3512945341889799, "probability_min": 6.1633725636076985e-27, "probability_max": 1.0, "scores": {"accuracy": 0.7025337464040717, "balanced_accuracy": 0.8058342079281524, "f1_macro": 0.5475668217615668, "f1_binary": 0.2827797785780979, "pr_auc": 0.2539659170777574, "precision_binary": 0.16692913385826771, "recall_binary": 0.9241499564080209, "roc_auc": 0.8812344267918688}}
Training statistic: Loss: 0.0183, train_score: {'accuracy': 0.99543, 'balanced_accuracy': 0.9959625736808195, 'f1_macro': 0.9949938363450339, 'f1_binary': 0.9935161670189975, 'pr_auc': 0.9998575437265235, 'precision_binary': 0.9893193184707977, 'recall_binary': 0.9977487746494927, 'roc_auc': 0.999922811818049}
Validation statistic: Loss: 4.4285, dev_score: {'accuracy': 0.7025337464040717, 'balanced_accuracy': 0.8058342079281524, 'f1_macro': 0.5475668217615668, 'f1_binary': 0.2827797785780979, 'pr_auc': 0.2539659170777574, 'precision_binary': 0.16692913385826771, 'recall_binary': 0.9241499564080209, 'roc_auc': 0.8812344267918688}
-----------------------
Epoch 24/100
PILOT development {"rows": 18076, "predicted_positive": 6432, "positive_rate": 0.3558309360477982, "probability_min": 3.546014991368487e-28, "probability_max": 1.0, "scores": {"accuracy": 0.6987718521796857, "balanced_accuracy": 0.8066705126693808, "f1_macro": 0.5455014850816007, "f1_binary": 0.28156748911465895, "pr_auc": 0.24051484920131538, "precision_binary": 0.16588930348258707, "recall_binary": 0.93025283347864, "roc_auc": 0.8765345064156609}}
Training statistic: Loss: 0.0203, train_score: {'accuracy': 0.99265, 'balanced_accuracy': 0.9941417886063935, 'f1_macro': 0.9919679172334641, 'f1_binary': 0.9896272879944679, 'pr_auc': 0.9998877340218558, 'precision_binary': 0.9802890932982917, 'recall_binary': 0.9991451042972758, 'roc_auc': 0.9999391399817719}
Validation statistic: Loss: 4.7578, dev_score: {'accuracy': 0.6987718521796857, 'balanced_accuracy': 0.8066705126693808, 'f1_macro': 0.5455014850816007, 'f1_binary': 0.28156748911465895, 'pr_auc': 0.24051484920131538, 'precision_binary': 0.16588930348258707, 'recall_binary': 0.93025283347864, 'roc_auc': 0.8765345064156609}
-----------------------
Epoch 25/100
PILOT development {"rows": 18076, "predicted_positive": 6339, "positive_rate": 0.35068599247621157, "probability_min": 1.5534674190943885e-25, "probability_max": 1.0, "scores": {"accuracy": 0.7030316441690639, "balanced_accuracy": 0.8056936393099381, "f1_macro": 0.5478339818364452, "f1_binary": 0.2829281325140262, "pr_auc": 0.2483349193048951, "precision_binary": 0.16706105063890203, "recall_binary": 0.923278116826504, "roc_auc": 0.8789368676182485}}
Training statistic: Loss: 0.0142, train_score: {'accuracy': 0.99608, 'balanced_accuracy': 0.9964632823762039, 'f1_macro': 0.9957040649941756, 'f1_binary': 0.9944332415007526, 'pr_auc': 0.9998859945319264, 'precision_binary': 0.9911396704976505, 'recall_binary': 0.9977487746494927, 'roc_auc': 0.9999384037293872}
Validation statistic: Loss: 4.5989, dev_score: {'accuracy': 0.7030316441690639, 'balanced_accuracy': 0.8056936393099381, 'f1_macro': 0.5478339818364452, 'f1_binary': 0.2829281325140262, 'pr_auc': 0.2483349193048951, 'precision_binary': 0.16706105063890203, 'recall_binary': 0.923278116826504, 'roc_auc': 0.8789368676182485}
Saving model...
Model saved!
-------------------------------------------
-----------------------
Epoch 26/100
PILOT development {"rows": 18076, "predicted_positive": 6311, "positive_rate": 0.34913697720734677, "probability_min": 4.782308422752028e-28, "probability_max": 1.0, "scores": {"accuracy": 0.7046913033857048, "balanced_accuracy": 0.8069860775010747, "f1_macro": 0.5491132956484475, "f1_binary": 0.28425851434700994, "pr_auc": 0.24165330677794777, "precision_binary": 0.16796070353351292, "recall_binary": 0.9241499564080209, "roc_auc": 0.8766830317481138}}
Training statistic: Loss: 0.0125, train_score: {'accuracy': 0.99673, 'balanced_accuracy': 0.9968265450002972, 'f1_macro': 0.9964139087486175, 'f1_binary': 0.9953492341169945, 'pr_auc': 0.9999065885569672, 'precision_binary': 0.9935546154064567, 'recall_binary': 0.9971503476575858, 'roc_auc': 0.9999494925156753}
Validation statistic: Loss: 4.7545, dev_score: {'accuracy': 0.7046913033857048, 'balanced_accuracy': 0.8069860775010747, 'f1_macro': 0.5491132956484475, 'f1_binary': 0.28425851434700994, 'pr_auc': 0.24165330677794777, 'precision_binary': 0.16796070353351292, 'recall_binary': 0.9241499564080209, 'roc_auc': 0.8766830317481138}
Saving model...
Model saved!
-------------------------------------------
-----------------------
Epoch 27/100
PILOT development {"rows": 18076, "predicted_positive": 6404, "positive_rate": 0.3542819207789334, "probability_min": 9.537714493075882e-28, "probability_max": 1.0, "scores": {"accuracy": 0.6997676477096703, "balanced_accuracy": 0.8051702214124399, "f1_macro": 0.5457693182669168, "f1_binary": 0.28128724672228844, "pr_auc": 0.2400257321688437, "precision_binary": 0.16583385384134916, "recall_binary": 0.925893635571055, "roc_auc": 0.8762781148180129}}
Training statistic: Loss: 0.0152, train_score: {'accuracy': 0.99445, 'balanced_accuracy': 0.9954432808688928, 'f1_macro': 0.993926961762635, 'f1_binary': 0.9921447072311155, 'pr_auc': 0.99989765445193, 'precision_binary': 0.9856022046624111, 'recall_binary': 0.9987746494927618, 'roc_auc': 0.9999445518977799}
Validation statistic: Loss: 4.8065, dev_score: {'accuracy': 0.6997676477096703, 'balanced_accuracy': 0.8051702214124399, 'f1_macro': 0.5457693182669168, 'f1_binary': 0.28128724672228844, 'pr_auc': 0.2400257321688437, 'precision_binary': 0.16583385384134916, 'recall_binary': 0.925893635571055, 'roc_auc': 0.8762781148180129}
-----------------------
Epoch 28/100
PILOT development {"rows": 18076, "predicted_positive": 6449, "positive_rate": 0.35677140960389464, "probability_min": 7.642685252051989e-29, "probability_max": 1.0, "scores": {"accuracy": 0.697388802832485, "balanced_accuracy": 0.8043065960440041, "f1_macro": 0.5441653553477066, "f1_binary": 0.279884149552396, "pr_auc": 0.2357249413076235, "precision_binary": 0.16483175686152893, "recall_binary": 0.9267654751525719, "roc_auc": 0.8743155101389397}}
Training statistic: Loss: 0.0183, train_score: {'accuracy': 0.99193, 'balanced_accuracy': 0.9936722430993017, 'f1_macro': 0.9911865927575442, 'f1_binary': 0.9886269148921177, 'pr_auc': 0.9999146271837683, 'precision_binary': 0.9779729541335563, 'recall_binary': 0.9995155591017896, 'roc_auc': 0.999953692929921}
Validation statistic: Loss: 4.9358, dev_score: {'accuracy': 0.697388802832485, 'balanced_accuracy': 0.8043065960440041, 'f1_macro': 0.5441653553477066, 'f1_binary': 0.279884149552396, 'pr_auc': 0.2357249413076235, 'precision_binary': 0.16483175686152893, 'recall_binary': 0.9267654751525719, 'roc_auc': 0.8743155101389397}
-----------------------
Epoch 29/100
PILOT development {"rows": 18076, "predicted_positive": 6259, "positive_rate": 0.3462602345651693, "probability_min": 1.880540860053082e-26, "probability_max": 1.0, "scores": {"accuracy": 0.7075680460278823, "balanced_accuracy": 0.8085219035983042, "f1_macro": 0.5511839672831513, "f1_binary": 0.2862543883337834, "pr_auc": 0.237382450733751, "precision_binary": 0.16935612717686532, "recall_binary": 0.9241499564080209, "roc_auc": 0.8744531432703477}}
Training statistic: Loss: 0.0125, train_score: {'accuracy': 0.99712, 'balanced_accuracy': 0.9966753616975719, 'f1_macro': 0.9968379523171036, 'f1_binary': 0.9958935751561296, 'pr_auc': 0.9999211886662583, 'precision_binary': 0.9966040751098681, 'recall_binary': 0.9951840875413199, 'roc_auc': 0.999957304386162}
Validation statistic: Loss: 4.8784, dev_score: {'accuracy': 0.7075680460278823, 'balanced_accuracy': 0.8085219035983042, 'f1_macro': 0.5511839672831513, 'f1_binary': 0.2862543883337834, 'pr_auc': 0.237382450733751, 'precision_binary': 0.16935612717686532, 'recall_binary': 0.9241499564080209, 'roc_auc': 0.8744531432703477}
Saving model...
Model saved!
-------------------------------------------
-----------------------
Epoch 30/100
PILOT development {"rows": 18076, "predicted_positive": 6275, "positive_rate": 0.3471453861473777, "probability_min": 6.006647606970757e-28, "probability_max": 1.0, "scores": {"accuracy": 0.7067935383934498, "balanced_accuracy": 0.8085147966302466, "f1_macro": 0.5507153031743616, "f1_binary": 0.2859067636755592, "pr_auc": 0.24352788091939034, "precision_binary": 0.1690836653386454, "recall_binary": 0.9250217959895379, "roc_auc": 0.8774173926975285}}
Training statistic: Loss: 0.0139, train_score: {'accuracy': 0.99696, 'balanced_accuracy': 0.9967680970098576, 'f1_macro': 0.9966640745003884, 'f1_binary': 0.9956705024495841, 'pr_auc': 0.9999200588627256, 'precision_binary': 0.9952169456781688, 'recall_binary': 0.9961244728143167, 'roc_auc': 0.9999568605273899}
Validation statistic: Loss: 4.6918, dev_score: {'accuracy': 0.7067935383934498, 'balanced_accuracy': 0.8085147966302466, 'f1_macro': 0.5507153031743616, 'f1_binary': 0.2859067636755592, 'pr_auc': 0.24352788091939034, 'precision_binary': 0.1690836653386454, 'recall_binary': 0.9250217959895379, 'roc_auc': 0.8774173926975285}
-----------------------
Epoch 31/100
PILOT development {"rows": 18076, "predicted_positive": 6286, "positive_rate": 0.34775392786014603, "probability_min": 4.0217819914658354e-27, "probability_max": 1.0, "scores": {"accuracy": 0.7062956406284576, "balanced_accuracy": 0.8086553652484609, "f1_macro": 0.5504462636276716, "f1_binary": 0.2857527243374142, "pr_auc": 0.23503198296149647, "precision_binary": 0.1689468660515431, "recall_binary": 0.925893635571055, "roc_auc": 0.8745939951372889}}
Training statistic: Loss: 0.0131, train_score: {'accuracy': 0.99715, 'balanced_accuracy': 0.9970977194415116, 'f1_macro': 0.9968733255804819, 'f1_binary': 0.9959432337409079, 'pr_auc': 0.9999249502182701, 'precision_binary': 0.9949660134808452, 'recall_binary': 0.9969223754701927, 'roc_auc': 0.9999593147020053}
Validation statistic: Loss: 4.9799, dev_score: {'accuracy': 0.7062956406284576, 'balanced_accuracy': 0.8086553652484609, 'f1_macro': 0.5504462636276716, 'f1_binary': 0.2857527243374142, 'pr_auc': 0.23503198296149647, 'precision_binary': 0.1689468660515431, 'recall_binary': 0.925893635571055, 'roc_auc': 0.8745939951372889}
-----------------------
Epoch 32/100
PILOT development {"rows": 18076, "predicted_positive": 6279, "positive_rate": 0.34736667404292987, "probability_min": 1.0852843459320484e-27, "probability_max": 1.0, "scores": {"accuracy": 0.7064616065501217, "balanced_accuracy": 0.8079312012532159, "f1_macro": 0.5503863607712601, "f1_binary": 0.2854834365741988, "pr_auc": 0.23598960612091088, "precision_binary": 0.168816690555821, "recall_binary": 0.9241499564080209, "roc_auc": 0.8747984749682542}}
Training statistic: Loss: 0.0117, train_score: {'accuracy': 0.99714, 'balanced_accuracy': 0.9970311107716887, 'f1_macro': 0.9968620065070521, 'f1_binary': 0.9959280141238112, 'pr_auc': 0.9999244305400592, 'precision_binary': 0.9951912132938766, 'recall_binary': 0.9966659067593754, 'roc_auc': 0.999959012649745}
Validation statistic: Loss: 5.0254, dev_score: {'accuracy': 0.7064616065501217, 'balanced_accuracy': 0.8079312012532159, 'f1_macro': 0.5503863607712601, 'f1_binary': 0.2854834365741988, 'pr_auc': 0.23598960612091088, 'precision_binary': 0.168816690555821, 'recall_binary': 0.9241499564080209, 'roc_auc': 0.8747984749682542}
-----------------------
Epoch 33/100
PILOT development {"rows": 18076, "predicted_positive": 6269, "positive_rate": 0.3468134543040496, "probability_min": 3.989036656475883e-28, "probability_max": 1.0, "scores": {"accuracy": 0.706904182341226, "balanced_accuracy": 0.8077610975177472, "f1_macro": 0.5506153327062657, "f1_binary": 0.28559870550161814, "pr_auc": 0.23867051679328433, "precision_binary": 0.16892646355080554, "recall_binary": 0.923278116826504, "roc_auc": 0.8751561923604935}}
Training statistic: Loss: 0.0131, train_score: {'accuracy': 0.99747, 'balanced_accuracy': 0.9973180419797991, 'f1_macro': 0.9972236654501127, 'f1_binary': 0.9963966786777377, 'pr_auc': 0.99993976909576, 'precision_binary': 0.9959853079354233, 'recall_binary': 0.9968083893764961, 'roc_auc': 0.999967306355051}
Validation statistic: Loss: 4.8962, dev_score: {'accuracy': 0.706904182341226, 'balanced_accuracy': 0.8077610975177472, 'f1_macro': 0.5506153327062657, 'f1_binary': 0.28559870550161814, 'pr_auc': 0.23867051679328433, 'precision_binary': 0.16892646355080554, 'recall_binary': 0.923278116826504, 'roc_auc': 0.8751561923604935}
-----------------------
Epoch 34/100
PILOT development {"rows": 18076, "predicted_positive": 6345, "positive_rate": 0.3510179243195397, "probability_min": 5.945782154048795e-27, "probability_max": 1.0, "scores": {"accuracy": 0.703252932064616, "balanced_accuracy": 0.8078437031464762, "f1_macro": 0.5484382503933481, "f1_binary": 0.2840363053924186, "pr_auc": 0.22626180775366847, "precision_binary": 0.1676910953506698, "recall_binary": 0.927637314734089, "roc_auc": 0.8702263512676642}}
Training statistic: Loss: 0.0108, train_score: {'accuracy': 0.99674, 'balanced_accuracy': 0.9972138611697988, 'f1_macro': 0.9964275454531271, 'f1_binary': 0.995371027745435, 'pr_auc': 0.9999385022794524, 'precision_binary': 0.9919624158034754, 'recall_binary': 0.998803146016186, 'roc_auc': 0.9999667004944125}
Validation statistic: Loss: 5.3683, dev_score: {'accuracy': 0.703252932064616, 'balanced_accuracy': 0.8078437031464762, 'f1_macro': 0.5484382503933481, 'f1_binary': 0.2840363053924186, 'pr_auc': 0.22626180775366847, 'precision_binary': 0.1676910953506698, 'recall_binary': 0.927637314734089, 'roc_auc': 0.8702263512676642}
-----------------------
Epoch 35/100
PILOT development {"rows": 18076, "predicted_positive": 6338, "positive_rate": 0.35063067050232355, "probability_min": 1.5880795820535597e-28, "probability_max": 1.0, "scores": {"accuracy": 0.7035295419340563, "balanced_accuracy": 0.8075849940592441, "f1_macro": 0.548547524695558, "f1_binary": 0.28403473613894453, "pr_auc": 0.23333361839563202, "precision_binary": 0.16771852319343641, "recall_binary": 0.9267654751525719, "roc_auc": 0.8734453957996686}}
Training statistic: Loss: 0.0141, train_score: {'accuracy': 0.99689, 'balanced_accuracy': 0.9972705038711474, 'f1_macro': 0.9965911926582673, 'f1_binary': 0.9955819470686006, 'pr_auc': 0.9999401449057811, 'precision_binary': 0.9926347695532705, 'recall_binary': 0.9985466773053687, 'roc_auc': 0.999967564065337}
Validation statistic: Loss: 5.1431, dev_score: {'accuracy': 0.7035295419340563, 'balanced_accuracy': 0.8075849940592441, 'f1_macro': 0.548547524695558, 'f1_binary': 0.28403473613894453, 'pr_auc': 0.23333361839563202, 'precision_binary': 0.16771852319343641, 'recall_binary': 0.9267654751525719, 'roc_auc': 0.8734453957996686}
-----------------------
Epoch 36/100
PILOT development {"rows": 18076, "predicted_positive": 6315, "positive_rate": 0.34935826510289886, "probability_min": 1.435992240648578e-27, "probability_max": 1.0, "scores": {"accuracy": 0.7045806594379287, "balanced_accuracy": 0.8073333919400699, "f1_macro": 0.5491232959204293, "f1_binary": 0.2843741624229429, "pr_auc": 0.2276184003457118, "precision_binary": 0.16801266825019795, "recall_binary": 0.9250217959895379, "roc_auc": 0.8712057223658808}}
Training statistic: Loss: 0.0118, train_score: {'accuracy': 0.99706, 'balanced_accuracy': 0.9972640123817262, 'f1_macro': 0.9967762904960793, 'f1_binary': 0.9958199448346461, 'pr_auc': 0.9999375600223099, 'precision_binary': 0.9937006980307588, 'recall_binary': 0.9979482503134618, 'roc_auc': 0.9999661578540144}
Validation statistic: Loss: 5.3349, dev_score: {'accuracy': 0.7045806594379287, 'balanced_accuracy': 0.8073333919400699, 'f1_macro': 0.5491232959204293, 'f1_binary': 0.2843741624229429, 'pr_auc': 0.2276184003457118, 'precision_binary': 0.16801266825019795, 'recall_binary': 0.9250217959895379, 'roc_auc': 0.8712057223658808}
-----------------------
Epoch 37/100
PILOT development {"rows": 18076, "predicted_positive": 6298, "positive_rate": 0.3484177915468024, "probability_min": 2.5969165414407624e-26, "probability_max": 1.0, "scores": {"accuracy": 0.7055211329940252, "balanced_accuracy": 0.807835488933395, "f1_macro": 0.5497991740407349, "f1_binary": 0.2850235057085292, "pr_auc": 0.2247448442720986, "precision_binary": 0.16846617973959988, "recall_binary": 0.9250217959895379, "roc_auc": 0.8689745978936698}}
Training statistic: Loss: 0.0125, train_score: {'accuracy': 0.99715, 'balanced_accuracy': 0.9972024402577332, 'f1_macro': 0.9968739781387584, 'f1_binary': 0.9959450807426905, 'pr_auc': 0.9999389083929058, 'precision_binary': 0.9945159548773904, 'recall_binary': 0.9973783198449789, 'roc_auc': 0.9999666781039106}
Validation statistic: Loss: 5.4533, dev_score: {'accuracy': 0.7055211329940252, 'balanced_accuracy': 0.807835488933395, 'f1_macro': 0.5497991740407349, 'f1_binary': 0.2850235057085292, 'pr_auc': 0.2247448442720986, 'precision_binary': 0.16846617973959988, 'recall_binary': 0.9250217959895379, 'roc_auc': 0.8689745978936698}
-----------------------
Epoch 38/100
PILOT development {"rows": 18076, "predicted_positive": 6329, "positive_rate": 0.3501327727373313, "probability_min": 1.126340405669772e-28, "probability_max": 1.0, "scores": {"accuracy": 0.7040274396990485, "balanced_accuracy": 0.8078508101145339, "f1_macro": 0.5489047539190085, "f1_binary": 0.28437667201712147, "pr_auc": 0.2209973713208586, "precision_binary": 0.16795702322641806, "recall_binary": 0.9267654751525719, "roc_auc": 0.8674330810720172}}
Training statistic: Loss: 0.0105, train_score: {'accuracy': 0.99722, 'balanced_accuracy': 0.9974068989059394, 'f1_macro': 0.9969515321098703, 'f1_binary': 0.9960468687787953, 'pr_auc': 0.9999474230269721, 'precision_binary': 0.9940678928247049, 'recall_binary': 0.9980337398837342, 'roc_auc': 0.9999713961338758}
Validation statistic: Loss: 5.6391, dev_score: {'accuracy': 0.7040274396990485, 'balanced_accuracy': 0.8078508101145339, 'f1_macro': 0.5489047539190085, 'f1_binary': 0.28437667201712147, 'pr_auc': 0.2209973713208586, 'precision_binary': 0.16795702322641806, 'recall_binary': 0.9267654751525719, 'roc_auc': 0.8674330810720172}
-----------------------
Epoch 39/100
PILOT development {"rows": 18076, "predicted_positive": 6346, "positive_rate": 0.35107324629342773, "probability_min": 7.035996495452486e-28, "probability_max": 1.0, "scores": {"accuracy": 0.703308254038504, "balanced_accuracy": 0.8082796229372347, "f1_macro": 0.5485669360817342, "f1_binary": 0.28426531429334045, "pr_auc": 0.21735567073553824, "precision_binary": 0.16782225023636937, "recall_binary": 0.9285091543156059, "roc_auc": 0.8654411215248794}}
Training statistic: Loss: 0.0090, train_score: {'accuracy': 0.99722, 'balanced_accuracy': 0.9976294306404103, 'f1_macro': 0.9969528791263917, 'f1_binary': 0.9960506875781339, 'pr_auc': 0.9999611674764368, 'precision_binary': 0.9931161473087818, 'recall_binary': 0.999002621680155, 'roc_auc': 0.9999788919031597}
Validation statistic: Loss: 5.7318, dev_score: {'accuracy': 0.703308254038504, 'balanced_accuracy': 0.8082796229372347, 'f1_macro': 0.5485669360817342, 'f1_binary': 0.28426531429334045, 'pr_auc': 0.21735567073553824, 'precision_binary': 0.16782225023636937, 'recall_binary': 0.9285091543156059, 'roc_auc': 0.8654411215248794}
-----------------------
Epoch 40/100
PILOT development {"rows": 18076, "predicted_positive": 6264, "positive_rate": 0.3465368444346094, "probability_min": 2.849227018998796e-28, "probability_max": 1.0, "scores": {"accuracy": 0.7072914361584421, "balanced_accuracy": 0.8083742280120322, "f1_macro": 0.5509844243756176, "f1_binary": 0.28606126028875994, "pr_auc": 0.22008177833312928, "precision_binary": 0.16922094508301405, "recall_binary": 0.9241499564080209, "roc_auc": 0.8661815336970967}}
Training statistic: Loss: 0.0105, train_score: {'accuracy': 0.99759, 'balanced_accuracy': 0.997266489385873, 'f1_macro': 0.9973543798384649, 'f1_binary': 0.9965648474136579, 'pr_auc': 0.9999404915026735, 'precision_binary': 0.9969485241693997, 'recall_binary': 0.996181465861165, 'roc_auc': 0.9999675706507788}
Validation statistic: Loss: 5.5253, dev_score: {'accuracy': 0.7072914361584421, 'balanced_accuracy': 0.8083742280120322, 'f1_macro': 0.5509844243756176, 'f1_binary': 0.28606126028875994, 'pr_auc': 0.22008177833312928, 'precision_binary': 0.16922094508301405, 'recall_binary': 0.9241499564080209, 'roc_auc': 0.8661815336970967}
-----------------------
Epoch 41/100
PILOT development {"rows": 18076, "predicted_positive": 6251, "positive_rate": 0.34581765877406506, "probability_min": 2.293946508551714e-28, "probability_max": 1.0, "scores": {"accuracy": 0.7081212657667626, "balanced_accuracy": 0.8092236394443525, "f1_macro": 0.5516733823772286, "f1_binary": 0.28683427953500945, "pr_auc": 0.22087799749924694, "precision_binary": 0.16973284274516076, "recall_binary": 0.9250217959895379, "roc_auc": 0.8667759955252882}}
Training statistic: Loss: 0.0107, train_score: {'accuracy': 0.99786, 'balanced_accuracy': 0.9976250122480436, 'f1_macro': 0.9976510694446364, 'f1_binary': 0.9969505243958048, 'pr_auc': 0.9999547495041876, 'precision_binary': 0.9970641888040133, 'recall_binary': 0.9968368858999203, 'roc_auc': 0.9999753283011287}
Validation statistic: Loss: 5.4652, dev_score: {'accuracy': 0.7081212657667626, 'balanced_accuracy': 0.8092236394443525, 'f1_macro': 0.5516733823772286, 'f1_binary': 0.28683427953500945, 'pr_auc': 0.22087799749924694, 'precision_binary': 0.16973284274516076, 'recall_binary': 0.9250217959895379, 'roc_auc': 0.8667759955252882}
Saving model...
Model saved!
-------------------------------------------
-----------------------
Epoch 42/100
PILOT development {"rows": 18076, "predicted_positive": 6257, "positive_rate": 0.34614959061739325, "probability_min": 1.1616017755390717e-29, "probability_max": 1.0, "scores": {"accuracy": 0.7076786899756583, "balanced_accuracy": 0.8085809738328131, "f1_macro": 0.551263810934218, "f1_binary": 0.2863317125877904, "pr_auc": 0.22280429207296973, "precision_binary": 0.16941026050823077, "recall_binary": 0.9241499564080209, "roc_auc": 0.8682663215770177}}
Training statistic: Loss: 0.0113, train_score: {'accuracy': 0.99802, 'balanced_accuracy': 0.997663177956035, 'f1_macro': 0.9978260922180087, 'f1_binary': 0.9971768329198392, 'pr_auc': 0.9999626262157925, 'precision_binary': 0.9978882483876491, 'recall_binary': 0.9964664310954063, 'roc_auc': 0.9999797559131138}
Validation statistic: Loss: 5.5440, dev_score: {'accuracy': 0.7076786899756583, 'balanced_accuracy': 0.8085809738328131, 'f1_macro': 0.551263810934218, 'f1_binary': 0.2863317125877904, 'pr_auc': 0.22280429207296973, 'precision_binary': 0.16941026050823077, 'recall_binary': 0.9241499564080209, 'roc_auc': 0.8682663215770177}
-----------------------
Epoch 43/100
PILOT development {"rows": 18076, "predicted_positive": 6299, "positive_rate": 0.34847311352069044, "probability_min": 8.805636833648178e-30, "probability_max": 1.0, "scores": {"accuracy": 0.7054658110201372, "balanced_accuracy": 0.8078059538161406, "f1_macro": 0.5497593869805796, "f1_binary": 0.28498522696749934, "pr_auc": 0.21738529073794788, "precision_binary": 0.16843943483092555, "recall_binary": 0.9250217959895379, "roc_auc": 0.8651432468636769}}
Training statistic: Loss: 0.0099, train_score: {'accuracy': 0.99788, 'balanced_accuracy': 0.9978956756589803, 'f1_macro': 0.9976741778825723, 'f1_binary': 0.9969822923190799, 'pr_auc': 0.9999576758402133, 'precision_binary': 0.9960182025028441, 'recall_binary': 0.9979482503134618, 'roc_auc': 0.9999768609529324}
Validation statistic: Loss: 5.6964, dev_score: {'accuracy': 0.7054658110201372, 'balanced_accuracy': 0.8078059538161406, 'f1_macro': 0.5497593869805796, 'f1_binary': 0.28498522696749934, 'pr_auc': 0.21738529073794788, 'precision_binary': 0.16843943483092555, 'recall_binary': 0.9250217959895379, 'roc_auc': 0.8651432468636769}
-----------------------
Epoch 44/100
PILOT development {"rows": 18076, "predicted_positive": 6358, "positive_rate": 0.35173710998008406, "probability_min": 1.541786816482019e-29, "probability_max": 1.0, "scores": {"accuracy": 0.7023124585085195, "balanced_accuracy": 0.806528836806143, "f1_macro": 0.5475865788686459, "f1_binary": 0.28301132578281146, "pr_auc": 0.2169873116092967, "precision_binary": 0.16703365838313936, "recall_binary": 0.925893635571055, "roc_auc": 0.8653133248492615}}
Training statistic: Loss: 0.0090, train_score: {'accuracy': 0.99696, 'balanced_accuracy': 0.997455327366312, 'f1_macro': 0.9966686313427934, 'f1_binary': 0.9956834123761111, 'pr_auc': 0.9999646643123696, 'precision_binary': 0.9922737306843267, 'recall_binary': 0.9991166077738516, 'roc_auc': 0.9999807547051084}
Validation statistic: Loss: 5.7062, dev_score: {'accuracy': 0.7023124585085195, 'balanced_accuracy': 0.806528836806143, 'f1_macro': 0.5475865788686459, 'f1_binary': 0.28301132578281146, 'pr_auc': 0.2169873116092967, 'precision_binary': 0.16703365838313936, 'recall_binary': 0.925893635571055, 'roc_auc': 0.8653133248492615}
-----------------------
Epoch 45/100
PILOT development {"rows": 18076, "predicted_positive": 6330, "positive_rate": 0.3501880947112193, "probability_min": 1.7116093004470092e-29, "probability_max": 1.0, "scores": {"accuracy": 0.7037508298296083, "balanced_accuracy": 0.8068903651812537, "f1_macro": 0.5485278131052053, "f1_binary": 0.28380366457135214, "pr_auc": 0.21709352080441816, "precision_binary": 0.16761453396524487, "recall_binary": 0.9250217959895379, "roc_auc": 0.8649816405900165}}
Training statistic: Loss: 0.0091, train_score: {'accuracy': 0.99717, 'balanced_accuracy': 0.9975843695359053, 'f1_macro': 0.9968981351898399, 'f1_binary': 0.9959798281127921, 'pr_auc': 0.9999607678887344, 'precision_binary': 0.9930034274707532, 'recall_binary': 0.9989741251567309, 'roc_auc': 0.999978657022405}
Validation statistic: Loss: 5.6904, dev_score: {'accuracy': 0.7037508298296083, 'balanced_accuracy': 0.8068903651812537, 'f1_macro': 0.5485278131052053, 'f1_binary': 0.28380366457135214, 'pr_auc': 0.21709352080441816, 'precision_binary': 0.16761453396524487, 'recall_binary': 0.9250217959895379, 'roc_auc': 0.8649816405900165}
-----------------------
Epoch 46/100
PILOT development {"rows": 18076, "predicted_positive": 6310, "positive_rate": 0.34908165523345874, "probability_min": 7.99926757013664e-29, "probability_max": 1.0, "scores": {"accuracy": 0.704967913255145, "balanced_accuracy": 0.8079465224343549, "f1_macro": 0.5494909245954321, "f1_binary": 0.2848330427785973, "pr_auc": 0.2161510277234004, "precision_binary": 0.16830427892234548, "recall_binary": 0.925893635571055, "roc_auc": 0.8642524811172236}}
Training statistic: Loss: 0.0081, train_score: {'accuracy': 0.99785, 'balanced_accuracy': 0.997944561588038, 'f1_macro': 0.9976416499806027, 'f1_binary': 0.9969406776043371, 'pr_auc': 0.9999647165507926, 'precision_binary': 0.9956231348586045, 'recall_binary': 0.9982617120711273, 'roc_auc': 0.999980720899841}
Validation statistic: Loss: 5.6984, dev_score: {'accuracy': 0.704967913255145, 'balanced_accuracy': 0.8079465224343549, 'f1_macro': 0.5494909245954321, 'f1_binary': 0.2848330427785973, 'pr_auc': 0.2161510277234004, 'precision_binary': 0.16830427892234548, 'recall_binary': 0.925893635571055, 'roc_auc': 0.8642524811172236}
-----------------------
Epoch 47/100
PILOT development {"rows": 18076, "predicted_positive": 6310, "positive_rate": 0.34908165523345874, "probability_min": 3.093678144787887e-29, "probability_max": 1.0, "scores": {"accuracy": 0.7046359814118168, "balanced_accuracy": 0.8065501577103162, "f1_macro": 0.5489840702072027, "f1_binary": 0.2840284296634035, "pr_auc": 0.21790618219773697, "precision_binary": 0.16782884310618065, "recall_binary": 0.923278116826504, "roc_auc": 0.8656076202765507}}
Training statistic: Loss: 0.0078, train_score: {'accuracy': 0.99786, 'balanced_accuracy': 0.9980373504619162, 'f1_macro': 0.997653001489819, 'f1_binary': 0.9969559898722654, 'pr_auc': 0.9999679540384017, 'precision_binary': 0.9952854302754899, 'recall_binary': 0.9986321668756412, 'roc_auc': 0.9999824853591933}
Validation statistic: Loss: 5.6890, dev_score: {'accuracy': 0.7046359814118168, 'balanced_accuracy': 0.8065501577103162, 'f1_macro': 0.5489840702072027, 'f1_binary': 0.2840284296634035, 'pr_auc': 0.21790618219773697, 'precision_binary': 0.16782884310618065, 'recall_binary': 0.923278116826504, 'roc_auc': 0.8656076202765507}
-----------------------
Epoch 48/100
PILOT development {"rows": 18076, "predicted_positive": 6296, "positive_rate": 0.3483071475990263, "probability_min": 7.865406892687599e-28, "probability_max": 1.0, "scores": {"accuracy": 0.7056317769418012, "balanced_accuracy": 0.8078945591679039, "f1_macro": 0.5498787592745632, "f1_binary": 0.2851000940480989, "pr_auc": 0.21349742885689962, "precision_binary": 0.16851969504447267, "recall_binary": 0.9250217959895379, "roc_auc": 0.8628735490648337}}
Training statistic: Loss: 0.0076, train_score: {'accuracy': 0.99803, 'balanced_accuracy': 0.9980963094826336, 'f1_macro': 0.9978388959056264, 'f1_binary': 0.9971962483810825, 'pr_auc': 0.9999704102045436, 'precision_binary': 0.9960763128713997, 'recall_binary': 0.9983187051179756, 'roc_auc': 0.9999837932279194}
Validation statistic: Loss: 5.9677, dev_score: {'accuracy': 0.7056317769418012, 'balanced_accuracy': 0.8078945591679039, 'f1_macro': 0.5498787592745632, 'f1_binary': 0.2851000940480989, 'pr_auc': 0.21349742885689962, 'precision_binary': 0.16851969504447267, 'recall_binary': 0.9250217959895379, 'roc_auc': 0.8628735490648337}
-----------------------
Epoch 49/100
PILOT development {"rows": 18076, "predicted_positive": 6312, "positive_rate": 0.3491922991812348, "probability_min": 5.563830090437466e-28, "probability_max": 1.0, "scores": {"accuracy": 0.7047466253595929, "balanced_accuracy": 0.8074219972918332, "f1_macro": 0.5492424912317169, "f1_binary": 0.2844885373374447, "pr_auc": 0.21390653840690516, "precision_binary": 0.16809252217997464, "recall_binary": 0.9250217959895379, "roc_auc": 0.8630757114062151}}
Training statistic: Loss: 0.0072, train_score: {'accuracy': 0.99792, 'balanced_accuracy': 0.9980508444710363, 'f1_macro': 0.9977185673376286, 'f1_binary': 0.9970406624363316, 'pr_auc': 0.9999677542408663, 'precision_binary': 0.9955958402000341, 'recall_binary': 0.9984896842585205, 'roc_auc': 0.9999823865775673}
Validation statistic: Loss: 5.7943, dev_score: {'accuracy': 0.7047466253595929, 'balanced_accuracy': 0.8074219972918332, 'f1_macro': 0.5492424912317169, 'f1_binary': 0.2844885373374447, 'pr_auc': 0.21390653840690516, 'precision_binary': 0.16809252217997464, 'recall_binary': 0.9250217959895379, 'roc_auc': 0.8630757114062151}
-----------------------
Epoch 50/100
PILOT development {"rows": 18076, "predicted_positive": 6292, "positive_rate": 0.3480858597034742, "probability_min": 6.09662873916123e-29, "probability_max": 1.0, "scores": {"accuracy": 0.7059637087851295, "balanced_accuracy": 0.8084781545449344, "f1_macro": 0.5502072283589085, "f1_binary": 0.2855222476139266, "pr_auc": 0.22361770958140179, "precision_binary": 0.1687857596948506, "recall_binary": 0.925893635571055, "roc_auc": 0.8683517854429004}}
Training statistic: Loss: 0.0084, train_score: {'accuracy': 0.99806, 'balanced_accuracy': 0.9981128740637144, 'f1_macro': 0.9978717366868537, 'f1_binary': 0.9972387486122577, 'pr_auc': 0.9999661074066806, 'precision_binary': 0.996189501222772, 'recall_binary': 0.9982902085945514, 'roc_auc': 0.9999814808598159}
Validation statistic: Loss: 5.4575, dev_score: {'accuracy': 0.7059637087851295, 'balanced_accuracy': 0.8084781545449344, 'f1_macro': 0.5502072283589085, 'f1_binary': 0.2855222476139266, 'pr_auc': 0.22361770958140179, 'precision_binary': 0.1687857596948506, 'recall_binary': 0.925893635571055, 'roc_auc': 0.8683517854429004}
-----------------------
Epoch 51/100
PILOT development {"rows": 18076, "predicted_positive": 6302, "positive_rate": 0.3486390794423545, "probability_min": 1.177677994267358e-28, "probability_max": 1.0, "scores": {"accuracy": 0.705078557202921, "balanced_accuracy": 0.8067864386483515, "f1_macro": 0.5493018764577843, "f1_binary": 0.28433346757954087, "pr_auc": 0.22277171093730452, "precision_binary": 0.16804189146302762, "recall_binary": 0.923278116826504, "roc_auc": 0.8681058225483805}}
Training statistic: Loss: 0.0081, train_score: {'accuracy': 0.99821, 'balanced_accuracy': 0.9983069628363539, 'f1_macro': 0.9980364084345494, 'f1_binary': 0.997452573754394, 'pr_auc': 0.9999732462151139, 'precision_binary': 0.9962757640369581, 'recall_binary': 0.9986321668756412, 'roc_auc': 0.9999854488079687}
Validation statistic: Loss: 5.4296, dev_score: {'accuracy': 0.705078557202921, 'balanced_accuracy': 0.8067864386483515, 'f1_macro': 0.5493018764577843, 'f1_binary': 0.28433346757954087, 'pr_auc': 0.22277171093730452, 'precision_binary': 0.16804189146302762, 'recall_binary': 0.923278116826504, 'roc_auc': 0.8681058225483805}
-----------------------
Epoch 52/100
PILOT development {"rows": 18076, "predicted_positive": 6317, "positive_rate": 0.3494689090506749, "probability_min": 5.017973757061378e-29, "probability_max": 1.0, "scores": {"accuracy": 0.7042487275946006, "balanced_accuracy": 0.8063434118895353, "f1_macro": 0.5487061823131398, "f1_binary": 0.2837620578778135, "pr_auc": 0.21211860080405473, "precision_binary": 0.1676428684502137, "recall_binary": 0.923278116826504, "roc_auc": 0.8623418397046013}}
Training statistic: Loss: 0.0084, train_score: {'accuracy': 0.9975, 'balanced_accuracy': 0.9976945843666418, 'f1_macro': 0.9972584649728933, 'f1_binary': 0.9964447225461475, 'pr_auc': 0.9999604767440514, 'precision_binary': 0.9945494804973599, 'recall_binary': 0.9983472016413998, 'roc_auc': 0.99997846999586}
Validation statistic: Loss: 5.8583, dev_score: {'accuracy': 0.7042487275946006, 'balanced_accuracy': 0.8063434118895353, 'f1_macro': 0.5487061823131398, 'f1_binary': 0.2837620578778135, 'pr_auc': 0.21211860080405473, 'precision_binary': 0.1676428684502137, 'recall_binary': 0.923278116826504, 'roc_auc': 0.8623418397046013}
-----------------------
Epoch 53/100
PILOT development {"rows": 18076, "predicted_positive": 6260, "positive_rate": 0.3463155565390573, "probability_min": 6.753687424931886e-28, "probability_max": 1.0, "scores": {"accuracy": 0.70707014826289, "balanced_accuracy": 0.8066305488489982, "f1_macro": 0.550464866800932, "f1_binary": 0.28513568246253546, "pr_auc": 0.21209520866184853, "precision_binary": 0.16869009584664538, "recall_binary": 0.9206625980819529, "roc_auc": 0.8623471441807604}}
Training statistic: Loss: 0.0069, train_score: {'accuracy': 0.99842, 'balanced_accuracy': 0.9982265633735039, 'f1_macro': 0.9982656974389915, 'f1_binary': 0.9977483896710939, 'pr_auc': 0.9999750373520235, 'precision_binary': 0.9979190421892816, 'recall_binary': 0.9975777955089479, 'roc_auc': 0.9999863786723401}
Validation statistic: Loss: 5.8759, dev_score: {'accuracy': 0.70707014826289, 'balanced_accuracy': 0.8066305488489982, 'f1_macro': 0.550464866800932, 'f1_binary': 0.28513568246253546, 'pr_auc': 0.21209520866184853, 'precision_binary': 0.16869009584664538, 'recall_binary': 0.9206625980819529, 'roc_auc': 0.8623471441807604}
-----------------------
Epoch 54/100
PILOT development {"rows": 18076, "predicted_positive": 6280, "positive_rate": 0.3474219960168179, "probability_min": 6.704752704773821e-30, "probability_max": 1.0, "scores": {"accuracy": 0.7066275724717858, "balanced_accuracy": 0.8088325759519874, "f1_macro": 0.5506854333733749, "f1_binary": 0.28598357344822944, "pr_auc": 0.2151954064457969, "precision_binary": 0.16910828025477706, "recall_binary": 0.925893635571055, "roc_auc": 0.8637039055827964}}
Training statistic: Loss: 0.0078, train_score: {'accuracy': 0.9982, 'balanced_accuracy': 0.998240354166531, 'f1_macro': 0.9980252195914673, 'f1_binary': 0.9974377224199288, 'pr_auc': 0.9999681558416993, 'precision_binary': 0.9965015074805166, 'recall_binary': 0.9983756981648239, 'roc_auc': 0.9999827408743321}
Validation statistic: Loss: 5.8275, dev_score: {'accuracy': 0.7066275724717858, 'balanced_accuracy': 0.8088325759519874, 'f1_macro': 0.5506854333733749, 'f1_binary': 0.28598357344822944, 'pr_auc': 0.2151954064457969, 'precision_binary': 0.16910828025477706, 'recall_binary': 0.925893635571055, 'roc_auc': 0.8637039055827964}
-----------------------
Epoch 55/100
PILOT development {"rows": 18076, "predicted_positive": 6232, "positive_rate": 0.3447665412701925, "probability_min": 8.278543060253587e-29, "probability_max": 1.0, "scores": {"accuracy": 0.7087298074795308, "balanced_accuracy": 0.8079229870401348, "f1_macro": 0.551752318279482, "f1_binary": 0.28648868410353706, "pr_auc": 0.21941094658292187, "precision_binary": 0.16960847240051347, "recall_binary": 0.9215344376634699, "roc_auc": 0.8658800798019813}}
Training statistic: Loss: 0.0074, train_score: {'accuracy': 0.99838, 'balanced_accuracy': 0.9981303000205726, 'f1_macro': 0.9982216046704677, 'f1_binary': 0.997690860368322, 'pr_auc': 0.9999703886771291, 'precision_binary': 0.9980892083048141, 'recall_binary': 0.9972928302747065, 'roc_auc': 0.9999838586433073}
Validation statistic: Loss: 5.5929, dev_score: {'accuracy': 0.7087298074795308, 'balanced_accuracy': 0.8079229870401348, 'f1_macro': 0.551752318279482, 'f1_binary': 0.28648868410353706, 'pr_auc': 0.21941094658292187, 'precision_binary': 0.16960847240051347, 'recall_binary': 0.9215344376634699, 'roc_auc': 0.8658800798019813}
Saving model...
Model saved!
-------------------------------------------
-----------------------
Epoch 56/100
PILOT development {"rows": 18076, "predicted_positive": 6326, "positive_rate": 0.34996680681566716, "probability_min": 1.585639188072778e-29, "probability_max": 1.0, "scores": {"accuracy": 0.7039721177251604, "balanced_accuracy": 0.8070085056502714, "f1_macro": 0.5486865282867037, "f1_binary": 0.28395557339756455, "pr_auc": 0.20989130932882855, "precision_binary": 0.16772051849509959, "recall_binary": 0.9250217959895379, "roc_auc": 0.8606469050724852}}
Training statistic: Loss: 0.0075, train_score: {'accuracy': 0.99814, 'balanced_accuracy': 0.9984101215857988, 'f1_macro': 0.9979603510482183, 'f1_binary': 0.9973550240323086, 'pr_auc': 0.9999710115938372, 'precision_binary': 0.9954016463241555, 'recall_binary': 0.9993160834378206, 'roc_auc': 0.9999841817689812}
Validation statistic: Loss: 6.1886, dev_score: {'accuracy': 0.7039721177251604, 'balanced_accuracy': 0.8070085056502714, 'f1_macro': 0.5486865282867037, 'f1_binary': 0.28395557339756455, 'pr_auc': 0.20989130932882855, 'precision_binary': 0.16772051849509959, 'recall_binary': 0.9250217959895379, 'roc_auc': 0.8606469050724852}
-----------------------
Epoch 57/100
PILOT development {"rows": 18076, "predicted_positive": 6291, "positive_rate": 0.3480305377295862, "probability_min": 3.111773535553259e-30, "probability_max": 1.0, "scores": {"accuracy": 0.7057977428634654, "balanced_accuracy": 0.8075767798461629, "f1_macro": 0.549908516331417, "f1_binary": 0.28502285560634577, "pr_auc": 0.21510428266178408, "precision_binary": 0.16849467493244316, "recall_binary": 0.9241499564080209, "roc_auc": 0.8634822763289091}}
Training statistic: Loss: 0.0072, train_score: {'accuracy': 0.99849, 'balanced_accuracy': 0.9985946482970565, 'f1_macro': 0.9983434975808003, 'f1_binary': 0.9978508703263546, 'pr_auc': 0.9999713290954889, 'precision_binary': 0.9967585089141004, 'recall_binary': 0.9989456286333067, 'roc_auc': 0.9999843920640868}
Validation statistic: Loss: 6.0068, dev_score: {'accuracy': 0.7057977428634654, 'balanced_accuracy': 0.8075767798461629, 'f1_macro': 0.549908516331417, 'f1_binary': 0.28502285560634577, 'pr_auc': 0.21510428266178408, 'precision_binary': 0.16849467493244316, 'recall_binary': 0.9241499564080209, 'roc_auc': 0.8634822763289091}
-----------------------
Epoch 58/100
PILOT development {"rows": 18076, "predicted_positive": 6299, "positive_rate": 0.34847311352069044, "probability_min": 1.3365466313030244e-29, "probability_max": 1.0, "scores": {"accuracy": 0.7054658110201372, "balanced_accuracy": 0.8078059538161406, "f1_macro": 0.5497593869805796, "f1_binary": 0.28498522696749934, "pr_auc": 0.21583363893705382, "precision_binary": 0.16843943483092555, "recall_binary": 0.9250217959895379, "roc_auc": 0.8642184397702225}}
Training statistic: Loss: 0.0064, train_score: {'accuracy': 0.99841, 'balanced_accuracy': 0.9984937523053875, 'f1_macro': 0.9982556903346298, 'f1_binary': 0.9977368803108587, 'pr_auc': 0.9999776924518794, 'precision_binary': 0.9967012654628181, 'recall_binary': 0.9987746494927618, 'roc_auc': 0.9999878160547534}
Validation statistic: Loss: 5.9218, dev_score: {'accuracy': 0.7054658110201372, 'balanced_accuracy': 0.8078059538161406, 'f1_macro': 0.5497593869805796, 'f1_binary': 0.28498522696749934, 'pr_auc': 0.21583363893705382, 'precision_binary': 0.16843943483092555, 'recall_binary': 0.9250217959895379, 'roc_auc': 0.8642184397702225}
-----------------------
Epoch 59/100
PILOT development {"rows": 18076, "predicted_positive": 6257, "positive_rate": 0.34614959061739325, "probability_min": 2.432639855806364e-30, "probability_max": 1.0, "scores": {"accuracy": 0.7075680460278823, "balanced_accuracy": 0.8081155189248002, "f1_macro": 0.5510939637771151, "f1_binary": 0.2860615883306321, "pr_auc": 0.2092263290474323, "precision_binary": 0.16925043950775132, "recall_binary": 0.923278116826504, "roc_auc": 0.8606257386676177}}
Training statistic: Loss: 0.0062, train_score: {'accuracy': 0.99864, 'balanced_accuracy': 0.9984353043149479, 'f1_macro': 0.998507084830262, 'f1_binary': 0.9980616288019155, 'pr_auc': 0.9999801318273336, 'precision_binary': 0.9983746792130026, 'recall_binary': 0.9977487746494927, 'roc_auc': 0.9999891924120735}
Validation statistic: Loss: 6.2799, dev_score: {'accuracy': 0.7075680460278823, 'balanced_accuracy': 0.8081155189248002, 'f1_macro': 0.5510939637771151, 'f1_binary': 0.2860615883306321, 'pr_auc': 0.2092263290474323, 'precision_binary': 0.16925043950775132, 'recall_binary': 0.923278116826504, 'roc_auc': 0.8606257386676177}
-----------------------
Epoch 60/100
PILOT development {"rows": 18076, "predicted_positive": 6256, "positive_rate": 0.3460942686435052, "probability_min": 1.8566387164774504e-28, "probability_max": 1.0, "scores": {"accuracy": 0.7076233680017703, "balanced_accuracy": 0.8081450540420546, "f1_macro": 0.5511338742534276, "f1_binary": 0.2861002296366338, "pr_auc": 0.2103608356415316, "precision_binary": 0.1692774936061381, "recall_binary": 0.923278116826504, "roc_auc": 0.8611556455359513}}
Training statistic: Loss: 0.0071, train_score: {'accuracy': 0.99851, 'balanced_accuracy': 0.9983155274228295, 'f1_macro': 0.998364454694131, 'f1_binary': 0.9978765551739373, 'pr_auc': 0.9999769090693247, 'precision_binary': 0.9980899164694814, 'recall_binary': 0.9976632850792203, 'roc_auc': 0.9999873664885985}
Validation statistic: Loss: 6.0844, dev_score: {'accuracy': 0.7076233680017703, 'balanced_accuracy': 0.8081450540420546, 'f1_macro': 0.5511338742534276, 'f1_binary': 0.2861002296366338, 'pr_auc': 0.2103608356415316, 'precision_binary': 0.1692774936061381, 'recall_binary': 0.923278116826504, 'roc_auc': 0.8611556455359513}
-----------------------
Epoch 61/100
PILOT development {"rows": 18076, "predicted_positive": 6282, "positive_rate": 0.34753263996459394, "probability_min": 7.885832101971555e-29, "probability_max": 1.0, "scores": {"accuracy": 0.7062956406284576, "balanced_accuracy": 0.8078425959014527, "f1_macro": 0.550266849305878, "f1_binary": 0.285368151837394, "pr_auc": 0.2098642335833578, "precision_binary": 0.16873607131486787, "recall_binary": 0.9241499564080209, "roc_auc": 0.8606746119479567}}
Training statistic: Loss: 0.0062, train_score: {'accuracy': 0.99838, 'balanced_accuracy': 0.9984051921631544, 'f1_macro': 0.998222581587455, 'f1_binary': 0.9976936218678816, 'pr_auc': 0.9999772947040388, 'precision_binary': 0.9968988278138159, 'recall_binary': 0.9984896842585205, 'roc_auc': 0.9999875688811741}
Validation statistic: Loss: 6.1108, dev_score: {'accuracy': 0.7062956406284576, 'balanced_accuracy': 0.8078425959014527, 'f1_macro': 0.550266849305878, 'f1_binary': 0.285368151837394, 'pr_auc': 0.2098642335833578, 'precision_binary': 0.16873607131486787, 'recall_binary': 0.9241499564080209, 'roc_auc': 0.8606746119479567}
-----------------------
Epoch 62/100
PILOT development {"rows": 18076, "predicted_positive": 6212, "positive_rate": 0.34366010179243195, "probability_min": 1.33297237616014e-29, "probability_max": 1.0, "scores": {"accuracy": 0.7098362469572914, "balanced_accuracy": 0.8085136893852231, "f1_macro": 0.5525524803147245, "f1_binary": 0.2872672917515967, "pr_auc": 0.21381403043743935, "precision_binary": 0.1701545396007727, "recall_binary": 0.9215344376634699, "roc_auc": 0.8631460600900329}}
Training statistic: Loss: 0.0073, train_score: {'accuracy': 0.99849, 'balanced_accuracy': 0.9981888551341975, 'f1_macro': 0.9983421534486296, 'f1_binary': 0.997847070732994, 'pr_auc': 0.9999746936692461, 'precision_binary': 0.9985161934655443, 'recall_binary': 0.9971788441810099, 'roc_auc': 0.9999861934019129}
Validation statistic: Loss: 5.9498, dev_score: {'accuracy': 0.7098362469572914, 'balanced_accuracy': 0.8085136893852231, 'f1_macro': 0.5525524803147245, 'f1_binary': 0.2872672917515967, 'pr_auc': 0.21381403043743935, 'precision_binary': 0.1701545396007727, 'recall_binary': 0.9215344376634699, 'roc_auc': 0.8631460600900329}
Saving model...
Model saved!
-------------------------------------------
-----------------------
Epoch 63/100
PILOT development {"rows": 18076, "predicted_positive": 6268, "positive_rate": 0.34675813233016156, "probability_min": 7.150697179220412e-28, "probability_max": 1.0, "scores": {"accuracy": 0.706848860367338, "balanced_accuracy": 0.8073251777269888, "f1_macro": 0.550485537791975, "f1_binary": 0.2853674983142279, "pr_auc": 0.2119502290857858, "precision_binary": 0.16879387364390555, "recall_binary": 0.9224062772449869, "roc_auc": 0.8621228111890251}}
Training statistic: Loss: 0.0064, train_score: {'accuracy': 0.99847, 'balanced_accuracy': 0.9984156156003137, 'f1_macro': 0.9983210308848507, 'f1_binary': 0.9978209163545212, 'pr_auc': 0.9999752001093998, 'precision_binary': 0.9974089576037128, 'recall_binary': 0.9982332155477032, 'roc_auc': 0.999986340476778}
Validation statistic: Loss: 6.0488, dev_score: {'accuracy': 0.706848860367338, 'balanced_accuracy': 0.8073251777269888, 'f1_macro': 0.550485537791975, 'f1_binary': 0.2853674983142279, 'pr_auc': 0.2119502290857858, 'precision_binary': 0.16879387364390555, 'recall_binary': 0.9224062772449869, 'roc_auc': 0.8621228111890251}
-----------------------
Epoch 64/100
PILOT development {"rows": 18076, "predicted_positive": 6267, "positive_rate": 0.34670281035627354, "probability_min": 1.3038834612993245e-29, "probability_max": 1.0, "scores": {"accuracy": 0.707014826289002, "balanced_accuracy": 0.8078201677522561, "f1_macro": 0.5506950668592127, "f1_binary": 0.28567574858376044, "pr_auc": 0.21074142899437537, "precision_binary": 0.16898037338439445, "recall_binary": 0.923278116826504, "roc_auc": 0.861524126379814}}
Training statistic: Loss: 0.0061, train_score: {'accuracy': 0.99873, 'balanced_accuracy': 0.9986420792825228, 'f1_macro': 0.9986061818321569, 'f1_binary': 0.9981907543272313, 'pr_auc': 0.9999811031422795, 'precision_binary': 0.9980343560379454, 'recall_binary': 0.9983472016413998, 'roc_auc': 0.9999897411988837}
Validation statistic: Loss: 6.1757, dev_score: {'accuracy': 0.707014826289002, 'balanced_accuracy': 0.8078201677522561, 'f1_macro': 0.5506950668592127, 'f1_binary': 0.28567574858376044, 'pr_auc': 0.21074142899437537, 'precision_binary': 0.16898037338439445, 'recall_binary': 0.923278116826504, 'roc_auc': 0.861524126379814}
-----------------------
Epoch 65/100
PILOT development {"rows": 18076, "predicted_positive": 6304, "positive_rate": 0.34874972339013055, "probability_min": 4.997375842266609e-31, "probability_max": 1.0, "scores": {"accuracy": 0.705189201150697, "balanced_accuracy": 0.8076582782298685, "f1_macro": 0.5495605071585516, "f1_binary": 0.2847939873842437, "pr_auc": 0.2147254736041828, "precision_binary": 0.16830583756345177, "recall_binary": 0.9250217959895379, "roc_auc": 0.864135885641262}}
Training statistic: Loss: 0.0060, train_score: {'accuracy': 0.99829, 'balanced_accuracy': 0.9984209489300504, 'f1_macro': 0.9981242645914012, 'f1_binary': 0.9975667022411953, 'pr_auc': 0.9999786627270578, 'precision_binary': 0.996276610863201, 'recall_binary': 0.9988601390630343, 'roc_auc': 0.9999883709879758}
Validation statistic: Loss: 5.9533, dev_score: {'accuracy': 0.705189201150697, 'balanced_accuracy': 0.8076582782298685, 'f1_macro': 0.5495605071585516, 'f1_binary': 0.2847939873842437, 'pr_auc': 0.2147254736041828, 'precision_binary': 0.16830583756345177, 'recall_binary': 0.9250217959895379, 'roc_auc': 0.864135885641262}
-----------------------
Epoch 66/100
PILOT development {"rows": 18076, "predicted_positive": 6354, "positive_rate": 0.35151582208453197, "probability_min": 3.051510555103953e-34, "probability_max": 1.0, "scores": {"accuracy": 0.7025337464040717, "balanced_accuracy": 0.8066469772751607, "f1_macro": 0.5477449562400789, "f1_binary": 0.28316224503399545, "pr_auc": 0.20992934847744202, "precision_binary": 0.1671388101983003, "recall_binary": 0.925893635571055, "roc_auc": 0.8610189909001453}}
Training statistic: Loss: 0.0080, train_score: {'accuracy': 0.99717, 'balanced_accuracy': 0.9977152705561825, 'f1_macro': 0.9968989396567928, 'f1_binary': 0.9959821111663235, 'pr_auc': 0.9999736548576497, 'precision_binary': 0.9924454630336983, 'recall_binary': 0.9995440556252138, 'roc_auc': 0.9999858669835181}
Validation statistic: Loss: 6.3440, dev_score: {'accuracy': 0.7025337464040717, 'balanced_accuracy': 0.8066469772751607, 'f1_macro': 0.5477449562400789, 'f1_binary': 0.28316224503399545, 'pr_auc': 0.20992934847744202, 'precision_binary': 0.1671388101983003, 'recall_binary': 0.925893635571055, 'roc_auc': 0.8610189909001453}
-----------------------
Epoch 67/100
PILOT development {"rows": 18076, "predicted_positive": 6298, "positive_rate": 0.3484177915468024, "probability_min": 1.2259683150050703e-31, "probability_max": 1.0, "scores": {"accuracy": 0.7057424208895774, "balanced_accuracy": 0.8087663987494208, "f1_macro": 0.5501374801282488, "f1_binary": 0.2855607790463398, "pr_auc": 0.20818412975172076, "precision_binary": 0.1687837408701175, "recall_binary": 0.9267654751525719, "roc_auc": 0.8599622928994746}}
Training statistic: Loss: 0.0067, train_score: {'accuracy': 0.99855, 'balanced_accuracy': 0.9985885071531349, 'f1_macro': 0.9984090904141885, 'f1_binary': 0.997935619812355, 'pr_auc': 0.9999800772111118, 'precision_binary': 0.9971548069536518, 'recall_binary': 0.9987176564459136, 'roc_auc': 0.9999891125087139}
Validation statistic: Loss: 6.4102, dev_score: {'accuracy': 0.7057424208895774, 'balanced_accuracy': 0.8087663987494208, 'f1_macro': 0.5501374801282488, 'f1_binary': 0.2855607790463398, 'pr_auc': 0.20818412975172076, 'precision_binary': 0.1687837408701175, 'recall_binary': 0.9267654751525719, 'roc_auc': 0.8599622928994746}
-----------------------
Epoch 68/100
PILOT development {"rows": 18076, "predicted_positive": 6264, "positive_rate": 0.3465368444346094, "probability_min": 8.683710609919871e-31, "probability_max": 1.0, "scores": {"accuracy": 0.7071807922106661, "balanced_accuracy": 0.8079087731040193, "f1_macro": 0.5508146963183035, "f1_binary": 0.28579139117527996, "pr_auc": 0.20996302663776698, "precision_binary": 0.16906130268199235, "recall_binary": 0.923278116826504, "roc_auc": 0.8610039014679649}}
Training statistic: Loss: 0.0065, train_score: {'accuracy': 0.99861, 'balanced_accuracy': 0.9985430957031303, 'f1_macro': 0.9984745822563259, 'f1_binary': 0.9980200840395983, 'pr_auc': 0.9999775011899521, 'precision_binary': 0.997721641557258, 'recall_binary': 0.9983187051179756, 'roc_auc': 0.9999876426381213}
Validation statistic: Loss: 6.3722, dev_score: {'accuracy': 0.7071807922106661, 'balanced_accuracy': 0.8079087731040193, 'f1_macro': 0.5508146963183035, 'f1_binary': 0.28579139117527996, 'pr_auc': 0.20996302663776698, 'precision_binary': 0.16906130268199235, 'recall_binary': 0.923278116826504, 'roc_auc': 0.8610039014679649}
-----------------------
Epoch 69/100
PILOT development {"rows": 18076, "predicted_positive": 6226, "positive_rate": 0.3444346094268643, "probability_min": 2.836243678251591e-30, "probability_max": 1.0, "scores": {"accuracy": 0.7089510953750829, "balanced_accuracy": 0.8076347428356483, "f1_macro": 0.5518218275248898, "f1_binary": 0.28645056286450565, "pr_auc": 0.20686037622265688, "precision_binary": 0.1696113074204947, "recall_binary": 0.9206625980819529, "roc_auc": 0.8586029307591277}}
Training statistic: Loss: 0.0087, train_score: {'accuracy': 0.99847, 'balanced_accuracy': 0.9981341784067179, 'f1_macro': 0.9983200850391927, 'f1_binary': 0.9978182440429506, 'pr_auc': 0.9999772085312028, 'precision_binary': 0.9986299414870844, 'recall_binary': 0.997007865040465, 'roc_auc': 0.9999875640518501}
Validation statistic: Loss: 6.4951, dev_score: {'accuracy': 0.7089510953750829, 'balanced_accuracy': 0.8076347428356483, 'f1_macro': 0.5518218275248898, 'f1_binary': 0.28645056286450565, 'pr_auc': 0.20686037622265688, 'precision_binary': 0.1696113074204947, 'recall_binary': 0.9206625980819529, 'roc_auc': 0.8586029307591277}
-----------------------
Epoch 70/100
PILOT development {"rows": 18076, "predicted_positive": 6237, "positive_rate": 0.3450431511396327, "probability_min": 3.8236487296513473e-31, "probability_max": 1.0, "scores": {"accuracy": 0.7084531976100907, "balanced_accuracy": 0.8077753114538626, "f1_macro": 0.5515525180259274, "f1_binary": 0.2862946912242687, "pr_auc": 0.21293346906070068, "precision_binary": 0.16947250280583614, "recall_binary": 0.9215344376634699, "roc_auc": 0.8623635211071543}}
Training statistic: Loss: 0.0081, train_score: {'accuracy': 0.99847, 'balanced_accuracy': 0.9982192640698981, 'f1_macro': 0.9983203713925484, 'f1_binary': 0.9978190526420823, 'pr_auc': 0.9999754260138007, 'precision_binary': 0.9982601751233564, 'recall_binary': 0.9973783198449789, 'roc_auc': 0.9999865371619707}
Validation statistic: Loss: 6.0861, dev_score: {'accuracy': 0.7084531976100907, 'balanced_accuracy': 0.8077753114538626, 'f1_macro': 0.5515525180259274, 'f1_binary': 0.2862946912242687, 'pr_auc': 0.21293346906070068, 'precision_binary': 0.16947250280583614, 'recall_binary': 0.9215344376634699, 'roc_auc': 0.8623635211071543}
-----------------------
Epoch 71/100
PILOT development {"rows": 18076, "predicted_positive": 6264, "positive_rate": 0.3465368444346094, "probability_min": 7.805879640590207e-32, "probability_max": 1.0, "scores": {"accuracy": 0.7071807922106661, "balanced_accuracy": 0.8079087731040193, "f1_macro": 0.5508146963183035, "f1_binary": 0.28579139117527996, "pr_auc": 0.21116532571622704, "precision_binary": 0.16906130268199235, "recall_binary": 0.923278116826504, "roc_auc": 0.8615675149348041}}
Training statistic: Loss: 0.0072, train_score: {'accuracy': 0.99868, 'balanced_accuracy': 0.9985053874638239, 'f1_macro': 0.9985510700232623, 'f1_binary': 0.9981188542112014, 'pr_auc': 0.9999812459169692, 'precision_binary': 0.9983180340954444, 'recall_binary': 0.9979197537900376, 'roc_auc': 0.999989768857739}
Validation statistic: Loss: 6.2088, dev_score: {'accuracy': 0.7071807922106661, 'balanced_accuracy': 0.8079087731040193, 'f1_macro': 0.5508146963183035, 'f1_binary': 0.28579139117527996, 'pr_auc': 0.21116532571622704, 'precision_binary': 0.16906130268199235, 'recall_binary': 0.923278116826504, 'roc_auc': 0.8615675149348041}
-----------------------
Epoch 72/100
PILOT development {"rows": 18076, "predicted_positive": 6163, "positive_rate": 0.34094932507191855, "probability_min": 2.877368312850278e-32, "probability_max": 1.0, "scores": {"accuracy": 0.7124363797300287, "balanced_accuracy": 0.8094954552226765, "f1_macro": 0.5543480015796237, "f1_binary": 0.28891928864569083, "pr_auc": 0.21693378558535548, "precision_binary": 0.17134512412785982, "recall_binary": 0.9206625980819529, "roc_auc": 0.8651932531389237}}
Training statistic: Loss: 0.0093, train_score: {'accuracy': 0.99774, 'balanced_accuracy': 0.9968977037713213, 'f1_macro': 0.9975163852537672, 'f1_binary': 0.9967711518130126, 'pr_auc': 0.9999852310168618, 'precision_binary': 0.999484270242393, 'recall_binary': 0.9940727231277784, 'roc_auc': 0.9999919877125703}
Validation statistic: Loss: 5.8376, dev_score: {'accuracy': 0.7124363797300287, 'balanced_accuracy': 0.8094954552226765, 'f1_macro': 0.5543480015796237, 'f1_binary': 0.28891928864569083, 'pr_auc': 0.21693378558535548, 'precision_binary': 0.17134512412785982, 'recall_binary': 0.9206625980819529, 'roc_auc': 0.8651932531389237}
Saving model...
Model saved!
-------------------------------------------
-----------------------
Epoch 73/100
PILOT development {"rows": 18076, "predicted_positive": 6233, "positive_rate": 0.34482186324408054, "probability_min": 1.0062810625728312e-27, "probability_max": 1.0, "scores": {"accuracy": 0.7086744855056428, "balanced_accuracy": 0.8078934519228803, "f1_macro": 0.5517123505726924, "f1_binary": 0.286449864498645, "pr_auc": 0.21129987437404918, "precision_binary": 0.1695812610300016, "recall_binary": 0.9215344376634699, "roc_auc": 0.8617872386972557}}
Training statistic: Loss: 0.0063, train_score: {'accuracy': 0.99879, 'balanced_accuracy': 0.9985704876284627, 'f1_macro': 0.9986716662646951, 'f1_binary': 0.9982751984947187, 'pr_auc': 0.9999844534609703, 'precision_binary': 0.9987165226319843, 'recall_binary': 0.9978342642197652, 'roc_auc': 0.9999915653662411}
Validation statistic: Loss: 6.0609, dev_score: {'accuracy': 0.7086744855056428, 'balanced_accuracy': 0.8078934519228803, 'f1_macro': 0.5517123505726924, 'f1_binary': 0.286449864498645, 'pr_auc': 0.21129987437404918, 'precision_binary': 0.1695812610300016, 'recall_binary': 0.9215344376634699, 'roc_auc': 0.8617872386972557}
-----------------------
Epoch 74/100
PILOT development {"rows": 18076, "predicted_positive": 6283, "positive_rate": 0.34758796193848196, "probability_min": 8.452935866254575e-30, "probability_max": 1.0, "scores": {"accuracy": 0.7062403186545696, "balanced_accuracy": 0.8078130607841982, "f1_macro": 0.5502270196227389, "f1_binary": 0.2853297442799462, "pr_auc": 0.209059897317244, "precision_binary": 0.16870921534298902, "recall_binary": 0.9241499564080209, "roc_auc": 0.8606506388057039}}
Training statistic: Loss: 0.0054, train_score: {'accuracy': 0.99874, 'balanced_accuracy': 0.9987479582584288, 'f1_macro': 0.9986174189578922, 'f1_binary': 0.9982057416267942, 'pr_auc': 0.9999845091899082, 'precision_binary': 0.9976374814983491, 'recall_binary': 0.9987746494927618, 'roc_auc': 0.9999915420976803}
Validation statistic: Loss: 6.2195, dev_score: {'accuracy': 0.7062403186545696, 'balanced_accuracy': 0.8078130607841982, 'f1_macro': 0.5502270196227389, 'f1_binary': 0.2853297442799462, 'pr_auc': 0.209059897317244, 'precision_binary': 0.16870921534298902, 'recall_binary': 0.9241499564080209, 'roc_auc': 0.8606506388057039}
-----------------------
Epoch 75/100
PILOT development {"rows": 18076, "predicted_positive": 6288, "positive_rate": 0.34786457180792213, "probability_min": 1.0988838574961466e-31, "probability_max": 1.0, "scores": {"accuracy": 0.7059637087851295, "balanced_accuracy": 0.8076653851979262, "f1_macro": 0.5500279271462939, "f1_binary": 0.285137861466039, "pr_auc": 0.20837875673307032, "precision_binary": 0.16857506361323155, "recall_binary": 0.9241499564080209, "roc_auc": 0.8598880044833639}}
Training statistic: Loss: 0.0066, train_score: {'accuracy': 0.99843, 'balanced_accuracy': 0.9984895235737423, 'f1_macro': 0.9982775413997069, 'f1_binary': 0.9977650927415337, 'pr_auc': 0.9999753455930954, 'precision_binary': 0.9968427340216742, 'recall_binary': 0.9986891599224894, 'roc_auc': 0.9999865823820039}
Validation statistic: Loss: 6.3826, dev_score: {'accuracy': 0.7059637087851295, 'balanced_accuracy': 0.8076653851979262, 'f1_macro': 0.5500279271462939, 'f1_binary': 0.285137861466039, 'pr_auc': 0.20837875673307032, 'precision_binary': 0.16857506361323155, 'recall_binary': 0.9241499564080209, 'roc_auc': 0.8598880044833639}
-----------------------
Epoch 76/100
PILOT development {"rows": 18076, "predicted_positive": 6276, "positive_rate": 0.34720070812126574, "probability_min": 9.77285490897228e-32, "probability_max": 1.0, "scores": {"accuracy": 0.7067382164195618, "balanced_accuracy": 0.8084852615129922, "f1_macro": 0.5506754303632602, "f1_binary": 0.2858682473393507, "pr_auc": 0.2082387113094029, "precision_binary": 0.16905672402804334, "recall_binary": 0.9250217959895379, "roc_auc": 0.8597782327267329}}
Training statistic: Loss: 0.0070, train_score: {'accuracy': 0.99867, 'balanced_accuracy': 0.998569679814278, 'f1_macro': 0.9985403130552682, 'f1_binary': 0.998105224167652, 'pr_auc': 0.9999801988259895, 'precision_binary': 0.9979772656049685, 'recall_binary': 0.9982332155477032, 'roc_auc': 0.999989195924309}
Validation statistic: Loss: 6.4462, dev_score: {'accuracy': 0.7067382164195618, 'balanced_accuracy': 0.8084852615129922, 'f1_macro': 0.5506754303632602, 'f1_binary': 0.2858682473393507, 'pr_auc': 0.2082387113094029, 'precision_binary': 0.16905672402804334, 'recall_binary': 0.9250217959895379, 'roc_auc': 0.8597782327267329}
-----------------------
Epoch 77/100
PILOT development {"rows": 18076, "predicted_positive": 6241, "positive_rate": 0.3452644390351848, "probability_min": 1.5556923645208905e-31, "probability_max": 1.0, "scores": {"accuracy": 0.7084531976100907, "balanced_accuracy": 0.8085880808008709, "f1_macro": 0.5517329872350665, "f1_binary": 0.2866811044937737, "pr_auc": 0.20727240462649424, "precision_binary": 0.16968434545745875, "recall_binary": 0.923278116826504, "roc_auc": 0.8588924624578275}}
Training statistic: Loss: 0.0062, train_score: {'accuracy': 0.99845, 'balanced_accuracy': 0.998230037852557, 'f1_macro': 0.9982985269450593, 'f1_binary': 0.9977908584296566, 'pr_auc': 0.9999761158609726, 'precision_binary': 0.998089589689487, 'recall_binary': 0.9974923059386754, 'roc_auc': 0.9999869309713857}
Validation statistic: Loss: 6.3499, dev_score: {'accuracy': 0.7084531976100907, 'balanced_accuracy': 0.8085880808008709, 'f1_macro': 0.5517329872350665, 'f1_binary': 0.2866811044937737, 'pr_auc': 0.20727240462649424, 'precision_binary': 0.16968434545745875, 'recall_binary': 0.923278116826504, 'roc_auc': 0.8588924624578275}
-----------------------
Epoch 78/100
PILOT development {"rows": 18076, "predicted_positive": 6245, "positive_rate": 0.34548572693073687, "probability_min": 1.1776357488811805e-31, "probability_max": 1.0, "scores": {"accuracy": 0.7083425536623147, "balanced_accuracy": 0.8089353952398661, "f1_macro": 0.5517431919031363, "f1_binary": 0.28679653679653677, "pr_auc": 0.20912416842419176, "precision_binary": 0.16973578863090472, "recall_binary": 0.9241499564080209, "roc_auc": 0.8600850168478918}}
Training statistic: Loss: 0.0066, train_score: {'accuracy': 0.99864, 'balanced_accuracy': 0.9984025790598786, 'f1_macro': 0.9985069870092202, 'f1_binary': 0.9980613524917322, 'pr_auc': 0.9999807608340627, 'precision_binary': 0.9985168282943525, 'recall_binary': 0.997606292032372, 'roc_auc': 0.999989501488805}
Validation statistic: Loss: 6.3076, dev_score: {'accuracy': 0.7083425536623147, 'balanced_accuracy': 0.8089353952398661, 'f1_macro': 0.5517431919031363, 'f1_binary': 0.28679653679653677, 'pr_auc': 0.20912416842419176, 'precision_binary': 0.16973578863090472, 'recall_binary': 0.9241499564080209, 'roc_auc': 0.8600850168478918}
-----------------------
Epoch 79/100
PILOT development {"rows": 18076, "predicted_positive": 6304, "positive_rate": 0.34874972339013055, "probability_min": 7.242405012930322e-31, "probability_max": 1.0, "scores": {"accuracy": 0.705078557202921, "balanced_accuracy": 0.8071928233218555, "f1_macro": 0.5493914549938522, "f1_binary": 0.2845255670379815, "pr_auc": 0.20528103074263737, "precision_binary": 0.1681472081218274, "recall_binary": 0.9241499564080209, "roc_auc": 0.8575324050706055}}
Training statistic: Loss: 0.0059, train_score: {'accuracy': 0.99853, 'balanced_accuracy': 0.9985731007317384, 'f1_macro': 0.9983871678986027, 'f1_binary': 0.9979072051935479, 'pr_auc': 0.9999810085956083, 'precision_binary': 0.9970980682238471, 'recall_binary': 0.9987176564459136, 'roc_auc': 0.9999897082716752}
Validation statistic: Loss: 6.6197, dev_score: {'accuracy': 0.705078557202921, 'balanced_accuracy': 0.8071928233218555, 'f1_macro': 0.5493914549938522, 'f1_binary': 0.2845255670379815, 'pr_auc': 0.20528103074263737, 'precision_binary': 0.1681472081218274, 'recall_binary': 0.9241499564080209, 'roc_auc': 0.8575324050706055}
-----------------------
Epoch 80/100
PILOT development {"rows": 18076, "predicted_positive": 6299, "positive_rate": 0.34847311352069044, "probability_min": 1.7236300114730095e-32, "probability_max": 1.0, "scores": {"accuracy": 0.7054658110201372, "balanced_accuracy": 0.8078059538161406, "f1_macro": 0.5497593869805796, "f1_binary": 0.28498522696749934, "pr_auc": 0.20764515427234087, "precision_binary": 0.16843943483092555, "recall_binary": 0.9250217959895379, "roc_auc": 0.8591271211531539}}
Training statistic: Loss: 0.0060, train_score: {'accuracy': 0.99813, 'balanced_accuracy': 0.9983958733240867, 'f1_macro': 0.9979493718460954, 'f1_binary': 0.9973407659162982, 'pr_auc': 0.9999813787399565, 'precision_binary': 0.9954015157966448, 'recall_binary': 0.9992875869143965, 'roc_auc': 0.9999898900298668}
Validation statistic: Loss: 6.3742, dev_score: {'accuracy': 0.7054658110201372, 'balanced_accuracy': 0.8078059538161406, 'f1_macro': 0.5497593869805796, 'f1_binary': 0.28498522696749934, 'pr_auc': 0.20764515427234087, 'precision_binary': 0.16843943483092555, 'recall_binary': 0.9250217959895379, 'roc_auc': 0.8591271211531539}
-----------------------
Epoch 81/100
PILOT development {"rows": 18076, "predicted_positive": 6256, "positive_rate": 0.3460942686435052, "probability_min": 5.7206523441524185e-31, "probability_max": 1.0, "scores": {"accuracy": 0.7076233680017703, "balanced_accuracy": 0.8081450540420546, "f1_macro": 0.5511338742534276, "f1_binary": 0.2861002296366338, "pr_auc": 0.21007783672198002, "precision_binary": 0.1692774936061381, "recall_binary": 0.923278116826504, "roc_auc": 0.8605741873993147}}
Training statistic: Loss: 0.0058, train_score: {'accuracy': 0.99868, 'balanced_accuracy': 0.9986297434330871, 'f1_macro': 0.9985514302724483, 'f1_binary': 0.9981198723792161, 'pr_auc': 0.9999807084431068, 'precision_binary': 0.9977787902950223, 'recall_binary': 0.9984611877350963, 'roc_auc': 0.9999895440746615}
Validation statistic: Loss: 6.2276, dev_score: {'accuracy': 0.7076233680017703, 'balanced_accuracy': 0.8081450540420546, 'f1_macro': 0.5511338742534276, 'f1_binary': 0.2861002296366338, 'pr_auc': 0.21007783672198002, 'precision_binary': 0.1692774936061381, 'recall_binary': 0.923278116826504, 'roc_auc': 0.8605741873993147}
-----------------------
Epoch 82/100
PILOT development {"rows": 18076, "predicted_positive": 6285, "positive_rate": 0.347698605886258, "probability_min": 1.8506246906008892e-32, "probability_max": 1.0, "scores": {"accuracy": 0.7060190307590175, "balanced_accuracy": 0.8072885356416766, "f1_macro": 0.5499779992264123, "f1_binary": 0.284983853606028, "pr_auc": 0.207868539973317, "precision_binary": 0.1684964200477327, "recall_binary": 0.923278116826504, "roc_auc": 0.8593369569600469}}
Training statistic: Loss: 0.0059, train_score: {'accuracy': 0.99829, 'balanced_accuracy': 0.998309683062815, 'f1_macro': 0.998123848371844, 'f1_binary': 0.9975655244088211, 'pr_auc': 0.9999792197618445, 'precision_binary': 0.9967566644854761, 'recall_binary': 0.9983756981648239, 'roc_auc': 0.9999886730402363}
Validation statistic: Loss: 6.4608, dev_score: {'accuracy': 0.7060190307590175, 'balanced_accuracy': 0.8072885356416766, 'f1_macro': 0.5499779992264123, 'f1_binary': 0.284983853606028, 'pr_auc': 0.207868539973317, 'precision_binary': 0.1684964200477327, 'recall_binary': 0.923278116826504, 'roc_auc': 0.8593369569600469}
-----------------------
Epoch 83/100
PILOT development {"rows": 18076, "predicted_positive": 6322, "positive_rate": 0.3497455189201151, "probability_min": 1.233158079265081e-32, "probability_max": 1.0, "scores": {"accuracy": 0.7041934056207125, "balanced_accuracy": 0.807126646119289, "f1_macro": 0.5488453017396309, "f1_binary": 0.2841076449323872, "pr_auc": 0.20693658768791004, "precision_binary": 0.16782663714014553, "recall_binary": 0.9250217959895379, "roc_auc": 0.8589162296010061}}
Training statistic: Loss: 0.0061, train_score: {'accuracy': 0.99828, 'balanced_accuracy': 0.9985703269436847, 'f1_macro': 0.9981138975643802, 'f1_binary': 0.9975541778055855, 'pr_auc': 0.999984012702883, 'precision_binary': 0.9955722070844687, 'recall_binary': 0.9995440556252138, 'roc_auc': 0.9999913168755733}
Validation statistic: Loss: 6.6079, dev_score: {'accuracy': 0.7041934056207125, 'balanced_accuracy': 0.807126646119289, 'f1_macro': 0.5488453017396309, 'f1_binary': 0.2841076449323872, 'pr_auc': 0.20693658768791004, 'precision_binary': 0.16782663714014553, 'recall_binary': 0.9250217959895379, 'roc_auc': 0.8589162296010061}
-----------------------
Epoch 84/100
PILOT development {"rows": 18076, "predicted_positive": 6268, "positive_rate": 0.34675813233016156, "probability_min": 1.3631082450645156e-32, "probability_max": 1.0, "scores": {"accuracy": 0.706848860367338, "balanced_accuracy": 0.8073251777269888, "f1_macro": 0.550485537791975, "f1_binary": 0.2853674983142279, "pr_auc": 0.2111345371861734, "precision_binary": 0.16879387364390555, "recall_binary": 0.9224062772449869, "roc_auc": 0.8613408387036005}}
Training statistic: Loss: 0.0060, train_score: {'accuracy': 0.99861, 'balanced_accuracy': 0.9986216363152965, 'f1_macro': 0.9984748215351893, 'f1_binary': 0.9980207606544305, 'pr_auc': 0.9999836752814372, 'precision_binary': 0.9973816774340439, 'recall_binary': 0.9986606633990653, 'roc_auc': 0.9999911346783524}
Validation statistic: Loss: 6.3019, dev_score: {'accuracy': 0.706848860367338, 'balanced_accuracy': 0.8073251777269888, 'f1_macro': 0.550485537791975, 'f1_binary': 0.2853674983142279, 'pr_auc': 0.2111345371861734, 'precision_binary': 0.16879387364390555, 'recall_binary': 0.9224062772449869, 'roc_auc': 0.8613408387036005}
-----------------------
Epoch 85/100
PILOT development {"rows": 18076, "predicted_positive": 6252, "positive_rate": 0.3458729807479531, "probability_min": 1.9097131769715968e-31, "probability_max": 1.0, "scores": {"accuracy": 0.7077340119495463, "balanced_accuracy": 0.8077977396030593, "f1_macro": 0.5511236216831629, "f1_binary": 0.2859845925125017, "pr_auc": 0.20666260690213503, "precision_binary": 0.1692258477287268, "recall_binary": 0.9224062772449869, "roc_auc": 0.858508608933057}}
Training statistic: Loss: 0.0055, train_score: {'accuracy': 0.99867, 'balanced_accuracy': 0.9985173194061672, 'f1_macro': 0.9985401601937824, 'f1_binary': 0.9981047921683742, 'pr_auc': 0.999985792284658, 'precision_binary': 0.9982043608379649, 'recall_binary': 0.99800524336031, 'roc_auc': 0.9999923082040675}
Validation statistic: Loss: 6.6714, dev_score: {'accuracy': 0.7077340119495463, 'balanced_accuracy': 0.8077977396030593, 'f1_macro': 0.5511236216831629, 'f1_binary': 0.2859845925125017, 'pr_auc': 0.20666260690213503, 'precision_binary': 0.1692258477287268, 'recall_binary': 0.9224062772449869, 'roc_auc': 0.858508608933057}
-----------------------
Epoch 86/100
PILOT development {"rows": 18076, "predicted_positive": 6245, "positive_rate": 0.34548572693073687, "probability_min": 6.970822559698264e-32, "probability_max": 1.0, "scores": {"accuracy": 0.7082319097145386, "balanced_accuracy": 0.8084699403318532, "f1_macro": 0.5515731400032513, "f1_binary": 0.286525974025974, "pr_auc": 0.20542982605747484, "precision_binary": 0.16957566052842274, "recall_binary": 0.923278116826504, "roc_auc": 0.857705676041839}}
Training statistic: Loss: 0.0051, train_score: {'accuracy': 0.99881, 'balanced_accuracy': 0.9985989841518869, 'f1_macro': 0.9986936393152805, 'f1_binary': 0.998303755968926, 'pr_auc': 0.9999853943279216, 'precision_binary': 0.9987165958417705, 'recall_binary': 0.9978912572666134, 'roc_auc': 0.999992057079223}
Validation statistic: Loss: 6.7120, dev_score: {'accuracy': 0.7082319097145386, 'balanced_accuracy': 0.8084699403318532, 'f1_macro': 0.5515731400032513, 'f1_binary': 0.286525974025974, 'pr_auc': 0.20542982605747484, 'precision_binary': 0.16957566052842274, 'recall_binary': 0.923278116826504, 'roc_auc': 0.857705676041839}
-----------------------
Epoch 87/100
PILOT development {"rows": 18076, "predicted_positive": 6328, "positive_rate": 0.35007745076344327, "probability_min": 5.630876801743553e-35, "probability_max": 1.0, "scores": {"accuracy": 0.7037508298296083, "balanced_accuracy": 0.8064839805077496, "f1_macro": 0.5484385130054815, "f1_binary": 0.2836120401337793, "pr_auc": 0.20257807809925932, "precision_binary": 0.1675094816687737, "recall_binary": 0.9241499564080209, "roc_auc": 0.8559432767129429}}
Training statistic: Loss: 0.0058, train_score: {'accuracy': 0.99806, 'balanced_accuracy': 0.9984008563083239, 'f1_macro': 0.9978729563500018, 'f1_binary': 0.9972422028260314, 'pr_auc': 0.9999866787071162, 'precision_binary': 0.9949509275543201, 'recall_binary': 0.9995440556252138, 'roc_auc': 0.9999927709411058}
Validation statistic: Loss: 6.8581, dev_score: {'accuracy': 0.7037508298296083, 'balanced_accuracy': 0.8064839805077496, 'f1_macro': 0.5484385130054815, 'f1_binary': 0.2836120401337793, 'pr_auc': 0.20257807809925932, 'precision_binary': 0.1675094816687737, 'recall_binary': 0.9241499564080209, 'roc_auc': 0.8559432767129429}
-----------------------
Epoch 88/100
PILOT development {"rows": 18076, "predicted_positive": 6264, "positive_rate": 0.3465368444346094, "probability_min": 1.620602449929847e-33, "probability_max": 1.0, "scores": {"accuracy": 0.706959504315114, "balanced_accuracy": 0.8069778632879934, "f1_macro": 0.5504752402036753, "f1_binary": 0.28525165294832006, "pr_auc": 0.20753575011923936, "precision_binary": 0.1687420178799489, "recall_binary": 0.9215344376634699, "roc_auc": 0.8595696071644008}}
Training statistic: Loss: 0.0068, train_score: {'accuracy': 0.99889, 'balanced_accuracy': 0.9988111460107912, 'f1_macro': 0.9987817650310885, 'f1_binary': 0.998418645733905, 'pr_auc': 0.999984867550834, 'precision_binary': 0.9982906469901143, 'recall_binary': 0.9985466773053687, 'roc_auc': 0.9999917488805505}
Validation statistic: Loss: 6.3424, dev_score: {'accuracy': 0.706959504315114, 'balanced_accuracy': 0.8069778632879934, 'f1_macro': 0.5504752402036753, 'f1_binary': 0.28525165294832006, 'pr_auc': 0.20753575011923936, 'precision_binary': 0.1687420178799489, 'recall_binary': 0.9215344376634699, 'roc_auc': 0.8595696071644008}
-----------------------
Epoch 89/100
PILOT development {"rows": 18076, "predicted_positive": 6281, "positive_rate": 0.3474773179907059, "probability_min": 2.995618553787238e-34, "probability_max": 1.0, "scores": {"accuracy": 0.7062403186545696, "balanced_accuracy": 0.8074066761106942, "f1_macro": 0.5501372428903324, "f1_binary": 0.2851373182552504, "pr_auc": 0.2034488393758337, "precision_binary": 0.16860372552141378, "recall_binary": 0.923278116826504, "roc_auc": 0.856682890638748}}
Training statistic: Loss: 0.0049, train_score: {'accuracy': 0.99877, 'balanced_accuracy': 0.9987056173803849, 'f1_macro': 0.9986501345978942, 'f1_binary': 0.9982478882067207, 'pr_auc': 0.999984443202443, 'precision_binary': 0.9980062092340996, 'recall_binary': 0.9984896842585205, 'roc_auc': 0.9999915034630888}
Validation statistic: Loss: 6.7106, dev_score: {'accuracy': 0.7062403186545696, 'balanced_accuracy': 0.8074066761106942, 'f1_macro': 0.5501372428903324, 'f1_binary': 0.2851373182552504, 'pr_auc': 0.2034488393758337, 'precision_binary': 0.16860372552141378, 'recall_binary': 0.923278116826504, 'roc_auc': 0.856682890638748}
-----------------------
Epoch 90/100
PILOT development {"rows": 18076, "predicted_positive": 6268, "positive_rate": 0.34675813233016156, "probability_min": 2.159945155697029e-33, "probability_max": 1.0, "scores": {"accuracy": 0.706959504315114, "balanced_accuracy": 0.8077906326350016, "f1_macro": 0.5506551979022629, "f1_binary": 0.2856372218476062, "pr_auc": 0.20378993437872198, "precision_binary": 0.16895341416719847, "recall_binary": 0.923278116826504, "roc_auc": 0.8570747523775254}}
Training statistic: Loss: 0.0062, train_score: {'accuracy': 0.99878, 'balanced_accuracy': 0.9986675052339862, 'f1_macro': 0.9986609777103228, 'f1_binary': 0.9982617616048785, 'pr_auc': 0.9999819001931828, 'precision_binary': 0.9982333162363937, 'recall_binary': 0.9982902085945514, 'roc_auc': 0.9999901170080915}
Validation statistic: Loss: 6.8016, dev_score: {'accuracy': 0.706959504315114, 'balanced_accuracy': 0.8077906326350016, 'f1_macro': 0.5506551979022629, 'f1_binary': 0.2856372218476062, 'pr_auc': 0.20378993437872198, 'precision_binary': 0.16895341416719847, 'recall_binary': 0.923278116826504, 'roc_auc': 0.8570747523775254}
-----------------------
Epoch 91/100
PILOT development {"rows": 18076, "predicted_positive": 6284, "positive_rate": 0.34764328391237, "probability_min": 5.490165880558427e-35, "probability_max": 1.0, "scores": {"accuracy": 0.7061849966806816, "balanced_accuracy": 0.8077835256669439, "f1_macro": 0.5501871936718639, "f1_binary": 0.2852913470596151, "pr_auc": 0.2022256206043356, "precision_binary": 0.16868236791852323, "recall_binary": 0.9241499564080209, "roc_auc": 0.8562132384995996}}
Training statistic: Loss: 0.0046, train_score: {'accuracy': 0.99894, 'balanced_accuracy': 0.9989674729825317, 'f1_macro': 0.9988368762661632, 'f1_binary': 0.9984905445431761, 'pr_auc': 0.9999875833203574, 'precision_binary': 0.9979221222816805, 'recall_binary': 0.9990596147270033, 'roc_auc': 0.9999932437758215}
Validation statistic: Loss: 6.9917, dev_score: {'accuracy': 0.7061849966806816, 'balanced_accuracy': 0.8077835256669439, 'f1_macro': 0.5501871936718639, 'f1_binary': 0.2852913470596151, 'pr_auc': 0.2022256206043356, 'precision_binary': 0.16868236791852323, 'recall_binary': 0.9241499564080209, 'roc_auc': 0.8562132384995996}
-----------------------
Epoch 92/100
PILOT development {"rows": 18076, "predicted_positive": 6276, "positive_rate": 0.34720070812126574, "probability_min": 1.199491769528962e-34, "probability_max": 1.0, "scores": {"accuracy": 0.7065169285240097, "balanced_accuracy": 0.8075543516969663, "f1_macro": 0.5503363814520081, "f1_binary": 0.28532938165162336, "pr_auc": 0.2007450524757193, "precision_binary": 0.16873804971319312, "recall_binary": 0.923278116826504, "roc_auc": 0.8552250094411951}}
Training statistic: Loss: 0.0050, train_score: {'accuracy': 0.99856, 'balanced_accuracy': 0.9986420257209301, 'f1_macro': 0.9984201962975963, 'f1_binary': 0.9979502362922053, 'pr_auc': 0.9999846160433045, 'precision_binary': 0.9969852104664392, 'recall_binary': 0.9989171321098826, 'roc_auc': 0.9999916202449222}
Validation statistic: Loss: 7.0020, dev_score: {'accuracy': 0.7065169285240097, 'balanced_accuracy': 0.8075543516969663, 'f1_macro': 0.5503363814520081, 'f1_binary': 0.28532938165162336, 'pr_auc': 0.2007450524757193, 'precision_binary': 0.16873804971319312, 'recall_binary': 0.923278116826504, 'roc_auc': 0.8552250094411951}
-----------------------
Epoch 93/100
PILOT development {"rows": 18076, "predicted_positive": 6234, "positive_rate": 0.34487718521796856, "probability_min": 5.987364404701494e-35, "probability_max": 1.0, "scores": {"accuracy": 0.7087298074795308, "balanced_accuracy": 0.8083293717136388, "f1_macro": 0.5518426269139245, "f1_binary": 0.2866820214063135, "pr_auc": 0.20103163084988315, "precision_binary": 0.1697144690407443, "recall_binary": 0.9224062772449869, "roc_auc": 0.8551643427138618}}
Training statistic: Loss: 0.0044, train_score: {'accuracy': 0.99894, 'balanced_accuracy': 0.9988038467071854, 'f1_macro': 0.9988364957975406, 'f1_binary': 0.9984894690341152, 'pr_auc': 0.9999877215201466, 'precision_binary': 0.9986317769796477, 'recall_binary': 0.9983472016413998, 'roc_auc': 0.9999932973374143}
Validation statistic: Loss: 6.9443, dev_score: {'accuracy': 0.7087298074795308, 'balanced_accuracy': 0.8083293717136388, 'f1_macro': 0.5518426269139245, 'f1_binary': 0.2866820214063135, 'pr_auc': 0.20103163084988315, 'precision_binary': 0.1697144690407443, 'recall_binary': 0.9224062772449869, 'roc_auc': 0.8551643427138618}
-----------------------
Epoch 94/100
PILOT development {"rows": 18076, "predicted_positive": 6259, "positive_rate": 0.3462602345651693, "probability_min": 1.2644065394665775e-32, "probability_max": 1.0, "scores": {"accuracy": 0.7075680460278823, "balanced_accuracy": 0.8085219035983042, "f1_macro": 0.5511839672831513, "f1_binary": 0.2862543883337834, "pr_auc": 0.201610195599542, "precision_binary": 0.16935612717686532, "recall_binary": 0.9241499564080209, "roc_auc": 0.8554891775038916}}
Training statistic: Loss: 0.0055, train_score: {'accuracy': 0.99884, 'balanced_accuracy': 0.9988119002633833, 'f1_macro': 0.9987270311285552, 'f1_binary': 0.9983478137017519, 'pr_auc': 0.9999867045403223, 'precision_binary': 0.9979782447747594, 'recall_binary': 0.9987176564459136, 'roc_auc': 0.999992749428663}
Validation statistic: Loss: 7.0932, dev_score: {'accuracy': 0.7075680460278823, 'balanced_accuracy': 0.8085219035983042, 'f1_macro': 0.5511839672831513, 'f1_binary': 0.2862543883337834, 'pr_auc': 0.201610195599542, 'precision_binary': 0.16935612717686532, 'recall_binary': 0.9241499564080209, 'roc_auc': 0.8554891775038916}
-----------------------
Epoch 95/100
PILOT development {"rows": 18076, "predicted_positive": 6245, "positive_rate": 0.34548572693073687, "probability_min": 4.461721970015421e-34, "probability_max": 1.0, "scores": {"accuracy": 0.7083425536623147, "balanced_accuracy": 0.8089353952398661, "f1_macro": 0.5517431919031363, "f1_binary": 0.28679653679653677, "pr_auc": 0.1991168878257692, "precision_binary": 0.16973578863090472, "recall_binary": 0.9241499564080209, "roc_auc": 0.8536000372446326}}
Training statistic: Loss: 0.0049, train_score: {'accuracy': 0.99896, 'balanced_accuracy': 0.9988716135366926, 'f1_macro': 0.9988585533159675, 'f1_binary': 0.9985182652305238, 'pr_auc': 0.9999879089738742, 'precision_binary': 0.9984613631183041, 'recall_binary': 0.9985751738287929, 'roc_auc': 0.9999934387048965}
Validation statistic: Loss: 7.2263, dev_score: {'accuracy': 0.7083425536623147, 'balanced_accuracy': 0.8089353952398661, 'f1_macro': 0.5517431919031363, 'f1_binary': 0.28679653679653677, 'pr_auc': 0.1991168878257692, 'precision_binary': 0.16973578863090472, 'recall_binary': 0.9241499564080209, 'roc_auc': 0.8536000372446326}
-----------------------
Epoch 96/100
PILOT development {"rows": 18076, "predicted_positive": 6196, "positive_rate": 0.34277495021022353, "probability_min": 1.4498703076043578e-32, "probability_max": 1.0, "scores": {"accuracy": 0.7108320424872759, "balanced_accuracy": 0.8094517061693066, "f1_macro": 0.553364621598482, "f1_binary": 0.2881655998910527, "pr_auc": 0.20340589795853126, "precision_binary": 0.17075532601678503, "recall_binary": 0.9224062772449869, "roc_auc": 0.856516803885225}}
Training statistic: Loss: 0.0065, train_score: {'accuracy': 0.99854, 'balanced_accuracy': 0.9981030152184255, 'f1_macro': 0.9983965965964312, 'f1_binary': 0.9979170827745599, 'pr_auc': 0.9999856057231107, 'precision_binary': 0.9992000457116736, 'recall_binary': 0.9966374102359512, 'roc_auc': 0.9999921466412305}
Validation statistic: Loss: 6.8191, dev_score: {'accuracy': 0.7108320424872759, 'balanced_accuracy': 0.8094517061693066, 'f1_macro': 0.553364621598482, 'f1_binary': 0.2881655998910527, 'pr_auc': 0.20340589795853126, 'precision_binary': 0.17075532601678503, 'recall_binary': 0.9224062772449869, 'roc_auc': 0.856516803885225}
-----------------------
Epoch 97/100
PILOT development {"rows": 18076, "predicted_positive": 6257, "positive_rate": 0.34614959061739325, "probability_min": 3.489365716313695e-33, "probability_max": 1.0, "scores": {"accuracy": 0.7074574020801062, "balanced_accuracy": 0.8076500640167873, "f1_macro": 0.5509241166200123, "f1_binary": 0.2857914640734738, "pr_auc": 0.20005304293698334, "precision_binary": 0.16909061850727186, "recall_binary": 0.9224062772449869, "roc_auc": 0.8544497061757956}}
Training statistic: Loss: 0.0050, train_score: {'accuracy': 0.99868, 'balanced_accuracy': 0.9986493785861286, 'f1_macro': 0.9985514870955601, 'f1_binary': 0.9981200330418435, 'pr_auc': 0.9999844775252836, 'precision_binary': 0.9976937532031206, 'recall_binary': 0.9985466773053687, 'roc_auc': 0.9999915161949429}
Validation statistic: Loss: 6.8705, dev_score: {'accuracy': 0.7074574020801062, 'balanced_accuracy': 0.8076500640167873, 'f1_macro': 0.5509241166200123, 'f1_binary': 0.2857914640734738, 'pr_auc': 0.20005304293698334, 'precision_binary': 0.16909061850727186, 'recall_binary': 0.9224062772449869, 'roc_auc': 0.8544497061757956}
-----------------------
Epoch 98/100
PILOT development {"rows": 18076, "predicted_positive": 6259, "positive_rate": 0.3462602345651693, "probability_min": 2.5303254111902055e-31, "probability_max": 1.0, "scores": {"accuracy": 0.7076786899756583, "balanced_accuracy": 0.8089873585063172, "f1_macro": 0.5513537803867143, "f1_binary": 0.28652443964353225, "pr_auc": 0.20084313752031036, "precision_binary": 0.16951589710816425, "recall_binary": 0.9250217959895379, "roc_auc": 0.8549202338110091}}
Training statistic: Loss: 0.0052, train_score: {'accuracy': 0.99879, 'balanced_accuracy': 0.9987472040058367, 'f1_macro': 0.9986721357336847, 'f1_binary': 0.9982765251328215, 'pr_auc': 0.9999827258141183, 'precision_binary': 0.9979495941905169, 'recall_binary': 0.998603670352217, 'roc_auc': 0.9999905358421851}
Validation statistic: Loss: 7.0260, dev_score: {'accuracy': 0.7076786899756583, 'balanced_accuracy': 0.8089873585063172, 'f1_macro': 0.5513537803867143, 'f1_binary': 0.28652443964353225, 'pr_auc': 0.20084313752031036, 'precision_binary': 0.16951589710816425, 'recall_binary': 0.9250217959895379, 'roc_auc': 0.8549202338110091}
-----------------------
Epoch 99/100
PILOT development {"rows": 18076, "predicted_positive": 6264, "positive_rate": 0.3465368444346094, "probability_min": 1.8893992763423995e-34, "probability_max": 1.0, "scores": {"accuracy": 0.7071807922106661, "balanced_accuracy": 0.8079087731040193, "f1_macro": 0.5508146963183035, "f1_binary": 0.28579139117527996, "pr_auc": 0.2021749578443747, "precision_binary": 0.16906130268199235, "recall_binary": 0.923278116826504, "roc_auc": 0.855806905325864}}
Training statistic: Loss: 0.0054, train_score: {'accuracy': 0.99883, 'balanced_accuracy': 0.9987845618996435, 'f1_macro': 0.9987160152805046, 'f1_binary': 0.998333452033331, 'pr_auc': 0.9999826392735433, 'precision_binary': 0.998034915843135, 'recall_binary': 0.9986321668756412, 'roc_auc': 0.9999905459398625}
Validation statistic: Loss: 6.8816, dev_score: {'accuracy': 0.7071807922106661, 'balanced_accuracy': 0.8079087731040193, 'f1_macro': 0.5508146963183035, 'f1_binary': 0.28579139117527996, 'pr_auc': 0.2021749578443747, 'precision_binary': 0.16906130268199235, 'recall_binary': 0.923278116826504, 'roc_auc': 0.855806905325864}
-----------------------
Epoch 100/100
PILOT development {"rows": 18076, "predicted_positive": 6270, "positive_rate": 0.3468687762779376, "probability_min": 1.2237002950824297e-34, "probability_max": 1.0, "scores": {"accuracy": 0.706959504315114, "balanced_accuracy": 0.8081970173085057, "f1_macro": 0.5507450974356922, "f1_binary": 0.28582985034380476, "pr_auc": 0.20214655161219175, "precision_binary": 0.16905901116427433, "recall_binary": 0.9241499564080209, "roc_auc": 0.8558828674844521}}
Training statistic: Loss: 0.0045, train_score: {'accuracy': 0.99873, 'balanced_accuracy': 0.9988187956598968, 'f1_macro': 0.9986066736163234, 'f1_binary': 0.9981921450839157, 'pr_auc': 0.9999876549596473, 'precision_binary': 0.9972693915863128, 'recall_binary': 0.9991166077738516, 'roc_auc': 0.9999932964593553}
Validation statistic: Loss: 7.0176, dev_score: {'accuracy': 0.706959504315114, 'balanced_accuracy': 0.8081970173085057, 'f1_macro': 0.5507450974356922, 'f1_binary': 0.28582985034380476, 'pr_auc': 0.20214655161219175, 'precision_binary': 0.16905901116427433, 'recall_binary': 0.9241499564080209, 'roc_auc': 0.8558828674844521}
Testing statistic: loss: 5.826136408389948, scores: {'accuracy': 0.7124855612727082, 'balanced_accuracy': 0.8138226609013752, 'f1_macro': 0.5511826797446824, 'f1_binary': 0.2821185107498689, 'pr_auc': 0.21193943273134372, 'precision_binary': 0.16630602782071097, 'recall_binary': 0.9291882556131261, 'roc_auc': 0.8674822962914901}
Finish training!
PILOT development {"rows": 18076, "predicted_positive": 6163, "positive_rate": 0.34094932507191855, "probability_min": 2.877368312850278e-32, "probability_max": 1.0, "scores": {"accuracy": 0.7124363797300287, "balanced_accuracy": 0.8094954552226765, "f1_macro": 0.5543480015796237, "f1_binary": 0.28891928864569083, "pr_auc": 0.21693378558535548, "precision_binary": 0.17134512412785982, "recall_binary": 0.9206625980819529, "roc_auc": 0.8651932531389237}}
PILOT COMPLETED {"namespace": "census_kdd_weighted_macro_f1_20261005", "input_namespace": "corrected_v2", "started_at_chicago": "2026-10-05T10:44:58.710338-05:00", "completed_at_chicago": "2026-10-05T10:57:40.814158-05:00", "pilot_source_sha256": "77ebb82233c6a9942f46b800cac5b013a3ac8efa5f70b08ac7255c0d3b3e2908", "objective": "BCEWithLogitsLoss", "model_output": "logits", "pos_weight_rule": "actual_training_negatives / actual_training_positives", "pos_weight": 1.8496523424142255, "training_label_counts": {"0": 64908, "1": 35092}, "shuffle": false, "threshold": 0.5, "test_loss_definition": "weighted BCE using this arm's training pos_weight", "selected_development": {"rows": 18076, "predicted_positive": 6163, "positive_rate": 0.34094932507191855, "probability_min": 2.877368312850278e-32, "probability_max": 1.0, "scores": {"accuracy": 0.7124363797300287, "balanced_accuracy": 0.8094954552226765, "f1_macro": 0.5543480015796237, "f1_binary": 0.28891928864569083, "pr_auc": 0.21693378558535548, "precision_binary": 0.17134512412785982, "recall_binary": 0.9206625980819529, "roc_auc": 0.8651932531389237}}, "test_diagnostics": {"rows": 9523, "predicted_positive": 3235, "positive_rate": 0.3397038748293605, "probability_min": 2.1046479677461416e-30, "probability_max": 1.0, "scores": {"accuracy": 0.7124855612727082, "balanced_accuracy": 0.8138226609013752, "f1_macro": 0.5511826797446824, "f1_binary": 0.2821185107498689, "pr_auc": 0.21193943273134372, "precision_binary": 0.16630602782071097, "recall_binary": 0.9291882556131261, "roc_auc": 0.8674822962914901}}, "development_collapse_resolved": true}
