=====Setting up data=====
Dataset name:adult
train_option:mix
augment_option:ctgan
mix_ratio:-1
n_sample:-1
Training dataset size: 134400 samples
Validation dataset size: 3840 samples

=====Setting up parameters for training=====
num_epochs: 100
learning_rate: 0.001
patience: 30
early_stop_criterion: loss
=====Setting up trainer=====
input_size: 107
model: DNN_Adult
----------------------------------------------------------------
        Layer (type)               Output Shape         Param #
================================================================
            Linear-1                  [-1, 128]          13,824
       BatchNorm1d-2                  [-1, 128]             256
              ReLU-3                  [-1, 128]               0
           Dropout-4                  [-1, 128]               0
            Linear-5                   [-1, 64]           8,256
       BatchNorm1d-6                   [-1, 64]             128
              ReLU-7                   [-1, 64]               0
           Dropout-8                   [-1, 64]               0
            Linear-9                   [-1, 32]           2,080
      BatchNorm1d-10                   [-1, 32]              64
             ReLU-11                   [-1, 32]               0
          Dropout-12                   [-1, 32]               0
           Linear-13                   [-1, 16]             528
      BatchNorm1d-14                   [-1, 16]              32
             ReLU-15                   [-1, 16]               0
          Dropout-16                   [-1, 16]               0
           Linear-17                    [-1, 1]              17
          Sigmoid-18                    [-1, 1]               0
================================================================
Total params: 25,185
Trainable params: 25,185
Non-trainable params: 0
----------------------------------------------------------------
Input size (MB): 0.00
Forward/backward pass size (MB): 0.01
Params size (MB): 0.10
Estimated Total Size (MB): 0.10
----------------------------------------------------------------
=====Setting up output files=====
weight_dir, weight_file: /home/thuy/Research/minh_data_synth/TabularDA/output/corrected_v2/adult/weight/, adult_seed43_ctgan_full_generated_mix.weights.pth
acc_dir, acc_file: /home/thuy/Research/minh_data_synth/TabularDA/output/corrected_v2/adult/acc/, adult_seed43_ctgan_full_generated_mix.epochs.csv
report_file: adult_seed43_ctgan_full_generated_mix.report.txt
==========================================================================================
Start training...
-----------------------
Epoch 1/100
Training statistic: Loss: 0.3532, train_score: {'accuracy': 0.8422400953232052, 'balanced_accuracy': 0.7636585072672794, 'f1_macro': 0.77511605023258, 'f1_micro': 0.8422400953232052, 'f1_weighted': 0.8385125066574217, 'f1_binary': 0.652253849436948, 'pr_auc': 0.7276554488477868, 'precision_macro': 0.7898497229269494, 'precision_micro': 0.8422400953232052, 'precision_weighted': 0.8367274557978592, 'precision_binary': 0.6990007740482724, 'recall_macro': 0.7636585072672794, 'recall_micro': 0.8422400953232052, 'recall_weighted': 0.8422400953232052, 'recall_binary': 0.6113675529295913, 'roc_auc': 0.887743474061831}
Validation statistic: Loss: 0.3523, dev_score: {'accuracy': 0.8387434554973822, 'balanced_accuracy': 0.7607344863039814, 'f1_macro': 0.7704126234810735, 'f1_micro': 0.8387434554973822, 'f1_weighted': 0.8355302014006459, 'f1_binary': 0.6451612903225806, 'pr_auc': 0.7182058190607864, 'precision_macro': 0.782400168604767, 'precision_micro': 0.8387434554973822, 'precision_weighted': 0.8336823719818218, 'precision_binary': 0.6837606837606838, 'recall_macro': 0.7607344863039814, 'recall_micro': 0.8387434554973822, 'recall_weighted': 0.8387434554973822, 'recall_binary': 0.6106870229007634, 'roc_auc': 0.8899143930751139}
Saving model...
Model saved!
-------------------------------------------
-----------------------
Epoch 2/100
Training statistic: Loss: 0.3496, train_score: {'accuracy': 0.8428209711051534, 'balanced_accuracy': 0.769928141483265, 'f1_macro': 0.7786110643190782, 'f1_micro': 0.8428209711051534, 'f1_weighted': 0.8401323876969418, 'f1_binary': 0.659382867471435, 'pr_auc': 0.7307847310973176, 'precision_macro': 0.7890652694991115, 'precision_micro': 0.8428209711051534, 'precision_weighted': 0.8385001953442941, 'precision_binary': 0.693260485950862, 'recall_macro': 0.769928141483265, 'recall_micro': 0.8428209711051534, 'recall_weighted': 0.8428209711051534, 'recall_binary': 0.6286619891678976, 'roc_auc': 0.8898857586890639}
Validation statistic: Loss: 0.3463, dev_score: {'accuracy': 0.8371727748691099, 'balanced_accuracy': 0.7679075269406934, 'f1_macro': 0.7727417934961632, 'f1_micro': 0.8371727748691099, 'f1_weighted': 0.8356522797334652, 'f1_binary': 0.6517357222844344, 'pr_auc': 0.7253048739963973, 'precision_macro': 0.7781072437850445, 'precision_micro': 0.8371727748691099, 'precision_weighted': 0.8344492921678274, 'precision_binary': 0.669735327963176, 'recall_macro': 0.7679075269406934, 'recall_micro': 0.8371727748691099, 'recall_weighted': 0.8371727748691099, 'recall_binary': 0.6346782988004362, 'roc_auc': 0.8931594473584465}
Saving model...
Model saved!
-------------------------------------------
-----------------------
Epoch 3/100
Training statistic: Loss: 0.3477, train_score: {'accuracy': 0.8430071492403932, 'balanced_accuracy': 0.770407071522038, 'f1_macro': 0.7789806416536904, 'f1_micro': 0.8430071492403932, 'f1_weighted': 0.8403627436512201, 'f1_binary': 0.6600222555517925, 'pr_auc': 0.7316791334767767, 'precision_macro': 0.7892748921063364, 'precision_micro': 0.8430071492403932, 'precision_weighted': 0.8387447243142683, 'precision_binary': 0.6934024600996239, 'recall_macro': 0.770407071522038, 'recall_micro': 0.8430071492403932, 'recall_weighted': 0.8430071492403932, 'recall_binary': 0.6297082717872969, 'roc_auc': 0.8906383892741963}
Validation statistic: Loss: 0.3450, dev_score: {'accuracy': 0.8408376963350785, 'balanced_accuracy': 0.7706918462493769, 'f1_macro': 0.7768117802666158, 'f1_micro': 0.8408376963350785, 'f1_weighted': 0.8389601034884959, 'f1_binary': 0.657271702367531, 'pr_auc': 0.7254313901382531, 'precision_macro': 0.7837782278596663, 'precision_micro': 0.8408376963350785, 'precision_weighted': 0.8375864445700978, 'precision_binary': 0.6802800466744457, 'recall_macro': 0.7706918462493769, 'recall_micro': 0.8408376963350785, 'recall_weighted': 0.8408376963350785, 'recall_binary': 0.6357688113413305, 'roc_auc': 0.8933057631127277}
Saving model...
Model saved!
-------------------------------------------
-----------------------
Epoch 4/100
Training statistic: Loss: 0.3459, train_score: {'accuracy': 0.8439529341674114, 'balanced_accuracy': 0.7729896069192083, 'f1_macro': 0.7809218060249914, 'f1_micro': 0.8439529341674114, 'f1_weighted': 0.8415568656802825, 'f1_binary': 0.6634111864297877, 'pr_auc': 0.733582962834504, 'precision_macro': 0.7902980260382735, 'precision_micro': 0.8439529341674114, 'precision_weighted': 0.840023044422144, 'precision_binary': 0.6939310437529403, 'recall_macro': 0.7729896069192083, 'recall_micro': 0.8439529341674114, 'recall_weighted': 0.8439529341674114, 'recall_binary': 0.6354628261939931, 'roc_auc': 0.8915996488233373}
Validation statistic: Loss: 0.3421, dev_score: {'accuracy': 0.8384816753926702, 'balanced_accuracy': 0.7713798495971715, 'f1_macro': 0.7753535507576172, 'f1_micro': 0.8384816753926702, 'f1_weighted': 0.837265874473773, 'f1_binary': 0.6562674094707521, 'pr_auc': 0.7281443290497784, 'precision_macro': 0.7796770207303231, 'precision_micro': 0.8384816753926702, 'precision_weighted': 0.8362594064664769, 'precision_binary': 0.6708428246013668, 'recall_macro': 0.7713798495971715, 'recall_micro': 0.8384816753926702, 'recall_weighted': 0.8384816753926702, 'recall_binary': 0.6423118865866958, 'roc_auc': 0.8951160214436161}
Saving model...
Model saved!
-------------------------------------------
-----------------------
Epoch 5/100
Training statistic: Loss: 0.3454, train_score: {'accuracy': 0.8439678284182306, 'balanced_accuracy': 0.7758588734146781, 'f1_macro': 0.782266209649648, 'f1_micro': 0.8439678284182306, 'f1_weighted': 0.842074018066278, 'f1_binary': 0.6663588012357081, 'pr_auc': 0.7342590168164783, 'precision_macro': 0.7895900427569086, 'precision_micro': 0.8439678284182306, 'precision_weighted': 0.840729192722999, 'precision_binary': 0.6904824764041978, 'recall_macro': 0.7758588734146781, 'recall_micro': 0.8439678284182306, 'recall_weighted': 0.8439678284182306, 'recall_binary': 0.6438638601674053, 'roc_auc': 0.8923150622389433}
Validation statistic: Loss: 0.3416, dev_score: {'accuracy': 0.837696335078534, 'balanced_accuracy': 0.7701171014379514, 'f1_macro': 0.7741740724679635, 'f1_micro': 0.837696335078534, 'f1_weighted': 0.8364421936647024, 'f1_binary': 0.6544035674470458, 'pr_auc': 0.7276597863289399, 'precision_macro': 0.7785983864462414, 'precision_micro': 0.837696335078534, 'precision_weighted': 0.8354079343570513, 'precision_binary': 0.669327251995439, 'recall_macro': 0.7701171014379514, 'recall_micro': 0.837696335078534, 'recall_weighted': 0.837696335078534, 'recall_binary': 0.6401308615049073, 'roc_auc': 0.8959815195125864}
Saving model...
Model saved!
-------------------------------------------
-----------------------
Epoch 6/100
Training statistic: Loss: 0.3456, train_score: {'accuracy': 0.8450625558534406, 'balanced_accuracy': 0.7689034420618587, 'f1_macro': 0.7798200902873493, 'f1_micro': 0.8450625558534406, 'f1_weighted': 0.841664538664712, 'f1_binary': 0.6599656778622212, 'pr_auc': 0.7355754329107312, 'precision_macro': 0.7936050142186651, 'precision_micro': 0.8450625558534406, 'precision_weighted': 0.8399677895013669, 'precision_binary': 0.7037540520757085, 'recall_macro': 0.7689034420618587, 'recall_micro': 0.8450625558534406, 'recall_weighted': 0.8450625558534406, 'recall_binary': 0.6213072378138847, 'roc_auc': 0.8930333345484842}
Validation statistic: Loss: 0.3427, dev_score: {'accuracy': 0.8408376963350785, 'balanced_accuracy': 0.767707681032407, 'f1_macro': 0.7753931219946006, 'f1_micro': 0.8408376963350785, 'f1_weighted': 0.8384255781731598, 'f1_binary': 0.6541524459613197, 'pr_auc': 0.7294686436600053, 'precision_macro': 0.7844531219128429, 'precision_micro': 0.8408376963350785, 'precision_weighted': 0.8368290642900926, 'precision_binary': 0.6837098692033293, 'recall_macro': 0.767707681032407, 'recall_micro': 0.8408376963350785, 'recall_weighted': 0.8408376963350785, 'recall_binary': 0.6270447110141767, 'roc_auc': 0.8969514483381422}
-----------------------
Epoch 7/100
Training statistic: Loss: 0.3424, train_score: {'accuracy': 0.8448242478403336, 'balanced_accuracy': 0.7762771571704368, 'f1_macro': 0.7831178063555728, 'f1_micro': 0.8448242478403336, 'f1_weighted': 0.8428108732679095, 'f1_binary': 0.6674327667384885, 'pr_auc': 0.7372123419965023, 'precision_macro': 0.7910041155059389, 'precision_micro': 0.8448242478403336, 'precision_weighted': 0.8414231053816256, 'precision_binary': 0.6932922179117345, 'recall_macro': 0.7762771571704368, 'recall_micro': 0.8448242478403336, 'recall_weighted': 0.8448242478403336, 'recall_binary': 0.6434330379123584, 'roc_auc': 0.8937861152436883}
Validation statistic: Loss: 0.3385, dev_score: {'accuracy': 0.8408376963350785, 'balanced_accuracy': 0.7759141353790743, 'f1_macro': 0.7792259295465166, 'f1_micro': 0.8408376963350785, 'f1_weighted': 0.8398607010242589, 'f1_binary': 0.6625971143174251, 'pr_auc': 0.7313066917770444, 'precision_macro': 0.7827736551843618, 'precision_micro': 0.8408376963350785, 'precision_weighted': 0.8390249652942757, 'precision_binary': 0.6745762711864407, 'recall_macro': 0.7759141353790743, 'recall_micro': 0.8408376963350785, 'recall_weighted': 0.8408376963350785, 'recall_binary': 0.6510359869138496, 'roc_auc': 0.8975184923203952}
Saving model...
Model saved!
-------------------------------------------
-----------------------
Epoch 8/100
Training statistic: Loss: 0.3425, train_score: {'accuracy': 0.8449955317247543, 'balanced_accuracy': 0.7750703991747345, 'f1_macro': 0.7826923691158962, 'f1_micro': 0.8449955317247543, 'f1_weighted': 0.8427321678758761, 'f1_binary': 0.6663353638986855, 'pr_auc': 0.7384821372866947, 'precision_macro': 0.7916289884625292, 'precision_micro': 0.8449955317247543, 'precision_weighted': 0.8412540293895349, 'precision_binary': 0.6954557622808192, 'recall_macro': 0.7750703991747345, 'recall_micro': 0.8449955317247543, 'recall_weighted': 0.8449955317247543, 'recall_binary': 0.6395556376169375, 'roc_auc': 0.8942429434262041}
Validation statistic: Loss: 0.3397, dev_score: {'accuracy': 0.8387434554973822, 'balanced_accuracy': 0.770806043911255, 'f1_macro': 0.7752833882442821, 'f1_micro': 0.8387434554973822, 'f1_weighted': 0.8373679663549506, 'f1_binary': 0.6558659217877095, 'pr_auc': 0.7317694172775911, 'precision_macro': 0.7802078802642018, 'precision_micro': 0.8387434554973822, 'precision_weighted': 0.8362597859600053, 'precision_binary': 0.6723940435280642, 'recall_macro': 0.770806043911255, 'recall_micro': 0.8387434554973822, 'recall_weighted': 0.8387434554973822, 'recall_binary': 0.6401308615049073, 'roc_auc': 0.8980393313276117}
-----------------------
Epoch 9/100
Training statistic: Loss: 0.3412, train_score: {'accuracy': 0.845382782246053, 'balanced_accuracy': 0.7755457991325448, 'f1_macro': 0.783211032679969, 'f1_micro': 0.845382782246053, 'f1_weighted': 0.8431158607141065, 'f1_binary': 0.6671156004489338, 'pr_auc': 0.7392880136516023, 'precision_macro': 0.7922028049097515, 'precision_micro': 0.845382782246053, 'precision_weighted': 0.8416410900715298, 'precision_binary': 0.696391511012921, 'recall_macro': 0.7755457991325448, 'recall_micro': 0.845382782246053, 'recall_weighted': 0.845382782246053, 'recall_binary': 0.6402018709995076, 'roc_auc': 0.8945834431056694}
Validation statistic: Loss: 0.3364, dev_score: {'accuracy': 0.8400523560209424, 'balanced_accuracy': 0.7739053459156117, 'f1_macro': 0.7777096499566518, 'f1_micro': 0.8400523560209424, 'f1_weighted': 0.8389121285743883, 'f1_binary': 0.6599888703394546, 'pr_auc': 0.7338776024405388, 'precision_macro': 0.7818297773654916, 'precision_micro': 0.8400523560209424, 'precision_weighted': 0.8379608653313776, 'precision_binary': 0.6738636363636363, 'recall_macro': 0.7739053459156117, 'recall_micro': 0.8400523560209424, 'recall_weighted': 0.8400523560209424, 'recall_binary': 0.6466739367502726, 'roc_auc': 0.89911331525955}
Saving model...
Model saved!
-------------------------------------------
-----------------------
Epoch 10/100
Training statistic: Loss: 0.3400, train_score: {'accuracy': 0.8463509085493, 'balanced_accuracy': 0.7761739322335909, 'f1_macro': 0.7842496572105387, 'f1_micro': 0.8463509085493, 'f1_weighted': 0.8439769205119475, 'f1_binary': 0.668498345062502, 'pr_auc': 0.7408551001667179, 'precision_macro': 0.7937972642901483, 'precision_micro': 0.8463509085493, 'precision_weighted': 0.8424808423348045, 'precision_binary': 0.6994485912178064, 'recall_macro': 0.7761739322335909, 'recall_micro': 0.8463509085493, 'recall_weighted': 0.8463509085493, 'recall_binary': 0.64017109798129, 'roc_auc': 0.8953019001428112}
Validation statistic: Loss: 0.3355, dev_score: {'accuracy': 0.8434554973821989, 'balanced_accuracy': 0.7757713883017268, 'f1_macro': 0.7811696878500111, 'f1_micro': 0.8434554973821989, 'f1_weighted': 0.8418662618102294, 'f1_binary': 0.6644219977553311, 'pr_auc': 0.734272259495938, 'precision_macro': 0.7872049920287941, 'precision_micro': 0.8434554973821989, 'precision_weighted': 0.8406564291732256, 'precision_binary': 0.684393063583815, 'recall_macro': 0.7757713883017268, 'recall_micro': 0.8434554973821989, 'recall_weighted': 0.8434554973821989, 'recall_binary': 0.6455834242093784, 'roc_auc': 0.8997113503835953}
Saving model...
Model saved!
-------------------------------------------
-----------------------
Epoch 11/100
Training statistic: Loss: 0.3392, train_score: {'accuracy': 0.846477509681263, 'balanced_accuracy': 0.7768439945696688, 'f1_macro': 0.784656821893719, 'f1_micro': 0.846477509681263, 'f1_weighted': 0.844192755503506, 'f1_binary': 0.669276306290408, 'pr_auc': 0.7415030722682221, 'precision_macro': 0.7938394044065672, 'precision_micro': 0.846477509681263, 'precision_weighted': 0.8427254060454854, 'precision_binary': 0.6990984348292388, 'recall_macro': 0.7768439945696688, 'recall_micro': 0.846477509681263, 'recall_weighted': 0.846477509681263, 'recall_binary': 0.641894387001477, 'roc_auc': 0.895545025247855}
Validation statistic: Loss: 0.3349, dev_score: {'accuracy': 0.8424083769633508, 'balanced_accuracy': 0.776201507784787, 'f1_macro': 0.7805606617647058, 'f1_micro': 0.8424083769633508, 'f1_weighted': 0.8411275071219587, 'f1_binary': 0.6640625, 'pr_auc': 0.7337398548315857, 'precision_macro': 0.7853310696095077, 'precision_micro': 0.8424083769633508, 'precision_weighted': 0.8400921963750788, 'precision_binary': 0.68, 'recall_macro': 0.776201507784787, 'recall_micro': 0.8424083769633508, 'recall_weighted': 0.8424083769633508, 'recall_binary': 0.648854961832061, 'roc_auc': 0.8994089519697408}
Saving model...
Model saved!
-------------------------------------------
-----------------------
Epoch 12/100
Training statistic: Loss: 0.3391, train_score: {'accuracy': 0.8473339291033661, 'balanced_accuracy': 0.7772203817427377, 'f1_macro': 0.7854951541125593, 'f1_micro': 0.8473339291033661, 'f1_weighted': 0.8449237796162212, 'f1_binary': 0.6703226013959024, 'pr_auc': 0.7427088769412078, 'precision_macro': 0.7953086187339322, 'precision_micro': 0.8473339291033661, 'precision_weighted': 0.8434307112324282, 'precision_binary': 0.7020481034831234, 'recall_macro': 0.7772203817427377, 'recall_micro': 0.8473339291033661, 'recall_weighted': 0.8473339291033661, 'recall_binary': 0.6413404726735599, 'roc_auc': 0.8959233641541933}
Validation statistic: Loss: 0.3346, dev_score: {'accuracy': 0.8447643979057592, 'balanced_accuracy': 0.779616731610326, 'f1_macro': 0.7839249247711035, 'f1_micro': 0.8447643979057592, 'f1_weighted': 0.8435338017545402, 'f1_binary': 0.6692693809258227, 'pr_auc': 0.7373459543351955, 'precision_macro': 0.7886274382072662, 'precision_micro': 0.8447643979057592, 'precision_weighted': 0.8425384643006931, 'precision_binary': 0.684931506849315, 'recall_macro': 0.779616731610326, 'recall_micro': 0.8447643979057592, 'recall_weighted': 0.8447643979057592, 'recall_binary': 0.6543075245365322, 'roc_auc': 0.900480306350254}
Saving model...
Model saved!
-------------------------------------------
-----------------------
Epoch 13/100
Training statistic: Loss: 0.3393, train_score: {'accuracy': 0.8473115877271373, 'balanced_accuracy': 0.7791643098931894, 'f1_macro': 0.7863663710937412, 'f1_micro': 0.8473115877271373, 'f1_weighted': 0.8452441359059266, 'f1_binary': 0.6722613852523218, 'pr_auc': 0.7431517879727659, 'precision_macro': 0.794712414560127, 'precision_micro': 0.8473115877271373, 'precision_weighted': 0.8438600196845412, 'precision_binary': 0.699464457971593, 'recall_macro': 0.7791643098931894, 'recall_micro': 0.8473115877271373, 'recall_weighted': 0.8473115877271373, 'recall_binary': 0.647095027080256, 'roc_auc': 0.8961862436237475}
Validation statistic: Loss: 0.3358, dev_score: {'accuracy': 0.8450261780104712, 'balanced_accuracy': 0.7797889672286519, 'f1_macro': 0.7842058334961892, 'f1_micro': 0.8450261780104712, 'f1_weighted': 0.8437665850767434, 'f1_binary': 0.6696428571428571, 'pr_auc': 0.7365839075539146, 'precision_macro': 0.7890371089012855, 'precision_micro': 0.8450261780104712, 'precision_weighted': 0.8427541578147362, 'precision_binary': 0.6857142857142857, 'recall_macro': 0.7797889672286519, 'recall_micro': 0.8450261780104712, 'recall_weighted': 0.8450261780104712, 'recall_binary': 0.6543075245365322, 'roc_auc': 0.900328919318225}
-----------------------
Epoch 14/100
Training statistic: Loss: 0.3371, train_score: {'accuracy': 0.8484212094131666, 'balanced_accuracy': 0.7726376690941433, 'f1_macro': 0.7841922735692469, 'f1_micro': 0.8484212094131666, 'f1_weighted': 0.8449421712807449, 'f1_binary': 0.6664590980597798, 'pr_auc': 0.7435157383604007, 'precision_macro': 0.798906503896968, 'precision_micro': 0.8484212094131666, 'precision_weighted': 0.8433327822017225, 'precision_binary': 0.7128084688726865, 'recall_macro': 0.7726376690941433, 'recall_micro': 0.8484212094131666, 'recall_weighted': 0.8484212094131666, 'recall_binary': 0.6257693254554406, 'roc_auc': 0.8963951471092974}
Validation statistic: Loss: 0.3328, dev_score: {'accuracy': 0.8452879581151832, 'balanced_accuracy': 0.772500789804553, 'f1_macro': 0.7810609933105688, 'f1_micro': 0.8452879581151832, 'f1_weighted': 0.8427114293192515, 'f1_binary': 0.6624785836664763, 'pr_auc': 0.7363591206114942, 'precision_macro': 0.7912918158440427, 'precision_micro': 0.8452879581151832, 'precision_weighted': 0.8411228281816288, 'precision_binary': 0.6954436450839329, 'recall_macro': 0.772500789804553, 'recall_micro': 0.8452879581151832, 'recall_weighted': 0.8452879581151832, 'recall_binary': 0.6324972737186477, 'roc_auc': 0.899880392975191}
Saving model...
Model saved!
-------------------------------------------
-----------------------
Epoch 15/100
Training statistic: Loss: 0.3378, train_score: {'accuracy': 0.8489871909442955, 'balanced_accuracy': 0.773073853589337, 'f1_macro': 0.7848387078421556, 'f1_micro': 0.8489871909442955, 'f1_weighted': 0.8454595493203481, 'f1_binary': 0.6673556430446195, 'pr_auc': 0.7447635072876388, 'precision_macro': 0.7998763858572282, 'precision_micro': 0.8489871909442955, 'precision_weighted': 0.8438673552293545, 'precision_binary': 0.7146219786396852, 'recall_macro': 0.773073853589337, 'recall_micro': 0.8489871909442955, 'recall_weighted': 0.8489871909442955, 'recall_binary': 0.6259539635647464, 'roc_auc': 0.8967277163512247}
Validation statistic: Loss: 0.3342, dev_score: {'accuracy': 0.8458115183246073, 'balanced_accuracy': 0.773218281693326, 'f1_macro': 0.7818019036546955, 'f1_micro': 0.8458115183246073, 'f1_weighted': 0.843243708746259, 'f1_binary': 0.6636207881210737, 'pr_auc': 0.7377289478219207, 'precision_macro': 0.7920587843188276, 'precision_micro': 0.8458115183246073, 'precision_weighted': 0.8416651643074329, 'precision_binary': 0.6966426858513189, 'recall_macro': 0.773218281693326, 'recall_micro': 0.8458115183246073, 'recall_weighted': 0.8458115183246073, 'recall_binary': 0.6335877862595419, 'roc_auc': 0.9006268099296371}
-----------------------
Epoch 16/100
Training statistic: Loss: 0.3370, train_score: {'accuracy': 0.8489276139410188, 'balanced_accuracy': 0.7790467142978713, 'f1_macro': 0.7875767704979584, 'f1_micro': 0.8489276139410188, 'f1_weighted': 0.8464825578778538, 'f1_binary': 0.6734174769785563, 'pr_auc': 0.7450990333230483, 'precision_macro': 0.7977285955887126, 'precision_micro': 0.8489276139410188, 'precision_weighted': 0.8450030836430116, 'precision_binary': 0.7061107359891965, 'recall_macro': 0.7790467142978713, 'recall_micro': 0.8489276139410188, 'recall_weighted': 0.8489276139410188, 'recall_binary': 0.6436176760216642, 'roc_auc': 0.8970433954134653}
Validation statistic: Loss: 0.3326, dev_score: {'accuracy': 0.8471204188481676, 'balanced_accuracy': 0.7822859141316225, 'f1_macro': 0.7869569784653583, 'f1_micro': 0.8471204188481676, 'f1_weighted': 0.8458163836871608, 'f1_binary': 0.6737430167597765, 'pr_auc': 0.7398032690222102, 'precision_macro': 0.7920863082848537, 'precision_micro': 0.8471204188481676, 'precision_weighted': 0.8447853167606209, 'precision_binary': 0.6907216494845361, 'recall_macro': 0.7822859141316225, 'recall_micro': 0.8471204188481676, 'recall_weighted': 0.8471204188481676, 'recall_binary': 0.6575790621592148, 'roc_auc': 0.9017740456512667}
Saving model...
Model saved!
-------------------------------------------
-----------------------
Epoch 17/100
Training statistic: Loss: 0.3371, train_score: {'accuracy': 0.849069109323801, 'balanced_accuracy': 0.7759244864816983, 'f1_macro': 0.7862461797822979, 'f1_micro': 0.849069109323801, 'f1_weighted': 0.8460408848123359, 'f1_binary': 0.670364165704341, 'pr_auc': 0.7454425725357705, 'precision_macro': 0.7990176974516205, 'precision_micro': 0.849069109323801, 'precision_weighted': 0.844465790993408, 'precision_binary': 0.710939386621589, 'recall_macro': 0.7759244864816983, 'recall_micro': 0.849069109323801, 'recall_weighted': 0.849069109323801, 'recall_binary': 0.6341703594288528, 'roc_auc': 0.8972939260998847}
Validation statistic: Loss: 0.3332, dev_score: {'accuracy': 0.8458115183246073, 'balanced_accuracy': 0.7754564056060533, 'f1_macro': 0.7828445893704281, 'f1_micro': 0.8458115183246073, 'f1_weighted': 0.8436381338055277, 'f1_binary': 0.6659103800340329, 'pr_auc': 0.7400334541031963, 'precision_macro': 0.7914458800542448, 'precision_micro': 0.8458115183246073, 'precision_weighted': 0.8421837360716037, 'precision_binary': 0.693853427895981, 'recall_macro': 0.7754564056060533, 'recall_micro': 0.8458115183246073, 'recall_weighted': 0.8458115183246073, 'recall_binary': 0.6401308615049073, 'roc_auc': 0.9014352091676681}
-----------------------
Epoch 18/100
Training statistic: Loss: 0.3372, train_score: {'accuracy': 0.8498063747393506, 'balanced_accuracy': 0.7714251171217736, 'f1_macro': 0.7846838097799167, 'f1_micro': 0.8498063747393506, 'f1_weighted': 0.8457851568835519, 'f1_binary': 0.6662695260788986, 'pr_auc': 0.7462833381582582, 'precision_macro': 0.8021914971913751, 'precision_micro': 0.8498063747393506, 'precision_weighted': 0.8442680663621757, 'precision_binary': 0.7206471935853379, 'recall_macro': 0.7714251171217736, 'recall_micro': 0.8498063747393506, 'recall_weighted': 0.8498063747393506, 'recall_binary': 0.6195224027572624, 'roc_auc': 0.8975856865658455}
Validation statistic: Loss: 0.3346, dev_score: {'accuracy': 0.8486910994764398, 'balanced_accuracy': 0.7732477702343044, 'f1_macro': 0.784047807673875, 'f1_micro': 0.8486910994764398, 'f1_weighted': 0.8454743997886566, 'f1_binary': 0.6658959537572254, 'pr_auc': 0.7397429071925086, 'precision_macro': 0.7975425115075893, 'precision_micro': 0.8486910994764398, 'precision_weighted': 0.8438420081831304, 'precision_binary': 0.7084870848708487, 'recall_macro': 0.7732477702343044, 'recall_micro': 0.8486910994764398, 'recall_weighted': 0.8486910994764398, 'recall_binary': 0.6281352235550709, 'roc_auc': 0.9012387441112134}
-----------------------
Epoch 19/100
Training statistic: Loss: 0.3368, train_score: {'accuracy': 0.8494489127196903, 'balanced_accuracy': 0.7820091161565413, 'f1_macro': 0.7893263175891639, 'f1_micro': 0.8494489127196903, 'f1_weighted': 0.8473988406800819, 'f1_binary': 0.6767818885300418, 'pr_auc': 0.7472430889465681, 'precision_macro': 0.7978073098610954, 'precision_micro': 0.8494489127196903, 'precision_weighted': 0.8460432680555726, 'precision_binary': 0.7043261231281198, 'recall_macro': 0.7820091161565413, 'recall_micro': 0.8494489127196903, 'recall_weighted': 0.8494489127196903, 'recall_binary': 0.6513109305760709, 'roc_auc': 0.8979006314038982}
Validation statistic: Loss: 0.3338, dev_score: {'accuracy': 0.8481675392670157, 'balanced_accuracy': 0.7863320424740172, 'f1_macro': 0.7895545501657273, 'f1_micro': 0.8481675392670157, 'f1_weighted': 0.8472953221672942, 'f1_binary': 0.6784922394678492, 'pr_auc': 0.7397213630236643, 'precision_macro': 0.7929885442296213, 'precision_micro': 0.8481675392670157, 'precision_weighted': 0.8465493869198781, 'precision_binary': 0.6899661781285231, 'recall_macro': 0.7863320424740172, 'recall_micro': 0.8481675392670157, 'recall_weighted': 0.8481675392670157, 'recall_binary': 0.6673936750272628, 'roc_auc': 0.9016117647633347}
-----------------------
Epoch 20/100
Training statistic: Loss: 0.3352, train_score: {'accuracy': 0.850201072386059, 'balanced_accuracy': 0.7752990526409156, 'f1_macro': 0.7868372584501653, 'f1_micro': 0.850201072386059, 'f1_weighted': 0.8468057323132488, 'f1_binary': 0.6706184807349064, 'pr_auc': 0.7474301413261693, 'precision_macro': 0.8014772522720839, 'precision_micro': 0.850201072386059, 'precision_weighted': 0.8452449299247027, 'precision_binary': 0.7166555839428831, 'recall_macro': 0.7752990526409156, 'recall_micro': 0.850201072386059, 'recall_weighted': 0.850201072386059, 'recall_binary': 0.6301390940423437, 'roc_auc': 0.8980182861060018}
Validation statistic: Loss: 0.3311, dev_score: {'accuracy': 0.8481675392670157, 'balanced_accuracy': 0.7784986087794712, 'f1_macro': 0.786077792912953, 'f1_micro': 0.8481675392670157, 'f1_weighted': 0.8459953032429668, 'f1_binary': 0.6708286038592508, 'pr_auc': 0.741921821112841, 'precision_macro': 0.7949142260454478, 'precision_micro': 0.8481675392670157, 'precision_weighted': 0.8445673152745717, 'precision_binary': 0.6994082840236686, 'recall_macro': 0.7784986087794712, 'recall_micro': 0.8481675392670157, 'recall_weighted': 0.8481675392670157, 'recall_binary': 0.6444929116684842, 'roc_auc': 0.9025704240827843}
Saving model...
Model saved!
-------------------------------------------
-----------------------
Epoch 21/100
Training statistic: Loss: 0.3349, train_score: {'accuracy': 0.8494787012213285, 'balanced_accuracy': 0.7840712240164274, 'f1_macro': 0.7902669673085758, 'f1_micro': 0.8494787012213285, 'f1_weighted': 0.8477691063923177, 'f1_binary': 0.6788279412699422, 'pr_auc': 0.7486672019565649, 'precision_macro': 0.7972813598310261, 'precision_micro': 0.8494787012213285, 'precision_weighted': 0.8465491425011884, 'precision_binary': 0.7018004994085951, 'recall_macro': 0.7840712240164274, 'recall_micro': 0.8494787012213285, 'recall_weighted': 0.8494787012213285, 'recall_binary': 0.6573116691285081, 'roc_auc': 0.8985156727298631}
Validation statistic: Loss: 0.3314, dev_score: {'accuracy': 0.8481675392670157, 'balanced_accuracy': 0.7885701663867446, 'f1_macro': 0.7905144140000968, 'f1_micro': 0.8481675392670157, 'f1_weighted': 0.8476496968244984, 'f1_binary': 0.6806167400881057, 'pr_auc': 0.7443711371217846, 'precision_macro': 0.7925341367924115, 'precision_micro': 0.8481675392670157, 'precision_weighted': 0.8471770335849752, 'precision_binary': 0.6874304783092324, 'recall_macro': 0.7885701663867446, 'recall_micro': 0.8481675392670157, 'recall_weighted': 0.8481675392670157, 'recall_binary': 0.6739367502726281, 'roc_auc': 0.9029280430765602}
-----------------------
Epoch 22/100
Training statistic: Loss: 0.3348, train_score: {'accuracy': 0.8493669943401847, 'balanced_accuracy': 0.7818189162649993, 'f1_macro': 0.789176471163613, 'f1_micro': 0.8493669943401847, 'f1_weighted': 0.847302451593421, 'f1_binary': 0.6765284418928211, 'pr_auc': 0.7480071679828587, 'precision_macro': 0.797712240255491, 'precision_micro': 0.8493669943401847, 'precision_weighted': 0.8459409776361709, 'precision_binary': 0.7042450474446479, 'recall_macro': 0.7818189162649993, 'recall_micro': 0.8493669943401847, 'recall_weighted': 0.8493669943401847, 'recall_binary': 0.6509108813392418, 'roc_auc': 0.8983285194832218}
Validation statistic: Loss: 0.3325, dev_score: {'accuracy': 0.8463350785340314, 'balanced_accuracy': 0.7817692072766449, 'f1_macro': 0.7861111818560502, 'f1_micro': 0.8463350785340314, 'f1_weighted': 0.8451169336086258, 'f1_binary': 0.6726157278304518, 'pr_auc': 0.7400069563090618, 'precision_macro': 0.7908492778439546, 'precision_micro': 0.8463350785340314, 'precision_weighted': 0.8441349645801695, 'precision_binary': 0.6883561643835616, 'recall_macro': 0.7817692072766449, 'recall_micro': 0.8463350785340314, 'recall_weighted': 0.8463350785340314, 'recall_binary': 0.6575790621592148, 'roc_auc': 0.9017669082973993}
-----------------------
Epoch 23/100
Training statistic: Loss: 0.3346, train_score: {'accuracy': 0.8503351206434316, 'balanced_accuracy': 0.780697867038735, 'f1_macro': 0.7894349609966644, 'f1_micro': 0.8503351206434316, 'f1_weighted': 0.8478667308728011, 'f1_binary': 0.6761943124144043, 'pr_auc': 0.748777757840396, 'precision_macro': 0.7998607261283446, 'precision_micro': 0.8503351206434316, 'precision_weighted': 0.8464028709629424, 'precision_binary': 0.7096621461665934, 'recall_macro': 0.780697867038735, 'recall_micro': 0.8503351206434316, 'recall_weighted': 0.8503351206434316, 'recall_binary': 0.6457410142786805, 'roc_auc': 0.8986997410860365}
Validation statistic: Loss: 0.3317, dev_score: {'accuracy': 0.8476439790575916, 'balanced_accuracy': 0.782257364716153, 'f1_macro': 0.787356469155574, 'f1_micro': 0.8476439790575916, 'f1_weighted': 0.846221264959609, 'f1_binary': 0.6741321388577828, 'pr_auc': 0.742978733379955, 'precision_macro': 0.7930034054497335, 'precision_micro': 0.8476439790575916, 'precision_weighted': 0.8451245289776903, 'precision_binary': 0.6927502876869965, 'recall_macro': 0.782257364716153, 'recall_micro': 0.8476439790575916, 'recall_weighted': 0.8476439790575916, 'recall_binary': 0.6564885496183206, 'roc_auc': 0.9023138549937624}
-----------------------
Epoch 24/100
Training statistic: Loss: 0.3340, train_score: {'accuracy': 0.8509681263032469, 'balanced_accuracy': 0.7777532171699423, 'f1_macro': 0.7885847287737273, 'f1_micro': 0.8509681263032469, 'f1_weighted': 0.8478430552252278, 'f1_binary': 0.6737422152662298, 'pr_auc': 0.7492846601757228, 'precision_macro': 0.8020967035414256, 'precision_micro': 0.8509681263032469, 'precision_weighted': 0.8463053194002311, 'precision_binary': 0.7164204978850288, 'recall_macro': 0.7777532171699423, 'recall_micro': 0.8509681263032469, 'recall_weighted': 0.8509681263032469, 'recall_binary': 0.6358628754308222, 'roc_auc': 0.8988768904714294}
Validation statistic: Loss: 0.3313, dev_score: {'accuracy': 0.8489528795811518, 'balanced_accuracy': 0.7790153156344488, 'f1_macro': 0.7869300729389477, 'f1_micro': 0.8489528795811518, 'f1_weighted': 0.8466958633277966, 'f1_binary': 0.6719727117680501, 'pr_auc': 0.741958012990157, 'precision_macro': 0.7962153974753896, 'precision_micro': 0.8489528795811518, 'precision_weighted': 0.8452494047141742, 'precision_binary': 0.7019002375296912, 'recall_macro': 0.7790153156344488, 'recall_micro': 0.8489528795811518, 'recall_weighted': 0.8489528795811518, 'recall_binary': 0.6444929116684842, 'roc_auc': 0.9020437624974127}
-----------------------
Epoch 25/100
Training statistic: Loss: 0.3347, train_score: {'accuracy': 0.8507968424188264, 'balanced_accuracy': 0.781033856008803, 'f1_macro': 0.7899519520922108, 'f1_micro': 0.8507968424188264, 'f1_weighted': 0.8482854573841057, 'f1_binary': 0.6769017400699898, 'pr_auc': 0.7489364808953886, 'precision_macro': 0.8006285323241751, 'precision_micro': 0.8507968424188264, 'precision_weighted': 0.8468195902059913, 'precision_binary': 0.7111103581472571, 'recall_macro': 0.781033856008803, 'recall_micro': 0.8507968424188264, 'recall_weighted': 0.8507968424188264, 'recall_binary': 0.6458333333333334, 'roc_auc': 0.8988407387357256}
Validation statistic: Loss: 0.3323, dev_score: {'accuracy': 0.8473821989528796, 'balanced_accuracy': 0.7794739845329786, 'f1_macro': 0.7859047194961138, 'f1_micro': 0.8473821989528796, 'f1_weighted': 0.8455501880848469, 'f1_binary': 0.6711787930062042, 'pr_auc': 0.7413339624256886, 'precision_macro': 0.7932282404429478, 'precision_micro': 0.8473821989528796, 'precision_weighted': 0.8442480514489842, 'precision_binary': 0.6950934579439252, 'recall_macro': 0.7794739845329786, 'recall_micro': 0.8473821989528796, 'recall_weighted': 0.8473821989528796, 'recall_binary': 0.648854961832061, 'roc_auc': 0.9020877135712276}
-----------------------
Epoch 26/100
Training statistic: Loss: 0.3346, train_score: {'accuracy': 0.8506404527852249, 'balanced_accuracy': 0.7817581538847695, 'f1_macro': 0.7901551619122856, 'f1_micro': 0.8506404527852249, 'f1_weighted': 0.8482878927840081, 'f1_binary': 0.677494050299093, 'pr_auc': 0.7496741053118193, 'precision_macro': 0.8000990379778047, 'precision_micro': 0.8506404527852249, 'precision_weighted': 0.8468560550304716, 'precision_binary': 0.7094840361040011, 'recall_macro': 0.7817581538847695, 'recall_micro': 0.8506404527852249, 'recall_weighted': 0.8506404527852249, 'recall_binary': 0.6482644017725259, 'roc_auc': 0.8991035784480302}
Validation statistic: Loss: 0.3318, dev_score: {'accuracy': 0.8447643979057592, 'balanced_accuracy': 0.7770055870454773, 'f1_macro': 0.7827446965819257, 'f1_micro': 0.8447643979057592, 'f1_weighted': 0.84309311737033, 'f1_binary': 0.6666666666666666, 'pr_auc': 0.7424049678701822, 'precision_macro': 0.7892007831214732, 'precision_micro': 0.8447643979057592, 'precision_weighted': 0.8418483685039121, 'precision_binary': 0.6879350348027842, 'recall_macro': 0.7770055870454773, 'recall_micro': 0.8447643979057592, 'recall_weighted': 0.8447643979057592, 'recall_binary': 0.6466739367502726, 'roc_auc': 0.902703028604636}
-----------------------
Epoch 27/100
Training statistic: Loss: 0.3339, train_score: {'accuracy': 0.8510351504319332, 'balanced_accuracy': 0.7831497168795252, 'f1_macro': 0.7910918283465723, 'f1_micro': 0.8510351504319332, 'f1_weighted': 0.8488342257196831, 'f1_binary': 0.679187182242466, 'pr_auc': 0.749938491756217, 'precision_macro': 0.800402811177334, 'precision_micro': 0.8510351504319332, 'precision_weighted': 0.8474487213593466, 'precision_binary': 0.7092279350192597, 'recall_macro': 0.7831497168795252, 'recall_micro': 0.8510351504319332, 'recall_weighted': 0.8510351504319332, 'recall_binary': 0.6515878877400295, 'roc_auc': 0.8992757720846993}
Validation statistic: Loss: 0.3313, dev_score: {'accuracy': 0.8479057591623037, 'balanced_accuracy': 0.7839216829429639, 'f1_macro': 0.7882974389409969, 'f1_micro': 0.8479057591623037, 'f1_weighted': 0.8467000654627114, 'f1_binary': 0.6759620747350809, 'pr_auc': 0.7420546906972023, 'precision_macro': 0.7930711174806433, 'precision_micro': 0.8479057591623037, 'precision_weighted': 0.8457314648596459, 'precision_binary': 0.6917808219178082, 'recall_macro': 0.7839216829429639, 'recall_micro': 0.8479057591623037, 'recall_weighted': 0.8479057591623037, 'recall_binary': 0.6608505997818975, 'roc_auc': 0.9028705685954177}
-----------------------
Epoch 28/100
Training statistic: Loss: 0.3348, train_score: {'accuracy': 0.8503723562704796, 'balanced_accuracy': 0.7846083369004202, 'f1_macro': 0.791212594450204, 'f1_micro': 0.8503723562704796, 'f1_weighted': 0.8485597722811905, 'f1_binary': 0.6800738829973568, 'pr_auc': 0.7499007817981882, 'precision_macro': 0.7987470783752164, 'precision_micro': 0.8503723562704796, 'precision_weighted': 0.8473029269771467, 'precision_binary': 0.7046459446974197, 'recall_macro': 0.7846083369004202, 'recall_micro': 0.8503723562704796, 'recall_weighted': 0.8503723562704796, 'recall_binary': 0.65715780403742, 'roc_auc': 0.8992783629573277}
Validation statistic: Loss: 0.3334, dev_score: {'accuracy': 0.8468586387434555, 'balanced_accuracy': 0.7858438850345091, 'f1_macro': 0.7883068899300978, 'f1_micro': 0.8468586387434555, 'f1_weighted': 0.8461883101109481, 'f1_binary': 0.676974047487576, 'pr_auc': 0.7418851832684624, 'precision_macro': 0.7908931113629101, 'precision_micro': 0.8468586387434555, 'precision_weighted': 0.8455917025921242, 'precision_binary': 0.685682326621924, 'recall_macro': 0.7858438850345091, 'recall_micro': 0.8468586387434555, 'recall_weighted': 0.8468586387434555, 'recall_binary': 0.6684841875681571, 'roc_auc': 0.9022220085189954}
-----------------------
Epoch 29/100
Training statistic: Loss: 0.3332, train_score: {'accuracy': 0.8509681263032469, 'balanced_accuracy': 0.7854831366762598, 'f1_macro': 0.7920715213646579, 'f1_micro': 0.8509681263032469, 'f1_weighted': 0.849173191571259, 'f1_binary': 0.6814086031776355, 'pr_auc': 0.7506243955603523, 'precision_macro': 0.7995813031945067, 'precision_micro': 0.8509681263032469, 'precision_weighted': 0.8479286254415112, 'precision_binary': 0.7058842931591793, 'recall_macro': 0.7854831366762598, 'recall_micro': 0.8509681263032469, 'recall_weighted': 0.8509681263032469, 'recall_binary': 0.6585733628754308, 'roc_auc': 0.8995684714566577}
Validation statistic: Loss: 0.3297, dev_score: {'accuracy': 0.8492146596858638, 'balanced_accuracy': 0.787394005599442, 'f1_macro': 0.7908456174651209, 'f1_micro': 0.8492146596858638, 'f1_weighted': 0.8482890851808769, 'f1_binary': 0.6803551609322974, 'pr_auc': 0.7448114354107673, 'precision_macro': 0.7945389272274035, 'precision_micro': 0.8492146596858638, 'precision_weighted': 0.8475077099895997, 'precision_binary': 0.6926553672316385, 'recall_macro': 0.787394005599442, 'recall_micro': 0.8492146596858638, 'recall_weighted': 0.8492146596858638, 'recall_binary': 0.6684841875681571, 'roc_auc': 0.9042533369946707}
Saving model...
Model saved!
-------------------------------------------
-----------------------
Epoch 30/100
Training statistic: Loss: 0.3336, train_score: {'accuracy': 0.8512660113196306, 'balanced_accuracy': 0.7826107065316641, 'f1_macro': 0.7910340493474356, 'f1_micro': 0.8512660113196306, 'f1_weighted': 0.8489233044815621, 'f1_binary': 0.6788447932076928, 'pr_auc': 0.7507723515049518, 'precision_macro': 0.8010070870462378, 'precision_micro': 0.8512660113196306, 'precision_weighted': 0.8475027656546392, 'precision_binary': 0.7108985585342853, 'recall_macro': 0.7826107065316641, 'recall_micro': 0.8512660113196306, 'recall_weighted': 0.8512660113196306, 'recall_binary': 0.6495568685376661, 'roc_auc': 0.8996478496021426}
Validation statistic: Loss: 0.3318, dev_score: {'accuracy': 0.8479057591623037, 'balanced_accuracy': 0.7835486622908427, 'f1_macro': 0.7881335019925906, 'f1_micro': 0.8479057591623037, 'f1_weighted': 0.8466390233031129, 'f1_binary': 0.6756002233389168, 'pr_auc': 0.7430118747644208, 'precision_macro': 0.793156682994123, 'precision_micro': 0.8479057591623037, 'precision_weighted': 0.8456333554217325, 'precision_binary': 0.6922196796338673, 'recall_macro': 0.7835486622908427, 'recall_micro': 0.8479057591623037, 'recall_weighted': 0.8479057591623037, 'recall_binary': 0.6597600872410033, 'roc_auc': 0.9029126414182147}
-----------------------
Epoch 31/100
Training statistic: Loss: 0.3330, train_score: {'accuracy': 0.8509904676794757, 'balanced_accuracy': 0.7840733899551064, 'f1_macro': 0.7914672390088493, 'f1_micro': 0.8509904676794757, 'f1_weighted': 0.8489552231201716, 'f1_binary': 0.680055645277347, 'pr_auc': 0.7509758839404176, 'precision_macro': 0.8000369711932265, 'precision_micro': 0.8509904676794757, 'precision_weighted': 0.8476212214633189, 'precision_binary': 0.707818793063276, 'recall_macro': 0.7840733899551064, 'recall_micro': 0.8509904676794757, 'recall_weighted': 0.8509904676794757, 'recall_binary': 0.6543882323978336, 'roc_auc': 0.8998248222718519}
Validation statistic: Loss: 0.3307, dev_score: {'accuracy': 0.8471204188481676, 'balanced_accuracy': 0.7848970586964712, 'f1_macro': 0.7881032022358356, 'f1_micro': 0.8471204188481676, 'f1_weighted': 0.846242186458103, 'f1_binary': 0.6762749445676275, 'pr_auc': 0.7438484299721344, 'precision_macro': 0.7915202006787437, 'precision_micro': 0.8471204188481676, 'precision_weighted': 0.8454899139165128, 'precision_binary': 0.6877113866967306, 'recall_macro': 0.7848970586964712, 'recall_micro': 0.8471204188481676, 'recall_weighted': 0.8471204188481676, 'recall_binary': 0.6652126499454744, 'roc_auc': 0.9035467389618005}
-----------------------
Epoch 32/100
Training statistic: Loss: 0.3347, train_score: {'accuracy': 0.8506478999106345, 'balanced_accuracy': 0.7878694931752832, 'f1_macro': 0.792854910554242, 'f1_micro': 0.8506478999106345, 'f1_weighted': 0.8493124041254592, 'f1_binary': 0.683440405347813, 'pr_auc': 0.7513267873642826, 'precision_macro': 0.7983556260335526, 'precision_micro': 0.8506478999106345, 'precision_weighted': 0.8482857182584962, 'precision_binary': 0.7015912110704217, 'recall_macro': 0.7878694931752832, 'recall_micro': 0.8506478999106345, 'recall_weighted': 0.8506478999106345, 'recall_binary': 0.6662050713934022, 'roc_auc': 0.8998219846926403}
Validation statistic: Loss: 0.3326, dev_score: {'accuracy': 0.8476439790575916, 'balanced_accuracy': 0.7912098603670628, 'f1_macro': 0.7912098603670628, 'f1_micro': 0.8476439790575916, 'f1_weighted': 0.8476439790575916, 'f1_binary': 0.6826608505997819, 'pr_auc': 0.7443601782830809, 'precision_macro': 0.7912098603670628, 'precision_micro': 0.8476439790575916, 'precision_weighted': 0.8476439790575916, 'precision_binary': 0.6826608505997819, 'recall_macro': 0.7912098603670628, 'recall_micro': 0.8476439790575916, 'recall_weighted': 0.8476439790575916, 'recall_binary': 0.6826608505997819, 'roc_auc': 0.9034800610506711}
-----------------------
Epoch 33/100
Training statistic: Loss: 0.3324, train_score: {'accuracy': 0.8513628239499553, 'balanced_accuracy': 0.7806006864131776, 'f1_macro': 0.7902033228985766, 'f1_micro': 0.8513628239499553, 'f1_weighted': 0.8486524409638161, 'f1_binary': 0.6769290535618899, 'pr_auc': 0.7512731208145742, 'precision_macro': 0.8018600859288385, 'precision_micro': 0.8513628239499553, 'precision_weighted': 0.8471614266585205, 'precision_binary': 0.7140661817436738, 'recall_macro': 0.7806006864131776, 'recall_micro': 0.8513628239499553, 'recall_weighted': 0.8513628239499553, 'recall_binary': 0.643463810930576, 'roc_auc': 0.8998533974548897}
Validation statistic: Loss: 0.3298, dev_score: {'accuracy': 0.8471204188481676, 'balanced_accuracy': 0.7770636250019252, 'f1_macro': 0.7846024673468355, 'f1_micro': 0.8471204188481676, 'f1_weighted': 0.8449332018860217, 'f1_binary': 0.6685584562996595, 'pr_auc': 0.7420622581721124, 'precision_macro': 0.7933946596390036, 'precision_micro': 0.8471204188481676, 'precision_weighted': 0.8434882548452944, 'precision_binary': 0.6970414201183432, 'recall_macro': 0.7770636250019252, 'recall_micro': 0.8471204188481676, 'recall_weighted': 0.8471204188481676, 'recall_binary': 0.6423118865866958, 'roc_auc': 0.9027176789625744}
-----------------------
Epoch 34/100
Training statistic: Loss: 0.3322, train_score: {'accuracy': 0.8510872803098004, 'balanced_accuracy': 0.7850275530619422, 'f1_macro': 0.7919660477598893, 'f1_micro': 0.8510872803098004, 'f1_weighted': 0.8491910136868875, 'f1_binary': 0.6810641827229807, 'pr_auc': 0.7523968565345001, 'precision_macro': 0.7999314714610768, 'precision_micro': 0.8510872803098004, 'precision_weighted': 0.8479076989043681, 'precision_binary': 0.706953642384106, 'recall_macro': 0.7850275530619422, 'recall_micro': 0.8510872803098004, 'recall_weighted': 0.8510872803098004, 'recall_binary': 0.6570039389463319, 'roc_auc': 0.9001768260062737}
Validation statistic: Loss: 0.3299, dev_score: {'accuracy': 0.8463350785340314, 'balanced_accuracy': 0.7847533724936149, 'f1_macro': 0.7874212466317965, 'f1_micro': 0.8463350785340314, 'f1_weighted': 0.8456026838062563, 'f1_binary': 0.6755113322277502, 'pr_auc': 0.7458594711010846, 'precision_macro': 0.7902346908770124, 'precision_micro': 0.8463350785340314, 'precision_weighted': 0.8449573676387215, 'precision_binary': 0.6849775784753364, 'recall_macro': 0.7847533724936149, 'recall_micro': 0.8463350785340314, 'recall_weighted': 0.8463350785340314, 'recall_binary': 0.6663031624863686, 'roc_auc': 0.9035407285585438}
-----------------------
Epoch 35/100
Training statistic: Loss: 0.3315, train_score: {'accuracy': 0.8513777182007745, 'balanced_accuracy': 0.7845592640585891, 'f1_macro': 0.7919906478969805, 'f1_micro': 0.8513777182007745, 'f1_weighted': 0.8493407339916895, 'f1_binary': 0.6808463002350834, 'pr_auc': 0.7526818372679683, 'precision_macro': 0.8006071313845935, 'precision_micro': 0.8513777182007745, 'precision_weighted': 0.848010344149983, 'precision_binary': 0.7087398035625104, 'recall_macro': 0.7845592640585891, 'recall_micro': 0.8513777182007745, 'recall_weighted': 0.8513777182007745, 'recall_binary': 0.6550652387986213, 'roc_auc': 0.9003285198677939}
Validation statistic: Loss: 0.3292, dev_score: {'accuracy': 0.8471204188481676, 'balanced_accuracy': 0.7863891413049562, 'f1_macro': 0.7887491458605105, 'f1_micro': 0.8471204188481676, 'f1_weighted': 0.8464808929489003, 'f1_binary': 0.6777041942604857, 'pr_auc': 0.7460535259437008, 'precision_macro': 0.7912218879816646, 'precision_micro': 0.8471204188481676, 'precision_weighted': 0.8459088250756917, 'precision_binary': 0.6860335195530727, 'recall_macro': 0.7863891413049562, 'recall_micro': 0.8471204188481676, 'recall_weighted': 0.8471204188481676, 'recall_binary': 0.6695747001090513, 'roc_auc': 0.9039969557307506}
Saving model...
Model saved!
-------------------------------------------
-----------------------
Epoch 36/100
Training statistic: Loss: 0.3333, train_score: {'accuracy': 0.8517426273458445, 'balanced_accuracy': 0.7801494491883701, 'f1_macro': 0.7902984938416746, 'f1_micro': 0.8517426273458445, 'f1_weighted': 0.8488701737007524, 'f1_binary': 0.676786700003247, 'pr_auc': 0.752038825154362, 'precision_macro': 0.8027573038797792, 'precision_micro': 0.8517426273458445, 'precision_weighted': 0.8473671442183095, 'precision_binary': 0.7163035260155337, 'recall_macro': 0.7801494491883701, 'recall_micro': 0.8517426273458445, 'recall_weighted': 0.8517426273458445, 'recall_binary': 0.641402018709995, 'roc_auc': 0.9002275769668425}
Validation statistic: Loss: 0.3324, dev_score: {'accuracy': 0.8463350785340314, 'balanced_accuracy': 0.7761738974948263, 'f1_macro': 0.7835819591858086, 'f1_micro': 0.8463350785340314, 'f1_weighted': 0.844169073928429, 'f1_binary': 0.6670448099829835, 'pr_auc': 0.7427063828538776, 'precision_macro': 0.7922050203417801, 'precision_micro': 0.8463350785340314, 'precision_weighted': 0.8427230163802252, 'precision_binary': 0.6950354609929078, 'recall_macro': 0.7761738974948263, 'recall_micro': 0.8463350785340314, 'recall_weighted': 0.8463350785340314, 'recall_binary': 0.6412213740458015, 'roc_auc': 0.9032251823875651}
-----------------------
Epoch 37/100
Training statistic: Loss: 0.3333, train_score: {'accuracy': 0.8515787905868335, 'balanced_accuracy': 0.7828903448156963, 'f1_macro': 0.7914078634282122, 'f1_micro': 0.8515787905868335, 'f1_weighted': 0.8492160054271937, 'f1_binary': 0.6793758043758044, 'pr_auc': 0.7529843563227135, 'precision_macro': 0.8015086124493385, 'precision_micro': 0.8515787905868335, 'precision_weighted': 0.8477950691521716, 'precision_binary': 0.7118055555555556, 'recall_macro': 0.7828903448156963, 'recall_micro': 0.8515787905868335, 'recall_weighted': 0.8515787905868335, 'recall_binary': 0.6497722796651896, 'roc_auc': 0.9005415307458514}
Validation statistic: Loss: 0.3322, dev_score: {'accuracy': 0.8471204188481676, 'balanced_accuracy': 0.7822859141316225, 'f1_macro': 0.7869569784653583, 'f1_micro': 0.8471204188481676, 'f1_weighted': 0.8458163836871608, 'f1_binary': 0.6737430167597765, 'pr_auc': 0.7459063317216121, 'precision_macro': 0.7920863082848537, 'precision_micro': 0.8471204188481676, 'precision_weighted': 0.8447853167606209, 'precision_binary': 0.6907216494845361, 'recall_macro': 0.7822859141316225, 'recall_micro': 0.8471204188481676, 'recall_weighted': 0.8471204188481676, 'recall_binary': 0.6575790621592148, 'roc_auc': 0.9034118805387275}
-----------------------
Epoch 38/100
Training statistic: Loss: 0.3319, train_score: {'accuracy': 0.8516756032171582, 'balanced_accuracy': 0.7763240713296649, 'f1_macro': 0.7884753940473459, 'f1_micro': 0.8516756032171582, 'f1_weighted': 0.8481358266548468, 'f1_binary': 0.6728535996452095, 'pr_auc': 0.7526085160135247, 'precision_macro': 0.8040631470265576, 'precision_micro': 0.8516756032171582, 'precision_weighted': 0.8466250340673824, 'precision_binary': 0.7215782983970407, 'recall_macro': 0.7763240713296649, 'recall_micro': 0.8516756032171582, 'recall_weighted': 0.8516756032171582, 'recall_binary': 0.6302929591334318, 'roc_auc': 0.9004516061962711}
Validation statistic: Loss: 0.3300, dev_score: {'accuracy': 0.8463350785340314, 'balanced_accuracy': 0.7716976496693715, 'f1_macro': 0.7814875092076576, 'f1_micro': 0.8463350785340314, 'f1_weighted': 0.8433747137642065, 'f1_binary': 0.6624496837262794, 'pr_auc': 0.7425582912518551, 'precision_macro': 0.7934937160053175, 'precision_micro': 0.8463350785340314, 'precision_weighted': 0.8417211727985279, 'precision_binary': 0.7007299270072993, 'recall_macro': 0.7716976496693715, 'recall_micro': 0.8463350785340314, 'recall_weighted': 0.8463350785340314, 'recall_binary': 0.6281352235550709, 'roc_auc': 0.9023780911785686}
-----------------------
Epoch 39/100
Training statistic: Loss: 0.3323, train_score: {'accuracy': 0.8517724158474829, 'balanced_accuracy': 0.7807451766541038, 'f1_macro': 0.7905935708285233, 'f1_micro': 0.8517724158474829, 'f1_weighted': 0.8489975362966091, 'f1_binary': 0.6774068071312804, 'pr_auc': 0.7530651660853249, 'precision_macro': 0.802604827575732, 'precision_micro': 0.8517724158474829, 'precision_weighted': 0.8475057641026863, 'precision_binary': 0.7155869059033009, 'recall_macro': 0.7807451766541038, 'recall_micro': 0.8517724158474829, 'recall_weighted': 0.8517724158474829, 'recall_binary': 0.6430945347119645, 'roc_auc': 0.9006220663866227}
Validation statistic: Loss: 0.3315, dev_score: {'accuracy': 0.8476439790575916, 'balanced_accuracy': 0.7800192408034257, 'f1_macro': 0.7863560133473197, 'f1_micro': 0.8476439790575916, 'f1_weighted': 0.8458466780103695, 'f1_binary': 0.6719278466741826, 'pr_auc': 0.7429649825357367, 'precision_macro': 0.7935565478710396, 'precision_micro': 0.8476439790575916, 'precision_weighted': 0.844562074146677, 'precision_binary': 0.6954492415402567, 'recall_macro': 0.7800192408034257, 'recall_micro': 0.8476439790575916, 'recall_weighted': 0.8476439790575916, 'recall_binary': 0.6499454743729552, 'roc_auc': 0.903024209528668}
-----------------------
Epoch 40/100
Training statistic: Loss: 0.3324, train_score: {'accuracy': 0.8518543342269884, 'balanced_accuracy': 0.7842975773065237, 'f1_macro': 0.792254596899106, 'f1_micro': 0.8518543342269884, 'f1_weighted': 0.849670814242297, 'f1_binary': 0.6809820870150906, 'pr_auc': 0.7539468172132793, 'precision_macro': 0.8015773368663482, 'precision_micro': 0.8518543342269884, 'precision_weighted': 0.8483005938357416, 'precision_binary': 0.7110277619637655, 'recall_macro': 0.7842975773065237, 'recall_micro': 0.8518543342269884, 'recall_weighted': 0.8518543342269884, 'recall_binary': 0.6533727227966519, 'roc_auc': 0.9009766077824491}
Validation statistic: Loss: 0.3310, dev_score: {'accuracy': 0.8515706806282722, 'balanced_accuracy': 0.7889441261643748, 'f1_macro': 0.7933987054725391, 'f1_micro': 0.8515706806282722, 'f1_weighted': 0.850394039788911, 'f1_binary': 0.6837702175125489, 'pr_auc': 0.7471653159786475, 'precision_macro': 0.7982554099662498, 'precision_micro': 0.8515706806282722, 'precision_weighted': 0.8494566321784242, 'precision_binary': 0.6997716894977168, 'recall_macro': 0.7889441261643748, 'recall_micro': 0.8515706806282722, 'recall_weighted': 0.8515706806282722, 'recall_binary': 0.6684841875681571, 'roc_auc': 0.9045820309227735}
-----------------------
Epoch 41/100
Training statistic: Loss: 0.3313, train_score: {'accuracy': 0.8513106940720881, 'balanced_accuracy': 0.7878772535485404, 'f1_macro': 0.7933882054506429, 'f1_micro': 0.8513106940720881, 'f1_weighted': 0.8498361138531676, 'f1_binary': 0.6839922762812193, 'pr_auc': 0.7534566780738001, 'precision_macro': 0.7995310767854008, 'precision_micro': 0.8513106940720881, 'precision_weighted': 0.8487397524116694, 'precision_binary': 0.7041647656911947, 'recall_macro': 0.7878772535485404, 'recall_micro': 0.8513106940720881, 'recall_weighted': 0.8513106940720881, 'recall_binary': 0.6649433776464796, 'roc_auc': 0.9009574875687455}
Validation statistic: Loss: 0.3299, dev_score: {'accuracy': 0.8505235602094241, 'balanced_accuracy': 0.7942235141250111, 'f1_macro': 0.7947728140263761, 'f1_micro': 0.8505235602094241, 'f1_weighted': 0.8503835533129324, 'f1_binary': 0.6878075451066157, 'pr_auc': 0.745826486096277, 'precision_macro': 0.7953279217645213, 'precision_micro': 0.8505235602094241, 'precision_weighted': 0.8502470289546901, 'precision_binary': 0.6896929824561403, 'recall_macro': 0.7942235141250111, 'recall_micro': 0.8505235602094241, 'recall_weighted': 0.8505235602094241, 'recall_binary': 0.6859323882224646, 'roc_auc': 0.9043626512039025}
-----------------------
Epoch 42/100
Training statistic: Loss: 0.3297, train_score: {'accuracy': 0.8516681560917486, 'balanced_accuracy': 0.7864371836858799, 'f1_macro': 0.7930481992075382, 'f1_micro': 0.8516681560917486, 'f1_weighted': 0.8498816524943202, 'f1_binary': 0.682905084853695, 'pr_auc': 0.7544857038855777, 'precision_macro': 0.8005824644181727, 'precision_micro': 0.8516681560917486, 'precision_weighted': 0.8486464669802108, 'precision_binary': 0.7074345273434923, 'recall_macro': 0.7864371836858799, 'recall_micro': 0.8516681560917486, 'recall_weighted': 0.8516681560917486, 'recall_binary': 0.6600196947316593, 'roc_auc': 0.9011659260607598}
Validation statistic: Loss: 0.3277, dev_score: {'accuracy': 0.849476439790576, 'balanced_accuracy': 0.7901773857826164, 'f1_macro': 0.792241572967285, 'f1_micro': 0.849476439790576, 'f1_weighted': 0.8489340644939961, 'f1_binary': 0.6831955922865014, 'pr_auc': 0.748506218476286, 'precision_macro': 0.7943902260556198, 'precision_micro': 0.849476439790576, 'precision_weighted': 0.8484422124576073, 'precision_binary': 0.6904231625835189, 'recall_macro': 0.7901773857826164, 'recall_micro': 0.849476439790576, 'recall_weighted': 0.849476439790576, 'recall_binary': 0.6761177753544165, 'roc_auc': 0.9044374055944082}
Saving model...
Model saved!
-------------------------------------------
-----------------------
Epoch 43/100
Training statistic: Loss: 0.3302, train_score: {'accuracy': 0.8523830801310694, 'balanced_accuracy': 0.7810537231448275, 'f1_macro': 0.7912186619912751, 'f1_micro': 0.8523830801310694, 'f1_weighted': 0.8495285162024758, 'f1_binary': 0.6782142857142858, 'pr_auc': 0.754682701738267, 'precision_macro': 0.8036892586506377, 'precision_micro': 0.8523830801310694, 'precision_weighted': 0.8480406297561186, 'precision_binary': 0.7177363936228697, 'recall_macro': 0.7810537231448275, 'recall_micro': 0.8523830801310694, 'recall_weighted': 0.8523830801310694, 'recall_binary': 0.642817577548006, 'roc_auc': 0.9011532404747653}
Validation statistic: Loss: 0.3275, dev_score: {'accuracy': 0.8486910994764398, 'balanced_accuracy': 0.7814542245809717, 'f1_macro': 0.7878243568981973, 'f1_micro': 0.8486910994764398, 'f1_weighted': 0.8469061510137347, 'f1_binary': 0.6741826381059752, 'pr_auc': 0.7466858316127167, 'precision_macro': 0.7950609047958662, 'precision_micro': 0.8486910994764398, 'precision_weighted': 0.8456352479276892, 'precision_binary': 0.6977829638273045, 'recall_macro': 0.7814542245809717, 'recall_micro': 0.8486910994764398, 'recall_weighted': 0.8486910994764398, 'recall_binary': 0.6521264994547438, 'roc_auc': 0.9039892549015778}
Saving model...
Model saved!
-------------------------------------------
-----------------------
Epoch 44/100
Training statistic: Loss: 0.3312, train_score: {'accuracy': 0.8527033065236819, 'balanced_accuracy': 0.7779970213227629, 'f1_macro': 0.7900676954679418, 'f1_micro': 0.8527033065236819, 'f1_weighted': 0.849237071431923, 'f1_binary': 0.6753975678203928, 'pr_auc': 0.7545983309004592, 'precision_macro': 0.8054946745149627, 'precision_micro': 0.8527033065236819, 'precision_weighted': 0.8477522733396032, 'precision_binary': 0.7235995358160143, 'recall_macro': 0.7779970213227629, 'recall_micro': 0.8527033065236819, 'recall_weighted': 0.8527033065236819, 'recall_binary': 0.6332163958641064, 'roc_auc': 0.9010406949571588}
Validation statistic: Loss: 0.3304, dev_score: {'accuracy': 0.849738219895288, 'balanced_accuracy': 0.7746827540118503, 'f1_macro': 0.7855422865135022, 'f1_micro': 0.849738219895288, 'f1_weighted': 0.8465437811049982, 'f1_binary': 0.6682080924855491, 'pr_auc': 0.7462555639144921, 'precision_macro': 0.799105081173858, 'precision_micro': 0.849738219895288, 'precision_weighted': 0.8449379952580696, 'precision_binary': 0.7109471094710947, 'recall_macro': 0.7746827540118503, 'recall_micro': 0.849738219895288, 'recall_weighted': 0.849738219895288, 'recall_binary': 0.6303162486368593, 'roc_auc': 0.9029509577389765}
-----------------------
Epoch 45/100
Training statistic: Loss: 0.3302, train_score: {'accuracy': 0.8519139112302652, 'balanced_accuracy': 0.7853319200529032, 'f1_macro': 0.7927595605822864, 'f1_micro': 0.8519139112302652, 'f1_weighted': 0.8498912795114503, 'f1_binary': 0.6820384080333871, 'pr_auc': 0.7547830406272082, 'precision_macro': 0.801366224731399, 'precision_micro': 0.8519139112302652, 'precision_weighted': 0.8485714987715295, 'precision_binary': 0.7098825017474952, 'recall_macro': 0.7853319200529032, 'recall_micro': 0.8519139112302652, 'recall_weighted': 0.8519139112302652, 'recall_binary': 0.6562961595273265, 'roc_auc': 0.901263111977206}
Validation statistic: Loss: 0.3283, dev_score: {'accuracy': 0.8481675392670157, 'balanced_accuracy': 0.7859590218218959, 'f1_macro': 0.7893931564752954, 'f1_micro': 0.8481675392670157, 'f1_weighted': 0.8472355371612996, 'f1_binary': 0.6781354051054383, 'pr_auc': 0.7493938332164314, 'precision_macro': 0.7930682682220234, 'precision_micro': 0.8481675392670157, 'precision_weighted': 0.8464473669026842, 'precision_binary': 0.6903954802259887, 'recall_macro': 0.7859590218218959, 'recall_micro': 0.8481675392670157, 'recall_weighted': 0.8481675392670157, 'recall_binary': 0.6663031624863686, 'roc_auc': 0.9042638552003698}
-----------------------
Epoch 46/100
Training statistic: Loss: 0.3316, train_score: {'accuracy': 0.8519809353589515, 'balanced_accuracy': 0.7812493179288582, 'f1_macro': 0.7909879652361094, 'f1_micro': 0.8519809353589515, 'f1_weighted': 0.8492482000629793, 'f1_binary': 0.6780797512228305, 'pr_auc': 0.7547471610893478, 'precision_macro': 0.8028339194460534, 'precision_micro': 0.8519809353589515, 'precision_weighted': 0.8477658141862877, 'precision_binary': 0.7157560008206251, 'recall_macro': 0.7812493179288582, 'recall_micro': 0.8519809353589515, 'recall_weighted': 0.8519809353589515, 'recall_binary': 0.6441715903495815, 'roc_auc': 0.9013647049016301}
Validation statistic: Loss: 0.3313, dev_score: {'accuracy': 0.8463350785340314, 'balanced_accuracy': 0.7784120214075538, 'f1_macro': 0.7846052615779932, 'f1_micro': 0.8463350785340314, 'f1_weighted': 0.844554120489823, 'f1_binary': 0.6692957746478874, 'pr_auc': 0.7463249531029903, 'precision_macro': 0.7916298758635019, 'precision_micro': 0.8463350785340314, 'precision_weighted': 0.8432670110838782, 'precision_binary': 0.6923076923076923, 'recall_macro': 0.7784120214075538, 'recall_micro': 0.8463350785340314, 'recall_weighted': 0.8463350785340314, 'recall_binary': 0.6477644492911668, 'roc_auc': 0.9037247971582815}
-----------------------
Epoch 47/100
Training statistic: Loss: 0.3311, train_score: {'accuracy': 0.8528299076556449, 'balanced_accuracy': 0.7705181983256227, 'f1_macro': 0.7865969730135755, 'f1_micro': 0.8528299076556449, 'f1_weighted': 0.8479426522922584, 'f1_binary': 0.6677091740651062, 'pr_auc': 0.7547011389914253, 'precision_macro': 0.8091095636291132, 'precision_micro': 0.8528299076556449, 'precision_weighted': 0.8468211361431847, 'precision_binary': 0.7360246144721234, 'recall_macro': 0.7705181983256227, 'recall_micro': 0.8528299076556449, 'recall_weighted': 0.8528299076556449, 'recall_binary': 0.6109982767109798, 'roc_auc': 0.9013453198411534}
Validation statistic: Loss: 0.3295, dev_score: {'accuracy': 0.8505235602094241, 'balanced_accuracy': 0.7681120684765244, 'f1_macro': 0.7829899378574123, 'f1_micro': 0.8505235602094241, 'f1_weighted': 0.8459283583131116, 'f1_binary': 0.6619301361752516, 'pr_auc': 0.7455214210962199, 'precision_macro': 0.8033195980036174, 'precision_micro': 0.8505235602094241, 'precision_weighted': 0.8445089956049935, 'precision_binary': 0.7240932642487047, 'recall_macro': 0.7681120684765244, 'recall_micro': 0.8505235602094241, 'recall_weighted': 0.8505235602094241, 'recall_binary': 0.6095965103598692, 'roc_auc': 0.9032708238872957}
-----------------------
Epoch 48/100
Training statistic: Loss: 0.3333, train_score: {'accuracy': 0.8516085790884719, 'balanced_accuracy': 0.7868168506052902, 'f1_macro': 0.7931662546394616, 'f1_micro': 0.8516085790884719, 'f1_weighted': 0.8498973451214451, 'f1_binary': 0.6832215191885791, 'pr_auc': 0.7546519663775415, 'precision_macro': 0.8003640391986653, 'precision_micro': 0.8516085790884719, 'precision_weighted': 0.8486929943884747, 'precision_binary': 0.7067026244820102, 'recall_macro': 0.7868168506052902, 'recall_micro': 0.8516085790884719, 'recall_weighted': 0.8516085790884719, 'recall_binary': 0.6612506154603643, 'roc_auc': 0.9014015238939872}
Validation statistic: Loss: 0.3345, dev_score: {'accuracy': 0.8479057591623037, 'balanced_accuracy': 0.7883979307684188, 'f1_macro': 0.7902327050106183, 'f1_micro': 0.8479057591623037, 'f1_weighted': 0.8474162724321097, 'f1_binary': 0.6802421574023115, 'pr_auc': 0.7455867604082294, 'precision_macro': 0.792134703196347, 'precision_micro': 0.8479057591623037, 'precision_weighted': 0.8469670384183222, 'precision_binary': 0.6866666666666666, 'recall_macro': 0.7883979307684188, 'recall_micro': 0.8479057591623037, 'recall_weighted': 0.8479057591623037, 'recall_binary': 0.6739367502726281, 'roc_auc': 0.9036338898090233}
-----------------------
Epoch 49/100
Training statistic: Loss: 0.3327, train_score: {'accuracy': 0.8523235031277927, 'balanced_accuracy': 0.7830464084978054, 'f1_macro': 0.792070675678131, 'f1_micro': 0.8523235031277927, 'f1_weighted': 0.8498261666350808, 'f1_binary': 0.6801406542357571, 'pr_auc': 0.7550910612022064, 'precision_macro': 0.8028772537131876, 'precision_micro': 0.8523235031277927, 'precision_weighted': 0.8483877708417629, 'precision_binary': 0.7146779661016949, 'recall_macro': 0.7830464084978054, 'recall_micro': 0.8523235031277927, 'recall_weighted': 0.8523235031277927, 'recall_binary': 0.6487875430822255, 'roc_auc': 0.9015461509421792}
Validation statistic: Loss: 0.3329, dev_score: {'accuracy': 0.849738219895288, 'balanced_accuracy': 0.7840082703148812, 'f1_macro': 0.7897879357288031, 'f1_micro': 0.849738219895288, 'f1_weighted': 0.8481513006085281, 'f1_binary': 0.6775280898876405, 'pr_auc': 0.7475971057314436, 'precision_macro': 0.7962683359124665, 'precision_micro': 0.849738219895288, 'precision_weighted': 0.846980460836002, 'precision_binary': 0.6987253765932793, 'recall_macro': 0.7840082703148812, 'recall_micro': 0.849738219895288, 'recall_weighted': 0.849738219895288, 'recall_binary': 0.6575790621592148, 'roc_auc': 0.9045080278326748}
-----------------------
Epoch 50/100
Training statistic: Loss: 0.3316, train_score: {'accuracy': 0.852226690497468, 'balanced_accuracy': 0.7846060403523736, 'f1_macro': 0.7926886005424154, 'f1_micro': 0.852226690497468, 'f1_weighted': 0.8500151409852341, 'f1_binary': 0.6815898843049472, 'pr_auc': 0.7553645848350227, 'precision_macro': 0.8021792619072938, 'precision_micro': 0.852226690497468, 'precision_weighted': 0.8486418155980513, 'precision_binary': 0.712134929416893, 'recall_macro': 0.7846060403523736, 'recall_micro': 0.852226690497468, 'recall_weighted': 0.852226690497468, 'recall_binary': 0.6535573609059576, 'roc_auc': 0.9016950992859518}
Validation statistic: Loss: 0.3313, dev_score: {'accuracy': 0.8486910994764398, 'balanced_accuracy': 0.7836923484936991, 'f1_macro': 0.7888179367215151, 'f1_micro': 0.8486910994764398, 'f1_weighted': 0.8472781634822233, 'f1_binary': 0.6763717805151176, 'pr_auc': 0.7472367247672224, 'precision_macro': 0.7944930216162023, 'precision_micro': 0.8486910994764398, 'precision_weighted': 0.8461920526586767, 'precision_binary': 0.6950517836593786, 'recall_macro': 0.7836923484936991, 'recall_micro': 0.8486910994764398, 'recall_weighted': 0.8486910994764398, 'recall_binary': 0.658669574700109, 'roc_auc': 0.9048754137317429}
-----------------------
Epoch 51/100
Training statistic: Loss: 0.3311, train_score: {'accuracy': 0.8523607387548406, 'balanced_accuracy': 0.783521358578905, 'f1_macro': 0.7923129074870412, 'f1_micro': 0.8523607387548406, 'f1_weighted': 0.8499364706753199, 'f1_binary': 0.6806385617861688, 'pr_auc': 0.7555318959277193, 'precision_macro': 0.802788806683454, 'precision_micro': 0.8523607387548406, 'precision_weighted': 0.8485134003808665, 'precision_binary': 0.7141746391264663, 'recall_macro': 0.783521358578905, 'recall_micro': 0.8523607387548406, 'recall_weighted': 0.8523607387548406, 'recall_binary': 0.6501107828655834, 'roc_auc': 0.9017580102205119}
Validation statistic: Loss: 0.3304, dev_score: {'accuracy': 0.849476439790576, 'balanced_accuracy': 0.7857011379571617, 'f1_macro': 0.7903214520580715, 'f1_micro': 0.849476439790576, 'f1_weighted': 0.8482227855409467, 'f1_binary': 0.6789503070910106, 'pr_auc': 0.7489093170045298, 'precision_macro': 0.7953820951031612, 'precision_micro': 0.849476439790576, 'precision_weighted': 0.8472312111983377, 'precision_binary': 0.6956521739130435, 'recall_macro': 0.7857011379571617, 'recall_micro': 0.849476439790576, 'recall_weighted': 0.849476439790576, 'recall_binary': 0.6630316248636859, 'roc_auc': 0.9046770704242706}
-----------------------
Epoch 52/100
Training statistic: Loss: 0.3307, train_score: {'accuracy': 0.8526213881441763, 'balanced_accuracy': 0.779995917876777, 'f1_macro': 0.7909252317823202, 'f1_micro': 0.8526213881441763, 'f1_weighted': 0.8495291372714666, 'f1_binary': 0.6773509847397939, 'pr_auc': 0.7556384789846023, 'precision_macro': 0.8045513063019454, 'precision_micro': 0.8526213881441763, 'precision_weighted': 0.8480327662325524, 'precision_binary': 0.7202843273231623, 'recall_macro': 0.779995917876777, 'recall_micro': 0.8526213881441763, 'recall_weighted': 0.8526213881441763, 'recall_binary': 0.6392479074347612, 'roc_auc': 0.9017999751312508}
Validation statistic: Loss: 0.3313, dev_score: {'accuracy': 0.8505235602094241, 'balanced_accuracy': 0.7819138326050101, 'f1_macro': 0.789480917708853, 'f1_micro': 0.8505235602094241, 'f1_weighted': 0.8484165949116407, 'f1_binary': 0.6761202495745887, 'pr_auc': 0.7464273996231089, 'precision_macro': 0.7982781426420626, 'precision_micro': 0.8505235602094241, 'precision_weighted': 0.847037258849196, 'precision_binary': 0.7044917257683215, 'recall_macro': 0.7819138326050101, 'recall_micro': 0.8505235602094241, 'recall_weighted': 0.8505235602094241, 'recall_binary': 0.6499454743729552, 'roc_auc': 0.9034682280692592}
-----------------------
Epoch 53/100
Training statistic: Loss: 0.3311, train_score: {'accuracy': 0.8520851951146857, 'balanced_accuracy': 0.7879482252276695, 'f1_macro': 0.794039546809195, 'f1_micro': 0.8520851951146857, 'f1_weighted': 0.8504582949475509, 'f1_binary': 0.6847001301711274, 'pr_auc': 0.7559900490693422, 'precision_macro': 0.8009057109916076, 'precision_micro': 0.8520851951146857, 'precision_weighted': 0.8492945011220567, 'precision_binary': 0.7071283362843465, 'recall_macro': 0.7879482252276695, 'recall_micro': 0.8520851951146857, 'recall_weighted': 0.8520851951146857, 'recall_binary': 0.6636509108813392, 'roc_auc': 0.9019724724649332}
Validation statistic: Loss: 0.3317, dev_score: {'accuracy': 0.8471204188481676, 'balanced_accuracy': 0.7882542445655625, 'f1_macro': 0.7895474848298121, 'f1_micro': 0.8471204188481676, 'f1_weighted': 0.8467746354606698, 'f1_binary': 0.6794731064763996, 'pr_auc': 0.7469770913857142, 'precision_macro': 0.7908740274632071, 'precision_micro': 0.8471204188481676, 'precision_weighted': 0.8464488201450636, 'precision_binary': 0.6839779005524862, 'recall_macro': 0.7882542445655625, 'recall_micro': 0.8471204188481676, 'recall_weighted': 0.8471204188481676, 'recall_binary': 0.6750272628135223, 'roc_auc': 0.9041320019789254}
-----------------------
Epoch 54/100
Training statistic: Loss: 0.3306, train_score: {'accuracy': 0.8532767351802204, 'balanced_accuracy': 0.7736514336090525, 'f1_macro': 0.7884677016556805, 'f1_micro': 0.8532767351802204, 'f1_weighted': 0.8488838186920921, 'f1_binary': 0.6713813924008406, 'pr_auc': 0.7556897142868579, 'precision_macro': 0.8085869402842356, 'precision_micro': 0.8532767351802204, 'precision_weighted': 0.8476029489122408, 'precision_binary': 0.7329739966494282, 'recall_macro': 0.7736514336090525, 'recall_micro': 0.8532767351802204, 'recall_weighted': 0.8532767351802204, 'recall_binary': 0.6193377646479566, 'roc_auc': 0.9018544676571636}
Validation statistic: Loss: 0.3314, dev_score: {'accuracy': 0.8502617801047121, 'balanced_accuracy': 0.7712970187272896, 'f1_macro': 0.784339611617062, 'f1_micro': 0.8502617801047121, 'f1_weighted': 0.8463289234619829, 'f1_binary': 0.6651053864168618, 'pr_auc': 0.7449353056968216, 'precision_macro': 0.8014294186955511, 'precision_micro': 0.8502617801047121, 'precision_weighted': 0.8447632300264687, 'precision_binary': 0.718078381795196, 'recall_macro': 0.7712970187272896, 'recall_micro': 0.8502617801047121, 'recall_weighted': 0.8502617801047121, 'recall_binary': 0.6194111232279171, 'roc_auc': 0.9028949858586481}
-----------------------
Epoch 55/100
Training statistic: Loss: 0.3295, train_score: {'accuracy': 0.8524501042597558, 'balanced_accuracy': 0.7852666443934158, 'f1_macro': 0.7931594520873105, 'f1_micro': 0.8524501042597558, 'f1_weighted': 0.8503017428211007, 'f1_binary': 0.6824178114030166, 'pr_auc': 0.7573135739949051, 'precision_macro': 0.8023884730204025, 'precision_micro': 0.8524501042597558, 'precision_weighted': 0.848949055926149, 'precision_binary': 0.7121541601150848, 'recall_macro': 0.7852666443934158, 'recall_micro': 0.8524501042597558, 'recall_weighted': 0.8524501042597558, 'recall_binary': 0.6550652387986213, 'roc_auc': 0.9022996917113417}
Validation statistic: Loss: 0.3287, dev_score: {'accuracy': 0.8523560209424084, 'balanced_accuracy': 0.7916989569320798, 'f1_macro': 0.7952030004345976, 'f1_micro': 0.8523560209424084, 'f1_weighted': 0.8514497292396086, 'f1_binary': 0.6870144284128746, 'pr_auc': 0.7514573329296083, 'precision_macro': 0.7989509042435443, 'precision_micro': 0.8523560209424084, 'precision_weighted': 0.8506887392503464, 'precision_binary': 0.6994350282485876, 'recall_macro': 0.7916989569320798, 'recall_micro': 0.8523560209424084, 'recall_weighted': 0.8523560209424084, 'recall_binary': 0.6750272628135223, 'roc_auc': 0.9053002741119534}
-----------------------
Epoch 56/100
Training statistic: Loss: 0.3313, train_score: {'accuracy': 0.8522490318736967, 'balanced_accuracy': 0.7817613356740853, 'f1_macro': 0.7914328696179942, 'f1_micro': 0.8522490318736967, 'f1_weighted': 0.8495466504809527, 'f1_binary': 0.6788084830824025, 'pr_auc': 0.7556603746373975, 'precision_macro': 0.8031758709914261, 'precision_micro': 0.8522490318736967, 'precision_weighted': 0.8480734198639075, 'precision_binary': 0.7161645145863224, 'recall_macro': 0.7817613356740853, 'recall_micro': 0.8522490318736967, 'recall_weighted': 0.8522490318736967, 'recall_binary': 0.6451563269325455, 'roc_auc': 0.9019380709552223}
Validation statistic: Loss: 0.3322, dev_score: {'accuracy': 0.8481675392670157, 'balanced_accuracy': 0.7818557946485624, 'f1_macro': 0.7875905970778847, 'f1_micro': 0.8481675392670157, 'f1_weighted': 0.846564031973774, 'f1_binary': 0.6741573033707865, 'pr_auc': 0.7446500740056151, 'precision_macro': 0.7940229422024687, 'precision_micro': 0.8481675392670157, 'precision_weighted': 0.8453749812522253, 'precision_binary': 0.6952491309385863, 'recall_macro': 0.7818557946485624, 'recall_micro': 0.8481675392670157, 'recall_weighted': 0.8481675392670157, 'recall_binary': 0.6543075245365322, 'roc_auc': 0.9038369287440399}
-----------------------
Epoch 57/100
Training statistic: Loss: 0.3298, train_score: {'accuracy': 0.8530011915400655, 'balanced_accuracy': 0.7796075255260045, 'f1_macro': 0.791048626369306, 'f1_micro': 0.8530011915400655, 'f1_weighted': 0.8497568520288871, 'f1_binary': 0.6772722070532838, 'pr_auc': 0.7569368268563965, 'precision_macro': 0.8054630267210057, 'precision_micro': 0.8530011915400655, 'precision_weighted': 0.8482699869786281, 'precision_binary': 0.7225032267066662, 'recall_macro': 0.7796075255260045, 'recall_micro': 0.8530011915400655, 'recall_weighted': 0.8530011915400655, 'recall_binary': 0.6373707533234859, 'roc_auc': 0.9023913506142491}
Validation statistic: Loss: 0.3298, dev_score: {'accuracy': 0.849738219895288, 'balanced_accuracy': 0.7795320224894264, 'f1_macro': 0.7877840218406272, 'f1_micro': 0.849738219895288, 'f1_weighted': 0.8473969275269432, 'f1_binary': 0.673120728929385, 'pr_auc': 0.7496883367240041, 'precision_macro': 0.7975253682540075, 'precision_micro': 0.849738219895288, 'precision_weighted': 0.8459356032491443, 'precision_binary': 0.7044100119189511, 'recall_macro': 0.7795320224894264, 'recall_micro': 0.849738219895288, 'recall_weighted': 0.849738219895288, 'recall_binary': 0.6444929116684842, 'roc_auc': 0.9046023160337651}
-----------------------
Epoch 58/100
Training statistic: Loss: 0.3312, train_score: {'accuracy': 0.8523979743818886, 'balanced_accuracy': 0.7851379905383091, 'f1_macro': 0.7930609263011315, 'f1_micro': 0.8523979743818886, 'f1_weighted': 0.8502391832467743, 'f1_binary': 0.6822495831730153, 'pr_auc': 0.7564978542104209, 'precision_macro': 0.8023315099478374, 'precision_micro': 0.8523979743818886, 'precision_weighted': 0.8488828409691275, 'precision_binary': 0.7121151271753682, 'recall_macro': 0.7851379905383091, 'recall_micro': 0.8523979743818886, 'recall_weighted': 0.8523979743818886, 'recall_binary': 0.6547882816346627, 'roc_auc': 0.9023077702937642}
Validation statistic: Loss: 0.3326, dev_score: {'accuracy': 0.8473821989528796, 'balanced_accuracy': 0.7820851290978272, 'f1_macro': 0.7870739286746518, 'f1_micro': 0.8473821989528796, 'f1_weighted': 0.8459879595514646, 'f1_binary': 0.6737548964745383, 'pr_auc': 0.7469582432931396, 'precision_macro': 0.7925871809857783, 'precision_micro': 0.8473821989528796, 'precision_weighted': 0.8449058856409049, 'precision_binary': 0.6919540229885057, 'recall_macro': 0.7820851290978272, 'recall_micro': 0.8473821989528796, 'recall_weighted': 0.8473821989528796, 'recall_binary': 0.6564885496183206, 'roc_auc': 0.9037792664377955}
-----------------------
Epoch 59/100
Training statistic: Loss: 0.3308, train_score: {'accuracy': 0.8531277926720287, 'balanced_accuracy': 0.7836921593513231, 'f1_macro': 0.7930020361972647, 'f1_micro': 0.8531277926720287, 'f1_weighted': 0.8505672346859124, 'f1_binary': 0.6814408011629786, 'pr_auc': 0.7566579851792843, 'precision_macro': 0.8042061309205127, 'precision_micro': 0.8531277926720287, 'precision_weighted': 0.8491311706734554, 'precision_binary': 0.7171414972462092, 'recall_macro': 0.7836921593513231, 'recall_micro': 0.8531277926720287, 'recall_weighted': 0.8531277926720287, 'recall_binary': 0.6491260462826194, 'roc_auc': 0.9022856935314367}
Validation statistic: Loss: 0.3317, dev_score: {'accuracy': 0.849738219895288, 'balanced_accuracy': 0.7843812909670025, 'f1_macro': 0.7899521752941578, 'f1_micro': 0.849738219895288, 'f1_weighted': 0.8482127663529628, 'f1_binary': 0.6778900112233446, 'pr_auc': 0.7468481470320865, 'precision_macro': 0.7961718650665571, 'precision_micro': 0.849738219895288, 'precision_weighted': 0.8470727170712745, 'precision_binary': 0.6982658959537572, 'recall_macro': 0.7843812909670025, 'recall_micro': 0.849738219895288, 'recall_weighted': 0.849738219895288, 'recall_binary': 0.658669574700109, 'roc_auc': 0.9039670915395686}
-----------------------
Epoch 60/100
Training statistic: Loss: 0.3310, train_score: {'accuracy': 0.8521298778671433, 'balanced_accuracy': 0.7871083453174683, 'f1_macro': 0.7937106418694152, 'f1_micro': 0.8521298778671433, 'f1_weighted': 0.8503558323842713, 'f1_binary': 0.6839323803763013, 'pr_auc': 0.7559685482072093, 'precision_macro': 0.8012304709661664, 'precision_micro': 0.8521298778671433, 'precision_weighted': 0.8491296140279755, 'precision_binary': 0.7084020312603047, 'recall_macro': 0.7871083453174683, 'recall_micro': 0.8521298778671433, 'recall_weighted': 0.8521298778671433, 'recall_binary': 0.6610967503692762, 'roc_auc': 0.9022762199684076}
Validation statistic: Loss: 0.3331, dev_score: {'accuracy': 0.8489528795811518, 'balanced_accuracy': 0.7883408319374798, 'f1_macro': 0.7910426904711185, 'f1_micro': 0.8489528795811518, 'f1_weighted': 0.8482329617652637, 'f1_binary': 0.6810392482034273, 'pr_auc': 0.7448380447775068, 'precision_macro': 0.7938912065965841, 'precision_micro': 0.8489528795811518, 'precision_weighted': 0.8476006773958726, 'precision_binary': 0.6905829596412556, 'recall_macro': 0.7883408319374798, 'recall_micro': 0.8489528795811518, 'recall_weighted': 0.8489528795811518, 'recall_binary': 0.6717557251908397, 'roc_auc': 0.9030148182735792}
-----------------------
Epoch 61/100
Training statistic: Loss: 0.3295, train_score: {'accuracy': 0.8526362823949956, 'balanced_accuracy': 0.785483720790376, 'f1_macro': 0.7934042759712383, 'f1_micro': 0.8526362823949956, 'f1_weighted': 0.8504844882256096, 'f1_binary': 0.682782943251042, 'pr_auc': 0.7569817834521899, 'precision_macro': 0.80266916748003, 'precision_micro': 0.8526362823949956, 'precision_weighted': 0.849133112324191, 'precision_binary': 0.7126221389372239, 'recall_macro': 0.785483720790376, 'recall_micro': 0.8526362823949956, 'recall_weighted': 0.8526362823949956, 'recall_binary': 0.65534219596258, 'roc_auc': 0.9024503952696595}
Validation statistic: Loss: 0.3303, dev_score: {'accuracy': 0.85, 'balanced_accuracy': 0.7879107124544196, 'f1_macro': 0.791695038018325, 'f1_micro': 0.85, 'f1_weighted': 0.8489902653788428, 'f1_binary': 0.6814897165091718, 'pr_auc': 0.7471558509270704, 'precision_macro': 0.7957697941895161, 'precision_micro': 0.85, 'precision_weighted': 0.8481536408527558, 'precision_binary': 0.6950113378684807, 'recall_macro': 0.7879107124544196, 'recall_micro': 0.85, 'recall_weighted': 0.85, 'recall_binary': 0.6684841875681571, 'roc_auc': 0.9041357584809606}
-----------------------
Epoch 62/100
Training statistic: Loss: 0.3339, train_score: {'accuracy': 0.8518394399761692, 'balanced_accuracy': 0.7904779726721086, 'f1_macro': 0.7949276445320488, 'f1_micro': 0.8518394399761692, 'f1_weighted': 0.8506720639150229, 'f1_binary': 0.6868950756204655, 'pr_auc': 0.7564637167953883, 'precision_macro': 0.7997809273918516, 'precision_micro': 0.8518394399761692, 'precision_weighted': 0.8497467151732923, 'precision_binary': 0.7029473345144146, 'recall_macro': 0.7904779726721086, 'recall_micro': 0.8518394399761692, 'recall_weighted': 0.8518394399761692, 'recall_binary': 0.6715595765632694, 'roc_auc': 0.902385963280173}
Validation statistic: Loss: 0.3367, dev_score: {'accuracy': 0.8479057591623037, 'balanced_accuracy': 0.7917551166375099, 'f1_macro': 0.7916463069748667, 'f1_micro': 0.8479057591623037, 'f1_weighted': 0.8479341014555971, 'f1_binary': 0.6833787465940054, 'pr_auc': 0.7452938174398921, 'precision_macro': 0.7915377269676536, 'precision_micro': 0.8479057591623037, 'precision_weighted': 0.8479625817754032, 'precision_binary': 0.6830065359477124, 'recall_macro': 0.7917551166375099, 'recall_micro': 0.8479057591623037, 'recall_weighted': 0.8479057591623037, 'recall_binary': 0.6837513631406761, 'roc_auc': 0.9036939938415904}
-----------------------
Epoch 63/100
Training statistic: Loss: 0.3306, train_score: {'accuracy': 0.8521298778671433, 'balanced_accuracy': 0.7895173988221473, 'f1_macro': 0.7947512633772611, 'f1_micro': 0.8521298778671433, 'f1_weighted': 0.8507479032935258, 'f1_binary': 0.6862298915963465, 'pr_auc': 0.7566864375521166, 'precision_macro': 0.8005492515594017, 'precision_micro': 0.8521298778671433, 'precision_weighted': 0.8497036559662179, 'precision_binary': 0.7052881179757032, 'recall_macro': 0.7895173988221473, 'recall_micro': 0.8521298778671433, 'recall_weighted': 0.8521298778671433, 'recall_binary': 0.6681745445593303, 'roc_auc': 0.90243602612287}
Validation statistic: Loss: 0.3316, dev_score: {'accuracy': 0.85, 'balanced_accuracy': 0.7935060222362381, 'f1_macro': 0.794053979749761, 'f1_micro': 0.85, 'f1_weighted': 0.8498595027115765, 'f1_binary': 0.6867140513942045, 'pr_auc': 0.7478338461342563, 'precision_macro': 0.7946077366731823, 'precision_micro': 0.85, 'precision_weighted': 0.8497224836506673, 'precision_binary': 0.6885964912280702, 'recall_macro': 0.7935060222362381, 'recall_micro': 0.85, 'recall_weighted': 0.85, 'recall_binary': 0.6848418756815703, 'roc_auc': 0.9048904397398847}
-----------------------
Epoch 64/100
Training statistic: Loss: 0.3299, train_score: {'accuracy': 0.8531054512957998, 'balanced_accuracy': 0.7813312136303704, 'f1_macro': 0.7919197577152028, 'f1_micro': 0.8531054512957998, 'f1_weighted': 0.8501417495687, 'f1_binary': 0.6790856585048402, 'pr_auc': 0.7566214834712779, 'precision_macro': 0.8050142287775062, 'precision_micro': 0.8531054512957998, 'precision_weighted': 0.8486618228390651, 'precision_binary': 0.7204252821982119, 'recall_macro': 0.7813312136303704, 'recall_micro': 0.8531054512957998, 'recall_weighted': 0.8531054512957998, 'recall_binary': 0.642232890201871, 'roc_auc': 0.9024073540409843}
Validation statistic: Loss: 0.3317, dev_score: {'accuracy': 0.8484293193717277, 'balanced_accuracy': 0.7790438650499183, 'f1_macro': 0.7865314384473308, 'f1_micro': 0.8484293193717277, 'f1_weighted': 0.8462928344200349, 'f1_binary': 0.6715825297787862, 'pr_auc': 0.7475003659862994, 'precision_macro': 0.7952415814919214, 'precision_micro': 0.8484293193717277, 'precision_weighted': 0.8448801376147105, 'precision_binary': 0.6997635933806147, 'recall_macro': 0.7790438650499183, 'recall_micro': 0.8484293193717277, 'recall_weighted': 0.8484293193717277, 'recall_binary': 0.6455834242093784, 'roc_auc': 0.9033938493289573}
-----------------------
Epoch 65/100
Training statistic: Loss: 0.3292, train_score: {'accuracy': 0.853522490318737, 'balanced_accuracy': 0.7819414786443235, 'f1_macro': 0.7925294930235156, 'f1_micro': 0.853522490318737, 'f1_weighted': 0.8505744996381446, 'f1_binary': 0.6800383908382542, 'pr_auc': 0.7573823966556448, 'precision_macro': 0.8056146919578433, 'precision_micro': 0.853522490318737, 'precision_weighted': 0.8491049250740763, 'precision_binary': 0.7213307105635504, 'recall_macro': 0.7819414786443235, 'recall_micro': 0.853522490318737, 'recall_weighted': 0.853522490318737, 'recall_binary': 0.6432176267848351, 'roc_auc': 0.9028062407939745}
Validation statistic: Loss: 0.3289, dev_score: {'accuracy': 0.8507853403141361, 'balanced_accuracy': 0.783578150831821, 'f1_macro': 0.7904310917333179, 'f1_micro': 0.8507853403141361, 'f1_weighted': 0.8489011101145398, 'f1_binary': 0.6779661016949152, 'pr_auc': 0.7500004233515676, 'precision_macro': 0.7982789188300694, 'precision_micro': 0.8507853403141361, 'precision_weighted': 0.8476061435544576, 'precision_binary': 0.7033997655334114, 'recall_macro': 0.783578150831821, 'recall_micro': 0.8507853403141361, 'recall_weighted': 0.8507853403141361, 'recall_binary': 0.6543075245365322, 'roc_auc': 0.9055012469708507}
-----------------------
Epoch 66/100
Training statistic: Loss: 0.3281, train_score: {'accuracy': 0.8534182305630027, 'balanced_accuracy': 0.7811499895048117, 'f1_macro': 0.7920866718572199, 'f1_micro': 0.8534182305630027, 'f1_weighted': 0.8503546380116161, 'f1_binary': 0.6791634745472623, 'pr_auc': 0.7569778419647774, 'precision_macro': 0.8057064962619558, 'precision_micro': 0.8534182305630027, 'precision_weighted': 0.8488784690758474, 'precision_binary': 0.7220393026721658, 'recall_macro': 0.7811499895048117, 'recall_micro': 0.8534182305630027, 'recall_weighted': 0.8534182305630027, 'recall_binary': 0.6410942885278188, 'roc_auc': 0.9025642424970626}
Validation statistic: Loss: 0.3269, dev_score: {'accuracy': 0.8502617801047121, 'balanced_accuracy': 0.781368576334563, 'f1_macro': 0.7890284440451882, 'f1_micro': 0.8502617801047121, 'f1_weighted': 0.848119505956857, 'f1_binary': 0.6753688989784336, 'pr_auc': 0.7478588497946281, 'precision_macro': 0.7979533588583363, 'precision_micro': 0.8502617801047121, 'precision_weighted': 0.846725436133126, 'precision_binary': 0.7041420118343196, 'recall_macro': 0.781368576334563, 'recall_micro': 0.8502617801047121, 'recall_weighted': 0.8502617801047121, 'recall_binary': 0.648854961832061, 'roc_auc': 0.9041241133246508}
Saving model...
Model saved!
-------------------------------------------
-----------------------
Epoch 67/100
Training statistic: Loss: 0.3297, train_score: {'accuracy': 0.8532171581769437, 'balanced_accuracy': 0.7781998105061246, 'f1_macro': 0.7905692090669275, 'f1_micro': 0.8532171581769437, 'f1_weighted': 0.8496736874026863, 'f1_binary': 0.6760248528879976, 'pr_auc': 0.7572254622390372, 'precision_macro': 0.806467190293175, 'precision_micro': 0.8532171581769437, 'precision_weighted': 0.8482117618526699, 'precision_binary': 0.7255662973678639, 'recall_macro': 0.7781998105061246, 'recall_micro': 0.8532171581769437, 'recall_weighted': 0.8532171581769437, 'recall_binary': 0.6328163466272771, 'roc_auc': 0.9025671695678781}
Validation statistic: Loss: 0.3313, dev_score: {'accuracy': 0.849738219895288, 'balanced_accuracy': 0.7754287953160928, 'f1_macro': 0.785892086361845, 'f1_micro': 0.849738219895288, 'f1_weighted': 0.8466775231774815, 'f1_binary': 0.6689734717416378, 'pr_auc': 0.747166505207841, 'precision_macro': 0.7988466042321611, 'precision_micro': 0.849738219895288, 'precision_weighted': 0.8450820793954593, 'precision_binary': 0.7099143206854345, 'recall_macro': 0.7754287953160928, 'recall_micro': 0.849738219895288, 'recall_weighted': 0.849738219895288, 'recall_binary': 0.6324972737186477, 'roc_auc': 0.9037567274255828}
-----------------------
Epoch 68/100
Training statistic: Loss: 0.3298, train_score: {'accuracy': 0.8523458445040214, 'balanced_accuracy': 0.7893142105546068, 'f1_macro': 0.7948378433649985, 'f1_micro': 0.8523458445040214, 'f1_weighted': 0.8508857578280347, 'f1_binary': 0.686217101619004, 'pr_auc': 0.7575057311694375, 'precision_macro': 0.8009916905877146, 'precision_micro': 0.8523458445040214, 'precision_weighted': 0.849802722667512, 'precision_binary': 0.7063960118601544, 'recall_macro': 0.7893142105546068, 'recall_micro': 0.8523458445040214, 'recall_weighted': 0.8523458445040214, 'recall_binary': 0.6671590349581487, 'roc_auc': 0.9027533331159897}
Validation statistic: Loss: 0.3319, dev_score: {'accuracy': 0.8489528795811518, 'balanced_accuracy': 0.7905789558502072, 'f1_macro': 0.7919916001653015, 'f1_micro': 0.8489528795811518, 'f1_weighted': 0.8485824460481823, 'f1_binary': 0.6831411312465678, 'pr_auc': 0.7476918801657518, 'precision_macro': 0.7934435582747612, 'precision_micro': 0.8489528795811518, 'precision_weighted': 0.8482355623078087, 'precision_binary': 0.6880530973451328, 'recall_macro': 0.7905789558502072, 'recall_micro': 0.8489528795811518, 'recall_weighted': 0.8489528795811518, 'recall_binary': 0.678298800436205, 'roc_auc': 0.9041410175838104}
-----------------------
Epoch 69/100
Training statistic: Loss: 0.3286, train_score: {'accuracy': 0.8521671134941913, 'balanced_accuracy': 0.787845149040381, 'f1_macro': 0.7940606230408678, 'f1_micro': 0.8521671134941913, 'f1_weighted': 0.8505060435762873, 'f1_binary': 0.6846695153527235, 'pr_auc': 0.7573455293726039, 'precision_macro': 0.8010839728258703, 'precision_micro': 0.8521671134941913, 'precision_weighted': 0.8493276913143611, 'precision_binary': 0.7075877466592245, 'recall_macro': 0.787845149040381, 'recall_micro': 0.8521671134941913, 'recall_weighted': 0.8521671134941913, 'recall_binary': 0.6631893156080748, 'roc_auc': 0.9027738850441845}
Validation statistic: Loss: 0.3296, dev_score: {'accuracy': 0.8489528795811518, 'balanced_accuracy': 0.7905789558502072, 'f1_macro': 0.7919916001653015, 'f1_micro': 0.8489528795811518, 'f1_weighted': 0.8485824460481823, 'f1_binary': 0.6831411312465678, 'pr_auc': 0.7474796183562974, 'precision_macro': 0.7934435582747612, 'precision_micro': 0.8489528795811518, 'precision_weighted': 0.8482355623078087, 'precision_binary': 0.6880530973451328, 'recall_macro': 0.7905789558502072, 'recall_micro': 0.8489528795811518, 'recall_weighted': 0.8489528795811518, 'recall_binary': 0.678298800436205, 'roc_auc': 0.9042848916117684}
-----------------------
Epoch 70/100
Training statistic: Loss: 0.3297, train_score: {'accuracy': 0.8529937444146559, 'balanced_accuracy': 0.7741979539955495, 'f1_macro': 0.7885066234444278, 'f1_micro': 0.8529937444146559, 'f1_weighted': 0.8487669627359147, 'f1_binary': 0.6717222111355019, 'pr_auc': 0.7570259272033051, 'precision_macro': 0.8077244611396986, 'precision_micro': 0.8529937444146559, 'precision_weighted': 0.8474244674625425, 'precision_binary': 0.7307859313938341, 'recall_macro': 0.7741979539955495, 'recall_micro': 0.8529937444146559, 'recall_weighted': 0.8529937444146559, 'recall_binary': 0.6214918759231906, 'roc_auc': 0.9026090833837485}
Validation statistic: Loss: 0.3322, dev_score: {'accuracy': 0.8489528795811518, 'balanced_accuracy': 0.7708088612877815, 'f1_macro': 0.7830864425336137, 'f1_micro': 0.8489528795811518, 'f1_weighted': 0.8452293137813147, 'f1_binary': 0.6635568513119533, 'pr_auc': 0.7447994212879314, 'precision_macro': 0.798938527656003, 'precision_micro': 0.8489528795811518, 'precision_weighted': 0.8436006242941979, 'precision_binary': 0.7130325814536341, 'recall_macro': 0.7708088612877815, 'recall_micro': 0.8489528795811518, 'recall_weighted': 0.8489528795811518, 'recall_binary': 0.6205016357688113, 'roc_auc': 0.9029242865745246}
-----------------------
Epoch 71/100
Training statistic: Loss: 0.3306, train_score: {'accuracy': 0.8520703008638666, 'balanced_accuracy': 0.7907454715410315, 'f1_macro': 0.7952271679930656, 'f1_micro': 0.8520703008638666, 'f1_weighted': 0.8508972504031981, 'f1_binary': 0.6873386639803564, 'pr_auc': 0.758621690726938, 'precision_macro': 0.8001178413583121, 'precision_micro': 0.8520703008638666, 'precision_weighted': 0.8499694092485853, 'precision_binary': 0.7035056063925763, 'recall_macro': 0.7907454715410315, 'recall_micro': 0.8520703008638666, 'recall_weighted': 0.8520703008638666, 'recall_binary': 0.6718980797636632, 'roc_auc': 0.903065482399604}
Validation statistic: Loss: 0.3326, dev_score: {'accuracy': 0.8505235602094241, 'balanced_accuracy': 0.7968346586898598, 'f1_macro': 0.7958399160753626, 'f1_micro': 0.8505235602094241, 'f1_weighted': 0.8507724994088205, 'f1_binary': 0.6901790558871406, 'pr_auc': 0.7512448945608223, 'precision_macro': 0.7948638055050966, 'precision_micro': 0.8505235602094241, 'precision_weighted': 0.8510326433317199, 'precision_binary': 0.6868250539956804, 'recall_macro': 0.7968346586898598, 'recall_micro': 0.8505235602094241, 'recall_weighted': 0.8505235602094241, 'recall_binary': 0.693565976008724, 'roc_auc': 0.9051222159154727}
-----------------------
Epoch 72/100
Training statistic: Loss: 0.3300, train_score: {'accuracy': 0.8530756627941615, 'balanced_accuracy': 0.7800860891329406, 'f1_macro': 0.7913276008965782, 'f1_micro': 0.8530756627941615, 'f1_weighted': 0.8498997100451817, 'f1_binary': 0.6778149750959419, 'pr_auc': 0.7571107611588503, 'precision_macro': 0.8054274755232189, 'precision_micro': 0.8530756627941615, 'precision_weighted': 0.8484139550371517, 'precision_binary': 0.7221197675632416, 'recall_macro': 0.7800860891329406, 'recall_micro': 0.8530756627941615, 'recall_weighted': 0.8530756627941615, 'recall_binary': 0.6386324470704087, 'roc_auc': 0.9027017474043469}
Validation statistic: Loss: 0.3312, dev_score: {'accuracy': 0.8502617801047121, 'balanced_accuracy': 0.778011390465472, 'f1_macro': 0.7875017116253595, 'f1_micro': 0.8502617801047121, 'f1_weighted': 0.8475409678873992, 'f1_binary': 0.6720183486238532, 'pr_auc': 0.745981719849522, 'precision_macro': 0.7989969339987582, 'precision_micro': 0.8502617801047121, 'precision_weighted': 0.8460015435862117, 'precision_binary': 0.7085852478839177, 'recall_macro': 0.778011390465472, 'recall_micro': 0.8502617801047121, 'recall_weighted': 0.8502617801047121, 'recall_binary': 0.6390403489640131, 'roc_auc': 0.9040779083496145}
-----------------------
Epoch 73/100
Training statistic: Loss: 0.3284, train_score: {'accuracy': 0.8534554661900506, 'balanced_accuracy': 0.7760212716511148, 'f1_macro': 0.7897372537111624, 'f1_micro': 0.8534554661900506, 'f1_weighted': 0.8494627340444579, 'f1_binary': 0.6739893969516236, 'pr_auc': 0.7579084524394442, 'precision_macro': 0.8078942515881313, 'precision_micro': 0.8534554661900506, 'precision_weighted': 0.8480822218159777, 'precision_binary': 0.7300100488084984, 'recall_macro': 0.7760212716511148, 'recall_micro': 0.8534554661900506, 'recall_weighted': 0.8534554661900506, 'recall_binary': 0.6259539635647464, 'roc_auc': 0.9030553761974509}
Validation statistic: Loss: 0.3292, dev_score: {'accuracy': 0.8518324607329842, 'balanced_accuracy': 0.7749415770020935, 'f1_macro': 0.7873098092544413, 'f1_micro': 0.8518324607329842, 'f1_weighted': 0.8482137949181231, 'f1_binary': 0.6701631701631702, 'pr_auc': 0.7488989999648501, 'precision_macro': 0.8032210073913146, 'precision_micro': 0.8518324607329842, 'precision_weighted': 0.846669408082834, 'precision_binary': 0.7196495619524406, 'recall_macro': 0.7749415770020935, 'recall_micro': 0.8518324607329842, 'recall_weighted': 0.8518324607329842, 'recall_binary': 0.6270447110141767, 'roc_auc': 0.9048100505963259}
-----------------------
Epoch 74/100
Training statistic: Loss: 0.3279, train_score: {'accuracy': 0.8532022639261245, 'balanced_accuracy': 0.7819502040756856, 'f1_macro': 0.7922777681195756, 'f1_micro': 0.8532022639261245, 'f1_weighted': 0.8503253529693344, 'f1_binary': 0.679781669319991, 'pr_auc': 0.7577077556559808, 'precision_macro': 0.80497644145866, 'precision_micro': 0.8532022639261245, 'precision_weighted': 0.8488530997275512, 'precision_binary': 0.7199435689216158, 'recall_macro': 0.7819502040756856, 'recall_micro': 0.8532022639261245, 'recall_weighted': 0.8532022639261245, 'recall_binary': 0.6438638601674053, 'roc_auc': 0.9029355103573615}
Validation statistic: Loss: 0.3283, dev_score: {'accuracy': 0.8541884816753926, 'balanced_accuracy': 0.7873092964785422, 'f1_macro': 0.7948053764088964, 'f1_micro': 0.8541884816753926, 'f1_weighted': 0.8521945963890722, 'f1_binary': 0.6844192634560906, 'pr_auc': 0.7494812303412719, 'precision_macro': 0.803473932806826, 'precision_micro': 0.8541884816753926, 'precision_weighted': 0.8508934686133106, 'precision_binary': 0.7122641509433962, 'recall_macro': 0.7873092964785422, 'recall_micro': 0.8541884816753926, 'recall_weighted': 0.8541884816753926, 'recall_binary': 0.658669574700109, 'roc_auc': 0.9045632484125962}
-----------------------
Epoch 75/100
Training statistic: Loss: 0.3282, train_score: {'accuracy': 0.8532394995531725, 'balanced_accuracy': 0.7837658448028675, 'f1_macro': 0.7931243624651028, 'f1_micro': 0.8532394995531725, 'f1_weighted': 0.850667466955787, 'f1_binary': 0.6816059455529526, 'pr_auc': 0.7582265602518519, 'precision_macro': 0.8043968565886547, 'precision_micro': 0.8532394995531725, 'precision_weighted': 0.8492315065148028, 'precision_binary': 0.7175073982108235, 'recall_macro': 0.7837658448028675, 'recall_micro': 0.8532394995531725, 'recall_weighted': 0.8532394995531725, 'recall_binary': 0.6491260462826194, 'roc_auc': 0.9032083382094164}
Validation statistic: Loss: 0.3286, dev_score: {'accuracy': 0.8528795811518325, 'balanced_accuracy': 0.7890592629517617, 'f1_macro': 0.7945038165600726, 'f1_micro': 0.8528795811518325, 'f1_weighted': 0.8514459916481055, 'f1_binary': 0.6849775784753364, 'pr_auc': 0.7502816539843722, 'precision_macro': 0.8005527583037757, 'precision_micro': 0.8528795811518325, 'precision_weighted': 0.8503711045052333, 'precision_binary': 0.7047289504036909, 'recall_macro': 0.7890592629517617, 'recall_micro': 0.8528795811518325, 'recall_weighted': 0.8528795811518325, 'recall_binary': 0.6663031624863686, 'roc_auc': 0.9053564338173836}
-----------------------
Epoch 76/100
Training statistic: Loss: 0.3287, train_score: {'accuracy': 0.8531501340482573, 'balanced_accuracy': 0.7788259445582391, 'f1_macro': 0.7908063766525374, 'f1_micro': 0.8531501340482573, 'f1_weighted': 0.8497337930966359, 'f1_binary': 0.6766051660516605, 'pr_auc': 0.7571575246495893, 'precision_macro': 0.8060751663482673, 'precision_micro': 0.8531501340482573, 'precision_weighted': 0.848258896231055, 'precision_binary': 0.724323185505109, 'recall_macro': 0.7788259445582391, 'recall_micro': 0.8531501340482573, 'recall_weighted': 0.8531501340482573, 'recall_binary': 0.6347858197932054, 'roc_auc': 0.902925386317355}
Validation statistic: Loss: 0.3303, dev_score: {'accuracy': 0.849476439790576, 'balanced_accuracy': 0.7745105183935244, 'f1_macro': 0.7852564393982722, 'f1_micro': 0.849476439790576, 'f1_weighted': 0.8463100156448566, 'f1_binary': 0.6678220681686886, 'pr_auc': 0.7466748473294866, 'precision_macro': 0.7986496294879528, 'precision_micro': 0.849476439790576, 'precision_weighted': 0.8446998326179753, 'precision_binary': 0.7100737100737101, 'recall_macro': 0.7745105183935244, 'recall_micro': 0.849476439790576, 'recall_weighted': 0.849476439790576, 'recall_binary': 0.6303162486368593, 'roc_auc': 0.9039441768771522}
-----------------------
Epoch 77/100
Training statistic: Loss: 0.3316, train_score: {'accuracy': 0.8526362823949956, 'balanced_accuracy': 0.7831270380140596, 'f1_macro': 0.7923562906288226, 'f1_micro': 0.8526362823949956, 'f1_weighted': 0.850085109834, 'f1_binary': 0.6804779589859519, 'pr_auc': 0.7570235555923662, 'precision_macro': 0.8034517273233979, 'precision_micro': 0.8526362823949956, 'precision_weighted': 0.8486421406767217, 'precision_binary': 0.7158728001630768, 'recall_macro': 0.7831270380140596, 'recall_micro': 0.8526362823949956, 'recall_weighted': 0.8526362823949956, 'recall_binary': 0.648418266863614, 'roc_auc': 0.9028734033355523}
Validation statistic: Loss: 0.3341, dev_score: {'accuracy': 0.8489528795811518, 'balanced_accuracy': 0.7831185428077825, 'f1_macro': 0.788771867886537, 'f1_micro': 0.8489528795811518, 'f1_weighted': 0.8473885864865884, 'f1_binary': 0.6760247052217855, 'pr_auc': 0.7463066699997029, 'precision_macro': 0.7950981681952589, 'precision_micro': 0.8489528795811518, 'precision_weighted': 0.8462241035740272, 'precision_binary': 0.6967592592592593, 'recall_macro': 0.7831185428077825, 'recall_micro': 0.8489528795811518, 'recall_weighted': 0.8489528795811518, 'recall_binary': 0.6564885496183206, 'roc_auc': 0.9043709155083804}
-----------------------
Epoch 78/100
Training statistic: Loss: 0.3278, train_score: {'accuracy': 0.8537607983318439, 'balanced_accuracy': 0.7835650546684374, 'f1_macro': 0.7934519546579715, 'f1_micro': 0.8537607983318439, 'f1_weighted': 0.8510420421795093, 'f1_binary': 0.6818424847296706, 'pr_auc': 0.758103937642654, 'precision_macro': 0.8054856979677312, 'precision_micro': 0.8537607983318439, 'precision_weighted': 0.849596012540178, 'precision_binary': 0.72, 'recall_macro': 0.7835650546684374, 'recall_micro': 0.8537607983318439, 'recall_weighted': 0.8537607983318439, 'recall_binary': 0.6475258493353028, 'roc_auc': 0.9032300030382642}
Validation statistic: Loss: 0.3284, dev_score: {'accuracy': 0.8505235602094241, 'balanced_accuracy': 0.7848979978219801, 'f1_macro': 0.790804758428802, 'f1_micro': 0.8505235602094241, 'f1_weighted': 0.848914283336355, 'f1_binary': 0.6790331646992692, 'pr_auc': 0.7498686189319342, 'precision_macro': 0.7974406579977379, 'precision_micro': 0.8505235602094241, 'precision_weighted': 0.8477377208757956, 'precision_binary': 0.7006960556844548, 'recall_macro': 0.7848979978219801, 'recall_micro': 0.8505235602094241, 'recall_weighted': 0.8505235602094241, 'recall_binary': 0.658669574700109, 'roc_auc': 0.9051834468986506}
-----------------------
Epoch 79/100
Training statistic: Loss: 0.3283, train_score: {'accuracy': 0.8531799225498957, 'balanced_accuracy': 0.7852767194549096, 'f1_macro': 0.7937485132418838, 'f1_micro': 0.8531799225498957, 'f1_weighted': 0.850877069839788, 'f1_binary': 0.6830334892843937, 'pr_auc': 0.7583595399750871, 'precision_macro': 0.8037660665830542, 'precision_micro': 0.8531799225498957, 'precision_weighted': 0.8494933851746951, 'precision_binary': 0.7151466181867151, 'recall_macro': 0.7852767194549096, 'recall_micro': 0.8531799225498957, 'recall_weighted': 0.8531799225498957, 'recall_binary': 0.6536804529788282, 'roc_auc': 0.9031261150774759}
Validation statistic: Loss: 0.3298, dev_score: {'accuracy': 0.8528795811518325, 'balanced_accuracy': 0.7901783249081253, 'f1_macro': 0.7949825717423483, 'f1_micro': 0.8528795811518325, 'f1_weighted': 0.8516246706030556, 'f1_binary': 0.6860335195530727, 'pr_auc': 0.7503119744358985, 'precision_macro': 0.800252727549052, 'precision_micro': 0.8528795811518325, 'precision_weighted': 0.8506466191860442, 'precision_binary': 0.7033218785796106, 'recall_macro': 0.7901783249081253, 'recall_micro': 0.8528795811518325, 'recall_weighted': 0.8528795811518325, 'recall_binary': 0.6695747001090513, 'roc_auc': 0.9045670049146316}
-----------------------
Epoch 80/100
Training statistic: Loss: 0.3274, train_score: {'accuracy': 0.8538725052129877, 'balanced_accuracy': 0.7811982641782854, 'f1_macro': 0.792471273153087, 'f1_micro': 0.8538725052129877, 'f1_weighted': 0.8507183783963291, 'f1_binary': 0.6795885042455911, 'pr_auc': 0.7585563300654863, 'precision_macro': 0.8066014623327618, 'precision_micro': 0.8538725052129877, 'precision_weighted': 0.8492532492257336, 'precision_binary': 0.7239423879766212, 'recall_macro': 0.7811982641782854, 'recall_micro': 0.8538725052129877, 'recall_weighted': 0.8538725052129877, 'recall_binary': 0.6403557360905958, 'roc_auc': 0.9032614992453875}
Validation statistic: Loss: 0.3272, dev_score: {'accuracy': 0.8539267015706806, 'balanced_accuracy': 0.7826608130347615, 'f1_macro': 0.7925350943070079, 'f1_micro': 0.8539267015706806, 'f1_weighted': 0.8512086900845122, 'f1_binary': 0.6796785304247991, 'pr_auc': 0.7510243034130407, 'precision_macro': 0.8045307836292811, 'precision_micro': 0.8539267015706806, 'precision_weighted': 0.8497382919387831, 'precision_binary': 0.7175757575757575, 'recall_macro': 0.7826608130347615, 'recall_micro': 0.8539267015706806, 'recall_weighted': 0.8539267015706806, 'recall_binary': 0.6455834242093784, 'roc_auc': 0.9050294303151969}
-----------------------
Epoch 81/100
Training statistic: Loss: 0.3273, train_score: {'accuracy': 0.8529639559130175, 'balanced_accuracy': 0.7865377964353744, 'f1_macro': 0.7941304441946899, 'f1_micro': 0.8529639559130175, 'f1_weighted': 0.8509182570769407, 'f1_binary': 0.6840757808499744, 'pr_auc': 0.7592386677355318, 'precision_macro': 0.802948676639816, 'precision_micro': 0.8529639559130175, 'precision_weighted': 0.8496026705854486, 'precision_binary': 0.7125333333333334, 'recall_macro': 0.7865377964353744, 'recall_micro': 0.8529639559130175, 'recall_weighted': 0.8529639559130175, 'recall_binary': 0.6578040374199902, 'roc_auc': 0.9034707021952397}
Validation statistic: Loss: 0.3284, dev_score: {'accuracy': 0.85, 'balanced_accuracy': 0.788656753758662, 'f1_macro': 0.7920147364466223, 'f1_micro': 0.85, 'f1_weighted': 0.8491088035844547, 'f1_binary': 0.6821963394342762, 'pr_auc': 0.7524434206370912, 'precision_macro': 0.795599886748497, 'precision_micro': 0.85, 'precision_weighted': 0.8483531215714877, 'precision_binary': 0.6941309255079007, 'recall_macro': 0.788656753758662, 'recall_micro': 0.85, 'recall_weighted': 0.85, 'recall_binary': 0.6706652126499455, 'roc_auc': 0.9052003511578102}
-----------------------
Epoch 82/100
Training statistic: Loss: 0.3297, train_score: {'accuracy': 0.8529267202859696, 'balanced_accuracy': 0.7857276736927541, 'f1_macro': 0.7937445642161904, 'f1_micro': 0.8529267202859696, 'f1_weighted': 0.8507537431254324, 'f1_binary': 0.6832608939712274, 'pr_auc': 0.7583451380364091, 'precision_macro': 0.803137850019408, 'precision_micro': 0.8529267202859696, 'precision_weighted': 0.849400036462073, 'precision_binary': 0.7134818288393904, 'recall_macro': 0.7857276736927541, 'recall_micro': 0.8529267202859696, 'recall_weighted': 0.8529267202859696, 'recall_binary': 0.6554960610536681, 'roc_auc': 0.9032694314969444}
Validation statistic: Loss: 0.3328, dev_score: {'accuracy': 0.8502617801047121, 'balanced_accuracy': 0.7865908654642604, 'f1_macro': 0.791334574798262, 'f1_micro': 0.8502617801047121, 'f1_weighted': 0.8489845401867397, 'f1_binary': 0.6804469273743017, 'pr_auc': 0.7485686717876026, 'precision_macro': 0.7965407187925981, 'precision_micro': 0.8502617801047121, 'precision_weighted': 0.8479823908108518, 'precision_binary': 0.697594501718213, 'recall_macro': 0.7865908654642604, 'recall_micro': 0.8502617801047121, 'recall_weighted': 0.8502617801047121, 'recall_binary': 0.6641221374045801, 'roc_auc': 0.9042022485669885}
-----------------------
Epoch 83/100
Training statistic: Loss: 0.3288, train_score: {'accuracy': 0.8515862377122431, 'balanced_accuracy': 0.7950662144505972, 'f1_macro': 0.7966437409302989, 'f1_micro': 0.8515862377122431, 'f1_weighted': 0.8511855653214238, 'f1_binary': 0.6909417986135881, 'pr_auc': 0.7595531835449558, 'precision_macro': 0.7982699347840594, 'precision_micro': 0.8515862377122431, 'precision_weighted': 0.8508142410635803, 'precision_binary': 0.6964391784162316, 'recall_macro': 0.7950662144505972, 'recall_micro': 0.8515862377122431, 'recall_weighted': 0.8515862377122431, 'recall_binary': 0.6855305268340719, 'roc_auc': 0.9036366955149866}
Validation statistic: Loss: 0.3300, dev_score: {'accuracy': 0.8465968586387435, 'balanced_accuracy': 0.7972352896319417, 'f1_macro': 0.7928348235025844, 'f1_micro': 0.8465968586387435, 'f1_weighted': 0.8477019364421589, 'f1_binary': 0.687299893276414, 'pr_auc': 0.7536577875775986, 'precision_macro': 0.7887908679578859, 'precision_micro': 0.8465968586387435, 'precision_weighted': 0.8490231331688948, 'precision_binary': 0.6729362591431557, 'recall_macro': 0.7972352896319417, 'recall_micro': 0.8465968586387435, 'recall_weighted': 0.8465968586387435, 'recall_binary': 0.7022900763358778, 'roc_auc': 0.9060895151896038}
-----------------------
Epoch 84/100
Training statistic: Loss: 0.3291, train_score: {'accuracy': 0.8532394995531725, 'balanced_accuracy': 0.7855673978585405, 'f1_macro': 0.7939247625666561, 'f1_micro': 0.8532394995531725, 'f1_weighted': 0.8509728254242198, 'f1_binary': 0.6833657353106573, 'pr_auc': 0.7577579907352727, 'precision_macro': 0.8037828419815382, 'precision_micro': 0.8532394995531725, 'precision_weighted': 0.8495987214614885, 'precision_binary': 0.71499176276771, 'recall_macro': 0.7855673978585405, 'recall_micro': 0.8532394995531725, 'recall_weighted': 0.8532394995531725, 'recall_binary': 0.6544190054160512, 'roc_auc': 0.9033213026142423}
Validation statistic: Loss: 0.3319, dev_score: {'accuracy': 0.8492146596858638, 'balanced_accuracy': 0.7855289023388357, 'f1_macro': 0.7900381082665624, 'f1_micro': 0.8492146596858638, 'f1_weighted': 0.8479891098043991, 'f1_binary': 0.6785714285714286, 'pr_auc': 0.748465723960347, 'precision_macro': 0.79496677176813, 'precision_micro': 0.8492146596858638, 'precision_weighted': 0.8470132961181879, 'precision_binary': 0.6948571428571428, 'recall_macro': 0.7855289023388357, 'recall_micro': 0.8492146596858638, 'recall_weighted': 0.8492146596858638, 'recall_binary': 0.6630316248636859, 'roc_auc': 0.9040598771398444}
-----------------------
Epoch 85/100
Training statistic: Loss: 0.3278, train_score: {'accuracy': 0.8532394995531725, 'balanced_accuracy': 0.7870233041070203, 'f1_macro': 0.7945643288745559, 'f1_micro': 0.8532394995531725, 'f1_weighted': 0.8512158794783486, 'f1_binary': 0.6847737415423005, 'pr_auc': 0.7590107696261641, 'precision_macro': 0.8033107969933664, 'precision_micro': 0.8532394995531725, 'precision_weighted': 0.8499103813432121, 'precision_binary': 0.7130008993704406, 'recall_macro': 0.7870233041070203, 'recall_micro': 0.8532394995531725, 'recall_weighted': 0.8532394995531725, 'recall_binary': 0.6586964549483013, 'roc_auc': 0.9036111222310476}
Validation statistic: Loss: 0.3279, dev_score: {'accuracy': 0.8531413612565445, 'balanced_accuracy': 0.7922156637870574, 'f1_macro': 0.796057445599093, 'f1_micro': 0.8531413612565445, 'f1_weighted': 0.8521527729101759, 'f1_binary': 0.688160088938299, 'pr_auc': 0.7532307355352799, 'precision_macro': 0.800192257524748, 'precision_micro': 0.8531413612565445, 'precision_weighted': 0.8513386193979717, 'precision_binary': 0.7018140589569161, 'recall_macro': 0.7922156637870574, 'recall_micro': 0.8531413612565445, 'recall_weighted': 0.8531413612565445, 'recall_binary': 0.6750272628135223, 'roc_auc': 0.9058081531871478}
-----------------------
Epoch 86/100
Training statistic: Loss: 0.3283, train_score: {'accuracy': 0.8528596961572833, 'balanced_accuracy': 0.7879773003241086, 'f1_macro': 0.794674292203978, 'f1_micro': 0.8528596961572833, 'f1_weighted': 0.8510738091329477, 'f1_binary': 0.6853721456097328, 'pr_auc': 0.7584993497911603, 'precision_macro': 0.8023116772775176, 'precision_micro': 0.8528596961572833, 'precision_weighted': 0.8498491539611216, 'precision_binary': 0.7101841462609729, 'recall_macro': 0.7879773003241086, 'recall_micro': 0.8528596961572833, 'recall_weighted': 0.8528596961572833, 'recall_binary': 0.6622353520433284, 'roc_auc': 0.9034063312777257}
Validation statistic: Loss: 0.3299, dev_score: {'accuracy': 0.8489528795811518, 'balanced_accuracy': 0.7890868732417222, 'f1_macro': 0.7913605861827195, 'f1_micro': 0.8489528795811518, 'f1_weighted': 0.8483502696352788, 'f1_binary': 0.6817429674572532, 'pr_auc': 0.750275762693699, 'precision_macro': 0.7937374804572992, 'precision_micro': 0.8489528795811518, 'precision_weighted': 0.8478093653981136, 'precision_binary': 0.6897321428571429, 'recall_macro': 0.7890868732417222, 'recall_micro': 0.8489528795811518, 'recall_weighted': 0.8489528795811518, 'recall_binary': 0.6739367502726281, 'roc_auc': 0.9047116302429968}
-----------------------
Epoch 87/100
Training statistic: Loss: 0.3277, train_score: {'accuracy': 0.853812928209711, 'balanced_accuracy': 0.783002414909158, 'f1_macro': 0.7932409613000065, 'f1_micro': 0.853812928209711, 'f1_weighted': 0.8509860141789224, 'f1_binary': 0.6813311688311688, 'pr_auc': 0.7592032687793596, 'precision_macro': 0.8057948943654978, 'precision_micro': 0.853812928209711, 'precision_weighted': 0.8495307436792775, 'precision_binary': 0.7210349092908191, 'recall_macro': 0.783002414909158, 'recall_micro': 0.853812928209711, 'recall_weighted': 0.853812928209711, 'recall_binary': 0.6457717872968981, 'roc_auc': 0.9036737244800421}
Validation statistic: Loss: 0.3287, dev_score: {'accuracy': 0.8515706806282722, 'balanced_accuracy': 0.7833488163825562, 'f1_macro': 0.7909556573396141, 'f1_micro': 0.8515706806282722, 'f1_weighted': 0.8494784751574435, 'f1_binary': 0.6783891094724901, 'pr_auc': 0.7518655048134177, 'precision_macro': 0.7997964232171333, 'precision_micro': 0.8515706806282722, 'precision_weighted': 0.8481158194664388, 'precision_binary': 0.706855791962175, 'recall_macro': 0.7833488163825562, 'recall_micro': 0.8515706806282722, 'recall_weighted': 0.8515706806282722, 'recall_binary': 0.6521264994547438, 'roc_auc': 0.9056477505502336}
-----------------------
Epoch 88/100
Training statistic: Loss: 0.3298, train_score: {'accuracy': 0.852628835269586, 'balanced_accuracy': 0.790977734905011, 'f1_macro': 0.7957761025719032, 'f1_micro': 0.852628835269586, 'f1_weighted': 0.8513762118628889, 'f1_binary': 0.688023206318677, 'pr_auc': 0.7592196886192759, 'precision_macro': 0.80104373190669, 'precision_micro': 0.852628835269586, 'precision_weighted': 0.8504047130116248, 'precision_binary': 0.7053822531113625, 'recall_macro': 0.790977734905011, 'recall_micro': 0.852628835269586, 'recall_weighted': 0.852628835269586, 'recall_binary': 0.6714980305268341, 'roc_auc': 0.9036846400370033}
Validation statistic: Loss: 0.3327, dev_score: {'accuracy': 0.8489528795811518, 'balanced_accuracy': 0.7924440591108134, 'f1_macro': 0.792771513421188, 'f1_micro': 0.8489528795811518, 'f1_weighted': 0.8488681414723134, 'f1_binary': 0.6848716548334244, 'pr_auc': 0.75021026287261, 'precision_macro': 0.7931010465030472, 'precision_micro': 0.8489528795811518, 'precision_weighted': 0.848784651168266, 'precision_binary': 0.6859956236323851, 'recall_macro': 0.7924440591108134, 'recall_micro': 0.8489528795811518, 'recall_weighted': 0.8489528795811518, 'recall_binary': 0.6837513631406761, 'roc_auc': 0.904920116105965}
-----------------------
Epoch 89/100
Training statistic: Loss: 0.3267, train_score: {'accuracy': 0.8537682454572535, 'balanced_accuracy': 0.7783643166326328, 'f1_macro': 0.7910833349337704, 'f1_micro': 0.8537682454572535, 'f1_weighted': 0.8501326331412247, 'f1_binary': 0.6766459177288147, 'pr_auc': 0.7583055255596896, 'precision_macro': 0.8075398737687645, 'precision_micro': 0.8537682454572535, 'precision_weighted': 0.8486998765643444, 'precision_binary': 0.7277718738930216, 'recall_macro': 0.7783643166326328, 'recall_micro': 0.8537682454572535, 'recall_weighted': 0.8537682454572535, 'recall_binary': 0.6322316592811423, 'roc_auc': 0.9034835155184053}
Validation statistic: Loss: 0.3270, dev_score: {'accuracy': 0.8518324607329842, 'balanced_accuracy': 0.7760606389584572, 'f1_macro': 0.7878360041747475, 'f1_micro': 0.8518324607329842, 'f1_weighted': 0.8484160626707715, 'f1_binary': 0.6713124274099884, 'pr_auc': 0.748231089938937, 'precision_macro': 0.8027873057074875, 'precision_micro': 0.8518324607329842, 'precision_weighted': 0.8468613680969158, 'precision_binary': 0.7180124223602484, 'recall_macro': 0.7760606389584572, 'recall_micro': 0.8518324607329842, 'recall_weighted': 0.8518324607329842, 'recall_binary': 0.6303162486368593, 'roc_auc': 0.9041834660568112}
-----------------------
Epoch 90/100
Training statistic: Loss: 0.3299, train_score: {'accuracy': 0.8506478999106345, 'balanced_accuracy': 0.7985740700525955, 'f1_macro': 0.7973103580101485, 'f1_micro': 0.8506478999106345, 'f1_weighted': 0.8509614998477698, 'f1_binary': 0.6933345566310382, 'pr_auc': 0.7592328905887211, 'precision_macro': 0.7960768198122614, 'precision_micro': 0.8506478999106345, 'precision_weighted': 0.8512934002885614, 'precision_binary': 0.6890672016048145, 'recall_macro': 0.7985740700525955, 'recall_micro': 0.8506478999106345, 'recall_weighted': 0.8506478999106345, 'recall_binary': 0.6976550960118169, 'roc_auc': 0.9037772307410006}
Validation statistic: Loss: 0.3313, dev_score: {'accuracy': 0.8468586387434555, 'balanced_accuracy': 0.8033758556842074, 'f1_macro': 0.7954540773946412, 'f1_micro': 0.8468586387434555, 'f1_weighted': 0.8487644997647431, 'f1_binary': 0.6929133858267716, 'pr_auc': 0.7531025204525627, 'precision_macro': 0.7886338033806812, 'precision_micro': 0.8468586387434555, 'precision_weighted': 0.851342329969873, 'precision_binary': 0.6680161943319838, 'recall_macro': 0.8033758556842074, 'recall_micro': 0.8468586387434555, 'recall_weighted': 0.8468586387434555, 'recall_binary': 0.7197382769901853, 'roc_auc': 0.9065985212154086}
-----------------------
Epoch 91/100
Training statistic: Loss: 0.3280, train_score: {'accuracy': 0.8534480190646411, 'balanced_accuracy': 0.7848251157982653, 'f1_macro': 0.7937633899964409, 'f1_micro': 0.8534480190646411, 'f1_weighted': 0.8510114564842165, 'f1_binary': 0.682816756120755, 'pr_auc': 0.7577083043066832, 'precision_macro': 0.8044323267184215, 'precision_micro': 0.8534480190646411, 'precision_weighted': 0.8496029607631221, 'precision_binary': 0.716891731817105, 'recall_macro': 0.7848251157982653, 'recall_micro': 0.8534480190646411, 'recall_weighted': 0.8534480190646411, 'recall_binary': 0.6518340718857706, 'roc_auc': 0.9035663818712476}
Validation statistic: Loss: 0.3299, dev_score: {'accuracy': 0.8502617801047121, 'balanced_accuracy': 0.7836067002472905, 'f1_macro': 0.7900268722245136, 'f1_micro': 0.8502617801047121, 'f1_weighted': 0.8484953605187825, 'f1_binary': 0.677564825253664, 'pr_auc': 0.7470353971428153, 'precision_macro': 0.7973174401831062, 'precision_micro': 0.8502617801047121, 'precision_weighted': 0.8472450085992074, 'precision_binary': 0.7012835472578763, 'recall_macro': 0.7836067002472905, 'recall_micro': 0.8502617801047121, 'recall_weighted': 0.8502617801047121, 'recall_binary': 0.6553980370774264, 'roc_auc': 0.9043878197675401}
-----------------------
Epoch 92/100
Training statistic: Loss: 0.3312, train_score: {'accuracy': 0.8523607387548406, 'balanced_accuracy': 0.7938174437749892, 'f1_macro': 0.7967533259919414, 'f1_micro': 0.8523607387548406, 'f1_weighted': 0.8516094049178032, 'f1_binary': 0.6904423590400199, 'pr_auc': 0.7592706815291106, 'precision_macro': 0.79986029226693, 'precision_micro': 0.8523607387548406, 'precision_weighted': 0.8509609431850088, 'precision_binary': 0.7008273369892541, 'recall_macro': 0.7938174437749892, 'recall_micro': 0.8523607387548406, 'recall_weighted': 0.8523607387548406, 'recall_binary': 0.6803606597735106, 'roc_auc': 0.9038197973013724}
Validation statistic: Loss: 0.3331, dev_score: {'accuracy': 0.849738219895288, 'balanced_accuracy': 0.7966909724870035, 'f1_macro': 0.795145864724594, 'f1_micro': 0.849738219895288, 'f1_weighted': 0.8501257923964998, 'f1_binary': 0.6893939393939394, 'pr_auc': 0.7526819737880517, 'precision_macro': 0.7936455885299958, 'precision_micro': 0.849738219895288, 'precision_weighted': 0.850540361712565, 'precision_binary': 0.6842105263157895, 'recall_macro': 0.7966909724870035, 'recall_micro': 0.849738219895288, 'recall_weighted': 0.849738219895288, 'recall_binary': 0.6946564885496184, 'roc_auc': 0.9067991184241023}
-----------------------
Epoch 93/100
Training statistic: Loss: 0.3268, train_score: {'accuracy': 0.8539171879654454, 'balanced_accuracy': 0.7873760618686706, 'f1_macro': 0.7952641159920586, 'f1_micro': 0.8539171879654454, 'f1_weighted': 0.8518084455069185, 'f1_binary': 0.6856813229073195, 'pr_auc': 0.759104368211271, 'precision_macro': 0.8044718849675334, 'precision_micro': 0.8539171879654454, 'precision_weighted': 0.8504851834810088, 'precision_binary': 0.7152982080770259, 'recall_macro': 0.7873760618686706, 'recall_micro': 0.8539171879654454, 'recall_weighted': 0.8539171879654454, 'recall_binary': 0.6584194977843427, 'roc_auc': 0.9038408952492846}
Validation statistic: Loss: 0.3275, dev_score: {'accuracy': 0.8528795811518325, 'balanced_accuracy': 0.7909243662123678, 'f1_macro': 0.7952997237532184, 'f1_micro': 0.8528795811518325, 'f1_weighted': 0.8517427626444559, 'f1_binary': 0.6867335562987736, 'pr_auc': 0.7511050373729077, 'precision_macro': 0.8000589691403872, 'precision_micro': 0.8528795811518325, 'precision_weighted': 0.8508342525163458, 'precision_binary': 0.7023945267958951, 'recall_macro': 0.7909243662123678, 'recall_micro': 0.8528795811518325, 'recall_weighted': 0.8528795811518325, 'recall_binary': 0.6717557251908397, 'roc_auc': 0.9057394091998988}
-----------------------
Epoch 94/100
Training statistic: Loss: 0.3275, train_score: {'accuracy': 0.8528373547810545, 'balanced_accuracy': 0.7911571776639175, 'f1_macro': 0.7960206308615908, 'f1_micro': 0.8528373547810545, 'f1_weighted': 0.8515698437322649, 'f1_binary': 0.6883663717651511, 'pr_auc': 0.759216359588894, 'precision_macro': 0.8013659358228788, 'precision_micro': 0.8528373547810545, 'precision_weighted': 0.8505909417134804, 'precision_binary': 0.7059679767103348, 'recall_macro': 0.7911571776639175, 'recall_micro': 0.8528373547810545, 'recall_weighted': 0.8528373547810545, 'recall_binary': 0.6716211225997046, 'roc_auc': 0.9038724671917008}
Validation statistic: Loss: 0.3290, dev_score: {'accuracy': 0.849476439790576, 'balanced_accuracy': 0.7927885303474651, 'f1_macro': 0.7933351454731459, 'f1_micro': 0.849476439790576, 'f1_weighted': 0.8493354521102208, 'f1_binary': 0.6856205576817933, 'pr_auc': 0.7501322963503196, 'precision_macro': 0.7938875515818432, 'precision_micro': 0.849476439790576, 'precision_weighted': 0.8491979383466444, 'precision_binary': 0.6875, 'recall_macro': 0.7927885303474651, 'recall_micro': 0.849476439790576, 'recall_weighted': 0.849476439790576, 'recall_binary': 0.6837513631406761, 'roc_auc': 0.9055354311393734}
-----------------------
Epoch 95/100
Training statistic: Loss: 0.3282, train_score: {'accuracy': 0.853358653559726, 'balanced_accuracy': 0.7902441456237561, 'f1_macro': 0.796052825511385, 'f1_micro': 0.853358653559726, 'f1_weighted': 0.8518362196840125, 'f1_binary': 0.6879447235384543, 'pr_auc': 0.758365142040151, 'precision_macro': 0.8025564814265105, 'precision_micro': 0.853358653559726, 'precision_weighted': 0.8507292048802703, 'precision_binary': 0.7091978434896259, 'recall_macro': 0.7902441456237561, 'recall_micro': 0.853358653559726, 'recall_weighted': 0.853358653559726, 'recall_binary': 0.6679283604135894, 'roc_auc': 0.9036738242510869}
Validation statistic: Loss: 0.3290, dev_score: {'accuracy': 0.8502617801047121, 'balanced_accuracy': 0.7925591958982003, 'f1_macro': 0.7938718515798844, 'f1_micro': 0.8502617801047121, 'f1_weighted': 0.8499231018553136, 'f1_binary': 0.686059275521405, 'pr_auc': 0.7499892793561372, 'precision_macro': 0.7952181041100045, 'precision_micro': 0.8502617801047121, 'precision_weighted': 0.8496045421823872, 'precision_binary': 0.6906077348066298, 'recall_macro': 0.7925591958982003, 'recall_micro': 0.8502617801047121, 'recall_weighted': 0.8502617801047121, 'recall_binary': 0.6815703380588877, 'roc_auc': 0.9056785538669243}
-----------------------
Epoch 96/100
Training statistic: Loss: 0.3279, train_score: {'accuracy': 0.8531054512957998, 'balanced_accuracy': 0.7915225573697293, 'f1_macro': 0.7963922343881827, 'f1_micro': 0.8531054512957998, 'f1_weighted': 0.8518402493608078, 'f1_binary': 0.6889340966078441, 'pr_auc': 0.7598910221458336, 'precision_macro': 0.8017441267294407, 'precision_micro': 0.8531054512957998, 'precision_weighted': 0.8508638431760092, 'precision_binary': 0.7065502183406114, 'recall_macro': 0.7915225573697293, 'recall_micro': 0.8531054512957998, 'recall_weighted': 0.8531054512957998, 'recall_binary': 0.6721750369276218, 'roc_auc': 0.904016656305474}
Validation statistic: Loss: 0.3288, dev_score: {'accuracy': 0.849738219895288, 'balanced_accuracy': 0.7937068072700335, 'f1_macro': 0.7939260108027476, 'f1_micro': 0.849738219895288, 'f1_weighted': 0.8496820707915732, 'f1_binary': 0.6866812227074236, 'pr_auc': 0.7531209671566411, 'precision_macro': 0.7941461395935028, 'precision_micro': 0.849738219895288, 'precision_weighted': 0.8496264770203095, 'precision_binary': 0.687431693989071, 'recall_macro': 0.7937068072700335, 'recall_micro': 0.849738219895288, 'recall_weighted': 0.849738219895288, 'recall_binary': 0.6859323882224646, 'roc_auc': 0.906350967731272}
-----------------------
Epoch 97/100
Training statistic: Loss: 0.3280, train_score: {'accuracy': 0.853522490318737, 'balanced_accuracy': 0.7886973026030969, 'f1_macro': 0.795519979906013, 'f1_micro': 0.853522490318737, 'f1_weighted': 0.8517147020207105, 'f1_binary': 0.686614725236206, 'pr_auc': 0.7599122302258065, 'precision_macro': 0.803315879060258, 'precision_micro': 0.853522490318737, 'precision_weighted': 0.8504874637004756, 'precision_binary': 0.7118974460633694, 'recall_macro': 0.7886973026030969, 'recall_micro': 0.853522490318737, 'recall_weighted': 0.853522490318737, 'recall_binary': 0.6630662235352043, 'roc_auc': 0.9040115572492495}
Validation statistic: Loss: 0.3300, dev_score: {'accuracy': 0.849738219895288, 'balanced_accuracy': 0.7899766007488211, 'f1_macro': 0.7923664550067346, 'f1_micro': 0.849738219895288, 'f1_weighted': 0.8491096447819672, 'f1_binary': 0.6832229580573952, 'pr_auc': 0.7505131217100172, 'precision_macro': 0.7948698849257508, 'precision_micro': 0.849738219895288, 'precision_weighted': 0.8485489554920074, 'precision_binary': 0.6916201117318436, 'recall_macro': 0.7899766007488211, 'recall_micro': 0.849738219895288, 'recall_weighted': 0.849738219895288, 'recall_binary': 0.6750272628135223, 'roc_auc': 0.9054730732055847}
Early stopping by loss triggered!
Testing statistic: loss: 0.328055091902634, scores: {'accuracy': 0.8499107236634807, 'balanced_accuracy': 0.7834171274463009, 'f1_macro': 0.7892506583676201, 'f1_micro': 0.8499107236634807, 'f1_weighted': 0.848307530864941, 'f1_binary': 0.6761840018128258, 'pr_auc': 0.736377712629276, 'precision_macro': 0.7957944276216652, 'precision_micro': 0.8499107236634807, 'precision_weighted': 0.8471238840809345, 'precision_binary': 0.6975222066386162, 'recall_macro': 0.7834171274463009, 'recall_micro': 0.8499107236634807, 'recall_weighted': 0.8499107236634807, 'recall_binary': 0.6561125769569042, 'roc_auc': 0.9025627806562726}
Finish training!
