=====Setting up data=====
Dataset name:adult
train_option:synthetic
augment_option:ctgan
mix_ratio:-1
n_sample:-1
Training dataset size: 100096 samples
Validation dataset size: 3840 samples

=====Setting up parameters for training=====
num_epochs: 100
learning_rate: 0.001
patience: 30
early_stop_criterion: loss
=====Setting up trainer=====
input_size: 107
model: DNN_Adult
----------------------------------------------------------------
        Layer (type)               Output Shape         Param #
================================================================
            Linear-1                  [-1, 128]          13,824
       BatchNorm1d-2                  [-1, 128]             256
              ReLU-3                  [-1, 128]               0
           Dropout-4                  [-1, 128]               0
            Linear-5                   [-1, 64]           8,256
       BatchNorm1d-6                   [-1, 64]             128
              ReLU-7                   [-1, 64]               0
           Dropout-8                   [-1, 64]               0
            Linear-9                   [-1, 32]           2,080
      BatchNorm1d-10                   [-1, 32]              64
             ReLU-11                   [-1, 32]               0
          Dropout-12                   [-1, 32]               0
           Linear-13                   [-1, 16]             528
      BatchNorm1d-14                   [-1, 16]              32
             ReLU-15                   [-1, 16]               0
          Dropout-16                   [-1, 16]               0
           Linear-17                    [-1, 1]              17
          Sigmoid-18                    [-1, 1]               0
================================================================
Total params: 25,185
Trainable params: 25,185
Non-trainable params: 0
----------------------------------------------------------------
Input size (MB): 0.00
Forward/backward pass size (MB): 0.01
Params size (MB): 0.10
Estimated Total Size (MB): 0.10
----------------------------------------------------------------
=====Setting up output files=====
weight_dir, weight_file: /home/thuy/Research/minh_data_synth/TabularDA/output/corrected_v2/adult/weight/, adult_seed43_ctgan_full_generated_synthetic.weights.pth
acc_dir, acc_file: /home/thuy/Research/minh_data_synth/TabularDA/output/corrected_v2/adult/acc/, adult_seed43_ctgan_full_generated_synthetic.epochs.csv
report_file: adult_seed43_ctgan_full_generated_synthetic.report.txt
==========================================================================================
Start training...
-----------------------
Epoch 1/100
Training statistic: Loss: 0.3556, train_score: {'accuracy': 0.84561, 'balanced_accuracy': 0.7596154323465902, 'f1_macro': 0.7754060608341445, 'f1_micro': 0.84561, 'f1_weighted': 0.8403348788489194, 'f1_binary': 0.6498378353859064, 'pr_auc': 0.7329832915679979, 'precision_macro': 0.7978047948014682, 'precision_micro': 0.84561, 'precision_weighted': 0.8389279282302767, 'precision_binary': 0.7182752569566307, 'recall_macro': 0.7596154323465902, 'recall_micro': 0.84561, 'recall_weighted': 0.84561, 'recall_binary': 0.5933073801043651, 'roc_auc': 0.887865785473557}
Validation statistic: Loss: 0.3588, dev_score: {'accuracy': 0.8408376963350785, 'balanced_accuracy': 0.7520408136433149, 'f1_macro': 0.767443630192757, 'f1_micro': 0.8408376963350785, 'f1_weighted': 0.8353656317578317, 'f1_binary': 0.6367980884109916, 'pr_auc': 0.7152235269359646, 'precision_macro': 0.7893639126558907, 'precision_micro': 0.8408376963350785, 'precision_weighted': 0.8336947601783828, 'precision_binary': 0.7040951122853368, 'recall_macro': 0.7520408136433149, 'recall_micro': 0.8408376963350785, 'recall_weighted': 0.8408376963350785, 'recall_binary': 0.5812431842966194, 'roc_auc': 0.8882003011963331}
Saving model...
Model saved!
-------------------------------------------
-----------------------
Epoch 2/100
Training statistic: Loss: 0.3481, train_score: {'accuracy': 0.84642, 'balanced_accuracy': 0.7575802856648037, 'f1_macro': 0.7749488592457197, 'f1_micro': 0.84642, 'f1_weighted': 0.8405276956392734, 'f1_binary': 0.6481235393850525, 'pr_auc': 0.7366009115389763, 'precision_macro': 0.8005424430641822, 'precision_micro': 0.84642, 'precision_weighted': 0.8394315695238096, 'precision_binary': 0.7253333333333334, 'recall_macro': 0.7575802856648037, 'recall_micro': 0.84642, 'recall_weighted': 0.84642, 'recall_binary': 0.5857698997763605, 'roc_auc': 0.890060956555472}
Validation statistic: Loss: 0.3513, dev_score: {'accuracy': 0.8395287958115183, 'balanced_accuracy': 0.7474494290304732, 'f1_macro': 0.7640045395913662, 'f1_micro': 0.8395287958115183, 'f1_weighted': 0.8334127639565777, 'f1_binary': 0.6305003013863774, 'pr_auc': 0.7155574013336246, 'precision_macro': 0.7884232769204633, 'precision_micro': 0.8395287958115183, 'precision_weighted': 0.8318717189228756, 'precision_binary': 0.7048517520215634, 'recall_macro': 0.7474494290304732, 'recall_micro': 0.8395287958115183, 'recall_weighted': 0.8395287958115183, 'recall_binary': 0.5703380588876772, 'roc_auc': 0.8883175040598397}
Saving model...
Model saved!
-------------------------------------------
-----------------------
Epoch 3/100
Training statistic: Loss: 0.3470, train_score: {'accuracy': 0.84757, 'balanced_accuracy': 0.7571384818037412, 'f1_macro': 0.7755749873615834, 'f1_micro': 0.84757, 'f1_weighted': 0.841302103191793, 'f1_binary': 0.6484629044533106, 'pr_auc': 0.7386382247658687, 'precision_macro': 0.8034028394711528, 'precision_micro': 0.84757, 'precision_weighted': 0.8404955069492369, 'precision_binary': 0.7316679677335415, 'recall_macro': 0.7571384818037412, 'recall_micro': 0.84757, 'recall_weighted': 0.84757, 'recall_binary': 0.5822496479748198, 'roc_auc': 0.8911089281225906}
Validation statistic: Loss: 0.3510, dev_score: {'accuracy': 0.8416230366492147, 'balanced_accuracy': 0.750319396585565, 'f1_macro': 0.7670844150942522, 'f1_micro': 0.8416230366492147, 'f1_weighted': 0.8355868225020057, 'f1_binary': 0.6353224834237492, 'pr_auc': 0.7149277545692293, 'precision_macro': 0.7917684672898178, 'precision_micro': 0.8416230366492147, 'precision_weighted': 0.8341533879866337, 'precision_binary': 0.7102425876010782, 'recall_macro': 0.750319396585565, 'recall_micro': 0.8416230366492147, 'recall_weighted': 0.8416230366492147, 'recall_binary': 0.5747001090512541, 'roc_auc': 0.8884884249024531}
Saving model...
Model saved!
-------------------------------------------
-----------------------
Epoch 4/100
Training statistic: Loss: 0.3442, train_score: {'accuracy': 0.84762, 'balanced_accuracy': 0.7620696062636914, 'f1_macro': 0.778182055062178, 'f1_micro': 0.84762, 'f1_weighted': 0.8423553751130253, 'f1_binary': 0.6540749148694666, 'pr_auc': 0.7386998738546056, 'precision_macro': 0.8010850203228794, 'precision_micro': 0.84762, 'precision_weighted': 0.8410609428565143, 'precision_binary': 0.723774115755627, 'recall_macro': 0.7620696062636914, 'recall_micro': 0.84762, 'recall_weighted': 0.84762, 'recall_binary': 0.596620558270521, 'roc_auc': 0.8914225477415427}
Validation statistic: Loss: 0.3490, dev_score: {'accuracy': 0.8400523560209424, 'balanced_accuracy': 0.7500320241798524, 'f1_macro': 0.7657923020984488, 'f1_micro': 0.8400523560209424, 'f1_weighted': 0.834355978104991, 'f1_binary': 0.633912522468544, 'pr_auc': 0.7131942463615001, 'precision_macro': 0.7884953466115565, 'precision_micro': 0.8400523560209424, 'precision_weighted': 0.8327061500170143, 'precision_binary': 0.7034574468085106, 'recall_macro': 0.7500320241798524, 'recall_micro': 0.8400523560209424, 'recall_weighted': 0.8400523560209424, 'recall_binary': 0.5768811341330425, 'roc_auc': 0.8879151826918417}
Saving model...
Model saved!
-------------------------------------------
-----------------------
Epoch 5/100
Training statistic: Loss: 0.3437, train_score: {'accuracy': 0.84687, 'balanced_accuracy': 0.7673768101215143, 'f1_macro': 0.7802750374567675, 'f1_micro': 0.84687, 'f1_weighted': 0.8428237146076123, 'f1_binary': 0.6593098538278417, 'pr_auc': 0.739757235512811, 'precision_macro': 0.7972648158459714, 'precision_micro': 0.84687, 'precision_weighted': 0.8411872937088523, 'precision_binary': 0.7123215230037018, 'recall_macro': 0.7673768101215143, 'recall_micro': 0.84687, 'recall_weighted': 0.84687, 'recall_binary': 0.6136420110991468, 'roc_auc': 0.8918844215351068}
Validation statistic: Loss: 0.3491, dev_score: {'accuracy': 0.8356020942408376, 'balanced_accuracy': 0.7512072458416461, 'f1_macro': 0.7632260071599912, 'f1_micro': 0.8356020942408376, 'f1_weighted': 0.8312842026820372, 'f1_binary': 0.6323185011709602, 'pr_auc': 0.7137646462532719, 'precision_macro': 0.7791083161966978, 'precision_micro': 0.8356020942408376, 'precision_weighted': 0.8292408645414976, 'precision_binary': 0.6826801517067004, 'recall_macro': 0.7512072458416461, 'recall_micro': 0.8356020942408376, 'recall_weighted': 0.8356020942408376, 'recall_binary': 0.5888767720828789, 'roc_auc': 0.8878890750026953}
-----------------------
Epoch 6/100
Training statistic: Loss: 0.3422, train_score: {'accuracy': 0.84729, 'balanced_accuracy': 0.7666090920026978, 'f1_macro': 0.7802168053374636, 'f1_micro': 0.84729, 'f1_weighted': 0.8429979857514605, 'f1_binary': 0.6588019751100387, 'pr_auc': 0.7416401506411833, 'precision_macro': 0.7984277775202739, 'precision_micro': 0.84729, 'precision_weighted': 0.8414127004503104, 'precision_binary': 0.7152976565911406, 'recall_macro': 0.7666090920026978, 'recall_micro': 0.84729, 'recall_weighted': 0.84729, 'recall_binary': 0.6105773212954526, 'roc_auc': 0.8927567899967546}
Validation statistic: Loss: 0.3481, dev_score: {'accuracy': 0.8358638743455498, 'balanced_accuracy': 0.7547366673290632, 'f1_macro': 0.7652600242566798, 'f1_micro': 0.8358638743455498, 'f1_weighted': 0.8321904520736229, 'f1_binary': 0.6365217391304347, 'pr_auc': 0.7154247624837756, 'precision_macro': 0.7786387453486385, 'precision_micro': 0.8358638743455498, 'precision_weighted': 0.8302036755609187, 'precision_binary': 0.6794554455445545, 'recall_macro': 0.7547366673290632, 'recall_micro': 0.8358638743455498, 'recall_weighted': 0.8358638743455498, 'recall_binary': 0.5986913849509269, 'roc_auc': 0.888976770167063}
Saving model...
Model saved!
-------------------------------------------
-----------------------
Epoch 7/100
Training statistic: Loss: 0.3413, train_score: {'accuracy': 0.84796, 'balanced_accuracy': 0.7647357463382505, 'f1_macro': 0.779793009240741, 'f1_micro': 0.84796, 'f1_weighted': 0.8431450125151175, 'f1_binary': 0.6572742437221045, 'pr_auc': 0.7425581982850756, 'precision_macro': 0.8006250979345857, 'precision_micro': 0.84796, 'precision_weighted': 0.8417141577653412, 'precision_binary': 0.7211614562722596, 'recall_macro': 0.7647357463382505, 'recall_micro': 0.84796, 'recall_weighted': 0.84796, 'recall_binary': 0.603785306054833, 'roc_auc': 0.8932114645049647}
Validation statistic: Loss: 0.3459, dev_score: {'accuracy': 0.837434554973822, 'balanced_accuracy': 0.7512938332135635, 'f1_macro': 0.7645853956250883, 'f1_micro': 0.837434554973822, 'f1_weighted': 0.8326693629034813, 'f1_binary': 0.6336283185840708, 'pr_auc': 0.7172115874886096, 'precision_macro': 0.7826567726211784, 'precision_micro': 0.837434554973822, 'precision_weighted': 0.8307083078474815, 'precision_binary': 0.6902313624678663, 'recall_macro': 0.7512938332135635, 'recall_micro': 0.837434554973822, 'recall_weighted': 0.837434554973822, 'recall_binary': 0.5856052344601963, 'roc_auc': 0.8901818560200387}
Saving model...
Model saved!
-------------------------------------------
-----------------------
Epoch 8/100
Training statistic: Loss: 0.3407, train_score: {'accuracy': 0.84888, 'balanced_accuracy': 0.7645799237961597, 'f1_macro': 0.7804164279690654, 'f1_micro': 0.84888, 'f1_weighted': 0.843816162604539, 'f1_binary': 0.6578053530184321, 'pr_auc': 0.7439638594657293, 'precision_macro': 0.8026914535584975, 'precision_micro': 0.84888, 'precision_weighted': 0.8425179836978587, 'precision_binary': 0.7256694644284573, 'recall_macro': 0.7645799237961597, 'recall_micro': 0.84888, 'recall_weighted': 0.84888, 'recall_binary': 0.6015489107926779, 'roc_auc': 0.8939979457544103}
Validation statistic: Loss: 0.3474, dev_score: {'accuracy': 0.8397905759162304, 'balanced_accuracy': 0.7509788505178902, 'f1_macro': 0.7661145872850468, 'f1_micro': 0.8397905759162304, 'f1_weighted': 0.8343610954107608, 'f1_binary': 0.6348448687350835, 'pr_auc': 0.7156445527688328, 'precision_macro': 0.7875731879538536, 'precision_micro': 0.8397905759162304, 'precision_weighted': 0.8326225939022812, 'precision_binary': 0.7009222661396575, 'recall_macro': 0.7509788505178902, 'recall_micro': 0.8397905759162304, 'recall_weighted': 0.8397905759162304, 'recall_binary': 0.5801526717557252, 'roc_auc': 0.8895492610772672}
-----------------------
Epoch 9/100
Training statistic: Loss: 0.3416, train_score: {'accuracy': 0.84934, 'balanced_accuracy': 0.7573170940750873, 'f1_macro': 0.7769986880240456, 'f1_micro': 0.84934, 'f1_weighted': 0.8426743773219711, 'f1_binary': 0.6499860607750209, 'pr_auc': 0.7446199765898578, 'precision_macro': 0.807499853347005, 'precision_micro': 0.84934, 'precision_weighted': 0.8422800974331259, 'precision_binary': 0.740237062122976, 'recall_macro': 0.7573170940750873, 'recall_micro': 0.84934, 'recall_weighted': 0.84934, 'recall_binary': 0.5793506170794335, 'roc_auc': 0.8941970033191468}
Validation statistic: Loss: 0.3478, dev_score: {'accuracy': 0.8400523560209424, 'balanced_accuracy': 0.7421985904853062, 'f1_macro': 0.7614245144534721, 'f1_micro': 0.8400523560209424, 'f1_weighted': 0.8326305761739446, 'f1_binary': 0.6244622003687769, 'pr_auc': 0.7164036438412679, 'precision_macro': 0.7919908518635932, 'precision_micro': 0.8400523560209424, 'precision_weighted': 0.8317617465537998, 'precision_binary': 0.7154929577464789, 'recall_macro': 0.7421985904853062, 'recall_micro': 0.8400523560209424, 'recall_weighted': 0.8400523560209424, 'recall_binary': 0.5539803707742639, 'roc_auc': 0.8901315188927634}
-----------------------
Epoch 10/100
Training statistic: Loss: 0.3395, train_score: {'accuracy': 0.84939, 'balanced_accuracy': 0.7669769959039157, 'f1_macro': 0.7820081405489918, 'f1_micro': 0.84939, 'f1_weighted': 0.8446766512328907, 'f1_binary': 0.6608112064500147, 'pr_auc': 0.7461701987387261, 'precision_macro': 0.8027121323455382, 'precision_micro': 0.84939, 'precision_weighted': 0.8432867075510809, 'precision_binary': 0.724243471392605, 'recall_macro': 0.7669769959039157, 'recall_micro': 0.84939, 'recall_weighted': 0.84939, 'recall_binary': 0.6075954609459123, 'roc_auc': 0.8949470142316385}
Validation statistic: Loss: 0.3455, dev_score: {'accuracy': 0.8390052356020943, 'balanced_accuracy': 0.7534463088798824, 'f1_macro': 0.7668599328654258, 'f1_micro': 0.8390052356020943, 'f1_weighted': 0.8342860840348487, 'f1_binary': 0.6371681415929203, 'pr_auc': 0.718317170380531, 'precision_macro': 0.7850778898336739, 'precision_micro': 0.8390052356020943, 'precision_weighted': 0.8323834148761133, 'precision_binary': 0.6940874035989717, 'recall_macro': 0.7534463088798824, 'recall_micro': 0.8390052356020943, 'recall_weighted': 0.8390052356020943, 'recall_binary': 0.5888767720828789, 'roc_auc': 0.8906292554124621}
Saving model...
Model saved!
-------------------------------------------
-----------------------
Epoch 11/100
Training statistic: Loss: 0.3385, train_score: {'accuracy': 0.85009, 'balanced_accuracy': 0.7656880552036615, 'f1_macro': 0.7819019111374241, 'f1_micro': 0.85009, 'f1_weighted': 0.8449595825834775, 'f1_binary': 0.6599523647499149, 'pr_auc': 0.7472631335431561, 'precision_macro': 0.8048395625668794, 'precision_micro': 0.85009, 'precision_weighted': 0.8437572569015955, 'precision_binary': 0.7295752043733387, 'recall_macro': 0.7656880552036615, 'recall_micro': 0.85009, 'recall_weighted': 0.85009, 'recall_binary': 0.6024600347883707, 'roc_auc': 0.8954754194460561}
Validation statistic: Loss: 0.3458, dev_score: {'accuracy': 0.8408376963350785, 'balanced_accuracy': 0.7498026897305874, 'f1_macro': 0.7662347178322119, 'f1_micro': 0.8408376963350785, 'f1_weighted': 0.8348915831272504, 'f1_binary': 0.6341756919374247, 'pr_auc': 0.7178144901976119, 'precision_macro': 0.7902766410214438, 'precision_micro': 0.8408376963350785, 'precision_weighted': 0.8333728881686021, 'precision_binary': 0.7073825503355705, 'recall_macro': 0.7498026897305874, 'recall_micro': 0.8408376963350785, 'recall_weighted': 0.8408376963350785, 'recall_binary': 0.5747001090512541, 'roc_auc': 0.8906908620458436}
-----------------------
Epoch 12/100
Training statistic: Loss: 0.3391, train_score: {'accuracy': 0.85018, 'balanced_accuracy': 0.7601857728795139, 'f1_macro': 0.7791486702069422, 'f1_micro': 0.85018, 'f1_weighted': 0.8439125297241419, 'f1_binary': 0.6538994640547033, 'pr_auc': 0.7478371469858157, 'precision_macro': 0.8078909489270567, 'precision_micro': 0.85018, 'precision_weighted': 0.8433223160422254, 'precision_binary': 0.7393689269668791, 'recall_macro': 0.7601857728795139, 'recall_micro': 0.85018, 'recall_weighted': 0.85018, 'recall_binary': 0.586142632320053, 'roc_auc': 0.8958442348600073}
Validation statistic: Loss: 0.3468, dev_score: {'accuracy': 0.8429319371727748, 'balanced_accuracy': 0.7459582855474971, 'f1_macro': 0.7656145500597008, 'f1_micro': 0.8429319371727748, 'f1_weighted': 0.8356019387591379, 'f1_binary': 0.6309963099630996, 'pr_auc': 0.7175517974352439, 'precision_macro': 0.7968462605278417, 'precision_micro': 0.8429319371727748, 'precision_weighted': 0.8349504044982152, 'precision_binary': 0.7235543018335684, 'recall_macro': 0.7459582855474971, 'recall_micro': 0.8429319371727748, 'recall_weighted': 0.8429319371727748, 'recall_binary': 0.559432933478735, 'roc_auc': 0.8904027383397237}
-----------------------
Epoch 13/100
Training statistic: Loss: 0.3371, train_score: {'accuracy': 0.85013, 'balanced_accuracy': 0.7656014956177362, 'f1_macro': 0.7818891208743547, 'f1_micro': 0.85013, 'f1_weighted': 0.8449730464635005, 'f1_binary': 0.659888800635425, 'pr_auc': 0.7484660993139699, 'precision_macro': 0.8049700426974749, 'precision_micro': 0.85013, 'precision_weighted': 0.8437840959569903, 'precision_binary': 0.7299061197851298, 'recall_macro': 0.7656014956177362, 'recall_micro': 0.85013, 'recall_weighted': 0.85013, 'recall_binary': 0.6021287169717552, 'roc_auc': 0.8962769058494058}
Validation statistic: Loss: 0.3437, dev_score: {'accuracy': 0.8405759162303665, 'balanced_accuracy': 0.7514955573728678, 'f1_macro': 0.7669609631214357, 'f1_micro': 0.8405759162303665, 'f1_weighted': 0.8350556519310942, 'f1_binary': 0.6359832635983264, 'pr_auc': 0.7187472559849224, 'precision_macro': 0.7890254810946717, 'precision_micro': 0.8405759162303665, 'precision_weighted': 0.8333838711204472, 'precision_binary': 0.7037037037037037, 'recall_macro': 0.7514955573728678, 'recall_micro': 0.8405759162303665, 'recall_weighted': 0.8405759162303665, 'recall_binary': 0.5801526717557252, 'roc_auc': 0.8917708563810386}
Saving model...
Model saved!
-------------------------------------------
-----------------------
Epoch 14/100
Training statistic: Loss: 0.3371, train_score: {'accuracy': 0.85024, 'balanced_accuracy': 0.7638107238890486, 'f1_macro': 0.7810665837830598, 'f1_micro': 0.85024, 'f1_weighted': 0.8446997274540357, 'f1_binary': 0.6580041105275177, 'pr_auc': 0.7486800113153147, 'precision_macro': 0.8061032168811728, 'precision_micro': 0.85024, 'precision_weighted': 0.8436942167083622, 'precision_binary': 0.7334046019140704, 'recall_macro': 0.7638107238890486, 'recall_micro': 0.85024, 'recall_weighted': 0.85024, 'recall_binary': 0.5966619729975979, 'roc_auc': 0.8964084546900293}
Validation statistic: Loss: 0.3439, dev_score: {'accuracy': 0.8416230366492147, 'balanced_accuracy': 0.7495733552813225, 'f1_macro': 0.7666775195794118, 'f1_micro': 0.8416230366492147, 'f1_weighted': 0.8354266174549908, 'f1_binary': 0.6344410876132931, 'pr_auc': 0.7189794412869862, 'precision_macro': 0.7920959887729961, 'precision_micro': 0.8416230366492147, 'precision_weighted': 0.8340587520333077, 'precision_binary': 0.7113821138211383, 'recall_macro': 0.7495733552813225, 'recall_micro': 0.8416230366492147, 'recall_weighted': 0.8416230366492147, 'recall_binary': 0.5725190839694656, 'roc_auc': 0.8921652890947618}
-----------------------
Epoch 15/100
Training statistic: Loss: 0.3368, train_score: {'accuracy': 0.85024, 'balanced_accuracy': 0.7616933608880584, 'f1_macro': 0.7799788996591392, 'f1_micro': 0.85024, 'f1_weighted': 0.8442694849789982, 'f1_binary': 0.6556449758565187, 'pr_auc': 0.7494388379562197, 'precision_macro': 0.8072086393639977, 'precision_micro': 0.85024, 'precision_weighted': 0.8434995056832566, 'precision_binary': 0.7370244003308519, 'recall_macro': 0.7616933608880584, 'recall_micro': 0.85024, 'recall_weighted': 0.85024, 'recall_binary': 0.5904497639360556, 'roc_auc': 0.8965854847128574}
Validation statistic: Loss: 0.3441, dev_score: {'accuracy': 0.8416230366492147, 'balanced_accuracy': 0.7477082520207163, 'f1_macro': 0.765650706896071, 'f1_micro': 0.8416230366492147, 'f1_weighted': 0.8350213031672172, 'f1_binary': 0.6322188449848024, 'pr_auc': 0.7185027822962753, 'precision_macro': 0.7929449270005544, 'precision_micro': 0.8416230366492147, 'precision_weighted': 0.8338394810454948, 'precision_binary': 0.7142857142857143, 'recall_macro': 0.7477082520207163, 'recall_micro': 0.8416230366492147, 'recall_weighted': 0.8416230366492147, 'recall_binary': 0.5670665212649946, 'roc_auc': 0.8920161559639541}
-----------------------
Epoch 16/100
Training statistic: Loss: 0.3358, train_score: {'accuracy': 0.85115, 'balanced_accuracy': 0.7619261878292872, 'f1_macro': 0.7807946866380382, 'f1_micro': 0.85115, 'f1_weighted': 0.845008983203451, 'f1_binary': 0.656608300459086, 'pr_auc': 0.7506907339163981, 'precision_macro': 0.809223699933805, 'precision_micro': 0.85115, 'precision_weighted': 0.8444184322923688, 'precision_binary': 0.7411593146190303, 'recall_macro': 0.7619261878292872, 'recall_micro': 0.85115, 'recall_weighted': 0.85115, 'recall_binary': 0.589372981032055, 'roc_auc': 0.8971819989558208}
Validation statistic: Loss: 0.3439, dev_score: {'accuracy': 0.8413612565445027, 'balanced_accuracy': 0.745297892489663, 'f1_macro': 0.7641159330265817, 'f1_micro': 0.8413612565445027, 'f1_weighted': 0.8342939808338055, 'f1_binary': 0.6291309669522643, 'pr_auc': 0.7195305773330948, 'precision_macro': 0.7935007782543639, 'precision_micro': 0.8413612565445027, 'precision_weighted': 0.8333377061186621, 'precision_binary': 0.7168758716875872, 'recall_macro': 0.745297892489663, 'recall_micro': 0.8413612565445027, 'recall_weighted': 0.8413612565445027, 'recall_binary': 0.5605234460196292, 'roc_auc': 0.8919631892852541}
-----------------------
Epoch 17/100
Training statistic: Loss: 0.3357, train_score: {'accuracy': 0.85113, 'balanced_accuracy': 0.7635786635030024, 'f1_macro': 0.7816306210078889, 'f1_micro': 0.85113, 'f1_weighted': 0.8453313014815941, 'f1_binary': 0.6584375358494895, 'pr_auc': 0.7510606131806543, 'precision_macro': 0.8082727715023047, 'precision_micro': 0.85113, 'precision_weighted': 0.8445291369870538, 'precision_binary': 0.7381552548999434, 'recall_macro': 0.7635786635030024, 'recall_micro': 0.85113, 'recall_weighted': 0.85113, 'recall_binary': 0.5942599188271349, 'roc_auc': 0.8972927074869037}
Validation statistic: Loss: 0.3438, dev_score: {'accuracy': 0.8408376963350785, 'balanced_accuracy': 0.746072483209375, 'f1_macro': 0.7641763657313299, 'f1_micro': 0.8408376963350785, 'f1_weighted': 0.8340796727005882, 'f1_binary': 0.6297198538367844, 'pr_auc': 0.7190824367998229, 'precision_macro': 0.7919313687259762, 'precision_micro': 0.8408376963350785, 'precision_weighted': 0.8329136331275278, 'precision_binary': 0.713103448275862, 'recall_macro': 0.746072483209375, 'recall_micro': 0.8408376963350785, 'recall_weighted': 0.8408376963350785, 'recall_binary': 0.5637949836423118, 'roc_auc': 0.8924984908253073}
-----------------------
Epoch 18/100
Training statistic: Loss: 0.3356, train_score: {'accuracy': 0.85123, 'balanced_accuracy': 0.7662418782195359, 'f1_macro': 0.7830586161659452, 'f1_micro': 0.85123, 'f1_weighted': 0.8459411449365056, 'f1_binary': 0.661447784630089, 'pr_auc': 0.7510622576517256, 'precision_macro': 0.8071213835101543, 'precision_micro': 0.85123, 'precision_weighted': 0.844878698039455, 'precision_binary': 0.734101126433298, 'recall_macro': 0.7662418782195359, 'recall_micro': 0.85123, 'recall_weighted': 0.85123, 'recall_binary': 0.6018802286092935, 'roc_auc': 0.8975296677657459}
Validation statistic: Loss: 0.3437, dev_score: {'accuracy': 0.8397905759162304, 'balanced_accuracy': 0.7479946853009203, 'f1_macro': 0.7644920820405368, 'f1_micro': 0.8397905759162304, 'f1_weighted': 0.8337248639095773, 'f1_binary': 0.6313253012048192, 'pr_auc': 0.7190985785959731, 'precision_macro': 0.7887635918119544, 'precision_micro': 0.8397905759162304, 'precision_weighted': 0.8321824394688062, 'precision_binary': 0.7052489905787349, 'recall_macro': 0.7479946853009203, 'recall_micro': 0.8397905759162304, 'recall_weighted': 0.8397905759162304, 'recall_binary': 0.5714285714285714, 'roc_auc': 0.892281740657861}
Saving model...
Model saved!
-------------------------------------------
-----------------------
Epoch 19/100
Training statistic: Loss: 0.3335, train_score: {'accuracy': 0.85176, 'balanced_accuracy': 0.7658430986330419, 'f1_macro': 0.7832672917308151, 'f1_micro': 0.85176, 'f1_weighted': 0.8462675222556305, 'f1_binary': 0.6614288324502101, 'pr_auc': 0.7524449309143447, 'precision_macro': 0.8085326161062327, 'precision_micro': 0.85176, 'precision_weighted': 0.8453418112577201, 'precision_binary': 0.7373459619105815, 'recall_macro': 0.7658430986330419, 'recall_micro': 0.85176, 'recall_weighted': 0.85176, 'recall_binary': 0.5996852480742152, 'roc_auc': 0.8979683527190588}
Validation statistic: Loss: 0.3422, dev_score: {'accuracy': 0.8424083769633508, 'balanced_accuracy': 0.7512091240926639, 'f1_macro': 0.7681383515242148, 'f1_micro': 0.8424083769633508, 'f1_weighted': 0.836362343440091, 'f1_binary': 0.6369119420989143, 'pr_auc': 0.7198934959121067, 'precision_macro': 0.7931054432994571, 'precision_micro': 0.8424083769633508, 'precision_weighted': 0.8349855229643386, 'precision_binary': 0.7125506072874493, 'recall_macro': 0.7512091240926639, 'recall_micro': 0.8424083769633508, 'recall_weighted': 0.8424083769633508, 'recall_binary': 0.5757906215921483, 'roc_auc': 0.8929297372589782}
Saving model...
Model saved!
-------------------------------------------
-----------------------
Epoch 20/100
Training statistic: Loss: 0.3341, train_score: {'accuracy': 0.85159, 'balanced_accuracy': 0.7672696583737196, 'f1_macro': 0.7838519645964304, 'f1_micro': 0.85159, 'f1_weighted': 0.8464195917314901, 'f1_binary': 0.662850132897158, 'pr_auc': 0.7530440629125223, 'precision_macro': 0.8074192274235541, 'precision_micro': 0.85159, 'precision_weighted': 0.8453251309051961, 'precision_binary': 0.7341116087153424, 'recall_macro': 0.7672696583737196, 'recall_micro': 0.85159, 'recall_weighted': 0.85159, 'recall_binary': 0.6041994533256025, 'roc_auc': 0.8982905693308203}
Validation statistic: Loss: 0.3433, dev_score: {'accuracy': 0.8390052356020943, 'balanced_accuracy': 0.7485970404023063, 'f1_macro': 0.7642590274804355, 'f1_micro': 0.8390052356020943, 'f1_weighted': 0.8332715655230271, 'f1_binary': 0.6315158777711204, 'pr_auc': 0.7201013387066832, 'precision_macro': 0.7868396141363145, 'precision_micro': 0.8390052356020943, 'precision_weighted': 0.8315723102637059, 'precision_binary': 0.7007978723404256, 'recall_macro': 0.7485970404023063, 'recall_micro': 0.8390052356020943, 'recall_weighted': 0.8390052356020943, 'recall_binary': 0.5747001090512541, 'roc_auc': 0.8927336478527271}
-----------------------
Epoch 21/100
Training statistic: Loss: 0.3352, train_score: {'accuracy': 0.85213, 'balanced_accuracy': 0.7616122944016285, 'f1_macro': 0.7813825268497419, 'f1_micro': 0.85213, 'f1_weighted': 0.8456891406921584, 'f1_binary': 0.6570176048987544, 'pr_auc': 0.7536150169602965, 'precision_macro': 0.8117606307718559, 'precision_micro': 0.85213, 'precision_weighted': 0.8453928826335656, 'precision_binary': 0.7467179838667158, 'recall_macro': 0.7616122944016285, 'recall_micro': 0.85213, 'recall_weighted': 0.85213, 'recall_binary': 0.5865567795908225, 'roc_auc': 0.8986259331283334}
Validation statistic: Loss: 0.3444, dev_score: {'accuracy': 0.8416230366492147, 'balanced_accuracy': 0.7436050248473827, 'f1_macro': 0.7633425360533734, 'f1_micro': 0.8416230366492147, 'f1_weighted': 0.8341049730963142, 'f1_binary': 0.6272335181762169, 'pr_auc': 0.7198705778878478, 'precision_macro': 0.7949709890997615, 'precision_micro': 0.8416230366492147, 'precision_weighted': 0.8334473040637207, 'precision_binary': 0.7209631728045326, 'recall_macro': 0.7436050248473827, 'recall_micro': 0.8416230366492147, 'recall_weighted': 0.8416230366492147, 'recall_binary': 0.5550708833151581, 'roc_auc': 0.8924552910518995}
-----------------------
Epoch 22/100
Training statistic: Loss: 0.3337, train_score: {'accuracy': 0.85193, 'balanced_accuracy': 0.7647412012191827, 'f1_macro': 0.7828400355990108, 'f1_micro': 0.85193, 'f1_weighted': 0.8461766880100798, 'f1_binary': 0.6603509576786328, 'pr_auc': 0.7537510457429019, 'precision_macro': 0.8095116539546201, 'precision_micro': 0.85193, 'precision_weighted': 0.8454084795464913, 'precision_binary': 0.740089464753972, 'recall_macro': 0.7647412012191827, 'recall_micro': 0.85193, 'recall_weighted': 0.85193, 'recall_binary': 0.5961235815455976, 'roc_auc': 0.8987736077457331}
Validation statistic: Loss: 0.3429, dev_score: {'accuracy': 0.8400523560209424, 'balanced_accuracy': 0.7451827557022761, 'f1_macro': 0.7631175092516841, 'f1_micro': 0.8400523560209424, 'f1_weighted': 0.8333024452570801, 'f1_binary': 0.628119293974437, 'pr_auc': 0.7210402024686027, 'precision_macro': 0.7905690566118373, 'precision_micro': 0.8400523560209424, 'precision_weighted': 0.8320698305250478, 'precision_binary': 0.7107438016528925, 'recall_macro': 0.7451827557022761, 'recall_micro': 0.8400523560209424, 'recall_weighted': 0.8400523560209424, 'recall_binary': 0.5627044711014176, 'roc_auc': 0.8930009229725502}
-----------------------
Epoch 23/100
Training statistic: Loss: 0.3334, train_score: {'accuracy': 0.85226, 'balanced_accuracy': 0.7673725181768634, 'f1_macro': 0.7844230959164549, 'f1_micro': 0.85226, 'f1_weighted': 0.8469535907173668, 'f1_binary': 0.6634930758017493, 'pr_auc': 0.7545113931572565, 'precision_macro': 0.8088842214947825, 'precision_micro': 0.85226, 'precision_weighted': 0.8459663383347367, 'precision_binary': 0.7371697540236866, 'recall_macro': 0.7673725181768634, 'recall_micro': 0.85226, 'recall_weighted': 0.85226, 'recall_binary': 0.6032054998757558, 'roc_auc': 0.8990783172526471}
Validation statistic: Loss: 0.3425, dev_score: {'accuracy': 0.8405759162303665, 'balanced_accuracy': 0.7481383715037766, 'f1_macro': 0.765134891609689, 'f1_micro': 0.8405759162303665, 'f1_weighted': 0.8343385289753544, 'f1_binary': 0.63202416918429, 'pr_auc': 0.722388942182226, 'precision_macro': 0.7904165105895056, 'precision_micro': 0.8405759162303665, 'precision_weighted': 0.8329150513756616, 'precision_binary': 0.7086720867208672, 'recall_macro': 0.7481383715037766, 'recall_micro': 0.8405759162303665, 'recall_weighted': 0.8405759162303665, 'recall_binary': 0.5703380588876772, 'roc_auc': 0.89335685154041}
-----------------------
Epoch 24/100
Training statistic: Loss: 0.3322, train_score: {'accuracy': 0.85239, 'balanced_accuracy': 0.7677969871896028, 'f1_macro': 0.7847360891556088, 'f1_micro': 0.85239, 'f1_weighted': 0.8471368387309246, 'f1_binary': 0.6640569880971346, 'pr_auc': 0.754981374379037, 'precision_macro': 0.8089622883414336, 'precision_micro': 0.85239, 'precision_weighted': 0.8461318204770505, 'precision_binary': 0.7370787652200272, 'recall_macro': 0.7677969871896028, 'recall_micro': 0.85239, 'recall_weighted': 0.85239, 'recall_binary': 0.6041994533256025, 'roc_auc': 0.899291229319545}
Validation statistic: Loss: 0.3426, dev_score: {'accuracy': 0.8405759162303665, 'balanced_accuracy': 0.7473923301995341, 'f1_macro': 0.7647231108839858, 'f1_micro': 0.8405759162303665, 'f1_weighted': 0.8341761636354437, 'f1_binary': 0.6311326468806784, 'pr_auc': 0.7214767579430622, 'precision_macro': 0.7907439062938717, 'precision_micro': 0.8405759162303665, 'precision_weighted': 0.8328214452963711, 'precision_binary': 0.7098092643051771, 'recall_macro': 0.7473923301995341, 'recall_micro': 0.8405759162303665, 'recall_weighted': 0.8405759162303665, 'recall_binary': 0.5681570338058888, 'roc_auc': 0.8926953315319653}
-----------------------
Epoch 25/100
Training statistic: Loss: 0.3319, train_score: {'accuracy': 0.85202, 'balanced_accuracy': 0.7658309757047848, 'f1_macro': 0.7834622450670488, 'f1_micro': 0.85202, 'f1_weighted': 0.8464640292440773, 'f1_binary': 0.6616207811213757, 'pr_auc': 0.7546807487769457, 'precision_macro': 0.8091376158300126, 'precision_micro': 0.85202, 'precision_weighted': 0.8455906032808855, 'precision_binary': 0.7386398447870928, 'recall_macro': 0.7658309757047848, 'recall_micro': 0.85202, 'recall_weighted': 0.85202, 'recall_binary': 0.5991468566222149, 'roc_auc': 0.8993614799525804}
Validation statistic: Loss: 0.3417, dev_score: {'accuracy': 0.8424083769633508, 'balanced_accuracy': 0.7493440208320576, 'f1_macro': 0.7671207240722258, 'f1_micro': 0.8424083769633508, 'f1_weighted': 0.8359610917710169, 'f1_binary': 0.6347087378640777, 'pr_auc': 0.7229487816285475, 'precision_macro': 0.7939544538030229, 'precision_micro': 0.8424083769633508, 'precision_weighted': 0.8347642465920013, 'precision_binary': 0.7154582763337893, 'recall_macro': 0.7493440208320576, 'recall_micro': 0.8424083769633508, 'recall_weighted': 0.8424083769633508, 'recall_binary': 0.5703380588876772, 'roc_auc': 0.8934015539146319}
Saving model...
Model saved!
-------------------------------------------
-----------------------
Epoch 26/100
Training statistic: Loss: 0.3317, train_score: {'accuracy': 0.85308, 'balanced_accuracy': 0.7731076274422396, 'f1_macro': 0.7878774423131044, 'f1_micro': 0.85308, 'f1_weighted': 0.8486886297319205, 'f1_binary': 0.6702724538803357, 'pr_auc': 0.7555197658397022, 'precision_macro': 0.807910402988481, 'precision_micro': 0.85308, 'precision_weighted': 0.8473796054062116, 'precision_binary': 0.7315794630609446, 'recall_macro': 0.7731076274422396, 'recall_micro': 0.85308, 'recall_weighted': 0.85308, 'recall_binary': 0.6184461194400729, 'roc_auc': 0.8996672401969936}
Validation statistic: Loss: 0.3417, dev_score: {'accuracy': 0.8418848167539267, 'balanced_accuracy': 0.7560869419857095, 'f1_macro': 0.770350800081537, 'f1_micro': 0.8418848167539267, 'f1_weighted': 0.8369861458185754, 'f1_binary': 0.6421800947867299, 'pr_auc': 0.7229502590825261, 'precision_macro': 0.7899959970716091, 'precision_micro': 0.8418848167539267, 'precision_weighted': 0.8352335720887657, 'precision_binary': 0.7029831387808041, 'recall_macro': 0.7560869419857095, 'recall_micro': 0.8418848167539267, 'recall_weighted': 0.8418848167539267, 'recall_binary': 0.5910577971646674, 'roc_auc': 0.8936626308060964}
-----------------------
Epoch 27/100
Training statistic: Loss: 0.3328, train_score: {'accuracy': 0.85297, 'balanced_accuracy': 0.76561023347325, 'f1_macro': 0.7840864760721908, 'f1_micro': 0.85297, 'f1_weighted': 0.8471466756943631, 'f1_binary': 0.6621320403520463, 'pr_auc': 0.7558782296958318, 'precision_macro': 0.8114764186766362, 'precision_micro': 0.85297, 'precision_weighted': 0.8465012334448052, 'precision_binary': 0.74374064322957, 'recall_macro': 0.76561023347325, 'recall_micro': 0.85297, 'recall_weighted': 0.85297, 'recall_binary': 0.5966619729975979, 'roc_auc': 0.899824329411466}
Validation statistic: Loss: 0.3435, dev_score: {'accuracy': 0.8418848167539267, 'balanced_accuracy': 0.7471344463347998, 'f1_macro': 0.7655203252032521, 'f1_micro': 0.8418848167539267, 'f1_weighted': 0.8350890775975821, 'f1_binary': 0.6317073170731707, 'pr_auc': 0.7221964206851712, 'precision_macro': 0.7938124209793889, 'precision_micro': 0.8418848167539267, 'precision_weighted': 0.834027997225485, 'precision_binary': 0.7164591977869986, 'recall_macro': 0.7471344463347998, 'recall_micro': 0.8418848167539267, 'recall_weighted': 0.8418848167539267, 'recall_binary': 0.5648854961832062, 'roc_auc': 0.8925719304401005}
-----------------------
Epoch 28/100
Training statistic: Loss: 0.3323, train_score: {'accuracy': 0.8528, 'balanced_accuracy': 0.7648770829529176, 'f1_macro': 0.7835817685543911, 'f1_micro': 0.8528, 'f1_weighted': 0.8468688271459948, 'f1_binary': 0.6611886019426414, 'pr_auc': 0.7560821257384556, 'precision_macro': 0.8114850626962267, 'precision_micro': 0.8528, 'precision_weighted': 0.8462784304177822, 'precision_binary': 0.7441968911917098, 'recall_macro': 0.7648770829529176, 'recall_micro': 0.8528, 'recall_weighted': 0.8528, 'recall_binary': 0.5948397250062122, 'roc_auc': 0.8998969337620168}
Validation statistic: Loss: 0.3423, dev_score: {'accuracy': 0.8426701570680628, 'balanced_accuracy': 0.7472781325376561, 'f1_macro': 0.7661663190969809, 'f1_micro': 0.8426701570680628, 'f1_weighted': 0.8357025306349984, 'f1_binary': 0.6324159021406728, 'pr_auc': 0.7216899903175708, 'precision_macro': 0.7955533225935645, 'precision_micro': 0.8426701570680628, 'precision_weighted': 0.8348041754737465, 'precision_binary': 0.7200557103064067, 'recall_macro': 0.7472781325376561, 'recall_micro': 0.8426701570680628, 'recall_weighted': 0.8426701570680628, 'recall_binary': 0.5637949836423118, 'roc_auc': 0.8931532491300882}
-----------------------
Epoch 29/100
Training statistic: Loss: 0.3311, train_score: {'accuracy': 0.85327, 'balanced_accuracy': 0.7681935440936551, 'f1_macro': 0.7856194019335785, 'f1_micro': 0.85327, 'f1_weighted': 0.8478904677959465, 'f1_binary': 0.6651911009697661, 'pr_auc': 0.7565859654994777, 'precision_macro': 0.8107705600600219, 'precision_micro': 0.85327, 'precision_weighted': 0.847008827934043, 'precision_binary': 0.7406880430916205, 'recall_macro': 0.7681935440936551, 'recall_micro': 0.85327, 'recall_weighted': 0.85327, 'recall_binary': 0.6036610618736022, 'roc_auc': 0.9001917012556857}
Validation statistic: Loss: 0.3418, dev_score: {'accuracy': 0.8439790575916231, 'balanced_accuracy': 0.7529885791068616, 'f1_macro': 0.7702488439381022, 'f1_micro': 0.8439790575916231, 'f1_weighted': 0.8379143727347254, 'f1_binary': 0.6400966183574879, 'pr_auc': 0.7216606493314043, 'precision_macro': 0.7957884085048745, 'precision_micro': 0.8439790575916231, 'precision_weighted': 0.8366537497031163, 'precision_binary': 0.7171853856562923, 'recall_macro': 0.7529885791068616, 'recall_micro': 0.8439790575916231, 'recall_weighted': 0.8439790575916231, 'recall_binary': 0.5779716466739367, 'roc_auc': 0.8931434822247959}
-----------------------
Epoch 30/100
Training statistic: Loss: 0.3318, train_score: {'accuracy': 0.85316, 'balanced_accuracy': 0.7677822583013127, 'f1_macro': 0.7853282613681971, 'f1_micro': 0.85316, 'f1_weighted': 0.8477249656515043, 'f1_binary': 0.6646569836484881, 'pr_auc': 0.7569386569919325, 'precision_macro': 0.8107353464542375, 'precision_micro': 0.85316, 'precision_weighted': 0.8468657566516203, 'precision_binary': 0.7408614194073924, 'recall_macro': 0.7677822583013127, 'recall_micro': 0.85316, 'recall_weighted': 0.85316, 'recall_binary': 0.6026671084237555, 'roc_auc': 0.9003887758229701}
Validation statistic: Loss: 0.3424, dev_score: {'accuracy': 0.8418848167539267, 'balanced_accuracy': 0.7504916322038909, 'f1_macro': 0.7673680470442288, 'f1_micro': 0.8418848167539267, 'f1_weighted': 0.8358186967405563, 'f1_binary': 0.6357056694813028, 'pr_auc': 0.7230422601393353, 'precision_macro': 0.7922682890803094, 'precision_micro': 0.8418848167539267, 'precision_weighted': 0.8344147492855294, 'precision_binary': 0.7112010796221323, 'recall_macro': 0.7504916322038909, 'recall_micro': 0.8418848167539267, 'recall_weighted': 0.8418848167539267, 'recall_binary': 0.5747001090512541, 'roc_auc': 0.8937171000856107}
-----------------------
Epoch 31/100
Training statistic: Loss: 0.3308, train_score: {'accuracy': 0.85319, 'balanced_accuracy': 0.7668280461514527, 'f1_macro': 0.7848729502028953, 'f1_micro': 0.85319, 'f1_weighted': 0.8475588411210131, 'f1_binary': 0.6636424038307329, 'pr_auc': 0.7569863305932867, 'precision_macro': 0.811320552162853, 'precision_micro': 0.85319, 'precision_weighted': 0.8468132799369308, 'precision_binary': 0.7426798625711502, 'recall_macro': 0.7668280461514527, 'recall_micro': 0.85319, 'recall_weighted': 0.85319, 'recall_binary': 0.599809492255446, 'roc_auc': 0.9004038740663749}
Validation statistic: Loss: 0.3416, dev_score: {'accuracy': 0.8445026178010471, 'balanced_accuracy': 0.7525870090392708, 'f1_macro': 0.7704173622704508, 'f1_micro': 0.8445026178010471, 'f1_weighted': 0.8382207343827847, 'f1_binary': 0.64, 'pr_auc': 0.722834024013606, 'precision_macro': 0.7971575559347367, 'precision_micro': 0.8445026178010471, 'precision_weighted': 0.8371011807718193, 'precision_binary': 0.7203274215552524, 'recall_macro': 0.7525870090392708, 'recall_micro': 0.8445026178010471, 'recall_weighted': 0.8445026178010471, 'recall_binary': 0.5757906215921483, 'roc_auc': 0.8937043279786901}
Saving model...
Model saved!
-------------------------------------------
-----------------------
Epoch 32/100
Training statistic: Loss: 0.3308, train_score: {'accuracy': 0.85346, 'balanced_accuracy': 0.7734569189031637, 'f1_macro': 0.7883447439954745, 'f1_micro': 0.85346, 'f1_weighted': 0.8490482318525763, 'f1_binary': 0.6709480397000045, 'pr_auc': 0.7580273582924554, 'precision_macro': 0.8085740783943977, 'precision_micro': 0.85346, 'precision_weighted': 0.8477636170000725, 'precision_binary': 0.7327839905826957, 'recall_macro': 0.7734569189031637, 'recall_micro': 0.85346, 'recall_weighted': 0.85346, 'recall_binary': 0.6187360225296116, 'roc_auc': 0.9006970754179203}
Validation statistic: Loss: 0.3423, dev_score: {'accuracy': 0.8439790575916231, 'balanced_accuracy': 0.7619410747577713, 'f1_macro': 0.7749152145577869, 'f1_micro': 0.8439790575916231, 'f1_weighted': 0.8397360048532494, 'f1_binary': 0.6502347417840375, 'pr_auc': 0.723092059231664, 'precision_macro': 0.7921277635966252, 'precision_micro': 0.8439790575916231, 'precision_weighted': 0.8379766816171353, 'precision_binary': 0.7039390088945362, 'recall_macro': 0.7619410747577713, 'recall_micro': 0.8439790575916231, 'recall_weighted': 0.8439790575916231, 'recall_binary': 0.604143947655398, 'roc_auc': 0.8934755570047306}
-----------------------
Epoch 33/100
Training statistic: Loss: 0.3298, train_score: {'accuracy': 0.85356, 'balanced_accuracy': 0.7681870802426536, 'f1_macro': 0.7858426293816341, 'f1_micro': 0.85356, 'f1_weighted': 0.8481119742374896, 'f1_binary': 0.6654176567355146, 'pr_auc': 0.7583994544019002, 'precision_macro': 0.8114447889313656, 'precision_micro': 0.85356, 'precision_weighted': 0.8472880527067449, 'precision_binary': 0.7421261848945062, 'recall_macro': 0.7681870802426536, 'recall_micro': 0.85356, 'recall_weighted': 0.85356, 'recall_binary': 0.603081255694525, 'roc_auc': 0.900830371392863}
Validation statistic: Loss: 0.3417, dev_score: {'accuracy': 0.8418848167539267, 'balanced_accuracy': 0.7512376735081334, 'f1_macro': 0.7677726473201578, 'f1_micro': 0.8418848167539267, 'f1_weighted': 0.8359778227119395, 'f1_binary': 0.6365824308062575, 'pr_auc': 0.7235525841311607, 'precision_macro': 0.791944126152671, 'precision_micro': 0.8418848167539267, 'precision_weighted': 0.8345115989140847, 'precision_binary': 0.7100671140939597, 'recall_macro': 0.7512376735081334, 'recall_micro': 0.8418848167539267, 'recall_weighted': 0.8418848167539267, 'recall_binary': 0.5768811341330425, 'roc_auc': 0.8937028253778759}
-----------------------
Epoch 34/100
Training statistic: Loss: 0.3302, train_score: {'accuracy': 0.85375, 'balanced_accuracy': 0.7698932852104986, 'f1_macro': 0.7868378849605098, 'f1_micro': 0.85375, 'f1_weighted': 0.8485918900734368, 'f1_binary': 0.6674095467673345, 'pr_auc': 0.7585729864626211, 'precision_macro': 0.8109786843906375, 'precision_micro': 0.85375, 'precision_weighted': 0.8476276617466995, 'precision_binary': 0.7401018812730116, 'recall_macro': 0.7698932852104986, 'recall_micro': 0.85375, 'recall_weighted': 0.85375, 'recall_binary': 0.6077197051271432, 'roc_auc': 0.9010914391224226}
Validation statistic: Loss: 0.3438, dev_score: {'accuracy': 0.8416230366492147, 'balanced_accuracy': 0.75181147919405, 'f1_macro': 0.7678917255222989, 'f1_micro': 0.8416230366492147, 'f1_weighted': 0.8359039800035134, 'f1_binary': 0.6370725854829035, 'pr_auc': 0.7209157698526173, 'precision_macro': 0.7911335504885993, 'precision_micro': 0.8416230366492147, 'precision_weighted': 0.8343542916588502, 'precision_binary': 0.708, 'recall_macro': 0.75181147919405, 'recall_micro': 0.8416230366492147, 'recall_weighted': 0.8416230366492147, 'recall_binary': 0.579062159214831, 'roc_auc': 0.8923024014190563}
-----------------------
Epoch 35/100
Training statistic: Loss: 0.3304, train_score: {'accuracy': 0.85365, 'balanced_accuracy': 0.7686275300746187, 'f1_macro': 0.7861324708239086, 'f1_micro': 0.85365, 'f1_weighted': 0.8482677761193921, 'f1_binary': 0.665966722205738, 'pr_auc': 0.7587214096808771, 'precision_macro': 0.8114168439022312, 'precision_micro': 0.85365, 'precision_weighted': 0.8474138114870963, 'precision_binary': 0.7418009864239589, 'recall_macro': 0.7686275300746187, 'recall_micro': 0.85365, 'recall_weighted': 0.85365, 'recall_binary': 0.6041994533256025, 'roc_auc': 0.9011196801837433}
Validation statistic: Loss: 0.3428, dev_score: {'accuracy': 0.8429319371727748, 'balanced_accuracy': 0.7541647398941643, 'f1_macro': 0.7701080251557187, 'f1_micro': 0.8429319371727748, 'f1_weighted': 0.8373769969072877, 'f1_binary': 0.6407185628742516, 'pr_auc': 0.722205410664054, 'precision_macro': 0.7929698443482889, 'precision_micro': 0.8429319371727748, 'precision_weighted': 0.835850015631534, 'precision_binary': 0.7104913678618858, 'recall_macro': 0.7541647398941643, 'recall_micro': 0.8429319371727748, 'recall_weighted': 0.8429319371727748, 'recall_binary': 0.5834242093784079, 'roc_auc': 0.8929398798144739}
-----------------------
Epoch 36/100
Training statistic: Loss: 0.3303, train_score: {'accuracy': 0.85382, 'balanced_accuracy': 0.769812384701829, 'f1_macro': 0.7868528634508859, 'f1_micro': 0.85382, 'f1_weighted': 0.8486300827594137, 'f1_binary': 0.6673796304723765, 'pr_auc': 0.7589883705298199, 'precision_macro': 0.8111809268424652, 'precision_micro': 0.85382, 'precision_weighted': 0.8476863443341833, 'precision_binary': 0.7405817594182406, 'recall_macro': 0.769812384701829, 'recall_micro': 0.85382, 'recall_weighted': 0.85382, 'recall_binary': 0.6073469725834507, 'roc_auc': 0.9012385947863315}
Validation statistic: Loss: 0.3438, dev_score: {'accuracy': 0.8434554973821989, 'balanced_accuracy': 0.7533901491744524, 'f1_macro': 0.7700795415520768, 'f1_micro': 0.8434554973821989, 'f1_weighted': 0.8376071820889733, 'f1_binary': 0.6401925391095066, 'pr_auc': 0.7221715194795992, 'precision_macro': 0.7944453538495116, 'precision_micro': 0.8434554973821989, 'precision_weighted': 0.8362196650323086, 'precision_binary': 0.7140939597315437, 'recall_macro': 0.7533901491744524, 'recall_micro': 0.8434554973821989, 'recall_weighted': 0.8434554973821989, 'recall_binary': 0.5801526717557252, 'roc_auc': 0.8924132182291022}
-----------------------
Epoch 37/100
Training statistic: Loss: 0.3298, train_score: {'accuracy': 0.85387, 'balanced_accuracy': 0.7678409057785509, 'f1_macro': 0.7859118078930631, 'f1_micro': 0.85387, 'f1_weighted': 0.8482817018861676, 'f1_binary': 0.6652923795780938, 'pr_auc': 0.759526152275608, 'precision_macro': 0.8123566841457251, 'precision_micro': 0.85387, 'precision_weighted': 0.8475613703430034, 'precision_binary': 0.7442730487367396, 'recall_macro': 0.7678409057785509, 'recall_micro': 0.85387, 'recall_weighted': 0.85387, 'recall_binary': 0.601466081338524, 'roc_auc': 0.9015799851052868}
Validation statistic: Loss: 0.3442, dev_score: {'accuracy': 0.8442408376963351, 'balanced_accuracy': 0.7505496701603387, 'f1_macro': 0.769116506214371, 'f1_micro': 0.8442408376963351, 'f1_weighted': 0.8375868698321685, 'f1_binary': 0.6374162096282754, 'pr_auc': 0.7217068439809968, 'precision_macro': 0.797557354347795, 'precision_micro': 0.8442408376963351, 'precision_weighted': 0.8366439470671038, 'precision_binary': 0.7223756906077348, 'recall_macro': 0.7505496701603387, 'recall_micro': 0.8442408376963351, 'recall_weighted': 0.8442408376963351, 'recall_binary': 0.5703380588876772, 'roc_auc': 0.8919444067750767}
-----------------------
Epoch 38/100
Training statistic: Loss: 0.3303, train_score: {'accuracy': 0.85402, 'balanced_accuracy': 0.7679115484248491, 'f1_macro': 0.7860644511396883, 'f1_micro': 0.85402, 'f1_weighted': 0.8484108940152916, 'f1_binary': 0.6654903758020165, 'pr_auc': 0.7596533356176017, 'precision_macro': 0.8126697795161109, 'precision_micro': 0.85402, 'precision_weighted': 0.8477143150301235, 'precision_binary': 0.7448958653944804, 'recall_macro': 0.7679115484248491, 'recall_micro': 0.85402, 'recall_weighted': 0.85402, 'recall_binary': 0.60138325188437, 'roc_auc': 0.901668683019825}
Validation statistic: Loss: 0.3443, dev_score: {'accuracy': 0.8424083769633508, 'balanced_accuracy': 0.7478519382235728, 'f1_macro': 0.7662967479674796, 'f1_micro': 0.8424083769633508, 'f1_weighted': 0.8356351402545439, 'f1_binary': 0.6329268292682927, 'pr_auc': 0.7216905718924247, 'precision_macro': 0.794665430472804, 'precision_micro': 0.8424083769633508, 'precision_weighted': 0.8346054017155277, 'precision_binary': 0.7178423236514523, 'recall_macro': 0.7478519382235728, 'recall_micro': 0.8424083769633508, 'recall_weighted': 0.8424083769633508, 'recall_binary': 0.5659760087241004, 'roc_auc': 0.8923196813284193}
-----------------------
Epoch 39/100
Training statistic: Loss: 0.3286, train_score: {'accuracy': 0.85405, 'balanced_accuracy': 0.7687500369491609, 'f1_macro': 0.7865065401960218, 'f1_micro': 0.85405, 'f1_weighted': 0.8485994023850115, 'f1_binary': 0.6664228738600781, 'pr_auc': 0.7598069757950006, 'precision_macro': 0.8122790374297788, 'precision_micro': 0.85405, 'precision_weighted': 0.8478117741221258, 'precision_binary': 0.7435609731218442, 'recall_macro': 0.7687500369491609, 'recall_micro': 0.85405, 'recall_weighted': 0.85405, 'recall_binary': 0.603785306054833, 'roc_auc': 0.9018871097524075}
Validation statistic: Loss: 0.3432, dev_score: {'accuracy': 0.8437172774869109, 'balanced_accuracy': 0.7528163434885358, 'f1_macro': 0.7699638010775047, 'f1_micro': 0.8437172774869109, 'f1_weighted': 0.8376819722051426, 'f1_binary': 0.6397103198551599, 'pr_auc': 0.7212562162718726, 'precision_macro': 0.7952834327834328, 'precision_micro': 0.8437172774869109, 'precision_weighted': 0.8363901061086925, 'precision_binary': 0.7162162162162162, 'recall_macro': 0.7528163434885358, 'recall_micro': 0.8437172774869109, 'recall_weighted': 0.8437172774869109, 'recall_binary': 0.5779716466739367, 'roc_auc': 0.892190833308603}
-----------------------
Epoch 40/100
Training statistic: Loss: 0.3294, train_score: {'accuracy': 0.85356, 'balanced_accuracy': 0.7638958912273134, 'f1_macro': 0.7836676586872474, 'f1_micro': 0.85356, 'f1_weighted': 0.8472495233001927, 'f1_binary': 0.6607043558850788, 'pr_auc': 0.759855854825005, 'precision_macro': 0.8138866704949953, 'precision_micro': 0.85356, 'precision_weighted': 0.8469891768211552, 'precision_binary': 0.7498685179341538, 'recall_macro': 0.7638958912273134, 'recall_micro': 0.85356, 'recall_weighted': 0.85356, 'recall_binary': 0.5904911786631326, 'roc_auc': 0.9019286394081638}
Validation statistic: Loss: 0.3437, dev_score: {'accuracy': 0.8439790575916231, 'balanced_accuracy': 0.7481393106292855, 'f1_macro': 0.7675938874881333, 'f1_micro': 0.8439790575916231, 'f1_weighted': 0.8368637266778732, 'f1_binary': 0.6343558282208589, 'pr_auc': 0.7211629699555345, 'precision_macro': 0.7981818190025599, 'precision_micro': 0.8439790575916231, 'precision_weighted': 0.836174014423562, 'precision_binary': 0.7251051893408135, 'recall_macro': 0.7481393106292855, 'recall_micro': 0.8439790575916231, 'recall_weighted': 0.8439790575916231, 'recall_binary': 0.5637949836423118, 'roc_auc': 0.8922618311970734}
-----------------------
Epoch 41/100
Training statistic: Loss: 0.3289, train_score: {'accuracy': 0.8544, 'balanced_accuracy': 0.7701805823400043, 'f1_macro': 0.78749003631856, 'f1_micro': 0.8544, 'f1_weighted': 0.8491485122602463, 'f1_binary': 0.6682464454976303, 'pr_auc': 0.7599898596725742, 'precision_macro': 0.812318950343707, 'precision_micro': 0.8544, 'precision_weighted': 0.848275175401999, 'precision_binary': 0.7427818863337048, 'recall_macro': 0.7701805823400043, 'recall_micro': 0.8544, 'recall_weighted': 0.8544, 'recall_binary': 0.6073055578563737, 'roc_auc': 0.9020242723539903}
Validation statistic: Loss: 0.3422, dev_score: {'accuracy': 0.8439790575916231, 'balanced_accuracy': 0.7503774345420129, 'f1_macro': 0.7688307795655799, 'f1_micro': 0.8439790575916231, 'f1_weighted': 0.8373544160025502, 'f1_binary': 0.6370280146163215, 'pr_auc': 0.7242211788528254, 'precision_macro': 0.7970386050916384, 'precision_micro': 0.8439790575916231, 'precision_weighted': 0.8363735159207394, 'precision_binary': 0.7213793103448276, 'recall_macro': 0.7503774345420129, 'recall_micro': 0.8439790575916231, 'recall_weighted': 0.8439790575916231, 'recall_binary': 0.5703380588876772, 'roc_auc': 0.893192316751257}
-----------------------
Epoch 42/100
Training statistic: Loss: 0.3282, train_score: {'accuracy': 0.85498, 'balanced_accuracy': 0.7716215772320147, 'f1_macro': 0.7886547934439441, 'f1_micro': 0.85498, 'f1_weighted': 0.8498747823871883, 'f1_binary': 0.6702592087312415, 'pr_auc': 0.7613953233663424, 'precision_macro': 0.8128869336069171, 'precision_micro': 0.85498, 'precision_weighted': 0.8489631166781484, 'precision_binary': 0.7431178783906424, 'recall_macro': 0.7716215772320147, 'recall_micro': 0.85498, 'recall_weighted': 0.85498, 'recall_binary': 0.6104116623871448, 'roc_auc': 0.9024760739182043}
Validation statistic: Loss: 0.3430, dev_score: {'accuracy': 0.8431937172774869, 'balanced_accuracy': 0.7532179135561264, 'f1_macro': 0.7697950381252006, 'f1_micro': 0.8431937172774869, 'f1_weighted': 0.8373749068300873, 'f1_binary': 0.639807576668671, 'pr_auc': 0.7243157704062158, 'precision_macro': 0.7939463737199133, 'precision_micro': 0.8431937172774869, 'precision_weighted': 0.8359589271156785, 'precision_binary': 0.7131367292225201, 'recall_macro': 0.7532179135561264, 'recall_micro': 0.8431937172774869, 'recall_weighted': 0.8431937172774869, 'recall_binary': 0.5801526717557252, 'roc_auc': 0.8926765490217881}
-----------------------
Epoch 43/100
Training statistic: Loss: 0.3287, train_score: {'accuracy': 0.85495, 'balanced_accuracy': 0.7693715133737093, 'f1_macro': 0.7875221246652677, 'f1_micro': 0.85495, 'f1_weighted': 0.8494140987800554, 'f1_binary': 0.667826963152953, 'pr_auc': 0.7611429074894026, 'precision_macro': 0.8140441566674834, 'precision_micro': 0.85495, 'precision_weighted': 0.8487427909244762, 'precision_binary': 0.7469391936888479, 'recall_macro': 0.7693715133737093, 'recall_micro': 0.85495, 'recall_weighted': 0.85495, 'recall_binary': 0.603868135508987, 'roc_auc': 0.9023806536313833}
Validation statistic: Loss: 0.3424, dev_score: {'accuracy': 0.8429319371727748, 'balanced_accuracy': 0.7500615127208307, 'f1_macro': 0.7678944093743114, 'f1_micro': 0.8429319371727748, 'f1_weighted': 0.836506071532575, 'f1_binary': 0.6359223300970874, 'pr_auc': 0.7236073644017512, 'precision_macro': 0.7948003130121932, 'precision_micro': 0.8429319371727748, 'precision_weighted': 0.8353386529540571, 'precision_binary': 0.7168262653898769, 'recall_macro': 0.7500615127208307, 'recall_micro': 0.8429319371727748, 'recall_weighted': 0.8429319371727748, 'recall_binary': 0.5714285714285714, 'roc_auc': 0.8932916762300948}
-----------------------
Epoch 44/100
Training statistic: Loss: 0.3278, train_score: {'accuracy': 0.85528, 'balanced_accuracy': 0.7733297111453439, 'f1_macro': 0.7897227152605251, 'f1_micro': 0.85528, 'f1_weighted': 0.8504332976680895, 'f1_binary': 0.6723122905533919, 'pr_auc': 0.7614235488072669, 'precision_macro': 0.8126781842929346, 'precision_micro': 0.85528, 'precision_weighted': 0.8494144708412126, 'precision_binary': 0.7416325307223499, 'recall_macro': 0.7733297111453439, 'recall_micro': 0.85528, 'recall_weighted': 0.85528, 'recall_binary': 0.6148430381843784, 'roc_auc': 0.9026064082274862}
Validation statistic: Loss: 0.3428, dev_score: {'accuracy': 0.8418848167539267, 'balanced_accuracy': 0.7523567354644971, 'f1_macro': 0.7683755206149883, 'f1_micro': 0.8418848167539267, 'f1_weighted': 0.8362144900071499, 'f1_binary': 0.6378896882494005, 'pr_auc': 0.723493189685346, 'precision_macro': 0.7914703931198068, 'precision_micro': 0.8418848167539267, 'precision_weighted': 0.8346641141454161, 'precision_binary': 0.7083888149134487, 'recall_macro': 0.7523567354644971, 'recall_micro': 0.8418848167539267, 'recall_weighted': 0.8418848167539267, 'recall_binary': 0.5801526717557252, 'roc_auc': 0.8929560327732264}
-----------------------
Epoch 45/100
Training statistic: Loss: 0.3275, train_score: {'accuracy': 0.85505, 'balanced_accuracy': 0.7715971397367047, 'f1_macro': 0.7886981462479332, 'f1_micro': 0.85505, 'f1_weighted': 0.8499241514554189, 'f1_binary': 0.6702909264608876, 'pr_auc': 0.7614454844974923, 'precision_macro': 0.8130607815461814, 'precision_micro': 0.85505, 'precision_weighted': 0.8490276918567876, 'precision_binary': 0.7435030529343493, 'recall_macro': 0.7715971397367047, 'recall_micro': 0.85505, 'recall_weighted': 0.85505, 'recall_binary': 0.6102045887517601, 'roc_auc': 0.9026473247482923}
Validation statistic: Loss: 0.3417, dev_score: {'accuracy': 0.8452879581151832, 'balanced_accuracy': 0.7560878811112184, 'f1_macro': 0.7728695618230276, 'f1_micro': 0.8452879581151832, 'f1_weighted': 0.8395468613298525, 'f1_binary': 0.6446181599518942, 'pr_auc': 0.7245516774819084, 'precision_macro': 0.7972779569545492, 'precision_micro': 0.8452879581151832, 'precision_weighted': 0.8382349424807602, 'precision_binary': 0.7184986595174263, 'recall_macro': 0.7560878811112184, 'recall_micro': 0.8452879581151832, 'recall_weighted': 0.8452879581151832, 'recall_binary': 0.5845147219193021, 'roc_auc': 0.893680474190765}
-----------------------
Epoch 46/100
Training statistic: Loss: 0.3285, train_score: {'accuracy': 0.85517, 'balanced_accuracy': 0.7695729918114369, 'f1_macro': 0.7877953565542265, 'f1_micro': 0.85517, 'f1_weighted': 0.8496231036089775, 'f1_binary': 0.6682244061118365, 'pr_auc': 0.7619983443493945, 'precision_macro': 0.8144499024046622, 'precision_micro': 0.85517, 'precision_weighted': 0.8489751181338416, 'precision_binary': 0.7476803198851695, 'recall_macro': 0.7695729918114369, 'recall_micro': 0.85517, 'recall_weighted': 0.85517, 'recall_binary': 0.6040337944172948, 'roc_auc': 0.9029188990338742}
Validation statistic: Loss: 0.3420, dev_score: {'accuracy': 0.8450261780104712, 'balanced_accuracy': 0.7514393976674376, 'f1_macro': 0.7701788617886178, 'f1_micro': 0.8450261780104712, 'f1_weighted': 0.8383654535393521, 'f1_binary': 0.6390243902439025, 'pr_auc': 0.7264807590923756, 'precision_macro': 0.7989304779398794, 'precision_micro': 0.8450261780104712, 'precision_weighted': 0.837492424165741, 'precision_binary': 0.7247579529737206, 'recall_macro': 0.7514393976674376, 'recall_micro': 0.8450261780104712, 'recall_weighted': 0.8450261780104712, 'recall_binary': 0.5714285714285714, 'roc_auc': 0.8942045062247118}
-----------------------
Epoch 47/100
Training statistic: Loss: 0.3284, train_score: {'accuracy': 0.85467, 'balanced_accuracy': 0.7649239907794899, 'f1_macro': 0.7850582174669082, 'f1_micro': 0.85467, 'f1_weighted': 0.8483080733986784, 'f1_binary': 0.662736998445151, 'pr_auc': 0.7619018276363616, 'precision_macro': 0.8159879726122319, 'precision_micro': 0.85467, 'precision_weighted': 0.8481916479006993, 'precision_binary': 0.7537081024016891, 'recall_macro': 0.7649239907794899, 'recall_micro': 0.85467, 'recall_weighted': 0.85467, 'recall_binary': 0.5913608879317486, 'roc_auc': 0.9028750637067959}
Validation statistic: Loss: 0.3416, dev_score: {'accuracy': 0.8447643979057592, 'balanced_accuracy': 0.7475369555278993, 'f1_macro': 0.7678275426192546, 'f1_micro': 0.8447643979057592, 'f1_weighted': 0.8373121240649108, 'f1_binary': 0.634176434299815, 'pr_auc': 0.7256139311834295, 'precision_macro': 0.8003905794141674, 'precision_micro': 0.8447643979057592, 'precision_weighted': 0.8369272309582393, 'precision_binary': 0.7301136363636364, 'recall_macro': 0.7475369555278993, 'recall_micro': 0.8447643979057592, 'recall_weighted': 0.8447643979057592, 'recall_binary': 0.5605234460196292, 'roc_auc': 0.8940638252234837}
Saving model...
Model saved!
-------------------------------------------
-----------------------
Epoch 48/100
Training statistic: Loss: 0.3265, train_score: {'accuracy': 0.8552, 'balanced_accuracy': 0.7712019625227852, 'f1_macro': 0.7886230476673614, 'f1_micro': 0.8552, 'f1_weighted': 0.8499637171234764, 'f1_binary': 0.6699940744792379, 'pr_auc': 0.7625567349649284, 'precision_macro': 0.8136194311594169, 'precision_micro': 0.8552, 'precision_weighted': 0.8491362815229835, 'precision_binary': 0.7449320900060815, 'recall_macro': 0.7712019625227852, 'recall_micro': 0.8552, 'recall_weighted': 0.8552, 'recall_binary': 0.608755073304067, 'roc_auc': 0.9030770673767784}
Validation statistic: Loss: 0.3409, dev_score: {'accuracy': 0.8452879581151832, 'balanced_accuracy': 0.755341839806976, 'f1_macro': 0.7724741972243026, 'f1_micro': 0.8452879581151832, 'f1_weighted': 0.8393914249565048, 'f1_binary': 0.64376130198915, 'pr_auc': 0.7249265587623865, 'precision_macro': 0.7976225504361882, 'precision_micro': 0.8452879581151832, 'precision_weighted': 0.8381463088482105, 'precision_binary': 0.7196765498652291, 'recall_macro': 0.755341839806976, 'recall_micro': 0.8452879581151832, 'recall_weighted': 0.8452879581151832, 'recall_binary': 0.5823336968375137, 'roc_auc': 0.894006350742341}
Saving model...
Model saved!
-------------------------------------------
-----------------------
Epoch 49/100
Training statistic: Loss: 0.3283, train_score: {'accuracy': 0.85513, 'balanced_accuracy': 0.766229423335758, 'f1_macro': 0.7860839552380485, 'f1_micro': 0.85513, 'f1_weighted': 0.8489257851458335, 'f1_binary': 0.6645518327274411, 'pr_auc': 0.7629237554158286, 'precision_macro': 0.8163186852720912, 'precision_micro': 0.85513, 'precision_weighted': 0.8487301885821256, 'precision_binary': 0.7536368888188646, 'recall_macro': 0.766229423335758, 'recall_micro': 0.85513, 'recall_weighted': 0.85513, 'recall_binary': 0.5943013335542119, 'roc_auc': 0.9032064849865222}
Validation statistic: Loss: 0.3422, dev_score: {'accuracy': 0.8437172774869109, 'balanced_accuracy': 0.7461019717503534, 'f1_macro': 0.7662614552170235, 'f1_micro': 0.8437172774869109, 'f1_weighted': 0.8362147353570857, 'f1_binary': 0.6317088217149908, 'pr_auc': 0.7240825871048053, 'precision_macro': 0.7986492006068386, 'precision_micro': 0.8437172774869109, 'precision_weighted': 0.8357574927643112, 'precision_binary': 0.7272727272727273, 'recall_macro': 0.7461019717503534, 'recall_micro': 0.8437172774869109, 'recall_weighted': 0.8437172774869109, 'recall_binary': 0.5583424209378408, 'roc_auc': 0.8932783406478689}
-----------------------
Epoch 50/100
Training statistic: Loss: 0.3273, train_score: {'accuracy': 0.85526, 'balanced_accuracy': 0.7747986820256401, 'f1_macro': 0.7904132411206735, 'f1_micro': 0.85526, 'f1_weighted': 0.8506947061021961, 'f1_binary': 0.673832702361637, 'pr_auc': 0.7626916332949629, 'precision_macro': 0.8118910082007273, 'precision_micro': 0.85526, 'precision_weighted': 0.8495551638600621, 'precision_binary': 0.7390509144834404, 'recall_macro': 0.7747986820256401, 'recall_micro': 0.85526, 'recall_weighted': 0.85526, 'recall_binary': 0.6191915845274579, 'roc_auc': 0.9032368963162549}
Validation statistic: Loss: 0.3431, dev_score: {'accuracy': 0.8452879581151832, 'balanced_accuracy': 0.760191108284552, 'f1_macro': 0.775006913871843, 'f1_micro': 0.8452879581151832, 'f1_weighted': 0.8403830983530016, 'f1_binary': 0.6492581602373887, 'pr_auc': 0.7251935114402888, 'precision_macro': 0.7955038021515946, 'precision_micro': 0.8452879581151832, 'precision_weighted': 0.8387924771707221, 'precision_binary': 0.7122395833333334, 'recall_macro': 0.760191108284552, 'recall_micro': 0.8452879581151832, 'recall_weighted': 0.8452879581151832, 'recall_binary': 0.5965103598691385, 'roc_auc': 0.8930788703897858}
-----------------------
Epoch 51/100
Training statistic: Loss: 0.3278, train_score: {'accuracy': 0.85495, 'balanced_accuracy': 0.7656308387386266, 'f1_macro': 0.7856382577891141, 'f1_micro': 0.85495, 'f1_weighted': 0.8486664407242474, 'f1_binary': 0.6637457403157382, 'pr_auc': 0.7630475985146968, 'precision_macro': 0.8162431099876966, 'precision_micro': 0.85495, 'precision_weighted': 0.8485152869162687, 'precision_binary': 0.7538307619398662, 'recall_macro': 0.7656308387386266, 'recall_micro': 0.85495, 'recall_weighted': 0.85495, 'recall_binary': 0.5928932328335956, 'roc_auc': 0.9034706817244516}
Validation statistic: Loss: 0.3425, dev_score: {'accuracy': 0.8445026178010471, 'balanced_accuracy': 0.7473647199095734, 'f1_macro': 0.7675407808633287, 'f1_micro': 0.8445026178010471, 'f1_weighted': 0.8370795470863992, 'f1_binary': 0.6337854500616523, 'pr_auc': 0.7256764908269151, 'precision_macro': 0.7998520086973351, 'precision_micro': 0.8445026178010471, 'precision_weighted': 0.8366470749545849, 'precision_binary': 0.7290780141843972, 'recall_macro': 0.7473647199095734, 'recall_micro': 0.8445026178010471, 'recall_weighted': 0.8445026178010471, 'recall_binary': 0.5605234460196292, 'roc_auc': 0.893230257421815}
-----------------------
Epoch 52/100
Training statistic: Loss: 0.3269, train_score: {'accuracy': 0.85514, 'balanced_accuracy': 0.7692285546540228, 'f1_macro': 0.7876005369310629, 'f1_micro': 0.85514, 'f1_weighted': 0.8495322722807453, 'f1_binary': 0.6678284797064893, 'pr_auc': 0.7634631857930195, 'precision_macro': 0.8145738747677858, 'precision_micro': 0.85514, 'precision_weighted': 0.8489201087785818, 'precision_binary': 0.7481504315659679, 'recall_macro': 0.7692285546540228, 'recall_micro': 0.85514, 'recall_weighted': 0.85514, 'recall_binary': 0.603081255694525, 'roc_auc': 0.9035667369854015}
Validation statistic: Loss: 0.3431, dev_score: {'accuracy': 0.8437172774869109, 'balanced_accuracy': 0.7509512402279295, 'f1_macro': 0.768953274874117, 'f1_micro': 0.8437172774869109, 'f1_weighted': 0.8372833757434262, 'f1_binary': 0.6375227686703097, 'pr_auc': 0.7233685353447661, 'precision_macro': 0.7961586203839163, 'precision_micro': 0.8437172774869109, 'precision_weighted': 0.8361804394544872, 'precision_binary': 0.7191780821917808, 'recall_macro': 0.7509512402279295, 'recall_micro': 0.8437172774869109, 'recall_weighted': 0.8437172774869109, 'recall_binary': 0.5725190839694656, 'roc_auc': 0.8924767031135016}
-----------------------
Epoch 53/100
Training statistic: Loss: 0.3271, train_score: {'accuracy': 0.85522, 'balanced_accuracy': 0.7636349861996372, 'f1_macro': 0.7848221849396231, 'f1_micro': 0.85522, 'f1_weighted': 0.8484630503744629, 'f1_binary': 0.6617447782813887, 'pr_auc': 0.7634519727193563, 'precision_macro': 0.8181871741703364, 'precision_micro': 0.85522, 'precision_weighted': 0.8487335842966803, 'precision_binary': 0.7591123499142367, 'recall_macro': 0.7636349861996372, 'recall_micro': 0.85522, 'recall_weighted': 0.85522, 'recall_binary': 0.5865153648637456, 'roc_auc': 0.9038085589384768}
Validation statistic: Loss: 0.3446, dev_score: {'accuracy': 0.8403141361256544, 'balanced_accuracy': 0.7382675989302985, 'f1_macro': 0.7593202216460175, 'f1_micro': 0.8403141361256544, 'f1_weighted': 0.8319077280343564, 'f1_binary': 0.6197007481296758, 'pr_auc': 0.7211605798868673, 'precision_macro': 0.7946892055319459, 'precision_micro': 0.8403141361256544, 'precision_weighted': 0.8317338139371402, 'precision_binary': 0.7234352256186317, 'recall_macro': 0.7382675989302985, 'recall_micro': 0.8403141361256544, 'recall_weighted': 0.8403141361256544, 'recall_binary': 0.5419847328244275, 'roc_auc': 0.8911649326027189}
-----------------------
Epoch 54/100
Training statistic: Loss: 0.3268, train_score: {'accuracy': 0.85551, 'balanced_accuracy': 0.7690630873845107, 'f1_macro': 0.7878094253286605, 'f1_micro': 0.85551, 'f1_weighted': 0.8497844862316547, 'f1_binary': 0.6679535792255544, 'pr_auc': 0.763599231589306, 'precision_macro': 0.8155502725825353, 'precision_micro': 0.85551, 'precision_weighted': 0.8492781558593181, 'precision_binary': 0.7503226805720481, 'recall_macro': 0.7690630873845107, 'recall_micro': 0.85551, 'recall_weighted': 0.85551, 'recall_binary': 0.6018802286092935, 'roc_auc': 0.9038433462936994}
Validation statistic: Loss: 0.3425, dev_score: {'accuracy': 0.8450261780104712, 'balanced_accuracy': 0.7518124183195589, 'f1_macro': 0.7703822508436633, 'f1_micro': 0.8450261780104712, 'f1_weighted': 0.8384459971032044, 'f1_binary': 0.6394640682095006, 'pr_auc': 0.7245691579182737, 'precision_macro': 0.7987410172135256, 'precision_micro': 0.8450261780104712, 'precision_weighted': 0.8375268101851433, 'precision_binary': 0.7241379310344828, 'recall_macro': 0.7518124183195589, 'recall_micro': 0.8450261780104712, 'recall_weighted': 0.8450261780104712, 'recall_binary': 0.5725190839694656, 'roc_auc': 0.8931746611916902}
-----------------------
Epoch 55/100
Training statistic: Loss: 0.3260, train_score: {'accuracy': 0.85544, 'balanced_accuracy': 0.7681558851593848, 'f1_macro': 0.7873004102147594, 'f1_micro': 0.85544, 'f1_weighted': 0.8495506206143215, 'f1_binary': 0.6669124423963133, 'pr_auc': 0.7636989327244428, 'precision_macro': 0.815914115673464, 'precision_micro': 0.85544, 'precision_weighted': 0.8491510314796913, 'precision_binary': 0.7516360236833904, 'recall_macro': 0.7681558851593848, 'recall_micro': 0.85544, 'recall_weighted': 0.85544, 'recall_binary': 0.5993539302575996, 'roc_auc': 0.903862629469778}
Validation statistic: Loss: 0.3434, dev_score: {'accuracy': 0.8460732984293193, 'balanced_accuracy': 0.7513822988364987, 'f1_macro': 0.7709181875146862, 'f1_micro': 0.8460732984293193, 'f1_weighted': 0.8391348466903997, 'f1_binary': 0.6397058823529411, 'pr_auc': 0.7223487751153791, 'precision_macro': 0.8014278796887493, 'precision_micro': 0.8460732984293193, 'precision_weighted': 0.838526541453926, 'precision_binary': 0.73006993006993, 'recall_macro': 0.7513822988364987, 'recall_micro': 0.8460732984293193, 'recall_weighted': 0.8460732984293193, 'recall_binary': 0.569247546346783, 'roc_auc': 0.8921788125020895}
-----------------------
Epoch 56/100
Training statistic: Loss: 0.3266, train_score: {'accuracy': 0.85577, 'balanced_accuracy': 0.7705331185569467, 'f1_macro': 0.7887442277430639, 'f1_micro': 0.85577, 'f1_weighted': 0.850273665346019, 'f1_binary': 0.6697501889038995, 'pr_auc': 0.764093739713065, 'precision_macro': 0.8153249999025867, 'precision_micro': 0.85577, 'precision_weighted': 0.8496394760788254, 'precision_binary': 0.7489629743432171, 'recall_macro': 0.7705331185569467, 'recall_micro': 0.85577, 'recall_weighted': 0.85577, 'recall_binary': 0.6056903835003727, 'roc_auc': 0.903885585722773}
Validation statistic: Loss: 0.3427, dev_score: {'accuracy': 0.8450261780104712, 'balanced_accuracy': 0.7533045009280439, 'f1_macro': 0.7711903677846916, 'f1_micro': 0.8450261780104712, 'f1_weighted': 0.8387654457148291, 'f1_binary': 0.6412121212121212, 'pr_auc': 0.7236487100593564, 'precision_macro': 0.7980016537245704, 'precision_micro': 0.8450261780104712, 'precision_weighted': 0.8376748505095318, 'precision_binary': 0.7216916780354706, 'recall_macro': 0.7533045009280439, 'recall_micro': 0.8450261780104712, 'recall_weighted': 0.8450261780104712, 'recall_binary': 0.5768811341330425, 'roc_auc': 0.8933793905526228}
-----------------------
Epoch 57/100
Training statistic: Loss: 0.3268, train_score: {'accuracy': 0.85562, 'balanced_accuracy': 0.7690085533166352, 'f1_macro': 0.7878688798781195, 'f1_micro': 0.85562, 'f1_weighted': 0.8498583854742939, 'f1_binary': 0.6679850986524398, 'pr_auc': 0.7640396115463131, 'precision_macro': 0.8158457846858556, 'precision_micro': 0.85562, 'precision_weighted': 0.8493853333724795, 'precision_binary': 0.7509824198552223, 'recall_macro': 0.7690085533166352, 'recall_micro': 0.85562, 'recall_weighted': 0.85562, 'recall_binary': 0.6015074960656009, 'roc_auc': 0.9039665981572349}
Validation statistic: Loss: 0.3424, dev_score: {'accuracy': 0.8458115183246073, 'balanced_accuracy': 0.7534481871309002, 'f1_macro': 0.771848374151712, 'f1_micro': 0.8458115183246073, 'f1_weighted': 0.8393843761413075, 'f1_binary': 0.6419452887537994, 'pr_auc': 0.7239595265846257, 'precision_macro': 0.799733093555862, 'precision_micro': 0.8458115183246073, 'precision_weighted': 0.8384436483742749, 'precision_binary': 0.7252747252747253, 'recall_macro': 0.7534481871309002, 'recall_micro': 0.8458115183246073, 'recall_weighted': 0.8458115183246073, 'recall_binary': 0.5757906215921483, 'roc_auc': 0.8934056860668711}
-----------------------
Epoch 58/100
Training statistic: Loss: 0.3267, train_score: {'accuracy': 0.85585, 'balanced_accuracy': 0.7707693562319542, 'f1_macro': 0.7889240866918639, 'f1_micro': 0.85585, 'f1_weighted': 0.8503814935955046, 'f1_binary': 0.6700693506671854, 'pr_auc': 0.7641101595163338, 'precision_macro': 0.8153802420007632, 'precision_micro': 0.85585, 'precision_weighted': 0.8497360168591533, 'precision_binary': 0.748938347403428, 'recall_macro': 0.7707693562319542, 'recall_micro': 0.85585, 'recall_weighted': 0.85585, 'recall_binary': 0.606228774952373, 'roc_auc': 0.9040581695617488}
Validation statistic: Loss: 0.3436, dev_score: {'accuracy': 0.8458115183246073, 'balanced_accuracy': 0.7553132903915063, 'f1_macro': 0.7728480314583034, 'f1_micro': 0.8458115183246073, 'f1_weighted': 0.8397789713735365, 'f1_binary': 0.6441087613293052, 'pr_auc': 0.7229356890570009, 'precision_macro': 0.798813901506958, 'precision_micro': 0.8458115183246073, 'precision_weighted': 0.8386335546638913, 'precision_binary': 0.7222222222222222, 'recall_macro': 0.7553132903915063, 'recall_micro': 0.8458115183246073, 'recall_weighted': 0.8458115183246073, 'recall_binary': 0.5812431842966194, 'roc_auc': 0.8929102034483937}
-----------------------
Epoch 59/100
Training statistic: Loss: 0.3268, train_score: {'accuracy': 0.85558, 'balanced_accuracy': 0.7662154992212138, 'f1_macro': 0.786429263980072, 'f1_micro': 0.85558, 'f1_weighted': 0.8492679385102894, 'f1_binary': 0.6649032437700125, 'pr_auc': 0.7640540066305278, 'precision_macro': 0.8174385526387773, 'precision_micro': 0.85558, 'precision_weighted': 0.8491993417420064, 'precision_binary': 0.7560151962853525, 'recall_macro': 0.7662154992212138, 'recall_micro': 0.85558, 'recall_weighted': 0.85558, 'recall_binary': 0.593390209558519, 'roc_auc': 0.9041913203061509}
Validation statistic: Loss: 0.3437, dev_score: {'accuracy': 0.8431937172774869, 'balanced_accuracy': 0.7450114592094592, 'f1_macro': 0.7652666972985943, 'f1_micro': 0.8431937172774869, 'f1_weighted': 0.8355815822045828, 'f1_binary': 0.6300185299567634, 'pr_auc': 0.7228989535728075, 'precision_macro': 0.7979816669681967, 'precision_micro': 0.8431937172774869, 'precision_weighted': 0.8351468705750883, 'precision_binary': 0.7264957264957265, 'recall_macro': 0.7450114592094592, 'recall_micro': 0.8431937172774869, 'recall_weighted': 0.8431937172774869, 'recall_binary': 0.5561613958560524, 'roc_auc': 0.8923106657235342}
-----------------------
Epoch 60/100
Training statistic: Loss: 0.3262, train_score: {'accuracy': 0.85632, 'balanced_accuracy': 0.7737046920325135, 'f1_macro': 0.7907306173019861, 'f1_micro': 0.85632, 'f1_weighted': 0.8513103508070752, 'f1_binary': 0.67357324609233, 'pr_auc': 0.7640744212180428, 'precision_macro': 0.8148566832545829, 'precision_micro': 0.85632, 'precision_weighted': 0.8504355943443943, 'precision_binary': 0.7460493205837947, 'recall_macro': 0.7737046920325135, 'recall_micro': 0.85632, 'recall_weighted': 0.85632, 'recall_binary': 0.6139319141886855, 'roc_auc': 0.9042447916249788}
Validation statistic: Loss: 0.3433, dev_score: {'accuracy': 0.8437172774869109, 'balanced_accuracy': 0.7554274880533844, 'f1_macro': 0.7713560758112005, 'f1_micro': 0.8437172774869109, 'f1_weighted': 0.838228735898665, 'f1_binary': 0.6427289048473968, 'pr_auc': 0.7239709793259349, 'precision_macro': 0.7941308022791254, 'precision_micro': 0.8437172774869109, 'precision_weighted': 0.8367254129031143, 'precision_binary': 0.7122015915119363, 'recall_macro': 0.7554274880533844, 'recall_micro': 0.8437172774869109, 'recall_weighted': 0.8437172774869109, 'recall_binary': 0.5856052344601963, 'roc_auc': 0.892900060892898}
-----------------------
Epoch 61/100
Training statistic: Loss: 0.3256, train_score: {'accuracy': 0.8561, 'balanced_accuracy': 0.7696354971796436, 'f1_macro': 0.7885600767786174, 'f1_micro': 0.8561, 'f1_weighted': 0.8503519722797189, 'f1_binary': 0.6690584609723563, 'pr_auc': 0.7645711840635923, 'precision_macro': 0.8166316747249381, 'precision_micro': 0.8561, 'precision_weighted': 0.8499089406283248, 'precision_binary': 0.7522755482002482, 'recall_macro': 0.7696354971796436, 'recall_micro': 0.8561, 'recall_weighted': 0.8561, 'recall_binary': 0.6024186200612938, 'roc_auc': 0.9043995096505923}
Validation statistic: Loss: 0.3431, dev_score: {'accuracy': 0.8450261780104712, 'balanced_accuracy': 0.7533045009280439, 'f1_macro': 0.7711903677846916, 'f1_micro': 0.8450261780104712, 'f1_weighted': 0.8387654457148291, 'f1_binary': 0.6412121212121212, 'pr_auc': 0.7239895402061732, 'precision_macro': 0.7980016537245704, 'precision_micro': 0.8450261780104712, 'precision_weighted': 0.8376748505095318, 'precision_binary': 0.7216916780354706, 'recall_macro': 0.7533045009280439, 'recall_micro': 0.8450261780104712, 'recall_weighted': 0.8450261780104712, 'recall_binary': 0.5768811341330425, 'roc_auc': 0.8928880400863844}
-----------------------
Epoch 62/100
Training statistic: Loss: 0.3249, train_score: {'accuracy': 0.85616, 'balanced_accuracy': 0.7737544995560761, 'f1_macro': 0.790627283749569, 'f1_micro': 0.85616, 'f1_weighted': 0.8511957907362577, 'f1_binary': 0.673491623916103, 'pr_auc': 0.7646308217583361, 'precision_macro': 0.8144620049209834, 'precision_micro': 0.85616, 'precision_weighted': 0.8502874723134098, 'precision_binary': 0.745177817962628, 'recall_macro': 0.7737544995560761, 'recall_micro': 0.85616, 'recall_weighted': 0.85616, 'recall_binary': 0.6143874761865319, 'roc_auc': 0.904362775878542}
Validation statistic: Loss: 0.3424, dev_score: {'accuracy': 0.8450261780104712, 'balanced_accuracy': 0.7540505422322863, 'f1_macro': 0.7715911895995937, 'f1_micro': 0.8450261780104712, 'f1_weighted': 0.8389235473946088, 'f1_binary': 0.6420798065296252, 'pr_auc': 0.7238872643978429, 'precision_macro': 0.7976428710691229, 'precision_micro': 0.8450261780104712, 'precision_weighted': 0.8377550823161466, 'precision_binary': 0.7204884667571235, 'recall_macro': 0.7540505422322863, 'recall_micro': 0.8450261780104712, 'recall_weighted': 0.8450261780104712, 'recall_binary': 0.579062159214831, 'roc_auc': 0.8931228214636008}
-----------------------
Epoch 63/100
Training statistic: Loss: 0.3265, train_score: {'accuracy': 0.85631, 'balanced_accuracy': 0.7711572648211267, 'f1_macro': 0.7894795862865136, 'f1_micro': 0.85631, 'f1_weighted': 0.8508122635010203, 'f1_binary': 0.670866069587924, 'pr_auc': 0.7649332707903446, 'precision_macro': 0.8162487863229688, 'precision_micro': 0.85631, 'precision_weighted': 0.8502198125424566, 'precision_binary': 0.7505509712469889, 'recall_macro': 0.7711572648211267, 'recall_micro': 0.85631, 'recall_weighted': 0.85631, 'recall_binary': 0.6064772633148348, 'roc_auc': 0.9046117086682962}
Validation statistic: Loss: 0.3438, dev_score: {'accuracy': 0.8465968586387435, 'balanced_accuracy': 0.7535918733337565, 'f1_macro': 0.7725081300813008, 'f1_micro': 0.8465968586387435, 'f1_weighted': 0.8400036415102371, 'f1_binary': 0.6426829268292683, 'pr_auc': 0.7232445918897997, 'precision_macro': 0.8014895064201246, 'precision_micro': 0.8465968586387435, 'precision_weighted': 0.8392246376358689, 'precision_binary': 0.7289073305670816, 'recall_macro': 0.7535918733337565, 'recall_micro': 0.8465968586387435, 'recall_weighted': 0.8465968586387435, 'recall_binary': 0.5747001090512541, 'roc_auc': 0.8930146342049795}
-----------------------
Epoch 64/100
Training statistic: Loss: 0.3254, train_score: {'accuracy': 0.85654, 'balanced_accuracy': 0.7747389999172972, 'f1_macro': 0.7914045046157969, 'f1_micro': 0.85654, 'f1_weighted': 0.8516769848471207, 'f1_binary': 0.6748413417951042, 'pr_auc': 0.7648790712461994, 'precision_macro': 0.814809508527832, 'precision_micro': 0.85654, 'precision_weighted': 0.850741704841741, 'precision_binary': 0.7453189145889657, 'recall_macro': 0.7747389999172972, 'recall_micro': 0.85654, 'recall_weighted': 0.85654, 'recall_binary': 0.6165410419945333, 'roc_auc': 0.9047169129073045}
Validation statistic: Loss: 0.3421, dev_score: {'accuracy': 0.8468586387434555, 'balanced_accuracy': 0.7574943154732948, 'f1_macro': 0.7747841038514669, 'f1_micro': 0.8468586387434555, 'f1_weighted': 0.8410219688655759, 'f1_binary': 0.6473779385171791, 'pr_auc': 0.7251940431449514, 'precision_macro': 0.8001314432132043, 'precision_micro': 0.8468586387434555, 'precision_weighted': 0.8398575606460292, 'precision_binary': 0.7237196765498652, 'recall_macro': 0.7574943154732948, 'recall_micro': 0.8468586387434555, 'recall_weighted': 0.8468586387434555, 'recall_binary': 0.5856052344601963, 'roc_auc': 0.8935195080785455}
-----------------------
Epoch 65/100
Training statistic: Loss: 0.3250, train_score: {'accuracy': 0.85681, 'balanced_accuracy': 0.7801256863750938, 'f1_macro': 0.7941602235937999, 'f1_micro': 0.85681, 'f1_weighted': 0.852879697182442, 'f1_binary': 0.6806004773482635, 'pr_auc': 0.7651888283032752, 'precision_macro': 0.8127272771047465, 'precision_micro': 0.85681, 'precision_weighted': 0.8516054868176539, 'precision_binary': 0.7375392796712593, 'recall_macro': 0.7801256863750938, 'recall_micro': 0.85681, 'recall_weighted': 0.85681, 'recall_binary': 0.6318230762859273, 'roc_auc': 0.9048057781645515}
Validation statistic: Loss: 0.3423, dev_score: {'accuracy': 0.8424083769633508, 'balanced_accuracy': 0.75904255778721, 'f1_macro': 0.7722677757971876, 'f1_micro': 0.8424083769633508, 'f1_weighted': 0.8379749616066218, 'f1_binary': 0.6458823529411765, 'pr_auc': 0.7248701633517973, 'precision_macro': 0.7899886079350842, 'precision_micro': 0.8424083769633508, 'precision_weighted': 0.8361756803796883, 'precision_binary': 0.7011494252873564, 'recall_macro': 0.75904255778721, 'recall_micro': 0.8424083769633508, 'recall_weighted': 0.8424083769633508, 'recall_binary': 0.5986913849509269, 'roc_auc': 0.8933189108698518}
-----------------------
Epoch 66/100
Training statistic: Loss: 0.3256, train_score: {'accuracy': 0.85607, 'balanced_accuracy': 0.7691216709821503, 'f1_macro': 0.7882802544407097, 'f1_micro': 0.85607, 'f1_weighted': 0.8502272750889343, 'f1_binary': 0.6684786364159853, 'pr_auc': 0.7647926030628648, 'precision_macro': 0.8168639600180827, 'precision_micro': 0.85607, 'precision_weighted': 0.8498480138299498, 'precision_binary': 0.7530748871243967, 'recall_macro': 0.7691216709821503, 'recall_micro': 0.85607, 'recall_weighted': 0.85607, 'recall_binary': 0.6009691046136006, 'roc_auc': 0.904888952131754}
Validation statistic: Loss: 0.3432, dev_score: {'accuracy': 0.8442408376963351, 'balanced_accuracy': 0.7471924842912476, 'f1_macro': 0.767254229672326, 'f1_micro': 0.8442408376963351, 'f1_weighted': 0.8368470396567056, 'f1_binary': 0.6333949476278496, 'pr_auc': 0.7227507122283754, 'precision_macro': 0.7993148915343482, 'precision_micro': 0.8442408376963351, 'precision_weighted': 0.8363676029453557, 'precision_binary': 0.7280453257790368, 'recall_macro': 0.7471924842912476, 'recall_micro': 0.8442408376963351, 'recall_weighted': 0.8442408376963351, 'recall_binary': 0.5605234460196292, 'roc_auc': 0.8929496467197661}
-----------------------
Epoch 67/100
Training statistic: Loss: 0.3248, train_score: {'accuracy': 0.8562, 'balanced_accuracy': 0.7707318632754443, 'f1_macro': 0.7891826379178222, 'f1_micro': 0.8562, 'f1_weighted': 0.8506443412725321, 'f1_binary': 0.6703195928286487, 'pr_auc': 0.7657182143463611, 'precision_macro': 0.8162318304775988, 'precision_micro': 0.8562, 'precision_weighted': 0.8500806595798054, 'precision_binary': 0.7507703368940016, 'recall_macro': 0.7707318632754443, 'recall_micro': 0.8562, 'recall_weighted': 0.8562, 'recall_binary': 0.605441895137911, 'roc_auc': 0.9050924263974516}
Validation statistic: Loss: 0.3429, dev_score: {'accuracy': 0.8452879581151832, 'balanced_accuracy': 0.7519846539378847, 'f1_macro': 0.7706686641557872, 'f1_micro': 0.8452879581151832, 'f1_weighted': 0.8386787228080866, 'f1_binary': 0.6398537477148081, 'pr_auc': 0.7249377839840836, 'precision_macro': 0.799261567233429, 'precision_micro': 0.8452879581151832, 'precision_weighted': 0.8377979973730428, 'precision_binary': 0.7251381215469613, 'recall_macro': 0.7519846539378847, 'recall_micro': 0.8452879581151832, 'recall_weighted': 0.8452879581151832, 'recall_binary': 0.5725190839694656, 'roc_auc': 0.892756938165347}
-----------------------
Epoch 68/100
Training statistic: Loss: 0.3238, train_score: {'accuracy': 0.85676, 'balanced_accuracy': 0.7741923434280082, 'f1_macro': 0.7913170163170162, 'f1_micro': 0.85676, 'f1_weighted': 0.8517442627505827, 'f1_binary': 0.6744545454545454, 'pr_auc': 0.7655123023602389, 'precision_macro': 0.8156088242613924, 'precision_micro': 0.85676, 'precision_weighted': 0.8509011515202646, 'precision_binary': 0.7473556965850711, 'recall_macro': 0.7741923434280082, 'recall_micro': 0.85676, 'recall_weighted': 0.85676, 'recall_binary': 0.6145117203677628, 'roc_auc': 0.9050631089375964}
Validation statistic: Loss: 0.3418, dev_score: {'accuracy': 0.8447643979057592, 'balanced_accuracy': 0.7557434098745667, 'f1_macro': 0.7722984909595788, 'f1_micro': 0.8447643979057592, 'f1_weighted': 0.8390814567113719, 'f1_binary': 0.6438438438438439, 'pr_auc': 0.7243135417251003, 'precision_macro': 0.7962770513034759, 'precision_micro': 0.8447643979057592, 'precision_weighted': 0.8377124516271138, 'precision_binary': 0.7165775401069518, 'recall_macro': 0.7557434098745667, 'recall_micro': 0.8447643979057592, 'recall_weighted': 0.8447643979057592, 'recall_binary': 0.5845147219193021, 'roc_auc': 0.8930623417808298}
-----------------------
Epoch 69/100
Training statistic: Loss: 0.3245, train_score: {'accuracy': 0.85648, 'balanced_accuracy': 0.7723562352016768, 'f1_macro': 0.7902026007345151, 'f1_micro': 0.85648, 'f1_weighted': 0.8511760156941225, 'f1_binary': 0.6722838745033566, 'pr_auc': 0.7661127389822139, 'precision_macro': 0.8159700838298458, 'precision_micro': 0.85648, 'precision_weighted': 0.8504766525127389, 'precision_binary': 0.7492365635179153, 'recall_macro': 0.7723562352016768, 'recall_micro': 0.85648, 'recall_weighted': 0.85648, 'recall_binary': 0.6096661972997598, 'roc_auc': 0.9051567539721551}
Validation statistic: Loss: 0.3424, dev_score: {'accuracy': 0.8452879581151832, 'balanced_accuracy': 0.753849757198491, 'f1_macro': 0.7716771076066267, 'f1_micro': 0.8452879581151832, 'f1_weighted': 0.8390773607693714, 'f1_binary': 0.6420351302241066, 'pr_auc': 0.7254830323069449, 'precision_macro': 0.7983328947995783, 'precision_micro': 0.8452879581151832, 'precision_weighted': 0.8379811753033162, 'precision_binary': 0.7220708446866485, 'recall_macro': 0.753849757198491, 'recall_micro': 0.8452879581151832, 'recall_weighted': 0.8452879581151832, 'recall_binary': 0.5779716466739367, 'roc_auc': 0.8929541545222085}
-----------------------
Epoch 70/100
Training statistic: Loss: 0.3261, train_score: {'accuracy': 0.85646, 'balanced_accuracy': 0.7711290971940452, 'f1_macro': 0.7895846798311106, 'f1_micro': 0.85646, 'f1_weighted': 0.850922643774862, 'f1_binary': 0.6709609389326976, 'pr_auc': 0.7662582501629915, 'precision_macro': 0.8166218606669824, 'precision_micro': 0.85646, 'precision_weighted': 0.8503672002356817, 'precision_binary': 0.7513605092925352, 'recall_macro': 0.7711290971940452, 'recall_micro': 0.85646, 'recall_weighted': 0.85646, 'recall_binary': 0.6061045307711422, 'roc_auc': 0.9052092070392628}
Validation statistic: Loss: 0.3440, dev_score: {'accuracy': 0.8463350785340314, 'balanced_accuracy': 0.7549117203239156, 'f1_macro': 0.7730231895245334, 'f1_micro': 0.8463350785340314, 'f1_weighted': 0.8400878655138762, 'f1_binary': 0.6440266828380837, 'pr_auc': 0.7247828997278726, 'precision_macro': 0.8002049180327868, 'precision_micro': 0.8463350785340314, 'precision_weighted': 0.839090528709982, 'precision_binary': 0.7254098360655737, 'recall_macro': 0.7549117203239156, 'recall_micro': 0.8463350785340314, 'recall_weighted': 0.8463350785340314, 'recall_binary': 0.579062159214831, 'roc_auc': 0.8928553585186759}
-----------------------
Epoch 71/100
Training statistic: Loss: 0.3239, train_score: {'accuracy': 0.85615, 'balanced_accuracy': 0.7702895483775936, 'f1_macro': 0.7889243082018962, 'f1_micro': 0.85615, 'f1_weighted': 0.8505191708136859, 'f1_binary': 0.6698037415356364, 'pr_auc': 0.7659843762953443, 'precision_macro': 0.8163686358492441, 'precision_micro': 0.85615, 'precision_weighted': 0.8500008711833942, 'precision_binary': 0.7513260209073588, 'recall_macro': 0.7702895483775936, 'recall_micro': 0.85615, 'recall_weighted': 0.85615, 'recall_binary': 0.6042408680526795, 'roc_auc': 0.9052800183932186}
Validation statistic: Loss: 0.3432, dev_score: {'accuracy': 0.8445026178010471, 'balanced_accuracy': 0.7510949264307858, 'f1_macro': 0.7696065152046216, 'f1_micro': 0.8445026178010471, 'f1_weighted': 0.8379002065528774, 'f1_binary': 0.6382460414129111, 'pr_auc': 0.7237064994924636, 'precision_macro': 0.7978898111525821, 'precision_micro': 0.8445026178010471, 'precision_weighted': 0.8369501630529415, 'precision_binary': 0.7227586206896551, 'recall_macro': 0.7510949264307858, 'recall_micro': 0.8445026178010471, 'recall_weighted': 0.8445026178010471, 'recall_binary': 0.5714285714285714, 'roc_auc': 0.8924158477805271}
-----------------------
Epoch 72/100
Training statistic: Loss: 0.3237, train_score: {'accuracy': 0.85679, 'balanced_accuracy': 0.7742685812719636, 'f1_macro': 0.7913777423147942, 'f1_micro': 0.85679, 'f1_weighted': 0.851782010917109, 'f1_binary': 0.6745597091239632, 'pr_auc': 0.7664990565411594, 'precision_macro': 0.8156367846079362, 'precision_micro': 0.85679, 'precision_weighted': 0.8509367159554833, 'precision_binary': 0.7473689511052923, 'recall_macro': 0.7742685812719636, 'recall_micro': 0.85679, 'recall_weighted': 0.85679, 'recall_binary': 0.6146773792760706, 'roc_auc': 0.9053865668336938}
Validation statistic: Loss: 0.3433, dev_score: {'accuracy': 0.8437172774869109, 'balanced_accuracy': 0.7535623847927782, 'f1_macro': 0.770364245962615, 'f1_micro': 0.8437172774869109, 'f1_weighted': 0.8378395218344316, 'f1_binary': 0.6405779650812763, 'pr_auc': 0.7221567389794641, 'precision_macro': 0.7949456073381154, 'precision_micro': 0.8437172774869109, 'precision_weighted': 0.8364810005265837, 'precision_binary': 0.7150537634408602, 'recall_macro': 0.7535623847927782, 'recall_micro': 0.8437172774869109, 'recall_weighted': 0.8437172774869109, 'recall_binary': 0.5801526717557252, 'roc_auc': 0.8919365181208023}
-----------------------
Epoch 73/100
Training statistic: Loss: 0.3247, train_score: {'accuracy': 0.85661, 'balanced_accuracy': 0.7660192583645873, 'f1_macro': 0.7871376245985122, 'f1_micro': 0.85661, 'f1_weighted': 0.8500177308013186, 'f1_binary': 0.6655314781553964, 'pr_auc': 0.7669693629584461, 'precision_macro': 0.8201532813771176, 'precision_micro': 0.85661, 'precision_weighted': 0.8502908354387004, 'precision_binary': 0.7618691588785047, 'recall_macro': 0.7660192583645873, 'recall_micro': 0.85661, 'recall_weighted': 0.85661, 'recall_binary': 0.5908224964797482, 'roc_auc': 0.905668316811736}
Validation statistic: Loss: 0.3442, dev_score: {'accuracy': 0.8455497382198953, 'balanced_accuracy': 0.7473076210786345, 'f1_macro': 0.768269757116107, 'f1_micro': 0.8455497382198953, 'f1_weighted': 0.8378427591433616, 'f1_binary': 0.6344485749690211, 'pr_auc': 0.724211647793257, 'precision_macro': 0.8024468802070628, 'precision_micro': 0.8455497382198953, 'precision_weighted': 0.8377322371788208, 'precision_binary': 0.7345767575322812, 'recall_macro': 0.7473076210786345, 'recall_micro': 0.8455497382198953, 'recall_weighted': 0.8455497382198953, 'recall_binary': 0.5583424209378408, 'roc_auc': 0.8920056377582548}
-----------------------
Epoch 74/100
Training statistic: Loss: 0.3251, train_score: {'accuracy': 0.85594, 'balanced_accuracy': 0.7629803218667371, 'f1_macro': 0.7850426671504773, 'f1_micro': 0.85594, 'f1_weighted': 0.8488761912142615, 'f1_binary': 0.6615926708949965, 'pr_auc': 0.7668769080888438, 'precision_macro': 0.8204797586972167, 'precision_micro': 0.85594, 'precision_weighted': 0.8495141227281945, 'precision_binary': 0.764329135909683, 'recall_macro': 0.7629803218667371, 'recall_micro': 0.85594, 'recall_weighted': 0.85594, 'recall_binary': 0.5832021866975896, 'roc_auc': 0.9055700637104104}
Validation statistic: Loss: 0.3447, dev_score: {'accuracy': 0.8447643979057592, 'balanced_accuracy': 0.7419416457460808, 'f1_macro': 0.7646228542744207, 'f1_micro': 0.8447643979057592, 'f1_weighted': 0.836027567442585, 'f1_binary': 0.6272784412319296, 'pr_auc': 0.7228146532154537, 'precision_macro': 0.8037444751094602, 'precision_micro': 0.8447643979057592, 'precision_weighted': 0.8366998014336713, 'precision_binary': 0.7403560830860534, 'recall_macro': 0.7419416457460808, 'recall_micro': 0.8447643979057592, 'recall_weighted': 0.8447643979057592, 'recall_binary': 0.5441657579062159, 'roc_auc': 0.8922137479710193}
-----------------------
Epoch 75/100
Training statistic: Loss: 0.3240, train_score: {'accuracy': 0.85676, 'balanced_accuracy': 0.7708892571464634, 'f1_macro': 0.7897044123979416, 'f1_micro': 0.85676, 'f1_weighted': 0.8511075136894206, 'f1_binary': 0.6709546999908114, 'pr_auc': 0.7671627919189262, 'precision_macro': 0.8174803032347286, 'precision_micro': 0.85676, 'precision_weighted': 0.8506526191741461, 'precision_binary': 0.7533271432992882, 'recall_macro': 0.7708892571464634, 'recall_micro': 0.85676, 'recall_weighted': 0.85676, 'recall_binary': 0.6048206742317568, 'roc_auc': 0.9056426680609613}
Validation statistic: Loss: 0.3435, dev_score: {'accuracy': 0.8450261780104712, 'balanced_accuracy': 0.7499473150589526, 'f1_macro': 0.7693598078379154, 'f1_micro': 0.8450261780104712, 'f1_weighted': 0.8380405259195862, 'f1_binary': 0.6372549019607843, 'pr_auc': 0.7233143470691304, 'precision_macro': 0.7997072170985214, 'precision_micro': 0.8450261780104712, 'precision_weighted': 0.8373655670446019, 'precision_binary': 0.7272727272727273, 'recall_macro': 0.7499473150589526, 'recall_micro': 0.8450261780104712, 'recall_weighted': 0.8450261780104712, 'recall_binary': 0.5670665212649946, 'roc_auc': 0.8925807582198837}
-----------------------
Epoch 76/100
Training statistic: Loss: 0.3237, train_score: {'accuracy': 0.8572, 'balanced_accuracy': 0.7771220201513118, 'f1_macro': 0.7930690027495304, 'f1_micro': 0.8572, 'f1_weighted': 0.852635835977971, 'f1_binary': 0.677870516580194, 'pr_auc': 0.767321866973882, 'precision_macro': 0.8150630864384836, 'precision_micro': 0.8572, 'precision_weighted': 0.8516007763774239, 'precision_binary': 0.74440150614348, 'recall_macro': 0.7771220201513118, 'recall_micro': 0.8572, 'recall_weighted': 0.8572, 'recall_binary': 0.6222562743311522, 'roc_auc': 0.9057217870386048}
Validation statistic: Loss: 0.3449, dev_score: {'accuracy': 0.8424083769633508, 'balanced_accuracy': 0.7527012067011488, 'f1_macro': 0.7689427294185166, 'f1_micro': 0.8424083769633508, 'f1_weighted': 0.8366784657342272, 'f1_binary': 0.6386554621848739, 'pr_auc': 0.721955612685482, 'precision_macro': 0.7924570218230842, 'precision_micro': 0.8424083769633508, 'precision_weighted': 0.8351802738939582, 'precision_binary': 0.7102803738317757, 'recall_macro': 0.7527012067011488, 'recall_micro': 0.8424083769633508, 'recall_weighted': 0.8424083769633508, 'recall_binary': 0.5801526717557252, 'roc_auc': 0.892169233421899}
-----------------------
Epoch 77/100
Training statistic: Loss: 0.3248, train_score: {'accuracy': 0.85669, 'balanced_accuracy': 0.7686834056140637, 'f1_macro': 0.7885505909976234, 'f1_micro': 0.85669, 'f1_weighted': 0.8506175059428361, 'f1_binary': 0.6685171049892443, 'pr_auc': 0.7669493312943925, 'precision_macro': 0.8186460584747264, 'precision_micro': 0.85669, 'precision_weighted': 0.8504640012235511, 'precision_binary': 0.7571121705873107, 'recall_macro': 0.7686834056140637, 'recall_micro': 0.85669, 'recall_weighted': 0.85669, 'recall_binary': 0.5984842209889837, 'roc_auc': 0.905716473293367}
Validation statistic: Loss: 0.3441, dev_score: {'accuracy': 0.8447643979057592, 'balanced_accuracy': 0.7467909142236568, 'f1_macro': 0.7674077857185468, 'f1_micro': 0.8447643979057592, 'f1_weighted': 0.8371446135913583, 'f1_binary': 0.6332714904143476, 'pr_auc': 0.7227999375888275, 'precision_macro': 0.8008104395604396, 'precision_micro': 0.8447643979057592, 'precision_weighted': 0.836881745871929, 'precision_binary': 0.7314285714285714, 'recall_macro': 0.7467909142236568, 'recall_micro': 0.8447643979057592, 'recall_weighted': 0.8447643979057592, 'recall_binary': 0.5583424209378408, 'roc_auc': 0.892324940431269}
-----------------------
Epoch 78/100
Training statistic: Loss: 0.3238, train_score: {'accuracy': 0.85724, 'balanced_accuracy': 0.7736617955171421, 'f1_macro': 0.7914437528207393, 'f1_micro': 0.85724, 'f1_weighted': 0.852015472467962, 'f1_binary': 0.6743018799050922, 'pr_auc': 0.767489620377248, 'precision_macro': 0.8170217935444587, 'precision_micro': 0.85724, 'precision_weighted': 0.8513228263907201, 'precision_binary': 0.7506857665345931, 'recall_macro': 0.7736617955171421, 'recall_micro': 0.85724, 'recall_weighted': 0.85724, 'recall_binary': 0.6120268367431458, 'roc_auc': 0.9058626208061757}
Validation statistic: Loss: 0.3429, dev_score: {'accuracy': 0.8447643979057592, 'balanced_accuracy': 0.7508941413969905, 'f1_macro': 0.7696885784441662, 'f1_micro': 0.8447643979057592, 'f1_weighted': 0.8380519793844338, 'f1_binary': 0.6381940207443563, 'pr_auc': 0.7247904129783668, 'precision_macro': 0.7985989531267603, 'precision_micro': 0.8447643979057592, 'precision_weighted': 0.837186736515267, 'precision_binary': 0.724376731301939, 'recall_macro': 0.7508941413969905, 'recall_micro': 0.8447643979057592, 'recall_weighted': 0.8447643979057592, 'recall_binary': 0.5703380588876772, 'roc_auc': 0.8932005810557349}
-----------------------
Epoch 79/100
Training statistic: Loss: 0.3231, train_score: {'accuracy': 0.85721, 'balanced_accuracy': 0.7724986446660117, 'f1_macro': 0.7908534166222845, 'f1_micro': 0.85721, 'f1_weighted': 0.8517685410438747, 'f1_binary': 0.6730474206031186, 'pr_auc': 0.7676459311861523, 'precision_macro': 0.8176159560836835, 'precision_micro': 0.85721, 'precision_weighted': 0.8512084612985441, 'precision_binary': 0.7526501766784452, 'recall_macro': 0.7724986446660117, 'recall_micro': 0.85721, 'recall_weighted': 0.85721, 'recall_binary': 0.608672243849913, 'roc_auc': 0.9059242217593826}
Validation statistic: Loss: 0.3430, dev_score: {'accuracy': 0.8455497382198953, 'balanced_accuracy': 0.7514108482519681, 'f1_macro': 0.7705482408630595, 'f1_micro': 0.8455497382198953, 'f1_weighted': 0.8387501519210614, 'f1_binary': 0.6393643031784841, 'pr_auc': 0.7246005069942372, 'precision_macro': 0.8001716885261563, 'precision_micro': 0.8455497382198953, 'precision_weighted': 0.8380057803363015, 'precision_binary': 0.7273991655076495, 'recall_macro': 0.7514108482519681, 'recall_micro': 0.8455497382198953, 'recall_weighted': 0.8455497382198953, 'recall_binary': 0.5703380588876772, 'roc_auc': 0.8927740302496082}
Early stopping by loss triggered!
Testing statistic: loss: 0.34270442051429756, scores: {'accuracy': 0.8423484928053776, 'balanced_accuracy': 0.7521959470324602, 'f1_macro': 0.7682361182501667, 'f1_micro': 0.8423484928053776, 'f1_weighted': 0.8366909545545991, 'f1_binary': 0.6371766980904037, 'pr_auc': 0.7126173389683372, 'precision_macro': 0.7913121561347722, 'precision_micro': 0.8423484928053776, 'precision_weighted': 0.8351091711930847, 'precision_binary': 0.7074610842726785, 'recall_macro': 0.7521959470324602, 'recall_micro': 0.8423484928053776, 'recall_weighted': 0.8423484928053776, 'recall_binary': 0.5795954265611257, 'roc_auc': 0.8926178047896325}
Finish training!
