=====Setting up data=====
Dataset name:adult
train_option:mix
augment_option:compare_rf
mix_ratio:-1
n_sample:-1
Training dataset size: 134400 samples
Validation dataset size: 3840 samples

=====Setting up parameters for training=====
num_epochs: 100
learning_rate: 0.001
patience: 30
early_stop_criterion: loss
=====Setting up trainer=====
input_size: 107
model: DNN_Adult
----------------------------------------------------------------
        Layer (type)               Output Shape         Param #
================================================================
            Linear-1                  [-1, 128]          13,824
       BatchNorm1d-2                  [-1, 128]             256
              ReLU-3                  [-1, 128]               0
           Dropout-4                  [-1, 128]               0
            Linear-5                   [-1, 64]           8,256
       BatchNorm1d-6                   [-1, 64]             128
              ReLU-7                   [-1, 64]               0
           Dropout-8                   [-1, 64]               0
            Linear-9                   [-1, 32]           2,080
      BatchNorm1d-10                   [-1, 32]              64
             ReLU-11                   [-1, 32]               0
          Dropout-12                   [-1, 32]               0
           Linear-13                   [-1, 16]             528
      BatchNorm1d-14                   [-1, 16]              32
             ReLU-15                   [-1, 16]               0
          Dropout-16                   [-1, 16]               0
           Linear-17                    [-1, 1]              17
          Sigmoid-18                    [-1, 1]               0
================================================================
Total params: 25,185
Trainable params: 25,185
Non-trainable params: 0
----------------------------------------------------------------
Input size (MB): 0.00
Forward/backward pass size (MB): 0.01
Params size (MB): 0.10
Estimated Total Size (MB): 0.10
----------------------------------------------------------------
=====Setting up output files=====
weight_dir, weight_file: /home/thuy/Research/minh_data_synth/TabularDA/output/corrected_v2/adult/weight/, adult_seed43_ctgan_full_rf_mix.weights.pth
acc_dir, acc_file: /home/thuy/Research/minh_data_synth/TabularDA/output/corrected_v2/adult/acc/, adult_seed43_ctgan_full_rf_mix.epochs.csv
report_file: adult_seed43_ctgan_full_rf_mix.report.txt
==========================================================================================
Start training...
-----------------------
Epoch 1/100
Training statistic: Loss: 0.2344, train_score: {'accuracy': 0.900402144772118, 'balanced_accuracy': 0.8446432379664256, 'f1_macro': 0.8426563600257725, 'f1_micro': 0.900402144772118, 'f1_weighted': 0.9006875089540035, 'f1_binary': 0.74733620494219, 'pr_auc': 0.8264475304726704, 'precision_macro': 0.8407158500884215, 'precision_micro': 0.900402144772118, 'precision_weighted': 0.9009949817365843, 'precision_binary': 0.7417032287096411, 'recall_macro': 0.8446432379664256, 'recall_micro': 0.900402144772118, 'recall_weighted': 0.900402144772118, 'recall_binary': 0.753055396916048, 'roc_auc': 0.9476744965628872}
Validation statistic: Loss: 0.3791, dev_score: {'accuracy': 0.8473821989528796, 'balanced_accuracy': 0.7630610758396439, 'f1_macro': 0.778052505562241, 'f1_micro': 0.8473821989528796, 'f1_weighted': 0.842543733231472, 'f1_binary': 0.6540059347181009, 'pr_auc': 0.7434237455477647, 'precision_macro': 0.7987632768130188, 'precision_micro': 0.8473821989528796, 'precision_weighted': 0.8410387493917243, 'precision_binary': 0.7174479166666666, 'recall_macro': 0.7630610758396439, 'recall_micro': 0.8473821989528796, 'recall_weighted': 0.8473821989528796, 'recall_binary': 0.6008724100327154, 'roc_auc': 0.9011157186695523}
Saving model...
Model saved!
-------------------------------------------
-----------------------
Epoch 2/100
Training statistic: Loss: 0.2298, train_score: {'accuracy': 0.9016160262138815, 'balanced_accuracy': 0.8504404767692412, 'f1_macro': 0.8457508694892624, 'f1_micro': 0.9016160262138815, 'f1_weighted': 0.9022651628681044, 'f1_binary': 0.7529222540163459, 'pr_auc': 0.833834760834699, 'precision_macro': 0.8413114300306188, 'precision_micro': 0.9016160262138815, 'precision_weighted': 0.903033945279789, 'precision_binary': 0.7399279517717983, 'recall_macro': 0.8504404767692412, 'recall_micro': 0.9016160262138815, 'recall_weighted': 0.9016160262138815, 'recall_binary': 0.7663811155530174, 'roc_auc': 0.9505228425954441}
Validation statistic: Loss: 0.3901, dev_score: {'accuracy': 0.8489528795811518, 'balanced_accuracy': 0.7696897993314178, 'f1_macro': 0.782545104472844, 'f1_micro': 0.8489528795811518, 'f1_weighted': 0.845020633305198, 'f1_binary': 0.6623756582796957, 'pr_auc': 0.7500631919197273, 'precision_macro': 0.7993641834460856, 'precision_micro': 0.8489528795811518, 'precision_weighted': 0.8434085262565694, 'precision_binary': 0.7146464646464646, 'recall_macro': 0.7696897993314178, 'recall_micro': 0.8489528795811518, 'recall_weighted': 0.8489528795811518, 'recall_binary': 0.6172300981461287, 'roc_auc': 0.9049069683488408}
-----------------------
Epoch 3/100
Training statistic: Loss: 0.2256, train_score: {'accuracy': 0.9030086386654751, 'balanced_accuracy': 0.8577031401475561, 'f1_macro': 0.849411308279912, 'f1_micro': 0.9030086386654751, 'f1_weighted': 0.9041058752380919, 'f1_binary': 0.7595717186634668, 'pr_auc': 0.838655230724332, 'precision_macro': 0.8418712877395208, 'precision_micro': 0.9030086386654751, 'precision_weighted': 0.9055641440947745, 'precision_binary': 0.7372513886400287, 'recall_macro': 0.8577031401475561, 'recall_micro': 0.9030086386654751, 'recall_weighted': 0.9030086386654751, 'recall_binary': 0.7832857414810585, 'roc_auc': 0.9527069250689891}
Validation statistic: Loss: 0.3888, dev_score: {'accuracy': 0.8510471204188481, 'balanced_accuracy': 0.7755439321034796, 'f1_macro': 0.7869744079777525, 'f1_micro': 0.8510471204188481, 'f1_weighted': 0.8477135043538938, 'f1_binary': 0.6701449275362319, 'pr_auc': 0.7540132198078926, 'precision_macro': 0.8013983669283262, 'precision_micro': 0.8510471204188481, 'precision_weighted': 0.8461363090481886, 'precision_binary': 0.7153465346534653, 'recall_macro': 0.7755439321034796, 'recall_micro': 0.8510471204188481, 'recall_weighted': 0.8510471204188481, 'recall_binary': 0.6303162486368593, 'roc_auc': 0.9067641829551726}
-----------------------
Epoch 4/100
Training statistic: Loss: 0.2197, train_score: {'accuracy': 0.9055630026809651, 'balanced_accuracy': 0.8611927061444948, 'f1_macro': 0.853217156105182, 'f1_micro': 0.9055630026809651, 'f1_weighted': 0.90658199364612, 'f1_binary': 0.7655617385517, 'pr_auc': 0.8429858937798307, 'precision_macro': 0.845929565472116, 'precision_micro': 0.9055630026809651, 'precision_weighted': 0.9079308053844045, 'precision_binary': 0.7440882627758212, 'recall_macro': 0.8611927061444948, 'recall_micro': 0.9055630026809651, 'recall_weighted': 0.9055630026809651, 'recall_binary': 0.7883114410812869, 'roc_auc': 0.9542700789833085}
Validation statistic: Loss: 0.3821, dev_score: {'accuracy': 0.8518324607329842, 'balanced_accuracy': 0.7782987628711846, 'f1_macro': 0.7888761687818889, 'f1_micro': 0.8518324607329842, 'f1_weighted': 0.8488144218091542, 'f1_binary': 0.6735870818915801, 'pr_auc': 0.7570514991888866, 'precision_macro': 0.8019605853143185, 'precision_micro': 0.8518324607329842, 'precision_weighted': 0.8472696176022738, 'precision_binary': 0.7148102815177478, 'recall_macro': 0.7782987628711846, 'recall_micro': 0.8518324607329842, 'recall_weighted': 0.8518324607329842, 'recall_binary': 0.6368593238822247, 'roc_auc': 0.9082457473579582}
-----------------------
Epoch 5/100
Training statistic: Loss: 0.2189, train_score: {'accuracy': 0.9064715519809353, 'balanced_accuracy': 0.8680392233527858, 'f1_macro': 0.856114213770998, 'f1_micro': 0.9064715519809353, 'f1_weighted': 0.9079365226956115, 'f1_binary': 0.7709925056071187, 'pr_auc': 0.8467559678566843, 'precision_macro': 0.8456708212919188, 'precision_micro': 0.9064715519809353, 'precision_weighted': 0.9101151182246423, 'precision_binary': 0.7398166293393057, 'recall_macro': 0.8680392233527858, 'recall_micro': 0.9064715519809353, 'recall_weighted': 0.9064715519809353, 'recall_binary': 0.8049114791547687, 'roc_auc': 0.9557151434194116}
Validation statistic: Loss: 0.3853, dev_score: {'accuracy': 0.8544502617801047, 'balanced_accuracy': 0.7871085114447469, 'f1_macro': 0.7949297463096585, 'f1_micro': 0.8544502617801047, 'f1_weighted': 0.8523679113846372, 'f1_binary': 0.684449489216799, 'pr_auc': 0.7581726226680661, 'precision_macro': 0.8040316244841131, 'precision_micro': 0.8544502617801047, 'precision_weighted': 0.8510416778502348, 'precision_binary': 0.7136094674556213, 'recall_macro': 0.7871085114447469, 'recall_micro': 0.8544502617801047, 'recall_weighted': 0.8544502617801047, 'recall_binary': 0.6575790621592148, 'roc_auc': 0.9091375409411765}
-----------------------
Epoch 6/100
Training statistic: Loss: 0.2140, train_score: {'accuracy': 0.910619600834078, 'balanced_accuracy': 0.8587888027587174, 'f1_macro': 0.8582106128549585, 'f1_micro': 0.910619600834078, 'f1_weighted': 0.9106915012561078, 'f1_binary': 0.772007142585768, 'pr_auc': 0.8497419652138839, 'precision_macro': 0.8576361716373377, 'precision_micro': 0.910619600834078, 'precision_weighted': 0.910765177559786, 'precision_binary': 0.7703681237441711, 'recall_macro': 0.8587888027587174, 'recall_micro': 0.910619600834078, 'recall_weighted': 0.910619600834078, 'recall_binary': 0.7736531505806206, 'roc_auc': 0.9565225442712174}
Validation statistic: Loss: 0.3796, dev_score: {'accuracy': 0.8539267015706806, 'balanced_accuracy': 0.7722162347753667, 'f1_macro': 0.7876603186709016, 'f1_micro': 0.8539267015706806, 'f1_weighted': 0.8493309074426735, 'f1_binary': 0.6690391459074733, 'pr_auc': 0.7606174535354158, 'precision_macro': 0.8088601277203875, 'precision_micro': 0.8539267015706806, 'precision_weighted': 0.8480810811238416, 'precision_binary': 0.7334200260078023, 'recall_macro': 0.7722162347753667, 'recall_micro': 0.8539267015706806, 'recall_weighted': 0.8539267015706806, 'recall_binary': 0.6150490730643402, 'roc_auc': 0.9098283616654977}
-----------------------
Epoch 7/100
Training statistic: Loss: 0.2148, train_score: {'accuracy': 0.9120196604110813, 'balanced_accuracy': 0.8681884427446291, 'f1_macro': 0.8623884616511786, 'f1_micro': 0.9120196604110813, 'f1_weighted': 0.9127015801083355, 'f1_binary': 0.7797457026734778, 'pr_auc': 0.8522513363671075, 'precision_macro': 0.8569464665172146, 'precision_micro': 0.9120196604110813, 'precision_weighted': 0.9135541261448407, 'precision_binary': 0.7639644905563877, 'recall_macro': 0.8681884427446291, 'recall_micro': 0.9120196604110813, 'recall_weighted': 0.9120196604110813, 'recall_binary': 0.7961926518180088, 'roc_auc': 0.9573052933234141}
Validation statistic: Loss: 0.3917, dev_score: {'accuracy': 0.8568062827225131, 'balanced_accuracy': 0.7853014461405886, 'f1_macro': 0.79604643161293, 'f1_micro': 0.8568062827225131, 'f1_weighted': 0.8539212825978854, 'f1_binary': 0.6847262247838617, 'pr_auc': 0.7623260948213457, 'precision_macro': 0.8092832162421466, 'precision_micro': 0.8568062827225131, 'precision_weighted': 0.852497872849293, 'precision_binary': 0.726161369193154, 'recall_macro': 0.7853014461405886, 'recall_micro': 0.8568062827225131, 'recall_weighted': 0.8568062827225131, 'recall_binary': 0.6477644492911668, 'roc_auc': 0.9108027982934962}
-----------------------
Epoch 8/100
Training statistic: Loss: 0.2089, train_score: {'accuracy': 0.9136878165028299, 'balanced_accuracy': 0.8699601312326987, 'f1_macro': 0.8647666539631569, 'f1_micro': 0.9136878165028299, 'f1_weighted': 0.9142850660975023, 'f1_binary': 0.7834292548023021, 'pr_auc': 0.854742843343016, 'precision_macro': 0.8598590991982613, 'precision_micro': 0.9136878165028299, 'precision_weighted': 0.9150183867167311, 'precision_binary': 0.7692561740853546, 'recall_macro': 0.8699601312326987, 'recall_micro': 0.9136878165028299, 'recall_weighted': 0.9136878165028299, 'recall_binary': 0.7981343993908243, 'roc_auc': 0.9582547502255432}
Validation statistic: Loss: 0.3738, dev_score: {'accuracy': 0.8578534031413613, 'balanced_accuracy': 0.7856173679617708, 'f1_macro': 0.7970415021586343, 'f1_micro': 0.8578534031413613, 'f1_weighted': 0.8547997208825442, 'f1_binary': 0.6859456333140543, 'pr_auc': 0.7637419663581546, 'precision_macro': 0.8112914002725081, 'precision_micro': 0.8578534031413613, 'precision_weighted': 0.8534007525937933, 'precision_binary': 0.7302955665024631, 'recall_macro': 0.7856173679617708, 'recall_micro': 0.8578534031413613, 'recall_weighted': 0.8578534031413613, 'recall_binary': 0.6466739367502726, 'roc_auc': 0.911379797006143}
Saving model...
Model saved!
-------------------------------------------
-----------------------
Epoch 9/100
Training statistic: Loss: 0.2116, train_score: {'accuracy': 0.9148197795650879, 'balanced_accuracy': 0.8705052519172028, 'f1_macro': 0.866213116089997, 'f1_micro': 0.9148197795650879, 'f1_weighted': 0.9153074196197195, 'f1_binary': 0.7855723444940197, 'pr_auc': 0.8562581625464298, 'precision_macro': 0.8621165380251605, 'precision_micro': 0.9148197795650879, 'precision_weighted': 0.9158879729637455, 'precision_binary': 0.7737932562691583, 'recall_macro': 0.8705052519172028, 'recall_micro': 0.9148197795650879, 'recall_weighted': 0.9148197795650879, 'recall_binary': 0.7977155910908053, 'roc_auc': 0.9586117246743558}
Validation statistic: Loss: 0.3873, dev_score: {'accuracy': 0.8599476439790575, 'balanced_accuracy': 0.790352438777469, 'f1_macro': 0.8008446634175415, 'f1_micro': 0.8599476439790575, 'f1_weighted': 0.8572495261735102, 'f1_binary': 0.6923519263944796, 'pr_auc': 0.7636281285016431, 'precision_macro': 0.8136450253129013, 'precision_micro': 0.8599476439790575, 'precision_weighted': 0.8559046763565532, 'precision_binary': 0.732360097323601, 'recall_macro': 0.790352438777469, 'recall_micro': 0.8599476439790575, 'recall_weighted': 0.8599476439790575, 'recall_binary': 0.6564885496183206, 'roc_auc': 0.9117325325472728}
-----------------------
Epoch 10/100
Training statistic: Loss: 0.2080, train_score: {'accuracy': 0.9157879058683348, 'balanced_accuracy': 0.8723172715425204, 'f1_macro': 0.8678045036645543, 'f1_micro': 0.9157879058683348, 'f1_weighted': 0.9162920578074352, 'f1_binary': 0.7881603596852754, 'pr_auc': 0.8587698320914916, 'precision_macro': 0.8635064165539295, 'precision_micro': 0.9157879058683348, 'precision_weighted': 0.9168981935864422, 'precision_binary': 0.7758067490319012, 'recall_macro': 0.8723172715425204, 'recall_micro': 0.9157879058683348, 'recall_weighted': 0.9157879058683348, 'recall_binary': 0.8009137635636779, 'roc_auc': 0.9595376848645942}
Validation statistic: Loss: 0.3817, dev_score: {'accuracy': 0.8573298429319371, 'balanced_accuracy': 0.7841538347687553, 'f1_macro': 0.7959596702071619, 'f1_micro': 0.8573298429319371, 'f1_weighted': 0.854136836331937, 'f1_binary': 0.6840579710144927, 'pr_auc': 0.7653018785723341, 'precision_macro': 0.8108161413750936, 'precision_micro': 0.8573298429319371, 'precision_weighted': 0.8527291229049899, 'precision_binary': 0.7301980198019802, 'recall_macro': 0.7841538347687553, 'recall_micro': 0.8573298429319371, 'recall_weighted': 0.8573298429319371, 'recall_binary': 0.64340239912759, 'roc_auc': 0.9121964605486522}
-----------------------
Epoch 11/100
Training statistic: Loss: 0.2091, train_score: {'accuracy': 0.916003872505213, 'balanced_accuracy': 0.873344792917349, 'f1_macro': 0.8683196378769462, 'f1_micro': 0.916003872505213, 'f1_weighted': 0.9165615310872774, 'f1_binary': 0.7890790088826555, 'pr_auc': 0.8602345259841057, 'precision_macro': 0.8635592754340868, 'precision_micro': 0.916003872505213, 'precision_weighted': 0.9172450481684289, 'precision_binary': 0.7753766997427416, 'recall_macro': 0.873344792917349, 'recall_micro': 0.916003872505213, 'recall_weighted': 0.916003872505213, 'recall_binary': 0.8032743194365125, 'roc_auc': 0.9598186824229513}
Validation statistic: Loss: 0.3889, dev_score: {'accuracy': 0.8581151832460733, 'balanced_accuracy': 0.7854165829279754, 'f1_macro': 0.7971661015301985, 'f1_micro': 0.8581151832460733, 'f1_weighted': 0.8549716775988362, 'f1_binary': 0.6859791425260718, 'pr_auc': 0.7659087211082984, 'precision_macro': 0.8119150260335096, 'precision_micro': 0.8581151832460733, 'precision_weighted': 0.8535832877156856, 'precision_binary': 0.7317676143386898, 'recall_macro': 0.7854165829279754, 'recall_micro': 0.8581151832460733, 'recall_weighted': 0.8581151832460733, 'recall_binary': 0.6455834242093784, 'roc_auc': 0.912696450969572}
-----------------------
Epoch 12/100
Training statistic: Loss: 0.2061, train_score: {'accuracy': 0.9169049746797736, 'balanced_accuracy': 0.8775932853837987, 'f1_macro': 0.8704423519349198, 'f1_micro': 0.9169049746797736, 'f1_weighted': 0.9176769057363946, 'f1_binary': 0.7928563472320203, 'pr_auc': 0.8613757618964937, 'precision_macro': 0.8638161592850961, 'precision_micro': 0.9169049746797736, 'precision_weighted': 0.918698815125088, 'precision_binary': 0.773667620738379, 'recall_macro': 0.8775932853837987, 'recall_micro': 0.9169049746797736, 'recall_weighted': 0.9169049746797736, 'recall_binary': 0.81302113078241, 'roc_auc': 0.960346706258294}
Validation statistic: Loss: 0.3798, dev_score: {'accuracy': 0.8596858638743455, 'balanced_accuracy': 0.7927913477239917, 'f1_macro': 0.8016746151023766, 'f1_micro': 0.8596858638743455, 'f1_weighted': 0.8574395425278993, 'f1_binary': 0.6944127708095781, 'pr_auc': 0.7654161653067267, 'precision_macro': 0.8121734031675312, 'precision_micro': 0.8596858638743455, 'precision_weighted': 0.8561434623305011, 'precision_binary': 0.7275985663082437, 'recall_macro': 0.7927913477239917, 'recall_micro': 0.8596858638743455, 'recall_weighted': 0.8596858638743455, 'recall_binary': 0.6641221374045801, 'roc_auc': 0.9130315309511351}
-----------------------
Epoch 13/100
Training statistic: Loss: 0.2055, train_score: {'accuracy': 0.917992254989574, 'balanced_accuracy': 0.8717424047937585, 'f1_macro': 0.8702265884667395, 'f1_micro': 0.917992254989574, 'f1_weighted': 0.9181587716872452, 'f1_binary': 0.7914946794410573, 'pr_auc': 0.8624983431256256, 'precision_macro': 0.8687353040481927, 'precision_micro': 0.917992254989574, 'precision_weighted': 0.9183368873974318, 'precision_binary': 0.7872612904440845, 'recall_macro': 0.8717424047937585, 'recall_micro': 0.917992254989574, 'recall_weighted': 0.917992254989574, 'recall_binary': 0.7957738435179897, 'roc_auc': 0.9605587432821864}
Validation statistic: Loss: 0.3818, dev_score: {'accuracy': 0.8596858638743455, 'balanced_accuracy': 0.7845848933773245, 'f1_macro': 0.7980809246274765, 'f1_micro': 0.8596858638743455, 'f1_weighted': 0.8560654788190792, 'f1_binary': 0.6865497076023391, 'pr_auc': 0.7670514277950302, 'precision_macro': 0.8156040778016764, 'precision_micro': 0.8596858638743455, 'precision_weighted': 0.8547922725824827, 'precision_binary': 0.7402269861286255, 'recall_macro': 0.7845848933773245, 'recall_micro': 0.8596858638743455, 'recall_weighted': 0.8596858638743455, 'recall_binary': 0.6401308615049073, 'roc_auc': 0.913167140674615}
-----------------------
Epoch 14/100
Training statistic: Loss: 0.2066, train_score: {'accuracy': 0.918319928507596, 'balanced_accuracy': 0.8765421537974623, 'f1_macro': 0.8718297971001525, 'f1_micro': 0.918319928507596, 'f1_weighted': 0.9188246561682912, 'f1_binary': 0.7946375074895147, 'pr_auc': 0.8645154761721549, 'precision_macro': 0.8673480590729624, 'precision_micro': 0.918319928507596, 'precision_weighted': 0.9194388449604202, 'precision_binary': 0.7817853590244261, 'recall_macro': 0.8765421537974623, 'recall_micro': 0.918319928507596, 'recall_weighted': 0.918319928507596, 'recall_binary': 0.8079192842185418, 'roc_auc': 0.9611294299316944}
Validation statistic: Loss: 0.3869, dev_score: {'accuracy': 0.8578534031413613, 'balanced_accuracy': 0.7859903886138921, 'f1_macro': 0.7972073853795858, 'f1_micro': 0.8578534031413613, 'f1_weighted': 0.8548631973828821, 'f1_binary': 0.6863084922010398, 'pr_auc': 0.7691038028163737, 'precision_macro': 0.8111389832946719, 'precision_micro': 0.8578534031413613, 'precision_weighted': 0.8534632706192727, 'precision_binary': 0.7297297297297297, 'recall_macro': 0.7859903886138921, 'recall_micro': 0.8578534031413613, 'recall_weighted': 0.8578534031413613, 'recall_binary': 0.6477644492911668, 'roc_auc': 0.9135262622692052}
-----------------------
Epoch 15/100
Training statistic: Loss: 0.2041, train_score: {'accuracy': 0.9185731307715221, 'balanced_accuracy': 0.8780394604859145, 'f1_macro': 0.87249965090227, 'f1_micro': 0.9185731307715221, 'f1_weighted': 0.9191610356806565, 'f1_binary': 0.7958551157580284, 'pr_auc': 0.8653470402056841, 'precision_macro': 0.8672760594270734, 'precision_micro': 0.9185731307715221, 'precision_weighted': 0.919899168755831, 'precision_binary': 0.7808389814984429, 'recall_macro': 0.8780394604859145, 'recall_micro': 0.9185731307715221, 'recall_weighted': 0.9185731307715221, 'recall_binary': 0.8114601180277936, 'roc_auc': 0.9614108044709228}
Validation statistic: Loss: 0.3819, dev_score: {'accuracy': 0.8602094240837697, 'balanced_accuracy': 0.7908976950479161, 'f1_macro': 0.8012974868497955, 'f1_micro': 0.8602094240837697, 'f1_weighted': 0.857547057689542, 'f1_binary': 0.6931034482758621, 'pr_auc': 0.7673767671433549, 'precision_macro': 0.8139569297933008, 'precision_micro': 0.8602094240837697, 'precision_weighted': 0.8562096683677586, 'precision_binary': 0.732685297691373, 'recall_macro': 0.7908976950479161, 'recall_micro': 0.8602094240837697, 'recall_weighted': 0.8602094240837697, 'recall_binary': 0.6575790621592148, 'roc_auc': 0.9131926848884563}
-----------------------
Epoch 16/100
Training statistic: Loss: 0.2061, train_score: {'accuracy': 0.917865653857611, 'balanced_accuracy': 0.8827720905040659, 'f1_macro': 0.8728339839151211, 'f1_micro': 0.917865653857611, 'f1_weighted': 0.9189042783548892, 'f1_binary': 0.7971603553234142, 'pr_auc': 0.8657116773084406, 'precision_macro': 0.8638830245946523, 'precision_micro': 0.917865653857611, 'precision_weighted': 0.9204145876998848, 'precision_binary': 0.7710260424078554, 'recall_macro': 0.8827720905040659, 'recall_micro': 0.917865653857611, 'recall_weighted': 0.917865653857611, 'recall_binary': 0.8251284980011422, 'roc_auc': 0.9614643650107504}
Validation statistic: Loss: 0.3951, dev_score: {'accuracy': 0.8586387434554974, 'balanced_accuracy': 0.7954595911197795, 'f1_macro': 0.801929316765606, 'f1_micro': 0.8586387434554974, 'f1_weighted': 0.8570295718566648, 'f1_binary': 0.6959459459459459, 'pr_auc': 0.7667963432521585, 'precision_macro': 0.8092309059291944, 'precision_micro': 0.8586387434554974, 'precision_weighted': 0.8559121453807822, 'precision_binary': 0.719441210710128, 'recall_macro': 0.7954595911197795, 'recall_micro': 0.8586387434554974, 'recall_weighted': 0.8586387434554974, 'recall_binary': 0.6739367502726281, 'roc_auc': 0.9131378399587387}
-----------------------
Epoch 17/100
Training statistic: Loss: 0.2023, train_score: {'accuracy': 0.9184539767649688, 'balanced_accuracy': 0.8826767323202911, 'f1_macro': 0.8734964003929445, 'f1_micro': 0.9184539767649688, 'f1_weighted': 0.9194087285430129, 'f1_binary': 0.7980822423013092, 'pr_auc': 0.8672024522211628, 'precision_macro': 0.8651608125491348, 'precision_micro': 0.9184539767649688, 'precision_weighted': 0.9207666348164535, 'precision_binary': 0.7738244233863758, 'recall_macro': 0.8826767323202911, 'recall_micro': 0.9184539767649688, 'recall_weighted': 0.9184539767649688, 'recall_binary': 0.823910146582905, 'roc_auc': 0.9618669099083306}
Validation statistic: Loss: 0.3825, dev_score: {'accuracy': 0.8602094240837697, 'balanced_accuracy': 0.7957469635254921, 'f1_macro': 0.8033563265726347, 'f1_micro': 0.8602094240837697, 'f1_weighted': 0.858327237798104, 'f1_binary': 0.6976217440543602, 'pr_auc': 0.7679933551346491, 'precision_macro': 0.8121233962065177, 'precision_micro': 0.8602094240837697, 'precision_weighted': 0.8571275674431917, 'precision_binary': 0.7255594817432274, 'recall_macro': 0.7957469635254921, 'recall_micro': 0.8602094240837697, 'recall_weighted': 0.8602094240837697, 'recall_binary': 0.6717557251908397, 'roc_auc': 0.9131761562795002}
-----------------------
Epoch 18/100
Training statistic: Loss: 0.2007, train_score: {'accuracy': 0.9193178433124813, 'balanced_accuracy': 0.8787472909787128, 'f1_macro': 0.8735486900509348, 'f1_micro': 0.9193178433124813, 'f1_weighted': 0.9198639956624446, 'f1_binary': 0.7974726137510749, 'pr_auc': 0.867326651281142, 'precision_macro': 0.8686282290491933, 'precision_micro': 0.9193178433124813, 'precision_weighted': 0.9205421871813348, 'precision_binary': 0.7833559807558118, 'recall_macro': 0.8787472909787128, 'recall_micro': 0.9193178433124813, 'recall_weighted': 0.9193178433124813, 'recall_binary': 0.8121073672187321, 'roc_auc': 0.9617634743938825}
Validation statistic: Loss: 0.3716, dev_score: {'accuracy': 0.8581151832460733, 'balanced_accuracy': 0.7857896035800966, 'f1_macro': 0.7973323247130757, 'f1_micro': 0.8581151832460733, 'f1_weighted': 0.8550353634542484, 'f1_binary': 0.6863425925925926, 'pr_auc': 0.7655100598094088, 'precision_macro': 0.8117595425806428, 'precision_micro': 0.8581151832460733, 'precision_weighted': 0.8536441205431291, 'precision_binary': 0.7311960542540074, 'recall_macro': 0.7857896035800966, 'recall_micro': 0.8581151832460733, 'recall_weighted': 0.8581151832460733, 'recall_binary': 0.6466739367502726, 'roc_auc': 0.9127065935250677}
Saving model...
Model saved!
-------------------------------------------
-----------------------
Epoch 19/100
Training statistic: Loss: 0.2032, train_score: {'accuracy': 0.9166666666666666, 'balanced_accuracy': 0.8890289921818239, 'f1_macro': 0.8729391385484435, 'f1_micro': 0.9166666666666666, 'f1_weighted': 0.9183186473161173, 'f1_binary': 0.7984001729542752, 'pr_auc': 0.8680639425444436, 'precision_macro': 0.8593359295461791, 'precision_micro': 0.9166666666666666, 'precision_weighted': 0.9211685340951099, 'precision_binary': 0.75777162203755, 'recall_macro': 0.8890289921818239, 'recall_micro': 0.9166666666666666, 'recall_weighted': 0.9166666666666666, 'recall_binary': 0.8436322101656196, 'roc_auc': 0.9621719544049832}
Validation statistic: Loss: 0.3865, dev_score: {'accuracy': 0.856020942408377, 'balanced_accuracy': 0.7989595240662182, 'f1_macro': 0.8011991259952818, 'f1_micro': 0.856020942408377, 'f1_weighted': 0.8554743639795326, 'f1_binary': 0.6968026460859978, 'pr_auc': 0.7667055261412027, 'precision_macro': 0.8035341128351585, 'precision_micro': 0.856020942408377, 'precision_weighted': 0.8549846772637921, 'precision_binary': 0.7045707915273133, 'recall_macro': 0.7989595240662182, 'recall_micro': 0.856020942408377, 'recall_weighted': 0.856020942408377, 'recall_binary': 0.6892039258451472, 'roc_auc': 0.9127610628045819}
-----------------------
Epoch 20/100
Training statistic: Loss: 0.2030, train_score: {'accuracy': 0.9175603217158177, 'balanced_accuracy': 0.890088741984431, 'f1_macro': 0.8742179088011535, 'f1_micro': 0.9175603217158177, 'f1_weighted': 0.9191692212919407, 'f1_binary': 0.8003822850548182, 'pr_auc': 0.8701757777840858, 'precision_macro': 0.8607602335925088, 'precision_micro': 0.9175603217158177, 'precision_weighted': 0.9219398062305295, 'precision_binary': 0.7602685759309377, 'recall_macro': 0.890088741984431, 'recall_micro': 0.9175603217158177, 'recall_weighted': 0.9175603217158177, 'recall_binary': 0.8449647820293166, 'roc_auc': 0.9627035328579939}
Validation statistic: Loss: 0.3876, dev_score: {'accuracy': 0.8554973821989529, 'balanced_accuracy': 0.8001071354380513, 'f1_macro': 0.8012289147904148, 'f1_micro': 0.8554973821989529, 'f1_weighted': 0.8552254960896916, 'f1_binary': 0.6973684210526315, 'pr_auc': 0.7682147616429441, 'precision_macro': 0.8023743315427061, 'precision_micro': 0.8554973821989529, 'precision_weighted': 0.8549677406171359, 'precision_binary': 0.701212789415656, 'recall_macro': 0.8001071354380513, 'recall_micro': 0.8554973821989529, 'recall_weighted': 0.8554973821989529, 'recall_binary': 0.693565976008724, 'roc_auc': 0.9134252123644512}
-----------------------
Epoch 21/100
Training statistic: Loss: 0.2009, train_score: {'accuracy': 0.9194518915698541, 'balanced_accuracy': 0.8837436569201249, 'f1_macro': 0.8749203777418708, 'f1_micro': 0.9194518915698541, 'f1_weighted': 0.9203567280006965, 'f1_binary': 0.800288046087374, 'pr_auc': 0.8688797179367723, 'precision_macro': 0.8668756565149114, 'precision_micro': 0.9194518915698541, 'precision_weighted': 0.9216327999365941, 'precision_binary': 0.776933280751443, 'recall_macro': 0.8837436569201249, 'recall_micro': 0.9194518915698541, 'recall_weighted': 0.9194518915698541, 'recall_binary': 0.8250904245193222, 'roc_auc': 0.9623618181154712}
Validation statistic: Loss: 0.3742, dev_score: {'accuracy': 0.8581151832460733, 'balanced_accuracy': 0.7913849133619153, 'f1_macro': 0.7997747896728185, 'f1_micro': 0.8581151832460733, 'f1_weighted': 0.8559649068583104, 'f1_binary': 0.6916951080773607, 'pr_auc': 0.7686940915450922, 'precision_macro': 0.8096113939071719, 'precision_micro': 0.8581151832460733, 'precision_weighted': 0.8546668315250663, 'precision_binary': 0.72294887039239, 'recall_macro': 0.7913849133619153, 'recall_micro': 0.8581151832460733, 'recall_weighted': 0.8581151832460733, 'recall_binary': 0.6630316248636859, 'roc_auc': 0.9137561601937755}
-----------------------
Epoch 22/100
Training statistic: Loss: 0.2010, train_score: {'accuracy': 0.917992254989574, 'balanced_accuracy': 0.8901555146551579, 'f1_macro': 0.874733142633259, 'f1_micro': 0.917992254989574, 'f1_weighted': 0.9195491663961377, 'f1_binary': 0.8011197399313708, 'pr_auc': 0.8695287949827093, 'precision_macro': 0.861592239143643, 'precision_micro': 0.917992254989574, 'precision_weighted': 0.9222035352578124, 'precision_binary': 0.7620340147740938, 'recall_macro': 0.8901555146551579, 'recall_micro': 0.917992254989574, 'recall_weighted': 0.917992254989574, 'recall_binary': 0.8444317532838378, 'roc_auc': 0.9626275378146489}
Validation statistic: Loss: 0.3766, dev_score: {'accuracy': 0.856282722513089, 'balanced_accuracy': 0.7968936357718166, 'f1_macro': 0.8005732006128924, 'f1_micro': 0.856282722513089, 'f1_weighted': 0.8553721656915404, 'f1_binary': 0.6951693503609107, 'pr_auc': 0.7686317787433589, 'precision_macro': 0.8045151774815984, 'precision_micro': 0.856282722513089, 'precision_weighted': 0.8546176845150001, 'precision_binary': 0.7081447963800905, 'recall_macro': 0.7968936357718166, 'recall_micro': 0.856282722513089, 'recall_weighted': 0.856282722513089, 'recall_binary': 0.6826608505997819, 'roc_auc': 0.9139156237051806}
-----------------------
Epoch 23/100
Training statistic: Loss: 0.2020, train_score: {'accuracy': 0.9196455168305034, 'balanced_accuracy': 0.8848005145973946, 'f1_macro': 0.8753997647338847, 'f1_micro': 0.9196455168305034, 'f1_weighted': 0.9206032218797592, 'f1_binary': 0.8011499760421658, 'pr_auc': 0.8703771904018289, 'precision_macro': 0.8668781246507528, 'precision_micro': 0.9196455168305034, 'precision_weighted': 0.921980369122237, 'precision_binary': 0.7763688966675001, 'recall_macro': 0.8848005145973946, 'recall_micro': 0.9196455168305034, 'recall_weighted': 0.9196455168305034, 'recall_binary': 0.8275652008376166, 'roc_auc': 0.96276613759014}
Validation statistic: Loss: 0.3925, dev_score: {'accuracy': 0.8583769633507854, 'balanced_accuracy': 0.7952873555014536, 'f1_macro': 0.8016403624649915, 'f1_micro': 0.8583769633507854, 'f1_weighted': 0.8567940038547059, 'f1_binary': 0.6955543050084412, 'pr_auc': 0.7674961883758242, 'precision_macro': 0.8087955688246387, 'precision_micro': 0.8583769633507854, 'precision_weighted': 0.8556854019336516, 'precision_binary': 0.7186046511627907, 'recall_macro': 0.7952873555014536, 'recall_micro': 0.8583769633507854, 'recall_weighted': 0.8583769633507854, 'recall_binary': 0.6739367502726281, 'roc_auc': 0.913422207162823}
-----------------------
Epoch 24/100
Training statistic: Loss: 0.2031, train_score: {'accuracy': 0.9199508489722967, 'balanced_accuracy': 0.8849614875443115, 'f1_macro': 0.8757962788450497, 'f1_micro': 0.9199508489722967, 'f1_weighted': 0.9208812257981047, 'f1_binary': 0.8017411512994079, 'pr_auc': 0.8704831707710107, 'precision_macro': 0.8674669005977207, 'precision_micro': 0.9199508489722967, 'precision_weighted': 0.9222102248248003, 'precision_binary': 0.7775472238122496, 'recall_macro': 0.8849614875443115, 'recall_micro': 0.9199508489722967, 'recall_weighted': 0.9199508489722967, 'recall_binary': 0.8274890538739768, 'roc_auc': 0.9628329203066404}
Validation statistic: Loss: 0.3989, dev_score: {'accuracy': 0.8568062827225131, 'balanced_accuracy': 0.7923888385308921, 'f1_macro': 0.7991250112596471, 'f1_micro': 0.8568062827225131, 'f1_weighted': 0.8550873977399852, 'f1_binary': 0.6914833615341229, 'pr_auc': 0.7670060582154591, 'precision_macro': 0.8067786963815001, 'precision_micro': 0.8568062827225131, 'precision_weighted': 0.8539109480291527, 'precision_binary': 0.7161214953271028, 'recall_macro': 0.7923888385308921, 'recall_micro': 0.8568062827225131, 'recall_weighted': 0.8568062827225131, 'recall_binary': 0.6684841875681571, 'roc_auc': 0.9135476743308073}
-----------------------
Epoch 25/100
Training statistic: Loss: 0.1996, train_score: {'accuracy': 0.920747691391123, 'balanced_accuracy': 0.8812929481603982, 'f1_macro': 0.8758558948529485, 'f1_micro': 0.920747691391123, 'f1_weighted': 0.9213047526202711, 'f1_binary': 0.8012030187551371, 'pr_auc': 0.8714058557760853, 'precision_macro': 0.8707202855903824, 'precision_micro': 0.920747691391123, 'precision_weighted': 0.9220048694467582, 'precision_binary': 0.7864818278505152, 'recall_macro': 0.8812929481603982, 'recall_micro': 0.920747691391123, 'recall_weighted': 0.920747691391123, 'recall_binary': 0.8164858176280221, 'roc_auc': 0.9629701889290129}
Validation statistic: Loss: 0.3882, dev_score: {'accuracy': 0.8589005235602094, 'balanced_accuracy': 0.7900365169562866, 'f1_macro': 0.7998420301795266, 'f1_micro': 0.8589005235602094, 'f1_weighted': 0.8563674122778573, 'f1_binary': 0.6911174785100287, 'pr_auc': 0.7670119014845812, 'precision_macro': 0.8116571727505231, 'precision_micro': 0.8589005235602094, 'precision_weighted': 0.85501451780969, 'precision_binary': 0.7282608695652174, 'recall_macro': 0.7900365169562866, 'recall_micro': 0.8589005235602094, 'recall_weighted': 0.8589005235602094, 'recall_binary': 0.6575790621592148, 'roc_auc': 0.9132576723736696}
-----------------------
Epoch 26/100
Training statistic: Loss: 0.1983, train_score: {'accuracy': 0.9193178433124813, 'balanced_accuracy': 0.8865851092608735, 'f1_macro': 0.875439140939466, 'f1_micro': 0.9193178433124813, 'f1_weighted': 0.9204475968479456, 'f1_binary': 0.8015096551976842, 'pr_auc': 0.8714053075374041, 'precision_macro': 0.8655149210597297, 'precision_micro': 0.9193178433124813, 'precision_weighted': 0.9221616110909282, 'precision_binary': 0.7724688349754565, 'recall_macro': 0.8865851092608735, 'recall_micro': 0.9193178433124813, 'recall_weighted': 0.9193178433124813, 'recall_binary': 0.8328193413287646, 'roc_auc': 0.9631165701254609}
Validation statistic: Loss: 0.3709, dev_score: {'accuracy': 0.8602094240837697, 'balanced_accuracy': 0.7979850874382197, 'f1_macro': 0.8042836764135292, 'f1_micro': 0.8602094240837697, 'f1_weighted': 0.8586757111212165, 'f1_binary': 0.6996625421822272, 'pr_auc': 0.7667061335796431, 'precision_macro': 0.81135997619813, 'precision_micro': 0.8602094240837697, 'precision_weighted': 0.8576016365893979, 'precision_binary': 0.7224157955865272, 'recall_macro': 0.7979850874382197, 'recall_micro': 0.8602094240837697, 'recall_weighted': 0.8602094240837697, 'recall_binary': 0.678298800436205, 'roc_auc': 0.9136096566143924}
Saving model...
Model saved!
-------------------------------------------
-----------------------
Epoch 27/100
Training statistic: Loss: 0.2011, train_score: {'accuracy': 0.9184241882633304, 'balanced_accuracy': 0.890078209783933, 'f1_macro': 0.8752159600027574, 'f1_micro': 0.9184241882633304, 'f1_weighted': 0.9199192183340047, 'f1_binary': 0.8017877822814129, 'pr_auc': 0.8723440613120323, 'precision_macro': 0.8624767393971275, 'precision_micro': 0.9184241882633304, 'precision_weighted': 0.9224345793175817, 'precision_binary': 0.7639918617883376, 'recall_macro': 0.890078209783933, 'recall_micro': 0.9184241882633304, 'recall_weighted': 0.9184241882633304, 'recall_binary': 0.8435179897201599, 'roc_auc': 0.9631829700451158}
Validation statistic: Loss: 0.3887, dev_score: {'accuracy': 0.8581151832460733, 'balanced_accuracy': 0.8007104296649463, 'f1_macro': 0.8036428554086699, 'f1_micro': 0.8581151832460733, 'f1_weighted': 0.857411266484755, 'f1_binary': 0.7002212389380531, 'pr_auc': 0.7674153643095161, 'precision_macro': 0.8067381450788758, 'precision_micro': 0.8581151832460733, 'precision_weighted': 0.8568042872771361, 'precision_binary': 0.7104377104377104, 'recall_macro': 0.8007104296649463, 'recall_micro': 0.8581151832460733, 'recall_weighted': 0.8581151832460733, 'recall_binary': 0.6902944383860414, 'roc_auc': 0.9134192019611945}
-----------------------
Epoch 28/100
Training statistic: Loss: 0.1999, train_score: {'accuracy': 0.9201295799821269, 'balanced_accuracy': 0.8860090872481514, 'f1_macro': 0.8762542166352287, 'f1_micro': 0.9201295799821269, 'f1_weighted': 0.9211134654015521, 'f1_binary': 0.8025698138909854, 'pr_auc': 0.8728877466355334, 'precision_macro': 0.8674411728995042, 'precision_micro': 0.9201295799821269, 'precision_weighted': 0.9225468133350552, 'precision_binary': 0.7769263668116045, 'recall_macro': 0.8860090872481514, 'recall_micro': 0.9201295799821269, 'recall_weighted': 0.9201295799821269, 'recall_binary': 0.829963830192271, 'roc_auc': 0.9634484572815682}
Validation statistic: Loss: 0.3896, dev_score: {'accuracy': 0.856544502617801, 'balanced_accuracy': 0.7925896235646875, 'f1_macro': 0.7989949362732447, 'f1_micro': 0.856544502617801, 'f1_weighted': 0.8549114914397267, 'f1_binary': 0.6914414414414415, 'pr_auc': 0.7667889852487259, 'precision_macro': 0.8062271697374366, 'precision_micro': 0.856544502617801, 'precision_weighted': 0.8537677135530426, 'precision_binary': 0.7147846332945286, 'recall_macro': 0.7925896235646875, 'recall_micro': 0.856544502617801, 'recall_weighted': 0.856544502617801, 'recall_binary': 0.6695747001090513, 'roc_auc': 0.9133673622331051}
-----------------------
Epoch 29/100
Training statistic: Loss: 0.1997, train_score: {'accuracy': 0.9197795650878761, 'balanced_accuracy': 0.889537540963294, 'f1_macro': 0.8766693851800744, 'f1_micro': 0.9197795650878761, 'f1_weighted': 0.9210610869997341, 'f1_binary': 0.8037529604663873, 'pr_auc': 0.8734271328320353, 'precision_macro': 0.865405637818896, 'precision_micro': 0.9197795650878761, 'precision_weighted': 0.9231113181283744, 'precision_binary': 0.7706200873362445, 'recall_macro': 0.889537540963294, 'recall_micro': 0.9197795650878761, 'recall_weighted': 0.9197795650878761, 'recall_binary': 0.8398629354654483, 'roc_auc': 0.9636317628643335}
Validation statistic: Loss: 0.3880, dev_score: {'accuracy': 0.8544502617801047, 'balanced_accuracy': 0.7919577799223231, 'f1_macro': 0.7970138892074603, 'f1_micro': 0.8544502617801047, 'f1_weighted': 0.8531500289364327, 'f1_binary': 0.6890380313199105, 'pr_auc': 0.7668558818794105, 'precision_macro': 0.8025822838230788, 'precision_micro': 0.8544502617801047, 'precision_weighted': 0.8521538931698802, 'precision_binary': 0.7072330654420207, 'recall_macro': 0.7919577799223231, 'recall_micro': 0.8544502617801047, 'recall_weighted': 0.8544502617801047, 'recall_binary': 0.6717557251908397, 'roc_auc': 0.91343460361954}
-----------------------
Epoch 30/100
Training statistic: Loss: 0.2016, train_score: {'accuracy': 0.9204721477509681, 'balanced_accuracy': 0.8892044257554284, 'f1_macro': 0.8774034592742064, 'f1_micro': 0.9204721477509681, 'f1_weighted': 0.9216415484947679, 'f1_binary': 0.8047393538242124, 'pr_auc': 0.874211707524289, 'precision_macro': 0.8669578814145751, 'precision_micro': 0.9204721477509681, 'precision_weighted': 0.9234592926998999, 'precision_binary': 0.7741504256666432, 'recall_macro': 0.8892044257554284, 'recall_micro': 0.9204721477509681, 'recall_weighted': 0.9204721477509681, 'recall_binary': 0.8378450409289929, 'roc_auc': 0.9637072179032886}
Validation statistic: Loss: 0.3984, dev_score: {'accuracy': 0.8544502617801047, 'balanced_accuracy': 0.7919577799223231, 'f1_macro': 0.7970138892074603, 'f1_micro': 0.8544502617801047, 'f1_weighted': 0.8531500289364327, 'f1_binary': 0.6890380313199105, 'pr_auc': 0.7657185593066659, 'precision_macro': 0.8025822838230788, 'precision_micro': 0.8544502617801047, 'precision_weighted': 0.8521538931698802, 'precision_binary': 0.7072330654420207, 'recall_macro': 0.7919577799223231, 'recall_micro': 0.8544502617801047, 'recall_weighted': 0.8544502617801047, 'recall_binary': 0.6717557251908397, 'roc_auc': 0.9132820896369002}
-----------------------
Epoch 31/100
Training statistic: Loss: 0.1951, train_score: {'accuracy': 0.919854036341972, 'balanced_accuracy': 0.8909813829873714, 'f1_macro': 0.8770896939879904, 'f1_micro': 0.919854036341972, 'f1_weighted': 0.9212275747980047, 'f1_binary': 0.8045901877473944, 'pr_auc': 0.8748097816131851, 'precision_macro': 0.8650533231911784, 'precision_micro': 0.919854036341972, 'precision_weighted': 0.9234911189710612, 'precision_binary': 0.7690652226734701, 'recall_macro': 0.8909813829873714, 'recall_micro': 0.919854036341972, 'recall_weighted': 0.919854036341972, 'recall_binary': 0.8435560632019798, 'roc_auc': 0.9641374073597929}
Validation statistic: Loss: 0.3744, dev_score: {'accuracy': 0.8573298429319371, 'balanced_accuracy': 0.7987016402014837, 'f1_macro': 0.8021780652066479, 'f1_micro': 0.8573298429319371, 'f1_weighted': 0.856482195381375, 'f1_binary': 0.6977260122018858, 'pr_auc': 0.7656607323605961, 'precision_macro': 0.8058863853536262, 'precision_micro': 0.8573298429319371, 'precision_weighted': 0.8557724726341562, 'precision_binary': 0.7099322799097065, 'recall_macro': 0.7987016402014837, 'recall_micro': 0.8573298429319371, 'recall_weighted': 0.8573298429319371, 'recall_binary': 0.6859323882224646, 'roc_auc': 0.9134740468909123}
-----------------------
Epoch 32/100
Training statistic: Loss: 0.1976, train_score: {'accuracy': 0.9180965147453083, 'balanced_accuracy': 0.8952342189290766, 'f1_macro': 0.8760179963575122, 'f1_micro': 0.9180965147453083, 'f1_weighted': 0.919990984011579, 'f1_binary': 0.8037893384714194, 'pr_auc': 0.8758877031173568, 'precision_macro': 0.8602483911792214, 'precision_micro': 0.9180965147453083, 'precision_weighted': 0.9235509920617155, 'precision_binary': 0.7562695135461779, 'recall_macro': 0.8952342189290766, 'recall_micro': 0.9180965147453083, 'recall_weighted': 0.9180965147453083, 'recall_binary': 0.8576813249571673, 'roc_auc': 0.9641519383068955}
Validation statistic: Loss: 0.3750, dev_score: {'accuracy': 0.8549738219895288, 'balanced_accuracy': 0.8008817261577633, 'f1_macro': 0.8011062891719898, 'f1_micro': 0.8549738219895288, 'f1_weighted': 0.8549196293005775, 'f1_binary': 0.6975982532751092, 'pr_auc': 0.7670647133224134, 'precision_macro': 0.801331790863689, 'precision_micro': 0.8549738219895288, 'precision_weighted': 0.8548659988113865, 'precision_binary': 0.6983606557377049, 'recall_macro': 0.8008817261577633, 'recall_micro': 0.8549738219895288, 'recall_weighted': 0.8549738219895288, 'recall_binary': 0.6968375136314068, 'roc_auc': 0.913845940592423}
-----------------------
Epoch 33/100
Training statistic: Loss: 0.1954, train_score: {'accuracy': 0.9227807566279416, 'balanced_accuracy': 0.8794301788731935, 'f1_macro': 0.8778233839343682, 'f1_micro': 0.9227807566279416, 'f1_weighted': 0.92294357566845, 'f1_binary': 0.8037103644107904, 'pr_auc': 0.8750214523350274, 'precision_macro': 0.8762434345626099, 'precision_micro': 0.9227807566279416, 'precision_weighted': 0.9231190639224037, 'precision_binary': 0.7992469879518073, 'recall_macro': 0.8794301788731935, 'recall_micro': 0.9227807566279416, 'recall_weighted': 0.9227807566279416, 'recall_binary': 0.8082238720731011, 'roc_auc': 0.9640394037889786}
Validation statistic: Loss: 0.3821, dev_score: {'accuracy': 0.8581151832460733, 'balanced_accuracy': 0.7835514796673693, 'f1_macro': 0.7963284745864084, 'f1_micro': 0.8581151832460733, 'f1_weighted': 0.8546499590912061, 'f1_binary': 0.6841491841491841, 'pr_auc': 0.7676113411859623, 'precision_macro': 0.8127164914435, 'precision_micro': 0.8581151832460733, 'precision_weighted': 0.8532933599943148, 'precision_binary': 0.7346683354192741, 'recall_macro': 0.7835514796673693, 'recall_micro': 0.8581151832460733, 'recall_weighted': 0.8581151832460733, 'recall_binary': 0.6401308615049073, 'roc_auc': 0.9136701362971633}
-----------------------
Epoch 34/100
Training statistic: Loss: 0.1963, train_score: {'accuracy': 0.9212540959189752, 'balanced_accuracy': 0.8887827808461888, 'f1_macro': 0.8782255058068321, 'f1_micro': 0.9212540959189752, 'f1_weighted': 0.9222945015681414, 'f1_binary': 0.8058391479985311, 'pr_auc': 0.8760504019479319, 'precision_macro': 0.8687588205889398, 'precision_micro': 0.9212540959189752, 'precision_weighted': 0.9238556078303108, 'precision_binary': 0.7782585564816457, 'recall_macro': 0.8887827808461888, 'recall_micro': 0.9212540959189752, 'recall_weighted': 0.9212540959189752, 'recall_binary': 0.8354464115743385, 'roc_auc': 0.9643719705328557}
Validation statistic: Loss: 0.3828, dev_score: {'accuracy': 0.8570680628272251, 'balanced_accuracy': 0.7940531567577029, 'f1_macro': 0.8000421827664226, 'f1_micro': 0.8570680628272251, 'f1_weighted': 0.8555585542373804, 'f1_binary': 0.6932584269662921, 'pr_auc': 0.767710650454497, 'precision_macro': 0.8067468398924562, 'precision_micro': 0.8570680628272251, 'precision_weighted': 0.8544726988936268, 'precision_binary': 0.7149478563151797, 'recall_macro': 0.7940531567577029, 'recall_micro': 0.8570680628272251, 'recall_weighted': 0.8570680628272251, 'recall_binary': 0.6728462377317339, 'roc_auc': 0.9137227273256597}
-----------------------
Epoch 35/100
Training statistic: Loss: 0.2013, train_score: {'accuracy': 0.9220956210902591, 'balanced_accuracy': 0.885012345594808, 'f1_macro': 0.8783406440810715, 'f1_micro': 0.9220956210902591, 'f1_weighted': 0.9227590445393051, 'f1_binary': 0.8053803650164648, 'pr_auc': 0.8742492505488876, 'precision_macro': 0.8721154783314353, 'precision_micro': 0.9220956210902591, 'precision_weighted': 0.9236345769158638, 'precision_binary': 0.7874918140144074, 'recall_macro': 0.885012345594808, 'recall_micro': 0.9220956210902591, 'recall_weighted': 0.9220956210902591, 'recall_binary': 0.8241005139920046, 'roc_auc': 0.9640330324773956}
Validation statistic: Loss: 0.4128, dev_score: {'accuracy': 0.8568062827225131, 'balanced_accuracy': 0.7879125907054373, 'f1_macro': 0.797198175857019, 'f1_micro': 0.8568062827225131, 'f1_weighted': 0.8543597887178936, 'f1_binary': 0.6872498570611778, 'pr_auc': 0.7645459436349905, 'precision_macro': 0.8082997052311811, 'precision_micro': 0.8568062827225131, 'precision_weighted': 0.8529815525863691, 'precision_binary': 0.7223557692307693, 'recall_macro': 0.7879125907054373, 'recall_micro': 0.8568062827225131, 'recall_weighted': 0.8568062827225131, 'recall_binary': 0.6553980370774264, 'roc_auc': 0.9126663989532883}
-----------------------
Epoch 36/100
Training statistic: Loss: 0.1965, train_score: {'accuracy': 0.9206955615132559, 'balanced_accuracy': 0.890265391625362, 'f1_macro': 0.8779105894535755, 'f1_micro': 0.9206955615132559, 'f1_weighted': 0.9219114381770646, 'f1_binary': 0.8056361678439102, 'pr_auc': 0.875514019751997, 'precision_macro': 0.8670338094835521, 'precision_micro': 0.9206955615132559, 'precision_weighted': 0.9238347239805, 'precision_binary': 0.7737343991025102, 'recall_macro': 0.890265391625362, 'recall_micro': 0.9206955615132559, 'recall_weighted': 0.9206955615132559, 'recall_binary': 0.8402817437654674, 'roc_auc': 0.9642677087975924}
Validation statistic: Loss: 0.3861, dev_score: {'accuracy': 0.8573298429319371, 'balanced_accuracy': 0.79459841302815, 'f1_macro': 0.80048642633997, 'f1_micro': 0.8573298429319371, 'f1_weighted': 0.8558523043937447, 'f1_binary': 0.6939921392476137, 'pr_auc': 0.7638998965349771, 'precision_macro': 0.807063787400391, 'precision_micro': 0.8573298429319371, 'precision_weighted': 0.8547829013036657, 'precision_binary': 0.7152777777777778, 'recall_macro': 0.79459841302815, 'recall_micro': 0.8573298429319371, 'recall_weighted': 0.8573298429319371, 'recall_binary': 0.6739367502726281, 'roc_auc': 0.9122948809019813}
-----------------------
Epoch 37/100
Training statistic: Loss: 0.1954, train_score: {'accuracy': 0.9214328269288055, 'balanced_accuracy': 0.8899600503377851, 'f1_macro': 0.8787076615084133, 'f1_micro': 0.9214328269288055, 'f1_weighted': 0.9225339799323877, 'f1_binary': 0.8067199179246666, 'pr_auc': 0.8766823845829984, 'precision_macro': 0.8686868358124893, 'precision_micro': 0.9214328269288055, 'precision_weighted': 0.9242235913540627, 'precision_binary': 0.7774638934990642, 'recall_macro': 0.8899600503377851, 'recall_micro': 0.9214328269288055, 'recall_weighted': 0.9214328269288055, 'recall_binary': 0.838263849229012, 'roc_auc': 0.9644267399141028}
Validation statistic: Loss: 0.3757, dev_score: {'accuracy': 0.8568062827225131, 'balanced_accuracy': 0.7931348798351346, 'f1_macro': 0.7994404404220894, 'f1_micro': 0.8568062827225131, 'f1_weighted': 0.8552057672985659, 'f1_binary': 0.6921778277996623, 'pr_auc': 0.7643056930347334, 'precision_macro': 0.8065446260213702, 'precision_micro': 0.8568062827225131, 'precision_weighted': 0.8540777927873081, 'precision_binary': 0.7151162790697675, 'recall_macro': 0.7931348798351346, 'recall_micro': 0.8568062827225131, 'recall_weighted': 0.8568062827225131, 'recall_binary': 0.6706652126499455, 'roc_auc': 0.9125841315587118}
-----------------------
Epoch 38/100
Training statistic: Loss: 0.2023, train_score: {'accuracy': 0.9234882335418528, 'balanced_accuracy': 0.878846982063245, 'f1_macro': 0.8785306270337343, 'f1_micro': 0.9234882335418528, 'f1_weighted': 0.9235201527160373, 'f1_binary': 0.8046322354909865, 'pr_auc': 0.8769974191463807, 'precision_macro': 0.8782153194642247, 'precision_micro': 0.9234882335418528, 'precision_weighted': 0.9235525652912833, 'precision_binary': 0.8037457736580177, 'recall_macro': 0.878846982063245, 'recall_micro': 0.9234882335418528, 'recall_weighted': 0.9234882335418528, 'recall_binary': 0.8055206548638874, 'roc_auc': 0.9645467086569429}
Validation statistic: Loss: 0.4181, dev_score: {'accuracy': 0.8581151832460733, 'balanced_accuracy': 0.7828054383631268, 'f1_macro': 0.7959903578140175, 'f1_micro': 0.8581151832460733, 'f1_weighted': 0.854519723709683, 'f1_binary': 0.6834112149532711, 'pr_auc': 0.765397537385677, 'precision_macro': 0.8130484952440356, 'precision_micro': 0.8581151832460733, 'precision_weighted': 0.8531841196261194, 'precision_binary': 0.7358490566037735, 'recall_macro': 0.7828054383631268, 'recall_micro': 0.8581151832460733, 'recall_weighted': 0.8581151832460733, 'recall_binary': 0.6379498364231189, 'roc_auc': 0.912803135627379}
-----------------------
Epoch 39/100
Training statistic: Loss: 0.1969, train_score: {'accuracy': 0.9227956508787608, 'balanced_accuracy': 0.8838049863677531, 'f1_macro': 0.8788887771121706, 'f1_micro': 0.9227956508787608, 'f1_weighted': 0.923283861037153, 'f1_binary': 0.8059667970577776, 'pr_auc': 0.876501188784309, 'precision_macro': 0.8742174365866646, 'precision_micro': 0.9227956508787608, 'precision_weighted': 0.9238881017154776, 'precision_binary': 0.792629951406273, 'recall_macro': 0.8838049863677531, 'recall_micro': 0.9227956508787608, 'recall_weighted': 0.9227956508787608, 'recall_binary': 0.8197601370645345, 'roc_auc': 0.9644997266888684}
Validation statistic: Loss: 0.3933, dev_score: {'accuracy': 0.8589005235602094, 'balanced_accuracy': 0.7881714136956806, 'f1_macro': 0.7990292991578962, 'f1_micro': 0.8589005235602094, 'f1_weighted': 0.8560577172216824, 'f1_binary': 0.6893371757925072, 'pr_auc': 0.7641797686823293, 'precision_macro': 0.8123944265355288, 'precision_micro': 0.8589005235602094, 'precision_weighted': 0.8546843114673125, 'precision_binary': 0.7310513447432763, 'recall_macro': 0.7881714136956806, 'recall_micro': 0.8589005235602094, 'recall_weighted': 0.8589005235602094, 'recall_binary': 0.6521264994547438, 'roc_auc': 0.9129143280876286}
-----------------------
Epoch 40/100
Training statistic: Loss: 0.2006, train_score: {'accuracy': 0.9238903783139708, 'balanced_accuracy': 0.8720659632986123, 'f1_macro': 0.8773401498873985, 'f1_micro': 0.9238903783139708, 'f1_weighted': 0.9233434038448981, 'f1_binary': 0.8017766399006944, 'pr_auc': 0.8764859929712532, 'precision_macro': 0.8829185231859452, 'precision_micro': 0.9238903783139708, 'precision_weighted': 0.9229387057165458, 'precision_binary': 0.8171826196971494, 'recall_macro': 0.8720659632986123, 'recall_micro': 0.9238903783139708, 'recall_weighted': 0.9238903783139708, 'recall_binary': 0.78694079573577, 'roc_auc': 0.9644392134162822}
Validation statistic: Loss: 0.4117, dev_score: {'accuracy': 0.8573298429319371, 'balanced_accuracy': 0.7737092565093606, 'f1_macro': 0.7910913332956704, 'f1_micro': 0.8573298429319371, 'f1_weighted': 0.8522487857073978, 'f1_binary': 0.6734571599760335, 'pr_auc': 0.7638116987345767, 'precision_macro': 0.81581493245305, 'precision_micro': 0.8573298429319371, 'precision_weighted': 0.8514145059466036, 'precision_binary': 0.7473404255319149, 'recall_macro': 0.7737092565093606, 'recall_micro': 0.8573298429319371, 'recall_weighted': 0.8573298429319371, 'recall_binary': 0.6128680479825518, 'roc_auc': 0.912109685351633}
-----------------------
Epoch 41/100
Training statistic: Loss: 0.1938, train_score: {'accuracy': 0.9217158176943699, 'balanced_accuracy': 0.8887239919218234, 'f1_macro': 0.8787567986380027, 'f1_micro': 0.9217158176943699, 'f1_weighted': 0.9226939912797896, 'f1_binary': 0.8065869365225391, 'pr_auc': 0.876789250453349, 'precision_macro': 0.8697637423564932, 'precision_micro': 0.9217158176943699, 'precision_weighted': 0.9241368336235707, 'precision_binary': 0.7804521986825708, 'recall_macro': 0.8887239919218234, 'recall_micro': 0.9217158176943699, 'recall_weighted': 0.9217158176943699, 'recall_binary': 0.8345326480106606, 'roc_auc': 0.964691539984395}
Validation statistic: Loss: 0.3785, dev_score: {'accuracy': 0.8573298429319371, 'balanced_accuracy': 0.7934793510717864, 'f1_macro': 0.8000168101533326, 'f1_micro': 0.8573298429319371, 'f1_weighted': 0.8556763128908919, 'f1_binary': 0.6929577464788732, 'pr_auc': 0.766586625097189, 'precision_macro': 0.8074125401944443, 'precision_micro': 0.8573298429319371, 'precision_weighted': 0.8545302983867735, 'precision_binary': 0.7167832167832168, 'recall_macro': 0.7934793510717864, 'recall_micro': 0.8573298429319371, 'recall_weighted': 0.8573298429319371, 'recall_binary': 0.6706652126499455, 'roc_auc': 0.9134646556358237}
-----------------------
Epoch 42/100
Training statistic: Loss: 0.1983, train_score: {'accuracy': 0.9227882037533512, 'balanced_accuracy': 0.888454061986071, 'f1_macro': 0.8799652861909326, 'f1_micro': 0.9227882037533512, 'f1_weighted': 0.9236136517428717, 'f1_binary': 0.8082698424439677, 'pr_auc': 0.8784152274466944, 'precision_macro': 0.872187139209917, 'precision_micro': 0.9227882037533512, 'precision_weighted': 0.9247773020214014, 'precision_binary': 0.7858041782028694, 'recall_macro': 0.888454061986071, 'recall_micro': 0.9227882037533512, 'recall_weighted': 0.9227882037533512, 'recall_binary': 0.8320578716923662, 'roc_auc': 0.9648625854936086}
Validation statistic: Loss: 0.4042, dev_score: {'accuracy': 0.8570680628272251, 'balanced_accuracy': 0.7910689915407331, 'f1_macro': 0.7987779182469448, 'f1_micro': 0.8570680628272251, 'f1_weighted': 0.8550834761926824, 'f1_binary': 0.6904761904761905, 'pr_auc': 0.7660782487240665, 'precision_macro': 0.807704603136215, 'precision_micro': 0.8570680628272251, 'precision_weighted': 0.8538174116716553, 'precision_binary': 0.71900826446281, 'recall_macro': 0.7910689915407331, 'recall_micro': 0.8570680628272251, 'recall_weighted': 0.8570680628272251, 'recall_binary': 0.6641221374045801, 'roc_auc': 0.9130773602759676}
-----------------------
Epoch 43/100
Training statistic: Loss: 0.1997, train_score: {'accuracy': 0.9228179922549896, 'balanced_accuracy': 0.8885878399664915, 'f1_macro': 0.8800315045629281, 'f1_micro': 0.9228179922549896, 'f1_weighted': 0.9236492640504833, 'f1_binary': 0.8083863333826357, 'pr_auc': 0.8785081618221684, 'precision_macro': 0.8721966861682706, 'precision_micro': 0.9228179922549896, 'precision_weighted': 0.9248239437488245, 'precision_binary': 0.7857527944506344, 'recall_macro': 0.8885878399664915, 'recall_micro': 0.9228179922549896, 'recall_weighted': 0.9228179922549896, 'recall_binary': 0.8323624595469256, 'roc_auc': 0.9649746178990889}
Validation statistic: Loss: 0.4122, dev_score: {'accuracy': 0.8573298429319371, 'balanced_accuracy': 0.7934793510717864, 'f1_macro': 0.8000168101533326, 'f1_micro': 0.8573298429319371, 'f1_weighted': 0.8556763128908919, 'f1_binary': 0.6929577464788732, 'pr_auc': 0.766398817040225, 'precision_macro': 0.8074125401944443, 'precision_micro': 0.8573298429319371, 'precision_weighted': 0.8545302983867735, 'precision_binary': 0.7167832167832168, 'recall_macro': 0.7934793510717864, 'recall_micro': 0.8573298429319371, 'recall_weighted': 0.8573298429319371, 'recall_binary': 0.6706652126499455, 'roc_auc': 0.9132572967234663}
-----------------------
Epoch 44/100
Training statistic: Loss: 0.1955, train_score: {'accuracy': 0.9218126303246946, 'balanced_accuracy': 0.8907724388280464, 'f1_macro': 0.8793417468824899, 'f1_micro': 0.9218126303246946, 'f1_weighted': 0.9229230882333659, 'f1_binary': 0.807756394997528, 'pr_auc': 0.8795202980723023, 'precision_macro': 0.8691779930322729, 'precision_micro': 0.9218126303246946, 'precision_weighted': 0.9246389334150255, 'precision_binary': 0.7780795823338507, 'recall_macro': 0.8907724388280464, 'recall_micro': 0.9218126303246946, 'recall_weighted': 0.9218126303246946, 'recall_binary': 0.8397867885018085, 'roc_auc': 0.9650502594017006}
Validation statistic: Loss: 0.3924, dev_score: {'accuracy': 0.856282722513089, 'balanced_accuracy': 0.7942824912069679, 'f1_macro': 0.7994915726284456, 'f1_micro': 0.856282722513089, 'f1_weighted': 0.8549697938143295, 'f1_binary': 0.6927811975377728, 'pr_auc': 0.7669315122871441, 'precision_macro': 0.8052386518605105, 'precision_micro': 0.856282722513089, 'precision_weighted': 0.8539759231662898, 'precision_binary': 0.7114942528735633, 'recall_macro': 0.7942824912069679, 'recall_micro': 0.856282722513089, 'recall_weighted': 0.856282722513089, 'recall_binary': 0.6750272628135223, 'roc_auc': 0.9135191249153377}
-----------------------
Epoch 45/100
Training statistic: Loss: 0.1994, train_score: {'accuracy': 0.9163389931486446, 'balanced_accuracy': 0.9007405294857598, 'f1_macro': 0.8752315519753768, 'f1_micro': 0.9163389931486446, 'f1_weighted': 0.91883180777374, 'f1_binary': 0.8036151318089644, 'pr_auc': 0.8780884806092533, 'precision_macro': 0.8555869471452329, 'precision_micro': 0.9163389931486446, 'precision_weighted': 0.9241828389821836, 'precision_binary': 0.7429134749022269, 'recall_macro': 0.9007405294857598, 'recall_micro': 0.9163389931486446, 'recall_weighted': 0.9163389931486446, 'recall_binary': 0.8751189796306872, 'roc_auc': 0.9649508097682177}
Validation statistic: Loss: 0.3803, dev_score: {'accuracy': 0.85, 'balanced_accuracy': 0.802458517887148, 'f1_macro': 0.7976491222134183, 'f1_micro': 0.85, 'f1_weighted': 0.8511585629155034, 'f1_binary': 0.6947256259989345, 'pr_auc': 0.7665785407342465, 'precision_macro': 0.793254662004662, 'precision_micro': 0.85, 'precision_weighted': 0.8525684731934732, 'precision_binary': 0.6791666666666667, 'recall_macro': 0.802458517887148, 'recall_micro': 0.85, 'recall_weighted': 0.85, 'recall_binary': 0.7110141766630316, 'roc_auc': 0.9132238638553506}
-----------------------
Epoch 46/100
Training statistic: Loss: 0.1945, train_score: {'accuracy': 0.9191391123026512, 'balanced_accuracy': 0.8975247610473966, 'f1_macro': 0.877737476020227, 'f1_micro': 0.9191391123026512, 'f1_weighted': 0.9210518318698325, 'f1_binary': 0.8065906661916638, 'pr_auc': 0.880140519285129, 'precision_macro': 0.8615733796554654, 'precision_micro': 0.9191391123026512, 'precision_weighted': 0.9247157202419062, 'precision_binary': 0.757857740585774, 'recall_macro': 0.8975247610473966, 'recall_micro': 0.9191391123026512, 'recall_weighted': 0.9191391123026512, 'recall_binary': 0.8620217018846373, 'roc_auc': 0.9652440910165061}
Validation statistic: Loss: 0.3671, dev_score: {'accuracy': 0.856020942408377, 'balanced_accuracy': 0.8034357718916729, 'f1_macro': 0.8029833995931762, 'f1_micro': 0.856020942408377, 'f1_weighted': 0.856127980839891, 'f1_binary': 0.7007616974972797, 'pr_auc': 0.7665485246838915, 'precision_macro': 0.8025347764907513, 'precision_micro': 0.856020942408377, 'precision_weighted': 0.8562372666385797, 'precision_binary': 0.6992399565689468, 'recall_macro': 0.8034357718916729, 'recall_micro': 0.856020942408377, 'recall_weighted': 0.856020942408377, 'recall_binary': 0.7022900763358778, 'roc_auc': 0.9133778804388044}
Saving model...
Model saved!
-------------------------------------------
-----------------------
Epoch 47/100
Training statistic: Loss: 0.1970, train_score: {'accuracy': 0.9223339291033661, 'balanced_accuracy': 0.8917592245910597, 'f1_macro': 0.8801821528764109, 'f1_micro': 0.9223339291033661, 'f1_weighted': 0.9234479913666311, 'f1_binary': 0.8091150361489887, 'pr_auc': 0.8798139886017148, 'precision_macro': 0.8699000607954287, 'precision_micro': 0.9223339291033661, 'precision_weighted': 0.9251808027889016, 'precision_binary': 0.7790976383503702, 'recall_macro': 0.8917592245910597, 'recall_micro': 0.9223339291033661, 'recall_weighted': 0.9223339291033661, 'recall_binary': 0.8415381686655244, 'roc_auc': 0.9653205700193986}
Validation statistic: Loss: 0.4004, dev_score: {'accuracy': 0.8578534031413613, 'balanced_accuracy': 0.7975540288296505, 'f1_macro': 0.8021437338123258, 'f1_micro': 0.8578534031413613, 'f1_weighted': 0.8567265672052535, 'f1_binary': 0.6971556051310652, 'pr_auc': 0.7663341849481583, 'precision_macro': 0.8071427685130037, 'precision_micro': 0.8578534031413613, 'precision_weighted': 0.8558426332963297, 'precision_binary': 0.7134703196347032, 'recall_macro': 0.7975540288296505, 'recall_micro': 0.8578534031413613, 'recall_weighted': 0.8578534031413613, 'recall_binary': 0.6815703380588877, 'roc_auc': 0.9126517485953499}
-----------------------
Epoch 48/100
Training statistic: Loss: 0.1968, train_score: {'accuracy': 0.9214700625558534, 'balanced_accuracy': 0.8944784145802455, 'f1_macro': 0.8797767842224047, 'f1_micro': 0.9214700625558534, 'f1_weighted': 0.9228793994424995, 'f1_binary': 0.8089777729471225, 'pr_auc': 0.8789994767824314, 'precision_macro': 0.8671255814611526, 'precision_micro': 0.9214700625558534, 'precision_weighted': 0.9252725545187385, 'precision_binary': 0.7716151772755546, 'recall_macro': 0.8944784145802455, 'recall_micro': 0.9214700625558534, 'recall_weighted': 0.9214700625558534, 'recall_binary': 0.8501427755568247, 'roc_auc': 0.965080418576366}
Validation statistic: Loss: 0.3867, dev_score: {'accuracy': 0.8531413612565445, 'balanced_accuracy': 0.7944537876997848, 'f1_macro': 0.7969917354714271, 'f1_micro': 0.8531413612565445, 'f1_weighted': 0.8524985332858837, 'f1_binary': 0.6902263942573164, 'pr_auc': 0.7663446702154456, 'precision_macro': 0.7996551017568325, 'precision_micro': 0.8531413612565445, 'precision_weighted': 0.8519305502639329, 'precision_binary': 0.6991051454138703, 'recall_macro': 0.7944537876997848, 'recall_micro': 0.8531413612565445, 'recall_weighted': 0.8531413612565445, 'recall_binary': 0.6815703380588877, 'roc_auc': 0.9129915242044574}
-----------------------
Epoch 49/100
Training statistic: Loss: 0.1935, train_score: {'accuracy': 0.9210530235329163, 'balanced_accuracy': 0.8947810937378269, 'f1_macro': 0.8793552280900722, 'f1_micro': 0.9210530235329163, 'f1_weighted': 0.9225356845897302, 'f1_binary': 0.8084283571570559, 'pr_auc': 0.8788785293602263, 'precision_macro': 0.8661796003175009, 'precision_micro': 0.9210530235329163, 'precision_weighted': 0.9250991961441822, 'precision_binary': 0.7694001100715465, 'recall_macro': 0.8947810937378269, 'recall_micro': 0.9210530235329163, 'recall_weighted': 0.9210530235329163, 'recall_binary': 0.8516276413478012, 'roc_auc': 0.9651683120454139}
Validation statistic: Loss: 0.3759, dev_score: {'accuracy': 0.8557591623036649, 'balanced_accuracy': 0.7969221851872861, 'f1_macro': 0.8001533396473188, 'f1_micro': 0.8557591623036649, 'f1_weighted': 0.8549588799924819, 'f1_binary': 0.6947368421052632, 'pr_auc': 0.7646059618356265, 'precision_macro': 0.8035862431326278, 'precision_micro': 0.8557591623036649, 'precision_weighted': 0.8542787174348194, 'precision_binary': 0.706081081081081, 'recall_macro': 0.7969221851872861, 'recall_micro': 0.8557591623036649, 'recall_weighted': 0.8557591623036649, 'recall_binary': 0.6837513631406761, 'roc_auc': 0.9124973563616925}
-----------------------
Epoch 50/100
Training statistic: Loss: 0.1957, train_score: {'accuracy': 0.9232126899016979, 'balanced_accuracy': 0.8894527096927678, 'f1_macro': 0.8806994258915692, 'f1_micro': 0.9232126899016979, 'f1_weighted': 0.9240564953763186, 'f1_binary': 0.809482455978271, 'pr_auc': 0.878957336258487, 'precision_macro': 0.8726986959124368, 'precision_micro': 0.9232126899016979, 'precision_weighted': 0.9252585040865293, 'precision_binary': 0.7863655944859276, 'recall_macro': 0.8894527096927678, 'recall_micro': 0.9232126899016979, 'recall_weighted': 0.9232126899016979, 'recall_binary': 0.8339996192651818, 'roc_auc': 0.965162760786189}
Validation statistic: Loss: 0.3900, dev_score: {'accuracy': 0.8547120418848168, 'balanced_accuracy': 0.787653767715194, 'f1_macro': 0.7953798762318974, 'f1_micro': 0.8547120418848168, 'f1_weighted': 0.8526641158948522, 'f1_binary': 0.685195689166194, 'pr_auc': 0.765752765648774, 'precision_macro': 0.8043512649423451, 'precision_micro': 0.8547120418848168, 'precision_weighted': 0.8513515013181668, 'precision_binary': 0.7139479905437353, 'recall_macro': 0.787653767715194, 'recall_micro': 0.8547120418848168, 'recall_weighted': 0.8547120418848168, 'recall_binary': 0.658669574700109, 'roc_auc': 0.9129304810463811}
-----------------------
Epoch 51/100
Training statistic: Loss: 0.1989, train_score: {'accuracy': 0.9216338993148645, 'balanced_accuracy': 0.8936581560194817, 'f1_macro': 0.879785239719169, 'f1_micro': 0.9216338993148645, 'f1_weighted': 0.9229665784288023, 'f1_binary': 0.8088569196955661, 'pr_auc': 0.8804885962446052, 'precision_macro': 0.8677474828954865, 'precision_micro': 0.9216338993148645, 'precision_weighted': 0.9251788364400754, 'precision_binary': 0.773412532999861, 'recall_macro': 0.8936581560194817, 'recall_micro': 0.9216338993148645, 'recall_weighted': 0.9216338993148645, 'recall_binary': 0.8477060727203503, 'roc_auc': 0.965458471525506}
Validation statistic: Loss: 0.4052, dev_score: {'accuracy': 0.8549738219895288, 'balanced_accuracy': 0.7967784989844297, 'f1_macro': 0.7994484614728543, 'f1_micro': 0.8549738219895288, 'f1_weighted': 0.8543108326102252, 'f1_binary': 0.6939226519337016, 'pr_auc': 0.7648685362055101, 'precision_macro': 0.802255786665524, 'precision_micro': 0.8549738219895288, 'precision_weighted': 0.8537297385600537, 'precision_binary': 0.7032474804031354, 'recall_macro': 0.7967784989844297, 'recall_micro': 0.8549738219895288, 'recall_weighted': 0.8549738219895288, 'recall_binary': 0.6848418756815703, 'roc_auc': 0.9123929256051068}
-----------------------
Epoch 52/100
Training statistic: Loss: 0.1922, train_score: {'accuracy': 0.9244935954721477, 'balanced_accuracy': 0.8858257148698043, 'f1_macro': 0.8813954255240942, 'f1_micro': 0.9244935954721477, 'f1_weighted': 0.9249222078238456, 'f1_binary': 0.8098996906346677, 'pr_auc': 0.8804922787647622, 'precision_macro': 0.8771630098629142, 'precision_micro': 0.9244935954721477, 'precision_weighted': 0.9254444594954927, 'precision_binary': 0.79785740672331, 'recall_macro': 0.8858257148698043, 'recall_micro': 0.9244935954721477, 'recall_weighted': 0.9244935954721477, 'recall_binary': 0.8223110603464687, 'roc_auc': 0.9654676093021362}
Validation statistic: Loss: 0.3923, dev_score: {'accuracy': 0.856544502617801, 'balanced_accuracy': 0.785502231174384, 'f1_macro': 0.7959225851937612, 'f1_micro': 0.856544502617801, 'f1_weighted': 0.853749255704877, 'f1_binary': 0.6846950517836594, 'pr_auc': 0.7643186016642616, 'precision_macro': 0.8086784104648769, 'precision_micro': 0.856544502617801, 'precision_weighted': 0.8523249022076259, 'precision_binary': 0.7247259439707674, 'recall_macro': 0.785502231174384, 'recall_micro': 0.856544502617801, 'recall_weighted': 0.856544502617801, 'recall_binary': 0.648854961832061, 'roc_auc': 0.9120578456235436}
-----------------------
Epoch 53/100
Training statistic: Loss: 0.1955, train_score: {'accuracy': 0.9245829609770628, 'balanced_accuracy': 0.8849879819502828, 'f1_macro': 0.8813079544357271, 'f1_micro': 0.9245829609770628, 'f1_weighted': 0.9249400234130979, 'f1_binary': 0.8096392789338146, 'pr_auc': 0.8790944820906881, 'precision_macro': 0.8777651806970153, 'precision_micro': 0.9245829609770628, 'precision_weighted': 0.9253619764227016, 'precision_binary': 0.7995841687086953, 'recall_macro': 0.8849879819502828, 'recall_micro': 0.9245829609770628, 'recall_weighted': 0.9245829609770628, 'recall_binary': 0.8199505044736342, 'roc_auc': 0.9652959284418047}
Validation statistic: Loss: 0.4033, dev_score: {'accuracy': 0.856020942408377, 'balanced_accuracy': 0.7832926566771261, 'f1_macro': 0.7945091595512651, 'f1_micro': 0.856020942408377, 'f1_weighted': 0.8529600690030469, 'f1_binary': 0.6820809248554913, 'pr_auc': 0.763801874360623, 'precision_macro': 0.80848049917147, 'precision_micro': 0.856020942408377, 'precision_weighted': 0.851513917707704, 'precision_binary': 0.7257072570725708, 'recall_macro': 0.7832926566771261, 'recall_micro': 0.856020942408377, 'recall_weighted': 0.856020942408377, 'recall_binary': 0.64340239912759, 'roc_auc': 0.9121341026148634}
-----------------------
Epoch 54/100
Training statistic: Loss: 0.1970, train_score: {'accuracy': 0.9251117068811439, 'balanced_accuracy': 0.8789484126527787, 'f1_macro': 0.8805155103639217, 'f1_micro': 0.9251117068811439, 'f1_weighted': 0.924956232306519, 'f1_binary': 0.8075185667253656, 'pr_auc': 0.8811281187788944, 'precision_macro': 0.8821084753922517, 'precision_micro': 0.9251117068811439, 'precision_weighted': 0.9248129064582722, 'precision_binary': 0.8119635089880288, 'recall_macro': 0.8789484126527787, 'recall_micro': 0.9251117068811439, 'recall_weighted': 0.9251117068811439, 'recall_binary': 0.8031220255092328, 'roc_auc': 0.9655908052056741}
Validation statistic: Loss: 0.4105, dev_score: {'accuracy': 0.8573298429319371, 'balanced_accuracy': 0.7796775869433005, 'f1_macro': 0.793916972267237, 'f1_micro': 0.8573298429319371, 'f1_weighted': 0.8533497052262246, 'f1_binary': 0.6796002351557907, 'pr_auc': 0.7671256990976326, 'precision_macro': 0.8127924094539001, 'precision_micro': 0.8573298429319371, 'precision_weighted': 0.8520692046969648, 'precision_binary': 0.7372448979591837, 'recall_macro': 0.7796775869433005, 'recall_micro': 0.8573298429319371, 'recall_weighted': 0.8573298429319371, 'recall_binary': 0.6303162486368593, 'roc_auc': 0.912671658056138}
-----------------------
Epoch 55/100
Training statistic: Loss: 0.1940, train_score: {'accuracy': 0.92098599940423, 'balanced_accuracy': 0.8953445585335899, 'f1_macro': 0.8794027921203549, 'f1_micro': 0.92098599940423, 'f1_weighted': 0.9225153754489128, 'f1_binary': 0.8085874075410427, 'pr_auc': 0.880816455206879, 'precision_macro': 0.8658563230678777, 'precision_micro': 0.92098599940423, 'precision_weighted': 0.9251960339368284, 'precision_binary': 0.7683867649579976, 'recall_macro': 0.8953445585335899, 'recall_micro': 0.92098599940423, 'recall_weighted': 0.92098599940423, 'recall_binary': 0.8532267275842376, 'roc_auc': 0.9655634674834479}
Validation statistic: Loss: 0.3863, dev_score: {'accuracy': 0.8547120418848168, 'balanced_accuracy': 0.7973523046703463, 'f1_macro': 0.7994679530379882, 'f1_micro': 0.8547120418848168, 'f1_weighted': 0.854188531815944, 'f1_binary': 0.6942148760330579, 'pr_auc': 0.765753327507572, 'precision_macro': 0.8016693115280896, 'precision_micro': 0.8547120418848168, 'precision_weighted': 0.8537161803464987, 'precision_binary': 0.7015590200445434, 'recall_macro': 0.7973523046703463, 'recall_micro': 0.8547120418848168, 'recall_weighted': 0.8547120418848168, 'recall_binary': 0.6870229007633588, 'roc_auc': 0.9129751834206031}
-----------------------
Epoch 56/100
Training statistic: Loss: 0.1924, train_score: {'accuracy': 0.9205317247542448, 'balanced_accuracy': 0.8980301877081871, 'f1_macro': 0.8794681964905698, 'f1_micro': 0.9205317247542448, 'f1_weighted': 0.9222989176913741, 'f1_binary': 0.8091157898502763, 'pr_auc': 0.8816448503349175, 'precision_macro': 0.8641015780384982, 'precision_micro': 0.9205317247542448, 'precision_weighted': 0.9256071576610823, 'precision_binary': 0.7630744314731088, 'recall_macro': 0.8980301877081871, 'recall_micro': 0.9205317247542448, 'recall_weighted': 0.9205317247542448, 'recall_binary': 0.8610698648391395, 'roc_auc': 0.9658539456084281}
Validation statistic: Loss: 0.3734, dev_score: {'accuracy': 0.8520942408376964, 'balanced_accuracy': 0.7963759897913301, 'f1_macro': 0.7969293168562216, 'f1_micro': 0.8520942408376964, 'f1_weighted': 0.8519557051169995, 'f1_binary': 0.6910880262438491, 'pr_auc': 0.7669400441332054, 'precision_macro': 0.7974884770385386, 'precision_micro': 0.8520942408376964, 'precision_weighted': 0.8518206648667587, 'precision_binary': 0.6929824561403509, 'recall_macro': 0.7963759897913301, 'recall_micro': 0.8520942408376964, 'recall_weighted': 0.8520942408376964, 'recall_binary': 0.6892039258451472, 'roc_auc': 0.9126295852333408}
-----------------------
Epoch 57/100
Training statistic: Loss: 0.1954, train_score: {'accuracy': 0.925037235627048, 'balanced_accuracy': 0.8819997899375874, 'f1_macro': 0.8811538396559857, 'f1_micro': 0.925037235627048, 'f1_weighted': 0.9251200588411704, 'f1_binary': 0.8089362994457521, 'pr_auc': 0.8810945397868859, 'precision_macro': 0.8803152865180075, 'precision_micro': 0.925037235627048, 'precision_weighted': 0.9252063665462982, 'precision_binary': 0.8065785987357583, 'recall_macro': 0.8819997899375874, 'recall_micro': 0.925037235627048, 'recall_weighted': 0.925037235627048, 'recall_binary': 0.8113078241005139, 'roc_auc': 0.9655724954615353}
Validation statistic: Loss: 0.4024, dev_score: {'accuracy': 0.8575916230366493, 'balanced_accuracy': 0.7809688845179901, 'f1_macro': 0.7947251734693193, 'f1_micro': 0.8575916230366493, 'f1_weighted': 0.8537851398083529, 'f1_binary': 0.6811254396248535, 'pr_auc': 0.7655021201637493, 'precision_macro': 0.8127603274820936, 'precision_micro': 0.8575916230366493, 'precision_weighted': 0.8524726169429979, 'precision_binary': 0.7363751584283904, 'recall_macro': 0.7809688845179901, 'recall_micro': 0.8575916230366493, 'recall_weighted': 0.8575916230366493, 'recall_binary': 0.6335877862595419, 'roc_auc': 0.912815532084096}
-----------------------
Epoch 58/100
Training statistic: Loss: 0.1973, train_score: {'accuracy': 0.9228254393803992, 'balanced_accuracy': 0.8929724262285313, 'f1_macro': 0.8810376628013235, 'f1_micro': 0.9228254393803992, 'f1_weighted': 0.9239622181238019, 'f1_binary': 0.8105311271597038, 'pr_auc': 0.8807888010273685, 'precision_macro': 0.8704723765254923, 'precision_micro': 0.9228254393803992, 'precision_weighted': 0.9257534781579987, 'precision_binary': 0.7796693633485754, 'recall_macro': 0.8929724262285313, 'recall_micro': 0.9228254393803992, 'recall_weighted': 0.9228254393803992, 'recall_binary': 0.843936798020179, 'roc_auc': 0.9656739004960312}
Validation statistic: Loss: 0.4106, dev_score: {'accuracy': 0.8557591623036649, 'balanced_accuracy': 0.7931919786660737, 'f1_macro': 0.7986044631345279, 'f1_micro': 0.8557591623036649, 'f1_weighted': 0.8543829557880445, 'f1_binary': 0.6913165266106442, 'pr_auc': 0.7634947958787335, 'precision_macro': 0.8046017384136974, 'precision_micro': 0.8557591623036649, 'precision_weighted': 0.85335348690001, 'precision_binary': 0.7108294930875576, 'recall_macro': 0.7931919786660737, 'recall_micro': 0.8557591623036649, 'recall_weighted': 0.8557591623036649, 'recall_binary': 0.6728462377317339, 'roc_auc': 0.9122009683510948}
-----------------------
Epoch 59/100
Training statistic: Loss: 0.1924, train_score: {'accuracy': 0.9252085195114685, 'balanced_accuracy': 0.8813858689222707, 'f1_macro': 0.8812155925859655, 'f1_micro': 0.9252085195114685, 'f1_weighted': 0.9252252081730367, 'f1_binary': 0.8089267707996424, 'pr_auc': 0.8813761780952697, 'precision_macro': 0.8810456172776704, 'precision_micro': 0.9252085195114685, 'precision_weighted': 0.9252420385098342, 'precision_binary': 0.808449954365683, 'recall_macro': 0.8813858689222707, 'recall_micro': 0.9252085195114685, 'recall_weighted': 0.9252085195114685, 'recall_binary': 0.8094041500095184, 'roc_auc': 0.9658432754107247}
Validation statistic: Loss: 0.3880, dev_score: {'accuracy': 0.8570680628272251, 'balanced_accuracy': 0.7795053513249746, 'f1_macro': 0.7936253942521607, 'f1_micro': 0.8570680628272251, 'f1_weighted': 0.8531141288083827, 'f1_binary': 0.6792009400705052, 'pr_auc': 0.7655805513723283, 'precision_macro': 0.8123044313161734, 'precision_micro': 0.8570680628272251, 'precision_weighted': 0.8518157967299284, 'precision_binary': 0.7363057324840764, 'recall_macro': 0.7795053513249746, 'recall_micro': 0.8570680628272251, 'recall_weighted': 0.8570680628272251, 'recall_binary': 0.6303162486368593, 'roc_auc': 0.9125961523652252}
-----------------------
Epoch 60/100
Training statistic: Loss: 0.1943, train_score: {'accuracy': 0.9246574322311588, 'balanced_accuracy': 0.8866767557956778, 'f1_macro': 0.8817894144006666, 'f1_micro': 0.9246574322311588, 'f1_weighted': 0.925127658809639, 'f1_binary': 0.8106033659696351, 'pr_auc': 0.8814218227528425, 'precision_macro': 0.8771418432603679, 'precision_micro': 0.9246574322311588, 'precision_weighted': 0.9257114066088994, 'precision_binary': 0.7973629935179729, 'recall_macro': 0.8866767557956778, 'recall_micro': 0.9246574322311588, 'recall_weighted': 0.9246574322311588, 'recall_binary': 0.8242908814011042, 'roc_auc': 0.9657996212373258}
Validation statistic: Loss: 0.4000, dev_score: {'accuracy': 0.8570680628272251, 'balanced_accuracy': 0.7869657643673995, 'f1_macro': 0.7969967051821261, 'f1_micro': 0.8570680628272251, 'f1_weighted': 0.8544085032009744, 'f1_binary': 0.6865671641791045, 'pr_auc': 0.7661246328928668, 'precision_macro': 0.8091688167147266, 'precision_micro': 0.8570680628272251, 'precision_weighted': 0.8530065599310501, 'precision_binary': 0.7248484848484849, 'recall_macro': 0.7869657643673995, 'recall_micro': 0.8570680628272251, 'recall_weighted': 0.8570680628272251, 'recall_binary': 0.6521264994547438, 'roc_auc': 0.912901555980708}
-----------------------
Epoch 61/100
Training statistic: Loss: 0.1937, train_score: {'accuracy': 0.9236371760500447, 'balanced_accuracy': 0.8912437838801974, 'f1_macro': 0.8816121680863784, 'f1_micro': 0.9236371760500447, 'f1_weighted': 0.9245543259913547, 'f1_binary': 0.8110767189918195, 'pr_auc': 0.8808611733864312, 'precision_macro': 0.8728839738315144, 'precision_micro': 0.9236371760500447, 'precision_weighted': 0.9259018669717027, 'precision_binary': 0.7857984363285851, 'recall_macro': 0.8912437838801974, 'recall_micro': 0.9236371760500447, 'recall_weighted': 0.9236371760500447, 'recall_binary': 0.8380354083380925, 'roc_auc': 0.9658382874197862}
Validation statistic: Loss: 0.3958, dev_score: {'accuracy': 0.8578534031413613, 'balanced_accuracy': 0.7923317396999532, 'f1_macro': 0.7999628714363209, 'f1_micro': 0.8578534031413613, 'f1_weighted': 0.8559096334636737, 'f1_binary': 0.6923512747875354, 'pr_auc': 0.7664620327441098, 'precision_macro': 0.8087789494400569, 'precision_micro': 0.8578534031413613, 'precision_weighted': 0.8546649499347794, 'precision_binary': 0.7205188679245284, 'recall_macro': 0.7923317396999532, 'recall_micro': 0.8578534031413613, 'recall_weighted': 0.8578534031413613, 'recall_binary': 0.6663031624863686, 'roc_auc': 0.9130352874531704}
-----------------------
Epoch 62/100
Training statistic: Loss: 0.1924, train_score: {'accuracy': 0.9229073577599046, 'balanced_accuracy': 0.8949251686361538, 'f1_macro': 0.8815710005666858, 'f1_micro': 0.9229073577599046, 'f1_weighted': 0.9241672694184183, 'f1_binary': 0.811603698041785, 'pr_auc': 0.8826004928689526, 'precision_macro': 0.8699134601107723, 'precision_micro': 0.9229073577599046, 'precision_weighted': 0.9262393712949074, 'precision_binary': 0.7773942753547397, 'recall_macro': 0.8949251686361538, 'recall_micro': 0.9229073577599046, 'recall_weighted': 0.9229073577599046, 'recall_binary': 0.8489624976204074, 'roc_auc': 0.9661488787696225}
Validation statistic: Loss: 0.3897, dev_score: {'accuracy': 0.8549738219895288, 'balanced_accuracy': 0.7934213131153385, 'f1_macro': 0.7980574860758256, 'f1_micro': 0.8549738219895288, 'f1_weighted': 0.8537950813049254, 'f1_binary': 0.6908482142857143, 'pr_auc': 0.7670301696279039, 'precision_macro': 0.8031200582100413, 'precision_micro': 0.8549738219895288, 'precision_weighted': 0.8528696112854337, 'precision_binary': 0.7074285714285714, 'recall_macro': 0.7934213131153385, 'recall_micro': 0.8549738219895288, 'recall_weighted': 0.8549738219895288, 'recall_binary': 0.6750272628135223, 'roc_auc': 0.9128887838737875}
-----------------------
Epoch 63/100
Training statistic: Loss: 0.1908, train_score: {'accuracy': 0.922609472743521, 'balanced_accuracy': 0.8949129022179032, 'f1_macro': 0.8812161143021433, 'f1_micro': 0.922609472743521, 'f1_weighted': 0.9239055608957577, 'f1_binary': 0.8110957609248891, 'pr_auc': 0.8824665766702304, 'precision_macro': 0.8693022765947821, 'precision_micro': 0.922609472743521, 'precision_weighted': 0.9260556337843664, 'precision_binary': 0.7760809823633771, 'recall_macro': 0.8949129022179032, 'recall_micro': 0.922609472743521, 'recall_weighted': 0.922609472743521, 'recall_binary': 0.8494193794022463, 'roc_auc': 0.9661643869766274}
Validation statistic: Loss: 0.3780, dev_score: {'accuracy': 0.8581151832460733, 'balanced_accuracy': 0.7992183470564613, 'f1_macro': 0.8030403348554034, 'f1_micro': 0.8581151832460733, 'f1_weighted': 0.8571881808474183, 'f1_binary': 0.6988888888888889, 'pr_auc': 0.7669728518879407, 'precision_macro': 0.8071425183670211, 'precision_micro': 0.8581151832460733, 'precision_weighted': 0.8564276753532907, 'precision_binary': 0.7123442808607021, 'recall_macro': 0.7992183470564613, 'recall_micro': 0.8581151832460733, 'recall_weighted': 0.8581151832460733, 'recall_binary': 0.6859323882224646, 'roc_auc': 0.9133001208466704}
-----------------------
Epoch 64/100
Training statistic: Loss: 0.1918, train_score: {'accuracy': 0.9247616919868931, 'balanced_accuracy': 0.8843930976758759, 'f1_macro': 0.881384264952435, 'f1_micro': 0.9247616919868931, 'f1_weighted': 0.9250538911985952, 'f1_binary': 0.8096538990523202, 'pr_auc': 0.8829702391878004, 'precision_macro': 0.8784675758249783, 'precision_micro': 0.9247616919868931, 'precision_weighted': 0.9253896150562386, 'precision_binary': 0.8013948978069521, 'recall_macro': 0.8843930976758759, 'recall_micro': 0.9247616919868931, 'recall_weighted': 0.9247616919868931, 'recall_binary': 0.8180849038644584, 'roc_auc': 0.9661028067371434}
Validation statistic: Loss: 0.3942, dev_score: {'accuracy': 0.8570680628272251, 'balanced_accuracy': 0.7839815991504295, 'f1_macro': 0.7956691723902001, 'f1_micro': 0.8570680628272251, 'f1_weighted': 0.8539013578763185, 'f1_binary': 0.6836616454229433, 'pr_auc': 0.7676913532272519, 'precision_macro': 0.8103468165141494, 'precision_micro': 0.8570680628272251, 'precision_weighted': 0.8524850522897027, 'precision_binary': 0.7292954264524104, 'recall_macro': 0.7839815991504295, 'recall_micro': 0.8570680628272251, 'recall_weighted': 0.8570680628272251, 'recall_binary': 0.64340239912759, 'roc_auc': 0.913101026238791}
-----------------------
Epoch 65/100
Training statistic: Loss: 0.1918, train_score: {'accuracy': 0.9245159368483765, 'balanced_accuracy': 0.8907958692730796, 'f1_macro': 0.8825602607502333, 'f1_micro': 0.9245159368483765, 'f1_weighted': 0.9252948299132436, 'f1_binary': 0.8123657904479822, 'pr_auc': 0.8839865146863455, 'precision_macro': 0.8749891182067113, 'precision_micro': 0.9245159368483765, 'precision_weighted': 0.9263896187012668, 'precision_binary': 0.7905602594127185, 'recall_macro': 0.8907958692730796, 'recall_micro': 0.9245159368483765, 'recall_weighted': 0.9245159368483765, 'recall_binary': 0.8354083380925186, 'roc_auc': 0.9663243817824338}
Validation statistic: Loss: 0.3824, dev_score: {'accuracy': 0.8568062827225131, 'balanced_accuracy': 0.7894046733139223, 'f1_macro': 0.7978470518499083, 'f1_micro': 0.8568062827225131, 'f1_weighted': 0.8546056715847571, 'f1_binary': 0.688673875924872, 'pr_auc': 0.7691755567545565, 'precision_macro': 0.807770054330457, 'precision_micro': 0.8568062827225131, 'precision_weighted': 0.8532775074083184, 'precision_binary': 0.7202380952380952, 'recall_macro': 0.7894046733139223, 'recall_micro': 0.8568062827225131, 'recall_weighted': 0.8568062827225131, 'recall_binary': 0.6597600872410033, 'roc_auc': 0.9139766668632571}
-----------------------
Epoch 66/100
Training statistic: Loss: 0.1908, train_score: {'accuracy': 0.9244861483467381, 'balanced_accuracy': 0.8897688105325601, 'f1_macro': 0.8822920040846386, 'f1_micro': 0.9244861483467381, 'f1_weighted': 0.9251967666776363, 'f1_binary': 0.8118179793630762, 'pr_auc': 0.8839522806489715, 'precision_macro': 0.8753660218600285, 'precision_micro': 0.9244861483467381, 'precision_weighted': 0.9261690169801989, 'precision_binary': 0.7919186067562185, 'recall_macro': 0.8897688105325601, 'recall_micro': 0.9244861483467381, 'recall_weighted': 0.9244861483467381, 'recall_binary': 0.8327431943651247, 'roc_auc': 0.9663470496298844}
Validation statistic: Loss: 0.3877, dev_score: {'accuracy': 0.8581151832460733, 'balanced_accuracy': 0.791011892709794, 'f1_macro': 0.7996148777658885, 'f1_micro': 0.8581151832460733, 'f1_weighted': 0.8559044158878105, 'f1_binary': 0.6913439635535308, 'pr_auc': 0.768967640105958, 'precision_macro': 0.8097441923601163, 'precision_micro': 0.8581151832460733, 'precision_weighted': 0.8545923659826702, 'precision_binary': 0.7234803337306317, 'recall_macro': 0.791011892709794, 'recall_micro': 0.8581151832460733, 'recall_weighted': 0.8581151832460733, 'recall_binary': 0.6619411123227917, 'roc_auc': 0.9135942549560471}
-----------------------
Epoch 67/100
Training statistic: Loss: 0.1928, train_score: {'accuracy': 0.9246946678582068, 'balanced_accuracy': 0.8907196641496982, 'f1_macro': 0.8827571152465444, 'f1_micro': 0.9246946678582068, 'f1_weighted': 0.9254466299521028, 'f1_binary': 0.8126366499907356, 'pr_auc': 0.8837720203995807, 'precision_macro': 0.8754164064669985, 'precision_micro': 0.9246946678582068, 'precision_weighted': 0.926494102279491, 'precision_binary': 0.7915177765746255, 'recall_macro': 0.8907196641496982, 'recall_micro': 0.9246946678582068, 'recall_weighted': 0.9246946678582068, 'recall_binary': 0.8349133828288597, 'roc_auc': 0.9662734137571528}
Validation statistic: Loss: 0.3973, dev_score: {'accuracy': 0.8573298429319371, 'balanced_accuracy': 0.7904951858548165, 'f1_macro': 0.7987467759995259, 'f1_micro': 0.8573298429319371, 'f1_weighted': 0.8551979991571041, 'f1_binary': 0.6901648664013644, 'pr_auc': 0.768285948683643, 'precision_macro': 0.8084029518128987, 'precision_micro': 0.8573298429319371, 'precision_weighted': 0.8538939657466115, 'precision_binary': 0.7209026128266033, 'recall_macro': 0.7904951858548165, 'recall_micro': 0.8573298429319371, 'recall_weighted': 0.8573298429319371, 'recall_binary': 0.6619411123227917, 'roc_auc': 0.9132441489663421}
-----------------------
Epoch 68/100
Training statistic: Loss: 0.1949, train_score: {'accuracy': 0.923376526660709, 'balanced_accuracy': 0.894856600944308, 'f1_macro': 0.8821115313741819, 'f1_micro': 0.923376526660709, 'f1_weighted': 0.9245737802844165, 'f1_binary': 0.8123643658247469, 'pr_auc': 0.8830494525576271, 'precision_macro': 0.8709151432881455, 'precision_micro': 0.923376526660709, 'precision_weighted': 0.9265116961881592, 'precision_binary': 0.7795939796989849, 'recall_macro': 0.894856600944308, 'recall_micro': 0.923376526660709, 'recall_weighted': 0.923376526660709, 'recall_binary': 0.8480106605749096, 'roc_auc': 0.966212052233546}
Validation statistic: Loss: 0.4096, dev_score: {'accuracy': 0.856020942408377, 'balanced_accuracy': 0.7933642142843995, 'f1_macro': 0.7988916354235586, 'f1_micro': 0.856020942408377, 'f1_weighted': 0.8546179633566869, 'f1_binary': 0.6917040358744395, 'pr_auc': 0.7653754152251525, 'precision_macro': 0.8050288819338416, 'precision_micro': 0.856020942408377, 'precision_weighted': 0.8535764524527424, 'precision_binary': 0.7116493656286044, 'recall_macro': 0.7933642142843995, 'recall_micro': 0.856020942408377, 'recall_weighted': 0.856020942408377, 'recall_binary': 0.6728462377317339, 'roc_auc': 0.9119592374451128}
-----------------------
Epoch 69/100
Training statistic: Loss: 0.1942, train_score: {'accuracy': 0.9247319034852547, 'balanced_accuracy': 0.8895757809934651, 'f1_macro': 0.8825427637986747, 'f1_micro': 0.9247319034852547, 'f1_weighted': 0.9253992590628858, 'f1_binary': 0.8121480214857908, 'pr_auc': 0.8829657252138583, 'precision_macro': 0.8759981375171724, 'precision_micro': 0.9247319034852547, 'precision_weighted': 0.926298442651897, 'precision_binary': 0.7933764253032174, 'recall_macro': 0.8895757809934651, 'recall_micro': 0.9247319034852547, 'recall_weighted': 0.9247319034852547, 'recall_binary': 0.8318294308014468, 'roc_auc': 0.9661266321396955}
Validation statistic: Loss: 0.3982, dev_score: {'accuracy': 0.8578534031413613, 'balanced_accuracy': 0.7893475744829832, 'f1_macro': 0.7986811873681194, 'f1_micro': 0.8578534031413613, 'f1_weighted': 0.8554247994036859, 'f1_binary': 0.6895368782161235, 'pr_auc': 0.7652954136013776, 'precision_macro': 0.8098363003295233, 'precision_micro': 0.8578534031413613, 'precision_weighted': 0.8540672679474779, 'precision_binary': 0.7247596153846154, 'recall_macro': 0.7893475744829832, 'recall_micro': 0.8578534031413613, 'recall_weighted': 0.8578534031413613, 'recall_binary': 0.6575790621592148, 'roc_auc': 0.9119271193527095}
-----------------------
Epoch 70/100
Training statistic: Loss: 0.1941, train_score: {'accuracy': 0.9265415549597855, 'balanced_accuracy': 0.883150961566906, 'f1_macro': 0.88325035021671, 'f1_micro': 0.9265415549597855, 'f1_weighted': 0.9265320250497305, 'f1_binary': 0.8121572212065814, 'pr_auc': 0.8840417776728885, 'precision_macro': 0.8833498409172476, 'precision_micro': 0.9265415549597855, 'precision_weighted': 0.9265225431276194, 'precision_binary': 0.8124357069379358, 'recall_macro': 0.883150961566906, 'recall_micro': 0.9265415549597855, 'recall_weighted': 0.9265415549597855, 'recall_binary': 0.8118789263278127, 'roc_auc': 0.966342971927024}
Validation statistic: Loss: 0.4084, dev_score: {'accuracy': 0.8578534031413613, 'balanced_accuracy': 0.7800220581799522, 'f1_macro': 0.7945007405070796, 'f1_micro': 0.8578534031413613, 'f1_weighted': 0.8538210554489388, 'f1_binary': 0.6804002354326074, 'pr_auc': 0.7659960103140298, 'precision_macro': 0.8137719323353465, 'precision_micro': 0.8578534031413613, 'precision_weighted': 0.8525776951991519, 'precision_binary': 0.7391304347826086, 'recall_macro': 0.7800220581799522, 'recall_micro': 0.8578534031413613, 'recall_weighted': 0.8578534031413613, 'recall_binary': 0.6303162486368593, 'roc_auc': 0.9125694812007733}
-----------------------
Epoch 71/100
Training statistic: Loss: 0.1914, train_score: {'accuracy': 0.9249180816204945, 'balanced_accuracy': 0.8867955470681106, 'f1_macro': 0.8821303416223077, 'f1_micro': 0.9249180816204945, 'f1_weighted': 0.9253655060746434, 'f1_binary': 0.8111136091127098, 'pr_auc': 0.8838652193662742, 'precision_macro': 0.8776836856144823, 'precision_micro': 0.9249180816204945, 'precision_weighted': 0.9259163653403247, 'precision_binary': 0.7984581904024197, 'recall_macro': 0.8867955470681106, 'recall_micro': 0.9249180816204945, 'recall_weighted': 0.9249180816204945, 'recall_binary': 0.8241766609556443, 'roc_auc': 0.9662083543314234}
Validation statistic: Loss: 0.3926, dev_score: {'accuracy': 0.8554973821989529, 'balanced_accuracy': 0.784067247396838, 'f1_macro': 0.7944329690272924, 'f1_micro': 0.8554973821989529, 'f1_weighted': 0.8526817320238907, 'f1_binary': 0.6823935558112774, 'pr_auc': 0.764824206900021, 'precision_macro': 0.8071269391867935, 'precision_micro': 0.8554973821989529, 'precision_weighted': 0.8512333211069718, 'precision_binary': 0.7222898903775883, 'recall_macro': 0.784067247396838, 'recall_micro': 0.8554973821989529, 'recall_weighted': 0.8554973821989529, 'recall_binary': 0.6466739367502726, 'roc_auc': 0.9120860193888096}
-----------------------
Epoch 72/100
Training statistic: Loss: 0.1960, train_score: {'accuracy': 0.9259830205540661, 'balanced_accuracy': 0.8854259988268123, 'f1_macro': 0.8831004144264157, 'f1_micro': 0.9259830205540661, 'f1_weighted': 0.9262050025922043, 'f1_binary': 0.8122981624520783, 'pr_auc': 0.8843382155133841, 'precision_macro': 0.8808298191341437, 'precision_micro': 0.9259830205540661, 'precision_weighted': 0.926452924588223, 'precision_binary': 0.8058907292213146, 'recall_macro': 0.8854259988268123, 'recall_micro': 0.9259830205540661, 'recall_weighted': 0.9259830205540661, 'recall_binary': 0.8188083000190367, 'roc_auc': 0.9663853166250266}
Validation statistic: Loss: 0.4196, dev_score: {'accuracy': 0.8570680628272251, 'balanced_accuracy': 0.7821164958898232, 'f1_macro': 0.7948253636977471, 'f1_micro': 0.8570680628272251, 'f1_weighted': 0.853577265062359, 'f1_binary': 0.6818181818181818, 'pr_auc': 0.7648678629753701, 'precision_macro': 0.8111339107681358, 'precision_micro': 0.8570680628272251, 'precision_weighted': 0.852189368009068, 'precision_binary': 0.7321652065081352, 'recall_macro': 0.7821164958898232, 'recall_micro': 0.8570680628272251, 'recall_weighted': 0.8570680628272251, 'recall_binary': 0.6379498364231189, 'roc_auc': 0.9121896988449882}
-----------------------
Epoch 73/100
Training statistic: Loss: 0.1945, train_score: {'accuracy': 0.9265415549597855, 'balanced_accuracy': 0.8796210617890946, 'f1_macro': 0.8824173536820598, 'f1_micro': 0.9265415549597855, 'f1_weighted': 0.9262690575218575, 'f1_binary': 0.8103879128061204, 'pr_auc': 0.8835667125227908, 'precision_macro': 0.8852961823105459, 'precision_micro': 0.9265415549597855, 'precision_weighted': 0.926035244414252, 'precision_binary': 0.8183794696587335, 'recall_macro': 0.8796210617890946, 'recall_micro': 0.9265415549597855, 'recall_weighted': 0.9265415549597855, 'recall_binary': 0.8025509232819341, 'roc_auc': 0.9663844870556199}
Validation statistic: Loss: 0.4030, dev_score: {'accuracy': 0.8549738219895288, 'balanced_accuracy': 0.7743972598571552, 'f1_macro': 0.7895400527074735, 'f1_micro': 0.8549738219895288, 'f1_weighted': 0.8505501305451081, 'f1_binary': 0.672189349112426, 'pr_auc': 0.7646423568339615, 'precision_macro': 0.8101302959116998, 'precision_micro': 0.8549738219895288, 'precision_weighted': 0.8492944308239989, 'precision_binary': 0.7347994825355757, 'recall_macro': 0.7743972598571552, 'recall_micro': 0.8549738219895288, 'recall_weighted': 0.8549738219895288, 'recall_binary': 0.6194111232279171, 'roc_auc': 0.9123760213459472}
-----------------------
Epoch 74/100
Training statistic: Loss: 0.1965, train_score: {'accuracy': 0.9245457253500149, 'balanced_accuracy': 0.8928026552988693, 'f1_macro': 0.883046463867831, 'f1_micro': 0.9245457253500149, 'f1_weighted': 0.9254598837079137, 'f1_binary': 0.8133795034259191, 'pr_auc': 0.8835623958325859, 'precision_macro': 0.8742123148827, 'precision_micro': 0.9245457253500149, 'precision_weighted': 0.9268131931802353, 'precision_binary': 0.78781175295251, 'recall_macro': 0.8928026552988693, 'recall_micro': 0.9245457253500149, 'recall_weighted': 0.9245457253500149, 'recall_binary': 0.8406624785836665, 'roc_auc': 0.9664136129255408}
Validation statistic: Loss: 0.4198, dev_score: {'accuracy': 0.8557591623036649, 'balanced_accuracy': 0.7924459373618311, 'f1_macro': 0.7982899466299513, 'f1_micro': 0.8557591623036649, 'f1_weighted': 0.854265357286153, 'f1_binary': 0.6906232453677709, 'pr_auc': 0.7641884939626893, 'precision_macro': 0.8048202337994287, 'precision_micro': 0.8557591623036649, 'precision_weighted': 0.8531781267293586, 'precision_binary': 0.7118055555555556, 'recall_macro': 0.7924459373618311, 'recall_micro': 0.8557591623036649, 'recall_weighted': 0.8557591623036649, 'recall_binary': 0.6706652126499455, 'roc_auc': 0.9123296285458092}
-----------------------
Epoch 75/100
Training statistic: Loss: 0.1944, train_score: {'accuracy': 0.9244191242180518, 'balanced_accuracy': 0.8942511844694032, 'f1_macro': 0.8832174755693523, 'f1_micro': 0.9244191242180518, 'f1_weighted': 0.9254476286183021, 'f1_binary': 0.8138515434419765, 'pr_auc': 0.8837310757028727, 'precision_macro': 0.873352973928679, 'precision_micro': 0.9244191242180518, 'precision_weighted': 0.927033893923487, 'precision_binary': 0.785178369195923, 'recall_macro': 0.8942511844694032, 'recall_micro': 0.9244191242180518, 'recall_weighted': 0.9244191242180518, 'recall_binary': 0.8446982676565772, 'roc_auc': 0.966519427878391}
Validation statistic: Loss: 0.4103, dev_score: {'accuracy': 0.8554973821989529, 'balanced_accuracy': 0.7926467223956266, 'f1_macro': 0.7981603322796442, 'f1_micro': 0.8554973821989529, 'f1_weighted': 0.8540893014052566, 'f1_binary': 0.6905829596412556, 'pr_auc': 0.7627610016850503, 'precision_macro': 0.8042828613288306, 'precision_micro': 0.8554973821989529, 'precision_weighted': 0.8530422277948243, 'precision_binary': 0.7104959630911188, 'recall_macro': 0.7926467223956266, 'recall_micro': 0.8554973821989529, 'recall_weighted': 0.8554973821989529, 'recall_binary': 0.6717557251908397, 'roc_auc': 0.9116258478894657}
-----------------------
Epoch 76/100
Training statistic: Loss: 0.1939, train_score: {'accuracy': 0.9247542448614835, 'balanced_accuracy': 0.8933789073069336, 'f1_macro': 0.8834241625026797, 'f1_micro': 0.9247542448614835, 'f1_weighted': 0.9256826390370896, 'f1_binary': 0.814011707101572, 'pr_auc': 0.8848476229114933, 'precision_macro': 0.8744270295857783, 'precision_micro': 0.9247542448614835, 'precision_weighted': 0.9270671924454843, 'precision_binary': 0.7879619400591569, 'recall_macro': 0.8933789073069336, 'recall_micro': 0.9247542448614835, 'recall_weighted': 0.9247542448614835, 'recall_binary': 0.8418427565200838, 'roc_auc': 0.9665723995948945}
Validation statistic: Loss: 0.4137, dev_score: {'accuracy': 0.8544502617801047, 'balanced_accuracy': 0.7886005940532319, 'f1_macro': 0.7955783982521487, 'f1_micro': 0.8544502617801047, 'f1_weighted': 0.852612310918744, 'f1_binary': 0.6858757062146893, 'pr_auc': 0.7646144433526647, 'precision_macro': 0.8035617268657855, 'precision_micro': 0.8544502617801047, 'precision_weighted': 0.8513690259858603, 'precision_binary': 0.7116060961313013, 'recall_macro': 0.7886005940532319, 'recall_micro': 0.8544502617801047, 'recall_weighted': 0.8544502617801047, 'recall_binary': 0.6619411123227917, 'roc_auc': 0.9121551390262622}
-----------------------
Epoch 77/100
Training statistic: Loss: 0.1915, train_score: {'accuracy': 0.9236744116770926, 'balanced_accuracy': 0.8957765558768529, 'f1_macro': 0.882668427312769, 'f1_micro': 0.9236744116770926, 'f1_weighted': 0.9248971062715317, 'f1_binary': 0.8133049164799534, 'pr_auc': 0.8838856743705403, 'precision_macro': 0.8711919718157524, 'precision_micro': 0.9236744116770926, 'precision_weighted': 0.9269003890104206, 'precision_binary': 0.7796870634255378, 'recall_macro': 0.8957765558768529, 'recall_micro': 0.9236744116770926, 'recall_weighted': 0.9236744116770926, 'recall_binary': 0.8499524081477251, 'roc_auc': 0.9664991276611531}
Validation statistic: Loss: 0.3891, dev_score: {'accuracy': 0.8557591623036649, 'balanced_accuracy': 0.7946840612745587, 'f1_macro': 0.7992287243657303, 'f1_micro': 0.8557591623036649, 'f1_weighted': 0.8546157247331394, 'f1_binary': 0.6926938092582264, 'pr_auc': 0.764017596535966, 'precision_macro': 0.8041803156640858, 'precision_micro': 0.8557591623036649, 'precision_weighted': 0.8537139662570279, 'precision_binary': 0.708904109589041, 'recall_macro': 0.7946840612745587, 'recall_micro': 0.8557591623036649, 'recall_weighted': 0.8557591623036649, 'recall_binary': 0.6772082878953108, 'roc_auc': 0.9124436383825855}
Early stopping by loss triggered!
Testing statistic: loss: 0.3868346356591837, scores: {'accuracy': 0.8493855687427792, 'balanced_accuracy': 0.7969533749385151, 'f1_macro': 0.7945444350944608, 'f1_micro': 0.8493855687427792, 'f1_weighted': 0.8499876059895791, 'f1_binary': 0.6883963494132985, 'pr_auc': 0.7587436438667352, 'precision_macro': 0.7922428879165169, 'precision_micro': 0.8493855687427792, 'precision_weighted': 0.8506541010201144, 'precision_binary': 0.6804123711340206, 'recall_macro': 0.7969533749385151, 'recall_micro': 0.8493855687427792, 'recall_weighted': 0.8493855687427792, 'recall_binary': 0.6965699208443272, 'roc_auc': 0.9087253403858984}
Finish training!
