path,blob,dataset,train,method,metric,report_value,aggregate_value,difference
src/modeling_thuy/output/Old_data_mnist12/DNN_MNIST12_train_synthetic_augment_tvae_mix_ratio-1_n-1_test_original_lr0.001_B512_G500.weight.pth.report.txt,ca93eb54835e035685f230c71a736e349db63e14,MNIST12,synthetic,tvae,test_f1_macro_end,0.9214455444984854,0.9216899968362328,-0.0002444523377473917
src/modeling_thuy/output/Old_data_mnist12/DNN_MNIST12_train_synthetic_augment_tvae_mix_ratio-1_n-1_test_original_lr0.001_B512_G500.weight.pth.report.txt,ca93eb54835e035685f230c71a736e349db63e14,MNIST12,synthetic,tvae,test_f1_micro_end,0.9220714285714285,0.9219,0.0001714285714284891
src/modeling_thuy/output/Old_data_mnist12/DNN_MNIST12_train_synthetic_augment_xgb_mix_ratio-1_n-1_test_original_lr0.001_B512_G500.weight.pth.report.txt,aa72e755891a0f70d71d52040b96854af8d1c10a,MNIST12,synthetic,xgb,test_f1_macro_end,0.9090385961957695,0.8787915436373581,0.030247052558411425
src/modeling_thuy/output/Old_data_mnist12/DNN_MNIST12_train_synthetic_augment_xgb_mix_ratio-1_n-1_test_original_lr0.001_B512_G500.weight.pth.report.txt,aa72e755891a0f70d71d52040b96854af8d1c10a,MNIST12,synthetic,xgb,test_f1_micro_end,0.9097142857142857,0.8783,0.03141428571428573
src/modeling_thuy/output/Old_data_mnist28/DNN_MNIST28_train_synthetic_augment_tvae_mix_ratio-1_n-1_test_original_lr0.001_B512_G500.weight.pth.report.txt,5d43a57a06ed1afcb311e7a60285e81f787bd3d2,MNIST28,synthetic,tvae,test_f1_macro_end,0.01795721994668747,0.9289449422883832,-0.9109877223416958
src/modeling_thuy/output/Old_data_mnist28/DNN_MNIST28_train_synthetic_augment_tvae_mix_ratio-1_n-1_test_original_lr0.001_B512_G500.weight.pth.report.txt,5d43a57a06ed1afcb311e7a60285e81f787bd3d2,MNIST28,synthetic,tvae,test_f1_micro_end,0.09864285714285714,0.9291,-0.8304571428571429
src/modeling_thuy/output/adult/acc/DNN_Adult_mix_train_mix_augment_pca_gmm_mix_ratio-1_n-1_test_original_lr0.001_B64_G250.weight.pth.report.txt,b5207a2ddc55f8b4ebd36ca353f89791a424ce39,Adult_mix,mix,pca_gmm,test_f1_macro_end,0.7506716786591,0.750671679,-3.408999749154873e-10
src/modeling_thuy/output/adult/acc/DNN_Adult_mix_train_mix_augment_pca_gmm_mix_ratio-1_n-1_test_original_lr0.001_B64_G250.weight.pth.report.txt,b5207a2ddc55f8b4ebd36ca353f89791a424ce39,Adult_mix,mix,pca_gmm,test_f1_micro_end,0.8282595003149276,0.8282595003149276,0.0
src/modeling_thuy/output/adult/acc/DNN_Adult_mix_train_mix_augment_pca_gmm_mix_ratio-1_n-1_test_original_lr0.001_B64_G250.weight.pth.report.txt,b5207a2ddc55f8b4ebd36ca353f89791a424ce39,Adult_mix,mix,pca_gmm,test_f1_binary_end,0.6115859449192782,0.6115859449192782,0.0
src/modeling_thuy/output/adult/acc/DNN_Adult_mix_train_mix_augment_rf_mix_ratio-1_n-1_test_original_lr0.001_B64_G250.weight.pth.report.txt,74ee033e42eb1f3dd7acd551c55f1fb91f4ab0f6,Adult_mix,mix,rf,test_f1_macro_end,0.7746396429611135,0.7746396429611135,0.0
src/modeling_thuy/output/adult/acc/DNN_Adult_mix_train_mix_augment_rf_mix_ratio-1_n-1_test_original_lr0.001_B64_G250.weight.pth.report.txt,74ee033e42eb1f3dd7acd551c55f1fb91f4ab0f6,Adult_mix,mix,rf,test_f1_micro_end,0.8436909510812514,0.8436909510812514,0.0
src/modeling_thuy/output/adult/acc/DNN_Adult_mix_train_mix_augment_rf_mix_ratio-1_n-1_test_original_lr0.001_B64_G250.weight.pth.report.txt,74ee033e42eb1f3dd7acd551c55f1fb91f4ab0f6,Adult_mix,mix,rf,test_f1_binary_end,0.6498941923348225,0.6498941923348225,0.0
src/modeling_thuy/output/adult/acc/DNN_Adult_mix_train_mix_augment_xgb_mix_ratio-1_n-1_test_original_lr0.001_B64_G250.weight.pth.report.txt,c6ce16a17a82e0095a347d2698a123c2a8cfb4e8,Adult_mix,mix,xgb,test_f1_macro_end,0.7732502421510552,0.7732502421510552,0.0
src/modeling_thuy/output/adult/acc/DNN_Adult_mix_train_mix_augment_xgb_mix_ratio-1_n-1_test_original_lr0.001_B64_G250.weight.pth.report.txt,c6ce16a17a82e0095a347d2698a123c2a8cfb4e8,Adult_mix,mix,xgb,test_f1_micro_end,0.8445307579256771,0.8445307579256771,0.0
src/modeling_thuy/output/adult/acc/DNN_Adult_mix_train_mix_augment_xgb_mix_ratio-1_n-1_test_original_lr0.001_B64_G250.weight.pth.report.txt,c6ce16a17a82e0095a347d2698a123c2a8cfb4e8,Adult_mix,mix,xgb,test_f1_binary_end,0.6461170848267622,0.6461170848267622,0.0
src/modeling_thuy/output/adult/acc/DNN_Adult_train_original_test_original_lr0.001_B512_G500.weight.pth.report.txt,c4739f413c52a9911065afb005a7dfc841e305ce,Adult,original,none,test_f1_macro_end,0.7912847585843994,0.7912847585843994,0.0
src/modeling_thuy/output/adult/acc/DNN_Adult_train_original_test_original_lr0.001_B512_G500.weight.pth.report.txt,c4739f413c52a9911065afb005a7dfc841e305ce,Adult,original,none,test_f1_micro_end,0.8558681503254252,0.8558681503254252,0.0
src/modeling_thuy/output/adult/acc/DNN_Adult_train_synthetic_augment_categorical_mix_ratio-1_n-1_test_original_lr0.001_B64_G250.weight.pth.report.txt,cd53c132fa8ccdc3c91aeff7280ad9b3497a9615,Adult,synthetic,categorical,test_f1_macro_end,0.7187076670888153,0.7187076670888153,0.0
src/modeling_thuy/output/adult/acc/DNN_Adult_train_synthetic_augment_categorical_mix_ratio-1_n-1_test_original_lr0.001_B64_G250.weight.pth.report.txt,cd53c132fa8ccdc3c91aeff7280ad9b3497a9615,Adult,synthetic,categorical,test_f1_micro_end,0.7630694940163762,0.7630694940163762,0.0
src/modeling_thuy/output/adult/acc/DNN_Adult_train_synthetic_augment_categorical_mix_ratio-1_n-1_test_original_lr0.001_B64_G250.weight.pth.report.txt,cd53c132fa8ccdc3c91aeff7280ad9b3497a9615,Adult,synthetic,categorical,test_f1_binary_end,0.6069998258749782,0.6069998258749782,0.0
src/modeling_thuy/output/adult/acc/DNN_Adult_train_synthetic_augment_compare_sdv_categorical_mix_ratio-1_n-1_test_original_lr0.001_B512_G500.weight.pth.report.txt,32bef3b9c59b0c3a08be13ff1291e7e459bf2c76,Adult,synthetic,compare_sdv_categorical,test_f1_macro_end,0.7170661259844104,0.7170661259844104,0.0
src/modeling_thuy/output/adult/acc/DNN_Adult_train_synthetic_augment_compare_sdv_categorical_mix_ratio-1_n-1_test_original_lr0.001_B512_G500.weight.pth.report.txt,32bef3b9c59b0c3a08be13ff1291e7e459bf2c76,Adult,synthetic,compare_sdv_categorical,test_f1_micro_end,0.7608650010497585,0.7608650010497585,0.0
src/modeling_thuy/output/adult/acc/DNN_Adult_train_synthetic_augment_compare_sdv_categorical_mix_ratio-1_n-1_test_original_lr0.001_B512_G500.weight.pth.report.txt,32bef3b9c59b0c3a08be13ff1291e7e459bf2c76,Adult,synthetic,compare_sdv_categorical,test_f1_binary_end,0.6057459328487366,0.6057459328487366,0.0
src/modeling_thuy/output/adult/acc/DNN_Adult_train_synthetic_augment_compare_sdv_gaussian_mix_ratio-1_n-1_test_original_lr0.001_B512_G500.weight.pth.report.txt,504816b80ced1f6efc9339b04aed8c18dbb92952,Adult,synthetic,compare_sdv_gaussian,test_f1_macro_end,0.5979305848299343,0.5979305848299343,0.0
src/modeling_thuy/output/adult/acc/DNN_Adult_train_synthetic_augment_compare_sdv_gaussian_mix_ratio-1_n-1_test_original_lr0.001_B512_G500.weight.pth.report.txt,504816b80ced1f6efc9339b04aed8c18dbb92952,Adult,synthetic,compare_sdv_gaussian,test_f1_micro_end,0.7855343271047659,0.7855343271047659,0.0
src/modeling_thuy/output/adult/acc/DNN_Adult_train_synthetic_augment_compare_sdv_gaussian_mix_ratio-1_n-1_test_original_lr0.001_B512_G500.weight.pth.report.txt,504816b80ced1f6efc9339b04aed8c18dbb92952,Adult,synthetic,compare_sdv_gaussian,test_f1_binary_end,0.32328585624378936,0.3232858562437893,5.551115123125783e-17
src/modeling_thuy/output/adult/acc/DNN_Adult_train_synthetic_augment_compare_sdv_pca_gmm_mix_ratio-1_n-1_test_original_lr0.001_B512_G500.weight.pth.report.txt,ef7878e9d7a9f88ac4cb9958cd1e7f4724501f33,Adult,synthetic,compare_sdv_pca_gmm,test_f1_macro_end,0.7172054947855945,0.7172054947855945,0.0
src/modeling_thuy/output/adult/acc/DNN_Adult_train_synthetic_augment_compare_sdv_pca_gmm_mix_ratio-1_n-1_test_original_lr0.001_B512_G500.weight.pth.report.txt,ef7878e9d7a9f88ac4cb9958cd1e7f4724501f33,Adult,synthetic,compare_sdv_pca_gmm,test_f1_micro_end,0.74690321226118,0.746903212,2.611799665430681e-10
src/modeling_thuy/output/adult/acc/DNN_Adult_train_synthetic_augment_compare_sdv_pca_gmm_mix_ratio-1_n-1_test_original_lr0.001_B512_G500.weight.pth.report.txt,ef7878e9d7a9f88ac4cb9958cd1e7f4724501f33,Adult,synthetic,compare_sdv_pca_gmm,test_f1_binary_end,0.6255629756173319,0.6255629756173319,0.0
src/modeling_thuy/output/adult/acc/DNN_Adult_train_synthetic_augment_compare_sdv_rf_mix_ratio-1_n-1_test_original_lr0.001_B512_G500.weight.pth.report.txt,3d2f586fd066fb3a4a840b362666d4738d117f32,Adult,synthetic,compare_sdv_rf,test_f1_macro_end,0.7424405782154562,0.7424405782154562,0.0
src/modeling_thuy/output/adult/acc/DNN_Adult_train_synthetic_augment_compare_sdv_rf_mix_ratio-1_n-1_test_original_lr0.001_B512_G500.weight.pth.report.txt,3d2f586fd066fb3a4a840b362666d4738d117f32,Adult,synthetic,compare_sdv_rf,test_f1_micro_end,0.8359227377703128,0.8359227377703128,0.0
src/modeling_thuy/output/adult/acc/DNN_Adult_train_synthetic_augment_compare_sdv_rf_mix_ratio-1_n-1_test_original_lr0.001_B512_G500.weight.pth.report.txt,3d2f586fd066fb3a4a840b362666d4738d117f32,Adult,synthetic,compare_sdv_rf,test_f1_binary_end,0.5872722471613414,0.5872722471613414,0.0
src/modeling_thuy/output/adult/acc/DNN_Adult_train_synthetic_augment_compare_sdv_tvae_categoricalNB_mix_ratio-1_n-1_test_original_lr0.001_B512_G500.weight.pth.report.txt,66a63d8cd9de12b6fca2467262e223dbead652d8,Adult,synthetic,compare_sdv_tvae_categoricalNB,test_f1_macro_end,0.7128734645945641,0.7128734645945641,0.0
src/modeling_thuy/output/adult/acc/DNN_Adult_train_synthetic_augment_compare_sdv_tvae_categoricalNB_mix_ratio-1_n-1_test_original_lr0.001_B512_G500.weight.pth.report.txt,66a63d8cd9de12b6fca2467262e223dbead652d8,Adult,synthetic,compare_sdv_tvae_categoricalNB,test_f1_micro_end,0.7535166911610329,0.7535166911610329,0.0
src/modeling_thuy/output/adult/acc/DNN_Adult_train_synthetic_augment_compare_sdv_tvae_gaussianNB_mix_ratio-1_n-1_test_original_lr0.001_B512_G500.weight.pth.report.txt,129cffb3c7eba4c5fc9bcbe07ffbb729ca2df7ea,Adult,synthetic,compare_sdv_tvae_gaussianNB,test_f1_macro_end,0.6002747859716371,0.6002747859716371,0.0
src/modeling_thuy/output/adult/acc/DNN_Adult_train_synthetic_augment_compare_sdv_tvae_gaussianNB_mix_ratio-1_n-1_test_original_lr0.001_B512_G500.weight.pth.report.txt,129cffb3c7eba4c5fc9bcbe07ffbb729ca2df7ea,Adult,synthetic,compare_sdv_tvae_gaussianNB,test_f1_micro_end,0.7862691580936385,0.7862691580936385,0.0
src/modeling_thuy/output/adult/acc/DNN_Adult_train_synthetic_augment_compare_sdv_tvae_pca_gmm_mix_ratio-1_n-1_test_original_lr0.001_B512_G500.weight.pth.report.txt,ef15eb2be5554892b7c6a518c084730a1de289df,Adult,synthetic,compare_sdv_tvae_pca_gmm,test_f1_macro_end,0.7052208652116598,0.7052208652116598,0.0
src/modeling_thuy/output/adult/acc/DNN_Adult_train_synthetic_augment_compare_sdv_tvae_pca_gmm_mix_ratio-1_n-1_test_original_lr0.001_B512_G500.weight.pth.report.txt,ef15eb2be5554892b7c6a518c084730a1de289df,Adult,synthetic,compare_sdv_tvae_pca_gmm,test_f1_micro_end,0.730002099517111,0.7300021,-4.828889510477552e-10
src/modeling_thuy/output/adult/acc/DNN_Adult_train_synthetic_augment_compare_sdv_tvae_rf_mix_ratio-1_n-1_test_original_lr0.001_B512_G500.weight.pth.report.txt,3018d1bf1375bd2b9a591449a837f886bcaa4f49,Adult,synthetic,compare_sdv_tvae_rf,test_f1_macro_end,0.745627614309625,0.745627614,3.0962499231179663e-10
src/modeling_thuy/output/adult/acc/DNN_Adult_train_synthetic_augment_compare_sdv_tvae_rf_mix_ratio-1_n-1_test_original_lr0.001_B512_G500.weight.pth.report.txt,3018d1bf1375bd2b9a591449a837f886bcaa4f49,Adult,synthetic,compare_sdv_tvae_rf,test_f1_micro_end,0.8371824480369515,0.8371824480369515,0.0
src/modeling_thuy/output/adult/acc/DNN_Adult_train_synthetic_augment_compare_sdv_tvae_xgb_mix_ratio-1_n-1_test_original_lr0.001_B512_G500.weight.pth.report.txt,85c582b76700d90f7169c9b186d7f388372a3625,Adult,synthetic,compare_sdv_tvae_xgb,test_f1_macro_end,0.7310692897125062,0.7310692897125062,0.0
src/modeling_thuy/output/adult/acc/DNN_Adult_train_synthetic_augment_compare_sdv_tvae_xgb_mix_ratio-1_n-1_test_original_lr0.001_B512_G500.weight.pth.report.txt,85c582b76700d90f7169c9b186d7f388372a3625,Adult,synthetic,compare_sdv_tvae_xgb,test_f1_micro_end,0.8300440898593323,0.8300440898593323,0.0
src/modeling_thuy/output/adult/acc/DNN_Adult_train_synthetic_augment_compare_sdv_xgb_mix_ratio-1_n-1_test_original_lr0.001_B512_G500.weight.pth.report.txt,4c874bd4edb77e7129a965e749fc7c2479e2af91,Adult,synthetic,compare_sdv_xgb,test_f1_macro_end,0.6884643658748745,0.6884643658748745,0.0
src/modeling_thuy/output/adult/acc/DNN_Adult_train_synthetic_augment_compare_sdv_xgb_mix_ratio-1_n-1_test_original_lr0.001_B512_G500.weight.pth.report.txt,4c874bd4edb77e7129a965e749fc7c2479e2af91,Adult,synthetic,compare_sdv_xgb,test_f1_micro_end,0.8104136048708797,0.8104136048708797,0.0
src/modeling_thuy/output/adult/acc/DNN_Adult_train_synthetic_augment_compare_sdv_xgb_mix_ratio-1_n-1_test_original_lr0.001_B512_G500.weight.pth.report.txt,4c874bd4edb77e7129a965e749fc7c2479e2af91,Adult,synthetic,compare_sdv_xgb,test_f1_binary_end,0.49355019629837354,0.4935501962983735,5.551115123125783e-17
src/modeling_thuy/output/adult/acc/DNN_Adult_train_synthetic_augment_ctgan_mix_ratio-1_n-1_test_original_lr0.001_B64_G250.weight.pth.report.txt,5da1fcf2fdb693e609d0c0bca92e2e2badb92515,Adult,synthetic,ctgan,test_f1_macro_end,0.7690919815680533,0.7690919815680533,0.0
src/modeling_thuy/output/adult/acc/DNN_Adult_train_synthetic_augment_ctgan_mix_ratio-1_n-1_test_original_lr0.001_B64_G250.weight.pth.report.txt,5da1fcf2fdb693e609d0c0bca92e2e2badb92515,Adult,synthetic,ctgan,test_f1_micro_end,0.8189166491706907,0.8189166491706907,0.0
src/modeling_thuy/output/adult/acc/DNN_Adult_train_synthetic_augment_ctgan_mix_ratio-1_n-1_test_original_lr0.001_B64_G250.weight.pth.report.txt,5da1fcf2fdb693e609d0c0bca92e2e2badb92515,Adult,synthetic,ctgan,test_f1_binary_end,0.6618310135267594,0.6618310135267594,0.0
src/modeling_thuy/output/adult/acc/DNN_Adult_train_synthetic_augment_gaussian_mix_ratio-1_n-1_test_original_lr0.001_B64_G250.weight.pth.report.txt,f5bf3986664c1509f35ad6d728a77efba2503739,Adult,synthetic,gaussian,test_f1_macro_end,0.5681211657622532,0.5681211657622532,0.0
src/modeling_thuy/output/adult/acc/DNN_Adult_train_synthetic_augment_gaussian_mix_ratio-1_n-1_test_original_lr0.001_B64_G250.weight.pth.report.txt,f5bf3986664c1509f35ad6d728a77efba2503739,Adult,synthetic,gaussian,test_f1_micro_end,0.7777661137938274,0.7777661137938274,0.0
src/modeling_thuy/output/adult/acc/DNN_Adult_train_synthetic_augment_gaussian_mix_ratio-1_n-1_test_original_lr0.001_B64_G250.weight.pth.report.txt,f5bf3986664c1509f35ad6d728a77efba2503739,Adult,synthetic,gaussian,test_f1_binary_end,0.26722049151955696,0.2672204915195569,5.551115123125783e-17
src/modeling_thuy/output/adult/acc/DNN_Adult_train_synthetic_augment_pca_gmm_mix_ratio-1_n-1_test_original_lr0.001_B64_G250.weight.pth.report.txt,1816c56e4e6a9b0403e1300f0e9d160d1264dd0c,Adult,synthetic,pca_gmm,test_f1_macro_end,0.7178603513405275,0.7178603513405275,0.0
src/modeling_thuy/output/adult/acc/DNN_Adult_train_synthetic_augment_pca_gmm_mix_ratio-1_n-1_test_original_lr0.001_B64_G250.weight.pth.report.txt,1816c56e4e6a9b0403e1300f0e9d160d1264dd0c,Adult,synthetic,pca_gmm,test_f1_micro_end,0.8104136048708797,0.8104136048708797,0.0
src/modeling_thuy/output/adult/acc/DNN_Adult_train_synthetic_augment_pca_gmm_mix_ratio-1_n-1_test_original_lr0.001_B64_G250.weight.pth.report.txt,1816c56e4e6a9b0403e1300f0e9d160d1264dd0c,Adult,synthetic,pca_gmm,test_f1_binary_end,0.5562653562653562,0.5562653562653562,0.0
src/modeling_thuy/output/adult/acc/DNN_Adult_train_synthetic_augment_rf_mix_ratio-1_n-1_test_original_lr0.001_B64_G250.weight.pth.report.txt,372fda3d03bf7d91f1037345ae127fd434c5bced,Adult,synthetic,rf,test_f1_macro_end,0.7579927197504357,0.7579927197504357,0.0
src/modeling_thuy/output/adult/acc/DNN_Adult_train_synthetic_augment_rf_mix_ratio-1_n-1_test_original_lr0.001_B64_G250.weight.pth.report.txt,372fda3d03bf7d91f1037345ae127fd434c5bced,Adult,synthetic,rf,test_f1_micro_end,0.8374973756036111,0.8374973756036111,0.0
src/modeling_thuy/output/adult/acc/DNN_Adult_train_synthetic_augment_rf_mix_ratio-1_n-1_test_original_lr0.001_B64_G250.weight.pth.report.txt,372fda3d03bf7d91f1037345ae127fd434c5bced,Adult,synthetic,rf,test_f1_binary_end,0.6192818494835219,0.6192818494835219,0.0
src/modeling_thuy/output/adult/acc/DNN_Adult_train_synthetic_augment_sdv_tvae_categorical_mix_ratio-1_n-1_test_original_lr0.001_B512_G500.weight.pth.report.txt,17a4555c8b445f1c283ae90114f50337163a2bfa,Adult,synthetic,sdv_tvae_categorical,test_f1_macro_end,0.7119700527820051,0.7119700527820051,0.0
src/modeling_thuy/output/adult/acc/DNN_Adult_train_synthetic_augment_sdv_tvae_categorical_mix_ratio-1_n-1_test_original_lr0.001_B512_G500.weight.pth.report.txt,17a4555c8b445f1c283ae90114f50337163a2bfa,Adult,synthetic,sdv_tvae_categorical,test_f1_micro_end,0.7529918118832668,0.7529918118832668,0.0
src/modeling_thuy/output/adult/acc/DNN_Adult_train_synthetic_augment_sdv_tvae_gaussian_mix_ratio-1_n-1_test_original_lr0.001_B512_G500.weight.pth.report.txt,3234c4e5158c1a2515329cefe54c6de3fc9bbeb9,Adult,synthetic,sdv_tvae_gaussian,test_f1_macro_end,0.5927665214670166,0.5927665214670166,0.0
src/modeling_thuy/output/adult/acc/DNN_Adult_train_synthetic_augment_sdv_tvae_gaussian_mix_ratio-1_n-1_test_original_lr0.001_B512_G500.weight.pth.report.txt,3234c4e5158c1a2515329cefe54c6de3fc9bbeb9,Adult,synthetic,sdv_tvae_gaussian,test_f1_micro_end,0.7835397858492547,0.7835397858492547,0.0
src/modeling_thuy/output/adult/acc/DNN_Adult_train_synthetic_augment_sdv_tvae_pca_gmm_mix_ratio-1_n-1_test_original_lr0.001_B512_G500.weight.pth.report.txt,9fe8c488bc6400c88ab0ae703c8364d77b642a1a,Adult,synthetic,sdv_tvae_pca_gmm,test_f1_macro_end,0.7167552354977896,0.7167552354977896,0.0
src/modeling_thuy/output/adult/acc/DNN_Adult_train_synthetic_augment_sdv_tvae_pca_gmm_mix_ratio-1_n-1_test_original_lr0.001_B512_G500.weight.pth.report.txt,9fe8c488bc6400c88ab0ae703c8364d77b642a1a,Adult,synthetic,sdv_tvae_pca_gmm,test_f1_micro_end,0.7466932605500735,0.7466932605500735,0.0
src/modeling_thuy/output/adult/acc/DNN_Adult_train_synthetic_augment_sdv_tvae_rf_mix_ratio-1_n-1_test_original_lr0.001_B512_G500.weight.pth.report.txt,e70adac30a31b4f209747438cbfcbd43fa58c527,Adult,synthetic,sdv_tvae_rf,test_f1_macro_end,0.7382145513145162,0.7382145513145162,0.0
src/modeling_thuy/output/adult/acc/DNN_Adult_train_synthetic_augment_sdv_tvae_rf_mix_ratio-1_n-1_test_original_lr0.001_B512_G500.weight.pth.report.txt,e70adac30a31b4f209747438cbfcbd43fa58c527,Adult,synthetic,sdv_tvae_rf,test_f1_micro_end,0.8326684862481629,0.8326684862481629,0.0
src/modeling_thuy/output/adult/acc/DNN_Adult_train_synthetic_augment_sdv_tvae_xgb_mix_ratio-1_n-1_test_original_lr0.001_B512_G500.weight.pth.report.txt,ec97585abbdad3e37c6665a7214292ac8b6ad17e,Adult,synthetic,sdv_tvae_xgb,test_f1_macro_end,0.7303360029130026,0.7303360029130026,0.0
src/modeling_thuy/output/adult/acc/DNN_Adult_train_synthetic_augment_sdv_tvae_xgb_mix_ratio-1_n-1_test_original_lr0.001_B512_G500.weight.pth.report.txt,ec97585abbdad3e37c6665a7214292ac8b6ad17e,Adult,synthetic,sdv_tvae_xgb,test_f1_micro_end,0.8277346210371614,0.8277346210371614,0.0
src/modeling_thuy/output/adult/acc/DNN_Adult_train_synthetic_augment_tvae_mix_ratio-1_n-1_test_original_lr0.001_B64_G250.weight.pth.report.txt,27c596ecdd02ffa7287391c9043f817c346d13cd,Adult,synthetic,tvae,test_f1_macro_end,0.7177808494069435,0.7177808494069435,0.0
src/modeling_thuy/output/adult/acc/DNN_Adult_train_synthetic_augment_tvae_mix_ratio-1_n-1_test_original_lr0.001_B64_G250.weight.pth.report.txt,27c596ecdd02ffa7287391c9043f817c346d13cd,Adult,synthetic,tvae,test_f1_micro_end,0.807264329204283,0.807264329,2.0428303493247313e-10
src/modeling_thuy/output/adult/acc/DNN_Adult_train_synthetic_augment_tvae_mix_ratio-1_n-1_test_original_lr0.001_B64_G250.weight.pth.report.txt,27c596ecdd02ffa7287391c9043f817c346d13cd,Adult,synthetic,tvae,test_f1_binary_end,0.5588659298414224,0.5588659298414224,0.0
src/modeling_thuy/output/adult/acc/DNN_Adult_train_synthetic_augment_xgb_mix_ratio-1_n-1_test_original_lr0.001_B64_G250.weight.pth.report.txt,5930accb52385b1d89547841f57d5ebd640aa1ac,Adult,synthetic,xgb,test_f1_macro_end,0.7374930147509772,0.7374930147509772,0.0
src/modeling_thuy/output/adult/acc/DNN_Adult_train_synthetic_augment_xgb_mix_ratio-1_n-1_test_original_lr0.001_B64_G250.weight.pth.report.txt,5930accb52385b1d89547841f57d5ebd640aa1ac,Adult,synthetic,xgb,test_f1_micro_end,0.829414234726013,0.829414235,-2.7398694424363157e-10
src/modeling_thuy/output/adult/acc/DNN_Adult_train_synthetic_augment_xgb_mix_ratio-1_n-1_test_original_lr0.001_B64_G250.weight.pth.report.txt,5930accb52385b1d89547841f57d5ebd640aa1ac,Adult,synthetic,xgb,test_f1_binary_end,0.5821547955772692,0.5821547955772692,0.0
src/modeling_thuy/output/census/acc/DNN_Census_train_original_test_original_lr0.001_B512_G500.weight.pth.report.txt,1e4d13b3e397884e411c09ed8be7dab79d5c7e01,Census,original,none,test_f1_macro_end,0.7953328387727556,0.7953328387727556,0.0
src/modeling_thuy/output/census/acc/DNN_Census_train_original_test_original_lr0.001_B512_G500.weight.pth.report.txt,1e4d13b3e397884e411c09ed8be7dab79d5c7e01,Census,original,none,test_f1_micro_end,0.8545034642032333,0.8545034642032333,0.0
src/modeling_thuy/output/census/acc/DNN_Census_train_synthetic_augment_categorical_mix_ratio-1_n-1_test_original_lr0.001_B64_G250.weight.pth.report.txt,9991c9fd326b772930f1bc361ef0caea6dca32ad,Census,synthetic,categorical,test_f1_macro_end,0.7165263753134499,0.7165263753134499,0.0
src/modeling_thuy/output/census/acc/DNN_Census_train_synthetic_augment_categorical_mix_ratio-1_n-1_test_original_lr0.001_B64_G250.weight.pth.report.txt,9991c9fd326b772930f1bc361ef0caea6dca32ad,Census,synthetic,categorical,test_f1_micro_end,0.7595003149275666,0.7595003149275666,0.0
src/modeling_thuy/output/census/acc/DNN_Census_train_synthetic_augment_categorical_mix_ratio-1_n-1_test_original_lr0.001_B64_G250.weight.pth.report.txt,9991c9fd326b772930f1bc361ef0caea6dca32ad,Census,synthetic,categorical,test_f1_binary_end,0.6061543751074437,0.6061543751074437,0.0
src/modeling_thuy/output/census/acc/DNN_Census_train_synthetic_augment_compare_sdv_categorical_mix_ratio-1_n-1_test_original_lr0.001_B512_G500.weight.pth.report.txt,2d2199a7ef429b983a830fe7d24f296fe5e82421,Census,synthetic,compare_sdv_categorical,test_f1_macro_end,0.7170731252988158,0.7170731252988158,0.0
src/modeling_thuy/output/census/acc/DNN_Census_train_synthetic_augment_compare_sdv_categorical_mix_ratio-1_n-1_test_original_lr0.001_B512_G500.weight.pth.report.txt,2d2199a7ef429b983a830fe7d24f296fe5e82421,Census,synthetic,compare_sdv_categorical,test_f1_micro_end,0.7589754356498005,0.7589754356498005,0.0
src/modeling_thuy/output/census/acc/DNN_Census_train_synthetic_augment_compare_sdv_categorical_mix_ratio-1_n-1_test_original_lr0.001_B512_G500.weight.pth.report.txt,2d2199a7ef429b983a830fe7d24f296fe5e82421,Census,synthetic,compare_sdv_categorical,test_f1_binary_end,0.6081911262798635,0.6081911262798635,0.0
src/modeling_thuy/output/census/acc/DNN_Census_train_synthetic_augment_compare_sdv_gaussian_mix_ratio-1_n-1_test_original_lr0.001_B512_G500.weight.pth.report.txt,d99305a19ef20ce0b2e94f157536abb41843fb52,Census,synthetic,compare_sdv_gaussian,test_f1_macro_end,0.599631068979284,0.599631069,-2.0715984483388183e-11
src/modeling_thuy/output/census/acc/DNN_Census_train_synthetic_augment_compare_sdv_gaussian_mix_ratio-1_n-1_test_original_lr0.001_B512_G500.weight.pth.report.txt,d99305a19ef20ce0b2e94f157536abb41843fb52,Census,synthetic,compare_sdv_gaussian,test_f1_micro_end,0.7862691580936385,0.7862691580936385,0.0
src/modeling_thuy/output/census/acc/DNN_Census_train_synthetic_augment_compare_sdv_gaussian_mix_ratio-1_n-1_test_original_lr0.001_B512_G500.weight.pth.report.txt,d99305a19ef20ce0b2e94f157536abb41843fb52,Census,synthetic,compare_sdv_gaussian,test_f1_binary_end,0.32627399073461283,0.3262739907346128,5.551115123125783e-17
src/modeling_thuy/output/census/acc/DNN_Census_train_synthetic_augment_compare_sdv_pca_gmm_mix_ratio-1_n-1_test_original_lr0.001_B512_G500.weight.pth.report.txt,1a5777a8d3ad268c45fbf499d6e587bcd2a51a79,Census,synthetic,compare_sdv_pca_gmm,test_f1_macro_end,0.7279380377241917,0.7279380377241917,0.0
src/modeling_thuy/output/census/acc/DNN_Census_train_synthetic_augment_compare_sdv_pca_gmm_mix_ratio-1_n-1_test_original_lr0.001_B512_G500.weight.pth.report.txt,1a5777a8d3ad268c45fbf499d6e587bcd2a51a79,Census,synthetic,compare_sdv_pca_gmm,test_f1_micro_end,0.7608650010497585,0.7608650010497585,0.0
src/modeling_thuy/output/census/acc/DNN_Census_train_synthetic_augment_compare_sdv_pca_gmm_mix_ratio-1_n-1_test_original_lr0.001_B512_G500.weight.pth.report.txt,1a5777a8d3ad268c45fbf499d6e587bcd2a51a79,Census,synthetic,compare_sdv_pca_gmm,test_f1_binary_end,0.633290405666452,0.633290406,-3.3354796702411704e-10
src/modeling_thuy/output/census/acc/DNN_Census_train_synthetic_augment_compare_sdv_rf_mix_ratio-1_n-1_test_original_lr0.001_B512_G500.weight.pth.report.txt,5921e8c62eefad2030f2a8b7e32e692bf3c95d1b,Census,synthetic,compare_sdv_rf,test_f1_macro_end,0.7482532033108433,0.7482532033108433,0.0
src/modeling_thuy/output/census/acc/DNN_Census_train_synthetic_augment_compare_sdv_rf_mix_ratio-1_n-1_test_original_lr0.001_B512_G500.weight.pth.report.txt,5921e8c62eefad2030f2a8b7e32e692bf3c95d1b,Census,synthetic,compare_sdv_rf,test_f1_micro_end,0.834138148225908,0.834138148,2.259080700284244e-10
src/modeling_thuy/output/census/acc/DNN_Census_train_synthetic_augment_compare_sdv_rf_mix_ratio-1_n-1_test_original_lr0.001_B512_G500.weight.pth.report.txt,5921e8c62eefad2030f2a8b7e32e692bf3c95d1b,Census,synthetic,compare_sdv_rf,test_f1_binary_end,0.6012115093387178,0.6012115093387178,0.0
src/modeling_thuy/output/census/acc/DNN_Census_train_synthetic_augment_compare_sdv_tvae_categoricalNB_mix_ratio-1_n-1_test_original_lr0.001_B512_G500.weight.pth.report.txt,498ec37598bd8fef388d7658708dc6fe7c9ed86f,Census,synthetic,compare_sdv_tvae_categoricalNB,test_f1_macro_end,0.7121166376799553,0.7121166376799553,0.0
src/modeling_thuy/output/census/acc/DNN_Census_train_synthetic_augment_compare_sdv_tvae_categoricalNB_mix_ratio-1_n-1_test_original_lr0.001_B512_G500.weight.pth.report.txt,498ec37598bd8fef388d7658708dc6fe7c9ed86f,Census,synthetic,compare_sdv_tvae_categoricalNB,test_f1_micro_end,0.7525719084610539,0.7525719084610539,0.0
src/modeling_thuy/output/census/acc/DNN_Census_train_synthetic_augment_compare_sdv_tvae_gaussianNB_mix_ratio-1_n-1_test_original_lr0.001_B512_G500.weight.pth.report.txt,70bc689b5312b783e8d43b9c113d6b506bd1312e,Census,synthetic,compare_sdv_tvae_gaussianNB,test_f1_macro_end,0.6003994756881593,0.6003994756881593,0.0
src/modeling_thuy/output/census/acc/DNN_Census_train_synthetic_augment_compare_sdv_tvae_gaussianNB_mix_ratio-1_n-1_test_original_lr0.001_B512_G500.weight.pth.report.txt,70bc689b5312b783e8d43b9c113d6b506bd1312e,Census,synthetic,compare_sdv_tvae_gaussianNB,test_f1_micro_end,0.7861641822380853,0.7861641822380853,0.0
src/modeling_thuy/output/census/acc/DNN_Census_train_synthetic_augment_compare_sdv_tvae_pca_gmm_mix_ratio-1_n-1_test_original_lr0.001_B512_G500.weight.pth.report.txt,a90f0bd3ae4b6f625347b824a56ab5ce66297168,Census,synthetic,compare_sdv_tvae_pca_gmm,test_f1_macro_end,0.7004852002408257,0.7004852002408257,0.0
src/modeling_thuy/output/census/acc/DNN_Census_train_synthetic_augment_compare_sdv_tvae_pca_gmm_mix_ratio-1_n-1_test_original_lr0.001_B512_G500.weight.pth.report.txt,a90f0bd3ae4b6f625347b824a56ab5ce66297168,Census,synthetic,compare_sdv_tvae_pca_gmm,test_f1_micro_end,0.7243334033172371,0.7243334033172371,0.0
src/modeling_thuy/output/census/acc/DNN_Census_train_synthetic_augment_compare_sdv_tvae_rf_mix_ratio-1_n-1_test_original_lr0.001_B512_G500.weight.pth.report.txt,369637a7eb06beabf22ba7eef3896c2fed6ad069,Census,synthetic,compare_sdv_tvae_rf,test_f1_macro_end,0.7520767058893754,0.7520767058893754,0.0
src/modeling_thuy/output/census/acc/DNN_Census_train_synthetic_augment_compare_sdv_tvae_rf_mix_ratio-1_n-1_test_original_lr0.001_B512_G500.weight.pth.report.txt,369637a7eb06beabf22ba7eef3896c2fed6ad069,Census,synthetic,compare_sdv_tvae_rf,test_f1_micro_end,0.8376023514591644,0.8376023514591644,0.0
src/modeling_thuy/output/census/acc/DNN_Census_train_synthetic_augment_compare_sdv_tvae_xgb_mix_ratio-1_n-1_test_original_lr0.001_B512_G500.weight.pth.report.txt,9463997c1a3a60922599144f380ec07a69aa7852,Census,synthetic,compare_sdv_tvae_xgb,test_f1_macro_end,0.7298005193162309,0.7298005193162309,0.0
src/modeling_thuy/output/census/acc/DNN_Census_train_synthetic_augment_compare_sdv_tvae_xgb_mix_ratio-1_n-1_test_original_lr0.001_B512_G500.weight.pth.report.txt,9463997c1a3a60922599144f380ec07a69aa7852,Census,synthetic,compare_sdv_tvae_xgb,test_f1_micro_end,0.8254251522149906,0.8254251522149906,0.0
src/modeling_thuy/output/census/acc/DNN_Census_train_synthetic_augment_compare_sdv_xgb_mix_ratio-1_n-1_test_original_lr0.001_B512_G500.weight.pth.report.txt,c91d454c0eac74c843a382d1e2bf3a2d2d60e876,Census,synthetic,compare_sdv_xgb,test_f1_macro_end,0.728075273881734,0.728075274,-1.1826606360898495e-10
src/modeling_thuy/output/census/acc/DNN_Census_train_synthetic_augment_compare_sdv_xgb_mix_ratio-1_n-1_test_original_lr0.001_B512_G500.weight.pth.report.txt,c91d454c0eac74c843a382d1e2bf3a2d2d60e876,Census,synthetic,compare_sdv_xgb,test_f1_micro_end,0.8244803695150116,0.8244803695150116,0.0
src/modeling_thuy/output/census/acc/DNN_Census_train_synthetic_augment_compare_sdv_xgb_mix_ratio-1_n-1_test_original_lr0.001_B512_G500.weight.pth.report.txt,c91d454c0eac74c843a382d1e2bf3a2d2d60e876,Census,synthetic,compare_sdv_xgb,test_f1_binary_end,0.5661650233523612,0.5661650233523612,0.0
src/modeling_thuy/output/census/acc/DNN_Census_train_synthetic_augment_ctgan_mix_ratio-1_n-1_test_original_lr0.001_B64_G250.weight.pth.report.txt,437d9b0be36729c9f3cdce9d081f15a18846afb6,Census,synthetic,ctgan,test_f1_macro_end,0.7598101739997537,0.7598101739997537,0.0
src/modeling_thuy/output/census/acc/DNN_Census_train_synthetic_augment_ctgan_mix_ratio-1_n-1_test_original_lr0.001_B64_G250.weight.pth.report.txt,437d9b0be36729c9f3cdce9d081f15a18846afb6,Census,synthetic,ctgan,test_f1_micro_end,0.8095737980264539,0.8095737980264539,0.0
src/modeling_thuy/output/census/acc/DNN_Census_train_synthetic_augment_ctgan_mix_ratio-1_n-1_test_original_lr0.001_B64_G250.weight.pth.report.txt,437d9b0be36729c9f3cdce9d081f15a18846afb6,Census,synthetic,ctgan,test_f1_binary_end,0.6504816955684007,0.6504816955684007,0.0
src/modeling_thuy/output/census/acc/DNN_Census_train_synthetic_augment_gaussian_mix_ratio-1_n-1_test_original_lr0.001_B64_G250.weight.pth.report.txt,9ccd377cebb98751e0322c5acdf090291e477005,Census,synthetic,gaussian,test_f1_macro_end,0.6345683180015191,0.6345683180015191,0.0
src/modeling_thuy/output/census/acc/DNN_Census_train_synthetic_augment_gaussian_mix_ratio-1_n-1_test_original_lr0.001_B64_G250.weight.pth.report.txt,9ccd377cebb98751e0322c5acdf090291e477005,Census,synthetic,gaussian,test_f1_micro_end,0.7979214780600462,0.7979214780600462,0.0
src/modeling_thuy/output/census/acc/DNN_Census_train_synthetic_augment_gaussian_mix_ratio-1_n-1_test_original_lr0.001_B64_G250.weight.pth.report.txt,9ccd377cebb98751e0322c5acdf090291e477005,Census,synthetic,gaussian,test_f1_binary_end,0.3902439024390244,0.3902439024390244,0.0
src/modeling_thuy/output/census/acc/DNN_Census_train_synthetic_augment_pca_gmm_mix_ratio-1_n-1_test_original_lr0.001_B64_G250.weight.pth.report.txt,67a7f8ddf9129180d5a3ece661f93cc188ffce6b,Census,synthetic,pca_gmm,test_f1_macro_end,0.7352284277385774,0.7352284277385774,0.0
src/modeling_thuy/output/census/acc/DNN_Census_train_synthetic_augment_pca_gmm_mix_ratio-1_n-1_test_original_lr0.001_B64_G250.weight.pth.report.txt,67a7f8ddf9129180d5a3ece661f93cc188ffce6b,Census,synthetic,pca_gmm,test_f1_micro_end,0.8155574217929876,0.8155574217929876,0.0
src/modeling_thuy/output/census/acc/DNN_Census_train_synthetic_augment_pca_gmm_mix_ratio-1_n-1_test_original_lr0.001_B64_G250.weight.pth.report.txt,67a7f8ddf9129180d5a3ece661f93cc188ffce6b,Census,synthetic,pca_gmm,test_f1_binary_end,0.5893900444028979,0.5893900444028979,0.0
src/modeling_thuy/output/census/acc/DNN_Census_train_synthetic_augment_sdv_tvae_categorical_mix_ratio-1_n-1_test_original_lr0.001_B512_G500.weight.pth.report.txt,59f0cc7df1e70709c8f785b46bf2f4130c0403a8,Census,synthetic,sdv_tvae_categorical,test_f1_macro_end,0.7107402488555818,0.7107402488555818,0.0
src/modeling_thuy/output/census/acc/DNN_Census_train_synthetic_augment_sdv_tvae_categorical_mix_ratio-1_n-1_test_original_lr0.001_B512_G500.weight.pth.report.txt,59f0cc7df1e70709c8f785b46bf2f4130c0403a8,Census,synthetic,sdv_tvae_categorical,test_f1_micro_end,0.7496325845055637,0.7496325845055637,0.0
src/modeling_thuy/output/census/acc/DNN_Census_train_synthetic_augment_sdv_tvae_gaussian_mix_ratio-1_n-1_test_original_lr0.001_B512_G500.weight.pth.report.txt,8824c04cf6acda2baea041825845f38516320b08,Census,synthetic,sdv_tvae_gaussian,test_f1_macro_end,0.6198234694351733,0.6198234694351733,0.0
src/modeling_thuy/output/census/acc/DNN_Census_train_synthetic_augment_sdv_tvae_gaussian_mix_ratio-1_n-1_test_original_lr0.001_B512_G500.weight.pth.report.txt,8824c04cf6acda2baea041825845f38516320b08,Census,synthetic,sdv_tvae_gaussian,test_f1_micro_end,0.793092588704598,0.793092589,-2.954020361656262e-10
src/modeling_thuy/output/census/acc/DNN_Census_train_synthetic_augment_sdv_tvae_pca_gmm_mix_ratio-1_n-1_test_original_lr0.001_B512_G500.weight.pth.report.txt,3c45b9c4b8d5104059c1d476ced634c31a233eb8,Census,synthetic,sdv_tvae_pca_gmm,test_f1_macro_end,0.7055690671344098,0.7055690671344098,0.0
src/modeling_thuy/output/census/acc/DNN_Census_train_synthetic_augment_sdv_tvae_pca_gmm_mix_ratio-1_n-1_test_original_lr0.001_B512_G500.weight.pth.report.txt,3c45b9c4b8d5104059c1d476ced634c31a233eb8,Census,synthetic,sdv_tvae_pca_gmm,test_f1_micro_end,0.7312618097837498,0.7312618097837498,0.0
src/modeling_thuy/output/census/acc/DNN_Census_train_synthetic_augment_sdv_tvae_rf_mix_ratio-1_n-1_test_original_lr0.001_B512_G500.weight.pth.report.txt,1f1c0591be11739141e798735af9456e20688c2a,Census,synthetic,sdv_tvae_rf,test_f1_macro_end,0.7450013875541358,0.7450013875541358,0.0
src/modeling_thuy/output/census/acc/DNN_Census_train_synthetic_augment_sdv_tvae_rf_mix_ratio-1_n-1_test_original_lr0.001_B512_G500.weight.pth.report.txt,1f1c0591be11739141e798735af9456e20688c2a,Census,synthetic,sdv_tvae_rf,test_f1_micro_end,0.8378123031702709,0.8378123031702709,0.0
src/modeling_thuy/output/census/acc/DNN_Census_train_synthetic_augment_sdv_tvae_xgb_mix_ratio-1_n-1_test_original_lr0.001_B512_G500.weight.pth.report.txt,08abda1eb9e704e263420910b1f58c1e1aee990a,Census,synthetic,sdv_tvae_xgb,test_f1_macro_end,0.7282080396366846,0.7282080396366846,0.0
src/modeling_thuy/output/census/acc/DNN_Census_train_synthetic_augment_sdv_tvae_xgb_mix_ratio-1_n-1_test_original_lr0.001_B512_G500.weight.pth.report.txt,08abda1eb9e704e263420910b1f58c1e1aee990a,Census,synthetic,sdv_tvae_xgb,test_f1_micro_end,0.8307789208482049,0.8307789208482049,0.0
src/modeling_thuy/output/census/acc/DNN_Census_train_synthetic_augment_tvae_mix_ratio-1_n-1_test_original_lr0.001_B64_G250.weight.pth.report.txt,edf8f86bf3344d48d410ee981d69f3a1fb995f67,Census,synthetic,tvae,test_f1_macro_end,0.7222924020703038,0.7222924020703038,0.0
src/modeling_thuy/output/census/acc/DNN_Census_train_synthetic_augment_tvae_mix_ratio-1_n-1_test_original_lr0.001_B64_G250.weight.pth.report.txt,edf8f86bf3344d48d410ee981d69f3a1fb995f67,Census,synthetic,tvae,test_f1_micro_end,0.8045349569598992,0.8045349569598992,0.0
src/modeling_thuy/output/census/acc/DNN_Census_train_synthetic_augment_tvae_mix_ratio-1_n-1_test_original_lr0.001_B64_G250.weight.pth.report.txt,edf8f86bf3344d48d410ee981d69f3a1fb995f67,Census,synthetic,tvae,test_f1_binary_end,0.5711653615845232,0.5711653615845232,0.0
src/modeling_thuy/output/census/acc/DNN_Census_train_synthetic_augment_xgb_mix_ratio-1_n-1_test_original_lr0.001_B64_G250.weight.pth.report.txt,8e5d02cac71110a8d3b01757df8e5fde5c96b733,Census,synthetic,xgb,test_f1_macro_end,0.7280140604893692,0.7280140604893692,0.0
src/modeling_thuy/output/census/acc/DNN_Census_train_synthetic_augment_xgb_mix_ratio-1_n-1_test_original_lr0.001_B64_G250.weight.pth.report.txt,8e5d02cac71110a8d3b01757df8e5fde5c96b733,Census,synthetic,xgb,test_f1_micro_end,0.8200713835817762,0.8200713835817762,0.0
src/modeling_thuy/output/census/acc/DNN_Census_train_synthetic_augment_xgb_mix_ratio-1_n-1_test_original_lr0.001_B64_G250.weight.pth.report.txt,8e5d02cac71110a8d3b01757df8e5fde5c96b733,Census,synthetic,xgb,test_f1_binary_end,0.5697791164658634,0.5697791164658634,0.0
src/modeling_thuy/output/census_kdd/acc/DNN_Census_Kdd_train_original_test_original_lr0.001_B512_G500.weight.pth.report.txt,d5a55f6ca39ac42e35e2e918d55f2f3c5443ff43,Census_Kdd,original,none,test_f1_macro_end,0.7966883797103912,0.7966883797103912,0.0
src/modeling_thuy/output/census_kdd/acc/DNN_Census_Kdd_train_original_test_original_lr0.001_B512_G500.weight.pth.report.txt,d5a55f6ca39ac42e35e2e918d55f2f3c5443ff43,Census_Kdd,original,none,test_f1_micro_end,0.8559731261809784,0.8559731261809784,0.0
src/modeling_thuy/output/census_kdd/acc/DNN_Census_Kdd_train_original_test_original_lr0.001_B512_G500.weight.pth.report.txt,d5a55f6ca39ac42e35e2e918d55f2f3c5443ff43,Census_Kdd,original,none,test_f1_binary_end,0.6869009584664537,0.6869009584664537,0.0
src/modeling_thuy/output/census_kdd/acc/DNN_Census_Kdd_train_synthetic_augment_categorical_mix_ratio-1_n-1_test_original_lr0.001_B512_G500.weight.pth.report.txt,9c7b8137e2c3260710592444f923af399eb49414,Census_Kdd,synthetic,categorical,test_f1_macro_end,0.7202976902626278,0.7202976902626278,0.0
src/modeling_thuy/output/census_kdd/acc/DNN_Census_Kdd_train_synthetic_augment_categorical_mix_ratio-1_n-1_test_original_lr0.001_B512_G500.weight.pth.report.txt,9c7b8137e2c3260710592444f923af399eb49414,Census_Kdd,synthetic,categorical,test_f1_micro_end,0.7660088179718665,0.7660088179718665,0.0
src/modeling_thuy/output/census_kdd/acc/DNN_Census_Kdd_train_synthetic_augment_categorical_mix_ratio-1_n-1_test_original_lr0.001_B512_G500.weight.pth.report.txt,9c7b8137e2c3260710592444f923af399eb49414,Census_Kdd,synthetic,categorical,test_f1_binary_end,0.6072246696035243,0.6072246696035243,0.0
src/modeling_thuy/output/census_kdd/acc/DNN_Census_Kdd_train_synthetic_augment_compare_sdv_categorical_mix_ratio-1_n-1_test_original_lr0.001_B512_G500.weight.pth.report.txt,1a9608e67e0990cb233a7665fbc423473d51378a,Census_Kdd,synthetic,compare_sdv_categorical,test_f1_macro_end,0.7172767629855854,0.7172767629855854,0.0
src/modeling_thuy/output/census_kdd/acc/DNN_Census_Kdd_train_synthetic_augment_compare_sdv_categorical_mix_ratio-1_n-1_test_original_lr0.001_B512_G500.weight.pth.report.txt,1a9608e67e0990cb233a7665fbc423473d51378a,Census_Kdd,synthetic,compare_sdv_categorical,test_f1_micro_end,0.7590804115053538,0.7590804115053538,0.0
src/modeling_thuy/output/census_kdd/acc/DNN_Census_Kdd_train_synthetic_augment_compare_sdv_categorical_mix_ratio-1_n-1_test_original_lr0.001_B512_G500.weight.pth.report.txt,1a9608e67e0990cb233a7665fbc423473d51378a,Census_Kdd,synthetic,compare_sdv_categorical,test_f1_binary_end,0.6085621695377793,0.6085621695377793,0.0
src/modeling_thuy/output/census_kdd/acc/DNN_Census_Kdd_train_synthetic_augment_compare_sdv_gaussian_mix_ratio-1_n-1_test_original_lr0.001_B512_G500.weight.pth.report.txt,87c5e8f14b5062d6f4c25bd3f7a9dc8e526a5596,Census_Kdd,synthetic,compare_sdv_gaussian,test_f1_macro_end,0.5966279574314135,0.5966279574314135,0.0
src/modeling_thuy/output/census_kdd/acc/DNN_Census_Kdd_train_synthetic_augment_compare_sdv_gaussian_mix_ratio-1_n-1_test_original_lr0.001_B512_G500.weight.pth.report.txt,87c5e8f14b5062d6f4c25bd3f7a9dc8e526a5596,Census_Kdd,synthetic,compare_sdv_gaussian,test_f1_micro_end,0.7855343271047659,0.7855343271047659,0.0
src/modeling_thuy/output/census_kdd/acc/DNN_Census_Kdd_train_synthetic_augment_compare_sdv_gaussian_mix_ratio-1_n-1_test_original_lr0.001_B512_G500.weight.pth.report.txt,87c5e8f14b5062d6f4c25bd3f7a9dc8e526a5596,Census_Kdd,synthetic,compare_sdv_gaussian,test_f1_binary_end,0.32058530096441634,0.3205853009644163,5.551115123125783e-17
src/modeling_thuy/output/census_kdd/acc/DNN_Census_Kdd_train_synthetic_augment_compare_sdv_pca_gmm_mix_ratio-1_n-1_test_original_lr0.001_B512_G500.weight.pth.report.txt,474882246d43339d0d772c11fafcd8c3170a395b,Census_Kdd,synthetic,compare_sdv_pca_gmm,test_f1_macro_end,0.7283041707884634,0.7283041707884634,0.0
src/modeling_thuy/output/census_kdd/acc/DNN_Census_Kdd_train_synthetic_augment_compare_sdv_pca_gmm_mix_ratio-1_n-1_test_original_lr0.001_B512_G500.weight.pth.report.txt,474882246d43339d0d772c11fafcd8c3170a395b,Census_Kdd,synthetic,compare_sdv_pca_gmm,test_f1_micro_end,0.7617048078941844,0.7617048078941844,0.0
src/modeling_thuy/output/census_kdd/acc/DNN_Census_Kdd_train_synthetic_augment_compare_sdv_pca_gmm_mix_ratio-1_n-1_test_original_lr0.001_B512_G500.weight.pth.report.txt,474882246d43339d0d772c11fafcd8c3170a395b,Census_Kdd,synthetic,compare_sdv_pca_gmm,test_f1_binary_end,0.6330423537019075,0.6330423537019075,0.0
src/modeling_thuy/output/census_kdd/acc/DNN_Census_Kdd_train_synthetic_augment_compare_sdv_rf_mix_ratio-1_n-1_test_original_lr0.001_B512_G500.weight.pth.report.txt,30e7a7280e4b1433325fb4824905b647560578e3,Census_Kdd,synthetic,compare_sdv_rf,test_f1_macro_end,0.7445281070104595,0.7445281070104595,0.0
src/modeling_thuy/output/census_kdd/acc/DNN_Census_Kdd_train_synthetic_augment_compare_sdv_rf_mix_ratio-1_n-1_test_original_lr0.001_B512_G500.weight.pth.report.txt,30e7a7280e4b1433325fb4824905b647560578e3,Census_Kdd,synthetic,compare_sdv_rf,test_f1_micro_end,0.8328784379592694,0.8328784379592694,0.0
src/modeling_thuy/output/census_kdd/acc/DNN_Census_Kdd_train_synthetic_augment_compare_sdv_rf_mix_ratio-1_n-1_test_original_lr0.001_B512_G500.weight.pth.report.txt,30e7a7280e4b1433325fb4824905b647560578e3,Census_Kdd,synthetic,compare_sdv_rf,test_f1_binary_end,0.5942915392456677,0.5942915392456677,0.0
src/modeling_thuy/output/census_kdd/acc/DNN_Census_Kdd_train_synthetic_augment_compare_sdv_tvae_categoricalNB_mix_ratio-1_n-1_test_original_lr0.001_B512_G500.weight.pth.report.txt,e437660adb28e428a4a404febebfb1135e45a910,Census_Kdd,synthetic,compare_sdv_tvae_categoricalNB,test_f1_macro_end,0.7127147230312312,0.7127147230312312,0.0
src/modeling_thuy/output/census_kdd/acc/DNN_Census_Kdd_train_synthetic_augment_compare_sdv_tvae_categoricalNB_mix_ratio-1_n-1_test_original_lr0.001_B512_G500.weight.pth.report.txt,e437660adb28e428a4a404febebfb1135e45a910,Census_Kdd,synthetic,compare_sdv_tvae_categoricalNB,test_f1_micro_end,0.7535166911610329,0.7535166911610329,0.0
src/modeling_thuy/output/census_kdd/acc/DNN_Census_Kdd_train_synthetic_augment_compare_sdv_tvae_categoricalNB_mix_ratio-1_n-1_test_original_lr0.001_B512_G500.weight.pth.report.txt,e437660adb28e428a4a404febebfb1135e45a910,Census_Kdd,synthetic,compare_sdv_tvae_categoricalNB,test_f1_binary_end,0.6044474393530997,0.6044474393530997,0.0
src/modeling_thuy/output/census_kdd/acc/DNN_Census_Kdd_train_synthetic_augment_compare_sdv_tvae_gaussianNB_mix_ratio-1_n-1_test_original_lr0.001_B512_G500.weight.pth.report.txt,2dc27476b60e4a9fe54ec221f4414548fd178bfd,Census_Kdd,synthetic,compare_sdv_tvae_gaussianNB,test_f1_macro_end,0.6026063810156576,0.6026063810156576,0.0
src/modeling_thuy/output/census_kdd/acc/DNN_Census_Kdd_train_synthetic_augment_compare_sdv_tvae_gaussianNB_mix_ratio-1_n-1_test_original_lr0.001_B512_G500.weight.pth.report.txt,2dc27476b60e4a9fe54ec221f4414548fd178bfd,Census_Kdd,synthetic,compare_sdv_tvae_gaussianNB,test_f1_micro_end,0.787003989082511,0.787003989,8.25109980340244e-11
src/modeling_thuy/output/census_kdd/acc/DNN_Census_Kdd_train_synthetic_augment_compare_sdv_tvae_gaussianNB_mix_ratio-1_n-1_test_original_lr0.001_B512_G500.weight.pth.report.txt,2dc27476b60e4a9fe54ec221f4414548fd178bfd,Census_Kdd,synthetic,compare_sdv_tvae_gaussianNB,test_f1_binary_end,0.33190648666447153,0.3319064866644715,5.551115123125783e-17
src/modeling_thuy/output/census_kdd/acc/DNN_Census_Kdd_train_synthetic_augment_compare_sdv_tvae_pca_gmm_mix_ratio-1_n-1_test_original_lr0.001_B512_G500.weight.pth.report.txt,88af5f46ce0b7f48a12f7c33789f27ed5fb1b707,Census_Kdd,synthetic,compare_sdv_tvae_pca_gmm,test_f1_macro_end,0.6966824844551529,0.6966824844551529,0.0
src/modeling_thuy/output/census_kdd/acc/DNN_Census_Kdd_train_synthetic_augment_compare_sdv_tvae_pca_gmm_mix_ratio-1_n-1_test_original_lr0.001_B512_G500.weight.pth.report.txt,88af5f46ce0b7f48a12f7c33789f27ed5fb1b707,Census_Kdd,synthetic,compare_sdv_tvae_pca_gmm,test_f1_micro_end,0.719609489817342,0.71960949,-1.8265799983652187e-10
src/modeling_thuy/output/census_kdd/acc/DNN_Census_Kdd_train_synthetic_augment_compare_sdv_tvae_pca_gmm_mix_ratio-1_n-1_test_original_lr0.001_B512_G500.weight.pth.report.txt,88af5f46ce0b7f48a12f7c33789f27ed5fb1b707,Census_Kdd,synthetic,compare_sdv_tvae_pca_gmm,test_f1_binary_end,0.6132908643405242,0.6132908643405242,0.0
src/modeling_thuy/output/census_kdd/acc/DNN_Census_Kdd_train_synthetic_augment_compare_sdv_tvae_rf_mix_ratio-1_n-1_test_original_lr0.001_B512_G500.weight.pth.report.txt,3b20bf9aeccd99e597cf6d02ee047610a92420f1,Census_Kdd,synthetic,compare_sdv_tvae_rf,test_f1_macro_end,0.7457132594898384,0.7457132594898384,0.0
src/modeling_thuy/output/census_kdd/acc/DNN_Census_Kdd_train_synthetic_augment_compare_sdv_tvae_rf_mix_ratio-1_n-1_test_original_lr0.001_B512_G500.weight.pth.report.txt,3b20bf9aeccd99e597cf6d02ee047610a92420f1,Census_Kdd,synthetic,compare_sdv_tvae_rf,test_f1_micro_end,0.8363426411925258,0.8363426411925258,0.0
src/modeling_thuy/output/census_kdd/acc/DNN_Census_Kdd_train_synthetic_augment_compare_sdv_tvae_rf_mix_ratio-1_n-1_test_original_lr0.001_B512_G500.weight.pth.report.txt,3b20bf9aeccd99e597cf6d02ee047610a92420f1,Census_Kdd,synthetic,compare_sdv_tvae_rf,test_f1_binary_end,0.593904662672571,0.593904663,-3.274289728238955e-10
src/modeling_thuy/output/census_kdd/acc/DNN_Census_Kdd_train_synthetic_augment_compare_sdv_tvae_xgb_mix_ratio-1_n-1_test_original_lr0.001_B512_G500.weight.pth.report.txt,94534c0f6ebf9a21aed338e016f6b016b2613715,Census_Kdd,synthetic,compare_sdv_tvae_xgb,test_f1_macro_end,0.7305027309961896,0.7305027309961896,0.0
src/modeling_thuy/output/census_kdd/acc/DNN_Census_Kdd_train_synthetic_augment_compare_sdv_tvae_xgb_mix_ratio-1_n-1_test_original_lr0.001_B512_G500.weight.pth.report.txt,94534c0f6ebf9a21aed338e016f6b016b2613715,Census_Kdd,synthetic,compare_sdv_tvae_xgb,test_f1_micro_end,0.8267898383371824,0.8267898383371824,0.0
src/modeling_thuy/output/census_kdd/acc/DNN_Census_Kdd_train_synthetic_augment_compare_sdv_tvae_xgb_mix_ratio-1_n-1_test_original_lr0.001_B512_G500.weight.pth.report.txt,94534c0f6ebf9a21aed338e016f6b016b2613715,Census_Kdd,synthetic,compare_sdv_tvae_xgb,test_f1_binary_end,0.5694154488517745,0.5694154488517745,0.0
src/modeling_thuy/output/census_kdd/acc/DNN_Census_Kdd_train_synthetic_augment_compare_sdv_xgb_mix_ratio-1_n-1_test_original_lr0.001_B512_G500.weight.pth.report.txt,fb197a922bb4ed27b5e8d5fb04f1caddaeb27878,Census_Kdd,synthetic,compare_sdv_xgb,test_f1_macro_end,0.7258275330732971,0.7258275330732971,0.0
src/modeling_thuy/output/census_kdd/acc/DNN_Census_Kdd_train_synthetic_augment_compare_sdv_xgb_mix_ratio-1_n-1_test_original_lr0.001_B512_G500.weight.pth.report.txt,fb197a922bb4ed27b5e8d5fb04f1caddaeb27878,Census_Kdd,synthetic,compare_sdv_xgb,test_f1_micro_end,0.8240604660927987,0.8240604660927987,0.0
src/modeling_thuy/output/census_kdd/acc/DNN_Census_Kdd_train_synthetic_augment_compare_sdv_xgb_mix_ratio-1_n-1_test_original_lr0.001_B512_G500.weight.pth.report.txt,fb197a922bb4ed27b5e8d5fb04f1caddaeb27878,Census_Kdd,synthetic,compare_sdv_xgb,test_f1_binary_end,0.5617154811715481,0.5617154811715481,0.0
src/modeling_thuy/output/census_kdd/acc/DNN_Census_Kdd_train_synthetic_augment_ctgan_mix_ratio-1_n-1_test_original_lr0.001_B512_G500.weight.pth.report.txt,63d3b9e9509d0e90922945e445247bf1bf809424,Census_Kdd,synthetic,ctgan,test_f1_macro_end,0.7706779512645434,0.7706779512645434,0.0
src/modeling_thuy/output/census_kdd/acc/DNN_Census_Kdd_train_synthetic_augment_ctgan_mix_ratio-1_n-1_test_original_lr0.001_B512_G500.weight.pth.report.txt,63d3b9e9509d0e90922945e445247bf1bf809424,Census_Kdd,synthetic,ctgan,test_f1_micro_end,0.8221709006928406,0.8221709006928406,0.0
src/modeling_thuy/output/census_kdd/acc/DNN_Census_Kdd_train_synthetic_augment_ctgan_mix_ratio-1_n-1_test_original_lr0.001_B512_G500.weight.pth.report.txt,63d3b9e9509d0e90922945e445247bf1bf809424,Census_Kdd,synthetic,ctgan,test_f1_binary_end,0.6620111731843575,0.6620111731843575,0.0
src/modeling_thuy/output/census_kdd/acc/DNN_Census_Kdd_train_synthetic_augment_gaussian_mix_ratio-1_n-1_test_original_lr0.001_B512_G500.weight.pth.report.txt,6bbc20086fa0c0c28ed2457631e2fc149160980a,Census_Kdd,synthetic,gaussian,test_f1_macro_end,0.6210925098379244,0.6210925098379244,0.0
src/modeling_thuy/output/census_kdd/acc/DNN_Census_Kdd_train_synthetic_augment_gaussian_mix_ratio-1_n-1_test_original_lr0.001_B512_G500.weight.pth.report.txt,6bbc20086fa0c0c28ed2457631e2fc149160980a,Census_Kdd,synthetic,gaussian,test_f1_micro_end,0.7934075162712576,0.7934075162712576,0.0
src/modeling_thuy/output/census_kdd/acc/DNN_Census_Kdd_train_synthetic_augment_gaussian_mix_ratio-1_n-1_test_original_lr0.001_B512_G500.weight.pth.report.txt,6bbc20086fa0c0c28ed2457631e2fc149160980a,Census_Kdd,synthetic,gaussian,test_f1_binary_end,0.3655705996131528,0.3655705996131528,0.0
src/modeling_thuy/output/census_kdd/acc/DNN_Census_Kdd_train_synthetic_augment_pca_gmm_mix_ratio-1_n-1_test_original_lr0.001_B512_G500.weight.pth.report.txt,7cf9800ed31474e0cb4ef191ae1b9b2effcd7b38,Census_Kdd,synthetic,pca_gmm,test_f1_macro_end,0.7422408835404943,0.7422408835404943,0.0
src/modeling_thuy/output/census_kdd/acc/DNN_Census_Kdd_train_synthetic_augment_pca_gmm_mix_ratio-1_n-1_test_original_lr0.001_B512_G500.weight.pth.report.txt,7cf9800ed31474e0cb4ef191ae1b9b2effcd7b38,Census_Kdd,synthetic,pca_gmm,test_f1_micro_end,0.8229057316817132,0.8229057316817132,0.0
src/modeling_thuy/output/census_kdd/acc/DNN_Census_Kdd_train_synthetic_augment_pca_gmm_mix_ratio-1_n-1_test_original_lr0.001_B512_G500.weight.pth.report.txt,7cf9800ed31474e0cb4ef191ae1b9b2effcd7b38,Census_Kdd,synthetic,pca_gmm,test_f1_binary_end,0.5980462234929712,0.5980462234929712,0.0
src/modeling_thuy/output/census_kdd/acc/DNN_Census_Kdd_train_synthetic_augment_rf_mix_ratio-1_n-1_test_original_lr0.001_B512_G500.weight.pth.report.txt,b5edd95fc7711dde55753105dae84b63b19a09b5,Census_Kdd,synthetic,rf,test_f1_macro_end,0.7520767058893754,0.7520767058893754,0.0
src/modeling_thuy/output/census_kdd/acc/DNN_Census_Kdd_train_synthetic_augment_rf_mix_ratio-1_n-1_test_original_lr0.001_B512_G500.weight.pth.report.txt,b5edd95fc7711dde55753105dae84b63b19a09b5,Census_Kdd,synthetic,rf,test_f1_micro_end,0.8376023514591644,0.8376023514591644,0.0
src/modeling_thuy/output/census_kdd/acc/DNN_Census_Kdd_train_synthetic_augment_rf_mix_ratio-1_n-1_test_original_lr0.001_B512_G500.weight.pth.report.txt,b5edd95fc7711dde55753105dae84b63b19a09b5,Census_Kdd,synthetic,rf,test_f1_binary_end,0.6064614601882473,0.6064614601882473,0.0
src/modeling_thuy/output/census_kdd/acc/DNN_Census_Kdd_train_synthetic_augment_sdv_tvae_categorical_mix_ratio-1_n-1_test_original_lr0.001_B512_G500.weight.pth.report.txt,32e9e58467967ef0b10a22c6879843e122437408,Census_Kdd,synthetic,sdv_tvae_categorical,test_f1_macro_end,0.7111707170864829,0.7111707170864829,0.0
src/modeling_thuy/output/census_kdd/acc/DNN_Census_Kdd_train_synthetic_augment_sdv_tvae_categorical_mix_ratio-1_n-1_test_original_lr0.001_B512_G500.weight.pth.report.txt,32e9e58467967ef0b10a22c6879843e122437408,Census_Kdd,synthetic,sdv_tvae_categorical,test_f1_micro_end,0.7507873189166492,0.7507873189166492,0.0
src/modeling_thuy/output/census_kdd/acc/DNN_Census_Kdd_train_synthetic_augment_sdv_tvae_categorical_mix_ratio-1_n-1_test_original_lr0.001_B512_G500.weight.pth.report.txt,32e9e58467967ef0b10a22c6879843e122437408,Census_Kdd,synthetic,sdv_tvae_categorical,test_f1_binary_end,0.6042014004668222,0.6042014004668222,0.0
src/modeling_thuy/output/census_kdd/acc/DNN_Census_Kdd_train_synthetic_augment_sdv_tvae_gaussian_mix_ratio-1_n-1_test_original_lr0.001_B512_G500.weight.pth.report.txt,22922e537c20e5e89bf4fd45a1ceaa04920cb461,Census_Kdd,synthetic,sdv_tvae_gaussian,test_f1_macro_end,0.6112874042020949,0.6112874042020949,0.0
src/modeling_thuy/output/census_kdd/acc/DNN_Census_Kdd_train_synthetic_augment_sdv_tvae_gaussian_mix_ratio-1_n-1_test_original_lr0.001_B512_G500.weight.pth.report.txt,22922e537c20e5e89bf4fd45a1ceaa04920cb461,Census_Kdd,synthetic,sdv_tvae_gaussian,test_f1_micro_end,0.7900482888935545,0.7900482888935545,0.0
src/modeling_thuy/output/census_kdd/acc/DNN_Census_Kdd_train_synthetic_augment_sdv_tvae_gaussian_mix_ratio-1_n-1_test_original_lr0.001_B512_G500.weight.pth.report.txt,22922e537c20e5e89bf4fd45a1ceaa04920cb461,Census_Kdd,synthetic,sdv_tvae_gaussian,test_f1_binary_end,0.3476842791911285,0.3476842791911285,0.0
src/modeling_thuy/output/census_kdd/acc/DNN_Census_Kdd_train_synthetic_augment_sdv_tvae_pca_gmm_mix_ratio-1_n-1_test_original_lr0.001_B512_G500.weight.pth.report.txt,45164c2f01fa6a222ae12209d00efed4d377bd06,Census_Kdd,synthetic,sdv_tvae_pca_gmm,test_f1_macro_end,0.7023948580499315,0.7023948580499315,0.0
src/modeling_thuy/output/census_kdd/acc/DNN_Census_Kdd_train_synthetic_augment_sdv_tvae_pca_gmm_mix_ratio-1_n-1_test_original_lr0.001_B512_G500.weight.pth.report.txt,45164c2f01fa6a222ae12209d00efed4d377bd06,Census_Kdd,synthetic,sdv_tvae_pca_gmm,test_f1_micro_end,0.7267478479949612,0.7267478479949612,0.0
src/modeling_thuy/output/census_kdd/acc/DNN_Census_Kdd_train_synthetic_augment_sdv_tvae_pca_gmm_mix_ratio-1_n-1_test_original_lr0.001_B512_G500.weight.pth.report.txt,45164c2f01fa6a222ae12209d00efed4d377bd06,Census_Kdd,synthetic,sdv_tvae_pca_gmm,test_f1_binary_end,0.617262167328334,0.617262167,3.283340266335699e-10
src/modeling_thuy/output/census_kdd/acc/DNN_Census_Kdd_train_synthetic_augment_sdv_tvae_rf_mix_ratio-1_n-1_test_original_lr0.001_B512_G500.weight.pth.report.txt,add98d50057ae8f0804461ecfcb58f9ee27c0669,Census_Kdd,synthetic,sdv_tvae_rf,test_f1_macro_end,0.7395137401343703,0.7395137401343703,0.0
src/modeling_thuy/output/census_kdd/acc/DNN_Census_Kdd_train_synthetic_augment_sdv_tvae_rf_mix_ratio-1_n-1_test_original_lr0.001_B512_G500.weight.pth.report.txt,add98d50057ae8f0804461ecfcb58f9ee27c0669,Census_Kdd,synthetic,sdv_tvae_rf,test_f1_micro_end,0.8357127860592064,0.8357127860592064,0.0
src/modeling_thuy/output/census_kdd/acc/DNN_Census_Kdd_train_synthetic_augment_sdv_tvae_rf_mix_ratio-1_n-1_test_original_lr0.001_B512_G500.weight.pth.report.txt,add98d50057ae8f0804461ecfcb58f9ee27c0669,Census_Kdd,synthetic,sdv_tvae_rf,test_f1_binary_end,0.5812148782445812,0.5812148782445812,0.0
src/modeling_thuy/output/census_kdd/acc/DNN_Census_Kdd_train_synthetic_augment_sdv_tvae_xgb_mix_ratio-1_n-1_test_original_lr0.001_B512_G500.weight.pth.report.txt,13edc4512525505b6ebb506213f410dadb8b6421,Census_Kdd,synthetic,sdv_tvae_xgb,test_f1_macro_end,0.7311055554434305,0.7311055554434305,0.0
src/modeling_thuy/output/census_kdd/acc/DNN_Census_Kdd_train_synthetic_augment_sdv_tvae_xgb_mix_ratio-1_n-1_test_original_lr0.001_B512_G500.weight.pth.report.txt,13edc4512525505b6ebb506213f410dadb8b6421,Census_Kdd,synthetic,sdv_tvae_xgb,test_f1_micro_end,0.831303800125971,0.8313038,1.2597101139988354e-10
src/modeling_thuy/output/census_kdd/acc/DNN_Census_Kdd_train_synthetic_augment_sdv_tvae_xgb_mix_ratio-1_n-1_test_original_lr0.001_B512_G500.weight.pth.report.txt,13edc4512525505b6ebb506213f410dadb8b6421,Census_Kdd,synthetic,sdv_tvae_xgb,test_f1_binary_end,0.5669630827270278,0.5669630827270278,0.0
src/modeling_thuy/output/census_kdd/acc/DNN_Census_Kdd_train_synthetic_augment_tvae_mix_ratio-1_n-1_test_original_lr0.001_B512_G500.weight.pth.report.txt,11c7c91a7f021f9d1ed9dfd31f75240d2ccc91e9,Census_Kdd,synthetic,tvae,test_f1_macro_end,0.7218804812371846,0.7218804812371846,0.0
src/modeling_thuy/output/census_kdd/acc/DNN_Census_Kdd_train_synthetic_augment_tvae_mix_ratio-1_n-1_test_original_lr0.001_B512_G500.weight.pth.report.txt,11c7c91a7f021f9d1ed9dfd31f75240d2ccc91e9,Census_Kdd,synthetic,tvae,test_f1_micro_end,0.8048498845265589,0.8048498845265589,0.0
src/modeling_thuy/output/census_kdd/acc/DNN_Census_Kdd_train_synthetic_augment_tvae_mix_ratio-1_n-1_test_original_lr0.001_B512_G500.weight.pth.report.txt,11c7c91a7f021f9d1ed9dfd31f75240d2ccc91e9,Census_Kdd,synthetic,tvae,test_f1_binary_end,0.5699745547073791,0.5699745547073791,0.0
src/modeling_thuy/output/census_kdd/acc/DNN_Census_Kdd_train_synthetic_augment_xgb_mix_ratio-1_n-1_test_original_lr0.001_B512_G500.weight.pth.report.txt,c471f10135a1ba086b3439a760fe67726baa0894,Census_Kdd,synthetic,xgb,test_f1_macro_end,0.7139450330047394,0.7139450330047394,0.0
src/modeling_thuy/output/census_kdd/acc/DNN_Census_Kdd_train_synthetic_augment_xgb_mix_ratio-1_n-1_test_original_lr0.001_B512_G500.weight.pth.report.txt,c471f10135a1ba086b3439a760fe67726baa0894,Census_Kdd,synthetic,xgb,test_f1_micro_end,0.8202813352928826,0.8202813352928826,0.0
src/modeling_thuy/output/census_kdd/acc/DNN_Census_Kdd_train_synthetic_augment_xgb_mix_ratio-1_n-1_test_original_lr0.001_B512_G500.weight.pth.report.txt,c471f10135a1ba086b3439a760fe67726baa0894,Census_Kdd,synthetic,xgb,test_f1_binary_end,0.5395373856912319,0.5395373856912319,0.0
src/modeling_thuy/output/covertype/acc/DNN_Census_train_synthetic_augment_compare_sdv_tvae_categoricalNB_mix_ratio-1_n-1_test_original_lr0.001_B512_G500.weight.pth.report.txt,498ec37598bd8fef388d7658708dc6fe7c9ed86f,Census,synthetic,compare_sdv_tvae_categoricalNB,test_f1_macro_end,0.7121166376799553,0.7121166376799553,0.0
src/modeling_thuy/output/covertype/acc/DNN_Census_train_synthetic_augment_compare_sdv_tvae_categoricalNB_mix_ratio-1_n-1_test_original_lr0.001_B512_G500.weight.pth.report.txt,498ec37598bd8fef388d7658708dc6fe7c9ed86f,Census,synthetic,compare_sdv_tvae_categoricalNB,test_f1_micro_end,0.7525719084610539,0.7525719084610539,0.0
src/modeling_thuy/output/covertype/acc/DNN_Census_train_synthetic_augment_compare_sdv_tvae_gaussianNB_mix_ratio-1_n-1_test_original_lr0.001_B512_G500.weight.pth.report.txt,70bc689b5312b783e8d43b9c113d6b506bd1312e,Census,synthetic,compare_sdv_tvae_gaussianNB,test_f1_macro_end,0.6003994756881593,0.6003994756881593,0.0
src/modeling_thuy/output/covertype/acc/DNN_Census_train_synthetic_augment_compare_sdv_tvae_gaussianNB_mix_ratio-1_n-1_test_original_lr0.001_B512_G500.weight.pth.report.txt,70bc689b5312b783e8d43b9c113d6b506bd1312e,Census,synthetic,compare_sdv_tvae_gaussianNB,test_f1_micro_end,0.7861641822380853,0.7861641822380853,0.0
src/modeling_thuy/output/covertype/acc/DNN_Census_train_synthetic_augment_compare_sdv_tvae_pca_gmm_mix_ratio-1_n-1_test_original_lr0.001_B512_G500.weight.pth.report.txt,a90f0bd3ae4b6f625347b824a56ab5ce66297168,Census,synthetic,compare_sdv_tvae_pca_gmm,test_f1_macro_end,0.7004852002408257,0.7004852002408257,0.0
src/modeling_thuy/output/covertype/acc/DNN_Census_train_synthetic_augment_compare_sdv_tvae_pca_gmm_mix_ratio-1_n-1_test_original_lr0.001_B512_G500.weight.pth.report.txt,a90f0bd3ae4b6f625347b824a56ab5ce66297168,Census,synthetic,compare_sdv_tvae_pca_gmm,test_f1_micro_end,0.7243334033172371,0.7243334033172371,0.0
src/modeling_thuy/output/covertype/acc/DNN_Census_train_synthetic_augment_compare_sdv_tvae_rf_mix_ratio-1_n-1_test_original_lr0.001_B512_G500.weight.pth.report.txt,369637a7eb06beabf22ba7eef3896c2fed6ad069,Census,synthetic,compare_sdv_tvae_rf,test_f1_macro_end,0.7520767058893754,0.7520767058893754,0.0
src/modeling_thuy/output/covertype/acc/DNN_Census_train_synthetic_augment_compare_sdv_tvae_rf_mix_ratio-1_n-1_test_original_lr0.001_B512_G500.weight.pth.report.txt,369637a7eb06beabf22ba7eef3896c2fed6ad069,Census,synthetic,compare_sdv_tvae_rf,test_f1_micro_end,0.8376023514591644,0.8376023514591644,0.0
src/modeling_thuy/output/covertype/acc/DNN_Census_train_synthetic_augment_compare_sdv_tvae_xgb_mix_ratio-1_n-1_test_original_lr0.001_B512_G500.weight.pth.report.txt,9463997c1a3a60922599144f380ec07a69aa7852,Census,synthetic,compare_sdv_tvae_xgb,test_f1_macro_end,0.7298005193162309,0.7298005193162309,0.0
src/modeling_thuy/output/covertype/acc/DNN_Census_train_synthetic_augment_compare_sdv_tvae_xgb_mix_ratio-1_n-1_test_original_lr0.001_B512_G500.weight.pth.report.txt,9463997c1a3a60922599144f380ec07a69aa7852,Census,synthetic,compare_sdv_tvae_xgb,test_f1_micro_end,0.8254251522149906,0.8254251522149906,0.0
src/modeling_thuy/output/covertype/acc/DNN_Census_train_synthetic_augment_sdv_tvae_categorical_mix_ratio-1_n-1_test_original_lr0.001_B512_G500.weight.pth.report.txt,59f0cc7df1e70709c8f785b46bf2f4130c0403a8,Census,synthetic,sdv_tvae_categorical,test_f1_macro_end,0.7107402488555818,0.7107402488555818,0.0
src/modeling_thuy/output/covertype/acc/DNN_Census_train_synthetic_augment_sdv_tvae_categorical_mix_ratio-1_n-1_test_original_lr0.001_B512_G500.weight.pth.report.txt,59f0cc7df1e70709c8f785b46bf2f4130c0403a8,Census,synthetic,sdv_tvae_categorical,test_f1_micro_end,0.7496325845055637,0.7496325845055637,0.0
src/modeling_thuy/output/covertype/acc/DNN_Census_train_synthetic_augment_sdv_tvae_gaussian_mix_ratio-1_n-1_test_original_lr0.001_B512_G500.weight.pth.report.txt,8824c04cf6acda2baea041825845f38516320b08,Census,synthetic,sdv_tvae_gaussian,test_f1_macro_end,0.6198234694351733,0.6198234694351733,0.0
src/modeling_thuy/output/covertype/acc/DNN_Census_train_synthetic_augment_sdv_tvae_gaussian_mix_ratio-1_n-1_test_original_lr0.001_B512_G500.weight.pth.report.txt,8824c04cf6acda2baea041825845f38516320b08,Census,synthetic,sdv_tvae_gaussian,test_f1_micro_end,0.793092588704598,0.793092589,-2.954020361656262e-10
src/modeling_thuy/output/covertype/acc/DNN_Census_train_synthetic_augment_sdv_tvae_pca_gmm_mix_ratio-1_n-1_test_original_lr0.001_B512_G500.weight.pth.report.txt,3c45b9c4b8d5104059c1d476ced634c31a233eb8,Census,synthetic,sdv_tvae_pca_gmm,test_f1_macro_end,0.7055690671344098,0.7055690671344098,0.0
src/modeling_thuy/output/covertype/acc/DNN_Census_train_synthetic_augment_sdv_tvae_pca_gmm_mix_ratio-1_n-1_test_original_lr0.001_B512_G500.weight.pth.report.txt,3c45b9c4b8d5104059c1d476ced634c31a233eb8,Census,synthetic,sdv_tvae_pca_gmm,test_f1_micro_end,0.7312618097837498,0.7312618097837498,0.0
src/modeling_thuy/output/covertype/acc/DNN_Census_train_synthetic_augment_sdv_tvae_rf_mix_ratio-1_n-1_test_original_lr0.001_B512_G500.weight.pth.report.txt,1f1c0591be11739141e798735af9456e20688c2a,Census,synthetic,sdv_tvae_rf,test_f1_macro_end,0.7450013875541358,0.7450013875541358,0.0
src/modeling_thuy/output/covertype/acc/DNN_Census_train_synthetic_augment_sdv_tvae_rf_mix_ratio-1_n-1_test_original_lr0.001_B512_G500.weight.pth.report.txt,1f1c0591be11739141e798735af9456e20688c2a,Census,synthetic,sdv_tvae_rf,test_f1_micro_end,0.8378123031702709,0.8378123031702709,0.0
src/modeling_thuy/output/covertype/acc/DNN_Census_train_synthetic_augment_sdv_tvae_xgb_mix_ratio-1_n-1_test_original_lr0.001_B512_G500.weight.pth.report.txt,08abda1eb9e704e263420910b1f58c1e1aee990a,Census,synthetic,sdv_tvae_xgb,test_f1_macro_end,0.7282080396366846,0.7282080396366846,0.0
src/modeling_thuy/output/covertype/acc/DNN_Census_train_synthetic_augment_sdv_tvae_xgb_mix_ratio-1_n-1_test_original_lr0.001_B512_G500.weight.pth.report.txt,08abda1eb9e704e263420910b1f58c1e1aee990a,Census,synthetic,sdv_tvae_xgb,test_f1_micro_end,0.8307789208482049,0.8307789208482049,0.0
src/modeling_thuy/output/covertype/acc/DNN_Covertype_train_original_test_original_lr0.001_B512_G500.weight.pth.report.txt,1eff97164b23784e77c9731fa787d2f33d33ba31,Covertype,original,none,test_f1_macro_end,0.9067320812111248,0.9067320812111248,0.0
src/modeling_thuy/output/covertype/acc/DNN_Covertype_train_original_test_original_lr0.001_B512_G500.weight.pth.report.txt,1eff97164b23784e77c9731fa787d2f33d33ba31,Covertype,original,none,test_f1_micro_end,0.9400445771623797,0.9400445771623795,1.1102230246251565e-16
src/modeling_thuy/output/covertype/acc/DNN_Covertype_train_synthetic_augment_categorical_mix_ratio-1_n-1_test_original_lr0.001_B512_G500.weight.pth.report.txt,f625c6f45b27126e0acaf1e4b7d381b3d3c1e896,Covertype,synthetic,categorical,test_f1_macro_end,0.48018107462546983,0.4801810746254698,5.551115123125783e-17
src/modeling_thuy/output/covertype/acc/DNN_Covertype_train_synthetic_augment_categorical_mix_ratio-1_n-1_test_original_lr0.001_B512_G500.weight.pth.report.txt,f625c6f45b27126e0acaf1e4b7d381b3d3c1e896,Covertype,synthetic,categorical,test_f1_micro_end,0.6309647771572162,0.6309647771572162,0.0
src/modeling_thuy/output/covertype/acc/DNN_Covertype_train_synthetic_augment_compare_sdv_categorical_mix_ratio-1_n-1_test_original_lr0.001_B512_G500.weight.pth.report.txt,b08eb94ff47933712c3877cbcec64ab9afdcf1d4,Covertype,synthetic,compare_sdv_categorical,test_f1_macro_end,0.4798331316582189,0.4798331316582189,0.0
src/modeling_thuy/output/covertype/acc/DNN_Covertype_train_synthetic_augment_compare_sdv_categorical_mix_ratio-1_n-1_test_original_lr0.001_B512_G500.weight.pth.report.txt,b08eb94ff47933712c3877cbcec64ab9afdcf1d4,Covertype,synthetic,compare_sdv_categorical,test_f1_micro_end,0.6312229460513068,0.6312229460513068,0.0
src/modeling_thuy/output/covertype/acc/DNN_Covertype_train_synthetic_augment_compare_sdv_gaussian_mix_ratio-1_n-1_test_original_lr0.001_B512_G500.weight.pth.report.txt,301fd9ee15bd444d92ea6ddcc1272f40f49ce12a,Covertype,synthetic,compare_sdv_gaussian,test_f1_macro_end,0.3609857698298801,0.3609857698298801,0.0
src/modeling_thuy/output/covertype/acc/DNN_Covertype_train_synthetic_augment_compare_sdv_gaussian_mix_ratio-1_n-1_test_original_lr0.001_B512_G500.weight.pth.report.txt,301fd9ee15bd444d92ea6ddcc1272f40f49ce12a,Covertype,synthetic,compare_sdv_gaussian,test_f1_micro_end,0.4508231284906586,0.4508231284906586,0.0
src/modeling_thuy/output/covertype/acc/DNN_Covertype_train_synthetic_augment_compare_sdv_pca_gmm_mix_ratio-1_n-1_test_original_lr0.001_B512_G500.weight.pth.report.txt,9d5c4dc0d1b2251673d3082a60fb611b5aea379b,Covertype,synthetic,compare_sdv_pca_gmm,test_f1_macro_end,0.48552311916018637,0.4855231191601863,5.551115123125783e-17
src/modeling_thuy/output/covertype/acc/DNN_Covertype_train_synthetic_augment_compare_sdv_pca_gmm_mix_ratio-1_n-1_test_original_lr0.001_B512_G500.weight.pth.report.txt,9d5c4dc0d1b2251673d3082a60fb611b5aea379b,Covertype,synthetic,compare_sdv_pca_gmm,test_f1_micro_end,0.6879770746022048,0.6879770746022048,0.0
src/modeling_thuy/output/covertype/acc/DNN_Covertype_train_synthetic_augment_compare_sdv_rf_mix_ratio-1_n-1_test_original_lr0.001_B512_G500.weight.pth.report.txt,869be6e90555014fb1f1d34ddd4f8943a8afbb97,Covertype,synthetic,compare_sdv_rf,test_f1_macro_end,0.6303536041873461,0.6303536041873461,0.0
src/modeling_thuy/output/covertype/acc/DNN_Covertype_train_synthetic_augment_compare_sdv_rf_mix_ratio-1_n-1_test_original_lr0.001_B512_G500.weight.pth.report.txt,869be6e90555014fb1f1d34ddd4f8943a8afbb97,Covertype,synthetic,compare_sdv_rf,test_f1_micro_end,0.7799196234176399,0.7799196234176399,0.0
src/modeling_thuy/output/covertype/acc/DNN_Covertype_train_synthetic_augment_compare_sdv_tvae_categoricalNB_mix_ratio-1_n-1_test_original_lr0.001_B512_G500.weight.pth.report.txt,c8bd00ca4aefb2c0cd375d9d2c1db42844635aaf,Covertype,synthetic,compare_sdv_tvae_categoricalNB,test_f1_macro_end,0.490489876676293,0.490489877,-3.237070056449909e-10
src/modeling_thuy/output/covertype/acc/DNN_Covertype_train_synthetic_augment_compare_sdv_tvae_categoricalNB_mix_ratio-1_n-1_test_original_lr0.001_B512_G500.weight.pth.report.txt,c8bd00ca4aefb2c0cd375d9d2c1db42844635aaf,Covertype,synthetic,compare_sdv_tvae_categoricalNB,test_f1_micro_end,0.6347,0.6347,0.0
src/modeling_thuy/output/covertype/acc/DNN_Covertype_train_synthetic_augment_compare_sdv_tvae_gaussianNB_mix_ratio-1_n-1_test_original_lr0.001_B512_G500.weight.pth.report.txt,240d916c2a3f171296419baa0893f583aaf53538,Covertype,synthetic,compare_sdv_tvae_gaussianNB,test_f1_macro_end,0.3733258450846893,0.3733258450846893,0.0
src/modeling_thuy/output/covertype/acc/DNN_Covertype_train_synthetic_augment_compare_sdv_tvae_gaussianNB_mix_ratio-1_n-1_test_original_lr0.001_B512_G500.weight.pth.report.txt,240d916c2a3f171296419baa0893f583aaf53538,Covertype,synthetic,compare_sdv_tvae_gaussianNB,test_f1_micro_end,0.4586,0.4586,0.0
src/modeling_thuy/output/covertype/acc/DNN_Covertype_train_synthetic_augment_compare_sdv_tvae_pca_gmm_mix_ratio-1_n-1_test_original_lr0.001_B512_G500.weight.pth.report.txt,971de4b79ff1bdba36f2574098b976583bca064b,Covertype,synthetic,compare_sdv_tvae_pca_gmm,test_f1_macro_end,0.3975439148479092,0.3975439148479092,0.0
src/modeling_thuy/output/covertype/acc/DNN_Covertype_train_synthetic_augment_compare_sdv_tvae_pca_gmm_mix_ratio-1_n-1_test_original_lr0.001_B512_G500.weight.pth.report.txt,971de4b79ff1bdba36f2574098b976583bca064b,Covertype,synthetic,compare_sdv_tvae_pca_gmm,test_f1_micro_end,0.6692,0.6692,0.0
src/modeling_thuy/output/covertype/acc/DNN_Covertype_train_synthetic_augment_compare_sdv_tvae_rf_mix_ratio-1_n-1_test_original_lr0.001_B512_G500.weight.pth.report.txt,12bd4457b373e335a07b8c503b9f187cd661e207,Covertype,synthetic,compare_sdv_tvae_rf,test_f1_macro_end,0.5493244915691269,0.5493244915691269,0.0
src/modeling_thuy/output/covertype/acc/DNN_Covertype_train_synthetic_augment_compare_sdv_tvae_rf_mix_ratio-1_n-1_test_original_lr0.001_B512_G500.weight.pth.report.txt,12bd4457b373e335a07b8c503b9f187cd661e207,Covertype,synthetic,compare_sdv_tvae_rf,test_f1_micro_end,0.7813,0.7813,0.0
src/modeling_thuy/output/covertype/acc/DNN_Covertype_train_synthetic_augment_compare_sdv_tvae_xgb_mix_ratio-1_n-1_test_original_lr0.001_B512_G500.weight.pth.report.txt,5a286612376e338bfd8e3d57e9c7e05a91d7202c,Covertype,synthetic,compare_sdv_tvae_xgb,test_f1_macro_end,0.6239965758382997,0.6239965758382997,0.0
src/modeling_thuy/output/covertype/acc/DNN_Covertype_train_synthetic_augment_compare_sdv_tvae_xgb_mix_ratio-1_n-1_test_original_lr0.001_B512_G500.weight.pth.report.txt,5a286612376e338bfd8e3d57e9c7e05a91d7202c,Covertype,synthetic,compare_sdv_tvae_xgb,test_f1_micro_end,0.782,0.782,0.0
src/modeling_thuy/output/covertype/acc/DNN_Covertype_train_synthetic_augment_compare_sdv_xgb_mix_ratio-1_n-1_test_original_lr0.001_B512_G500.weight.pth.report.txt,c4f2a0c5ac154ad7008843930c556db3d44d388f,Covertype,synthetic,compare_sdv_xgb,test_f1_macro_end,0.5925999127376259,0.5925999127376259,0.0
src/modeling_thuy/output/covertype/acc/DNN_Covertype_train_synthetic_augment_compare_sdv_xgb_mix_ratio-1_n-1_test_original_lr0.001_B512_G500.weight.pth.report.txt,c4f2a0c5ac154ad7008843930c556db3d44d388f,Covertype,synthetic,compare_sdv_xgb,test_f1_micro_end,0.7671574744197655,0.7671574744197655,0.0
src/modeling_thuy/output/covertype/acc/DNN_Covertype_train_synthetic_augment_ctgan_mix_ratio-1_n-1_test_original_lr0.001_B512_G500.weight.pth.report.txt,90dfe0970111ddffd0758e783b3ddfe91ecdc1f9,Covertype,synthetic,ctgan,test_f1_macro_end,0.4748430987470255,0.4748430987470255,0.0
src/modeling_thuy/output/covertype/acc/DNN_Covertype_train_synthetic_augment_ctgan_mix_ratio-1_n-1_test_original_lr0.001_B512_G500.weight.pth.report.txt,90dfe0970111ddffd0758e783b3ddfe91ecdc1f9,Covertype,synthetic,ctgan,test_f1_micro_end,0.6764025025171467,0.6764025025171467,0.0
src/modeling_thuy/output/covertype/acc/DNN_Covertype_train_synthetic_augment_gaussian_mix_ratio-1_n-1_test_original_lr0.001_B512_G500.weight.pth.report.txt,677c879e09f2cefa11fec23fe5f6d1021dd43f9b,Covertype,synthetic,gaussian,test_f1_macro_end,0.3573125747419766,0.3573125747419766,0.0
src/modeling_thuy/output/covertype/acc/DNN_Covertype_train_synthetic_augment_gaussian_mix_ratio-1_n-1_test_original_lr0.001_B512_G500.weight.pth.report.txt,677c879e09f2cefa11fec23fe5f6d1021dd43f9b,Covertype,synthetic,gaussian,test_f1_micro_end,0.44275965336523154,0.4427596533652315,5.551115123125783e-17
src/modeling_thuy/output/covertype/acc/DNN_Covertype_train_synthetic_augment_pca_gmm_mix_ratio-1_n-1_test_original_lr0.001_B512_G500.weight.pth.report.txt,d7c94f62657ed31fddcce08fc2b9639c1ca89324,Covertype,synthetic,pca_gmm,test_f1_macro_end,0.46786135564947984,0.4678613556494798,5.551115123125783e-17
src/modeling_thuy/output/covertype/acc/DNN_Covertype_train_synthetic_augment_pca_gmm_mix_ratio-1_n-1_test_original_lr0.001_B512_G500.weight.pth.report.txt,d7c94f62657ed31fddcce08fc2b9639c1ca89324,Covertype,synthetic,pca_gmm,test_f1_micro_end,0.7003777871483524,0.7003777871483524,0.0
src/modeling_thuy/output/covertype/acc/DNN_Covertype_train_synthetic_augment_rf_mix_ratio-1_n-1_test_original_lr0.001_B512_G500.weight.pth.report.txt,b290d8dcb71c58bb50c01aaecda87337c6285c71,Covertype,synthetic,rf,test_f1_macro_end,0.6414576890135034,0.6414576890135034,0.0
src/modeling_thuy/output/covertype/acc/DNN_Covertype_train_synthetic_augment_rf_mix_ratio-1_n-1_test_original_lr0.001_B512_G500.weight.pth.report.txt,b290d8dcb71c58bb50c01aaecda87337c6285c71,Covertype,synthetic,rf,test_f1_micro_end,0.793,0.793,0.0
src/modeling_thuy/output/covertype/acc/DNN_Covertype_train_synthetic_augment_sdv_tvae_categorical_mix_ratio-1_n-1_test_original_lr0.001_B512_G500.weight.pth.report.txt,b7a93bd69038b8239d306063085d96321a624102,Covertype,synthetic,sdv_tvae_categorical,test_f1_macro_end,0.487556134734011,0.487556135,-2.659890085965344e-10
src/modeling_thuy/output/covertype/acc/DNN_Covertype_train_synthetic_augment_sdv_tvae_categorical_mix_ratio-1_n-1_test_original_lr0.001_B512_G500.weight.pth.report.txt,b7a93bd69038b8239d306063085d96321a624102,Covertype,synthetic,sdv_tvae_categorical,test_f1_micro_end,0.6351,0.6351,0.0
src/modeling_thuy/output/covertype/acc/DNN_Covertype_train_synthetic_augment_sdv_tvae_gaussian_mix_ratio-1_n-1_test_original_lr0.001_B512_G500.weight.pth.report.txt,c830f2044447add262133d9eceb927e71b6885e2,Covertype,synthetic,sdv_tvae_gaussian,test_f1_macro_end,0.3759357247832753,0.3759357247832753,0.0
src/modeling_thuy/output/covertype/acc/DNN_Covertype_train_synthetic_augment_sdv_tvae_gaussian_mix_ratio-1_n-1_test_original_lr0.001_B512_G500.weight.pth.report.txt,c830f2044447add262133d9eceb927e71b6885e2,Covertype,synthetic,sdv_tvae_gaussian,test_f1_micro_end,0.4591,0.4591,0.0
src/modeling_thuy/output/covertype/acc/DNN_Covertype_train_synthetic_augment_sdv_tvae_pca_gmm_mix_ratio-1_n-1_test_original_lr0.001_B512_G500.weight.pth.report.txt,bc4497fafd20ae739b6ddbf5f28d9564086e70e1,Covertype,synthetic,sdv_tvae_pca_gmm,test_f1_macro_end,0.4203120485121766,0.4203120485121766,0.0
src/modeling_thuy/output/covertype/acc/DNN_Covertype_train_synthetic_augment_sdv_tvae_pca_gmm_mix_ratio-1_n-1_test_original_lr0.001_B512_G500.weight.pth.report.txt,bc4497fafd20ae739b6ddbf5f28d9564086e70e1,Covertype,synthetic,sdv_tvae_pca_gmm,test_f1_micro_end,0.6686,0.6686,0.0
src/modeling_thuy/output/covertype/acc/DNN_Covertype_train_synthetic_augment_sdv_tvae_rf_mix_ratio-1_n-1_test_original_lr0.001_B512_G500.weight.pth.report.txt,d9a9e66ad0780bebd211c958602b9e3df0a51557,Covertype,synthetic,sdv_tvae_rf,test_f1_macro_end,0.5522071596652971,0.5522071596652971,0.0
src/modeling_thuy/output/covertype/acc/DNN_Covertype_train_synthetic_augment_sdv_tvae_rf_mix_ratio-1_n-1_test_original_lr0.001_B512_G500.weight.pth.report.txt,d9a9e66ad0780bebd211c958602b9e3df0a51557,Covertype,synthetic,sdv_tvae_rf,test_f1_micro_end,0.7742,0.7742,0.0
src/modeling_thuy/output/covertype/acc/DNN_Covertype_train_synthetic_augment_sdv_tvae_xgb_mix_ratio-1_n-1_test_original_lr0.001_B512_G500.weight.pth.report.txt,37fec4184dc0005fc1a9b4ba6ecfae3d5fb0a35a,Covertype,synthetic,sdv_tvae_xgb,test_f1_macro_end,0.5733181056124511,0.5733181056124511,0.0
src/modeling_thuy/output/covertype/acc/DNN_Covertype_train_synthetic_augment_sdv_tvae_xgb_mix_ratio-1_n-1_test_original_lr0.001_B512_G500.weight.pth.report.txt,37fec4184dc0005fc1a9b4ba6ecfae3d5fb0a35a,Covertype,synthetic,sdv_tvae_xgb,test_f1_micro_end,0.7731,0.7731,0.0
src/modeling_thuy/output/covertype/acc/DNN_Covertype_train_synthetic_augment_tvae_mix_ratio-1_n-1_test_original_lr0.001_B512_G500.weight.pth.report.txt,06ce963b4fde760df8aa22bce84c52cfd9d4be2b,Covertype,synthetic,tvae,test_f1_macro_end,0.2672459195051856,0.2672459195051856,0.0
src/modeling_thuy/output/covertype/acc/DNN_Covertype_train_synthetic_augment_tvae_mix_ratio-1_n-1_test_original_lr0.001_B512_G500.weight.pth.report.txt,06ce963b4fde760df8aa22bce84c52cfd9d4be2b,Covertype,synthetic,tvae,test_f1_micro_end,0.6439420669001661,0.6439420669001661,0.0
src/modeling_thuy/output/covertype/acc/DNN_Covertype_train_synthetic_augment_xgb_mix_ratio-1_n-1_test_original_lr0.001_B512_G500.weight.pth.report.txt,8aee0cda75ebd20059a4a67aa7cd9e6d5cf0d83a,Covertype,synthetic,xgb,test_f1_macro_end,0.6346473583140428,0.6346473583140428,0.0
src/modeling_thuy/output/covertype/acc/DNN_Covertype_train_synthetic_augment_xgb_mix_ratio-1_n-1_test_original_lr0.001_B512_G500.weight.pth.report.txt,8aee0cda75ebd20059a4a67aa7cd9e6d5cf0d83a,Covertype,synthetic,xgb,test_f1_micro_end,0.7787,0.7787,0.0
src/modeling_thuy/output/covertype/new_rf_xgb/DNN_Covertype_train_synthetic_augment_rf_mix_ratio-1_n-1_test_original_lr0.001_B512_G500.weight.pth.report.txt,5fc47e3fa7cb83931135524c955b21f2c1a308e7,Covertype,synthetic,rf,test_f1_macro_end,0.20566283707577598,0.6414576890135034,-0.43579485193772743
src/modeling_thuy/output/covertype/new_rf_xgb/DNN_Covertype_train_synthetic_augment_rf_mix_ratio-1_n-1_test_original_lr0.001_B512_G500.weight.pth.report.txt,5fc47e3fa7cb83931135524c955b21f2c1a308e7,Covertype,synthetic,rf,test_f1_micro_end,0.6550949631248763,0.793,-0.1379050368751238
src/modeling_thuy/output/covertype/new_rf_xgb/DNN_Covertype_train_synthetic_augment_xgb_mix_ratio-1_n-1_test_original_lr0.001_B512_G500.weight.pth.report.txt,b4df641840be11dac9634f26c8bc451488a4feb6,Covertype,synthetic,xgb,test_f1_macro_end,0.43081435000109114,0.6346473583140428,-0.2038330083129517
src/modeling_thuy/output/covertype/new_rf_xgb/DNN_Covertype_train_synthetic_augment_xgb_mix_ratio-1_n-1_test_original_lr0.001_B512_G500.weight.pth.report.txt,b4df641840be11dac9634f26c8bc451488a4feb6,Covertype,synthetic,xgb,test_f1_micro_end,0.7125891758388337,0.7787,-0.0661108241611662
src/modeling_thuy/output/covertype/old_data/DNN_Covertype_train_synthetic_augment_rf_mix_ratio-1_n-1_test_original_lr0.001_B512_G500.weight.pth.report.txt,5fc47e3fa7cb83931135524c955b21f2c1a308e7,Covertype,synthetic,rf,test_f1_macro_end,0.20566283707577598,0.6414576890135034,-0.43579485193772743
src/modeling_thuy/output/covertype/old_data/DNN_Covertype_train_synthetic_augment_rf_mix_ratio-1_n-1_test_original_lr0.001_B512_G500.weight.pth.report.txt,5fc47e3fa7cb83931135524c955b21f2c1a308e7,Covertype,synthetic,rf,test_f1_micro_end,0.6550949631248763,0.793,-0.1379050368751238
src/modeling_thuy/output/covertype/old_data/DNN_Covertype_train_synthetic_augment_xgb_mix_ratio-1_n-1_test_original_lr0.001_B512_G500.weight.pth.report.txt,b4df641840be11dac9634f26c8bc451488a4feb6,Covertype,synthetic,xgb,test_f1_macro_end,0.43081435000109114,0.6346473583140428,-0.2038330083129517
src/modeling_thuy/output/covertype/old_data/DNN_Covertype_train_synthetic_augment_xgb_mix_ratio-1_n-1_test_original_lr0.001_B512_G500.weight.pth.report.txt,b4df641840be11dac9634f26c8bc451488a4feb6,Covertype,synthetic,xgb,test_f1_micro_end,0.7125891758388337,0.7787,-0.0661108241611662
src/modeling_thuy/output/mnist12/acc/DNN_Covertype_train_original_test_original_lr0.001_B512_G500.weight.pth.report.txt,1eff97164b23784e77c9731fa787d2f33d33ba31,Covertype,original,none,test_f1_macro_end,0.9067320812111248,0.9067320812111248,0.0
src/modeling_thuy/output/mnist12/acc/DNN_Covertype_train_original_test_original_lr0.001_B512_G500.weight.pth.report.txt,1eff97164b23784e77c9731fa787d2f33d33ba31,Covertype,original,none,test_f1_micro_end,0.9400445771623797,0.9400445771623795,1.1102230246251565e-16
src/modeling_thuy/output/mnist12/acc/DNN_MNIST12_train_original_test_original_lr0.001_B512_G500.weight.pth.report.txt,ac609ec691d78778575b6d1e5ad789b7e53056f4,MNIST12,original,none,test_f1_macro_end,0.9589100035025109,0.9589100035025108,1.1102230246251565e-16
src/modeling_thuy/output/mnist12/acc/DNN_MNIST12_train_original_test_original_lr0.001_B512_G500.weight.pth.report.txt,ac609ec691d78778575b6d1e5ad789b7e53056f4,MNIST12,original,none,test_f1_micro_end,0.9591,0.9591,0.0
src/modeling_thuy/output/mnist12/acc/DNN_MNIST12_train_synthetic_augment_categorical_mix_ratio-1_n-1_test_original_lr0.001_B512_G500.weight.pth.report.txt,fb661d84aa0fb33e9b684d6cc33afa2ab8c5de71,MNIST12,synthetic,categorical,test_f1_macro_end,0.791463151987559,0.791463152,-1.2440937169344579e-11
src/modeling_thuy/output/mnist12/acc/DNN_MNIST12_train_synthetic_augment_categorical_mix_ratio-1_n-1_test_original_lr0.001_B512_G500.weight.pth.report.txt,fb661d84aa0fb33e9b684d6cc33afa2ab8c5de71,MNIST12,synthetic,categorical,test_f1_micro_end,0.7922,0.7922,0.0
src/modeling_thuy/output/mnist12/acc/DNN_MNIST12_train_synthetic_augment_compare_sdv_categorical_mix_ratio-1_n-1_test_original_lr0.001_B512_G500.weight.pth.report.txt,bff6a0d70ff1119fdb207c1fc2d420ee135459d4,MNIST12,synthetic,compare_sdv_categorical,test_f1_macro_end,0.7961158189656352,0.7961158189656352,0.0
src/modeling_thuy/output/mnist12/acc/DNN_MNIST12_train_synthetic_augment_compare_sdv_categorical_mix_ratio-1_n-1_test_original_lr0.001_B512_G500.weight.pth.report.txt,bff6a0d70ff1119fdb207c1fc2d420ee135459d4,MNIST12,synthetic,compare_sdv_categorical,test_f1_micro_end,0.8007,0.8007,0.0
src/modeling_thuy/output/mnist12/acc/DNN_MNIST12_train_synthetic_augment_compare_sdv_gaussian_mix_ratio-1_n-1_test_original_lr0.001_B512_G500.weight.pth.report.txt,6b44c3019a07b06331fcd8feadbd46fc76e2b819,MNIST12,synthetic,compare_sdv_gaussian,test_f1_macro_end,0.3978987848435641,0.3978987848435641,0.0
src/modeling_thuy/output/mnist12/acc/DNN_MNIST12_train_synthetic_augment_compare_sdv_gaussian_mix_ratio-1_n-1_test_original_lr0.001_B512_G500.weight.pth.report.txt,6b44c3019a07b06331fcd8feadbd46fc76e2b819,MNIST12,synthetic,compare_sdv_gaussian,test_f1_micro_end,0.4826,0.4826,0.0
src/modeling_thuy/output/mnist12/acc/DNN_MNIST12_train_synthetic_augment_compare_sdv_pca_gmm_mix_ratio-1_n-1_test_original_lr0.001_B512_G500.weight.pth.report.txt,6b987fa166b91cb53f1a2c1b45e97bb59ff4fa32,MNIST12,synthetic,compare_sdv_pca_gmm,test_f1_macro_end,0.7946713220102058,0.7946713220102058,0.0
src/modeling_thuy/output/mnist12/acc/DNN_MNIST12_train_synthetic_augment_compare_sdv_pca_gmm_mix_ratio-1_n-1_test_original_lr0.001_B512_G500.weight.pth.report.txt,6b987fa166b91cb53f1a2c1b45e97bb59ff4fa32,MNIST12,synthetic,compare_sdv_pca_gmm,test_f1_micro_end,0.7994,0.7994,0.0
src/modeling_thuy/output/mnist12/acc/DNN_MNIST12_train_synthetic_augment_compare_sdv_rf_mix_ratio-1_n-1_test_original_lr0.001_B512_G500.weight.pth.report.txt,9667bb243831c44dd379cc7460900c634a587431,MNIST12,synthetic,compare_sdv_rf,test_f1_macro_end,0.873409404029608,0.873409404,2.960798273221599e-11
src/modeling_thuy/output/mnist12/acc/DNN_MNIST12_train_synthetic_augment_compare_sdv_rf_mix_ratio-1_n-1_test_original_lr0.001_B512_G500.weight.pth.report.txt,9667bb243831c44dd379cc7460900c634a587431,MNIST12,synthetic,compare_sdv_rf,test_f1_micro_end,0.8749,0.8749,0.0
src/modeling_thuy/output/mnist12/acc/DNN_MNIST12_train_synthetic_augment_compare_sdv_tvae_categoricalNB_mix_ratio-1_n-1_test_original_lr0.001_B512_G500.weight.pth.report.txt,7e7984273195d168e492ad0cb04c3bd559c7312b,MNIST12,synthetic,compare_sdv_tvae_categoricalNB,test_f1_macro_end,0.8093031026565743,0.8093031026565743,0.0
src/modeling_thuy/output/mnist12/acc/DNN_MNIST12_train_synthetic_augment_compare_sdv_tvae_categoricalNB_mix_ratio-1_n-1_test_original_lr0.001_B512_G500.weight.pth.report.txt,7e7984273195d168e492ad0cb04c3bd559c7312b,MNIST12,synthetic,compare_sdv_tvae_categoricalNB,test_f1_micro_end,0.812,0.812,0.0
src/modeling_thuy/output/mnist12/acc/DNN_MNIST12_train_synthetic_augment_compare_sdv_tvae_gaussianNB_mix_ratio-1_n-1_test_original_lr0.001_B512_G500.weight.pth.report.txt,688f4a89f2eda6fe1b428224194152c9ac729662,MNIST12,synthetic,compare_sdv_tvae_gaussianNB,test_f1_macro_end,0.39800414285997465,0.3980041428599746,5.551115123125783e-17
src/modeling_thuy/output/mnist12/acc/DNN_MNIST12_train_synthetic_augment_compare_sdv_tvae_gaussianNB_mix_ratio-1_n-1_test_original_lr0.001_B512_G500.weight.pth.report.txt,688f4a89f2eda6fe1b428224194152c9ac729662,MNIST12,synthetic,compare_sdv_tvae_gaussianNB,test_f1_micro_end,0.4731,0.4731,0.0
src/modeling_thuy/output/mnist12/acc/DNN_MNIST12_train_synthetic_augment_compare_sdv_tvae_pca_gmm_mix_ratio-1_n-1_test_original_lr0.001_B512_G500.weight.pth.report.txt,2188cc6f2267f98019fe37cd8d2fcf6315a877de,MNIST12,synthetic,compare_sdv_tvae_pca_gmm,test_f1_macro_end,0.8104642601352893,0.8104642601352893,0.0
src/modeling_thuy/output/mnist12/acc/DNN_MNIST12_train_synthetic_augment_compare_sdv_tvae_pca_gmm_mix_ratio-1_n-1_test_original_lr0.001_B512_G500.weight.pth.report.txt,2188cc6f2267f98019fe37cd8d2fcf6315a877de,MNIST12,synthetic,compare_sdv_tvae_pca_gmm,test_f1_micro_end,0.813,0.813,0.0
src/modeling_thuy/output/mnist12/acc/DNN_MNIST12_train_synthetic_augment_compare_sdv_tvae_rf_mix_ratio-1_n-1_test_original_lr0.001_B512_G500.weight.pth.report.txt,c505f90b681c43985f139b84ba7c3e80335741f9,MNIST12,synthetic,compare_sdv_tvae_rf,test_f1_macro_end,0.9323312900535363,0.9323312900535364,-1.1102230246251565e-16
src/modeling_thuy/output/mnist12/acc/DNN_MNIST12_train_synthetic_augment_compare_sdv_tvae_rf_mix_ratio-1_n-1_test_original_lr0.001_B512_G500.weight.pth.report.txt,c505f90b681c43985f139b84ba7c3e80335741f9,MNIST12,synthetic,compare_sdv_tvae_rf,test_f1_micro_end,0.9327,0.9327,0.0
src/modeling_thuy/output/mnist12/acc/DNN_MNIST12_train_synthetic_augment_compare_sdv_tvae_xgb_mix_ratio-1_n-1_test_original_lr0.001_B512_G500.weight.pth.report.txt,e51ea82bb7dfc4c64cefa49948803188386529f0,MNIST12,synthetic,compare_sdv_tvae_xgb,test_f1_macro_end,0.9429362235836736,0.9429362235836736,0.0
src/modeling_thuy/output/mnist12/acc/DNN_MNIST12_train_synthetic_augment_compare_sdv_tvae_xgb_mix_ratio-1_n-1_test_original_lr0.001_B512_G500.weight.pth.report.txt,e51ea82bb7dfc4c64cefa49948803188386529f0,MNIST12,synthetic,compare_sdv_tvae_xgb,test_f1_micro_end,0.9432,0.9432,0.0
src/modeling_thuy/output/mnist12/acc/DNN_MNIST12_train_synthetic_augment_compare_sdv_xgb_mix_ratio-1_n-1_test_original_lr0.001_B512_G500.weight.pth.report.txt,ebe049a1d549cc2c5dc554c083c35c14742d1e6a,MNIST12,synthetic,compare_sdv_xgb,test_f1_macro_end,0.8754956119144719,0.8754956119144719,0.0
src/modeling_thuy/output/mnist12/acc/DNN_MNIST12_train_synthetic_augment_compare_sdv_xgb_mix_ratio-1_n-1_test_original_lr0.001_B512_G500.weight.pth.report.txt,ebe049a1d549cc2c5dc554c083c35c14742d1e6a,MNIST12,synthetic,compare_sdv_xgb,test_f1_micro_end,0.8766,0.8766,0.0
src/modeling_thuy/output/mnist12/acc/DNN_MNIST12_train_synthetic_augment_ctgan_mix_ratio-1_n-1_test_original_lr0.001_B512_G500.weight.pth.report.txt,2cf454fabd4d771c97019b9043bfaf59ee41672b,MNIST12,synthetic,ctgan,test_f1_macro_end,0.4703916885190288,0.4703916885190288,0.0
src/modeling_thuy/output/mnist12/acc/DNN_MNIST12_train_synthetic_augment_ctgan_mix_ratio-1_n-1_test_original_lr0.001_B512_G500.weight.pth.report.txt,2cf454fabd4d771c97019b9043bfaf59ee41672b,MNIST12,synthetic,ctgan,test_f1_micro_end,0.5326,0.5326,0.0
src/modeling_thuy/output/mnist12/acc/DNN_MNIST12_train_synthetic_augment_gaussian_mix_ratio-1_n-1_test_original_lr0.001_B512_G500.weight.pth.report.txt,37671c1bd41140527a08f1026e5454e19a6c5f3d,MNIST12,synthetic,gaussian,test_f1_macro_end,0.3054183029267149,0.3054183029267149,0.0
src/modeling_thuy/output/mnist12/acc/DNN_MNIST12_train_synthetic_augment_gaussian_mix_ratio-1_n-1_test_original_lr0.001_B512_G500.weight.pth.report.txt,37671c1bd41140527a08f1026e5454e19a6c5f3d,MNIST12,synthetic,gaussian,test_f1_micro_end,0.3752,0.3752,0.0
src/modeling_thuy/output/mnist12/acc/DNN_MNIST12_train_synthetic_augment_pca_gmm_mix_ratio-1_n-1_test_original_lr0.001_B512_G500.weight.pth.report.txt,4600d7e766ae8b05fe554a2a732c3d3c9e22b140,MNIST12,synthetic,pca_gmm,test_f1_macro_end,0.7829122790243647,0.7829122790243647,0.0
src/modeling_thuy/output/mnist12/acc/DNN_MNIST12_train_synthetic_augment_pca_gmm_mix_ratio-1_n-1_test_original_lr0.001_B512_G500.weight.pth.report.txt,4600d7e766ae8b05fe554a2a732c3d3c9e22b140,MNIST12,synthetic,pca_gmm,test_f1_micro_end,0.783,0.783,0.0
src/modeling_thuy/output/mnist12/acc/DNN_MNIST12_train_synthetic_augment_rf_mix_ratio-1_n-1_test_original_lr0.001_B512_G500.weight.pth.report.txt,a7f2afbcc44349ca4971bc0ba6f26c827a9cae7d,MNIST12,synthetic,rf,test_f1_macro_end,0.8816215572486479,0.8816215572486479,0.0
src/modeling_thuy/output/mnist12/acc/DNN_MNIST12_train_synthetic_augment_rf_mix_ratio-1_n-1_test_original_lr0.001_B512_G500.weight.pth.report.txt,a7f2afbcc44349ca4971bc0ba6f26c827a9cae7d,MNIST12,synthetic,rf,test_f1_micro_end,0.8814,0.8814,0.0
src/modeling_thuy/output/mnist12/acc/DNN_MNIST12_train_synthetic_augment_sdv_tvae_categorical_mix_ratio-1_n-1_test_original_lr0.001_B512_G500.weight.pth.report.txt,2a87a4061df36656142e84edc52815d5ffb07515,MNIST12,synthetic,sdv_tvae_categorical,test_f1_macro_end,0.8140095282736771,0.8140095282736771,0.0
src/modeling_thuy/output/mnist12/acc/DNN_MNIST12_train_synthetic_augment_sdv_tvae_categorical_mix_ratio-1_n-1_test_original_lr0.001_B512_G500.weight.pth.report.txt,2a87a4061df36656142e84edc52815d5ffb07515,MNIST12,synthetic,sdv_tvae_categorical,test_f1_micro_end,0.8166,0.8166,0.0
src/modeling_thuy/output/mnist12/acc/DNN_MNIST12_train_synthetic_augment_sdv_tvae_gaussian_mix_ratio-1_n-1_test_original_lr0.001_B512_G500.weight.pth.report.txt,6d5f90e3f6d7408219595340c1de8626fbd52c51,MNIST12,synthetic,sdv_tvae_gaussian,test_f1_macro_end,0.4021400270662401,0.4021400270662401,0.0
src/modeling_thuy/output/mnist12/acc/DNN_MNIST12_train_synthetic_augment_sdv_tvae_gaussian_mix_ratio-1_n-1_test_original_lr0.001_B512_G500.weight.pth.report.txt,6d5f90e3f6d7408219595340c1de8626fbd52c51,MNIST12,synthetic,sdv_tvae_gaussian,test_f1_micro_end,0.4757,0.4757,0.0
src/modeling_thuy/output/mnist12/acc/DNN_MNIST12_train_synthetic_augment_sdv_tvae_pca_gmm_mix_ratio-1_n-1_test_original_lr0.001_B512_G500.weight.pth.report.txt,b9042c39cc6bbcb2ccb10ce972742afc29b40f96,MNIST12,synthetic,sdv_tvae_pca_gmm,test_f1_macro_end,0.813437075054422,0.813437075,5.442202244410055e-11
src/modeling_thuy/output/mnist12/acc/DNN_MNIST12_train_synthetic_augment_sdv_tvae_pca_gmm_mix_ratio-1_n-1_test_original_lr0.001_B512_G500.weight.pth.report.txt,b9042c39cc6bbcb2ccb10ce972742afc29b40f96,MNIST12,synthetic,sdv_tvae_pca_gmm,test_f1_micro_end,0.816,0.816,0.0
src/modeling_thuy/output/mnist12/acc/DNN_MNIST12_train_synthetic_augment_sdv_tvae_rf_mix_ratio-1_n-1_test_original_lr0.001_B512_G500.weight.pth.report.txt,436d4756138214c736cac17010822d8f1c4d945e,MNIST12,synthetic,sdv_tvae_rf,test_f1_macro_end,0.9302460860266191,0.9302460860266192,-1.1102230246251565e-16
src/modeling_thuy/output/mnist12/acc/DNN_MNIST12_train_synthetic_augment_sdv_tvae_rf_mix_ratio-1_n-1_test_original_lr0.001_B512_G500.weight.pth.report.txt,436d4756138214c736cac17010822d8f1c4d945e,MNIST12,synthetic,sdv_tvae_rf,test_f1_micro_end,0.9306,0.9306,0.0
src/modeling_thuy/output/mnist12/acc/DNN_MNIST12_train_synthetic_augment_sdv_tvae_xgb_mix_ratio-1_n-1_test_original_lr0.001_B512_G500.weight.pth.report.txt,e6e13b045654394f9a607e41e62a62bf632c9be9,MNIST12,synthetic,sdv_tvae_xgb,test_f1_macro_end,0.9396494007184604,0.9396494007184604,0.0
src/modeling_thuy/output/mnist12/acc/DNN_MNIST12_train_synthetic_augment_sdv_tvae_xgb_mix_ratio-1_n-1_test_original_lr0.001_B512_G500.weight.pth.report.txt,e6e13b045654394f9a607e41e62a62bf632c9be9,MNIST12,synthetic,sdv_tvae_xgb,test_f1_micro_end,0.9398,0.9398,0.0
src/modeling_thuy/output/mnist12/acc/DNN_MNIST12_train_synthetic_augment_tvae_mix_ratio-1_n-1_test_original_lr0.001_B512_G500.weight.pth.report.txt,1155667e306cc38c201301cacb2a6eef898b377b,MNIST12,synthetic,tvae,test_f1_macro_end,0.9216899968362329,0.9216899968362328,1.1102230246251565e-16
src/modeling_thuy/output/mnist12/acc/DNN_MNIST12_train_synthetic_augment_tvae_mix_ratio-1_n-1_test_original_lr0.001_B512_G500.weight.pth.report.txt,1155667e306cc38c201301cacb2a6eef898b377b,MNIST12,synthetic,tvae,test_f1_micro_end,0.9219,0.9219,0.0
src/modeling_thuy/output/mnist12/acc/DNN_MNIST12_train_synthetic_augment_xgb_mix_ratio-1_n-1_test_original_lr0.001_B512_G500.weight.pth.report.txt,774b2291ebd2cbb8cfaa4a56c58e6143a3eea4ba,MNIST12,synthetic,xgb,test_f1_macro_end,0.8787915436373581,0.8787915436373581,0.0
src/modeling_thuy/output/mnist12/acc/DNN_MNIST12_train_synthetic_augment_xgb_mix_ratio-1_n-1_test_original_lr0.001_B512_G500.weight.pth.report.txt,774b2291ebd2cbb8cfaa4a56c58e6143a3eea4ba,MNIST12,synthetic,xgb,test_f1_micro_end,0.8783,0.8783,0.0
src/modeling_thuy/output/mnist28/acc/DNN_MNIST28_train_original_test_original_lr0.001_B512_G500.weight.pth.report.txt,38da86ddbed455738b12788a8e2d81388ca0d16e,MNIST28,original,none,test_f1_macro_end,0.977846373976931,0.977846374,-2.306899116177874e-11
src/modeling_thuy/output/mnist28/acc/DNN_MNIST28_train_original_test_original_lr0.001_B512_G500.weight.pth.report.txt,38da86ddbed455738b12788a8e2d81388ca0d16e,MNIST28,original,none,test_f1_micro_end,0.9779,0.9779,0.0
src/modeling_thuy/output/mnist28/acc/DNN_MNIST28_train_synthetic_augment_categorical_mix_ratio-1_n-1_test_original_lr0.001_B512_G500.weight.pth.report.txt,dec5e5aaa35966a90302db8dc1f68fd55a3851c7,MNIST28,synthetic,categorical,test_f1_macro_end,0.8051613021162994,0.8051613021162994,0.0
src/modeling_thuy/output/mnist28/acc/DNN_MNIST28_train_synthetic_augment_categorical_mix_ratio-1_n-1_test_original_lr0.001_B512_G500.weight.pth.report.txt,dec5e5aaa35966a90302db8dc1f68fd55a3851c7,MNIST28,synthetic,categorical,test_f1_micro_end,0.8084,0.8084,0.0
src/modeling_thuy/output/mnist28/acc/DNN_MNIST28_train_synthetic_augment_compare_sdv_categorical_mix_ratio-1_n-1_test_original_lr0.001_B512_G500.weight.pth.report.txt,64d33adf27ed300c9192500195c9f40e5486397b,MNIST28,synthetic,compare_sdv_categorical,test_f1_macro_end,0.8069919844070228,0.8069919844070228,0.0
src/modeling_thuy/output/mnist28/acc/DNN_MNIST28_train_synthetic_augment_compare_sdv_categorical_mix_ratio-1_n-1_test_original_lr0.001_B512_G500.weight.pth.report.txt,64d33adf27ed300c9192500195c9f40e5486397b,MNIST28,synthetic,compare_sdv_categorical,test_f1_micro_end,0.8084,0.8084,0.0
src/modeling_thuy/output/mnist28/acc/DNN_MNIST28_train_synthetic_augment_compare_sdv_gaussian_mix_ratio-1_n-1_test_original_lr0.001_B512_G500.weight.pth.report.txt,ece299469be325d66a240761e989b0976ade40f5,MNIST28,synthetic,compare_sdv_gaussian,test_f1_macro_end,0.3638834597293214,0.3638834597293214,0.0
src/modeling_thuy/output/mnist28/acc/DNN_MNIST28_train_synthetic_augment_compare_sdv_gaussian_mix_ratio-1_n-1_test_original_lr0.001_B512_G500.weight.pth.report.txt,ece299469be325d66a240761e989b0976ade40f5,MNIST28,synthetic,compare_sdv_gaussian,test_f1_micro_end,0.3788,0.3788,0.0
src/modeling_thuy/output/mnist28/acc/DNN_MNIST28_train_synthetic_augment_compare_sdv_pca_gmm_mix_ratio-1_n-1_test_original_lr0.001_B512_G500.weight.pth.report.txt,39e9646e1cebc2e3fec921c62c7acbd84ec1c999,MNIST28,synthetic,compare_sdv_pca_gmm,test_f1_macro_end,0.766963879990062,0.76696388,-9.938050382629626e-12
src/modeling_thuy/output/mnist28/acc/DNN_MNIST28_train_synthetic_augment_compare_sdv_pca_gmm_mix_ratio-1_n-1_test_original_lr0.001_B512_G500.weight.pth.report.txt,39e9646e1cebc2e3fec921c62c7acbd84ec1c999,MNIST28,synthetic,compare_sdv_pca_gmm,test_f1_micro_end,0.7685,0.7685,0.0
src/modeling_thuy/output/mnist28/acc/DNN_MNIST28_train_synthetic_augment_compare_sdv_rf_mix_ratio-1_n-1_test_original_lr0.001_B512_G500.weight.pth.report.txt,09625b20eea6ae82c0cb877d6901431f23ad5fe6,MNIST28,synthetic,compare_sdv_rf,test_f1_macro_end,0.8711462608676582,0.8711462608676582,0.0
src/modeling_thuy/output/mnist28/acc/DNN_MNIST28_train_synthetic_augment_compare_sdv_rf_mix_ratio-1_n-1_test_original_lr0.001_B512_G500.weight.pth.report.txt,09625b20eea6ae82c0cb877d6901431f23ad5fe6,MNIST28,synthetic,compare_sdv_rf,test_f1_micro_end,0.8706,0.8706,0.0
src/modeling_thuy/output/mnist28/acc/DNN_MNIST28_train_synthetic_augment_compare_sdv_tvae_categoricalNB_mix_ratio-1_n-1_test_original_lr0.001_B512_G500.weight.pth.report.txt,aba68e23fbc03645d01fd1a3c446cf9dd5ecce5b,MNIST28,synthetic,compare_sdv_tvae_categoricalNB,test_f1_macro_end,0.8285627200954797,0.8285627200954797,0.0
src/modeling_thuy/output/mnist28/acc/DNN_MNIST28_train_synthetic_augment_compare_sdv_tvae_categoricalNB_mix_ratio-1_n-1_test_original_lr0.001_B512_G500.weight.pth.report.txt,aba68e23fbc03645d01fd1a3c446cf9dd5ecce5b,MNIST28,synthetic,compare_sdv_tvae_categoricalNB,test_f1_micro_end,0.831,0.831,0.0
src/modeling_thuy/output/mnist28/acc/DNN_MNIST28_train_synthetic_augment_compare_sdv_tvae_gaussianNB_mix_ratio-1_n-1_test_original_lr0.001_B512_G500.weight.pth.report.txt,21effc48bb8e7b3bb6f91293d826b5aa7eba778e,MNIST28,synthetic,compare_sdv_tvae_gaussianNB,test_f1_macro_end,0.4371185760014226,0.4371185760014226,0.0
src/modeling_thuy/output/mnist28/acc/DNN_MNIST28_train_synthetic_augment_compare_sdv_tvae_gaussianNB_mix_ratio-1_n-1_test_original_lr0.001_B512_G500.weight.pth.report.txt,21effc48bb8e7b3bb6f91293d826b5aa7eba778e,MNIST28,synthetic,compare_sdv_tvae_gaussianNB,test_f1_micro_end,0.5138,0.5138,0.0
src/modeling_thuy/output/mnist28/acc/DNN_MNIST28_train_synthetic_augment_compare_sdv_tvae_pca_gmm_mix_ratio-1_n-1_test_original_lr0.001_B512_G500.weight.pth.report.txt,4d1108f9e7cc28fb0e5c748ff5c5f36c5ed1c7c9,MNIST28,synthetic,compare_sdv_tvae_pca_gmm,test_f1_macro_end,0.8304517528435943,0.8304517528435943,0.0
src/modeling_thuy/output/mnist28/acc/DNN_MNIST28_train_synthetic_augment_compare_sdv_tvae_pca_gmm_mix_ratio-1_n-1_test_original_lr0.001_B512_G500.weight.pth.report.txt,4d1108f9e7cc28fb0e5c748ff5c5f36c5ed1c7c9,MNIST28,synthetic,compare_sdv_tvae_pca_gmm,test_f1_micro_end,0.833,0.833,0.0
src/modeling_thuy/output/mnist28/acc/DNN_MNIST28_train_synthetic_augment_compare_sdv_tvae_rf_mix_ratio-1_n-1_test_original_lr0.001_B512_G500.weight.pth.report.txt,d236a6590a33b009ad13deb66bd795576a0dc4db,MNIST28,synthetic,compare_sdv_tvae_rf,test_f1_macro_end,0.9460543310484828,0.9460543310484828,0.0
src/modeling_thuy/output/mnist28/acc/DNN_MNIST28_train_synthetic_augment_compare_sdv_tvae_rf_mix_ratio-1_n-1_test_original_lr0.001_B512_G500.weight.pth.report.txt,d236a6590a33b009ad13deb66bd795576a0dc4db,MNIST28,synthetic,compare_sdv_tvae_rf,test_f1_micro_end,0.9465,0.9465,0.0
src/modeling_thuy/output/mnist28/acc/DNN_MNIST28_train_synthetic_augment_compare_sdv_tvae_xgb_mix_ratio-1_n-1_test_original_lr0.001_B512_G500.weight.pth.report.txt,7d6347ea8280fddfa6047f03cf30f071c8a896e2,MNIST28,synthetic,compare_sdv_tvae_xgb,test_f1_macro_end,0.9598570628761118,0.9598570628761118,0.0
src/modeling_thuy/output/mnist28/acc/DNN_MNIST28_train_synthetic_augment_compare_sdv_tvae_xgb_mix_ratio-1_n-1_test_original_lr0.001_B512_G500.weight.pth.report.txt,7d6347ea8280fddfa6047f03cf30f071c8a896e2,MNIST28,synthetic,compare_sdv_tvae_xgb,test_f1_micro_end,0.9601,0.9601,0.0
src/modeling_thuy/output/mnist28/acc/DNN_MNIST28_train_synthetic_augment_compare_sdv_xgb_mix_ratio-1_n-1_test_original_lr0.001_B512_G500.weight.pth.report.txt,b1a1a88b9cddc44b76888f2d307f0e219141d624,MNIST28,synthetic,compare_sdv_xgb,test_f1_macro_end,0.8608293168606955,0.8608293168606955,0.0
src/modeling_thuy/output/mnist28/acc/DNN_MNIST28_train_synthetic_augment_compare_sdv_xgb_mix_ratio-1_n-1_test_original_lr0.001_B512_G500.weight.pth.report.txt,b1a1a88b9cddc44b76888f2d307f0e219141d624,MNIST28,synthetic,compare_sdv_xgb,test_f1_micro_end,0.855,0.855,0.0
src/modeling_thuy/output/mnist28/acc/DNN_MNIST28_train_synthetic_augment_ctgan_mix_ratio-1_n-1_test_original_lr0.001_B512_G500.weight.pth.report.txt,127f353175227d86a908aded8eaad5bb598ab907,MNIST28,synthetic,ctgan,test_f1_macro_end,0.3916204066192958,0.3916204066192958,0.0
src/modeling_thuy/output/mnist28/acc/DNN_MNIST28_train_synthetic_augment_ctgan_mix_ratio-1_n-1_test_original_lr0.001_B512_G500.weight.pth.report.txt,127f353175227d86a908aded8eaad5bb598ab907,MNIST28,synthetic,ctgan,test_f1_micro_end,0.4077,0.4077,0.0
src/modeling_thuy/output/mnist28/acc/DNN_MNIST28_train_synthetic_augment_gaussian_mix_ratio-1_n-1_test_original_lr0.001_B512_G500.weight.pth.report.txt,994cb92dab37a947b2fcb329fd66e79c34229643,MNIST28,synthetic,gaussian,test_f1_macro_end,0.47232455483847924,0.4723245548384792,5.551115123125783e-17
src/modeling_thuy/output/mnist28/acc/DNN_MNIST28_train_synthetic_augment_gaussian_mix_ratio-1_n-1_test_original_lr0.001_B512_G500.weight.pth.report.txt,994cb92dab37a947b2fcb329fd66e79c34229643,MNIST28,synthetic,gaussian,test_f1_micro_end,0.4939,0.4939,0.0
src/modeling_thuy/output/mnist28/acc/DNN_MNIST28_train_synthetic_augment_pca_gmm_mix_ratio-1_n-1_test_original_lr0.001_B512_G500.weight.pth.report.txt,62d62f8ed8e7aa9916fd37650cd752e09a1af35c,MNIST28,synthetic,pca_gmm,test_f1_macro_end,0.7841584049272095,0.7841584049272095,0.0
src/modeling_thuy/output/mnist28/acc/DNN_MNIST28_train_synthetic_augment_pca_gmm_mix_ratio-1_n-1_test_original_lr0.001_B512_G500.weight.pth.report.txt,62d62f8ed8e7aa9916fd37650cd752e09a1af35c,MNIST28,synthetic,pca_gmm,test_f1_micro_end,0.7866,0.7866,0.0
src/modeling_thuy/output/mnist28/acc/DNN_MNIST28_train_synthetic_augment_rf_mix_ratio-1_n-1_test_original_lr0.001_B512_G500.weight.pth.report.txt,9d067a5b632a631fcf880e312393d6227ec7ade1,MNIST28,synthetic,rf,test_f1_macro_end,0.8587534287735108,0.8587534287735108,0.0
src/modeling_thuy/output/mnist28/acc/DNN_MNIST28_train_synthetic_augment_rf_mix_ratio-1_n-1_test_original_lr0.001_B512_G500.weight.pth.report.txt,9d067a5b632a631fcf880e312393d6227ec7ade1,MNIST28,synthetic,rf,test_f1_micro_end,0.8586,0.8586,0.0
src/modeling_thuy/output/mnist28/acc/DNN_MNIST28_train_synthetic_augment_sdv_tvae_categorical_mix_ratio-1_n-1_test_original_lr0.001_B512_G500.weight.pth.report.txt,50d92ec3fce85a39fa1cced31001da9d0d0e55ec,MNIST28,synthetic,sdv_tvae_categorical,test_f1_macro_end,0.828504184596072,0.828504185,-4.039280021572722e-10
src/modeling_thuy/output/mnist28/acc/DNN_MNIST28_train_synthetic_augment_sdv_tvae_categorical_mix_ratio-1_n-1_test_original_lr0.001_B512_G500.weight.pth.report.txt,50d92ec3fce85a39fa1cced31001da9d0d0e55ec,MNIST28,synthetic,sdv_tvae_categorical,test_f1_micro_end,0.8309,0.8309,0.0
src/modeling_thuy/output/mnist28/acc/DNN_MNIST28_train_synthetic_augment_sdv_tvae_gaussian_mix_ratio-1_n-1_test_original_lr0.001_B512_G500.weight.pth.report.txt,5ac746bf2f2486fd71caff706a3c084556b8779f,MNIST28,synthetic,sdv_tvae_gaussian,test_f1_macro_end,0.44658369966801653,0.4465836996680165,5.551115123125783e-17
src/modeling_thuy/output/mnist28/acc/DNN_MNIST28_train_synthetic_augment_sdv_tvae_gaussian_mix_ratio-1_n-1_test_original_lr0.001_B512_G500.weight.pth.report.txt,5ac746bf2f2486fd71caff706a3c084556b8779f,MNIST28,synthetic,sdv_tvae_gaussian,test_f1_micro_end,0.5223,0.5223,0.0
src/modeling_thuy/output/mnist28/acc/DNN_MNIST28_train_synthetic_augment_sdv_tvae_pca_gmm_mix_ratio-1_n-1_test_original_lr0.001_B512_G500.weight.pth.report.txt,f2d3935f5932077c75008da61a24a6b07e70ab2d,MNIST28,synthetic,sdv_tvae_pca_gmm,test_f1_macro_end,0.8301156173304616,0.8301156173304616,0.0
src/modeling_thuy/output/mnist28/acc/DNN_MNIST28_train_synthetic_augment_sdv_tvae_pca_gmm_mix_ratio-1_n-1_test_original_lr0.001_B512_G500.weight.pth.report.txt,f2d3935f5932077c75008da61a24a6b07e70ab2d,MNIST28,synthetic,sdv_tvae_pca_gmm,test_f1_micro_end,0.8324,0.8324,0.0
src/modeling_thuy/output/mnist28/acc/DNN_MNIST28_train_synthetic_augment_sdv_tvae_rf_mix_ratio-1_n-1_test_original_lr0.001_B512_G500.weight.pth.report.txt,bfc9cc1ab79af709ae50c793ab13dc96a6589140,MNIST28,synthetic,sdv_tvae_rf,test_f1_macro_end,0.9469810668217503,0.9469810668217504,-1.1102230246251565e-16
src/modeling_thuy/output/mnist28/acc/DNN_MNIST28_train_synthetic_augment_sdv_tvae_rf_mix_ratio-1_n-1_test_original_lr0.001_B512_G500.weight.pth.report.txt,bfc9cc1ab79af709ae50c793ab13dc96a6589140,MNIST28,synthetic,sdv_tvae_rf,test_f1_micro_end,0.9474,0.9474,0.0
src/modeling_thuy/output/mnist28/acc/DNN_MNIST28_train_synthetic_augment_sdv_tvae_xgb_mix_ratio-1_n-1_test_original_lr0.001_B512_G500.weight.pth.report.txt,f15c399fc64878f2a17dbb966b9310da8d051492,MNIST28,synthetic,sdv_tvae_xgb,test_f1_macro_end,0.9609658054022925,0.9609658054022924,1.1102230246251565e-16
src/modeling_thuy/output/mnist28/acc/DNN_MNIST28_train_synthetic_augment_sdv_tvae_xgb_mix_ratio-1_n-1_test_original_lr0.001_B512_G500.weight.pth.report.txt,f15c399fc64878f2a17dbb966b9310da8d051492,MNIST28,synthetic,sdv_tvae_xgb,test_f1_micro_end,0.9612,0.9612,0.0
src/modeling_thuy/output/mnist28/acc/DNN_MNIST28_train_synthetic_augment_tvae_mix_ratio-1_n-1_test_original_lr0.001_B512_G500.weight.pth.report.txt,0292b89de35c959e92b2e2803ae9ca81727265c5,MNIST28,synthetic,tvae,test_f1_macro_end,0.9289449422883831,0.9289449422883832,-1.1102230246251565e-16
src/modeling_thuy/output/mnist28/acc/DNN_MNIST28_train_synthetic_augment_tvae_mix_ratio-1_n-1_test_original_lr0.001_B512_G500.weight.pth.report.txt,0292b89de35c959e92b2e2803ae9ca81727265c5,MNIST28,synthetic,tvae,test_f1_micro_end,0.9291,0.9291,0.0
src/modeling_thuy/output/mnist28/acc/DNN_MNIST28_train_synthetic_augment_xgb_mix_ratio-1_n-1_test_original_lr0.001_B512_G500.weight.pth.report.txt,799c5dcb14217df89d92ab59b16b7b901ab3d375,MNIST28,synthetic,xgb,test_f1_macro_end,0.8727587442749101,0.8727587442749101,0.0
src/modeling_thuy/output/mnist28/acc/DNN_MNIST28_train_synthetic_augment_xgb_mix_ratio-1_n-1_test_original_lr0.001_B512_G500.weight.pth.report.txt,799c5dcb14217df89d92ab59b16b7b901ab3d375,MNIST28,synthetic,xgb,test_f1_micro_end,0.8712,0.8712,0.0
src/modeling_thuy/output/mnist28/mnist28_old_pcagmm/DNN_MNIST28_train_synthetic_augment_pca_gmm_mix_ratio-1_n-1_test_original_lr0.001_B512_G500.weight.pth.report.txt,62d62f8ed8e7aa9916fd37650cd752e09a1af35c,MNIST28,synthetic,pca_gmm,test_f1_macro_end,0.7841584049272095,0.7841584049272095,0.0
src/modeling_thuy/output/mnist28/mnist28_old_pcagmm/DNN_MNIST28_train_synthetic_augment_pca_gmm_mix_ratio-1_n-1_test_original_lr0.001_B512_G500.weight.pth.report.txt,62d62f8ed8e7aa9916fd37650cd752e09a1af35c,MNIST28,synthetic,pca_gmm,test_f1_micro_end,0.7866,0.7866,0.0
src/modeling_thuy/output/rf_run_testing/DNN_MNIST12_train_synthetic_augment_rf_mix_ratio-1_n-1_test_original_lr0.001_B512_G500.weight.pth.report.txt,a7f2afbcc44349ca4971bc0ba6f26c827a9cae7d,MNIST12,synthetic,rf,test_f1_macro_end,0.8816215572486479,0.8816215572486479,0.0
src/modeling_thuy/output/rf_run_testing/DNN_MNIST12_train_synthetic_augment_rf_mix_ratio-1_n-1_test_original_lr0.001_B512_G500.weight.pth.report.txt,a7f2afbcc44349ca4971bc0ba6f26c827a9cae7d,MNIST12,synthetic,rf,test_f1_micro_end,0.8814,0.8814,0.0
