domain,dataset,contrast,metric,difference,generators,matched_cells,analysis,labeler_group
real,adult,full_hybrid_minus_generated,f1_macro,-2.673670849156002,2,48,real_core,all_six
real,adult,full_minus_xonly,f1_macro,-1.2095001809629269,2,48,real_core,all_six
real,adult,xonly_hybrid_minus_generated,f1_macro,-1.4641706681930748,2,48,real_core,all_six
real,census_kdd,full_hybrid_minus_generated,f1_macro,1.1768700570108221,1,12,real_core,all_six
real,census_kdd,full_minus_xonly,f1_macro,0.2809645920960886,1,12,real_core,all_six
real,census_kdd,xonly_hybrid_minus_generated,f1_macro,0.8959054649147336,1,12,real_core,all_six
real,covertype,full_hybrid_minus_generated,f1_macro,7.00900513079808,2,48,real_core,all_six
real,covertype,full_minus_xonly,f1_macro,1.4116047629852997,2,48,real_core,all_six
real,covertype,xonly_hybrid_minus_generated,f1_macro,5.59740036781278,2,48,real_core,all_six
real,mnist28,full_hybrid_minus_generated,f1_macro,1.3013340746339201,2,24,real_core,all_six
real,mnist28,full_minus_xonly,f1_macro,-1.3109533100270383,2,24,real_core,all_six
real,mnist28,xonly_hybrid_minus_generated,f1_macro,2.6122873846609593,2,24,real_core,all_six
real,adult,full_hybrid_minus_generated,f1_macro,2.2595445919116957,2,24,real_core,rf_xgb_dnn
real,adult,full_minus_xonly,f1_macro,-0.7185532428635333,2,24,real_core,rf_xgb_dnn
real,adult,xonly_hybrid_minus_generated,f1_macro,2.9780978347752294,2,24,real_core,rf_xgb_dnn
real,census_kdd,full_hybrid_minus_generated,f1_macro,10.931544107717123,1,6,real_core,rf_xgb_dnn
real,census_kdd,full_minus_xonly,f1_macro,0.0662690870207759,1,6,real_core,rf_xgb_dnn
real,census_kdd,xonly_hybrid_minus_generated,f1_macro,10.865275020696348,1,6,real_core,rf_xgb_dnn
real,covertype,full_hybrid_minus_generated,f1_macro,13.520107986380284,2,24,real_core,rf_xgb_dnn
real,covertype,full_minus_xonly,f1_macro,1.6547223049293422,2,24,real_core,rf_xgb_dnn
real,covertype,xonly_hybrid_minus_generated,f1_macro,11.865385681450942,2,24,real_core,rf_xgb_dnn
real,mnist28,full_hybrid_minus_generated,f1_macro,11.734619818697603,2,12,real_core,rf_xgb_dnn
real,mnist28,full_minus_xonly,f1_macro,-0.6644074511865448,2,12,real_core,rf_xgb_dnn
real,mnist28,xonly_hybrid_minus_generated,f1_macro,12.399027269884149,2,12,real_core,rf_xgb_dnn
real,adult,full_hybrid_minus_generated,f1_macro,-11.865065768803042,2,8,real_core,gaussian
real,adult,full_minus_xonly,f1_macro,0.49715055988189505,2,8,real_core,gaussian
real,adult,xonly_hybrid_minus_generated,f1_macro,-12.362216328684937,2,8,real_core,gaussian
real,census_kdd,full_hybrid_minus_generated,f1_macro,-10.692339774545566,1,2,real_core,gaussian
real,census_kdd,full_minus_xonly,f1_macro,-0.3917432125555109,1,2,real_core,gaussian
real,census_kdd,xonly_hybrid_minus_generated,f1_macro,-10.300596561990055,1,2,real_core,gaussian
real,covertype,full_hybrid_minus_generated,f1_macro,-12.869782552619798,2,8,real_core,gaussian
real,covertype,full_minus_xonly,f1_macro,-0.28011144705812274,2,8,real_core,gaussian
real,covertype,xonly_hybrid_minus_generated,f1_macro,-12.589671105561674,2,8,real_core,gaussian
real,mnist28,full_hybrid_minus_generated,f1_macro,-31.50650211320889,2,4,real_core,gaussian
real,mnist28,full_minus_xonly,f1_macro,-4.2998922422285055,2,4,real_core,gaussian
real,mnist28,xonly_hybrid_minus_generated,f1_macro,-27.20660987098038,2,4,real_core,gaussian
real,adult,full_hybrid_minus_generated,f1_macro,-5.943572875182628,2,8,real_core,categorical
real,adult,full_minus_xonly,f1_macro,-0.19698580786049824,2,8,real_core,categorical
real,adult,xonly_hybrid_minus_generated,f1_macro,-5.74658706732213,2,8,real_core,categorical
real,census_kdd,full_hybrid_minus_generated,f1_macro,-8.450822856763107,1,2,real_core,categorical
real,census_kdd,full_minus_xonly,f1_macro,2.313954592585432,1,2,real_core,categorical
real,census_kdd,xonly_hybrid_minus_generated,f1_macro,-10.76477744934854,1,2,real_core,categorical
real,covertype,full_hybrid_minus_generated,f1_macro,6.901446918033982,2,8,real_core,categorical
real,covertype,full_minus_xonly,f1_macro,1.835683195763206,2,8,real_core,categorical
real,covertype,xonly_hybrid_minus_generated,f1_macro,5.065763722270776,2,8,real_core,categorical
real,mnist28,full_hybrid_minus_generated,f1_macro,2.032559885593498,2,4,real_core,categorical
real,mnist28,full_minus_xonly,f1_macro,-0.8576276672840422,2,4,real_core,categorical
real,mnist28,xonly_hybrid_minus_generated,f1_macro,2.8901875528775403,2,4,real_core,categorical
real,adult,full_hybrid_minus_generated,f1_macro,-5.012020226685429,2,8,real_core,pca_gmm
real,adult,full_minus_xonly,f1_macro,-5.401506109208359,2,8,real_core,pca_gmm
real,adult,xonly_hybrid_minus_generated,f1_macro,0.3894858825229299,2,8,real_core,pca_gmm
real,census_kdd,full_hybrid_minus_generated,f1_macro,-6.590249349777764,1,2,real_core,pca_gmm
real,census_kdd,full_minus_xonly,f1_macro,-0.43523108851571735,1,2,real_core,pca_gmm
real,census_kdd,xonly_hybrid_minus_generated,f1_macro,-6.155018261262047,1,2,real_core,pca_gmm
real,covertype,full_hybrid_minus_generated,f1_macro,7.462042460233444,2,8,real_core,pca_gmm
real,covertype,full_minus_xonly,f1_macro,1.949889914418689,2,8,real_core,pca_gmm
real,covertype,xonly_hybrid_minus_generated,f1_macro,5.512152545814755,2,8,real_core,pca_gmm
real,mnist28,full_hybrid_minus_generated,f1_macro,2.078087219326102,2,4,real_core,pca_gmm
real,mnist28,full_minus_xonly,f1_macro,-0.7149775970900478,2,4,real_core,pca_gmm
real,mnist28,xonly_hybrid_minus_generated,f1_macro,2.79306481641615,2,4,real_core,pca_gmm
real,adult,full_hybrid_minus_generated,f1_macro,1.7565910802620035,2,8,real_core,rf
real,adult,full_minus_xonly,f1_macro,-0.9632350769320812,2,8,real_core,rf
real,adult,xonly_hybrid_minus_generated,f1_macro,2.7198261571940847,2,8,real_core,rf
real,census_kdd,full_hybrid_minus_generated,f1_macro,10.47694566157216,1,2,real_core,rf
real,census_kdd,full_minus_xonly,f1_macro,0.04147456652026449,1,2,real_core,rf
real,census_kdd,xonly_hybrid_minus_generated,f1_macro,10.435471095051895,1,2,real_core,rf
real,covertype,full_hybrid_minus_generated,f1_macro,7.069509351852091,2,8,real_core,rf
real,covertype,full_minus_xonly,f1_macro,0.738945651859213,2,8,real_core,rf
real,covertype,xonly_hybrid_minus_generated,f1_macro,6.330563699992878,2,8,real_core,rf
real,mnist28,full_hybrid_minus_generated,f1_macro,10.79258823272468,2,4,real_core,rf
real,mnist28,full_minus_xonly,f1_macro,-0.870201166659978,2,4,real_core,rf
real,mnist28,xonly_hybrid_minus_generated,f1_macro,11.662789399384659,2,4,real_core,rf
real,adult,full_hybrid_minus_generated,f1_macro,2.0539723423756833,2,8,real_core,xgb
real,adult,full_minus_xonly,f1_macro,-0.9351674336416931,2,8,real_core,xgb
real,adult,xonly_hybrid_minus_generated,f1_macro,2.9891397760173763,2,8,real_core,xgb
real,census_kdd,full_hybrid_minus_generated,f1_macro,11.353098482191669,1,2,real_core,xgb
real,census_kdd,full_minus_xonly,f1_macro,0.4142168630121432,1,2,real_core,xgb
real,census_kdd,xonly_hybrid_minus_generated,f1_macro,10.938881619179526,1,2,real_core,xgb
real,covertype,full_hybrid_minus_generated,f1_macro,8.682198879769022,2,8,real_core,xgb
real,covertype,full_minus_xonly,f1_macro,2.970360450870076,2,8,real_core,xgb
real,covertype,xonly_hybrid_minus_generated,f1_macro,5.711838428898946,2,8,real_core,xgb
real,mnist28,full_hybrid_minus_generated,f1_macro,11.764991973318805,2,4,real_core,xgb
real,mnist28,full_minus_xonly,f1_macro,-0.6775286965226925,2,4,real_core,xgb
real,mnist28,xonly_hybrid_minus_generated,f1_macro,12.442520669841498,2,4,real_core,xgb
real,adult,full_hybrid_minus_generated,f1_macro,2.968070353097401,2,8,real_core,dnn
real,adult,full_minus_xonly,f1_macro,-0.2572572180168251,2,8,real_core,dnn
real,adult,xonly_hybrid_minus_generated,f1_macro,3.225327571114226,2,8,real_core,dnn
real,census_kdd,full_hybrid_minus_generated,f1_macro,10.96458817938754,1,2,real_core,dnn
real,census_kdd,full_minus_xonly,f1_macro,-0.25688416847008,1,2,real_core,dnn
real,census_kdd,xonly_hybrid_minus_generated,f1_macro,11.22147234785762,1,2,real_core,dnn
real,covertype,full_hybrid_minus_generated,f1_macro,24.808615727519737,2,8,real_core,dnn
real,covertype,full_minus_xonly,f1_macro,1.2548608120587375,2,8,real_core,dnn
real,covertype,xonly_hybrid_minus_generated,f1_macro,23.553754915461,2,8,real_core,dnn
real,mnist28,full_hybrid_minus_generated,f1_macro,12.646279250049323,2,4,real_core,dnn
real,mnist28,full_minus_xonly,f1_macro,-0.4454924903769637,2,4,real_core,dnn
real,mnist28,xonly_hybrid_minus_generated,f1_macro,13.091771740426287,2,4,real_core,dnn
real,adult,full_hybrid_minus_generated,f1_macro,-4.260802439033112,1,24,real_core_ctgan,all_six
real,adult,full_minus_xonly,f1_macro,-1.2488927530560545,1,24,real_core_ctgan,all_six
real,adult,xonly_hybrid_minus_generated,f1_macro,-3.0119096859770575,1,24,real_core_ctgan,all_six
real,census_kdd,full_hybrid_minus_generated,f1_macro,1.1768700570108221,1,12,real_core_ctgan,all_six
real,census_kdd,full_minus_xonly,f1_macro,0.2809645920960886,1,12,real_core_ctgan,all_six
real,census_kdd,xonly_hybrid_minus_generated,f1_macro,0.8959054649147336,1,12,real_core_ctgan,all_six
real,covertype,full_hybrid_minus_generated,f1_macro,7.8559539349747745,1,24,real_core_ctgan,all_six
real,covertype,full_minus_xonly,f1_macro,1.298277953037617,1,24,real_core_ctgan,all_six
real,covertype,xonly_hybrid_minus_generated,f1_macro,6.557675981937156,1,24,real_core_ctgan,all_six
real,mnist28,full_hybrid_minus_generated,f1_macro,14.129045279577968,1,12,real_core_ctgan,all_six
real,mnist28,full_minus_xonly,f1_macro,-2.635382433041285,1,12,real_core_ctgan,all_six
real,mnist28,xonly_hybrid_minus_generated,f1_macro,16.764427712619256,1,12,real_core_ctgan,all_six
real,adult,full_hybrid_minus_generated,f1_macro,0.5386017335144757,1,12,real_core_ctgan,rf_xgb_dnn
real,adult,full_minus_xonly,f1_macro,-1.0096416210692367,1,12,real_core_ctgan,rf_xgb_dnn
real,adult,xonly_hybrid_minus_generated,f1_macro,1.5482433545837124,1,12,real_core_ctgan,rf_xgb_dnn
real,census_kdd,full_hybrid_minus_generated,f1_macro,10.931544107717123,1,6,real_core_ctgan,rf_xgb_dnn
real,census_kdd,full_minus_xonly,f1_macro,0.0662690870207759,1,6,real_core_ctgan,rf_xgb_dnn
real,census_kdd,xonly_hybrid_minus_generated,f1_macro,10.865275020696348,1,6,real_core_ctgan,rf_xgb_dnn
real,covertype,full_hybrid_minus_generated,f1_macro,15.214475803459504,1,12,real_core_ctgan,rf_xgb_dnn
real,covertype,full_minus_xonly,f1_macro,1.770106730770981,1,12,real_core_ctgan,rf_xgb_dnn
real,covertype,xonly_hybrid_minus_generated,f1_macro,13.444369072688522,1,12,real_core_ctgan,rf_xgb_dnn
real,mnist28,full_hybrid_minus_generated,f1_macro,22.839901936816148,1,6,real_core_ctgan,rf_xgb_dnn
real,mnist28,full_minus_xonly,f1_macro,-1.3154822570182223,1,6,real_core_ctgan,rf_xgb_dnn
real,mnist28,xonly_hybrid_minus_generated,f1_macro,24.155384193834372,1,6,real_core_ctgan,rf_xgb_dnn
real,adult,full_hybrid_minus_generated,f1_macro,1.3487163478773354,1,4,real_core_ctgan,dnn
real,adult,full_minus_xonly,f1_macro,-0.3902625044368868,1,4,real_core_ctgan,dnn
real,adult,xonly_hybrid_minus_generated,f1_macro,1.7389788523142222,1,4,real_core_ctgan,dnn
real,census_kdd,full_hybrid_minus_generated,f1_macro,10.96458817938754,1,2,real_core_ctgan,dnn
real,census_kdd,full_minus_xonly,f1_macro,-0.25688416847008,1,2,real_core_ctgan,dnn
real,census_kdd,xonly_hybrid_minus_generated,f1_macro,11.22147234785762,1,2,real_core_ctgan,dnn
real,covertype,full_hybrid_minus_generated,f1_macro,26.80226931478633,1,4,real_core_ctgan,dnn
real,covertype,full_minus_xonly,f1_macro,2.0676443081473863,1,4,real_core_ctgan,dnn
real,covertype,xonly_hybrid_minus_generated,f1_macro,24.734625006638943,1,4,real_core_ctgan,dnn
real,mnist28,full_hybrid_minus_generated,f1_macro,24.48999262531861,1,2,real_core_ctgan,dnn
real,mnist28,full_minus_xonly,f1_macro,-0.8488211875567515,1,2,real_core_ctgan,dnn
real,mnist28,xonly_hybrid_minus_generated,f1_macro,25.33881381287536,1,2,real_core_ctgan,dnn
real,adult,full_hybrid_minus_generated,f1_macro,-1.0865392592788914,1,24,real_core_tvae,all_six
real,adult,full_minus_xonly,f1_macro,-1.1701076088697993,1,24,real_core_tvae,all_six
real,adult,xonly_hybrid_minus_generated,f1_macro,0.08356834959090786,1,24,real_core_tvae,all_six
real,covertype,full_hybrid_minus_generated,f1_macro,6.162056326621386,1,24,real_core_tvae,all_six
real,covertype,full_minus_xonly,f1_macro,1.5249315729329824,1,24,real_core_tvae,all_six
real,covertype,xonly_hybrid_minus_generated,f1_macro,4.637124753688402,1,24,real_core_tvae,all_six
real,mnist28,full_hybrid_minus_generated,f1_macro,-11.526377130310127,1,12,real_core_tvae,all_six
real,mnist28,full_minus_xonly,f1_macro,0.013475812987208492,1,12,real_core_tvae,all_six
real,mnist28,xonly_hybrid_minus_generated,f1_macro,-11.539852943297337,1,12,real_core_tvae,all_six
real,adult,full_hybrid_minus_generated,f1_macro,3.980487450308916,1,12,real_core_tvae,rf_xgb_dnn
real,adult,full_minus_xonly,f1_macro,-0.42746486465782974,1,12,real_core_tvae,rf_xgb_dnn
real,adult,xonly_hybrid_minus_generated,f1_macro,4.407952314966746,1,12,real_core_tvae,rf_xgb_dnn
real,covertype,full_hybrid_minus_generated,f1_macro,11.825740169301064,1,12,real_core_tvae,rf_xgb_dnn
real,covertype,full_minus_xonly,f1_macro,1.5393378790877033,1,12,real_core_tvae,rf_xgb_dnn
real,covertype,xonly_hybrid_minus_generated,f1_macro,10.28640229021336,1,12,real_core_tvae,rf_xgb_dnn
real,mnist28,full_hybrid_minus_generated,f1_macro,0.6293377005790575,1,6,real_core_tvae,rf_xgb_dnn
real,mnist28,full_minus_xonly,f1_macro,-0.013332645354867147,1,6,real_core_tvae,rf_xgb_dnn
real,mnist28,xonly_hybrid_minus_generated,f1_macro,0.6426703459339246,1,6,real_core_tvae,rf_xgb_dnn
real,adult,full_hybrid_minus_generated,f1_macro,4.587424358317467,1,4,real_core_tvae,dnn
real,adult,full_minus_xonly,f1_macro,-0.1242519315967634,1,4,real_core_tvae,dnn
real,adult,xonly_hybrid_minus_generated,f1_macro,4.71167628991423,1,4,real_core_tvae,dnn
real,covertype,full_hybrid_minus_generated,f1_macro,22.814962140253144,1,4,real_core_tvae,dnn
real,covertype,full_minus_xonly,f1_macro,0.4420773159700886,1,4,real_core_tvae,dnn
real,covertype,xonly_hybrid_minus_generated,f1_macro,22.372884824283055,1,4,real_core_tvae,dnn
real,mnist28,full_hybrid_minus_generated,f1_macro,0.8025658747800364,1,2,real_core_tvae,dnn
real,mnist28,full_minus_xonly,f1_macro,-0.04216379319717589,1,2,real_core_tvae,dnn
real,mnist28,xonly_hybrid_minus_generated,f1_macro,0.8447296679772123,1,2,real_core_tvae,dnn
real,adult,full_hybrid_minus_generated,f1_macro,-3.501011061029478,2,24,real_core_mix,all_six
real,adult,full_minus_xonly,f1_macro,-1.2541536147191321,2,24,real_core_mix,all_six
real,adult,xonly_hybrid_minus_generated,f1_macro,-2.2468574463103463,2,24,real_core_mix,all_six
real,census_kdd,full_hybrid_minus_generated,f1_macro,4.403264120111969,1,6,real_core_mix,all_six
real,census_kdd,full_minus_xonly,f1_macro,0.30276117246105017,1,6,real_core_mix,all_six
real,census_kdd,xonly_hybrid_minus_generated,f1_macro,4.100502947650919,1,6,real_core_mix,all_six
real,covertype,full_hybrid_minus_generated,f1_macro,7.681517440207467,2,24,real_core_mix,all_six
real,covertype,full_minus_xonly,f1_macro,1.2440920128909594,2,24,real_core_mix,all_six
real,covertype,xonly_hybrid_minus_generated,f1_macro,6.437425427316507,2,24,real_core_mix,all_six
real,mnist28,full_hybrid_minus_generated,f1_macro,-6.158400492198134,2,12,real_core_mix,all_six
real,mnist28,full_minus_xonly,f1_macro,-0.9617179588728515,2,12,real_core_mix,all_six
real,mnist28,xonly_hybrid_minus_generated,f1_macro,-5.1966825333252835,2,12,real_core_mix,all_six
real,adult,full_hybrid_minus_generated,f1_macro,1.3336191683441938,2,12,real_core_mix,rf_xgb_dnn
real,adult,full_minus_xonly,f1_macro,-0.7473181258657001,2,12,real_core_mix,rf_xgb_dnn
real,adult,xonly_hybrid_minus_generated,f1_macro,2.0809372942098934,2,12,real_core_mix,rf_xgb_dnn
real,census_kdd,full_hybrid_minus_generated,f1_macro,14.749028929872717,1,3,real_core_mix,rf_xgb_dnn
real,census_kdd,full_minus_xonly,f1_macro,0.08482026295674434,1,3,real_core_mix,rf_xgb_dnn
real,census_kdd,xonly_hybrid_minus_generated,f1_macro,14.664208666915973,1,3,real_core_mix,rf_xgb_dnn
real,covertype,full_hybrid_minus_generated,f1_macro,14.348563496934428,2,12,real_core_mix,rf_xgb_dnn
real,covertype,full_minus_xonly,f1_macro,1.4370412878022019,2,12,real_core_mix,rf_xgb_dnn
real,covertype,xonly_hybrid_minus_generated,f1_macro,12.911522209132226,2,12,real_core_mix,rf_xgb_dnn
real,mnist28,full_hybrid_minus_generated,f1_macro,2.3714930180235263,2,6,real_core_mix,rf_xgb_dnn
real,mnist28,full_minus_xonly,f1_macro,-0.17914577211498303,2,6,real_core_mix,rf_xgb_dnn
real,mnist28,xonly_hybrid_minus_generated,f1_macro,2.550638790138509,2,6,real_core_mix,rf_xgb_dnn
real,adult,full_hybrid_minus_generated,f1_macro,2.016681639423883,2,4,real_core_mix,dnn
real,adult,full_minus_xonly,f1_macro,-0.30020694868094466,2,4,real_core_mix,dnn
real,adult,xonly_hybrid_minus_generated,f1_macro,2.3168885881048276,2,4,real_core_mix,dnn
real,census_kdd,full_hybrid_minus_generated,f1_macro,14.511689201904375,1,1,real_core_mix,dnn
real,census_kdd,full_minus_xonly,f1_macro,-0.35379407490283654,1,1,real_core_mix,dnn
real,census_kdd,xonly_hybrid_minus_generated,f1_macro,14.865483276807211,1,1,real_core_mix,dnn
real,covertype,full_hybrid_minus_generated,f1_macro,25.600236405090644,2,4,real_core_mix,dnn
real,covertype,full_minus_xonly,f1_macro,0.9123702974535135,2,4,real_core_mix,dnn
real,covertype,xonly_hybrid_minus_generated,f1_macro,24.68786610763713,2,4,real_core_mix,dnn
real,mnist28,full_hybrid_minus_generated,f1_macro,2.550536384942802,2,2,real_core_mix,dnn
real,mnist28,full_minus_xonly,f1_macro,-0.10021457971486569,2,2,real_core_mix,dnn
real,mnist28,xonly_hybrid_minus_generated,f1_macro,2.650750964657668,2,2,real_core_mix,dnn
real,adult,full_hybrid_minus_generated,f1_macro,-1.846330637282525,2,24,real_core_synthetic,all_six
real,adult,full_minus_xonly,f1_macro,-1.1648467472067217,2,24,real_core_synthetic,all_six
real,adult,xonly_hybrid_minus_generated,f1_macro,-0.6814838900758033,2,24,real_core_synthetic,all_six
real,census_kdd,full_hybrid_minus_generated,f1_macro,-2.049524006090325,1,6,real_core_synthetic,all_six
real,census_kdd,full_minus_xonly,f1_macro,0.259168011731127,1,6,real_core_synthetic,all_six
real,census_kdd,xonly_hybrid_minus_generated,f1_macro,-2.308692017821452,1,6,real_core_synthetic,all_six
real,covertype,full_hybrid_minus_generated,f1_macro,6.336492821388693,2,24,real_core_synthetic,all_six
real,covertype,full_minus_xonly,f1_macro,1.5791175130796402,2,24,real_core_synthetic,all_six
real,covertype,xonly_hybrid_minus_generated,f1_macro,4.757375308309052,2,24,real_core_synthetic,all_six
real,mnist28,full_hybrid_minus_generated,f1_macro,8.761068641465975,2,12,real_core_synthetic,all_six
real,mnist28,full_minus_xonly,f1_macro,-1.660188661181225,2,12,real_core_synthetic,all_six
real,mnist28,xonly_hybrid_minus_generated,f1_macro,10.421257302647202,2,12,real_core_synthetic,all_six
real,adult,full_hybrid_minus_generated,f1_macro,3.185470015479198,2,12,real_core_synthetic,rf_xgb_dnn
real,adult,full_minus_xonly,f1_macro,-0.6897883598613663,2,12,real_core_synthetic,rf_xgb_dnn
real,adult,xonly_hybrid_minus_generated,f1_macro,3.8752583753405645,2,12,real_core_synthetic,rf_xgb_dnn
real,census_kdd,full_hybrid_minus_generated,f1_macro,7.114059285561528,1,3,real_core_synthetic,rf_xgb_dnn
real,census_kdd,full_minus_xonly,f1_macro,0.04771791108480746,1,3,real_core_synthetic,rf_xgb_dnn
real,census_kdd,xonly_hybrid_minus_generated,f1_macro,7.066341374476721,1,3,real_core_synthetic,rf_xgb_dnn
real,covertype,full_hybrid_minus_generated,f1_macro,12.691652475826139,2,12,real_core_synthetic,rf_xgb_dnn
real,covertype,full_minus_xonly,f1_macro,1.8724033220564824,2,12,real_core_synthetic,rf_xgb_dnn
real,covertype,xonly_hybrid_minus_generated,f1_macro,10.819249153769658,2,12,real_core_synthetic,rf_xgb_dnn
real,mnist28,full_hybrid_minus_generated,f1_macro,21.09774661937168,2,6,real_core_synthetic,rf_xgb_dnn
real,mnist28,full_minus_xonly,f1_macro,-1.1496691302581066,2,6,real_core_synthetic,rf_xgb_dnn
real,mnist28,xonly_hybrid_minus_generated,f1_macro,22.247415749629788,2,6,real_core_synthetic,rf_xgb_dnn
real,adult,full_hybrid_minus_generated,f1_macro,3.9194590667709193,2,4,real_core_synthetic,dnn
real,adult,full_minus_xonly,f1_macro,-0.21430748735270555,2,4,real_core_synthetic,dnn
real,adult,xonly_hybrid_minus_generated,f1_macro,4.133766554123625,2,4,real_core_synthetic,dnn
real,census_kdd,full_hybrid_minus_generated,f1_macro,7.417487156870706,1,1,real_core_synthetic,dnn
real,census_kdd,full_minus_xonly,f1_macro,-0.15997426203732346,1,1,real_core_synthetic,dnn
real,census_kdd,xonly_hybrid_minus_generated,f1_macro,7.57746141890803,1,1,real_core_synthetic,dnn
real,covertype,full_hybrid_minus_generated,f1_macro,24.01699504994883,2,4,real_core_synthetic,dnn
real,covertype,full_minus_xonly,f1_macro,1.5973513266639614,2,4,real_core_synthetic,dnn
real,covertype,xonly_hybrid_minus_generated,f1_macro,22.419643723284867,2,4,real_core_synthetic,dnn
real,mnist28,full_hybrid_minus_generated,f1_macro,22.742022115155844,2,2,real_core_synthetic,dnn
real,mnist28,full_minus_xonly,f1_macro,-0.7907704010390617,2,2,real_core_synthetic,dnn
real,mnist28,xonly_hybrid_minus_generated,f1_macro,23.532792516194906,2,2,real_core_synthetic,dnn
simulated,alarm,full_hybrid_minus_generated,accuracy,6.201666666666664,2,24,simulated,all_six
simulated,alarm,full_minus_xonly,accuracy,-0.007916666666666867,2,24,simulated,all_six
simulated,alarm,xonly_hybrid_minus_generated,accuracy,6.20958333333333,2,24,simulated,all_six
simulated,asia,full_hybrid_minus_generated,accuracy,-5.409166666666671,2,24,simulated,all_six
simulated,asia,full_minus_xonly,accuracy,-0.03750000000000171,2,24,simulated,all_six
simulated,asia,xonly_hybrid_minus_generated,accuracy,-5.37166666666667,2,24,simulated,all_six
simulated,child,full_hybrid_minus_generated,accuracy,0.11291666666666789,2,24,simulated,all_six
simulated,child,full_minus_xonly,accuracy,-0.010833333333333542,2,24,simulated,all_six
simulated,child,xonly_hybrid_minus_generated,accuracy,0.12375000000000158,2,24,simulated,all_six
simulated,gaussian,full_hybrid_minus_generated,accuracy,5.56375,2,24,simulated,all_six
simulated,gaussian,full_minus_xonly,accuracy,0.14874999999999974,2,24,simulated,all_six
simulated,gaussian,xonly_hybrid_minus_generated,accuracy,5.414999999999999,2,24,simulated,all_six
simulated,grid,full_hybrid_minus_generated,accuracy,2.299166666666662,2,24,simulated,all_six
simulated,grid,full_minus_xonly,accuracy,0.8629166666666682,2,24,simulated,all_six
simulated,grid,xonly_hybrid_minus_generated,accuracy,1.4362499999999936,2,24,simulated,all_six
simulated,insurance,full_hybrid_minus_generated,accuracy,1.1416666666666673,2,24,simulated,all_six
simulated,insurance,full_minus_xonly,accuracy,-0.2574999999999997,2,24,simulated,all_six
simulated,insurance,xonly_hybrid_minus_generated,accuracy,1.3991666666666671,2,24,simulated,all_six
simulated,ring,full_hybrid_minus_generated,accuracy,0.9145833333333315,2,24,simulated,all_six
simulated,ring,full_minus_xonly,accuracy,0.01583333333333255,2,24,simulated,all_six
simulated,ring,xonly_hybrid_minus_generated,accuracy,0.8987499999999993,2,24,simulated,all_six
simulated,alarm,full_hybrid_minus_generated,accuracy,14.71583333333333,2,12,simulated,rf_xgb_dnn
simulated,alarm,full_minus_xonly,accuracy,-0.032500000000002416,2,12,simulated,rf_xgb_dnn
simulated,alarm,xonly_hybrid_minus_generated,accuracy,14.748333333333331,2,12,simulated,rf_xgb_dnn
simulated,asia,full_hybrid_minus_generated,accuracy,0.2224999999999966,2,12,simulated,rf_xgb_dnn
simulated,asia,full_minus_xonly,accuracy,-0.03333333333333499,2,12,simulated,rf_xgb_dnn
simulated,asia,xonly_hybrid_minus_generated,accuracy,0.2558333333333316,2,12,simulated,rf_xgb_dnn
simulated,child,full_hybrid_minus_generated,accuracy,5.354166666666667,2,12,simulated,rf_xgb_dnn
simulated,child,full_minus_xonly,accuracy,0.015833333333331964,2,12,simulated,rf_xgb_dnn
simulated,child,xonly_hybrid_minus_generated,accuracy,5.338333333333335,2,12,simulated,rf_xgb_dnn
simulated,gaussian,full_hybrid_minus_generated,accuracy,7.289166666666665,2,12,simulated,rf_xgb_dnn
simulated,gaussian,full_minus_xonly,accuracy,0.2141666666666661,2,12,simulated,rf_xgb_dnn
simulated,gaussian,xonly_hybrid_minus_generated,accuracy,7.074999999999999,2,12,simulated,rf_xgb_dnn
simulated,grid,full_hybrid_minus_generated,accuracy,3.6049999999999947,2,12,simulated,rf_xgb_dnn
simulated,grid,full_minus_xonly,accuracy,0.9491666666666667,2,12,simulated,rf_xgb_dnn
simulated,grid,xonly_hybrid_minus_generated,accuracy,2.655833333333328,2,12,simulated,rf_xgb_dnn
simulated,insurance,full_hybrid_minus_generated,accuracy,4.244999999999999,2,12,simulated,rf_xgb_dnn
simulated,insurance,full_minus_xonly,accuracy,-0.22250000000000014,2,12,simulated,rf_xgb_dnn
simulated,insurance,xonly_hybrid_minus_generated,accuracy,4.467499999999999,2,12,simulated,rf_xgb_dnn
simulated,ring,full_hybrid_minus_generated,accuracy,2.1366666666666667,2,12,simulated,rf_xgb_dnn
simulated,ring,full_minus_xonly,accuracy,-0.020833333333333332,2,12,simulated,rf_xgb_dnn
simulated,ring,xonly_hybrid_minus_generated,accuracy,2.1575,2,12,simulated,rf_xgb_dnn
simulated,alarm,full_hybrid_minus_generated,accuracy,4.377499999999998,2,4,simulated,gaussian
simulated,alarm,full_minus_xonly,accuracy,0.38500000000000156,2,4,simulated,gaussian
simulated,alarm,xonly_hybrid_minus_generated,accuracy,3.992499999999996,2,4,simulated,gaussian
simulated,asia,full_hybrid_minus_generated,accuracy,-16.237500000000004,2,4,simulated,gaussian
simulated,asia,full_minus_xonly,accuracy,0.0,2,4,simulated,gaussian
simulated,asia,xonly_hybrid_minus_generated,accuracy,-16.237500000000004,2,4,simulated,gaussian
simulated,child,full_hybrid_minus_generated,accuracy,-7.767499999999995,2,4,simulated,gaussian
simulated,child,full_minus_xonly,accuracy,-0.0024999999999941735,2,4,simulated,gaussian
simulated,child,xonly_hybrid_minus_generated,accuracy,-7.765000000000001,2,4,simulated,gaussian
simulated,gaussian,full_hybrid_minus_generated,accuracy,2.6625000000000014,2,4,simulated,gaussian
simulated,gaussian,full_minus_xonly,accuracy,0.13250000000000384,2,4,simulated,gaussian
simulated,gaussian,xonly_hybrid_minus_generated,accuracy,2.5299999999999976,2,4,simulated,gaussian
simulated,grid,full_hybrid_minus_generated,accuracy,-0.17250000000000298,2,4,simulated,gaussian
simulated,grid,full_minus_xonly,accuracy,0.8225000000000051,2,4,simulated,gaussian
simulated,grid,xonly_hybrid_minus_generated,accuracy,-0.9950000000000081,2,4,simulated,gaussian
simulated,insurance,full_hybrid_minus_generated,accuracy,0.432500000000001,2,4,simulated,gaussian
simulated,insurance,full_minus_xonly,accuracy,-0.18999999999999773,2,4,simulated,gaussian
simulated,insurance,xonly_hybrid_minus_generated,accuracy,0.6224999999999987,2,4,simulated,gaussian
simulated,ring,full_hybrid_minus_generated,accuracy,-1.0175000000000054,2,4,simulated,gaussian
simulated,ring,full_minus_xonly,accuracy,-0.007500000000000284,2,4,simulated,gaussian
simulated,ring,xonly_hybrid_minus_generated,accuracy,-1.0100000000000051,2,4,simulated,gaussian
simulated,alarm,full_hybrid_minus_generated,accuracy,6.697499999999998,2,4,simulated,categorical
simulated,alarm,full_minus_xonly,accuracy,0.13750000000000284,2,4,simulated,categorical
simulated,alarm,xonly_hybrid_minus_generated,accuracy,6.559999999999995,2,4,simulated,categorical
simulated,asia,full_hybrid_minus_generated,accuracy,0.28749999999999787,2,4,simulated,categorical
simulated,asia,full_minus_xonly,accuracy,-0.002500000000001279,2,4,simulated,categorical
simulated,asia,xonly_hybrid_minus_generated,accuracy,0.28999999999999915,2,4,simulated,categorical
simulated,child,full_hybrid_minus_generated,accuracy,2.382500000000004,2,4,simulated,categorical
simulated,child,full_minus_xonly,accuracy,-0.20250000000000057,2,4,simulated,categorical
simulated,child,xonly_hybrid_minus_generated,accuracy,2.5850000000000044,2,4,simulated,categorical
simulated,gaussian,full_hybrid_minus_generated,accuracy,1.759999999999998,2,4,simulated,categorical
simulated,gaussian,full_minus_xonly,accuracy,0.0224999999999973,2,4,simulated,categorical
simulated,gaussian,xonly_hybrid_minus_generated,accuracy,1.7375000000000007,2,4,simulated,categorical
simulated,grid,full_hybrid_minus_generated,accuracy,0.24749999999999162,2,4,simulated,categorical
simulated,grid,full_minus_xonly,accuracy,0.9899999999999984,2,4,simulated,categorical
simulated,grid,xonly_hybrid_minus_generated,accuracy,-0.7425000000000068,2,4,simulated,categorical
simulated,insurance,full_hybrid_minus_generated,accuracy,-3.1874999999999964,2,4,simulated,categorical
simulated,insurance,full_minus_xonly,accuracy,-0.42499999999999716,2,4,simulated,categorical
simulated,insurance,xonly_hybrid_minus_generated,accuracy,-2.7624999999999993,2,4,simulated,categorical
simulated,ring,full_hybrid_minus_generated,accuracy,-1.1100000000000065,2,4,simulated,categorical
simulated,ring,full_minus_xonly,accuracy,0.017499999999994742,2,4,simulated,categorical
simulated,ring,xonly_hybrid_minus_generated,accuracy,-1.1275000000000013,2,4,simulated,categorical
simulated,alarm,full_hybrid_minus_generated,accuracy,-18.012500000000003,2,4,simulated,pca_gmm
simulated,alarm,full_minus_xonly,accuracy,-0.47249999999999837,2,4,simulated,pca_gmm
simulated,alarm,xonly_hybrid_minus_generated,accuracy,-17.540000000000003,2,4,simulated,pca_gmm
simulated,asia,full_hybrid_minus_generated,accuracy,-17.17250000000001,2,4,simulated,pca_gmm
simulated,asia,full_minus_xonly,accuracy,-0.12250000000000405,2,4,simulated,pca_gmm
simulated,asia,xonly_hybrid_minus_generated,accuracy,-17.050000000000004,2,4,simulated,pca_gmm
simulated,child,full_hybrid_minus_generated,accuracy,-10.0,2,4,simulated,pca_gmm
simulated,child,full_minus_xonly,accuracy,0.09249999999999758,2,4,simulated,pca_gmm
simulated,child,xonly_hybrid_minus_generated,accuracy,-10.092499999999998,2,4,simulated,pca_gmm
simulated,gaussian,full_hybrid_minus_generated,accuracy,7.092499999999998,2,4,simulated,pca_gmm
simulated,gaussian,full_minus_xonly,accuracy,0.09499999999999886,2,4,simulated,pca_gmm
simulated,gaussian,xonly_hybrid_minus_generated,accuracy,6.997499999999999,2,4,simulated,pca_gmm
simulated,grid,full_hybrid_minus_generated,accuracy,2.9049999999999976,2,4,simulated,pca_gmm
simulated,grid,full_minus_xonly,accuracy,0.5175000000000054,2,4,simulated,pca_gmm
simulated,grid,xonly_hybrid_minus_generated,accuracy,2.387499999999992,2,4,simulated,pca_gmm
simulated,insurance,full_hybrid_minus_generated,accuracy,-3.129999999999999,2,4,simulated,pca_gmm
simulated,insurance,full_minus_xonly,accuracy,-0.26250000000000284,2,4,simulated,pca_gmm
simulated,insurance,xonly_hybrid_minus_generated,accuracy,-2.867499999999996,2,4,simulated,pca_gmm
simulated,ring,full_hybrid_minus_generated,accuracy,1.2050000000000018,2,4,simulated,pca_gmm
simulated,ring,full_minus_xonly,accuracy,0.14750000000000085,2,4,simulated,pca_gmm
simulated,ring,xonly_hybrid_minus_generated,accuracy,1.057500000000001,2,4,simulated,pca_gmm
simulated,alarm,full_hybrid_minus_generated,accuracy,14.0475,2,4,simulated,rf
simulated,alarm,full_minus_xonly,accuracy,-0.21999999999999886,2,4,simulated,rf
simulated,alarm,xonly_hybrid_minus_generated,accuracy,14.267499999999998,2,4,simulated,rf
simulated,asia,full_hybrid_minus_generated,accuracy,0.20499999999999474,2,4,simulated,rf
simulated,asia,full_minus_xonly,accuracy,-3.552713678800501e-15,2,4,simulated,rf
simulated,asia,xonly_hybrid_minus_generated,accuracy,0.2049999999999983,2,4,simulated,rf
simulated,child,full_hybrid_minus_generated,accuracy,5.362499999999997,2,4,simulated,rf
simulated,child,full_minus_xonly,accuracy,0.1924999999999919,2,4,simulated,rf
simulated,child,xonly_hybrid_minus_generated,accuracy,5.170000000000005,2,4,simulated,rf
simulated,gaussian,full_hybrid_minus_generated,accuracy,7.41,2,4,simulated,rf
simulated,gaussian,full_minus_xonly,accuracy,0.28000000000000114,2,4,simulated,rf
simulated,gaussian,xonly_hybrid_minus_generated,accuracy,7.129999999999999,2,4,simulated,rf
simulated,grid,full_hybrid_minus_generated,accuracy,3.659999999999993,2,4,simulated,rf
simulated,grid,full_minus_xonly,accuracy,0.8949999999999996,2,4,simulated,rf
simulated,grid,xonly_hybrid_minus_generated,accuracy,2.7649999999999935,2,4,simulated,rf
simulated,insurance,full_hybrid_minus_generated,accuracy,4.337500000000002,2,4,simulated,rf
simulated,insurance,full_minus_xonly,accuracy,-0.08749999999999858,2,4,simulated,rf
simulated,insurance,xonly_hybrid_minus_generated,accuracy,4.425000000000001,2,4,simulated,rf
simulated,ring,full_hybrid_minus_generated,accuracy,2.0524999999999984,2,4,simulated,rf
simulated,ring,full_minus_xonly,accuracy,-0.0975000000000037,2,4,simulated,rf
simulated,ring,xonly_hybrid_minus_generated,accuracy,2.150000000000002,2,4,simulated,rf
simulated,alarm,full_hybrid_minus_generated,accuracy,15.462499999999999,2,4,simulated,xgb
simulated,alarm,full_minus_xonly,accuracy,0.09750000000000014,2,4,simulated,xgb
simulated,alarm,xonly_hybrid_minus_generated,accuracy,15.364999999999998,2,4,simulated,xgb
simulated,asia,full_hybrid_minus_generated,accuracy,0.28999999999999915,2,4,simulated,xgb
simulated,asia,full_minus_xonly,accuracy,0.0,2,4,simulated,xgb
simulated,asia,xonly_hybrid_minus_generated,accuracy,0.28999999999999915,2,4,simulated,xgb
simulated,child,full_hybrid_minus_generated,accuracy,5.4025,2,4,simulated,xgb
simulated,child,full_minus_xonly,accuracy,-0.08749999999999858,2,4,simulated,xgb
simulated,child,xonly_hybrid_minus_generated,accuracy,5.489999999999998,2,4,simulated,xgb
simulated,gaussian,full_hybrid_minus_generated,accuracy,7.194999999999997,2,4,simulated,xgb
simulated,gaussian,full_minus_xonly,accuracy,0.20749999999999602,2,4,simulated,xgb
simulated,gaussian,xonly_hybrid_minus_generated,accuracy,6.987500000000001,2,4,simulated,xgb
simulated,grid,full_hybrid_minus_generated,accuracy,3.6374999999999957,2,4,simulated,xgb
simulated,grid,full_minus_xonly,accuracy,0.922500000000003,2,4,simulated,xgb
simulated,grid,xonly_hybrid_minus_generated,accuracy,2.7149999999999928,2,4,simulated,xgb
simulated,insurance,full_hybrid_minus_generated,accuracy,4.264999999999997,2,4,simulated,xgb
simulated,insurance,full_minus_xonly,accuracy,-0.3125,2,4,simulated,xgb
simulated,insurance,xonly_hybrid_minus_generated,accuracy,4.577499999999997,2,4,simulated,xgb
simulated,ring,full_hybrid_minus_generated,accuracy,2.177500000000002,2,4,simulated,xgb
simulated,ring,full_minus_xonly,accuracy,0.05750000000000455,2,4,simulated,xgb
simulated,ring,xonly_hybrid_minus_generated,accuracy,2.1199999999999974,2,4,simulated,xgb
simulated,alarm,full_hybrid_minus_generated,accuracy,14.637499999999992,2,4,simulated,dnn
simulated,alarm,full_minus_xonly,accuracy,0.024999999999991473,2,4,simulated,dnn
simulated,alarm,xonly_hybrid_minus_generated,accuracy,14.6125,2,4,simulated,dnn
simulated,asia,full_hybrid_minus_generated,accuracy,0.17249999999999588,2,4,simulated,dnn
simulated,asia,full_minus_xonly,accuracy,-0.10000000000000142,2,4,simulated,dnn
simulated,asia,xonly_hybrid_minus_generated,accuracy,0.2724999999999973,2,4,simulated,dnn
simulated,child,full_hybrid_minus_generated,accuracy,5.297500000000003,2,4,simulated,dnn
simulated,child,full_minus_xonly,accuracy,-0.05749999999999744,2,4,simulated,dnn
simulated,child,xonly_hybrid_minus_generated,accuracy,5.355,2,4,simulated,dnn
simulated,gaussian,full_hybrid_minus_generated,accuracy,7.262499999999999,2,4,simulated,dnn
simulated,gaussian,full_minus_xonly,accuracy,0.15500000000000114,2,4,simulated,dnn
simulated,gaussian,xonly_hybrid_minus_generated,accuracy,7.107499999999998,2,4,simulated,dnn
simulated,grid,full_hybrid_minus_generated,accuracy,3.5174999999999947,2,4,simulated,dnn
simulated,grid,full_minus_xonly,accuracy,1.0299999999999976,2,4,simulated,dnn
simulated,grid,xonly_hybrid_minus_generated,accuracy,2.487499999999997,2,4,simulated,dnn
simulated,insurance,full_hybrid_minus_generated,accuracy,4.1325,2,4,simulated,dnn
simulated,insurance,full_minus_xonly,accuracy,-0.26750000000000185,2,4,simulated,dnn
simulated,insurance,xonly_hybrid_minus_generated,accuracy,4.400000000000002,2,4,simulated,dnn
simulated,ring,full_hybrid_minus_generated,accuracy,2.1799999999999997,2,4,simulated,dnn
simulated,ring,full_minus_xonly,accuracy,-0.022500000000000853,2,4,simulated,dnn
simulated,ring,xonly_hybrid_minus_generated,accuracy,2.2025000000000006,2,4,simulated,dnn
simulated,alarm,full_hybrid_minus_generated,accuracy,17.12166666666666,1,12,simulated_ctgan,all_six
simulated,alarm,full_minus_xonly,accuracy,-0.05000000000000189,1,12,simulated_ctgan,all_six
simulated,alarm,xonly_hybrid_minus_generated,accuracy,17.17166666666666,1,12,simulated_ctgan,all_six
simulated,asia,full_hybrid_minus_generated,accuracy,-5.573333333333338,1,12,simulated_ctgan,all_six
simulated,asia,full_minus_xonly,accuracy,-0.002500000000001279,1,12,simulated_ctgan,all_six
simulated,asia,xonly_hybrid_minus_generated,accuracy,-5.570833333333336,1,12,simulated_ctgan,all_six
simulated,child,full_hybrid_minus_generated,accuracy,2.8175000000000034,1,12,simulated_ctgan,all_six
simulated,child,full_minus_xonly,accuracy,0.07416666666666671,1,12,simulated_ctgan,all_six
simulated,child,xonly_hybrid_minus_generated,accuracy,2.7433333333333367,1,12,simulated_ctgan,all_six
simulated,gaussian,full_hybrid_minus_generated,accuracy,9.893333333333334,1,12,simulated_ctgan,all_six
simulated,gaussian,full_minus_xonly,accuracy,0.02583333333333352,1,12,simulated_ctgan,all_six
simulated,gaussian,xonly_hybrid_minus_generated,accuracy,9.8675,1,12,simulated_ctgan,all_six
simulated,grid,full_hybrid_minus_generated,accuracy,5.097499999999995,1,12,simulated_ctgan,all_six
simulated,grid,full_minus_xonly,accuracy,0.045000000000000526,1,12,simulated_ctgan,all_six
simulated,grid,xonly_hybrid_minus_generated,accuracy,5.052499999999994,1,12,simulated_ctgan,all_six
simulated,insurance,full_hybrid_minus_generated,accuracy,2.8216666666666663,1,12,simulated_ctgan,all_six
simulated,insurance,full_minus_xonly,accuracy,-0.13666666666666552,1,12,simulated_ctgan,all_six
simulated,insurance,xonly_hybrid_minus_generated,accuracy,2.958333333333332,1,12,simulated_ctgan,all_six
simulated,ring,full_hybrid_minus_generated,accuracy,2.39166666666667,1,12,simulated_ctgan,all_six
simulated,ring,full_minus_xonly,accuracy,0.0008333333333349416,1,12,simulated_ctgan,all_six
simulated,ring,xonly_hybrid_minus_generated,accuracy,2.390833333333336,1,12,simulated_ctgan,all_six
simulated,alarm,full_hybrid_minus_generated,accuracy,25.683333333333326,1,6,simulated_ctgan,rf_xgb_dnn
simulated,alarm,full_minus_xonly,accuracy,-0.06000000000000464,1,6,simulated_ctgan,rf_xgb_dnn
simulated,alarm,xonly_hybrid_minus_generated,accuracy,25.74333333333333,1,6,simulated_ctgan,rf_xgb_dnn
simulated,asia,full_hybrid_minus_generated,accuracy,0.06666666666666288,1,6,simulated_ctgan,rf_xgb_dnn
simulated,asia,full_minus_xonly,accuracy,-0.0033333333333350388,1,6,simulated_ctgan,rf_xgb_dnn
simulated,asia,xonly_hybrid_minus_generated,accuracy,0.06999999999999792,1,6,simulated_ctgan,rf_xgb_dnn
simulated,child,full_hybrid_minus_generated,accuracy,8.098333333333336,1,6,simulated_ctgan,rf_xgb_dnn
simulated,child,full_minus_xonly,accuracy,0.036666666666666486,1,6,simulated_ctgan,rf_xgb_dnn
simulated,child,xonly_hybrid_minus_generated,accuracy,8.061666666666671,1,6,simulated_ctgan,rf_xgb_dnn
simulated,gaussian,full_hybrid_minus_generated,accuracy,11.663333333333334,1,6,simulated_ctgan,rf_xgb_dnn
simulated,gaussian,full_minus_xonly,accuracy,0.046666666666666856,1,6,simulated_ctgan,rf_xgb_dnn
simulated,gaussian,xonly_hybrid_minus_generated,accuracy,11.616666666666667,1,6,simulated_ctgan,rf_xgb_dnn
simulated,grid,full_hybrid_minus_generated,accuracy,6.41166666666666,1,6,simulated_ctgan,rf_xgb_dnn
simulated,grid,full_minus_xonly,accuracy,0.014999999999998199,1,6,simulated_ctgan,rf_xgb_dnn
simulated,grid,xonly_hybrid_minus_generated,accuracy,6.396666666666661,1,6,simulated_ctgan,rf_xgb_dnn
simulated,insurance,full_hybrid_minus_generated,accuracy,6.028333333333333,1,6,simulated_ctgan,rf_xgb_dnn
simulated,insurance,full_minus_xonly,accuracy,-0.043333333333331815,1,6,simulated_ctgan,rf_xgb_dnn
simulated,insurance,xonly_hybrid_minus_generated,accuracy,6.071666666666665,1,6,simulated_ctgan,rf_xgb_dnn
simulated,ring,full_hybrid_minus_generated,accuracy,3.630000000000007,1,6,simulated_ctgan,rf_xgb_dnn
simulated,ring,full_minus_xonly,accuracy,-0.013333333333328312,1,6,simulated_ctgan,rf_xgb_dnn
simulated,ring,xonly_hybrid_minus_generated,accuracy,3.6433333333333358,1,6,simulated_ctgan,rf_xgb_dnn
simulated,alarm,full_hybrid_minus_generated,accuracy,25.47999999999999,1,2,simulated_ctgan,dnn
simulated,alarm,full_minus_xonly,accuracy,0.03999999999999204,1,2,simulated_ctgan,dnn
simulated,alarm,xonly_hybrid_minus_generated,accuracy,25.439999999999998,1,2,simulated_ctgan,dnn
simulated,asia,full_hybrid_minus_generated,accuracy,0.0899999999999963,1,2,simulated_ctgan,dnn
simulated,asia,full_minus_xonly,accuracy,-0.005000000000002558,1,2,simulated_ctgan,dnn
simulated,asia,xonly_hybrid_minus_generated,accuracy,0.09499999999999886,1,2,simulated_ctgan,dnn
simulated,child,full_hybrid_minus_generated,accuracy,7.915000000000006,1,2,simulated_ctgan,dnn
simulated,child,full_minus_xonly,accuracy,-0.22999999999999687,1,2,simulated_ctgan,dnn
simulated,child,xonly_hybrid_minus_generated,accuracy,8.145000000000003,1,2,simulated_ctgan,dnn
simulated,gaussian,full_hybrid_minus_generated,accuracy,11.615000000000002,1,2,simulated_ctgan,dnn
simulated,gaussian,full_minus_xonly,accuracy,-0.05999999999999517,1,2,simulated_ctgan,dnn
simulated,gaussian,xonly_hybrid_minus_generated,accuracy,11.674999999999997,1,2,simulated_ctgan,dnn
simulated,grid,full_hybrid_minus_generated,accuracy,6.419999999999995,1,2,simulated_ctgan,dnn
simulated,grid,full_minus_xonly,accuracy,0.32499999999999574,1,2,simulated_ctgan,dnn
simulated,grid,xonly_hybrid_minus_generated,accuracy,6.094999999999999,1,2,simulated_ctgan,dnn
simulated,insurance,full_hybrid_minus_generated,accuracy,5.899999999999999,1,2,simulated_ctgan,dnn
simulated,insurance,full_minus_xonly,accuracy,-0.17999999999999972,1,2,simulated_ctgan,dnn
simulated,insurance,xonly_hybrid_minus_generated,accuracy,6.079999999999998,1,2,simulated_ctgan,dnn
simulated,ring,full_hybrid_minus_generated,accuracy,3.6750000000000043,1,2,simulated_ctgan,dnn
simulated,ring,full_minus_xonly,accuracy,-0.07000000000000028,1,2,simulated_ctgan,dnn
simulated,ring,xonly_hybrid_minus_generated,accuracy,3.7450000000000045,1,2,simulated_ctgan,dnn
simulated,alarm,full_hybrid_minus_generated,accuracy,-4.718333333333331,1,12,simulated_tvae,all_six
simulated,alarm,full_minus_xonly,accuracy,0.034166666666668156,1,12,simulated_tvae,all_six
simulated,alarm,xonly_hybrid_minus_generated,accuracy,-4.7524999999999995,1,12,simulated_tvae,all_six
simulated,asia,full_hybrid_minus_generated,accuracy,-5.2450000000000045,1,12,simulated_tvae,all_six
simulated,asia,full_minus_xonly,accuracy,-0.07250000000000215,1,12,simulated_tvae,all_six
simulated,asia,xonly_hybrid_minus_generated,accuracy,-5.172500000000003,1,12,simulated_tvae,all_six
simulated,child,full_hybrid_minus_generated,accuracy,-2.5916666666666677,1,12,simulated_tvae,all_six
simulated,child,full_minus_xonly,accuracy,-0.0958333333333338,1,12,simulated_tvae,all_six
simulated,child,xonly_hybrid_minus_generated,accuracy,-2.4958333333333336,1,12,simulated_tvae,all_six
simulated,gaussian,full_hybrid_minus_generated,accuracy,1.2341666666666646,1,12,simulated_tvae,all_six
simulated,gaussian,full_minus_xonly,accuracy,0.27166666666666595,1,12,simulated_tvae,all_six
simulated,gaussian,xonly_hybrid_minus_generated,accuracy,0.9624999999999986,1,12,simulated_tvae,all_six
simulated,grid,full_hybrid_minus_generated,accuracy,-0.499166666666671,1,12,simulated_tvae,all_six
simulated,grid,full_minus_xonly,accuracy,1.6808333333333358,1,12,simulated_tvae,all_six
simulated,grid,xonly_hybrid_minus_generated,accuracy,-2.180000000000007,1,12,simulated_tvae,all_six
simulated,insurance,full_hybrid_minus_generated,accuracy,-0.5383333333333317,1,12,simulated_tvae,all_six
simulated,insurance,full_minus_xonly,accuracy,-0.37833333333333385,1,12,simulated_tvae,all_six
simulated,insurance,xonly_hybrid_minus_generated,accuracy,-0.1599999999999978,1,12,simulated_tvae,all_six
simulated,ring,full_hybrid_minus_generated,accuracy,-0.5625000000000071,1,12,simulated_tvae,all_six
simulated,ring,full_minus_xonly,accuracy,0.03083333333333016,1,12,simulated_tvae,all_six
simulated,ring,xonly_hybrid_minus_generated,accuracy,-0.5933333333333373,1,12,simulated_tvae,all_six
simulated,alarm,full_hybrid_minus_generated,accuracy,3.748333333333335,1,6,simulated_tvae,rf_xgb_dnn
simulated,alarm,full_minus_xonly,accuracy,-0.005000000000000199,1,6,simulated_tvae,rf_xgb_dnn
simulated,alarm,xonly_hybrid_minus_generated,accuracy,3.753333333333335,1,6,simulated_tvae,rf_xgb_dnn
simulated,asia,full_hybrid_minus_generated,accuracy,0.3783333333333303,1,6,simulated_tvae,rf_xgb_dnn
simulated,asia,full_minus_xonly,accuracy,-0.06333333333333495,1,6,simulated_tvae,rf_xgb_dnn
simulated,asia,xonly_hybrid_minus_generated,accuracy,0.4416666666666652,1,6,simulated_tvae,rf_xgb_dnn
simulated,child,full_hybrid_minus_generated,accuracy,2.609999999999997,1,6,simulated_tvae,rf_xgb_dnn
simulated,child,full_minus_xonly,accuracy,-0.005000000000002558,1,6,simulated_tvae,rf_xgb_dnn
simulated,child,xonly_hybrid_minus_generated,accuracy,2.6149999999999993,1,6,simulated_tvae,rf_xgb_dnn
simulated,gaussian,full_hybrid_minus_generated,accuracy,2.9149999999999965,1,6,simulated_tvae,rf_xgb_dnn
simulated,gaussian,full_minus_xonly,accuracy,0.3816666666666653,1,6,simulated_tvae,rf_xgb_dnn
simulated,gaussian,xonly_hybrid_minus_generated,accuracy,2.5333333333333314,1,6,simulated_tvae,rf_xgb_dnn
simulated,grid,full_hybrid_minus_generated,accuracy,0.7983333333333296,1,6,simulated_tvae,rf_xgb_dnn
simulated,grid,full_minus_xonly,accuracy,1.8833333333333353,1,6,simulated_tvae,rf_xgb_dnn
simulated,grid,xonly_hybrid_minus_generated,accuracy,-1.0850000000000055,1,6,simulated_tvae,rf_xgb_dnn
simulated,insurance,full_hybrid_minus_generated,accuracy,2.461666666666666,1,6,simulated_tvae,rf_xgb_dnn
simulated,insurance,full_minus_xonly,accuracy,-0.40166666666666845,1,6,simulated_tvae,rf_xgb_dnn
simulated,insurance,xonly_hybrid_minus_generated,accuracy,2.863333333333334,1,6,simulated_tvae,rf_xgb_dnn
simulated,ring,full_hybrid_minus_generated,accuracy,0.6433333333333261,1,6,simulated_tvae,rf_xgb_dnn
simulated,ring,full_minus_xonly,accuracy,-0.028333333333338352,1,6,simulated_tvae,rf_xgb_dnn
simulated,ring,xonly_hybrid_minus_generated,accuracy,0.6716666666666644,1,6,simulated_tvae,rf_xgb_dnn
simulated,alarm,full_hybrid_minus_generated,accuracy,3.7949999999999946,1,2,simulated_tvae,dnn
simulated,alarm,full_minus_xonly,accuracy,0.009999999999990905,1,2,simulated_tvae,dnn
simulated,alarm,xonly_hybrid_minus_generated,accuracy,3.7850000000000037,1,2,simulated_tvae,dnn
simulated,asia,full_hybrid_minus_generated,accuracy,0.25499999999999545,1,2,simulated_tvae,dnn
simulated,asia,full_minus_xonly,accuracy,-0.19500000000000028,1,2,simulated_tvae,dnn
simulated,asia,xonly_hybrid_minus_generated,accuracy,0.44999999999999574,1,2,simulated_tvae,dnn
simulated,child,full_hybrid_minus_generated,accuracy,2.6799999999999997,1,2,simulated_tvae,dnn
simulated,child,full_minus_xonly,accuracy,0.11500000000000199,1,2,simulated_tvae,dnn
simulated,child,xonly_hybrid_minus_generated,accuracy,2.5649999999999977,1,2,simulated_tvae,dnn
simulated,gaussian,full_hybrid_minus_generated,accuracy,2.9099999999999966,1,2,simulated_tvae,dnn
simulated,gaussian,full_minus_xonly,accuracy,0.36999999999999744,1,2,simulated_tvae,dnn
simulated,gaussian,xonly_hybrid_minus_generated,accuracy,2.539999999999999,1,2,simulated_tvae,dnn
simulated,grid,full_hybrid_minus_generated,accuracy,0.6149999999999949,1,2,simulated_tvae,dnn
simulated,grid,full_minus_xonly,accuracy,1.7349999999999994,1,2,simulated_tvae,dnn
simulated,grid,xonly_hybrid_minus_generated,accuracy,-1.1200000000000045,1,2,simulated_tvae,dnn
simulated,insurance,full_hybrid_minus_generated,accuracy,2.365000000000002,1,2,simulated_tvae,dnn
simulated,insurance,full_minus_xonly,accuracy,-0.355000000000004,1,2,simulated_tvae,dnn
simulated,insurance,xonly_hybrid_minus_generated,accuracy,2.720000000000006,1,2,simulated_tvae,dnn
simulated,ring,full_hybrid_minus_generated,accuracy,0.6849999999999952,1,2,simulated_tvae,dnn
simulated,ring,full_minus_xonly,accuracy,0.02499999999999858,1,2,simulated_tvae,dnn
simulated,ring,xonly_hybrid_minus_generated,accuracy,0.6599999999999966,1,2,simulated_tvae,dnn
simulated,alarm,full_hybrid_minus_generated,accuracy,6.201666666666664,2,24,simulated_synthetic,all_six
simulated,alarm,full_minus_xonly,accuracy,-0.007916666666666867,2,24,simulated_synthetic,all_six
simulated,alarm,xonly_hybrid_minus_generated,accuracy,6.20958333333333,2,24,simulated_synthetic,all_six
simulated,asia,full_hybrid_minus_generated,accuracy,-5.409166666666671,2,24,simulated_synthetic,all_six
simulated,asia,full_minus_xonly,accuracy,-0.03750000000000171,2,24,simulated_synthetic,all_six
simulated,asia,xonly_hybrid_minus_generated,accuracy,-5.37166666666667,2,24,simulated_synthetic,all_six
simulated,child,full_hybrid_minus_generated,accuracy,0.11291666666666789,2,24,simulated_synthetic,all_six
simulated,child,full_minus_xonly,accuracy,-0.010833333333333542,2,24,simulated_synthetic,all_six
simulated,child,xonly_hybrid_minus_generated,accuracy,0.12375000000000158,2,24,simulated_synthetic,all_six
simulated,gaussian,full_hybrid_minus_generated,accuracy,5.56375,2,24,simulated_synthetic,all_six
simulated,gaussian,full_minus_xonly,accuracy,0.14874999999999974,2,24,simulated_synthetic,all_six
simulated,gaussian,xonly_hybrid_minus_generated,accuracy,5.414999999999999,2,24,simulated_synthetic,all_six
simulated,grid,full_hybrid_minus_generated,accuracy,2.299166666666662,2,24,simulated_synthetic,all_six
simulated,grid,full_minus_xonly,accuracy,0.8629166666666682,2,24,simulated_synthetic,all_six
simulated,grid,xonly_hybrid_minus_generated,accuracy,1.4362499999999936,2,24,simulated_synthetic,all_six
simulated,insurance,full_hybrid_minus_generated,accuracy,1.1416666666666673,2,24,simulated_synthetic,all_six
simulated,insurance,full_minus_xonly,accuracy,-0.2574999999999997,2,24,simulated_synthetic,all_six
simulated,insurance,xonly_hybrid_minus_generated,accuracy,1.3991666666666671,2,24,simulated_synthetic,all_six
simulated,ring,full_hybrid_minus_generated,accuracy,0.9145833333333315,2,24,simulated_synthetic,all_six
simulated,ring,full_minus_xonly,accuracy,0.01583333333333255,2,24,simulated_synthetic,all_six
simulated,ring,xonly_hybrid_minus_generated,accuracy,0.8987499999999993,2,24,simulated_synthetic,all_six
simulated,alarm,full_hybrid_minus_generated,accuracy,14.71583333333333,2,12,simulated_synthetic,rf_xgb_dnn
simulated,alarm,full_minus_xonly,accuracy,-0.032500000000002416,2,12,simulated_synthetic,rf_xgb_dnn
simulated,alarm,xonly_hybrid_minus_generated,accuracy,14.748333333333331,2,12,simulated_synthetic,rf_xgb_dnn
simulated,asia,full_hybrid_minus_generated,accuracy,0.2224999999999966,2,12,simulated_synthetic,rf_xgb_dnn
simulated,asia,full_minus_xonly,accuracy,-0.03333333333333499,2,12,simulated_synthetic,rf_xgb_dnn
simulated,asia,xonly_hybrid_minus_generated,accuracy,0.2558333333333316,2,12,simulated_synthetic,rf_xgb_dnn
simulated,child,full_hybrid_minus_generated,accuracy,5.354166666666667,2,12,simulated_synthetic,rf_xgb_dnn
simulated,child,full_minus_xonly,accuracy,0.015833333333331964,2,12,simulated_synthetic,rf_xgb_dnn
simulated,child,xonly_hybrid_minus_generated,accuracy,5.338333333333335,2,12,simulated_synthetic,rf_xgb_dnn
simulated,gaussian,full_hybrid_minus_generated,accuracy,7.289166666666665,2,12,simulated_synthetic,rf_xgb_dnn
simulated,gaussian,full_minus_xonly,accuracy,0.2141666666666661,2,12,simulated_synthetic,rf_xgb_dnn
simulated,gaussian,xonly_hybrid_minus_generated,accuracy,7.074999999999999,2,12,simulated_synthetic,rf_xgb_dnn
simulated,grid,full_hybrid_minus_generated,accuracy,3.6049999999999947,2,12,simulated_synthetic,rf_xgb_dnn
simulated,grid,full_minus_xonly,accuracy,0.9491666666666667,2,12,simulated_synthetic,rf_xgb_dnn
simulated,grid,xonly_hybrid_minus_generated,accuracy,2.655833333333328,2,12,simulated_synthetic,rf_xgb_dnn
simulated,insurance,full_hybrid_minus_generated,accuracy,4.244999999999999,2,12,simulated_synthetic,rf_xgb_dnn
simulated,insurance,full_minus_xonly,accuracy,-0.22250000000000014,2,12,simulated_synthetic,rf_xgb_dnn
simulated,insurance,xonly_hybrid_minus_generated,accuracy,4.467499999999999,2,12,simulated_synthetic,rf_xgb_dnn
simulated,ring,full_hybrid_minus_generated,accuracy,2.1366666666666667,2,12,simulated_synthetic,rf_xgb_dnn
simulated,ring,full_minus_xonly,accuracy,-0.020833333333333332,2,12,simulated_synthetic,rf_xgb_dnn
simulated,ring,xonly_hybrid_minus_generated,accuracy,2.1575,2,12,simulated_synthetic,rf_xgb_dnn
simulated,alarm,full_hybrid_minus_generated,accuracy,14.637499999999992,2,4,simulated_synthetic,dnn
simulated,alarm,full_minus_xonly,accuracy,0.024999999999991473,2,4,simulated_synthetic,dnn
simulated,alarm,xonly_hybrid_minus_generated,accuracy,14.6125,2,4,simulated_synthetic,dnn
simulated,asia,full_hybrid_minus_generated,accuracy,0.17249999999999588,2,4,simulated_synthetic,dnn
simulated,asia,full_minus_xonly,accuracy,-0.10000000000000142,2,4,simulated_synthetic,dnn
simulated,asia,xonly_hybrid_minus_generated,accuracy,0.2724999999999973,2,4,simulated_synthetic,dnn
simulated,child,full_hybrid_minus_generated,accuracy,5.297500000000003,2,4,simulated_synthetic,dnn
simulated,child,full_minus_xonly,accuracy,-0.05749999999999744,2,4,simulated_synthetic,dnn
simulated,child,xonly_hybrid_minus_generated,accuracy,5.355,2,4,simulated_synthetic,dnn
simulated,gaussian,full_hybrid_minus_generated,accuracy,7.262499999999999,2,4,simulated_synthetic,dnn
simulated,gaussian,full_minus_xonly,accuracy,0.15500000000000114,2,4,simulated_synthetic,dnn
simulated,gaussian,xonly_hybrid_minus_generated,accuracy,7.107499999999998,2,4,simulated_synthetic,dnn
simulated,grid,full_hybrid_minus_generated,accuracy,3.5174999999999947,2,4,simulated_synthetic,dnn
simulated,grid,full_minus_xonly,accuracy,1.0299999999999976,2,4,simulated_synthetic,dnn
simulated,grid,xonly_hybrid_minus_generated,accuracy,2.487499999999997,2,4,simulated_synthetic,dnn
simulated,insurance,full_hybrid_minus_generated,accuracy,4.1325,2,4,simulated_synthetic,dnn
simulated,insurance,full_minus_xonly,accuracy,-0.26750000000000185,2,4,simulated_synthetic,dnn
simulated,insurance,xonly_hybrid_minus_generated,accuracy,4.400000000000002,2,4,simulated_synthetic,dnn
simulated,ring,full_hybrid_minus_generated,accuracy,2.1799999999999997,2,4,simulated_synthetic,dnn
simulated,ring,full_minus_xonly,accuracy,-0.022500000000000853,2,4,simulated_synthetic,dnn
simulated,ring,xonly_hybrid_minus_generated,accuracy,2.2025000000000006,2,4,simulated_synthetic,dnn
real,adult,full_hybrid_minus_generated,f1_macro,-2.673670849156002,2,48,real_available_pairs,all_six
real,adult,full_minus_xonly,f1_macro,-1.2095001809629269,2,48,real_available_pairs,all_six
real,adult,xonly_hybrid_minus_generated,f1_macro,-1.4641706681930748,2,48,real_available_pairs,all_six
real,census_kdd,full_hybrid_minus_generated,f1_macro,1.1768700570108221,1,12,real_available_pairs,all_six
real,census_kdd,full_minus_xonly,f1_macro,0.2809645920960886,1,12,real_available_pairs,all_six
real,census_kdd,xonly_hybrid_minus_generated,f1_macro,-5.435843386324432,2,21,real_available_pairs,all_six
real,covertype,full_hybrid_minus_generated,f1_macro,7.00900513079808,2,48,real_available_pairs,all_six
real,covertype,full_minus_xonly,f1_macro,1.4116047629852997,2,48,real_available_pairs,all_six
real,covertype,xonly_hybrid_minus_generated,f1_macro,5.59740036781278,2,48,real_available_pairs,all_six
real,mnist28,full_hybrid_minus_generated,f1_macro,1.3013340746339201,2,24,real_available_pairs,all_six
real,mnist28,full_minus_xonly,f1_macro,-1.3109533100270383,2,24,real_available_pairs,all_six
real,mnist28,xonly_hybrid_minus_generated,f1_macro,2.6122873846609593,2,24,real_available_pairs,all_six
real,adult,full_hybrid_minus_generated,f1_macro,2.2595445919116957,2,24,real_available_pairs,rf_xgb_dnn
real,adult,full_minus_xonly,f1_macro,-0.7185532428635333,2,24,real_available_pairs,rf_xgb_dnn
real,adult,xonly_hybrid_minus_generated,f1_macro,2.9780978347752294,2,24,real_available_pairs,rf_xgb_dnn
real,census_kdd,full_hybrid_minus_generated,f1_macro,10.931544107717123,1,6,real_available_pairs,rf_xgb_dnn
real,census_kdd,full_minus_xonly,f1_macro,0.0662690870207759,1,6,real_available_pairs,rf_xgb_dnn
real,census_kdd,xonly_hybrid_minus_generated,f1_macro,5.617883294262436,2,9,real_available_pairs,rf_xgb_dnn
real,covertype,full_hybrid_minus_generated,f1_macro,13.520107986380284,2,24,real_available_pairs,rf_xgb_dnn
real,covertype,full_minus_xonly,f1_macro,1.6547223049293422,2,24,real_available_pairs,rf_xgb_dnn
real,covertype,xonly_hybrid_minus_generated,f1_macro,11.865385681450942,2,24,real_available_pairs,rf_xgb_dnn
real,mnist28,full_hybrid_minus_generated,f1_macro,11.734619818697603,2,12,real_available_pairs,rf_xgb_dnn
real,mnist28,full_minus_xonly,f1_macro,-0.6644074511865448,2,12,real_available_pairs,rf_xgb_dnn
real,mnist28,xonly_hybrid_minus_generated,f1_macro,12.399027269884149,2,12,real_available_pairs,rf_xgb_dnn
real,adult,full_hybrid_minus_generated,f1_macro,2.968070353097401,2,8,real_available_pairs,dnn
real,adult,full_minus_xonly,f1_macro,-0.2572572180168251,2,8,real_available_pairs,dnn
real,adult,xonly_hybrid_minus_generated,f1_macro,3.225327571114226,2,8,real_available_pairs,dnn
real,census_kdd,full_hybrid_minus_generated,f1_macro,10.96458817938754,1,2,real_available_pairs,dnn
real,census_kdd,full_minus_xonly,f1_macro,-0.25688416847008,1,2,real_available_pairs,dnn
real,census_kdd,xonly_hybrid_minus_generated,f1_macro,11.22147234785762,1,2,real_available_pairs,dnn
real,covertype,full_hybrid_minus_generated,f1_macro,24.808615727519737,2,8,real_available_pairs,dnn
real,covertype,full_minus_xonly,f1_macro,1.2548608120587375,2,8,real_available_pairs,dnn
real,covertype,xonly_hybrid_minus_generated,f1_macro,23.553754915461,2,8,real_available_pairs,dnn
real,mnist28,full_hybrid_minus_generated,f1_macro,12.646279250049323,2,4,real_available_pairs,dnn
real,mnist28,full_minus_xonly,f1_macro,-0.4454924903769637,2,4,real_available_pairs,dnn
real,mnist28,xonly_hybrid_minus_generated,f1_macro,13.091771740426287,2,4,real_available_pairs,dnn
real,adult,full_hybrid_minus_generated,f1_macro,-2.673670849156002,2,48,real_without_census,all_six
real,adult,full_minus_xonly,f1_macro,-1.2095001809629269,2,48,real_without_census,all_six
real,adult,xonly_hybrid_minus_generated,f1_macro,-1.4641706681930748,2,48,real_without_census,all_six
real,covertype,full_hybrid_minus_generated,f1_macro,7.00900513079808,2,48,real_without_census,all_six
real,covertype,full_minus_xonly,f1_macro,1.4116047629852997,2,48,real_without_census,all_six
real,covertype,xonly_hybrid_minus_generated,f1_macro,5.59740036781278,2,48,real_without_census,all_six
real,mnist28,full_hybrid_minus_generated,f1_macro,1.3013340746339201,2,24,real_without_census,all_six
real,mnist28,full_minus_xonly,f1_macro,-1.3109533100270383,2,24,real_without_census,all_six
real,mnist28,xonly_hybrid_minus_generated,f1_macro,2.6122873846609593,2,24,real_without_census,all_six
real,adult,full_hybrid_minus_generated,f1_macro,2.2595445919116957,2,24,real_without_census,rf_xgb_dnn
real,adult,full_minus_xonly,f1_macro,-0.7185532428635333,2,24,real_without_census,rf_xgb_dnn
real,adult,xonly_hybrid_minus_generated,f1_macro,2.9780978347752294,2,24,real_without_census,rf_xgb_dnn
real,covertype,full_hybrid_minus_generated,f1_macro,13.520107986380284,2,24,real_without_census,rf_xgb_dnn
real,covertype,full_minus_xonly,f1_macro,1.6547223049293422,2,24,real_without_census,rf_xgb_dnn
real,covertype,xonly_hybrid_minus_generated,f1_macro,11.865385681450942,2,24,real_without_census,rf_xgb_dnn
real,mnist28,full_hybrid_minus_generated,f1_macro,11.734619818697603,2,12,real_without_census,rf_xgb_dnn
real,mnist28,full_minus_xonly,f1_macro,-0.6644074511865448,2,12,real_without_census,rf_xgb_dnn
real,mnist28,xonly_hybrid_minus_generated,f1_macro,12.399027269884149,2,12,real_without_census,rf_xgb_dnn
real,adult,full_hybrid_minus_generated,f1_macro,2.968070353097401,2,8,real_without_census,dnn
real,adult,full_minus_xonly,f1_macro,-0.2572572180168251,2,8,real_without_census,dnn
real,adult,xonly_hybrid_minus_generated,f1_macro,3.225327571114226,2,8,real_without_census,dnn
real,covertype,full_hybrid_minus_generated,f1_macro,24.808615727519737,2,8,real_without_census,dnn
real,covertype,full_minus_xonly,f1_macro,1.2548608120587375,2,8,real_without_census,dnn
real,covertype,xonly_hybrid_minus_generated,f1_macro,23.553754915461,2,8,real_without_census,dnn
real,mnist28,full_hybrid_minus_generated,f1_macro,12.646279250049323,2,4,real_without_census,dnn
real,mnist28,full_minus_xonly,f1_macro,-0.4454924903769637,2,4,real_without_census,dnn
real,mnist28,xonly_hybrid_minus_generated,f1_macro,13.091771740426287,2,4,real_without_census,dnn
real,adult,full_hybrid_minus_generated,f1_macro,-2.673670849156002,2,48,real_with_credit,all_six
real,adult,full_minus_xonly,f1_macro,-1.2095001809629269,2,48,real_with_credit,all_six
real,adult,xonly_hybrid_minus_generated,f1_macro,-1.4641706681930748,2,48,real_with_credit,all_six
real,census_kdd,full_hybrid_minus_generated,f1_macro,1.1768700570108221,1,12,real_with_credit,all_six
real,census_kdd,full_minus_xonly,f1_macro,0.2809645920960886,1,12,real_with_credit,all_six
real,census_kdd,xonly_hybrid_minus_generated,f1_macro,0.8959054649147336,1,12,real_with_credit,all_six
real,covertype,full_hybrid_minus_generated,f1_macro,7.00900513079808,2,48,real_with_credit,all_six
real,covertype,full_minus_xonly,f1_macro,1.4116047629852997,2,48,real_with_credit,all_six
real,covertype,xonly_hybrid_minus_generated,f1_macro,5.59740036781278,2,48,real_with_credit,all_six
real,credit,full_hybrid_minus_generated,f1_macro,10.170627346362863,2,48,real_with_credit,all_six
real,credit,full_minus_xonly,f1_macro,12.823475967309552,2,48,real_with_credit,all_six
real,credit,xonly_hybrid_minus_generated,f1_macro,-2.6528486209466875,2,48,real_with_credit,all_six
real,mnist28,full_hybrid_minus_generated,f1_macro,1.3013340746339201,2,24,real_with_credit,all_six
real,mnist28,full_minus_xonly,f1_macro,-1.3109533100270383,2,24,real_with_credit,all_six
real,mnist28,xonly_hybrid_minus_generated,f1_macro,2.6122873846609593,2,24,real_with_credit,all_six
real,adult,full_hybrid_minus_generated,f1_macro,2.2595445919116957,2,24,real_with_credit,rf_xgb_dnn
real,adult,full_minus_xonly,f1_macro,-0.7185532428635333,2,24,real_with_credit,rf_xgb_dnn
real,adult,xonly_hybrid_minus_generated,f1_macro,2.9780978347752294,2,24,real_with_credit,rf_xgb_dnn
real,census_kdd,full_hybrid_minus_generated,f1_macro,10.931544107717123,1,6,real_with_credit,rf_xgb_dnn
real,census_kdd,full_minus_xonly,f1_macro,0.0662690870207759,1,6,real_with_credit,rf_xgb_dnn
real,census_kdd,xonly_hybrid_minus_generated,f1_macro,10.865275020696348,1,6,real_with_credit,rf_xgb_dnn
real,covertype,full_hybrid_minus_generated,f1_macro,13.520107986380284,2,24,real_with_credit,rf_xgb_dnn
real,covertype,full_minus_xonly,f1_macro,1.6547223049293422,2,24,real_with_credit,rf_xgb_dnn
real,covertype,xonly_hybrid_minus_generated,f1_macro,11.865385681450942,2,24,real_with_credit,rf_xgb_dnn
real,credit,full_hybrid_minus_generated,f1_macro,13.421292908446627,2,24,real_with_credit,rf_xgb_dnn
real,credit,full_minus_xonly,f1_macro,16.866424950826122,2,24,real_with_credit,rf_xgb_dnn
real,credit,xonly_hybrid_minus_generated,f1_macro,-3.445132042379493,2,24,real_with_credit,rf_xgb_dnn
real,mnist28,full_hybrid_minus_generated,f1_macro,11.734619818697603,2,12,real_with_credit,rf_xgb_dnn
real,mnist28,full_minus_xonly,f1_macro,-0.6644074511865448,2,12,real_with_credit,rf_xgb_dnn
real,mnist28,xonly_hybrid_minus_generated,f1_macro,12.399027269884149,2,12,real_with_credit,rf_xgb_dnn
real,adult,full_hybrid_minus_generated,f1_macro,2.968070353097401,2,8,real_with_credit,dnn
real,adult,full_minus_xonly,f1_macro,-0.2572572180168251,2,8,real_with_credit,dnn
real,adult,xonly_hybrid_minus_generated,f1_macro,3.225327571114226,2,8,real_with_credit,dnn
real,census_kdd,full_hybrid_minus_generated,f1_macro,10.96458817938754,1,2,real_with_credit,dnn
real,census_kdd,full_minus_xonly,f1_macro,-0.25688416847008,1,2,real_with_credit,dnn
real,census_kdd,xonly_hybrid_minus_generated,f1_macro,11.22147234785762,1,2,real_with_credit,dnn
real,covertype,full_hybrid_minus_generated,f1_macro,24.808615727519737,2,8,real_with_credit,dnn
real,covertype,full_minus_xonly,f1_macro,1.2548608120587375,2,8,real_with_credit,dnn
real,covertype,xonly_hybrid_minus_generated,f1_macro,23.553754915461,2,8,real_with_credit,dnn
real,credit,full_hybrid_minus_generated,f1_macro,9.173170392805343,2,8,real_with_credit,dnn
real,credit,full_minus_xonly,f1_macro,12.618302435184836,2,8,real_with_credit,dnn
real,credit,xonly_hybrid_minus_generated,f1_macro,-3.445132042379493,2,8,real_with_credit,dnn
real,mnist28,full_hybrid_minus_generated,f1_macro,12.646279250049323,2,4,real_with_credit,dnn
real,mnist28,full_minus_xonly,f1_macro,-0.4454924903769637,2,4,real_with_credit,dnn
real,mnist28,xonly_hybrid_minus_generated,f1_macro,13.091771740426287,2,4,real_with_credit,dnn
real,adult,full_hybrid_minus_generated,f1_macro,-2.673670849156002,2,48,real_mnist12_instead,all_six
real,adult,full_minus_xonly,f1_macro,-1.2095001809629269,2,48,real_mnist12_instead,all_six
real,adult,xonly_hybrid_minus_generated,f1_macro,-1.4641706681930748,2,48,real_mnist12_instead,all_six
real,census_kdd,full_hybrid_minus_generated,f1_macro,1.1768700570108221,1,12,real_mnist12_instead,all_six
real,census_kdd,full_minus_xonly,f1_macro,0.2809645920960886,1,12,real_mnist12_instead,all_six
real,census_kdd,xonly_hybrid_minus_generated,f1_macro,0.8959054649147336,1,12,real_mnist12_instead,all_six
real,covertype,full_hybrid_minus_generated,f1_macro,7.00900513079808,2,48,real_mnist12_instead,all_six
real,covertype,full_minus_xonly,f1_macro,1.4116047629852997,2,48,real_mnist12_instead,all_six
real,covertype,xonly_hybrid_minus_generated,f1_macro,5.59740036781278,2,48,real_mnist12_instead,all_six
real,mnist12,full_hybrid_minus_generated,f1_macro,3.8273164194889313,2,36,real_mnist12_instead,all_six
real,mnist12,full_minus_xonly,f1_macro,0.20242312306060792,2,36,real_mnist12_instead,all_six
real,mnist12,xonly_hybrid_minus_generated,f1_macro,3.6248932964283256,2,36,real_mnist12_instead,all_six
real,adult,full_hybrid_minus_generated,f1_macro,2.2595445919116957,2,24,real_mnist12_instead,rf_xgb_dnn
real,adult,full_minus_xonly,f1_macro,-0.7185532428635333,2,24,real_mnist12_instead,rf_xgb_dnn
real,adult,xonly_hybrid_minus_generated,f1_macro,2.9780978347752294,2,24,real_mnist12_instead,rf_xgb_dnn
real,census_kdd,full_hybrid_minus_generated,f1_macro,10.931544107717123,1,6,real_mnist12_instead,rf_xgb_dnn
real,census_kdd,full_minus_xonly,f1_macro,0.0662690870207759,1,6,real_mnist12_instead,rf_xgb_dnn
real,census_kdd,xonly_hybrid_minus_generated,f1_macro,10.865275020696348,1,6,real_mnist12_instead,rf_xgb_dnn
real,covertype,full_hybrid_minus_generated,f1_macro,13.520107986380284,2,24,real_mnist12_instead,rf_xgb_dnn
real,covertype,full_minus_xonly,f1_macro,1.6547223049293422,2,24,real_mnist12_instead,rf_xgb_dnn
real,covertype,xonly_hybrid_minus_generated,f1_macro,11.865385681450942,2,24,real_mnist12_instead,rf_xgb_dnn
real,mnist12,full_hybrid_minus_generated,f1_macro,16.158301406241208,2,18,real_mnist12_instead,rf_xgb_dnn
real,mnist12,full_minus_xonly,f1_macro,0.33944376374157714,2,18,real_mnist12_instead,rf_xgb_dnn
real,mnist12,xonly_hybrid_minus_generated,f1_macro,15.818857642499632,2,18,real_mnist12_instead,rf_xgb_dnn
real,adult,full_hybrid_minus_generated,f1_macro,2.968070353097401,2,8,real_mnist12_instead,dnn
real,adult,full_minus_xonly,f1_macro,-0.2572572180168251,2,8,real_mnist12_instead,dnn
real,adult,xonly_hybrid_minus_generated,f1_macro,3.225327571114226,2,8,real_mnist12_instead,dnn
real,census_kdd,full_hybrid_minus_generated,f1_macro,10.96458817938754,1,2,real_mnist12_instead,dnn
real,census_kdd,full_minus_xonly,f1_macro,-0.25688416847008,1,2,real_mnist12_instead,dnn
real,census_kdd,xonly_hybrid_minus_generated,f1_macro,11.22147234785762,1,2,real_mnist12_instead,dnn
real,covertype,full_hybrid_minus_generated,f1_macro,24.808615727519737,2,8,real_mnist12_instead,dnn
real,covertype,full_minus_xonly,f1_macro,1.2548608120587375,2,8,real_mnist12_instead,dnn
real,covertype,xonly_hybrid_minus_generated,f1_macro,23.553754915461,2,8,real_mnist12_instead,dnn
real,mnist12,full_hybrid_minus_generated,f1_macro,16.67840263357241,2,6,real_mnist12_instead,dnn
real,mnist12,full_minus_xonly,f1_macro,0.2646847459480277,2,6,real_mnist12_instead,dnn
real,mnist12,xonly_hybrid_minus_generated,f1_macro,16.413717887624383,2,6,real_mnist12_instead,dnn
real,adult,full_hybrid_minus_generated,f1_macro,-2.673670849156002,2,48,real_unweighted_census,all_six
real,adult,full_minus_xonly,f1_macro,-1.2095001809629269,2,48,real_unweighted_census,all_six
real,adult,xonly_hybrid_minus_generated,f1_macro,-1.4641706681930748,2,48,real_unweighted_census,all_six
real,census_kdd,full_hybrid_minus_generated,f1_macro,-5.71024801434163,2,48,real_unweighted_census,all_six
real,census_kdd,full_minus_xonly,f1_macro,1.3262968973619362,2,48,real_unweighted_census,all_six
real,census_kdd,xonly_hybrid_minus_generated,f1_macro,-7.036544911703566,2,48,real_unweighted_census,all_six
real,covertype,full_hybrid_minus_generated,f1_macro,7.00900513079808,2,48,real_unweighted_census,all_six
real,covertype,full_minus_xonly,f1_macro,1.4116047629852997,2,48,real_unweighted_census,all_six
real,covertype,xonly_hybrid_minus_generated,f1_macro,5.59740036781278,2,48,real_unweighted_census,all_six
real,mnist28,full_hybrid_minus_generated,f1_macro,1.3013340746339201,2,24,real_unweighted_census,all_six
real,mnist28,full_minus_xonly,f1_macro,-1.3109533100270383,2,24,real_unweighted_census,all_six
real,mnist28,xonly_hybrid_minus_generated,f1_macro,2.6122873846609593,2,24,real_unweighted_census,all_six
real,adult,full_hybrid_minus_generated,f1_macro,2.2595445919116957,2,24,real_unweighted_census,rf_xgb_dnn
real,adult,full_minus_xonly,f1_macro,-0.7185532428635333,2,24,real_unweighted_census,rf_xgb_dnn
real,adult,xonly_hybrid_minus_generated,f1_macro,2.9780978347752294,2,24,real_unweighted_census,rf_xgb_dnn
real,census_kdd,full_hybrid_minus_generated,f1_macro,-7.822770821020376,2,24,real_unweighted_census,rf_xgb_dnn
real,census_kdd,full_minus_xonly,f1_macro,1.5583523505763648,2,24,real_unweighted_census,rf_xgb_dnn
real,census_kdd,xonly_hybrid_minus_generated,f1_macro,-9.381123171596741,2,24,real_unweighted_census,rf_xgb_dnn
real,covertype,full_hybrid_minus_generated,f1_macro,13.520107986380284,2,24,real_unweighted_census,rf_xgb_dnn
real,covertype,full_minus_xonly,f1_macro,1.6547223049293422,2,24,real_unweighted_census,rf_xgb_dnn
real,covertype,xonly_hybrid_minus_generated,f1_macro,11.865385681450942,2,24,real_unweighted_census,rf_xgb_dnn
real,mnist28,full_hybrid_minus_generated,f1_macro,11.734619818697603,2,12,real_unweighted_census,rf_xgb_dnn
real,mnist28,full_minus_xonly,f1_macro,-0.6644074511865448,2,12,real_unweighted_census,rf_xgb_dnn
real,mnist28,xonly_hybrid_minus_generated,f1_macro,12.399027269884149,2,12,real_unweighted_census,rf_xgb_dnn
real,adult,full_hybrid_minus_generated,f1_macro,2.968070353097401,2,8,real_unweighted_census,dnn
real,adult,full_minus_xonly,f1_macro,-0.2572572180168251,2,8,real_unweighted_census,dnn
real,adult,xonly_hybrid_minus_generated,f1_macro,3.225327571114226,2,8,real_unweighted_census,dnn
real,census_kdd,full_hybrid_minus_generated,f1_macro,-6.346462833067522,2,8,real_unweighted_census,dnn
real,census_kdd,full_minus_xonly,f1_macro,2.595419960421647,2,8,real_unweighted_census,dnn
real,census_kdd,xonly_hybrid_minus_generated,f1_macro,-8.94188279348917,2,8,real_unweighted_census,dnn
real,covertype,full_hybrid_minus_generated,f1_macro,24.808615727519737,2,8,real_unweighted_census,dnn
real,covertype,full_minus_xonly,f1_macro,1.2548608120587375,2,8,real_unweighted_census,dnn
real,covertype,xonly_hybrid_minus_generated,f1_macro,23.553754915461,2,8,real_unweighted_census,dnn
real,mnist28,full_hybrid_minus_generated,f1_macro,12.646279250049323,2,4,real_unweighted_census,dnn
real,mnist28,full_minus_xonly,f1_macro,-0.4454924903769637,2,4,real_unweighted_census,dnn
real,mnist28,xonly_hybrid_minus_generated,f1_macro,13.091771740426287,2,4,real_unweighted_census,dnn
real,adult,full_hybrid_minus_generated,f1_macro,-2.0397303385603225,2,24,real_seed42_only,all_six
real,adult,full_minus_xonly,f1_macro,-1.0131434121797758,2,24,real_seed42_only,all_six
real,adult,xonly_hybrid_minus_generated,f1_macro,-1.0265869263805472,2,24,real_seed42_only,all_six
real,census_kdd,full_hybrid_minus_generated,f1_macro,1.1768700570108221,1,12,real_seed42_only,all_six
real,census_kdd,full_minus_xonly,f1_macro,0.2809645920960886,1,12,real_seed42_only,all_six
real,census_kdd,xonly_hybrid_minus_generated,f1_macro,0.8959054649147336,1,12,real_seed42_only,all_six
real,covertype,full_hybrid_minus_generated,f1_macro,7.545314407839976,2,24,real_seed42_only,all_six
real,covertype,full_minus_xonly,f1_macro,1.6857031620004563,2,24,real_seed42_only,all_six
real,covertype,xonly_hybrid_minus_generated,f1_macro,5.8596112458395195,2,24,real_seed42_only,all_six
real,mnist28,full_hybrid_minus_generated,f1_macro,1.3013340746339201,2,24,real_seed42_only,all_six
real,mnist28,full_minus_xonly,f1_macro,-1.3109533100270383,2,24,real_seed42_only,all_six
real,mnist28,xonly_hybrid_minus_generated,f1_macro,2.6122873846609593,2,24,real_seed42_only,all_six
real,adult,full_hybrid_minus_generated,f1_macro,2.7984410992479547,2,12,real_seed42_only,rf_xgb_dnn
real,adult,full_minus_xonly,f1_macro,-0.6931674313748388,2,12,real_seed42_only,rf_xgb_dnn
real,adult,xonly_hybrid_minus_generated,f1_macro,3.491608530622794,2,12,real_seed42_only,rf_xgb_dnn
real,census_kdd,full_hybrid_minus_generated,f1_macro,10.931544107717123,1,6,real_seed42_only,rf_xgb_dnn
real,census_kdd,full_minus_xonly,f1_macro,0.0662690870207759,1,6,real_seed42_only,rf_xgb_dnn
real,census_kdd,xonly_hybrid_minus_generated,f1_macro,10.865275020696348,1,6,real_seed42_only,rf_xgb_dnn
real,covertype,full_hybrid_minus_generated,f1_macro,14.256289559420326,2,12,real_seed42_only,rf_xgb_dnn
real,covertype,full_minus_xonly,f1_macro,2.0212460958059326,2,12,real_seed42_only,rf_xgb_dnn
real,covertype,xonly_hybrid_minus_generated,f1_macro,12.235043463614392,2,12,real_seed42_only,rf_xgb_dnn
real,mnist28,full_hybrid_minus_generated,f1_macro,11.734619818697603,2,12,real_seed42_only,rf_xgb_dnn
real,mnist28,full_minus_xonly,f1_macro,-0.6644074511865448,2,12,real_seed42_only,rf_xgb_dnn
real,mnist28,xonly_hybrid_minus_generated,f1_macro,12.399027269884149,2,12,real_seed42_only,rf_xgb_dnn
real,adult,full_hybrid_minus_generated,f1_macro,3.711134910381819,2,4,real_seed42_only,dnn
real,adult,full_minus_xonly,f1_macro,-0.031119691412936135,2,4,real_seed42_only,dnn
real,adult,xonly_hybrid_minus_generated,f1_macro,3.7422546017947553,2,4,real_seed42_only,dnn
real,census_kdd,full_hybrid_minus_generated,f1_macro,10.96458817938754,1,2,real_seed42_only,dnn
real,census_kdd,full_minus_xonly,f1_macro,-0.25688416847008,1,2,real_seed42_only,dnn
real,census_kdd,xonly_hybrid_minus_generated,f1_macro,11.22147234785762,1,2,real_seed42_only,dnn
real,covertype,full_hybrid_minus_generated,f1_macro,26.682776635620144,2,4,real_seed42_only,dnn
real,covertype,full_minus_xonly,f1_macro,3.5209204953339217,2,4,real_seed42_only,dnn
real,covertype,xonly_hybrid_minus_generated,f1_macro,23.16185614028622,2,4,real_seed42_only,dnn
real,mnist28,full_hybrid_minus_generated,f1_macro,12.646279250049323,2,4,real_seed42_only,dnn
real,mnist28,full_minus_xonly,f1_macro,-0.4454924903769637,2,4,real_seed42_only,dnn
real,mnist28,xonly_hybrid_minus_generated,f1_macro,13.091771740426287,2,4,real_seed42_only,dnn
simulated,alarm,full_hybrid_minus_generated,macro_f1,4.564119074663416,2,24,simulated_secondary,all_six
simulated,alarm,full_minus_xonly,macro_f1,-0.09500967540441814,2,24,simulated_secondary,all_six
simulated,alarm,xonly_hybrid_minus_generated,macro_f1,4.6591287500678344,2,24,simulated_secondary,all_six
simulated,asia,full_hybrid_minus_generated,macro_f1,-7.460849661125213,2,24,simulated_secondary,all_six
simulated,asia,full_minus_xonly,macro_f1,-0.04056587815210299,2,24,simulated_secondary,all_six
simulated,asia,xonly_hybrid_minus_generated,macro_f1,-7.420283782973109,2,24,simulated_secondary,all_six
simulated,child,full_hybrid_minus_generated,macro_f1,1.5268271616629123,2,24,simulated_secondary,all_six
simulated,child,full_minus_xonly,macro_f1,-0.12234278739223203,2,24,simulated_secondary,all_six
simulated,child,xonly_hybrid_minus_generated,macro_f1,1.6491699490551441,2,24,simulated_secondary,all_six
simulated,gaussian,full_hybrid_minus_generated,macro_f1,5.573514597165601,2,24,simulated_secondary,all_six
simulated,gaussian,full_minus_xonly,macro_f1,0.14885421859573889,2,24,simulated_secondary,all_six
simulated,gaussian,xonly_hybrid_minus_generated,macro_f1,5.424660378569862,2,24,simulated_secondary,all_six
simulated,grid,full_hybrid_minus_generated,macro_f1,2.3108887217163856,2,24,simulated_secondary,all_six
simulated,grid,full_minus_xonly,macro_f1,0.8672768191582539,2,24,simulated_secondary,all_six
simulated,grid,xonly_hybrid_minus_generated,macro_f1,1.443611902558132,2,24,simulated_secondary,all_six
simulated,insurance,full_hybrid_minus_generated,macro_f1,5.323766356217004,2,24,simulated_secondary,all_six
simulated,insurance,full_minus_xonly,macro_f1,-0.529907332183539,2,24,simulated_secondary,all_six
simulated,insurance,xonly_hybrid_minus_generated,macro_f1,5.853673688400543,2,24,simulated_secondary,all_six
simulated,ring,full_hybrid_minus_generated,macro_f1,0.9144521365246419,2,24,simulated_secondary,all_six
simulated,ring,full_minus_xonly,macro_f1,0.015657650533576373,2,24,simulated_secondary,all_six
simulated,ring,xonly_hybrid_minus_generated,macro_f1,0.8987944859910653,2,24,simulated_secondary,all_six
simulated,alarm,full_hybrid_minus_generated,macro_f1,12.991222910796258,2,12,simulated_secondary,rf_xgb_dnn
simulated,alarm,full_minus_xonly,macro_f1,-0.1701229685294668,2,12,simulated_secondary,rf_xgb_dnn
simulated,alarm,xonly_hybrid_minus_generated,macro_f1,13.161345879325724,2,12,simulated_secondary,rf_xgb_dnn
simulated,asia,full_hybrid_minus_generated,macro_f1,0.2344145887979169,2,12,simulated_secondary,rf_xgb_dnn
simulated,asia,full_minus_xonly,macro_f1,-0.034559560795437726,2,12,simulated_secondary,rf_xgb_dnn
simulated,asia,xonly_hybrid_minus_generated,macro_f1,0.26897414959335464,2,12,simulated_secondary,rf_xgb_dnn
simulated,child,full_hybrid_minus_generated,macro_f1,9.852933973231075,2,12,simulated_secondary,rf_xgb_dnn
simulated,child,full_minus_xonly,macro_f1,-0.10429534780015595,2,12,simulated_secondary,rf_xgb_dnn
simulated,child,xonly_hybrid_minus_generated,macro_f1,9.957229321031232,2,12,simulated_secondary,rf_xgb_dnn
simulated,gaussian,full_hybrid_minus_generated,macro_f1,7.2991626165528345,2,12,simulated_secondary,rf_xgb_dnn
simulated,gaussian,full_minus_xonly,macro_f1,0.2142851987222703,2,12,simulated_secondary,rf_xgb_dnn
simulated,gaussian,xonly_hybrid_minus_generated,macro_f1,7.084877417830562,2,12,simulated_secondary,rf_xgb_dnn
simulated,grid,full_hybrid_minus_generated,macro_f1,3.616300753164488,2,12,simulated_secondary,rf_xgb_dnn
simulated,grid,full_minus_xonly,macro_f1,0.9509049253694452,2,12,simulated_secondary,rf_xgb_dnn
simulated,grid,xonly_hybrid_minus_generated,macro_f1,2.665395827795043,2,12,simulated_secondary,rf_xgb_dnn
simulated,insurance,full_hybrid_minus_generated,macro_f1,11.708676617093364,2,12,simulated_secondary,rf_xgb_dnn
simulated,insurance,full_minus_xonly,macro_f1,-0.3890838986723431,2,12,simulated_secondary,rf_xgb_dnn
simulated,insurance,xonly_hybrid_minus_generated,macro_f1,12.097760515765707,2,12,simulated_secondary,rf_xgb_dnn
simulated,ring,full_hybrid_minus_generated,macro_f1,2.136877185743452,2,12,simulated_secondary,rf_xgb_dnn
simulated,ring,full_minus_xonly,macro_f1,-0.02070568642459847,2,12,simulated_secondary,rf_xgb_dnn
simulated,ring,xonly_hybrid_minus_generated,macro_f1,2.1575828721680503,2,12,simulated_secondary,rf_xgb_dnn
simulated,alarm,full_hybrid_minus_generated,macro_f1,12.54162577428535,2,4,simulated_secondary,dnn
simulated,alarm,full_minus_xonly,macro_f1,-0.022640889245710838,2,4,simulated_secondary,dnn
simulated,alarm,xonly_hybrid_minus_generated,macro_f1,12.564266663531061,2,4,simulated_secondary,dnn
simulated,asia,full_hybrid_minus_generated,macro_f1,0.18265036940500678,2,4,simulated_secondary,dnn
simulated,asia,full_minus_xonly,macro_f1,-0.10369000443073162,2,4,simulated_secondary,dnn
simulated,asia,xonly_hybrid_minus_generated,macro_f1,0.2863403738357384,2,4,simulated_secondary,dnn
simulated,child,full_hybrid_minus_generated,macro_f1,9.917026630200269,2,4,simulated_secondary,dnn
simulated,child,full_minus_xonly,macro_f1,-0.040833059236408786,2,4,simulated_secondary,dnn
simulated,child,xonly_hybrid_minus_generated,macro_f1,9.957859689436678,2,4,simulated_secondary,dnn
simulated,gaussian,full_hybrid_minus_generated,macro_f1,7.272433604853504,2,4,simulated_secondary,dnn
simulated,gaussian,full_minus_xonly,macro_f1,0.15519205789842516,2,4,simulated_secondary,dnn
simulated,gaussian,xonly_hybrid_minus_generated,macro_f1,7.1172415469550785,2,4,simulated_secondary,dnn
simulated,grid,full_hybrid_minus_generated,macro_f1,3.528511023474742,2,4,simulated_secondary,dnn
simulated,grid,full_minus_xonly,macro_f1,1.0301528184781823,2,4,simulated_secondary,dnn
simulated,grid,xonly_hybrid_minus_generated,macro_f1,2.49835820499656,2,4,simulated_secondary,dnn
simulated,insurance,full_hybrid_minus_generated,macro_f1,11.491158549270107,2,4,simulated_secondary,dnn
simulated,insurance,full_minus_xonly,macro_f1,-0.52245820139591,2,4,simulated_secondary,dnn
simulated,insurance,xonly_hybrid_minus_generated,macro_f1,12.013616750666017,2,4,simulated_secondary,dnn
simulated,ring,full_hybrid_minus_generated,macro_f1,2.1800074117416024,2,4,simulated_secondary,dnn
simulated,ring,full_minus_xonly,macro_f1,-0.02234695813669063,2,4,simulated_secondary,dnn
simulated,ring,xonly_hybrid_minus_generated,macro_f1,2.202354369878293,2,4,simulated_secondary,dnn
simulated,alarm,full_hybrid_minus_generated,h_star_agreement,9.687499999999998,2,24,simulated_secondary,all_six
simulated,alarm,full_minus_xonly,h_star_agreement,-0.042500000000002196,2,24,simulated_secondary,all_six
simulated,alarm,xonly_hybrid_minus_generated,h_star_agreement,9.729999999999999,2,24,simulated_secondary,all_six
simulated,asia,full_hybrid_minus_generated,h_star_agreement,-8.725833333333338,2,24,simulated_secondary,all_six
simulated,asia,full_minus_xonly,h_star_agreement,-0.04333333333333448,2,24,simulated_secondary,all_six
simulated,asia,xonly_hybrid_minus_generated,h_star_agreement,-8.682500000000005,2,24,simulated_secondary,all_six
simulated,child,full_hybrid_minus_generated,h_star_agreement,0.5162499999999977,2,24,simulated_secondary,all_six
simulated,child,full_minus_xonly,h_star_agreement,-0.06916666666666772,2,24,simulated_secondary,all_six
simulated,child,xonly_hybrid_minus_generated,h_star_agreement,0.5854166666666654,2,24,simulated_secondary,all_six
simulated,gaussian,full_hybrid_minus_generated,h_star_agreement,6.998750000000001,2,24,simulated_secondary,all_six
simulated,gaussian,full_minus_xonly,h_star_agreement,0.15958333333333208,2,24,simulated_secondary,all_six
simulated,gaussian,xonly_hybrid_minus_generated,h_star_agreement,6.839166666666669,2,24,simulated_secondary,all_six
simulated,grid,full_hybrid_minus_generated,h_star_agreement,2.783333333333331,2,24,simulated_secondary,all_six
simulated,grid,full_minus_xonly,h_star_agreement,1.0245833333333327,2,24,simulated_secondary,all_six
simulated,grid,xonly_hybrid_minus_generated,h_star_agreement,1.758749999999998,2,24,simulated_secondary,all_six
simulated,insurance,full_hybrid_minus_generated,h_star_agreement,1.0425000000000033,2,24,simulated_secondary,all_six
simulated,insurance,full_minus_xonly,h_star_agreement,-0.3116666666666662,2,24,simulated_secondary,all_six
simulated,insurance,xonly_hybrid_minus_generated,h_star_agreement,1.3541666666666698,2,24,simulated_secondary,all_six
simulated,ring,full_hybrid_minus_generated,h_star_agreement,1.1420833333333398,2,24,simulated_secondary,all_six
simulated,ring,full_minus_xonly,h_star_agreement,0.020833333333332742,2,24,simulated_secondary,all_six
simulated,ring,xonly_hybrid_minus_generated,h_star_agreement,1.121250000000007,2,24,simulated_secondary,all_six
simulated,alarm,full_hybrid_minus_generated,h_star_agreement,22.015833333333333,2,12,simulated_secondary,rf_xgb_dnn
simulated,alarm,full_minus_xonly,h_star_agreement,0.02416666666666481,2,12,simulated_secondary,rf_xgb_dnn
simulated,alarm,xonly_hybrid_minus_generated,h_star_agreement,21.991666666666667,2,12,simulated_secondary,rf_xgb_dnn
simulated,asia,full_hybrid_minus_generated,h_star_agreement,0.4058333333333266,2,12,simulated_secondary,rf_xgb_dnn
simulated,asia,full_minus_xonly,h_star_agreement,-0.04333333333333419,2,12,simulated_secondary,rf_xgb_dnn
simulated,asia,xonly_hybrid_minus_generated,h_star_agreement,0.44916666666666083,2,12,simulated_secondary,rf_xgb_dnn
simulated,child,full_hybrid_minus_generated,h_star_agreement,7.921666666666664,2,12,simulated_secondary,rf_xgb_dnn
simulated,child,full_minus_xonly,h_star_agreement,-0.13666666666667146,2,12,simulated_secondary,rf_xgb_dnn
simulated,child,xonly_hybrid_minus_generated,h_star_agreement,8.058333333333334,2,12,simulated_secondary,rf_xgb_dnn
simulated,gaussian,full_hybrid_minus_generated,h_star_agreement,9.090833333333336,2,12,simulated_secondary,rf_xgb_dnn
simulated,gaussian,full_minus_xonly,h_star_agreement,0.20750000000000077,2,12,simulated_secondary,rf_xgb_dnn
simulated,gaussian,xonly_hybrid_minus_generated,h_star_agreement,8.883333333333335,2,12,simulated_secondary,rf_xgb_dnn
simulated,grid,full_hybrid_minus_generated,h_star_agreement,4.393333333333333,2,12,simulated_secondary,rf_xgb_dnn
simulated,grid,full_minus_xonly,h_star_agreement,1.1325000000000014,2,12,simulated_secondary,rf_xgb_dnn
simulated,grid,xonly_hybrid_minus_generated,h_star_agreement,3.2608333333333306,2,12,simulated_secondary,rf_xgb_dnn
simulated,insurance,full_hybrid_minus_generated,h_star_agreement,4.783333333333336,2,12,simulated_secondary,rf_xgb_dnn
simulated,insurance,full_minus_xonly,h_star_agreement,-0.30833333333333474,2,12,simulated_secondary,rf_xgb_dnn
simulated,insurance,xonly_hybrid_minus_generated,h_star_agreement,5.091666666666671,2,12,simulated_secondary,rf_xgb_dnn
simulated,ring,full_hybrid_minus_generated,h_star_agreement,2.700000000000005,2,12,simulated_secondary,rf_xgb_dnn
simulated,ring,full_minus_xonly,h_star_agreement,-0.010833333333335323,2,12,simulated_secondary,rf_xgb_dnn
simulated,ring,xonly_hybrid_minus_generated,h_star_agreement,2.7108333333333405,2,12,simulated_secondary,rf_xgb_dnn
simulated,alarm,full_hybrid_minus_generated,h_star_agreement,21.544999999999995,2,4,simulated_secondary,dnn
simulated,alarm,full_minus_xonly,h_star_agreement,-0.3349999999999973,2,4,simulated_secondary,dnn
simulated,alarm,xonly_hybrid_minus_generated,h_star_agreement,21.879999999999992,2,4,simulated_secondary,dnn
simulated,asia,full_hybrid_minus_generated,h_star_agreement,0.34249999999999403,2,4,simulated_secondary,dnn
simulated,asia,full_minus_xonly,h_star_agreement,-0.13000000000000256,2,4,simulated_secondary,dnn
simulated,asia,xonly_hybrid_minus_generated,h_star_agreement,0.4724999999999966,2,4,simulated_secondary,dnn
simulated,child,full_hybrid_minus_generated,h_star_agreement,7.697499999999998,2,4,simulated_secondary,dnn
simulated,child,full_minus_xonly,h_star_agreement,-0.24250000000000327,2,4,simulated_secondary,dnn
simulated,child,xonly_hybrid_minus_generated,h_star_agreement,7.940000000000001,2,4,simulated_secondary,dnn
simulated,gaussian,full_hybrid_minus_generated,h_star_agreement,9.057500000000005,2,4,simulated_secondary,dnn
simulated,gaussian,full_minus_xonly,h_star_agreement,0.1700000000000017,2,4,simulated_secondary,dnn
simulated,gaussian,xonly_hybrid_minus_generated,h_star_agreement,8.887500000000003,2,4,simulated_secondary,dnn
simulated,grid,full_hybrid_minus_generated,h_star_agreement,4.277499999999996,2,4,simulated_secondary,dnn
simulated,grid,full_minus_xonly,h_star_agreement,1.2250000000000014,2,4,simulated_secondary,dnn
simulated,grid,xonly_hybrid_minus_generated,h_star_agreement,3.052499999999995,2,4,simulated_secondary,dnn
simulated,insurance,full_hybrid_minus_generated,h_star_agreement,4.602500000000003,2,4,simulated_secondary,dnn
simulated,insurance,full_minus_xonly,h_star_agreement,-0.2725000000000044,2,4,simulated_secondary,dnn
simulated,insurance,xonly_hybrid_minus_generated,h_star_agreement,4.875000000000007,2,4,simulated_secondary,dnn
simulated,ring,full_hybrid_minus_generated,h_star_agreement,2.7500000000000107,2,4,simulated_secondary,dnn
simulated,ring,full_minus_xonly,h_star_agreement,-0.01249999999999929,2,4,simulated_secondary,dnn
simulated,ring,xonly_hybrid_minus_generated,h_star_agreement,2.76250000000001,2,4,simulated_secondary,dnn
simulated,alarm,full_hybrid_minus_generated,l_syn,0.22440031544578193,2,24,simulated_secondary,all_six
simulated,alarm,full_minus_xonly,l_syn,0.1041119795482052,2,24,simulated_secondary,all_six
simulated,alarm,xonly_hybrid_minus_generated,l_syn,0.12028833589757672,2,24,simulated_secondary,all_six
simulated,asia,full_hybrid_minus_generated,l_syn,0.11191469933867781,2,24,simulated_secondary,all_six
simulated,asia,full_minus_xonly,l_syn,-0.05135548486677595,2,24,simulated_secondary,all_six
simulated,asia,xonly_hybrid_minus_generated,l_syn,0.1632701842054538,2,24,simulated_secondary,all_six
simulated,child,full_hybrid_minus_generated,l_syn,0.2333480039034089,2,24,simulated_secondary,all_six
simulated,child,full_minus_xonly,l_syn,0.026931944138961703,2,24,simulated_secondary,all_six
simulated,child,xonly_hybrid_minus_generated,l_syn,0.20641605976444719,2,24,simulated_secondary,all_six
simulated,gaussian,full_hybrid_minus_generated,l_syn,0.3522883405662402,2,24,simulated_secondary,all_six
simulated,gaussian,full_minus_xonly,l_syn,-0.14541627311618704,2,24,simulated_secondary,all_six
simulated,gaussian,xonly_hybrid_minus_generated,l_syn,0.49770461368242724,2,24,simulated_secondary,all_six
simulated,grid,full_hybrid_minus_generated,l_syn,0.23044308265054161,2,24,simulated_secondary,all_six
simulated,grid,full_minus_xonly,l_syn,0.17394722369668345,2,24,simulated_secondary,all_six
simulated,grid,xonly_hybrid_minus_generated,l_syn,0.0564958589538582,2,24,simulated_secondary,all_six
simulated,insurance,full_hybrid_minus_generated,l_syn,0.0609269447855693,2,24,simulated_secondary,all_six
simulated,insurance,full_minus_xonly,l_syn,0.10584884483618859,2,24,simulated_secondary,all_six
simulated,insurance,xonly_hybrid_minus_generated,l_syn,-0.04492190005061927,2,24,simulated_secondary,all_six
simulated,ring,full_hybrid_minus_generated,l_syn,0.36483083086186846,2,24,simulated_secondary,all_six
simulated,ring,full_minus_xonly,l_syn,0.019825053204097075,2,24,simulated_secondary,all_six
simulated,ring,xonly_hybrid_minus_generated,l_syn,0.3450057776577714,2,24,simulated_secondary,all_six
simulated,alarm,full_hybrid_minus_generated,l_syn,0.4146035389133969,2,12,simulated_secondary,rf_xgb_dnn
simulated,alarm,full_minus_xonly,l_syn,0.10434416094216557,2,12,simulated_secondary,rf_xgb_dnn
simulated,alarm,xonly_hybrid_minus_generated,l_syn,0.3102593779712314,2,12,simulated_secondary,rf_xgb_dnn
simulated,asia,full_hybrid_minus_generated,l_syn,0.23539165249423566,2,12,simulated_secondary,rf_xgb_dnn
simulated,asia,full_minus_xonly,l_syn,-0.045099672308299435,2,12,simulated_secondary,rf_xgb_dnn
simulated,asia,xonly_hybrid_minus_generated,l_syn,0.28049132480253514,2,12,simulated_secondary,rf_xgb_dnn
simulated,child,full_hybrid_minus_generated,l_syn,0.3815916987999298,2,12,simulated_secondary,rf_xgb_dnn
simulated,child,full_minus_xonly,l_syn,0.0215107915075074,2,12,simulated_secondary,rf_xgb_dnn
simulated,child,xonly_hybrid_minus_generated,l_syn,0.3600809072924225,2,12,simulated_secondary,rf_xgb_dnn
simulated,gaussian,full_hybrid_minus_generated,l_syn,0.40807953462576907,2,12,simulated_secondary,rf_xgb_dnn
simulated,gaussian,full_minus_xonly,l_syn,-0.14691770991070016,2,12,simulated_secondary,rf_xgb_dnn
simulated,gaussian,xonly_hybrid_minus_generated,l_syn,0.554997244536469,2,12,simulated_secondary,rf_xgb_dnn
simulated,grid,full_hybrid_minus_generated,l_syn,0.28227011736845964,2,12,simulated_secondary,rf_xgb_dnn
simulated,grid,full_minus_xonly,l_syn,0.14788264714803254,2,12,simulated_secondary,rf_xgb_dnn
simulated,grid,xonly_hybrid_minus_generated,l_syn,0.13438747022042713,2,12,simulated_secondary,rf_xgb_dnn
simulated,insurance,full_hybrid_minus_generated,l_syn,0.11581950442866903,2,12,simulated_secondary,rf_xgb_dnn
simulated,insurance,full_minus_xonly,l_syn,0.10726369724862413,2,12,simulated_secondary,rf_xgb_dnn
simulated,insurance,xonly_hybrid_minus_generated,l_syn,0.008555807180044898,2,12,simulated_secondary,rf_xgb_dnn
simulated,ring,full_hybrid_minus_generated,l_syn,0.42606015575030454,2,12,simulated_secondary,rf_xgb_dnn
simulated,ring,full_minus_xonly,l_syn,0.009726975250756166,2,12,simulated_secondary,rf_xgb_dnn
simulated,ring,xonly_hybrid_minus_generated,l_syn,0.41633318049954837,2,12,simulated_secondary,rf_xgb_dnn
simulated,alarm,full_hybrid_minus_generated,l_syn,0.41859695956879683,2,4,simulated_secondary,dnn
simulated,alarm,full_minus_xonly,l_syn,0.10550268468628632,2,4,simulated_secondary,dnn
simulated,alarm,xonly_hybrid_minus_generated,l_syn,0.3130942748825105,2,4,simulated_secondary,dnn
simulated,asia,full_hybrid_minus_generated,l_syn,0.2356793689475694,2,4,simulated_secondary,dnn
simulated,asia,full_minus_xonly,l_syn,-0.04470428294552076,2,4,simulated_secondary,dnn
simulated,asia,xonly_hybrid_minus_generated,l_syn,0.28038365189309017,2,4,simulated_secondary,dnn
simulated,child,full_hybrid_minus_generated,l_syn,0.38267700288949236,2,4,simulated_secondary,dnn
simulated,child,full_minus_xonly,l_syn,0.019166734500389637,2,4,simulated_secondary,dnn
simulated,child,xonly_hybrid_minus_generated,l_syn,0.3635102683891027,2,4,simulated_secondary,dnn
simulated,gaussian,full_hybrid_minus_generated,l_syn,0.4201642698011181,2,4,simulated_secondary,dnn
simulated,gaussian,full_minus_xonly,l_syn,-0.14585571803165442,2,4,simulated_secondary,dnn
simulated,gaussian,xonly_hybrid_minus_generated,l_syn,0.5660199878327725,2,4,simulated_secondary,dnn
simulated,grid,full_hybrid_minus_generated,l_syn,0.29305482800221844,2,4,simulated_secondary,dnn
simulated,grid,full_minus_xonly,l_syn,0.1466558634256866,2,4,simulated_secondary,dnn
simulated,grid,xonly_hybrid_minus_generated,l_syn,0.14639896457653184,2,4,simulated_secondary,dnn
simulated,insurance,full_hybrid_minus_generated,l_syn,0.11285556921250883,2,4,simulated_secondary,dnn
simulated,insurance,full_minus_xonly,l_syn,0.10780350364539659,2,4,simulated_secondary,dnn
simulated,insurance,xonly_hybrid_minus_generated,l_syn,0.0050520655671122405,2,4,simulated_secondary,dnn
simulated,ring,full_hybrid_minus_generated,l_syn,0.4435647115497495,2,4,simulated_secondary,dnn
simulated,ring,full_minus_xonly,l_syn,0.010477693648012543,2,4,simulated_secondary,dnn
simulated,ring,xonly_hybrid_minus_generated,l_syn,0.433087017901737,2,4,simulated_secondary,dnn
simulated,gaussian,full_hybrid_minus_generated,l_syn,0.3522883405662402,2,24,simulated_mixed,all_six
simulated,gaussian,full_minus_xonly,l_syn,-0.14541627311618704,2,24,simulated_mixed,all_six
simulated,gaussian,xonly_hybrid_minus_generated,l_syn,0.49770461368242724,2,24,simulated_mixed,all_six
simulated,grid,full_hybrid_minus_generated,l_syn,0.23044308265054161,2,24,simulated_mixed,all_six
simulated,grid,full_minus_xonly,l_syn,0.17394722369668345,2,24,simulated_mixed,all_six
simulated,grid,xonly_hybrid_minus_generated,l_syn,0.0564958589538582,2,24,simulated_mixed,all_six
simulated,ring,full_hybrid_minus_generated,l_syn,0.36483083086186846,2,24,simulated_mixed,all_six
simulated,ring,full_minus_xonly,l_syn,0.019825053204097075,2,24,simulated_mixed,all_six
simulated,ring,xonly_hybrid_minus_generated,l_syn,0.3450057776577714,2,24,simulated_mixed,all_six
simulated,gaussian,full_hybrid_minus_generated,l_syn,0.40807953462576907,2,12,simulated_mixed,rf_xgb_dnn
simulated,gaussian,full_minus_xonly,l_syn,-0.14691770991070016,2,12,simulated_mixed,rf_xgb_dnn
simulated,gaussian,xonly_hybrid_minus_generated,l_syn,0.554997244536469,2,12,simulated_mixed,rf_xgb_dnn
simulated,grid,full_hybrid_minus_generated,l_syn,0.28227011736845964,2,12,simulated_mixed,rf_xgb_dnn
simulated,grid,full_minus_xonly,l_syn,0.14788264714803254,2,12,simulated_mixed,rf_xgb_dnn
simulated,grid,xonly_hybrid_minus_generated,l_syn,0.13438747022042713,2,12,simulated_mixed,rf_xgb_dnn
simulated,ring,full_hybrid_minus_generated,l_syn,0.42606015575030454,2,12,simulated_mixed,rf_xgb_dnn
simulated,ring,full_minus_xonly,l_syn,0.009726975250756166,2,12,simulated_mixed,rf_xgb_dnn
simulated,ring,xonly_hybrid_minus_generated,l_syn,0.41633318049954837,2,12,simulated_mixed,rf_xgb_dnn
simulated,gaussian,full_hybrid_minus_generated,l_syn,0.4201642698011181,2,4,simulated_mixed,dnn
simulated,gaussian,full_minus_xonly,l_syn,-0.14585571803165442,2,4,simulated_mixed,dnn
simulated,gaussian,xonly_hybrid_minus_generated,l_syn,0.5660199878327725,2,4,simulated_mixed,dnn
simulated,grid,full_hybrid_minus_generated,l_syn,0.29305482800221844,2,4,simulated_mixed,dnn
simulated,grid,full_minus_xonly,l_syn,0.1466558634256866,2,4,simulated_mixed,dnn
simulated,grid,xonly_hybrid_minus_generated,l_syn,0.14639896457653184,2,4,simulated_mixed,dnn
simulated,ring,full_hybrid_minus_generated,l_syn,0.4435647115497495,2,4,simulated_mixed,dnn
simulated,ring,full_minus_xonly,l_syn,0.010477693648012543,2,4,simulated_mixed,dnn
simulated,ring,xonly_hybrid_minus_generated,l_syn,0.433087017901737,2,4,simulated_mixed,dnn
simulated,alarm,full_hybrid_minus_generated,l_syn,0.22440031544578193,2,24,simulated_bn,all_six
simulated,alarm,full_minus_xonly,l_syn,0.1041119795482052,2,24,simulated_bn,all_six
simulated,alarm,xonly_hybrid_minus_generated,l_syn,0.12028833589757672,2,24,simulated_bn,all_six
simulated,asia,full_hybrid_minus_generated,l_syn,0.11191469933867781,2,24,simulated_bn,all_six
simulated,asia,full_minus_xonly,l_syn,-0.05135548486677595,2,24,simulated_bn,all_six
simulated,asia,xonly_hybrid_minus_generated,l_syn,0.1632701842054538,2,24,simulated_bn,all_six
simulated,child,full_hybrid_minus_generated,l_syn,0.2333480039034089,2,24,simulated_bn,all_six
simulated,child,full_minus_xonly,l_syn,0.026931944138961703,2,24,simulated_bn,all_six
simulated,child,xonly_hybrid_minus_generated,l_syn,0.20641605976444719,2,24,simulated_bn,all_six
simulated,insurance,full_hybrid_minus_generated,l_syn,0.0609269447855693,2,24,simulated_bn,all_six
simulated,insurance,full_minus_xonly,l_syn,0.10584884483618859,2,24,simulated_bn,all_six
simulated,insurance,xonly_hybrid_minus_generated,l_syn,-0.04492190005061927,2,24,simulated_bn,all_six
simulated,alarm,full_hybrid_minus_generated,l_syn,0.4146035389133969,2,12,simulated_bn,rf_xgb_dnn
simulated,alarm,full_minus_xonly,l_syn,0.10434416094216557,2,12,simulated_bn,rf_xgb_dnn
simulated,alarm,xonly_hybrid_minus_generated,l_syn,0.3102593779712314,2,12,simulated_bn,rf_xgb_dnn
simulated,asia,full_hybrid_minus_generated,l_syn,0.23539165249423566,2,12,simulated_bn,rf_xgb_dnn
simulated,asia,full_minus_xonly,l_syn,-0.045099672308299435,2,12,simulated_bn,rf_xgb_dnn
simulated,asia,xonly_hybrid_minus_generated,l_syn,0.28049132480253514,2,12,simulated_bn,rf_xgb_dnn
simulated,child,full_hybrid_minus_generated,l_syn,0.3815916987999298,2,12,simulated_bn,rf_xgb_dnn
simulated,child,full_minus_xonly,l_syn,0.0215107915075074,2,12,simulated_bn,rf_xgb_dnn
simulated,child,xonly_hybrid_minus_generated,l_syn,0.3600809072924225,2,12,simulated_bn,rf_xgb_dnn
simulated,insurance,full_hybrid_minus_generated,l_syn,0.11581950442866903,2,12,simulated_bn,rf_xgb_dnn
simulated,insurance,full_minus_xonly,l_syn,0.10726369724862413,2,12,simulated_bn,rf_xgb_dnn
simulated,insurance,xonly_hybrid_minus_generated,l_syn,0.008555807180044898,2,12,simulated_bn,rf_xgb_dnn
simulated,alarm,full_hybrid_minus_generated,l_syn,0.41859695956879683,2,4,simulated_bn,dnn
simulated,alarm,full_minus_xonly,l_syn,0.10550268468628632,2,4,simulated_bn,dnn
simulated,alarm,xonly_hybrid_minus_generated,l_syn,0.3130942748825105,2,4,simulated_bn,dnn
simulated,asia,full_hybrid_minus_generated,l_syn,0.2356793689475694,2,4,simulated_bn,dnn
simulated,asia,full_minus_xonly,l_syn,-0.04470428294552076,2,4,simulated_bn,dnn
simulated,asia,xonly_hybrid_minus_generated,l_syn,0.28038365189309017,2,4,simulated_bn,dnn
simulated,child,full_hybrid_minus_generated,l_syn,0.38267700288949236,2,4,simulated_bn,dnn
simulated,child,full_minus_xonly,l_syn,0.019166734500389637,2,4,simulated_bn,dnn
simulated,child,xonly_hybrid_minus_generated,l_syn,0.3635102683891027,2,4,simulated_bn,dnn
simulated,insurance,full_hybrid_minus_generated,l_syn,0.11285556921250883,2,4,simulated_bn,dnn
simulated,insurance,full_minus_xonly,l_syn,0.10780350364539659,2,4,simulated_bn,dnn
simulated,insurance,xonly_hybrid_minus_generated,l_syn,0.0050520655671122405,2,4,simulated_bn,dnn
simulated,alarm,full_hybrid_minus_generated,l_test,-0.04327881741049307,2,24,simulated_secondary,all_six
simulated,alarm,full_minus_xonly,l_test,-0.03054025085449956,2,24,simulated_secondary,all_six
simulated,alarm,xonly_hybrid_minus_generated,l_test,-0.012738566555993522,2,24,simulated_secondary,all_six
simulated,asia,full_hybrid_minus_generated,l_test,-0.6454689883848966,2,24,simulated_secondary,all_six
simulated,asia,full_minus_xonly,l_test,-0.020925371688684653,2,24,simulated_secondary,all_six
simulated,asia,xonly_hybrid_minus_generated,l_test,-0.624543616696212,2,24,simulated_secondary,all_six
simulated,child,full_hybrid_minus_generated,l_test,-0.04631724731616578,2,24,simulated_secondary,all_six
simulated,child,full_minus_xonly,l_test,-0.0003741642605035178,2,24,simulated_secondary,all_six
simulated,child,xonly_hybrid_minus_generated,l_test,-0.045943083055662276,2,24,simulated_secondary,all_six
simulated,gaussian,full_hybrid_minus_generated,l_test,0.008116491684520645,2,24,simulated_secondary,all_six
simulated,gaussian,full_minus_xonly,l_test,0.18888021349344025,2,24,simulated_secondary,all_six
simulated,gaussian,xonly_hybrid_minus_generated,l_test,-0.18076372180891964,2,24,simulated_secondary,all_six
simulated,grid,full_hybrid_minus_generated,l_test,-0.10398414095692654,2,24,simulated_secondary,all_six
simulated,grid,full_minus_xonly,l_test,0.9793756940714586,2,24,simulated_secondary,all_six
simulated,grid,xonly_hybrid_minus_generated,l_test,-1.0833598350283853,2,24,simulated_secondary,all_six
simulated,insurance,full_hybrid_minus_generated,l_test,0.027844154806805653,2,24,simulated_secondary,all_six
simulated,insurance,full_minus_xonly,l_test,-0.022565377101005042,2,24,simulated_secondary,all_six
simulated,insurance,xonly_hybrid_minus_generated,l_test,0.05040953190781068,2,24,simulated_secondary,all_six
simulated,ring,full_hybrid_minus_generated,l_test,-0.012179408567152238,2,24,simulated_secondary,all_six
simulated,ring,full_minus_xonly,l_test,0.012056884023864827,2,24,simulated_secondary,all_six
simulated,ring,xonly_hybrid_minus_generated,l_test,-0.02423629259101706,2,24,simulated_secondary,all_six
simulated,alarm,full_hybrid_minus_generated,l_test,0.0009268564892672693,2,12,simulated_secondary,rf_xgb_dnn
simulated,alarm,full_minus_xonly,l_test,-0.039289972622511396,2,12,simulated_secondary,rf_xgb_dnn
simulated,alarm,xonly_hybrid_minus_generated,l_test,0.040216829111778665,2,12,simulated_secondary,rf_xgb_dnn
simulated,asia,full_hybrid_minus_generated,l_test,-0.7727550235974538,2,12,simulated_secondary,rf_xgb_dnn
simulated,asia,full_minus_xonly,l_test,-0.015408444985322825,2,12,simulated_secondary,rf_xgb_dnn
simulated,asia,xonly_hybrid_minus_generated,l_test,-0.7573465786121311,2,12,simulated_secondary,rf_xgb_dnn
simulated,child,full_hybrid_minus_generated,l_test,0.05630901687015225,2,12,simulated_secondary,rf_xgb_dnn
simulated,child,full_minus_xonly,l_test,0.0008705468916712835,2,12,simulated_secondary,rf_xgb_dnn
simulated,child,xonly_hybrid_minus_generated,l_test,0.05543846997848097,2,12,simulated_secondary,rf_xgb_dnn
simulated,gaussian,full_hybrid_minus_generated,l_test,-0.01945946732152981,2,12,simulated_secondary,rf_xgb_dnn
simulated,gaussian,full_minus_xonly,l_test,0.1789782700338619,2,12,simulated_secondary,rf_xgb_dnn
simulated,gaussian,xonly_hybrid_minus_generated,l_test,-0.19843773735539172,2,12,simulated_secondary,rf_xgb_dnn
simulated,grid,full_hybrid_minus_generated,l_test,-0.19058062944751367,2,12,simulated_secondary,rf_xgb_dnn
simulated,grid,full_minus_xonly,l_test,0.9780869441007103,2,12,simulated_secondary,rf_xgb_dnn
simulated,grid,xonly_hybrid_minus_generated,l_test,-1.168667573548224,2,12,simulated_secondary,rf_xgb_dnn
simulated,insurance,full_hybrid_minus_generated,l_test,0.06147951051444819,2,12,simulated_secondary,rf_xgb_dnn
simulated,insurance,full_minus_xonly,l_test,-0.019770714385902576,2,12,simulated_secondary,rf_xgb_dnn
simulated,insurance,xonly_hybrid_minus_generated,l_test,0.08125022490035075,2,12,simulated_secondary,rf_xgb_dnn
simulated,ring,full_hybrid_minus_generated,l_test,-0.0580615785898394,2,12,simulated_secondary,rf_xgb_dnn
simulated,ring,full_minus_xonly,l_test,0.011338046378548107,2,12,simulated_secondary,rf_xgb_dnn
simulated,ring,xonly_hybrid_minus_generated,l_test,-0.06939962496838752,2,12,simulated_secondary,rf_xgb_dnn
simulated,alarm,full_hybrid_minus_generated,l_test,0.023971783691849602,2,4,simulated_secondary,dnn
simulated,alarm,full_minus_xonly,l_test,-0.04875686237482357,2,4,simulated_secondary,dnn
simulated,alarm,xonly_hybrid_minus_generated,l_test,0.07272864606667317,2,4,simulated_secondary,dnn
simulated,asia,full_hybrid_minus_generated,l_test,-0.6558007157966267,2,4,simulated_secondary,dnn
simulated,asia,full_minus_xonly,l_test,-0.02967372462143658,2,4,simulated_secondary,dnn
simulated,asia,xonly_hybrid_minus_generated,l_test,-0.6261269911751901,2,4,simulated_secondary,dnn
simulated,child,full_hybrid_minus_generated,l_test,0.05641562771057451,2,4,simulated_secondary,dnn
simulated,child,full_minus_xonly,l_test,-0.0008037892820529358,2,4,simulated_secondary,dnn
simulated,child,xonly_hybrid_minus_generated,l_test,0.05721941699262745,2,4,simulated_secondary,dnn
simulated,gaussian,full_hybrid_minus_generated,l_test,-0.056877212250184606,2,4,simulated_secondary,dnn
simulated,gaussian,full_minus_xonly,l_test,0.17413061093454651,2,4,simulated_secondary,dnn
simulated,gaussian,xonly_hybrid_minus_generated,l_test,-0.23100782318473112,2,4,simulated_secondary,dnn
simulated,grid,full_hybrid_minus_generated,l_test,-0.31153869088936165,2,4,simulated_secondary,dnn
simulated,grid,full_minus_xonly,l_test,1.0291156657439426,2,4,simulated_secondary,dnn
simulated,grid,xonly_hybrid_minus_generated,l_test,-1.3406543566333042,2,4,simulated_secondary,dnn
simulated,insurance,full_hybrid_minus_generated,l_test,0.061695614719107894,2,4,simulated_secondary,dnn
simulated,insurance,full_minus_xonly,l_test,-0.01911472433868111,2,4,simulated_secondary,dnn
simulated,insurance,xonly_hybrid_minus_generated,l_test,0.080810339057789,2,4,simulated_secondary,dnn
simulated,ring,full_hybrid_minus_generated,l_test,-0.12019125426909749,2,4,simulated_secondary,dnn
simulated,ring,full_minus_xonly,l_test,0.008280238007293828,2,4,simulated_secondary,dnn
simulated,ring,xonly_hybrid_minus_generated,l_test,-0.12847149227639132,2,4,simulated_secondary,dnn
simulated,gaussian,full_hybrid_minus_generated,l_test,0.008116491684520645,2,24,simulated_mixed,all_six
simulated,gaussian,full_minus_xonly,l_test,0.18888021349344025,2,24,simulated_mixed,all_six
simulated,gaussian,xonly_hybrid_minus_generated,l_test,-0.18076372180891964,2,24,simulated_mixed,all_six
simulated,grid,full_hybrid_minus_generated,l_test,-0.10398414095692654,2,24,simulated_mixed,all_six
simulated,grid,full_minus_xonly,l_test,0.9793756940714586,2,24,simulated_mixed,all_six
simulated,grid,xonly_hybrid_minus_generated,l_test,-1.0833598350283853,2,24,simulated_mixed,all_six
simulated,ring,full_hybrid_minus_generated,l_test,-0.012179408567152238,2,24,simulated_mixed,all_six
simulated,ring,full_minus_xonly,l_test,0.012056884023864827,2,24,simulated_mixed,all_six
simulated,ring,xonly_hybrid_minus_generated,l_test,-0.02423629259101706,2,24,simulated_mixed,all_six
simulated,gaussian,full_hybrid_minus_generated,l_test,-0.01945946732152981,2,12,simulated_mixed,rf_xgb_dnn
simulated,gaussian,full_minus_xonly,l_test,0.1789782700338619,2,12,simulated_mixed,rf_xgb_dnn
simulated,gaussian,xonly_hybrid_minus_generated,l_test,-0.19843773735539172,2,12,simulated_mixed,rf_xgb_dnn
simulated,grid,full_hybrid_minus_generated,l_test,-0.19058062944751367,2,12,simulated_mixed,rf_xgb_dnn
simulated,grid,full_minus_xonly,l_test,0.9780869441007103,2,12,simulated_mixed,rf_xgb_dnn
simulated,grid,xonly_hybrid_minus_generated,l_test,-1.168667573548224,2,12,simulated_mixed,rf_xgb_dnn
simulated,ring,full_hybrid_minus_generated,l_test,-0.0580615785898394,2,12,simulated_mixed,rf_xgb_dnn
simulated,ring,full_minus_xonly,l_test,0.011338046378548107,2,12,simulated_mixed,rf_xgb_dnn
simulated,ring,xonly_hybrid_minus_generated,l_test,-0.06939962496838752,2,12,simulated_mixed,rf_xgb_dnn
simulated,gaussian,full_hybrid_minus_generated,l_test,-0.056877212250184606,2,4,simulated_mixed,dnn
simulated,gaussian,full_minus_xonly,l_test,0.17413061093454651,2,4,simulated_mixed,dnn
simulated,gaussian,xonly_hybrid_minus_generated,l_test,-0.23100782318473112,2,4,simulated_mixed,dnn
simulated,grid,full_hybrid_minus_generated,l_test,-0.31153869088936165,2,4,simulated_mixed,dnn
simulated,grid,full_minus_xonly,l_test,1.0291156657439426,2,4,simulated_mixed,dnn
simulated,grid,xonly_hybrid_minus_generated,l_test,-1.3406543566333042,2,4,simulated_mixed,dnn
simulated,ring,full_hybrid_minus_generated,l_test,-0.12019125426909749,2,4,simulated_mixed,dnn
simulated,ring,full_minus_xonly,l_test,0.008280238007293828,2,4,simulated_mixed,dnn
simulated,ring,xonly_hybrid_minus_generated,l_test,-0.12847149227639132,2,4,simulated_mixed,dnn
simulated,alarm,full_hybrid_minus_generated,l_test,-0.04327881741049307,2,24,simulated_bn,all_six
simulated,alarm,full_minus_xonly,l_test,-0.03054025085449956,2,24,simulated_bn,all_six
simulated,alarm,xonly_hybrid_minus_generated,l_test,-0.012738566555993522,2,24,simulated_bn,all_six
simulated,asia,full_hybrid_minus_generated,l_test,-0.6454689883848966,2,24,simulated_bn,all_six
simulated,asia,full_minus_xonly,l_test,-0.020925371688684653,2,24,simulated_bn,all_six
simulated,asia,xonly_hybrid_minus_generated,l_test,-0.624543616696212,2,24,simulated_bn,all_six
simulated,child,full_hybrid_minus_generated,l_test,-0.04631724731616578,2,24,simulated_bn,all_six
simulated,child,full_minus_xonly,l_test,-0.0003741642605035178,2,24,simulated_bn,all_six
simulated,child,xonly_hybrid_minus_generated,l_test,-0.045943083055662276,2,24,simulated_bn,all_six
simulated,insurance,full_hybrid_minus_generated,l_test,0.027844154806805653,2,24,simulated_bn,all_six
simulated,insurance,full_minus_xonly,l_test,-0.022565377101005042,2,24,simulated_bn,all_six
simulated,insurance,xonly_hybrid_minus_generated,l_test,0.05040953190781068,2,24,simulated_bn,all_six
simulated,alarm,full_hybrid_minus_generated,l_test,0.0009268564892672693,2,12,simulated_bn,rf_xgb_dnn
simulated,alarm,full_minus_xonly,l_test,-0.039289972622511396,2,12,simulated_bn,rf_xgb_dnn
simulated,alarm,xonly_hybrid_minus_generated,l_test,0.040216829111778665,2,12,simulated_bn,rf_xgb_dnn
simulated,asia,full_hybrid_minus_generated,l_test,-0.7727550235974538,2,12,simulated_bn,rf_xgb_dnn
simulated,asia,full_minus_xonly,l_test,-0.015408444985322825,2,12,simulated_bn,rf_xgb_dnn
simulated,asia,xonly_hybrid_minus_generated,l_test,-0.7573465786121311,2,12,simulated_bn,rf_xgb_dnn
simulated,child,full_hybrid_minus_generated,l_test,0.05630901687015225,2,12,simulated_bn,rf_xgb_dnn
simulated,child,full_minus_xonly,l_test,0.0008705468916712835,2,12,simulated_bn,rf_xgb_dnn
simulated,child,xonly_hybrid_minus_generated,l_test,0.05543846997848097,2,12,simulated_bn,rf_xgb_dnn
simulated,insurance,full_hybrid_minus_generated,l_test,0.06147951051444819,2,12,simulated_bn,rf_xgb_dnn
simulated,insurance,full_minus_xonly,l_test,-0.019770714385902576,2,12,simulated_bn,rf_xgb_dnn
simulated,insurance,xonly_hybrid_minus_generated,l_test,0.08125022490035075,2,12,simulated_bn,rf_xgb_dnn
simulated,alarm,full_hybrid_minus_generated,l_test,0.023971783691849602,2,4,simulated_bn,dnn
simulated,alarm,full_minus_xonly,l_test,-0.04875686237482357,2,4,simulated_bn,dnn
simulated,alarm,xonly_hybrid_minus_generated,l_test,0.07272864606667317,2,4,simulated_bn,dnn
simulated,asia,full_hybrid_minus_generated,l_test,-0.6558007157966267,2,4,simulated_bn,dnn
simulated,asia,full_minus_xonly,l_test,-0.02967372462143658,2,4,simulated_bn,dnn
simulated,asia,xonly_hybrid_minus_generated,l_test,-0.6261269911751901,2,4,simulated_bn,dnn
simulated,child,full_hybrid_minus_generated,l_test,0.05641562771057451,2,4,simulated_bn,dnn
simulated,child,full_minus_xonly,l_test,-0.0008037892820529358,2,4,simulated_bn,dnn
simulated,child,xonly_hybrid_minus_generated,l_test,0.05721941699262745,2,4,simulated_bn,dnn
simulated,insurance,full_hybrid_minus_generated,l_test,0.061695614719107894,2,4,simulated_bn,dnn
simulated,insurance,full_minus_xonly,l_test,-0.01911472433868111,2,4,simulated_bn,dnn
simulated,insurance,xonly_hybrid_minus_generated,l_test,0.080810339057789,2,4,simulated_bn,dnn
simulated,alarm,full_hybrid_minus_generated,support_violation_rate,0.0,2,24,simulated_secondary,all_six
simulated,alarm,full_minus_xonly,support_violation_rate,0.14250000000000004,2,24,simulated_secondary,all_six
simulated,alarm,xonly_hybrid_minus_generated,support_violation_rate,-0.14250000000000004,2,24,simulated_secondary,all_six
simulated,asia,full_hybrid_minus_generated,support_violation_rate,0.0,2,24,simulated_secondary,all_six
simulated,asia,full_minus_xonly,support_violation_rate,-0.195,2,24,simulated_secondary,all_six
simulated,asia,xonly_hybrid_minus_generated,support_violation_rate,0.195,2,24,simulated_secondary,all_six
simulated,child,full_hybrid_minus_generated,support_violation_rate,0.9483333333333333,2,24,simulated_secondary,all_six
simulated,child,full_minus_xonly,support_violation_rate,-0.044166666666666694,2,24,simulated_secondary,all_six
simulated,child,xonly_hybrid_minus_generated,support_violation_rate,0.9924999999999999,2,24,simulated_secondary,all_six
simulated,gaussian,full_hybrid_minus_generated,support_violation_rate,0.0,2,24,simulated_secondary,all_six
simulated,gaussian,full_minus_xonly,support_violation_rate,0.0,2,24,simulated_secondary,all_six
simulated,gaussian,xonly_hybrid_minus_generated,support_violation_rate,0.0,2,24,simulated_secondary,all_six
simulated,grid,full_hybrid_minus_generated,support_violation_rate,0.0,2,24,simulated_secondary,all_six
simulated,grid,full_minus_xonly,support_violation_rate,0.0,2,24,simulated_secondary,all_six
simulated,grid,xonly_hybrid_minus_generated,support_violation_rate,0.0,2,24,simulated_secondary,all_six
simulated,insurance,full_hybrid_minus_generated,support_violation_rate,0.5129166666666664,2,24,simulated_secondary,all_six
simulated,insurance,full_minus_xonly,support_violation_rate,-1.2291666666666672,2,24,simulated_secondary,all_six
simulated,insurance,xonly_hybrid_minus_generated,support_violation_rate,1.7420833333333337,2,24,simulated_secondary,all_six
simulated,ring,full_hybrid_minus_generated,support_violation_rate,0.0,2,24,simulated_secondary,all_six
simulated,ring,full_minus_xonly,support_violation_rate,0.0,2,24,simulated_secondary,all_six
simulated,ring,xonly_hybrid_minus_generated,support_violation_rate,0.0,2,24,simulated_secondary,all_six
simulated,alarm,full_hybrid_minus_generated,support_violation_rate,0.0,2,12,simulated_secondary,rf_xgb_dnn
simulated,alarm,full_minus_xonly,support_violation_rate,0.14250000000000004,2,12,simulated_secondary,rf_xgb_dnn
simulated,alarm,xonly_hybrid_minus_generated,support_violation_rate,-0.14250000000000004,2,12,simulated_secondary,rf_xgb_dnn
simulated,asia,full_hybrid_minus_generated,support_violation_rate,0.0,2,12,simulated_secondary,rf_xgb_dnn
simulated,asia,full_minus_xonly,support_violation_rate,-0.195,2,12,simulated_secondary,rf_xgb_dnn
simulated,asia,xonly_hybrid_minus_generated,support_violation_rate,0.195,2,12,simulated_secondary,rf_xgb_dnn
simulated,child,full_hybrid_minus_generated,support_violation_rate,1.4158333333333333,2,12,simulated_secondary,rf_xgb_dnn
simulated,child,full_minus_xonly,support_violation_rate,0.0024999999999999988,2,12,simulated_secondary,rf_xgb_dnn
simulated,child,xonly_hybrid_minus_generated,support_violation_rate,1.4133333333333333,2,12,simulated_secondary,rf_xgb_dnn
simulated,gaussian,full_hybrid_minus_generated,support_violation_rate,0.0,2,12,simulated_secondary,rf_xgb_dnn
simulated,gaussian,full_minus_xonly,support_violation_rate,0.0,2,12,simulated_secondary,rf_xgb_dnn
simulated,gaussian,xonly_hybrid_minus_generated,support_violation_rate,0.0,2,12,simulated_secondary,rf_xgb_dnn
simulated,grid,full_hybrid_minus_generated,support_violation_rate,0.0,2,12,simulated_secondary,rf_xgb_dnn
simulated,grid,full_minus_xonly,support_violation_rate,0.0,2,12,simulated_secondary,rf_xgb_dnn
simulated,grid,xonly_hybrid_minus_generated,support_violation_rate,0.0,2,12,simulated_secondary,rf_xgb_dnn
simulated,insurance,full_hybrid_minus_generated,support_violation_rate,1.0399999999999996,2,12,simulated_secondary,rf_xgb_dnn
simulated,insurance,full_minus_xonly,support_violation_rate,-1.1366666666666683,2,12,simulated_secondary,rf_xgb_dnn
simulated,insurance,xonly_hybrid_minus_generated,support_violation_rate,2.1766666666666676,2,12,simulated_secondary,rf_xgb_dnn
simulated,ring,full_hybrid_minus_generated,support_violation_rate,0.0,2,12,simulated_secondary,rf_xgb_dnn
simulated,ring,full_minus_xonly,support_violation_rate,0.0,2,12,simulated_secondary,rf_xgb_dnn
simulated,ring,xonly_hybrid_minus_generated,support_violation_rate,0.0,2,12,simulated_secondary,rf_xgb_dnn
simulated,alarm,full_hybrid_minus_generated,support_violation_rate,0.0,2,4,simulated_secondary,dnn
simulated,alarm,full_minus_xonly,support_violation_rate,0.14250000000000004,2,4,simulated_secondary,dnn
simulated,alarm,xonly_hybrid_minus_generated,support_violation_rate,-0.14250000000000004,2,4,simulated_secondary,dnn
simulated,asia,full_hybrid_minus_generated,support_violation_rate,0.0,2,4,simulated_secondary,dnn
simulated,asia,full_minus_xonly,support_violation_rate,-0.195,2,4,simulated_secondary,dnn
simulated,asia,xonly_hybrid_minus_generated,support_violation_rate,0.195,2,4,simulated_secondary,dnn
simulated,child,full_hybrid_minus_generated,support_violation_rate,1.3975,2,4,simulated_secondary,dnn
simulated,child,full_minus_xonly,support_violation_rate,0.007499999999999997,2,4,simulated_secondary,dnn
simulated,child,xonly_hybrid_minus_generated,support_violation_rate,1.3900000000000001,2,4,simulated_secondary,dnn
simulated,gaussian,full_hybrid_minus_generated,support_violation_rate,0.0,2,4,simulated_secondary,dnn
simulated,gaussian,full_minus_xonly,support_violation_rate,0.0,2,4,simulated_secondary,dnn
simulated,gaussian,xonly_hybrid_minus_generated,support_violation_rate,0.0,2,4,simulated_secondary,dnn
simulated,grid,full_hybrid_minus_generated,support_violation_rate,0.0,2,4,simulated_secondary,dnn
simulated,grid,full_minus_xonly,support_violation_rate,0.0,2,4,simulated_secondary,dnn
simulated,grid,xonly_hybrid_minus_generated,support_violation_rate,0.0,2,4,simulated_secondary,dnn
simulated,insurance,full_hybrid_minus_generated,support_violation_rate,0.8699999999999983,2,4,simulated_secondary,dnn
simulated,insurance,full_minus_xonly,support_violation_rate,-1.1150000000000029,2,4,simulated_secondary,dnn
simulated,insurance,xonly_hybrid_minus_generated,support_violation_rate,1.9850000000000012,2,4,simulated_secondary,dnn
simulated,ring,full_hybrid_minus_generated,support_violation_rate,0.0,2,4,simulated_secondary,dnn
simulated,ring,full_minus_xonly,support_violation_rate,0.0,2,4,simulated_secondary,dnn
simulated,ring,xonly_hybrid_minus_generated,support_violation_rate,0.0,2,4,simulated_secondary,dnn
simulated,alarm,full_hybrid_minus_generated,support_violation_rate,0.0,2,24,simulated_bn,all_six
simulated,alarm,full_minus_xonly,support_violation_rate,0.14250000000000004,2,24,simulated_bn,all_six
simulated,alarm,xonly_hybrid_minus_generated,support_violation_rate,-0.14250000000000004,2,24,simulated_bn,all_six
simulated,asia,full_hybrid_minus_generated,support_violation_rate,0.0,2,24,simulated_bn,all_six
simulated,asia,full_minus_xonly,support_violation_rate,-0.195,2,24,simulated_bn,all_six
simulated,asia,xonly_hybrid_minus_generated,support_violation_rate,0.195,2,24,simulated_bn,all_six
simulated,child,full_hybrid_minus_generated,support_violation_rate,0.9483333333333333,2,24,simulated_bn,all_six
simulated,child,full_minus_xonly,support_violation_rate,-0.044166666666666694,2,24,simulated_bn,all_six
simulated,child,xonly_hybrid_minus_generated,support_violation_rate,0.9924999999999999,2,24,simulated_bn,all_six
simulated,insurance,full_hybrid_minus_generated,support_violation_rate,0.5129166666666664,2,24,simulated_bn,all_six
simulated,insurance,full_minus_xonly,support_violation_rate,-1.2291666666666672,2,24,simulated_bn,all_six
simulated,insurance,xonly_hybrid_minus_generated,support_violation_rate,1.7420833333333337,2,24,simulated_bn,all_six
simulated,alarm,full_hybrid_minus_generated,support_violation_rate,0.0,2,12,simulated_bn,rf_xgb_dnn
simulated,alarm,full_minus_xonly,support_violation_rate,0.14250000000000004,2,12,simulated_bn,rf_xgb_dnn
simulated,alarm,xonly_hybrid_minus_generated,support_violation_rate,-0.14250000000000004,2,12,simulated_bn,rf_xgb_dnn
simulated,asia,full_hybrid_minus_generated,support_violation_rate,0.0,2,12,simulated_bn,rf_xgb_dnn
simulated,asia,full_minus_xonly,support_violation_rate,-0.195,2,12,simulated_bn,rf_xgb_dnn
simulated,asia,xonly_hybrid_minus_generated,support_violation_rate,0.195,2,12,simulated_bn,rf_xgb_dnn
simulated,child,full_hybrid_minus_generated,support_violation_rate,1.4158333333333333,2,12,simulated_bn,rf_xgb_dnn
simulated,child,full_minus_xonly,support_violation_rate,0.0024999999999999988,2,12,simulated_bn,rf_xgb_dnn
simulated,child,xonly_hybrid_minus_generated,support_violation_rate,1.4133333333333333,2,12,simulated_bn,rf_xgb_dnn
simulated,insurance,full_hybrid_minus_generated,support_violation_rate,1.0399999999999996,2,12,simulated_bn,rf_xgb_dnn
simulated,insurance,full_minus_xonly,support_violation_rate,-1.1366666666666683,2,12,simulated_bn,rf_xgb_dnn
simulated,insurance,xonly_hybrid_minus_generated,support_violation_rate,2.1766666666666676,2,12,simulated_bn,rf_xgb_dnn
simulated,alarm,full_hybrid_minus_generated,support_violation_rate,0.0,2,4,simulated_bn,dnn
simulated,alarm,full_minus_xonly,support_violation_rate,0.14250000000000004,2,4,simulated_bn,dnn
simulated,alarm,xonly_hybrid_minus_generated,support_violation_rate,-0.14250000000000004,2,4,simulated_bn,dnn
simulated,asia,full_hybrid_minus_generated,support_violation_rate,0.0,2,4,simulated_bn,dnn
simulated,asia,full_minus_xonly,support_violation_rate,-0.195,2,4,simulated_bn,dnn
simulated,asia,xonly_hybrid_minus_generated,support_violation_rate,0.195,2,4,simulated_bn,dnn
simulated,child,full_hybrid_minus_generated,support_violation_rate,1.3975,2,4,simulated_bn,dnn
simulated,child,full_minus_xonly,support_violation_rate,0.007499999999999997,2,4,simulated_bn,dnn
simulated,child,xonly_hybrid_minus_generated,support_violation_rate,1.3900000000000001,2,4,simulated_bn,dnn
simulated,insurance,full_hybrid_minus_generated,support_violation_rate,0.8699999999999983,2,4,simulated_bn,dnn
simulated,insurance,full_minus_xonly,support_violation_rate,-1.1150000000000029,2,4,simulated_bn,dnn
simulated,insurance,xonly_hybrid_minus_generated,support_violation_rate,1.9850000000000012,2,4,simulated_bn,dnn
real,news,full_hybrid_minus_generated,r2,0.023498625586513104,2,16,news,all_regression
real,news,full_minus_xonly,r2,0.011306703761279131,2,16,news,all_regression
real,news,xonly_hybrid_minus_generated,r2,0.012191921825233973,2,16,news,all_regression
real,news,full_hybrid_minus_generated,r2,0.01394192152790305,2,4,news,pca_gmm
real,news,full_minus_xonly,r2,0.0038874320859094424,2,4,news,pca_gmm
real,news,xonly_hybrid_minus_generated,r2,0.010054489441993608,2,4,news,pca_gmm
real,news,full_hybrid_minus_generated,r2,0.02255136356967291,2,4,news,rf
real,news,full_minus_xonly,r2,0.007647048188114736,2,4,news,rf
real,news,xonly_hybrid_minus_generated,r2,0.014904315381558175,2,4,news,rf
real,news,full_hybrid_minus_generated,r2,0.00902366275425337,2,4,news,xgb
real,news,full_minus_xonly,r2,0.029718094718250293,2,4,news,xgb
real,news,xonly_hybrid_minus_generated,r2,-0.020694431963996923,2,4,news,xgb
real,news,full_hybrid_minus_generated,r2,0.048477554494223085,2,4,news,dnn
real,news,full_minus_xonly,r2,0.003974240052842054,2,4,news,dnn
real,news,xonly_hybrid_minus_generated,r2,0.04450331444138103,2,4,news,dnn
real,news,full_hybrid_minus_generated,nmae_sigma,-0.02008742159181722,2,16,news,all_regression
real,news,full_minus_xonly,nmae_sigma,0.005730227566904035,2,16,news,all_regression
real,news,xonly_hybrid_minus_generated,nmae_sigma,-0.025817649158721256,2,16,news,all_regression
real,news,full_hybrid_minus_generated,nmae_sigma,-0.0029388032844020057,2,4,news,pca_gmm
real,news,full_minus_xonly,nmae_sigma,0.002360863068387384,2,4,news,pca_gmm
real,news,xonly_hybrid_minus_generated,nmae_sigma,-0.0052996663527893895,2,4,news,pca_gmm
real,news,full_hybrid_minus_generated,nmae_sigma,-0.02228059332918457,2,4,news,rf
real,news,full_minus_xonly,nmae_sigma,0.0005618216179483632,2,4,news,rf
real,news,xonly_hybrid_minus_generated,nmae_sigma,-0.022842414947132933,2,4,news,rf
real,news,full_hybrid_minus_generated,nmae_sigma,-0.01877741390250992,2,4,news,xgb
real,news,full_minus_xonly,nmae_sigma,0.007704451796586104,2,4,news,xgb
real,news,xonly_hybrid_minus_generated,nmae_sigma,-0.026481865699096024,2,4,news,xgb
real,news,full_hybrid_minus_generated,nmae_sigma,-0.03635287585117239,2,4,news,dnn
real,news,full_minus_xonly,nmae_sigma,0.01229377378469429,2,4,news,dnn
real,news,xonly_hybrid_minus_generated,nmae_sigma,-0.04864664963586668,2,4,news,dnn
