=====Setting up data=====
Dataset name:census_kdd
train_option:mix
augment_option:ctgan
mix_ratio:-1
n_sample:-1
Training dataset size: 263040 samples
Validation dataset size: 18176 samples

=====Setting up parameters for training=====
num_epochs: 100
learning_rate: 0.001
patience: 30
early_stop_criterion: loss
=====Setting up trainer=====
input_size: 372
model: DNN_Census
----------------------------------------------------------------
        Layer (type)               Output Shape         Param #
================================================================
            Linear-1                  [-1, 256]          95,488
       BatchNorm1d-2                  [-1, 256]             512
              ReLU-3                  [-1, 256]               0
           Dropout-4                  [-1, 256]               0
            Linear-5                  [-1, 128]          32,896
       BatchNorm1d-6                  [-1, 128]             256
              ReLU-7                  [-1, 128]               0
           Dropout-8                  [-1, 128]               0
            Linear-9                   [-1, 64]           8,256
      BatchNorm1d-10                   [-1, 64]             128
             ReLU-11                   [-1, 64]               0
          Dropout-12                   [-1, 64]               0
           Linear-13                   [-1, 32]           2,080
      BatchNorm1d-14                   [-1, 32]              64
             ReLU-15                   [-1, 32]               0
          Dropout-16                   [-1, 32]               0
           Linear-17                    [-1, 1]              33
          Sigmoid-18                    [-1, 1]               0
================================================================
Total params: 139,713
Trainable params: 139,713
Non-trainable params: 0
----------------------------------------------------------------
Input size (MB): 0.00
Forward/backward pass size (MB): 0.01
Params size (MB): 0.53
Estimated Total Size (MB): 0.55
----------------------------------------------------------------
=====Setting up output files=====
weight_dir, weight_file: /home/thuy/Research/minh_data_synth/TabularDA/output/corrected_v2/census_kdd/weight/, census_kdd_seed42_ctgan_full_generated_mix.weights.pth
acc_dir, acc_file: /home/thuy/Research/minh_data_synth/TabularDA/output/corrected_v2/census_kdd/acc/, census_kdd_seed42_ctgan_full_generated_mix.epochs.csv
report_file: census_kdd_seed42_ctgan_full_generated_mix.report.txt
==========================================================================================
Start training...
-----------------------
Epoch 1/100
Training statistic: Loss: 0.1877, train_score: {'accuracy': 0.9317658064663336, 'balanced_accuracy': 0.6864351846021165, 'f1_macro': 0.7279287162380679, 'f1_micro': 0.9317658064663336, 'f1_weighted': 0.9235652527355375, 'f1_binary': 0.49243302876863454, 'pr_auc': 0.5886936525230564, 'precision_macro': 0.8051751954607065, 'precision_micro': 0.9317658064663336, 'precision_weighted': 0.9219740252714209, 'precision_binary': 0.664579674734672, 'recall_macro': 0.6864351846021165, 'recall_micro': 0.9317658064663336, 'recall_weighted': 0.9317658064663336, 'recall_binary': 0.3911206974027141, 'roc_auc': 0.92592574705389}
Validation statistic: Loss: 0.1747, dev_score: {'accuracy': 0.9439588404514273, 'balanced_accuracy': 0.7169032746282322, 'f1_macro': 0.7393882181735498, 'f1_micro': 0.9439588404514273, 'f1_weighted': 0.9409825710171004, 'f1_binary': 0.5084910237748665, 'pr_auc': 0.5423208488998565, 'precision_macro': 0.7685015135724262, 'precision_micro': 0.9439588404514273, 'precision_weighted': 0.9389266448380832, 'precision_binary': 0.5733041575492341, 'recall_macro': 0.7169032746282322, 'recall_micro': 0.9439588404514273, 'recall_weighted': 0.9439588404514273, 'recall_binary': 0.45684394071490847, 'roc_auc': 0.9290883207125425}
Saving model...
Model saved!
-------------------------------------------
-----------------------
Epoch 2/100
Training statistic: Loss: 0.1795, train_score: {'accuracy': 0.9288186125752009, 'balanced_accuracy': 0.7347824804308194, 'f1_macro': 0.7525754046929456, 'f1_micro': 0.9288186125752009, 'f1_weighted': 0.9260534962811072, 'f1_binary': 0.5437527421635061, 'pr_auc': 0.596760323733526, 'precision_macro': 0.7743632092942476, 'precision_micro': 0.9288186125752009, 'precision_weighted': 0.9240469109877122, 'precision_binary': 0.5941828254847645, 'recall_macro': 0.7347824804308194, 'recall_micro': 0.9288186125752009, 'recall_weighted': 0.9288186125752009, 'recall_binary': 0.5012132650310057, 'roc_auc': 0.9288139081931424}
Validation statistic: Loss: 0.1670, dev_score: {'accuracy': 0.9349966806815667, 'balanced_accuracy': 0.7584464384124825, 'f1_macro': 0.7428692004546038, 'f1_micro': 0.9349966806815667, 'f1_weighted': 0.9369271776028872, 'f1_binary': 0.5206038351693186, 'pr_auc': 0.5569813445530545, 'precision_macro': 0.7294578021505314, 'precision_micro': 0.9349966806815667, 'precision_weighted': 0.9391691146005444, 'precision_binary': 0.4892638036809816, 'recall_macro': 0.7584464384124825, 'recall_micro': 0.9349966806815667, 'recall_weighted': 0.9349966806815667, 'recall_binary': 0.5562336530078466, 'roc_auc': 0.9320691273153073}
Saving model...
Model saved!
-------------------------------------------
-----------------------
Epoch 3/100
Training statistic: Loss: 0.1770, train_score: {'accuracy': 0.927016070763076, 'balanced_accuracy': 0.7539030810398979, 'f1_macro': 0.7593701518687566, 'f1_micro': 0.927016070763076, 'f1_weighted': 0.9262247765265527, 'f1_binary': 0.5585204269414795, 'pr_auc': 0.6048544869005162, 'precision_macro': 0.7651590352041449, 'precision_micro': 0.927016070763076, 'precision_weighted': 0.9254953077796723, 'precision_binary': 0.5721557168441889, 'recall_macro': 0.7539030810398979, 'recall_micro': 0.927016070763076, 'recall_weighted': 0.927016070763076, 'recall_binary': 0.5455199065336569, 'roc_auc': 0.9309856944825144}
Validation statistic: Loss: 0.1646, dev_score: {'accuracy': 0.9328391236999336, 'balanced_accuracy': 0.7841159572908301, 'f1_macro': 0.7503941391101426, 'f1_micro': 0.9328391236999336, 'f1_weighted': 0.9367113868645157, 'f1_binary': 0.5369946605644547, 'pr_auc': 0.5680813506185625, 'precision_macro': 0.7253014980718948, 'precision_micro': 0.9328391236999336, 'precision_weighted': 0.941839829928414, 'precision_binary': 0.47728813559322036, 'recall_macro': 0.7841159572908301, 'recall_micro': 0.9328391236999336, 'recall_weighted': 0.9328391236999336, 'recall_binary': 0.6137750653879687, 'roc_auc': 0.9345048346180208}
Saving model...
Model saved!
-------------------------------------------
-----------------------
Epoch 4/100
Training statistic: Loss: 0.1747, train_score: {'accuracy': 0.922897604977145, 'balanced_accuracy': 0.7697195969158888, 'f1_macro': 0.7600375862657193, 'f1_micro': 0.922897604977145, 'f1_weighted': 0.9242650773340405, 'f1_binary': 0.5623502493146545, 'pr_auc': 0.6056114933383332, 'precision_macro': 0.7512376611634917, 'precision_micro': 0.922897604977145, 'precision_weighted': 0.9258047388758959, 'precision_binary': 0.5411041415693931, 'recall_macro': 0.7697195969158888, 'recall_micro': 0.922897604977145, 'recall_weighted': 0.922897604977145, 'recall_binary': 0.5853329738473982, 'roc_auc': 0.9315046373548231}
Validation statistic: Loss: 0.1630, dev_score: {'accuracy': 0.92564726709449, 'balanced_accuracy': 0.7993764717024479, 'f1_macro': 0.7437025838348373, 'f1_micro': 0.92564726709449, 'f1_weighted': 0.9322417165468424, 'f1_binary': 0.5277582572030921, 'pr_auc': 0.5694514887459198, 'precision_macro': 0.7089222338151133, 'precision_micro': 0.92564726709449, 'precision_weighted': 0.9419481552768332, 'precision_binary': 0.4420247204237787, 'recall_macro': 0.7993764717024479, 'recall_micro': 0.92564726709449, 'recall_weighted': 0.92564726709449, 'recall_binary': 0.6547515257192676, 'roc_auc': 0.9339940084139291}
Saving model...
Model saved!
-------------------------------------------
-----------------------
Epoch 5/100
Training statistic: Loss: 0.1738, train_score: {'accuracy': 0.9224526737703547, 'balanced_accuracy': 0.7754510288161203, 'f1_macro': 0.7619114873111381, 'f1_micro': 0.9224526737703547, 'f1_weighted': 0.9243277310673284, 'f1_binary': 0.5664044227089092, 'pr_auc': 0.6088231755513118, 'precision_macro': 0.7500319934789325, 'precision_micro': 0.9224526737703547, 'precision_weighted': 0.9265278807025038, 'precision_binary': 0.5375766871165644, 'recall_macro': 0.7754510288161203, 'recall_micro': 0.9224526737703547, 'recall_weighted': 0.9224526737703547, 'recall_binary': 0.598499146220904, 'roc_auc': 0.932653102233854}
Validation statistic: Loss: 0.1619, dev_score: {'accuracy': 0.9245408276167294, 'balanced_accuracy': 0.8016304620718882, 'f1_macro': 0.7426967286473778, 'f1_micro': 0.9245408276167294, 'f1_weighted': 0.9315532415411857, 'f1_binary': 0.5263888888888889, 'pr_auc': 0.5711729494967, 'precision_macro': 0.7067947833128236, 'precision_micro': 0.9245408276167294, 'precision_weighted': 0.9420082036553453, 'precision_binary': 0.43739180611656087, 'recall_macro': 0.8016304620718882, 'recall_micro': 0.9245408276167294, 'recall_weighted': 0.9245408276167294, 'recall_binary': 0.6608544027898866, 'roc_auc': 0.9348165884668431}
Saving model...
Model saved!
-------------------------------------------
-----------------------
Epoch 6/100
Training statistic: Loss: 0.1735, train_score: {'accuracy': 0.9249321194697333, 'balanced_accuracy': 0.766508080841575, 'f1_macro': 0.7619070674305877, 'f1_micro': 0.9249321194697333, 'f1_weighted': 0.9255764458057244, 'f1_binary': 0.5648915535178981, 'pr_auc': 0.6095094661232299, 'precision_macro': 0.7575121825086435, 'precision_micro': 0.9249321194697333, 'precision_weighted': 0.9262607632984499, 'precision_binary': 0.554382625248767, 'recall_macro': 0.766508080841575, 'recall_micro': 0.9249321194697333, 'recall_weighted': 0.9249321194697333, 'recall_binary': 0.5758065965669094, 'roc_auc': 0.9329552564923143}
Validation statistic: Loss: 0.1624, dev_score: {'accuracy': 0.9280814339455632, 'balanced_accuracy': 0.794580246759081, 'f1_macro': 0.7460395273456988, 'f1_micro': 0.9280814339455632, 'f1_weighted': 0.9337672697633059, 'f1_binary': 0.5310245310245311, 'pr_auc': 0.5751707594129323, 'precision_macro': 0.7139698966160579, 'precision_micro': 0.9280814339455632, 'precision_weighted': 0.9418876277730965, 'precision_binary': 0.45292307692307693, 'recall_macro': 0.794580246759081, 'recall_micro': 0.9280814339455632, 'recall_weighted': 0.9280814339455632, 'recall_binary': 0.6416739319965127, 'roc_auc': 0.9355774460471686}
-----------------------
Epoch 7/100
Training statistic: Loss: 0.1723, train_score: {'accuracy': 0.9242323985975159, 'balanced_accuracy': 0.7715294013378606, 'f1_macro': 0.7630591461990253, 'f1_micro': 0.9242323985975159, 'f1_weighted': 0.9254021085720421, 'f1_binary': 0.5676402933900438, 'pr_auc': 0.6113045785707394, 'precision_macro': 0.7552622249848128, 'precision_micro': 0.9242323985975159, 'precision_weighted': 0.9267029201182019, 'precision_binary': 0.548892059761625, 'recall_macro': 0.7715294013378606, 'recall_micro': 0.9242323985975159, 'recall_weighted': 0.9242323985975159, 'recall_binary': 0.5877145681675204, 'roc_auc': 0.9337038443632714}
Validation statistic: Loss: 0.1611, dev_score: {'accuracy': 0.9273622482850188, 'balanced_accuracy': 0.8023239837048552, 'f1_macro': 0.7479118767079019, 'f1_micro': 0.9273622482850188, 'f1_weighted': 0.9336102416826616, 'f1_binary': 0.5352212389380531, 'pr_auc': 0.5759875068972198, 'precision_macro': 0.7133459907680826, 'precision_micro': 0.9273622482850188, 'precision_weighted': 0.9428028233857652, 'precision_binary': 0.4505363528009535, 'recall_macro': 0.8023239837048552, 'recall_micro': 0.9273622482850188, 'recall_weighted': 0.9273622482850188, 'recall_binary': 0.6591107236268526, 'roc_auc': 0.9357458502902759}
Saving model...
Model saved!
-------------------------------------------
-----------------------
Epoch 8/100
Training statistic: Loss: 0.1710, train_score: {'accuracy': 0.9248522600223607, 'balanced_accuracy': 0.7708688432438766, 'f1_macro': 0.7637874708972818, 'f1_micro': 0.9248522600223607, 'f1_weighted': 0.9258261805077651, 'f1_binary': 0.5687348595622095, 'pr_auc': 0.6129275369443212, 'precision_macro': 0.7571806466069513, 'precision_micro': 0.9248522600223607, 'precision_weighted': 0.926892336642766, 'precision_binary': 0.5528917554207154, 'recall_macro': 0.7708688432438766, 'recall_micro': 0.9248522600223607, 'recall_weighted': 0.9248522600223607, 'recall_binary': 0.5855127168149546, 'roc_auc': 0.9344872209939546}
Validation statistic: Loss: 0.1605, dev_score: {'accuracy': 0.9278048240761231, 'balanced_accuracy': 0.799715571928362, 'f1_macro': 0.7476478955354772, 'f1_micro': 0.9278048240761231, 'f1_weighted': 0.9338088754496049, 'f1_binary': 0.5344273992151266, 'pr_auc': 0.5789584324542414, 'precision_macro': 0.7140279763691033, 'precision_micro': 0.9278048240761231, 'precision_weighted': 0.9425450591726922, 'precision_binary': 0.4522946859903382, 'recall_macro': 0.799715571928362, 'recall_micro': 0.9278048240761231, 'recall_weighted': 0.9278048240761231, 'recall_binary': 0.6530078465562337, 'roc_auc': 0.9366853090678785}
Saving model...
Model saved!
-------------------------------------------
-----------------------
Epoch 9/100
Training statistic: Loss: 0.1703, train_score: {'accuracy': 0.9241107080110434, 'balanced_accuracy': 0.7735223879615349, 'f1_macro': 0.7637623979985532, 'f1_micro': 0.9241107080110434, 'f1_weighted': 0.925448880626751, 'f1_binary': 0.5691337766646515, 'pr_auc': 0.6146003334248333, 'precision_macro': 0.7548846110851, 'precision_micro': 0.9241107080110434, 'precision_weighted': 0.9269590009875383, 'precision_binary': 0.5477516415925525, 'recall_macro': 0.7735223879615349, 'recall_micro': 0.9241107080110434, 'recall_weighted': 0.9241107080110434, 'recall_binary': 0.5922530780983194, 'roc_auc': 0.9352038026869893}
Validation statistic: Loss: 0.1608, dev_score: {'accuracy': 0.9253153352511617, 'balanced_accuracy': 0.8024503383869541, 'f1_macro': 0.7443643370430916, 'f1_micro': 0.9253153352511617, 'f1_weighted': 0.9321450217958377, 'f1_binary': 0.5292887029288703, 'pr_auc': 0.577326837544786, 'precision_macro': 0.708649514663309, 'precision_micro': 0.9253153352511617, 'precision_weighted': 0.9423122166256905, 'precision_binary': 0.4410226612434631, 'recall_macro': 0.8024503383869541, 'recall_micro': 0.9253153352511617, 'recall_weighted': 0.9253153352511617, 'recall_binary': 0.6617262423714037, 'roc_auc': 0.936427810225207}
-----------------------
Epoch 10/100
Training statistic: Loss: 0.1678, train_score: {'accuracy': 0.9269932537781125, 'balanced_accuracy': 0.7672057222915236, 'f1_macro': 0.7657095230152076, 'f1_micro': 0.9269932537781125, 'f1_weighted': 0.9271972812680085, 'f1_binary': 0.5713201143265452, 'pr_auc': 0.6176846884233248, 'precision_macro': 0.7642353401028614, 'precision_micro': 0.9269932537781125, 'precision_weighted': 0.9274055600825464, 'precision_binary': 0.567820683533067, 'recall_macro': 0.7672057222915236, 'recall_micro': 0.9269932537781125, 'recall_weighted': 0.9269932537781125, 'recall_binary': 0.5748629459872382, 'roc_auc': 0.936241838896934}
Validation statistic: Loss: 0.1575, dev_score: {'accuracy': 0.9299070590838681, 'balanced_accuracy': 0.796774059648989, 'f1_macro': 0.7502536661737124, 'f1_micro': 0.9299070590838681, 'f1_weighted': 0.9351920163731826, 'f1_binary': 0.5384335154826958, 'pr_auc': 0.5791035084267866, 'precision_macro': 0.7188463899451933, 'precision_micro': 0.9299070590838681, 'precision_weighted': 0.942701193731925, 'precision_binary': 0.46245306633291616, 'recall_macro': 0.796774059648989, 'recall_micro': 0.9299070590838681, 'recall_weighted': 0.9299070590838681, 'recall_binary': 0.6442894507410637, 'roc_auc': 0.9369550133556924}
Saving model...
Model saved!
-------------------------------------------
-----------------------
Epoch 11/100
Training statistic: Loss: 0.1672, train_score: {'accuracy': 0.9266776188194492, 'balanced_accuracy': 0.7692151154229829, 'f1_macro': 0.766102430141502, 'f1_micro': 0.9266776188194492, 'f1_weighted': 0.9270999116449478, 'f1_binary': 0.5723031875956611, 'pr_auc': 0.6190010831713474, 'precision_macro': 0.7630835817226316, 'precision_micro': 0.9266776188194492, 'precision_weighted': 0.9275403517446656, 'precision_binary': 0.5651202523327639, 'recall_macro': 0.7692151154229829, 'recall_micro': 0.9266776188194492, 'recall_weighted': 0.9266776188194492, 'recall_binary': 0.5796710703693718, 'roc_auc': 0.9366146101177016}
Validation statistic: Loss: 0.1575, dev_score: {'accuracy': 0.929630449214428, 'balanced_accuracy': 0.7954072300422046, 'f1_macro': 0.7491842180221843, 'f1_micro': 0.929630449214428, 'f1_weighted': 0.9349266143616046, 'f1_binary': 0.5364431486880467, 'pr_auc': 0.5801973005354574, 'precision_macro': 0.7179616432184823, 'precision_micro': 0.929630449214428, 'precision_weighted': 0.942431277422757, 'precision_binary': 0.46086412022542267, 'recall_macro': 0.7954072300422046, 'recall_micro': 0.929630449214428, 'recall_weighted': 0.929630449214428, 'recall_binary': 0.6416739319965127, 'roc_auc': 0.9369668840523396}
Saving model...
Model saved!
-------------------------------------------
-----------------------
Epoch 12/100
Training statistic: Loss: 0.1675, train_score: {'accuracy': 0.9278146652368022, 'balanced_accuracy': 0.7664513494394376, 'f1_macro': 0.7667668068780519, 'f1_micro': 0.9278146652368022, 'f1_weighted': 0.9277719180385486, 'f1_binary': 0.5729583802024747, 'pr_auc': 0.6213855715542316, 'precision_macro': 0.7670832537762011, 'precision_micro': 0.9278146652368022, 'precision_weighted': 0.9277293614726561, 'precision_binary': 0.5737069742295909, 'recall_macro': 0.7664513494394376, 'recall_micro': 0.9278146652368022, 'recall_weighted': 0.9278146652368022, 'recall_binary': 0.5722117372157814, 'roc_auc': 0.9375295568226811}
Validation statistic: Loss: 0.1590, dev_score: {'accuracy': 0.9311794644832928, 'balanced_accuracy': 0.7937959052843038, 'f1_macro': 0.7513743845432068, 'f1_micro': 0.9311794644832928, 'f1_weighted': 0.9359752023687621, 'f1_binary': 0.5399408284023669, 'pr_auc': 0.5814360077759986, 'precision_macro': 0.7218033472131486, 'precision_micro': 0.9311794644832928, 'precision_weighted': 0.9426544288036723, 'precision_binary': 0.46885035324341684, 'recall_macro': 0.7937959052843038, 'recall_micro': 0.9311794644832928, 'recall_weighted': 0.9311794644832928, 'recall_binary': 0.6364428945074107, 'roc_auc': 0.9370976162147638}
-----------------------
Epoch 13/100
Training statistic: Loss: 0.1664, train_score: {'accuracy': 0.9267080414660673, 'balanced_accuracy': 0.7740643207597353, 'f1_macro': 0.7683670528091783, 'f1_micro': 0.9267080414660673, 'f1_weighted': 0.927464733907778, 'f1_binary': 0.5768546775857905, 'pr_auc': 0.6234946905786124, 'precision_macro': 0.7629746089247559, 'precision_micro': 0.9267080414660673, 'precision_weighted': 0.9282804805204026, 'precision_binary': 0.5639891812991027, 'recall_macro': 0.7740643207597353, 'recall_micro': 0.9267080414660673, 'recall_weighted': 0.9267080414660673, 'recall_binary': 0.5903208411970882, 'roc_auc': 0.9380121424369035}
Validation statistic: Loss: 0.1580, dev_score: {'accuracy': 0.9303496348749724, 'balanced_accuracy': 0.8039188800365937, 'f1_macro': 0.7539676616822641, 'f1_micro': 0.9303496348749724, 'f1_weighted': 0.9358468058134186, 'f1_binary': 0.5456513893901118, 'pr_auc': 0.585395984304189, 'precision_macro': 0.7208755669575861, 'precision_micro': 0.9303496348749724, 'precision_weighted': 0.9438267228701968, 'precision_binary': 0.46551724137931033, 'recall_macro': 0.8039188800365937, 'recall_micro': 0.9303496348749724, 'recall_weighted': 0.9303496348749724, 'recall_binary': 0.6591107236268526, 'roc_auc': 0.9372233528996405}
-----------------------
Epoch 14/100
Training statistic: Loss: 0.1651, train_score: {'accuracy': 0.9270769160563124, 'balanced_accuracy': 0.7727976817942206, 'f1_macro': 0.7684230857498822, 'f1_micro': 0.9270769160563124, 'f1_weighted': 0.9276585942851897, 'f1_binary': 0.5767448020129784, 'pr_auc': 0.6232468596776364, 'precision_macro': 0.7642301199363087, 'precision_micro': 0.9270769160563124, 'precision_weighted': 0.9282754122455584, 'precision_binary': 0.566762103071317, 'recall_macro': 0.7727976817942206, 'recall_micro': 0.9270769160563124, 'recall_weighted': 0.9270769160563124, 'recall_binary': 0.5870854677810731, 'roc_auc': 0.9383446624091893}
Validation statistic: Loss: 0.1560, dev_score: {'accuracy': 0.929796415136092, 'balanced_accuracy': 0.7995596821290087, 'f1_macro': 0.7511898331135234, 'f1_micro': 0.929796415136092, 'f1_weighted': 0.9352426622013574, 'f1_binary': 0.5403839188699746, 'pr_auc': 0.5846156455253442, 'precision_macro': 0.7189232850030343, 'precision_micro': 0.929796415136092, 'precision_weighted': 0.9430611985105717, 'precision_binary': 0.46220570012391576, 'recall_macro': 0.7995596821290087, 'recall_micro': 0.929796415136092, 'recall_weighted': 0.929796415136092, 'recall_binary': 0.6503923278116827, 'roc_auc': 0.9374435401600087}
Saving model...
Model saved!
-------------------------------------------
-----------------------
Epoch 15/100
Training statistic: Loss: 0.1641, train_score: {'accuracy': 0.9282595964435926, 'balanced_accuracy': 0.771282282199658, 'f1_macro': 0.7697687593732321, 'f1_micro': 0.9282595964435926, 'f1_weighted': 0.9284593635164747, 'f1_binary': 0.5787463993033071, 'pr_auc': 0.6269921121335322, 'precision_macro': 0.7682773748864745, 'precision_micro': 0.9282595964435926, 'precision_weighted': 0.9286633991358627, 'precision_binary': 0.5752141684051667, 'recall_macro': 0.771282282199658, 'recall_micro': 0.9282595964435926, 'recall_weighted': 0.9282595964435926, 'recall_binary': 0.5823222791408286, 'roc_auc': 0.939425526726354}
Validation statistic: Loss: 0.1557, dev_score: {'accuracy': 0.9321752600132773, 'balanced_accuracy': 0.7987977688034281, 'f1_macro': 0.7553045307599449, 'f1_micro': 0.9321752600132773, 'f1_weighted': 0.9369399972537041, 'f1_binary': 0.5472673559822747, 'pr_auc': 0.5859733209583421, 'precision_macro': 0.7250559980511961, 'precision_micro': 0.9321752600132773, 'precision_weighted': 0.9436434122738501, 'precision_binary': 0.4746957078795644, 'recall_macro': 0.7987977688034281, 'recall_micro': 0.9321752600132773, 'recall_weighted': 0.9321752600132773, 'recall_binary': 0.6460331299040977, 'roc_auc': 0.9376618991785942}
Saving model...
Model saved!
-------------------------------------------
-----------------------
Epoch 16/100
Training statistic: Loss: 0.1632, train_score: {'accuracy': 0.9300127014549631, 'balanced_accuracy': 0.7616978999755162, 'f1_macro': 0.7683576378908467, 'f1_micro': 0.9300127014549631, 'f1_weighted': 0.9291149202994862, 'f1_binary': 0.5748475328035483, 'pr_auc': 0.6268237881003729, 'precision_macro': 0.7754804863105409, 'precision_micro': 0.9300127014549631, 'precision_weighted': 0.9283057351953435, 'precision_binary': 0.5915184938670723, 'recall_macro': 0.7616978999755162, 'recall_micro': 0.9300127014549631, 'recall_weighted': 0.9300127014549631, 'recall_binary': 0.5590905005841647, 'roc_auc': 0.9396358121018207}
Validation statistic: Loss: 0.1544, dev_score: {'accuracy': 0.9354945784465589, 'balanced_accuracy': 0.7900038743275868, 'f1_macro': 0.7580497867465668, 'f1_micro': 0.9354945784465589, 'f1_weighted': 0.9389563566825665, 'f1_binary': 0.5508474576271186, 'pr_auc': 0.5863944299377467, 'precision_macro': 0.7337309587709017, 'precision_micro': 0.9354945784465589, 'precision_weighted': 0.9435236485667393, 'precision_binary': 0.49344375431331955, 'recall_macro': 0.7900038743275868, 'recall_micro': 0.9354945784465589, 'recall_weighted': 0.9354945784465589, 'recall_binary': 0.6233653007846556, 'roc_auc': 0.9373191424691142}
Saving model...
Model saved!
-------------------------------------------
-----------------------
Epoch 17/100
Training statistic: Loss: 0.1639, train_score: {'accuracy': 0.9280770605638837, 'balanced_accuracy': 0.7731196895418961, 'f1_macro': 0.7702895285444231, 'f1_micro': 0.9280770605638837, 'f1_weighted': 0.9284484684399879, 'f1_binary': 0.5799071544390395, 'pr_auc': 0.6281178515236359, 'precision_macro': 0.7675357649561596, 'precision_micro': 0.9280770605638837, 'precision_weighted': 0.9288346233860296, 'precision_binary': 0.5733737426977643, 'recall_macro': 0.7731196895418961, 'recall_micro': 0.9280770605638837, 'recall_weighted': 0.9280770605638837, 'recall_binary': 0.586591174620293, 'roc_auc': 0.9398841778993962}
Validation statistic: Loss: 0.1569, dev_score: {'accuracy': 0.9322859039610534, 'balanced_accuracy': 0.80413983979349, 'f1_macro': 0.7576758991775119, 'f1_micro': 0.9322859039610534, 'f1_weighted': 0.9372702093635032, 'f1_binary': 0.5519765739385066, 'pr_auc': 0.5850342643416166, 'precision_macro': 0.7259392992679116, 'precision_micro': 0.9322859039610534, 'precision_weighted': 0.9444125392563165, 'precision_binary': 0.4757097791798107, 'recall_macro': 0.80413983979349, 'recall_micro': 0.9322859039610534, 'recall_weighted': 0.9322859039610534, 'recall_binary': 0.6573670444638187, 'roc_auc': 0.9372685954462977}
-----------------------
Epoch 18/100
Training statistic: Loss: 0.1592, train_score: {'accuracy': 0.9308379157444802, 'balanced_accuracy': 0.7620263095934935, 'f1_macro': 0.7699806381267952, 'f1_micro': 0.9308379157444802, 'f1_weighted': 0.9297779838869429, 'f1_binary': 0.5776260479806776, 'pr_auc': 0.6310482438767266, 'precision_macro': 0.7785984915153286, 'precision_micro': 0.9308379157444802, 'precision_weighted': 0.928844756200333, 'precision_binary': 0.5977409276616198, 'recall_macro': 0.7620263095934935, 'recall_micro': 0.9308379157444802, 'recall_weighted': 0.9308379157444802, 'recall_binary': 0.5588208861328301, 'roc_auc': 0.9405897909314374}
Validation statistic: Loss: 0.1490, dev_score: {'accuracy': 0.9354392564726709, 'balanced_accuracy': 0.7899743392103324, 'f1_macro': 0.7579283134885013, 'f1_micro': 0.9354392564726709, 'f1_weighted': 0.9389140168398913, 'f1_binary': 0.5506353484790143, 'pr_auc': 0.5884698468349511, 'precision_macro': 0.7335600243905473, 'precision_micro': 0.9354392564726709, 'precision_weighted': 0.9435005911222338, 'precision_binary': 0.49310344827586206, 'recall_macro': 0.7899743392103324, 'recall_micro': 0.9354392564726709, 'recall_weighted': 0.9354392564726709, 'recall_binary': 0.6233653007846556, 'roc_auc': 0.9378490750873321}
Saving model...
Model saved!
-------------------------------------------
-----------------------
Epoch 19/100
Training statistic: Loss: 0.1611, train_score: {'accuracy': 0.9298681938835269, 'balanced_accuracy': 0.7686945270461754, 'f1_macro': 0.7713925167485346, 'f1_micro': 0.9298681938835269, 'f1_weighted': 0.9295149673192228, 'f1_binary': 0.5810540663334848, 'pr_auc': 0.632562708876565, 'precision_macro': 0.7741629109650376, 'precision_micro': 0.9298681938835269, 'precision_weighted': 0.9291756342693973, 'precision_binary': 0.5875677662409262, 'recall_macro': 0.7686945270461754, 'recall_micro': 0.9298681938835269, 'recall_weighted': 0.9298681938835269, 'recall_binary': 0.5746832030196819, 'roc_auc': 0.9410557013097872}
Validation statistic: Loss: 0.1542, dev_score: {'accuracy': 0.9343881389687984, 'balanced_accuracy': 0.7975408654525802, 'f1_macro': 0.759028321310079, 'f1_micro': 0.9343881389687984, 'f1_weighted': 0.938504886957933, 'f1_binary': 0.5534638554216867, 'pr_auc': 0.5905298320768904, 'precision_macro': 0.7311044099380298, 'precision_micro': 0.9343881389687984, 'precision_weighted': 0.9441621740211478, 'precision_binary': 0.4870775347912525, 'recall_macro': 0.7975408654525802, 'recall_micro': 0.9343881389687984, 'recall_weighted': 0.9343881389687984, 'recall_binary': 0.6408020924149956, 'roc_auc': 0.9377555772575581}
-----------------------
Epoch 20/100
Training statistic: Loss: 0.1622, train_score: {'accuracy': 0.927582692556339, 'balanced_accuracy': 0.7796805257150703, 'f1_macro': 0.7723700626636779, 'f1_micro': 0.927582692556339, 'f1_weighted': 0.9285212264262626, 'f1_binary': 0.5844045306737086, 'pr_auc': 0.6316909109153291, 'precision_macro': 0.7655470359210458, 'precision_micro': 0.927582692556339, 'precision_weighted': 0.9295541959494311, 'precision_binary': 0.5681249204395977, 'recall_macro': 0.7796805257150703, 'recall_micro': 0.927582692556339, 'recall_weighted': 0.927582692556339, 'recall_binary': 0.601644648153141, 'roc_auc': 0.9410763918790606}
Validation statistic: Loss: 0.1567, dev_score: {'accuracy': 0.9307922106660765, 'balanced_accuracy': 0.8110637004241985, 'f1_macro': 0.7576147259733443, 'f1_micro': 0.9307922106660765, 'f1_weighted': 0.9364933871043543, 'f1_binary': 0.5527350732928137, 'pr_auc': 0.5891184529146274, 'precision_macro': 0.7228580336421564, 'precision_micro': 0.9307922106660765, 'precision_weighted': 0.9449490719334062, 'precision_binary': 0.4684848484848485, 'recall_macro': 0.8110637004241985, 'recall_micro': 0.9307922106660765, 'recall_weighted': 0.9307922106660765, 'recall_binary': 0.6739319965126417, 'roc_auc': 0.9373821009361474}
-----------------------
Epoch 21/100
Training statistic: Loss: 0.1590, train_score: {'accuracy': 0.9320662301016877, 'balanced_accuracy': 0.7602299764853384, 'f1_macro': 0.7713293148778348, 'f1_micro': 0.9320662301016877, 'f1_weighted': 0.9305978802855653, 'f1_binary': 0.5796112392337742, 'pr_auc': 0.6342773063125619, 'precision_macro': 0.7837502680403446, 'precision_micro': 0.9320662301016877, 'precision_weighted': 0.9293809940143498, 'precision_binary': 0.6084486166007905, 'recall_macro': 0.7602299764853384, 'recall_micro': 0.9320662301016877, 'recall_weighted': 0.9320662301016877, 'recall_binary': 0.5533836613642491, 'roc_auc': 0.941711944726509}
Validation statistic: Loss: 0.1506, dev_score: {'accuracy': 0.9364350520026554, 'balanced_accuracy': 0.7852229705653588, 'f1_macro': 0.7578718996204248, 'f1_micro': 0.9364350520026554, 'f1_weighted': 0.9394143637637196, 'f1_binary': 0.5499412455934195, 'pr_auc': 0.588592996337296, 'precision_macro': 0.7362970506894354, 'precision_micro': 0.9364350520026554, 'precision_weighted': 0.9432269469633636, 'precision_binary': 0.4992887624466572, 'recall_macro': 0.7852229705653588, 'recall_micro': 0.9364350520026554, 'recall_weighted': 0.9364350520026554, 'recall_binary': 0.6120313862249346, 'roc_auc': 0.9370836597774912}
-----------------------
Epoch 22/100
Training statistic: Loss: 0.1598, train_score: {'accuracy': 0.9303131250903173, 'balanced_accuracy': 0.7692842014099209, 'f1_macro': 0.7724529274344596, 'f1_micro': 0.9303131250903173, 'f1_weighted': 0.929901582239677, 'f1_binary': 0.5829255524956187, 'pr_auc': 0.6335603802555507, 'precision_macro': 0.7757214721894996, 'precision_micro': 0.9303131250903173, 'precision_weighted': 0.9295091775338374, 'precision_binary': 0.5906009316054052, 'recall_macro': 0.7692842014099209, 'recall_micro': 0.9303131250903173, 'recall_weighted': 0.9303131250903173, 'recall_binary': 0.5754471106317965, 'roc_auc': 0.9416107276716934}
Validation statistic: Loss: 0.1531, dev_score: {'accuracy': 0.9346647488382386, 'balanced_accuracy': 0.79646938701834, 'f1_macro': 0.7591253990151763, 'f1_micro': 0.9346647488382386, 'f1_weighted': 0.9386576405359831, 'f1_binary': 0.5534971644612476, 'pr_auc': 0.5874063875139943, 'precision_macro': 0.7318091794407664, 'precision_micro': 0.9346647488382386, 'precision_weighted': 0.9441080253446728, 'precision_binary': 0.4886515353805073, 'recall_macro': 0.79646938701834, 'recall_micro': 0.9346647488382386, 'recall_weighted': 0.9346647488382386, 'recall_binary': 0.6381865736704446, 'roc_auc': 0.9371966502696554}
-----------------------
Epoch 23/100
Training statistic: Loss: 0.1578, train_score: {'accuracy': 0.9309367893459891, 'balanced_accuracy': 0.772601900268209, 'f1_macro': 0.7750846981575514, 'f1_micro': 0.9309367893459891, 'f1_weighted': 0.9306213785528011, 'f1_binary': 0.5878588448882333, 'pr_auc': 0.6374937140177304, 'precision_macro': 0.7776277299833635, 'precision_micro': 0.9309367893459891, 'precision_weighted': 0.9303175141267164, 'precision_binary': 0.5938288019806519, 'recall_macro': 0.772601900268209, 'recall_micro': 0.9309367893459891, 'recall_weighted': 0.9309367893459891, 'recall_binary': 0.5820077289476049, 'roc_auc': 0.9426910927090597}
Validation statistic: Loss: 0.1509, dev_score: {'accuracy': 0.9346094268643506, 'balanced_accuracy': 0.7988781599421102, 'f1_macro': 0.7600074188685928, 'f1_micro': 0.9346094268643506, 'f1_weighted': 0.9387315653330529, 'f1_binary': 0.5553047404063205, 'pr_auc': 0.5906062178714283, 'precision_macro': 0.7318638266556371, 'precision_micro': 0.9346094268643506, 'precision_weighted': 0.9444140500177941, 'precision_binary': 0.4884182660489742, 'recall_macro': 0.7988781599421102, 'recall_micro': 0.9346094268643506, 'recall_weighted': 0.9346094268643506, 'recall_binary': 0.6434176111595467, 'roc_auc': 0.9375472091940683}
-----------------------
Epoch 24/100
Training statistic: Loss: 0.1587, train_score: {'accuracy': 0.930678196849735, 'balanced_accuracy': 0.7722567436353043, 'f1_macro': 0.7744657342337702, 'f1_micro': 0.930678196849735, 'f1_weighted': 0.9303962493757537, 'f1_binary': 0.5867658059982318, 'pr_auc': 0.6353860644282298, 'precision_macro': 0.7767224216223088, 'precision_micro': 0.930678196849735, 'precision_weighted': 0.9301234493427124, 'precision_binary': 0.5920673406834713, 'recall_macro': 0.7722567436353043, 'recall_micro': 0.930678196849735, 'recall_weighted': 0.930678196849735, 'recall_binary': 0.5815583715287139, 'roc_auc': 0.9425437744594549}
Validation statistic: Loss: 0.1529, dev_score: {'accuracy': 0.9348860367337907, 'balanced_accuracy': 0.8018705282429108, 'f1_macro': 0.7617650488925558, 'f1_micro': 0.9348860367337907, 'f1_weighted': 0.9390767128623376, 'f1_binary': 0.5586801649793776, 'pr_auc': 0.5881067468460912, 'precision_macro': 0.7329251757988835, 'precision_micro': 0.9348860367337907, 'precision_weighted': 0.9449061752185898, 'precision_binary': 0.4901315789473684, 'recall_macro': 0.8018705282429108, 'recall_micro': 0.9348860367337907, 'recall_weighted': 0.9348860367337907, 'recall_binary': 0.6495204882301656, 'roc_auc': 0.9371140446409263}
-----------------------
Epoch 25/100
Training statistic: Loss: 0.1587, train_score: {'accuracy': 0.9302598854587355, 'balanced_accuracy': 0.7752907574806742, 'f1_macro': 0.7750944170854311, 'f1_micro': 0.9302598854587355, 'f1_weighted': 0.9302847495566072, 'f1_binary': 0.5882854769548526, 'pr_auc': 0.6372496879295646, 'precision_macro': 0.7748984449916622, 'precision_micro': 0.9302598854587355, 'precision_weighted': 0.9303096844404957, 'precision_binary': 0.5878235901117143, 'recall_macro': 0.7752907574806742, 'recall_micro': 0.9302598854587355, 'recall_weighted': 0.9302598854587355, 'recall_binary': 0.5887480902309697, 'roc_auc': 0.9427605397381102}
Validation statistic: Loss: 0.1531, dev_score: {'accuracy': 0.933613631334366, 'balanced_accuracy': 0.8040359132605879, 'f1_macro': 0.7601682166011642, 'f1_micro': 0.933613631334366, 'f1_weighted': 0.9382397450502529, 'f1_binary': 0.5562130177514792, 'pr_auc': 0.5903827282165315, 'precision_macro': 0.7295341154225669, 'precision_micro': 0.933613631334366, 'precision_weighted': 0.9447983127304145, 'precision_binary': 0.4829800899165061, 'recall_macro': 0.8040359132605879, 'recall_micro': 0.933613631334366, 'recall_weighted': 0.933613631334366, 'recall_binary': 0.6556233653007847, 'roc_auc': 0.9371768228587697}
-----------------------
Epoch 26/100
Training statistic: Loss: 0.1576, train_score: {'accuracy': 0.931218198827207, 'balanced_accuracy': 0.7723478001735449, 'f1_macro': 0.7754732644684683, 'f1_micro': 0.931218198827207, 'f1_weighted': 0.9308221003278722, 'f1_binary': 0.588473527337262, 'pr_auc': 0.6385703289214059, 'precision_macro': 0.7786945441882434, 'precision_micro': 0.931218198827207, 'precision_weighted': 0.9304443549552958, 'precision_binary': 0.5960271005208093, 'recall_macro': 0.7723478001735449, 'recall_micro': 0.931218198827207, 'recall_weighted': 0.931218198827207, 'recall_binary': 0.581109014109823, 'roc_auc': 0.943203989059392}
Validation statistic: Loss: 0.1517, dev_score: {'accuracy': 0.9347200708121266, 'balanced_accuracy': 0.798937230176619, 'f1_macro': 0.7602474023152558, 'f1_micro': 0.9347200708121266, 'f1_weighted': 0.9388159920829351, 'f1_binary': 0.5557228915662651, 'pr_auc': 0.5894927302071515, 'precision_macro': 0.7321889871611161, 'precision_micro': 0.9347200708121266, 'precision_weighted': 0.9444579181068092, 'precision_binary': 0.48906560636182905, 'recall_macro': 0.798937230176619, 'recall_micro': 0.9347200708121266, 'recall_weighted': 0.9347200708121266, 'recall_binary': 0.6434176111595467, 'roc_auc': 0.9374980784148865}
-----------------------
Epoch 27/100
Training statistic: Loss: 0.1562, train_score: {'accuracy': 0.9314920026467702, 'balanced_accuracy': 0.7733537669205224, 'f1_macro': 0.7764225270193097, 'f1_micro': 0.9314920026467702, 'f1_weighted': 0.9311060973950706, 'f1_binary': 0.5902235971157564, 'pr_auc': 0.6405069351663955, 'precision_macro': 0.7795832377407476, 'precision_micro': 0.9314920026467702, 'precision_weighted': 0.930737800510763, 'precision_binary': 0.5976323183932931, 'recall_macro': 0.7733537669205224, 'recall_micro': 0.9314920026467702, 'recall_weighted': 0.9314920026467702, 'recall_binary': 0.5829963152691651, 'roc_auc': 0.9436650113681072}
Validation statistic: Loss: 0.1496, dev_score: {'accuracy': 0.9346094268643506, 'balanced_accuracy': 0.7976590059215979, 'f1_macro': 0.7595075302221922, 'f1_micro': 0.9346094268643506, 'f1_weighted': 0.938673643604359, 'f1_binary': 0.5542986425339367, 'pr_auc': 0.5914355720782453, 'precision_macro': 0.7317546905282835, 'precision_micro': 0.9346094268643506, 'precision_weighted': 0.9442499413483957, 'precision_binary': 0.4883720930232558, 'recall_macro': 0.7976590059215979, 'recall_micro': 0.9346094268643506, 'recall_weighted': 0.9346094268643506, 'recall_binary': 0.6408020924149956, 'roc_auc': 0.9376557707061387}
-----------------------
Epoch 28/100
Training statistic: Loss: 0.1568, train_score: {'accuracy': 0.9307124223271803, 'balanced_accuracy': 0.7805336579594018, 'f1_macro': 0.7782286057245751, 'f1_micro': 0.9307124223271803, 'f1_weighted': 0.9309963434341874, 'f1_binary': 0.5943358418310549, 'pr_auc': 0.6430432440081844, 'precision_macro': 0.77597280758429, 'precision_micro': 0.9307124223271803, 'precision_weighted': 0.9312897399734583, 'precision_binary': 0.5890114739629303, 'recall_macro': 0.7805336579594018, 'recall_micro': 0.9307124223271803, 'recall_weighted': 0.9307124223271803, 'recall_binary': 0.5997573469937989, 'roc_auc': 0.9440950915837194}
Validation statistic: Loss: 0.1519, dev_score: {'accuracy': 0.9328391236999336, 'balanced_accuracy': 0.8028096522720178, 'f1_macro': 0.7581918788269388, 'f1_micro': 0.9328391236999336, 'f1_weighted': 0.9376140125716078, 'f1_binary': 0.552689756816507, 'pr_auc': 0.591458506917899, 'precision_macro': 0.7272870403152302, 'precision_micro': 0.9328391236999336, 'precision_weighted': 0.9443947220163003, 'precision_binary': 0.4786215698787492, 'recall_macro': 0.8028096522720178, 'recall_micro': 0.9328391236999336, 'recall_weighted': 0.9328391236999336, 'recall_binary': 0.6538796861377506, 'roc_auc': 0.9371069376728686}
-----------------------
Epoch 29/100
Training statistic: Loss: 0.1560, train_score: {'accuracy': 0.9310090431317073, 'balanced_accuracy': 0.7749455123607162, 'f1_macro': 0.7762744177504304, 'f1_micro': 0.9310090431317073, 'f1_weighted': 0.9308420607749923, 'f1_binary': 0.5902150343332129, 'pr_auc': 0.6408641641729884, 'precision_macro': 0.7776203263122903, 'precision_micro': 0.9310090431317073, 'precision_weighted': 0.9306783401803046, 'precision_binary': 0.5933781451539649, 'recall_macro': 0.7749455123607162, 'recall_micro': 0.9310090431317073, 'recall_weighted': 0.9310090431317073, 'recall_binary': 0.5870854677810731, 'roc_auc': 0.9438060322890767}
Validation statistic: Loss: 0.1505, dev_score: {'accuracy': 0.9340562071254702, 'balanced_accuracy': 0.8014275014840946, 'f1_macro': 0.7599707864422535, 'f1_micro': 0.9340562071254702, 'f1_weighted': 0.9384439649028569, 'f1_binary': 0.5555555555555556, 'pr_auc': 0.5907233129271319, 'precision_macro': 0.7305193865327633, 'precision_micro': 0.9340562071254702, 'precision_weighted': 0.9445816351395939, 'precision_binary': 0.48534201954397393, 'recall_macro': 0.8014275014840946, 'recall_micro': 0.9340562071254702, 'recall_weighted': 0.9340562071254702, 'recall_binary': 0.6495204882301656, 'roc_auc': 0.9368939346302108}
-----------------------
Epoch 30/100
Training statistic: Loss: 0.1557, train_score: {'accuracy': 0.9327545424814232, 'balanced_accuracy': 0.7684767475266737, 'f1_macro': 0.776477882998571, 'f1_micro': 0.9327545424814232, 'f1_weighted': 0.9317431511742646, 'f1_binary': 0.5895787397005918, 'pr_auc': 0.6431583921185249, 'precision_macro': 0.785131219430873, 'precision_micro': 0.9327545424814232, 'precision_weighted': 0.9308560518469817, 'precision_binary': 0.6097162882242811, 'recall_macro': 0.7684767475266737, 'recall_micro': 0.9327545424814232, 'recall_weighted': 0.9327545424814232, 'recall_binary': 0.5707288577334412, 'roc_auc': 0.9441909727198685}
Validation statistic: Loss: 0.1502, dev_score: {'accuracy': 0.9366010179243195, 'balanced_accuracy': 0.7958775774282283, 'f1_macro': 0.7627057943505569, 'f1_micro': 0.9366010179243195, 'f1_weighted': 0.9400622903077186, 'f1_binary': 0.5595695618754803, 'pr_auc': 0.5916094115933674, 'precision_macro': 0.7375672848760242, 'precision_micro': 0.9366010179243195, 'precision_weighted': 0.9446852048923895, 'precision_binary': 0.5003436426116838, 'recall_macro': 0.7958775774282283, 'recall_micro': 0.9366010179243195, 'recall_weighted': 0.9366010179243195, 'recall_binary': 0.6346992153443767, 'roc_auc': 0.9374379266852385}
-----------------------
Epoch 31/100
Training statistic: Loss: 0.1545, train_score: {'accuracy': 0.9323058084438056, 'balanced_accuracy': 0.7748178221823584, 'f1_macro': 0.7785564215122116, 'f1_micro': 0.9323058084438056, 'f1_weighted': 0.9318433947760272, 'f1_binary': 0.5940386325799905, 'pr_auc': 0.6459806719945211, 'precision_macro': 0.7824310241720915, 'precision_micro': 0.9323058084438056, 'precision_weighted': 0.9314069907342242, 'precision_binary': 0.603102570039361, 'recall_macro': 0.7748178221823584, 'recall_micro': 0.9323058084438056, 'recall_weighted': 0.9323058084438056, 'recall_binary': 0.58524310236362, 'roc_auc': 0.9448256516176534}
Validation statistic: Loss: 0.1495, dev_score: {'accuracy': 0.9348860367337907, 'balanced_accuracy': 0.7974002968343659, 'f1_macro': 0.7599412317026778, 'f1_micro': 0.9348860367337907, 'f1_weighted': 0.9388654046662591, 'f1_binary': 0.5550094517958412, 'pr_auc': 0.5920239237164601, 'precision_macro': 0.7325370570903159, 'precision_micro': 0.9348860367337907, 'precision_weighted': 0.9443057306137455, 'precision_binary': 0.48998664886515353, 'recall_macro': 0.7974002968343659, 'recall_micro': 0.9348860367337907, 'recall_weighted': 0.9348860367337907, 'recall_binary': 0.6399302528334786, 'roc_auc': 0.9369791152473665}
-----------------------
Epoch 32/100
Training statistic: Loss: 0.1548, train_score: {'accuracy': 0.9323210197671147, 'balanced_accuracy': 0.7720122191839278, 'f1_macro': 0.7773127163058406, 'f1_micro': 0.9323210197671147, 'f1_weighted': 0.9316575856696269, 'f1_binary': 0.5915214946406849, 'pr_auc': 0.6449390785767681, 'precision_macro': 0.7828917465224943, 'precision_micro': 0.9323210197671147, 'precision_weighted': 0.9310473592223304, 'precision_binary': 0.604550785831574, 'recall_macro': 0.7720122191839278, 'recall_micro': 0.9323210197671147, 'recall_weighted': 0.9323210197671147, 'recall_binary': 0.5790419699829245, 'roc_auc': 0.9448021187284814}
Validation statistic: Loss: 0.1495, dev_score: {'accuracy': 0.9358265102898872, 'balanced_accuracy': 0.7991215478482032, 'f1_macro': 0.7624984465333124, 'f1_micro': 0.9358265102898872, 'f1_weighted': 0.9396428256426417, 'f1_binary': 0.5596051632498101, 'pr_auc': 0.592007491284668, 'precision_macro': 0.7354568050396624, 'precision_micro': 0.9358265102898872, 'precision_weighted': 0.9448485868075771, 'precision_binary': 0.49562878278412914, 'recall_macro': 0.7991215478482032, 'recall_micro': 0.9358265102898872, 'recall_weighted': 0.9358265102898872, 'recall_binary': 0.6425457715780296, 'roc_auc': 0.9371347990476457}
-----------------------
Epoch 33/100
Training statistic: Loss: 0.1539, train_score: {'accuracy': 0.9327545424814232, 'balanced_accuracy': 0.7719023793084419, 'f1_macro': 0.7780530905436992, 'f1_micro': 0.9327545424814232, 'f1_weighted': 0.9319885785919616, 'f1_binary': 0.5927546578844338, 'pr_auc': 0.6468147335911434, 'precision_macro': 0.7845804031547788, 'precision_micro': 0.9327545424814232, 'precision_weighted': 0.9312944803909536, 'precision_binary': 0.6079746775641328, 'recall_macro': 0.7719023793084419, 'recall_micro': 0.9327545424814232, 'recall_weighted': 0.9327545424814232, 'recall_binary': 0.5782780623708097, 'roc_auc': 0.9453570729379694}
Validation statistic: Loss: 0.1479, dev_score: {'accuracy': 0.9360477981854393, 'balanced_accuracy': 0.79517584158218, 'f1_macro': 0.7613119344169865, 'f1_micro': 0.9360477981854393, 'f1_weighted': 0.9396179865308959, 'f1_binary': 0.557088122605364, 'pr_auc': 0.5924190675100249, 'precision_macro': 0.7358213611876723, 'precision_micro': 0.9360477981854393, 'precision_weighted': 0.9444004785935309, 'precision_binary': 0.4969241285030759, 'recall_macro': 0.79517584158218, 'recall_micro': 0.9360477981854393, 'recall_weighted': 0.9360477981854393, 'recall_binary': 0.6338273757628596, 'roc_auc': 0.9377638429704078}
Saving model...
Model saved!
-------------------------------------------
-----------------------
Epoch 34/100
Training statistic: Loss: 0.1548, train_score: {'accuracy': 0.9315832705866247, 'balanced_accuracy': 0.7800509767642272, 'f1_macro': 0.7795777414735983, 'f1_micro': 0.9315832705866247, 'f1_weighted': 0.9316410459272899, 'f1_binary': 0.5965329326545715, 'pr_auc': 0.646435278208175, 'precision_macro': 0.7791066016027219, 'precision_micro': 0.9315832705866247, 'precision_weighted': 0.9316992234885311, 'precision_binary': 0.5954246317768724, 'recall_macro': 0.7800509767642272, 'recall_micro': 0.9315832705866247, 'recall_weighted': 0.9315832705866247, 'recall_binary': 0.5976453671250113, 'roc_auc': 0.9451040897590028}
Validation statistic: Loss: 0.1500, dev_score: {'accuracy': 0.9333923434388139, 'balanced_accuracy': 0.8043241574650742, 'f1_macro': 0.7598584628870031, 'f1_micro': 0.9333923434388139, 'f1_weighted': 0.9380903841982536, 'f1_binary': 0.555719557195572, 'pr_auc': 0.5927441637773143, 'precision_macro': 0.728952922916662, 'precision_micro': 0.9333923434388139, 'precision_weighted': 0.9447698416243945, 'precision_binary': 0.4817658349328215, 'recall_macro': 0.8043241574650742, 'recall_micro': 0.9333923434388139, 'recall_weighted': 0.9333923434388139, 'recall_binary': 0.6564952048823016, 'roc_auc': 0.937576770061207}
-----------------------
Epoch 35/100
Training statistic: Loss: 0.1532, train_score: {'accuracy': 0.9327925707896958, 'balanced_accuracy': 0.7772858963559073, 'f1_macro': 0.780549008815782, 'f1_micro': 0.9327925707896958, 'f1_weighted': 0.9323956705550782, 'f1_binary': 0.5977649816783122, 'pr_auc': 0.6495199366391484, 'precision_macro': 0.7839144486024017, 'precision_micro': 0.9327925707896958, 'precision_weighted': 0.9320183362155785, 'precision_binary': 0.6056357515103998, 'recall_macro': 0.7772858963559073, 'recall_micro': 0.9327925707896958, 'recall_weighted': 0.9327925707896958, 'recall_binary': 0.5900961624876426, 'roc_auc': 0.9459101639722747}
Validation statistic: Loss: 0.1480, dev_score: {'accuracy': 0.9352179685771188, 'balanced_accuracy': 0.7987966615584046, 'f1_macro': 0.7611649807339301, 'f1_micro': 0.9352179685771188, 'f1_weighted': 0.9391770508616734, 'f1_binary': 0.5572778827977316, 'pr_auc': 0.595506876750681, 'precision_macro': 0.7336288735646402, 'precision_micro': 0.9352179685771188, 'precision_weighted': 0.944602288517355, 'precision_binary': 0.49198931909212285, 'recall_macro': 0.7987966615584046, 'recall_micro': 0.9352179685771188, 'recall_weighted': 0.9352179685771188, 'recall_binary': 0.6425457715780296, 'roc_auc': 0.9379232090041372}
-----------------------
Epoch 36/100
Training statistic: Loss: 0.1543, train_score: {'accuracy': 0.9311307337181798, 'balanced_accuracy': 0.7862472395567612, 'f1_macro': 0.7814537940102396, 'f1_micro': 0.9311307337181798, 'f1_weighted': 0.9317043508844165, 'f1_binary': 0.6005910634731595, 'pr_auc': 0.6493706986309986, 'precision_macro': 0.7768665087632546, 'precision_micro': 0.9311307337181798, 'precision_weighted': 0.9323176771888135, 'precision_binary': 0.5897435897435898, 'recall_macro': 0.7862472395567612, 'recall_micro': 0.9311307337181798, 'recall_weighted': 0.9311307337181798, 'recall_binary': 0.6118450615619664, 'roc_auc': 0.9459255217964677}
Validation statistic: Loss: 0.1514, dev_score: {'accuracy': 0.931622040274397, 'balanced_accuracy': 0.8054109570804533, 'f1_macro': 0.7569330524996518, 'f1_micro': 0.931622040274397, 'f1_weighted': 0.9368431024253259, 'f1_binary': 0.5508720930232558, 'pr_auc': 0.5925146367126943, 'precision_macro': 0.7243284382954956, 'precision_micro': 0.931622040274397, 'precision_weighted': 0.9443948735457997, 'precision_binary': 0.4722741433021807, 'recall_macro': 0.8054109570804533, 'recall_micro': 0.931622040274397, 'recall_weighted': 0.931622040274397, 'recall_binary': 0.6608544027898866, 'roc_auc': 0.9371362410411646}
-----------------------
Epoch 37/100
Training statistic: Loss: 0.1538, train_score: {'accuracy': 0.9313398894136795, 'balanced_accuracy': 0.7835679647081193, 'f1_macro': 0.7806751618608131, 'f1_micro': 0.9313398894136795, 'f1_weighted': 0.9316889879982759, 'f1_binary': 0.5988936529447049, 'pr_auc': 0.6485218604633043, 'precision_macro': 0.777858809867028, 'precision_micro': 0.9313398894136795, 'precision_weighted': 0.9320527897022235, 'precision_binary': 0.5922492200887561, 'recall_macro': 0.7835679647081193, 'recall_micro': 0.9313398894136795, 'recall_weighted': 0.9313398894136795, 'recall_binary': 0.6056888649231599, 'roc_auc': 0.9458382298783103}
Validation statistic: Loss: 0.1501, dev_score: {'accuracy': 0.9331157335693737, 'balanced_accuracy': 0.8049892512258103, 'f1_macro': 0.7595946780399133, 'f1_micro': 0.9331157335693737, 'f1_weighted': 0.9379178725678774, 'f1_binary': 0.5553512320706142, 'pr_auc': 0.590986308749833, 'precision_macro': 0.728264040238838, 'precision_micro': 0.9331157335693737, 'precision_weighted': 0.9447768599644284, 'precision_binary': 0.4802798982188295, 'recall_macro': 0.8049892512258103, 'recall_micro': 0.9331157335693737, 'recall_weighted': 0.9331157335693737, 'recall_binary': 0.6582388840453357, 'roc_auc': 0.9370340140006241}
-----------------------
Epoch 38/100
Training statistic: Loss: 0.1530, train_score: {'accuracy': 0.9331272199024954, 'balanced_accuracy': 0.7730643067272567, 'f1_macro': 0.7792646258485068, 'f1_micro': 0.9331272199024954, 'f1_weighted': 0.932362619979414, 'f1_binary': 0.5949743188152107, 'pr_auc': 0.6480442467958789, 'precision_macro': 0.7858457973151185, 'precision_micro': 0.9331272199024954, 'precision_weighted': 0.9316706667376191, 'precision_binary': 0.6103104474790909, 'recall_macro': 0.7730643067272567, 'recall_micro': 0.9331272199024954, 'recall_weighted': 0.9331272199024954, 'recall_binary': 0.5803900422395973, 'roc_auc': 0.9458478832744623}
Validation statistic: Loss: 0.1482, dev_score: {'accuracy': 0.9352732905510068, 'balanced_accuracy': 0.7943559652671142, 'f1_macro': 0.7594408095213071, 'f1_micro': 0.9352732905510068, 'f1_weighted': 0.9390052080984211, 'f1_binary': 0.5537757437070938, 'pr_auc': 0.5892556644142626, 'precision_macro': 0.7334217358766422, 'precision_micro': 0.9352732905510068, 'precision_weighted': 0.944027397378085, 'precision_binary': 0.4922033898305085, 'recall_macro': 0.7943559652671142, 'recall_micro': 0.9352732905510068, 'recall_weighted': 0.9352732905510068, 'recall_binary': 0.6329555361813426, 'roc_auc': 0.936651731218794}
-----------------------
Epoch 39/100
Training statistic: Loss: 0.1534, train_score: {'accuracy': 0.9317125668347518, 'balanced_accuracy': 0.7853212214225964, 'f1_macro': 0.7821025312930119, 'f1_micro': 0.9317125668347518, 'f1_weighted': 0.9320963847739786, 'f1_binary': 0.6015488051123882, 'pr_auc': 0.6509214895706259, 'precision_macro': 0.7789777065261714, 'precision_micro': 0.9317125668347518, 'precision_weighted': 0.932498251552539, 'precision_binary': 0.594178757725858, 'recall_macro': 0.7853212214225964, 'recall_micro': 0.9317125668347518, 'recall_weighted': 0.9317125668347518, 'recall_binary': 0.6091039813067314, 'roc_auc': 0.94641263537162}
Validation statistic: Loss: 0.1505, dev_score: {'accuracy': 0.9320092940916131, 'balanced_accuracy': 0.8031793948602098, 'f1_macro': 0.7567677632699112, 'f1_micro': 0.9320092940916131, 'f1_weighted': 0.9370233742604672, 'f1_binary': 0.5503110135382364, 'pr_auc': 0.5918726058273319, 'precision_macro': 0.7250974452780813, 'precision_micro': 0.9320092940916131, 'precision_weighted': 0.9441985455179607, 'precision_binary': 0.47414880201765447, 'recall_macro': 0.8031793948602098, 'recall_micro': 0.9320092940916131, 'recall_weighted': 0.9320092940916131, 'recall_binary': 0.6556233653007847, 'roc_auc': 0.9371372195367668}
-----------------------
Epoch 40/100
Training statistic: Loss: 0.1522, train_score: {'accuracy': 0.9337622926506491, 'balanced_accuracy': 0.7801401196299262, 'f1_macro': 0.7835945515244496, 'f1_micro': 0.9337622926506491, 'f1_weighted': 0.9333523429163694, 'f1_binary': 0.6033249829196083, 'pr_auc': 0.6530753120322229, 'precision_macro': 0.7871623868718013, 'precision_micro': 0.9337622926506491, 'precision_weighted': 0.9329640523259894, 'precision_binary': 0.6116549685999261, 'recall_macro': 0.7801401196299262, 'recall_micro': 0.9337622926506491, 'recall_weighted': 0.9337622926506491, 'recall_binary': 0.5952188370629999, 'roc_auc': 0.9469402838578651}
Validation statistic: Loss: 0.1484, dev_score: {'accuracy': 0.9340008851515822, 'balanced_accuracy': 0.7932702728967584, 'f1_macro': 0.7565083090433506, 'f1_micro': 0.9340008851515822, 'f1_weighted': 0.9380146808531161, 'f1_binary': 0.5486189935679152, 'pr_auc': 0.5934718603434078, 'precision_macro': 0.7295866581087967, 'precision_micro': 0.9340008851515822, 'precision_weighted': 0.9434599895321087, 'precision_binary': 0.48462566844919786, 'recall_macro': 0.7932702728967584, 'recall_micro': 0.9340008851515822, 'recall_weighted': 0.9340008851515822, 'recall_binary': 0.6320836965998257, 'roc_auc': 0.9377189609221301}
-----------------------
Epoch 41/100
Training statistic: Loss: 0.1523, train_score: {'accuracy': 0.9342452521657122, 'balanced_accuracy': 0.77673360497201, 'f1_macro': 0.7829823468858426, 'f1_micro': 0.9342452521657122, 'f1_weighted': 0.9334976845252079, 'f1_binary': 0.6018008889298299, 'pr_auc': 0.6535716774936244, 'precision_macro': 0.7896119262060717, 'precision_micro': 0.9342452521657122, 'precision_weighted': 0.932822676574061, 'precision_binary': 0.6172232982190939, 'recall_macro': 0.77673360497201, 'recall_micro': 0.9342452521657122, 'recall_weighted': 0.9342452521657122, 'recall_binary': 0.5871304035229622, 'roc_auc': 0.946760496273419}
Validation statistic: Loss: 0.1479, dev_score: {'accuracy': 0.9364903739765434, 'balanced_accuracy': 0.7929738144791908, 'f1_macro': 0.7612757027333036, 'f1_micro': 0.9364903739765434, 'f1_weighted': 0.9398394339460643, 'f1_binary': 0.5567567567567567, 'pr_auc': 0.5964585434725581, 'precision_macro': 0.7370208819736866, 'precision_micro': 0.9364903739765434, 'precision_weighted': 0.9442643001954828, 'precision_binary': 0.49965349965349964, 'recall_macro': 0.7929738144791908, 'recall_micro': 0.9364903739765434, 'recall_weighted': 0.9364903739765434, 'recall_binary': 0.6285963382737576, 'roc_auc': 0.9376384152841424}
Saving model...
Model saved!
-------------------------------------------
-----------------------
Epoch 42/100
Training statistic: Loss: 0.1508, train_score: {'accuracy': 0.9348194796206296, 'balanced_accuracy': 0.7697677954778617, 'f1_macro': 0.7808979188732962, 'f1_micro': 0.9348194796206296, 'f1_weighted': 0.9334576756449428, 'f1_binary': 0.5972555101273556, 'pr_auc': 0.6536285727271941, 'precision_macro': 0.7933002900822563, 'precision_micro': 0.9348194796206296, 'precision_weighted': 0.932337289782805, 'precision_binary': 0.6259357762017337, 'recall_macro': 0.7697677954778617, 'recall_micro': 0.9348194796206296, 'recall_weighted': 0.9348194796206296, 'recall_binary': 0.571088343668554, 'roc_auc': 0.9468625673963136}
Validation statistic: Loss: 0.1450, dev_score: {'accuracy': 0.9374308475326399, 'balanced_accuracy': 0.7865673720229465, 'f1_macro': 0.7604506696106004, 'f1_micro': 0.9374308475326399, 'f1_weighted': 0.9402216143210096, 'f1_binary': 0.5545490350531705, 'pr_auc': 0.5953333371527634, 'precision_macro': 0.7395973704588608, 'precision_micro': 0.9374308475326399, 'precision_weighted': 0.9437700055084542, 'precision_binary': 0.5057471264367817, 'recall_macro': 0.7865673720229465, 'recall_micro': 0.9374308475326399, 'recall_weighted': 0.9374308475326399, 'recall_binary': 0.6137750653879687, 'roc_auc': 0.9376481744902797}
Saving model...
Model saved!
-------------------------------------------
-----------------------
Epoch 43/100
Training statistic: Loss: 0.1518, train_score: {'accuracy': 0.9333820095679224, 'balanced_accuracy': 0.7839697508150363, 'f1_macro': 0.7845614908168415, 'f1_micro': 0.9333820095679224, 'f1_weighted': 0.9333125550898362, 'f1_binary': 0.6055037607530513, 'pr_auc': 0.6556293182720909, 'precision_macro': 0.7851564688029471, 'precision_micro': 0.9333820095679224, 'precision_weighted': 0.9332437205031909, 'precision_binary': 0.6068977970386421, 'recall_macro': 0.7839697508150363, 'recall_micro': 0.9333820095679224, 'recall_weighted': 0.9333820095679224, 'recall_binary': 0.6041161139570415, 'roc_auc': 0.9473735278590003}
Validation statistic: Loss: 0.1494, dev_score: {'accuracy': 0.9340562071254702, 'balanced_accuracy': 0.7977700394225578, 'f1_macro': 0.7584788563049433, 'f1_micro': 0.9340562071254702, 'f1_weighted': 0.938271339477118, 'f1_binary': 0.5525525525525525, 'pr_auc': 0.5949652441081656, 'precision_macro': 0.7301738777658585, 'precision_micro': 0.9340562071254702, 'precision_weighted': 0.9440863177308494, 'precision_binary': 0.4851680949241925, 'recall_macro': 0.7977700394225578, 'recall_micro': 0.9340562071254702, 'recall_weighted': 0.9340562071254702, 'recall_binary': 0.6416739319965127, 'roc_auc': 0.9371308850652371}
-----------------------
Epoch 44/100
Training statistic: Loss: 0.1528, train_score: {'accuracy': 0.934001870992767, 'balanced_accuracy': 0.7815963768301682, 'f1_macro': 0.7846758550123862, 'f1_micro': 0.934001870992767, 'f1_weighted': 0.9336397817424276, 'f1_binary': 0.6053618937171703, 'pr_auc': 0.656189858691187, 'precision_macro': 0.7878447740373631, 'precision_micro': 0.934001870992767, 'precision_weighted': 0.9332947752140236, 'precision_binary': 0.6127606684159647, 'recall_macro': 0.7815963768301682, 'recall_micro': 0.934001870992767, 'recall_weighted': 0.934001870992767, 'recall_binary': 0.5981396602857914, 'roc_auc': 0.947198775449248}
Validation statistic: Loss: 0.1511, dev_score: {'accuracy': 0.9341115290993582, 'balanced_accuracy': 0.792110189110755, 'f1_macro': 0.756236691805382, 'f1_micro': 0.9341115290993582, 'f1_weighted': 0.938039728018939, 'f1_binary': 0.5480075901328273, 'pr_auc': 0.5936710817069194, 'precision_macro': 0.7297970614850482, 'precision_micro': 0.9341115290993582, 'precision_weighted': 0.943339507040614, 'precision_binary': 0.4852150537634409, 'recall_macro': 0.792110189110755, 'recall_micro': 0.9341115290993582, 'recall_weighted': 0.9341115290993582, 'recall_binary': 0.6294681778552746, 'roc_auc': 0.9364964594166632}
-----------------------
Epoch 45/100
Training statistic: Loss: 0.1504, train_score: {'accuracy': 0.9348613107597296, 'balanced_accuracy': 0.7761729229992875, 'f1_macro': 0.7838826699428522, 'f1_micro': 0.9348613107597296, 'f1_weighted': 0.9339442653867103, 'f1_binary': 0.6032473999953675, 'pr_auc': 0.6580035230155761, 'precision_macro': 0.7921771560989629, 'precision_micro': 0.9348613107597296, 'precision_weighted': 0.9331384462450489, 'precision_binary': 0.6224962952339979, 'recall_macro': 0.7761729229992875, 'recall_micro': 0.9348613107597296, 'recall_weighted': 0.9348613107597296, 'recall_binary': 0.5851532308798418, 'roc_auc': 0.9477090085072857}
Validation statistic: Loss: 0.1466, dev_score: {'accuracy': 0.9365456959504315, 'balanced_accuracy': 0.7889395028614044, 'f1_macro': 0.7596842931766101, 'f1_micro': 0.9365456959504315, 'f1_weighted': 0.9396821430880339, 'f1_binary': 0.5535227715064227, 'pr_auc': 0.5931588466508948, 'precision_macro': 0.7369100516392458, 'precision_micro': 0.9365456959504315, 'precision_weighted': 0.9437541783802603, 'precision_binary': 0.5, 'recall_macro': 0.7889395028614044, 'recall_micro': 0.9365456959504315, 'recall_weighted': 0.9365456959504315, 'recall_binary': 0.6198779424585876, 'roc_auc': 0.9369621718235188}
-----------------------
Epoch 46/100
Training statistic: Loss: 0.1500, train_score: {'accuracy': 0.9358500467748192, 'balanced_accuracy': 0.7714929861151537, 'f1_macro': 0.78363396031875, 'f1_micro': 0.9358500467748192, 'f1_weighted': 0.9343959397742029, 'f1_binary': 0.6021556095375109, 'pr_auc': 0.6580009217038163, 'precision_macro': 0.7972838550027559, 'precision_micro': 0.9358500467748192, 'precision_weighted': 0.9332276765549068, 'precision_binary': 0.6336427259641634, 'recall_macro': 0.7714929861151537, 'recall_micro': 0.9358500467748192, 'recall_weighted': 0.9358500467748192, 'recall_binary': 0.5736496809562326, 'roc_auc': 0.9478829313975824}
Validation statistic: Loss: 0.1467, dev_score: {'accuracy': 0.9383159991148484, 'balanced_accuracy': 0.7841952411844885, 'f1_macro': 0.7612288653869878, 'f1_micro': 0.9383159991148484, 'f1_weighted': 0.9407617968762341, 'f1_binary': 0.5555998405739339, 'pr_auc': 0.5945639041460251, 'precision_macro': 0.7424119465475758, 'precision_micro': 0.9383159991148484, 'precision_weighted': 0.9438031501442861, 'precision_binary': 0.5117474302496329, 'recall_macro': 0.7841952411844885, 'recall_micro': 0.9383159991148484, 'recall_weighted': 0.9383159991148484, 'recall_binary': 0.6076721883173496, 'roc_auc': 0.9370354559941431}
-----------------------
Epoch 47/100
Training statistic: Loss: 0.1507, train_score: {'accuracy': 0.9344429993687301, 'balanced_accuracy': 0.7761483370395071, 'f1_macro': 0.7830893560450676, 'f1_micro': 0.9344429993687301, 'f1_weighted': 0.9336127072331699, 'f1_binary': 0.6018982518532203, 'pr_auc': 0.6548291369281121, 'precision_macro': 0.790502828324014, 'precision_micro': 0.9344429993687301, 'precision_weighted': 0.9328723685179904, 'precision_binary': 0.6191267993728918, 'recall_macro': 0.7761483370395071, 'recall_micro': 0.9344429993687301, 'recall_weighted': 0.9344429993687301, 'recall_binary': 0.5856025882987328, 'roc_auc': 0.9473346427460817}
Validation statistic: Loss: 0.1468, dev_score: {'accuracy': 0.9359924762115512, 'balanced_accuracy': 0.7902696903828765, 'f1_macro': 0.7591466942937539, 'f1_micro': 0.9359924762115512, 'f1_weighted': 0.9393378060651192, 'f1_binary': 0.5527638190954773, 'pr_auc': 0.5928372336823233, 'precision_macro': 0.7352799985306298, 'precision_micro': 0.9359924762115512, 'precision_weighted': 0.9437325072671592, 'precision_binary': 0.4965277777777778, 'recall_macro': 0.7902696903828765, 'recall_micro': 0.9359924762115512, 'recall_weighted': 0.9359924762115512, 'recall_binary': 0.6233653007846556, 'roc_auc': 0.936608162414614}
-----------------------
Epoch 48/100
Training statistic: Loss: 0.1505, train_score: {'accuracy': 0.9347624371582206, 'balanced_accuracy': 0.7742225837750955, 'f1_macro': 0.7828214724095572, 'f1_micro': 0.9347624371582206, 'f1_weighted': 0.9337296898290705, 'f1_binary': 0.6011670890195987, 'pr_auc': 0.6554725159171091, 'precision_macro': 0.7921567196558583, 'precision_micro': 0.9347624371582206, 'precision_weighted': 0.932836934117578, 'precision_binary': 0.6228142010694157, 'recall_macro': 0.7742225837750955, 'recall_micro': 0.9347624371582206, 'recall_weighted': 0.9347624371582206, 'recall_binary': 0.5809742068841557, 'roc_auc': 0.9472384350105657}
Validation statistic: Loss: 0.1469, dev_score: {'accuracy': 0.9372095596370879, 'balanced_accuracy': 0.7888875395949533, 'f1_macro': 0.7609951079524562, 'f1_micro': 0.9372095596370879, 'f1_weighted': 0.9401727689592765, 'f1_binary': 0.5557729941291585, 'pr_auc': 0.5914146502095805, 'precision_macro': 0.7390217305342845, 'precision_micro': 0.9372095596370879, 'precision_weighted': 0.9439889860323476, 'precision_binary': 0.5042613636363636, 'recall_macro': 0.7888875395949533, 'recall_micro': 0.9372095596370879, 'recall_weighted': 0.9372095596370879, 'recall_binary': 0.6190061028770706, 'roc_auc': 0.9359287002184569}
-----------------------
Epoch 49/100
Training statistic: Loss: 0.1501, train_score: {'accuracy': 0.9360820194552825, 'balanced_accuracy': 0.7710691476904163, 'f1_macro': 0.7838814666712308, 'f1_micro': 0.9360820194552825, 'f1_weighted': 0.9345495028776477, 'f1_binary': 0.6025161992148702, 'pr_auc': 0.6598033672738399, 'precision_macro': 0.7983824232604773, 'precision_micro': 0.9360820194552825, 'precision_weighted': 0.9333366515942442, 'precision_binary': 0.6359325079872205, 'recall_macro': 0.7710691476904163, 'recall_micro': 0.9360820194552825, 'recall_weighted': 0.9360820194552825, 'recall_binary': 0.5724364159252269, 'roc_auc': 0.9482300367058187}
Validation statistic: Loss: 0.1473, dev_score: {'accuracy': 0.9380393892454083, 'balanced_accuracy': 0.7852667196187286, 'f1_macro': 0.7611269690242097, 'f1_micro': 0.9380393892454083, 'f1_weighted': 0.9406096005445849, 'f1_binary': 0.5555555555555556, 'pr_auc': 0.5943422754304453, 'precision_macro': 0.7415354120152082, 'precision_micro': 0.9380393892454083, 'precision_weighted': 0.9438332442818107, 'precision_binary': 0.5098324836125273, 'recall_macro': 0.7852667196187286, 'recall_micro': 0.9380393892454083, 'recall_weighted': 0.9380393892454083, 'recall_binary': 0.6102877070619006, 'roc_auc': 0.93685144732117}
-----------------------
Epoch 50/100
Training statistic: Loss: 0.1490, train_score: {'accuracy': 0.9354735665229197, 'balanced_accuracy': 0.7762830557781211, 'f1_macro': 0.7850841615482308, 'f1_micro': 0.9354735665229197, 'f1_weighted': 0.9344357475425423, 'f1_binary': 0.6053035589672017, 'pr_auc': 0.6587755306047343, 'precision_macro': 0.7946504557813089, 'precision_micro': 0.9354735665229197, 'precision_weighted': 0.9335432808928166, 'precision_binary': 0.6274594907407407, 'recall_macro': 0.7762830557781211, 'recall_micro': 0.9354735665229197, 'recall_weighted': 0.9354735665229197, 'recall_binary': 0.5846589377190617, 'roc_auc': 0.9482485994788159}
Validation statistic: Loss: 0.1453, dev_score: {'accuracy': 0.9366563398982075, 'balanced_accuracy': 0.7885921884224092, 'f1_macro': 0.7597578335301107, 'f1_micro': 0.9366563398982075, 'f1_weighted': 0.9397470171740604, 'f1_binary': 0.5536062378167641, 'pr_auc': 0.5927237928169728, 'precision_macro': 0.7372357885620975, 'precision_micro': 0.9366563398982075, 'precision_weighted': 0.9437485931018934, 'precision_binary': 0.5007052186177715, 'recall_macro': 0.7885921884224092, 'recall_micro': 0.9366563398982075, 'recall_weighted': 0.9366563398982075, 'recall_binary': 0.6190061028770706, 'roc_auc': 0.9362291756179703}
-----------------------
Epoch 51/100
Training statistic: Loss: 0.1505, train_score: {'accuracy': 0.9348004654664932, 'balanced_accuracy': 0.7788108648732218, 'f1_macro': 0.7849409647761755, 'f1_micro': 0.9348004654664932, 'f1_weighted': 0.9340788547397886, 'f1_binary': 0.6054175968332144, 'pr_auc': 0.6581328839035018, 'precision_macro': 0.7914341717587923, 'precision_micro': 0.9348004654664932, 'precision_weighted': 0.9334263933214039, 'precision_binary': 0.6205123366514129, 'recall_macro': 0.7788108648732218, 'recall_micro': 0.9348004654664932, 'recall_weighted': 0.9348004654664932, 'recall_binary': 0.5910398130673138, 'roc_auc': 0.9480160063118315}
Validation statistic: Loss: 0.1477, dev_score: {'accuracy': 0.9363797300287674, 'balanced_accuracy': 0.7937275135916901, 'f1_macro': 0.7613698582834922, 'f1_micro': 0.9363797300287674, 'f1_weighted': 0.9397940053044183, 'f1_binary': 0.5570107858243452, 'pr_auc': 0.5930304608510161, 'precision_macro': 0.7367320558332557, 'precision_micro': 0.9363797300287674, 'precision_weighted': 0.9443245972849333, 'precision_binary': 0.4989648033126294, 'recall_macro': 0.7937275135916901, 'recall_micro': 0.9363797300287674, 'recall_weighted': 0.9363797300287674, 'recall_binary': 0.6303400174367916, 'roc_auc': 0.9366552074531701}
-----------------------
Epoch 52/100
Training statistic: Loss: 0.1495, train_score: {'accuracy': 0.9354241297221652, 'balanced_accuracy': 0.7774998826930493, 'f1_macro': 0.7855328472367248, 'f1_micro': 0.9354241297221652, 'f1_weighted': 0.9344811599596713, 'f1_binary': 0.6062376811594203, 'pr_auc': 0.6589690277692941, 'precision_macro': 0.7941978601487722, 'precision_micro': 0.9354241297221652, 'precision_weighted': 0.9336583225544588, 'precision_binary': 0.626323606918691, 'recall_macro': 0.7774998826930493, 'recall_micro': 0.9354241297221652, 'recall_weighted': 0.9354241297221652, 'recall_binary': 0.5874000179742968, 'roc_auc': 0.9480727875579419}
Validation statistic: Loss: 0.1465, dev_score: {'accuracy': 0.9362690860809914, 'balanced_accuracy': 0.7904173659691487, 'f1_macro': 0.7597589415690811, 'f1_micro': 0.9362690860809914, 'f1_weighted': 0.9395500284857563, 'f1_binary': 0.5538342370255616, 'pr_auc': 0.5914351942328383, 'precision_macro': 0.7361489306772848, 'precision_micro': 0.9362690860809914, 'precision_weighted': 0.9438495944009002, 'precision_binary': 0.49825783972125437, 'recall_macro': 0.7904173659691487, 'recall_micro': 0.9362690860809914, 'recall_weighted': 0.9362690860809914, 'recall_binary': 0.6233653007846556, 'roc_auc': 0.9360976194592493}
-----------------------
Epoch 53/100
Training statistic: Loss: 0.1518, train_score: {'accuracy': 0.9324389075227599, 'balanced_accuracy': 0.7950568924261727, 'f1_macro': 0.7875129887629959, 'f1_micro': 0.9324389075227599, 'f1_weighted': 0.9332957702555846, 'f1_binary': 0.6120283018867925, 'pr_auc': 0.659542858863753, 'precision_macro': 0.7804575471956043, 'precision_micro': 0.9324389075227599, 'precision_weighted': 0.9342467511685737, 'precision_binary': 0.5953352026510323, 'recall_macro': 0.7950568924261727, 'recall_micro': 0.9324389075227599, 'recall_weighted': 0.9324389075227599, 'recall_binary': 0.6296845510919385, 'roc_auc': 0.9485101826099631}
Validation statistic: Loss: 0.1532, dev_score: {'accuracy': 0.9309028546138526, 'balanced_accuracy': 0.8062461545766582, 'f1_macro': 0.7559218502312535, 'f1_micro': 0.9309028546138526, 'f1_weighted': 0.9363563625583478, 'f1_binary': 0.5492601948754963, 'pr_auc': 0.5897700679950488, 'precision_macro': 0.7225669330334312, 'precision_micro': 0.9309028546138526, 'precision_weighted': 0.9443067168466368, 'precision_binary': 0.4685960591133005, 'recall_macro': 0.8062461545766582, 'recall_micro': 0.9309028546138526, 'recall_weighted': 0.9309028546138526, 'recall_binary': 0.6634699215344376, 'roc_auc': 0.9355610176210063}
-----------------------
Epoch 54/100
Training statistic: Loss: 0.1507, train_score: {'accuracy': 0.9334542633536405, 'balanced_accuracy': 0.7907993092884305, 'f1_macro': 0.787600288073531, 'f1_micro': 0.9334542633536405, 'f1_weighted': 0.9338190505654017, 'f1_binary': 0.6115907930659445, 'pr_auc': 0.6597342431099054, 'precision_macro': 0.7844920143153568, 'precision_micro': 0.9334542633536405, 'precision_weighted': 0.93420125389233, 'precision_binary': 0.6042808895126979, 'recall_macro': 0.7907993092884305, 'recall_micro': 0.9334542633536405, 'recall_weighted': 0.9334542633536405, 'recall_binary': 0.6190797160061112, 'roc_auc': 0.9483862570516882}
Validation statistic: Loss: 0.1501, dev_score: {'accuracy': 0.931732684222173, 'balanced_accuracy': 0.7981551031918888, 'f1_macro': 0.7542082194995408, 'f1_micro': 0.931732684222173, 'f1_weighted': 0.9365862368314365, 'f1_binary': 0.5453205600589536, 'pr_auc': 0.5895391991997536, 'precision_macro': 0.7237933647454892, 'precision_micro': 0.931732684222173, 'precision_weighted': 0.94342248668238, 'precision_binary': 0.47223994894703253, 'recall_macro': 0.7981551031918888, 'recall_micro': 0.931732684222173, 'recall_weighted': 0.931732684222173, 'recall_binary': 0.6451612903225806, 'roc_auc': 0.936207082217269}
-----------------------
Epoch 55/100
Training statistic: Loss: 0.1510, train_score: {'accuracy': 0.932921867037823, 'balanced_accuracy': 0.7927106923673751, 'f1_macro': 0.7874221222049955, 'f1_micro': 0.932921867037823, 'f1_weighted': 0.9335244570737883, 'f1_binary': 0.6115527758814332, 'pr_auc': 0.6590491727225709, 'precision_macro': 0.7823778022018151, 'precision_micro': 0.932921867037823, 'precision_weighted': 0.9341740152055504, 'precision_binary': 0.5996545022673289, 'recall_macro': 0.7927106923673751, 'recall_micro': 0.932921867037823, 'recall_weighted': 0.932921867037823, 'recall_binary': 0.6239327761301339, 'roc_auc': 0.9483481803632103}
Validation statistic: Loss: 0.1516, dev_score: {'accuracy': 0.9307922106660765, 'balanced_accuracy': 0.8041551609746289, 'f1_macro': 0.7548819204826962, 'f1_micro': 0.9307922106660765, 'f1_weighted': 0.9361799156289189, 'f1_binary': 0.5472312703583062, 'pr_auc': 0.5886843541736075, 'precision_macro': 0.7220336128388052, 'precision_micro': 0.9307922106660765, 'precision_weighted': 0.9439837739079239, 'precision_binary': 0.46782178217821785, 'recall_macro': 0.8041551609746289, 'recall_micro': 0.9307922106660765, 'recall_weighted': 0.9307922106660765, 'recall_binary': 0.6591107236268526, 'roc_auc': 0.9354714595235252}
-----------------------
Epoch 56/100
Training statistic: Loss: 0.1481, train_score: {'accuracy': 0.9356827222184194, 'balanced_accuracy': 0.7790276979172787, 'f1_macro': 0.7866979229232767, 'f1_micro': 0.9356827222184194, 'f1_weighted': 0.9347912634090645, 'f1_binary': 0.6084319218391869, 'pr_auc': 0.6616679085021098, 'precision_macro': 0.7949397768346969, 'precision_micro': 0.9356827222184194, 'precision_weighted': 0.9340084538572572, 'precision_binary': 0.627537131668179, 'recall_macro': 0.7790276979172787, 'recall_micro': 0.9356827222184194, 'recall_weighted': 0.9356827222184194, 'recall_binary': 0.5904556484227554, 'roc_auc': 0.9488613092254097}
Validation statistic: Loss: 0.1447, dev_score: {'accuracy': 0.9362690860809914, 'balanced_accuracy': 0.7912301353161568, 'f1_macro': 0.760101959321615, 'f1_micro': 0.9362690860809914, 'f1_weighted': 0.939589989955345, 'f1_binary': 0.5545243619489559, 'pr_auc': 0.5930413554448106, 'precision_macro': 0.7362083382639305, 'precision_micro': 0.9362690860809914, 'precision_weighted': 0.9439566421229155, 'precision_binary': 0.4982626824183461, 'recall_macro': 0.7912301353161568, 'recall_micro': 0.9362690860809914, 'recall_weighted': 0.9362690860809914, 'recall_binary': 0.6251089799476897, 'roc_auc': 0.9366634216662513}
Saving model...
Model saved!
-------------------------------------------
-----------------------
Epoch 57/100
Training statistic: Loss: 0.1487, train_score: {'accuracy': 0.9357473703424829, 'balanced_accuracy': 0.7771870691982603, 'f1_macro': 0.7860051792368358, 'f1_micro': 0.9357473703424829, 'f1_weighted': 0.9347153697891523, 'f1_binary': 0.6069966505396353, 'pr_auc': 0.6615619090305445, 'precision_macro': 0.7955884994919392, 'precision_micro': 0.9357473703424829, 'precision_weighted': 0.9338286861077284, 'precision_binary': 0.6291831420580577, 'recall_macro': 0.7771870691982603, 'recall_micro': 0.9357473703424829, 'recall_weighted': 0.9357473703424829, 'recall_binary': 0.5863215601689584, 'roc_auc': 0.9485707527447576}
Validation statistic: Loss: 0.1447, dev_score: {'accuracy': 0.9374308475326399, 'balanced_accuracy': 0.7910376034314914, 'f1_macro': 0.7623529507767899, 'f1_micro': 0.9374308475326399, 'f1_weighted': 0.940443789745583, 'f1_binary': 0.5583756345177665, 'pr_auc': 0.5926600084723183, 'precision_macro': 0.7398652244976542, 'precision_micro': 0.9374308475326399, 'precision_weighted': 0.9443497905219292, 'precision_binary': 0.5056577086280056, 'recall_macro': 0.7910376034314914, 'recall_micro': 0.9374308475326399, 'recall_weighted': 0.9374308475326399, 'recall_binary': 0.6233653007846556, 'roc_auc': 0.9369083803152847}
-----------------------
Epoch 58/100
Training statistic: Loss: 0.1497, train_score: {'accuracy': 0.934925958883793, 'balanced_accuracy': 0.7783900366884349, 'f1_macro': 0.7849901166058395, 'f1_micro': 0.934925958883793, 'f1_weighted': 0.9341489406476448, 'f1_binary': 0.6054415494581508, 'pr_auc': 0.660080601399227, 'precision_macro': 0.7920126962153108, 'precision_micro': 0.934925958883793, 'precision_weighted': 0.9334523459366021, 'precision_binary': 0.6217560143966661, 'recall_macro': 0.7783900366884349, 'recall_micro': 0.934925958883793, 'recall_weighted': 0.934925958883793, 'recall_binary': 0.5899613552619754, 'roc_auc': 0.948304351549556}
Validation statistic: Loss: 0.1483, dev_score: {'accuracy': 0.9359371542376632, 'balanced_accuracy': 0.7902401552656222, 'f1_macro': 0.759024490249268, 'f1_micro': 0.9359371542376632, 'f1_weighted': 0.9392953879161619, 'f1_binary': 0.5525502318392581, 'pr_auc': 0.5930369539155438, 'precision_macro': 0.7351069321787732, 'precision_micro': 0.9359371542376632, 'precision_weighted': 0.9437091807330316, 'precision_binary': 0.4961832061068702, 'recall_macro': 0.7902401552656222, 'recall_micro': 0.9359371542376632, 'recall_weighted': 0.9359371542376632, 'recall_binary': 0.6233653007846556, 'roc_auc': 0.9362347375929719}
-----------------------
Epoch 59/100
Training statistic: Loss: 0.1481, train_score: {'accuracy': 0.9363139921357458, 'balanced_accuracy': 0.7738262530630353, 'f1_macro': 0.7855770051998804, 'f1_micro': 0.9363139921357458, 'f1_weighted': 0.9349295410154799, 'f1_binary': 0.6057952592801826, 'pr_auc': 0.6639365791389655, 'precision_macro': 0.7987242324962059, 'precision_micro': 0.9363139921357458, 'precision_weighted': 0.9338095943427168, 'precision_binary': 0.636116466459044, 'recall_macro': 0.7738262530630353, 'recall_micro': 0.9363139921357458, 'recall_weighted': 0.9363139921357458, 'recall_binary': 0.5782331266289207, 'roc_auc': 0.9487372023060119}
Validation statistic: Loss: 0.1451, dev_score: {'accuracy': 0.9383159991148484, 'balanced_accuracy': 0.7854143952050008, 'f1_macro': 0.7617560091187572, 'f1_micro': 0.9383159991148484, 'f1_weighted': 0.9408235344782014, 'f1_binary': 0.5566600397614314, 'pr_auc': 0.5944903899133586, 'precision_macro': 0.742471127743547, 'precision_micro': 0.9383159991148484, 'precision_weighted': 0.9439589869340217, 'precision_binary': 0.5116959064327485, 'recall_macro': 0.7854143952050008, 'recall_micro': 0.9383159991148484, 'recall_weighted': 0.9383159991148484, 'recall_binary': 0.6102877070619006, 'roc_auc': 0.9360202925567951}
-----------------------
Epoch 60/100
Training statistic: Loss: 0.1495, train_score: {'accuracy': 0.9344582106920392, 'balanced_accuracy': 0.7924487874905812, 'f1_macro': 0.7901458774016518, 'f1_micro': 0.9344582106920392, 'f1_weighted': 0.9347156453910966, 'f1_binary': 0.6161213444105397, 'pr_auc': 0.6647833744091043, 'precision_macro': 0.7878898533590357, 'precision_micro': 0.9344582106920392, 'precision_weighted': 0.934982063491636, 'precision_binary': 0.6108289537605441, 'recall_macro': 0.7924487874905812, 'recall_micro': 0.9344582106920392, 'recall_weighted': 0.9344582106920392, 'recall_binary': 0.6215062460681225, 'roc_auc': 0.9494124793999339}
Validation statistic: Loss: 0.1504, dev_score: {'accuracy': 0.9332263775171498, 'balanced_accuracy': 0.7957014739697252, 'f1_macro': 0.7560295125838511, 'f1_micro': 0.9332263775171498, 'f1_weighted': 0.9375628408783866, 'f1_binary': 0.5481093223511794, 'pr_auc': 0.5926048418792174, 'precision_macro': 0.7276212309191172, 'precision_micro': 0.9332263775171498, 'precision_weighted': 0.9435422066717222, 'precision_binary': 0.48031496062992124, 'recall_macro': 0.7957014739697252, 'recall_micro': 0.9332263775171498, 'recall_weighted': 0.9332263775171498, 'recall_binary': 0.6381865736704446, 'roc_auc': 0.9356090154052803}
-----------------------
Epoch 61/100
Training statistic: Loss: 0.1490, train_score: {'accuracy': 0.9345114503236209, 'balanced_accuracy': 0.7908466151392441, 'f1_macro': 0.7895766591226338, 'f1_micro': 0.9345114503236209, 'f1_weighted': 0.9346542340612123, 'f1_binary': 0.6149408581714106, 'pr_auc': 0.6659969443044452, 'precision_macro': 0.7883211076973379, 'precision_micro': 0.9345114503236209, 'precision_weighted': 0.9347997756792208, 'precision_binary': 0.6119987538386221, 'recall_macro': 0.7908466151392441, 'recall_micro': 0.9345114503236209, 'recall_weighted': 0.9345114503236209, 'recall_binary': 0.6179113867169947, 'roc_auc': 0.9495686658631026}
Validation statistic: Loss: 0.1490, dev_score: {'accuracy': 0.9348307147599026, 'balanced_accuracy': 0.7994026850846319, 'f1_macro': 0.7606537626503147, 'f1_micro': 0.9348307147599026, 'f1_weighted': 0.938919693791269, 'f1_binary': 0.5564759036144579, 'pr_auc': 0.5944402438528432, 'precision_macro': 0.7325505129021449, 'precision_micro': 0.9348307147599026, 'precision_weighted': 0.9445564994686964, 'precision_binary': 0.4897282968853545, 'recall_macro': 0.7994026850846319, 'recall_micro': 0.9348307147599026, 'recall_weighted': 0.9348307147599026, 'recall_binary': 0.6442894507410637, 'roc_auc': 0.9362307721107948}
-----------------------
Epoch 62/100
Training statistic: Loss: 0.1485, train_score: {'accuracy': 0.9358500467748192, 'balanced_accuracy': 0.7810358175072223, 'f1_macro': 0.7878964830478441, 'f1_micro': 0.9358500467748192, 'f1_weighted': 0.9350611856564388, 'f1_binary': 0.6107483212958903, 'pr_auc': 0.6656138804032609, 'precision_macro': 0.7952090780226021, 'precision_micro': 0.9358500467748192, 'precision_weighted': 0.934358257300292, 'precision_binary': 0.6277095290044111, 'recall_macro': 0.7810358175072223, 'recall_micro': 0.9358500467748192, 'recall_weighted': 0.9358500467748192, 'recall_binary': 0.5946796081603307, 'roc_auc': 0.9493724326610873}
Validation statistic: Loss: 0.1469, dev_score: {'accuracy': 0.937486169506528, 'balanced_accuracy': 0.792286292569258, 'f1_macro': 0.7629904528661058, 'f1_micro': 0.937486169506528, 'f1_weighted': 0.9405463136023497, 'f1_binary': 0.5596258768511302, 'pr_auc': 0.5945405239479424, 'precision_macro': 0.7401175980165748, 'precision_micro': 0.937486169506528, 'precision_weighted': 0.944532271546857, 'precision_binary': 0.5059901338971107, 'recall_macro': 0.792286292569258, 'recall_micro': 0.937486169506528, 'recall_weighted': 0.937486169506528, 'recall_binary': 0.6259808195292066, 'roc_auc': 0.9363214117034151}
-----------------------
Epoch 63/100
Training statistic: Loss: 0.1482, train_score: {'accuracy': 0.9348270852822841, 'balanced_accuracy': 0.7907131632216103, 'f1_macro': 0.7901096773138343, 'f1_micro': 0.9348270852822841, 'f1_weighted': 0.9348946879404361, 'f1_binary': 0.6158260479713069, 'pr_auc': 0.6685195983005345, 'precision_macro': 0.7895094542747625, 'precision_micro': 0.9348270852822841, 'precision_weighted': 0.9349629148205455, 'precision_binary': 0.6144211844694937, 'recall_macro': 0.7907131632216103, 'recall_micro': 0.9348270852822841, 'recall_weighted': 0.9348270852822841, 'recall_binary': 0.6172373505886583, 'roc_auc': 0.949825930116653}
Validation statistic: Loss: 0.1471, dev_score: {'accuracy': 0.9354392564726709, 'balanced_accuracy': 0.7968828786599018, 'f1_macro': 0.7608142100680126, 'f1_micro': 0.9354392564726709, 'f1_weighted': 0.939249463053336, 'f1_binary': 0.556442417331813, 'pr_auc': 0.5963570853541599, 'precision_macro': 0.7341247007618389, 'precision_micro': 0.9354392564726709, 'precision_weighted': 0.9444203268029, 'precision_binary': 0.49326145552560646, 'recall_macro': 0.7968828786599018, 'recall_micro': 0.9354392564726709, 'recall_weighted': 0.9354392564726709, 'recall_binary': 0.6381865736704446, 'roc_auc': 0.9369765660088241}
-----------------------
Epoch 64/100
Training statistic: Loss: 0.1476, train_score: {'accuracy': 0.9359641316996372, 'balanced_accuracy': 0.7833411068649722, 'f1_macro': 0.7891148701439263, 'f1_micro': 0.9359641316996372, 'f1_weighted': 0.935307631480501, 'f1_binary': 0.6131366737886829, 'pr_auc': 0.6667541351413915, 'precision_macro': 0.7952042253382198, 'precision_micro': 0.9359641316996372, 'precision_weighted': 0.9347111784826243, 'precision_binary': 0.6272740093075729, 'recall_macro': 0.7833411068649722, 'recall_micro': 0.9359641316996372, 'recall_weighted': 0.9359641316996372, 'recall_binary': 0.5996225397681316, 'roc_auc': 0.9495815183275901}
Validation statistic: Loss: 0.1455, dev_score: {'accuracy': 0.9358818322637752, 'balanced_accuracy': 0.7898042354748637, 'f1_macro': 0.7587303532294388, 'f1_micro': 0.9358818322637752, 'f1_weighted': 0.9392329448828635, 'f1_binary': 0.5519907228449942, 'pr_auc': 0.5949841543424438, 'precision_macro': 0.7349027210066523, 'precision_micro': 0.9358818322637752, 'precision_weighted': 0.9436321454512373, 'precision_binary': 0.49583333333333335, 'recall_macro': 0.7898042354748637, 'recall_micro': 0.9358818322637752, 'recall_weighted': 0.9358818322637752, 'recall_binary': 0.6224934612031386, 'roc_auc': 0.9366065916716737}
-----------------------
Epoch 65/100
Training statistic: Loss: 0.1477, train_score: {'accuracy': 0.9363139921357458, 'balanced_accuracy': 0.7757021942768607, 'f1_macro': 0.7864204077073804, 'f1_micro': 0.9363139921357458, 'f1_weighted': 0.9350613350671214, 'f1_binary': 0.6074952539433286, 'pr_auc': 0.6655455700774673, 'precision_macro': 0.7982857502987996, 'precision_micro': 0.9363139921357458, 'precision_weighted': 0.934026114500227, 'precision_binary': 0.63488953118111, 'recall_macro': 0.7757021942768607, 'recall_micro': 0.9363139921357458, 'recall_weighted': 0.9363139921357458, 'recall_binary': 0.5823672148827177, 'roc_auc': 0.9492815772722141}
Validation statistic: Loss: 0.1451, dev_score: {'accuracy': 0.937541491480416, 'balanced_accuracy': 0.7837817495429267, 'f1_macro': 0.7594723152840016, 'f1_micro': 0.937541491480416, 'f1_weighted': 0.940163354873265, 'f1_binary': 0.5525168450257629, 'pr_auc': 0.5906226684985814, 'precision_macro': 0.7397972949449937, 'precision_micro': 0.937541491480416, 'precision_weighted': 0.9434516221260191, 'precision_binary': 0.5065406976744186, 'recall_macro': 0.7837817495429267, 'recall_micro': 0.937541491480416, 'recall_weighted': 0.937541491480416, 'recall_binary': 0.6076721883173496, 'roc_auc': 0.9357631027127349}
-----------------------
Epoch 66/100
Training statistic: Loss: 0.1471, train_score: {'accuracy': 0.9362113157034097, 'balanced_accuracy': 0.7798058054612893, 'f1_macro': 0.7880442710541999, 'f1_micro': 0.9362113157034097, 'f1_weighted': 0.9352637906202804, 'f1_binary': 0.6108301238921627, 'pr_auc': 0.6673305862882994, 'precision_macro': 0.7969415888715357, 'precision_micro': 0.9362113157034097, 'precision_weighted': 0.9344413805491103, 'precision_binary': 0.6314274750575595, 'recall_macro': 0.7798058054612893, 'recall_micro': 0.9362113157034097, 'recall_weighted': 0.9362113157034097, 'recall_binary': 0.5915341062280939, 'roc_auc': 0.9498368293321108}
Validation statistic: Loss: 0.1457, dev_score: {'accuracy': 0.9363244080548794, 'balanced_accuracy': 0.7871958236983704, 'f1_macro': 0.7584989226141112, 'f1_micro': 0.9363244080548794, 'f1_weighted': 0.939431281019514, 'f1_binary': 0.5512670565302145, 'pr_auc': 0.5918890181616665, 'precision_macro': 0.7360879138110915, 'precision_micro': 0.9363244080548794, 'precision_weighted': 0.9434456797005575, 'precision_binary': 0.498589562764457, 'recall_macro': 0.7871958236983704, 'recall_micro': 0.9363244080548794, 'recall_weighted': 0.9363244080548794, 'recall_binary': 0.6163905841325196, 'roc_auc': 0.9359470083861708}
-----------------------
Epoch 67/100
Training statistic: Loss: 0.1484, train_score: {'accuracy': 0.9349449730379294, 'balanced_accuracy': 0.7880655981005938, 'f1_macro': 0.7892151956364672, 'f1_micro': 0.9349449730379294, 'f1_weighted': 0.9348150053427043, 'f1_binary': 0.6139507593708392, 'pr_auc': 0.6654770351055674, 'precision_macro': 0.7903768403829929, 'precision_micro': 0.9349449730379294, 'precision_weighted': 0.9346873394188426, 'precision_binary': 0.6166644000181332, 'recall_macro': 0.7880655981005938, 'recall_micro': 0.9349449730379294, 'recall_weighted': 0.9349449730379294, 'recall_binary': 0.6112608969174081, 'roc_auc': 0.9496784348929412}
Validation statistic: Loss: 0.1477, dev_score: {'accuracy': 0.9343328169949103, 'balanced_accuracy': 0.7950730222943012, 'f1_macro': 0.757901649983924, 'f1_micro': 0.9343328169949103, 'f1_weighted': 0.9383459943405689, 'f1_binary': 0.5512287334593573, 'pr_auc': 0.5935995487920211, 'precision_macro': 0.7307173629664421, 'precision_micro': 0.9343328169949103, 'precision_weighted': 0.9438114674410633, 'precision_binary': 0.48664886515353806, 'recall_macro': 0.7950730222943012, 'recall_micro': 0.9343328169949103, 'recall_weighted': 0.9343328169949103, 'recall_binary': 0.6355710549258936, 'roc_auc': 0.9363075582656794}
-----------------------
Epoch 68/100
Training statistic: Loss: 0.1469, train_score: {'accuracy': 0.9365003308462819, 'balanced_accuracy': 0.7714199842960794, 'f1_macro': 0.784840709031857, 'f1_micro': 0.9365003308462819, 'f1_weighted': 0.9349066181690217, 'f1_binary': 0.6042002465155969, 'pr_auc': 0.6646390672231226, 'precision_macro': 0.8001163544339407, 'precision_micro': 0.9365003308462819, 'precision_weighted': 0.9336637612811961, 'precision_binary': 0.6393598876291763, 'recall_macro': 0.7714199842960794, 'recall_micro': 0.9365003308462819, 'recall_weighted': 0.9365003308462819, 'recall_binary': 0.5727060303765615, 'roc_auc': 0.9494156606401816}
Validation statistic: Loss: 0.1430, dev_score: {'accuracy': 0.9379840672715203, 'balanced_accuracy': 0.783611645807458, 'f1_macro': 0.7602976014365301, 'f1_micro': 0.9379840672715203, 'f1_weighted': 0.9404844422646362, 'f1_binary': 0.5539196179864704, 'pr_auc': 0.5934621331095885, 'precision_macro': 0.7412635055152358, 'precision_micro': 0.9379840672715203, 'precision_weighted': 0.9435995264770243, 'precision_binary': 0.5095168374816984, 'recall_macro': 0.783611645807458, 'recall_micro': 0.9379840672715203, 'recall_weighted': 0.9379840672715203, 'recall_binary': 0.6068003487358327, 'roc_auc': 0.9364264197314565}
Saving model...
Model saved!
-------------------------------------------
-----------------------
Epoch 69/100
Training statistic: Loss: 0.1468, train_score: {'accuracy': 0.9367437120192271, 'balanced_accuracy': 0.7787508303277866, 'f1_macro': 0.7885975708483881, 'f1_micro': 0.9367437120192271, 'f1_weighted': 0.9356144385610989, 'f1_binary': 0.6116273639971982, 'pr_auc': 0.6692239478978521, 'precision_macro': 0.7993962075535495, 'precision_micro': 0.9367437120192271, 'precision_weighted': 0.9346656351742388, 'precision_binary': 0.6365668740279938, 'recall_macro': 0.7787508303277866, 'recall_micro': 0.9367437120192271, 'recall_weighted': 0.9367437120192271, 'recall_binary': 0.5885683472634133, 'roc_auc': 0.9498688252425483}
Validation statistic: Loss: 0.1446, dev_score: {'accuracy': 0.9383713210887364, 'balanced_accuracy': 0.789507777057296, 'f1_macro': 0.7636209188682558, 'f1_micro': 0.9383713210887364, 'f1_weighted': 0.9410698217021013, 'f1_binary': 0.5603788476716653, 'pr_auc': 0.5961289214541576, 'precision_macro': 0.7428556332927719, 'precision_micro': 0.9383713210887364, 'precision_weighted': 0.9445043448857605, 'precision_binary': 0.5118961788031723, 'recall_macro': 0.789507777057296, 'recall_micro': 0.9383713210887364, 'recall_weighted': 0.9383713210887364, 'recall_binary': 0.6190061028770706, 'roc_auc': 0.936342887106894}
-----------------------
Epoch 70/100
Training statistic: Loss: 0.1480, train_score: {'accuracy': 0.9348270852822841, 'balanced_accuracy': 0.7890819099921969, 'f1_macro': 0.7894241669094959, 'f1_micro': 0.9348270852822841, 'f1_weighted': 0.9347884907462146, 'f1_binary': 0.6144431946006749, 'pr_auc': 0.6672452960386897, 'precision_macro': 0.7897674839740447, 'precision_micro': 0.9348270852822841, 'precision_weighted': 0.9347500988991951, 'precision_binary': 0.6152459902685169, 'recall_macro': 0.7890819099921969, 'recall_micro': 0.9348270852822841, 'recall_weighted': 0.9348270852822841, 'recall_binary': 0.6136424912375303, 'roc_auc': 0.9496542516985992}
Validation statistic: Loss: 0.1481, dev_score: {'accuracy': 0.9350520026554547, 'balanced_accuracy': 0.797082517512625, 'f1_macro': 0.760135401520577, 'f1_micro': 0.9350520026554547, 'f1_weighted': 0.9389727816132591, 'f1_binary': 0.5553030303030303, 'pr_auc': 0.5928150672598722, 'precision_macro': 0.7329962385724226, 'precision_micro': 0.9350520026554547, 'precision_weighted': 0.9443179131090967, 'precision_binary': 0.49095780308104486, 'recall_macro': 0.797082517512625, 'recall_micro': 0.9350520026554547, 'recall_weighted': 0.9350520026554547, 'recall_binary': 0.6390584132519617, 'roc_auc': 0.9356081399092153}
-----------------------
Epoch 71/100
Training statistic: Loss: 0.1478, train_score: {'accuracy': 0.936599204447791, 'balanced_accuracy': 0.7806905723872641, 'f1_macro': 0.7891727574664961, 'f1_micro': 0.936599204447791, 'f1_weighted': 0.9356324340811311, 'f1_binary': 0.6128732642920169, 'pr_auc': 0.6677313343380717, 'precision_macro': 0.7983514436726632, 'precision_micro': 0.936599204447791, 'precision_weighted': 0.9347978574487421, 'precision_binary': 0.6341053238516241, 'recall_macro': 0.7806905723872641, 'recall_micro': 0.936599204447791, 'recall_weighted': 0.936599204447791, 'recall_binary': 0.593016985710434, 'roc_auc': 0.9495361711395708}
Validation statistic: Loss: 0.1470, dev_score: {'accuracy': 0.9372648816109759, 'balanced_accuracy': 0.7901362287327199, 'f1_macro': 0.7616366061859967, 'f1_micro': 0.9372648816109759, 'f1_weighted': 0.9402757814088004, 'f1_binary': 0.55703125, 'pr_auc': 0.5939299563124499, 'precision_macro': 0.7392772057411017, 'precision_micro': 0.9372648816109759, 'precision_weighted': 0.9441717303691907, 'precision_binary': 0.5046001415428167, 'recall_macro': 0.7901362287327199, 'recall_micro': 0.9372648816109759, 'recall_weighted': 0.9372648816109759, 'recall_binary': 0.6216216216216216, 'roc_auc': 0.9360133915878115}
-----------------------
Epoch 72/100
Training statistic: Loss: 0.1464, train_score: {'accuracy': 0.9370897696245085, 'balanced_accuracy': 0.7728838284210855, 'f1_macro': 0.7866394150807001, 'f1_micro': 0.9370897696245085, 'f1_weighted': 0.9354797749783218, 'f1_binary': 0.6074741962273105, 'pr_auc': 0.6679420735274454, 'precision_macro': 0.802333758039864, 'precision_micro': 0.9370897696245085, 'precision_weighted': 0.9342362123579566, 'precision_binary': 0.6435573877633101, 'recall_macro': 0.7728838284210855, 'recall_micro': 0.9370897696245085, 'recall_weighted': 0.9370897696245085, 'recall_binary': 0.575222431922351, 'roc_auc': 0.9500936177343969}
Validation statistic: Loss: 0.1433, dev_score: {'accuracy': 0.9385372870104005, 'balanced_accuracy': 0.7822814582859857, 'f1_macro': 0.7608499704343767, 'f1_micro': 0.9385372870104005, 'f1_weighted': 0.9408295115551526, 'f1_binary': 0.5547094188376753, 'pr_auc': 0.5938586620819869, 'precision_macro': 0.7430766056875091, 'precision_micro': 0.9385372870104005, 'precision_weighted': 0.9436462072894514, 'precision_binary': 0.5133531157270029, 'recall_macro': 0.7822814582859857, 'recall_micro': 0.9385372870104005, 'recall_weighted': 0.9385372870104005, 'recall_binary': 0.6033129904097646, 'roc_auc': 0.9368281179260239}
-----------------------
Epoch 73/100
Training statistic: Loss: 0.1461, train_score: {'accuracy': 0.9373711791057263, 'balanced_accuracy': 0.7764020014194398, 'f1_macro': 0.7887644609929156, 'f1_micro': 0.9373711791057263, 'f1_weighted': 0.9359515520861549, 'f1_binary': 0.6115893493077993, 'pr_auc': 0.6696912690291474, 'precision_macro': 0.8026592093159857, 'precision_micro': 0.9373711791057263, 'precision_weighted': 0.9348217501770344, 'precision_binary': 0.643569762247481, 'recall_macro': 0.7764020014194398, 'recall_micro': 0.9373711791057263, 'recall_weighted': 0.9373711791057263, 'recall_binary': 0.5826368293340523, 'roc_auc': 0.9502865457396172}
Validation statistic: Loss: 0.1447, dev_score: {'accuracy': 0.9380947112192963, 'balanced_accuracy': 0.7828579466949586, 'f1_macro': 0.7601953762634486, 'f1_micro': 0.9380947112192963, 'f1_weighted': 0.9405285578597739, 'f1_binary': 0.55364978061428, 'pr_auc': 0.5936878638991412, 'precision_macro': 0.7415971665047929, 'precision_micro': 0.9380947112192963, 'precision_weighted': 0.9435458673829051, 'precision_binary': 0.5102941176470588, 'recall_macro': 0.7828579466949586, 'recall_micro': 0.9380947112192963, 'recall_weighted': 0.9380947112192963, 'recall_binary': 0.6050566695727986, 'roc_auc': 0.9359188380127825}
-----------------------
Epoch 74/100
Training statistic: Loss: 0.1460, train_score: {'accuracy': 0.9384207604140522, 'balanced_accuracy': 0.7667595868094577, 'f1_macro': 0.786414378237015, 'f1_micro': 0.9384207604140522, 'f1_weighted': 0.9361013233282861, 'f1_binary': 0.6062300902171535, 'pr_auc': 0.6692742422692143, 'precision_macro': 0.8102518891491377, 'precision_micro': 0.9384207604140522, 'precision_weighted': 0.934568136988203, 'precision_binary': 0.6606073453813133, 'recall_macro': 0.7667595868094577, 'recall_micro': 0.9384207604140522, 'recall_weighted': 0.9384207604140522, 'recall_binary': 0.560124022647614, 'roc_auc': 0.9500702010544881}
Validation statistic: Loss: 0.1444, dev_score: {'accuracy': 0.9407501659659216, 'balanced_accuracy': 0.7749287848325765, 'f1_macro': 0.7622052427592338, 'f1_micro': 0.9407501659659216, 'f1_weighted': 0.9421066650951814, 'f1_binary': 0.5561541649399089, 'pr_auc': 0.5917014008185291, 'precision_macro': 0.7508496597507878, 'precision_micro': 0.9407501659659216, 'precision_weighted': 0.9436578036704508, 'precision_binary': 0.5300157977883097, 'recall_macro': 0.7749287848325765, 'recall_micro': 0.9407501659659216, 'recall_weighted': 0.9407501659659216, 'recall_binary': 0.5850043591979076, 'roc_auc': 0.9354835619691307}
-----------------------
Epoch 75/100
Training statistic: Loss: 0.1471, train_score: {'accuracy': 0.9361390619176916, 'balanced_accuracy': 0.7841707222747447, 'f1_macro': 0.7898051763812635, 'f1_micro': 0.9361390619176916, 'f1_weighted': 0.9355021287896645, 'f1_binary': 0.6144238054783827, 'pr_auc': 0.6700092888239839, 'precision_macro': 0.7957389749163353, 'precision_micro': 0.9361390619176916, 'precision_weighted': 0.9349221473301337, 'precision_binary': 0.6281985069721583, 'recall_macro': 0.7841707222747447, 'recall_micro': 0.9361390619176916, 'recall_weighted': 0.9361390619176916, 'recall_binary': 0.6012402264761392, 'roc_auc': 0.9502162554700175}
Validation statistic: Loss: 0.1454, dev_score: {'accuracy': 0.9369329497676477, 'balanced_accuracy': 0.7944292494377384, 'f1_macro': 0.7627702235614555, 'f1_micro': 0.9369329497676477, 'f1_weighted': 0.9402389829226466, 'f1_binary': 0.5595054095826894, 'pr_auc': 0.5948660878152523, 'precision_macro': 0.738500277522435, 'precision_micro': 0.9369329497676477, 'precision_weighted': 0.9446121923160342, 'precision_binary': 0.5024288688410826, 'recall_macro': 0.7944292494377384, 'recall_micro': 0.9369329497676477, 'recall_weighted': 0.9369329497676477, 'recall_binary': 0.6312118570183086, 'roc_auc': 0.9365065533712958}
-----------------------
Epoch 76/100
Training statistic: Loss: 0.1461, train_score: {'accuracy': 0.9371468120869175, 'balanced_accuracy': 0.774179207757534, 'f1_macro': 0.787334853498975, 'f1_micro': 0.9371468120869175, 'f1_weighted': 0.9356168441897083, 'f1_binary': 0.6088417664599801, 'pr_auc': 0.6698144216332188, 'precision_macro': 0.8022489325491229, 'precision_micro': 0.9371468120869175, 'precision_weighted': 0.9344193534125408, 'precision_binary': 0.64315, 'recall_macro': 0.774179207757534, 'recall_micro': 0.9371468120869175, 'recall_weighted': 0.9371468120869175, 'recall_binary': 0.5780084479194751, 'roc_auc': 0.950158500679638}
Validation statistic: Loss: 0.1439, dev_score: {'accuracy': 0.9392564726709449, 'balanced_accuracy': 0.7826654148102932, 'f1_macro': 0.7625020970709931, 'f1_micro': 0.9392564726709449, 'f1_weighted': 0.9413874090960309, 'f1_binary': 0.5576148267526189, 'pr_auc': 0.5940669708701853, 'precision_macro': 0.7455866386478105, 'precision_micro': 0.9392564726709449, 'precision_weighted': 0.9439831932728336, 'precision_binary': 0.5183520599250936, 'recall_macro': 0.7826654148102932, 'recall_micro': 0.9392564726709449, 'recall_weighted': 0.9392564726709449, 'recall_binary': 0.6033129904097646, 'roc_auc': 0.9361688178892481}
-----------------------
Epoch 77/100
Training statistic: Loss: 0.1470, train_score: {'accuracy': 0.9361238505943824, 'balanced_accuracy': 0.7827962388728034, 'f1_macro': 0.7891824926633217, 'f1_micro': 0.9361238505943824, 'f1_weighted': 0.9353976407940499, 'f1_binary': 0.6131773484098288, 'pr_auc': 0.6686269043700979, 'precision_macro': 0.7959566962316296, 'precision_micro': 0.9361238505943824, 'precision_weighted': 0.9347452030992451, 'precision_binary': 0.6288913033208937, 'recall_macro': 0.7827962388728034, 'recall_micro': 0.9361238505943824, 'recall_weighted': 0.9361238505943824, 'recall_binary': 0.5982295317695695, 'roc_auc': 0.9498387374975468}
Validation statistic: Loss: 0.1449, dev_score: {'accuracy': 0.9366563398982075, 'balanced_accuracy': 0.7902177271164255, 'f1_macro': 0.7604477387970132, 'f1_micro': 0.9366563398982075, 'f1_weighted': 0.9398274809487935, 'f1_binary': 0.5549941702293043, 'pr_auc': 0.5938552189323348, 'precision_macro': 0.7373476281330419, 'precision_micro': 0.9366563398982075, 'precision_weighted': 0.9439615330908615, 'precision_binary': 0.5007012622720898, 'recall_macro': 0.7902177271164255, 'recall_micro': 0.9366563398982075, 'recall_weighted': 0.9366563398982075, 'recall_binary': 0.6224934612031386, 'roc_auc': 0.9361315835565978}
-----------------------
Epoch 78/100
Training statistic: Loss: 0.1462, train_score: {'accuracy': 0.937580334801226, 'balanced_accuracy': 0.7732741319327092, 'f1_macro': 0.7877651652250459, 'f1_micro': 0.937580334801226, 'f1_weighted': 0.9358986487748611, 'f1_binary': 0.6094508422956124, 'pr_auc': 0.6688993160126365, 'precision_macro': 0.8044110833373417, 'precision_micro': 0.937580334801226, 'precision_weighted': 0.9346238527219433, 'precision_binary': 0.6476686558106605, 'recall_macro': 0.7732741319327092, 'recall_micro': 0.937580334801226, 'recall_weighted': 0.937580334801226, 'recall_binary': 0.5754920463736857, 'roc_auc': 0.9499979023714618}
Validation statistic: Loss: 0.1433, dev_score: {'accuracy': 0.9389245408276168, 'balanced_accuracy': 0.7816754347597585, 'f1_macro': 0.7613823874962048, 'f1_micro': 0.9389245408276168, 'f1_weighted': 0.9410880226858112, 'f1_binary': 0.5555555555555556, 'pr_auc': 0.592507352325595, 'precision_macro': 0.7443896332102669, 'precision_micro': 0.9389245408276168, 'precision_weighted': 0.9437241295105535, 'precision_binary': 0.5160807778608826, 'recall_macro': 0.7816754347597585, 'recall_micro': 0.9389245408276168, 'recall_weighted': 0.9389245408276168, 'recall_binary': 0.6015693112467306, 'roc_auc': 0.9360194685604987}
-----------------------
Epoch 79/100
Training statistic: Loss: 0.1462, train_score: {'accuracy': 0.9371848403951902, 'balanced_accuracy': 0.7740776358210969, 'f1_macro': 0.7873624780036701, 'f1_micro': 0.9371848403951902, 'f1_weighted': 0.9356399860627338, 'f1_binary': 0.6088747868914567, 'pr_auc': 0.6694962557399606, 'precision_macro': 0.8024422927100427, 'precision_micro': 0.9371848403951902, 'precision_weighted': 0.9344344745886074, 'precision_binary': 0.6435579137050755, 'recall_macro': 0.7740776358210969, 'recall_micro': 0.9371848403951902, 'recall_weighted': 0.9371848403951902, 'recall_binary': 0.5777388334681406, 'roc_auc': 0.9499459502036172}
Validation statistic: Loss: 0.1441, dev_score: {'accuracy': 0.9388138968798406, 'balanced_accuracy': 0.7852738265867865, 'f1_macro': 0.7627184996634961, 'f1_micro': 0.9388138968798406, 'f1_weighted': 0.9411886742633131, 'f1_binary': 0.5583067092651757, 'pr_auc': 0.5920596537891365, 'precision_macro': 0.7441554961782567, 'precision_micro': 0.9388138968798406, 'precision_weighted': 0.9441358945555773, 'precision_binary': 0.5151068533529846, 'recall_macro': 0.7852738265867865, 'recall_micro': 0.9388138968798406, 'recall_weighted': 0.9388138968798406, 'recall_binary': 0.6094158674803836, 'roc_auc': 0.9359396696691547}
-----------------------
Epoch 80/100
Training statistic: Loss: 0.1476, train_score: {'accuracy': 0.936074413793628, 'balanced_accuracy': 0.7820351712470679, 'f1_macro': 0.78875810634492, 'f1_micro': 0.936074413793628, 'f1_weighted': 0.9353069666596772, 'f1_binary': 0.6123512591089383, 'pr_auc': 0.6680237202286251, 'precision_macro': 0.795912943591695, 'precision_micro': 0.936074413793628, 'precision_weighted': 0.934621634332438, 'precision_binary': 0.6289436286120322, 'recall_macro': 0.7820351712470679, 'recall_micro': 0.936074413793628, 'recall_weighted': 0.936074413793628, 'recall_binary': 0.596611845061562, 'roc_auc': 0.9498099224539935}
Validation statistic: Loss: 0.1478, dev_score: {'accuracy': 0.9357711883159991, 'balanced_accuracy': 0.7897451652403549, 'f1_macro': 0.758486323552853, 'f1_micro': 0.9357711883159991, 'f1_weighted': 0.9391481519051466, 'f1_binary': 0.5515643105446119, 'pr_auc': 0.5907402188296841, 'precision_macro': 0.7345573051335959, 'precision_micro': 0.9357711883159991, 'precision_weighted': 0.9435855768808765, 'precision_binary': 0.49514563106796117, 'recall_macro': 0.7897451652403549, 'recall_micro': 0.9357711883159991, 'recall_weighted': 0.9357711883159991, 'recall_binary': 0.6224934612031386, 'roc_auc': 0.9354091705534829}
-----------------------
Epoch 81/100
Training statistic: Loss: 0.1457, train_score: {'accuracy': 0.9371430092560903, 'balanced_accuracy': 0.782659647344907, 'f1_macro': 0.7910738630230771, 'f1_micro': 0.9371430092560903, 'f1_weighted': 0.9361989989920897, 'f1_binary': 0.6163808109174461, 'pr_auc': 0.6735714149430057, 'precision_macro': 0.8001675902203174, 'precision_micro': 0.9371430092560903, 'precision_weighted': 0.9353838986490316, 'precision_binary': 0.637402198435175, 'recall_macro': 0.782659647344907, 'recall_micro': 0.9371430092560903, 'recall_weighted': 0.9371430092560903, 'recall_binary': 0.5967017165453402, 'roc_auc': 0.9509715771310677}
Validation statistic: Loss: 0.1445, dev_score: {'accuracy': 0.9377074574020801, 'balanced_accuracy': 0.7903725096707552, 'f1_macro': 0.7626327623525899, 'f1_micro': 0.9377074574020801, 'f1_weighted': 0.9406170986880096, 'f1_binary': 0.5587774294670846, 'pr_auc': 0.5954873808933463, 'precision_macro': 0.7407200391243473, 'precision_micro': 0.9377074574020801, 'precision_weighted': 0.9443657508536266, 'precision_binary': 0.507473309608541, 'recall_macro': 0.7903725096707552, 'recall_micro': 0.9377074574020801, 'recall_weighted': 0.9377074574020801, 'recall_binary': 0.6216216216216216, 'roc_auc': 0.936708895961867}
-----------------------
Epoch 82/100
Training statistic: Loss: 0.1472, train_score: {'accuracy': 0.9362911751507822, 'balanced_accuracy': 0.7834585745484809, 'f1_macro': 0.7897875953129285, 'f1_micro': 0.9362911751507822, 'f1_weighted': 0.9355750976698072, 'f1_binary': 0.6142972257396109, 'pr_auc': 0.6691535094226971, 'precision_macro': 0.7964965042051506, 'precision_micro': 0.9362911751507822, 'precision_weighted': 0.9349312505639766, 'precision_binary': 0.6298569472640574, 'recall_macro': 0.7834585745484809, 'recall_micro': 0.9362911751507822, 'recall_weighted': 0.9362911751507822, 'recall_binary': 0.5994877325424642, 'roc_auc': 0.9500327341612845}
Validation statistic: Loss: 0.1447, dev_score: {'accuracy': 0.9361031201593273, 'balanced_accuracy': 0.7911415299643936, 'f1_macro': 0.7597344562476702, 'f1_micro': 0.9361031201593273, 'f1_weighted': 0.9394626317402621, 'f1_binary': 0.5538818076477404, 'pr_auc': 0.591171566588489, 'precision_macro': 0.7356877037940271, 'precision_micro': 0.9361031201593273, 'precision_weighted': 0.943886499283572, 'precision_binary': 0.4972260748959778, 'recall_macro': 0.7911415299643936, 'recall_micro': 0.9361031201593273, 'recall_weighted': 0.9361031201593273, 'recall_binary': 0.6251089799476897, 'roc_auc': 0.9362486682803605}
-----------------------
Epoch 83/100
Training statistic: Loss: 0.1463, train_score: {'accuracy': 0.9380670971471163, 'balanced_accuracy': 0.7669742199981611, 'f1_macro': 0.7858214570832107, 'f1_micro': 0.9380670971471163, 'f1_weighted': 0.9358339468422631, 'f1_binary': 0.6052452976536746, 'pr_auc': 0.6686266760901162, 'precision_macro': 0.808496325858572, 'precision_micro': 0.9380670971471163, 'precision_weighted': 0.9343209387688383, 'precision_binary': 0.6570361014630038, 'recall_macro': 0.7669742199981611, 'recall_micro': 0.9380670971471163, 'recall_weighted': 0.9380670971471163, 'recall_binary': 0.5610227374853959, 'roc_auc': 0.9497590742274791}
Validation statistic: Loss: 0.1432, dev_score: {'accuracy': 0.9403075901748175, 'balanced_accuracy': 0.7746925038945413, 'f1_macro': 0.7611640097698888, 'f1_micro': 0.9403075901748175, 'f1_weighted': 0.9417608788820309, 'f1_binary': 0.5543163981825692, 'pr_auc': 0.5895563357273131, 'precision_macro': 0.7491788186986037, 'precision_micro': 0.9403075901748175, 'precision_weighted': 0.9434339881626431, 'precision_binary': 0.5266875981161695, 'recall_macro': 0.7746925038945413, 'recall_micro': 0.9403075901748175, 'recall_weighted': 0.9403075901748175, 'recall_binary': 0.5850043591979076, 'roc_auc': 0.9357737374149371}
-----------------------
Epoch 84/100
Training statistic: Loss: 0.1466, train_score: {'accuracy': 0.9369452620530723, 'balanced_accuracy': 0.7720096586598248, 'f1_macro': 0.7859638540141805, 'f1_micro': 0.9369452620530723, 'f1_weighted': 0.9353025324881616, 'f1_binary': 0.6061987887424296, 'pr_auc': 0.6660579412628131, 'precision_macro': 0.8019228167229275, 'precision_micro': 0.9369452620530723, 'precision_weighted': 0.9340387052481961, 'precision_binary': 0.642889526975971, 'recall_macro': 0.7720096586598248, 'recall_micro': 0.9369452620530723, 'recall_weighted': 0.9369452620530723, 'recall_binary': 0.5734699379886762, 'roc_auc': 0.9497396137962616}
Validation statistic: Loss: 0.1435, dev_score: {'accuracy': 0.9390905067492809, 'balanced_accuracy': 0.7809512707645135, 'f1_macro': 0.7614079104599734, 'f1_micro': 0.9390905067492809, 'f1_weighted': 0.9411749939036461, 'f1_binary': 0.5555106984255147, 'pr_auc': 0.5881709512126952, 'precision_macro': 0.7449418512242627, 'precision_micro': 0.9390905067492809, 'precision_weighted': 0.943699900101782, 'precision_binary': 0.5172932330827068, 'recall_macro': 0.7809512707645135, 'recall_micro': 0.9390905067492809, 'recall_weighted': 0.9390905067492809, 'recall_binary': 0.5998256320836965, 'roc_auc': 0.9354785149918143}
-----------------------
Epoch 85/100
Training statistic: Loss: 0.1465, train_score: {'accuracy': 0.9372989253200082, 'balanced_accuracy': 0.774527374630389, 'f1_macro': 0.787785359581124, 'f1_micro': 0.9372989253200082, 'f1_weighted': 0.9357626182591091, 'f1_binary': 0.6096590909090909, 'pr_auc': 0.6696876988788016, 'precision_macro': 0.8028272855499047, 'precision_micro': 0.9372989253200082, 'precision_weighted': 0.9345635409619779, 'precision_binary': 0.6442509756829781, 'recall_macro': 0.774527374630389, 'recall_micro': 0.9372989253200082, 'recall_weighted': 0.9372989253200082, 'recall_binary': 0.5785926125640334, 'roc_auc': 0.9500306647963325}
Validation statistic: Loss: 0.1440, dev_score: {'accuracy': 0.939477760566497, 'balanced_accuracy': 0.7835963246263189, 'f1_macro': 0.763367298903157, 'f1_micro': 0.939477760566497, 'f1_weighted': 0.9416009340173567, 'f1_binary': 0.5592264302981467, 'pr_auc': 0.5905786088796289, 'precision_macro': 0.7463954359064191, 'precision_micro': 0.939477760566497, 'precision_weighted': 0.9441901423704818, 'precision_binary': 0.5198501872659176, 'recall_macro': 0.7835963246263189, 'recall_micro': 0.939477760566497, 'recall_weighted': 0.939477760566497, 'recall_binary': 0.6050566695727986, 'roc_auc': 0.9361925592825423}
-----------------------
Epoch 86/100
Training statistic: Loss: 0.1459, train_score: {'accuracy': 0.9375308980004715, 'balanced_accuracy': 0.7732063469294743, 'f1_macro': 0.7876385989215848, 'f1_micro': 0.9375308980004715, 'f1_weighted': 0.9358543839299774, 'f1_binary': 0.6092252063658206, 'pr_auc': 0.6708887484094466, 'precision_macro': 0.8042083799275557, 'precision_micro': 0.9375308980004715, 'precision_weighted': 0.9345815171506965, 'precision_binary': 0.6472729110852752, 'recall_macro': 0.7732063469294743, 'recall_micro': 0.9375308980004715, 'recall_weighted': 0.9375308980004715, 'recall_binary': 0.5754021748899074, 'roc_auc': 0.9503352902517752}
Validation statistic: Loss: 0.1440, dev_score: {'accuracy': 0.939477760566497, 'balanced_accuracy': 0.7840027092998231, 'f1_macro': 0.7635437789138116, 'f1_micro': 0.939477760566497, 'f1_weighted': 0.9416216456687296, 'f1_binary': 0.5595813204508857, 'pr_auc': 0.590280258886545, 'precision_macro': 0.7464088429141982, 'precision_micro': 0.939477760566497, 'precision_weighted': 0.9442411801683587, 'precision_binary': 0.5198204936424832, 'recall_macro': 0.7840027092998231, 'recall_micro': 0.939477760566497, 'recall_weighted': 0.939477760566497, 'recall_binary': 0.6059285091543156, 'roc_auc': 0.9360169450718404}
-----------------------
Epoch 87/100
Training statistic: Loss: 0.1468, train_score: {'accuracy': 0.9356865250492467, 'balanced_accuracy': 0.7906524543824262, 'f1_macro': 0.7916989900726517, 'f1_micro': 0.9356865250492467, 'f1_weighted': 0.935570613206609, 'f1_binary': 0.6185148425516557, 'pr_auc': 0.6716768963751527, 'precision_macro': 0.7927554033511969, 'precision_micro': 0.9356865250492467, 'precision_weighted': 0.9354565873197616, 'precision_binary': 0.6209801612464897, 'recall_macro': 0.7906524543824262, 'recall_micro': 0.9356865250492467, 'recall_weighted': 0.9356865250492467, 'recall_binary': 0.6160690212995417, 'roc_auc': 0.9506053469516955}
Validation statistic: Loss: 0.1472, dev_score: {'accuracy': 0.933613631334366, 'balanced_accuracy': 0.7910316037084572, 'f1_macro': 0.7548232383515268, 'f1_micro': 0.933613631334366, 'f1_weighted': 0.9376212418534163, 'f1_binary': 0.5454545454545454, 'pr_auc': 0.5904936988786972, 'precision_macro': 0.7282506205262945, 'precision_micro': 0.933613631334366, 'precision_weighted': 0.9430312061176123, 'precision_binary': 0.4822505023442733, 'recall_macro': 0.7910316037084572, 'recall_micro': 0.933613631334366, 'recall_weighted': 0.933613631334366, 'recall_binary': 0.6277244986922407, 'roc_auc': 0.9361010699437412}
-----------------------
Epoch 88/100
Training statistic: Loss: 0.1458, train_score: {'accuracy': 0.9367589233425362, 'balanced_accuracy': 0.784713213437453, 'f1_macro': 0.7912216126021991, 'f1_micro': 0.9367589233425362, 'f1_weighted': 0.9360310776968901, 'f1_binary': 0.6169085464178761, 'pr_auc': 0.6726811541561483, 'precision_macro': 0.7981299449661715, 'precision_micro': 0.9367589233425362, 'precision_weighted': 0.9353792304510135, 'precision_binary': 0.6329173756853848, 'recall_macro': 0.784713213437453, 'recall_micro': 0.9367589233425362, 'recall_weighted': 0.9367589233425362, 'recall_binary': 0.6016895838950301, 'roc_auc': 0.9508598532654065}
Validation statistic: Loss: 0.1453, dev_score: {'accuracy': 0.9358818322637752, 'balanced_accuracy': 0.791023389495376, 'f1_macro': 0.7592455957088751, 'f1_micro': 0.9358818322637752, 'f1_weighted': 0.9392929434650872, 'f1_binary': 0.5530273814114924, 'pr_auc': 0.5926843779815398, 'precision_macro': 0.7349968686296575, 'precision_micro': 0.9358818322637752, 'precision_weighted': 0.9437933976123791, 'precision_binary': 0.495850622406639, 'recall_macro': 0.791023389495376, 'recall_micro': 0.9358818322637752, 'recall_weighted': 0.9358818322637752, 'recall_binary': 0.6251089799476897, 'roc_auc': 0.9362129531908818}
-----------------------
Epoch 89/100
Training statistic: Loss: 0.1463, train_score: {'accuracy': 0.9362949779816095, 'balanced_accuracy': 0.7851122956488389, 'f1_macro': 0.7905065058742555, 'f1_micro': 0.9362949779816095, 'f1_weighted': 0.9356888718094502, 'f1_binary': 0.6157445637214424, 'pr_auc': 0.6722951466907003, 'precision_macro': 0.7961737468042359, 'precision_micro': 0.9362949779816095, 'precision_weighted': 0.9351347117468174, 'precision_binary': 0.6289007590666292, 'recall_macro': 0.7851122956488389, 'recall_micro': 0.9362949779816095, 'recall_weighted': 0.9362949779816095, 'recall_binary': 0.6031275276354813, 'roc_auc': 0.9507928648323343}
Validation statistic: Loss: 0.1452, dev_score: {'accuracy': 0.9360477981854393, 'balanced_accuracy': 0.790299225500131, 'f1_macro': 0.7592689800137039, 'f1_micro': 0.9360477981854393, 'f1_weighted': 0.9393802329760234, 'f1_binary': 0.5529775715390565, 'pr_auc': 0.5926418266404982, 'precision_macro': 0.735453304240826, 'precision_micro': 0.9360477981854393, 'precision_weighted': 0.9437558640140782, 'precision_binary': 0.49687282835302293, 'recall_macro': 0.790299225500131, 'recall_micro': 0.9360477981854393, 'recall_weighted': 0.9360477981854393, 'recall_binary': 0.6233653007846556, 'roc_auc': 0.9363216434523735}
-----------------------
Epoch 90/100
Training statistic: Loss: 0.1469, train_score: {'accuracy': 0.935606665601874, 'balanced_accuracy': 0.7887736731822216, 'f1_macro': 0.7907587130764313, 'f1_micro': 0.935606665601874, 'f1_weighted': 0.9353848808499166, 'f1_binary': 0.6166662893622801, 'pr_auc': 0.671848941272632, 'precision_macro': 0.7927796886965663, 'precision_micro': 0.935606665601874, 'precision_weighted': 0.9351699536281671, 'precision_binary': 0.6213787125325061, 'recall_macro': 0.7887736731822216, 'recall_micro': 0.935606665601874, 'recall_weighted': 0.935606665601874, 'recall_binary': 0.6120248045295228, 'roc_auc': 0.9506753069816379}
Validation statistic: Loss: 0.1480, dev_score: {'accuracy': 0.9355499004204471, 'balanced_accuracy': 0.7945036408533861, 'f1_macro': 0.7600469775360027, 'f1_micro': 0.9355499004204471, 'f1_weighted': 0.9392168545631261, 'f1_binary': 0.5548337791364157, 'pr_auc': 0.5889538075321277, 'precision_macro': 0.7342626343564043, 'precision_micro': 0.9355499004204471, 'precision_weighted': 0.9441407813584342, 'precision_binary': 0.49387755102040815, 'recall_macro': 0.7945036408533861, 'recall_micro': 0.9355499004204471, 'recall_weighted': 0.9355499004204471, 'recall_binary': 0.6329555361813426, 'roc_auc': 0.9356753471071525}
-----------------------
Epoch 91/100
Training statistic: Loss: 0.1458, train_score: {'accuracy': 0.9370707554703721, 'balanced_accuracy': 0.7792965019840163, 'f1_macro': 0.7894665362632123, 'f1_micro': 0.9370707554703721, 'f1_weighted': 0.9359123497387957, 'f1_binary': 0.6131837307152875, 'pr_auc': 0.6723273049369761, 'precision_macro': 0.800651012075432, 'precision_micro': 0.9370707554703721, 'precision_weighted': 0.9349461705793221, 'precision_binary': 0.6389944460684011, 'recall_macro': 0.7792965019840163, 'recall_micro': 0.9370707554703721, 'recall_weighted': 0.9370707554703721, 'recall_binary': 0.5893771906174171, 'roc_auc': 0.9507100871540128}
Validation statistic: Loss: 0.1439, dev_score: {'accuracy': 0.9380393892454083, 'balanced_accuracy': 0.7844539502717205, 'f1_macro': 0.760775654670851, 'f1_micro': 0.9380393892454083, 'f1_weighted': 0.9405684733762278, 'f1_binary': 0.5548489666136724, 'pr_auc': 0.5926986094872037, 'precision_macro': 0.7414931249866922, 'precision_micro': 0.9380393892454083, 'precision_weighted': 0.9437289538125533, 'precision_binary': 0.5098612125639153, 'recall_macro': 0.7844539502717205, 'recall_micro': 0.9380393892454083, 'recall_weighted': 0.9380393892454083, 'recall_binary': 0.6085440278988666, 'roc_auc': 0.9361975032603216}
-----------------------
Epoch 92/100
Training statistic: Loss: 0.1458, train_score: {'accuracy': 0.9376107574478442, 'balanced_accuracy': 0.7717614496747491, 'f1_macro': 0.7871376133525732, 'f1_micro': 0.9376107574478442, 'f1_weighted': 0.9358153593596126, 'f1_binary': 0.6081681394793408, 'pr_auc': 0.6717754680676786, 'precision_macro': 0.8049662601196379, 'precision_micro': 0.9376107574478442, 'precision_weighted': 0.9344827354217251, 'precision_binary': 0.6490619902120718, 'recall_macro': 0.7717614496747491, 'recall_micro': 0.9376107574478442, 'recall_weighted': 0.9376107574478442, 'recall_binary': 0.5721218657320032, 'roc_auc': 0.9505870696147841}
Validation statistic: Loss: 0.1453, dev_score: {'accuracy': 0.9396437264881611, 'balanced_accuracy': 0.7836849299780821, 'f1_macro': 0.7637516705976267, 'f1_micro': 0.9396437264881611, 'f1_weighted': 0.9417300270805665, 'f1_binary': 0.5599031867688584, 'pr_auc': 0.5901967018712859, 'precision_macro': 0.7469832768745812, 'precision_micro': 0.9396437264881611, 'precision_weighted': 0.944268977354825, 'precision_binary': 0.521021021021021, 'recall_macro': 0.7836849299780821, 'recall_micro': 0.9396437264881611, 'recall_weighted': 0.9396437264881611, 'recall_binary': 0.6050566695727986, 'roc_auc': 0.9352356935831753}
-----------------------
Epoch 93/100
Training statistic: Loss: 0.1470, train_score: {'accuracy': 0.9357777929891011, 'balanced_accuracy': 0.7909469953006834, 'f1_macro': 0.7919945922627094, 'f1_micro': 0.9357777929891011, 'f1_weighted': 0.9356620456381984, 'f1_binary': 0.6190562122169088, 'pr_auc': 0.6731217438215215, 'precision_macro': 0.7930520753525088, 'precision_micro': 0.9357777929891011, 'precision_weighted': 0.9355481856995017, 'precision_binary': 0.6215236887399221, 'recall_macro': 0.7909469953006834, 'recall_micro': 0.9357777929891011, 'recall_weighted': 0.9357777929891011, 'recall_binary': 0.6166082502022109, 'roc_auc': 0.9508565097055535}
Validation statistic: Loss: 0.1494, dev_score: {'accuracy': 0.9339455631776942, 'balanced_accuracy': 0.7936471224530082, 'f1_macro': 0.7565587129417914, 'f1_micro': 0.9339455631776942, 'f1_weighted': 0.9379922366244237, 'f1_binary': 0.5487528344671202, 'pr_auc': 0.5914712354500479, 'precision_macro': 0.7294631240154754, 'precision_micro': 0.9339455631776942, 'precision_weighted': 0.9434929591964104, 'precision_binary': 0.48432288192128087, 'recall_macro': 0.7936471224530082, 'recall_micro': 0.9339455631776942, 'recall_weighted': 0.9339455631776942, 'recall_binary': 0.6329555361813426, 'roc_auc': 0.9353930768758161}
-----------------------
Epoch 94/100
Training statistic: Loss: 0.1465, train_score: {'accuracy': 0.9364204713989094, 'balanced_accuracy': 0.7841817008298602, 'f1_macro': 0.7903459792809326, 'f1_micro': 0.9364204713989094, 'f1_weighted': 0.9357263585168241, 'f1_binary': 0.6153456804325319, 'pr_auc': 0.6717984040265136, 'precision_macro': 0.7968693038982271, 'precision_micro': 0.9364204713989094, 'precision_weighted': 0.9351005125007211, 'precision_binary': 0.630474753665551, 'recall_macro': 0.7841817008298602, 'recall_micro': 0.9364204713989094, 'recall_weighted': 0.9364204713989094, 'recall_binary': 0.6009256762829154, 'roc_auc': 0.950530049509634}
Validation statistic: Loss: 0.1477, dev_score: {'accuracy': 0.9361031201593273, 'balanced_accuracy': 0.7899223759438814, 'f1_macro': 0.7592193920688053, 'f1_micro': 0.9361031201593273, 'f1_weighted': 0.9394026359030929, 'f1_binary': 0.5528455284552846, 'pr_auc': 0.5886184711180179, 'precision_macro': 0.7355964250321405, 'precision_micro': 0.9361031201593273, 'precision_weighted': 0.9437256451385113, 'precision_binary': 0.4972144846796657, 'recall_macro': 0.7899223759438814, 'recall_micro': 0.9361031201593273, 'recall_weighted': 0.9361031201593273, 'recall_binary': 0.6224934612031386, 'roc_auc': 0.934442004900409}
-----------------------
Epoch 95/100
Training statistic: Loss: 0.1465, train_score: {'accuracy': 0.9363786402598094, 'balanced_accuracy': 0.7886447979494015, 'f1_macro': 0.7921682414596511, 'f1_micro': 0.9363786402598094, 'f1_weighted': 0.9359888931012689, 'f1_binary': 0.6190454504053192, 'pr_auc': 0.6726841503631664, 'precision_macro': 0.7958056532026937, 'precision_micro': 0.9363786402598094, 'precision_weighted': 0.9356208551011591, 'precision_binary': 0.6275043855599668, 'recall_macro': 0.7886447979494015, 'recall_micro': 0.9363786402598094, 'recall_weighted': 0.9363786402598094, 'recall_binary': 0.6108115394985171, 'roc_auc': 0.9508420612071774}
Validation statistic: Loss: 0.1480, dev_score: {'accuracy': 0.9352179685771188, 'balanced_accuracy': 0.7955455841703719, 'f1_macro': 0.7598261252923131, 'f1_micro': 0.9352179685771188, 'f1_weighted': 0.9390217018263198, 'f1_binary': 0.5545834918219855, 'pr_auc': 0.5906987460275142, 'precision_macro': 0.7333565031797747, 'precision_micro': 0.9352179685771188, 'precision_weighted': 0.9441676232764452, 'precision_binary': 0.49190283400809715, 'recall_macro': 0.7955455841703719, 'recall_micro': 0.9352179685771188, 'recall_weighted': 0.9352179685771188, 'recall_binary': 0.6355710549258936, 'roc_auc': 0.9356213238499599}
-----------------------
Epoch 96/100
Training statistic: Loss: 0.1472, train_score: {'accuracy': 0.9354317353838197, 'balanced_accuracy': 0.7964877465615018, 'f1_macro': 0.7936296115389159, 'f1_micro': 0.9354317353838197, 'f1_weighted': 0.9357420415770146, 'f1_binary': 0.6225630765810826, 'pr_auc': 0.6740000029059897, 'precision_macro': 0.7908424311917847, 'precision_micro': 0.9354317353838197, 'precision_weighted': 0.9360659339870343, 'precision_binary': 0.616030970920769, 'recall_macro': 0.7964877465615018, 'recall_micro': 0.9354317353838197, 'recall_weighted': 0.9354317353838197, 'recall_binary': 0.6292351936730476, 'roc_auc': 0.950927833817562}
Validation statistic: Loss: 0.1495, dev_score: {'accuracy': 0.9330604115954857, 'balanced_accuracy': 0.7984575613324907, 'f1_macro': 0.7568464654269549, 'f1_micro': 0.9330604115954857, 'f1_weighted': 0.9375722581506196, 'f1_binary': 0.5498511904761905, 'pr_auc': 0.5919295640614516, 'precision_macro': 0.7274418980680667, 'precision_micro': 0.9330604115954857, 'precision_weighted': 0.9438665599654741, 'precision_binary': 0.47955872809863725, 'recall_macro': 0.7984575613324907, 'recall_micro': 0.9330604115954857, 'recall_weighted': 0.9330604115954857, 'recall_binary': 0.6442894507410637, 'roc_auc': 0.9356811923308811}
-----------------------
Epoch 97/100
Training statistic: Loss: 0.1455, train_score: {'accuracy': 0.937112586609472, 'balanced_accuracy': 0.7856812388400745, 'f1_macro': 0.792315146464579, 'f1_micro': 0.937112586609472, 'f1_weighted': 0.9363772863359291, 'f1_binary': 0.6189016661673542, 'pr_auc': 0.6756648085919824, 'precision_macro': 0.7993631122684899, 'precision_micro': 0.937112586609472, 'precision_weighted': 0.9357206355492212, 'precision_binary': 0.6352239935663939, 'recall_macro': 0.7856812388400745, 'recall_micro': 0.937112586609472, 'recall_weighted': 0.937112586609472, 'recall_binary': 0.6033971420868158, 'roc_auc': 0.9512818497966573}
Validation statistic: Loss: 0.1455, dev_score: {'accuracy': 0.9368776277937597, 'balanced_accuracy': 0.7923677909529636, 'f1_macro': 0.7617974071582361, 'f1_micro': 0.9368776277937597, 'f1_weighted': 0.940097467948701, 'f1_binary': 0.5575804575416828, 'pr_auc': 0.5940348142045023, 'precision_macro': 0.7381899998523132, 'precision_micro': 0.9368776277937597, 'precision_weighted': 0.9443225362822307, 'precision_binary': 0.5020949720670391, 'recall_macro': 0.7923677909529636, 'recall_micro': 0.9368776277937597, 'recall_weighted': 0.9368776277937597, 'recall_binary': 0.6268526591107236, 'roc_auc': 0.9365497359272118}
-----------------------
Epoch 98/100
Training statistic: Loss: 0.1460, train_score: {'accuracy': 0.9364813166921456, 'balanced_accuracy': 0.789455337118581, 'f1_macro': 0.7927052716515977, 'f1_micro': 0.9364813166921456, 'f1_weighted': 0.9361235162248052, 'f1_binary': 0.6200668744171235, 'pr_auc': 0.6745271874036005, 'precision_macro': 0.7960517473186384, 'precision_micro': 0.9364813166921456, 'precision_weighted': 0.9357841068817335, 'precision_binary': 0.6278502003777235, 'recall_macro': 0.789455337118581, 'recall_micro': 0.9364813166921456, 'recall_weighted': 0.9364813166921456, 'recall_binary': 0.6124741619484138, 'roc_auc': 0.9512009057044936}
Validation statistic: Loss: 0.1470, dev_score: {'accuracy': 0.9342774950210223, 'balanced_accuracy': 0.7901668710949978, 'f1_macro': 0.755739898898558, 'f1_micro': 0.9342774950210223, 'f1_weighted': 0.9380668266845508, 'f1_binary': 0.5469107551487414, 'pr_auc': 0.59210579163627, 'precision_macro': 0.7300998204110636, 'precision_micro': 0.9342774950210223, 'precision_weighted': 0.9431324834214013, 'precision_binary': 0.48610169491525423, 'recall_macro': 0.7901668710949978, 'recall_micro': 0.9342774950210223, 'recall_weighted': 0.9342774950210223, 'recall_binary': 0.6251089799476897, 'roc_auc': 0.9355369157293323}
-----------------------
Epoch 99/100
Training statistic: Loss: 0.1458, train_score: {'accuracy': 0.9373635734440717, 'balanced_accuracy': 0.7846152851514563, 'f1_macro': 0.7923423420420439, 'f1_micro': 0.9373635734440717, 'f1_weighted': 0.9365063265369022, 'f1_binary': 0.6188062672128491, 'pr_auc': 0.6738929858321646, 'precision_macro': 0.8006361733787885, 'precision_micro': 0.9373635734440717, 'precision_weighted': 0.9357566312523268, 'precision_binary': 0.6379861608208065, 'recall_macro': 0.7846152851514563, 'recall_micro': 0.9373635734440717, 'recall_weighted': 0.9373635734440717, 'recall_binary': 0.6007459333153591, 'roc_auc': 0.9509068643460571}
Validation statistic: Loss: 0.1458, dev_score: {'accuracy': 0.9362137641071033, 'balanced_accuracy': 0.7899814461783902, 'f1_macro': 0.7594644027679699, 'f1_micro': 0.9362137641071033, 'f1_weighted': 0.9394875341428782, 'f1_binary': 0.5532739248353351, 'pr_auc': 0.592105744887424, 'precision_macro': 0.7359447211999282, 'precision_micro': 0.9362137641071033, 'precision_weighted': 0.9437725772731158, 'precision_binary': 0.497907949790795, 'recall_macro': 0.7899814461783902, 'recall_micro': 0.9362137641071033, 'recall_weighted': 0.9362137641071033, 'recall_binary': 0.6224934612031386, 'roc_auc': 0.9358822731771232}
Early stopping by loss triggered!
Testing statistic: loss: 0.14010170826131552, scores: {'accuracy': 0.9416150372781686, 'balanced_accuracy': 0.8130403995229576, 'f1_macro': 0.774972392108223, 'f1_micro': 0.9416150372781686, 'f1_weighted': 0.9450719316868192, 'f1_binary': 0.5813253012048193, 'pr_auc': 0.5897110146709456, 'precision_macro': 0.7466784981601484, 'precision_micro': 0.9416150372781686, 'precision_weighted': 0.9498740308358168, 'precision_binary': 0.5153538050734312, 'recall_macro': 0.8130403995229576, 'recall_micro': 0.9416150372781686, 'recall_weighted': 0.9416150372781686, 'recall_binary': 0.6666666666666666, 'roc_auc': 0.9396444119001054}
Finish training!
