=====Setting up data=====
Dataset name:credit
train_option:mix
augment_option:tvae_pca_gmm
mix_ratio:-1
n_sample:-1
Training dataset size: 347520 samples
Validation dataset size: 27520 samples

=====Setting up parameters for training=====
num_epochs: 100
learning_rate: 0.001
patience: 30
early_stop_criterion: loss
=====Setting up trainer=====
input_size: 29
model: DNN_Adult
----------------------------------------------------------------
        Layer (type)               Output Shape         Param #
================================================================
            Linear-1                  [-1, 128]           3,840
       BatchNorm1d-2                  [-1, 128]             256
              ReLU-3                  [-1, 128]               0
           Dropout-4                  [-1, 128]               0
            Linear-5                   [-1, 64]           8,256
       BatchNorm1d-6                   [-1, 64]             128
              ReLU-7                   [-1, 64]               0
           Dropout-8                   [-1, 64]               0
            Linear-9                   [-1, 32]           2,080
      BatchNorm1d-10                   [-1, 32]              64
             ReLU-11                   [-1, 32]               0
          Dropout-12                   [-1, 32]               0
           Linear-13                   [-1, 16]             528
      BatchNorm1d-14                   [-1, 16]              32
             ReLU-15                   [-1, 16]               0
          Dropout-16                   [-1, 16]               0
           Linear-17                    [-1, 1]              17
          Sigmoid-18                    [-1, 1]               0
================================================================
Total params: 15,201
Trainable params: 15,201
Non-trainable params: 0
----------------------------------------------------------------
Input size (MB): 0.00
Forward/backward pass size (MB): 0.01
Params size (MB): 0.06
Estimated Total Size (MB): 0.07
----------------------------------------------------------------
=====Setting up output files=====
weight_dir, weight_file: /home/thuy/Research/minh_data_synth/TabularDA/output/corrected_v2/credit/weight/, credit_seed42_tvae_xonly_pca_gmm_mix.weights.pth
acc_dir, acc_file: /home/thuy/Research/minh_data_synth/TabularDA/output/corrected_v2/credit/acc/, credit_seed42_tvae_xonly_pca_gmm_mix.epochs.csv
report_file: credit_seed42_tvae_xonly_pca_gmm_mix.report.txt
==========================================================================================
Start training...
-----------------------
Epoch 1/100
Training statistic: Loss: 0.2414, train_score: {'accuracy': 0.9453483016695452, 'balanced_accuracy': 0.5, 'f1_macro': 0.485953235653597, 'f1_micro': 0.9453483016695452, 'f1_weighted': 0.9187901320318964, 'f1_binary': 0.0, 'pr_auc': 0.13358329710492084, 'precision_macro': 0.4726741508347726, 'precision_micro': 0.9453483016695452, 'precision_weighted': 0.8936834114694934, 'precision_binary': 0.0, 'recall_macro': 0.5, 'recall_micro': 0.9453483016695452, 'recall_weighted': 0.9453483016695452, 'recall_binary': 0.0, 'roc_auc': 0.8273221238808478}
Validation statistic: Loss: 0.2200, dev_score: {'accuracy': 0.9980667517782236, 'balanced_accuracy': 0.5, 'f1_macro': 0.4995162203114446, 'f1_micro': 0.9980667517782236, 'f1_weighted': 0.9971010629335582, 'f1_binary': 0.0, 'pr_auc': 0.07976714322031864, 'precision_macro': 0.4990333758891118, 'precision_micro': 0.9980667517782236, 'precision_weighted': 0.9961372410051341, 'precision_binary': 0.0, 'recall_macro': 0.5, 'recall_micro': 0.9980667517782236, 'recall_weighted': 0.9980667517782236, 'recall_binary': 0.0, 'roc_auc': 0.663670384350697}
Saving model...
Model saved!
-------------------------------------------
-----------------------
Epoch 2/100
Training statistic: Loss: 0.2374, train_score: {'accuracy': 0.9446257915947035, 'balanced_accuracy': 0.49969229856082703, 'f1_macro': 0.4859180201056879, 'f1_micro': 0.9446257915947035, 'f1_weighted': 0.9184458294052097, 'f1_binary': 0.00031180169412253804, 'pr_auc': 0.15628655183888218, 'precision_macro': 0.47849481757991363, 'precision_micro': 0.9446257915947035, 'precision_weighted': 0.8942912896988472, 'precision_binary': 0.011673151750972763, 'recall_macro': 0.49969229856082703, 'recall_micro': 0.9446257915947035, 'recall_weighted': 0.9446257915947035, 'recall_binary': 0.00015801116612240598, 'roc_auc': 0.8504639408451018}
Validation statistic: Loss: 0.2259, dev_score: {'accuracy': 0.9970454130950209, 'balanced_accuracy': 0.4994883414955047, 'f1_macro': 0.4992602604613783, 'f1_micro': 0.9970454130950209, 'f1_weighted': 0.9965901329012754, 'f1_binary': 0.0, 'pr_auc': 0.0015115275937227406, 'precision_macro': 0.49903238762916713, 'precision_micro': 0.9970454130950209, 'precision_weighted': 0.9961352683063484, 'precision_binary': 0.0, 'recall_macro': 0.4994883414955047, 'recall_micro': 0.9970454130950209, 'recall_weighted': 0.9970454130950209, 'recall_binary': 0.0, 'roc_auc': 0.39768760696903716}
-----------------------
Epoch 3/100
Training statistic: Loss: 0.2312, train_score: {'accuracy': 0.8958405296488198, 'balanced_accuracy': 0.5791202708302938, 'f1_macro': 0.5671722770261951, 'f1_micro': 0.8958405296488198, 'f1_weighted': 0.9031157510886788, 'f1_binary': 0.19000291003514427, 'pr_auc': 0.17515303957656106, 'precision_macro': 0.559698154815761, 'precision_micro': 0.8958405296488198, 'precision_weighted': 0.911058720306102, 'precision_binary': 0.16521976096858332, 'recall_macro': 0.5791202708302938, 'recall_micro': 0.8958405296488198, 'recall_weighted': 0.8958405296488198, 'recall_binary': 0.223533129674497, 'roc_auc': 0.8629933677188139}
Validation statistic: Loss: 0.2188, dev_score: {'accuracy': 0.9205544409994528, 'balanced_accuracy': 0.5741570391660105, 'f1_macro': 0.4847571841969723, 'f1_micro': 0.9205544409994528, 'f1_weighted': 0.9567830155545632, 'f1_binary': 0.010899182561307902, 'pr_auc': 0.18109418307029995, 'precision_macro': 0.5019806292227986, 'precision_micro': 0.9205544409994528, 'precision_weighted': 0.9964579500606516, 'precision_binary': 0.005583992554676594, 'recall_macro': 0.5741570391660105, 'recall_micro': 0.9205544409994528, 'recall_weighted': 0.9205544409994528, 'recall_binary': 0.22641509433962265, 'roc_auc': 0.6502676208431194}
Saving model...
Model saved!
-------------------------------------------
-----------------------
Epoch 4/100
Training statistic: Loss: 0.2240, train_score: {'accuracy': 0.8400431778929188, 'balanced_accuracy': 0.7493759947651484, 'f1_macro': 0.6081782155683434, 'f1_micro': 0.8400431778929188, 'f1_weighted': 0.8766456721418808, 'f1_binary': 0.3067653039583827, 'pr_auc': 0.1984020302549952, 'precision_macro': 0.5888054064632922, 'precision_micro': 0.8400431778929188, 'precision_weighted': 0.9342336198606391, 'precision_binary': 0.20098736370621026, 'recall_macro': 0.7493759947651484, 'recall_micro': 0.8400431778929188, 'recall_weighted': 0.8400431778929188, 'recall_binary': 0.6475824291583272, 'roc_auc': 0.8756155660629863}
Validation statistic: Loss: 0.2125, dev_score: {'accuracy': 0.8294729162867044, 'balanced_accuracy': 0.7450889058369063, 'f1_macro': 0.4607055255801702, 'f1_micro': 0.8294729162867044, 'f1_weighted': 0.9049344039570886, 'f1_binary': 0.014752370916754479, 'pr_auc': 0.5616082654255145, 'precision_macro': 0.5033336783086746, 'precision_micro': 0.8294729162867044, 'precision_weighted': 0.9972905553505477, 'precision_binary': 0.007459505541346973, 'recall_macro': 0.7450889058369063, 'recall_micro': 0.8294729162867044, 'recall_weighted': 0.8294729162867044, 'recall_binary': 0.660377358490566, 'roc_auc': 0.8232861164016202}
Saving model...
Model saved!
-------------------------------------------
-----------------------
Epoch 5/100
Training statistic: Loss: 0.2196, train_score: {'accuracy': 0.822461139896373, 'balanced_accuracy': 0.7892803917949958, 'f1_macro': 0.6072255574407364, 'f1_micro': 0.822461139896373, 'f1_weighted': 0.8662009151191429, 'f1_binary': 0.3164695842984274, 'pr_auc': 0.19964936481913242, 'precision_macro': 0.5916764501031523, 'precision_micro': 0.822461139896373, 'precision_weighted': 0.9401837900216354, 'precision_binary': 0.20040142041068396, 'recall_macro': 0.7892803917949958, 'recall_micro': 0.822461139896373, 'recall_weighted': 0.822461139896373, 'recall_binary': 0.7520278099652375, 'roc_auc': 0.8772785962103259}
Validation statistic: Loss: 0.2101, dev_score: {'accuracy': 0.8035382090096662, 'balanced_accuracy': 0.7603435007647295, 'f1_macro': 0.45240765279726736, 'f1_micro': 0.8035382090096662, 'f1_weighted': 0.8892055555715761, 'f1_binary': 0.013914317099963384, 'pr_auc': 0.5886918327087596, 'precision_macro': 0.5031718479373355, 'precision_micro': 0.8035382090096662, 'precision_weighted': 0.9974000189636825, 'precision_binary': 0.007025328156775744, 'recall_macro': 0.7603435007647295, 'recall_micro': 0.8035382090096662, 'recall_weighted': 0.8035382090096662, 'recall_binary': 0.7169811320754716, 'roc_auc': 0.8686278863538883}
Saving model...
Model saved!
-------------------------------------------
-----------------------
Epoch 6/100
Training statistic: Loss: 0.2226, train_score: {'accuracy': 0.825279217040875, 'balanced_accuracy': 0.8020358660421145, 'f1_macro': 0.6132011086873169, 'f1_micro': 0.825279217040875, 'f1_weighted': 0.8683069053099961, 'f1_binary': 0.3267895565759411, 'pr_auc': 0.21060024103577532, 'precision_macro': 0.5957896681865408, 'precision_micro': 0.825279217040875, 'precision_weighted': 0.9421012251044281, 'precision_binary': 0.2069798808587164, 'recall_macro': 0.8020358660421145, 'recall_micro': 0.825279217040875, 'recall_weighted': 0.825279217040875, 'recall_binary': 0.7759401664384283, 'roc_auc': 0.8836439137398171}
Validation statistic: Loss: 0.2150, dev_score: {'accuracy': 0.8056903155207004, 'balanced_accuracy': 0.789668704566173, 'f1_macro': 0.453685865723114, 'f1_micro': 0.8056903155207004, 'f1_weighted': 0.8905162537773849, 'f1_binary': 0.015159918654095026, 'pr_auc': 0.626785940164904, 'precision_macro': 0.5035554853723978, 'precision_micro': 0.8056903155207004, 'precision_weighted': 0.9975386067589747, 'precision_binary': 0.0076549663928304704, 'recall_macro': 0.789668704566173, 'recall_micro': 0.8056903155207004, 'recall_weighted': 0.8056903155207004, 'recall_binary': 0.7735849056603774, 'roc_auc': 0.893052339493003}
-----------------------
Epoch 7/100
Training statistic: Loss: 0.2203, train_score: {'accuracy': 0.8130023028209556, 'balanced_accuracy': 0.8286923391178636, 'f1_macro': 0.6111365303102023, 'f1_micro': 0.8130023028209556, 'f1_weighted': 0.8606877596558996, 'f1_binary': 0.33096118394628166, 'pr_auc': 0.2200342513172037, 'precision_macro': 0.5974329866464898, 'precision_micro': 0.8130023028209556, 'precision_weighted': 0.9463464495924585, 'precision_binary': 0.20570199582655896, 'recall_macro': 0.8286923391178636, 'recall_micro': 0.8130023028209556, 'recall_weighted': 0.8130023028209556, 'recall_binary': 0.8463078057516065, 'roc_auc': 0.8886008491897103}
Validation statistic: Loss: 0.2151, dev_score: {'accuracy': 0.7885099398139704, 'balanced_accuracy': 0.7904775663259748, 'f1_macro': 0.44791431091324335, 'f1_micro': 0.7885099398139704, 'f1_weighted': 0.87987112276714, 'f1_binary': 0.014280856851411085, 'pr_auc': 0.6523753109828361, 'precision_macro': 0.5033478814994126, 'precision_micro': 0.7885099398139704, 'precision_weighted': 0.9975720771275308, 'precision_binary': 0.007205352547606794, 'recall_macro': 0.7904775663259748, 'recall_micro': 0.7885099398139704, 'recall_weighted': 0.7885099398139704, 'recall_binary': 0.7924528301886793, 'roc_auc': 0.8979110265855552}
-----------------------
Epoch 8/100
Training statistic: Loss: 0.2157, train_score: {'accuracy': 0.8163615428900403, 'balanced_accuracy': 0.8336699015874443, 'f1_macro': 0.6150987060141175, 'f1_micro': 0.8163615428900403, 'f1_weighted': 0.863004271432863, 'f1_binary': 0.33677097411373325, 'pr_auc': 0.22245510227928858, 'precision_macro': 0.5997363463801701, 'precision_micro': 0.8163615428900403, 'precision_weighted': 0.9470559311591046, 'precision_binary': 0.20979482928345683, 'recall_macro': 0.8336699015874443, 'recall_micro': 0.8163615428900403, 'recall_weighted': 0.8163615428900403, 'recall_binary': 0.8531022858948699, 'roc_auc': 0.8912601709634493}
Validation statistic: Loss: 0.2109, dev_score: {'accuracy': 0.7904796644172898, 'balanced_accuracy': 0.79146433629893, 'f1_macro': 0.4485967362221877, 'f1_micro': 0.7904796644172898, 'f1_weighted': 0.8811015254972163, 'f1_binary': 0.014413177762525738, 'pr_auc': 0.6680507731913607, 'precision_macro': 0.5033822046714838, 'precision_micro': 0.7904796644172898, 'precision_weighted': 0.9975734765402653, 'precision_binary': 0.007272727272727273, 'recall_macro': 0.79146433629893, 'recall_micro': 0.7904796644172898, 'recall_weighted': 0.7904796644172898, 'recall_binary': 0.7924528301886793, 'roc_auc': 0.8984902626283802}
-----------------------
Epoch 9/100
Training statistic: Loss: 0.2227, train_score: {'accuracy': 0.808923431203224, 'balanced_accuracy': 0.8303313481653724, 'f1_macro': 0.608453636613062, 'f1_micro': 0.808923431203224, 'f1_weighted': 0.857996909149025, 'f1_binary': 0.32828722349274453, 'pr_auc': 0.21541173304502087, 'precision_macro': 0.5964225204073158, 'precision_micro': 0.808923431203224, 'precision_weighted': 0.9466831731908979, 'precision_binary': 0.20317901698481888, 'recall_macro': 0.8303313481653724, 'recall_micro': 0.808923431203224, 'recall_weighted': 0.808923431203224, 'recall_binary': 0.8543663752238492, 'roc_auc': 0.8864910631196321}
Validation statistic: Loss: 0.2205, dev_score: {'accuracy': 0.7816523800838957, 'balanced_accuracy': 0.7964578336847825, 'f1_macro': 0.4456968880374538, 'f1_micro': 0.7816523800838957, 'f1_weighted': 0.8755618804141713, 'f1_binary': 0.014163372859025032, 'pr_auc': 0.6696443710104963, 'precision_macro': 0.5033383333906393, 'precision_micro': 0.7816523800838957, 'precision_weighted': 0.9976140894643949, 'precision_binary': 0.007144043861106496, 'recall_macro': 0.7964578336847825, 'recall_micro': 0.7816523800838957, 'recall_weighted': 0.7816523800838957, 'recall_binary': 0.8113207547169812, 'roc_auc': 0.8961291861871513}
-----------------------
Epoch 10/100
Training statistic: Loss: 0.2218, train_score: {'accuracy': 0.808698906160046, 'balanced_accuracy': 0.8325946172884147, 'f1_macro': 0.6088844751531874, 'f1_micro': 0.808698906160046, 'f1_weighted': 0.8578824122216276, 'f1_binary': 0.32933031929923706, 'pr_auc': 0.21633286603871285, 'precision_macro': 0.5968536738093615, 'precision_micro': 0.808698906160046, 'precision_weighted': 0.94704090031858, 'precision_binary': 0.20369260729533367, 'recall_macro': 0.8325946172884147, 'recall_micro': 0.808698906160046, 'recall_weighted': 0.808698906160046, 'recall_binary': 0.8594227325397662, 'roc_auc': 0.8871457930151934}
Validation statistic: Loss: 0.2205, dev_score: {'accuracy': 0.7798285610067481, 'balanced_accuracy': 0.7861284690377648, 'f1_macro': 0.44490421502207944, 'f1_micro': 0.7798285610067481, 'f1_weighted': 0.8744157888420052, 'f1_binary': 0.013725490196078431, 'pr_auc': 0.6702705267752291, 'precision_macro': 0.5032037129018879, 'precision_micro': 0.7798285610067481, 'precision_weighted': 0.997565860463934, 'precision_binary': 0.006922696555134333, 'recall_macro': 0.7861284690377648, 'recall_micro': 0.7798285610067481, 'recall_weighted': 0.7798285610067481, 'recall_binary': 0.7924528301886793, 'roc_auc': 0.8986081785370981}
-----------------------
Epoch 11/100
Training statistic: Loss: 0.2152, train_score: {'accuracy': 0.8185377086931491, 'balanced_accuracy': 0.8293620881749002, 'f1_macro': 0.6156392452626149, 'f1_micro': 0.8185377086931491, 'f1_weighted': 0.8643752727040519, 'f1_binary': 0.33637913973514116, 'pr_auc': 0.2265672430427719, 'precision_macro': 0.5995571371957682, 'precision_micro': 0.8185377086931491, 'precision_weighted': 0.9463548293163697, 'precision_binary': 0.21020155773076518, 'recall_macro': 0.8293620881749002, 'recall_micro': 0.8185377086931491, 'recall_weighted': 0.8185377086931491, 'recall_binary': 0.8415148003792268, 'roc_auc': 0.8924031027134307}
Validation statistic: Loss: 0.2114, dev_score: {'accuracy': 0.7936895859930695, 'balanced_accuracy': 0.7930724058844866, 'f1_macro': 0.4497085989397274, 'f1_micro': 0.7936895859930695, 'f1_weighted': 0.8831008377143394, 'f1_binary': 0.014634146341463415, 'pr_auc': 0.671878869570001, 'precision_macro': 0.5034395027169684, 'precision_micro': 0.7936895859930695, 'precision_weighted': 0.997575748847948, 'precision_binary': 0.0073852646386495515, 'recall_macro': 0.7930724058844866, 'recall_micro': 0.7936895859930695, 'recall_weighted': 0.7936895859930695, 'recall_binary': 0.7924528301886793, 'roc_auc': 0.9008382373019737}
-----------------------
Epoch 12/100
Training statistic: Loss: 0.2184, train_score: {'accuracy': 0.8186269430051814, 'balanced_accuracy': 0.8256377503853722, 'f1_macro': 0.6146838684681672, 'f1_micro': 0.8186269430051814, 'f1_weighted': 0.8643691101497273, 'f1_binary': 0.33435806420942543, 'pr_auc': 0.22727009341891585, 'precision_macro': 0.5987452330698625, 'precision_micro': 0.8186269430051814, 'precision_weighted': 0.9457800180875915, 'precision_binary': 0.20912346543681365, 'recall_macro': 0.8256377503853722, 'recall_micro': 0.8186269430051814, 'recall_weighted': 0.8186269430051814, 'recall_binary': 0.8335089012956916, 'roc_auc': 0.8907318845462128}
Validation statistic: Loss: 0.2155, dev_score: {'accuracy': 0.7950392121101587, 'balanced_accuracy': 0.8125799035434076, 'f1_macro': 0.45051666186359596, 'f1_micro': 0.7950392121101587, 'f1_weighted': 0.8839313626505583, 'f1_binary': 0.015419660066584896, 'pr_auc': 0.6715243942968188, 'precision_macro': 0.5036842586163767, 'precision_micro': 0.7950392121101587, 'precision_weighted': 0.9976690121373112, 'precision_binary': 0.007782101167315175, 'recall_macro': 0.8125799035434076, 'recall_micro': 0.7950392121101587, 'recall_weighted': 0.7950392121101587, 'recall_binary': 0.8301886792452831, 'roc_auc': 0.8969359792468001}
-----------------------
Epoch 13/100
Training statistic: Loss: 0.2182, train_score: {'accuracy': 0.8098157743235463, 'balanced_accuracy': 0.8376268130133508, 'f1_macro': 0.6110697471361606, 'f1_micro': 0.8098157743235463, 'f1_weighted': 0.8587063782620389, 'f1_binary': 0.3330439522723143, 'pr_auc': 0.23063530966834142, 'precision_macro': 0.5983448781295692, 'precision_micro': 0.8098157743235463, 'precision_weighted': 0.9478013020567136, 'precision_binary': 0.20600429591887706, 'recall_macro': 0.8376268130133508, 'recall_micro': 0.8098157743235463, 'recall_weighted': 0.8098157743235463, 'recall_binary': 0.868850732118403, 'roc_auc': 0.8922091724829355}
Validation statistic: Loss: 0.2162, dev_score: {'accuracy': 0.7825642896224695, 'balanced_accuracy': 0.7969146716352247, 'f1_macro': 0.4460138606152671, 'f1_micro': 0.7825642896224695, 'f1_weighted': 0.8761362710307337, 'f1_binary': 0.014221928228873821, 'pr_auc': 0.6716625285542122, 'precision_macro': 0.5033535044466685, 'precision_micro': 0.7825642896224695, 'precision_weighted': 0.9976146914801778, 'precision_binary': 0.00717384050717384, 'recall_macro': 0.7969146716352247, 'recall_micro': 0.7825642896224695, 'recall_weighted': 0.7825642896224695, 'recall_binary': 0.8113207547169812, 'roc_auc': 0.8964987939478108}
-----------------------
Epoch 14/100
Training statistic: Loss: 0.2222, train_score: {'accuracy': 0.8031778929188256, 'balanced_accuracy': 0.8465719887740695, 'f1_macro': 0.6083332172471401, 'f1_micro': 0.8031778929188256, 'f1_weighted': 0.8543883550425687, 'f1_binary': 0.3320829914429727, 'pr_auc': 0.22270807426717967, 'precision_macro': 0.5981586324361121, 'precision_micro': 0.8031778929188256, 'precision_weighted': 0.9493705139419973, 'precision_binary': 0.20384716858945146, 'recall_macro': 0.8465719887740695, 'recall_micro': 0.8031778929188256, 'recall_weighted': 0.8031778929188256, 'recall_binary': 0.8952912672495523, 'roc_auc': 0.890253718507086}
Validation statistic: Loss: 0.2216, dev_score: {'accuracy': 0.7736275761444464, 'balanced_accuracy': 0.8018533484670243, 'f1_macro': 0.4430588580572758, 'f1_micro': 0.7736275761444464, 'f1_weighted': 0.8704771205563311, 'f1_binary': 0.013981569748967271, 'pr_auc': 0.6731421076461227, 'precision_macro': 0.5033125513150385, 'precision_micro': 0.7736275761444464, 'precision_weighted': 0.9976561536097082, 'precision_binary': 0.007050152219195641, 'recall_macro': 0.8018533484670243, 'recall_micro': 0.7736275761444464, 'recall_weighted': 0.7736275761444464, 'recall_binary': 0.8301886792452831, 'roc_auc': 0.8986467942732863}
-----------------------
Epoch 15/100
Training statistic: Loss: 0.2154, train_score: {'accuracy': 0.8128065630397237, 'balanced_accuracy': 0.839283096057178, 'f1_macro': 0.6138216136198953, 'f1_micro': 0.8128065630397237, 'f1_weighted': 0.8607288920487369, 'f1_binary': 0.33661467524916094, 'pr_auc': 0.23783498139132653, 'precision_macro': 0.5997334903466931, 'precision_micro': 0.8128065630397237, 'precision_weighted': 0.9479949751669338, 'precision_binary': 0.2087344862922713, 'recall_macro': 0.839283096057178, 'recall_micro': 0.8128065630397237, 'recall_weighted': 0.8128065630397237, 'recall_binary': 0.8690087432845255, 'roc_auc': 0.8945582568399811}
Validation statistic: Loss: 0.2121, dev_score: {'accuracy': 0.7867225971183659, 'balanced_accuracy': 0.8084135414353746, 'f1_macro': 0.44762225813907747, 'f1_micro': 0.7867225971183659, 'f1_weighted': 0.8787438203916559, 'f1_binary': 0.014827295703454086, 'pr_auc': 0.6706914971481553, 'precision_macro': 0.5035312428502827, 'precision_micro': 0.7867225971183659, 'precision_weighted': 0.997664058242723, 'precision_binary': 0.007480448826929616, 'recall_macro': 0.8084135414353746, 'recall_micro': 0.7867225971183659, 'recall_weighted': 0.7867225971183659, 'recall_binary': 0.8301886792452831, 'roc_auc': 0.8986667917080982}
-----------------------
Epoch 16/100
Training statistic: Loss: 0.2206, train_score: {'accuracy': 0.8052878526194588, 'balanced_accuracy': 0.8426261621961177, 'f1_macro': 0.6089179019180226, 'f1_micro': 0.8052878526194588, 'f1_weighted': 0.8557497983210792, 'f1_binary': 0.3317955962106469, 'pr_auc': 0.22797531530454185, 'precision_macro': 0.5979639605495322, 'precision_micro': 0.8052878526194588, 'precision_weighted': 0.9486928287109956, 'precision_binary': 0.20419478387743936, 'recall_macro': 0.8426261621961177, 'recall_micro': 0.8052878526194588, 'recall_weighted': 0.8052878526194588, 'recall_binary': 0.8845465079532286, 'roc_auc': 0.8916275068863101}
Validation statistic: Loss: 0.2201, dev_score: {'accuracy': 0.7762538756155389, 'balanced_accuracy': 0.7937533530181646, 'f1_macro': 0.4438191697022896, 'f1_micro': 0.7762538756155389, 'f1_weighted': 0.8721494072009885, 'f1_binary': 0.01382636655948553, 'pr_auc': 0.6750411449592216, 'precision_macro': 0.5032509817728836, 'precision_micro': 0.7762538756155389, 'precision_weighted': 0.99761050885657, 'precision_binary': 0.00697259607588779, 'recall_macro': 0.7937533530181646, 'recall_micro': 0.7762538756155389, 'recall_weighted': 0.7762538756155389, 'recall_binary': 0.8113207547169812, 'roc_auc': 0.8978572403815788}
-----------------------
Epoch 17/100
Training statistic: Loss: 0.2154, train_score: {'accuracy': 0.817035118019574, 'balanced_accuracy': 0.8309990066948529, 'f1_macro': 0.6149028042182794, 'f1_micro': 0.817035118019574, 'f1_weighted': 0.8634064976597902, 'f1_binary': 0.33590354396522903, 'pr_auc': 0.2327647293196582, 'precision_macro': 0.5993785672129618, 'precision_micro': 0.817035118019574, 'precision_weighted': 0.946631600000041, 'precision_binary': 0.2095117691525689, 'recall_macro': 0.8309990066948529, 'recall_micro': 0.817035118019574, 'recall_weighted': 0.817035118019574, 'recall_binary': 0.8466764984725588, 'roc_auc': 0.8932762780640126}
Validation statistic: Loss: 0.2132, dev_score: {'accuracy': 0.7902972825095751, 'balanced_accuracy': 0.8007886574549747, 'f1_macro': 0.4487000710860708, 'f1_micro': 0.7902972825095751, 'f1_weighted': 0.8809835857646842, 'f1_binary': 0.014738646101113967, 'pr_auc': 0.6755750588194677, 'precision_macro': 0.5034873081584572, 'precision_micro': 0.7902972825095751, 'precision_weighted': 0.997619766019455, 'precision_binary': 0.007436873054306468, 'recall_macro': 0.8007886574549747, 'recall_micro': 0.7902972825095751, 'recall_weighted': 0.7902972825095751, 'recall_binary': 0.8113207547169812, 'roc_auc': 0.8998121620261125}
-----------------------
Epoch 18/100
Training statistic: Loss: 0.2174, train_score: {'accuracy': 0.8114565342544617, 'balanced_accuracy': 0.8388419982711621, 'f1_macro': 0.6126563254908814, 'f1_micro': 0.8114565342544617, 'f1_weighted': 0.8598210273443736, 'f1_binary': 0.33516037352821765, 'pr_auc': 0.22924274656148336, 'precision_macro': 0.5991703750759514, 'precision_micro': 0.8114565342544617, 'precision_weighted': 0.9479548708721416, 'precision_binary': 0.20758417783589408, 'recall_macro': 0.8388419982711621, 'recall_micro': 0.8114565342544617, 'recall_weighted': 0.8114565342544617, 'recall_binary': 0.8695881175603076, 'roc_auc': 0.8916648023950823}
Validation statistic: Loss: 0.2153, dev_score: {'accuracy': 0.7842057267919023, 'balanced_accuracy': 0.7977369799460208, 'f1_macro': 0.44658428348902135, 'f1_micro': 0.7842057267919023, 'f1_weighted': 0.8771686946018208, 'f1_binary': 0.01432855714761746, 'pr_auc': 0.6708332759332856, 'precision_macro': 0.5033811262935799, 'precision_micro': 0.7842057267919023, 'precision_weighted': 0.9976157731330904, 'precision_binary': 0.007228105563960329, 'recall_macro': 0.7977369799460208, 'recall_micro': 0.7842057267919023, 'recall_weighted': 0.7842057267919023, 'recall_binary': 0.8113207547169812, 'roc_auc': 0.8978806856499787}
-----------------------
Epoch 19/100
Training statistic: Loss: 0.2214, train_score: {'accuracy': 0.8094444444444444, 'balanced_accuracy': 0.8394154326260317, 'f1_macro': 0.6112553455861676, 'f1_micro': 0.8094444444444444, 'f1_weighted': 0.8584857576479735, 'f1_binary': 0.33368561967166915, 'pr_auc': 0.22805348220474111, 'precision_macro': 0.5986169546992057, 'precision_micro': 0.8094444444444444, 'precision_weighted': 0.9480889025049042, 'precision_binary': 0.20625894356996205, 'recall_macro': 0.8394154326260317, 'recall_micro': 0.8094444444444444, 'recall_weighted': 0.8094444444444444, 'recall_binary': 0.8730643632150005, 'roc_auc': 0.8915711880579115}
Validation statistic: Loss: 0.2208, dev_score: {'accuracy': 0.7800838956775488, 'balanced_accuracy': 0.7956720724100219, 'f1_macro': 0.44515156446261733, 'f1_micro': 0.7800838956775488, 'f1_weighted': 0.8745725519343809, 'f1_binary': 0.014063777596075225, 'pr_auc': 0.6693844043901973, 'precision_macro': 0.5033125251280718, 'precision_micro': 0.7800838956775488, 'precision_weighted': 0.9976130521266767, 'precision_binary': 0.007093368525239195, 'recall_macro': 0.7956720724100219, 'recall_micro': 0.7800838956775488, 'recall_weighted': 0.7800838956775488, 'recall_binary': 0.8113207547169812, 'roc_auc': 0.8972786939054714}
-----------------------
Epoch 20/100
Training statistic: Loss: 0.2149, train_score: {'accuracy': 0.8174496257915947, 'balanced_accuracy': 0.8358830346153303, 'f1_macro': 0.6165558380117673, 'f1_micro': 0.8174496257915947, 'f1_weighted': 0.863764745196867, 'f1_binary': 0.33901025598265655, 'pr_auc': 0.23285748925613498, 'precision_macro': 0.6006271784922673, 'precision_micro': 0.8174496257915947, 'precision_weighted': 0.9473790350950679, 'precision_binary': 0.21132305933106368, 'recall_macro': 0.8358830346153303, 'recall_micro': 0.8174496257915947, 'recall_weighted': 0.8174496257915947, 'recall_binary': 0.8565785315495629, 'roc_auc': 0.8938397368255372}
Validation statistic: Loss: 0.2133, dev_score: {'accuracy': 0.7904431880357469, 'balanced_accuracy': 0.7914460627809123, 'f1_macro': 0.4485840999201094, 'f1_micro': 0.7904431880357469, 'f1_weighted': 0.8810787648580294, 'f1_binary': 0.014410705095213588, 'pr_auc': 0.6731717486494453, 'precision_macro': 0.5033815633617306, 'precision_micro': 0.7904431880357469, 'precision_weighted': 0.9975734506606471, 'precision_binary': 0.007271468144044321, 'recall_macro': 0.7914460627809123, 'recall_micro': 0.7904431880357469, 'recall_weighted': 0.7904431880357469, 'recall_binary': 0.7924528301886793, 'roc_auc': 0.8969483914477178}
-----------------------
Epoch 21/100
Training statistic: Loss: 0.2081, train_score: {'accuracy': 0.8235636154289004, 'balanced_accuracy': 0.827082585908922, 'f1_macro': 0.6190171280978178, 'f1_micro': 0.8235636154289004, 'f1_weighted': 0.8676614434852946, 'f1_binary': 0.33985998922994076, 'pr_auc': 0.23778867240090606, 'precision_macro': 0.6009404524882543, 'precision_micro': 0.8235636154289004, 'precision_weighted': 0.9459354445872878, 'precision_binary': 0.21360879454131917, 'recall_macro': 0.827082585908922, 'recall_micro': 0.8235636154289004, 'recall_weighted': 0.8235636154289004, 'recall_binary': 0.8310333930264405, 'roc_auc': 0.8945492411893049}
Validation statistic: Loss: 0.2035, dev_score: {'accuracy': 0.8002918110523436, 'balanced_accuracy': 0.8057956013918215, 'f1_macro': 0.4521701010912247, 'f1_micro': 0.8002918110523436, 'f1_weighted': 0.8871868384083382, 'f1_binary': 0.015464844452436613, 'pr_auc': 0.6738029555565773, 'precision_macro': 0.503675175667497, 'precision_micro': 0.8002918110523436, 'precision_weighted': 0.9976262516919361, 'precision_binary': 0.007806826434277415, 'recall_macro': 0.8057956013918215, 'recall_micro': 0.8002918110523436, 'recall_weighted': 0.8002918110523436, 'recall_binary': 0.8113207547169812, 'roc_auc': 0.901092687420786}
Saving model...
Model saved!
-------------------------------------------
-----------------------
Epoch 22/100
Training statistic: Loss: 0.2090, train_score: {'accuracy': 0.822314335060449, 'balanced_accuracy': 0.8347340976705804, 'f1_macro': 0.6201312468469207, 'f1_micro': 0.822314335060449, 'f1_weighted': 0.8669732116825688, 'f1_binary': 0.34299763714157994, 'pr_auc': 0.24039170607869936, 'precision_macro': 0.602192976663759, 'precision_micro': 0.822314335060449, 'precision_weighted': 0.9471252766575352, 'precision_binary': 0.21493170419378935, 'recall_macro': 0.8347340976705804, 'recall_micro': 0.822314335060449, 'recall_weighted': 0.822314335060449, 'recall_binary': 0.8486779732434425, 'roc_auc': 0.8961277011974383}
Validation statistic: Loss: 0.2055, dev_score: {'accuracy': 0.7968995075688492, 'balanced_accuracy': 0.7946804754700432, 'f1_macro': 0.4508203183046913, 'f1_micro': 0.7968995075688492, 'f1_weighted': 0.8850930095519866, 'f1_binary': 0.014861995753715499, 'pr_auc': 0.6746078317949972, 'precision_macro': 0.5034985612182699, 'precision_micro': 0.7968995075688492, 'precision_weighted': 0.997578011417935, 'precision_binary': 0.0075013395249151635, 'recall_macro': 0.7946804754700432, 'recall_micro': 0.7968995075688492, 'recall_weighted': 0.7968995075688492, 'recall_binary': 0.7924528301886793, 'roc_auc': 0.8988902113246163}
-----------------------
Epoch 23/100
Training statistic: Loss: 0.2113, train_score: {'accuracy': 0.8181980426021876, 'balanced_accuracy': 0.837494700011464, 'f1_macro': 0.617585448922523, 'f1_micro': 0.8181980426021876, 'f1_weighted': 0.8642893955285339, 'f1_binary': 0.3406067945960619, 'pr_auc': 0.24008234701157127, 'precision_macro': 0.6012626489949853, 'precision_micro': 0.8181980426021876, 'precision_weighted': 0.9476151472050148, 'precision_binary': 0.21240689619251002, 'recall_macro': 0.837494700011464, 'recall_micro': 0.8181980426021876, 'recall_weighted': 0.8181980426021876, 'recall_binary': 0.8591593805962288, 'roc_auc': 0.8961285638708351}
Validation statistic: Loss: 0.2086, dev_score: {'accuracy': 0.7919022432974648, 'balanced_accuracy': 0.7921770035016198, 'f1_macro': 0.44908952253188344, 'f1_micro': 0.7919022432974648, 'f1_weighted': 0.881988467847118, 'f1_binary': 0.014510278113663845, 'pr_auc': 0.6707730220703456, 'precision_macro': 0.5034073861270987, 'precision_micro': 0.7919022432974648, 'precision_weighted': 0.9975744848202888, 'precision_binary': 0.007322175732217573, 'recall_macro': 0.7921770035016198, 'recall_micro': 0.7919022432974648, 'recall_weighted': 0.7919022432974648, 'recall_binary': 0.7924528301886793, 'roc_auc': 0.8990246768345578}
-----------------------
Epoch 24/100
Training statistic: Loss: 0.2055, train_score: {'accuracy': 0.8256649395509499, 'balanced_accuracy': 0.8298564406067688, 'f1_macro': 0.6214973264007608, 'f1_micro': 0.8256649395509499, 'f1_weighted': 0.8691013499866164, 'f1_binary': 0.34350814056843065, 'pr_auc': 0.24649798673599874, 'precision_macro': 0.6024014334154553, 'precision_micro': 0.8256649395509499, 'precision_weighted': 0.9463355389619635, 'precision_binary': 0.21626085057596767, 'recall_macro': 0.8298564406067688, 'recall_micro': 0.8256649395509499, 'recall_weighted': 0.8256649395509499, 'recall_binary': 0.834562309069841, 'roc_auc': 0.8971908821678651}
Validation statistic: Loss: 0.2007, dev_score: {'accuracy': 0.8012037205909174, 'balanced_accuracy': 0.7968367505961305, 'f1_macro': 0.45231112832688597, 'f1_micro': 0.8012037205909174, 'f1_weighted': 0.8877531923156633, 'f1_binary': 0.015178894109143477, 'pr_auc': 0.6693584905890968, 'precision_macro': 0.5035806653677508, 'precision_micro': 0.8012037205909174, 'precision_weighted': 0.9975810309600109, 'precision_binary': 0.007662835249042145, 'recall_macro': 0.7968367505961305, 'recall_micro': 0.8012037205909174, 'recall_weighted': 0.8012037205909174, 'recall_binary': 0.7924528301886793, 'roc_auc': 0.8980027389590026}
Saving model...
Model saved!
-------------------------------------------
-----------------------
Epoch 25/100
Training statistic: Loss: 0.2075, train_score: {'accuracy': 0.8255008635578583, 'balanced_accuracy': 0.8321268688444696, 'f1_macro': 0.6219977887494208, 'f1_micro': 0.8255008635578583, 'f1_weighted': 0.8690350444147048, 'f1_binary': 0.3446449227575918, 'pr_auc': 0.24260374366931997, 'precision_macro': 0.6028525209540117, 'precision_micro': 0.8255008635578583, 'precision_weighted': 0.9466845884053421, 'precision_binary': 0.21682649799360676, 'recall_macro': 0.8321268688444696, 'recall_micro': 0.8255008635578583, 'recall_weighted': 0.8255008635578583, 'recall_binary': 0.8395659959970505, 'roc_auc': 0.8977750206332583}
Validation statistic: Loss: 0.2031, dev_score: {'accuracy': 0.8027722049972643, 'balanced_accuracy': 0.7976225118708911, 'f1_macro': 0.45285449825900737, 'f1_micro': 0.8027722049972643, 'f1_weighted': 0.8887194249747097, 'f1_binary': 0.01529775997086141, 'pr_auc': 0.6683638061422985, 'precision_macro': 0.5036114522282256, 'precision_micro': 0.8027722049972643, 'precision_weighted': 0.9975821274425479, 'precision_binary': 0.007723427730783376, 'recall_macro': 0.7976225118708911, 'recall_micro': 0.8027722049972643, 'recall_weighted': 0.8027722049972643, 'recall_binary': 0.7924528301886793, 'roc_auc': 0.8967249718311996}
-----------------------
Epoch 26/100
Training statistic: Loss: 0.2074, train_score: {'accuracy': 0.8240875071963155, 'balanced_accuracy': 0.837607330932384, 'f1_macro': 0.6223608313073158, 'f1_micro': 0.8240875071963155, 'f1_weighted': 0.8681993773321494, 'f1_binary': 0.34635377671294415, 'pr_auc': 0.26651180385370626, 'precision_macro': 0.6035316885812544, 'precision_micro': 0.8240875071963155, 'precision_weighted': 0.9475420212815785, 'precision_binary': 0.2173055242390079, 'recall_macro': 0.837607330932384, 'recall_micro': 0.8240875071963155, 'recall_weighted': 0.8240875071963155, 'recall_binary': 0.8527862635626251, 'roc_auc': 0.9016677594386924}
Validation statistic: Loss: 0.2029, dev_score: {'accuracy': 0.8, 'balanced_accuracy': 0.7962337245015467, 'f1_macro': 0.4518941732117582, 'f1_micro': 0.8, 'f1_weighted': 0.8870105236218686, 'f1_binary': 0.015088916831327466, 'pr_auc': 0.6731481310988847, 'precision_macro': 0.503557357401014, 'precision_micro': 0.8, 'precision_weighted': 0.9975801881043587, 'precision_binary': 0.007616974972796518, 'recall_macro': 0.7962337245015467, 'recall_micro': 0.8, 'recall_weighted': 0.8, 'recall_binary': 0.7924528301886793, 'roc_auc': 0.8959829980430096}
-----------------------
Epoch 27/100
Training statistic: Loss: 0.2076, train_score: {'accuracy': 0.82409038572251, 'balanced_accuracy': 0.8315297355892215, 'f1_macro': 0.6206830688213121, 'f1_micro': 0.82409038572251, 'f1_weighted': 0.8680913293515223, 'f1_binary': 0.3429136694515231, 'pr_auc': 0.25747287505814187, 'precision_macro': 0.602158531778643, 'precision_micro': 0.82409038572251, 'precision_weighted': 0.9466100917344175, 'precision_binary': 0.2154369942040342, 'recall_macro': 0.8315297355892215, 'recall_micro': 0.82409038572251, 'recall_weighted': 0.82409038572251, 'recall_binary': 0.8398820183292953, 'roc_auc': 0.8981426168496536}
Validation statistic: Loss: 0.2030, dev_score: {'accuracy': 0.8006200984862302, 'balanced_accuracy': 0.8059600630539807, 'f1_macro': 0.45228410202985286, 'f1_micro': 0.8006200984862302, 'f1_weighted': 0.8873894273386946, 'f1_binary': 0.015489913544668587, 'pr_auc': 0.6718810403232165, 'precision_macro': 0.5036816579602769, 'precision_micro': 0.8006200984862302, 'precision_weighted': 0.9976264634864545, 'precision_binary': 0.007819603564284416, 'recall_macro': 0.8059600630539807, 'recall_micro': 0.8006200984862302, 'recall_weighted': 0.8006200984862302, 'recall_binary': 0.8113207547169812, 'roc_auc': 0.8962553768964808}
-----------------------
Epoch 28/100
Training statistic: Loss: 0.2038, train_score: {'accuracy': 0.8240069084628671, 'balanced_accuracy': 0.8349593656067854, 'f1_macro': 0.6215654467045185, 'f1_micro': 0.8240069084628671, 'f1_weighted': 0.8680983669091809, 'f1_binary': 0.34477880658436216, 'pr_auc': 0.24308229148079177, 'precision_macro': 0.6029025533981323, 'precision_micro': 0.8240069084628671, 'precision_weighted': 0.9471368520022477, 'precision_binary': 0.21642493878319835, 'recall_macro': 0.8349593656067854, 'recall_micro': 0.8240069084628671, 'recall_weighted': 0.8240069084628671, 'recall_binary': 0.8472558727483409, 'roc_auc': 0.8968547477095823}
Validation statistic: Loss: 0.1982, dev_score: {'accuracy': 0.8009848623016597, 'balanced_accuracy': 0.8061427982341576, 'f1_macro': 0.45241077402698, 'f1_micro': 0.8009848623016597, 'f1_weighted': 0.8876144395823783, 'f1_binary': 0.015517863587152653, 'pr_auc': 0.6679430828296005, 'precision_macro': 0.5036888849884722, 'precision_micro': 0.8009848623016597, 'precision_weighted': 0.9976266987285608, 'precision_binary': 0.007833849517216251, 'recall_macro': 0.8061427982341576, 'recall_micro': 0.8009848623016597, 'recall_weighted': 0.8009848623016597, 'recall_binary': 0.8113207547169812, 'roc_auc': 0.8940225598647347}
Saving model...
Model saved!
-------------------------------------------
-----------------------
Epoch 29/100
Training statistic: Loss: 0.2064, train_score: {'accuracy': 0.8276021876799079, 'balanced_accuracy': 0.825744827736042, 'f1_macro': 0.6219225800453891, 'f1_micro': 0.8276021876799079, 'f1_weighted': 0.8703021003692112, 'f1_binary': 0.34306273103206203, 'pr_auc': 0.25666104173919274, 'precision_macro': 0.6022424765439571, 'precision_micro': 0.8276021876799079, 'precision_weighted': 0.9456885541125649, 'precision_binary': 0.216649810892063, 'recall_macro': 0.825744827736042, 'recall_micro': 0.8276021876799079, 'recall_weighted': 0.8276021876799079, 'recall_binary': 0.8236595386073949, 'roc_auc': 0.8978859666226476}
Validation statistic: Loss: 0.2015, dev_score: {'accuracy': 0.80667517782236, 'balanced_accuracy': 0.7995777782987838, 'f1_macro': 0.45420707201017585, 'f1_micro': 0.80667517782236, 'f1_weighted': 0.8911164951695847, 'f1_binary': 0.015601783060921248, 'pr_auc': 0.6684785088540304, 'precision_macro': 0.5036901743249314, 'precision_micro': 0.80667517782236, 'precision_weighted': 0.997584847548311, 'precision_binary': 0.007878446820483961, 'recall_macro': 0.7995777782987838, 'recall_micro': 0.80667517782236, 'recall_weighted': 0.80667517782236, 'recall_binary': 0.7924528301886793, 'roc_auc': 0.8937005322075926}
-----------------------
Epoch 30/100
Training statistic: Loss: 0.2072, train_score: {'accuracy': 0.8292141623488773, 'balanced_accuracy': 0.8317584571058172, 'f1_macro': 0.6249546614362185, 'f1_micro': 0.8292141623488773, 'f1_weighted': 0.8714807103735343, 'f1_binary': 0.3481757358030388, 'pr_auc': 0.26006091119063973, 'precision_macro': 0.6042835816784288, 'precision_micro': 0.8292141623488773, 'precision_weighted': 0.9465901224833213, 'precision_binary': 0.21997029304385246, 'recall_macro': 0.8317584571058172, 'recall_micro': 0.8292141623488773, 'recall_weighted': 0.8292141623488773, 'recall_binary': 0.8346149794585485, 'roc_auc': 0.8998099127317025}
Validation statistic: Loss: 0.2031, dev_score: {'accuracy': 0.8085354732810505, 'balanced_accuracy': 0.8005097277176859, 'f1_macro': 0.45485207665772465, 'f1_micro': 0.8085354732810505, 'f1_weighted': 0.8922553860674887, 'f1_binary': 0.015750984436527282, 'pr_auc': 0.6685561841986577, 'precision_macro': 0.503728797461856, 'precision_micro': 0.8085354732810505, 'precision_weighted': 0.9975861400869752, 'precision_binary': 0.007954545454545454, 'recall_macro': 0.8005097277176859, 'recall_micro': 0.8085354732810505, 'recall_weighted': 0.8085354732810505, 'recall_binary': 0.7924528301886793, 'roc_auc': 0.8948493503591953}
-----------------------
Epoch 31/100
Training statistic: Loss: 0.2107, train_score: {'accuracy': 0.8253339090385723, 'balanced_accuracy': 0.8322866929237869, 'f1_macro': 0.6219059456924493, 'f1_micro': 0.8253339090385723, 'f1_weighted': 0.8689276112626501, 'f1_binary': 0.3445705829615788, 'pr_auc': 0.2772877424137028, 'precision_macro': 0.6028222337351846, 'precision_micro': 0.8253339090385723, 'precision_weighted': 0.9467109860990385, 'precision_binary': 0.21673256967374616, 'recall_macro': 0.8322866929237869, 'recall_micro': 0.8253339090385723, 'recall_weighted': 0.8253339090385723, 'recall_binary': 0.8400926998841252, 'roc_auc': 0.900669249864396}
Validation statistic: Loss: 0.2085, dev_score: {'accuracy': 0.8029910632865219, 'balanced_accuracy': 0.7977321529789971, 'f1_macro': 0.4529303243501723, 'f1_micro': 0.8029910632865219, 'f1_weighted': 0.8888541145741928, 'f1_binary': 0.015314494074749316, 'pr_auc': 0.6728339912041333, 'precision_macro': 0.5036157860502328, 'precision_micro': 0.8029910632865219, 'precision_weighted': 0.9975822802829573, 'precision_binary': 0.007731958762886598, 'recall_macro': 0.7977321529789971, 'recall_micro': 0.8029910632865219, 'recall_weighted': 0.8029910632865219, 'recall_binary': 0.7924528301886793, 'roc_auc': 0.8982089194075795}
-----------------------
Epoch 32/100
Training statistic: Loss: 0.2009, train_score: {'accuracy': 0.8334858952216465, 'balanced_accuracy': 0.8205941158581797, 'f1_macro': 0.6253203717915458, 'f1_micro': 0.8334858952216465, 'f1_weighted': 0.874071029596272, 'f1_binary': 0.34604384051007836, 'pr_auc': 0.29530649000171616, 'precision_macro': 0.6035316822802661, 'precision_micro': 0.8334858952216465, 'precision_weighted': 0.9448679332374156, 'precision_binary': 0.22030775431475003, 'recall_macro': 0.8205941158581797, 'recall_micro': 0.8334858952216465, 'recall_weighted': 0.8334858952216465, 'recall_binary': 0.8061202991678078, 'roc_auc': 0.9020270528045436}
Validation statistic: Loss: 0.1939, dev_score: {'accuracy': 0.8144811234725515, 'balanced_accuracy': 0.8129039999007024, 'f1_macro': 0.457103720149613, 'f1_micro': 0.8144811234725515, 'f1_weighted': 0.8958763455754156, 'f1_binary': 0.016627996906419182, 'pr_auc': 0.6715990710736081, 'precision_macro': 0.5039757835982973, 'precision_micro': 0.8144811234725515, 'precision_weighted': 0.9976353473536683, 'precision_binary': 0.00840007814026177, 'recall_macro': 0.8129039999007024, 'recall_micro': 0.8144811234725515, 'recall_weighted': 0.8144811234725515, 'recall_binary': 0.8113207547169812, 'roc_auc': 0.9000211007415602}
Saving model...
Model saved!
-------------------------------------------
-----------------------
Epoch 33/100
Training statistic: Loss: 0.2055, train_score: {'accuracy': 0.8257081174438687, 'balanced_accuracy': 0.8394569897798738, 'f1_macro': 0.6241987413925288, 'f1_micro': 0.8257081174438687, 'f1_weighted': 0.869306207567615, 'f1_binary': 0.34901248239455546, 'pr_auc': 0.3007210788122161, 'precision_macro': 0.6045930150947224, 'precision_micro': 0.8257081174438687, 'precision_weighted': 0.9478044717773992, 'precision_binary': 0.21926376224248564, 'recall_macro': 0.8394569897798738, 'recall_micro': 0.8257081174438687, 'recall_weighted': 0.8257081174438687, 'recall_binary': 0.8548930791109238, 'roc_auc': 0.9044305393923998}
Validation statistic: Loss: 0.2013, dev_score: {'accuracy': 0.8024074411818347, 'balanced_accuracy': 0.7974397766907142, 'f1_macro': 0.4527281255330004, 'f1_micro': 0.8024074411818347, 'f1_weighted': 0.888494869671634, 'f1_binary': 0.015269950918014906, 'pr_auc': 0.66634562199186, 'precision_macro': 0.5036042499873158, 'precision_micro': 0.8024074411818347, 'precision_weighted': 0.9975818726237415, 'precision_binary': 0.007709251101321586, 'recall_macro': 0.7974397766907142, 'recall_micro': 0.8024074411818347, 'recall_weighted': 0.8024074411818347, 'recall_binary': 0.7924528301886793, 'roc_auc': 0.8926020524263785}
-----------------------
Epoch 34/100
Training statistic: Loss: 0.2081, train_score: {'accuracy': 0.8307397812320092, 'balanced_accuracy': 0.8272802548719362, 'f1_macro': 0.6249534625141174, 'f1_micro': 0.8307397812320092, 'f1_weighted': 0.8723995694193329, 'f1_binary': 0.34714157238500226, 'pr_auc': 0.3004120212309608, 'precision_macro': 0.6038988321808418, 'precision_micro': 0.8307397812320092, 'precision_weighted': 0.9458966161341283, 'precision_binary': 0.21993219003671868, 'recall_macro': 0.8272802548719362, 'recall_micro': 0.8307397812320092, 'recall_weighted': 0.8307397812320092, 'recall_binary': 0.8233961866638576, 'roc_auc': 0.9027281124634042}
Validation statistic: Loss: 0.2041, dev_score: {'accuracy': 0.8085719496625935, 'balanced_accuracy': 0.8099436899818369, 'f1_macro': 0.4550471073126527, 'f1_micro': 0.8085719496625935, 'f1_weighted': 0.8922741314390299, 'f1_binary': 0.016122984626921636, 'pr_auc': 0.6679166698039524, 'precision_macro': 0.5038453018262848, 'precision_micro': 0.8085719496625935, 'precision_weighted': 0.9976315728618128, 'precision_binary': 0.008142397273243705, 'recall_macro': 0.8099436899818369, 'recall_micro': 0.8085719496625935, 'recall_weighted': 0.8085719496625935, 'recall_binary': 0.8113207547169812, 'roc_auc': 0.8987874658836867}
-----------------------
Epoch 35/100
Training statistic: Loss: 0.2079, train_score: {'accuracy': 0.8336442141623489, 'balanced_accuracy': 0.8291389911156419, 'f1_macro': 0.6279264624250873, 'f1_micro': 0.8336442141623489, 'f1_weighted': 0.8743487997350387, 'f1_binary': 0.35126397557361594, 'pr_auc': 0.2972391395301734, 'precision_macro': 0.6055785865737418, 'precision_micro': 0.8336442141623489, 'precision_weighted': 0.9461602887295281, 'precision_binary': 0.22320180318981997, 'recall_macro': 0.8291389911156419, 'recall_micro': 0.8336442141623489, 'recall_weighted': 0.8336442141623489, 'recall_binary': 0.8240809017170547, 'roc_auc': 0.9047566563986732}
Validation statistic: Loss: 0.2044, dev_score: {'accuracy': 0.813423308407806, 'balanced_accuracy': 0.8123740678781894, 'f1_macro': 0.45673527065151437, 'f1_micro': 0.813423308407806, 'f1_weighted': 0.8952332279346047, 'f1_binary': 0.016535281676600653, 'pr_auc': 0.6710525446119109, 'precision_macro': 0.5039518316396656, 'precision_micro': 0.813423308407806, 'precision_weighted': 0.9976346728722809, 'precision_binary': 0.008352758352758352, 'recall_macro': 0.8123740678781894, 'recall_micro': 0.813423308407806, 'recall_weighted': 0.813423308407806, 'recall_binary': 0.8113207547169812, 'roc_auc': 0.9018836204459291}
-----------------------
Epoch 36/100
Training statistic: Loss: 0.2046, train_score: {'accuracy': 0.8357426597582038, 'balanced_accuracy': 0.8215396039762719, 'f1_macro': 0.6275021450655489, 'f1_micro': 0.8357426597582038, 'f1_weighted': 0.8755721746725079, 'f1_binary': 0.3489897664654946, 'pr_auc': 0.2860282110668769, 'precision_macro': 0.6047497869917134, 'precision_micro': 0.8357426597582038, 'precision_weighted': 0.9450031484799579, 'precision_binary': 0.22274163717651857, 'recall_macro': 0.8215396039762719, 'recall_micro': 0.8357426597582038, 'recall_weighted': 0.8357426597582038, 'recall_binary': 0.8055935952807332, 'roc_auc': 0.9020697748641703}
Validation statistic: Loss: 0.2003, dev_score: {'accuracy': 0.8169979937990152, 'balanced_accuracy': 0.814164872643923, 'f1_macro': 0.45798098377478086, 'f1_micro': 0.8169979937990152, 'f1_weighted': 0.897403515450642, 'f1_binary': 0.016852831667646482, 'pr_auc': 0.6720408368772757, 'precision_macro': 0.5040338621387289, 'precision_micro': 0.8169979937990152, 'precision_weighted': 0.9976369502999045, 'precision_binary': 0.008514851485148515, 'recall_macro': 0.814164872643923, 'recall_micro': 0.8169979937990152, 'recall_weighted': 0.8169979937990152, 'recall_binary': 0.8113207547169812, 'roc_auc': 0.8986923056766513}
-----------------------
Epoch 37/100
Training statistic: Loss: 0.2122, train_score: {'accuracy': 0.8228670120898101, 'balanced_accuracy': 0.8352745388977657, 'f1_macro': 0.6207268423433466, 'f1_micro': 0.8228670120898101, 'f1_weighted': 0.8673490396807149, 'f1_binary': 0.34383996929048216, 'pr_auc': 0.2761890585460478, 'precision_macro': 0.6025286209194354, 'precision_micro': 0.8228670120898101, 'precision_weighted': 0.9472005639301665, 'precision_binary': 0.21555965559655596, 'recall_macro': 0.8352745388977657, 'recall_micro': 0.8228670120898101, 'recall_weighted': 0.8228670120898101, 'recall_binary': 0.8492046771305172, 'roc_auc': 0.898947048645672}
Validation statistic: Loss: 0.2111, dev_score: {'accuracy': 0.798540944738282, 'balanced_accuracy': 0.8049184725269725, 'f1_macro': 0.45156214876084605, 'f1_micro': 0.798540944738282, 'f1_weighted': 0.8861051158042194, 'f1_binary': 0.015332501337136744, 'pr_auc': 0.672940675508318, 'precision_macro': 0.5036409516901487, 'precision_micro': 0.798540944738282, 'precision_weighted': 0.9976251208707578, 'precision_binary': 0.007739380849532037, 'recall_macro': 0.8049184725269725, 'recall_micro': 0.798540944738282, 'recall_weighted': 0.798540944738282, 'recall_binary': 0.8113207547169812, 'roc_auc': 0.9006279194530908}
-----------------------
Epoch 38/100
Training statistic: Loss: 0.2035, train_score: {'accuracy': 0.833126079447323, 'balanced_accuracy': 0.8281950031735956, 'f1_macro': 0.6272172024684443, 'f1_micro': 0.833126079447323, 'f1_weighted': 0.8739888511993033, 'f1_binary': 0.3501625378320816, 'pr_auc': 0.27784148831595473, 'precision_macro': 0.605134660584466, 'precision_micro': 0.833126079447323, 'precision_weighted': 0.9460201256000064, 'precision_binary': 0.22241683754841649, 'recall_macro': 0.8281950031735956, 'recall_micro': 0.833126079447323, 'recall_weighted': 0.833126079447323, 'recall_binary': 0.822658801221953, 'roc_auc': 0.9024755101777495}
Validation statistic: Loss: 0.1992, dev_score: {'accuracy': 0.811161772752143, 'balanced_accuracy': 0.8112411097610928, 'f1_macro': 0.4559480004687832, 'f1_micro': 0.811161772752143, 'f1_weighted': 0.8938557698479036, 'f1_binary': 0.016340490214706443, 'pr_auc': 0.6754761406520121, 'precision_macro': 0.5039015049523266, 'precision_micro': 0.811161772752143, 'precision_weighted': 0.9976332291856416, 'precision_binary': 0.008253358925143953, 'recall_macro': 0.8112411097610928, 'recall_micro': 0.811161772752143, 'recall_weighted': 0.811161772752143, 'recall_binary': 0.8113207547169812, 'roc_auc': 0.9038488855912277}
-----------------------
Epoch 39/100
Training statistic: Loss: 0.2036, train_score: {'accuracy': 0.8291018998272884, 'balanced_accuracy': 0.8335848479886816, 'f1_macro': 0.6253754761827, 'f1_micro': 0.8291018998272884, 'f1_weighted': 0.8714414587715131, 'f1_binary': 0.3491130747472976, 'pr_auc': 0.27565123999969304, 'precision_macro': 0.6046529862177434, 'precision_micro': 0.8291018998272884, 'precision_weighted': 0.9468694520426719, 'precision_binary': 0.22044082627235975, 'recall_macro': 0.8335848479886816, 'recall_micro': 0.8291018998272884, 'recall_weighted': 0.8291018998272884, 'recall_binary': 0.8386179290003161, 'roc_auc': 0.90117140725323}
Validation statistic: Loss: 0.1987, dev_score: {'accuracy': 0.8075870873609338, 'balanced_accuracy': 0.8094503049953592, 'f1_macro': 0.45470467338701265, 'f1_micro': 0.8075870873609338, 'f1_weighted': 0.8916714750199959, 'f1_binary': 0.01604178324939377, 'pr_auc': 0.6763481645158868, 'precision_macro': 0.5038243171211988, 'precision_micro': 0.8075870873609338, 'precision_weighted': 0.9976309420677386, 'precision_binary': 0.008100979653353428, 'recall_macro': 0.8094503049953592, 'recall_micro': 0.8075870873609338, 'recall_weighted': 0.8075870873609338, 'recall_binary': 0.8113207547169812, 'roc_auc': 0.9027083422402369}
-----------------------
Epoch 40/100
Training statistic: Loss: 0.2020, train_score: {'accuracy': 0.8337708693149107, 'balanced_accuracy': 0.8320346304705644, 'f1_macro': 0.6288633372159742, 'f1_micro': 0.8337708693149107, 'f1_weighted': 0.8744901012061411, 'f1_binary': 0.35309405386028586, 'pr_auc': 0.2997376502138145, 'precision_macro': 0.6062991210165942, 'precision_micro': 0.8337708693149107, 'precision_weighted': 0.9465983345599401, 'precision_binary': 0.22423949233089555, 'recall_macro': 0.8320346304705644, 'recall_micro': 0.8337708693149107, 'recall_weighted': 0.8337708693149107, 'recall_binary': 0.8300853260297061, 'roc_auc': 0.9075085681751374}
Validation statistic: Loss: 0.1968, dev_score: {'accuracy': 0.8140069305124932, 'balanced_accuracy': 0.8126664441664724, 'f1_macro': 0.45693853554062197, 'f1_micro': 0.8140069305124932, 'f1_weighted': 0.8955881441005334, 'f1_binary': 0.016586306653809064, 'pr_auc': 0.6720807655231419, 'precision_macro': 0.5039650135406553, 'precision_micro': 0.8140069305124932, 'precision_weighted': 0.9976350450597457, 'precision_binary': 0.00837879968823071, 'recall_macro': 0.8126664441664724, 'recall_micro': 0.8140069305124932, 'recall_weighted': 0.8140069305124932, 'recall_binary': 0.8113207547169812, 'roc_auc': 0.8995921902431826}
-----------------------
Epoch 41/100
Training statistic: Loss: 0.2136, train_score: {'accuracy': 0.8237795048934945, 'balanced_accuracy': 0.8480146479678199, 'f1_macro': 0.6249424225758856, 'f1_micro': 0.8237795048934945, 'f1_weighted': 0.8681782020370893, 'f1_binary': 0.35185753761129873, 'pr_auc': 0.3028144080304043, 'precision_macro': 0.6057386260205875, 'precision_micro': 0.8237795048934945, 'precision_weighted': 0.9491464068472234, 'precision_binary': 0.22018895676255848, 'recall_macro': 0.8480146479678199, 'recall_micro': 0.8237795048934945, 'recall_weighted': 0.8237795048934945, 'recall_binary': 0.8752238491520068, 'roc_auc': 0.9063266778764534}
Validation statistic: Loss: 0.2140, dev_score: {'accuracy': 0.7986503738829108, 'balanced_accuracy': 0.8049732930810255, 'f1_macro': 0.4516001435391801, 'f1_micro': 0.7986503738829108, 'f1_weighted': 0.8861727851301261, 'f1_binary': 0.015340706386014985, 'pr_auc': 0.6707727896816731, 'precision_macro': 0.503643073673189, 'precision_micro': 0.7986503738829108, 'precision_weighted': 0.9976251916097452, 'precision_binary': 0.0077435620385377275, 'recall_macro': 0.8049732930810255, 'recall_micro': 0.7986503738829108, 'recall_weighted': 0.7986503738829108, 'recall_binary': 0.8113207547169812, 'roc_auc': 0.9000921261134778}
-----------------------
Epoch 42/100
Training statistic: Loss: 0.2034, train_score: {'accuracy': 0.8302993667242372, 'balanced_accuracy': 0.8327294313769987, 'f1_macro': 0.6261335390112631, 'f1_micro': 0.8302993667242372, 'f1_weighted': 0.8722153852790941, 'f1_binary': 0.34985332715763473, 'pr_auc': 0.26636227735920387, 'precision_macro': 0.604960597136641, 'precision_micro': 0.8302993667242372, 'precision_weighted': 0.9467285212011787, 'precision_binary': 0.2212520225408693, 'recall_macro': 0.8327294313769987, 'recall_micro': 0.8302993667242372, 'recall_weighted': 0.8302993667242372, 'recall_binary': 0.8354577056778679, 'roc_auc': 0.9012912822089729}
Validation statistic: Loss: 0.1989, dev_score: {'accuracy': 0.808863760714937, 'balanced_accuracy': 0.8100898781259783, 'f1_macro': 0.45514858504134204, 'f1_micro': 0.808863760714937, 'f1_weighted': 0.8924525703946948, 'f1_binary': 0.016147202403304545, 'pr_auc': 0.6747575971712968, 'precision_macro': 0.5038515601153275, 'precision_micro': 0.808863760714937, 'precision_weighted': 0.9976317596632994, 'precision_binary': 0.00815475061634743, 'recall_macro': 0.8100898781259783, 'recall_micro': 0.808863760714937, 'recall_weighted': 0.808863760714937, 'recall_binary': 0.8113207547169812, 'roc_auc': 0.90586586824035}
-----------------------
Epoch 43/100
Training statistic: Loss: 0.2105, train_score: {'accuracy': 0.8306476683937823, 'balanced_accuracy': 0.8399604641930491, 'f1_macro': 0.6284561505224942, 'f1_micro': 0.8306476683937823, 'f1_weighted': 0.8725834239275354, 'f1_binary': 0.3543703703703704, 'pr_auc': 0.28227006527938714, 'precision_macro': 0.606750213297849, 'precision_micro': 0.8306476683937823, 'precision_weighted': 0.9478267177406199, 'precision_binary': 0.22381790709602295, 'recall_macro': 0.8399604641930491, 'recall_micro': 0.8306476683937823, 'recall_weighted': 0.8306476683937823, 'recall_binary': 0.850416096070789, 'roc_auc': 0.905605154623113}
Validation statistic: Loss: 0.2094, dev_score: {'accuracy': 0.8086813788072224, 'balanced_accuracy': 0.8099985105358899, 'f1_macro': 0.45508516058726867, 'f1_micro': 0.8086813788072224, 'f1_weighted': 0.8923410527883515, 'f1_binary': 0.016132057775276685, 'pr_auc': 0.6733822044353094, 'precision_macro': 0.5038476464973374, 'precision_micro': 0.8086813788072224, 'precision_weighted': 0.9976316429176855, 'precision_binary': 0.0081470253884047, 'recall_macro': 0.8099985105358899, 'recall_micro': 0.8086813788072224, 'recall_weighted': 0.8086813788072224, 'recall_binary': 0.8113207547169812, 'roc_auc': 0.9042322846862403}
-----------------------
Epoch 44/100
Training statistic: Loss: 0.2008, train_score: {'accuracy': 0.8376971790443293, 'balanced_accuracy': 0.8297938633467001, 'f1_macro': 0.6315856384393753, 'f1_micro': 0.8376971790443293, 'f1_weighted': 0.877027833703879, 'f1_binary': 0.35602357348439856, 'pr_auc': 0.29410946381291087, 'precision_macro': 0.6075533794567772, 'precision_micro': 0.8376971790443293, 'precision_weighted': 0.9462432663528918, 'precision_binary': 0.2273005687618492, 'recall_macro': 0.8297938633467001, 'recall_micro': 0.8376971790443293, 'recall_weighted': 0.8376971790443293, 'recall_binary': 0.8209206783946066, 'roc_auc': 0.9062357558051884}
Validation statistic: Loss: 0.1956, dev_score: {'accuracy': 0.8176545686667882, 'balanced_accuracy': 0.8239094847143746, 'f1_macro': 0.45840122258287685, 'f1_micro': 0.8176545686667882, 'f1_weighted': 0.8977979275365466, 'f1_binary': 0.017298997444466287, 'pr_auc': 0.6743947724634826, 'precision_macro': 0.5041692186798507, 'precision_micro': 0.8176545686667882, 'precision_weighted': 0.9976823000652937, 'precision_binary': 0.00874056416368693, 'recall_macro': 0.8239094847143746, 'recall_micro': 0.8176545686667882, 'recall_weighted': 0.8176545686667882, 'recall_binary': 0.8301886792452831, 'roc_auc': 0.9058203568369851}
-----------------------
Epoch 45/100
Training statistic: Loss: 0.2043, train_score: {'accuracy': 0.83426597582038, 'balanced_accuracy': 0.837159789317701, 'f1_macro': 0.6307442913794646, 'f1_micro': 0.83426597582038, 'f1_weighted': 0.8749179156124726, 'f1_binary': 0.35660647237618454, 'pr_auc': 0.3045725537097026, 'precision_macro': 0.6076885815646013, 'precision_micro': 0.83426597582038, 'precision_weighted': 0.9473724414735971, 'precision_binary': 0.22631982071430598, 'recall_macro': 0.837159789317701, 'recall_micro': 0.83426597582038, 'recall_weighted': 0.83426597582038, 'recall_binary': 0.84040872221637, 'roc_auc': 0.9075444435364982}
Validation statistic: Loss: 0.2011, dev_score: {'accuracy': 0.813423308407806, 'balanced_accuracy': 0.8123740678781894, 'f1_macro': 0.45673527065151437, 'f1_micro': 0.813423308407806, 'f1_weighted': 0.8952332279346047, 'f1_binary': 0.016535281676600653, 'pr_auc': 0.6756383428503319, 'precision_macro': 0.5039518316396656, 'precision_micro': 0.813423308407806, 'precision_weighted': 0.9976346728722809, 'precision_binary': 0.008352758352758352, 'recall_macro': 0.8123740678781894, 'recall_micro': 0.813423308407806, 'recall_weighted': 0.813423308407806, 'recall_binary': 0.8113207547169812, 'roc_auc': 0.9014643638815987}
-----------------------
Epoch 46/100
Training statistic: Loss: 0.2082, train_score: {'accuracy': 0.8287017846862407, 'balanced_accuracy': 0.841735113436349, 'f1_macro': 0.6273137147745848, 'f1_micro': 0.8287017846862407, 'f1_weighted': 0.8713297528703264, 'f1_binary': 0.35335282036793547, 'pr_auc': 0.3071234522704084, 'precision_macro': 0.6063307365668478, 'precision_micro': 0.8287017846862407, 'precision_weighted': 0.9481175051493266, 'precision_binary': 0.22260100491504772, 'recall_macro': 0.841735113436349, 'recall_micro': 0.8287017846862407, 'recall_weighted': 0.8287017846862407, 'recall_binary': 0.8563678499947329, 'roc_auc': 0.9072319027706094}
Validation statistic: Loss: 0.2067, dev_score: {'accuracy': 0.8053620280868138, 'balanced_accuracy': 0.8083356203962802, 'f1_macro': 0.4539313005640042, 'f1_micro': 0.8053620280868138, 'f1_weighted': 0.8903074992599713, 'f1_binary': 0.015861305791220952, 'pr_auc': 0.6707786888071547, 'precision_macro': 0.5037776715939632, 'precision_micro': 0.8053620280868138, 'precision_weighted': 0.9976295149388846, 'precision_binary': 0.008008940212330043, 'recall_macro': 0.8083356203962802, 'recall_micro': 0.8053620280868138, 'recall_weighted': 0.8053620280868138, 'recall_binary': 0.8113207547169812, 'roc_auc': 0.8988860739243103}
-----------------------
Epoch 47/100
Training statistic: Loss: 0.1978, train_score: {'accuracy': 0.8416350028785262, 'balanced_accuracy': 0.8149046959584483, 'f1_macro': 0.6305931352834874, 'f1_micro': 0.8416350028785262, 'f1_weighted': 0.8792878683408324, 'f1_binary': 0.35137939165291204, 'pr_auc': 0.29199244678528913, 'precision_macro': 0.6059263046361452, 'precision_micro': 0.8416350028785262, 'precision_weighted': 0.9440072155800175, 'precision_binary': 0.2263572014460613, 'recall_macro': 0.8149046959584483, 'recall_micro': 0.8416350028785262, 'recall_weighted': 0.8416350028785262, 'recall_binary': 0.784894132518698, 'roc_auc': 0.9034475857648288}
Validation statistic: Loss: 0.1905, dev_score: {'accuracy': 0.8257888017508663, 'balanced_accuracy': 0.8185687904861859, 'f1_macro': 0.4610535111043672, 'f1_micro': 0.8257888017508663, 'f1_weighted': 0.9027045576287872, 'f1_binary': 0.017688194158782394, 'pr_auc': 0.6763381952732772, 'precision_macro': 0.5042496037291252, 'precision_micro': 0.8257888017508663, 'precision_weighted': 0.9976425328056959, 'precision_binary': 0.008941567893532959, 'recall_macro': 0.8185687904861859, 'recall_micro': 0.8257888017508663, 'recall_weighted': 0.8257888017508663, 'recall_binary': 0.8113207547169812, 'roc_auc': 0.9042819334899109}
Saving model...
Model saved!
-------------------------------------------
-----------------------
Epoch 48/100
Training statistic: Loss: 0.2023, train_score: {'accuracy': 0.833028209556707, 'balanced_accuracy': 0.8323365898953077, 'f1_macro': 0.62831918728698, 'f1_micro': 0.833028209556707, 'f1_weighted': 0.8740068558860581, 'f1_binary': 0.3524815253064232, 'pr_auc': 0.29341686655822663, 'precision_macro': 0.6060427159099117, 'precision_micro': 0.833028209556707, 'precision_weighted': 0.94664864452636, 'precision_binary': 0.22363873307269533, 'recall_macro': 0.8323365898953077, 'recall_micro': 0.833028209556707, 'recall_weighted': 0.833028209556707, 'recall_binary': 0.8315600969135152, 'roc_auc': 0.9040195600381586}
Validation statistic: Loss: 0.1977, dev_score: {'accuracy': 0.8122195878168885, 'balanced_accuracy': 0.8117710417836057, 'f1_macro': 0.4563161672257581, 'f1_micro': 0.8122195878168885, 'f1_weighted': 0.8945004922301845, 'f1_binary': 0.016431027894535728, 'pr_auc': 0.66939147976019, 'precision_macro': 0.5039248972219593, 'precision_micro': 0.8122195878168885, 'precision_weighted': 0.9976339047547642, 'precision_binary': 0.008299556070256708, 'recall_macro': 0.8117710417836057, 'recall_micro': 0.8122195878168885, 'recall_weighted': 0.8122195878168885, 'recall_binary': 0.8113207547169812, 'roc_auc': 0.9030207159633317}
-----------------------
Epoch 49/100
Training statistic: Loss: 0.2110, train_score: {'accuracy': 0.8231951640759931, 'balanced_accuracy': 0.8455965051539586, 'f1_macro': 0.6238094928910805, 'f1_micro': 0.8231951640759931, 'f1_weighted': 0.8677481813915398, 'f1_binary': 0.3499354401710306, 'pr_auc': 0.2907125474709019, 'precision_macro': 0.6049707552201944, 'precision_micro': 0.8231951640759931, 'precision_weighted': 0.9487830891480563, 'precision_binary': 0.21896688741721854, 'recall_macro': 0.8455965051539586, 'recall_micro': 0.8231951640759931, 'recall_weighted': 0.8231951640759931, 'recall_binary': 0.8707468661118719, 'roc_auc': 0.9034328689159303}
Validation statistic: Loss: 0.2103, dev_score: {'accuracy': 0.7980302753966807, 'balanced_accuracy': 0.8046626432747248, 'f1_macro': 0.45138484303431947, 'f1_micro': 0.7980302753966807, 'f1_weighted': 0.8857892167670527, 'f1_binary': 0.015294326871776632, 'pr_auc': 0.6766121915216402, 'precision_macro': 0.5036310787649069, 'precision_micro': 0.7980302753966807, 'precision_weighted': 0.9976247906430703, 'precision_binary': 0.007719928186714542, 'recall_macro': 0.8046626432747248, 'recall_micro': 0.7980302753966807, 'recall_weighted': 0.7980302753966807, 'recall_binary': 0.8113207547169812, 'roc_auc': 0.903165524974038}
-----------------------
Epoch 50/100
Training statistic: Loss: 0.2069, train_score: {'accuracy': 0.8242400690846287, 'balanced_accuracy': 0.8468191048482443, 'f1_macro': 0.6249987713509779, 'f1_micro': 0.8242400690846287, 'f1_weighted': 0.868463370834943, 'f1_binary': 0.35165698631300635, 'pr_auc': 0.298112668589498, 'precision_macro': 0.6056549408175368, 'precision_micro': 0.8242400690846287, 'precision_weighted': 0.9489553451939375, 'precision_binary': 0.22022582489925657, 'recall_macro': 0.8468191048482443, 'recall_micro': 0.8242400690846287, 'recall_weighted': 0.8242400690846287, 'recall_binary': 0.8721689666069735, 'roc_auc': 0.9051174498603813}
Validation statistic: Loss: 0.2051, dev_score: {'accuracy': 0.800036476381543, 'balanced_accuracy': 0.8056676867656977, 'f1_macro': 0.45208143607695567, 'f1_micro': 0.800036476381543, 'f1_weighted': 0.8870292181833307, 'f1_binary': 0.015445402298850575, 'pr_auc': 0.6832049566364763, 'precision_macro': 0.5036701482465836, 'precision_micro': 0.800036476381543, 'precision_weighted': 0.9976260869122904, 'precision_binary': 0.007796917497733454, 'recall_macro': 0.8056676867656977, 'recall_micro': 0.800036476381543, 'recall_weighted': 0.800036476381543, 'recall_binary': 0.8113207547169812, 'roc_auc': 0.9029221079227079}
-----------------------
Epoch 51/100
Training statistic: Loss: 0.2093, train_score: {'accuracy': 0.8267645365572827, 'balanced_accuracy': 0.845970789935887, 'f1_macro': 0.6268597313777472, 'f1_micro': 0.8267645365572827, 'f1_weighted': 0.870123523702203, 'f1_binary': 0.35374339590223786, 'pr_auc': 0.3029355053385383, 'precision_macro': 0.6064815743222564, 'precision_micro': 0.8267645365572827, 'precision_weighted': 0.9487894650760567, 'precision_binary': 0.2221667700774232, 'recall_macro': 0.845970789935887, 'recall_micro': 0.8267645365572827, 'recall_weighted': 0.8267645365572827, 'recall_binary': 0.8675339724007163, 'roc_auc': 0.9067591917494364}
Validation statistic: Loss: 0.2076, dev_score: {'accuracy': 0.8037935436804668, 'balanced_accuracy': 0.8075498591215196, 'f1_macro': 0.45338633212707147, 'f1_micro': 0.8037935436804668, 'f1_weighted': 0.8893439877221364, 'f1_binary': 0.01573650503202196, 'pr_auc': 0.6760246540135031, 'precision_macro': 0.5037454116231346, 'precision_micro': 0.8037935436804668, 'precision_weighted': 0.9976285071781759, 'precision_binary': 0.007945306725794531, 'recall_macro': 0.8075498591215196, 'recall_micro': 0.8037935436804668, 'recall_weighted': 0.8037935436804668, 'recall_binary': 0.8113207547169812, 'roc_auc': 0.9020422207909882}
-----------------------
Epoch 52/100
Training statistic: Loss: 0.2045, train_score: {'accuracy': 0.8307541738629821, 'balanced_accuracy': 0.8415799972539562, 'f1_macro': 0.6289974144793335, 'f1_micro': 0.8307541738629821, 'f1_weighted': 0.8726843862208167, 'f1_binary': 0.35540596838204663, 'pr_auc': 0.3067815264770716, 'precision_macro': 0.6071612423658043, 'precision_micro': 0.8307541738629821, 'precision_weighted': 0.9480725952873429, 'precision_binary': 0.22441435454394418, 'recall_macro': 0.8415799972539562, 'recall_micro': 0.8307541738629821, 'recall_weighted': 0.8307541738629821, 'recall_binary': 0.8537343305593595, 'roc_auc': 0.9064187675799295}
Validation statistic: Loss: 0.2023, dev_score: {'accuracy': 0.8085354732810505, 'balanced_accuracy': 0.8099254164638192, 'f1_macro': 0.455034423118672, 'f1_micro': 0.8085354732810505, 'f1_weighted': 0.8922518225246683, 'f1_binary': 0.01611996251171509, 'pr_auc': 0.6766481433145763, 'precision_macro': 0.5038445208515598, 'precision_micro': 0.8085354732810505, 'precision_weighted': 0.9976315495084326, 'precision_binary': 0.00814085573646346, 'recall_macro': 0.8099254164638192, 'recall_micro': 0.8085354732810505, 'recall_weighted': 0.8085354732810505, 'recall_binary': 0.8113207547169812, 'roc_auc': 0.9019794702196821}
-----------------------
Epoch 53/100
Training statistic: Loss: 0.2038, train_score: {'accuracy': 0.8355814622913068, 'balanced_accuracy': 0.829865859768556, 'f1_macro': 0.6297854244111402, 'f1_micro': 0.8355814622913068, 'f1_weighted': 0.8756381669730354, 'f1_binary': 0.35376243112674943, 'pr_auc': 0.3052476212830514, 'precision_macro': 0.6066064659568039, 'precision_micro': 0.8355814622913068, 'precision_weighted': 0.9462610895188351, 'precision_binary': 0.22527052924309449, 'recall_macro': 0.829865859768556, 'recall_micro': 0.8355814622913068, 'recall_weighted': 0.8355814622913068, 'recall_binary': 0.8234488570525651, 'roc_auc': 0.9053734509573311}
Validation statistic: Loss: 0.2005, dev_score: {'accuracy': 0.8161955134050702, 'balanced_accuracy': 0.8137628552475338, 'f1_macro': 0.45770117841606944, 'f1_micro': 0.8161955134050702, 'f1_weighted': 0.8969170507451238, 'f1_binary': 0.01678048780487805, 'pr_auc': 0.6751686155167838, 'precision_macro': 0.5040151752551382, 'precision_micro': 0.8161955134050702, 'precision_weighted': 0.9976364394863056, 'precision_binary': 0.008477917981072555, 'recall_macro': 0.8137628552475338, 'recall_micro': 0.8161955134050702, 'recall_weighted': 0.8161955134050702, 'recall_binary': 0.8113207547169812, 'roc_auc': 0.9003210622637371}
-----------------------
Epoch 54/100
Training statistic: Loss: 0.2050, train_score: {'accuracy': 0.8318451352907311, 'balanced_accuracy': 0.8382862276312115, 'f1_macro': 0.6289998703704998, 'f1_micro': 0.8318451352907311, 'f1_weighted': 0.8733425115323684, 'f1_binary': 0.354672293229345, 'pr_auc': 0.3277634079434207, 'precision_macro': 0.6068846348103687, 'precision_micro': 0.8318451352907311, 'precision_weighted': 0.9475611896425369, 'precision_binary': 0.22440135873743658, 'recall_macro': 0.8382862276312115, 'recall_micro': 0.8318451352907311, 'recall_weighted': 0.8318451352907311, 'recall_binary': 0.8455177499209944, 'roc_auc': 0.9074823417972736}
Validation statistic: Loss: 0.2025, dev_score: {'accuracy': 0.8112347255152289, 'balanced_accuracy': 0.811277656797128, 'f1_macro': 0.45597338738695853, 'f1_micro': 0.8112347255152289, 'f1_weighted': 0.8939002576110687, 'f1_binary': 0.016346702147880632, 'pr_auc': 0.6741952565598337, 'precision_macro': 0.5039031099782614, 'precision_micro': 0.8112347255152289, 'precision_weighted': 0.9976332757938414, 'precision_binary': 0.00825652841781874, 'recall_macro': 0.811277656797128, 'recall_micro': 0.8112347255152289, 'recall_weighted': 0.8112347255152289, 'recall_binary': 0.8113207547169812, 'roc_auc': 0.9004886269761258}
-----------------------
Epoch 55/100
Training statistic: Loss: 0.2091, train_score: {'accuracy': 0.8271531375935521, 'balanced_accuracy': 0.8371693037440351, 'f1_macro': 0.6247593876932219, 'f1_micro': 0.8271531375935521, 'f1_weighted': 0.8702208191757561, 'f1_binary': 0.34917572591396334, 'pr_auc': 0.28910926708723184, 'precision_macro': 0.6046622365962084, 'precision_micro': 0.8271531375935521, 'precision_weighted': 0.9474368724555536, 'precision_binary': 0.21982340980116544, 'recall_macro': 0.8371693037440351, 'recall_micro': 0.8271531375935521, 'recall_weighted': 0.8271531375935521, 'recall_binary': 0.8484146212999052, 'roc_auc': 0.9020888600095253}
Validation statistic: Loss: 0.2078, dev_score: {'accuracy': 0.8038300200620099, 'balanced_accuracy': 0.8075681326395373, 'f1_macro': 0.4533990042049439, 'f1_micro': 0.8038300200620099, 'f1_weighted': 0.8893664139831141, 'f1_binary': 0.0157393850658858, 'pr_auc': 0.6735682523675428, 'precision_macro': 0.5037461561314216, 'precision_micro': 0.8038300200620099, 'precision_weighted': 0.9976285306315381, 'precision_binary': 0.007946775087784144, 'recall_macro': 0.8075681326395373, 'recall_micro': 0.8038300200620099, 'recall_weighted': 0.8038300200620099, 'recall_binary': 0.8113207547169812, 'roc_auc': 0.9006610186555379}
-----------------------
Epoch 56/100
Training statistic: Loss: 0.1937, train_score: {'accuracy': 0.8409096142774899, 'balanced_accuracy': 0.826480767690807, 'f1_macro': 0.6334152534743067, 'f1_micro': 0.8409096142774899, 'f1_weighted': 0.8790671606788466, 'f1_binary': 0.35761774141057234, 'pr_auc': 0.2922959107524116, 'precision_macro': 0.6082962452255869, 'precision_micro': 0.8409096142774899, 'precision_weighted': 0.9457415783666664, 'precision_binary': 0.2294407158836689, 'recall_macro': 0.826480767690807, 'recall_micro': 0.8409096142774899, 'recall_weighted': 0.8409096142774899, 'recall_binary': 0.8102812598756979, 'roc_auc': 0.9051270778343572}
Validation statistic: Loss: 0.1863, dev_score: {'accuracy': 0.8231260258982309, 'balanced_accuracy': 0.8078191349247614, 'f1_macro': 0.45992399319285343, 'f1_micro': 0.8231260258982309, 'f1_weighted': 0.9011073537102076, 'f1_binary': 0.017028177579566185, 'pr_auc': 0.6757177116770573, 'precision_macro': 0.5040592139004172, 'precision_micro': 0.8231260258982309, 'precision_weighted': 0.9975962044893888, 'precision_binary': 0.00860655737704918, 'recall_macro': 0.8078191349247614, 'recall_micro': 0.8231260258982309, 'recall_weighted': 0.8231260258982309, 'recall_binary': 0.7924528301886793, 'roc_auc': 0.8969242566126}
Saving model...
Model saved!
-------------------------------------------
-----------------------
Epoch 57/100
Training statistic: Loss: 0.2064, train_score: {'accuracy': 0.8307109959700634, 'balanced_accuracy': 0.8383811313275147, 'f1_macro': 0.6280681819116507, 'f1_micro': 0.8307109959700634, 'f1_weighted': 0.8725953208964943, 'f1_binary': 0.35353346597342067, 'pr_auc': 0.3018435215404075, 'precision_macro': 0.606419880296964, 'precision_micro': 0.8307109959700634, 'precision_weighted': 0.9475854704402878, 'precision_binary': 0.22338755608651562, 'recall_macro': 0.8383811313275147, 'recall_micro': 0.8307109959700634, 'recall_weighted': 0.8307109959700634, 'recall_binary': 0.8469925208048036, 'roc_auc': 0.9053709140175423}
Validation statistic: Loss: 0.2049, dev_score: {'accuracy': 0.8086813788072224, 'balanced_accuracy': 0.8099985105358899, 'f1_macro': 0.45508516058726867, 'f1_micro': 0.8086813788072224, 'f1_weighted': 0.8923410527883515, 'f1_binary': 0.016132057775276685, 'pr_auc': 0.6774309430506766, 'precision_macro': 0.5038476464973374, 'precision_micro': 0.8086813788072224, 'precision_weighted': 0.9976316429176855, 'precision_binary': 0.0081470253884047, 'recall_macro': 0.8099985105358899, 'recall_micro': 0.8086813788072224, 'recall_weighted': 0.8086813788072224, 'recall_binary': 0.8113207547169812, 'roc_auc': 0.8977069148371312}
-----------------------
Epoch 58/100
Training statistic: Loss: 0.1979, train_score: {'accuracy': 0.8382066781807714, 'balanced_accuracy': 0.8347777581822204, 'f1_macro': 0.6334691538811464, 'f1_micro': 0.8382066781807714, 'f1_weighted': 0.8774657594595581, 'f1_binary': 0.3595300766872913, 'pr_auc': 0.31525610307551943, 'precision_macro': 0.6089357850330392, 'precision_micro': 0.8382066781807714, 'precision_weighted': 0.9469938345575489, 'precision_binary': 0.22939234874151193, 'recall_macro': 0.8347777581822204, 'recall_micro': 0.8382066781807714, 'recall_weighted': 0.8382066781807714, 'recall_binary': 0.8309280522490256, 'roc_auc': 0.9088582082747567}
Validation statistic: Loss: 0.1925, dev_score: {'accuracy': 0.8187488601130768, 'balanced_accuracy': 0.815042001508772, 'f1_macro': 0.4585918135069733, 'f1_micro': 0.8187488601130768, 'f1_weighted': 0.8984634049991952, 'f1_binary': 0.017012858555885264, 'pr_auc': 0.6723648773831368, 'precision_macro': 0.5040751958708776, 'precision_micro': 0.8187488601130768, 'precision_weighted': 0.9976380639881722, 'precision_binary': 0.00859656137544982, 'recall_macro': 0.815042001508772, 'recall_micro': 0.8187488601130768, 'recall_weighted': 0.8187488601130768, 'recall_binary': 0.8113207547169812, 'roc_auc': 0.8991832771796169}
-----------------------
Epoch 59/100
Training statistic: Loss: 0.2006, train_score: {'accuracy': 0.8347495682210708, 'balanced_accuracy': 0.8400705256976304, 'f1_macro': 0.6319829285179842, 'f1_micro': 0.8347495682210708, 'f1_weighted': 0.8752940893148581, 'f1_binary': 0.35881341166484243, 'pr_auc': 0.29819136814929326, 'precision_macro': 0.6085654808532645, 'precision_micro': 0.8347495682210708, 'precision_weighted': 0.947810913738936, 'precision_binary': 0.22768894936780631, 'recall_macro': 0.8400705256976304, 'recall_micro': 0.8347495682210708, 'recall_weighted': 0.8347495682210708, 'recall_binary': 0.8460444538080691, 'roc_auc': 0.9078206515428988}
Validation statistic: Loss: 0.1969, dev_score: {'accuracy': 0.8144446470910086, 'balanced_accuracy': 0.8034700376365514, 'f1_macro': 0.4569029043401856, 'f1_micro': 0.8144446470910086, 'f1_weighted': 0.8958575641487732, 'f1_binary': 0.016244440146973505, 'pr_auc': 0.6721413969778077, 'precision_macro': 0.5038564953433455, 'precision_micro': 0.8144446470910086, 'precision_weighted': 0.9975902304895664, 'precision_binary': 0.008206330597889801, 'recall_macro': 0.8034700376365514, 'recall_micro': 0.8144446470910086, 'recall_weighted': 0.8144446470910086, 'recall_binary': 0.7924528301886793, 'roc_auc': 0.8955892554472322}
-----------------------
Epoch 60/100
Training statistic: Loss: 0.2061, train_score: {'accuracy': 0.8361917098445596, 'balanced_accuracy': 0.827037406938141, 'f1_macro': 0.6294892811718945, 'f1_micro': 0.8361917098445596, 'f1_weighted': 0.8759813637655741, 'f1_binary': 0.3527484901218139, 'pr_auc': 0.29154193262104666, 'precision_macro': 0.6062287748662794, 'precision_micro': 0.8361917098445596, 'precision_weighted': 0.9458315574962575, 'precision_binary': 0.22495104083556974, 'recall_macro': 0.827037406938141, 'recall_micro': 0.8361917098445596, 'recall_weighted': 0.8361917098445596, 'recall_binary': 0.8167597176867165, 'roc_auc': 0.9038141521939254}
Validation statistic: Loss: 0.2032, dev_score: {'accuracy': 0.8172898048513587, 'balanced_accuracy': 0.8048953720419312, 'f1_macro': 0.4578917463999258, 'f1_micro': 0.8172898048513587, 'f1_weighted': 0.8975836009940563, 'f1_binary': 0.016493225996465737, 'pr_auc': 0.6695322725493785, 'precision_macro': 0.5039208566108008, 'precision_micro': 0.8172898048513587, 'precision_weighted': 0.9975921924920467, 'precision_binary': 0.008333333333333333, 'recall_macro': 0.8048953720419312, 'recall_micro': 0.8172898048513587, 'recall_weighted': 0.8172898048513587, 'recall_binary': 0.7924528301886793, 'roc_auc': 0.8975159048563426}
-----------------------
Epoch 61/100
Training statistic: Loss: 0.2015, train_score: {'accuracy': 0.8380685089234312, 'balanced_accuracy': 0.8402875429863386, 'f1_macro': 0.6349266028089252, 'f1_micro': 0.8380685089234312, 'f1_weighted': 0.877486863843178, 'f1_binary': 0.36260013370044303, 'pr_auc': 0.3324972552323291, 'precision_macro': 0.6101294470075173, 'precision_micro': 0.8380685089234312, 'precision_weighted': 0.9478264854284416, 'precision_binary': 0.2309913239306492, 'recall_macro': 0.8402875429863386, 'recall_micro': 0.8380685089234312, 'recall_weighted': 0.8380685089234312, 'recall_binary': 0.842778889708206, 'roc_auc': 0.9118486028961201}
Validation statistic: Loss: 0.1982, dev_score: {'accuracy': 0.8182381907714754, 'balanced_accuracy': 0.8053704835103911, 'f1_macro': 0.45822160926747785, 'f1_micro': 0.8182381907714754, 'f1_weighted': 0.8981577478164606, 'f1_binary': 0.016577856719952634, 'pr_auc': 0.6706198765391191, 'precision_macro': 0.5039427480826998, 'precision_micro': 0.8182381907714754, 'precision_weighted': 0.9975928455341161, 'precision_binary': 0.008376545672118069, 'recall_macro': 0.8053704835103911, 'recall_micro': 0.8182381907714754, 'recall_weighted': 0.8182381907714754, 'recall_binary': 0.7924528301886793, 'roc_auc': 0.8954037620001847}
-----------------------
Epoch 62/100
Training statistic: Loss: 0.1978, train_score: {'accuracy': 0.8404461715601612, 'balanced_accuracy': 0.8332824643640622, 'f1_macro': 0.634999291511602, 'f1_micro': 0.8404461715601612, 'f1_weighted': 0.8789075049122028, 'f1_binary': 0.3611594536967671, 'pr_auc': 0.3358502714474997, 'precision_macro': 0.6096484915194677, 'precision_micro': 0.8404461715601612, 'precision_weighted': 0.9467641935031712, 'precision_binary': 0.23116304460083506, 'recall_macro': 0.8332824643640622, 'recall_micro': 0.8404461715601612, 'recall_weighted': 0.8404461715601612, 'recall_binary': 0.825239650268619, 'roc_auc': 0.910261830414761}
Validation statistic: Loss: 0.1925, dev_score: {'accuracy': 0.8227977384643443, 'balanced_accuracy': 0.8076546732626022, 'f1_macro': 0.45980952006716, 'f1_micro': 0.8227977384643443, 'f1_weighted': 0.9009097406077511, 'f1_binary': 0.0169971671388102, 'pr_auc': 0.6750672884587207, 'precision_macro': 0.5040511946223656, 'precision_micro': 0.8227977384643443, 'precision_weighted': 0.9975959792104813, 'precision_binary': 0.008590713847412558, 'recall_macro': 0.8076546732626022, 'recall_micro': 0.8227977384643443, 'recall_weighted': 0.8227977384643443, 'recall_binary': 0.7924528301886793, 'roc_auc': 0.9008727156378561}
-----------------------
Epoch 63/100
Training statistic: Loss: 0.2040, train_score: {'accuracy': 0.8384715025906736, 'balanced_accuracy': 0.8409473176528655, 'f1_macro': 0.6354680234361981, 'f1_micro': 0.8384715025906736, 'f1_weighted': 0.8777657570563019, 'f1_binary': 0.36343629825417173, 'pr_auc': 0.3312389160798646, 'precision_macro': 0.6104675797860825, 'precision_micro': 0.8384715025906736, 'precision_weighted': 0.9479246403582415, 'precision_binary': 0.23159888386080066, 'recall_macro': 0.8409473176528655, 'recall_micro': 0.8384715025906736, 'recall_weighted': 0.8384715025906736, 'recall_binary': 0.8437269567049405, 'roc_auc': 0.9114138324241361}
Validation statistic: Loss: 0.2028, dev_score: {'accuracy': 0.8187853364946197, 'balanced_accuracy': 0.8150602750267897, 'f1_macro': 0.4586045444016579, 'f1_micro': 0.8187853364946197, 'f1_weighted': 0.8984854643634975, 'f1_binary': 0.01701622477245746, 'pr_auc': 0.6752649507738706, 'precision_macro': 0.5040760653080413, 'precision_micro': 0.8187853364946197, 'precision_weighted': 0.9976380871787283, 'precision_binary': 0.008598280343931213, 'recall_macro': 0.8150602750267897, 'recall_micro': 0.8187853364946197, 'recall_weighted': 0.8187853364946197, 'recall_binary': 0.8113207547169812, 'roc_auc': 0.8995783989088296}
-----------------------
Epoch 64/100
Training statistic: Loss: 0.1971, train_score: {'accuracy': 0.8479332181922855, 'balanced_accuracy': 0.8275654421232015, 'f1_macro': 0.6400232439016487, 'f1_micro': 0.8479332181922855, 'f1_weighted': 0.8836947165578634, 'f1_binary': 0.36644919888707667, 'pr_auc': 0.340484139348291, 'precision_macro': 0.612070505875022, 'precision_micro': 0.8479332181922855, 'precision_weighted': 0.9459277424622126, 'precision_binary': 0.23724339265194572, 'recall_macro': 0.8275654421232015, 'recall_micro': 0.8479332181922855, 'recall_weighted': 0.8479332181922855, 'recall_binary': 0.8046981986727062, 'roc_auc': 0.9136612156226664}
Validation statistic: Loss: 0.1918, dev_score: {'accuracy': 0.8320262629947109, 'balanced_accuracy': 0.8216935620672108, 'f1_macro': 0.4632441531153498, 'f1_micro': 0.8320262629947109, 'f1_weighted': 0.9064350807115245, 'f1_binary': 0.01833297804306118, 'pr_auc': 0.675813278407857, 'precision_macro': 0.5044160991102912, 'precision_micro': 0.8320262629947109, 'precision_weighted': 0.9976464847721037, 'precision_binary': 0.009271237602414833, 'recall_macro': 0.8216935620672108, 'recall_micro': 0.8320262629947109, 'recall_weighted': 0.8320262629947109, 'recall_binary': 0.8113207547169812, 'roc_auc': 0.9014485038470927}
-----------------------
Epoch 65/100
Training statistic: Loss: 0.2023, train_score: {'accuracy': 0.8382498560736903, 'balanced_accuracy': 0.8383736277208582, 'f1_macro': 0.6345389761397651, 'f1_micro': 0.8382498560736903, 'f1_weighted': 0.877567607876119, 'f1_binary': 0.36168665939658307, 'pr_auc': 0.3301893776836974, 'precision_macro': 0.6097780863657402, 'precision_micro': 0.8382498560736903, 'precision_weighted': 0.9475366180854623, 'precision_binary': 0.23057092373200475, 'recall_macro': 0.8383736277208582, 'recall_micro': 0.8382498560736903, 'recall_weighted': 0.8382498560736903, 'recall_binary': 0.8385125882229011, 'roc_auc': 0.91147248138486}
Validation statistic: Loss: 0.2002, dev_score: {'accuracy': 0.8183840962976473, 'balanced_accuracy': 0.8148592663285952, 'f1_macro': 0.45846451669341465, 'f1_micro': 0.8183840962976473, 'f1_weighted': 0.8982427627521166, 'f1_binary': 0.016979269496544915, 'pr_auc': 0.6756111048791983, 'precision_macro': 0.504066520313752, 'precision_micro': 0.8183840962976473, 'precision_weighted': 0.9976378320579988, 'precision_binary': 0.008579409417398244, 'recall_macro': 0.8148592663285952, 'recall_micro': 0.8183840962976473, 'recall_weighted': 0.8183840962976473, 'recall_binary': 0.8113207547169812, 'roc_auc': 0.9009382244760327}
-----------------------
Epoch 66/100
Training statistic: Loss: 0.2045, train_score: {'accuracy': 0.8408750719631549, 'balanced_accuracy': 0.841896013491836, 'f1_macro': 0.6378642477371289, 'f1_micro': 0.8408750719631549, 'f1_weighted': 0.8793686740470108, 'f1_binary': 0.36672318196398296, 'pr_auc': 0.342343390934856, 'precision_macro': 0.6118252356569485, 'precision_micro': 0.8408750719631549, 'precision_weighted': 0.9480608503435379, 'precision_binary': 0.2343278774924604, 'recall_macro': 0.841896013491836, 'recall_micro': 0.8408750719631549, 'recall_weighted': 0.8408750719631549, 'recall_binary': 0.8430422416517434, 'roc_auc': 0.9140549024569271}
Validation statistic: Loss: 0.2027, dev_score: {'accuracy': 0.8218128761626846, 'balanced_accuracy': 0.8071612882761245, 'f1_macro': 0.45946622332563897, 'f1_micro': 0.8218128761626846, 'f1_weighted': 0.9003164746990187, 'f1_binary': 0.016904809820889516, 'pr_auc': 0.6740284793075939, 'precision_macro': 0.5040273103540159, 'precision_micro': 0.8218128761626846, 'precision_weighted': 0.9975953031123014, 'precision_binary': 0.00854353132628153, 'recall_macro': 0.8071612882761245, 'recall_micro': 0.8218128761626846, 'recall_weighted': 0.8218128761626846, 'recall_binary': 0.7924528301886793, 'roc_auc': 0.8999514545030776}
-----------------------
Epoch 67/100
Training statistic: Loss: 0.2005, train_score: {'accuracy': 0.843517559009787, 'balanced_accuracy': 0.8308872767776775, 'f1_macro': 0.6370233969410489, 'f1_micro': 0.843517559009787, 'f1_weighted': 0.8808735323497697, 'f1_binary': 0.36324876426078195, 'pr_auc': 0.33416960320024647, 'precision_macro': 0.6105912471865163, 'precision_micro': 0.843517559009787, 'precision_weighted': 0.9464060806387443, 'precision_binary': 0.2335663071639453, 'recall_macro': 0.8308872767776775, 'recall_micro': 0.843517559009787, 'recall_weighted': 0.843517559009787, 'recall_binary': 0.816707047298009, 'roc_auc': 0.9117586386826095}
Validation statistic: Loss: 0.1968, dev_score: {'accuracy': 0.8258617545139522, 'balanced_accuracy': 0.8186053375222213, 'f1_macro': 0.4610790754287964, 'f1_micro': 0.8258617545139522, 'f1_weighted': 0.9027483364856139, 'f1_binary': 0.017695473251028805, 'pr_auc': 0.6777902895863253, 'precision_macro': 0.5042514834096478, 'precision_micro': 0.8258617545139522, 'precision_weighted': 0.9976425790552548, 'precision_binary': 0.008945288121489495, 'recall_macro': 0.8186053375222213, 'recall_micro': 0.8258617545139522, 'recall_weighted': 0.8258617545139522, 'recall_binary': 0.8113207547169812, 'roc_auc': 0.9030903622018142}
-----------------------
Epoch 68/100
Training statistic: Loss: 0.1999, train_score: {'accuracy': 0.8396603339090386, 'balanced_accuracy': 0.8402362099899816, 'f1_macro': 0.6363119721101874, 'f1_micro': 0.8396603339090386, 'f1_weighted': 0.8785345587825062, 'f1_binary': 0.3643646156655103, 'pr_auc': 0.33790628738731354, 'precision_macro': 0.6108662420747968, 'precision_micro': 0.8396603339090386, 'precision_weighted': 0.9478134228013079, 'precision_binary': 0.23256999679515195, 'recall_macro': 0.8402362099899816, 'recall_micro': 0.8396603339090386, 'recall_weighted': 0.8396603339090386, 'recall_binary': 0.8408827557147371, 'roc_auc': 0.9135676472337997}
Validation statistic: Loss: 0.1965, dev_score: {'accuracy': 0.8210103957687397, 'balanced_accuracy': 0.8161749596258687, 'f1_macro': 0.459381565477661, 'f1_micro': 0.8210103957687397, 'f1_weighted': 0.8998294169814997, 'f1_binary': 0.017224113759262968, 'pr_auc': 0.6813059576348485, 'precision_macro': 0.5041297573101917, 'precision_micro': 0.8210103957687397, 'precision_weighted': 0.9976395010036327, 'precision_binary': 0.008704453441295546, 'recall_macro': 0.8161749596258687, 'recall_micro': 0.8210103957687397, 'recall_weighted': 0.8210103957687397, 'recall_binary': 0.8113207547169812, 'roc_auc': 0.9024621669220363}
-----------------------
Epoch 69/100
Training statistic: Loss: 0.1971, train_score: {'accuracy': 0.841545768566494, 'balanced_accuracy': 0.8346828673161595, 'f1_macro': 0.6363787383950062, 'f1_micro': 0.841545768566494, 'f1_weighted': 0.8796597521175178, 'f1_binary': 0.3632430681673588, 'pr_auc': 0.3327194336882416, 'precision_macro': 0.6105000987363521, 'precision_micro': 0.841545768566494, 'precision_weighted': 0.9469742062704557, 'precision_binary': 0.23273498065606332, 'recall_macro': 0.8346828673161595, 'recall_micro': 0.841545768566494, 'recall_weighted': 0.841545768566494, 'recall_binary': 0.8269777730959654, 'roc_auc': 0.9119321029129543}
Validation statistic: Loss: 0.1920, dev_score: {'accuracy': 0.8236366952398322, 'balanced_accuracy': 0.8174906529231423, 'f1_macro': 0.4602999039230876, 'f1_micro': 0.8236366952398322, 'f1_weighted': 0.9014115085318268, 'f1_binary': 0.017476122739280633, 'pr_auc': 0.6799990069306956, 'precision_macro': 0.504194839199949, 'precision_micro': 0.8236366952398322, 'precision_weighted': 0.9976411679851275, 'precision_binary': 0.008833196384552178, 'recall_macro': 0.8174906529231423, 'recall_micro': 0.8236366952398322, 'recall_weighted': 0.8236366952398322, 'recall_binary': 0.8113207547169812, 'roc_auc': 0.9005789602161378}
-----------------------
Epoch 70/100
Training statistic: Loss: 0.2045, train_score: {'accuracy': 0.8363039723661485, 'balanced_accuracy': 0.8446641930528895, 'f1_macro': 0.6346236317144331, 'f1_micro': 0.8363039723661485, 'f1_weighted': 0.8764099969776972, 'f1_binary': 0.3631660283544984, 'pr_auc': 0.34905362895283515, 'precision_macro': 0.6103072700933097, 'precision_micro': 0.8363039723661485, 'precision_weighted': 0.9484979091949463, 'precision_binary': 0.2306149732620321, 'recall_macro': 0.8446641930528895, 'recall_micro': 0.8363039723661485, 'recall_weighted': 0.8363039723661485, 'recall_binary': 0.8540503528916044, 'roc_auc': 0.913878441402807}
Validation statistic: Loss: 0.2032, dev_score: {'accuracy': 0.8163049425496991, 'balanced_accuracy': 0.8138176758015869, 'f1_macro': 0.4577393280938738, 'f1_micro': 0.8163049425496991, 'f1_weighted': 0.8969834121190895, 'f1_binary': 0.01679031628270207, 'pr_auc': 0.6788152955089469, 'precision_macro': 0.5040177140531815, 'precision_micro': 0.8163049425496991, 'precision_weighted': 0.997636509157158, 'precision_binary': 0.00848293549023476, 'recall_macro': 0.8138176758015869, 'recall_micro': 0.8163049425496991, 'recall_weighted': 0.8163049425496991, 'recall_binary': 0.8113207547169812, 'roc_auc': 0.9015312518532106}
-----------------------
Epoch 71/100
Training statistic: Loss: 0.2049, train_score: {'accuracy': 0.8378727691421992, 'balanced_accuracy': 0.8412013368783711, 'f1_macro': 0.6350152150990079, 'f1_micro': 0.8378727691421992, 'f1_weighted': 0.8773762334758619, 'f1_binary': 0.3629124390602554, 'pr_auc': 0.3561940149052267, 'precision_macro': 0.6102460427406379, 'precision_micro': 0.8378727691421992, 'precision_weighted': 0.9479654430848218, 'precision_binary': 0.23108281355785712, 'recall_macro': 0.8412013368783711, 'recall_micro': 0.8378727691421992, 'recall_weighted': 0.8378727691421992, 'recall_binary': 0.8449383756452122, 'roc_auc': 0.9151307750225527}
Validation statistic: Loss: 0.2025, dev_score: {'accuracy': 0.8190771475469634, 'balanced_accuracy': 0.8152064631709313, 'f1_macro': 0.4587063995971117, 'f1_micro': 0.8190771475469634, 'f1_weighted': 0.8986619074768784, 'f1_binary': 0.017043202536662704, 'pr_auc': 0.6758077536589178, 'precision_macro': 0.5040830331673155, 'precision_micro': 0.8190771475469634, 'precision_weighted': 0.9976382726872995, 'precision_binary': 0.008612056879631484, 'recall_macro': 0.8152064631709313, 'recall_micro': 0.8190771475469634, 'recall_weighted': 0.8190771475469634, 'recall_binary': 0.8113207547169812, 'roc_auc': 0.9044508773357349}
-----------------------
Epoch 72/100
Training statistic: Loss: 0.1893, train_score: {'accuracy': 0.8559844559585492, 'balanced_accuracy': 0.8204347456486734, 'f1_macro': 0.6453401570287489, 'f1_micro': 0.8559844559585492, 'f1_weighted': 0.8887906507304505, 'f1_binary': 0.37201420878886393, 'pr_auc': 0.3561031657378527, 'precision_macro': 0.6148349944885612, 'precision_micro': 0.8559844559585492, 'precision_weighted': 0.9449552222584342, 'precision_binary': 0.24420348367747144, 'recall_macro': 0.8204347456486734, 'recall_micro': 0.8559844559585492, 'recall_weighted': 0.8559844559585492, 'recall_binary': 0.7805224902559781, 'roc_auc': 0.915851971505667}
Validation statistic: Loss: 0.1804, dev_score: {'accuracy': 0.8448659492978297, 'balanced_accuracy': 0.8281258404094372, 'f1_macro': 0.4677937007514532, 'f1_micro': 0.8448659492978297, 'f1_weighted': 0.9140350786138641, 'f1_binary': 0.01982023507720673, 'pr_auc': 0.6727302618578126, 'precision_macro': 0.5048001534213946, 'precision_micro': 0.8448659492978297, 'precision_weighted': 0.9976546256174126, 'precision_binary': 0.010032664489034065, 'recall_macro': 0.8281258404094372, 'recall_micro': 0.8448659492978297, 'recall_weighted': 0.8448659492978297, 'recall_binary': 0.8113207547169812, 'roc_auc': 0.9057327818638437}
Saving model...
Model saved!
-------------------------------------------
-----------------------
Epoch 73/100
Training statistic: Loss: 0.1883, train_score: {'accuracy': 0.8589407023603914, 'balanced_accuracy': 0.8079295053849138, 'f1_macro': 0.6441850708531508, 'f1_micro': 0.8589407023603914, 'f1_weighted': 0.8903998736113744, 'f1_binary': 0.36775558652010115, 'pr_auc': 0.3281220183527474, 'precision_macro': 0.6135724030242975, 'precision_micro': 0.8589407023603914, 'precision_weighted': 0.943165824194004, 'precision_binary': 0.24353234680974675, 'recall_macro': 0.8079295053849138, 'recall_micro': 0.8589407023603914, 'recall_weighted': 0.8589407023603914, 'recall_binary': 0.7506583798588433, 'roc_auc': 0.9135074506251344}
Validation statistic: Loss: 0.1785, dev_score: {'accuracy': 0.8481488236366952, 'balanced_accuracy': 0.8297704570310291, 'f1_macro': 0.4689682123426886, 'f1_micro': 0.8481488236366952, 'f1_weighted': 0.9159613623827485, 'f1_binary': 0.020240056483878558, 'pr_auc': 0.6758093625880173, 'precision_macro': 0.5049085866654274, 'precision_micro': 0.8481488236366952, 'precision_weighted': 0.9976567142713968, 'precision_binary': 0.010247855100095328, 'recall_macro': 0.8297704570310291, 'recall_micro': 0.8481488236366952, 'recall_weighted': 0.8481488236366952, 'recall_binary': 0.8113207547169812, 'roc_auc': 0.9073911898197887}
Saving model...
Model saved!
-------------------------------------------
-----------------------
Epoch 74/100
Training statistic: Loss: 0.1962, train_score: {'accuracy': 0.8486096718480138, 'balanced_accuracy': 0.8272036531950919, 'f1_macro': 0.6405331031462512, 'f1_micro': 0.8486096718480138, 'f1_weighted': 0.8841294865469261, 'f1_binary': 0.367043362096978, 'pr_auc': 0.3422922962469861, 'precision_macro': 0.6123420821401504, 'precision_micro': 0.8486096718480138, 'precision_weighted': 0.9458783189580927, 'precision_binary': 0.237875360736292, 'recall_macro': 0.8272036531950919, 'recall_micro': 0.8486096718480138, 'recall_weighted': 0.8486096718480138, 'recall_binary': 0.8031707574001896, 'roc_auc': 0.9138683102427778}
Validation statistic: Loss: 0.1907, dev_score: {'accuracy': 0.8326828378624841, 'balanced_accuracy': 0.8220224853915291, 'f1_macro': 0.4634753785162525, 'f1_micro': 0.8326828378624841, 'f1_weighted': 0.9068262934439737, 'f1_binary': 0.01840359512090734, 'pr_auc': 0.6828010636655754, 'precision_macro': 0.5044343333057963, 'precision_micro': 0.8326828378624841, 'precision_weighted': 0.9976469006201614, 'precision_binary': 0.009307359307359308, 'recall_macro': 0.8220224853915291, 'recall_micro': 0.8326828378624841, 'recall_weighted': 0.8326828378624841, 'recall_binary': 0.8113207547169812, 'roc_auc': 0.9054893648125136}
-----------------------
Epoch 75/100
Training statistic: Loss: 0.1946, train_score: {'accuracy': 0.8544789867587795, 'balanced_accuracy': 0.8295387721544752, 'f1_macro': 0.6467192451156306, 'f1_micro': 0.8544789867587795, 'f1_weighted': 0.8880265584190211, 'f1_binary': 0.37579948141745895, 'pr_auc': 0.3589571024269209, 'precision_macro': 0.616116535260187, 'precision_micro': 0.8544789867587795, 'precision_weighted': 0.9462806263749381, 'precision_binary': 0.2454357783368815, 'recall_macro': 0.8295387721544752, 'recall_micro': 0.8544789867587795, 'recall_weighted': 0.8544789867587795, 'recall_binary': 0.8015379753502581, 'roc_auc': 0.918442417332783}
Validation statistic: Loss: 0.1890, dev_score: {'accuracy': 0.8415101221958782, 'balanced_accuracy': 0.8264446767518098, 'f1_macro': 0.4665983416677052, 'f1_micro': 0.8415101221958782, 'f1_weighted': 0.9120589148683611, 'f1_binary': 0.019408711351839313, 'pr_auc': 0.6760888081555264, 'precision_macro': 0.5046938760779157, 'precision_micro': 0.8415101221958782, 'precision_weighted': 0.9976524947196134, 'precision_binary': 0.009821836455002285, 'recall_macro': 0.8264446767518098, 'recall_micro': 0.8415101221958782, 'recall_weighted': 0.8415101221958782, 'recall_binary': 0.8113207547169812, 'roc_auc': 0.9056555503914672}
-----------------------
Epoch 76/100
Training statistic: Loss: 0.1940, train_score: {'accuracy': 0.8564277489925158, 'balanced_accuracy': 0.8283859635238234, 'f1_macro': 0.6482290381371218, 'f1_micro': 0.8564277489925158, 'f1_weighted': 0.8892744155465009, 'f1_binary': 0.37760335425583685, 'pr_auc': 0.3699474751496298, 'precision_macro': 0.6169747653866988, 'precision_micro': 0.8564277489925158, 'precision_weighted': 0.9461356544713675, 'precision_binary': 0.2474203201910026, 'recall_macro': 0.8283859635238234, 'recall_micro': 0.8564277489925158, 'recall_weighted': 0.8564277489925158, 'recall_binary': 0.7969029811440008, 'roc_auc': 0.9198772884894495}
Validation statistic: Loss: 0.1877, dev_score: {'accuracy': 0.8432609885099398, 'balanced_accuracy': 0.8273218056166589, 'f1_macro': 0.4672213799008753, 'f1_micro': 0.8432609885099398, 'f1_weighted': 0.9130908515709405, 'f1_binary': 0.019621263974446725, 'pr_auc': 0.6790872060203909, 'precision_macro': 0.5047487671078017, 'precision_micro': 0.8432609885099398, 'precision_weighted': 0.9976536060452045, 'precision_binary': 0.009930715935334873, 'recall_macro': 0.8273218056166589, 'recall_micro': 0.8432609885099398, 'recall_weighted': 0.8432609885099398, 'recall_binary': 0.8113207547169812, 'roc_auc': 0.9048811669675476}
-----------------------
Epoch 77/100
Training statistic: Loss: 0.1997, train_score: {'accuracy': 0.8549913644214162, 'balanced_accuracy': 0.8343753131040135, 'f1_macro': 0.6486783278990421, 'f1_micro': 0.8549913644214162, 'f1_weighted': 0.8884763530851484, 'f1_binary': 0.3794530672579453, 'pr_auc': 0.3542857251282726, 'precision_macro': 0.6175390558827211, 'precision_micro': 0.8549913644214162, 'precision_weighted': 0.9470029095162087, 'precision_binary': 0.24764446731195935, 'recall_macro': 0.8343753131040135, 'recall_micro': 0.8549913644214162, 'recall_weighted': 0.8549913644214162, 'recall_binary': 0.8112293268724323, 'roc_auc': 0.919731957772253}
Validation statistic: Loss: 0.1963, dev_score: {'accuracy': 0.8421302206821083, 'balanced_accuracy': 0.8267553265581105, 'f1_macro': 0.4668188492314851, 'f1_micro': 0.8421302206821083, 'f1_weighted': 0.9124246160653214, 'f1_binary': 0.019483461712732214, 'pr_auc': 0.674709635869332, 'precision_macro': 0.5047131798095165, 'precision_micro': 0.8421302206821083, 'precision_weighted': 0.9976528882131761, 'precision_binary': 0.009860123824810824, 'recall_macro': 0.8267553265581105, 'recall_micro': 0.8421302206821083, 'recall_weighted': 0.8421302206821083, 'recall_binary': 0.8113207547169812, 'roc_auc': 0.9043233074929697}
-----------------------
Epoch 78/100
Training statistic: Loss: 0.2027, train_score: {'accuracy': 0.8457628094415659, 'balanced_accuracy': 0.8443819142571081, 'f1_macro': 0.6429934947921003, 'f1_micro': 0.8457628094415659, 'f1_weighted': 0.8826388288588607, 'f1_binary': 0.37393966302900006, 'pr_auc': 0.3848593841836503, 'precision_macro': 0.6148217448217448, 'precision_micro': 0.8457628094415659, 'precision_weighted': 0.9484334709803911, 'precision_binary': 0.24027027027027026, 'recall_macro': 0.8443819142571081, 'recall_micro': 0.8457628094415659, 'recall_weighted': 0.8457628094415659, 'recall_binary': 0.8428315600969135, 'roc_auc': 0.9215777937689494}
Validation statistic: Loss: 0.2023, dev_score: {'accuracy': 0.8271749042494985, 'balanced_accuracy': 0.8192631841708581, 'f1_macro': 0.46153944942858927, 'f1_micro': 0.8271749042494985, 'f1_weighted': 0.903535759273404, 'f1_binary': 0.01782752902155887, 'pr_auc': 0.6750482151616107, 'precision_macro': 0.5042855837454331, 'precision_micro': 0.8271749042494985, 'precision_weighted': 0.9976434113986263, 'precision_binary': 0.009012785579543072, 'recall_macro': 0.8192631841708581, 'recall_micro': 0.8271749042494985, 'recall_weighted': 0.8271749042494985, 'recall_binary': 0.8113207547169812, 'roc_auc': 0.9014702251986986}
-----------------------
Epoch 79/100
Training statistic: Loss: 0.2020, train_score: {'accuracy': 0.8426108232584917, 'balanced_accuracy': 0.8497119998144028, 'f1_macro': 0.6416492270072512, 'f1_micro': 0.8426108232584917, 'f1_weighted': 0.8806726738171485, 'f1_binary': 0.3732935984870193, 'pr_auc': 0.3817985636814859, 'precision_macro': 0.6144411259753617, 'precision_micro': 0.8426108232584917, 'precision_weighted': 0.9492354331752381, 'precision_binary': 0.23856194787500548, 'recall_macro': 0.8497119998144028, 'recall_micro': 0.8426108232584917, 'recall_weighted': 0.8426108232584917, 'recall_binary': 0.8576846097124197, 'roc_auc': 0.9218291168794766}
Validation statistic: Loss: 0.2003, dev_score: {'accuracy': 0.823053073135145, 'balanced_accuracy': 0.8171982766348593, 'f1_macro': 0.4600957087259301, 'f1_micro': 0.823053073135145, 'f1_weighted': 0.9010603258916587, 'f1_binary': 0.01741948551752076, 'pr_auc': 0.6765476168715241, 'precision_macro': 0.504180212931489, 'precision_micro': 0.823053073135145, 'precision_weighted': 0.9976407976938645, 'precision_binary': 0.008804258804258804, 'recall_macro': 0.8171982766348593, 'recall_micro': 0.823053073135145, 'recall_weighted': 0.823053073135145, 'recall_binary': 0.8113207547169812, 'roc_auc': 0.901436091646175}
-----------------------
Epoch 80/100
Training statistic: Loss: 0.2013, train_score: {'accuracy': 0.8512838226827865, 'balanced_accuracy': 0.8327865644446302, 'f1_macro': 0.64468892572891, 'f1_micro': 0.8512838226827865, 'f1_weighted': 0.8860092848603778, 'f1_binary': 0.37375451526097603, 'pr_auc': 0.379167006270036, 'precision_macro': 0.6150848349175198, 'precision_micro': 0.8512838226827865, 'precision_weighted': 0.9467297526319303, 'precision_binary': 0.24274152915984382, 'recall_macro': 0.8327865644446302, 'recall_micro': 0.8512838226827865, 'recall_weighted': 0.8512838226827865, 'recall_binary': 0.8120193827030443, 'roc_auc': 0.9202627760773705}
Validation statistic: Loss: 0.1996, dev_score: {'accuracy': 0.8367317162137516, 'balanced_accuracy': 0.8240508458914926, 'f1_macro': 0.46490432500560697, 'f1_micro': 0.8367317162137516, 'f1_weighted': 0.9092326069162192, 'f1_binary': 0.018851380973257344, 'pr_auc': 0.6752292931170256, 'precision_macro': 0.5045499578759959, 'precision_micro': 0.8367317162137516, 'precision_weighted': 0.9976494653199144, 'precision_binary': 0.009536482590374805, 'recall_macro': 0.8240508458914926, 'recall_micro': 0.8367317162137516, 'recall_weighted': 0.8367317162137516, 'recall_binary': 0.8113207547169812, 'roc_auc': 0.8992618877854289}
-----------------------
Epoch 81/100
Training statistic: Loss: 0.1916, train_score: {'accuracy': 0.8644818652849741, 'balanced_accuracy': 0.8127708373071934, 'f1_macro': 0.651169783746965, 'f1_micro': 0.8644818652849741, 'f1_weighted': 0.894135262174808, 'f1_binary': 0.3783883702813684, 'pr_auc': 0.3694455005895806, 'precision_macro': 0.618233090037352, 'precision_micro': 0.8644818652849741, 'precision_weighted': 0.9440001595604827, 'precision_binary': 0.25248894292611584, 'recall_macro': 0.8127708373071934, 'recall_micro': 0.8644818652849741, 'recall_weighted': 0.8644818652849741, 'recall_binary': 0.7547139997893184, 'roc_auc': 0.919709237177827}
Validation statistic: Loss: 0.1857, dev_score: {'accuracy': 0.8545686667882546, 'balanced_accuracy': 0.8235709074560091, 'f1_macro': 0.47104305209920044, 'f1_micro': 0.8545686667882546, 'f1_weighted': 0.9197108473161032, 'f1_binary': 0.020633750921149593, 'pr_auc': 0.6782702245403811, 'precision_macro': 0.5049914079636464, 'precision_micro': 0.8545686667882546, 'precision_weighted': 0.997617723111034, 'precision_binary': 0.010452961672473868, 'recall_macro': 0.8235709074560091, 'recall_micro': 0.8545686667882546, 'recall_weighted': 0.8545686667882546, 'recall_binary': 0.7924528301886793, 'roc_auc': 0.8985647358338862}
-----------------------
Epoch 82/100
Training statistic: Loss: 0.1994, train_score: {'accuracy': 0.8560679332181923, 'balanced_accuracy': 0.8251685024068934, 'f1_macro': 0.6468913518762829, 'f1_micro': 0.8560679332181923, 'f1_weighted': 0.8889610918418166, 'f1_binary': 0.3751155989902272, 'pr_auc': 0.3962265746335147, 'precision_macro': 0.6160062856404758, 'precision_micro': 0.8560679332181923, 'precision_weighted': 0.9456553230187803, 'precision_binary': 0.2459037881766942, 'recall_macro': 0.8251685024068934, 'recall_micro': 0.8560679332181923, 'recall_weighted': 0.8560679332181923, 'recall_binary': 0.7904771937216897, 'roc_auc': 0.9213182180062001}
Validation statistic: Loss: 0.1972, dev_score: {'accuracy': 0.8417654568666788, 'balanced_accuracy': 0.8265725913779336, 'f1_macro': 0.46668911907283916, 'f1_micro': 0.8417654568666788, 'f1_weighted': 0.9122095274418518, 'f1_binary': 0.019439421338155516, 'pr_auc': 0.6803178974050599, 'precision_macro': 0.5047018066678048, 'precision_micro': 0.8417654568666788, 'precision_weighted': 0.9976526567337316, 'precision_binary': 0.00983756577442233, 'recall_macro': 0.8265725913779336, 'recall_micro': 0.8417654568666788, 'recall_weighted': 0.8417654568666788, 'recall_binary': 0.8113207547169812, 'roc_auc': 0.8980647999635909}
-----------------------
Epoch 83/100
Training statistic: Loss: 0.1971, train_score: {'accuracy': 0.8550402993667242, 'balanced_accuracy': 0.8323169261060386, 'f1_macro': 0.6481007995472953, 'f1_micro': 0.8550402993667242, 'f1_weighted': 0.888459935262189, 'f1_binary': 0.37824557071424164, 'pr_auc': 0.39259884707750475, 'precision_macro': 0.6170880572392029, 'precision_micro': 0.8550402993667242, 'precision_weighted': 0.9466987079498003, 'precision_binary': 0.24702865713041655, 'recall_macro': 0.8323169261060386, 'recall_micro': 0.8550402993667242, 'recall_weighted': 0.8550402993667242, 'recall_binary': 0.8068050142210049, 'roc_auc': 0.9228759951029044}
Validation statistic: Loss: 0.1940, dev_score: {'accuracy': 0.8412183111435345, 'balanced_accuracy': 0.8262984886076683, 'f1_macro': 0.4664946297024178, 'f1_micro': 0.8412183111435345, 'f1_weighted': 0.9118867352245043, 'f1_binary': 0.019373732822707816, 'pr_auc': 0.6806641662005088, 'precision_macro': 0.5046848432368736, 'precision_micro': 0.8412183111435345, 'precision_weighted': 0.9976523095815072, 'precision_binary': 0.00980392156862745, 'recall_macro': 0.8262984886076683, 'recall_micro': 0.8412183111435345, 'recall_weighted': 0.8412183111435345, 'recall_binary': 0.8113207547169812, 'roc_auc': 0.9031572501734261}
-----------------------
Epoch 84/100
Training statistic: Loss: 0.1927, train_score: {'accuracy': 0.8592746113989638, 'balanced_accuracy': 0.8149296113261466, 'f1_macro': 0.6467555576666376, 'f1_micro': 0.8592746113989638, 'f1_weighted': 0.8907985838832881, 'f1_binary': 0.3727643632444638, 'pr_auc': 0.4003815961667281, 'precision_macro': 0.6154726457046314, 'precision_micro': 0.8592746113989638, 'precision_weighted': 0.9442007475699397, 'precision_binary': 0.24640409797136847, 'recall_macro': 0.8149296113261466, 'recall_micro': 0.8592746113989638, 'recall_weighted': 0.8592746113989638, 'recall_binary': 0.7651427367533973, 'roc_auc': 0.920549710326462}
Validation statistic: Loss: 0.1873, dev_score: {'accuracy': 0.847565201532008, 'balanced_accuracy': 0.8294780807427462, 'f1_macro': 0.4687590137657831, 'f1_micro': 0.847565201532008, 'f1_weighted': 0.9156194103838322, 'f1_binary': 0.020164126611957794, 'pr_auc': 0.6792633389573628, 'precision_macro': 0.5048889740614231, 'precision_micro': 0.847565201532008, 'precision_weighted': 0.997656342604112, 'precision_binary': 0.010208926875593542, 'recall_macro': 0.8294780807427462, 'recall_micro': 0.847565201532008, 'recall_weighted': 0.847565201532008, 'recall_binary': 0.8113207547169812, 'roc_auc': 0.9030679512834905}
-----------------------
Epoch 85/100
Training statistic: Loss: 0.1988, train_score: {'accuracy': 0.8542112838226827, 'balanced_accuracy': 0.8246083265033518, 'f1_macro': 0.6449537490572905, 'f1_micro': 0.8542112838226827, 'f1_weighted': 0.8877336970420744, 'f1_binary': 0.3723806337286392, 'pr_auc': 0.4124704277061807, 'precision_macro': 0.6148044419175998, 'precision_micro': 0.8542112838226827, 'precision_weighted': 0.9455475518525311, 'precision_binary': 0.24347361086354136, 'recall_macro': 0.8246083265033518, 'recall_micro': 0.8542112838226827, 'recall_weighted': 0.8542112838226827, 'recall_binary': 0.7913725903297166, 'roc_auc': 0.9214355010926808}
Validation statistic: Loss: 0.1957, dev_score: {'accuracy': 0.840160496078789, 'balanced_accuracy': 0.8257685565851554, 'f1_macro': 0.4661189692090323, 'f1_micro': 0.840160496078789, 'f1_weighted': 0.9112621276735893, 'f1_binary': 0.019247985675917637, 'pr_auc': 0.6793943721469354, 'precision_macro': 0.5046523708700577, 'precision_micro': 0.840160496078789, 'precision_weighted': 0.9976516386303613, 'precision_binary': 0.009739524348810872, 'recall_macro': 0.8257685565851554, 'recall_micro': 0.840160496078789, 'recall_weighted': 0.840160496078789, 'recall_binary': 0.8113207547169812, 'roc_auc': 0.9043515797283934}
-----------------------
Epoch 86/100
Training statistic: Loss: 0.1994, train_score: {'accuracy': 0.8461485319516407, 'balanced_accuracy': 0.8384323690593245, 'f1_macro': 0.6416161247164522, 'f1_micro': 0.8461485319516407, 'f1_weighted': 0.8827649172435054, 'f1_binary': 0.3708743349498564, 'pr_auc': 0.4389773838118819, 'precision_macro': 0.6136606559978058, 'precision_micro': 0.8461485319516407, 'precision_weighted': 0.9475428544599019, 'precision_binary': 0.23880551765954222, 'recall_macro': 0.8384323690593245, 'recall_micro': 0.8461485319516407, 'recall_weighted': 0.8461485319516407, 'recall_binary': 0.8297693036974613, 'roc_auc': 0.9278990334029904}
Validation statistic: Loss: 0.1979, dev_score: {'accuracy': 0.8299471092467627, 'balanced_accuracy': 0.8112362827940691, 'f1_macro': 0.46230774776252004, 'f1_micro': 0.8299471092467627, 'f1_weighted': 0.9051973027836142, 'f1_binary': 0.017699115044247787, 'pr_auc': 0.6740689177241869, 'precision_macro': 0.5042326934700757, 'precision_micro': 0.8299471092467627, 'precision_weighted': 0.997600876976956, 'precision_binary': 0.008949499254208395, 'recall_macro': 0.8112362827940691, 'recall_micro': 0.8299471092467627, 'recall_weighted': 0.8299471092467627, 'recall_binary': 0.7924528301886793, 'roc_auc': 0.9008709917210621}
-----------------------
Epoch 87/100
Training statistic: Loss: 0.2006, train_score: {'accuracy': 0.8468048359240069, 'balanced_accuracy': 0.8409630117652593, 'f1_macro': 0.6429568149285505, 'f1_micro': 0.8468048359240069, 'f1_weighted': 0.8832510877577825, 'f1_binary': 0.3731744087439932, 'pr_auc': 0.44642918006561494, 'precision_macro': 0.6145797201824038, 'precision_micro': 0.8468048359240069, 'precision_weighted': 0.947923660328684, 'precision_binary': 0.24032889347370975, 'recall_macro': 0.8409630117652593, 'recall_micro': 0.8468048359240069, 'recall_weighted': 0.8468048359240069, 'recall_binary': 0.8344042979037185, 'roc_auc': 0.9281137029177902}
Validation statistic: Loss: 0.2005, dev_score: {'accuracy': 0.8299106328652198, 'balanced_accuracy': 0.8206336980221848, 'f1_macro': 0.46249995621958717, 'f1_micro': 0.8299106328652198, 'f1_weighted': 0.9051726010848296, 'f1_binary': 0.018109075594862075, 'pr_auc': 0.6689690110017887, 'precision_macro': 0.5043582844564279, 'precision_micro': 0.8299106328652198, 'precision_weighted': 0.9976451447291736, 'precision_binary': 0.009156729131175469, 'recall_macro': 0.8206336980221848, 'recall_micro': 0.8299106328652198, 'recall_weighted': 0.8299106328652198, 'recall_binary': 0.8113207547169812, 'roc_auc': 0.9021673771502413}
-----------------------
Epoch 88/100
Training statistic: Loss: 0.1825, train_score: {'accuracy': 0.8694271732872769, 'balanced_accuracy': 0.8017890646296246, 'f1_macro': 0.6525091186669622, 'f1_micro': 0.8694271732872769, 'f1_weighted': 0.8970488061637462, 'f1_binary': 0.377960314304129, 'pr_auc': 0.4330971218337921, 'precision_macro': 0.6188826556359724, 'precision_micro': 0.8694271732872769, 'precision_weighted': 0.9425447591562911, 'precision_binary': 0.2555017891243488, 'recall_macro': 0.8017890646296246, 'recall_micro': 0.8694271732872769, 'recall_weighted': 0.8694271732872769, 'recall_binary': 0.7258506267776256, 'roc_auc': 0.9254873274413522}
Validation statistic: Loss: 0.1734, dev_score: {'accuracy': 0.8612073682290716, 'balanced_accuracy': 0.8363123764813617, 'f1_macro': 0.47370255024921365, 'f1_micro': 0.8612073682290716, 'f1_weighted': 0.9235567023582063, 'f1_binary': 0.022102287329735286, 'pr_auc': 0.6678390367795068, 'precision_macro': 0.5053898048908433, 'precision_micro': 0.8612073682290716, 'precision_weighted': 0.9976650892114105, 'precision_binary': 0.011203751954142784, 'recall_macro': 0.8363123764813617, 'recall_micro': 0.8612073682290716, 'recall_weighted': 0.8612073682290716, 'recall_binary': 0.8113207547169812, 'roc_auc': 0.9033896341572737}
Saving model...
Model saved!
-------------------------------------------
-----------------------
Epoch 89/100
Training statistic: Loss: 0.1970, train_score: {'accuracy': 0.8589291882556132, 'balanced_accuracy': 0.8288901687796588, 'f1_macro': 0.6508086758392854, 'f1_micro': 0.8589291882556132, 'f1_weighted': 0.8909234936826677, 'f1_binary': 0.38122774677407134, 'pr_auc': 0.4377958967621817, 'precision_macro': 0.6185861275751381, 'precision_micro': 0.8589291882556132, 'precision_weighted': 0.9462484966326178, 'precision_binary': 0.2507140959213498, 'recall_macro': 0.8288901687796588, 'recall_micro': 0.8589291882556132, 'recall_weighted': 0.8589291882556132, 'recall_binary': 0.7951648583166544, 'roc_auc': 0.9290033061102306}
Validation statistic: Loss: 0.1938, dev_score: {'accuracy': 0.8462520517964618, 'balanced_accuracy': 0.8288202340941093, 'f1_macro': 0.4682889532351534, 'f1_micro': 0.8462520517964618, 'f1_weighted': 0.9148492309287923, 'f1_binary': 0.019995349918623576, 'pr_auc': 0.6745139442077268, 'precision_macro': 0.5048453810403248, 'precision_micro': 0.8462520517964618, 'precision_weighted': 0.9976555069285507, 'precision_binary': 0.01012241054613936, 'recall_macro': 0.8288202340941093, 'recall_micro': 0.8462520517964618, 'recall_weighted': 0.8462520517964618, 'recall_binary': 0.8113207547169812, 'roc_auc': 0.9074408386234595}
-----------------------
Epoch 90/100
Training statistic: Loss: 0.1906, train_score: {'accuracy': 0.8598733448474382, 'balanced_accuracy': 0.8281489021895488, 'f1_macro': 0.651503482510739, 'f1_micro': 0.8598733448474382, 'f1_weighted': 0.8915229510771479, 'f1_binary': 0.3820296036763399, 'pr_auc': 0.44086238388772087, 'precision_macro': 0.6189885210876538, 'precision_micro': 0.8598733448474382, 'precision_weighted': 0.9461555853405094, 'precision_binary': 0.2516725764367432, 'recall_macro': 0.8281489021895488, 'recall_micro': 0.8598733448474382, 'recall_weighted': 0.8598733448474382, 'recall_binary': 0.7925313388812809, 'roc_auc': 0.9301300406419534}
Validation statistic: Loss: 0.1861, dev_score: {'accuracy': 0.8467627211380631, 'balanced_accuracy': 0.829076063346357, 'f1_macro': 0.46847165142281444, 'f1_micro': 0.8467627211380631, 'f1_weighted': 0.9151488748253451, 'f1_binary': 0.02006064847212503, 'pr_auc': 0.6759435302035592, 'precision_macro': 0.5048622465945787, 'precision_micro': 0.8467627211380631, 'precision_weighted': 0.9976558318222145, 'precision_binary': 0.010155880963627776, 'recall_macro': 0.829076063346357, 'recall_micro': 0.8467627211380631, 'recall_weighted': 0.8467627211380631, 'recall_binary': 0.8113207547169812, 'roc_auc': 0.9085075983356619}
-----------------------
Epoch 91/100
Training statistic: Loss: 0.2002, train_score: {'accuracy': 0.8555094991364421, 'balanced_accuracy': 0.8356170537552068, 'f1_macro': 0.6495514996003511, 'f1_micro': 0.8555094991364421, 'f1_weighted': 0.8888451812355657, 'f1_binary': 0.3808924739140087, 'pr_auc': 0.45539484764270854, 'precision_macro': 0.6181271051981431, 'precision_micro': 0.8555094991364421, 'precision_weighted': 0.9471929400466306, 'precision_binary': 0.24867937898602074, 'recall_macro': 0.8356170537552068, 'recall_micro': 0.8555094991364421, 'recall_weighted': 0.8555094991364421, 'recall_binary': 0.8132834720320236, 'roc_auc': 0.9318503208526937}
Validation statistic: Loss: 0.1991, dev_score: {'accuracy': 0.8419113623928506, 'balanced_accuracy': 0.8266456854500044, 'f1_macro': 0.46674100430766363, 'f1_micro': 0.8419113623928506, 'f1_weighted': 0.9122955730812394, 'f1_binary': 0.019457013574660634, 'pr_auc': 0.6748496047179514, 'precision_macro': 0.5047063497356041, 'precision_micro': 0.8419113623928506, 'precision_weighted': 0.9976527493211051, 'precision_binary': 0.00984657659720632, 'recall_macro': 0.8266456854500044, 'recall_micro': 0.8419113623928506, 'recall_weighted': 0.8419113623928506, 'recall_binary': 0.8113207547169812, 'roc_auc': 0.9065888789438046}
-----------------------
Epoch 92/100
Training statistic: Loss: 0.1937, train_score: {'accuracy': 0.8623690270581462, 'balanced_accuracy': 0.8213799338598587, 'f1_macro': 0.6518386147846079, 'f1_micro': 0.8623690270581462, 'f1_weighted': 0.892983201613816, 'f1_binary': 0.38110154682544817, 'pr_auc': 0.45993799075230213, 'precision_macro': 0.6189437626642846, 'precision_micro': 0.8623690270581462, 'precision_weighted': 0.9452105051808696, 'precision_binary': 0.2526386243113834, 'recall_macro': 0.8213799338598587, 'recall_micro': 0.8623690270581462, 'recall_weighted': 0.8623690270581462, 'recall_binary': 0.7753607921626462, 'roc_auc': 0.929951340630415}
Validation statistic: Loss: 0.1888, dev_score: {'accuracy': 0.8523071311325916, 'balanced_accuracy': 0.8224379493389125, 'f1_macro': 0.47022878045924166, 'f1_micro': 0.8523071311325916, 'f1_weighted': 0.9183937868392139, 'f1_binary': 0.020324219695136706, 'pr_auc': 0.6760302278339919, 'precision_macro': 0.5049113613733472, 'precision_micro': 0.8523071311325916, 'precision_weighted': 0.9976161692858482, 'precision_binary': 0.010294117647058823, 'recall_macro': 0.8224379493389125, 'recall_micro': 0.8523071311325916, 'recall_weighted': 0.8523071311325916, 'recall_binary': 0.7924528301886793, 'roc_auc': 0.9064568269173747}
-----------------------
Epoch 93/100
Training statistic: Loss: 0.1891, train_score: {'accuracy': 0.8608693149107657, 'balanced_accuracy': 0.8223484312528219, 'f1_macro': 0.6506645517815157, 'f1_micro': 0.8608693149107657, 'f1_weighted': 0.8920284998209304, 'f1_binary': 0.3796812033163069, 'pr_auc': 0.4577267675678714, 'precision_macro': 0.6182311397715222, 'precision_micro': 0.8608693149107657, 'precision_weighted': 0.9453216408562576, 'precision_binary': 0.2510011538722596, 'recall_macro': 0.8223484312528219, 'recall_micro': 0.8608693149107657, 'recall_weighted': 0.8608693149107657, 'recall_binary': 0.7791003897608765, 'roc_auc': 0.9301048632967512}
Validation statistic: Loss: 0.1847, dev_score: {'accuracy': 0.8497173080430421, 'balanced_accuracy': 0.8305562183057897, 'f1_macro': 0.4695313284315405, 'f1_micro': 0.8497173080430421, 'f1_weighted': 0.9168792933249224, 'f1_binary': 0.020446980504041846, 'pr_auc': 0.6805508927197533, 'precision_macro': 0.5049620376708185, 'precision_micro': 0.8497173080430421, 'precision_weighted': 0.997657713980152, 'precision_binary': 0.010353960992053936, 'recall_macro': 0.8305562183057897, 'recall_micro': 0.8497173080430421, 'recall_weighted': 0.8497173080430421, 'recall_binary': 0.8113207547169812, 'roc_auc': 0.9064713078184454}
-----------------------
Epoch 94/100
Training statistic: Loss: 0.1885, train_score: {'accuracy': 0.8710103626943005, 'balanced_accuracy': 0.8073408402497645, 'f1_macro': 0.6560143357252204, 'f1_micro': 0.8710103626943005, 'f1_weighted': 0.8982372277757017, 'f1_binary': 0.38406663642736383, 'pr_auc': 0.44298274553571104, 'precision_macro': 0.6213821276775866, 'precision_micro': 0.8710103626943005, 'precision_weighted': 0.9434034458500318, 'precision_binary': 0.2598433983670281, 'recall_macro': 0.8073408402497645, 'recall_micro': 0.8710103626943005, 'recall_weighted': 0.8710103626943005, 'recall_binary': 0.7358580006320447, 'roc_auc': 0.92770004212316}
Validation statistic: Loss: 0.1824, dev_score: {'accuracy': 0.863213569213934, 'balanced_accuracy': 0.8279017312262014, 'f1_macro': 0.47418702697354764, 'f1_micro': 0.863213569213934, 'f1_weighted': 0.9247160902890436, 'f1_binary': 0.02190923317683881, 'pr_auc': 0.6773054080550244, 'precision_macro': 0.5053213706413263, 'precision_micro': 0.863213569213934, 'precision_weighted': 0.9976236952683017, 'precision_binary': 0.011108172441153134, 'recall_macro': 0.8279017312262014, 'recall_micro': 0.863213569213934, 'recall_weighted': 0.863213569213934, 'recall_binary': 0.7924528301886793, 'roc_auc': 0.8987026491774159}
-----------------------
Epoch 95/100
Training statistic: Loss: 0.1858, train_score: {'accuracy': 0.8665428900402994, 'balanced_accuracy': 0.8262672876998187, 'f1_macro': 0.6576012269957103, 'f1_micro': 0.8665428900402994, 'f1_weighted': 0.8958377925094793, 'f1_binary': 0.39012904329066966, 'pr_auc': 0.4750318071510701, 'precision_macro': 0.6228408914647501, 'precision_micro': 0.8665428900402994, 'precision_weighted': 0.9460236027116324, 'precision_binary': 0.25999824669062854, 'recall_macro': 0.8262672876998187, 'recall_micro': 0.8665428900402994, 'recall_weighted': 0.8665428900402994, 'recall_binary': 0.7810491941430527, 'roc_auc': 0.9356460442643696}
Validation statistic: Loss: 0.1802, dev_score: {'accuracy': 0.8559912456684297, 'balanced_accuracy': 0.824283574658699, 'f1_macro': 0.47155686903683874, 'f1_micro': 0.8559912456684297, 'f1_weighted': 0.920537683792521, 'f1_binary': 0.020833333333333332, 'pr_auc': 0.6768036805874044, 'precision_macro': 0.5050430262805312, 'precision_micro': 0.8559912456684297, 'precision_weighted': 0.9976187020406238, 'precision_binary': 0.010555415933651672, 'recall_macro': 0.824283574658699, 'recall_micro': 0.8559912456684297, 'recall_weighted': 0.8559912456684297, 'recall_binary': 0.7924528301886793, 'roc_auc': 0.9042074602844048}
-----------------------
Epoch 96/100
Training statistic: Loss: 0.1858, train_score: {'accuracy': 0.8707167530224525, 'balanced_accuracy': 0.8186490277555991, 'f1_macro': 0.6594641583502465, 'f1_micro': 0.8707167530224525, 'f1_weighted': 0.898362005606968, 'f1_binary': 0.3912495425527589, 'pr_auc': 0.46933959743388487, 'precision_macro': 0.6239247198637559, 'precision_micro': 0.8707167530224525, 'precision_weighted': 0.9450343485493219, 'precision_binary': 0.26340955961527934, 'recall_macro': 0.8186490277555991, 'recall_micro': 0.8707167530224525, 'recall_weighted': 0.8707167530224525, 'recall_binary': 0.7601917202148952, 'roc_auc': 0.9327007744862037}
Validation statistic: Loss: 0.1792, dev_score: {'accuracy': 0.8630311873062192, 'balanced_accuracy': 0.8372260523822461, 'f1_macro': 0.4743733338832815, 'f1_micro': 0.8630311873062192, 'f1_weighted': 0.9246090732201359, 'f1_binary': 0.022390002603488675, 'pr_auc': 0.6799755934120317, 'precision_macro': 0.5054641960772869, 'precision_micro': 0.8630311873062192, 'precision_weighted': 0.9976662709535868, 'precision_binary': 0.011351636747624076, 'recall_macro': 0.8372260523822461, 'recall_micro': 0.8630311873062192, 'recall_weighted': 0.8630311873062192, 'recall_binary': 0.8113207547169812, 'roc_auc': 0.9095529814796172}
-----------------------
Epoch 97/100
Training statistic: Loss: 0.1844, train_score: {'accuracy': 0.8748215313759355, 'balanced_accuracy': 0.8176192263437078, 'f1_macro': 0.6634870642182364, 'f1_micro': 0.8748215313759355, 'f1_weighted': 0.9010156289143826, 'f1_binary': 0.39680976489354325, 'pr_auc': 0.4973316080224999, 'precision_macro': 0.6267117292232167, 'precision_micro': 0.8748215313759355, 'precision_weighted': 0.9450278550556231, 'precision_binary': 0.26933288143252554, 'recall_macro': 0.8176192263437078, 'recall_micro': 0.8748215313759355, 'recall_weighted': 0.8748215313759355, 'recall_binary': 0.7533972400716318, 'roc_auc': 0.9354009945808579}
Validation statistic: Loss: 0.1783, dev_score: {'accuracy': 0.8683202626299471, 'balanced_accuracy': 0.8304600237486778, 'f1_macro': 0.4760717600607961, 'f1_micro': 0.8683202626299471, 'f1_weighted': 0.927651135157164, 'f1_binary': 0.02273957769355712, 'pr_auc': 0.6784888307348852, 'precision_macro': 0.5055363010840408, 'precision_micro': 0.8683202626299471, 'precision_weighted': 0.997627256523228, 'precision_binary': 0.011535292502059874, 'recall_macro': 0.8304600237486778, 'recall_micro': 0.8683202626299471, 'recall_weighted': 0.8683202626299471, 'recall_binary': 0.7924528301886793, 'roc_auc': 0.9046405081830883}
-----------------------
Epoch 98/100
Training statistic: Loss: 0.1853, train_score: {'accuracy': 0.8744271732872769, 'balanced_accuracy': 0.806120857924847, 'f1_macro': 0.6591913161632984, 'f1_micro': 0.8744271732872769, 'f1_weighted': 0.9004274914404246, 'f1_binary': 0.3883514203191161, 'pr_auc': 0.49191273988279816, 'precision_macro': 0.623603653645266, 'precision_micro': 0.8744271732872769, 'precision_weighted': 0.9433517669069753, 'precision_binary': 0.2646170895750535, 'recall_macro': 0.806120857924847, 'recall_micro': 0.8744271732872769, 'recall_weighted': 0.8744271732872769, 'recall_binary': 0.7294322132097335, 'roc_auc': 0.9321050699585913}
Validation statistic: Loss: 0.1794, dev_score: {'accuracy': 0.8673718767098304, 'balanced_accuracy': 0.8299849122802179, 'f1_macro': 0.4757199840950259, 'f1_micro': 0.8673718767098304, 'f1_weighted': 0.9271072613863403, 'f1_binary': 0.02258064516129032, 'pr_auc': 0.6767982698391521, 'precision_macro': 0.5054951536630484, 'precision_micro': 0.8673718767098304, 'precision_weighted': 0.9976265928186964, 'precision_binary': 0.011453504226888464, 'recall_macro': 0.8299849122802179, 'recall_micro': 0.8673718767098304, 'recall_weighted': 0.8673718767098304, 'recall_binary': 0.7924528301886793, 'roc_auc': 0.9027655762778017}
-----------------------
Epoch 99/100
Training statistic: Loss: 0.1869, train_score: {'accuracy': 0.8654317789291882, 'balanced_accuracy': 0.8215607023469749, 'f1_macro': 0.654965506528132, 'f1_micro': 0.8654317789291882, 'f1_weighted': 0.8949882015857716, 'f1_binary': 0.3854880052579691, 'pr_auc': 0.4785701475683766, 'precision_macro': 0.6209768243485069, 'precision_micro': 0.8654317789291882, 'precision_weighted': 0.945308181107265, 'precision_binary': 0.2568445760128922, 'recall_macro': 0.8215607023469749, 'recall_micro': 0.8654317789291882, 'recall_weighted': 0.8654317789291882, 'recall_binary': 0.772305909617613, 'roc_auc': 0.9320876100039529}
Validation statistic: Loss: 0.1822, dev_score: {'accuracy': 0.8538756155389385, 'balanced_accuracy': 0.823223710613673, 'f1_macro': 0.4707931898850557, 'f1_micro': 0.8538756155389385, 'f1_weighted': 0.9193075719721676, 'f1_binary': 0.020537897310513448, 'pr_auc': 0.6738397884725222, 'precision_macro': 0.5049666186627321, 'precision_micro': 0.8538756155389385, 'precision_weighted': 0.997617246639172, 'precision_binary': 0.010403765172157542, 'recall_macro': 0.823223710613673, 'recall_micro': 0.8538756155389385, 'recall_weighted': 0.8538756155389385, 'recall_binary': 0.7924528301886793, 'roc_auc': 0.9028066054975017}
-----------------------
Epoch 100/100
Training statistic: Loss: 0.1834, train_score: {'accuracy': 0.8741220495106505, 'balanced_accuracy': 0.825338215074477, 'f1_macro': 0.6652749418481994, 'f1_micro': 0.8741220495106505, 'f1_weighted': 0.9007734398248655, 'f1_binary': 0.40087683244280037, 'pr_auc': 0.5107813783123261, 'precision_macro': 0.6280295153238278, 'precision_micro': 0.8741220495106505, 'precision_weighted': 0.9461183431391273, 'precision_binary': 0.2709058588252722, 'recall_macro': 0.825338215074477, 'recall_micro': 0.8741220495106505, 'recall_weighted': 0.8741220495106505, 'recall_binary': 0.7705677867902665, 'roc_auc': 0.9382620674194819}
Validation statistic: Loss: 0.1782, dev_score: {'accuracy': 0.8652197701987963, 'balanced_accuracy': 0.8289067747171742, 'f1_macro': 0.4749247504411491, 'f1_micro': 0.8652197701987963, 'f1_weighted': 0.9258710482310285, 'f1_binary': 0.022228102672664726, 'pr_auc': 0.6744128916986293, 'precision_macro': 0.5054038955822392, 'precision_micro': 0.8652197701987963, 'precision_weighted': 0.9976250907885488, 'precision_binary': 0.011272141706924315, 'recall_macro': 0.8289067747171742, 'recall_micro': 0.8652197701987963, 'recall_weighted': 0.8652197701987963, 'recall_binary': 0.7924528301886793, 'roc_auc': 0.9007947945987618}
Testing statistic: loss: 0.17647073717953396, scores: {'accuracy': 0.8520816653322658, 'balanced_accuracy': 0.8760168302945301, 'f1_macro': 0.46604416913297714, 'f1_micro': 0.8520816653322658, 'f1_weighted': 0.9191475015363795, 'f1_binary': 0.012032085561497326, 'pr_auc': 0.6908566422845418, 'precision_macro': 0.5029694817592142, 'precision_micro': 0.8520816653322658, 'precision_weighted': 0.9988878143219592, 'precision_binary': 0.006056527590847914, 'recall_macro': 0.8760168302945301, 'recall_micro': 0.8520816653322658, 'recall_weighted': 0.8520816653322658, 'recall_binary': 0.9, 'roc_auc': 0.9494690442797036}
Finish training!
